,benchmark_group,benchmark_name,npe_label,experiment_id,input_class,replayed_testsuite,compiled_tests,commented_tests,npe_reproduced
0,BugSwarm,Universal_G__Code_Sender-172454077,0,fd7e7a22c2894196bc681a4781b7c249,com.willwinder.universalgcodesender.GrblController,com.willwinder.universalgcodesender.GrblController_ESTest,42,0,True
1,BugSwarm,Universal_G__Code_Sender-172454077,0,89450d07d53f415f9838c820d192bf03,com.willwinder.universalgcodesender.GrblController,com.willwinder.universalgcodesender.GrblController_ESTest,45,0,True
2,BugSwarm,Universal_G__Code_Sender-172454077,0,9cb8a39d9978402d8970b50d33e610c4,com.willwinder.universalgcodesender.GrblController,com.willwinder.universalgcodesender.GrblController_ESTest,65,0,True
3,BugSwarm,Universal_G__Code_Sender-172454077,0,633d177af08444ac8265b4caa9f3cf15,com.willwinder.universalgcodesender.GrblController,com.willwinder.universalgcodesender.GrblController_ESTest,45,0,True
4,BugSwarm,Universal_G__Code_Sender-172454077,0,bef8050156ba4a07a54a03a94217c1ff,com.willwinder.universalgcodesender.GrblController,com.willwinder.universalgcodesender.GrblController_ESTest,45,0,True
5,BugSwarm,Universal_G__Code_Sender-172454077,0,fda5c94f2826420e8b4cf6a1f8a39e38,com.willwinder.universalgcodesender.GrblController,com.willwinder.universalgcodesender.GrblController_ESTest,64,0,True
6,BugSwarm,Universal_G__Code_Sender-172454077,0,e42ab295534e47bdac29b87aa714b215,com.willwinder.universalgcodesender.GrblController,com.willwinder.universalgcodesender.GrblController_ESTest,44,0,True
7,BugSwarm,Universal_G__Code_Sender-172454077,0,2b65cf22a92f4cd1a375a94845bde2dd,com.willwinder.universalgcodesender.GrblController,com.willwinder.universalgcodesender.GrblController_ESTest,44,0,True
8,BugSwarm,Universal_G__Code_Sender-172454077,0,1b8f9303ffcc4e49949c9f19127f4da3,com.willwinder.universalgcodesender.GrblController,com.willwinder.universalgcodesender.GrblController_ESTest,45,0,True
9,BugSwarm,Universal_G__Code_Sender-172454077,0,9cb3333555ee43b7b0d82a473373dc64,com.willwinder.universalgcodesender.GrblController,com.willwinder.universalgcodesender.GrblController_ESTest,45,0,True
10,BugSwarm,Universal_G__Code_Sender-172454077,1,fd7e7a22c2894196bc681a4781b7c249,com.willwinder.universalgcodesender.GrblController,com.willwinder.universalgcodesender.GrblController_ESTest,42,0,True
11,BugSwarm,Universal_G__Code_Sender-172454077,1,89450d07d53f415f9838c820d192bf03,com.willwinder.universalgcodesender.GrblController,com.willwinder.universalgcodesender.GrblController_ESTest,45,0,True
12,BugSwarm,Universal_G__Code_Sender-172454077,1,9cb8a39d9978402d8970b50d33e610c4,com.willwinder.universalgcodesender.GrblController,com.willwinder.universalgcodesender.GrblController_ESTest,65,0,True
13,BugSwarm,Universal_G__Code_Sender-172454077,1,633d177af08444ac8265b4caa9f3cf15,com.willwinder.universalgcodesender.GrblController,com.willwinder.universalgcodesender.GrblController_ESTest,45,0,True
14,BugSwarm,Universal_G__Code_Sender-172454077,1,bef8050156ba4a07a54a03a94217c1ff,com.willwinder.universalgcodesender.GrblController,com.willwinder.universalgcodesender.GrblController_ESTest,45,0,True
15,BugSwarm,Universal_G__Code_Sender-172454077,1,fda5c94f2826420e8b4cf6a1f8a39e38,com.willwinder.universalgcodesender.GrblController,com.willwinder.universalgcodesender.GrblController_ESTest,64,0,True
16,BugSwarm,Universal_G__Code_Sender-172454077,1,e42ab295534e47bdac29b87aa714b215,com.willwinder.universalgcodesender.GrblController,com.willwinder.universalgcodesender.GrblController_ESTest,44,0,True
17,BugSwarm,Universal_G__Code_Sender-172454077,1,2b65cf22a92f4cd1a375a94845bde2dd,com.willwinder.universalgcodesender.GrblController,com.willwinder.universalgcodesender.GrblController_ESTest,44,0,True
18,BugSwarm,Universal_G__Code_Sender-172454077,1,1b8f9303ffcc4e49949c9f19127f4da3,com.willwinder.universalgcodesender.GrblController,com.willwinder.universalgcodesender.GrblController_ESTest,45,0,True
19,BugSwarm,Universal_G__Code_Sender-172454077,1,9cb3333555ee43b7b0d82a473373dc64,com.willwinder.universalgcodesender.GrblController,com.willwinder.universalgcodesender.GrblController_ESTest,45,0,True
20,BugSwarm,deadcode4j-131735009,0,73a3145ed0594ed58b2464fb381af18a,org.sbolstandard.core2.ComponentDefinition,org.sbolstandard.core2.ComponentDefinition_ESTest,137,0,False
21,BugSwarm,deadcode4j-131735009,0,29add0e54cea45b2a5ed159aaa3034fe,org.sbolstandard.core2.ComponentDefinition,org.sbolstandard.core2.ComponentDefinition_ESTest,132,0,False
22,BugSwarm,deadcode4j-131735009,0,9238f244181041cbbdd5238276572c03,org.sbolstandard.core2.ComponentDefinition,org.sbolstandard.core2.ComponentDefinition_ESTest,132,0,False
23,BugSwarm,deadcode4j-131735009,0,00fe184a8f6548f985302d45f7a8064d,org.sbolstandard.core2.ComponentDefinition,org.sbolstandard.core2.ComponentDefinition_ESTest,136,0,False
24,BugSwarm,deadcode4j-131735009,0,1a3275427bdf44df87417b00e92865d2,org.sbolstandard.core2.ComponentDefinition,org.sbolstandard.core2.ComponentDefinition_ESTest,152,0,False
25,BugSwarm,deadcode4j-131735009,0,3fced04d5e814f359aeabff7309ff28e,org.sbolstandard.core2.ComponentDefinition,org.sbolstandard.core2.ComponentDefinition_ESTest,134,0,False
26,BugSwarm,deadcode4j-131735009,0,d7a019bcdab14c81a754dff4ac90e3bf,org.sbolstandard.core2.ComponentDefinition,org.sbolstandard.core2.ComponentDefinition_ESTest,128,0,False
27,BugSwarm,Sonar_Java-295864289,0,f538e2e374624cd689ab6d7d1cd71853,org.sonar.java.bytecode.se.BytecodeEGWalker,org.sonar.java.bytecode.se.BytecodeEGWalker_ESTest,19,0,False
28,BugSwarm,Sonar_Java-295864289,0,5b9916223733466ca2508acf4b3c9ebf,org.sonar.java.bytecode.se.BytecodeEGWalker,org.sonar.java.bytecode.se.BytecodeEGWalker_ESTest,18,0,False
29,BugSwarm,Sonar_Java-295864289,0,7da551d6028f46808799766ab6325396,org.sonar.java.bytecode.se.BytecodeEGWalker,org.sonar.java.bytecode.se.BytecodeEGWalker_ESTest,18,0,False
30,BugSwarm,Sonar_Java-295864289,0,23b7d949300d468990e5767bc8851237,org.sonar.java.bytecode.se.BytecodeEGWalker,org.sonar.java.bytecode.se.BytecodeEGWalker_ESTest,19,0,False
31,BugSwarm,Sonar_Java-295864289,0,d37b16e73634456f82e999291bc30b96,org.sonar.java.bytecode.se.BytecodeEGWalker,org.sonar.java.bytecode.se.BytecodeEGWalker_ESTest,19,0,False
32,BugSwarm,Sonar_Java-295864289,0,8bd4475ab0c54c2982030d65d262425b,org.sonar.java.bytecode.se.BytecodeEGWalker,org.sonar.java.bytecode.se.BytecodeEGWalker_ESTest,110,0,False
33,BugSwarm,Sonar_Java-295864289,0,29048585170f4802830f00f4154f370c,org.sonar.java.bytecode.se.BytecodeEGWalker,org.sonar.java.bytecode.se.BytecodeEGWalker_ESTest,21,0,False
34,BugSwarm,Sonar_Java-295864289,0,d59b97b32d4b4318b3f22bf04f056a77,org.sonar.java.bytecode.se.BytecodeEGWalker,org.sonar.java.bytecode.se.BytecodeEGWalker_ESTest,22,0,False
35,BugSwarm,Petergeneric__Stdlib-290369132,0,54dfa30cd23147c598cffe9aa6c12d6c,com.peterphi.std.guice.hibernate.webquery.impl.jpa.JPASearchExecutor,com.peterphi.std.guice.hibernate.webquery.impl.jpa.JPASearchExecutor_ESTest,2,0,True
36,BugSwarm,Petergeneric__Stdlib-290369132,0,d32eba70ffcf44e881aaea4d60b2b49b,com.peterphi.std.guice.hibernate.webquery.impl.jpa.JPASearchExecutor,com.peterphi.std.guice.hibernate.webquery.impl.jpa.JPASearchExecutor_ESTest,3,0,True
37,BugSwarm,Petergeneric__Stdlib-290369132,0,1fdd9faa61054881ac1fe682231180aa,com.peterphi.std.guice.hibernate.webquery.impl.jpa.JPASearchExecutor,com.peterphi.std.guice.hibernate.webquery.impl.jpa.JPASearchExecutor_ESTest,3,0,True
38,BugSwarm,Petergeneric__Stdlib-290369132,0,90c8041478624bc7873ab9d0fea77181,com.peterphi.std.guice.hibernate.webquery.impl.jpa.JPASearchExecutor,com.peterphi.std.guice.hibernate.webquery.impl.jpa.JPASearchExecutor_ESTest,2,0,True
39,BugSwarm,Petergeneric__Stdlib-290369132,0,c631aad98d2a40a3a5bc3ec2a8f32259,com.peterphi.std.guice.hibernate.webquery.impl.jpa.JPASearchExecutor,com.peterphi.std.guice.hibernate.webquery.impl.jpa.JPASearchExecutor_ESTest,2,0,True
40,BugSwarm,Petergeneric__Stdlib-290369132,0,8c6dd8a38fe3410bbbd88e87fafe9d74,com.peterphi.std.guice.hibernate.webquery.impl.jpa.JPASearchExecutor,com.peterphi.std.guice.hibernate.webquery.impl.jpa.JPASearchExecutor_ESTest,2,0,True
41,BugSwarm,Petergeneric__Stdlib-290369132,0,9036a0a4378946ff8968a99d6971b61e,com.peterphi.std.guice.hibernate.webquery.impl.jpa.JPASearchExecutor,com.peterphi.std.guice.hibernate.webquery.impl.jpa.JPASearchExecutor_ESTest,3,0,True
42,BugSwarm,Atomix-298262068,0,33f9e1325f19464f974c3c31a64300ee,io.atomix.primitives.leadership.impl.RaftLeaderElectorService,io.atomix.primitives.leadership.impl.RaftLeaderElectorService_ESTest,20,0,False
43,BugSwarm,Atomix-298262068,0,6a5717ba83d74371853f2ce7e1fa2791,io.atomix.primitives.leadership.impl.RaftLeaderElectorService,io.atomix.primitives.leadership.impl.RaftLeaderElectorService_ESTest,20,0,False
44,BugSwarm,Atomix-298262068,0,88e8abbb72804f0db773b10834a858f6,io.atomix.primitives.leadership.impl.RaftLeaderElectorService,io.atomix.primitives.leadership.impl.RaftLeaderElectorService_ESTest,20,0,False
45,BugSwarm,Atomix-298262068,0,067063107c3a472c9ab76733e20d34c3,io.atomix.primitives.leadership.impl.RaftLeaderElectorService,io.atomix.primitives.leadership.impl.RaftLeaderElectorService_ESTest,20,0,False
46,BugSwarm,Atomix-298262068,0,db11e80a72e44c6aa5baa01709077db8,io.atomix.primitives.leadership.impl.RaftLeaderElectorService,io.atomix.primitives.leadership.impl.RaftLeaderElectorService_ESTest,20,0,False
47,BugSwarm,Atomix-298262068,0,657409ea8be441b3a2e4f29825489a62,io.atomix.primitives.leadership.impl.RaftLeaderElectorService,io.atomix.primitives.leadership.impl.RaftLeaderElectorService_ESTest,20,0,False
48,BugSwarm,Atomix-298262068,0,703b7fc46d0c4dff92c912829d55e4a8,io.atomix.primitives.leadership.impl.RaftLeaderElectorService,io.atomix.primitives.leadership.impl.RaftLeaderElectorService_ESTest,20,0,False
49,BugSwarm,Atomix-298262068,0,75f75503be694565a63b3a08ba990688,io.atomix.primitives.leadership.impl.RaftLeaderElectorService,io.atomix.primitives.leadership.impl.RaftLeaderElectorService_ESTest,20,0,False
50,BugSwarm,Atomix-298262068,0,6f52da7c5ade4c829e9b4ba2539aaa0e,io.atomix.primitives.leadership.impl.RaftLeaderElectorService,io.atomix.primitives.leadership.impl.RaftLeaderElectorService_ESTest,15,0,False
51,BugSwarm,Atomix-298262068,0,0464a4b014824ecfbc62b41643a9115d,io.atomix.primitives.leadership.impl.RaftLeaderElectorService,io.atomix.primitives.leadership.impl.RaftLeaderElectorService_ESTest,19,0,False
52,BugSwarm,nFlow-197273853,0,37fa5dbad1bc48a0967a248a1ebca408,io.nflow.engine.internal.dao.WorkflowInstanceDao,io.nflow.engine.internal.dao.WorkflowInstanceDao_ESTest,32,0,False
53,BugSwarm,nFlow-197273853,0,fe94dc73e0f64476ad01d81ee304c422,io.nflow.engine.internal.dao.WorkflowInstanceDao,io.nflow.engine.internal.dao.WorkflowInstanceDao_ESTest,33,0,False
54,BugSwarm,nFlow-197273853,0,2a84c3085fbd4824888a526e2b60236f,io.nflow.engine.internal.dao.WorkflowInstanceDao,io.nflow.engine.internal.dao.WorkflowInstanceDao_ESTest,33,0,False
55,BugSwarm,nFlow-197273853,0,6d809c37fdbd444891419dfb5dea5f31,io.nflow.engine.internal.dao.WorkflowInstanceDao,io.nflow.engine.internal.dao.WorkflowInstanceDao_ESTest,37,0,False
56,BugSwarm,nFlow-197273853,0,5e1d01c7015044fe8198977d1fe97f91,io.nflow.engine.internal.dao.WorkflowInstanceDao,io.nflow.engine.internal.dao.WorkflowInstanceDao_ESTest,32,0,False
57,BugSwarm,nFlow-197273853,0,cbb08b725b15425aa543f946590001ea,io.nflow.engine.internal.dao.WorkflowInstanceDao,io.nflow.engine.internal.dao.WorkflowInstanceDao_ESTest,34,0,False
58,BugSwarm,nFlow-197273853,0,dc0db0f39e94478cab5899dd245c5ec8,io.nflow.engine.internal.dao.WorkflowInstanceDao,io.nflow.engine.internal.dao.WorkflowInstanceDao_ESTest,31,0,False
59,BugSwarm,Jannovar-249719464,0,ad25b912f6134869ae803f4491a9d994,de.charite.compbio.jannovar.cmd.annotate_vcf.JannovarAnnotateVCFOptions,de.charite.compbio.jannovar.cmd.annotate_vcf.JannovarAnnotateVCFOptions_ESTest,128,0,False
60,BugSwarm,Jannovar-249719464,0,e8f1203a3e0c46a08b9a630320a01842,de.charite.compbio.jannovar.cmd.annotate_vcf.JannovarAnnotateVCFOptions,de.charite.compbio.jannovar.cmd.annotate_vcf.JannovarAnnotateVCFOptions_ESTest,130,0,False
61,BugSwarm,Jannovar-249719464,0,12150c3cf6334568b59ed849f105275d,de.charite.compbio.jannovar.cmd.annotate_vcf.JannovarAnnotateVCFOptions,de.charite.compbio.jannovar.cmd.annotate_vcf.JannovarAnnotateVCFOptions_ESTest,127,0,False
62,BugSwarm,Jannovar-249719464,0,2fc4818326c24f10882d910cdcc36bbe,de.charite.compbio.jannovar.cmd.annotate_vcf.JannovarAnnotateVCFOptions,de.charite.compbio.jannovar.cmd.annotate_vcf.JannovarAnnotateVCFOptions_ESTest,128,0,False
63,BugSwarm,Jannovar-249719464,0,893b10bb939e412ea22ec8dac0fe6937,de.charite.compbio.jannovar.cmd.annotate_vcf.JannovarAnnotateVCFOptions,de.charite.compbio.jannovar.cmd.annotate_vcf.JannovarAnnotateVCFOptions_ESTest,126,0,False
64,BugSwarm,Jannovar-249719464,0,c2b0ecb5234342b8a480cc868e088717,de.charite.compbio.jannovar.cmd.annotate_vcf.JannovarAnnotateVCFOptions,de.charite.compbio.jannovar.cmd.annotate_vcf.JannovarAnnotateVCFOptions_ESTest,129,0,False
65,BugSwarm,Jannovar-249719464,0,c120baaa4bd74b74bf8882cab8f7928a,de.charite.compbio.jannovar.cmd.annotate_vcf.JannovarAnnotateVCFOptions,de.charite.compbio.jannovar.cmd.annotate_vcf.JannovarAnnotateVCFOptions_ESTest,124,0,False
66,BugSwarm,Jannovar-249719464,0,730b804eec1b40a087d8cfa8d4eddc6c,de.charite.compbio.jannovar.cmd.annotate_vcf.JannovarAnnotateVCFOptions,de.charite.compbio.jannovar.cmd.annotate_vcf.JannovarAnnotateVCFOptions_ESTest,129,0,False
67,BugSwarm,Jannovar-249719464,0,bc7f8ea0cbeb4397b70b7f4629b2c557,de.charite.compbio.jannovar.cmd.annotate_vcf.JannovarAnnotateVCFOptions,de.charite.compbio.jannovar.cmd.annotate_vcf.JannovarAnnotateVCFOptions_ESTest,126,0,False
68,BugSwarm,Jannovar-249719464,0,10181ca7d26c46e0a9c2d45f7a2c73d2,de.charite.compbio.jannovar.cmd.annotate_vcf.JannovarAnnotateVCFOptions,de.charite.compbio.jannovar.cmd.annotate_vcf.JannovarAnnotateVCFOptions_ESTest,127,0,False
69,BugSwarm,ACS_AEM_Commons-461893214,0,f5c9f78867744a1bb4c9e4483b33d204,com.adobe.acs.commons.mcp.impl.processes.asset.FileAssetIngestor,com.adobe.acs.commons.mcp.impl.processes.asset.FileAssetIngestor_ESTest,40,0,False
70,BugSwarm,ACS_AEM_Commons-461893214,0,bcc965c25beb4dc3955829285d7766ba,com.adobe.acs.commons.mcp.impl.processes.asset.FileAssetIngestor,com.adobe.acs.commons.mcp.impl.processes.asset.FileAssetIngestor_ESTest,41,0,False
71,BugSwarm,ACS_AEM_Commons-461893214,0,de55fae250ee4f8981833ba7d3c50193,com.adobe.acs.commons.mcp.impl.processes.asset.FileAssetIngestor,com.adobe.acs.commons.mcp.impl.processes.asset.FileAssetIngestor_ESTest,41,0,False
72,BugSwarm,ACS_AEM_Commons-461893214,0,c310b12c909b4cd8bcb8ec44a1449b73,com.adobe.acs.commons.mcp.impl.processes.asset.FileAssetIngestor,com.adobe.acs.commons.mcp.impl.processes.asset.FileAssetIngestor_ESTest,42,0,False
73,BugSwarm,ACS_AEM_Commons-461893214,0,ac6ff260ff5644fcbf5d2b438a613d2c,com.adobe.acs.commons.mcp.impl.processes.asset.FileAssetIngestor,com.adobe.acs.commons.mcp.impl.processes.asset.FileAssetIngestor_ESTest,39,0,False
74,BugSwarm,ACS_AEM_Commons-461893214,0,4db212e153264a3f8e825b1a205a7b84,com.adobe.acs.commons.mcp.impl.processes.asset.FileAssetIngestor,com.adobe.acs.commons.mcp.impl.processes.asset.FileAssetIngestor_ESTest,35,0,False
75,BugSwarm,ACS_AEM_Commons-461893214,0,8df17d96c9e54cabb806111e5f3d7d92,com.adobe.acs.commons.mcp.impl.processes.asset.FileAssetIngestor,com.adobe.acs.commons.mcp.impl.processes.asset.FileAssetIngestor_ESTest,35,0,False
76,BugSwarm,ACS_AEM_Commons-461893214,0,a47d9f439e934b49bc3514f5c36cd592,com.adobe.acs.commons.mcp.impl.processes.asset.FileAssetIngestor,com.adobe.acs.commons.mcp.impl.processes.asset.FileAssetIngestor_ESTest,40,0,False
77,BugSwarm,ACS_AEM_Commons-461893214,0,ee0d096743fe4461a706ab274a00ffe9,com.adobe.acs.commons.mcp.impl.processes.asset.FileAssetIngestor,com.adobe.acs.commons.mcp.impl.processes.asset.FileAssetIngestor_ESTest,35,0,False
78,BugSwarm,ACS_AEM_Commons-461893214,1,f5c9f78867744a1bb4c9e4483b33d204,com.adobe.acs.commons.mcp.impl.processes.asset.FileAssetIngestor,com.adobe.acs.commons.mcp.impl.processes.asset.FileAssetIngestor_ESTest,40,0,False
79,BugSwarm,ACS_AEM_Commons-461893214,1,bcc965c25beb4dc3955829285d7766ba,com.adobe.acs.commons.mcp.impl.processes.asset.FileAssetIngestor,com.adobe.acs.commons.mcp.impl.processes.asset.FileAssetIngestor_ESTest,41,0,False
80,BugSwarm,ACS_AEM_Commons-461893214,1,de55fae250ee4f8981833ba7d3c50193,com.adobe.acs.commons.mcp.impl.processes.asset.FileAssetIngestor,com.adobe.acs.commons.mcp.impl.processes.asset.FileAssetIngestor_ESTest,41,0,False
81,BugSwarm,ACS_AEM_Commons-461893214,1,c310b12c909b4cd8bcb8ec44a1449b73,com.adobe.acs.commons.mcp.impl.processes.asset.FileAssetIngestor,com.adobe.acs.commons.mcp.impl.processes.asset.FileAssetIngestor_ESTest,42,0,False
82,BugSwarm,ACS_AEM_Commons-461893214,1,ac6ff260ff5644fcbf5d2b438a613d2c,com.adobe.acs.commons.mcp.impl.processes.asset.FileAssetIngestor,com.adobe.acs.commons.mcp.impl.processes.asset.FileAssetIngestor_ESTest,39,0,False
83,BugSwarm,ACS_AEM_Commons-461893214,1,4db212e153264a3f8e825b1a205a7b84,com.adobe.acs.commons.mcp.impl.processes.asset.FileAssetIngestor,com.adobe.acs.commons.mcp.impl.processes.asset.FileAssetIngestor_ESTest,35,0,False
84,BugSwarm,ACS_AEM_Commons-461893214,1,8df17d96c9e54cabb806111e5f3d7d92,com.adobe.acs.commons.mcp.impl.processes.asset.FileAssetIngestor,com.adobe.acs.commons.mcp.impl.processes.asset.FileAssetIngestor_ESTest,35,0,False
85,BugSwarm,ACS_AEM_Commons-461893214,1,a47d9f439e934b49bc3514f5c36cd592,com.adobe.acs.commons.mcp.impl.processes.asset.FileAssetIngestor,com.adobe.acs.commons.mcp.impl.processes.asset.FileAssetIngestor_ESTest,40,0,False
86,BugSwarm,ACS_AEM_Commons-461893214,1,ee0d096743fe4461a706ab274a00ffe9,com.adobe.acs.commons.mcp.impl.processes.asset.FileAssetIngestor,com.adobe.acs.commons.mcp.impl.processes.asset.FileAssetIngestor_ESTest,35,0,False
87,BugSwarm,Byte_Buddy-95795967,0,0b0b1297046a4c6d8fca119caf2381c9,net.bytebuddy.dynamic.ClassFileLocator,net.bytebuddy.dynamic.ClassFileLocator_ESTest,67,0,True
88,BugSwarm,Byte_Buddy-95795967,0,b060f8fba5444d118092843c105fa435,net.bytebuddy.dynamic.ClassFileLocator,net.bytebuddy.dynamic.ClassFileLocator_ESTest,67,0,True
89,BugSwarm,Byte_Buddy-95795967,0,e233c7742437499192cad4bc605f05a8,net.bytebuddy.dynamic.ClassFileLocator,net.bytebuddy.dynamic.ClassFileLocator_ESTest,66,0,True
90,BugSwarm,Byte_Buddy-95795967,0,31fd1d98b9454609815cba15e6c49a8b,net.bytebuddy.dynamic.ClassFileLocator,net.bytebuddy.dynamic.ClassFileLocator_ESTest,70,0,True
91,BugSwarm,Byte_Buddy-95795967,0,cda4becb7b40443b8b41e1d71d2ae149,net.bytebuddy.dynamic.ClassFileLocator,net.bytebuddy.dynamic.ClassFileLocator_ESTest,66,0,True
92,BugSwarm,Byte_Buddy-95795967,0,b832ac16c8774102bb365716e0a035a0,net.bytebuddy.dynamic.ClassFileLocator,net.bytebuddy.dynamic.ClassFileLocator_ESTest,72,0,True
93,BugSwarm,Byte_Buddy-95795967,0,d609599a0fe34630bad7299c7fc26c96,net.bytebuddy.dynamic.ClassFileLocator,net.bytebuddy.dynamic.ClassFileLocator_ESTest,63,0,True
94,BugSwarm,Byte_Buddy-95795967,0,175536039897427888246c0f30ddd2b1,net.bytebuddy.dynamic.ClassFileLocator,net.bytebuddy.dynamic.ClassFileLocator_ESTest,64,0,True
95,BugSwarm,Byte_Buddy-95795967,0,9f10550fd9f441db8fbf2e81a9b51ace,net.bytebuddy.dynamic.ClassFileLocator,net.bytebuddy.dynamic.ClassFileLocator_ESTest,69,0,True
96,BugSwarm,Byte_Buddy-95795967,0,0d33bc48a40942ec98b771985116cb21,net.bytebuddy.dynamic.ClassFileLocator,net.bytebuddy.dynamic.ClassFileLocator_ESTest,63,0,True
97,BugSwarm,Byte_Buddy-140517155,0,cbcecdf76c4a4aa98a9190ba5f260466,net.bytebuddy.dynamic.ClassFileLocator,net.bytebuddy.dynamic.ClassFileLocator_ESTest,79,0,True
98,BugSwarm,Byte_Buddy-140517155,0,ca51ace6084845f2b27d3d0c66e5940d,net.bytebuddy.dynamic.ClassFileLocator,net.bytebuddy.dynamic.ClassFileLocator_ESTest,81,0,True
99,BugSwarm,Byte_Buddy-140517155,0,cc18b5553cc747e19e48f4e4e47b6a0d,net.bytebuddy.dynamic.ClassFileLocator,net.bytebuddy.dynamic.ClassFileLocator_ESTest,79,0,True
100,BugSwarm,Byte_Buddy-140517155,0,be1c8da1689a4854a578317300508cb7,net.bytebuddy.dynamic.ClassFileLocator,net.bytebuddy.dynamic.ClassFileLocator_ESTest,79,0,True
101,BugSwarm,Byte_Buddy-140517155,0,b5854406d62f430bae78c9f6c0b2c980,net.bytebuddy.dynamic.ClassFileLocator,net.bytebuddy.dynamic.ClassFileLocator_ESTest,80,0,True
102,BugSwarm,Byte_Buddy-140517155,0,e8525e86c11344f0b6416f40f79ebb24,net.bytebuddy.dynamic.ClassFileLocator,net.bytebuddy.dynamic.ClassFileLocator_ESTest,84,0,True
103,BugSwarm,Byte_Buddy-140517155,0,159c3ea882ed4e6a834b9f146ec275fb,net.bytebuddy.dynamic.ClassFileLocator,net.bytebuddy.dynamic.ClassFileLocator_ESTest,83,0,True
104,BugSwarm,Byte_Buddy-140517155,0,419499e020a84e1ba0176cb0e7632634,net.bytebuddy.dynamic.ClassFileLocator,net.bytebuddy.dynamic.ClassFileLocator_ESTest,82,0,True
105,BugSwarm,Byte_Buddy-140517155,0,a123359858744e6cb88c765eccd722af,net.bytebuddy.dynamic.ClassFileLocator,net.bytebuddy.dynamic.ClassFileLocator_ESTest,81,0,True
106,BugSwarm,Byte_Buddy-140517155,0,075c03393e464009874fb90ed792b056,net.bytebuddy.dynamic.ClassFileLocator,net.bytebuddy.dynamic.ClassFileLocator_ESTest,79,0,True
107,BugSwarm,OkHttp-93618854,0,be2e774796d2454e8f1952de240dd5a6,com.squareup.okhttp.internal.http.StreamAllocation,com.squareup.okhttp.internal.http.StreamAllocation_ESTest,27,0,True
108,BugSwarm,OkHttp-93618854,0,169eb4e7260144cbb4d1b5a93d72cfb6,com.squareup.okhttp.internal.http.StreamAllocation,com.squareup.okhttp.internal.http.StreamAllocation_ESTest,24,0,True
109,BugSwarm,OkHttp-93618854,0,4d00a3cdd8e543c6a61d4c4b7cbae9c0,com.squareup.okhttp.internal.http.StreamAllocation,com.squareup.okhttp.internal.http.StreamAllocation_ESTest,26,0,True
110,BugSwarm,OkHttp-93618854,0,de46c1a855894f10b98bc511feea6d61,com.squareup.okhttp.internal.http.StreamAllocation,com.squareup.okhttp.internal.http.StreamAllocation_ESTest,23,0,True
111,BugSwarm,OkHttp-93618854,0,35507ebf19734728b13ad9fdf715e8b4,com.squareup.okhttp.internal.http.StreamAllocation,com.squareup.okhttp.internal.http.StreamAllocation_ESTest,28,0,True
112,BugSwarm,OkHttp-93618854,0,7b6ca5ff7da04c23aefcbabc41839822,com.squareup.okhttp.internal.http.StreamAllocation,com.squareup.okhttp.internal.http.StreamAllocation_ESTest,28,0,True
113,BugSwarm,OkHttp-93618854,0,fdf9b1cf036247a497fe6959b00af6ff,com.squareup.okhttp.internal.http.StreamAllocation,com.squareup.okhttp.internal.http.StreamAllocation_ESTest,19,0,True
114,BugSwarm,OkHttp-93618854,0,d59cc633d2d14bec94c23618a455f48e,com.squareup.okhttp.internal.http.StreamAllocation,com.squareup.okhttp.internal.http.StreamAllocation_ESTest,28,0,True
115,BugSwarm,OkHttp-93618854,0,a843b3ef632746d297a10d5e1473c9ab,com.squareup.okhttp.internal.http.StreamAllocation,com.squareup.okhttp.internal.http.StreamAllocation_ESTest,22,0,True
116,BugSwarm,OkHttp-93618854,0,4092ca911e874aeda9acae87115378f6,com.squareup.okhttp.internal.http.StreamAllocation,com.squareup.okhttp.internal.http.StreamAllocation_ESTest,27,0,True
117,BugSwarm,OkHttp-93618854,1,be2e774796d2454e8f1952de240dd5a6,com.squareup.okhttp.internal.http.StreamAllocation,com.squareup.okhttp.internal.http.StreamAllocation_ESTest,27,0,True
118,BugSwarm,OkHttp-93618854,1,169eb4e7260144cbb4d1b5a93d72cfb6,com.squareup.okhttp.internal.http.StreamAllocation,com.squareup.okhttp.internal.http.StreamAllocation_ESTest,24,0,True
119,BugSwarm,OkHttp-93618854,1,4d00a3cdd8e543c6a61d4c4b7cbae9c0,com.squareup.okhttp.internal.http.StreamAllocation,com.squareup.okhttp.internal.http.StreamAllocation_ESTest,26,0,True
120,BugSwarm,OkHttp-93618854,1,de46c1a855894f10b98bc511feea6d61,com.squareup.okhttp.internal.http.StreamAllocation,com.squareup.okhttp.internal.http.StreamAllocation_ESTest,23,0,True
121,BugSwarm,OkHttp-93618854,1,35507ebf19734728b13ad9fdf715e8b4,com.squareup.okhttp.internal.http.StreamAllocation,com.squareup.okhttp.internal.http.StreamAllocation_ESTest,28,0,True
122,BugSwarm,OkHttp-93618854,1,7b6ca5ff7da04c23aefcbabc41839822,com.squareup.okhttp.internal.http.StreamAllocation,com.squareup.okhttp.internal.http.StreamAllocation_ESTest,28,0,True
123,BugSwarm,OkHttp-93618854,1,fdf9b1cf036247a497fe6959b00af6ff,com.squareup.okhttp.internal.http.StreamAllocation,com.squareup.okhttp.internal.http.StreamAllocation_ESTest,19,0,True
124,BugSwarm,OkHttp-93618854,1,d59cc633d2d14bec94c23618a455f48e,com.squareup.okhttp.internal.http.StreamAllocation,com.squareup.okhttp.internal.http.StreamAllocation_ESTest,28,0,True
125,BugSwarm,OkHttp-93618854,1,a843b3ef632746d297a10d5e1473c9ab,com.squareup.okhttp.internal.http.StreamAllocation,com.squareup.okhttp.internal.http.StreamAllocation_ESTest,22,0,True
126,BugSwarm,OkHttp-93618854,1,4092ca911e874aeda9acae87115378f6,com.squareup.okhttp.internal.http.StreamAllocation,com.squareup.okhttp.internal.http.StreamAllocation_ESTest,27,0,True
127,BugSwarm,Artemis__odb-71816517,0,81a35c0cb21142aabba6b1dcf2facb0d,com.artemis.EntityEditPool,com.artemis.EntityEditPool_ESTest,19,0,True
128,BugSwarm,Artemis__odb-71816517,0,7b697861e4aa40a5b5c143d55d0ef120,com.artemis.EntityEditPool,com.artemis.EntityEditPool_ESTest,19,0,True
129,BugSwarm,Artemis__odb-71816517,0,8082db84822f42ed9e99b7db9fdba42f,com.artemis.EntityEditPool,com.artemis.EntityEditPool_ESTest,20,0,True
130,BugSwarm,Artemis__odb-71816517,0,450dd085996b4922aca8735159e58595,com.artemis.EntityEditPool,com.artemis.EntityEditPool_ESTest,20,0,True
131,BugSwarm,Artemis__odb-71816517,0,e51b4a2bcc6b43388f53c25a0f6aac1f,com.artemis.EntityEditPool,com.artemis.EntityEditPool_ESTest,20,0,True
132,BugSwarm,Artemis__odb-71816517,0,3250893d8b954581b317839f611f4d77,com.artemis.EntityEditPool,com.artemis.EntityEditPool_ESTest,18,0,True
133,BugSwarm,Artemis__odb-71816517,0,98891c8076e94858bffeabf6d3c82b03,com.artemis.EntityEditPool,com.artemis.EntityEditPool_ESTest,20,0,True
134,BugSwarm,Artemis__odb-71816517,0,8d63e1bccb9640e49a5e62f2c07e89e2,com.artemis.EntityEditPool,com.artemis.EntityEditPool_ESTest,19,0,True
135,BugSwarm,Artemis__odb-71816517,0,794303e72c9d4ce497a9ca419b1028bd,com.artemis.EntityEditPool,com.artemis.EntityEditPool_ESTest,18,0,True
136,BugSwarm,Artemis__odb-71816517,0,32ba4f0c51074ef294102ee436d80954,com.artemis.EntityEditPool,com.artemis.EntityEditPool_ESTest,20,0,True
137,BugSwarm,ACS_AEM_Commons-374231969,0,b62977f789ef4e9086ddaea3f5e597c6,com.adobe.acs.commons.mcp.impl.processes.asset.UrlAssetImport,com.adobe.acs.commons.mcp.impl.processes.asset.UrlAssetImport_ESTest,11,0,False
138,BugSwarm,ACS_AEM_Commons-374231969,0,3e84e7c1d3204c998babbbf5c90e3632,com.adobe.acs.commons.mcp.impl.processes.asset.UrlAssetImport,com.adobe.acs.commons.mcp.impl.processes.asset.UrlAssetImport_ESTest,11,0,False
139,BugSwarm,ACS_AEM_Commons-374231969,0,99009ce5dee9400aa834f03fa02eaa99,com.adobe.acs.commons.mcp.impl.processes.asset.UrlAssetImport,com.adobe.acs.commons.mcp.impl.processes.asset.UrlAssetImport_ESTest,11,0,False
140,BugSwarm,ACS_AEM_Commons-374231969,0,18ad3a5ea62646f5aa83193cfbe9b6b7,com.adobe.acs.commons.mcp.impl.processes.asset.UrlAssetImport,com.adobe.acs.commons.mcp.impl.processes.asset.UrlAssetImport_ESTest,12,0,False
141,BugSwarm,ACS_AEM_Commons-374231969,0,0f0f5d7070414819a52ffffcdbe4f9e4,com.adobe.acs.commons.mcp.impl.processes.asset.UrlAssetImport,com.adobe.acs.commons.mcp.impl.processes.asset.UrlAssetImport_ESTest,10,0,False
142,BugSwarm,ACS_AEM_Commons-374231969,0,c35925a9ce654a2a8b29b7c4ad82fe20,com.adobe.acs.commons.mcp.impl.processes.asset.UrlAssetImport,com.adobe.acs.commons.mcp.impl.processes.asset.UrlAssetImport_ESTest,10,0,False
143,BugSwarm,ACS_AEM_Commons-374231969,0,15c667e28c9b4ee3b1a38530b89249d6,com.adobe.acs.commons.mcp.impl.processes.asset.UrlAssetImport,com.adobe.acs.commons.mcp.impl.processes.asset.UrlAssetImport_ESTest,11,0,False
144,BugSwarm,ACS_AEM_Commons-374231969,0,64096c3439d345a2afaef324f231ec73,com.adobe.acs.commons.mcp.impl.processes.asset.UrlAssetImport,com.adobe.acs.commons.mcp.impl.processes.asset.UrlAssetImport_ESTest,11,0,False
145,BugSwarm,ACS_AEM_Commons-374231969,0,290f71de3a734c1ea440394f09f8bb9b,com.adobe.acs.commons.mcp.impl.processes.asset.UrlAssetImport,com.adobe.acs.commons.mcp.impl.processes.asset.UrlAssetImport_ESTest,11,0,False
146,BugSwarm,ACS_AEM_Commons-374231969,0,f988021fd9a14873a22db26f46c80441,com.adobe.acs.commons.mcp.impl.processes.asset.UrlAssetImport,com.adobe.acs.commons.mcp.impl.processes.asset.UrlAssetImport_ESTest,11,0,False
147,BugSwarm,Dataverse-402758963,0,65fb2ef57dc5403498b5b96315b9913f,edu.harvard.iq.dataverse.util.json.JsonParser,edu.harvard.iq.dataverse.util.json.JsonParser_ESTest,43,0,False
148,BugSwarm,Dataverse-402758963,0,1861202989d046d8bf1147917aa0330a,edu.harvard.iq.dataverse.util.json.JsonParser,edu.harvard.iq.dataverse.util.json.JsonParser_ESTest,43,0,False
149,BugSwarm,Dataverse-402758963,0,5bda70886fb44dbe9a240981348a40f1,edu.harvard.iq.dataverse.util.json.JsonParser,edu.harvard.iq.dataverse.util.json.JsonParser_ESTest,43,0,False
150,BugSwarm,Dataverse-402758963,0,e1d31987c5674364b6b0377d2973d62c,edu.harvard.iq.dataverse.util.json.JsonParser,edu.harvard.iq.dataverse.util.json.JsonParser_ESTest,43,0,False
151,BugSwarm,Dataverse-402758963,0,066946a5f87c4f8f95e2389ab158742a,edu.harvard.iq.dataverse.util.json.JsonParser,edu.harvard.iq.dataverse.util.json.JsonParser_ESTest,43,0,False
152,BugSwarm,Dataverse-402758963,0,49503f91aebb418888f72f7e1074156c,edu.harvard.iq.dataverse.util.json.JsonParser,edu.harvard.iq.dataverse.util.json.JsonParser_ESTest,44,0,False
153,BugSwarm,Dataverse-402758963,0,8cdb010432074352aec738cbd63da0a5,edu.harvard.iq.dataverse.util.json.JsonParser,edu.harvard.iq.dataverse.util.json.JsonParser_ESTest,43,0,False
154,BugSwarm,Dataverse-402758963,0,2bede32ada2541cfaabc0717baed7a57,edu.harvard.iq.dataverse.util.json.JsonParser,edu.harvard.iq.dataverse.util.json.JsonParser_ESTest,43,0,False
155,BugSwarm,Dataverse-402758963,0,9d7daffdbba74b32a157e216c2948a33,edu.harvard.iq.dataverse.util.json.JsonParser,edu.harvard.iq.dataverse.util.json.JsonParser_ESTest,43,0,False
156,BugSwarm,BungeeCord-130330788,0,df0b6e45f8ac40c590e37043baa2cd78,net.md_5.bungee.ConnectionThrottle,net.md_5.bungee.ConnectionThrottle_ESTest,3,0,True
157,BugSwarm,BungeeCord-130330788,0,3e7564fea5a7463ba68ccfcab6c0feba,net.md_5.bungee.ConnectionThrottle,net.md_5.bungee.ConnectionThrottle_ESTest,3,0,True
158,BugSwarm,BungeeCord-130330788,0,e3f177d013904bd293b326bf318b11c9,net.md_5.bungee.ConnectionThrottle,net.md_5.bungee.ConnectionThrottle_ESTest,3,0,True
159,BugSwarm,BungeeCord-130330788,0,9d9405758f35485192e7a332589b5a2d,net.md_5.bungee.ConnectionThrottle,net.md_5.bungee.ConnectionThrottle_ESTest,3,0,True
160,BugSwarm,BungeeCord-130330788,0,3e7e5ba9274e429d899882f837a33966,net.md_5.bungee.ConnectionThrottle,net.md_5.bungee.ConnectionThrottle_ESTest,3,0,True
161,BugSwarm,BungeeCord-130330788,0,726c2dc6c45e4adea2f5287a9eae002f,net.md_5.bungee.ConnectionThrottle,net.md_5.bungee.ConnectionThrottle_ESTest,3,0,True
162,BugSwarm,BungeeCord-130330788,0,90889e0db44f421a96502bc678b544f6,net.md_5.bungee.ConnectionThrottle,net.md_5.bungee.ConnectionThrottle_ESTest,3,0,True
163,BugSwarm,BungeeCord-130330788,0,dd392fca45764778b0dae5a9e73e6a25,net.md_5.bungee.ConnectionThrottle,net.md_5.bungee.ConnectionThrottle_ESTest,3,0,True
164,BugSwarm,BungeeCord-130330788,0,3e4415c65d3041f3b1b0234b23968d77,net.md_5.bungee.ConnectionThrottle,net.md_5.bungee.ConnectionThrottle_ESTest,3,0,True
165,BugSwarm,BungeeCord-130330788,0,ef7f104b57ef48fca3848cb757d74b7a,net.md_5.bungee.ConnectionThrottle,net.md_5.bungee.ConnectionThrottle_ESTest,3,0,True
166,BugSwarm,Yamcs-186324159,0,ae1aaf2670b144cba6d592be26e35124,org.yamcs.xtce.SpreadsheetLoader,org.yamcs.xtce.SpreadsheetLoader_ESTest,47,0,True
167,BugSwarm,Yamcs-186324159,0,bf2357c6e50d41cb989038e2330f70b4,org.yamcs.xtce.SpreadsheetLoader,org.yamcs.xtce.SpreadsheetLoader_ESTest,48,0,True
168,BugSwarm,Yamcs-186324159,0,1b68e77af1294211a2c627f4dec3e01a,org.yamcs.xtce.SpreadsheetLoader,org.yamcs.xtce.SpreadsheetLoader_ESTest,50,0,True
169,BugSwarm,Yamcs-186324159,0,1c199b9353db4d568c847dfd46fb2223,org.yamcs.xtce.SpreadsheetLoader,org.yamcs.xtce.SpreadsheetLoader_ESTest,48,0,True
170,BugSwarm,Yamcs-186324159,0,0766fb2b5a6c4041b4e53a1d1e41be50,org.yamcs.xtce.SpreadsheetLoader,org.yamcs.xtce.SpreadsheetLoader_ESTest,49,0,True
171,BugSwarm,Yamcs-186324159,0,a77de5473c2b4e86a2753ee5d7f4f48d,org.yamcs.xtce.SpreadsheetLoader,org.yamcs.xtce.SpreadsheetLoader_ESTest,50,0,True
172,BugSwarm,Yamcs-186324159,0,fab95de5280b4b389e5a622393c82069,org.yamcs.xtce.SpreadsheetLoader,org.yamcs.xtce.SpreadsheetLoader_ESTest,46,0,True
173,BugSwarm,Yamcs-186324159,0,491465503a824731ba93acc38f7fe914,org.yamcs.xtce.SpreadsheetLoader,org.yamcs.xtce.SpreadsheetLoader_ESTest,46,0,True
174,BugSwarm,Yamcs-186324159,0,2e95fa1942ca4f6497dac81ad0099b37,org.yamcs.xtce.SpreadsheetLoader,org.yamcs.xtce.SpreadsheetLoader_ESTest,49,0,True
175,BugSwarm,Yamcs-186324159,0,fee8e9cf0ecf4c15911ba0f38396e01c,org.yamcs.xtce.SpreadsheetLoader,org.yamcs.xtce.SpreadsheetLoader_ESTest,48,0,True
176,BugSwarm,REST_Countries-207869551,0,fb83b5a774714bab8cfef1f4d1d6c2aa,fayder.restcountries.rest.CountryServiceHelper,fayder.restcountries.rest.CountryServiceHelper_ESTest,35,0,False
177,BugSwarm,REST_Countries-207869551,0,8af75b51b48e4595a702593d03740898,fayder.restcountries.rest.CountryServiceHelper,fayder.restcountries.rest.CountryServiceHelper_ESTest,34,0,False
178,BugSwarm,REST_Countries-207869551,0,23b5e9a4ebcc4eb79db017f526196860,fayder.restcountries.rest.CountryServiceHelper,fayder.restcountries.rest.CountryServiceHelper_ESTest,32,0,False
179,BugSwarm,REST_Countries-207869551,0,0c7878b2e4984255950e1c96fea5cd2c,fayder.restcountries.rest.CountryServiceHelper,fayder.restcountries.rest.CountryServiceHelper_ESTest,35,0,False
180,BugSwarm,REST_Countries-207869551,0,101525fa7a3048a2926236145e38a592,fayder.restcountries.rest.CountryServiceHelper,fayder.restcountries.rest.CountryServiceHelper_ESTest,34,0,True
181,BugSwarm,REST_Countries-207869551,0,1b27471494904971aac98e67b7812f4f,fayder.restcountries.rest.CountryServiceHelper,fayder.restcountries.rest.CountryServiceHelper_ESTest,35,0,False
182,BugSwarm,REST_Countries-207869551,0,fad2b915fe274470921b5c55646f11e9,fayder.restcountries.rest.CountryServiceHelper,fayder.restcountries.rest.CountryServiceHelper_ESTest,38,0,False
183,BugSwarm,REST_Countries-207869551,0,3b7a52492a0f4754a84d8799b49c4ff7,fayder.restcountries.rest.CountryServiceHelper,fayder.restcountries.rest.CountryServiceHelper_ESTest,35,0,True
184,BugSwarm,REST_Countries-207869551,0,3e6b550ee5074ab69350d9d598c0b4f3,fayder.restcountries.rest.CountryServiceHelper,fayder.restcountries.rest.CountryServiceHelper_ESTest,35,0,False
185,BugSwarm,REST_Countries-207869551,0,b533f6d427eb4c2da533f4bde22695f6,fayder.restcountries.rest.CountryServiceHelper,fayder.restcountries.rest.CountryServiceHelper_ESTest,34,0,False
186,BugSwarm,Dubbo-416671625,0,1bbad7dc962040eb9beb1188d4b98601,org.apache.dubbo.rpc.protocol.hessian.HttpClientConnectionFactory,org.apache.dubbo.rpc.protocol.hessian.HttpClientConnectionFactory_ESTest,2,0,True
187,BugSwarm,Dubbo-416671625,0,279e6d7177ea4042aee1bfe09a74d084,org.apache.dubbo.rpc.protocol.hessian.HttpClientConnectionFactory,org.apache.dubbo.rpc.protocol.hessian.HttpClientConnectionFactory_ESTest,2,0,True
188,BugSwarm,Dubbo-416671625,0,06d2f3b8be094b56b26ba4c7cdf10616,org.apache.dubbo.rpc.protocol.hessian.HttpClientConnectionFactory,org.apache.dubbo.rpc.protocol.hessian.HttpClientConnectionFactory_ESTest,2,0,True
189,BugSwarm,Dubbo-416671625,0,071aa29a2e9f48528cb09e47a2fe8674,org.apache.dubbo.rpc.protocol.hessian.HttpClientConnectionFactory,org.apache.dubbo.rpc.protocol.hessian.HttpClientConnectionFactory_ESTest,2,0,True
190,BugSwarm,Dubbo-416671625,0,4b1c3c0769154b09a14a4b9785a4f04a,org.apache.dubbo.rpc.protocol.hessian.HttpClientConnectionFactory,org.apache.dubbo.rpc.protocol.hessian.HttpClientConnectionFactory_ESTest,2,0,True
191,BugSwarm,Dubbo-416671625,0,796ea89df04141d48dad4e9542f7aba9,org.apache.dubbo.rpc.protocol.hessian.HttpClientConnectionFactory,org.apache.dubbo.rpc.protocol.hessian.HttpClientConnectionFactory_ESTest,2,0,True
192,BugSwarm,Dubbo-416671625,0,191728cffa8d4797977c80ab60b98592,org.apache.dubbo.rpc.protocol.hessian.HttpClientConnectionFactory,org.apache.dubbo.rpc.protocol.hessian.HttpClientConnectionFactory_ESTest,2,0,True
193,BugSwarm,Dubbo-416671625,0,d54195f0c9f74f46a42f57e32754ebb1,org.apache.dubbo.rpc.protocol.hessian.HttpClientConnectionFactory,org.apache.dubbo.rpc.protocol.hessian.HttpClientConnectionFactory_ESTest,2,0,True
194,BugSwarm,Dubbo-416671625,0,c07e47c3698845c088e65b752e58fe0d,org.apache.dubbo.rpc.protocol.hessian.HttpClientConnectionFactory,org.apache.dubbo.rpc.protocol.hessian.HttpClientConnectionFactory_ESTest,2,0,True
195,BugSwarm,Dubbo-416671625,0,ae4bb93463b94ea4a2963e35e2aafa4e,org.apache.dubbo.rpc.protocol.hessian.HttpClientConnectionFactory,org.apache.dubbo.rpc.protocol.hessian.HttpClientConnectionFactory_ESTest,2,0,True
196,BugSwarm,Universal_G__Code_Sender-676666184,0,1e3629bd3ad34b75ac940917388cbf80,com.willwinder.universalgcodesender.utils.GcodeStreamReader,com.willwinder.universalgcodesender.utils.GcodeStreamReader_ESTest,7,0,True
197,BugSwarm,Universal_G__Code_Sender-676666184,0,d43275a9de46455db1c7ebb0111dc748,com.willwinder.universalgcodesender.utils.GcodeStreamReader,com.willwinder.universalgcodesender.utils.GcodeStreamReader_ESTest,7,0,True
198,BugSwarm,Universal_G__Code_Sender-676666184,0,2dc7d816fbfa449583235c4f8f236e22,com.willwinder.universalgcodesender.utils.GcodeStreamReader,com.willwinder.universalgcodesender.utils.GcodeStreamReader_ESTest,7,0,False
199,BugSwarm,Universal_G__Code_Sender-676666184,0,8f8698ea466449f992a55a5e77646727,com.willwinder.universalgcodesender.utils.GcodeStreamReader,com.willwinder.universalgcodesender.utils.GcodeStreamReader_ESTest,7,0,False
200,BugSwarm,Universal_G__Code_Sender-676666184,0,6570c09aa5a94de79e36af4145d904b3,com.willwinder.universalgcodesender.utils.GcodeStreamReader,com.willwinder.universalgcodesender.utils.GcodeStreamReader_ESTest,7,0,True
201,BugSwarm,Universal_G__Code_Sender-676666184,0,c3985af369c845f2a1df26d4fe0e3f76,com.willwinder.universalgcodesender.utils.GcodeStreamReader,com.willwinder.universalgcodesender.utils.GcodeStreamReader_ESTest,7,0,False
202,BugSwarm,GraphHopper-210124629,0,8336e9ebc99c4d3f992677698ab9abf3,com.graphhopper.routing.util.DataFlagEncoder,com.graphhopper.routing.util.DataFlagEncoder_ESTest,136,0,False
203,BugSwarm,GraphHopper-210124629,0,1aa16340946e4234b84319c093d66f1b,com.graphhopper.routing.util.DataFlagEncoder,com.graphhopper.routing.util.DataFlagEncoder_ESTest,138,0,False
204,BugSwarm,GraphHopper-210124629,0,3e306945522b43b08a0c997a9b157fb5,com.graphhopper.routing.util.DataFlagEncoder,com.graphhopper.routing.util.DataFlagEncoder_ESTest,135,0,False
205,BugSwarm,GraphHopper-210124629,0,fa480d457bf44356bbe565606d1cf381,com.graphhopper.routing.util.DataFlagEncoder,com.graphhopper.routing.util.DataFlagEncoder_ESTest,139,0,False
206,BugSwarm,GraphHopper-210124629,0,f387d0d8e3b84e7b88918a9d3bb3e315,com.graphhopper.routing.util.DataFlagEncoder,com.graphhopper.routing.util.DataFlagEncoder_ESTest,139,0,False
207,BugSwarm,REST_Countries-154683750,0,d1acde743fa04470bf190c15b9e56d60,fayder.restcountries.v1.rest.CountryService,fayder.restcountries.v1.rest.CountryService_ESTest,24,0,True
208,BugSwarm,REST_Countries-154683750,0,edf21cc7a13f4ca2ad22fce4e3b7426f,fayder.restcountries.v1.rest.CountryService,fayder.restcountries.v1.rest.CountryService_ESTest,24,0,True
209,BugSwarm,REST_Countries-154683750,0,e4672ca79e524c3a84c1596e26ab4cfd,fayder.restcountries.v1.rest.CountryService,fayder.restcountries.v1.rest.CountryService_ESTest,24,0,True
210,BugSwarm,REST_Countries-154683750,0,ec2f4a8d32334d2daaa3f853f239c070,fayder.restcountries.v1.rest.CountryService,fayder.restcountries.v1.rest.CountryService_ESTest,23,0,True
211,BugSwarm,REST_Countries-154683750,0,2a20fb10f3aa4449953f2d2ee38bd5fd,fayder.restcountries.v1.rest.CountryService,fayder.restcountries.v1.rest.CountryService_ESTest,24,0,True
212,BugSwarm,REST_Countries-154683750,0,872e19fdf4cb44e78a200952df390794,fayder.restcountries.v1.rest.CountryService,fayder.restcountries.v1.rest.CountryService_ESTest,24,0,True
213,BugSwarm,REST_Countries-154683750,0,a4c45613958d4961960644201c1e8cbd,fayder.restcountries.v1.rest.CountryService,fayder.restcountries.v1.rest.CountryService_ESTest,24,0,True
214,BugSwarm,REST_Countries-154683750,0,651d922d03344bbebed220ce642dead7,fayder.restcountries.v1.rest.CountryService,fayder.restcountries.v1.rest.CountryService_ESTest,22,0,True
215,BugSwarm,REST_Countries-154683750,0,e6277d270ed948ccbf686b8aa1124228,fayder.restcountries.v1.rest.CountryService,fayder.restcountries.v1.rest.CountryService_ESTest,25,0,True
216,BugSwarm,REST_Countries-154683750,0,3c76471efdf64abe85f2803614964674,fayder.restcountries.v1.rest.CountryService,fayder.restcountries.v1.rest.CountryService_ESTest,24,0,True
217,BugSwarm,REST_Countries-154683750,1,d1acde743fa04470bf190c15b9e56d60,fayder.restcountries.v1.rest.CountryService,fayder.restcountries.v1.rest.CountryService_ESTest,24,0,True
218,BugSwarm,REST_Countries-154683750,1,edf21cc7a13f4ca2ad22fce4e3b7426f,fayder.restcountries.v1.rest.CountryService,fayder.restcountries.v1.rest.CountryService_ESTest,24,0,True
219,BugSwarm,REST_Countries-154683750,1,e4672ca79e524c3a84c1596e26ab4cfd,fayder.restcountries.v1.rest.CountryService,fayder.restcountries.v1.rest.CountryService_ESTest,24,0,True
220,BugSwarm,REST_Countries-154683750,1,ec2f4a8d32334d2daaa3f853f239c070,fayder.restcountries.v1.rest.CountryService,fayder.restcountries.v1.rest.CountryService_ESTest,23,0,True
221,BugSwarm,REST_Countries-154683750,1,2a20fb10f3aa4449953f2d2ee38bd5fd,fayder.restcountries.v1.rest.CountryService,fayder.restcountries.v1.rest.CountryService_ESTest,24,0,True
222,BugSwarm,REST_Countries-154683750,1,872e19fdf4cb44e78a200952df390794,fayder.restcountries.v1.rest.CountryService,fayder.restcountries.v1.rest.CountryService_ESTest,24,0,True
223,BugSwarm,REST_Countries-154683750,1,a4c45613958d4961960644201c1e8cbd,fayder.restcountries.v1.rest.CountryService,fayder.restcountries.v1.rest.CountryService_ESTest,24,0,True
224,BugSwarm,REST_Countries-154683750,1,651d922d03344bbebed220ce642dead7,fayder.restcountries.v1.rest.CountryService,fayder.restcountries.v1.rest.CountryService_ESTest,22,0,True
225,BugSwarm,REST_Countries-154683750,1,e6277d270ed948ccbf686b8aa1124228,fayder.restcountries.v1.rest.CountryService,fayder.restcountries.v1.rest.CountryService_ESTest,25,0,True
226,BugSwarm,REST_Countries-154683750,1,3c76471efdf64abe85f2803614964674,fayder.restcountries.v1.rest.CountryService,fayder.restcountries.v1.rest.CountryService_ESTest,24,0,True
227,BugSwarm,REST_Countries-154683750,2,d1acde743fa04470bf190c15b9e56d60,fayder.restcountries.v1.rest.CountryService,fayder.restcountries.v1.rest.CountryService_ESTest,24,0,True
228,BugSwarm,REST_Countries-154683750,2,edf21cc7a13f4ca2ad22fce4e3b7426f,fayder.restcountries.v1.rest.CountryService,fayder.restcountries.v1.rest.CountryService_ESTest,24,0,True
229,BugSwarm,REST_Countries-154683750,2,e4672ca79e524c3a84c1596e26ab4cfd,fayder.restcountries.v1.rest.CountryService,fayder.restcountries.v1.rest.CountryService_ESTest,24,0,True
230,BugSwarm,REST_Countries-154683750,2,ec2f4a8d32334d2daaa3f853f239c070,fayder.restcountries.v1.rest.CountryService,fayder.restcountries.v1.rest.CountryService_ESTest,23,0,True
231,BugSwarm,REST_Countries-154683750,2,2a20fb10f3aa4449953f2d2ee38bd5fd,fayder.restcountries.v1.rest.CountryService,fayder.restcountries.v1.rest.CountryService_ESTest,24,0,True
232,BugSwarm,REST_Countries-154683750,2,872e19fdf4cb44e78a200952df390794,fayder.restcountries.v1.rest.CountryService,fayder.restcountries.v1.rest.CountryService_ESTest,24,0,True
233,BugSwarm,REST_Countries-154683750,2,a4c45613958d4961960644201c1e8cbd,fayder.restcountries.v1.rest.CountryService,fayder.restcountries.v1.rest.CountryService_ESTest,24,0,True
234,BugSwarm,REST_Countries-154683750,2,651d922d03344bbebed220ce642dead7,fayder.restcountries.v1.rest.CountryService,fayder.restcountries.v1.rest.CountryService_ESTest,22,0,True
235,BugSwarm,REST_Countries-154683750,2,e6277d270ed948ccbf686b8aa1124228,fayder.restcountries.v1.rest.CountryService,fayder.restcountries.v1.rest.CountryService_ESTest,25,0,True
236,BugSwarm,REST_Countries-154683750,2,3c76471efdf64abe85f2803614964674,fayder.restcountries.v1.rest.CountryService,fayder.restcountries.v1.rest.CountryService_ESTest,24,0,True
237,BugSwarm,REST_Countries-154683750,3,d1acde743fa04470bf190c15b9e56d60,fayder.restcountries.v1.rest.CountryService,fayder.restcountries.v1.rest.CountryService_ESTest,24,0,True
238,BugSwarm,REST_Countries-154683750,3,edf21cc7a13f4ca2ad22fce4e3b7426f,fayder.restcountries.v1.rest.CountryService,fayder.restcountries.v1.rest.CountryService_ESTest,24,0,True
239,BugSwarm,REST_Countries-154683750,3,e4672ca79e524c3a84c1596e26ab4cfd,fayder.restcountries.v1.rest.CountryService,fayder.restcountries.v1.rest.CountryService_ESTest,24,0,True
240,BugSwarm,REST_Countries-154683750,3,ec2f4a8d32334d2daaa3f853f239c070,fayder.restcountries.v1.rest.CountryService,fayder.restcountries.v1.rest.CountryService_ESTest,23,0,True
241,BugSwarm,REST_Countries-154683750,3,2a20fb10f3aa4449953f2d2ee38bd5fd,fayder.restcountries.v1.rest.CountryService,fayder.restcountries.v1.rest.CountryService_ESTest,24,0,True
242,BugSwarm,REST_Countries-154683750,3,872e19fdf4cb44e78a200952df390794,fayder.restcountries.v1.rest.CountryService,fayder.restcountries.v1.rest.CountryService_ESTest,24,0,True
243,BugSwarm,REST_Countries-154683750,3,a4c45613958d4961960644201c1e8cbd,fayder.restcountries.v1.rest.CountryService,fayder.restcountries.v1.rest.CountryService_ESTest,24,0,True
244,BugSwarm,REST_Countries-154683750,3,651d922d03344bbebed220ce642dead7,fayder.restcountries.v1.rest.CountryService,fayder.restcountries.v1.rest.CountryService_ESTest,22,0,True
245,BugSwarm,REST_Countries-154683750,3,e6277d270ed948ccbf686b8aa1124228,fayder.restcountries.v1.rest.CountryService,fayder.restcountries.v1.rest.CountryService_ESTest,25,0,True
246,BugSwarm,REST_Countries-154683750,3,3c76471efdf64abe85f2803614964674,fayder.restcountries.v1.rest.CountryService,fayder.restcountries.v1.rest.CountryService_ESTest,24,0,True
247,BugSwarm,REST_Countries-154683750,4,d1acde743fa04470bf190c15b9e56d60,fayder.restcountries.v1.rest.CountryService,fayder.restcountries.v1.rest.CountryService_ESTest,24,0,True
248,BugSwarm,REST_Countries-154683750,4,edf21cc7a13f4ca2ad22fce4e3b7426f,fayder.restcountries.v1.rest.CountryService,fayder.restcountries.v1.rest.CountryService_ESTest,24,0,True
249,BugSwarm,REST_Countries-154683750,4,e4672ca79e524c3a84c1596e26ab4cfd,fayder.restcountries.v1.rest.CountryService,fayder.restcountries.v1.rest.CountryService_ESTest,24,0,True
250,BugSwarm,REST_Countries-154683750,4,ec2f4a8d32334d2daaa3f853f239c070,fayder.restcountries.v1.rest.CountryService,fayder.restcountries.v1.rest.CountryService_ESTest,23,0,True
251,BugSwarm,REST_Countries-154683750,4,2a20fb10f3aa4449953f2d2ee38bd5fd,fayder.restcountries.v1.rest.CountryService,fayder.restcountries.v1.rest.CountryService_ESTest,24,0,True
252,BugSwarm,REST_Countries-154683750,4,872e19fdf4cb44e78a200952df390794,fayder.restcountries.v1.rest.CountryService,fayder.restcountries.v1.rest.CountryService_ESTest,24,0,True
253,BugSwarm,REST_Countries-154683750,4,a4c45613958d4961960644201c1e8cbd,fayder.restcountries.v1.rest.CountryService,fayder.restcountries.v1.rest.CountryService_ESTest,24,0,True
254,BugSwarm,REST_Countries-154683750,4,651d922d03344bbebed220ce642dead7,fayder.restcountries.v1.rest.CountryService,fayder.restcountries.v1.rest.CountryService_ESTest,22,0,True
255,BugSwarm,REST_Countries-154683750,4,e6277d270ed948ccbf686b8aa1124228,fayder.restcountries.v1.rest.CountryService,fayder.restcountries.v1.rest.CountryService_ESTest,25,0,True
256,BugSwarm,REST_Countries-154683750,4,3c76471efdf64abe85f2803614964674,fayder.restcountries.v1.rest.CountryService,fayder.restcountries.v1.rest.CountryService_ESTest,24,0,True
257,Genesis,Jongo-97431a03,0,ee59faf50c3e4f81ad94a122561fde11,org.jongo.marshall.jackson.JacksonObjectIdUpdater,org.jongo.marshall.jackson.JacksonObjectIdUpdater_ESTest,6,0,False
258,Genesis,Jongo-97431a03,0,a64bf0dc188d4e46857c286edeed29d5,org.jongo.marshall.jackson.JacksonObjectIdUpdater,org.jongo.marshall.jackson.JacksonObjectIdUpdater_ESTest,6,0,False
259,Genesis,Jongo-97431a03,0,85d3d465bc664388815a5a1d484fc184,org.jongo.marshall.jackson.JacksonObjectIdUpdater,org.jongo.marshall.jackson.JacksonObjectIdUpdater_ESTest,6,0,False
260,Genesis,Jongo-97431a03,0,17fd4ad681094a90a4764e02d361311d,org.jongo.marshall.jackson.JacksonObjectIdUpdater,org.jongo.marshall.jackson.JacksonObjectIdUpdater_ESTest,6,0,False
261,Genesis,Jongo-97431a03,0,def0f8e21e0448199f650d9acc3a9308,org.jongo.marshall.jackson.JacksonObjectIdUpdater,org.jongo.marshall.jackson.JacksonObjectIdUpdater_ESTest,6,0,False
262,Genesis,Jongo-97431a03,0,aa4d9a09c0994e50ad716502b485b08c,org.jongo.marshall.jackson.JacksonObjectIdUpdater,org.jongo.marshall.jackson.JacksonObjectIdUpdater_ESTest,8,0,False
263,Genesis,Jongo-97431a03,0,f4073eef4b594e8ca11e13aee4c855e1,org.jongo.marshall.jackson.JacksonObjectIdUpdater,org.jongo.marshall.jackson.JacksonObjectIdUpdater_ESTest,6,0,False
264,Genesis,Jongo-97431a03,0,314c94578bb54e2e839014938934f4aa,org.jongo.marshall.jackson.JacksonObjectIdUpdater,org.jongo.marshall.jackson.JacksonObjectIdUpdater_ESTest,6,0,False
265,Genesis,Jongo-97431a03,0,f82e0a65712c43ada3baddc1af793764,org.jongo.marshall.jackson.JacksonObjectIdUpdater,org.jongo.marshall.jackson.JacksonObjectIdUpdater_ESTest,6,0,False
266,Genesis,Jongo-97431a03,0,ecc6628fedab45ea9a54951051f3c4bd,org.jongo.marshall.jackson.JacksonObjectIdUpdater,org.jongo.marshall.jackson.JacksonObjectIdUpdater_ESTest,6,0,False
267,Genesis,JavaPoet-aee5f128,0,82486776869d4647a4b61aea446f04a6,com.squareup.javapoet.TypeName,com.squareup.javapoet.TypeName_ESTest,21,0,True
268,Genesis,JavaPoet-aee5f128,0,31e03020b98c46e097f8172892ed96a9,com.squareup.javapoet.TypeName,com.squareup.javapoet.TypeName_ESTest,21,0,True
269,Genesis,JavaPoet-aee5f128,0,e71f73b1d818456db251cd832318a12d,com.squareup.javapoet.TypeName,com.squareup.javapoet.TypeName_ESTest,21,0,True
270,Genesis,JavaPoet-aee5f128,0,57dc2635b5b84904b3371c42837c0bf7,com.squareup.javapoet.TypeName,com.squareup.javapoet.TypeName_ESTest,20,0,True
271,Genesis,JavaPoet-aee5f128,0,70902fdfef454efea27cec487f2c00d0,com.squareup.javapoet.TypeName,com.squareup.javapoet.TypeName_ESTest,20,0,True
272,Genesis,JavaPoet-aee5f128,0,7ea2623dee044c1aa2c7ff75a9b45fb3,com.squareup.javapoet.TypeName,com.squareup.javapoet.TypeName_ESTest,20,0,True
273,Genesis,JavaPoet-aee5f128,0,4222fa5755444b1e81dbd1c916f90f77,com.squareup.javapoet.TypeName,com.squareup.javapoet.TypeName_ESTest,20,0,True
274,Genesis,JavaPoet-aee5f128,0,ef0e0744d687485ca7fee6166d7db090,com.squareup.javapoet.TypeName,com.squareup.javapoet.TypeName_ESTest,21,0,True
275,Genesis,JavaPoet-aee5f128,0,2ccb4033e79e450cbf8e8bc77b49a7ff,com.squareup.javapoet.TypeName,com.squareup.javapoet.TypeName_ESTest,21,0,True
276,Genesis,JavaPoet-aee5f128,0,a2c13614357840d69643df1c85a2af1b,com.squareup.javapoet.TypeName,com.squareup.javapoet.TypeName_ESTest,19,0,True
277,Genesis,DataflowJavaSDK-f42c13c8,0,aa4feaf3e919434a910ab19c4d2541a4,com.google.cloud.dataflow.sdk.transforms.join.CoGbkResult,com.google.cloud.dataflow.sdk.transforms.join.CoGbkResult_ESTest,37,0,True
278,Genesis,DataflowJavaSDK-f42c13c8,0,9228ee9a969e4577813a5f5a251b0d9b,com.google.cloud.dataflow.sdk.transforms.join.CoGbkResult,com.google.cloud.dataflow.sdk.transforms.join.CoGbkResult_ESTest,37,0,False
279,Genesis,DataflowJavaSDK-f42c13c8,0,442e828936034b308d82fdbaa33b7e7a,com.google.cloud.dataflow.sdk.transforms.join.CoGbkResult,com.google.cloud.dataflow.sdk.transforms.join.CoGbkResult_ESTest,37,0,False
280,Genesis,Checkstyle-4f73fffd,0,d4ff0d0cdfd44ad8a87b51df7b35963e,com.puppycrawl.tools.checkstyle.checks.blocks.NeedBracesCheck,com.puppycrawl.tools.checkstyle.checks.blocks.NeedBracesCheck_ESTest,18,0,False
281,Genesis,Checkstyle-4f73fffd,0,79c31dfef868458d98d202fa83abf2b3,com.puppycrawl.tools.checkstyle.checks.blocks.NeedBracesCheck,com.puppycrawl.tools.checkstyle.checks.blocks.NeedBracesCheck_ESTest,24,0,False
282,Genesis,Checkstyle-4f73fffd,0,5fe97b0a16bd426a8c92a56af9efdc92,com.puppycrawl.tools.checkstyle.checks.blocks.NeedBracesCheck,com.puppycrawl.tools.checkstyle.checks.blocks.NeedBracesCheck_ESTest,22,0,False
283,Genesis,Checkstyle-4f73fffd,0,f9e3261ac74249d58d64855866ee1449,com.puppycrawl.tools.checkstyle.checks.blocks.NeedBracesCheck,com.puppycrawl.tools.checkstyle.checks.blocks.NeedBracesCheck_ESTest,26,0,False
284,Genesis,Checkstyle-4f73fffd,0,d0632a31682a4b82a87cb916014db6ee,com.puppycrawl.tools.checkstyle.checks.blocks.NeedBracesCheck,com.puppycrawl.tools.checkstyle.checks.blocks.NeedBracesCheck_ESTest,21,0,False
285,Genesis,Checkstyle-4f73fffd,0,8a908e24ce1245898ced4e3752c13529,com.puppycrawl.tools.checkstyle.checks.blocks.NeedBracesCheck,com.puppycrawl.tools.checkstyle.checks.blocks.NeedBracesCheck_ESTest,24,0,False
286,Genesis,Checkstyle-4f73fffd,0,8bc05d2c86bd4fe7a356e8ba3d4bd900,com.puppycrawl.tools.checkstyle.checks.blocks.NeedBracesCheck,com.puppycrawl.tools.checkstyle.checks.blocks.NeedBracesCheck_ESTest,21,0,False
287,Genesis,Checkstyle-4f73fffd,0,4be6c8d5157f4b43b714326c6a73a27a,com.puppycrawl.tools.checkstyle.checks.blocks.NeedBracesCheck,com.puppycrawl.tools.checkstyle.checks.blocks.NeedBracesCheck_ESTest,22,0,False
288,Genesis,Checkstyle-4f73fffd,0,05f0e767b47c4992b41490b4a446d139,com.puppycrawl.tools.checkstyle.checks.blocks.NeedBracesCheck,com.puppycrawl.tools.checkstyle.checks.blocks.NeedBracesCheck_ESTest,24,0,False
289,Genesis,Checkstyle-4f73fffd,0,5057adf344524b629256fb79c24566c7,com.puppycrawl.tools.checkstyle.checks.blocks.NeedBracesCheck,com.puppycrawl.tools.checkstyle.checks.blocks.NeedBracesCheck_ESTest,27,0,False
290,Genesis,Checkstyle-91e10c29,0,ec89666e24494b7a88243443704200a7,com.puppycrawl.tools.checkstyle.checks.SuppressWarningsHolder,com.puppycrawl.tools.checkstyle.checks.SuppressWarningsHolder_ESTest,20,0,False
291,Genesis,Checkstyle-91e10c29,0,8cc9d3e0998444d3b7c6d63b96409ad0,com.puppycrawl.tools.checkstyle.checks.SuppressWarningsHolder,com.puppycrawl.tools.checkstyle.checks.SuppressWarningsHolder_ESTest,21,0,False
292,Genesis,Checkstyle-91e10c29,0,26d2ee0a6c3840f9931f87ececa60b6f,com.puppycrawl.tools.checkstyle.checks.SuppressWarningsHolder,com.puppycrawl.tools.checkstyle.checks.SuppressWarningsHolder_ESTest,19,0,False
293,Genesis,Checkstyle-91e10c29,0,8942cecb7ede45c2abfb7baa9cb678a0,com.puppycrawl.tools.checkstyle.checks.SuppressWarningsHolder,com.puppycrawl.tools.checkstyle.checks.SuppressWarningsHolder_ESTest,20,0,False
294,Genesis,Checkstyle-91e10c29,0,e9cb6d767ed94525b0de8812f8252def,com.puppycrawl.tools.checkstyle.checks.SuppressWarningsHolder,com.puppycrawl.tools.checkstyle.checks.SuppressWarningsHolder_ESTest,19,0,False
295,Genesis,Checkstyle-91e10c29,0,13c6ddd1ade2466689142af77b61be91,com.puppycrawl.tools.checkstyle.checks.SuppressWarningsHolder,com.puppycrawl.tools.checkstyle.checks.SuppressWarningsHolder_ESTest,19,0,False
296,Genesis,Checkstyle-91e10c29,0,f78234ea9c784fe6884c4e59cb2ee3da,com.puppycrawl.tools.checkstyle.checks.SuppressWarningsHolder,com.puppycrawl.tools.checkstyle.checks.SuppressWarningsHolder_ESTest,18,0,False
297,Genesis,Checkstyle-91e10c29,0,e82692fa328443dba2d401e222d357a5,com.puppycrawl.tools.checkstyle.checks.SuppressWarningsHolder,com.puppycrawl.tools.checkstyle.checks.SuppressWarningsHolder_ESTest,22,0,False
298,Genesis,Checkstyle-91e10c29,0,0e2cdb2de2484f7da388be52c9c60ef9,com.puppycrawl.tools.checkstyle.checks.SuppressWarningsHolder,com.puppycrawl.tools.checkstyle.checks.SuppressWarningsHolder_ESTest,20,0,False
299,Genesis,Checkstyle-91e10c29,0,833965c3d8ea477ca01a77cf6d0379ac,com.puppycrawl.tools.checkstyle.checks.SuppressWarningsHolder,com.puppycrawl.tools.checkstyle.checks.SuppressWarningsHolder_ESTest,21,0,False
300,Genesis,Checkstyle-16493bfb,0,79eaa3b9f31e46339d76e72c6d4e056c,com.puppycrawl.tools.checkstyle.checks.coding.ModifiedControlVariableCheck,com.puppycrawl.tools.checkstyle.checks.coding.ModifiedControlVariableCheck_ESTest,51,0,False
301,Genesis,Checkstyle-16493bfb,0,9ffb64fb14404691a31525bb7b14ffef,com.puppycrawl.tools.checkstyle.checks.coding.ModifiedControlVariableCheck,com.puppycrawl.tools.checkstyle.checks.coding.ModifiedControlVariableCheck_ESTest,51,0,False
302,Genesis,Checkstyle-16493bfb,0,7220ca539db14e9a90b40ab04728647f,com.puppycrawl.tools.checkstyle.checks.coding.ModifiedControlVariableCheck,com.puppycrawl.tools.checkstyle.checks.coding.ModifiedControlVariableCheck_ESTest,49,0,False
303,Genesis,Checkstyle-16493bfb,0,dd09b48bb6df4b028695866b10e14084,com.puppycrawl.tools.checkstyle.checks.coding.ModifiedControlVariableCheck,com.puppycrawl.tools.checkstyle.checks.coding.ModifiedControlVariableCheck_ESTest,48,0,False
304,Genesis,Checkstyle-16493bfb,0,aa10ea2b264f411aafea50fcb325eb93,com.puppycrawl.tools.checkstyle.checks.coding.ModifiedControlVariableCheck,com.puppycrawl.tools.checkstyle.checks.coding.ModifiedControlVariableCheck_ESTest,50,0,False
305,Genesis,Checkstyle-16493bfb,0,3da6aadadbb34d388adc0f98e14d823b,com.puppycrawl.tools.checkstyle.checks.coding.ModifiedControlVariableCheck,com.puppycrawl.tools.checkstyle.checks.coding.ModifiedControlVariableCheck_ESTest,49,0,False
306,Genesis,Checkstyle-16493bfb,0,206354be6d7e4f5c9a06c1b7f628b887,com.puppycrawl.tools.checkstyle.checks.coding.ModifiedControlVariableCheck,com.puppycrawl.tools.checkstyle.checks.coding.ModifiedControlVariableCheck_ESTest,52,0,False
307,Genesis,Checkstyle-16493bfb,0,03e06401b1064636a53173d4dc63e344,com.puppycrawl.tools.checkstyle.checks.coding.ModifiedControlVariableCheck,com.puppycrawl.tools.checkstyle.checks.coding.ModifiedControlVariableCheck_ESTest,49,0,False
308,Genesis,Checkstyle-16493bfb,0,56bedf0ff86a4f84a59833f1cb838d80,com.puppycrawl.tools.checkstyle.checks.coding.ModifiedControlVariableCheck,com.puppycrawl.tools.checkstyle.checks.coding.ModifiedControlVariableCheck_ESTest,51,0,False
309,Genesis,Checkstyle-16493bfb,0,81140200ea5e48e7902edbbe9d1ff1b5,com.puppycrawl.tools.checkstyle.checks.coding.ModifiedControlVariableCheck,com.puppycrawl.tools.checkstyle.checks.coding.ModifiedControlVariableCheck_ESTest,47,0,False
310,Genesis,Checkstyle-be8a60a4,0,16a110ca4d424569b8204e1cf755c3ce,com.puppycrawl.tools.checkstyle.checks.naming.ParameterNameCheck,com.puppycrawl.tools.checkstyle.checks.naming.ParameterNameCheck_ESTest,9,0,True
311,Genesis,Checkstyle-be8a60a4,0,8f26cf17c0864eb8a6a7346fa4ba4b2a,com.puppycrawl.tools.checkstyle.checks.naming.ParameterNameCheck,com.puppycrawl.tools.checkstyle.checks.naming.ParameterNameCheck_ESTest,10,0,True
312,Genesis,Checkstyle-be8a60a4,0,732ac545d6204a89a1992df3fe055e6d,com.puppycrawl.tools.checkstyle.checks.naming.ParameterNameCheck,com.puppycrawl.tools.checkstyle.checks.naming.ParameterNameCheck_ESTest,9,0,True
313,Genesis,Checkstyle-be8a60a4,0,186abbe8556a43b0933cfa29c2b99873,com.puppycrawl.tools.checkstyle.checks.naming.ParameterNameCheck,com.puppycrawl.tools.checkstyle.checks.naming.ParameterNameCheck_ESTest,10,0,True
314,Genesis,Checkstyle-be8a60a4,0,e2b15b6ff65841a9a9ccbe3c62c0b79a,com.puppycrawl.tools.checkstyle.checks.naming.ParameterNameCheck,com.puppycrawl.tools.checkstyle.checks.naming.ParameterNameCheck_ESTest,9,0,True
315,Genesis,Checkstyle-be8a60a4,0,61c4f8b32ca0403fb9beb117f2f86947,com.puppycrawl.tools.checkstyle.checks.naming.ParameterNameCheck,com.puppycrawl.tools.checkstyle.checks.naming.ParameterNameCheck_ESTest,9,0,True
316,Genesis,Checkstyle-be8a60a4,0,72c1b2c0f59c46959435c7a4e9b34393,com.puppycrawl.tools.checkstyle.checks.naming.ParameterNameCheck,com.puppycrawl.tools.checkstyle.checks.naming.ParameterNameCheck_ESTest,9,0,True
317,Genesis,Checkstyle-be8a60a4,0,56ddb876912d4c40953799cb5092b18a,com.puppycrawl.tools.checkstyle.checks.naming.ParameterNameCheck,com.puppycrawl.tools.checkstyle.checks.naming.ParameterNameCheck_ESTest,7,0,False
318,Genesis,Checkstyle-be8a60a4,0,5ca5ce84824d433f8fa8dd6cded0842e,com.puppycrawl.tools.checkstyle.checks.naming.ParameterNameCheck,com.puppycrawl.tools.checkstyle.checks.naming.ParameterNameCheck_ESTest,10,0,True
319,Genesis,Checkstyle-be8a60a4,0,93dd13b31c984fdcb6dfb6be5590141e,com.puppycrawl.tools.checkstyle.checks.naming.ParameterNameCheck,com.puppycrawl.tools.checkstyle.checks.naming.ParameterNameCheck_ESTest,10,0,True
320,Genesis,Javaslang-0dab3ed3,0,e65718fd8cac45d8bfa11938ec978ccc,javaslang.Tuples,javaslang.Tuples_ESTest,81,0,True
321,Genesis,Javaslang-0dab3ed3,0,ee3c9f73d9594c28966e0f5fefe128f5,javaslang.Tuples,javaslang.Tuples_ESTest,80,0,True
322,Genesis,Javaslang-0dab3ed3,0,3b18b92751454c6fa744a1672e96c0b9,javaslang.Tuples,javaslang.Tuples_ESTest,79,0,True
323,Genesis,Javaslang-0dab3ed3,0,a185a83aea3c4ce5ae3f3324ab1b457e,javaslang.Tuples,javaslang.Tuples_ESTest,85,0,True
324,Genesis,Javaslang-0dab3ed3,0,7e6945a1d8de4b90b6eb1c97c2569598,javaslang.Tuples,javaslang.Tuples_ESTest,81,0,True
325,Genesis,Javaslang-0dab3ed3,0,0ec296bf8f9147e4bf640c94ff7f53b5,javaslang.Tuples,javaslang.Tuples_ESTest,78,0,True
326,Genesis,Javaslang-0dab3ed3,0,43789ed2f60c46da8cff6d43ea2a3c21,javaslang.Tuples,javaslang.Tuples_ESTest,82,0,True
327,Genesis,Javaslang-0dab3ed3,0,52b5b74ff84948d8bcce582a638fe665,javaslang.Tuples,javaslang.Tuples_ESTest,84,0,True
328,Genesis,Javaslang-0dab3ed3,0,bda670bc218240b3981853aba428863f,javaslang.Tuples,javaslang.Tuples_ESTest,81,0,True
329,Genesis,Activiti-31c8ea16,0,afb9406ad8e14d639cbdaa2b5ae6ad7b,org.activiti.engine.impl.event.AbstractEventHandler,org.activiti.engine.impl.event.AbstractEventHandler_ESTest,2,0,True
330,Genesis,Activiti-31c8ea16,0,547e4d7f4bc44694bf0388b3a114cef1,org.activiti.engine.impl.event.AbstractEventHandler,org.activiti.engine.impl.event.AbstractEventHandler_ESTest,2,0,False
331,Genesis,Activiti-31c8ea16,0,cb54ba37136e4eb9894e139c0b4d1170,org.activiti.engine.impl.event.AbstractEventHandler,org.activiti.engine.impl.event.AbstractEventHandler_ESTest,2,0,True
332,Genesis,Activiti-31c8ea16,0,c794b3cd6e09465aacea198787290294,org.activiti.engine.impl.event.AbstractEventHandler,org.activiti.engine.impl.event.AbstractEventHandler_ESTest,2,0,False
333,Genesis,Activiti-31c8ea16,0,19a395861d6a4bc09fd8e148c15db6b9,org.activiti.engine.impl.event.AbstractEventHandler,org.activiti.engine.impl.event.AbstractEventHandler_ESTest,2,0,True
334,Genesis,Activiti-31c8ea16,0,62e4ed33599742778baf605481eac63e,org.activiti.engine.impl.event.AbstractEventHandler,org.activiti.engine.impl.event.AbstractEventHandler_ESTest,2,0,True
335,Genesis,Activiti-31c8ea16,0,5f3fc7f38a72452db4e28635203536fa,org.activiti.engine.impl.event.AbstractEventHandler,org.activiti.engine.impl.event.AbstractEventHandler_ESTest,2,0,False
336,Genesis,Activiti-31c8ea16,0,ca16603997e24379bea068c46106c4ab,org.activiti.engine.impl.event.AbstractEventHandler,org.activiti.engine.impl.event.AbstractEventHandler_ESTest,2,0,False
337,Genesis,Activiti-31c8ea16,0,8a0ed697620140469c9ca3e3327f3ec1,org.activiti.engine.impl.event.AbstractEventHandler,org.activiti.engine.impl.event.AbstractEventHandler_ESTest,2,0,True
338,Genesis,Activiti-31c8ea16,0,cd280f0f2e0e437cb0bd85b07ff6503d,org.activiti.engine.impl.event.AbstractEventHandler,org.activiti.engine.impl.event.AbstractEventHandler_ESTest,2,0,True
339,Defects4J,Csv-9,0,1effcbc69b464cbd87343ce25e851ab8,org.apache.commons.csv.CSVRecord,org.apache.commons.csv.CSVRecord_ESTest,42,0,True
340,Defects4J,Csv-9,0,751b3406bfb7447b80542d49bc4060d4,org.apache.commons.csv.CSVRecord,org.apache.commons.csv.CSVRecord_ESTest,41,0,True
341,Defects4J,Csv-9,0,7349bca1b8534284a28f1e2062535eb3,org.apache.commons.csv.CSVRecord,org.apache.commons.csv.CSVRecord_ESTest,43,0,True
342,Defects4J,Csv-9,0,5952556d8b424b6fa417b47d341c2443,org.apache.commons.csv.CSVRecord,org.apache.commons.csv.CSVRecord_ESTest,42,0,True
343,Defects4J,Csv-9,0,b4bf599455a146dda2cac1de307f6f53,org.apache.commons.csv.CSVRecord,org.apache.commons.csv.CSVRecord_ESTest,42,0,True
344,Defects4J,Csv-9,0,406aa23cf8eb4a488125ee73803c370a,org.apache.commons.csv.CSVRecord,org.apache.commons.csv.CSVRecord_ESTest,43,0,True
345,Defects4J,Csv-9,0,2737ee68ddec476c816e7061ea4ea517,org.apache.commons.csv.CSVRecord,org.apache.commons.csv.CSVRecord_ESTest,42,0,True
346,Defects4J,Csv-9,0,4115d150fe5b4018830f37482c022374,org.apache.commons.csv.CSVRecord,org.apache.commons.csv.CSVRecord_ESTest,42,0,True
347,Defects4J,Csv-9,0,9d19f0e16f4b481eaa6760b5ba42bb44,org.apache.commons.csv.CSVRecord,org.apache.commons.csv.CSVRecord_ESTest,43,0,True
348,Defects4J,Csv-9,0,d0b6e3fa7af24e75a1a6ef3c9c826719,org.apache.commons.csv.CSVRecord,org.apache.commons.csv.CSVRecord_ESTest,43,0,True
349,Defects4J,Math-70,0,f5cc2702bf9245ea9cfb5e5e6c1045da,org.apache.commons.math.analysis.solvers.BisectionSolver,org.apache.commons.math.analysis.solvers.BisectionSolver_ESTest,29,0,True
350,Defects4J,Math-70,0,8fa848df4e834692ad2977b94795b97a,org.apache.commons.math.analysis.solvers.BisectionSolver,org.apache.commons.math.analysis.solvers.BisectionSolver_ESTest,28,0,True
351,Defects4J,Math-70,0,f57791da73534f9db2ab2c9ed1924090,org.apache.commons.math.analysis.solvers.BisectionSolver,org.apache.commons.math.analysis.solvers.BisectionSolver_ESTest,27,0,True
352,Defects4J,Math-70,0,268e7f5849714b1a895e1a3517cd2c4d,org.apache.commons.math.analysis.solvers.BisectionSolver,org.apache.commons.math.analysis.solvers.BisectionSolver_ESTest,30,0,True
353,Defects4J,Math-70,0,27622507fb3e46fa824232bf23a2eafd,org.apache.commons.math.analysis.solvers.BisectionSolver,org.apache.commons.math.analysis.solvers.BisectionSolver_ESTest,29,0,True
354,Defects4J,Math-70,0,6ae7232f707643e4a98cd3ca7afce410,org.apache.commons.math.analysis.solvers.BisectionSolver,org.apache.commons.math.analysis.solvers.BisectionSolver_ESTest,28,0,True
355,Defects4J,Math-70,0,3404cba8322349d3aaf008d71135fa62,org.apache.commons.math.analysis.solvers.BisectionSolver,org.apache.commons.math.analysis.solvers.BisectionSolver_ESTest,31,0,True
356,Defects4J,Math-70,0,124b545b9a75480aaf8c380548316e71,org.apache.commons.math.analysis.solvers.BisectionSolver,org.apache.commons.math.analysis.solvers.BisectionSolver_ESTest,28,0,True
357,Defects4J,Math-70,0,4ab261e07bc54b1ea80377eabbe4bc5c,org.apache.commons.math.analysis.solvers.BisectionSolver,org.apache.commons.math.analysis.solvers.BisectionSolver_ESTest,30,0,True
358,Defects4J,Math-70,0,7a0f793ea577442a8067c287a2ba771b,org.apache.commons.math.analysis.solvers.BisectionSolver,org.apache.commons.math.analysis.solvers.BisectionSolver_ESTest,29,0,True
359,Defects4J,Math-79,0,c8660c96402e46098eda8147278aebb5,org.apache.commons.math.stat.clustering.KMeansPlusPlusClusterer,org.apache.commons.math.stat.clustering.KMeansPlusPlusClusterer_ESTest,9,0,True
360,Defects4J,Math-79,0,bf2026ed60db475b92cbbad721208fd1,org.apache.commons.math.stat.clustering.KMeansPlusPlusClusterer,org.apache.commons.math.stat.clustering.KMeansPlusPlusClusterer_ESTest,8,0,True
361,Defects4J,Math-79,0,7a62a963b8cd4e1aa14265de81cb143c,org.apache.commons.math.stat.clustering.KMeansPlusPlusClusterer,org.apache.commons.math.stat.clustering.KMeansPlusPlusClusterer_ESTest,7,0,True
362,Defects4J,Math-79,0,88dae7986d514c30a0fc083264135327,org.apache.commons.math.stat.clustering.KMeansPlusPlusClusterer,org.apache.commons.math.stat.clustering.KMeansPlusPlusClusterer_ESTest,8,0,False
363,Defects4J,Math-79,0,c8f63b17e8674b06a023c4ea26ee797e,org.apache.commons.math.stat.clustering.KMeansPlusPlusClusterer,org.apache.commons.math.stat.clustering.KMeansPlusPlusClusterer_ESTest,9,0,True
364,Defects4J,Math-79,0,e053e4090b434d629cd4fee16857d39e,org.apache.commons.math.stat.clustering.KMeansPlusPlusClusterer,org.apache.commons.math.stat.clustering.KMeansPlusPlusClusterer_ESTest,7,0,True
365,Defects4J,Math-79,0,19073657af614839ab895fd7fc7f158b,org.apache.commons.math.stat.clustering.KMeansPlusPlusClusterer,org.apache.commons.math.stat.clustering.KMeansPlusPlusClusterer_ESTest,10,0,True
366,Defects4J,Math-79,0,006d785beb20452993c0b4fc7ae891a1,org.apache.commons.math.stat.clustering.KMeansPlusPlusClusterer,org.apache.commons.math.stat.clustering.KMeansPlusPlusClusterer_ESTest,9,0,True
367,Defects4J,Math-79,0,3c95832789164c4ba0d25f7463b7ef58,org.apache.commons.math.stat.clustering.KMeansPlusPlusClusterer,org.apache.commons.math.stat.clustering.KMeansPlusPlusClusterer_ESTest,8,0,False
368,Defects4J,Math-79,0,ceee3b68f44845aba0b66c6897622db5,org.apache.commons.math.stat.clustering.KMeansPlusPlusClusterer,org.apache.commons.math.stat.clustering.KMeansPlusPlusClusterer_ESTest,9,0,True
369,Defects4J,Csv-11,0,4251a62f1c2142a6a697e12973f4c338,org.apache.commons.csv.CSVParser,org.apache.commons.csv.CSVParser_ESTest,34,0,True
370,Defects4J,Csv-11,0,ea9d37e3acdc47de9b7ba154a9f3e677,org.apache.commons.csv.CSVParser,org.apache.commons.csv.CSVParser_ESTest,35,0,True
371,Defects4J,Csv-11,0,74f08b99cddc44868a40a1965368cfbd,org.apache.commons.csv.CSVParser,org.apache.commons.csv.CSVParser_ESTest,34,0,True
372,Defects4J,Csv-11,0,2aaf6d77948845f3bbec5a7e9ebd7311,org.apache.commons.csv.CSVParser,org.apache.commons.csv.CSVParser_ESTest,34,0,True
373,Defects4J,Csv-11,0,22d2ded5b9f24026bf02b664d9d9a3da,org.apache.commons.csv.CSVParser,org.apache.commons.csv.CSVParser_ESTest,37,0,True
374,Defects4J,Csv-11,0,6def239743ab468f969b5e9c4c315fab,org.apache.commons.csv.CSVParser,org.apache.commons.csv.CSVParser_ESTest,31,0,True
375,Defects4J,Csv-11,0,834481c306cf4057941f228388977db3,org.apache.commons.csv.CSVParser,org.apache.commons.csv.CSVParser_ESTest,37,0,True
376,Defects4J,Csv-11,0,89826fcd1ac84cd1951558a2fbbe5284,org.apache.commons.csv.CSVParser,org.apache.commons.csv.CSVParser_ESTest,34,0,True
377,Defects4J,Csv-11,0,ea7d284fdc0f40168f9dd59283295a49,org.apache.commons.csv.CSVParser,org.apache.commons.csv.CSVParser_ESTest,34,0,True
378,Defects4J,Csv-11,0,583d6e0382e94b96a0b5f595d1b3a2ec,org.apache.commons.csv.CSVParser,org.apache.commons.csv.CSVParser_ESTest,34,0,True
379,Defects4J,Cli-30,0,1fc96061261048ab99a2fe08b20e27e7,org.apache.commons.cli.Parser,org.apache.commons.cli.Parser_ESTest,40,0,True
380,Defects4J,Cli-30,0,1fc96061261048ab99a2fe08b20e27e7,org.apache.commons.cli.DefaultParser,org.apache.commons.cli.DefaultParser_ESTest,40,0,False
381,Defects4J,Cli-30,0,295f5cc1c9be49089e6cb860e9e88a7b,org.apache.commons.cli.Parser,org.apache.commons.cli.Parser_ESTest,37,0,True
382,Defects4J,Cli-30,0,295f5cc1c9be49089e6cb860e9e88a7b,org.apache.commons.cli.DefaultParser,org.apache.commons.cli.DefaultParser_ESTest,36,0,False
383,Defects4J,Cli-30,0,0527d02ba81844b186a14e932a0620e1,org.apache.commons.cli.Parser,org.apache.commons.cli.Parser_ESTest,42,0,True
384,Defects4J,Cli-30,0,0527d02ba81844b186a14e932a0620e1,org.apache.commons.cli.DefaultParser,org.apache.commons.cli.DefaultParser_ESTest,32,0,False
385,Defects4J,Cli-30,0,1000afc5253f4ae08727b79f4f8caa4c,org.apache.commons.cli.Parser,org.apache.commons.cli.Parser_ESTest,33,0,True
386,Defects4J,Cli-30,0,1000afc5253f4ae08727b79f4f8caa4c,org.apache.commons.cli.DefaultParser,org.apache.commons.cli.DefaultParser_ESTest,28,0,False
387,Defects4J,Cli-30,0,fa122f41dc954fdc9d208fd857265dc9,org.apache.commons.cli.Parser,org.apache.commons.cli.Parser_ESTest,40,0,True
388,Defects4J,Cli-30,0,fa122f41dc954fdc9d208fd857265dc9,org.apache.commons.cli.DefaultParser,org.apache.commons.cli.DefaultParser_ESTest,40,0,False
389,Defects4J,Cli-30,0,484f1b5f315a4f8797363b610d1ff847,org.apache.commons.cli.Parser,org.apache.commons.cli.Parser_ESTest,31,0,True
390,Defects4J,Cli-30,0,484f1b5f315a4f8797363b610d1ff847,org.apache.commons.cli.DefaultParser,org.apache.commons.cli.DefaultParser_ESTest,37,0,False
391,Defects4J,Cli-30,0,2f78c66f804e4321847f02791abfd5c2,org.apache.commons.cli.Parser,org.apache.commons.cli.Parser_ESTest,40,0,True
392,Defects4J,Cli-30,0,2f78c66f804e4321847f02791abfd5c2,org.apache.commons.cli.DefaultParser,org.apache.commons.cli.DefaultParser_ESTest,28,0,False
393,Defects4J,Cli-30,0,7fb985f54c7f45d49b49e80986d370f5,org.apache.commons.cli.Parser,org.apache.commons.cli.Parser_ESTest,41,0,True
394,Defects4J,Cli-30,0,7fb985f54c7f45d49b49e80986d370f5,org.apache.commons.cli.DefaultParser,org.apache.commons.cli.DefaultParser_ESTest,36,0,False
395,Defects4J,Cli-30,0,786b6e9c39af4dbd9cdd65e11b62af94,org.apache.commons.cli.Parser,org.apache.commons.cli.Parser_ESTest,41,0,True
396,Defects4J,Cli-30,0,786b6e9c39af4dbd9cdd65e11b62af94,org.apache.commons.cli.DefaultParser,org.apache.commons.cli.DefaultParser_ESTest,33,0,False
397,Defects4J,Cli-30,0,eea54a5fad354478ad75f6f73732c5bf,org.apache.commons.cli.Parser,org.apache.commons.cli.Parser_ESTest,41,0,True
398,Defects4J,Cli-30,0,eea54a5fad354478ad75f6f73732c5bf,org.apache.commons.cli.DefaultParser,org.apache.commons.cli.DefaultParser_ESTest,35,0,False
399,Defects4J,Cli-30,1,1fc96061261048ab99a2fe08b20e27e7,org.apache.commons.cli.Parser,org.apache.commons.cli.Parser_ESTest,40,0,False
400,Defects4J,Cli-30,1,1fc96061261048ab99a2fe08b20e27e7,org.apache.commons.cli.DefaultParser,org.apache.commons.cli.DefaultParser_ESTest,40,0,True
401,Defects4J,Cli-30,1,295f5cc1c9be49089e6cb860e9e88a7b,org.apache.commons.cli.Parser,org.apache.commons.cli.Parser_ESTest,37,0,False
402,Defects4J,Cli-30,1,295f5cc1c9be49089e6cb860e9e88a7b,org.apache.commons.cli.DefaultParser,org.apache.commons.cli.DefaultParser_ESTest,36,0,True
403,Defects4J,Cli-30,1,0527d02ba81844b186a14e932a0620e1,org.apache.commons.cli.Parser,org.apache.commons.cli.Parser_ESTest,42,0,False
404,Defects4J,Cli-30,1,0527d02ba81844b186a14e932a0620e1,org.apache.commons.cli.DefaultParser,org.apache.commons.cli.DefaultParser_ESTest,32,0,True
405,Defects4J,Cli-30,1,1000afc5253f4ae08727b79f4f8caa4c,org.apache.commons.cli.Parser,org.apache.commons.cli.Parser_ESTest,33,0,False
406,Defects4J,Cli-30,1,1000afc5253f4ae08727b79f4f8caa4c,org.apache.commons.cli.DefaultParser,org.apache.commons.cli.DefaultParser_ESTest,28,0,True
407,Defects4J,Cli-30,1,fa122f41dc954fdc9d208fd857265dc9,org.apache.commons.cli.Parser,org.apache.commons.cli.Parser_ESTest,40,0,False
408,Defects4J,Cli-30,1,fa122f41dc954fdc9d208fd857265dc9,org.apache.commons.cli.DefaultParser,org.apache.commons.cli.DefaultParser_ESTest,40,0,True
409,Defects4J,Cli-30,1,484f1b5f315a4f8797363b610d1ff847,org.apache.commons.cli.Parser,org.apache.commons.cli.Parser_ESTest,31,0,False
410,Defects4J,Cli-30,1,484f1b5f315a4f8797363b610d1ff847,org.apache.commons.cli.DefaultParser,org.apache.commons.cli.DefaultParser_ESTest,37,0,False
411,Defects4J,Cli-30,1,2f78c66f804e4321847f02791abfd5c2,org.apache.commons.cli.Parser,org.apache.commons.cli.Parser_ESTest,40,0,False
412,Defects4J,Cli-30,1,2f78c66f804e4321847f02791abfd5c2,org.apache.commons.cli.DefaultParser,org.apache.commons.cli.DefaultParser_ESTest,28,0,True
413,Defects4J,Cli-30,1,7fb985f54c7f45d49b49e80986d370f5,org.apache.commons.cli.Parser,org.apache.commons.cli.Parser_ESTest,41,0,False
414,Defects4J,Cli-30,1,7fb985f54c7f45d49b49e80986d370f5,org.apache.commons.cli.DefaultParser,org.apache.commons.cli.DefaultParser_ESTest,36,0,True
415,Defects4J,Cli-30,1,786b6e9c39af4dbd9cdd65e11b62af94,org.apache.commons.cli.Parser,org.apache.commons.cli.Parser_ESTest,41,0,False
416,Defects4J,Cli-30,1,786b6e9c39af4dbd9cdd65e11b62af94,org.apache.commons.cli.DefaultParser,org.apache.commons.cli.DefaultParser_ESTest,33,0,True
417,Defects4J,Cli-30,1,eea54a5fad354478ad75f6f73732c5bf,org.apache.commons.cli.Parser,org.apache.commons.cli.Parser_ESTest,41,0,False
418,Defects4J,Cli-30,1,eea54a5fad354478ad75f6f73732c5bf,org.apache.commons.cli.DefaultParser,org.apache.commons.cli.DefaultParser_ESTest,35,0,True
419,NPEX,PDFBox-55586aad,0,402110baf68c483f9b3314e2cd9a5c14,org.apache.pdfbox.pdmodel.interactive.action.PDActionURI,org.apache.pdfbox.pdmodel.interactive.action.PDActionURI_ESTest,9,0,True
420,NPEX,PDFBox-55586aad,0,95b074c087ed465e9e87a2fff39b51ff,org.apache.pdfbox.pdmodel.interactive.action.PDActionURI,org.apache.pdfbox.pdmodel.interactive.action.PDActionURI_ESTest,9,0,True
421,NPEX,PDFBox-55586aad,0,8640c020364149fa88c02a53b627b933,org.apache.pdfbox.pdmodel.interactive.action.PDActionURI,org.apache.pdfbox.pdmodel.interactive.action.PDActionURI_ESTest,9,0,True
422,NPEX,PDFBox-55586aad,0,724667794e4140f294e89b954892f669,org.apache.pdfbox.pdmodel.interactive.action.PDActionURI,org.apache.pdfbox.pdmodel.interactive.action.PDActionURI_ESTest,9,0,True
423,NPEX,PDFBox-55586aad,0,61191bee93724ae8922649d42e02df62,org.apache.pdfbox.pdmodel.interactive.action.PDActionURI,org.apache.pdfbox.pdmodel.interactive.action.PDActionURI_ESTest,9,0,True
424,NPEX,PDFBox-55586aad,0,13996cacbba348d18b62bf90fdd5958a,org.apache.pdfbox.pdmodel.interactive.action.PDActionURI,org.apache.pdfbox.pdmodel.interactive.action.PDActionURI_ESTest,9,0,True
425,NPEX,Log4j_2-6a233016,0,59ac2caeee7c4da38ca10860a5c1486e,org.apache.logging.log4j.core.async.RingBufferLogEvent,org.apache.logging.log4j.core.async.RingBufferLogEvent_ESTest,88,0,True
426,NPEX,Log4j_2-6a233016,0,7c9e184dac394f49af58135d76d70050,org.apache.logging.log4j.core.async.RingBufferLogEvent,org.apache.logging.log4j.core.async.RingBufferLogEvent_ESTest,86,0,True
427,NPEX,Log4j_2-6a233016,0,c732520673774833ba68caad466863af,org.apache.logging.log4j.core.async.RingBufferLogEvent,org.apache.logging.log4j.core.async.RingBufferLogEvent_ESTest,82,0,True
428,NPEX,Log4j_2-6a233016,0,f4abe8a764ad48ff9094e3692011a2b6,org.apache.logging.log4j.core.async.RingBufferLogEvent,org.apache.logging.log4j.core.async.RingBufferLogEvent_ESTest,85,0,True
429,NPEX,Log4j_2-6a233016,0,96d061e4c58945ac8e52e8ce26b88417,org.apache.logging.log4j.core.async.RingBufferLogEvent,org.apache.logging.log4j.core.async.RingBufferLogEvent_ESTest,84,0,True
430,NPEX,Log4j_2-6a233016,0,0de388bea58c4e3aaeb7ba82459596fb,org.apache.logging.log4j.core.async.RingBufferLogEvent,org.apache.logging.log4j.core.async.RingBufferLogEvent_ESTest,90,0,True
431,NPEX,Log4j_2-6a233016,0,4f5fae6a17304854884130dfa7b793cd,org.apache.logging.log4j.core.async.RingBufferLogEvent,org.apache.logging.log4j.core.async.RingBufferLogEvent_ESTest,88,0,True
432,NPEX,Log4j_2-6a233016,0,31f16aba069b49489234fc504a8e1337,org.apache.logging.log4j.core.async.RingBufferLogEvent,org.apache.logging.log4j.core.async.RingBufferLogEvent_ESTest,125,0,True
433,NPEX,Ninja-16aa9c14,0,56bd1ead67a34a71af8c7900331d7ee5,ninja.Route,ninja.Route_ESTest,24,0,True
434,NPEX,Ninja-16aa9c14,0,b6772b0b648e49798dcf8c19837164e9,ninja.Route,ninja.Route_ESTest,24,0,True
435,NPEX,Ninja-16aa9c14,0,a9f0ba8de5084762887d714f0454e70a,ninja.Route,ninja.Route_ESTest,26,0,False
436,NPEX,Ninja-16aa9c14,0,c4daf93f9ddf46c189ec1143a2b457fe,ninja.Route,ninja.Route_ESTest,24,0,True
437,NPEX,Ninja-16aa9c14,0,ab192af570264048886a723577e180c1,ninja.Route,ninja.Route_ESTest,25,0,True
438,NPEX,Ninja-16aa9c14,0,5fed6b7e018848b59e60237f19ef96a9,ninja.Route,ninja.Route_ESTest,25,0,True
439,NPEX,Ninja-16aa9c14,0,5ea27ba997f8401dbf8dbad95e978295,ninja.Route,ninja.Route_ESTest,24,0,True
440,NPEX,Ninja-16aa9c14,0,7189e815e958479b91693261d54adc7a,ninja.Route,ninja.Route_ESTest,25,0,False
441,NPEX,Ninja-16aa9c14,0,5c99a35105434001bff5bbb945d1ef51,ninja.Route,ninja.Route_ESTest,24,0,True
442,NPEX,Ninja-16aa9c14,0,75f6909350f54203beb43f4aa18e922e,ninja.Route,ninja.Route_ESTest,25,0,True
443,NPEX,Aries_JPA-97cb979d,0,205c722557e04cb28e448e2060fbf7e0,org.apache.aries.jpa.blueprint.impl.AnnotationScanner,org.apache.aries.jpa.blueprint.impl.AnnotationScanner_ESTest,4,0,False
444,NPEX,Aries_JPA-97cb979d,0,328211a6852041a5846b26dd92afbf9b,org.apache.aries.jpa.blueprint.impl.AnnotationScanner,org.apache.aries.jpa.blueprint.impl.AnnotationScanner_ESTest,4,0,False
445,NPEX,Aries_JPA-97cb979d,0,fd253c58aa324da2bc2657208f31497b,org.apache.aries.jpa.blueprint.impl.AnnotationScanner,org.apache.aries.jpa.blueprint.impl.AnnotationScanner_ESTest,4,0,False
446,NPEX,Aries_JPA-97cb979d,0,1ef335a050e54177a6ff89dfca20aeb1,org.apache.aries.jpa.blueprint.impl.AnnotationScanner,org.apache.aries.jpa.blueprint.impl.AnnotationScanner_ESTest,4,0,False
447,NPEX,Aries_JPA-97cb979d,0,c5e5e93293de448a816c8d9453e4a449,org.apache.aries.jpa.blueprint.impl.AnnotationScanner,org.apache.aries.jpa.blueprint.impl.AnnotationScanner_ESTest,4,0,False
448,NPEX,Aries_JPA-97cb979d,0,f9a7b7c4a655421591f18c52bfa78fdd,org.apache.aries.jpa.blueprint.impl.AnnotationScanner,org.apache.aries.jpa.blueprint.impl.AnnotationScanner_ESTest,4,0,False
449,NPEX,Aries_JPA-97cb979d,0,78210ab32bb94c91bee63f9c954cdb53,org.apache.aries.jpa.blueprint.impl.AnnotationScanner,org.apache.aries.jpa.blueprint.impl.AnnotationScanner_ESTest,4,0,False
450,NPEX,Aries_JPA-97cb979d,0,c02e590a43564af5b9fe7c4e910142f4,org.apache.aries.jpa.blueprint.impl.AnnotationScanner,org.apache.aries.jpa.blueprint.impl.AnnotationScanner_ESTest,4,0,False
451,NPEX,Aries_JPA-97cb979d,0,0413d8a7c7be49dbaca3371b66cd199e,org.apache.aries.jpa.blueprint.impl.AnnotationScanner,org.apache.aries.jpa.blueprint.impl.AnnotationScanner_ESTest,4,0,False
452,NPEX,Aries_JPA-97cb979d,0,c704437772b643b282184857a0040a17,org.apache.aries.jpa.blueprint.impl.AnnotationScanner,org.apache.aries.jpa.blueprint.impl.AnnotationScanner_ESTest,4,0,False
453,NPEX,Activiti-c45d6c3c,0,ca2175639046465eb5175f6802d2e37d,org.activiti.engine.impl.variable.JPAEntityMappings,org.activiti.engine.impl.variable.JPAEntityMappings_ESTest,27,0,False
454,NPEX,Activiti-c45d6c3c,0,0559442efbdd48fb8783abd90bb97889,org.activiti.engine.impl.variable.JPAEntityMappings,org.activiti.engine.impl.variable.JPAEntityMappings_ESTest,27,0,False
455,NPEX,Activiti-c45d6c3c,0,0e1c6d58f3be4b779982df06fe4dd507,org.activiti.engine.impl.variable.JPAEntityMappings,org.activiti.engine.impl.variable.JPAEntityMappings_ESTest,27,0,False
456,NPEX,Activiti-c45d6c3c,0,b24c0ed98ba84eef8b10bf2651855ec6,org.activiti.engine.impl.variable.JPAEntityMappings,org.activiti.engine.impl.variable.JPAEntityMappings_ESTest,27,0,False
457,NPEX,Activiti-c45d6c3c,0,ffea821016ae4af48e5c2f2432be0e41,org.activiti.engine.impl.variable.JPAEntityMappings,org.activiti.engine.impl.variable.JPAEntityMappings_ESTest,29,0,False
458,NPEX,Activiti-c45d6c3c,0,16905d341d9547c8a46858f2bb3ed28e,org.activiti.engine.impl.variable.JPAEntityMappings,org.activiti.engine.impl.variable.JPAEntityMappings_ESTest,27,0,False
459,NPEX,Activiti-c45d6c3c,0,cc93bda240ba46fdbafb7d7e867efd1e,org.activiti.engine.impl.variable.JPAEntityMappings,org.activiti.engine.impl.variable.JPAEntityMappings_ESTest,31,0,False
460,NPEX,Activiti-c45d6c3c,0,e7c5422162d840de86afed52d1b1d5fe,org.activiti.engine.impl.variable.JPAEntityMappings,org.activiti.engine.impl.variable.JPAEntityMappings_ESTest,28,0,False
461,NPEX,Activiti-c45d6c3c,0,6dfe016a420e46a08db1b333e4d0ca1e,org.activiti.engine.impl.variable.JPAEntityMappings,org.activiti.engine.impl.variable.JPAEntityMappings_ESTest,28,0,False
462,NPEX,Activiti-c45d6c3c,0,30a17118fd054818aa56b75902ea4bd6,org.activiti.engine.impl.variable.JPAEntityMappings,org.activiti.engine.impl.variable.JPAEntityMappings_ESTest,27,0,False
463,NPEX,Nutz-87a4b212,0,d25ad31a6a0c4313833862bc69db9ba4,org.nutz.lang.Mirror,org.nutz.lang.Mirror_ESTest,299,0,True
464,NPEX,Nutz-87a4b212,0,f43f4eef30834a4a8007c261ea7494c2,org.nutz.lang.Mirror,org.nutz.lang.Mirror_ESTest,300,0,True
465,NPEX,Nutz-87a4b212,0,b37706347b0342a5a211b3a4823601ef,org.nutz.lang.Mirror,org.nutz.lang.Mirror_ESTest,286,0,True
466,NPEX,Nutz-87a4b212,0,7c9543135af74e539a2f0f642185b033,org.nutz.lang.Mirror,org.nutz.lang.Mirror_ESTest,445,0,True
467,NPEX,Nutz-87a4b212,0,bada0425a5964f97a3666846d384cd6f,org.nutz.lang.Mirror,org.nutz.lang.Mirror_ESTest,313,0,True
468,NPEX,Nutz-87a4b212,0,20518d02c5f544e7b98a90d37a2244c5,org.nutz.lang.Mirror,org.nutz.lang.Mirror_ESTest,300,0,True
469,NPEX,Nutz-87a4b212,0,6ab696aa65ba4094af57708a41118c3a,org.nutz.lang.Mirror,org.nutz.lang.Mirror_ESTest,309,0,True
470,NPEX,Nutz-87a4b212,0,b75020edd4a142b281e96adaaa59e96c,org.nutz.lang.Mirror,org.nutz.lang.Mirror_ESTest,306,0,True
471,NPEX,Nutz-87a4b212,0,65782bdb61f74000a37d293d6ab1cce6,org.nutz.lang.Mirror,org.nutz.lang.Mirror_ESTest,285,0,True
472,NPEX,Nutz-87a4b212,0,c41e5aa50c1f4c40b6f8686ffd2b304a,org.nutz.lang.Mirror,org.nutz.lang.Mirror_ESTest,293,0,True
473,NPEX,OpenPDF-a89dfdf5,0,02094c801ccc40bfb8c8dd9ef46f3f67,com.lowagie.text.pdf.StandardDecryption,com.lowagie.text.pdf.StandardDecryption_ESTest,16,0,True
474,NPEX,OpenPDF-a89dfdf5,0,31de4302438148b194c9f982de832ad3,com.lowagie.text.pdf.StandardDecryption,com.lowagie.text.pdf.StandardDecryption_ESTest,18,0,True
475,NPEX,OpenPDF-a89dfdf5,0,5fd11de79741409fb6b14dca48b11fcb,com.lowagie.text.pdf.StandardDecryption,com.lowagie.text.pdf.StandardDecryption_ESTest,15,0,True
476,NPEX,OpenPDF-a89dfdf5,0,c5ca31d9fd5c4b138dc91427afaa8e6c,com.lowagie.text.pdf.StandardDecryption,com.lowagie.text.pdf.StandardDecryption_ESTest,15,0,True
477,NPEX,OpenPDF-a89dfdf5,0,7f13f9a28954415e8e70f070c5073335,com.lowagie.text.pdf.StandardDecryption,com.lowagie.text.pdf.StandardDecryption_ESTest,16,0,True
478,NPEX,OpenPDF-a89dfdf5,0,6d876e0a213c42609d8765890e739cf1,com.lowagie.text.pdf.StandardDecryption,com.lowagie.text.pdf.StandardDecryption_ESTest,16,0,True
479,NPEX,OpenPDF-a89dfdf5,0,ce645048510d431ea6ac2c9cf7d2024f,com.lowagie.text.pdf.StandardDecryption,com.lowagie.text.pdf.StandardDecryption_ESTest,16,0,True
480,NPEX,ActiveMQ_Artemis-586abba9,0,6131383a15e640779af5c3aee8957066,org.apache.activemq.artemis.selector.filter.UnaryExpression,org.apache.activemq.artemis.selector.filter.UnaryExpression_ESTest,35,0,False
481,NPEX,ActiveMQ_Artemis-586abba9,0,3ab5134b6bb449c6a80c69552dfc00a6,org.apache.activemq.artemis.selector.filter.UnaryExpression,org.apache.activemq.artemis.selector.filter.UnaryExpression_ESTest,33,0,False
482,NPEX,ActiveMQ_Artemis-586abba9,0,a452a52533bd48069ec2519f2437f25a,org.apache.activemq.artemis.selector.filter.UnaryExpression,org.apache.activemq.artemis.selector.filter.UnaryExpression_ESTest,32,0,False
483,NPEX,ActiveMQ_Artemis-586abba9,0,cfe349e652de46829e3d9b5f9a55251d,org.apache.activemq.artemis.selector.filter.UnaryExpression,org.apache.activemq.artemis.selector.filter.UnaryExpression_ESTest,33,0,False
484,NPEX,ActiveMQ_Artemis-586abba9,0,5319139262bf491e80c7376e999e3f20,org.apache.activemq.artemis.selector.filter.UnaryExpression,org.apache.activemq.artemis.selector.filter.UnaryExpression_ESTest,32,0,False
485,NPEX,ActiveMQ_Artemis-586abba9,0,8c7680b538ac4fc58596ce4d8d913c9f,org.apache.activemq.artemis.selector.filter.UnaryExpression,org.apache.activemq.artemis.selector.filter.UnaryExpression_ESTest,31,0,False
486,NPEX,ActiveMQ_Artemis-586abba9,0,810a95ebadef448a9e33041feabd8277,org.apache.activemq.artemis.selector.filter.UnaryExpression,org.apache.activemq.artemis.selector.filter.UnaryExpression_ESTest,30,0,False
487,NPEX,ActiveMQ_Artemis-586abba9,0,682449252a184efca84c266868e2f7da,org.apache.activemq.artemis.selector.filter.UnaryExpression,org.apache.activemq.artemis.selector.filter.UnaryExpression_ESTest,34,0,False
488,NPEX,ActiveMQ_Artemis-586abba9,0,888d6c91f9f94bc0bd5331a50918e5f6,org.apache.activemq.artemis.selector.filter.UnaryExpression,org.apache.activemq.artemis.selector.filter.UnaryExpression_ESTest,34,0,False
489,NPEX,ActiveMQ_Artemis-586abba9,0,7df2f92d21324b9f9de439650220b0ea,org.apache.activemq.artemis.selector.filter.UnaryExpression,org.apache.activemq.artemis.selector.filter.UnaryExpression_ESTest,37,0,False
490,NPEX,ShardingSphere-82b1b9d5,0,3dd93800e38c484ebb98039cd5ec5f42,org.apache.shardingsphere.infra.executor.sql.context.ExecutionContextBuilder,org.apache.shardingsphere.infra.executor.sql.context.ExecutionContextBuilder_ESTest,0,0,False
491,NPEX,ShardingSphere-82b1b9d5,0,d93bc9e5123c4556b0ff5a68249089f8,org.apache.shardingsphere.infra.executor.sql.context.ExecutionContextBuilder,org.apache.shardingsphere.infra.executor.sql.context.ExecutionContextBuilder_ESTest,0,0,False
492,NPEX,ShardingSphere-82b1b9d5,0,e43feccf901346619ba6ab49dc351867,org.apache.shardingsphere.infra.executor.sql.context.ExecutionContextBuilder,org.apache.shardingsphere.infra.executor.sql.context.ExecutionContextBuilder_ESTest,0,0,False
493,NPEX,ShardingSphere-82b1b9d5,0,019b688547e7446bb17e37b31236eee6,org.apache.shardingsphere.infra.executor.sql.context.ExecutionContextBuilder,org.apache.shardingsphere.infra.executor.sql.context.ExecutionContextBuilder_ESTest,0,0,False
494,NPEX,ShardingSphere-82b1b9d5,0,5ef2ae95b52e4823b8de9f035a2d0f2c,org.apache.shardingsphere.infra.executor.sql.context.ExecutionContextBuilder,org.apache.shardingsphere.infra.executor.sql.context.ExecutionContextBuilder_ESTest,0,0,False
495,NPEX,ShardingSphere-82b1b9d5,0,5b6262a7066a4e23a26e0d82ff896d30,org.apache.shardingsphere.infra.executor.sql.context.ExecutionContextBuilder,org.apache.shardingsphere.infra.executor.sql.context.ExecutionContextBuilder_ESTest,0,0,False
496,NPEX,ShardingSphere-82b1b9d5,0,5b9453f9c26745928e44834049c50feb,org.apache.shardingsphere.infra.executor.sql.context.ExecutionContextBuilder,org.apache.shardingsphere.infra.executor.sql.context.ExecutionContextBuilder_ESTest,0,0,False
497,NPEX,ShardingSphere-82b1b9d5,0,fdf48a1a85944bf89f37ab5b031bacf2,org.apache.shardingsphere.infra.executor.sql.context.ExecutionContextBuilder,org.apache.shardingsphere.infra.executor.sql.context.ExecutionContextBuilder_ESTest,0,0,False
498,NPEX,ShardingSphere-82b1b9d5,0,b671cbae01d9480e9f155cedc13d1a59,org.apache.shardingsphere.infra.executor.sql.context.ExecutionContextBuilder,org.apache.shardingsphere.infra.executor.sql.context.ExecutionContextBuilder_ESTest,0,0,False
499,NPEX,ShardingSphere-82b1b9d5,0,b6125ddb8cc14b41acdad4d4eeceefa8,org.apache.shardingsphere.infra.executor.sql.context.ExecutionContextBuilder,org.apache.shardingsphere.infra.executor.sql.context.ExecutionContextBuilder_ESTest,0,0,False
500,NPEX,CXF-7cfc8d07,0,fe093d44ddac47de863f33de28688366,org.apache.cxf.rs.security.jose.jws.JwsUtils,org.apache.cxf.rs.security.jose.jws.JwsUtils_ESTest,97,0,False
501,NPEX,CXF-7cfc8d07,0,da1aca8d9ac24b82aeb19d777fb54b2a,org.apache.cxf.rs.security.jose.jws.JwsUtils,org.apache.cxf.rs.security.jose.jws.JwsUtils_ESTest,99,0,False
502,NPEX,CXF-7cfc8d07,0,5d16e2dc746e4d8e99b0cbec768b1e8b,org.apache.cxf.rs.security.jose.jws.JwsUtils,org.apache.cxf.rs.security.jose.jws.JwsUtils_ESTest,84,0,False
503,NPEX,CXF-7cfc8d07,0,b273597fa935444da1f80fa522dc6417,org.apache.cxf.rs.security.jose.jws.JwsUtils,org.apache.cxf.rs.security.jose.jws.JwsUtils_ESTest,101,0,False
504,NPEX,CXF-7cfc8d07,0,771a324dc3034df99213c765d4567c44,org.apache.cxf.rs.security.jose.jws.JwsUtils,org.apache.cxf.rs.security.jose.jws.JwsUtils_ESTest,147,0,False
505,NPEX,CXF-7cfc8d07,0,b3f869021c20407c81397e5254f8dfdd,org.apache.cxf.rs.security.jose.jws.JwsUtils,org.apache.cxf.rs.security.jose.jws.JwsUtils_ESTest,86,0,False
506,NPEX,CXF-7cfc8d07,0,b16d840dda8241ff8e16d9ad352fe411,org.apache.cxf.rs.security.jose.jws.JwsUtils,org.apache.cxf.rs.security.jose.jws.JwsUtils_ESTest,101,0,False
507,NPEX,CXF-7cfc8d07,0,4a5e9c2e127c4075a4f76842fe6a9992,org.apache.cxf.rs.security.jose.jws.JwsUtils,org.apache.cxf.rs.security.jose.jws.JwsUtils_ESTest,86,0,False
508,NPEX,CXF-7cfc8d07,0,b5e537b1592a42d6a66be0bff52966ab,org.apache.cxf.rs.security.jose.jws.JwsUtils,org.apache.cxf.rs.security.jose.jws.JwsUtils_ESTest,101,0,False
509,NPEX,CXF-7cfc8d07,0,b7edb9d3cc574f549ea0a2c815e8532e,org.apache.cxf.rs.security.jose.jws.JwsUtils,org.apache.cxf.rs.security.jose.jws.JwsUtils_ESTest,82,0,False
510,NPEX,Fastjson-650a300f,0,6b98d17116ca4834928f316d7f64c9d8,com.alibaba.fastjson.parser.deserializer.DefaultFieldDeserializer,com.alibaba.fastjson.parser.deserializer.DefaultFieldDeserializer_ESTest,18,0,True
511,NPEX,Fastjson-650a300f,0,36edbe5699794ebd907486ad693e72b0,com.alibaba.fastjson.parser.deserializer.DefaultFieldDeserializer,com.alibaba.fastjson.parser.deserializer.DefaultFieldDeserializer_ESTest,19,0,False
512,NPEX,Fastjson-650a300f,0,bd87c4321fe14e81bc97c79a6c6cfc48,com.alibaba.fastjson.parser.deserializer.DefaultFieldDeserializer,com.alibaba.fastjson.parser.deserializer.DefaultFieldDeserializer_ESTest,19,0,False
513,NPEX,Fastjson-650a300f,0,6ba2b0c4e7b242a6a5da5c59135ae00f,com.alibaba.fastjson.parser.deserializer.DefaultFieldDeserializer,com.alibaba.fastjson.parser.deserializer.DefaultFieldDeserializer_ESTest,14,0,False
514,NPEX,Fastjson-650a300f,0,993de820176547d5b6d0a7b22a202a0b,com.alibaba.fastjson.parser.deserializer.DefaultFieldDeserializer,com.alibaba.fastjson.parser.deserializer.DefaultFieldDeserializer_ESTest,17,0,False
515,NPEX,Fastjson-650a300f,0,66f74043bd7c49b2aba2d23826e0dee5,com.alibaba.fastjson.parser.deserializer.DefaultFieldDeserializer,com.alibaba.fastjson.parser.deserializer.DefaultFieldDeserializer_ESTest,16,0,False
516,NPEX,Fastjson-650a300f,0,84e42b167b664ce1aab04695eac778cf,com.alibaba.fastjson.parser.deserializer.DefaultFieldDeserializer,com.alibaba.fastjson.parser.deserializer.DefaultFieldDeserializer_ESTest,21,0,False
517,NPEX,Fastjson-650a300f,0,ecaba7d93e2c45879d993d848eb74071,com.alibaba.fastjson.parser.deserializer.DefaultFieldDeserializer,com.alibaba.fastjson.parser.deserializer.DefaultFieldDeserializer_ESTest,15,0,True
518,NPEX,Fastjson-650a300f,0,7e07a17817f64b3499e57a2f896c7971,com.alibaba.fastjson.parser.deserializer.DefaultFieldDeserializer,com.alibaba.fastjson.parser.deserializer.DefaultFieldDeserializer_ESTest,16,0,False
519,NPEX,FOP-10e0d1c2,0,81366d10d04e46169723d30fc0338114,org.apache.fop.fonts.SingleByteFont,org.apache.fop.fonts.SingleByteFont_ESTest,79,0,True
520,NPEX,FOP-10e0d1c2,0,59fc11f330124602ae977663688a1033,org.apache.fop.fonts.SingleByteFont,org.apache.fop.fonts.SingleByteFont_ESTest,86,0,True
521,NPEX,FOP-10e0d1c2,0,5dd6aad7c3b94598a50d6fafd9abd379,org.apache.fop.fonts.SingleByteFont,org.apache.fop.fonts.SingleByteFont_ESTest,77,0,True
522,NPEX,FOP-10e0d1c2,0,25a3723bc0ff430a9e709f665711a040,org.apache.fop.fonts.SingleByteFont,org.apache.fop.fonts.SingleByteFont_ESTest,79,0,True
523,NPEX,FOP-10e0d1c2,0,836e648ac2be4e799012aa3b30540144,org.apache.fop.fonts.SingleByteFont,org.apache.fop.fonts.SingleByteFont_ESTest,80,0,True
524,NPEX,FOP-10e0d1c2,0,a8adc16d55444b139402e23c4f8604bb,org.apache.fop.fonts.SingleByteFont,org.apache.fop.fonts.SingleByteFont_ESTest,77,0,True
525,NPEX,FOP-10e0d1c2,0,dedbc5cdea4c4cc1b51f37c0f761b857,org.apache.fop.fonts.SingleByteFont,org.apache.fop.fonts.SingleByteFont_ESTest,91,0,True
526,NPEX,FOP-10e0d1c2,0,2dc0f164cc9f4aa58e8a73bdae1d2e68,org.apache.fop.fonts.SingleByteFont,org.apache.fop.fonts.SingleByteFont_ESTest,79,0,True
527,NPEX,FOP-10e0d1c2,0,5ed16e447d7747b49ff4695c4d9edb44,org.apache.fop.fonts.SingleByteFont,org.apache.fop.fonts.SingleByteFont_ESTest,88,0,True
528,NPEX,FOP-10e0d1c2,0,1fa341a16bb84adeaf088f97e60f8ad5,org.apache.fop.fonts.SingleByteFont,org.apache.fop.fonts.SingleByteFont_ESTest,87,0,False
529,NPEX,Log4j_2-85661de7,0,5a22cbff79e64ebf9c5f022b51977f48,org.apache.logging.log4j.spi.AbstractLogger,org.apache.logging.log4j.spi.AbstractLogger_ESTest,455,0,False
530,NPEX,Log4j_2-85661de7,0,8ccfdde51f0b4650a5542ff0c4442ef8,org.apache.logging.log4j.spi.AbstractLogger,org.apache.logging.log4j.spi.AbstractLogger_ESTest,478,0,False
531,NPEX,Log4j_2-85661de7,0,1988e4c8492843e6876e0b3bdc17dc5a,org.apache.logging.log4j.spi.AbstractLogger,org.apache.logging.log4j.spi.AbstractLogger_ESTest,473,0,False
532,NPEX,Log4j_2-85661de7,0,8963622a5a144e29be5baf5eac04f933,org.apache.logging.log4j.spi.AbstractLogger,org.apache.logging.log4j.spi.AbstractLogger_ESTest,515,0,False
533,NPEX,Log4j_2-85661de7,0,e0506db680514621b2e5f19f7275a4a7,org.apache.logging.log4j.spi.AbstractLogger,org.apache.logging.log4j.spi.AbstractLogger_ESTest,496,0,False
534,NPEX,Log4j_2-85661de7,0,5f66705c3b14465f8249d9a5434e67ca,org.apache.logging.log4j.spi.AbstractLogger,org.apache.logging.log4j.spi.AbstractLogger_ESTest,436,0,False
535,NPEX,Log4j_2-85661de7,0,e4f8c52f25d74a99b4c3c808070ec7eb,org.apache.logging.log4j.spi.AbstractLogger,org.apache.logging.log4j.spi.AbstractLogger_ESTest,480,0,False
536,NPEX,Log4j_2-85661de7,0,036c59526a804a87b06aff76184749e8,org.apache.logging.log4j.spi.AbstractLogger,org.apache.logging.log4j.spi.AbstractLogger_ESTest,252,0,False
537,NPEX,Log4j_2-85661de7,0,555d97e79bdf4311856ff4d832639f27,org.apache.logging.log4j.spi.AbstractLogger,org.apache.logging.log4j.spi.AbstractLogger_ESTest,395,0,False
538,NPEX,Log4j_2-85661de7,0,eadc46ed5b0b47929918a0c68d0847b5,org.apache.logging.log4j.spi.AbstractLogger,org.apache.logging.log4j.spi.AbstractLogger_ESTest,446,0,False
539,NPEX,HttpComponents_Client-1026a1e5,0,94350fd4138b4e2eafd40cff79eee739,org.apache.hc.client5.http.impl.classic.MinimalHttpClient,org.apache.hc.client5.http.impl.classic.MinimalHttpClient_ESTest,1,0,False
540,NPEX,HttpComponents_Client-1026a1e5,0,3805ae3874c94dbba7d879df8cb23a1e,org.apache.hc.client5.http.impl.classic.MinimalHttpClient,org.apache.hc.client5.http.impl.classic.MinimalHttpClient_ESTest,1,0,False
541,NPEX,HttpComponents_Client-1026a1e5,0,c7362b4daca340a7ae94163faf02df48,org.apache.hc.client5.http.impl.classic.MinimalHttpClient,org.apache.hc.client5.http.impl.classic.MinimalHttpClient_ESTest,1,0,False
542,NPEX,HttpComponents_Client-1026a1e5,0,b4a62d665cd2447980fed8eb12e1b164,org.apache.hc.client5.http.impl.classic.MinimalHttpClient,org.apache.hc.client5.http.impl.classic.MinimalHttpClient_ESTest,1,0,False
543,NPEX,HttpComponents_Client-1026a1e5,0,b199fa7a4828484499124c02dcdee694,org.apache.hc.client5.http.impl.classic.MinimalHttpClient,org.apache.hc.client5.http.impl.classic.MinimalHttpClient_ESTest,1,0,False
544,NPEX,HttpComponents_Client-1026a1e5,0,21c9be23e620459bb2db7888ef206de5,org.apache.hc.client5.http.impl.classic.MinimalHttpClient,org.apache.hc.client5.http.impl.classic.MinimalHttpClient_ESTest,1,0,False
545,NPEX,HttpComponents_Client-1026a1e5,0,1df6657f6bf44f2797bd7426fa2c3ef3,org.apache.hc.client5.http.impl.classic.MinimalHttpClient,org.apache.hc.client5.http.impl.classic.MinimalHttpClient_ESTest,1,0,False
546,NPEX,HttpComponents_Client-1026a1e5,0,6020af5bcf6249a58f9c536dbdad9d4e,org.apache.hc.client5.http.impl.classic.MinimalHttpClient,org.apache.hc.client5.http.impl.classic.MinimalHttpClient_ESTest,1,0,False
547,NPEX,HttpComponents_Client-1026a1e5,0,408b13ac5eb5449984d6b4c8791e35a2,org.apache.hc.client5.http.impl.classic.MinimalHttpClient,org.apache.hc.client5.http.impl.classic.MinimalHttpClient_ESTest,1,0,False
548,NPEX,HttpComponents_Client-1026a1e5,0,e66522d0b9df4c83ba8b314b29fd793a,org.apache.hc.client5.http.impl.classic.MinimalHttpClient,org.apache.hc.client5.http.impl.classic.MinimalHttpClient_ESTest,1,0,False
549,NPEX,Commons_Configuration-a76a3a65,0,5e577e25a5bd439db58a1adc547d82f2,org.apache.commons.configuration2.XMLConfiguration,org.apache.commons.configuration2.XMLConfiguration_ESTest,38,0,True
550,NPEX,Commons_Configuration-a76a3a65,0,87359e16b4da418db0136cc7ede32ef0,org.apache.commons.configuration2.XMLConfiguration,org.apache.commons.configuration2.XMLConfiguration_ESTest,36,0,True
551,NPEX,Commons_Configuration-a76a3a65,0,1e49b8f0d8524cc89ee22c9da2d0ba80,org.apache.commons.configuration2.XMLConfiguration,org.apache.commons.configuration2.XMLConfiguration_ESTest,36,0,True
552,NPEX,Commons_Configuration-a76a3a65,0,ad77498fdb824fff923907e599dd8e52,org.apache.commons.configuration2.XMLConfiguration,org.apache.commons.configuration2.XMLConfiguration_ESTest,39,0,True
553,NPEX,Commons_Configuration-a76a3a65,0,82dd3a63f61b446082037ea09d50b467,org.apache.commons.configuration2.XMLConfiguration,org.apache.commons.configuration2.XMLConfiguration_ESTest,39,0,True
554,NPEX,Commons_Collections-796114ea,0,e9b9917630eb47de872e45d408e45974,org.apache.commons.collections4.trie.AbstractPatriciaTrie,org.apache.commons.collections4.trie.AbstractPatriciaTrie_ESTest,138,0,False
555,NPEX,Commons_Collections-796114ea,0,cb04806789734366ba2cf082f67cb79a,org.apache.commons.collections4.trie.AbstractPatriciaTrie,org.apache.commons.collections4.trie.AbstractPatriciaTrie_ESTest,145,0,False
556,NPEX,Commons_Collections-796114ea,0,16673647c09e4185ad6c3a18976c1e72,org.apache.commons.collections4.trie.AbstractPatriciaTrie,org.apache.commons.collections4.trie.AbstractPatriciaTrie_ESTest,137,0,False
557,NPEX,Commons_Collections-796114ea,0,66a61b8640304ec4adaee3ca989d74f1,org.apache.commons.collections4.trie.AbstractPatriciaTrie,org.apache.commons.collections4.trie.AbstractPatriciaTrie_ESTest,132,0,False
558,NPEX,Commons_Collections-796114ea,0,1c112eb27cf64e498f429f838cf3040a,org.apache.commons.collections4.trie.AbstractPatriciaTrie,org.apache.commons.collections4.trie.AbstractPatriciaTrie_ESTest,129,0,False
559,NPEX,Commons_Collections-796114ea,0,eaeab27a2eba449d9976d7c74e7812ce,org.apache.commons.collections4.trie.AbstractPatriciaTrie,org.apache.commons.collections4.trie.AbstractPatriciaTrie_ESTest,140,0,False
560,NPEX,Commons_Collections-796114ea,0,b71021b560394b2790d22e643af19894,org.apache.commons.collections4.trie.AbstractPatriciaTrie,org.apache.commons.collections4.trie.AbstractPatriciaTrie_ESTest,133,0,False
561,NPEX,Commons_Collections-796114ea,0,e55e443577084a3da6fd1271ebc54775,org.apache.commons.collections4.trie.AbstractPatriciaTrie,org.apache.commons.collections4.trie.AbstractPatriciaTrie_ESTest,144,0,False
562,NPEX,Commons_Collections-796114ea,0,eabd7aca3f0c477bb692698d9277bd91,org.apache.commons.collections4.trie.AbstractPatriciaTrie,org.apache.commons.collections4.trie.AbstractPatriciaTrie_ESTest,136,0,False
563,NPEX,JSPWiki-d5bcff78,0,5414637174564348a09140c6404d2655,org.apache.wiki.util.HttpUtil,org.apache.wiki.util.HttpUtil_ESTest,24,0,False
564,NPEX,JSPWiki-d5bcff78,0,f32c53a792d24366b3820a4ca9585582,org.apache.wiki.util.HttpUtil,org.apache.wiki.util.HttpUtil_ESTest,23,0,False
565,NPEX,JSPWiki-d5bcff78,0,3605bb6adc584e028a5c9df1422fa420,org.apache.wiki.util.HttpUtil,org.apache.wiki.util.HttpUtil_ESTest,23,0,False
566,NPEX,JSPWiki-d5bcff78,0,25e0e39dcc364a02854b433f293a74b0,org.apache.wiki.util.HttpUtil,org.apache.wiki.util.HttpUtil_ESTest,25,0,False
567,NPEX,JSPWiki-d5bcff78,0,c38dd10d203e427291e4b80935a2080d,org.apache.wiki.util.HttpUtil,org.apache.wiki.util.HttpUtil_ESTest,24,0,False
568,NPEX,JSPWiki-d5bcff78,0,3df1b4e421a74f5580c39d981bfc9a61,org.apache.wiki.util.HttpUtil,org.apache.wiki.util.HttpUtil_ESTest,22,0,False
569,NPEX,JSPWiki-d5bcff78,0,7b029e8357f8488d80a1f986555663c1,org.apache.wiki.util.HttpUtil,org.apache.wiki.util.HttpUtil_ESTest,22,0,False
570,NPEX,JSPWiki-d5bcff78,0,dcd64d31f0d74757891c9b47d0baceb1,org.apache.wiki.util.HttpUtil,org.apache.wiki.util.HttpUtil_ESTest,23,0,False
571,NPEX,JSPWiki-d5bcff78,0,f738e2ac672c45a5b220544d2f70a0f2,org.apache.wiki.util.HttpUtil,org.apache.wiki.util.HttpUtil_ESTest,24,0,False
572,NPEX,JSPWiki-d5bcff78,0,3b9610a18c8547d2bded3b497d26dd29,org.apache.wiki.util.HttpUtil,org.apache.wiki.util.HttpUtil_ESTest,23,0,False
573,NPEX,Picocli-06283710,0,9a1c0e3b4d1b4624a4ec14cfe313e120,picocli.CommandLine,picocli.CommandLine_ESTest,234,0,False
574,NPEX,Picocli-06283710,0,4066587887434b13a569f38ebcff209b,picocli.CommandLine,picocli.CommandLine_ESTest,230,0,False
575,NPEX,Picocli-06283710,0,e9bec7a09f62418ab331b5054f25f714,picocli.CommandLine,picocli.CommandLine_ESTest,140,0,False
576,NPEX,Picocli-06283710,0,64b053557236476d9593c19b4bd7c75f,picocli.CommandLine,picocli.CommandLine_ESTest,247,0,False
577,NPEX,Picocli-06283710,0,f5beefea6370463dbc260cc9c9fcfe86,picocli.CommandLine,picocli.CommandLine_ESTest,232,0,False
578,NPEX,Picocli-06283710,0,51490faa16734c81812534431c2660c9,picocli.CommandLine,picocli.CommandLine_ESTest,236,0,False
579,NPEX,Picocli-06283710,0,b76cd12b21fe4d7b99f7c45c08709098,picocli.CommandLine,picocli.CommandLine_ESTest,139,0,False
580,NPEX,Picocli-06283710,0,07105263512643d3bc34e6561e7772fc,picocli.CommandLine,picocli.CommandLine_ESTest,236,0,False
581,NPEX,Picocli-06283710,0,377714bb08d849189d364073a7c2f04c,picocli.CommandLine,picocli.CommandLine_ESTest,145,0,False
582,NPEX,Picocli-06283710,0,35431b6e1e4444babf86871b500c3e73,picocli.CommandLine,picocli.CommandLine_ESTest,138,0,False
583,NPEX,Feign-9c5a52d6,0,d3b7017109294352951de9cabec1eda4,feign.Response,feign.Response_ESTest,20,0,False
584,NPEX,Feign-9c5a52d6,0,ec8cc18cf6424cf8b88eb0b7cf2d2ce5,feign.Response,feign.Response_ESTest,21,0,False
585,NPEX,Feign-9c5a52d6,0,9f60e7ca38914370bb7c008b6ec94253,feign.Response,feign.Response_ESTest,20,0,False
586,NPEX,Feign-9c5a52d6,0,1b58412adf734754beeba404beae7945,feign.Response,feign.Response_ESTest,21,0,False
587,NPEX,Feign-9c5a52d6,0,2e6f7159c9ca4585a34615ab82570604,feign.Response,feign.Response_ESTest,20,0,False
588,NPEX,Feign-9c5a52d6,0,267303d9ce2941b29b6c1c75c6672899,feign.Response,feign.Response_ESTest,20,0,False
589,NPEX,Feign-9c5a52d6,0,14884ad15a8742ed8fb00b2491d258da,feign.Response,feign.Response_ESTest,20,0,False
590,NPEX,Feign-9c5a52d6,0,74055458b09d4f81a3a2acca387043a9,feign.Response,feign.Response_ESTest,20,0,False
591,NPEX,Feign-9c5a52d6,0,d1290641a2b349e8b006e811edfa453c,feign.Response,feign.Response_ESTest,22,0,False
592,NPEX,Feign-9c5a52d6,0,5ba312b9b7fb4d06a8b001eb7fa34dc1,feign.Response,feign.Response_ESTest,21,0,False
593,NPEX,CXF-209407e0,0,f7fc4c8ae2d34c1b9b2f1071ca905f4b,org.apache.cxf.jaxrs.utils.JAXRSUtils,org.apache.cxf.jaxrs.utils.JAXRSUtils_ESTest,157,0,False
594,NPEX,CXF-209407e0,0,379c356b82d74402b674c08f54210d9a,org.apache.cxf.jaxrs.utils.JAXRSUtils,org.apache.cxf.jaxrs.utils.JAXRSUtils_ESTest,173,0,True
595,NPEX,CXF-209407e0,0,65d1316f9def4d2aa31a79483a6cdc9a,org.apache.cxf.jaxrs.utils.JAXRSUtils,org.apache.cxf.jaxrs.utils.JAXRSUtils_ESTest,178,0,False
596,NPEX,CXF-209407e0,0,5d286b0195ff48eb858de15df9098f81,org.apache.cxf.jaxrs.utils.JAXRSUtils,org.apache.cxf.jaxrs.utils.JAXRSUtils_ESTest,178,0,False
597,NPEX,CXF-209407e0,0,0255184cfd2c41d2aee54de3eef7583a,org.apache.cxf.jaxrs.utils.JAXRSUtils,org.apache.cxf.jaxrs.utils.JAXRSUtils_ESTest,178,0,False
598,NPEX,CXF-209407e0,0,79f0413159bf451d8d5d72a82a6210b9,org.apache.cxf.jaxrs.utils.JAXRSUtils,org.apache.cxf.jaxrs.utils.JAXRSUtils_ESTest,165,0,True
599,NPEX,CXF-209407e0,0,4a2158dcae58497abb49d716a15ae433,org.apache.cxf.jaxrs.utils.JAXRSUtils,org.apache.cxf.jaxrs.utils.JAXRSUtils_ESTest,187,0,True
600,NPEX,CXF-209407e0,0,8c90f2aeb54146759eb2b433a4f06128,org.apache.cxf.jaxrs.utils.JAXRSUtils,org.apache.cxf.jaxrs.utils.JAXRSUtils_ESTest,175,0,True
601,NPEX,CXF-209407e0,0,498d5852abc5450297f34791fd89b55f,org.apache.cxf.jaxrs.utils.JAXRSUtils,org.apache.cxf.jaxrs.utils.JAXRSUtils_ESTest,171,0,True
602,NPEX,Commons_DBCP-2ee3c53e,0,64a2d3f1114e426da213c3c7087cd29b,org.apache.commons.dbcp2.cpdsadapter.DriverAdapterCPDS,org.apache.commons.dbcp2.cpdsadapter.DriverAdapterCPDS_ESTest,57,0,True
603,NPEX,Commons_DBCP-2ee3c53e,0,e3d3dfa08c9d427995d0d8ede29a6415,org.apache.commons.dbcp2.cpdsadapter.DriverAdapterCPDS,org.apache.commons.dbcp2.cpdsadapter.DriverAdapterCPDS_ESTest,50,0,True
604,NPEX,Commons_DBCP-2ee3c53e,0,15c9e1dd5c054fc78c5ddae8d8c97624,org.apache.commons.dbcp2.cpdsadapter.DriverAdapterCPDS,org.apache.commons.dbcp2.cpdsadapter.DriverAdapterCPDS_ESTest,49,0,True
605,NPEX,Commons_DBCP-2ee3c53e,0,424a1ce4963444aa9d9596b333f8d9f9,org.apache.commons.dbcp2.cpdsadapter.DriverAdapterCPDS,org.apache.commons.dbcp2.cpdsadapter.DriverAdapterCPDS_ESTest,58,0,True
606,NPEX,Commons_DBCP-2ee3c53e,0,692ba4b892354b8c8c97ddfda2bc5639,org.apache.commons.dbcp2.cpdsadapter.DriverAdapterCPDS,org.apache.commons.dbcp2.cpdsadapter.DriverAdapterCPDS_ESTest,54,0,True
607,NPEX,Commons_DBCP-2ee3c53e,0,e1a92911e38c44e489389b53da1dbeb4,org.apache.commons.dbcp2.cpdsadapter.DriverAdapterCPDS,org.apache.commons.dbcp2.cpdsadapter.DriverAdapterCPDS_ESTest,55,0,True
608,NPEX,Commons_DBCP-2ee3c53e,0,f7ed8ca6431f4c04a302162025ad624c,org.apache.commons.dbcp2.cpdsadapter.DriverAdapterCPDS,org.apache.commons.dbcp2.cpdsadapter.DriverAdapterCPDS_ESTest,52,0,True
609,NPEX,Commons_DBCP-2ee3c53e,0,4a18479824d440049057a205586bbfac,org.apache.commons.dbcp2.cpdsadapter.DriverAdapterCPDS,org.apache.commons.dbcp2.cpdsadapter.DriverAdapterCPDS_ESTest,54,0,True
610,NPEX,Commons_DBCP-2ee3c53e,0,5e1ce3042a6148e385719bcd3b707a68,org.apache.commons.dbcp2.cpdsadapter.DriverAdapterCPDS,org.apache.commons.dbcp2.cpdsadapter.DriverAdapterCPDS_ESTest,54,0,True
611,NPEX,Commons_DBCP-2ee3c53e,0,5d6ef3e9856a48c692ba094822e28b64,org.apache.commons.dbcp2.cpdsadapter.DriverAdapterCPDS,org.apache.commons.dbcp2.cpdsadapter.DriverAdapterCPDS_ESTest,54,0,True
612,NPEX,Java_WebSocket-a2b35482,0,d03b9308fd424bd09ade77c38343a452,org.java_websocket.server.WebSocketServer,org.java_websocket.server.WebSocketServer_ESTest,0,0,False
613,NPEX,Java_WebSocket-a2b35482,0,3545ee6152ac42f6a8f0102c10b51305,org.java_websocket.server.WebSocketServer,org.java_websocket.server.WebSocketServer_ESTest,0,0,False
614,NPEX,Java_WebSocket-a2b35482,0,3369cee14fe348ca876552867c5d6cd5,org.java_websocket.server.WebSocketServer,org.java_websocket.server.WebSocketServer_ESTest,0,0,False
615,NPEX,Java_WebSocket-a2b35482,0,72603110175c473eafe42216662b8e9f,org.java_websocket.server.WebSocketServer,org.java_websocket.server.WebSocketServer_ESTest,0,0,False
616,NPEX,Java_WebSocket-a2b35482,0,c632f5f760404e918f115d3c031297a3,org.java_websocket.server.WebSocketServer,org.java_websocket.server.WebSocketServer_ESTest,0,0,False
617,NPEX,Java_WebSocket-a2b35482,0,8d030ca9224c4e0ea60b0d2c7b65cdd1,org.java_websocket.server.WebSocketServer,org.java_websocket.server.WebSocketServer_ESTest,0,0,False
618,NPEX,Java_WebSocket-a2b35482,0,3c3e6741fd224221894d0816500d02db,org.java_websocket.server.WebSocketServer,org.java_websocket.server.WebSocketServer_ESTest,0,0,False
619,NPEX,Java_WebSocket-a2b35482,0,46836fe0157847f7a080855fbfb4fb24,org.java_websocket.server.WebSocketServer,org.java_websocket.server.WebSocketServer_ESTest,0,0,False
620,NPEX,Java_WebSocket-a2b35482,0,32b2a7514dea4e889d36dcec4527ad4d,org.java_websocket.server.WebSocketServer,org.java_websocket.server.WebSocketServer_ESTest,0,0,False
621,NPEX,Java_WebSocket-a2b35482,0,331a1fdb67464c4e957c94da5d1b8ae3,org.java_websocket.server.WebSocketServer,org.java_websocket.server.WebSocketServer_ESTest,0,0,False
622,NPEX,RocketMQ-f5a119f1,0,811fce17e8b64244ac5df0f50ee16b96,org.apache.rocketmq.client.impl.factory.MQClientInstance,org.apache.rocketmq.client.impl.factory.MQClientInstance_ESTest,14,0,False
623,NPEX,RocketMQ-f5a119f1,0,782fc8b9d1214a8ca2655b1b66f7111b,org.apache.rocketmq.client.impl.factory.MQClientInstance,org.apache.rocketmq.client.impl.factory.MQClientInstance_ESTest,16,0,False
624,NPEX,RocketMQ-f5a119f1,0,fe184fc5ffd74390b1c8f7947ef4426e,org.apache.rocketmq.client.impl.factory.MQClientInstance,org.apache.rocketmq.client.impl.factory.MQClientInstance_ESTest,15,0,False
625,NPEX,RocketMQ-f5a119f1,0,9038b66dc6984327bda5def62f48d638,org.apache.rocketmq.client.impl.factory.MQClientInstance,org.apache.rocketmq.client.impl.factory.MQClientInstance_ESTest,15,0,False
626,NPEX,RocketMQ-f5a119f1,0,ad60811c18704e509c77830cdff57941,org.apache.rocketmq.client.impl.factory.MQClientInstance,org.apache.rocketmq.client.impl.factory.MQClientInstance_ESTest,15,0,False
627,NPEX,RocketMQ-f5a119f1,0,9b0843c892c34a558715110ece3fab86,org.apache.rocketmq.client.impl.factory.MQClientInstance,org.apache.rocketmq.client.impl.factory.MQClientInstance_ESTest,15,0,False
628,NPEX,RocketMQ-f5a119f1,0,5140f683118a4054be6f585b06d14cfa,org.apache.rocketmq.client.impl.factory.MQClientInstance,org.apache.rocketmq.client.impl.factory.MQClientInstance_ESTest,14,0,False
629,NPEX,RocketMQ-f5a119f1,0,f5825322192845ae8be69e14ae582447,org.apache.rocketmq.client.impl.factory.MQClientInstance,org.apache.rocketmq.client.impl.factory.MQClientInstance_ESTest,16,0,False
630,NPEX,RocketMQ-f5a119f1,0,ce377062eac1440a947b9d8282b75d20,org.apache.rocketmq.client.impl.factory.MQClientInstance,org.apache.rocketmq.client.impl.factory.MQClientInstance_ESTest,16,0,False
631,NPEX,RocketMQ-f5a119f1,0,cd81a5d361f94bb5886604a64718d456,org.apache.rocketmq.client.impl.factory.MQClientInstance,org.apache.rocketmq.client.impl.factory.MQClientInstance_ESTest,15,0,False
632,NPEX,JSqlParser-66e44c95,0,d34df27bd2a0450facfe21935da22210,net.sf.jsqlparser.expression.ExpressionVisitorAdapter,net.sf.jsqlparser.expression.ExpressionVisitorAdapter_ESTest,83,0,False
633,NPEX,JSqlParser-66e44c95,0,3213c9ae979a41bba40f396cab6393b4,net.sf.jsqlparser.expression.ExpressionVisitorAdapter,net.sf.jsqlparser.expression.ExpressionVisitorAdapter_ESTest,79,0,True
634,NPEX,JSqlParser-66e44c95,0,2fcfe548774d4eeea1db42fd53e77e4d,net.sf.jsqlparser.expression.ExpressionVisitorAdapter,net.sf.jsqlparser.expression.ExpressionVisitorAdapter_ESTest,81,0,False
635,NPEX,JSqlParser-66e44c95,0,2a219394746c4d53b33f5ea3a3a1771f,net.sf.jsqlparser.expression.ExpressionVisitorAdapter,net.sf.jsqlparser.expression.ExpressionVisitorAdapter_ESTest,84,0,False
636,NPEX,JSqlParser-66e44c95,0,7b0f0c2f94cd46ba9e2f359007a4ee67,net.sf.jsqlparser.expression.ExpressionVisitorAdapter,net.sf.jsqlparser.expression.ExpressionVisitorAdapter_ESTest,87,0,True
637,NPEX,JSqlParser-66e44c95,0,adac6d3306474e50b8c9e69cd7be056d,net.sf.jsqlparser.expression.ExpressionVisitorAdapter,net.sf.jsqlparser.expression.ExpressionVisitorAdapter_ESTest,84,0,False
638,NPEX,JSqlParser-66e44c95,0,8eb2ac28703a4b3b96946e203d79c1e0,net.sf.jsqlparser.expression.ExpressionVisitorAdapter,net.sf.jsqlparser.expression.ExpressionVisitorAdapter_ESTest,85,0,False
639,NPEX,JSqlParser-66e44c95,0,0ff7abbbf66249e9b84c484575f598fb,net.sf.jsqlparser.expression.ExpressionVisitorAdapter,net.sf.jsqlparser.expression.ExpressionVisitorAdapter_ESTest,84,0,False
640,NPEX,JSqlParser-66e44c95,0,6d915d303951472dafa19a09365c6d29,net.sf.jsqlparser.expression.ExpressionVisitorAdapter,net.sf.jsqlparser.expression.ExpressionVisitorAdapter_ESTest,78,0,True
641,NPEX,JSqlParser-66e44c95,0,38c8493fd6dd484ca5d1e60b39852865,net.sf.jsqlparser.expression.ExpressionVisitorAdapter,net.sf.jsqlparser.expression.ExpressionVisitorAdapter_ESTest,82,0,False
642,NPEX,ShardingSphere-c08f4f18,0,8a9f7695d1ad4d6882836467780e3770,org.apache.shardingsphere.proxy.frontend.postgresql.auth.PostgreSQLAuthenticationEngine,org.apache.shardingsphere.proxy.frontend.postgresql.auth.PostgreSQLAuthenticationEngine_ESTest,6,0,False
643,NPEX,jsoup-8b837a43,0,987baba03ea941f283dae124fd740ed2,org.jsoup.nodes.Attribute,org.jsoup.nodes.Attribute_ESTest,55,0,True
644,NPEX,jsoup-8b837a43,0,70bdda3e3c1a46809ac639820e6fff91,org.jsoup.nodes.Attribute,org.jsoup.nodes.Attribute_ESTest,54,0,True
645,NPEX,jsoup-8b837a43,0,2626d483208b4f6ea5a99cd20655f3bd,org.jsoup.nodes.Attribute,org.jsoup.nodes.Attribute_ESTest,55,0,True
646,NPEX,jsoup-8b837a43,0,83712d64d4cd4159af956a8ebc76b34d,org.jsoup.nodes.Attribute,org.jsoup.nodes.Attribute_ESTest,56,0,True
647,NPEX,jsoup-8b837a43,0,8c5f3130b29742fa9c7842fc5fcd518a,org.jsoup.nodes.Attribute,org.jsoup.nodes.Attribute_ESTest,55,0,True
648,NPEX,jsoup-8b837a43,0,369e2753abaa45bc9a436a41d757d3e8,org.jsoup.nodes.Attribute,org.jsoup.nodes.Attribute_ESTest,53,0,True
649,NPEX,jsoup-8b837a43,0,411ed4da993840b7a03ef387c28e2f16,org.jsoup.nodes.Attribute,org.jsoup.nodes.Attribute_ESTest,53,0,True
650,NPEX,jsoup-8b837a43,0,6e077ca8318f413b9c8dd71c7e457dc2,org.jsoup.nodes.Attribute,org.jsoup.nodes.Attribute_ESTest,58,0,True
651,NPEX,jsoup-8b837a43,0,c25df449398d4a29b307537bd44ebd3c,org.jsoup.nodes.Attribute,org.jsoup.nodes.Attribute_ESTest,58,0,True
652,NPEX,jsoup-8b837a43,0,7d566ba21b944dd095267b94dc867001,org.jsoup.nodes.Attribute,org.jsoup.nodes.Attribute_ESTest,58,0,True
653,NPEX,Directory_LDAP_API-1aea113c,0,0443a45107e840bb86c41d11745beae3,org.apache.directory.api.ldap.model.entry.Value,org.apache.directory.api.ldap.model.entry.Value_ESTest,113,0,False
654,NPEX,Directory_LDAP_API-1aea113c,0,dd85f8fb37444e79aca9b356faa3938e,org.apache.directory.api.ldap.model.entry.Value,org.apache.directory.api.ldap.model.entry.Value_ESTest,110,0,True
655,NPEX,Directory_LDAP_API-1aea113c,0,6877b6f7c4844995a1b4b167ef877c47,org.apache.directory.api.ldap.model.entry.Value,org.apache.directory.api.ldap.model.entry.Value_ESTest,126,0,True
656,NPEX,Directory_LDAP_API-1aea113c,0,6e56138420264c0088374015d30cf4a3,org.apache.directory.api.ldap.model.entry.Value,org.apache.directory.api.ldap.model.entry.Value_ESTest,109,0,False
657,NPEX,Directory_LDAP_API-1aea113c,0,cffe01122268472bafd4e460d1d20fdf,org.apache.directory.api.ldap.model.entry.Value,org.apache.directory.api.ldap.model.entry.Value_ESTest,108,0,True
658,NPEX,Directory_LDAP_API-1aea113c,0,06d656504dc443eb975e3e2adb8a7142,org.apache.directory.api.ldap.model.entry.Value,org.apache.directory.api.ldap.model.entry.Value_ESTest,189,0,True
659,NPEX,Directory_LDAP_API-1aea113c,0,3ecb744b942547c59165af514ca7c50e,org.apache.directory.api.ldap.model.entry.Value,org.apache.directory.api.ldap.model.entry.Value_ESTest,213,0,True
660,NPEX,Directory_LDAP_API-1aea113c,0,16e8286154934084b0e533d49be91d74,org.apache.directory.api.ldap.model.entry.Value,org.apache.directory.api.ldap.model.entry.Value_ESTest,193,0,True
661,NPEX,Directory_LDAP_API-1aea113c,0,35060353757945d7b19334d0c65331ab,org.apache.directory.api.ldap.model.entry.Value,org.apache.directory.api.ldap.model.entry.Value_ESTest,116,0,True
662,NPEX,Directory_LDAP_API-1aea113c,0,6302154620b04311a4f304fbb29bfd80,org.apache.directory.api.ldap.model.entry.Value,org.apache.directory.api.ldap.model.entry.Value_ESTest,99,0,True
663,NPEX,Sling_Pipes-81059025,0,526fc27b561a44c2b7a308f90c6c363a,org.apache.sling.pipes.PipeBindings,org.apache.sling.pipes.PipeBindings_ESTest$1,1,0,False
664,NPEX,Sling_Pipes-81059025,0,526fc27b561a44c2b7a308f90c6c363a,org.apache.sling.pipes.PipeBindings,org.apache.sling.pipes.PipeBindings_ESTest,1,0,False
665,NPEX,Sling_Pipes-81059025,0,3bac48262ab249e5812f6c51879657a6,org.apache.sling.pipes.PipeBindings,org.apache.sling.pipes.PipeBindings_ESTest$1,1,0,False
666,NPEX,Sling_Pipes-81059025,0,3bac48262ab249e5812f6c51879657a6,org.apache.sling.pipes.PipeBindings,org.apache.sling.pipes.PipeBindings_ESTest,1,0,False
667,NPEX,Sling_Pipes-81059025,0,a1815abaa1bd460988bfaba18ee845b4,org.apache.sling.pipes.PipeBindings,org.apache.sling.pipes.PipeBindings_ESTest$1,1,0,False
668,NPEX,Sling_Pipes-81059025,0,a1815abaa1bd460988bfaba18ee845b4,org.apache.sling.pipes.PipeBindings,org.apache.sling.pipes.PipeBindings_ESTest,1,0,False
669,NPEX,Sling_Pipes-81059025,0,707728953899461485a83bcdff38dd33,org.apache.sling.pipes.PipeBindings,org.apache.sling.pipes.PipeBindings_ESTest$1,1,0,False
670,NPEX,Sling_Pipes-81059025,0,707728953899461485a83bcdff38dd33,org.apache.sling.pipes.PipeBindings,org.apache.sling.pipes.PipeBindings_ESTest,1,0,False
671,NPEX,Sling_Pipes-81059025,0,ea1427b3af73455ab451a996d8dde10e,org.apache.sling.pipes.PipeBindings,org.apache.sling.pipes.PipeBindings_ESTest$1,1,0,False
672,NPEX,Sling_Pipes-81059025,0,ea1427b3af73455ab451a996d8dde10e,org.apache.sling.pipes.PipeBindings,org.apache.sling.pipes.PipeBindings_ESTest,1,0,False
673,NPEX,Sling_Pipes-81059025,0,7b45e725166a4bef816839d94187626b,org.apache.sling.pipes.PipeBindings,org.apache.sling.pipes.PipeBindings_ESTest$1,1,0,False
674,NPEX,Sling_Pipes-81059025,0,7b45e725166a4bef816839d94187626b,org.apache.sling.pipes.PipeBindings,org.apache.sling.pipes.PipeBindings_ESTest,1,0,False
675,NPEX,Sling_Pipes-81059025,0,fb0927a1e08c470e84d509569274bd80,org.apache.sling.pipes.PipeBindings,org.apache.sling.pipes.PipeBindings_ESTest$1,1,0,False
676,NPEX,Sling_Pipes-81059025,0,fb0927a1e08c470e84d509569274bd80,org.apache.sling.pipes.PipeBindings,org.apache.sling.pipes.PipeBindings_ESTest,1,0,False
677,NPEX,Sling_Pipes-81059025,0,034f1cf277c543c7827342563146ebcc,org.apache.sling.pipes.PipeBindings,org.apache.sling.pipes.PipeBindings_ESTest$1,1,0,False
678,NPEX,Sling_Pipes-81059025,0,034f1cf277c543c7827342563146ebcc,org.apache.sling.pipes.PipeBindings,org.apache.sling.pipes.PipeBindings_ESTest,1,0,False
679,NPEX,Sling_Pipes-81059025,0,d4f8d0c9496449cbaef8b776d84b5bd4,org.apache.sling.pipes.PipeBindings,org.apache.sling.pipes.PipeBindings_ESTest$1,1,0,False
680,NPEX,Sling_Pipes-81059025,0,d4f8d0c9496449cbaef8b776d84b5bd4,org.apache.sling.pipes.PipeBindings,org.apache.sling.pipes.PipeBindings_ESTest,1,0,False
681,NPEX,Sling_Pipes-81059025,0,b2a6f82631a645528aa8e918e57f2992,org.apache.sling.pipes.PipeBindings,org.apache.sling.pipes.PipeBindings_ESTest$1,1,0,False
682,NPEX,Sling_Pipes-81059025,0,b2a6f82631a645528aa8e918e57f2992,org.apache.sling.pipes.PipeBindings,org.apache.sling.pipes.PipeBindings_ESTest,1,0,False
683,NPEX,OpenNLP-60792b8f,0,0e74b0c91000416fabdecb96ebdc6eb9,opennlp.tools.lemmatizer.DictionaryLemmatizer,opennlp.tools.lemmatizer.DictionaryLemmatizer_ESTest,10,0,True
684,NPEX,OpenNLP-60792b8f,0,7b72608652854f19b4becd55aa713f92,opennlp.tools.lemmatizer.DictionaryLemmatizer,opennlp.tools.lemmatizer.DictionaryLemmatizer_ESTest,12,0,False
685,NPEX,OpenNLP-60792b8f,0,539fca5801fe4c878ead2d5df6f77c94,opennlp.tools.lemmatizer.DictionaryLemmatizer,opennlp.tools.lemmatizer.DictionaryLemmatizer_ESTest,11,0,True
686,NPEX,OpenNLP-60792b8f,0,7eeff9b54fae4b06a11bc8b8069b4f74,opennlp.tools.lemmatizer.DictionaryLemmatizer,opennlp.tools.lemmatizer.DictionaryLemmatizer_ESTest,10,0,True
687,NPEX,OpenNLP-60792b8f,0,3769581dc164486ebd4782f5ec355ce5,opennlp.tools.lemmatizer.DictionaryLemmatizer,opennlp.tools.lemmatizer.DictionaryLemmatizer_ESTest,10,0,True
688,NPEX,OpenNLP-60792b8f,0,16a816424b85406183eeed9f7f266101,opennlp.tools.lemmatizer.DictionaryLemmatizer,opennlp.tools.lemmatizer.DictionaryLemmatizer_ESTest,11,0,True
689,NPEX,OpenNLP-60792b8f,0,728b2aba4e1943cfa2569d2f5bc4d01d,opennlp.tools.lemmatizer.DictionaryLemmatizer,opennlp.tools.lemmatizer.DictionaryLemmatizer_ESTest,12,0,True
690,NPEX,OpenNLP-60792b8f,0,836a4aacb34244fd94105f4b4ed2d14e,opennlp.tools.lemmatizer.DictionaryLemmatizer,opennlp.tools.lemmatizer.DictionaryLemmatizer_ESTest,10,0,True
691,NPEX,OpenNLP-60792b8f,0,97c5c6005421479c94ff783c53c9797a,opennlp.tools.lemmatizer.DictionaryLemmatizer,opennlp.tools.lemmatizer.DictionaryLemmatizer_ESTest,10,0,True
692,NPEX,OpenNLP-60792b8f,0,de3f67347d764a2d84bb9e5ba8e820df,opennlp.tools.lemmatizer.DictionaryLemmatizer,opennlp.tools.lemmatizer.DictionaryLemmatizer_ESTest,9,0,True
693,NPEX,Hessian_Lite-c5c017dc,0,b6055fa42e9741838138f6a1b1e14d31,com.alibaba.dubbo.common.URL,com.alibaba.dubbo.common.URL_ESTest,469,0,True
694,NPEX,Hessian_Lite-c5c017dc,0,7b36f35c965d490ea5c3c48f283f38d6,com.alibaba.dubbo.common.URL,com.alibaba.dubbo.common.URL_ESTest,464,0,True
695,NPEX,Hessian_Lite-c5c017dc,0,fa41219e90ac4037b480fffea8c10711,com.alibaba.dubbo.common.URL,com.alibaba.dubbo.common.URL_ESTest,463,0,True
696,NPEX,Hessian_Lite-c5c017dc,0,9768bf54a00342f79f644765936c17e0,com.alibaba.dubbo.common.URL,com.alibaba.dubbo.common.URL_ESTest,449,0,True
697,NPEX,Hessian_Lite-c5c017dc,0,327f4efa1f1d48fe9618ee06f781038c,com.alibaba.dubbo.common.URL,com.alibaba.dubbo.common.URL_ESTest,445,0,True
698,NPEX,Hessian_Lite-c5c017dc,0,394ebbdd27e14270afd6e9e822686ddc,com.alibaba.dubbo.common.URL,com.alibaba.dubbo.common.URL_ESTest,455,0,True
699,NPEX,Hessian_Lite-c5c017dc,0,54cb1f461fb94500a65668179ba776a4,com.alibaba.dubbo.common.URL,com.alibaba.dubbo.common.URL_ESTest,476,0,True
700,NPEX,Hessian_Lite-c5c017dc,0,cf2048d8e8e043f4b6def0e52ac54ed6,com.alibaba.dubbo.common.URL,com.alibaba.dubbo.common.URL_ESTest,459,0,True
701,NPEX,Hessian_Lite-c5c017dc,0,c0438187c16c414295a1ecdb569393b1,com.alibaba.dubbo.common.URL,com.alibaba.dubbo.common.URL_ESTest,470,0,True
702,NPEX,ZooKeeper-ef3649f5,0,f01bdbf997604e7c9944d4f5d96b80c4,org.apache.zookeeper.server.ZooKeeperServer,org.apache.zookeeper.server.ZooKeeperServer_ESTest,216,0,False
703,NPEX,ZooKeeper-ef3649f5,0,f01bdbf997604e7c9944d4f5d96b80c4,org.apache.zookeeper.server.ZooKeeperServer,org.apache.zookeeper.server.ZooKeeperServer_ESTest$1,216,0,False
704,NPEX,ZooKeeper-ef3649f5,0,f01bdbf997604e7c9944d4f5d96b80c4,org.apache.zookeeper.server.ZooKeeperServer,org.apache.zookeeper.server.ZooKeeperServer_ESTest$6,216,0,False
705,NPEX,ZooKeeper-ef3649f5,0,f01bdbf997604e7c9944d4f5d96b80c4,org.apache.zookeeper.server.ZooKeeperServer,org.apache.zookeeper.server.ZooKeeperServer_ESTest$5,216,0,False
706,NPEX,ZooKeeper-ef3649f5,0,f01bdbf997604e7c9944d4f5d96b80c4,org.apache.zookeeper.server.ZooKeeperServer,org.apache.zookeeper.server.ZooKeeperServer_ESTest$2,216,0,False
707,NPEX,ZooKeeper-ef3649f5,0,f01bdbf997604e7c9944d4f5d96b80c4,org.apache.zookeeper.server.ZooKeeperServer,org.apache.zookeeper.server.ZooKeeperServer_ESTest$7,216,0,False
708,NPEX,ZooKeeper-ef3649f5,0,f01bdbf997604e7c9944d4f5d96b80c4,org.apache.zookeeper.server.ZooKeeperServer,org.apache.zookeeper.server.ZooKeeperServer_ESTest$4,216,0,False
709,NPEX,ZooKeeper-ef3649f5,0,f01bdbf997604e7c9944d4f5d96b80c4,org.apache.zookeeper.server.ZooKeeperServer,org.apache.zookeeper.server.ZooKeeperServer_ESTest$3,216,0,False
710,NPEX,ZooKeeper-ef3649f5,0,9e334797c1c34b91a9d11cd8ca018bb4,org.apache.zookeeper.server.ZooKeeperServer,org.apache.zookeeper.server.ZooKeeperServer_ESTest,163,0,False
711,NPEX,ZooKeeper-ef3649f5,0,9e334797c1c34b91a9d11cd8ca018bb4,org.apache.zookeeper.server.ZooKeeperServer,org.apache.zookeeper.server.ZooKeeperServer_ESTest$1,163,0,False
712,NPEX,ZooKeeper-ef3649f5,0,9e334797c1c34b91a9d11cd8ca018bb4,org.apache.zookeeper.server.ZooKeeperServer,org.apache.zookeeper.server.ZooKeeperServer_ESTest$2,163,0,False
713,NPEX,ZooKeeper-ef3649f5,0,3d7690cb761a44e4b869a223ad53bf7a,org.apache.zookeeper.server.ZooKeeperServer,org.apache.zookeeper.server.ZooKeeperServer_ESTest,115,0,False
714,NPEX,ZooKeeper-ef3649f5,0,3d7690cb761a44e4b869a223ad53bf7a,org.apache.zookeeper.server.ZooKeeperServer,org.apache.zookeeper.server.ZooKeeperServer_ESTest$1,115,0,False
715,NPEX,ZooKeeper-ef3649f5,0,3d7690cb761a44e4b869a223ad53bf7a,org.apache.zookeeper.server.ZooKeeperServer,org.apache.zookeeper.server.ZooKeeperServer_ESTest$2,115,0,False
716,NPEX,ZooKeeper-ef3649f5,0,3d7690cb761a44e4b869a223ad53bf7a,org.apache.zookeeper.server.ZooKeeperServer,org.apache.zookeeper.server.ZooKeeperServer_ESTest$3,115,0,False
717,NPEX,ZooKeeper-ef3649f5,0,a24bfb9d4cfd4657a0796e39aca1d850,org.apache.zookeeper.server.ZooKeeperServer,org.apache.zookeeper.server.ZooKeeperServer_ESTest,174,0,False
718,NPEX,ZooKeeper-ef3649f5,0,a24bfb9d4cfd4657a0796e39aca1d850,org.apache.zookeeper.server.ZooKeeperServer,org.apache.zookeeper.server.ZooKeeperServer_ESTest$1,174,0,False
719,NPEX,ZooKeeper-ef3649f5,0,a24bfb9d4cfd4657a0796e39aca1d850,org.apache.zookeeper.server.ZooKeeperServer,org.apache.zookeeper.server.ZooKeeperServer_ESTest$2,174,0,False
720,NPEX,ZooKeeper-ef3649f5,0,b2f995c6b80a4b86b93df2fada32d36c,org.apache.zookeeper.server.ZooKeeperServer,org.apache.zookeeper.server.ZooKeeperServer_ESTest,167,0,False
721,NPEX,ZooKeeper-ef3649f5,0,b2f995c6b80a4b86b93df2fada32d36c,org.apache.zookeeper.server.ZooKeeperServer,org.apache.zookeeper.server.ZooKeeperServer_ESTest$1,167,0,False
722,NPEX,ZooKeeper-ef3649f5,0,b2f995c6b80a4b86b93df2fada32d36c,org.apache.zookeeper.server.ZooKeeperServer,org.apache.zookeeper.server.ZooKeeperServer_ESTest$2,167,0,False
723,NPEX,ZooKeeper-ef3649f5,0,1904ceb4c0d64fee9c5fb40944572113,org.apache.zookeeper.server.ZooKeeperServer,org.apache.zookeeper.server.ZooKeeperServer_ESTest,225,0,True
724,NPEX,ZooKeeper-ef3649f5,0,1904ceb4c0d64fee9c5fb40944572113,org.apache.zookeeper.server.ZooKeeperServer,org.apache.zookeeper.server.ZooKeeperServer_ESTest$1,225,0,True
725,NPEX,ZooKeeper-ef3649f5,0,1904ceb4c0d64fee9c5fb40944572113,org.apache.zookeeper.server.ZooKeeperServer,org.apache.zookeeper.server.ZooKeeperServer_ESTest$6,225,0,True
726,NPEX,ZooKeeper-ef3649f5,0,1904ceb4c0d64fee9c5fb40944572113,org.apache.zookeeper.server.ZooKeeperServer,org.apache.zookeeper.server.ZooKeeperServer_ESTest$5,225,0,True
727,NPEX,ZooKeeper-ef3649f5,0,1904ceb4c0d64fee9c5fb40944572113,org.apache.zookeeper.server.ZooKeeperServer,org.apache.zookeeper.server.ZooKeeperServer_ESTest$9,225,0,True
728,NPEX,ZooKeeper-ef3649f5,0,1904ceb4c0d64fee9c5fb40944572113,org.apache.zookeeper.server.ZooKeeperServer,org.apache.zookeeper.server.ZooKeeperServer_ESTest$2,225,0,True
729,NPEX,ZooKeeper-ef3649f5,0,1904ceb4c0d64fee9c5fb40944572113,org.apache.zookeeper.server.ZooKeeperServer,org.apache.zookeeper.server.ZooKeeperServer_ESTest$7,225,0,True
730,NPEX,ZooKeeper-ef3649f5,0,1904ceb4c0d64fee9c5fb40944572113,org.apache.zookeeper.server.ZooKeeperServer,org.apache.zookeeper.server.ZooKeeperServer_ESTest$4,225,0,True
731,NPEX,ZooKeeper-ef3649f5,0,1904ceb4c0d64fee9c5fb40944572113,org.apache.zookeeper.server.ZooKeeperServer,org.apache.zookeeper.server.ZooKeeperServer_ESTest$8,225,0,True
732,NPEX,ZooKeeper-ef3649f5,0,1904ceb4c0d64fee9c5fb40944572113,org.apache.zookeeper.server.ZooKeeperServer,org.apache.zookeeper.server.ZooKeeperServer_ESTest$10,225,0,True
733,NPEX,ZooKeeper-ef3649f5,0,1904ceb4c0d64fee9c5fb40944572113,org.apache.zookeeper.server.ZooKeeperServer,org.apache.zookeeper.server.ZooKeeperServer_ESTest$3,225,0,True
734,NPEX,ZooKeeper-ef3649f5,0,05dea002335049e7910f15c6b1e077c9,org.apache.zookeeper.server.ZooKeeperServer,org.apache.zookeeper.server.ZooKeeperServer_ESTest,125,0,False
735,NPEX,ZooKeeper-ef3649f5,0,05dea002335049e7910f15c6b1e077c9,org.apache.zookeeper.server.ZooKeeperServer,org.apache.zookeeper.server.ZooKeeperServer_ESTest$1,125,0,False
736,NPEX,ZooKeeper-ef3649f5,0,26c0a8bae7d6498994446559ff516bd8,org.apache.zookeeper.server.ZooKeeperServer,org.apache.zookeeper.server.ZooKeeperServer_ESTest,166,0,False
737,NPEX,ZooKeeper-ef3649f5,0,26c0a8bae7d6498994446559ff516bd8,org.apache.zookeeper.server.ZooKeeperServer,org.apache.zookeeper.server.ZooKeeperServer_ESTest$1,166,0,False
738,NPEX,ZooKeeper-ef3649f5,0,26c0a8bae7d6498994446559ff516bd8,org.apache.zookeeper.server.ZooKeeperServer,org.apache.zookeeper.server.ZooKeeperServer_ESTest$2,166,0,False
739,NPEX,ZooKeeper-ef3649f5,0,347fef5235ec4ba6bb43015f2c2c4d86,org.apache.zookeeper.server.ZooKeeperServer,org.apache.zookeeper.server.ZooKeeperServer_ESTest,146,0,True
740,NPEX,ZooKeeper-ef3649f5,0,347fef5235ec4ba6bb43015f2c2c4d86,org.apache.zookeeper.server.ZooKeeperServer,org.apache.zookeeper.server.ZooKeeperServer_ESTest$1,146,0,True
741,NPEX,ZooKeeper-ef3649f5,0,347fef5235ec4ba6bb43015f2c2c4d86,org.apache.zookeeper.server.ZooKeeperServer,org.apache.zookeeper.server.ZooKeeperServer_ESTest$2,146,0,True
742,NPEX,ZooKeeper-ef3649f5,0,05fc135233684209999356bc45e7ef50,org.apache.zookeeper.server.ZooKeeperServer,org.apache.zookeeper.server.ZooKeeperServer_ESTest,203,0,False
743,NPEX,ZooKeeper-ef3649f5,0,05fc135233684209999356bc45e7ef50,org.apache.zookeeper.server.ZooKeeperServer,org.apache.zookeeper.server.ZooKeeperServer_ESTest$1,203,0,False
744,NPEX,ZooKeeper-ef3649f5,0,05fc135233684209999356bc45e7ef50,org.apache.zookeeper.server.ZooKeeperServer,org.apache.zookeeper.server.ZooKeeperServer_ESTest$2,203,0,False
745,NPEX,ZooKeeper-ef3649f5,0,05fc135233684209999356bc45e7ef50,org.apache.zookeeper.server.ZooKeeperServer,org.apache.zookeeper.server.ZooKeeperServer_ESTest$4,203,0,False
746,NPEX,ZooKeeper-ef3649f5,0,05fc135233684209999356bc45e7ef50,org.apache.zookeeper.server.ZooKeeperServer,org.apache.zookeeper.server.ZooKeeperServer_ESTest$3,203,0,False
747,NPEX,Log4j_2-5b7b75d5,0,d9875627cc3f411cb6e54ff56513b980,org.apache.logging.log4j.core.config.composite.DefaultMergeStrategy,org.apache.logging.log4j.core.config.composite.DefaultMergeStrategy_ESTest,4,0,False
748,NPEX,Log4j_2-5b7b75d5,0,6322496e0d4549d78d128989f7b1b5c4,org.apache.logging.log4j.core.config.composite.DefaultMergeStrategy,org.apache.logging.log4j.core.config.composite.DefaultMergeStrategy_ESTest,4,0,False
749,NPEX,Log4j_2-5b7b75d5,0,a0a6b12302eb45ab8e11aa440c68ee64,org.apache.logging.log4j.core.config.composite.DefaultMergeStrategy,org.apache.logging.log4j.core.config.composite.DefaultMergeStrategy_ESTest,4,0,False
750,NPEX,Log4j_2-5b7b75d5,0,134abde4873c4cf0b441307ee51491ec,org.apache.logging.log4j.core.config.composite.DefaultMergeStrategy,org.apache.logging.log4j.core.config.composite.DefaultMergeStrategy_ESTest,4,0,False
751,NPEX,Log4j_2-5b7b75d5,0,4225ec5fb1eb40f38d421fbecd38c733,org.apache.logging.log4j.core.config.composite.DefaultMergeStrategy,org.apache.logging.log4j.core.config.composite.DefaultMergeStrategy_ESTest,4,0,False
752,NPEX,Log4j_2-5b7b75d5,0,36b3387d717446e39798d12525cfdcce,org.apache.logging.log4j.core.config.composite.DefaultMergeStrategy,org.apache.logging.log4j.core.config.composite.DefaultMergeStrategy_ESTest,4,0,False
753,NPEX,Log4j_2-5b7b75d5,0,33f6b88b0b784e7a8a151c6907911242,org.apache.logging.log4j.core.config.composite.DefaultMergeStrategy,org.apache.logging.log4j.core.config.composite.DefaultMergeStrategy_ESTest,4,0,False
754,NPEX,Log4j_2-5b7b75d5,0,ced35a64f5ed49cdb797e1c4906a1cae,org.apache.logging.log4j.core.config.composite.DefaultMergeStrategy,org.apache.logging.log4j.core.config.composite.DefaultMergeStrategy_ESTest,4,0,False
755,NPEX,Log4j_2-5b7b75d5,0,91c4931a2f524c689d15d44e9c4f9e3c,org.apache.logging.log4j.core.config.composite.DefaultMergeStrategy,org.apache.logging.log4j.core.config.composite.DefaultMergeStrategy_ESTest,4,0,False
756,NPEX,Karaf-b92dd7e4,0,82925b56b425420c8eceab7148a559e1,org.apache.karaf.shell.impl.console.commands.help.wikidoc.WikiParser,org.apache.karaf.shell.impl.console.commands.help.wikidoc.WikiParser_ESTest,22,0,False
757,NPEX,Karaf-b92dd7e4,0,43faf53c77d141e7ae1fa6e72c20b3f8,org.apache.karaf.shell.impl.console.commands.help.wikidoc.WikiParser,org.apache.karaf.shell.impl.console.commands.help.wikidoc.WikiParser_ESTest,24,0,False
758,NPEX,Karaf-b92dd7e4,0,828d7938367e4f7b83f40789f2b674da,org.apache.karaf.shell.impl.console.commands.help.wikidoc.WikiParser,org.apache.karaf.shell.impl.console.commands.help.wikidoc.WikiParser_ESTest,17,0,False
759,NPEX,jsoup-b8411990,0,913edcb7e586449a81da37361e194a7a,org.jsoup.internal.Normalizer,org.jsoup.internal.Normalizer_ESTest,7,0,True
760,NPEX,jsoup-b8411990,0,935ed73c4d0146159f62a616707cbfc9,org.jsoup.internal.Normalizer,org.jsoup.internal.Normalizer_ESTest,7,0,True
761,NPEX,jsoup-b8411990,0,8e884595cf2d42c28aa50236a3bf0610,org.jsoup.internal.Normalizer,org.jsoup.internal.Normalizer_ESTest,7,0,True
762,NPEX,jsoup-b8411990,0,3100621f0be74653aa18d46365d18d12,org.jsoup.internal.Normalizer,org.jsoup.internal.Normalizer_ESTest,7,0,True
763,NPEX,jsoup-b8411990,0,807118c4b57747b6a35bd707870d5e9b,org.jsoup.internal.Normalizer,org.jsoup.internal.Normalizer_ESTest,7,0,True
764,NPEX,jsoup-b8411990,0,87ad440dcd924ec9b8e98f78f10f5d0f,org.jsoup.internal.Normalizer,org.jsoup.internal.Normalizer_ESTest,7,0,True
765,NPEX,jsoup-b8411990,0,ee10bf3500c340aa885df94e05339c39,org.jsoup.internal.Normalizer,org.jsoup.internal.Normalizer_ESTest,7,0,True
766,NPEX,jsoup-b8411990,0,df403d5293c045cf909e565284ad1567,org.jsoup.internal.Normalizer,org.jsoup.internal.Normalizer_ESTest,7,0,True
767,NPEX,jsoup-b8411990,0,a8977b2d42e44e34986360e9d231c104,org.jsoup.internal.Normalizer,org.jsoup.internal.Normalizer_ESTest,7,0,True
768,NPEX,jsoup-b8411990,0,d80c378d08714e4887807a317cc2759d,org.jsoup.internal.Normalizer,org.jsoup.internal.Normalizer_ESTest,7,0,True
769,NPEX,Qpid_Proton__j-0c27d5ff,0,92e30e5fdee14445ab0bc25056613ef5,org.apache.qpid.proton.engine.impl.TransportImpl,org.apache.qpid.proton.engine.impl.TransportImpl_ESTest,156,0,False
770,NPEX,Qpid_Proton__j-0c27d5ff,0,3321102943d84ff4a3d015d3795eba9c,org.apache.qpid.proton.engine.impl.TransportImpl,org.apache.qpid.proton.engine.impl.TransportImpl_ESTest,145,0,False
771,NPEX,Commons_Pool-11521c1f,0,6a0620296dfa4867b2eaaf8e6c38b569,org.apache.commons.pool2.impl.GenericKeyedObjectPool,org.apache.commons.pool2.impl.GenericKeyedObjectPool_ESTest,2,0,False
772,NPEX,Commons_Pool-11521c1f,0,d8acec65563c427cb541636429bcd46d,org.apache.commons.pool2.impl.GenericKeyedObjectPool,org.apache.commons.pool2.impl.GenericKeyedObjectPool_ESTest,2,0,False
773,NPEX,Commons_Pool-11521c1f,0,aeb565a299c04b0f9864783fb9a869b8,org.apache.commons.pool2.impl.GenericKeyedObjectPool,org.apache.commons.pool2.impl.GenericKeyedObjectPool_ESTest,2,0,False
774,NPEX,Commons_Pool-11521c1f,0,39c1ae890fb145a08a11afe437a4df98,org.apache.commons.pool2.impl.GenericKeyedObjectPool,org.apache.commons.pool2.impl.GenericKeyedObjectPool_ESTest,2,0,False
775,NPEX,Commons_Pool-11521c1f,0,88a168ca773f4dea9a6d798d500eea34,org.apache.commons.pool2.impl.GenericKeyedObjectPool,org.apache.commons.pool2.impl.GenericKeyedObjectPool_ESTest,2,0,False
776,NPEX,Commons_Pool-11521c1f,0,a59d853a774448779b86a82e95883bda,org.apache.commons.pool2.impl.GenericKeyedObjectPool,org.apache.commons.pool2.impl.GenericKeyedObjectPool_ESTest,2,0,False
777,NPEX,Commons_Pool-11521c1f,0,b271b843db574c5892e7f7b21c3b9cd2,org.apache.commons.pool2.impl.GenericKeyedObjectPool,org.apache.commons.pool2.impl.GenericKeyedObjectPool_ESTest,2,0,False
778,NPEX,Commons_Pool-11521c1f,0,9fe953736d984a68b6db2c836a36ebe4,org.apache.commons.pool2.impl.GenericKeyedObjectPool,org.apache.commons.pool2.impl.GenericKeyedObjectPool_ESTest,2,0,False
779,NPEX,Commons_Pool-11521c1f,0,6e347cf7778243e9be6b4cec25a242a7,org.apache.commons.pool2.impl.GenericKeyedObjectPool,org.apache.commons.pool2.impl.GenericKeyedObjectPool_ESTest,2,0,False
780,NPEX,Commons_Pool-11521c1f,0,0cdf443d1e314734ae45510edc95e092,org.apache.commons.pool2.impl.GenericKeyedObjectPool,org.apache.commons.pool2.impl.GenericKeyedObjectPool_ESTest,2,0,False
781,NPEX,Log4j_2-7441d3c3,0,e6fc7b6eb6e74c96bb9dcc1e8c4d1298,org.apache.logging.log4j.core.config.ConfigurationScheduler,org.apache.logging.log4j.core.config.ConfigurationScheduler_ESTest,19,0,True
782,NPEX,Log4j_2-7441d3c3,0,acff7ded7e4440f38ce53110dd993673,org.apache.logging.log4j.core.config.ConfigurationScheduler,org.apache.logging.log4j.core.config.ConfigurationScheduler_ESTest,23,0,True
783,NPEX,Log4j_2-7441d3c3,0,9beffa46ce1a452889008f807f81fa2b,org.apache.logging.log4j.core.config.ConfigurationScheduler,org.apache.logging.log4j.core.config.ConfigurationScheduler_ESTest,19,0,True
784,NPEX,Log4j_2-7441d3c3,0,244887cadffb4c3a94e1de9391488b5b,org.apache.logging.log4j.core.config.ConfigurationScheduler,org.apache.logging.log4j.core.config.ConfigurationScheduler_ESTest,21,0,True
785,NPEX,Log4j_2-7441d3c3,0,b1124ea38de14011a406955f266fb9b3,org.apache.logging.log4j.core.config.ConfigurationScheduler,org.apache.logging.log4j.core.config.ConfigurationScheduler_ESTest,20,0,True
786,NPEX,Log4j_2-7441d3c3,0,fd6823f122fd4c81997450dddd42be72,org.apache.logging.log4j.core.config.ConfigurationScheduler,org.apache.logging.log4j.core.config.ConfigurationScheduler_ESTest,20,0,True
787,NPEX,Log4j_2-7441d3c3,0,f8943f95b5624f4d8818a74ec01048ab,org.apache.logging.log4j.core.config.ConfigurationScheduler,org.apache.logging.log4j.core.config.ConfigurationScheduler_ESTest,22,0,True
788,NPEX,Log4j_2-7441d3c3,0,b4e830129aa14a2a8b6812884da1d0dc,org.apache.logging.log4j.core.config.ConfigurationScheduler,org.apache.logging.log4j.core.config.ConfigurationScheduler_ESTest,19,0,True
789,NPEX,Log4j_2-7441d3c3,0,09cc29c603104df0bf3092d58b858daf,org.apache.logging.log4j.core.config.ConfigurationScheduler,org.apache.logging.log4j.core.config.ConfigurationScheduler_ESTest,21,0,True
790,NPEX,Log4j_2-7441d3c3,0,93932e809c2641acb126a35d517e715f,org.apache.logging.log4j.core.config.ConfigurationScheduler,org.apache.logging.log4j.core.config.ConfigurationScheduler_ESTest,22,0,True
791,NPEX,Commons_BCEL-a46d927b,0,9a98ca944bb24a24b0325be4715c95db,org.apache.bcel.generic.MethodGen,org.apache.bcel.generic.MethodGen_ESTest,154,0,False
792,NPEX,Commons_BCEL-a46d927b,0,08743815e3a447f4b4896d3c40dd968e,org.apache.bcel.generic.MethodGen,org.apache.bcel.generic.MethodGen_ESTest,151,0,False
793,NPEX,Commons_BCEL-a46d927b,0,2de1055dc9f54b90a0551a1257b11445,org.apache.bcel.generic.MethodGen,org.apache.bcel.generic.MethodGen_ESTest,146,0,False
794,NPEX,Commons_BCEL-a46d927b,0,544cb74af7bc4385b0ff3648e2af331b,org.apache.bcel.generic.MethodGen,org.apache.bcel.generic.MethodGen_ESTest,149,0,False
795,NPEX,Commons_BCEL-a46d927b,0,503f213cb864446382ff788eca4d49c5,org.apache.bcel.generic.MethodGen,org.apache.bcel.generic.MethodGen_ESTest,147,0,False
796,NPEX,Commons_BCEL-a46d927b,0,76f8127dce314ef9ae94df8ec2070487,org.apache.bcel.generic.MethodGen,org.apache.bcel.generic.MethodGen_ESTest,145,0,False
797,NPEX,Commons_BCEL-a46d927b,0,380b230bbc7145ee8cfb4fbaa3623e4e,org.apache.bcel.generic.MethodGen,org.apache.bcel.generic.MethodGen_ESTest,164,0,False
798,NPEX,Commons_BCEL-a46d927b,0,8e3a7c82f2eb454f89f0f84635e83c45,org.apache.bcel.generic.MethodGen,org.apache.bcel.generic.MethodGen_ESTest,146,0,False
799,NPEX,Commons_BCEL-a46d927b,0,d6f204260c08495f80f1a780c7ff2c07,org.apache.bcel.generic.MethodGen,org.apache.bcel.generic.MethodGen_ESTest,143,0,False
800,NPEX,Commons_BCEL-a46d927b,0,0d9a0382914d497a8393f4195c601bf7,org.apache.bcel.generic.MethodGen,org.apache.bcel.generic.MethodGen_ESTest,291,0,False
801,NPEX,Jest-f34fa45e,0,0d70c1d498f843058508d9d2a905d618,io.searchbox.client.config.discovery.NodeChecker,io.searchbox.client.config.discovery.NodeChecker_ESTest,1,0,False
802,NPEX,Jest-f34fa45e,0,c0d6f8370afa424992670fa6faaaef53,io.searchbox.client.config.discovery.NodeChecker,io.searchbox.client.config.discovery.NodeChecker_ESTest,1,0,False
803,NPEX,Jest-f34fa45e,0,562bc9907def410d82928738bf7ebaa6,io.searchbox.client.config.discovery.NodeChecker,io.searchbox.client.config.discovery.NodeChecker_ESTest,1,0,False
804,NPEX,Jest-f34fa45e,0,dd67079a8c5b43d8b3e9b091cee94cd0,io.searchbox.client.config.discovery.NodeChecker,io.searchbox.client.config.discovery.NodeChecker_ESTest,1,0,False
805,NPEX,Jest-f34fa45e,0,31fbd72deed140c0bc0e19d34b62f284,io.searchbox.client.config.discovery.NodeChecker,io.searchbox.client.config.discovery.NodeChecker_ESTest,1,0,False
806,NPEX,Jest-f34fa45e,0,c4b620dcb2f346dba48d8451bce74bc8,io.searchbox.client.config.discovery.NodeChecker,io.searchbox.client.config.discovery.NodeChecker_ESTest,1,0,False
807,NPEX,Jest-f34fa45e,0,c25c99ea55044e46a373d382c63ea8bb,io.searchbox.client.config.discovery.NodeChecker,io.searchbox.client.config.discovery.NodeChecker_ESTest,1,0,False
808,NPEX,Jest-f34fa45e,0,ca93f748544b4797962ad08ff0d329dd,io.searchbox.client.config.discovery.NodeChecker,io.searchbox.client.config.discovery.NodeChecker_ESTest,1,0,False
809,NPEX,Jest-f34fa45e,0,e91dac1235ad42cc9c40cc92bb1b72a2,io.searchbox.client.config.discovery.NodeChecker,io.searchbox.client.config.discovery.NodeChecker_ESTest,1,0,False
810,NPEX,Jest-f34fa45e,0,eddd15e4c84f440b8866fb2c706dfaee,io.searchbox.client.config.discovery.NodeChecker,io.searchbox.client.config.discovery.NodeChecker_ESTest,1,0,False
811,NPEX,Qpid_Proton__j-02998b38,0,8e2c928dfce544e784ab948ebb615101,org.apache.qpid.proton.codec.MapType,org.apache.qpid.proton.codec.MapType_ESTest,9,0,False
812,NPEX,Qpid_Proton__j-02998b38,0,485abedc278f4c0faff14b86bea40303,org.apache.qpid.proton.codec.MapType,org.apache.qpid.proton.codec.MapType_ESTest,7,0,False
813,NPEX,Qpid_Proton__j-02998b38,0,e17924151aa2413ca9c2d39ae76c237e,org.apache.qpid.proton.codec.MapType,org.apache.qpid.proton.codec.MapType_ESTest,7,0,False
814,NPEX,Qpid_Proton__j-02998b38,0,c30aef16e4084bf690031a6c28d1cb68,org.apache.qpid.proton.codec.MapType,org.apache.qpid.proton.codec.MapType_ESTest,9,0,False
815,NPEX,Qpid_Proton__j-02998b38,0,608d9cb14705426aa9b1168bb53d1a67,org.apache.qpid.proton.codec.MapType,org.apache.qpid.proton.codec.MapType_ESTest,9,0,False
816,NPEX,Qpid_Proton__j-02998b38,0,407e9963f4214784a8bd07e781278dee,org.apache.qpid.proton.codec.MapType,org.apache.qpid.proton.codec.MapType_ESTest,9,0,False
817,NPEX,Qpid_Proton__j-02998b38,0,03ec7279a19c4afabc0295e72f82858b,org.apache.qpid.proton.codec.MapType,org.apache.qpid.proton.codec.MapType_ESTest,6,0,False
818,NPEX,Qpid_Proton__j-02998b38,0,2c22e016f5714aeb90729c6b12c96a21,org.apache.qpid.proton.codec.MapType,org.apache.qpid.proton.codec.MapType_ESTest,10,0,False
819,NPEX,Qpid_Proton__j-02998b38,0,0d6b0d92c8e5453580da165727d1b736,org.apache.qpid.proton.codec.MapType,org.apache.qpid.proton.codec.MapType_ESTest,7,0,False
820,NPEX,Qpid_Proton__j-02998b38,0,7a219cb1d24f4403bf8dec0f0171b9b6,org.apache.qpid.proton.codec.MapType,org.apache.qpid.proton.codec.MapType_ESTest,9,0,False
821,NPEX,Qpid_Proton__j-02998b38,1,8e2c928dfce544e784ab948ebb615101,org.apache.qpid.proton.codec.MapType,org.apache.qpid.proton.codec.MapType_ESTest,9,0,False
822,NPEX,Qpid_Proton__j-02998b38,1,485abedc278f4c0faff14b86bea40303,org.apache.qpid.proton.codec.MapType,org.apache.qpid.proton.codec.MapType_ESTest,7,0,False
823,NPEX,Qpid_Proton__j-02998b38,1,e17924151aa2413ca9c2d39ae76c237e,org.apache.qpid.proton.codec.MapType,org.apache.qpid.proton.codec.MapType_ESTest,7,0,False
824,NPEX,Qpid_Proton__j-02998b38,1,c30aef16e4084bf690031a6c28d1cb68,org.apache.qpid.proton.codec.MapType,org.apache.qpid.proton.codec.MapType_ESTest,9,0,False
825,NPEX,Qpid_Proton__j-02998b38,1,608d9cb14705426aa9b1168bb53d1a67,org.apache.qpid.proton.codec.MapType,org.apache.qpid.proton.codec.MapType_ESTest,9,0,False
826,NPEX,Qpid_Proton__j-02998b38,1,407e9963f4214784a8bd07e781278dee,org.apache.qpid.proton.codec.MapType,org.apache.qpid.proton.codec.MapType_ESTest,9,0,False
827,NPEX,Qpid_Proton__j-02998b38,1,03ec7279a19c4afabc0295e72f82858b,org.apache.qpid.proton.codec.MapType,org.apache.qpid.proton.codec.MapType_ESTest,6,0,False
828,NPEX,Qpid_Proton__j-02998b38,1,2c22e016f5714aeb90729c6b12c96a21,org.apache.qpid.proton.codec.MapType,org.apache.qpid.proton.codec.MapType_ESTest,10,0,False
829,NPEX,Qpid_Proton__j-02998b38,1,0d6b0d92c8e5453580da165727d1b736,org.apache.qpid.proton.codec.MapType,org.apache.qpid.proton.codec.MapType_ESTest,7,0,False
830,NPEX,Qpid_Proton__j-02998b38,1,7a219cb1d24f4403bf8dec0f0171b9b6,org.apache.qpid.proton.codec.MapType,org.apache.qpid.proton.codec.MapType_ESTest,9,0,False
831,NPEX,Avro-a3e05bee,0,39b3400467e54eecb4642c5b9ebbbbc9,org.apache.avro.Schema,org.apache.avro.Schema_ESTest,211,0,True
832,NPEX,Avro-a3e05bee,0,fbf26e101533427fbfb3061972f7ad99,org.apache.avro.Schema,org.apache.avro.Schema_ESTest,189,0,True
833,NPEX,Avro-a3e05bee,0,bd03cff0a0a643578869c7e7b56c9e88,org.apache.avro.Schema,org.apache.avro.Schema_ESTest,194,0,True
834,NPEX,Avro-a3e05bee,0,43cd62edc94d455da1b05b2db5b371c1,org.apache.avro.Schema,org.apache.avro.Schema_ESTest,204,0,True
835,NPEX,Avro-a3e05bee,0,8884a415c013402bb7d88d4f51ce9a89,org.apache.avro.Schema,org.apache.avro.Schema_ESTest,205,0,True
836,NPEX,Avro-a3e05bee,0,2f79e4ac19bf4f848ea9e41bdc3f56d1,org.apache.avro.Schema,org.apache.avro.Schema_ESTest,192,0,True
837,NPEX,HttpComponents_Client-f6333a50,0,1dc7d665253544cf817b93972a84c4ed,org.apache.hc.client5.http.impl.async.HttpAsyncClientBuilder,org.apache.hc.client5.http.impl.async.HttpAsyncClientBuilder_ESTest,63,0,False
838,NPEX,HttpComponents_Client-f6333a50,0,1dc7d665253544cf817b93972a84c4ed,org.apache.hc.client5.http.impl.async.H2AsyncClientBuilder,org.apache.hc.client5.http.impl.async.H2AsyncClientBuilder_ESTest,61,0,True
839,NPEX,HttpComponents_Client-f6333a50,0,c1ffbeb24b3c4c1aba09b00560fbeed2,org.apache.hc.client5.http.impl.async.HttpAsyncClientBuilder,org.apache.hc.client5.http.impl.async.HttpAsyncClientBuilder_ESTest,61,0,False
840,NPEX,HttpComponents_Client-f6333a50,0,c1ffbeb24b3c4c1aba09b00560fbeed2,org.apache.hc.client5.http.impl.async.H2AsyncClientBuilder,org.apache.hc.client5.http.impl.async.H2AsyncClientBuilder_ESTest,61,0,True
841,NPEX,HttpComponents_Client-f6333a50,0,140245a44f554ba682b1a3655fc6a246,org.apache.hc.client5.http.impl.async.HttpAsyncClientBuilder,org.apache.hc.client5.http.impl.async.HttpAsyncClientBuilder_ESTest,60,0,False
842,NPEX,HttpComponents_Client-f6333a50,0,140245a44f554ba682b1a3655fc6a246,org.apache.hc.client5.http.impl.async.H2AsyncClientBuilder,org.apache.hc.client5.http.impl.async.H2AsyncClientBuilder_ESTest,61,0,True
843,NPEX,HttpComponents_Client-f6333a50,0,7a874c70a7b84da6a688b99fd3ffe3a8,org.apache.hc.client5.http.impl.async.HttpAsyncClientBuilder,org.apache.hc.client5.http.impl.async.HttpAsyncClientBuilder_ESTest,64,0,False
844,NPEX,HttpComponents_Client-f6333a50,0,7a874c70a7b84da6a688b99fd3ffe3a8,org.apache.hc.client5.http.impl.async.H2AsyncClientBuilder,org.apache.hc.client5.http.impl.async.H2AsyncClientBuilder_ESTest,63,0,True
845,NPEX,HttpComponents_Client-f6333a50,0,b27c404a69a34dda808ac6acc2000524,org.apache.hc.client5.http.impl.async.HttpAsyncClientBuilder,org.apache.hc.client5.http.impl.async.HttpAsyncClientBuilder_ESTest,62,0,False
846,NPEX,HttpComponents_Client-f6333a50,0,b27c404a69a34dda808ac6acc2000524,org.apache.hc.client5.http.impl.async.H2AsyncClientBuilder,org.apache.hc.client5.http.impl.async.H2AsyncClientBuilder_ESTest,61,0,True
847,NPEX,HttpComponents_Client-f6333a50,0,12d4b06f734e433392615a3a58e53c51,org.apache.hc.client5.http.impl.async.HttpAsyncClientBuilder,org.apache.hc.client5.http.impl.async.HttpAsyncClientBuilder_ESTest,62,0,False
848,NPEX,HttpComponents_Client-f6333a50,0,12d4b06f734e433392615a3a58e53c51,org.apache.hc.client5.http.impl.async.H2AsyncClientBuilder,org.apache.hc.client5.http.impl.async.H2AsyncClientBuilder_ESTest,62,0,True
849,NPEX,HttpComponents_Client-f6333a50,0,fa6f9501ecd149849e01acafe38a7d0a,org.apache.hc.client5.http.impl.async.HttpAsyncClientBuilder,org.apache.hc.client5.http.impl.async.HttpAsyncClientBuilder_ESTest,64,0,False
850,NPEX,HttpComponents_Client-f6333a50,0,fa6f9501ecd149849e01acafe38a7d0a,org.apache.hc.client5.http.impl.async.H2AsyncClientBuilder,org.apache.hc.client5.http.impl.async.H2AsyncClientBuilder_ESTest,61,0,True
851,NPEX,HttpComponents_Client-f6333a50,0,15e3376a70134f6a98f56c4c089da4c0,org.apache.hc.client5.http.impl.async.HttpAsyncClientBuilder,org.apache.hc.client5.http.impl.async.HttpAsyncClientBuilder_ESTest,62,0,False
852,NPEX,HttpComponents_Client-f6333a50,0,15e3376a70134f6a98f56c4c089da4c0,org.apache.hc.client5.http.impl.async.H2AsyncClientBuilder,org.apache.hc.client5.http.impl.async.H2AsyncClientBuilder_ESTest,62,0,True
853,NPEX,HttpComponents_Client-f6333a50,0,731508d9a7b3496ca61398698e6f7ef8,org.apache.hc.client5.http.impl.async.HttpAsyncClientBuilder,org.apache.hc.client5.http.impl.async.HttpAsyncClientBuilder_ESTest,62,0,False
854,NPEX,HttpComponents_Client-f6333a50,0,731508d9a7b3496ca61398698e6f7ef8,org.apache.hc.client5.http.impl.async.H2AsyncClientBuilder,org.apache.hc.client5.http.impl.async.H2AsyncClientBuilder_ESTest,62,0,True
855,NPEX,HttpComponents_Client-f6333a50,0,f5071fc77be84e5085d0d30faec53b50,org.apache.hc.client5.http.impl.async.HttpAsyncClientBuilder,org.apache.hc.client5.http.impl.async.HttpAsyncClientBuilder_ESTest,63,0,False
856,NPEX,HttpComponents_Client-f6333a50,0,f5071fc77be84e5085d0d30faec53b50,org.apache.hc.client5.http.impl.async.H2AsyncClientBuilder,org.apache.hc.client5.http.impl.async.H2AsyncClientBuilder_ESTest,60,0,True
857,NPEX,HttpComponents_Client-f6333a50,1,1dc7d665253544cf817b93972a84c4ed,org.apache.hc.client5.http.impl.async.HttpAsyncClientBuilder,org.apache.hc.client5.http.impl.async.HttpAsyncClientBuilder_ESTest,63,0,False
858,NPEX,HttpComponents_Client-f6333a50,1,1dc7d665253544cf817b93972a84c4ed,org.apache.hc.client5.http.impl.async.H2AsyncClientBuilder,org.apache.hc.client5.http.impl.async.H2AsyncClientBuilder_ESTest,61,0,True
859,NPEX,HttpComponents_Client-f6333a50,1,c1ffbeb24b3c4c1aba09b00560fbeed2,org.apache.hc.client5.http.impl.async.HttpAsyncClientBuilder,org.apache.hc.client5.http.impl.async.HttpAsyncClientBuilder_ESTest,61,0,False
860,NPEX,HttpComponents_Client-f6333a50,1,c1ffbeb24b3c4c1aba09b00560fbeed2,org.apache.hc.client5.http.impl.async.H2AsyncClientBuilder,org.apache.hc.client5.http.impl.async.H2AsyncClientBuilder_ESTest,61,0,True
861,NPEX,HttpComponents_Client-f6333a50,1,140245a44f554ba682b1a3655fc6a246,org.apache.hc.client5.http.impl.async.HttpAsyncClientBuilder,org.apache.hc.client5.http.impl.async.HttpAsyncClientBuilder_ESTest,60,0,False
862,NPEX,HttpComponents_Client-f6333a50,1,140245a44f554ba682b1a3655fc6a246,org.apache.hc.client5.http.impl.async.H2AsyncClientBuilder,org.apache.hc.client5.http.impl.async.H2AsyncClientBuilder_ESTest,61,0,True
863,NPEX,HttpComponents_Client-f6333a50,1,7a874c70a7b84da6a688b99fd3ffe3a8,org.apache.hc.client5.http.impl.async.HttpAsyncClientBuilder,org.apache.hc.client5.http.impl.async.HttpAsyncClientBuilder_ESTest,64,0,False
864,NPEX,HttpComponents_Client-f6333a50,1,7a874c70a7b84da6a688b99fd3ffe3a8,org.apache.hc.client5.http.impl.async.H2AsyncClientBuilder,org.apache.hc.client5.http.impl.async.H2AsyncClientBuilder_ESTest,63,0,True
865,NPEX,HttpComponents_Client-f6333a50,1,b27c404a69a34dda808ac6acc2000524,org.apache.hc.client5.http.impl.async.HttpAsyncClientBuilder,org.apache.hc.client5.http.impl.async.HttpAsyncClientBuilder_ESTest,62,0,False
866,NPEX,HttpComponents_Client-f6333a50,1,b27c404a69a34dda808ac6acc2000524,org.apache.hc.client5.http.impl.async.H2AsyncClientBuilder,org.apache.hc.client5.http.impl.async.H2AsyncClientBuilder_ESTest,61,0,True
867,NPEX,HttpComponents_Client-f6333a50,1,12d4b06f734e433392615a3a58e53c51,org.apache.hc.client5.http.impl.async.HttpAsyncClientBuilder,org.apache.hc.client5.http.impl.async.HttpAsyncClientBuilder_ESTest,62,0,False
868,NPEX,HttpComponents_Client-f6333a50,1,12d4b06f734e433392615a3a58e53c51,org.apache.hc.client5.http.impl.async.H2AsyncClientBuilder,org.apache.hc.client5.http.impl.async.H2AsyncClientBuilder_ESTest,62,0,True
869,NPEX,HttpComponents_Client-f6333a50,1,fa6f9501ecd149849e01acafe38a7d0a,org.apache.hc.client5.http.impl.async.HttpAsyncClientBuilder,org.apache.hc.client5.http.impl.async.HttpAsyncClientBuilder_ESTest,64,0,False
870,NPEX,HttpComponents_Client-f6333a50,1,fa6f9501ecd149849e01acafe38a7d0a,org.apache.hc.client5.http.impl.async.H2AsyncClientBuilder,org.apache.hc.client5.http.impl.async.H2AsyncClientBuilder_ESTest,61,0,True
871,NPEX,HttpComponents_Client-f6333a50,1,15e3376a70134f6a98f56c4c089da4c0,org.apache.hc.client5.http.impl.async.HttpAsyncClientBuilder,org.apache.hc.client5.http.impl.async.HttpAsyncClientBuilder_ESTest,62,0,False
872,NPEX,HttpComponents_Client-f6333a50,1,15e3376a70134f6a98f56c4c089da4c0,org.apache.hc.client5.http.impl.async.H2AsyncClientBuilder,org.apache.hc.client5.http.impl.async.H2AsyncClientBuilder_ESTest,62,0,True
873,NPEX,HttpComponents_Client-f6333a50,1,731508d9a7b3496ca61398698e6f7ef8,org.apache.hc.client5.http.impl.async.HttpAsyncClientBuilder,org.apache.hc.client5.http.impl.async.HttpAsyncClientBuilder_ESTest,62,0,False
874,NPEX,HttpComponents_Client-f6333a50,1,731508d9a7b3496ca61398698e6f7ef8,org.apache.hc.client5.http.impl.async.H2AsyncClientBuilder,org.apache.hc.client5.http.impl.async.H2AsyncClientBuilder_ESTest,62,0,True
875,NPEX,HttpComponents_Client-f6333a50,1,f5071fc77be84e5085d0d30faec53b50,org.apache.hc.client5.http.impl.async.HttpAsyncClientBuilder,org.apache.hc.client5.http.impl.async.HttpAsyncClientBuilder_ESTest,63,0,False
876,NPEX,HttpComponents_Client-f6333a50,1,f5071fc77be84e5085d0d30faec53b50,org.apache.hc.client5.http.impl.async.H2AsyncClientBuilder,org.apache.hc.client5.http.impl.async.H2AsyncClientBuilder_ESTest,60,0,True
877,NPEX,HttpComponents_Client-f6333a50,2,1dc7d665253544cf817b93972a84c4ed,org.apache.hc.client5.http.impl.async.HttpAsyncClientBuilder,org.apache.hc.client5.http.impl.async.HttpAsyncClientBuilder_ESTest,63,0,True
878,NPEX,HttpComponents_Client-f6333a50,2,1dc7d665253544cf817b93972a84c4ed,org.apache.hc.client5.http.impl.async.H2AsyncClientBuilder,org.apache.hc.client5.http.impl.async.H2AsyncClientBuilder_ESTest,61,0,False
879,NPEX,HttpComponents_Client-f6333a50,2,c1ffbeb24b3c4c1aba09b00560fbeed2,org.apache.hc.client5.http.impl.async.HttpAsyncClientBuilder,org.apache.hc.client5.http.impl.async.HttpAsyncClientBuilder_ESTest,61,0,True
880,NPEX,HttpComponents_Client-f6333a50,2,c1ffbeb24b3c4c1aba09b00560fbeed2,org.apache.hc.client5.http.impl.async.H2AsyncClientBuilder,org.apache.hc.client5.http.impl.async.H2AsyncClientBuilder_ESTest,61,0,False
881,NPEX,HttpComponents_Client-f6333a50,2,140245a44f554ba682b1a3655fc6a246,org.apache.hc.client5.http.impl.async.HttpAsyncClientBuilder,org.apache.hc.client5.http.impl.async.HttpAsyncClientBuilder_ESTest,60,0,True
882,NPEX,HttpComponents_Client-f6333a50,2,140245a44f554ba682b1a3655fc6a246,org.apache.hc.client5.http.impl.async.H2AsyncClientBuilder,org.apache.hc.client5.http.impl.async.H2AsyncClientBuilder_ESTest,61,0,False
883,NPEX,HttpComponents_Client-f6333a50,2,7a874c70a7b84da6a688b99fd3ffe3a8,org.apache.hc.client5.http.impl.async.HttpAsyncClientBuilder,org.apache.hc.client5.http.impl.async.HttpAsyncClientBuilder_ESTest,64,0,True
884,NPEX,HttpComponents_Client-f6333a50,2,7a874c70a7b84da6a688b99fd3ffe3a8,org.apache.hc.client5.http.impl.async.H2AsyncClientBuilder,org.apache.hc.client5.http.impl.async.H2AsyncClientBuilder_ESTest,63,0,False
885,NPEX,HttpComponents_Client-f6333a50,2,b27c404a69a34dda808ac6acc2000524,org.apache.hc.client5.http.impl.async.HttpAsyncClientBuilder,org.apache.hc.client5.http.impl.async.HttpAsyncClientBuilder_ESTest,62,0,True
886,NPEX,HttpComponents_Client-f6333a50,2,b27c404a69a34dda808ac6acc2000524,org.apache.hc.client5.http.impl.async.H2AsyncClientBuilder,org.apache.hc.client5.http.impl.async.H2AsyncClientBuilder_ESTest,61,0,False
887,NPEX,HttpComponents_Client-f6333a50,2,12d4b06f734e433392615a3a58e53c51,org.apache.hc.client5.http.impl.async.HttpAsyncClientBuilder,org.apache.hc.client5.http.impl.async.HttpAsyncClientBuilder_ESTest,62,0,True
888,NPEX,HttpComponents_Client-f6333a50,2,12d4b06f734e433392615a3a58e53c51,org.apache.hc.client5.http.impl.async.H2AsyncClientBuilder,org.apache.hc.client5.http.impl.async.H2AsyncClientBuilder_ESTest,62,0,False
889,NPEX,HttpComponents_Client-f6333a50,2,fa6f9501ecd149849e01acafe38a7d0a,org.apache.hc.client5.http.impl.async.HttpAsyncClientBuilder,org.apache.hc.client5.http.impl.async.HttpAsyncClientBuilder_ESTest,64,0,True
890,NPEX,HttpComponents_Client-f6333a50,2,fa6f9501ecd149849e01acafe38a7d0a,org.apache.hc.client5.http.impl.async.H2AsyncClientBuilder,org.apache.hc.client5.http.impl.async.H2AsyncClientBuilder_ESTest,61,0,False
891,NPEX,HttpComponents_Client-f6333a50,2,15e3376a70134f6a98f56c4c089da4c0,org.apache.hc.client5.http.impl.async.HttpAsyncClientBuilder,org.apache.hc.client5.http.impl.async.HttpAsyncClientBuilder_ESTest,62,0,True
892,NPEX,HttpComponents_Client-f6333a50,2,15e3376a70134f6a98f56c4c089da4c0,org.apache.hc.client5.http.impl.async.H2AsyncClientBuilder,org.apache.hc.client5.http.impl.async.H2AsyncClientBuilder_ESTest,62,0,False
893,NPEX,HttpComponents_Client-f6333a50,2,731508d9a7b3496ca61398698e6f7ef8,org.apache.hc.client5.http.impl.async.HttpAsyncClientBuilder,org.apache.hc.client5.http.impl.async.HttpAsyncClientBuilder_ESTest,62,0,True
894,NPEX,HttpComponents_Client-f6333a50,2,731508d9a7b3496ca61398698e6f7ef8,org.apache.hc.client5.http.impl.async.H2AsyncClientBuilder,org.apache.hc.client5.http.impl.async.H2AsyncClientBuilder_ESTest,62,0,False
895,NPEX,HttpComponents_Client-f6333a50,2,f5071fc77be84e5085d0d30faec53b50,org.apache.hc.client5.http.impl.async.HttpAsyncClientBuilder,org.apache.hc.client5.http.impl.async.HttpAsyncClientBuilder_ESTest,63,0,True
896,NPEX,HttpComponents_Client-f6333a50,2,f5071fc77be84e5085d0d30faec53b50,org.apache.hc.client5.http.impl.async.H2AsyncClientBuilder,org.apache.hc.client5.http.impl.async.H2AsyncClientBuilder_ESTest,60,0,False
897,NPEX,HttpComponents_Client-f6333a50,3,1dc7d665253544cf817b93972a84c4ed,org.apache.hc.client5.http.impl.async.HttpAsyncClientBuilder,org.apache.hc.client5.http.impl.async.HttpAsyncClientBuilder_ESTest,63,0,True
898,NPEX,HttpComponents_Client-f6333a50,3,1dc7d665253544cf817b93972a84c4ed,org.apache.hc.client5.http.impl.async.H2AsyncClientBuilder,org.apache.hc.client5.http.impl.async.H2AsyncClientBuilder_ESTest,61,0,False
899,NPEX,HttpComponents_Client-f6333a50,3,c1ffbeb24b3c4c1aba09b00560fbeed2,org.apache.hc.client5.http.impl.async.HttpAsyncClientBuilder,org.apache.hc.client5.http.impl.async.HttpAsyncClientBuilder_ESTest,61,0,True
900,NPEX,HttpComponents_Client-f6333a50,3,c1ffbeb24b3c4c1aba09b00560fbeed2,org.apache.hc.client5.http.impl.async.H2AsyncClientBuilder,org.apache.hc.client5.http.impl.async.H2AsyncClientBuilder_ESTest,61,0,False
901,NPEX,HttpComponents_Client-f6333a50,3,140245a44f554ba682b1a3655fc6a246,org.apache.hc.client5.http.impl.async.HttpAsyncClientBuilder,org.apache.hc.client5.http.impl.async.HttpAsyncClientBuilder_ESTest,60,0,True
902,NPEX,HttpComponents_Client-f6333a50,3,140245a44f554ba682b1a3655fc6a246,org.apache.hc.client5.http.impl.async.H2AsyncClientBuilder,org.apache.hc.client5.http.impl.async.H2AsyncClientBuilder_ESTest,61,0,False
903,NPEX,HttpComponents_Client-f6333a50,3,7a874c70a7b84da6a688b99fd3ffe3a8,org.apache.hc.client5.http.impl.async.HttpAsyncClientBuilder,org.apache.hc.client5.http.impl.async.HttpAsyncClientBuilder_ESTest,64,0,True
904,NPEX,HttpComponents_Client-f6333a50,3,7a874c70a7b84da6a688b99fd3ffe3a8,org.apache.hc.client5.http.impl.async.H2AsyncClientBuilder,org.apache.hc.client5.http.impl.async.H2AsyncClientBuilder_ESTest,63,0,False
905,NPEX,HttpComponents_Client-f6333a50,3,b27c404a69a34dda808ac6acc2000524,org.apache.hc.client5.http.impl.async.HttpAsyncClientBuilder,org.apache.hc.client5.http.impl.async.HttpAsyncClientBuilder_ESTest,62,0,True
906,NPEX,HttpComponents_Client-f6333a50,3,b27c404a69a34dda808ac6acc2000524,org.apache.hc.client5.http.impl.async.H2AsyncClientBuilder,org.apache.hc.client5.http.impl.async.H2AsyncClientBuilder_ESTest,61,0,False
907,NPEX,HttpComponents_Client-f6333a50,3,12d4b06f734e433392615a3a58e53c51,org.apache.hc.client5.http.impl.async.HttpAsyncClientBuilder,org.apache.hc.client5.http.impl.async.HttpAsyncClientBuilder_ESTest,62,0,True
908,NPEX,HttpComponents_Client-f6333a50,3,12d4b06f734e433392615a3a58e53c51,org.apache.hc.client5.http.impl.async.H2AsyncClientBuilder,org.apache.hc.client5.http.impl.async.H2AsyncClientBuilder_ESTest,62,0,False
909,NPEX,HttpComponents_Client-f6333a50,3,fa6f9501ecd149849e01acafe38a7d0a,org.apache.hc.client5.http.impl.async.HttpAsyncClientBuilder,org.apache.hc.client5.http.impl.async.HttpAsyncClientBuilder_ESTest,64,0,True
910,NPEX,HttpComponents_Client-f6333a50,3,fa6f9501ecd149849e01acafe38a7d0a,org.apache.hc.client5.http.impl.async.H2AsyncClientBuilder,org.apache.hc.client5.http.impl.async.H2AsyncClientBuilder_ESTest,61,0,False
911,NPEX,HttpComponents_Client-f6333a50,3,15e3376a70134f6a98f56c4c089da4c0,org.apache.hc.client5.http.impl.async.HttpAsyncClientBuilder,org.apache.hc.client5.http.impl.async.HttpAsyncClientBuilder_ESTest,62,0,True
912,NPEX,HttpComponents_Client-f6333a50,3,15e3376a70134f6a98f56c4c089da4c0,org.apache.hc.client5.http.impl.async.H2AsyncClientBuilder,org.apache.hc.client5.http.impl.async.H2AsyncClientBuilder_ESTest,62,0,False
913,NPEX,HttpComponents_Client-f6333a50,3,731508d9a7b3496ca61398698e6f7ef8,org.apache.hc.client5.http.impl.async.HttpAsyncClientBuilder,org.apache.hc.client5.http.impl.async.HttpAsyncClientBuilder_ESTest,62,0,True
914,NPEX,HttpComponents_Client-f6333a50,3,731508d9a7b3496ca61398698e6f7ef8,org.apache.hc.client5.http.impl.async.H2AsyncClientBuilder,org.apache.hc.client5.http.impl.async.H2AsyncClientBuilder_ESTest,62,0,False
915,NPEX,HttpComponents_Client-f6333a50,3,f5071fc77be84e5085d0d30faec53b50,org.apache.hc.client5.http.impl.async.HttpAsyncClientBuilder,org.apache.hc.client5.http.impl.async.HttpAsyncClientBuilder_ESTest,63,0,True
916,NPEX,HttpComponents_Client-f6333a50,3,f5071fc77be84e5085d0d30faec53b50,org.apache.hc.client5.http.impl.async.H2AsyncClientBuilder,org.apache.hc.client5.http.impl.async.H2AsyncClientBuilder_ESTest,60,0,False
917,NPEX,Async_Http_Client-fbc6d486,0,0eebac3c71584a58a12d8583c0babe93,org.asynchttpclient.RequestBuilderBase,org.asynchttpclient.RequestBuilderBase_ESTest,1,0,False
918,NPEX,Async_Http_Client-fbc6d486,0,9470e8a9e44c4a96b0a212c875eb2db2,org.asynchttpclient.RequestBuilderBase,org.asynchttpclient.RequestBuilderBase_ESTest,1,0,False
919,NPEX,Async_Http_Client-fbc6d486,0,f2ba14a2202c45f3accb5ce152559d7e,org.asynchttpclient.RequestBuilderBase,org.asynchttpclient.RequestBuilderBase_ESTest,1,0,False
920,NPEX,Async_Http_Client-fbc6d486,0,a91ac081b67943feb9675f229e095308,org.asynchttpclient.RequestBuilderBase,org.asynchttpclient.RequestBuilderBase_ESTest,1,0,False
921,NPEX,Async_Http_Client-fbc6d486,0,5019b4d1fae34a23a3c0f6192e164d2f,org.asynchttpclient.RequestBuilderBase,org.asynchttpclient.RequestBuilderBase_ESTest,1,0,False
922,NPEX,Async_Http_Client-fbc6d486,0,924dca5735a442ff8440e8fd96d203d1,org.asynchttpclient.RequestBuilderBase,org.asynchttpclient.RequestBuilderBase_ESTest,1,0,False
923,NPEX,Async_Http_Client-fbc6d486,0,a8f2f7c3a9a942359ef7d5132828a5bd,org.asynchttpclient.RequestBuilderBase,org.asynchttpclient.RequestBuilderBase_ESTest,1,0,False
924,NPEX,Async_Http_Client-fbc6d486,0,ff9f2732e6a942ddb679f341dbfb72ca,org.asynchttpclient.RequestBuilderBase,org.asynchttpclient.RequestBuilderBase_ESTest,1,0,False
925,NPEX,Async_Http_Client-fbc6d486,0,5a3296067ddf4319aa96219118e5623e,org.asynchttpclient.RequestBuilderBase,org.asynchttpclient.RequestBuilderBase_ESTest,1,0,False
926,NPEX,Async_Http_Client-fbc6d486,0,075d454fac5f4bd69db9b8620f178032,org.asynchttpclient.RequestBuilderBase,org.asynchttpclient.RequestBuilderBase_ESTest,1,0,False
927,NPEX,ShardingSphere-9833fb9a,0,05f2abb011f14a16be01b510f8a8c72a,org.apache.shardingsphere.governance.core.yaml.swapper.SchemaYamlSwapper,org.apache.shardingsphere.governance.core.yaml.swapper.SchemaYamlSwapper_ESTest,4,0,False
928,NPEX,ShardingSphere-9833fb9a,0,05edaa9b12914537b692ecd0493fe41a,org.apache.shardingsphere.governance.core.yaml.swapper.SchemaYamlSwapper,org.apache.shardingsphere.governance.core.yaml.swapper.SchemaYamlSwapper_ESTest,5,0,True
929,NPEX,ShardingSphere-9833fb9a,0,dd77ab8093e24456ad1bdf81887bbf25,org.apache.shardingsphere.governance.core.yaml.swapper.SchemaYamlSwapper,org.apache.shardingsphere.governance.core.yaml.swapper.SchemaYamlSwapper_ESTest,5,0,False
930,NPEX,ShardingSphere-9833fb9a,0,3dd7e792b4474fd69454b4e9e9c1fd90,org.apache.shardingsphere.governance.core.yaml.swapper.SchemaYamlSwapper,org.apache.shardingsphere.governance.core.yaml.swapper.SchemaYamlSwapper_ESTest,5,0,True
931,NPEX,ShardingSphere-9833fb9a,0,b437577813e748809c870d4ddcaf056c,org.apache.shardingsphere.governance.core.yaml.swapper.SchemaYamlSwapper,org.apache.shardingsphere.governance.core.yaml.swapper.SchemaYamlSwapper_ESTest,4,0,False
932,NPEX,ShardingSphere-9833fb9a,0,82756610c2214c02aadf057a8d4a73cd,org.apache.shardingsphere.governance.core.yaml.swapper.SchemaYamlSwapper,org.apache.shardingsphere.governance.core.yaml.swapper.SchemaYamlSwapper_ESTest,5,0,True
933,NPEX,ShardingSphere-9833fb9a,0,d19ba6b4ddab4fc096ed0fe0e6369e4c,org.apache.shardingsphere.governance.core.yaml.swapper.SchemaYamlSwapper,org.apache.shardingsphere.governance.core.yaml.swapper.SchemaYamlSwapper_ESTest,5,0,True
934,NPEX,ShardingSphere-9833fb9a,0,ce733138814844779518ec47f04eac7b,org.apache.shardingsphere.governance.core.yaml.swapper.SchemaYamlSwapper,org.apache.shardingsphere.governance.core.yaml.swapper.SchemaYamlSwapper_ESTest,5,0,True
935,NPEX,ShardingSphere-9833fb9a,0,1d253a9fae584f1b90a79ab8c1a400ed,org.apache.shardingsphere.governance.core.yaml.swapper.SchemaYamlSwapper,org.apache.shardingsphere.governance.core.yaml.swapper.SchemaYamlSwapper_ESTest,5,0,True
936,NPEX,Easy_Rules-d5385af5,0,dd5de73539764affbdc5967477004a6b,org.jeasy.rules.mvel.MVELRuleDefinitionReader,org.jeasy.rules.mvel.MVELRuleDefinitionReader_ESTest,9,0,True
937,NPEX,Easy_Rules-d5385af5,0,bcee6a1cabf146c39b59674e3b6feef0,org.jeasy.rules.mvel.MVELRuleDefinitionReader,org.jeasy.rules.mvel.MVELRuleDefinitionReader_ESTest,10,0,True
938,NPEX,Easy_Rules-d5385af5,0,6960c4815fc342c48f9c3a6b6f8f5cf9,org.jeasy.rules.mvel.MVELRuleDefinitionReader,org.jeasy.rules.mvel.MVELRuleDefinitionReader_ESTest,9,0,True
939,NPEX,Easy_Rules-d5385af5,0,5fc0e42184f94c1e97d30b6a2d787b50,org.jeasy.rules.mvel.MVELRuleDefinitionReader,org.jeasy.rules.mvel.MVELRuleDefinitionReader_ESTest,12,0,False
940,NPEX,Easy_Rules-d5385af5,0,844e878d13a346e1806af3d92cc3f2d8,org.jeasy.rules.mvel.MVELRuleDefinitionReader,org.jeasy.rules.mvel.MVELRuleDefinitionReader_ESTest,12,0,False
941,NPEX,Easy_Rules-d5385af5,0,d1b27a8c604a4c9e8c0cbde7e8ca33e5,org.jeasy.rules.mvel.MVELRuleDefinitionReader,org.jeasy.rules.mvel.MVELRuleDefinitionReader_ESTest,6,0,True
942,NPEX,Easy_Rules-d5385af5,0,eca28c9036c544c185103a641523baf2,org.jeasy.rules.mvel.MVELRuleDefinitionReader,org.jeasy.rules.mvel.MVELRuleDefinitionReader_ESTest,11,0,True
943,NPEX,Easy_Rules-d5385af5,0,2ab1df15b577443891fd81f12ea88540,org.jeasy.rules.mvel.MVELRuleDefinitionReader,org.jeasy.rules.mvel.MVELRuleDefinitionReader_ESTest,10,0,True
944,NPEX,Easy_Rules-d5385af5,0,8c468f7ae974423484ab4830103ef9e5,org.jeasy.rules.mvel.MVELRuleDefinitionReader,org.jeasy.rules.mvel.MVELRuleDefinitionReader_ESTest,8,0,True
945,NPEX,Easy_Rules-d5385af5,0,9a9da5442f08460880a0f0701fd5a5f4,org.jeasy.rules.mvel.MVELRuleDefinitionReader,org.jeasy.rules.mvel.MVELRuleDefinitionReader_ESTest,11,0,True
946,NPEX,IoTDB-9bced7b6,0,20377518e18744a5a3a942fda4cda17b,org.apache.iotdb.db.metadata.MTree,org.apache.iotdb.db.metadata.MTree_ESTest,194,0,False
947,NPEX,IoTDB-9bced7b6,0,6484f2f458404f929c7b16b1cd168c0f,org.apache.iotdb.db.metadata.MTree,org.apache.iotdb.db.metadata.MTree_ESTest,191,0,False
948,NPEX,IoTDB-9bced7b6,0,36446116ae8845cbb1cbd6a5e20d79ce,org.apache.iotdb.db.metadata.MTree,org.apache.iotdb.db.metadata.MTree_ESTest,197,0,False
949,NPEX,IoTDB-9bced7b6,0,0327ce996eaf48c38158945f68f7558a,org.apache.iotdb.db.metadata.MTree,org.apache.iotdb.db.metadata.MTree_ESTest,193,0,False
950,NPEX,IoTDB-9bced7b6,0,036c1bb4d42f4199910e2dbd57c8a4ba,org.apache.iotdb.db.metadata.MTree,org.apache.iotdb.db.metadata.MTree_ESTest,193,0,False
951,NPEX,IoTDB-9bced7b6,0,d24c0144a818444f976d823501f5c851,org.apache.iotdb.db.metadata.MTree,org.apache.iotdb.db.metadata.MTree_ESTest,199,0,False
952,NPEX,IoTDB-9bced7b6,0,d0e8432566e049d8ae3ec78fdff978f3,org.apache.iotdb.db.metadata.MTree,org.apache.iotdb.db.metadata.MTree_ESTest,207,0,False
953,NPEX,IoTDB-9bced7b6,0,5851557540b84c42b91fa5c02beed2ae,org.apache.iotdb.db.metadata.MTree,org.apache.iotdb.db.metadata.MTree_ESTest,215,0,False
954,NPEX,IoTDB-9bced7b6,0,05a443512cc048f68659103ad13182d5,org.apache.iotdb.db.metadata.MTree,org.apache.iotdb.db.metadata.MTree_ESTest,197,0,False
955,NPEX,IoTDB-9bced7b6,0,9c6248583e314094b74d97515e734970,org.apache.iotdb.db.metadata.MTree,org.apache.iotdb.db.metadata.MTree_ESTest,195,0,False
956,Bears,Bears-88,0,5cb5a8635aec4f699e7b8fef72792f67,org.springframework.data.repository.config.RepositoryBeanNameGenerator,org.springframework.data.repository.config.RepositoryBeanNameGenerator_ESTest,4,0,True
957,Bears,Bears-88,0,75ff5cf739004f348cdb36a2287332d2,org.springframework.data.repository.config.RepositoryBeanNameGenerator,org.springframework.data.repository.config.RepositoryBeanNameGenerator_ESTest,2,0,True
958,Bears,Bears-184,0,9ff1056abe6e47c6b543156753fc7469,org.springframework.data.jpa.util.JpaMetamodel,org.springframework.data.jpa.util.JpaMetamodel_ESTest,4,0,False
959,Bears,Bears-184,0,bc7f1fd1b1a5427aaea099630e7304b1,org.springframework.data.jpa.util.JpaMetamodel,org.springframework.data.jpa.util.JpaMetamodel_ESTest,4,0,False
960,Bears,Bears-184,0,0a0f8cf3b72d4feb8ab22679a1483167,org.springframework.data.jpa.util.JpaMetamodel,org.springframework.data.jpa.util.JpaMetamodel_ESTest,4,0,False
961,Bears,Bears-184,0,71a0a8bbbd0e48c098e9221902b013a0,org.springframework.data.jpa.util.JpaMetamodel,org.springframework.data.jpa.util.JpaMetamodel_ESTest,4,0,False
962,Bears,Bears-184,0,63be0d438d8547ea9bd16f0c18d8749f,org.springframework.data.jpa.util.JpaMetamodel,org.springframework.data.jpa.util.JpaMetamodel_ESTest,4,0,False
963,Bears,Bears-184,0,a6967054adee48bea2e7d8b2d19a8948,org.springframework.data.jpa.util.JpaMetamodel,org.springframework.data.jpa.util.JpaMetamodel_ESTest,4,0,False
964,Bears,Bears-56,0,6f8c6ebb4f264e509e1af67ba26ca83e,spoon.reflect.visitor.ImportScannerImpl,spoon.reflect.visitor.ImportScannerImpl_ESTest,2,0,False
965,Bears,Bears-56,0,ac26c764183f4158be24d8ee781eb55b,spoon.reflect.visitor.ImportScannerImpl,spoon.reflect.visitor.ImportScannerImpl_ESTest,6,0,False
966,Bears,Bears-56,0,eceae1eed12145f8b033013226419ec8,spoon.reflect.visitor.ImportScannerImpl,spoon.reflect.visitor.ImportScannerImpl_ESTest,6,0,True
967,Bears,Bears-56,0,4e49f323f7734eee93d60131c552ca2b,spoon.reflect.visitor.ImportScannerImpl,spoon.reflect.visitor.ImportScannerImpl_ESTest,4,0,True
968,Bears,Bears-56,0,4bc4e54c1d554c80b06110942a66de62,spoon.reflect.visitor.ImportScannerImpl,spoon.reflect.visitor.ImportScannerImpl_ESTest,2,0,False
969,Bears,Bears-56,0,db967e9d4dd14918a38ecc38f1932338,spoon.reflect.visitor.ImportScannerImpl,spoon.reflect.visitor.ImportScannerImpl_ESTest,2,0,True
970,Bears,Bears-56,0,a4176812ceae48efb8ae5895f18e35da,spoon.reflect.visitor.ImportScannerImpl,spoon.reflect.visitor.ImportScannerImpl_ESTest,10,0,True
971,Bears,Bears-56,0,677b76cf1574440c8b50c10bbce5c3bc,spoon.reflect.visitor.ImportScannerImpl,spoon.reflect.visitor.ImportScannerImpl_ESTest,6,0,True
972,Bears,Bears-56,0,5bc69de06b18488c8a7d373cdbca2955,spoon.reflect.visitor.ImportScannerImpl,spoon.reflect.visitor.ImportScannerImpl_ESTest,4,0,False
973,Bears,Bears-72,0,f0c8f44f9f0a49d1aed2d5f465c9f252,spoon.reflect.visitor.DefaultJavaPrettyPrinter,spoon.reflect.visitor.DefaultJavaPrettyPrinter_ESTest,6,0,False
974,Bears,Bears-72,0,4db66e612f64439995c055bfef93f255,spoon.reflect.visitor.DefaultJavaPrettyPrinter,spoon.reflect.visitor.DefaultJavaPrettyPrinter_ESTest,8,0,False
975,Bears,Bears-72,0,f2cdb217404b4c3ba79c0ad25c1dd8c4,spoon.reflect.visitor.DefaultJavaPrettyPrinter,spoon.reflect.visitor.DefaultJavaPrettyPrinter_ESTest,11,0,False
976,Bears,Bears-72,0,2a26e43e1a2f4ce9ad40b01f4d4971ad,spoon.reflect.visitor.DefaultJavaPrettyPrinter,spoon.reflect.visitor.DefaultJavaPrettyPrinter_ESTest,3,0,False
977,Bears,Bears-72,0,8c4fc82ccbc048a7ac85c61c1ea7d87c,spoon.reflect.visitor.DefaultJavaPrettyPrinter,spoon.reflect.visitor.DefaultJavaPrettyPrinter_ESTest,6,0,False
978,Bears,Bears-72,0,3b1768a08b7944488805959ed948eed0,spoon.reflect.visitor.DefaultJavaPrettyPrinter,spoon.reflect.visitor.DefaultJavaPrettyPrinter_ESTest,5,0,False
979,Bears,Bears-72,0,bce7f83dc1214ea4840e3a0d9c7ca2a4,spoon.reflect.visitor.DefaultJavaPrettyPrinter,spoon.reflect.visitor.DefaultJavaPrettyPrinter_ESTest,7,0,False
980,Bears,Bears-72,0,e9542370d37f4326923b892bd4b4abe5,spoon.reflect.visitor.DefaultJavaPrettyPrinter,spoon.reflect.visitor.DefaultJavaPrettyPrinter_ESTest,4,0,False
981,Bears,Bears-72,0,09bee4e364994a3c8e10e211b2671a86,spoon.reflect.visitor.DefaultJavaPrettyPrinter,spoon.reflect.visitor.DefaultJavaPrettyPrinter_ESTest,3,0,False
982,Bears,Bears-72,0,ca8f3f535bf342a4b6bb785863bc56ae,spoon.reflect.visitor.DefaultJavaPrettyPrinter,spoon.reflect.visitor.DefaultJavaPrettyPrinter_ESTest,7,0,False
983,Bears,Bears-189,0,88a6aa99e2e0441fba7efa599a14cc72,hu.oe.nik.szfmv.detector.classes.Detector,hu.oe.nik.szfmv.detector.classes.Detector_ESTest,8,0,True
984,Bears,Bears-189,0,b721caba2ca84a73871b0951df6d2598,hu.oe.nik.szfmv.detector.classes.Detector,hu.oe.nik.szfmv.detector.classes.Detector_ESTest,7,0,True
985,Bears,Bears-189,0,d30830efa81046099b36c8b8f464d749,hu.oe.nik.szfmv.detector.classes.Detector,hu.oe.nik.szfmv.detector.classes.Detector_ESTest,7,0,True
986,Bears,Bears-189,0,3566e5e9f8444e20b6e2027e88db1445,hu.oe.nik.szfmv.detector.classes.Detector,hu.oe.nik.szfmv.detector.classes.Detector_ESTest,7,0,True
987,Bears,Bears-189,0,98ee13a6e5644d6caa6cc34b2dba064f,hu.oe.nik.szfmv.detector.classes.Detector,hu.oe.nik.szfmv.detector.classes.Detector_ESTest,8,0,False
988,Bears,Bears-189,0,f99b83edb5114c2ca3afdd146542d7f5,hu.oe.nik.szfmv.detector.classes.Detector,hu.oe.nik.szfmv.detector.classes.Detector_ESTest,8,0,True
989,Bears,Bears-189,0,049bc3cc01a74578bd121b4f8ea35dc0,hu.oe.nik.szfmv.detector.classes.Detector,hu.oe.nik.szfmv.detector.classes.Detector_ESTest,8,0,True
990,Bears,Bears-189,0,680af01498a445899fac35ecaabd0e3b,hu.oe.nik.szfmv.detector.classes.Detector,hu.oe.nik.szfmv.detector.classes.Detector_ESTest,7,0,True
991,Bears,Bears-189,0,f91d87a85f564d3ea71b3315fee26d18,hu.oe.nik.szfmv.detector.classes.Detector,hu.oe.nik.szfmv.detector.classes.Detector_ESTest,8,0,True
992,Bears,Bears-189,0,9595d718bae94bad82d1f93a49ed92c7,hu.oe.nik.szfmv.detector.classes.Detector,hu.oe.nik.szfmv.detector.classes.Detector_ESTest,7,0,True
993,Bears,Bears-46,0,f3b9b3e9ec834909b3d8b111911b456c,spoon.support.reflect.declaration.CtElementImpl,spoon.support.reflect.declaration.CtElementImpl_ESTest,10,0,True
994,Bears,Bears-46,0,14e5364d7a59473d846cd7ca7f37613f,spoon.support.reflect.declaration.CtElementImpl,spoon.support.reflect.declaration.CtElementImpl_ESTest,10,0,False
995,Bears,Bears-46,0,a8fc5336591245209f11b83dde4dfaed,spoon.support.reflect.declaration.CtElementImpl,spoon.support.reflect.declaration.CtElementImpl_ESTest,9,0,False
996,Bears,Bears-46,0,c5267ec031ef4987a9c19c46a4320e17,spoon.support.reflect.declaration.CtElementImpl,spoon.support.reflect.declaration.CtElementImpl_ESTest,10,0,False
997,Bears,Bears-46,0,701804454e5e4f19a1088207f43e3463,spoon.support.reflect.declaration.CtElementImpl,spoon.support.reflect.declaration.CtElementImpl_ESTest,19,0,False
998,Bears,Bears-46,0,8d9da690b51c4136bfba8c304dd1abee,spoon.support.reflect.declaration.CtElementImpl,spoon.support.reflect.declaration.CtElementImpl_ESTest,9,0,False
999,Bears,Bears-46,0,bd56b563ef3a4c65891f7daf450f356c,spoon.support.reflect.declaration.CtElementImpl,spoon.support.reflect.declaration.CtElementImpl_ESTest,16,0,False
1000,Bears,Bears-46,0,464198f74e144520ac979de805ea0467,spoon.support.reflect.declaration.CtElementImpl,spoon.support.reflect.declaration.CtElementImpl_ESTest,21,0,False
1001,Bears,Bears-46,0,adf21fd5b71c4d6a9ad2ed8054625736,spoon.support.reflect.declaration.CtElementImpl,spoon.support.reflect.declaration.CtElementImpl_ESTest,11,0,False
1002,Bears,Bears-46,0,b9dffb0f044441b8bac1e019076b9c15,spoon.support.reflect.declaration.CtElementImpl,spoon.support.reflect.declaration.CtElementImpl_ESTest,6,0,False
1003,Bears,Bears-70,0,4084850fb53a4901b139be4e660e21df,spoon.support.compiler.jdt.ContextBuilder,spoon.support.compiler.jdt.ContextBuilder_ESTest,8,0,False
1004,Bears,Bears-70,0,af51448847974d36b0878a72f8373591,spoon.support.compiler.jdt.ContextBuilder,spoon.support.compiler.jdt.ContextBuilder_ESTest,3,0,False
1005,Bears,Bears-70,0,e6dfa4f3918f4a80a9341209facb5182,spoon.support.compiler.jdt.ContextBuilder,spoon.support.compiler.jdt.ContextBuilder_ESTest,4,0,False
1006,Bears,Bears-70,0,12789a545a5e4d12b4082dfdef74838b,spoon.support.compiler.jdt.ContextBuilder,spoon.support.compiler.jdt.ContextBuilder_ESTest,9,0,False
1007,Bears,Bears-70,0,5097777ff3f34180a9c6405449074005,spoon.support.compiler.jdt.ContextBuilder,spoon.support.compiler.jdt.ContextBuilder_ESTest,11,0,False
