,benchmark_group,benchmark_name,npe_label,experiment_id,input_class,replayed_testsuite,compiled_tests,commented_tests,npe_reproduced
0,BugSwarm,Universal_G__Code_Sender-172454077,0,9886098015f24eeeb7de0a2f4cb6b8ae,com.willwinder.universalgcodesender.GrblController,com.willwinder.universalgcodesender.GrblController_ESTest,44,0,False
1,BugSwarm,Universal_G__Code_Sender-172454077,0,e11de006036d43a584d43da2132fc745,com.willwinder.universalgcodesender.GrblController,com.willwinder.universalgcodesender.GrblController_ESTest,40,0,False
2,BugSwarm,Universal_G__Code_Sender-172454077,0,ba92d727b0834fdcb578773126805aa4,com.willwinder.universalgcodesender.GrblController,com.willwinder.universalgcodesender.GrblController_ESTest,42,0,False
3,BugSwarm,Universal_G__Code_Sender-172454077,0,292eb8a3921443a8935f072d9966b69d,com.willwinder.universalgcodesender.GrblController,com.willwinder.universalgcodesender.GrblController_ESTest,44,0,False
4,BugSwarm,Universal_G__Code_Sender-172454077,0,3f38c313390747889e1278b504afa893,com.willwinder.universalgcodesender.GrblController,com.willwinder.universalgcodesender.GrblController_ESTest,39,0,False
5,BugSwarm,Universal_G__Code_Sender-172454077,0,44fad04303034153b8242d5ca5814421,com.willwinder.universalgcodesender.GrblController,com.willwinder.universalgcodesender.GrblController_ESTest,38,0,False
6,BugSwarm,Universal_G__Code_Sender-172454077,0,085c9beb6e8144219a0e6ff5e3828f9c,com.willwinder.universalgcodesender.GrblController,com.willwinder.universalgcodesender.GrblController_ESTest,46,0,False
7,BugSwarm,Universal_G__Code_Sender-172454077,0,af6618ab92cc4a4b8383d0865d2e772a,com.willwinder.universalgcodesender.GrblController,com.willwinder.universalgcodesender.GrblController_ESTest,44,0,False
8,BugSwarm,Universal_G__Code_Sender-172454077,0,4f29d4629d9241078a95c3b46e637347,com.willwinder.universalgcodesender.GrblController,com.willwinder.universalgcodesender.GrblController_ESTest,44,0,False
9,BugSwarm,Universal_G__Code_Sender-172454077,0,8eda3f0cf18741e48e311507f4c1f2ce,com.willwinder.universalgcodesender.GrblController,com.willwinder.universalgcodesender.GrblController_ESTest,41,0,False
10,BugSwarm,Universal_G__Code_Sender-172454077,0,7cce7de58c4a4a2a8febc4e6dbff33a4,com.willwinder.universalgcodesender.GrblController,com.willwinder.universalgcodesender.GrblController_ESTest,43,0,False
11,BugSwarm,Universal_G__Code_Sender-172454077,0,c195571c484c4f2cb1a54d39c2a28237,com.willwinder.universalgcodesender.GrblController,com.willwinder.universalgcodesender.GrblController_ESTest,46,0,False
12,BugSwarm,Universal_G__Code_Sender-172454077,0,14ef5db873f74c62baa344f1fda091dc,com.willwinder.universalgcodesender.GrblController,com.willwinder.universalgcodesender.GrblController_ESTest,42,0,False
13,BugSwarm,Universal_G__Code_Sender-172454077,0,abdbdf05385b43b79c993b089f2b91b5,com.willwinder.universalgcodesender.GrblController,com.willwinder.universalgcodesender.GrblController_ESTest,43,0,False
14,BugSwarm,Universal_G__Code_Sender-172454077,0,4baad07deab84dda8dafdff834926520,com.willwinder.universalgcodesender.GrblController,com.willwinder.universalgcodesender.GrblController_ESTest,46,0,False
15,BugSwarm,Universal_G__Code_Sender-172454077,0,f06415664e794c0992b30d2666e5f26d,com.willwinder.universalgcodesender.GrblController,com.willwinder.universalgcodesender.GrblController_ESTest,42,0,False
16,BugSwarm,Universal_G__Code_Sender-172454077,0,49bddac4e9ae4bfe9e1552201879b5db,com.willwinder.universalgcodesender.GrblController,com.willwinder.universalgcodesender.GrblController_ESTest,41,0,False
17,BugSwarm,Universal_G__Code_Sender-172454077,0,d0fcad2af70d4182b99567f1e7806ffb,com.willwinder.universalgcodesender.GrblController,com.willwinder.universalgcodesender.GrblController_ESTest,39,0,False
18,BugSwarm,Universal_G__Code_Sender-172454077,0,e9d2a9d6db844ed091034e81cf896692,com.willwinder.universalgcodesender.GrblController,com.willwinder.universalgcodesender.GrblController_ESTest,39,0,False
19,BugSwarm,Universal_G__Code_Sender-172454077,0,cf2ad6f496b741da8499beab8938b756,com.willwinder.universalgcodesender.GrblController,com.willwinder.universalgcodesender.GrblController_ESTest,44,0,False
20,BugSwarm,Universal_G__Code_Sender-172454077,1,9886098015f24eeeb7de0a2f4cb6b8ae,com.willwinder.universalgcodesender.GrblController,com.willwinder.universalgcodesender.GrblController_ESTest,44,0,False
21,BugSwarm,Universal_G__Code_Sender-172454077,1,e11de006036d43a584d43da2132fc745,com.willwinder.universalgcodesender.GrblController,com.willwinder.universalgcodesender.GrblController_ESTest,40,0,False
22,BugSwarm,Universal_G__Code_Sender-172454077,1,ba92d727b0834fdcb578773126805aa4,com.willwinder.universalgcodesender.GrblController,com.willwinder.universalgcodesender.GrblController_ESTest,42,0,False
23,BugSwarm,Universal_G__Code_Sender-172454077,1,292eb8a3921443a8935f072d9966b69d,com.willwinder.universalgcodesender.GrblController,com.willwinder.universalgcodesender.GrblController_ESTest,44,0,False
24,BugSwarm,Universal_G__Code_Sender-172454077,1,3f38c313390747889e1278b504afa893,com.willwinder.universalgcodesender.GrblController,com.willwinder.universalgcodesender.GrblController_ESTest,39,0,False
25,BugSwarm,Universal_G__Code_Sender-172454077,1,44fad04303034153b8242d5ca5814421,com.willwinder.universalgcodesender.GrblController,com.willwinder.universalgcodesender.GrblController_ESTest,38,0,False
26,BugSwarm,Universal_G__Code_Sender-172454077,1,085c9beb6e8144219a0e6ff5e3828f9c,com.willwinder.universalgcodesender.GrblController,com.willwinder.universalgcodesender.GrblController_ESTest,46,0,False
27,BugSwarm,Universal_G__Code_Sender-172454077,1,af6618ab92cc4a4b8383d0865d2e772a,com.willwinder.universalgcodesender.GrblController,com.willwinder.universalgcodesender.GrblController_ESTest,44,0,False
28,BugSwarm,Universal_G__Code_Sender-172454077,1,4f29d4629d9241078a95c3b46e637347,com.willwinder.universalgcodesender.GrblController,com.willwinder.universalgcodesender.GrblController_ESTest,44,0,False
29,BugSwarm,Universal_G__Code_Sender-172454077,1,8eda3f0cf18741e48e311507f4c1f2ce,com.willwinder.universalgcodesender.GrblController,com.willwinder.universalgcodesender.GrblController_ESTest,41,0,False
30,BugSwarm,Universal_G__Code_Sender-172454077,1,7cce7de58c4a4a2a8febc4e6dbff33a4,com.willwinder.universalgcodesender.GrblController,com.willwinder.universalgcodesender.GrblController_ESTest,43,0,False
31,BugSwarm,Universal_G__Code_Sender-172454077,1,c195571c484c4f2cb1a54d39c2a28237,com.willwinder.universalgcodesender.GrblController,com.willwinder.universalgcodesender.GrblController_ESTest,46,0,False
32,BugSwarm,Universal_G__Code_Sender-172454077,1,14ef5db873f74c62baa344f1fda091dc,com.willwinder.universalgcodesender.GrblController,com.willwinder.universalgcodesender.GrblController_ESTest,42,0,False
33,BugSwarm,Universal_G__Code_Sender-172454077,1,abdbdf05385b43b79c993b089f2b91b5,com.willwinder.universalgcodesender.GrblController,com.willwinder.universalgcodesender.GrblController_ESTest,43,0,False
34,BugSwarm,Universal_G__Code_Sender-172454077,1,4baad07deab84dda8dafdff834926520,com.willwinder.universalgcodesender.GrblController,com.willwinder.universalgcodesender.GrblController_ESTest,46,0,False
35,BugSwarm,Universal_G__Code_Sender-172454077,1,f06415664e794c0992b30d2666e5f26d,com.willwinder.universalgcodesender.GrblController,com.willwinder.universalgcodesender.GrblController_ESTest,42,0,False
36,BugSwarm,Universal_G__Code_Sender-172454077,1,49bddac4e9ae4bfe9e1552201879b5db,com.willwinder.universalgcodesender.GrblController,com.willwinder.universalgcodesender.GrblController_ESTest,41,0,False
37,BugSwarm,Universal_G__Code_Sender-172454077,1,d0fcad2af70d4182b99567f1e7806ffb,com.willwinder.universalgcodesender.GrblController,com.willwinder.universalgcodesender.GrblController_ESTest,39,0,False
38,BugSwarm,Universal_G__Code_Sender-172454077,1,e9d2a9d6db844ed091034e81cf896692,com.willwinder.universalgcodesender.GrblController,com.willwinder.universalgcodesender.GrblController_ESTest,39,0,False
39,BugSwarm,Universal_G__Code_Sender-172454077,1,cf2ad6f496b741da8499beab8938b756,com.willwinder.universalgcodesender.GrblController,com.willwinder.universalgcodesender.GrblController_ESTest,44,0,False
40,BugSwarm,deadcode4j-131735009,0,140400cb7bfd4cd6966cd15a580cca72,org.sbolstandard.core2.ComponentDefinition,org.sbolstandard.core2.ComponentDefinition_ESTest,41,0,False
41,BugSwarm,deadcode4j-131735009,0,7df871b19bde491d8bc706e8ac887d6a,org.sbolstandard.core2.ComponentDefinition,org.sbolstandard.core2.ComponentDefinition_ESTest,30,0,False
42,BugSwarm,deadcode4j-131735009,0,cc20abbcfd7649fe9451aedc9a54818e,org.sbolstandard.core2.ComponentDefinition,org.sbolstandard.core2.ComponentDefinition_ESTest,32,0,False
43,BugSwarm,deadcode4j-131735009,0,0af3c277c7974b588690732df2a05ccf,org.sbolstandard.core2.ComponentDefinition,org.sbolstandard.core2.ComponentDefinition_ESTest,41,0,False
44,BugSwarm,deadcode4j-131735009,0,b0ade67abf714f4b8627c8e878a59ed1,org.sbolstandard.core2.ComponentDefinition,org.sbolstandard.core2.ComponentDefinition_ESTest,43,0,False
45,BugSwarm,deadcode4j-131735009,0,8b1138c1bccd40969c3f32652ae46bfd,org.sbolstandard.core2.ComponentDefinition,org.sbolstandard.core2.ComponentDefinition_ESTest,40,0,False
46,BugSwarm,deadcode4j-131735009,0,30b948246a47406e9ee931fd9c7bcff1,org.sbolstandard.core2.ComponentDefinition,org.sbolstandard.core2.ComponentDefinition_ESTest,38,0,False
47,BugSwarm,deadcode4j-131735009,0,b85aa5cf902e4da49cc15d8559ee277d,org.sbolstandard.core2.ComponentDefinition,org.sbolstandard.core2.ComponentDefinition_ESTest,49,0,False
48,BugSwarm,deadcode4j-131735009,0,dd29f2c11a43485aa4e48153a41d7f2d,org.sbolstandard.core2.ComponentDefinition,org.sbolstandard.core2.ComponentDefinition_ESTest,31,0,False
49,BugSwarm,deadcode4j-131735009,0,8639185961c943d8a5b140dbf506f689,org.sbolstandard.core2.ComponentDefinition,org.sbolstandard.core2.ComponentDefinition_ESTest,29,0,False
50,BugSwarm,deadcode4j-131735009,0,150414725cf44d87afb45a24a9800ce8,org.sbolstandard.core2.ComponentDefinition,org.sbolstandard.core2.ComponentDefinition_ESTest,51,0,False
51,BugSwarm,deadcode4j-131735009,0,d4b77c2bd560431ab0018189222ba2d3,org.sbolstandard.core2.ComponentDefinition,org.sbolstandard.core2.ComponentDefinition_ESTest,37,0,False
52,BugSwarm,deadcode4j-131735009,0,cb5642d218124eb49826881661c98672,org.sbolstandard.core2.ComponentDefinition,org.sbolstandard.core2.ComponentDefinition_ESTest,45,0,False
53,BugSwarm,deadcode4j-131735009,0,c06188b31dbb4554b62feb7de915686a,org.sbolstandard.core2.ComponentDefinition,org.sbolstandard.core2.ComponentDefinition_ESTest,48,0,False
54,BugSwarm,deadcode4j-131735009,0,2ac60269c738426eb253b9656592b01a,org.sbolstandard.core2.ComponentDefinition,org.sbolstandard.core2.ComponentDefinition_ESTest,13,0,False
55,BugSwarm,deadcode4j-131735009,0,bbf51a52b2c5456db8ba38210ac5becf,org.sbolstandard.core2.ComponentDefinition,org.sbolstandard.core2.ComponentDefinition_ESTest,41,0,False
56,BugSwarm,deadcode4j-131735009,0,f9f8679a6bbb42e7b88fd3d4132cd491,org.sbolstandard.core2.ComponentDefinition,org.sbolstandard.core2.ComponentDefinition_ESTest,48,0,False
57,BugSwarm,deadcode4j-131735009,0,93154aab9fc1414ab9d3ab712b78e744,org.sbolstandard.core2.ComponentDefinition,org.sbolstandard.core2.ComponentDefinition_ESTest,38,0,False
58,BugSwarm,deadcode4j-131735009,0,22b0e16e7f2b471386bd53acb1257ef6,org.sbolstandard.core2.ComponentDefinition,org.sbolstandard.core2.ComponentDefinition_ESTest,38,0,False
59,BugSwarm,deadcode4j-131735009,0,4c876ce89d88405da953809b4775b1d5,org.sbolstandard.core2.ComponentDefinition,org.sbolstandard.core2.ComponentDefinition_ESTest,38,0,False
60,BugSwarm,Sonar_Java-295864289,0,dcfa4621c1564dcd90e3d01bad333578,org.sonar.java.bytecode.se.BytecodeEGWalker,org.sonar.java.bytecode.se.BytecodeEGWalker_ESTest,28,0,False
61,BugSwarm,Sonar_Java-295864289,0,851edb9d0c1e428bbd2d0c4682c090cc,org.sonar.java.bytecode.se.BytecodeEGWalker,org.sonar.java.bytecode.se.BytecodeEGWalker_ESTest,30,0,False
62,BugSwarm,Sonar_Java-295864289,0,e3d19db9566249d1a1656c7df1417677,org.sonar.java.bytecode.se.BytecodeEGWalker,org.sonar.java.bytecode.se.BytecodeEGWalker_ESTest,29,0,False
63,BugSwarm,Sonar_Java-295864289,0,4c33fc86df434290ba99d467aee77517,org.sonar.java.bytecode.se.BytecodeEGWalker,org.sonar.java.bytecode.se.BytecodeEGWalker_ESTest,28,0,False
64,BugSwarm,Sonar_Java-295864289,0,45a2dc787c9d42ee8b6f9493b708f7a3,org.sonar.java.bytecode.se.BytecodeEGWalker,org.sonar.java.bytecode.se.BytecodeEGWalker_ESTest,29,0,False
65,BugSwarm,Sonar_Java-295864289,0,7296bc8f46e54b6599d1590fed45050c,org.sonar.java.bytecode.se.BytecodeEGWalker,org.sonar.java.bytecode.se.BytecodeEGWalker_ESTest,29,0,False
66,BugSwarm,Sonar_Java-295864289,0,b239973a2fc445199d90a461706238ee,org.sonar.java.bytecode.se.BytecodeEGWalker,org.sonar.java.bytecode.se.BytecodeEGWalker_ESTest,31,0,False
67,BugSwarm,Sonar_Java-295864289,0,04265dbeb6994dc4b3374e7595f5046f,org.sonar.java.bytecode.se.BytecodeEGWalker,org.sonar.java.bytecode.se.BytecodeEGWalker_ESTest,29,0,False
68,BugSwarm,Sonar_Java-295864289,0,59ee8496185342ba8f53391ab496bea3,org.sonar.java.bytecode.se.BytecodeEGWalker,org.sonar.java.bytecode.se.BytecodeEGWalker_ESTest,26,0,False
69,BugSwarm,Sonar_Java-295864289,0,de84874a2f35470a9d5eafc14bb9ecc5,org.sonar.java.bytecode.se.BytecodeEGWalker,org.sonar.java.bytecode.se.BytecodeEGWalker_ESTest,28,0,False
70,BugSwarm,Sonar_Java-295864289,0,4bf24f5dc6404229b31a7464803b1314,org.sonar.java.bytecode.se.BytecodeEGWalker,org.sonar.java.bytecode.se.BytecodeEGWalker_ESTest,31,0,False
71,BugSwarm,Sonar_Java-295864289,0,078c802c4d7d40b0a9fb1ba0a48b83e8,org.sonar.java.bytecode.se.BytecodeEGWalker,org.sonar.java.bytecode.se.BytecodeEGWalker_ESTest,27,0,False
72,BugSwarm,Sonar_Java-295864289,0,7fc3b961329542fc94bf301d0bd74ea3,org.sonar.java.bytecode.se.BytecodeEGWalker,org.sonar.java.bytecode.se.BytecodeEGWalker_ESTest,31,0,False
73,BugSwarm,Sonar_Java-295864289,0,974db2cfac9341e5b27e2aaa7257a560,org.sonar.java.bytecode.se.BytecodeEGWalker,org.sonar.java.bytecode.se.BytecodeEGWalker_ESTest,27,0,False
74,BugSwarm,Sonar_Java-295864289,0,d9d3f45f70cf47019088e9fa40994692,org.sonar.java.bytecode.se.BytecodeEGWalker,org.sonar.java.bytecode.se.BytecodeEGWalker_ESTest,29,0,False
75,BugSwarm,Sonar_Java-295864289,0,879c118ca48c4229b813d02e65a5faa2,org.sonar.java.bytecode.se.BytecodeEGWalker,org.sonar.java.bytecode.se.BytecodeEGWalker_ESTest,31,0,False
76,BugSwarm,Sonar_Java-295864289,0,847dddf198944b359ecd635cbecccc89,org.sonar.java.bytecode.se.BytecodeEGWalker,org.sonar.java.bytecode.se.BytecodeEGWalker_ESTest,31,0,False
77,BugSwarm,Sonar_Java-295864289,0,8bf593d610864887834442947abe210f,org.sonar.java.bytecode.se.BytecodeEGWalker,org.sonar.java.bytecode.se.BytecodeEGWalker_ESTest,33,0,False
78,BugSwarm,Sonar_Java-295864289,0,99d3653fe39b44cead67de6161ceee63,org.sonar.java.bytecode.se.BytecodeEGWalker,org.sonar.java.bytecode.se.BytecodeEGWalker_ESTest,28,0,False
79,BugSwarm,Sonar_Java-295864289,0,b8ab94a5534f4e1998c03e344a454a9b,org.sonar.java.bytecode.se.BytecodeEGWalker,org.sonar.java.bytecode.se.BytecodeEGWalker_ESTest,27,0,False
80,BugSwarm,Petergeneric__Stdlib-290369132,0,a39150ac8f194c0697572900455cd377,com.peterphi.std.guice.hibernate.webquery.impl.jpa.JPASearchExecutor,com.peterphi.std.guice.hibernate.webquery.impl.jpa.JPASearchExecutor_ESTest,2,0,True
81,BugSwarm,Petergeneric__Stdlib-290369132,0,a0adb6808c314ed0bd0fd00bfca4b256,com.peterphi.std.guice.hibernate.webquery.impl.jpa.JPASearchExecutor,com.peterphi.std.guice.hibernate.webquery.impl.jpa.JPASearchExecutor_ESTest,3,0,True
82,BugSwarm,Petergeneric__Stdlib-290369132,0,232fbc3414de402e81e7ea6c9e828450,com.peterphi.std.guice.hibernate.webquery.impl.jpa.JPASearchExecutor,com.peterphi.std.guice.hibernate.webquery.impl.jpa.JPASearchExecutor_ESTest,3,0,True
83,BugSwarm,Petergeneric__Stdlib-290369132,0,2b23c68ba40346949f3924bee4ca7aac,com.peterphi.std.guice.hibernate.webquery.impl.jpa.JPASearchExecutor,com.peterphi.std.guice.hibernate.webquery.impl.jpa.JPASearchExecutor_ESTest,3,0,True
84,BugSwarm,Petergeneric__Stdlib-290369132,0,467c9efc5bd040d7a40116b50687f52f,com.peterphi.std.guice.hibernate.webquery.impl.jpa.JPASearchExecutor,com.peterphi.std.guice.hibernate.webquery.impl.jpa.JPASearchExecutor_ESTest,2,0,True
85,BugSwarm,Petergeneric__Stdlib-290369132,0,ac6b4e70250046fd876b2022d94015dc,com.peterphi.std.guice.hibernate.webquery.impl.jpa.JPASearchExecutor,com.peterphi.std.guice.hibernate.webquery.impl.jpa.JPASearchExecutor_ESTest,3,0,True
86,BugSwarm,Petergeneric__Stdlib-290369132,0,61aeeed69faf462fb6a1080bdfe0b237,com.peterphi.std.guice.hibernate.webquery.impl.jpa.JPASearchExecutor,com.peterphi.std.guice.hibernate.webquery.impl.jpa.JPASearchExecutor_ESTest,1,0,True
87,BugSwarm,Petergeneric__Stdlib-290369132,0,10b11bab77c940a698ed42654d59fb8c,com.peterphi.std.guice.hibernate.webquery.impl.jpa.JPASearchExecutor,com.peterphi.std.guice.hibernate.webquery.impl.jpa.JPASearchExecutor_ESTest,3,0,True
88,BugSwarm,Petergeneric__Stdlib-290369132,0,b12beb50d3bb4ddb8d0e72111d484a2f,com.peterphi.std.guice.hibernate.webquery.impl.jpa.JPASearchExecutor,com.peterphi.std.guice.hibernate.webquery.impl.jpa.JPASearchExecutor_ESTest,2,0,True
89,BugSwarm,Petergeneric__Stdlib-290369132,0,891e4e578e6249708a5d9c04563c8cab,com.peterphi.std.guice.hibernate.webquery.impl.jpa.JPASearchExecutor,com.peterphi.std.guice.hibernate.webquery.impl.jpa.JPASearchExecutor_ESTest,2,0,True
90,BugSwarm,Petergeneric__Stdlib-290369132,0,e2b346323ba54307b84ddc76c7be8c07,com.peterphi.std.guice.hibernate.webquery.impl.jpa.JPASearchExecutor,com.peterphi.std.guice.hibernate.webquery.impl.jpa.JPASearchExecutor_ESTest,3,0,True
91,BugSwarm,Atomix-298262068,0,4ba487aa11394a4886c4bd18548ce59b,io.atomix.primitives.leadership.impl.RaftLeaderElectorService,io.atomix.primitives.leadership.impl.RaftLeaderElectorService_ESTest,29,0,False
92,BugSwarm,Atomix-298262068,0,43307159296144858c77cf9afba094d1,io.atomix.primitives.leadership.impl.RaftLeaderElectorService,io.atomix.primitives.leadership.impl.RaftLeaderElectorService_ESTest,27,0,False
93,BugSwarm,Atomix-298262068,0,182592e1ac504b628c19c04374e92373,io.atomix.primitives.leadership.impl.RaftLeaderElectorService,io.atomix.primitives.leadership.impl.RaftLeaderElectorService_ESTest,28,0,False
94,BugSwarm,Atomix-298262068,0,51d0b6064f974364a3cc1c408f66e1df,io.atomix.primitives.leadership.impl.RaftLeaderElectorService,io.atomix.primitives.leadership.impl.RaftLeaderElectorService_ESTest,29,0,False
95,BugSwarm,Atomix-298262068,0,af74442ed9ae4242a508a7b36e604c0b,io.atomix.primitives.leadership.impl.RaftLeaderElectorService,io.atomix.primitives.leadership.impl.RaftLeaderElectorService_ESTest,30,0,False
96,BugSwarm,Atomix-298262068,0,c6786a2de4f54155befef2ca2b2e35fd,io.atomix.primitives.leadership.impl.RaftLeaderElectorService,io.atomix.primitives.leadership.impl.RaftLeaderElectorService_ESTest,27,0,False
97,BugSwarm,Atomix-298262068,0,e7ac19b6dafa476098cb52c485ef3f85,io.atomix.primitives.leadership.impl.RaftLeaderElectorService,io.atomix.primitives.leadership.impl.RaftLeaderElectorService_ESTest,26,0,False
98,BugSwarm,Atomix-298262068,0,fdf6fd13956c49ec9f397ff475672061,io.atomix.primitives.leadership.impl.RaftLeaderElectorService,io.atomix.primitives.leadership.impl.RaftLeaderElectorService_ESTest,28,0,False
99,BugSwarm,Atomix-298262068,0,ef471e1375034a96a67a0d432a128c82,io.atomix.primitives.leadership.impl.RaftLeaderElectorService,io.atomix.primitives.leadership.impl.RaftLeaderElectorService_ESTest,26,0,False
100,BugSwarm,Atomix-298262068,0,aafaeb94036b460387f55d2e4d07d8ff,io.atomix.primitives.leadership.impl.RaftLeaderElectorService,io.atomix.primitives.leadership.impl.RaftLeaderElectorService_ESTest,32,0,False
101,BugSwarm,Atomix-298262068,0,95d3432555c34654b623496056bac6f9,io.atomix.primitives.leadership.impl.RaftLeaderElectorService,io.atomix.primitives.leadership.impl.RaftLeaderElectorService_ESTest,28,0,False
102,BugSwarm,Atomix-298262068,0,e4f7e953a71e4e66b1038cc199e8f902,io.atomix.primitives.leadership.impl.RaftLeaderElectorService,io.atomix.primitives.leadership.impl.RaftLeaderElectorService_ESTest,29,0,False
103,BugSwarm,Atomix-298262068,0,8b2f0599e44d4fee94ef12b80caac4af,io.atomix.primitives.leadership.impl.RaftLeaderElectorService,io.atomix.primitives.leadership.impl.RaftLeaderElectorService_ESTest,28,0,False
104,BugSwarm,Atomix-298262068,0,b2ded24cd7e14e149ec17f5e60e617ec,io.atomix.primitives.leadership.impl.RaftLeaderElectorService,io.atomix.primitives.leadership.impl.RaftLeaderElectorService_ESTest,29,0,False
105,BugSwarm,Atomix-298262068,0,6e6963887d23433aa5707f0acd172bca,io.atomix.primitives.leadership.impl.RaftLeaderElectorService,io.atomix.primitives.leadership.impl.RaftLeaderElectorService_ESTest,29,0,False
106,BugSwarm,Atomix-298262068,0,797553c807434dd087d85320718112d3,io.atomix.primitives.leadership.impl.RaftLeaderElectorService,io.atomix.primitives.leadership.impl.RaftLeaderElectorService_ESTest,29,0,False
107,BugSwarm,Atomix-298262068,0,cf70121886b141f09378084e48da3687,io.atomix.primitives.leadership.impl.RaftLeaderElectorService,io.atomix.primitives.leadership.impl.RaftLeaderElectorService_ESTest,25,0,False
108,BugSwarm,Atomix-298262068,0,976c64398a464e9096b5883daf63bae8,io.atomix.primitives.leadership.impl.RaftLeaderElectorService,io.atomix.primitives.leadership.impl.RaftLeaderElectorService_ESTest,30,0,False
109,BugSwarm,Atomix-298262068,0,4f9b023c10c649ffb897a58bddbfc5a9,io.atomix.primitives.leadership.impl.RaftLeaderElectorService,io.atomix.primitives.leadership.impl.RaftLeaderElectorService_ESTest,28,0,False
110,BugSwarm,nFlow-197273853,0,6f348547ae414ee483fef15646a68a6b,io.nflow.engine.internal.dao.WorkflowInstanceDao,io.nflow.engine.internal.dao.WorkflowInstanceDao_ESTest,46,0,False
111,BugSwarm,nFlow-197273853,0,0c493954f465425c868380bad680429e,io.nflow.engine.internal.dao.WorkflowInstanceDao,io.nflow.engine.internal.dao.WorkflowInstanceDao_ESTest,49,0,False
112,BugSwarm,nFlow-197273853,0,9395d7ef9fcc4d62a3dc25bd5fefc9be,io.nflow.engine.internal.dao.WorkflowInstanceDao,io.nflow.engine.internal.dao.WorkflowInstanceDao_ESTest,48,0,False
113,BugSwarm,nFlow-197273853,0,947121ae7bd7402094c25ff54da26c33,io.nflow.engine.internal.dao.WorkflowInstanceDao,io.nflow.engine.internal.dao.WorkflowInstanceDao_ESTest,48,0,False
114,BugSwarm,nFlow-197273853,0,d8f4fa60bcac42258bb693d38038c337,io.nflow.engine.internal.dao.WorkflowInstanceDao,io.nflow.engine.internal.dao.WorkflowInstanceDao_ESTest,53,0,False
115,BugSwarm,nFlow-197273853,0,07523cdb68ca453ca6acda8fcf6cbcc8,io.nflow.engine.internal.dao.WorkflowInstanceDao,io.nflow.engine.internal.dao.WorkflowInstanceDao_ESTest,52,0,False
116,BugSwarm,nFlow-197273853,0,82da6d84478d4cb29956c181c32c3e5f,io.nflow.engine.internal.dao.WorkflowInstanceDao,io.nflow.engine.internal.dao.WorkflowInstanceDao_ESTest,47,0,False
117,BugSwarm,nFlow-197273853,0,eb58e58233324cb990926bbae276ae3c,io.nflow.engine.internal.dao.WorkflowInstanceDao,io.nflow.engine.internal.dao.WorkflowInstanceDao_ESTest,48,0,False
118,BugSwarm,nFlow-197273853,0,4df4bb5c7ed34d0bbd68ae5807225271,io.nflow.engine.internal.dao.WorkflowInstanceDao,io.nflow.engine.internal.dao.WorkflowInstanceDao_ESTest,49,0,False
119,BugSwarm,nFlow-197273853,0,d3fce79111da45fc958a45a9e5e6ddd2,io.nflow.engine.internal.dao.WorkflowInstanceDao,io.nflow.engine.internal.dao.WorkflowInstanceDao_ESTest,45,0,False
120,BugSwarm,nFlow-197273853,0,7209edba944e4293bd6b26ea8ae272f8,io.nflow.engine.internal.dao.WorkflowInstanceDao,io.nflow.engine.internal.dao.WorkflowInstanceDao_ESTest,47,0,False
121,BugSwarm,nFlow-197273853,0,cf0b49ecab174aecb522a7f72ae2fa5f,io.nflow.engine.internal.dao.WorkflowInstanceDao,io.nflow.engine.internal.dao.WorkflowInstanceDao_ESTest,48,0,False
122,BugSwarm,nFlow-197273853,0,442eed463b5d402d94c9640ba8f3be91,io.nflow.engine.internal.dao.WorkflowInstanceDao,io.nflow.engine.internal.dao.WorkflowInstanceDao_ESTest,50,0,False
123,BugSwarm,nFlow-197273853,0,2cc0453e4b5f4fd587117c500518109f,io.nflow.engine.internal.dao.WorkflowInstanceDao,io.nflow.engine.internal.dao.WorkflowInstanceDao_ESTest,50,0,False
124,BugSwarm,nFlow-197273853,0,44f3fffe38eb4e6a9a0b3e69d35416e0,io.nflow.engine.internal.dao.WorkflowInstanceDao,io.nflow.engine.internal.dao.WorkflowInstanceDao_ESTest,45,0,False
125,BugSwarm,nFlow-197273853,0,0d544033d705407e9899270ebde529c6,io.nflow.engine.internal.dao.WorkflowInstanceDao,io.nflow.engine.internal.dao.WorkflowInstanceDao_ESTest,51,0,False
126,BugSwarm,nFlow-197273853,0,4ec2303b4a714ce0852a40a954bf3c34,io.nflow.engine.internal.dao.WorkflowInstanceDao,io.nflow.engine.internal.dao.WorkflowInstanceDao_ESTest,47,0,False
127,BugSwarm,nFlow-197273853,0,5be5d7db4008402bac6a23e141fe4f5c,io.nflow.engine.internal.dao.WorkflowInstanceDao,io.nflow.engine.internal.dao.WorkflowInstanceDao_ESTest,46,0,False
128,BugSwarm,nFlow-197273853,0,44cf7d0e97f64b76b7cfb32ed4a0aab4,io.nflow.engine.internal.dao.WorkflowInstanceDao,io.nflow.engine.internal.dao.WorkflowInstanceDao_ESTest,48,0,False
129,BugSwarm,nFlow-197273853,0,f258d28d99a34242913ca718461df872,io.nflow.engine.internal.dao.WorkflowInstanceDao,io.nflow.engine.internal.dao.WorkflowInstanceDao_ESTest,47,0,False
130,BugSwarm,Jannovar-249719464,0,b66a2de2c8064ccd995048c51c22e8f0,de.charite.compbio.jannovar.cmd.annotate_vcf.JannovarAnnotateVCFOptions,de.charite.compbio.jannovar.cmd.annotate_vcf.JannovarAnnotateVCFOptions_ESTest,121,0,False
131,BugSwarm,Jannovar-249719464,0,7decfd0955bf46fd9877012d4eb32815,de.charite.compbio.jannovar.cmd.annotate_vcf.JannovarAnnotateVCFOptions,de.charite.compbio.jannovar.cmd.annotate_vcf.JannovarAnnotateVCFOptions_ESTest,123,0,False
132,BugSwarm,Jannovar-249719464,0,534349ed78b64892b4e14444be2f726c,de.charite.compbio.jannovar.cmd.annotate_vcf.JannovarAnnotateVCFOptions,de.charite.compbio.jannovar.cmd.annotate_vcf.JannovarAnnotateVCFOptions_ESTest,117,0,False
133,BugSwarm,Jannovar-249719464,0,43a55aae5e2c49fcb0659fa0043724f5,de.charite.compbio.jannovar.cmd.annotate_vcf.JannovarAnnotateVCFOptions,de.charite.compbio.jannovar.cmd.annotate_vcf.JannovarAnnotateVCFOptions_ESTest,123,0,False
134,BugSwarm,Jannovar-249719464,0,d8bf5f33ae574548952b4bbafbf450a3,de.charite.compbio.jannovar.cmd.annotate_vcf.JannovarAnnotateVCFOptions,de.charite.compbio.jannovar.cmd.annotate_vcf.JannovarAnnotateVCFOptions_ESTest,125,0,False
135,BugSwarm,Jannovar-249719464,0,1908be914f7045e58fca3c3885ce5fff,de.charite.compbio.jannovar.cmd.annotate_vcf.JannovarAnnotateVCFOptions,de.charite.compbio.jannovar.cmd.annotate_vcf.JannovarAnnotateVCFOptions_ESTest,124,0,False
136,BugSwarm,Jannovar-249719464,0,af754ad02fd34f72991c484c5942b234,de.charite.compbio.jannovar.cmd.annotate_vcf.JannovarAnnotateVCFOptions,de.charite.compbio.jannovar.cmd.annotate_vcf.JannovarAnnotateVCFOptions_ESTest,120,0,False
137,BugSwarm,Jannovar-249719464,0,6dcf29569b4b4568b00646b42f300d4e,de.charite.compbio.jannovar.cmd.annotate_vcf.JannovarAnnotateVCFOptions,de.charite.compbio.jannovar.cmd.annotate_vcf.JannovarAnnotateVCFOptions_ESTest,121,0,False
138,BugSwarm,Jannovar-249719464,0,bc788a1410da46a193ad7865e7d3dfb4,de.charite.compbio.jannovar.cmd.annotate_vcf.JannovarAnnotateVCFOptions,de.charite.compbio.jannovar.cmd.annotate_vcf.JannovarAnnotateVCFOptions_ESTest,122,0,False
139,BugSwarm,Jannovar-249719464,0,7e6a1e59ecf54fefb62380755b74d7ab,de.charite.compbio.jannovar.cmd.annotate_vcf.JannovarAnnotateVCFOptions,de.charite.compbio.jannovar.cmd.annotate_vcf.JannovarAnnotateVCFOptions_ESTest,116,0,False
140,BugSwarm,Jannovar-249719464,0,9d9404fb0e894e95964b4defa0289725,de.charite.compbio.jannovar.cmd.annotate_vcf.JannovarAnnotateVCFOptions,de.charite.compbio.jannovar.cmd.annotate_vcf.JannovarAnnotateVCFOptions_ESTest,118,0,False
141,BugSwarm,Jannovar-249719464,0,23b85587f6e74268a3af1e53fdd14f4c,de.charite.compbio.jannovar.cmd.annotate_vcf.JannovarAnnotateVCFOptions,de.charite.compbio.jannovar.cmd.annotate_vcf.JannovarAnnotateVCFOptions_ESTest,114,0,False
142,BugSwarm,Jannovar-249719464,0,8222c81949dc4ecd93f0fc5840d7a40b,de.charite.compbio.jannovar.cmd.annotate_vcf.JannovarAnnotateVCFOptions,de.charite.compbio.jannovar.cmd.annotate_vcf.JannovarAnnotateVCFOptions_ESTest,117,0,False
143,BugSwarm,Jannovar-249719464,0,1b858cc8a6db42628a27980bd89badc9,de.charite.compbio.jannovar.cmd.annotate_vcf.JannovarAnnotateVCFOptions,de.charite.compbio.jannovar.cmd.annotate_vcf.JannovarAnnotateVCFOptions_ESTest,116,0,False
144,BugSwarm,Jannovar-249719464,0,3a8d892e599044bcb3f0c64737e00503,de.charite.compbio.jannovar.cmd.annotate_vcf.JannovarAnnotateVCFOptions,de.charite.compbio.jannovar.cmd.annotate_vcf.JannovarAnnotateVCFOptions_ESTest,123,0,False
145,BugSwarm,Jannovar-249719464,0,538538130a5448c3a9afa66f43a73a86,de.charite.compbio.jannovar.cmd.annotate_vcf.JannovarAnnotateVCFOptions,de.charite.compbio.jannovar.cmd.annotate_vcf.JannovarAnnotateVCFOptions_ESTest,120,0,False
146,BugSwarm,Jannovar-249719464,0,9a27ee70a3fd4fa78bd8702a41b29285,de.charite.compbio.jannovar.cmd.annotate_vcf.JannovarAnnotateVCFOptions,de.charite.compbio.jannovar.cmd.annotate_vcf.JannovarAnnotateVCFOptions_ESTest,126,0,False
147,BugSwarm,Jannovar-249719464,0,24af02930aa4464fa70d7be2b6ebf817,de.charite.compbio.jannovar.cmd.annotate_vcf.JannovarAnnotateVCFOptions,de.charite.compbio.jannovar.cmd.annotate_vcf.JannovarAnnotateVCFOptions_ESTest,124,0,False
148,BugSwarm,Jannovar-249719464,0,a699288b72d14c11ad5cbe9680aef671,de.charite.compbio.jannovar.cmd.annotate_vcf.JannovarAnnotateVCFOptions,de.charite.compbio.jannovar.cmd.annotate_vcf.JannovarAnnotateVCFOptions_ESTest,123,0,False
149,BugSwarm,Jannovar-249719464,0,169425f23857435da4fc8fd249c1d13a,de.charite.compbio.jannovar.cmd.annotate_vcf.JannovarAnnotateVCFOptions,de.charite.compbio.jannovar.cmd.annotate_vcf.JannovarAnnotateVCFOptions_ESTest,118,0,False
150,BugSwarm,ACS_AEM_Commons-461893214,0,a0b0c625d8f24a909a1c61f615e110b7,com.adobe.acs.commons.mcp.impl.processes.asset.FileAssetIngestor,com.adobe.acs.commons.mcp.impl.processes.asset.FileAssetIngestor_ESTest,39,0,False
151,BugSwarm,ACS_AEM_Commons-461893214,0,74fabac0bc024675a2bbc1c521d31540,com.adobe.acs.commons.mcp.impl.processes.asset.FileAssetIngestor,com.adobe.acs.commons.mcp.impl.processes.asset.FileAssetIngestor_ESTest,40,0,False
152,BugSwarm,ACS_AEM_Commons-461893214,0,645112ccdecd4dfb9bb954db0f8d19f6,com.adobe.acs.commons.mcp.impl.processes.asset.FileAssetIngestor,com.adobe.acs.commons.mcp.impl.processes.asset.FileAssetIngestor_ESTest,42,0,False
153,BugSwarm,ACS_AEM_Commons-461893214,0,e146cd32536e4fe6ad16bdb851f195b8,com.adobe.acs.commons.mcp.impl.processes.asset.FileAssetIngestor,com.adobe.acs.commons.mcp.impl.processes.asset.FileAssetIngestor_ESTest,40,0,False
154,BugSwarm,ACS_AEM_Commons-461893214,0,34a12c4046704f6fae3cc8bf412fe683,com.adobe.acs.commons.mcp.impl.processes.asset.FileAssetIngestor,com.adobe.acs.commons.mcp.impl.processes.asset.FileAssetIngestor_ESTest,42,0,False
155,BugSwarm,ACS_AEM_Commons-461893214,0,1f4e2146c06e40338f10e52159e46365,com.adobe.acs.commons.mcp.impl.processes.asset.FileAssetIngestor,com.adobe.acs.commons.mcp.impl.processes.asset.FileAssetIngestor_ESTest,42,0,False
156,BugSwarm,ACS_AEM_Commons-461893214,0,5c445886abd94003850aa6e4516d69b1,com.adobe.acs.commons.mcp.impl.processes.asset.FileAssetIngestor,com.adobe.acs.commons.mcp.impl.processes.asset.FileAssetIngestor_ESTest,38,0,False
157,BugSwarm,ACS_AEM_Commons-461893214,0,d7657f3a83ef4027bcd92f988b458628,com.adobe.acs.commons.mcp.impl.processes.asset.FileAssetIngestor,com.adobe.acs.commons.mcp.impl.processes.asset.FileAssetIngestor_ESTest,39,0,False
158,BugSwarm,ACS_AEM_Commons-461893214,0,9e3713680e6f42f696b3f10d4ceeb0d9,com.adobe.acs.commons.mcp.impl.processes.asset.FileAssetIngestor,com.adobe.acs.commons.mcp.impl.processes.asset.FileAssetIngestor_ESTest,40,0,False
159,BugSwarm,ACS_AEM_Commons-461893214,0,4ee00c5f66054b9cb96bc35b9cded613,com.adobe.acs.commons.mcp.impl.processes.asset.FileAssetIngestor,com.adobe.acs.commons.mcp.impl.processes.asset.FileAssetIngestor_ESTest,40,0,False
160,BugSwarm,ACS_AEM_Commons-461893214,0,3feb5d43215f449eb93ff4de65d42da1,com.adobe.acs.commons.mcp.impl.processes.asset.FileAssetIngestor,com.adobe.acs.commons.mcp.impl.processes.asset.FileAssetIngestor_ESTest,42,0,False
161,BugSwarm,ACS_AEM_Commons-461893214,0,28e869e999934cd6a9b40d81cfe9793e,com.adobe.acs.commons.mcp.impl.processes.asset.FileAssetIngestor,com.adobe.acs.commons.mcp.impl.processes.asset.FileAssetIngestor_ESTest,39,0,False
162,BugSwarm,ACS_AEM_Commons-461893214,0,a767ae8c07a34118b540f46477dea72b,com.adobe.acs.commons.mcp.impl.processes.asset.FileAssetIngestor,com.adobe.acs.commons.mcp.impl.processes.asset.FileAssetIngestor_ESTest,38,0,False
163,BugSwarm,ACS_AEM_Commons-461893214,0,b61fa89e58334d278f2223fd16f6d919,com.adobe.acs.commons.mcp.impl.processes.asset.FileAssetIngestor,com.adobe.acs.commons.mcp.impl.processes.asset.FileAssetIngestor_ESTest,43,0,False
164,BugSwarm,ACS_AEM_Commons-461893214,0,75320c8bd11f4622b252027e49118c2c,com.adobe.acs.commons.mcp.impl.processes.asset.FileAssetIngestor,com.adobe.acs.commons.mcp.impl.processes.asset.FileAssetIngestor_ESTest,41,0,False
165,BugSwarm,ACS_AEM_Commons-461893214,0,9508356efe344715be785a67c2e41077,com.adobe.acs.commons.mcp.impl.processes.asset.FileAssetIngestor,com.adobe.acs.commons.mcp.impl.processes.asset.FileAssetIngestor_ESTest,40,0,False
166,BugSwarm,ACS_AEM_Commons-461893214,0,8d40557bd13e46488c43c4a5e57975b1,com.adobe.acs.commons.mcp.impl.processes.asset.FileAssetIngestor,com.adobe.acs.commons.mcp.impl.processes.asset.FileAssetIngestor_ESTest,39,0,False
167,BugSwarm,ACS_AEM_Commons-461893214,0,4c5f124230d746e9a55435a0190ba85c,com.adobe.acs.commons.mcp.impl.processes.asset.FileAssetIngestor,com.adobe.acs.commons.mcp.impl.processes.asset.FileAssetIngestor_ESTest,34,0,False
168,BugSwarm,ACS_AEM_Commons-461893214,0,9c423dae3d924f7c817ba436538d33b7,com.adobe.acs.commons.mcp.impl.processes.asset.FileAssetIngestor,com.adobe.acs.commons.mcp.impl.processes.asset.FileAssetIngestor_ESTest,40,0,False
169,BugSwarm,ACS_AEM_Commons-461893214,0,364f9128dc0c4fc694b9224c08f90809,com.adobe.acs.commons.mcp.impl.processes.asset.FileAssetIngestor,com.adobe.acs.commons.mcp.impl.processes.asset.FileAssetIngestor_ESTest,35,0,False
170,BugSwarm,ACS_AEM_Commons-461893214,1,a0b0c625d8f24a909a1c61f615e110b7,com.adobe.acs.commons.mcp.impl.processes.asset.FileAssetIngestor,com.adobe.acs.commons.mcp.impl.processes.asset.FileAssetIngestor_ESTest,39,0,False
171,BugSwarm,ACS_AEM_Commons-461893214,1,74fabac0bc024675a2bbc1c521d31540,com.adobe.acs.commons.mcp.impl.processes.asset.FileAssetIngestor,com.adobe.acs.commons.mcp.impl.processes.asset.FileAssetIngestor_ESTest,40,0,False
172,BugSwarm,ACS_AEM_Commons-461893214,1,645112ccdecd4dfb9bb954db0f8d19f6,com.adobe.acs.commons.mcp.impl.processes.asset.FileAssetIngestor,com.adobe.acs.commons.mcp.impl.processes.asset.FileAssetIngestor_ESTest,42,0,False
173,BugSwarm,ACS_AEM_Commons-461893214,1,e146cd32536e4fe6ad16bdb851f195b8,com.adobe.acs.commons.mcp.impl.processes.asset.FileAssetIngestor,com.adobe.acs.commons.mcp.impl.processes.asset.FileAssetIngestor_ESTest,40,0,False
174,BugSwarm,ACS_AEM_Commons-461893214,1,34a12c4046704f6fae3cc8bf412fe683,com.adobe.acs.commons.mcp.impl.processes.asset.FileAssetIngestor,com.adobe.acs.commons.mcp.impl.processes.asset.FileAssetIngestor_ESTest,42,0,False
175,BugSwarm,ACS_AEM_Commons-461893214,1,1f4e2146c06e40338f10e52159e46365,com.adobe.acs.commons.mcp.impl.processes.asset.FileAssetIngestor,com.adobe.acs.commons.mcp.impl.processes.asset.FileAssetIngestor_ESTest,42,0,False
176,BugSwarm,ACS_AEM_Commons-461893214,1,5c445886abd94003850aa6e4516d69b1,com.adobe.acs.commons.mcp.impl.processes.asset.FileAssetIngestor,com.adobe.acs.commons.mcp.impl.processes.asset.FileAssetIngestor_ESTest,38,0,False
177,BugSwarm,ACS_AEM_Commons-461893214,1,d7657f3a83ef4027bcd92f988b458628,com.adobe.acs.commons.mcp.impl.processes.asset.FileAssetIngestor,com.adobe.acs.commons.mcp.impl.processes.asset.FileAssetIngestor_ESTest,39,0,False
178,BugSwarm,ACS_AEM_Commons-461893214,1,9e3713680e6f42f696b3f10d4ceeb0d9,com.adobe.acs.commons.mcp.impl.processes.asset.FileAssetIngestor,com.adobe.acs.commons.mcp.impl.processes.asset.FileAssetIngestor_ESTest,40,0,False
179,BugSwarm,ACS_AEM_Commons-461893214,1,4ee00c5f66054b9cb96bc35b9cded613,com.adobe.acs.commons.mcp.impl.processes.asset.FileAssetIngestor,com.adobe.acs.commons.mcp.impl.processes.asset.FileAssetIngestor_ESTest,40,0,False
180,BugSwarm,ACS_AEM_Commons-461893214,1,3feb5d43215f449eb93ff4de65d42da1,com.adobe.acs.commons.mcp.impl.processes.asset.FileAssetIngestor,com.adobe.acs.commons.mcp.impl.processes.asset.FileAssetIngestor_ESTest,42,0,False
181,BugSwarm,ACS_AEM_Commons-461893214,1,28e869e999934cd6a9b40d81cfe9793e,com.adobe.acs.commons.mcp.impl.processes.asset.FileAssetIngestor,com.adobe.acs.commons.mcp.impl.processes.asset.FileAssetIngestor_ESTest,39,0,False
182,BugSwarm,ACS_AEM_Commons-461893214,1,a767ae8c07a34118b540f46477dea72b,com.adobe.acs.commons.mcp.impl.processes.asset.FileAssetIngestor,com.adobe.acs.commons.mcp.impl.processes.asset.FileAssetIngestor_ESTest,38,0,False
183,BugSwarm,ACS_AEM_Commons-461893214,1,b61fa89e58334d278f2223fd16f6d919,com.adobe.acs.commons.mcp.impl.processes.asset.FileAssetIngestor,com.adobe.acs.commons.mcp.impl.processes.asset.FileAssetIngestor_ESTest,43,0,False
184,BugSwarm,ACS_AEM_Commons-461893214,1,75320c8bd11f4622b252027e49118c2c,com.adobe.acs.commons.mcp.impl.processes.asset.FileAssetIngestor,com.adobe.acs.commons.mcp.impl.processes.asset.FileAssetIngestor_ESTest,41,0,False
185,BugSwarm,ACS_AEM_Commons-461893214,1,9508356efe344715be785a67c2e41077,com.adobe.acs.commons.mcp.impl.processes.asset.FileAssetIngestor,com.adobe.acs.commons.mcp.impl.processes.asset.FileAssetIngestor_ESTest,40,0,False
186,BugSwarm,ACS_AEM_Commons-461893214,1,8d40557bd13e46488c43c4a5e57975b1,com.adobe.acs.commons.mcp.impl.processes.asset.FileAssetIngestor,com.adobe.acs.commons.mcp.impl.processes.asset.FileAssetIngestor_ESTest,39,0,False
187,BugSwarm,ACS_AEM_Commons-461893214,1,4c5f124230d746e9a55435a0190ba85c,com.adobe.acs.commons.mcp.impl.processes.asset.FileAssetIngestor,com.adobe.acs.commons.mcp.impl.processes.asset.FileAssetIngestor_ESTest,34,0,False
188,BugSwarm,ACS_AEM_Commons-461893214,1,9c423dae3d924f7c817ba436538d33b7,com.adobe.acs.commons.mcp.impl.processes.asset.FileAssetIngestor,com.adobe.acs.commons.mcp.impl.processes.asset.FileAssetIngestor_ESTest,40,0,False
189,BugSwarm,ACS_AEM_Commons-461893214,1,364f9128dc0c4fc694b9224c08f90809,com.adobe.acs.commons.mcp.impl.processes.asset.FileAssetIngestor,com.adobe.acs.commons.mcp.impl.processes.asset.FileAssetIngestor_ESTest,35,0,False
190,BugSwarm,Byte_Buddy-95795967,0,40109c5e1fa54ee1b09b2cf7803ffefa,net.bytebuddy.dynamic.ClassFileLocator,net.bytebuddy.dynamic.ClassFileLocator_ESTest,60,0,True
191,BugSwarm,Byte_Buddy-95795967,0,160f3a72297c4570af4a324becf1fd65,net.bytebuddy.dynamic.ClassFileLocator,net.bytebuddy.dynamic.ClassFileLocator_ESTest,60,0,True
192,BugSwarm,Byte_Buddy-95795967,0,b9cad15a4a5e477eb40b9dabf3c3ffa2,net.bytebuddy.dynamic.ClassFileLocator,net.bytebuddy.dynamic.ClassFileLocator_ESTest,64,0,True
193,BugSwarm,Byte_Buddy-95795967,0,8c7aa9cc67a143b9a9967160c8d4e120,net.bytebuddy.dynamic.ClassFileLocator,net.bytebuddy.dynamic.ClassFileLocator_ESTest,65,0,True
194,BugSwarm,Byte_Buddy-95795967,0,181753274fe84beba7f56a209f48c428,net.bytebuddy.dynamic.ClassFileLocator,net.bytebuddy.dynamic.ClassFileLocator_ESTest,63,0,True
195,BugSwarm,Byte_Buddy-95795967,0,23905769c53f46af9339c9d66c30a1e3,net.bytebuddy.dynamic.ClassFileLocator,net.bytebuddy.dynamic.ClassFileLocator_ESTest,61,0,True
196,BugSwarm,Byte_Buddy-95795967,0,ee6e797239d0404aac5095e1517e411a,net.bytebuddy.dynamic.ClassFileLocator,net.bytebuddy.dynamic.ClassFileLocator_ESTest,64,0,True
197,BugSwarm,Byte_Buddy-95795967,0,8d2eb2e8ebf24548a525ccb1836a53de,net.bytebuddy.dynamic.ClassFileLocator,net.bytebuddy.dynamic.ClassFileLocator_ESTest,63,0,True
198,BugSwarm,Byte_Buddy-95795967,0,046ea5a0f20a4962a94f1aef215fd008,net.bytebuddy.dynamic.ClassFileLocator,net.bytebuddy.dynamic.ClassFileLocator_ESTest,63,0,True
199,BugSwarm,Byte_Buddy-95795967,0,fb3cdec4ad0b4f07979778b584848ff4,net.bytebuddy.dynamic.ClassFileLocator,net.bytebuddy.dynamic.ClassFileLocator_ESTest,60,0,True
200,BugSwarm,Byte_Buddy-95795967,0,917561c6d5f04e449e1c6a47a737d6c8,net.bytebuddy.dynamic.ClassFileLocator,net.bytebuddy.dynamic.ClassFileLocator_ESTest,64,0,True
201,BugSwarm,Byte_Buddy-95795967,0,ba9aae0808c54a15b4211401cf0e8c43,net.bytebuddy.dynamic.ClassFileLocator,net.bytebuddy.dynamic.ClassFileLocator_ESTest,62,0,True
202,BugSwarm,Byte_Buddy-95795967,0,b00de3c0ed1742c7ad2615feea634f2a,net.bytebuddy.dynamic.ClassFileLocator,net.bytebuddy.dynamic.ClassFileLocator_ESTest,67,0,True
203,BugSwarm,Byte_Buddy-95795967,0,18119a0323b74c7388de22167aecfc97,net.bytebuddy.dynamic.ClassFileLocator,net.bytebuddy.dynamic.ClassFileLocator_ESTest,64,0,True
204,BugSwarm,Byte_Buddy-95795967,0,d6b332ccb5e84334893f33c7ab6480b1,net.bytebuddy.dynamic.ClassFileLocator,net.bytebuddy.dynamic.ClassFileLocator_ESTest,63,0,True
205,BugSwarm,Byte_Buddy-95795967,0,1c877f0bd18941ffbcf9eba2ddf1cc92,net.bytebuddy.dynamic.ClassFileLocator,net.bytebuddy.dynamic.ClassFileLocator_ESTest,64,0,True
206,BugSwarm,Byte_Buddy-95795967,0,0061d245ca44486298cd3a94d05dd34f,net.bytebuddy.dynamic.ClassFileLocator,net.bytebuddy.dynamic.ClassFileLocator_ESTest,62,0,True
207,BugSwarm,Byte_Buddy-95795967,0,564c5994c96848319d3783930bd4f976,net.bytebuddy.dynamic.ClassFileLocator,net.bytebuddy.dynamic.ClassFileLocator_ESTest,57,0,True
208,BugSwarm,Byte_Buddy-95795967,0,d37aef2cdff744dfa0e6d8e0540c1794,net.bytebuddy.dynamic.ClassFileLocator,net.bytebuddy.dynamic.ClassFileLocator_ESTest,63,0,True
209,BugSwarm,Byte_Buddy-95795967,0,bde3d8e5eaa24c489d947ec5e3b55449,net.bytebuddy.dynamic.ClassFileLocator,net.bytebuddy.dynamic.ClassFileLocator_ESTest,65,0,True
210,BugSwarm,Byte_Buddy-140517155,0,98499205c4984fd081483a2948879456,net.bytebuddy.dynamic.ClassFileLocator,net.bytebuddy.dynamic.ClassFileLocator_ESTest,77,0,True
211,BugSwarm,Byte_Buddy-140517155,0,6490907c2a86493cb8800e606ac6f066,net.bytebuddy.dynamic.ClassFileLocator,net.bytebuddy.dynamic.ClassFileLocator_ESTest,71,0,True
212,BugSwarm,Byte_Buddy-140517155,0,ed13348313c641ea99000baccab1600e,net.bytebuddy.dynamic.ClassFileLocator,net.bytebuddy.dynamic.ClassFileLocator_ESTest,69,0,False
213,BugSwarm,Byte_Buddy-140517155,0,33da4207df974253a496941972c4bdfc,net.bytebuddy.dynamic.ClassFileLocator,net.bytebuddy.dynamic.ClassFileLocator_ESTest,76,0,True
214,BugSwarm,Byte_Buddy-140517155,0,32f3e079e65045ec807eeddb8255a945,net.bytebuddy.dynamic.ClassFileLocator,net.bytebuddy.dynamic.ClassFileLocator_ESTest,69,0,True
215,BugSwarm,Byte_Buddy-140517155,0,e375fa25cb694c7193dbc18052819f8c,net.bytebuddy.dynamic.ClassFileLocator,net.bytebuddy.dynamic.ClassFileLocator_ESTest,72,0,False
216,BugSwarm,Byte_Buddy-140517155,0,12234b7d55cd4d61a7a39013e4d79b1d,net.bytebuddy.dynamic.ClassFileLocator,net.bytebuddy.dynamic.ClassFileLocator_ESTest,74,0,True
217,BugSwarm,Byte_Buddy-140517155,0,19bee636e119458d991c7008166cd8a0,net.bytebuddy.dynamic.ClassFileLocator,net.bytebuddy.dynamic.ClassFileLocator_ESTest,72,0,True
218,BugSwarm,Byte_Buddy-140517155,0,049da7d940ca415ebec2bcb47d131c5f,net.bytebuddy.dynamic.ClassFileLocator,net.bytebuddy.dynamic.ClassFileLocator_ESTest,71,0,True
219,BugSwarm,Byte_Buddy-140517155,0,26ca9191ea8f45cb8740105e34e23899,net.bytebuddy.dynamic.ClassFileLocator,net.bytebuddy.dynamic.ClassFileLocator_ESTest$1,74,0,True
220,BugSwarm,Byte_Buddy-140517155,0,26ca9191ea8f45cb8740105e34e23899,net.bytebuddy.dynamic.ClassFileLocator,net.bytebuddy.dynamic.ClassFileLocator_ESTest,74,0,True
221,BugSwarm,Byte_Buddy-140517155,0,a73bfbdde729436282c34a979bd2766e,net.bytebuddy.dynamic.ClassFileLocator,net.bytebuddy.dynamic.ClassFileLocator_ESTest,73,0,True
222,BugSwarm,Byte_Buddy-140517155,0,d8990bdf38f44265b52e1cda7a310936,net.bytebuddy.dynamic.ClassFileLocator,net.bytebuddy.dynamic.ClassFileLocator_ESTest,72,0,True
223,BugSwarm,Byte_Buddy-140517155,0,3998e16f23ec4fcbbaf25d72ecc6ae9f,net.bytebuddy.dynamic.ClassFileLocator,net.bytebuddy.dynamic.ClassFileLocator_ESTest,75,0,True
224,BugSwarm,Byte_Buddy-140517155,0,4567d9020a6a447584881da7ad2ddb53,net.bytebuddy.dynamic.ClassFileLocator,net.bytebuddy.dynamic.ClassFileLocator_ESTest,73,0,True
225,BugSwarm,Byte_Buddy-140517155,0,8e572bda75cb414eb1c26955e86c7bca,net.bytebuddy.dynamic.ClassFileLocator,net.bytebuddy.dynamic.ClassFileLocator_ESTest,72,0,True
226,BugSwarm,Byte_Buddy-140517155,0,68106af96ce146e4afa77fb916dd8209,net.bytebuddy.dynamic.ClassFileLocator,net.bytebuddy.dynamic.ClassFileLocator_ESTest,71,0,True
227,BugSwarm,Byte_Buddy-140517155,0,2df9934869cf454d81e84d44e784b4f3,net.bytebuddy.dynamic.ClassFileLocator,net.bytebuddy.dynamic.ClassFileLocator_ESTest,74,0,True
228,BugSwarm,Byte_Buddy-140517155,0,fd6da7f07a9542a1922567f34e0aadd2,net.bytebuddy.dynamic.ClassFileLocator,net.bytebuddy.dynamic.ClassFileLocator_ESTest,74,0,True
229,BugSwarm,Byte_Buddy-140517155,0,4c0975cea0314d6e8c1afc54dab03564,net.bytebuddy.dynamic.ClassFileLocator,net.bytebuddy.dynamic.ClassFileLocator_ESTest,72,0,True
230,BugSwarm,Byte_Buddy-140517155,0,8c9f5e72e709416b979c3b219af843ad,net.bytebuddy.dynamic.ClassFileLocator,net.bytebuddy.dynamic.ClassFileLocator_ESTest,74,0,True
231,BugSwarm,OkHttp-93618854,0,fa2990c25a1548188c12d8666632c713,com.squareup.okhttp.internal.http.StreamAllocation,com.squareup.okhttp.internal.http.StreamAllocation_ESTest,36,0,True
232,BugSwarm,OkHttp-93618854,0,304eb746b1684b2ab5ee06a10de6cebd,com.squareup.okhttp.internal.http.StreamAllocation,com.squareup.okhttp.internal.http.StreamAllocation_ESTest,39,0,True
233,BugSwarm,OkHttp-93618854,0,d71a70c2d5a0449f8fd0affd095aa293,com.squareup.okhttp.internal.http.StreamAllocation,com.squareup.okhttp.internal.http.StreamAllocation_ESTest,32,0,True
234,BugSwarm,OkHttp-93618854,0,71e85c92a6fc4231a436738452d61727,com.squareup.okhttp.internal.http.StreamAllocation,com.squareup.okhttp.internal.http.StreamAllocation_ESTest,34,0,True
235,BugSwarm,OkHttp-93618854,0,89c4c3e468bb476794d79ccb743718cf,com.squareup.okhttp.internal.http.StreamAllocation,com.squareup.okhttp.internal.http.StreamAllocation_ESTest,33,0,True
236,BugSwarm,OkHttp-93618854,0,02b65328f78c40609cffc692e17fd9e1,com.squareup.okhttp.internal.http.StreamAllocation,com.squareup.okhttp.internal.http.StreamAllocation_ESTest,33,0,True
237,BugSwarm,OkHttp-93618854,0,9f14e69b93d04d97969061bc0ccb2d0b,com.squareup.okhttp.internal.http.StreamAllocation,com.squareup.okhttp.internal.http.StreamAllocation_ESTest,34,0,True
238,BugSwarm,OkHttp-93618854,0,852d38986130442a9ea91afd57e4a440,com.squareup.okhttp.internal.http.StreamAllocation,com.squareup.okhttp.internal.http.StreamAllocation_ESTest,32,0,True
239,BugSwarm,OkHttp-93618854,0,9f26e37ee9c74bf4a04973711f930b8d,com.squareup.okhttp.internal.http.StreamAllocation,com.squareup.okhttp.internal.http.StreamAllocation_ESTest,37,0,True
240,BugSwarm,OkHttp-93618854,0,d23422b60ff945bdaa113e357e3cf1e2,com.squareup.okhttp.internal.http.StreamAllocation,com.squareup.okhttp.internal.http.StreamAllocation_ESTest,33,0,True
241,BugSwarm,OkHttp-93618854,0,a8dd167e8c3d49a3b90edfd8ee341923,com.squareup.okhttp.internal.http.StreamAllocation,com.squareup.okhttp.internal.http.StreamAllocation_ESTest,35,0,True
242,BugSwarm,OkHttp-93618854,0,4103f6daf6ab41488d960b6f4371cdfe,com.squareup.okhttp.internal.http.StreamAllocation,com.squareup.okhttp.internal.http.StreamAllocation_ESTest,34,0,True
243,BugSwarm,OkHttp-93618854,0,c49aec8bf3ba41398e38337662a702c9,com.squareup.okhttp.internal.http.StreamAllocation,com.squareup.okhttp.internal.http.StreamAllocation_ESTest,35,0,True
244,BugSwarm,OkHttp-93618854,0,a11d035ae0764d3e84a5c6ed5a8e580d,com.squareup.okhttp.internal.http.StreamAllocation,com.squareup.okhttp.internal.http.StreamAllocation_ESTest,33,0,True
245,BugSwarm,OkHttp-93618854,0,bf09dd3346a541eab7ca2682b5360178,com.squareup.okhttp.internal.http.StreamAllocation,com.squareup.okhttp.internal.http.StreamAllocation_ESTest,36,0,True
246,BugSwarm,OkHttp-93618854,0,04f8d8d5b71149ffa95618127b139ab8,com.squareup.okhttp.internal.http.StreamAllocation,com.squareup.okhttp.internal.http.StreamAllocation_ESTest,33,0,True
247,BugSwarm,OkHttp-93618854,0,c9a66cd327014fab81e16b0505195872,com.squareup.okhttp.internal.http.StreamAllocation,com.squareup.okhttp.internal.http.StreamAllocation_ESTest,38,0,True
248,BugSwarm,OkHttp-93618854,0,6e1b7bfb63514144919f9bddd944bba2,com.squareup.okhttp.internal.http.StreamAllocation,com.squareup.okhttp.internal.http.StreamAllocation_ESTest,37,0,True
249,BugSwarm,OkHttp-93618854,0,432f584a2ca44b49904b5ec72289bfbd,com.squareup.okhttp.internal.http.StreamAllocation,com.squareup.okhttp.internal.http.StreamAllocation_ESTest,32,0,True
250,BugSwarm,OkHttp-93618854,1,fa2990c25a1548188c12d8666632c713,com.squareup.okhttp.internal.http.StreamAllocation,com.squareup.okhttp.internal.http.StreamAllocation_ESTest,36,0,True
251,BugSwarm,OkHttp-93618854,1,304eb746b1684b2ab5ee06a10de6cebd,com.squareup.okhttp.internal.http.StreamAllocation,com.squareup.okhttp.internal.http.StreamAllocation_ESTest,39,0,True
252,BugSwarm,OkHttp-93618854,1,d71a70c2d5a0449f8fd0affd095aa293,com.squareup.okhttp.internal.http.StreamAllocation,com.squareup.okhttp.internal.http.StreamAllocation_ESTest,32,0,True
253,BugSwarm,OkHttp-93618854,1,71e85c92a6fc4231a436738452d61727,com.squareup.okhttp.internal.http.StreamAllocation,com.squareup.okhttp.internal.http.StreamAllocation_ESTest,34,0,True
254,BugSwarm,OkHttp-93618854,1,89c4c3e468bb476794d79ccb743718cf,com.squareup.okhttp.internal.http.StreamAllocation,com.squareup.okhttp.internal.http.StreamAllocation_ESTest,33,0,True
255,BugSwarm,OkHttp-93618854,1,02b65328f78c40609cffc692e17fd9e1,com.squareup.okhttp.internal.http.StreamAllocation,com.squareup.okhttp.internal.http.StreamAllocation_ESTest,33,0,True
256,BugSwarm,OkHttp-93618854,1,9f14e69b93d04d97969061bc0ccb2d0b,com.squareup.okhttp.internal.http.StreamAllocation,com.squareup.okhttp.internal.http.StreamAllocation_ESTest,34,0,True
257,BugSwarm,OkHttp-93618854,1,852d38986130442a9ea91afd57e4a440,com.squareup.okhttp.internal.http.StreamAllocation,com.squareup.okhttp.internal.http.StreamAllocation_ESTest,32,0,True
258,BugSwarm,OkHttp-93618854,1,9f26e37ee9c74bf4a04973711f930b8d,com.squareup.okhttp.internal.http.StreamAllocation,com.squareup.okhttp.internal.http.StreamAllocation_ESTest,37,0,True
259,BugSwarm,OkHttp-93618854,1,d23422b60ff945bdaa113e357e3cf1e2,com.squareup.okhttp.internal.http.StreamAllocation,com.squareup.okhttp.internal.http.StreamAllocation_ESTest,33,0,True
260,BugSwarm,OkHttp-93618854,1,a8dd167e8c3d49a3b90edfd8ee341923,com.squareup.okhttp.internal.http.StreamAllocation,com.squareup.okhttp.internal.http.StreamAllocation_ESTest,35,0,True
261,BugSwarm,OkHttp-93618854,1,4103f6daf6ab41488d960b6f4371cdfe,com.squareup.okhttp.internal.http.StreamAllocation,com.squareup.okhttp.internal.http.StreamAllocation_ESTest,34,0,True
262,BugSwarm,OkHttp-93618854,1,c49aec8bf3ba41398e38337662a702c9,com.squareup.okhttp.internal.http.StreamAllocation,com.squareup.okhttp.internal.http.StreamAllocation_ESTest,35,0,True
263,BugSwarm,OkHttp-93618854,1,a11d035ae0764d3e84a5c6ed5a8e580d,com.squareup.okhttp.internal.http.StreamAllocation,com.squareup.okhttp.internal.http.StreamAllocation_ESTest,33,0,True
264,BugSwarm,OkHttp-93618854,1,bf09dd3346a541eab7ca2682b5360178,com.squareup.okhttp.internal.http.StreamAllocation,com.squareup.okhttp.internal.http.StreamAllocation_ESTest,36,0,True
265,BugSwarm,OkHttp-93618854,1,04f8d8d5b71149ffa95618127b139ab8,com.squareup.okhttp.internal.http.StreamAllocation,com.squareup.okhttp.internal.http.StreamAllocation_ESTest,33,0,True
266,BugSwarm,OkHttp-93618854,1,c9a66cd327014fab81e16b0505195872,com.squareup.okhttp.internal.http.StreamAllocation,com.squareup.okhttp.internal.http.StreamAllocation_ESTest,38,0,True
267,BugSwarm,OkHttp-93618854,1,6e1b7bfb63514144919f9bddd944bba2,com.squareup.okhttp.internal.http.StreamAllocation,com.squareup.okhttp.internal.http.StreamAllocation_ESTest,37,0,True
268,BugSwarm,OkHttp-93618854,1,432f584a2ca44b49904b5ec72289bfbd,com.squareup.okhttp.internal.http.StreamAllocation,com.squareup.okhttp.internal.http.StreamAllocation_ESTest,32,0,True
269,BugSwarm,Artemis__odb-71816517,0,380722216d7a4fe58e2906d8b45524c4,com.artemis.EntityEditPool,com.artemis.EntityEditPool_ESTest,12,0,False
270,BugSwarm,Artemis__odb-71816517,0,56e847a120784ae4a1de58d6d1ed517f,com.artemis.EntityEditPool,com.artemis.EntityEditPool_ESTest,14,0,False
271,BugSwarm,Artemis__odb-71816517,0,914488d464f24ec7a9f654ded987beac,com.artemis.EntityEditPool,com.artemis.EntityEditPool_ESTest,12,0,False
272,BugSwarm,Artemis__odb-71816517,0,3e6610e107c345e5a4b292d6eb1791ad,com.artemis.EntityEditPool,com.artemis.EntityEditPool_ESTest,13,0,False
273,BugSwarm,Artemis__odb-71816517,0,2259f12795b94dc288ab00a13a08f377,com.artemis.EntityEditPool,com.artemis.EntityEditPool_ESTest,14,0,True
274,BugSwarm,Artemis__odb-71816517,0,ba7a675b179a46019dc96d110a1f03da,com.artemis.EntityEditPool,com.artemis.EntityEditPool_ESTest,14,0,True
275,BugSwarm,Artemis__odb-71816517,0,d8a951541ff945a6af1634e08c53880d,com.artemis.EntityEditPool,com.artemis.EntityEditPool_ESTest,13,0,False
276,BugSwarm,Artemis__odb-71816517,0,204e6c0e089c45fdb9a6a0231cd2ac0b,com.artemis.EntityEditPool,com.artemis.EntityEditPool_ESTest,13,0,False
277,BugSwarm,Artemis__odb-71816517,0,c7cc68ed2fb941479fdff2a8d6c7af96,com.artemis.EntityEditPool,com.artemis.EntityEditPool_ESTest,14,0,False
278,BugSwarm,Artemis__odb-71816517,0,971e2958aed548aa807e97f806db21e9,com.artemis.EntityEditPool,com.artemis.EntityEditPool_ESTest,13,0,False
279,BugSwarm,Artemis__odb-71816517,0,6c576bd58d7a48e49358a696017dab52,com.artemis.EntityEditPool,com.artemis.EntityEditPool_ESTest,13,0,False
280,BugSwarm,Artemis__odb-71816517,0,ef616ce7d38e4e7f97d8ade939c4b6a8,com.artemis.EntityEditPool,com.artemis.EntityEditPool_ESTest,12,0,True
281,BugSwarm,Artemis__odb-71816517,0,7a945081a2d14da2a1ef157303d53a8b,com.artemis.EntityEditPool,com.artemis.EntityEditPool_ESTest,12,0,False
282,BugSwarm,Artemis__odb-71816517,0,752d8d24f64f47b3b39f74eda262d4dc,com.artemis.EntityEditPool,com.artemis.EntityEditPool_ESTest,12,0,False
283,BugSwarm,Artemis__odb-71816517,0,06dd896df2764ba3adbfa7673a4b9dd8,com.artemis.EntityEditPool,com.artemis.EntityEditPool_ESTest,12,0,True
284,BugSwarm,Artemis__odb-71816517,0,7be75aaf322e493f92b9429f023952be,com.artemis.EntityEditPool,com.artemis.EntityEditPool_ESTest,14,0,True
285,BugSwarm,Artemis__odb-71816517,0,01c2dbe74a454c9698306757a34955f7,com.artemis.EntityEditPool,com.artemis.EntityEditPool_ESTest,17,0,True
286,BugSwarm,Artemis__odb-71816517,0,84b8a971d6154c2abd718bdb5ba84e9b,com.artemis.EntityEditPool,com.artemis.EntityEditPool_ESTest,12,0,True
287,BugSwarm,Artemis__odb-71816517,0,434c036e47874182945d7916a1506c4b,com.artemis.EntityEditPool,com.artemis.EntityEditPool_ESTest,14,0,False
288,BugSwarm,Artemis__odb-71816517,0,8973d01a41ff449d9b2e9103e5baf143,com.artemis.EntityEditPool,com.artemis.EntityEditPool_ESTest,11,0,False
289,BugSwarm,ACS_AEM_Commons-374231969,0,bded24c97c5146289e79d02b3f191a13,com.adobe.acs.commons.mcp.impl.processes.asset.UrlAssetImport,com.adobe.acs.commons.mcp.impl.processes.asset.UrlAssetImport_ESTest,17,0,False
290,BugSwarm,ACS_AEM_Commons-374231969,0,c844d2f3eec843c0a7da375f6b1038c9,com.adobe.acs.commons.mcp.impl.processes.asset.UrlAssetImport,com.adobe.acs.commons.mcp.impl.processes.asset.UrlAssetImport_ESTest,20,0,False
291,BugSwarm,ACS_AEM_Commons-374231969,0,4c4f8f8932734f33ab00f01f58070a99,com.adobe.acs.commons.mcp.impl.processes.asset.UrlAssetImport,com.adobe.acs.commons.mcp.impl.processes.asset.UrlAssetImport_ESTest,18,0,False
292,BugSwarm,ACS_AEM_Commons-374231969,0,1fd7df49499d4b4aa86e9540074b9b86,com.adobe.acs.commons.mcp.impl.processes.asset.UrlAssetImport,com.adobe.acs.commons.mcp.impl.processes.asset.UrlAssetImport_ESTest,15,0,False
293,BugSwarm,ACS_AEM_Commons-374231969,0,e8b0bb4940fe4d8381e1ab3b4d5e87c8,com.adobe.acs.commons.mcp.impl.processes.asset.UrlAssetImport,com.adobe.acs.commons.mcp.impl.processes.asset.UrlAssetImport_ESTest,20,0,False
294,BugSwarm,ACS_AEM_Commons-374231969,0,733d3f5e94c14d629d394d177528a269,com.adobe.acs.commons.mcp.impl.processes.asset.UrlAssetImport,com.adobe.acs.commons.mcp.impl.processes.asset.UrlAssetImport_ESTest,14,0,False
295,BugSwarm,ACS_AEM_Commons-374231969,0,403fc4727d104b62b984fc5325bfbe13,com.adobe.acs.commons.mcp.impl.processes.asset.UrlAssetImport,com.adobe.acs.commons.mcp.impl.processes.asset.UrlAssetImport_ESTest,15,0,False
296,BugSwarm,ACS_AEM_Commons-374231969,0,60e44ce4b3e94c6d890e82adf51f2931,com.adobe.acs.commons.mcp.impl.processes.asset.UrlAssetImport,com.adobe.acs.commons.mcp.impl.processes.asset.UrlAssetImport_ESTest,16,0,False
297,BugSwarm,ACS_AEM_Commons-374231969,0,3f58549f864e45b5997d014e13dedd12,com.adobe.acs.commons.mcp.impl.processes.asset.UrlAssetImport,com.adobe.acs.commons.mcp.impl.processes.asset.UrlAssetImport_ESTest,19,0,False
298,BugSwarm,ACS_AEM_Commons-374231969,0,9ebfe79536b54eeab59b6cbc70aa785b,com.adobe.acs.commons.mcp.impl.processes.asset.UrlAssetImport,com.adobe.acs.commons.mcp.impl.processes.asset.UrlAssetImport_ESTest,20,0,False
299,BugSwarm,ACS_AEM_Commons-374231969,0,477e7a92a9704279a82e85c344931fbf,com.adobe.acs.commons.mcp.impl.processes.asset.UrlAssetImport,com.adobe.acs.commons.mcp.impl.processes.asset.UrlAssetImport_ESTest,16,0,False
300,BugSwarm,ACS_AEM_Commons-374231969,0,d266932ec1764ef693508dbfab58f3d5,com.adobe.acs.commons.mcp.impl.processes.asset.UrlAssetImport,com.adobe.acs.commons.mcp.impl.processes.asset.UrlAssetImport_ESTest,16,0,False
301,BugSwarm,ACS_AEM_Commons-374231969,0,333d36fbdba746a39a35d931cad197e7,com.adobe.acs.commons.mcp.impl.processes.asset.UrlAssetImport,com.adobe.acs.commons.mcp.impl.processes.asset.UrlAssetImport_ESTest,16,0,False
302,BugSwarm,ACS_AEM_Commons-374231969,0,6e7919c08d1d47a18a03b326fbd95f3f,com.adobe.acs.commons.mcp.impl.processes.asset.UrlAssetImport,com.adobe.acs.commons.mcp.impl.processes.asset.UrlAssetImport_ESTest,19,0,False
303,BugSwarm,ACS_AEM_Commons-374231969,0,4af338b2bcba4327b8a65c3882730644,com.adobe.acs.commons.mcp.impl.processes.asset.UrlAssetImport,com.adobe.acs.commons.mcp.impl.processes.asset.UrlAssetImport_ESTest,18,0,False
304,BugSwarm,ACS_AEM_Commons-374231969,0,7cdac205c0514ab69809d337da00768a,com.adobe.acs.commons.mcp.impl.processes.asset.UrlAssetImport,com.adobe.acs.commons.mcp.impl.processes.asset.UrlAssetImport_ESTest,17,0,False
305,BugSwarm,ACS_AEM_Commons-374231969,0,dc5cb3656a6945f4a0e06a4290a3932a,com.adobe.acs.commons.mcp.impl.processes.asset.UrlAssetImport,com.adobe.acs.commons.mcp.impl.processes.asset.UrlAssetImport_ESTest,15,0,False
306,BugSwarm,ACS_AEM_Commons-374231969,0,7b42767b95964559b644c8c374ce5cbd,com.adobe.acs.commons.mcp.impl.processes.asset.UrlAssetImport,com.adobe.acs.commons.mcp.impl.processes.asset.UrlAssetImport_ESTest,12,0,False
307,BugSwarm,ACS_AEM_Commons-374231969,0,3f1023ee2dcc4fa2a7057cb62df5b209,com.adobe.acs.commons.mcp.impl.processes.asset.UrlAssetImport,com.adobe.acs.commons.mcp.impl.processes.asset.UrlAssetImport_ESTest,15,0,False
308,BugSwarm,ACS_AEM_Commons-374231969,0,92c330dc35f74dfb88f468d08856d1f3,com.adobe.acs.commons.mcp.impl.processes.asset.UrlAssetImport,com.adobe.acs.commons.mcp.impl.processes.asset.UrlAssetImport_ESTest,17,0,False
309,BugSwarm,BungeeCord-130330788,0,7f1ef8dec38140c7af7416819f427941,net.md_5.bungee.ConnectionThrottle,net.md_5.bungee.ConnectionThrottle_ESTest,1,0,True
310,BugSwarm,BungeeCord-130330788,0,cfb3657b91ed42f08d904ff97f92242d,net.md_5.bungee.ConnectionThrottle,net.md_5.bungee.ConnectionThrottle_ESTest,1,0,True
311,BugSwarm,BungeeCord-130330788,0,b2434407d94b4a6dab6e6b21b73f2a74,net.md_5.bungee.ConnectionThrottle,net.md_5.bungee.ConnectionThrottle_ESTest,3,0,True
312,BugSwarm,BungeeCord-130330788,0,bd66302220d24aca93c53d10e5e3a772,net.md_5.bungee.ConnectionThrottle,net.md_5.bungee.ConnectionThrottle_ESTest,1,0,True
313,BugSwarm,BungeeCord-130330788,0,007805ab57594b3f9adfba85a582c4e7,net.md_5.bungee.ConnectionThrottle,net.md_5.bungee.ConnectionThrottle_ESTest,1,0,True
314,BugSwarm,BungeeCord-130330788,0,6c1a10483ab64ea1a8322bc964091014,net.md_5.bungee.ConnectionThrottle,net.md_5.bungee.ConnectionThrottle_ESTest,3,0,True
315,BugSwarm,BungeeCord-130330788,0,2d5c9edfa19e4eb982893aebdc50ba02,net.md_5.bungee.ConnectionThrottle,net.md_5.bungee.ConnectionThrottle_ESTest,1,0,True
316,BugSwarm,BungeeCord-130330788,0,3f6f88a01ec04b02998cb685635f8462,net.md_5.bungee.ConnectionThrottle,net.md_5.bungee.ConnectionThrottle_ESTest,1,0,True
317,BugSwarm,BungeeCord-130330788,0,da8fccd8c1614d09a430361609baecf6,net.md_5.bungee.ConnectionThrottle,net.md_5.bungee.ConnectionThrottle_ESTest,1,0,True
318,BugSwarm,BungeeCord-130330788,0,4515412045c74d24818e72e6acaf78cb,net.md_5.bungee.ConnectionThrottle,net.md_5.bungee.ConnectionThrottle_ESTest,1,0,True
319,BugSwarm,BungeeCord-130330788,0,8cf1b50d920849aa9bb5643631d6f7b7,net.md_5.bungee.ConnectionThrottle,net.md_5.bungee.ConnectionThrottle_ESTest,2,0,True
320,BugSwarm,BungeeCord-130330788,0,b02f88b1a9bb43f3ab6c1c8b436f3992,net.md_5.bungee.ConnectionThrottle,net.md_5.bungee.ConnectionThrottle_ESTest,1,0,True
321,BugSwarm,BungeeCord-130330788,0,44fb8da667074c71b4305f8800abb6c8,net.md_5.bungee.ConnectionThrottle,net.md_5.bungee.ConnectionThrottle_ESTest,2,0,True
322,BugSwarm,BungeeCord-130330788,0,590291263cf540aa97736e2eb067c4c6,net.md_5.bungee.ConnectionThrottle,net.md_5.bungee.ConnectionThrottle_ESTest,1,0,True
323,BugSwarm,BungeeCord-130330788,0,ce569fd5e1df451ab9224812c896c939,net.md_5.bungee.ConnectionThrottle,net.md_5.bungee.ConnectionThrottle_ESTest,1,0,True
324,BugSwarm,BungeeCord-130330788,0,783b4ff2d71c47c3802d3be5bbe99bce,net.md_5.bungee.ConnectionThrottle,net.md_5.bungee.ConnectionThrottle_ESTest,1,0,True
325,BugSwarm,BungeeCord-130330788,0,2c55adc3e9cd4b26a7da866dbbbe0f82,net.md_5.bungee.ConnectionThrottle,net.md_5.bungee.ConnectionThrottle_ESTest,2,0,True
326,BugSwarm,BungeeCord-130330788,0,3c8c26de28d74ffc98e4f5e45b3b5e80,net.md_5.bungee.ConnectionThrottle,net.md_5.bungee.ConnectionThrottle_ESTest,1,0,True
327,BugSwarm,BungeeCord-130330788,0,7a89d6ffe07d4cd395e38ce8361b1129,net.md_5.bungee.ConnectionThrottle,net.md_5.bungee.ConnectionThrottle_ESTest,1,0,True
328,BugSwarm,BungeeCord-130330788,0,533f8e6ed786489da8898c953dfaf72e,net.md_5.bungee.ConnectionThrottle,net.md_5.bungee.ConnectionThrottle_ESTest,1,0,True
329,BugSwarm,Yamcs-186324159,0,8b22ad1220f0498f9b4614cb6c81c6d4,org.yamcs.xtce.SpreadsheetLoader,org.yamcs.xtce.SpreadsheetLoader_ESTest,43,0,False
330,BugSwarm,Yamcs-186324159,0,595dcd8ec13b40fd9e329206012c5c19,org.yamcs.xtce.SpreadsheetLoader,org.yamcs.xtce.SpreadsheetLoader_ESTest,45,0,False
331,BugSwarm,Yamcs-186324159,0,cc5f934236b247a4834ae62fe2f882d5,org.yamcs.xtce.SpreadsheetLoader,org.yamcs.xtce.SpreadsheetLoader_ESTest,44,0,True
332,BugSwarm,Yamcs-186324159,0,248006794e0e417bba0e9a8a2ecff5c4,org.yamcs.xtce.SpreadsheetLoader,org.yamcs.xtce.SpreadsheetLoader_ESTest,51,0,True
333,BugSwarm,Yamcs-186324159,0,4d7499daf53d4fada278cdf2cf739b4f,org.yamcs.xtce.SpreadsheetLoader,org.yamcs.xtce.SpreadsheetLoader_ESTest,49,0,False
334,BugSwarm,Yamcs-186324159,0,db6ae304914c418cb6dfdc0458015b41,org.yamcs.xtce.SpreadsheetLoader,org.yamcs.xtce.SpreadsheetLoader_ESTest,52,0,True
335,BugSwarm,Yamcs-186324159,0,fc0dcb6bbe9c405e98bf0e083db31a37,org.yamcs.xtce.SpreadsheetLoader,org.yamcs.xtce.SpreadsheetLoader_ESTest,40,0,True
336,BugSwarm,Yamcs-186324159,0,3d2287703f864e9dbfd22b9e1776955e,org.yamcs.xtce.SpreadsheetLoader,org.yamcs.xtce.SpreadsheetLoader_ESTest,44,0,True
337,BugSwarm,Yamcs-186324159,0,b44330f998fb4bd9bd9a1f51b8ede44f,org.yamcs.xtce.SpreadsheetLoader,org.yamcs.xtce.SpreadsheetLoader_ESTest,56,0,True
338,BugSwarm,Yamcs-186324159,0,93c4569a31ed47b59bc43b7476594d83,org.yamcs.xtce.SpreadsheetLoader,org.yamcs.xtce.SpreadsheetLoader_ESTest,47,0,False
339,BugSwarm,Yamcs-186324159,0,25f6281dba0848b6bf9f3b3eee8b98bb,org.yamcs.xtce.SpreadsheetLoader,org.yamcs.xtce.SpreadsheetLoader_ESTest,49,0,False
340,BugSwarm,Yamcs-186324159,0,b31d8f1b79394cbbbaf7cdfb94ad90be,org.yamcs.xtce.SpreadsheetLoader,org.yamcs.xtce.SpreadsheetLoader_ESTest,48,0,True
341,BugSwarm,Yamcs-186324159,0,89a26db612b341b9b31c8cc8a608b3bd,org.yamcs.xtce.SpreadsheetLoader,org.yamcs.xtce.SpreadsheetLoader_ESTest,44,0,True
342,BugSwarm,Yamcs-186324159,0,8f8180ef69104a3a8d561180b0b62afd,org.yamcs.xtce.SpreadsheetLoader,org.yamcs.xtce.SpreadsheetLoader_ESTest,43,0,True
343,BugSwarm,Yamcs-186324159,0,451f80100098409ca826c7eb0aa589af,org.yamcs.xtce.SpreadsheetLoader,org.yamcs.xtce.SpreadsheetLoader_ESTest,48,0,False
344,BugSwarm,Yamcs-186324159,0,1cdedc479f254fe2b669785e13ad8fb6,org.yamcs.xtce.SpreadsheetLoader,org.yamcs.xtce.SpreadsheetLoader_ESTest,38,0,False
345,BugSwarm,Yamcs-186324159,0,8fcb7dfce4744253a80017744e9e5f6f,org.yamcs.xtce.SpreadsheetLoader,org.yamcs.xtce.SpreadsheetLoader_ESTest,48,0,False
346,BugSwarm,Yamcs-186324159,0,07d9f1556504437586f338325a66863b,org.yamcs.xtce.SpreadsheetLoader,org.yamcs.xtce.SpreadsheetLoader_ESTest,45,0,True
347,BugSwarm,Yamcs-186324159,0,5cd7d901a9264fb495a4ad252a443278,org.yamcs.xtce.SpreadsheetLoader,org.yamcs.xtce.SpreadsheetLoader_ESTest,50,0,False
348,BugSwarm,Yamcs-186324159,0,2a9df232bbf142c9ba37b7d24666bd00,org.yamcs.xtce.SpreadsheetLoader,org.yamcs.xtce.SpreadsheetLoader_ESTest,45,0,False
349,BugSwarm,REST_Countries-207869551,0,00a1ee46fbe648e294595f3a0129a00c,fayder.restcountries.rest.CountryServiceHelper,fayder.restcountries.rest.CountryServiceHelper_ESTest,29,0,True
350,BugSwarm,REST_Countries-207869551,0,1a19c351064c4314bab31e233a74d6b6,fayder.restcountries.rest.CountryServiceHelper,fayder.restcountries.rest.CountryServiceHelper_ESTest,30,0,True
351,BugSwarm,REST_Countries-207869551,0,f8a7d8e2b01b48df9c670ee0985d519f,fayder.restcountries.rest.CountryServiceHelper,fayder.restcountries.rest.CountryServiceHelper_ESTest,26,0,True
352,BugSwarm,REST_Countries-207869551,0,0e9ddd8b86e74b58bfce0dd64bad629c,fayder.restcountries.rest.CountryServiceHelper,fayder.restcountries.rest.CountryServiceHelper_ESTest,28,0,True
353,BugSwarm,REST_Countries-207869551,0,697169774ab349518737bee4609807d4,fayder.restcountries.rest.CountryServiceHelper,fayder.restcountries.rest.CountryServiceHelper_ESTest,25,0,True
354,BugSwarm,REST_Countries-207869551,0,5597a6499ea04438be83f92c8b0c84b3,fayder.restcountries.rest.CountryServiceHelper,fayder.restcountries.rest.CountryServiceHelper_ESTest,27,0,False
355,BugSwarm,REST_Countries-207869551,0,076ea9d4d3124ee9a4ca181af4170d25,fayder.restcountries.rest.CountryServiceHelper,fayder.restcountries.rest.CountryServiceHelper_ESTest,30,0,True
356,BugSwarm,REST_Countries-207869551,0,0e82bf3041294fb49828db393f33da16,fayder.restcountries.rest.CountryServiceHelper,fayder.restcountries.rest.CountryServiceHelper_ESTest,30,0,False
357,BugSwarm,REST_Countries-207869551,0,97327e5ca4da43f69a437ab64e160844,fayder.restcountries.rest.CountryServiceHelper,fayder.restcountries.rest.CountryServiceHelper_ESTest,26,0,True
358,BugSwarm,REST_Countries-207869551,0,2f6b22d330be4abbbcffa933dd94974e,fayder.restcountries.rest.CountryServiceHelper,fayder.restcountries.rest.CountryServiceHelper_ESTest,29,0,True
359,BugSwarm,REST_Countries-207869551,0,9ce00cff29f24726a2d448ca61413338,fayder.restcountries.rest.CountryServiceHelper,fayder.restcountries.rest.CountryServiceHelper_ESTest,29,0,True
360,BugSwarm,REST_Countries-207869551,0,71610069a94d41eb94f58aeaca8d650f,fayder.restcountries.rest.CountryServiceHelper,fayder.restcountries.rest.CountryServiceHelper_ESTest,27,0,False
361,BugSwarm,REST_Countries-207869551,0,1573e38ee4da4379aab8324998b27f27,fayder.restcountries.rest.CountryServiceHelper,fayder.restcountries.rest.CountryServiceHelper_ESTest,29,0,True
362,BugSwarm,REST_Countries-207869551,0,b95da0a94491415a8606277b810f9780,fayder.restcountries.rest.CountryServiceHelper,fayder.restcountries.rest.CountryServiceHelper_ESTest,27,0,True
363,BugSwarm,REST_Countries-207869551,0,08ea8723cfd848ff86647c8dcfdcaeae,fayder.restcountries.rest.CountryServiceHelper,fayder.restcountries.rest.CountryServiceHelper_ESTest,28,0,True
364,BugSwarm,REST_Countries-207869551,0,4184a70b4cf64771b00fb4a597551194,fayder.restcountries.rest.CountryServiceHelper,fayder.restcountries.rest.CountryServiceHelper_ESTest,28,0,True
365,BugSwarm,REST_Countries-207869551,0,9547768a50494634b798eac32182359f,fayder.restcountries.rest.CountryServiceHelper,fayder.restcountries.rest.CountryServiceHelper_ESTest,27,0,True
366,BugSwarm,REST_Countries-207869551,0,861ff86ee8c04e8caafdbefd9eb88afb,fayder.restcountries.rest.CountryServiceHelper,fayder.restcountries.rest.CountryServiceHelper_ESTest,23,0,True
367,BugSwarm,REST_Countries-207869551,0,b03bfb6b97bc4b899eaeaf239719e133,fayder.restcountries.rest.CountryServiceHelper,fayder.restcountries.rest.CountryServiceHelper_ESTest,29,0,True
368,BugSwarm,REST_Countries-207869551,0,e61fd49a7e384dd49e99e5643b4094c5,fayder.restcountries.rest.CountryServiceHelper,fayder.restcountries.rest.CountryServiceHelper_ESTest,29,0,True
369,BugSwarm,Dubbo-416671625,0,fc78a32065f14b0fbb9bb43efaa4c50a,org.apache.dubbo.rpc.protocol.hessian.HttpClientConnectionFactory,org.apache.dubbo.rpc.protocol.hessian.HttpClientConnectionFactory_ESTest,2,0,True
370,BugSwarm,Dubbo-416671625,0,8992576ea7c140b3a328446fa4e0321d,org.apache.dubbo.rpc.protocol.hessian.HttpClientConnectionFactory,org.apache.dubbo.rpc.protocol.hessian.HttpClientConnectionFactory_ESTest,2,0,False
371,BugSwarm,Dubbo-416671625,0,1e3a242803c94fb7b18a48a407e41080,org.apache.dubbo.rpc.protocol.hessian.HttpClientConnectionFactory,org.apache.dubbo.rpc.protocol.hessian.HttpClientConnectionFactory_ESTest,3,0,True
372,BugSwarm,Dubbo-416671625,0,5d2e4b855bbc4139ace7c1f972e20da1,org.apache.dubbo.rpc.protocol.hessian.HttpClientConnectionFactory,org.apache.dubbo.rpc.protocol.hessian.HttpClientConnectionFactory_ESTest,1,0,False
373,BugSwarm,Dubbo-416671625,0,898197f4a0bc43d5aec7fe821feb2e55,org.apache.dubbo.rpc.protocol.hessian.HttpClientConnectionFactory,org.apache.dubbo.rpc.protocol.hessian.HttpClientConnectionFactory_ESTest,1,0,False
374,BugSwarm,Dubbo-416671625,0,fe07806c1627425fa835e69c8cffb3b0,org.apache.dubbo.rpc.protocol.hessian.HttpClientConnectionFactory,org.apache.dubbo.rpc.protocol.hessian.HttpClientConnectionFactory_ESTest,2,0,True
375,BugSwarm,Dubbo-416671625,0,6ff4968d04d44f72a2c3368e52e80963,org.apache.dubbo.rpc.protocol.hessian.HttpClientConnectionFactory,org.apache.dubbo.rpc.protocol.hessian.HttpClientConnectionFactory_ESTest,2,0,True
376,BugSwarm,Dubbo-416671625,0,98cdd6c1a27541bb914b59a240edfb50,org.apache.dubbo.rpc.protocol.hessian.HttpClientConnectionFactory,org.apache.dubbo.rpc.protocol.hessian.HttpClientConnectionFactory_ESTest,2,0,True
377,BugSwarm,Dubbo-416671625,0,d143addc5f9740d3bd81d330d9a73ef0,org.apache.dubbo.rpc.protocol.hessian.HttpClientConnectionFactory,org.apache.dubbo.rpc.protocol.hessian.HttpClientConnectionFactory_ESTest,3,0,True
378,BugSwarm,Dubbo-416671625,0,18878e5d89b24218ad1f0b3756aa18bb,org.apache.dubbo.rpc.protocol.hessian.HttpClientConnectionFactory,org.apache.dubbo.rpc.protocol.hessian.HttpClientConnectionFactory_ESTest,2,0,True
379,BugSwarm,Dubbo-416671625,0,9df4c365f8d04a4ba4fb1e21fefe0257,org.apache.dubbo.rpc.protocol.hessian.HttpClientConnectionFactory,org.apache.dubbo.rpc.protocol.hessian.HttpClientConnectionFactory_ESTest,2,0,True
380,BugSwarm,Dubbo-416671625,0,bf142550041740a48358f995aa146c19,org.apache.dubbo.rpc.protocol.hessian.HttpClientConnectionFactory,org.apache.dubbo.rpc.protocol.hessian.HttpClientConnectionFactory_ESTest,1,0,True
381,BugSwarm,Dubbo-416671625,0,79f72982c6ce45b0928c8bc8a5eea316,org.apache.dubbo.rpc.protocol.hessian.HttpClientConnectionFactory,org.apache.dubbo.rpc.protocol.hessian.HttpClientConnectionFactory_ESTest,2,0,True
382,BugSwarm,Dubbo-416671625,0,4abbefe7d0294ec58abab7cc53f31e69,org.apache.dubbo.rpc.protocol.hessian.HttpClientConnectionFactory,org.apache.dubbo.rpc.protocol.hessian.HttpClientConnectionFactory_ESTest,2,0,True
383,BugSwarm,Dubbo-416671625,0,92f7d4dc445e449b9cc96dffbcfbc20b,org.apache.dubbo.rpc.protocol.hessian.HttpClientConnectionFactory,org.apache.dubbo.rpc.protocol.hessian.HttpClientConnectionFactory_ESTest,2,0,True
384,BugSwarm,Dubbo-416671625,0,bae816aa878443c690fb81bc92e404f7,org.apache.dubbo.rpc.protocol.hessian.HttpClientConnectionFactory,org.apache.dubbo.rpc.protocol.hessian.HttpClientConnectionFactory_ESTest,2,0,True
385,BugSwarm,Dubbo-416671625,0,069bc487e0cf4340adf204d542d374a0,org.apache.dubbo.rpc.protocol.hessian.HttpClientConnectionFactory,org.apache.dubbo.rpc.protocol.hessian.HttpClientConnectionFactory_ESTest,1,0,False
386,BugSwarm,Dubbo-416671625,0,3c44a478f84443b59c33efe7eadb9cf4,org.apache.dubbo.rpc.protocol.hessian.HttpClientConnectionFactory,org.apache.dubbo.rpc.protocol.hessian.HttpClientConnectionFactory_ESTest,2,0,True
387,BugSwarm,Dubbo-416671625,0,e034c6467f054974bc5f3f6bf0621de8,org.apache.dubbo.rpc.protocol.hessian.HttpClientConnectionFactory,org.apache.dubbo.rpc.protocol.hessian.HttpClientConnectionFactory_ESTest,3,0,True
388,BugSwarm,Dubbo-416671625,0,0a447ac48a9e439c8040c6b20fdc14ef,org.apache.dubbo.rpc.protocol.hessian.HttpClientConnectionFactory,org.apache.dubbo.rpc.protocol.hessian.HttpClientConnectionFactory_ESTest,2,0,True
389,BugSwarm,Universal_G__Code_Sender-676666184,0,2e05be14e6b94f1da7445a3d31801495,com.willwinder.universalgcodesender.utils.GcodeStreamReader,com.willwinder.universalgcodesender.utils.GcodeStreamReader_ESTest,5,0,True
390,BugSwarm,Universal_G__Code_Sender-676666184,0,d7c21a5bbf5e468c94a859315ae4f47a,com.willwinder.universalgcodesender.utils.GcodeStreamReader,com.willwinder.universalgcodesender.utils.GcodeStreamReader_ESTest,6,0,True
391,BugSwarm,Universal_G__Code_Sender-676666184,0,1921e4f6716b4c5d9cf4e4953a9c55cd,com.willwinder.universalgcodesender.utils.GcodeStreamReader,com.willwinder.universalgcodesender.utils.GcodeStreamReader_ESTest,4,0,True
392,BugSwarm,Universal_G__Code_Sender-676666184,0,d0b0981ce49a4f90989cf4bd70496553,com.willwinder.universalgcodesender.utils.GcodeStreamReader,com.willwinder.universalgcodesender.utils.GcodeStreamReader_ESTest,5,0,True
393,BugSwarm,Universal_G__Code_Sender-676666184,0,2b80c16e4364414bac951d9e0f18e7ec,com.willwinder.universalgcodesender.utils.GcodeStreamReader,com.willwinder.universalgcodesender.utils.GcodeStreamReader_ESTest,5,0,True
394,BugSwarm,Universal_G__Code_Sender-676666184,0,f326c9613a7049e99145ccc0810d270b,com.willwinder.universalgcodesender.utils.GcodeStreamReader,com.willwinder.universalgcodesender.utils.GcodeStreamReader_ESTest,6,0,True
395,BugSwarm,Universal_G__Code_Sender-676666184,0,5363e43e989441de98a34f9534df40f1,com.willwinder.universalgcodesender.utils.GcodeStreamReader,com.willwinder.universalgcodesender.utils.GcodeStreamReader_ESTest,4,0,True
396,BugSwarm,Universal_G__Code_Sender-676666184,0,210d64d56e8f44d88db12d68703f89cd,com.willwinder.universalgcodesender.utils.GcodeStreamReader,com.willwinder.universalgcodesender.utils.GcodeStreamReader_ESTest,5,0,True
397,BugSwarm,Universal_G__Code_Sender-676666184,0,e9b4955455344cacb73e7fea03819085,com.willwinder.universalgcodesender.utils.GcodeStreamReader,com.willwinder.universalgcodesender.utils.GcodeStreamReader_ESTest,5,0,False
398,BugSwarm,Universal_G__Code_Sender-676666184,0,3aa8ba56091e4f16ad70a018562b5fc7,com.willwinder.universalgcodesender.utils.GcodeStreamReader,com.willwinder.universalgcodesender.utils.GcodeStreamReader_ESTest,5,0,True
399,BugSwarm,Universal_G__Code_Sender-676666184,0,d3cb065ec2c04963ab22b8b9af2c7c37,com.willwinder.universalgcodesender.utils.GcodeStreamReader,com.willwinder.universalgcodesender.utils.GcodeStreamReader_ESTest,6,0,True
400,BugSwarm,Universal_G__Code_Sender-676666184,0,910008e089de40b89a08e980f4edca07,com.willwinder.universalgcodesender.utils.GcodeStreamReader,com.willwinder.universalgcodesender.utils.GcodeStreamReader_ESTest,6,0,True
401,BugSwarm,Universal_G__Code_Sender-676666184,0,7823724c747d439f9893f5424e82e282,com.willwinder.universalgcodesender.utils.GcodeStreamReader,com.willwinder.universalgcodesender.utils.GcodeStreamReader_ESTest,5,0,True
402,BugSwarm,Universal_G__Code_Sender-676666184,0,32ee597a61d740c8a5d7d857ab0c019e,com.willwinder.universalgcodesender.utils.GcodeStreamReader,com.willwinder.universalgcodesender.utils.GcodeStreamReader_ESTest,5,0,True
403,BugSwarm,Universal_G__Code_Sender-676666184,0,6ceefc81b63641bfb0145898bf95009b,com.willwinder.universalgcodesender.utils.GcodeStreamReader,com.willwinder.universalgcodesender.utils.GcodeStreamReader_ESTest,5,0,False
404,BugSwarm,Universal_G__Code_Sender-676666184,0,93d7b7649f9b4ccea97326dbe5dd3e83,com.willwinder.universalgcodesender.utils.GcodeStreamReader,com.willwinder.universalgcodesender.utils.GcodeStreamReader_ESTest,5,0,True
405,BugSwarm,Universal_G__Code_Sender-676666184,0,83304f64bdb34383b52b08846a66074e,com.willwinder.universalgcodesender.utils.GcodeStreamReader,com.willwinder.universalgcodesender.utils.GcodeStreamReader_ESTest,6,0,True
406,BugSwarm,GraphHopper-210124629,0,52c69df312484df5b607aaa0fc90a6a6,com.graphhopper.routing.util.DataFlagEncoder,com.graphhopper.routing.util.DataFlagEncoder_ESTest,97,0,False
407,BugSwarm,GraphHopper-210124629,0,93184b9986834af19856b477c418864b,com.graphhopper.routing.util.DataFlagEncoder,com.graphhopper.routing.util.DataFlagEncoder_ESTest,91,0,False
408,BugSwarm,GraphHopper-210124629,0,fe2ee6cb07d642cf8b82be9440a6d2e9,com.graphhopper.routing.util.DataFlagEncoder,com.graphhopper.routing.util.DataFlagEncoder_ESTest,100,0,False
409,BugSwarm,GraphHopper-210124629,0,26d784a3dceb415683ec8505c22d82ff,com.graphhopper.routing.util.DataFlagEncoder,com.graphhopper.routing.util.DataFlagEncoder_ESTest,84,0,False
410,BugSwarm,GraphHopper-210124629,0,ffdb3fe4b53d42dba63a3e01a85b80cc,com.graphhopper.routing.util.DataFlagEncoder,com.graphhopper.routing.util.DataFlagEncoder_ESTest,85,0,False
411,BugSwarm,GraphHopper-210124629,0,84ba6e5d9a4b4056af5e9f4ca4f24f42,com.graphhopper.routing.util.DataFlagEncoder,com.graphhopper.routing.util.DataFlagEncoder_ESTest,93,0,False
412,BugSwarm,GraphHopper-210124629,0,170bdd6c4feb403db8abefde92d5dea5,com.graphhopper.routing.util.DataFlagEncoder,com.graphhopper.routing.util.DataFlagEncoder_ESTest,96,0,False
413,BugSwarm,GraphHopper-210124629,0,32d3fc7beae24c71a6804ca4243a86c0,com.graphhopper.routing.util.DataFlagEncoder,com.graphhopper.routing.util.DataFlagEncoder_ESTest,98,0,False
414,BugSwarm,GraphHopper-210124629,0,9bea749088eb4f348dc294f471cc65a5,com.graphhopper.routing.util.DataFlagEncoder,com.graphhopper.routing.util.DataFlagEncoder_ESTest,97,0,False
415,BugSwarm,GraphHopper-210124629,0,01cc0d6afa8a47418b3e77cf4899c4ad,com.graphhopper.routing.util.DataFlagEncoder,com.graphhopper.routing.util.DataFlagEncoder_ESTest,96,0,False
416,BugSwarm,GraphHopper-210124629,0,d88377425231471884a5dcefd9b54cd3,com.graphhopper.routing.util.DataFlagEncoder,com.graphhopper.routing.util.DataFlagEncoder_ESTest,90,0,False
417,BugSwarm,GraphHopper-210124629,0,7afb2f986e2940e3b7ef4e99bdf20b03,com.graphhopper.routing.util.DataFlagEncoder,com.graphhopper.routing.util.DataFlagEncoder_ESTest,86,0,False
418,BugSwarm,GraphHopper-210124629,0,002cd7e0c6d14f6590f5ad421ff04f74,com.graphhopper.routing.util.DataFlagEncoder,com.graphhopper.routing.util.DataFlagEncoder_ESTest,88,0,False
419,BugSwarm,GraphHopper-210124629,0,1cc1f1aa20e341cc87664bcf099eec64,com.graphhopper.routing.util.DataFlagEncoder,com.graphhopper.routing.util.DataFlagEncoder_ESTest,104,0,False
420,BugSwarm,GraphHopper-210124629,0,a00e4637221e400faa8957391b0c499a,com.graphhopper.routing.util.DataFlagEncoder,com.graphhopper.routing.util.DataFlagEncoder_ESTest,93,0,False
421,BugSwarm,GraphHopper-210124629,0,b4b1d461d3f84105969c145f946922c2,com.graphhopper.routing.util.DataFlagEncoder,com.graphhopper.routing.util.DataFlagEncoder_ESTest,89,0,False
422,BugSwarm,GraphHopper-210124629,0,57c51b8c8a684728b6009774260e914b,com.graphhopper.routing.util.DataFlagEncoder,com.graphhopper.routing.util.DataFlagEncoder_ESTest,100,0,False
423,BugSwarm,GraphHopper-210124629,0,ccddc9d4bc144ccb8fd8f65b66aa4fb0,com.graphhopper.routing.util.DataFlagEncoder,com.graphhopper.routing.util.DataFlagEncoder_ESTest,99,0,False
424,BugSwarm,GraphHopper-210124629,0,e98425ad6d03444ea186da2a4095a7af,com.graphhopper.routing.util.DataFlagEncoder,com.graphhopper.routing.util.DataFlagEncoder_ESTest,98,0,False
425,BugSwarm,GraphHopper-210124629,0,bca1ae005f0b4af9b51624fe1b73f3a9,com.graphhopper.routing.util.DataFlagEncoder,com.graphhopper.routing.util.DataFlagEncoder_ESTest,93,0,False
426,BugSwarm,REST_Countries-154683750,0,20f43a93a3a04b9c91835331a5abec48,fayder.restcountries.v1.rest.CountryService,fayder.restcountries.v1.rest.CountryService_ESTest,13,0,False
427,BugSwarm,REST_Countries-154683750,0,1cfcbff188364b0487606597b006a703,fayder.restcountries.v1.rest.CountryService,fayder.restcountries.v1.rest.CountryService_ESTest,11,0,False
428,BugSwarm,REST_Countries-154683750,0,e1a554bf82e248ebaedf910913aae177,fayder.restcountries.v1.rest.CountryService,fayder.restcountries.v1.rest.CountryService_ESTest,13,0,False
429,BugSwarm,REST_Countries-154683750,0,d79e152a98544a14831bfb50bb1cf1ce,fayder.restcountries.v1.rest.CountryService,fayder.restcountries.v1.rest.CountryService_ESTest,9,0,False
430,BugSwarm,REST_Countries-154683750,0,74fad923dc81457c941766c5a10d7c8e,fayder.restcountries.v1.rest.CountryService,fayder.restcountries.v1.rest.CountryService_ESTest,7,0,False
431,BugSwarm,REST_Countries-154683750,0,540b292519894bc9b2a88695036a6538,fayder.restcountries.v1.rest.CountryService,fayder.restcountries.v1.rest.CountryService_ESTest,9,0,False
432,BugSwarm,REST_Countries-154683750,0,2285c999d1984469871a800e6e7f07b3,fayder.restcountries.v1.rest.CountryService,fayder.restcountries.v1.rest.CountryService_ESTest,11,0,False
433,BugSwarm,REST_Countries-154683750,0,c31b9bd2aa484a32b930a7633720a8b7,fayder.restcountries.v1.rest.CountryService,fayder.restcountries.v1.rest.CountryService_ESTest,10,0,False
434,BugSwarm,REST_Countries-154683750,0,cd7bff4ecbad4986b7b13a243e23b820,fayder.restcountries.v1.rest.CountryService,fayder.restcountries.v1.rest.CountryService_ESTest,10,0,False
435,BugSwarm,REST_Countries-154683750,0,1c63ccdd920847f4bb786c08c65203e5,fayder.restcountries.v1.rest.CountryService,fayder.restcountries.v1.rest.CountryService_ESTest,11,0,True
436,BugSwarm,REST_Countries-154683750,0,9c31eac7fa5148a297cca22b20f7656a,fayder.restcountries.v1.rest.CountryService,fayder.restcountries.v1.rest.CountryService_ESTest,13,0,False
437,BugSwarm,REST_Countries-154683750,0,e87adae00ebc4ad5b788b52a2036450d,fayder.restcountries.v1.rest.CountryService,fayder.restcountries.v1.rest.CountryService_ESTest,11,0,False
438,BugSwarm,REST_Countries-154683750,0,7182724aa8e24bdb852f1ee4e8d7b2b3,fayder.restcountries.v1.rest.CountryService,fayder.restcountries.v1.rest.CountryService_ESTest,13,0,False
439,BugSwarm,REST_Countries-154683750,0,0f3237fdbfb348d194141eeef00f18b9,fayder.restcountries.v1.rest.CountryService,fayder.restcountries.v1.rest.CountryService_ESTest,12,0,True
440,BugSwarm,REST_Countries-154683750,0,c2c4ffd75a104b83b740cd621067da9b,fayder.restcountries.v1.rest.CountryService,fayder.restcountries.v1.rest.CountryService_ESTest,13,0,True
441,BugSwarm,REST_Countries-154683750,0,194c2d40df1b465286a99049d2f79f20,fayder.restcountries.v1.rest.CountryService,fayder.restcountries.v1.rest.CountryService_ESTest,14,0,True
442,BugSwarm,REST_Countries-154683750,0,4e10df9b435342c0a0e7e8f60f33216e,fayder.restcountries.v1.rest.CountryService,fayder.restcountries.v1.rest.CountryService_ESTest,16,0,False
443,BugSwarm,REST_Countries-154683750,0,bb914247f147401f9af1b2bcca390b08,fayder.restcountries.v1.rest.CountryService,fayder.restcountries.v1.rest.CountryService_ESTest,11,0,False
444,BugSwarm,REST_Countries-154683750,0,3435a6ecbd134e7796b6c8ce6b260657,fayder.restcountries.v1.rest.CountryService,fayder.restcountries.v1.rest.CountryService_ESTest,13,0,False
445,BugSwarm,REST_Countries-154683750,0,d9a46b960c074ca1960f96d1bb6b2e2e,fayder.restcountries.v1.rest.CountryService,fayder.restcountries.v1.rest.CountryService_ESTest,9,0,False
446,BugSwarm,REST_Countries-154683750,1,20f43a93a3a04b9c91835331a5abec48,fayder.restcountries.v1.rest.CountryService,fayder.restcountries.v1.rest.CountryService_ESTest,13,0,False
447,BugSwarm,REST_Countries-154683750,1,1cfcbff188364b0487606597b006a703,fayder.restcountries.v1.rest.CountryService,fayder.restcountries.v1.rest.CountryService_ESTest,11,0,False
448,BugSwarm,REST_Countries-154683750,1,e1a554bf82e248ebaedf910913aae177,fayder.restcountries.v1.rest.CountryService,fayder.restcountries.v1.rest.CountryService_ESTest,13,0,False
449,BugSwarm,REST_Countries-154683750,1,d79e152a98544a14831bfb50bb1cf1ce,fayder.restcountries.v1.rest.CountryService,fayder.restcountries.v1.rest.CountryService_ESTest,9,0,False
450,BugSwarm,REST_Countries-154683750,1,74fad923dc81457c941766c5a10d7c8e,fayder.restcountries.v1.rest.CountryService,fayder.restcountries.v1.rest.CountryService_ESTest,7,0,False
451,BugSwarm,REST_Countries-154683750,1,540b292519894bc9b2a88695036a6538,fayder.restcountries.v1.rest.CountryService,fayder.restcountries.v1.rest.CountryService_ESTest,9,0,False
452,BugSwarm,REST_Countries-154683750,1,2285c999d1984469871a800e6e7f07b3,fayder.restcountries.v1.rest.CountryService,fayder.restcountries.v1.rest.CountryService_ESTest,11,0,False
453,BugSwarm,REST_Countries-154683750,1,c31b9bd2aa484a32b930a7633720a8b7,fayder.restcountries.v1.rest.CountryService,fayder.restcountries.v1.rest.CountryService_ESTest,10,0,False
454,BugSwarm,REST_Countries-154683750,1,cd7bff4ecbad4986b7b13a243e23b820,fayder.restcountries.v1.rest.CountryService,fayder.restcountries.v1.rest.CountryService_ESTest,10,0,False
455,BugSwarm,REST_Countries-154683750,1,1c63ccdd920847f4bb786c08c65203e5,fayder.restcountries.v1.rest.CountryService,fayder.restcountries.v1.rest.CountryService_ESTest,11,0,False
456,BugSwarm,REST_Countries-154683750,1,9c31eac7fa5148a297cca22b20f7656a,fayder.restcountries.v1.rest.CountryService,fayder.restcountries.v1.rest.CountryService_ESTest,13,0,False
457,BugSwarm,REST_Countries-154683750,1,e87adae00ebc4ad5b788b52a2036450d,fayder.restcountries.v1.rest.CountryService,fayder.restcountries.v1.rest.CountryService_ESTest,11,0,False
458,BugSwarm,REST_Countries-154683750,1,7182724aa8e24bdb852f1ee4e8d7b2b3,fayder.restcountries.v1.rest.CountryService,fayder.restcountries.v1.rest.CountryService_ESTest,13,0,False
459,BugSwarm,REST_Countries-154683750,1,0f3237fdbfb348d194141eeef00f18b9,fayder.restcountries.v1.rest.CountryService,fayder.restcountries.v1.rest.CountryService_ESTest,12,0,False
460,BugSwarm,REST_Countries-154683750,1,c2c4ffd75a104b83b740cd621067da9b,fayder.restcountries.v1.rest.CountryService,fayder.restcountries.v1.rest.CountryService_ESTest,13,0,False
461,BugSwarm,REST_Countries-154683750,1,194c2d40df1b465286a99049d2f79f20,fayder.restcountries.v1.rest.CountryService,fayder.restcountries.v1.rest.CountryService_ESTest,14,0,False
462,BugSwarm,REST_Countries-154683750,1,4e10df9b435342c0a0e7e8f60f33216e,fayder.restcountries.v1.rest.CountryService,fayder.restcountries.v1.rest.CountryService_ESTest,16,0,False
463,BugSwarm,REST_Countries-154683750,1,bb914247f147401f9af1b2bcca390b08,fayder.restcountries.v1.rest.CountryService,fayder.restcountries.v1.rest.CountryService_ESTest,11,0,False
464,BugSwarm,REST_Countries-154683750,1,3435a6ecbd134e7796b6c8ce6b260657,fayder.restcountries.v1.rest.CountryService,fayder.restcountries.v1.rest.CountryService_ESTest,13,0,False
465,BugSwarm,REST_Countries-154683750,1,d9a46b960c074ca1960f96d1bb6b2e2e,fayder.restcountries.v1.rest.CountryService,fayder.restcountries.v1.rest.CountryService_ESTest,9,0,False
466,BugSwarm,REST_Countries-154683750,2,20f43a93a3a04b9c91835331a5abec48,fayder.restcountries.v1.rest.CountryService,fayder.restcountries.v1.rest.CountryService_ESTest,13,0,True
467,BugSwarm,REST_Countries-154683750,2,1cfcbff188364b0487606597b006a703,fayder.restcountries.v1.rest.CountryService,fayder.restcountries.v1.rest.CountryService_ESTest,11,0,False
468,BugSwarm,REST_Countries-154683750,2,e1a554bf82e248ebaedf910913aae177,fayder.restcountries.v1.rest.CountryService,fayder.restcountries.v1.rest.CountryService_ESTest,13,0,True
469,BugSwarm,REST_Countries-154683750,2,d79e152a98544a14831bfb50bb1cf1ce,fayder.restcountries.v1.rest.CountryService,fayder.restcountries.v1.rest.CountryService_ESTest,9,0,False
470,BugSwarm,REST_Countries-154683750,2,74fad923dc81457c941766c5a10d7c8e,fayder.restcountries.v1.rest.CountryService,fayder.restcountries.v1.rest.CountryService_ESTest,7,0,False
471,BugSwarm,REST_Countries-154683750,2,540b292519894bc9b2a88695036a6538,fayder.restcountries.v1.rest.CountryService,fayder.restcountries.v1.rest.CountryService_ESTest,9,0,False
472,BugSwarm,REST_Countries-154683750,2,2285c999d1984469871a800e6e7f07b3,fayder.restcountries.v1.rest.CountryService,fayder.restcountries.v1.rest.CountryService_ESTest,11,0,True
473,BugSwarm,REST_Countries-154683750,2,c31b9bd2aa484a32b930a7633720a8b7,fayder.restcountries.v1.rest.CountryService,fayder.restcountries.v1.rest.CountryService_ESTest,10,0,True
474,BugSwarm,REST_Countries-154683750,2,cd7bff4ecbad4986b7b13a243e23b820,fayder.restcountries.v1.rest.CountryService,fayder.restcountries.v1.rest.CountryService_ESTest,10,0,False
475,BugSwarm,REST_Countries-154683750,2,1c63ccdd920847f4bb786c08c65203e5,fayder.restcountries.v1.rest.CountryService,fayder.restcountries.v1.rest.CountryService_ESTest,11,0,False
476,BugSwarm,REST_Countries-154683750,2,9c31eac7fa5148a297cca22b20f7656a,fayder.restcountries.v1.rest.CountryService,fayder.restcountries.v1.rest.CountryService_ESTest,13,0,True
477,BugSwarm,REST_Countries-154683750,2,e87adae00ebc4ad5b788b52a2036450d,fayder.restcountries.v1.rest.CountryService,fayder.restcountries.v1.rest.CountryService_ESTest,11,0,True
478,BugSwarm,REST_Countries-154683750,2,7182724aa8e24bdb852f1ee4e8d7b2b3,fayder.restcountries.v1.rest.CountryService,fayder.restcountries.v1.rest.CountryService_ESTest,13,0,False
479,BugSwarm,REST_Countries-154683750,2,0f3237fdbfb348d194141eeef00f18b9,fayder.restcountries.v1.rest.CountryService,fayder.restcountries.v1.rest.CountryService_ESTest,12,0,True
480,BugSwarm,REST_Countries-154683750,2,c2c4ffd75a104b83b740cd621067da9b,fayder.restcountries.v1.rest.CountryService,fayder.restcountries.v1.rest.CountryService_ESTest,13,0,True
481,BugSwarm,REST_Countries-154683750,2,194c2d40df1b465286a99049d2f79f20,fayder.restcountries.v1.rest.CountryService,fayder.restcountries.v1.rest.CountryService_ESTest,14,0,True
482,BugSwarm,REST_Countries-154683750,2,4e10df9b435342c0a0e7e8f60f33216e,fayder.restcountries.v1.rest.CountryService,fayder.restcountries.v1.rest.CountryService_ESTest,16,0,True
483,BugSwarm,REST_Countries-154683750,2,bb914247f147401f9af1b2bcca390b08,fayder.restcountries.v1.rest.CountryService,fayder.restcountries.v1.rest.CountryService_ESTest,11,0,True
484,BugSwarm,REST_Countries-154683750,2,3435a6ecbd134e7796b6c8ce6b260657,fayder.restcountries.v1.rest.CountryService,fayder.restcountries.v1.rest.CountryService_ESTest,13,0,True
485,BugSwarm,REST_Countries-154683750,2,d9a46b960c074ca1960f96d1bb6b2e2e,fayder.restcountries.v1.rest.CountryService,fayder.restcountries.v1.rest.CountryService_ESTest,9,0,False
486,BugSwarm,REST_Countries-154683750,3,20f43a93a3a04b9c91835331a5abec48,fayder.restcountries.v1.rest.CountryService,fayder.restcountries.v1.rest.CountryService_ESTest,13,0,True
487,BugSwarm,REST_Countries-154683750,3,1cfcbff188364b0487606597b006a703,fayder.restcountries.v1.rest.CountryService,fayder.restcountries.v1.rest.CountryService_ESTest,11,0,False
488,BugSwarm,REST_Countries-154683750,3,e1a554bf82e248ebaedf910913aae177,fayder.restcountries.v1.rest.CountryService,fayder.restcountries.v1.rest.CountryService_ESTest,13,0,True
489,BugSwarm,REST_Countries-154683750,3,d79e152a98544a14831bfb50bb1cf1ce,fayder.restcountries.v1.rest.CountryService,fayder.restcountries.v1.rest.CountryService_ESTest,9,0,False
490,BugSwarm,REST_Countries-154683750,3,74fad923dc81457c941766c5a10d7c8e,fayder.restcountries.v1.rest.CountryService,fayder.restcountries.v1.rest.CountryService_ESTest,7,0,False
491,BugSwarm,REST_Countries-154683750,3,540b292519894bc9b2a88695036a6538,fayder.restcountries.v1.rest.CountryService,fayder.restcountries.v1.rest.CountryService_ESTest,9,0,True
492,BugSwarm,REST_Countries-154683750,3,2285c999d1984469871a800e6e7f07b3,fayder.restcountries.v1.rest.CountryService,fayder.restcountries.v1.rest.CountryService_ESTest,11,0,False
493,BugSwarm,REST_Countries-154683750,3,c31b9bd2aa484a32b930a7633720a8b7,fayder.restcountries.v1.rest.CountryService,fayder.restcountries.v1.rest.CountryService_ESTest,10,0,True
494,BugSwarm,REST_Countries-154683750,3,cd7bff4ecbad4986b7b13a243e23b820,fayder.restcountries.v1.rest.CountryService,fayder.restcountries.v1.rest.CountryService_ESTest,10,0,True
495,BugSwarm,REST_Countries-154683750,3,1c63ccdd920847f4bb786c08c65203e5,fayder.restcountries.v1.rest.CountryService,fayder.restcountries.v1.rest.CountryService_ESTest,11,0,True
496,BugSwarm,REST_Countries-154683750,3,9c31eac7fa5148a297cca22b20f7656a,fayder.restcountries.v1.rest.CountryService,fayder.restcountries.v1.rest.CountryService_ESTest,13,0,True
497,BugSwarm,REST_Countries-154683750,3,e87adae00ebc4ad5b788b52a2036450d,fayder.restcountries.v1.rest.CountryService,fayder.restcountries.v1.rest.CountryService_ESTest,11,0,True
498,BugSwarm,REST_Countries-154683750,3,7182724aa8e24bdb852f1ee4e8d7b2b3,fayder.restcountries.v1.rest.CountryService,fayder.restcountries.v1.rest.CountryService_ESTest,13,0,True
499,BugSwarm,REST_Countries-154683750,3,0f3237fdbfb348d194141eeef00f18b9,fayder.restcountries.v1.rest.CountryService,fayder.restcountries.v1.rest.CountryService_ESTest,12,0,False
500,BugSwarm,REST_Countries-154683750,3,c2c4ffd75a104b83b740cd621067da9b,fayder.restcountries.v1.rest.CountryService,fayder.restcountries.v1.rest.CountryService_ESTest,13,0,True
501,BugSwarm,REST_Countries-154683750,3,194c2d40df1b465286a99049d2f79f20,fayder.restcountries.v1.rest.CountryService,fayder.restcountries.v1.rest.CountryService_ESTest,14,0,True
502,BugSwarm,REST_Countries-154683750,3,4e10df9b435342c0a0e7e8f60f33216e,fayder.restcountries.v1.rest.CountryService,fayder.restcountries.v1.rest.CountryService_ESTest,16,0,True
503,BugSwarm,REST_Countries-154683750,3,bb914247f147401f9af1b2bcca390b08,fayder.restcountries.v1.rest.CountryService,fayder.restcountries.v1.rest.CountryService_ESTest,11,0,True
504,BugSwarm,REST_Countries-154683750,3,3435a6ecbd134e7796b6c8ce6b260657,fayder.restcountries.v1.rest.CountryService,fayder.restcountries.v1.rest.CountryService_ESTest,13,0,True
505,BugSwarm,REST_Countries-154683750,3,d9a46b960c074ca1960f96d1bb6b2e2e,fayder.restcountries.v1.rest.CountryService,fayder.restcountries.v1.rest.CountryService_ESTest,9,0,False
506,BugSwarm,REST_Countries-154683750,4,20f43a93a3a04b9c91835331a5abec48,fayder.restcountries.v1.rest.CountryService,fayder.restcountries.v1.rest.CountryService_ESTest,13,0,True
507,BugSwarm,REST_Countries-154683750,4,1cfcbff188364b0487606597b006a703,fayder.restcountries.v1.rest.CountryService,fayder.restcountries.v1.rest.CountryService_ESTest,11,0,True
508,BugSwarm,REST_Countries-154683750,4,e1a554bf82e248ebaedf910913aae177,fayder.restcountries.v1.rest.CountryService,fayder.restcountries.v1.rest.CountryService_ESTest,13,0,True
509,BugSwarm,REST_Countries-154683750,4,d79e152a98544a14831bfb50bb1cf1ce,fayder.restcountries.v1.rest.CountryService,fayder.restcountries.v1.rest.CountryService_ESTest,9,0,False
510,BugSwarm,REST_Countries-154683750,4,74fad923dc81457c941766c5a10d7c8e,fayder.restcountries.v1.rest.CountryService,fayder.restcountries.v1.rest.CountryService_ESTest,7,0,False
511,BugSwarm,REST_Countries-154683750,4,540b292519894bc9b2a88695036a6538,fayder.restcountries.v1.rest.CountryService,fayder.restcountries.v1.rest.CountryService_ESTest,9,0,False
512,BugSwarm,REST_Countries-154683750,4,2285c999d1984469871a800e6e7f07b3,fayder.restcountries.v1.rest.CountryService,fayder.restcountries.v1.rest.CountryService_ESTest,11,0,False
513,BugSwarm,REST_Countries-154683750,4,c31b9bd2aa484a32b930a7633720a8b7,fayder.restcountries.v1.rest.CountryService,fayder.restcountries.v1.rest.CountryService_ESTest,10,0,False
514,BugSwarm,REST_Countries-154683750,4,cd7bff4ecbad4986b7b13a243e23b820,fayder.restcountries.v1.rest.CountryService,fayder.restcountries.v1.rest.CountryService_ESTest,10,0,False
515,BugSwarm,REST_Countries-154683750,4,1c63ccdd920847f4bb786c08c65203e5,fayder.restcountries.v1.rest.CountryService,fayder.restcountries.v1.rest.CountryService_ESTest,11,0,False
516,BugSwarm,REST_Countries-154683750,4,9c31eac7fa5148a297cca22b20f7656a,fayder.restcountries.v1.rest.CountryService,fayder.restcountries.v1.rest.CountryService_ESTest,13,0,True
517,BugSwarm,REST_Countries-154683750,4,e87adae00ebc4ad5b788b52a2036450d,fayder.restcountries.v1.rest.CountryService,fayder.restcountries.v1.rest.CountryService_ESTest,11,0,False
518,BugSwarm,REST_Countries-154683750,4,7182724aa8e24bdb852f1ee4e8d7b2b3,fayder.restcountries.v1.rest.CountryService,fayder.restcountries.v1.rest.CountryService_ESTest,13,0,True
519,BugSwarm,REST_Countries-154683750,4,0f3237fdbfb348d194141eeef00f18b9,fayder.restcountries.v1.rest.CountryService,fayder.restcountries.v1.rest.CountryService_ESTest,12,0,True
520,BugSwarm,REST_Countries-154683750,4,c2c4ffd75a104b83b740cd621067da9b,fayder.restcountries.v1.rest.CountryService,fayder.restcountries.v1.rest.CountryService_ESTest,13,0,True
521,BugSwarm,REST_Countries-154683750,4,194c2d40df1b465286a99049d2f79f20,fayder.restcountries.v1.rest.CountryService,fayder.restcountries.v1.rest.CountryService_ESTest,14,0,True
522,BugSwarm,REST_Countries-154683750,4,4e10df9b435342c0a0e7e8f60f33216e,fayder.restcountries.v1.rest.CountryService,fayder.restcountries.v1.rest.CountryService_ESTest,16,0,True
523,BugSwarm,REST_Countries-154683750,4,bb914247f147401f9af1b2bcca390b08,fayder.restcountries.v1.rest.CountryService,fayder.restcountries.v1.rest.CountryService_ESTest,11,0,False
524,BugSwarm,REST_Countries-154683750,4,3435a6ecbd134e7796b6c8ce6b260657,fayder.restcountries.v1.rest.CountryService,fayder.restcountries.v1.rest.CountryService_ESTest,13,0,False
525,BugSwarm,REST_Countries-154683750,4,d9a46b960c074ca1960f96d1bb6b2e2e,fayder.restcountries.v1.rest.CountryService,fayder.restcountries.v1.rest.CountryService_ESTest,9,0,True
526,Genesis,Jongo-97431a03,0,f42c48a87b264ecca397e83ef53f73c0,org.jongo.marshall.jackson.JacksonObjectIdUpdater,org.jongo.marshall.jackson.JacksonObjectIdUpdater_ESTest,12,0,False
527,Genesis,Jongo-97431a03,0,f72d3c76cb6543978fc29bf8ae594e15,org.jongo.marshall.jackson.JacksonObjectIdUpdater,org.jongo.marshall.jackson.JacksonObjectIdUpdater_ESTest,9,0,False
528,Genesis,Jongo-97431a03,0,8afa54617c534221aa570b64c6b8db8b,org.jongo.marshall.jackson.JacksonObjectIdUpdater,org.jongo.marshall.jackson.JacksonObjectIdUpdater_ESTest,9,0,False
529,Genesis,Jongo-97431a03,0,6a88c7b3068345c3bd3a221834532c9f,org.jongo.marshall.jackson.JacksonObjectIdUpdater,org.jongo.marshall.jackson.JacksonObjectIdUpdater_ESTest,10,0,False
530,Genesis,Jongo-97431a03,0,e397502b534a4917a056cc444ba885c8,org.jongo.marshall.jackson.JacksonObjectIdUpdater,org.jongo.marshall.jackson.JacksonObjectIdUpdater_ESTest,8,0,False
531,Genesis,Jongo-97431a03,0,39ba831bdb09444386bb8efa9d656786,org.jongo.marshall.jackson.JacksonObjectIdUpdater,org.jongo.marshall.jackson.JacksonObjectIdUpdater_ESTest,9,0,False
532,Genesis,Jongo-97431a03,0,36890cfdf6a64b0aabf2eca5856ff075,org.jongo.marshall.jackson.JacksonObjectIdUpdater,org.jongo.marshall.jackson.JacksonObjectIdUpdater_ESTest,10,0,False
533,Genesis,Jongo-97431a03,0,1320a4a33b57474aaf39f43e4e4bf21d,org.jongo.marshall.jackson.JacksonObjectIdUpdater,org.jongo.marshall.jackson.JacksonObjectIdUpdater_ESTest,11,0,False
534,Genesis,Jongo-97431a03,0,4202e111d01244e9b641b73abf089098,org.jongo.marshall.jackson.JacksonObjectIdUpdater,org.jongo.marshall.jackson.JacksonObjectIdUpdater_ESTest,12,0,False
535,Genesis,Jongo-97431a03,0,e432ac102e3a4140815fe86f79aee8fd,org.jongo.marshall.jackson.JacksonObjectIdUpdater,org.jongo.marshall.jackson.JacksonObjectIdUpdater_ESTest,9,0,False
536,Genesis,Jongo-97431a03,0,7ad0208447b5434089e9aae124a12ea8,org.jongo.marshall.jackson.JacksonObjectIdUpdater,org.jongo.marshall.jackson.JacksonObjectIdUpdater_ESTest,11,0,False
537,Genesis,Jongo-97431a03,0,196e64a5ecd1458fae7e8afcd4bb4f57,org.jongo.marshall.jackson.JacksonObjectIdUpdater,org.jongo.marshall.jackson.JacksonObjectIdUpdater_ESTest,6,0,False
538,Genesis,Jongo-97431a03,0,659382d89fd74d86ac20aa9dcc1039a2,org.jongo.marshall.jackson.JacksonObjectIdUpdater,org.jongo.marshall.jackson.JacksonObjectIdUpdater_ESTest,11,0,False
539,Genesis,Jongo-97431a03,0,6ec88318bbad48a7ab955d10bdaae014,org.jongo.marshall.jackson.JacksonObjectIdUpdater,org.jongo.marshall.jackson.JacksonObjectIdUpdater_ESTest,10,0,False
540,Genesis,Jongo-97431a03,0,cdead08fc63d4a9da74ab14deefcf520,org.jongo.marshall.jackson.JacksonObjectIdUpdater,org.jongo.marshall.jackson.JacksonObjectIdUpdater_ESTest,10,0,False
541,Genesis,Jongo-97431a03,0,dea1844a82bd41b391f659cc02265400,org.jongo.marshall.jackson.JacksonObjectIdUpdater,org.jongo.marshall.jackson.JacksonObjectIdUpdater_ESTest,10,0,False
542,Genesis,Jongo-97431a03,0,4465c2202c234e48b4bc3a4b08033ccd,org.jongo.marshall.jackson.JacksonObjectIdUpdater,org.jongo.marshall.jackson.JacksonObjectIdUpdater_ESTest,11,0,False
543,Genesis,Jongo-97431a03,0,f7d66cca5ca044f28d410993de4ede35,org.jongo.marshall.jackson.JacksonObjectIdUpdater,org.jongo.marshall.jackson.JacksonObjectIdUpdater_ESTest,10,0,False
544,Genesis,Jongo-97431a03,0,b99a04fe1bda4e10912dc48ad2bb9f14,org.jongo.marshall.jackson.JacksonObjectIdUpdater,org.jongo.marshall.jackson.JacksonObjectIdUpdater_ESTest,10,0,False
545,Genesis,Jongo-97431a03,0,a963294708024267bc3549d08100fbc8,org.jongo.marshall.jackson.JacksonObjectIdUpdater,org.jongo.marshall.jackson.JacksonObjectIdUpdater_ESTest,10,0,False
546,Genesis,JavaPoet-aee5f128,0,c01781d788974c50bcfaf2dac5727764,com.squareup.javapoet.TypeName,com.squareup.javapoet.TypeName_ESTest,17,0,False
547,Genesis,JavaPoet-aee5f128,0,c03236558bb04ea28b8988782eb221bb,com.squareup.javapoet.TypeName,com.squareup.javapoet.TypeName_ESTest,18,0,False
548,Genesis,JavaPoet-aee5f128,0,308bd6eb206c4d2abf391c5f8c010e3f,com.squareup.javapoet.TypeName,com.squareup.javapoet.TypeName_ESTest,19,0,False
549,Genesis,JavaPoet-aee5f128,0,5646460e94ae4b57a711c8dc3007669f,com.squareup.javapoet.TypeName,com.squareup.javapoet.TypeName_ESTest,19,0,True
550,Genesis,JavaPoet-aee5f128,0,65aa41b802c54879947d4fa5a32ca330,com.squareup.javapoet.TypeName,com.squareup.javapoet.TypeName_ESTest,19,0,False
551,Genesis,JavaPoet-aee5f128,0,d2aa59ca40cb41cea9c851f5fa69e680,com.squareup.javapoet.TypeName,com.squareup.javapoet.TypeName_ESTest,16,0,True
552,Genesis,JavaPoet-aee5f128,0,f014902ba12d40bb8756ed8aaf3102b4,com.squareup.javapoet.TypeName,com.squareup.javapoet.TypeName_ESTest,20,0,True
553,Genesis,JavaPoet-aee5f128,0,e5bc13116d154fc2a7beb21faeddd3cc,com.squareup.javapoet.TypeName,com.squareup.javapoet.TypeName_ESTest,17,0,False
554,Genesis,JavaPoet-aee5f128,0,749c922def9c40a28f9712b225ecc3fa,com.squareup.javapoet.TypeName,com.squareup.javapoet.TypeName_ESTest,19,0,False
555,Genesis,JavaPoet-aee5f128,0,bec4dfff82aa40a58632d6f4197b19b2,com.squareup.javapoet.TypeName,com.squareup.javapoet.TypeName_ESTest,20,0,True
556,Genesis,JavaPoet-aee5f128,0,0797f162bab74b38a57454c3b6429721,com.squareup.javapoet.TypeName,com.squareup.javapoet.TypeName_ESTest,19,0,True
557,Genesis,JavaPoet-aee5f128,0,e9ecd04ad9cd416c9e4c8ff47c867f13,com.squareup.javapoet.TypeName,com.squareup.javapoet.TypeName_ESTest,17,0,False
558,Genesis,JavaPoet-aee5f128,0,8fe40211dcfb4218a0ff9c7478101414,com.squareup.javapoet.TypeName,com.squareup.javapoet.TypeName_ESTest,20,0,False
559,Genesis,JavaPoet-aee5f128,0,e444374515f04e8784878fd1efc5a235,com.squareup.javapoet.TypeName,com.squareup.javapoet.TypeName_ESTest,21,0,True
560,Genesis,JavaPoet-aee5f128,0,81e6cb654b93448d88d5e5065f2be5bb,com.squareup.javapoet.TypeName,com.squareup.javapoet.TypeName_ESTest,20,0,True
561,Genesis,JavaPoet-aee5f128,0,c5a1251d364545c68c3f9c8b57de39aa,com.squareup.javapoet.TypeName,com.squareup.javapoet.TypeName_ESTest,19,0,True
562,Genesis,JavaPoet-aee5f128,0,f2d33e32fc9942b88711163383908dfa,com.squareup.javapoet.TypeName,com.squareup.javapoet.TypeName_ESTest,19,0,True
563,Genesis,JavaPoet-aee5f128,0,6f0d57e5e37748e3b09eacf063c13baa,com.squareup.javapoet.TypeName,com.squareup.javapoet.TypeName_ESTest,18,0,False
564,Genesis,JavaPoet-aee5f128,0,5e881836bc6f4d66b35011cf33960d72,com.squareup.javapoet.TypeName,com.squareup.javapoet.TypeName_ESTest,21,0,True
565,Genesis,JavaPoet-aee5f128,0,77fbf34675304beda9c58ab1d5018d95,com.squareup.javapoet.TypeName,com.squareup.javapoet.TypeName_ESTest,20,0,True
566,Genesis,DataflowJavaSDK-f42c13c8,0,a749f8f3541647038a7ea477f62e8277,com.google.cloud.dataflow.sdk.transforms.join.CoGbkResult,com.google.cloud.dataflow.sdk.transforms.join.CoGbkResult_ESTest,28,0,False
567,Genesis,DataflowJavaSDK-f42c13c8,0,39005a3ffdda4b6092348d4d7daa9273,com.google.cloud.dataflow.sdk.transforms.join.CoGbkResult,com.google.cloud.dataflow.sdk.transforms.join.CoGbkResult_ESTest,27,0,False
568,Genesis,DataflowJavaSDK-f42c13c8,0,4f966572cc5748b5b088d4b1fa898f83,com.google.cloud.dataflow.sdk.transforms.join.CoGbkResult,com.google.cloud.dataflow.sdk.transforms.join.CoGbkResult_ESTest,29,0,True
569,Genesis,DataflowJavaSDK-f42c13c8,0,eb9238eada9545428be0005b41a819e6,com.google.cloud.dataflow.sdk.transforms.join.CoGbkResult,com.google.cloud.dataflow.sdk.transforms.join.CoGbkResult_ESTest,30,0,True
570,Genesis,DataflowJavaSDK-f42c13c8,0,8658914a3efa41a184e60388aa9cca3b,com.google.cloud.dataflow.sdk.transforms.join.CoGbkResult,com.google.cloud.dataflow.sdk.transforms.join.CoGbkResult_ESTest,30,0,True
571,Genesis,DataflowJavaSDK-f42c13c8,0,37b3655183394db890aa7eab606d1e5a,com.google.cloud.dataflow.sdk.transforms.join.CoGbkResult,com.google.cloud.dataflow.sdk.transforms.join.CoGbkResult_ESTest,31,0,False
572,Genesis,DataflowJavaSDK-f42c13c8,0,838c70171648415aaaa0e6468cf50132,com.google.cloud.dataflow.sdk.transforms.join.CoGbkResult,com.google.cloud.dataflow.sdk.transforms.join.CoGbkResult_ESTest,31,0,True
573,Genesis,DataflowJavaSDK-f42c13c8,0,d6f99f0306364046a3ccf72f0b67f385,com.google.cloud.dataflow.sdk.transforms.join.CoGbkResult,com.google.cloud.dataflow.sdk.transforms.join.CoGbkResult_ESTest,33,0,False
574,Genesis,DataflowJavaSDK-f42c13c8,0,771bb1be68294d39aaf50a3aeeb660a4,com.google.cloud.dataflow.sdk.transforms.join.CoGbkResult,com.google.cloud.dataflow.sdk.transforms.join.CoGbkResult_ESTest,32,0,True
575,Genesis,DataflowJavaSDK-f42c13c8,0,9656937dd96b458b84c64c42d1ee18d6,com.google.cloud.dataflow.sdk.transforms.join.CoGbkResult,com.google.cloud.dataflow.sdk.transforms.join.CoGbkResult_ESTest,30,0,False
576,Genesis,DataflowJavaSDK-f42c13c8,0,79830055180f44ed92503038bf4f5533,com.google.cloud.dataflow.sdk.transforms.join.CoGbkResult,com.google.cloud.dataflow.sdk.transforms.join.CoGbkResult_ESTest,29,0,False
577,Genesis,DataflowJavaSDK-f42c13c8,0,1a890820fbbc47d281c1d57ff596d56f,com.google.cloud.dataflow.sdk.transforms.join.CoGbkResult,com.google.cloud.dataflow.sdk.transforms.join.CoGbkResult_ESTest,30,0,False
578,Genesis,DataflowJavaSDK-f42c13c8,0,888dab313e5b4ef3b2b823868bba39b3,com.google.cloud.dataflow.sdk.transforms.join.CoGbkResult,com.google.cloud.dataflow.sdk.transforms.join.CoGbkResult_ESTest,26,0,False
579,Genesis,DataflowJavaSDK-f42c13c8,0,ed4f6aff9b414ee888fdd7bf98a348c4,com.google.cloud.dataflow.sdk.transforms.join.CoGbkResult,com.google.cloud.dataflow.sdk.transforms.join.CoGbkResult_ESTest,29,0,False
580,Genesis,DataflowJavaSDK-f42c13c8,0,732adce2e62446b6b3af446a62086038,com.google.cloud.dataflow.sdk.transforms.join.CoGbkResult,com.google.cloud.dataflow.sdk.transforms.join.CoGbkResult_ESTest,32,0,False
581,Genesis,DataflowJavaSDK-f42c13c8,0,09d8378cb91a4ee1b19151cfc17e3943,com.google.cloud.dataflow.sdk.transforms.join.CoGbkResult,com.google.cloud.dataflow.sdk.transforms.join.CoGbkResult_ESTest,33,0,False
582,Genesis,DataflowJavaSDK-f42c13c8,0,45ddee8bdcca4fe39912eed59b0f293f,com.google.cloud.dataflow.sdk.transforms.join.CoGbkResult,com.google.cloud.dataflow.sdk.transforms.join.CoGbkResult_ESTest,31,0,False
583,Genesis,DataflowJavaSDK-f42c13c8,0,2b4f26e3995e4e82a575ab8ba1958f5a,com.google.cloud.dataflow.sdk.transforms.join.CoGbkResult,com.google.cloud.dataflow.sdk.transforms.join.CoGbkResult_ESTest,31,0,True
584,Genesis,DataflowJavaSDK-f42c13c8,0,363b05956130498fb7bb6903be523b45,com.google.cloud.dataflow.sdk.transforms.join.CoGbkResult,com.google.cloud.dataflow.sdk.transforms.join.CoGbkResult_ESTest,28,0,False
585,Genesis,DataflowJavaSDK-f42c13c8,0,17d0d1a825e94871a9c5417ee884d3fc,com.google.cloud.dataflow.sdk.transforms.join.CoGbkResult,com.google.cloud.dataflow.sdk.transforms.join.CoGbkResult_ESTest,29,0,True
586,Genesis,Checkstyle-4f73fffd,0,45b161018e45456da503a5ef371f15ba,com.puppycrawl.tools.checkstyle.checks.blocks.NeedBracesCheck,com.puppycrawl.tools.checkstyle.checks.blocks.NeedBracesCheck_ESTest,19,0,False
587,Genesis,Checkstyle-4f73fffd,0,210cddfbee464d7eae1922825cbad115,com.puppycrawl.tools.checkstyle.checks.blocks.NeedBracesCheck,com.puppycrawl.tools.checkstyle.checks.blocks.NeedBracesCheck_ESTest,19,0,False
588,Genesis,Checkstyle-4f73fffd,0,1d71930a673142f6a090382933e028b5,com.puppycrawl.tools.checkstyle.checks.blocks.NeedBracesCheck,com.puppycrawl.tools.checkstyle.checks.blocks.NeedBracesCheck_ESTest,18,0,False
589,Genesis,Checkstyle-4f73fffd,0,dc36dfbd7ba44cd7b82e567a3ff74d01,com.puppycrawl.tools.checkstyle.checks.blocks.NeedBracesCheck,com.puppycrawl.tools.checkstyle.checks.blocks.NeedBracesCheck_ESTest,18,0,False
590,Genesis,Checkstyle-4f73fffd,0,1a44a08df35d4ecda4e772c123033d5c,com.puppycrawl.tools.checkstyle.checks.blocks.NeedBracesCheck,com.puppycrawl.tools.checkstyle.checks.blocks.NeedBracesCheck_ESTest,17,0,False
591,Genesis,Checkstyle-4f73fffd,0,7923cb3819b94792b21015556e92dbe7,com.puppycrawl.tools.checkstyle.checks.blocks.NeedBracesCheck,com.puppycrawl.tools.checkstyle.checks.blocks.NeedBracesCheck_ESTest,22,0,False
592,Genesis,Checkstyle-4f73fffd,0,ce2cc7099f6b4dc791ef675a5012c5cd,com.puppycrawl.tools.checkstyle.checks.blocks.NeedBracesCheck,com.puppycrawl.tools.checkstyle.checks.blocks.NeedBracesCheck_ESTest,19,0,False
593,Genesis,Checkstyle-4f73fffd,0,7ae16a1b7e044b10a3b78a0721749ecc,com.puppycrawl.tools.checkstyle.checks.blocks.NeedBracesCheck,com.puppycrawl.tools.checkstyle.checks.blocks.NeedBracesCheck_ESTest,21,0,False
594,Genesis,Checkstyle-4f73fffd,0,8d4281f892414a1882a0fc48369b3348,com.puppycrawl.tools.checkstyle.checks.blocks.NeedBracesCheck,com.puppycrawl.tools.checkstyle.checks.blocks.NeedBracesCheck_ESTest,20,0,False
595,Genesis,Checkstyle-4f73fffd,0,05a292ad28de48c5a2e8f32ab69c422e,com.puppycrawl.tools.checkstyle.checks.blocks.NeedBracesCheck,com.puppycrawl.tools.checkstyle.checks.blocks.NeedBracesCheck_ESTest,18,0,False
596,Genesis,Checkstyle-4f73fffd,0,c953259cc49246699c648944dc82a589,com.puppycrawl.tools.checkstyle.checks.blocks.NeedBracesCheck,com.puppycrawl.tools.checkstyle.checks.blocks.NeedBracesCheck_ESTest,16,0,False
597,Genesis,Checkstyle-4f73fffd,0,ff5e8dedd2f44f4c878f27561584a0cf,com.puppycrawl.tools.checkstyle.checks.blocks.NeedBracesCheck,com.puppycrawl.tools.checkstyle.checks.blocks.NeedBracesCheck_ESTest,19,0,False
598,Genesis,Checkstyle-4f73fffd,0,0aef410c5bad4c76b5041e341c60d5f9,com.puppycrawl.tools.checkstyle.checks.blocks.NeedBracesCheck,com.puppycrawl.tools.checkstyle.checks.blocks.NeedBracesCheck_ESTest,19,0,False
599,Genesis,Checkstyle-4f73fffd,0,21fbb181baf04ebb8bcb3f49630d382c,com.puppycrawl.tools.checkstyle.checks.blocks.NeedBracesCheck,com.puppycrawl.tools.checkstyle.checks.blocks.NeedBracesCheck_ESTest,16,0,False
600,Genesis,Checkstyle-4f73fffd,0,49000895e4004f4b814c0b489957e2e2,com.puppycrawl.tools.checkstyle.checks.blocks.NeedBracesCheck,com.puppycrawl.tools.checkstyle.checks.blocks.NeedBracesCheck_ESTest,20,0,False
601,Genesis,Checkstyle-4f73fffd,0,53a61cdc97a84e40809bbd38f2a263a3,com.puppycrawl.tools.checkstyle.checks.blocks.NeedBracesCheck,com.puppycrawl.tools.checkstyle.checks.blocks.NeedBracesCheck_ESTest,17,0,False
602,Genesis,Checkstyle-4f73fffd,0,df029ed947ed45fabee09ebaf91f4960,com.puppycrawl.tools.checkstyle.checks.blocks.NeedBracesCheck,com.puppycrawl.tools.checkstyle.checks.blocks.NeedBracesCheck_ESTest,19,0,False
603,Genesis,Checkstyle-4f73fffd,0,749375486be24028a579a046847bbde9,com.puppycrawl.tools.checkstyle.checks.blocks.NeedBracesCheck,com.puppycrawl.tools.checkstyle.checks.blocks.NeedBracesCheck_ESTest,17,0,False
604,Genesis,Checkstyle-4f73fffd,0,62f39037da1447d181d2ef6876ca01bb,com.puppycrawl.tools.checkstyle.checks.blocks.NeedBracesCheck,com.puppycrawl.tools.checkstyle.checks.blocks.NeedBracesCheck_ESTest,17,0,False
605,Genesis,Checkstyle-4f73fffd,0,12feccc0c8f14d24ac888ac93b4e56cc,com.puppycrawl.tools.checkstyle.checks.blocks.NeedBracesCheck,com.puppycrawl.tools.checkstyle.checks.blocks.NeedBracesCheck_ESTest,16,0,False
606,Genesis,Checkstyle-91e10c29,0,6fc70e868a9346c1bc2a4aac3138b994,com.puppycrawl.tools.checkstyle.checks.SuppressWarningsHolder,com.puppycrawl.tools.checkstyle.checks.SuppressWarningsHolder_ESTest,20,0,False
607,Genesis,Checkstyle-91e10c29,0,c8a707eef032474e966182b7f4fc5e97,com.puppycrawl.tools.checkstyle.checks.SuppressWarningsHolder,com.puppycrawl.tools.checkstyle.checks.SuppressWarningsHolder_ESTest,21,0,False
608,Genesis,Checkstyle-91e10c29,0,d8c329c9df614941a2abf0cc61ae3621,com.puppycrawl.tools.checkstyle.checks.SuppressWarningsHolder,com.puppycrawl.tools.checkstyle.checks.SuppressWarningsHolder_ESTest,19,0,False
609,Genesis,Checkstyle-91e10c29,0,0e41397ee93f421395bacafea4ff5100,com.puppycrawl.tools.checkstyle.checks.SuppressWarningsHolder,com.puppycrawl.tools.checkstyle.checks.SuppressWarningsHolder_ESTest,20,0,False
610,Genesis,Checkstyle-91e10c29,0,674da46100724cdfb584f0020125e7e3,com.puppycrawl.tools.checkstyle.checks.SuppressWarningsHolder,com.puppycrawl.tools.checkstyle.checks.SuppressWarningsHolder_ESTest,23,0,False
611,Genesis,Checkstyle-91e10c29,0,bf4daddfef26408cb6190af1e053caaa,com.puppycrawl.tools.checkstyle.checks.SuppressWarningsHolder,com.puppycrawl.tools.checkstyle.checks.SuppressWarningsHolder_ESTest,18,0,False
612,Genesis,Checkstyle-91e10c29,0,1ec9f47f5668434783c0498caf2d8ec3,com.puppycrawl.tools.checkstyle.checks.SuppressWarningsHolder,com.puppycrawl.tools.checkstyle.checks.SuppressWarningsHolder_ESTest,20,0,False
613,Genesis,Checkstyle-91e10c29,0,8aa718f4442d44bd9a238b746bf6d48f,com.puppycrawl.tools.checkstyle.checks.SuppressWarningsHolder,com.puppycrawl.tools.checkstyle.checks.SuppressWarningsHolder_ESTest,21,0,False
614,Genesis,Checkstyle-91e10c29,0,37e21e2ba018447199a2d02b49ce9740,com.puppycrawl.tools.checkstyle.checks.SuppressWarningsHolder,com.puppycrawl.tools.checkstyle.checks.SuppressWarningsHolder_ESTest,22,0,False
615,Genesis,Checkstyle-91e10c29,0,16997b578f674294b7e8489a18a44f31,com.puppycrawl.tools.checkstyle.checks.SuppressWarningsHolder,com.puppycrawl.tools.checkstyle.checks.SuppressWarningsHolder_ESTest,19,0,False
616,Genesis,Checkstyle-91e10c29,0,3d83690a381748cea5c1c16944d8db77,com.puppycrawl.tools.checkstyle.checks.SuppressWarningsHolder,com.puppycrawl.tools.checkstyle.checks.SuppressWarningsHolder_ESTest,20,0,False
617,Genesis,Checkstyle-91e10c29,0,6cafa214cd7d46529851ef3a7ef019bd,com.puppycrawl.tools.checkstyle.checks.SuppressWarningsHolder,com.puppycrawl.tools.checkstyle.checks.SuppressWarningsHolder_ESTest,19,0,False
618,Genesis,Checkstyle-91e10c29,0,872c349e5034444f8d7e4b8be7a17bae,com.puppycrawl.tools.checkstyle.checks.SuppressWarningsHolder,com.puppycrawl.tools.checkstyle.checks.SuppressWarningsHolder_ESTest,19,0,False
619,Genesis,Checkstyle-91e10c29,0,9ade2752463d4190b323205e2312a6ad,com.puppycrawl.tools.checkstyle.checks.SuppressWarningsHolder,com.puppycrawl.tools.checkstyle.checks.SuppressWarningsHolder_ESTest,23,0,False
620,Genesis,Checkstyle-91e10c29,0,c818e74e19014a5080a14fb637cc8973,com.puppycrawl.tools.checkstyle.checks.SuppressWarningsHolder,com.puppycrawl.tools.checkstyle.checks.SuppressWarningsHolder_ESTest,21,0,False
621,Genesis,Checkstyle-91e10c29,0,6b7ef99ca50f4e2d9d3442033f5f0680,com.puppycrawl.tools.checkstyle.checks.SuppressWarningsHolder,com.puppycrawl.tools.checkstyle.checks.SuppressWarningsHolder_ESTest,20,0,False
622,Genesis,Checkstyle-91e10c29,0,2c6f896bb2514861a0a8d04b94ec71dc,com.puppycrawl.tools.checkstyle.checks.SuppressWarningsHolder,com.puppycrawl.tools.checkstyle.checks.SuppressWarningsHolder_ESTest,21,0,False
623,Genesis,Checkstyle-91e10c29,0,41ac0588bc3e400fa0a9b13b227689c4,com.puppycrawl.tools.checkstyle.checks.SuppressWarningsHolder,com.puppycrawl.tools.checkstyle.checks.SuppressWarningsHolder_ESTest,19,0,False
624,Genesis,Checkstyle-91e10c29,0,b07794ce974e4d40a5d0c5e0a9d92365,com.puppycrawl.tools.checkstyle.checks.SuppressWarningsHolder,com.puppycrawl.tools.checkstyle.checks.SuppressWarningsHolder_ESTest,23,0,False
625,Genesis,Checkstyle-91e10c29,0,28035725283840a98b80d6ae56db66d0,com.puppycrawl.tools.checkstyle.checks.SuppressWarningsHolder,com.puppycrawl.tools.checkstyle.checks.SuppressWarningsHolder_ESTest,19,0,False
626,Genesis,Checkstyle-16493bfb,0,ee86b3e46c774874beedd109192d4c49,com.puppycrawl.tools.checkstyle.checks.coding.ModifiedControlVariableCheck,com.puppycrawl.tools.checkstyle.checks.coding.ModifiedControlVariableCheck_ESTest,21,0,False
627,Genesis,Checkstyle-16493bfb,0,6a966d789d414fadbb3714e18a36a957,com.puppycrawl.tools.checkstyle.checks.coding.ModifiedControlVariableCheck,com.puppycrawl.tools.checkstyle.checks.coding.ModifiedControlVariableCheck_ESTest,16,0,False
628,Genesis,Checkstyle-16493bfb,0,a147e3d9004d4de2a15d6e4c403d97a2,com.puppycrawl.tools.checkstyle.checks.coding.ModifiedControlVariableCheck,com.puppycrawl.tools.checkstyle.checks.coding.ModifiedControlVariableCheck_ESTest,25,0,False
629,Genesis,Checkstyle-16493bfb,0,5b3ced4e20374c689e7fe5a1e0712135,com.puppycrawl.tools.checkstyle.checks.coding.ModifiedControlVariableCheck,com.puppycrawl.tools.checkstyle.checks.coding.ModifiedControlVariableCheck_ESTest,25,0,False
630,Genesis,Checkstyle-16493bfb,0,3ef5f54ade834286895e63556b6cd0d7,com.puppycrawl.tools.checkstyle.checks.coding.ModifiedControlVariableCheck,com.puppycrawl.tools.checkstyle.checks.coding.ModifiedControlVariableCheck_ESTest,21,0,False
631,Genesis,Checkstyle-16493bfb,0,5e07ddaad0fb414dbf71adb38d802375,com.puppycrawl.tools.checkstyle.checks.coding.ModifiedControlVariableCheck,com.puppycrawl.tools.checkstyle.checks.coding.ModifiedControlVariableCheck_ESTest,21,0,False
632,Genesis,Checkstyle-16493bfb,0,82ef2afa10fa4b5d8ebafe07e833b052,com.puppycrawl.tools.checkstyle.checks.coding.ModifiedControlVariableCheck,com.puppycrawl.tools.checkstyle.checks.coding.ModifiedControlVariableCheck_ESTest,19,0,False
633,Genesis,Checkstyle-16493bfb,0,50470a8b4ea6472e82fbfc39d3c58e60,com.puppycrawl.tools.checkstyle.checks.coding.ModifiedControlVariableCheck,com.puppycrawl.tools.checkstyle.checks.coding.ModifiedControlVariableCheck_ESTest,22,0,False
634,Genesis,Checkstyle-16493bfb,0,ad2fc101ea6049f3a27494a7848c58ea,com.puppycrawl.tools.checkstyle.checks.coding.ModifiedControlVariableCheck,com.puppycrawl.tools.checkstyle.checks.coding.ModifiedControlVariableCheck_ESTest,25,0,False
635,Genesis,Checkstyle-16493bfb,0,0d85f379ebf64256b6cb369dd41b9c49,com.puppycrawl.tools.checkstyle.checks.coding.ModifiedControlVariableCheck,com.puppycrawl.tools.checkstyle.checks.coding.ModifiedControlVariableCheck_ESTest,24,0,False
636,Genesis,Checkstyle-16493bfb,0,faef8d45a70345b88e92fd5a61338aed,com.puppycrawl.tools.checkstyle.checks.coding.ModifiedControlVariableCheck,com.puppycrawl.tools.checkstyle.checks.coding.ModifiedControlVariableCheck_ESTest,30,0,False
637,Genesis,Checkstyle-16493bfb,0,246c717c7f3c48ab957b99c72f4640cb,com.puppycrawl.tools.checkstyle.checks.coding.ModifiedControlVariableCheck,com.puppycrawl.tools.checkstyle.checks.coding.ModifiedControlVariableCheck_ESTest,36,0,False
638,Genesis,Checkstyle-16493bfb,0,20aa31582e524552b65c2d580dc50dbb,com.puppycrawl.tools.checkstyle.checks.coding.ModifiedControlVariableCheck,com.puppycrawl.tools.checkstyle.checks.coding.ModifiedControlVariableCheck_ESTest,27,0,False
639,Genesis,Checkstyle-16493bfb,0,9007f10355fe40108eeda72abe96c6a4,com.puppycrawl.tools.checkstyle.checks.coding.ModifiedControlVariableCheck,com.puppycrawl.tools.checkstyle.checks.coding.ModifiedControlVariableCheck_ESTest,22,0,False
640,Genesis,Checkstyle-16493bfb,0,f046d251c6f44f5b93bf327f2191d361,com.puppycrawl.tools.checkstyle.checks.coding.ModifiedControlVariableCheck,com.puppycrawl.tools.checkstyle.checks.coding.ModifiedControlVariableCheck_ESTest,24,0,False
641,Genesis,Checkstyle-16493bfb,0,033e5502f84c4ac3a1c50e9cb86d9058,com.puppycrawl.tools.checkstyle.checks.coding.ModifiedControlVariableCheck,com.puppycrawl.tools.checkstyle.checks.coding.ModifiedControlVariableCheck_ESTest,26,0,False
642,Genesis,Checkstyle-16493bfb,0,3cfcbe3ca22241ec91ba16d2f3d437f7,com.puppycrawl.tools.checkstyle.checks.coding.ModifiedControlVariableCheck,com.puppycrawl.tools.checkstyle.checks.coding.ModifiedControlVariableCheck_ESTest,29,0,False
643,Genesis,Checkstyle-16493bfb,0,1aa44bead1e947b2aa4f6f37a577f885,com.puppycrawl.tools.checkstyle.checks.coding.ModifiedControlVariableCheck,com.puppycrawl.tools.checkstyle.checks.coding.ModifiedControlVariableCheck_ESTest,28,0,False
644,Genesis,Checkstyle-16493bfb,0,14e7c7e47ab44800b8b247c0baca6fea,com.puppycrawl.tools.checkstyle.checks.coding.ModifiedControlVariableCheck,com.puppycrawl.tools.checkstyle.checks.coding.ModifiedControlVariableCheck_ESTest,23,0,False
645,Genesis,Checkstyle-16493bfb,0,fcb9e5a4e45f4f0ba88358cbd0e70b9a,com.puppycrawl.tools.checkstyle.checks.coding.ModifiedControlVariableCheck,com.puppycrawl.tools.checkstyle.checks.coding.ModifiedControlVariableCheck_ESTest,27,0,False
646,Genesis,Checkstyle-be8a60a4,0,ccbfde4a60564d3eb373a0f675bc9163,com.puppycrawl.tools.checkstyle.checks.naming.ParameterNameCheck,com.puppycrawl.tools.checkstyle.checks.naming.ParameterNameCheck_ESTest,8,0,True
647,Genesis,Checkstyle-be8a60a4,0,905f0fa37423432697038760c684128a,com.puppycrawl.tools.checkstyle.checks.naming.ParameterNameCheck,com.puppycrawl.tools.checkstyle.checks.naming.ParameterNameCheck_ESTest,8,0,True
648,Genesis,Checkstyle-be8a60a4,0,02e4ad086ca34862bdb8a277a3f548e8,com.puppycrawl.tools.checkstyle.checks.naming.ParameterNameCheck,com.puppycrawl.tools.checkstyle.checks.naming.ParameterNameCheck_ESTest,7,0,False
649,Genesis,Checkstyle-be8a60a4,0,0bf80d97ef854f1e847f7678a4567a3c,com.puppycrawl.tools.checkstyle.checks.naming.ParameterNameCheck,com.puppycrawl.tools.checkstyle.checks.naming.ParameterNameCheck_ESTest,10,0,False
650,Genesis,Checkstyle-be8a60a4,0,8c0a9fa0c34d48539a71c17484722ae2,com.puppycrawl.tools.checkstyle.checks.naming.ParameterNameCheck,com.puppycrawl.tools.checkstyle.checks.naming.ParameterNameCheck_ESTest,7,0,True
651,Genesis,Checkstyle-be8a60a4,0,b5f0fd95a6874c6fb5f44f0d9c4a2f21,com.puppycrawl.tools.checkstyle.checks.naming.ParameterNameCheck,com.puppycrawl.tools.checkstyle.checks.naming.ParameterNameCheck_ESTest,6,0,True
652,Genesis,Checkstyle-be8a60a4,0,754f72fac8e349e480cffc33750d3405,com.puppycrawl.tools.checkstyle.checks.naming.ParameterNameCheck,com.puppycrawl.tools.checkstyle.checks.naming.ParameterNameCheck_ESTest,7,0,True
653,Genesis,Checkstyle-be8a60a4,0,e56b78f9df284f748aced506acbe5101,com.puppycrawl.tools.checkstyle.checks.naming.ParameterNameCheck,com.puppycrawl.tools.checkstyle.checks.naming.ParameterNameCheck_ESTest,7,0,True
654,Genesis,Checkstyle-be8a60a4,0,ea2e52cad3c74dfb8f2f517640330923,com.puppycrawl.tools.checkstyle.checks.naming.ParameterNameCheck,com.puppycrawl.tools.checkstyle.checks.naming.ParameterNameCheck_ESTest,6,0,False
655,Genesis,Checkstyle-be8a60a4,0,b05c27fa638b43df95dc7b0586e31591,com.puppycrawl.tools.checkstyle.checks.naming.ParameterNameCheck,com.puppycrawl.tools.checkstyle.checks.naming.ParameterNameCheck_ESTest,7,0,False
656,Genesis,Checkstyle-be8a60a4,0,74bba21edd8546a3b5607dd6c08975d6,com.puppycrawl.tools.checkstyle.checks.naming.ParameterNameCheck,com.puppycrawl.tools.checkstyle.checks.naming.ParameterNameCheck_ESTest,7,0,True
657,Genesis,Checkstyle-be8a60a4,0,f918909efe8a49ec986305491a29dcd0,com.puppycrawl.tools.checkstyle.checks.naming.ParameterNameCheck,com.puppycrawl.tools.checkstyle.checks.naming.ParameterNameCheck_ESTest,8,0,False
658,Genesis,Checkstyle-be8a60a4,0,c9fdd138f8fc4433be9eca703e8a244d,com.puppycrawl.tools.checkstyle.checks.naming.ParameterNameCheck,com.puppycrawl.tools.checkstyle.checks.naming.ParameterNameCheck_ESTest,9,0,True
659,Genesis,Checkstyle-be8a60a4,0,41b44c497f2c4c08b37796ba956c6553,com.puppycrawl.tools.checkstyle.checks.naming.ParameterNameCheck,com.puppycrawl.tools.checkstyle.checks.naming.ParameterNameCheck_ESTest,8,0,True
660,Genesis,Checkstyle-be8a60a4,0,340b63fa73a84e0db1df204fe345aa61,com.puppycrawl.tools.checkstyle.checks.naming.ParameterNameCheck,com.puppycrawl.tools.checkstyle.checks.naming.ParameterNameCheck_ESTest,7,0,False
661,Genesis,Checkstyle-be8a60a4,0,5fb6351c0d9c4084b00a758da3db7df3,com.puppycrawl.tools.checkstyle.checks.naming.ParameterNameCheck,com.puppycrawl.tools.checkstyle.checks.naming.ParameterNameCheck_ESTest,8,0,False
662,Genesis,Checkstyle-be8a60a4,0,07c6a5d9d870431e899df800a70b79df,com.puppycrawl.tools.checkstyle.checks.naming.ParameterNameCheck,com.puppycrawl.tools.checkstyle.checks.naming.ParameterNameCheck_ESTest,6,0,True
663,Genesis,Checkstyle-be8a60a4,0,db05efc64aa34a6d9168f0d162afb151,com.puppycrawl.tools.checkstyle.checks.naming.ParameterNameCheck,com.puppycrawl.tools.checkstyle.checks.naming.ParameterNameCheck_ESTest,7,0,True
664,Genesis,Checkstyle-be8a60a4,0,39fe3dc746d244a4a354e26e0f7d7d1f,com.puppycrawl.tools.checkstyle.checks.naming.ParameterNameCheck,com.puppycrawl.tools.checkstyle.checks.naming.ParameterNameCheck_ESTest,8,0,False
665,Genesis,Checkstyle-be8a60a4,0,158a028d626b4cc0923264da08641e4b,com.puppycrawl.tools.checkstyle.checks.naming.ParameterNameCheck,com.puppycrawl.tools.checkstyle.checks.naming.ParameterNameCheck_ESTest,7,0,True
666,Genesis,Javaslang-0dab3ed3,0,8cd89ba75a714855b09b04d360c9510c,javaslang.Tuples,javaslang.Tuples_ESTest,58,0,True
667,Genesis,Javaslang-0dab3ed3,0,2cd3e0c223eb4fa3a891cadc72d6a6ed,javaslang.Tuples,javaslang.Tuples_ESTest,60,0,True
668,Genesis,Javaslang-0dab3ed3,0,f84ed9e817ab4d60bd5b1d2106756baf,javaslang.Tuples,javaslang.Tuples_ESTest,58,0,True
669,Genesis,Javaslang-0dab3ed3,0,0f3710e86dec4a509b37b009579bac38,javaslang.Tuples,javaslang.Tuples_ESTest,62,0,True
670,Genesis,Javaslang-0dab3ed3,0,fab1026a4a344b78a843a7fb07ca4c78,javaslang.Tuples,javaslang.Tuples_ESTest,60,0,True
671,Genesis,Javaslang-0dab3ed3,0,f47135693911423daa8e2cfb289cb658,javaslang.Tuples,javaslang.Tuples_ESTest,57,0,True
672,Genesis,Javaslang-0dab3ed3,0,e1c796c45e5e4885b8055880e00983bd,javaslang.Tuples,javaslang.Tuples_ESTest,60,0,True
673,Genesis,Javaslang-0dab3ed3,0,b6f05c6111754ef48bb2314eb31674e4,javaslang.Tuples,javaslang.Tuples_ESTest,60,0,True
674,Genesis,Javaslang-0dab3ed3,0,139c1fdba54141e9ad1e79f8c69633d5,javaslang.Tuples,javaslang.Tuples_ESTest,58,0,True
675,Genesis,Javaslang-0dab3ed3,0,17bae1571a4440199d46e0e43d290aa4,javaslang.Tuples,javaslang.Tuples_ESTest,61,0,True
676,Genesis,Javaslang-0dab3ed3,0,6f63352b4bc141ee91843d9d5b0bdc3b,javaslang.Tuples,javaslang.Tuples_ESTest,59,0,True
677,Genesis,Javaslang-0dab3ed3,0,203443dbd2de423dafea0fe347545da7,javaslang.Tuples,javaslang.Tuples_ESTest,62,0,True
678,Genesis,Javaslang-0dab3ed3,0,faf19667ba9247fcb10a8e0456ab94c4,javaslang.Tuples,javaslang.Tuples_ESTest,63,0,True
679,Genesis,Javaslang-0dab3ed3,0,0ce376a6a5ad4d64bc2f9d0963c75b2a,javaslang.Tuples,javaslang.Tuples_ESTest,60,0,True
680,Genesis,Javaslang-0dab3ed3,0,04514cb9036b4eec8905343186f96b35,javaslang.Tuples,javaslang.Tuples_ESTest,61,0,True
681,Genesis,Javaslang-0dab3ed3,0,41fceed7f9a94d1988e41329c4cc19b9,javaslang.Tuples,javaslang.Tuples_ESTest,59,0,True
682,Genesis,Javaslang-0dab3ed3,0,88d08b7147c543a9825b8259c7f04f46,javaslang.Tuples,javaslang.Tuples_ESTest,58,0,True
683,Genesis,Javaslang-0dab3ed3,0,64f1e3ff128a4be8bede3c899f85eea7,javaslang.Tuples,javaslang.Tuples_ESTest,61,0,True
684,Genesis,Javaslang-0dab3ed3,0,25703f1de28445a39a9a470c1607814e,javaslang.Tuples,javaslang.Tuples_ESTest,58,0,True
685,Genesis,Javaslang-0dab3ed3,0,09e6a5864d0e416c87ea2cfb19617fba,javaslang.Tuples,javaslang.Tuples_ESTest,58,0,True
686,Genesis,Activiti-31c8ea16,0,00a72c89c17742e395e1e1cf93a07b54,org.activiti.engine.impl.event.AbstractEventHandler,org.activiti.engine.impl.event.AbstractEventHandler_ESTest,2,0,False
687,Genesis,Activiti-31c8ea16,0,d60cc102b9ec4a05a5b18e942b7d12d5,org.activiti.engine.impl.event.AbstractEventHandler,org.activiti.engine.impl.event.AbstractEventHandler_ESTest,1,0,False
688,Genesis,Activiti-31c8ea16,0,fa56df268be841d7b7752f3ec0a3d6c8,org.activiti.engine.impl.event.AbstractEventHandler,org.activiti.engine.impl.event.AbstractEventHandler_ESTest,1,0,False
689,Genesis,Activiti-31c8ea16,0,ec10e8dc94e74463aadfa93596058d79,org.activiti.engine.impl.event.AbstractEventHandler,org.activiti.engine.impl.event.AbstractEventHandler_ESTest,2,0,False
690,Genesis,Activiti-31c8ea16,0,fb51a7b1a6724bdeb1a93b5b54110f4e,org.activiti.engine.impl.event.AbstractEventHandler,org.activiti.engine.impl.event.AbstractEventHandler_ESTest,2,0,False
691,Genesis,Activiti-31c8ea16,0,3b3ba02a025e455cad2c2e2ccda25548,org.activiti.engine.impl.event.AbstractEventHandler,org.activiti.engine.impl.event.AbstractEventHandler_ESTest,3,0,True
692,Genesis,Activiti-31c8ea16,0,ca1a5fbf127b4cd68edca436a246daca,org.activiti.engine.impl.event.AbstractEventHandler,org.activiti.engine.impl.event.AbstractEventHandler_ESTest,1,0,False
693,Genesis,Activiti-31c8ea16,0,8ea9c58071034e1cb39749a1b6a51bb4,org.activiti.engine.impl.event.AbstractEventHandler,org.activiti.engine.impl.event.AbstractEventHandler_ESTest,1,0,False
694,Genesis,Activiti-31c8ea16,0,25fc7ab2cf0b42dbb32bb7b0c4d207c3,org.activiti.engine.impl.event.AbstractEventHandler,org.activiti.engine.impl.event.AbstractEventHandler_ESTest,4,0,True
695,Genesis,Activiti-31c8ea16,0,6eda797df7f740718397e66a07128b2c,org.activiti.engine.impl.event.AbstractEventHandler,org.activiti.engine.impl.event.AbstractEventHandler_ESTest,3,0,False
696,Genesis,Activiti-31c8ea16,0,6e6efbba314a421d804fd1bbbb999665,org.activiti.engine.impl.event.AbstractEventHandler,org.activiti.engine.impl.event.AbstractEventHandler_ESTest,2,0,True
697,Genesis,Activiti-31c8ea16,0,ccc5eea1b55441d7a004dfcce8de6b35,org.activiti.engine.impl.event.AbstractEventHandler,org.activiti.engine.impl.event.AbstractEventHandler_ESTest,3,0,False
698,Genesis,Activiti-31c8ea16,0,dc87934cbf414076a5c266379115e466,org.activiti.engine.impl.event.AbstractEventHandler,org.activiti.engine.impl.event.AbstractEventHandler_ESTest,2,0,True
699,Genesis,Activiti-31c8ea16,0,cbdb6f0594544c7b8fe2df566fa39d73,org.activiti.engine.impl.event.AbstractEventHandler,org.activiti.engine.impl.event.AbstractEventHandler_ESTest,1,0,False
700,Genesis,Activiti-31c8ea16,0,0bed12bb70fb45968f2d4143a40ad7ea,org.activiti.engine.impl.event.AbstractEventHandler,org.activiti.engine.impl.event.AbstractEventHandler_ESTest,1,0,False
701,Genesis,Activiti-31c8ea16,0,40cccd32640e48ca94b96f515785dd0c,org.activiti.engine.impl.event.AbstractEventHandler,org.activiti.engine.impl.event.AbstractEventHandler_ESTest,2,0,False
702,Genesis,Activiti-31c8ea16,0,a4f6ebd6314e41dc855872a19e89cfe1,org.activiti.engine.impl.event.AbstractEventHandler,org.activiti.engine.impl.event.AbstractEventHandler_ESTest,1,0,False
703,Genesis,Activiti-31c8ea16,0,6825450c698344f4ab8326f0f946a985,org.activiti.engine.impl.event.AbstractEventHandler,org.activiti.engine.impl.event.AbstractEventHandler_ESTest,2,0,True
704,Genesis,Activiti-31c8ea16,0,12f52bbb1a304e3d911379415e9be4ec,org.activiti.engine.impl.event.AbstractEventHandler,org.activiti.engine.impl.event.AbstractEventHandler_ESTest,1,0,False
705,Defects4J,Csv-9,0,f52e3c7d4c754cdd8d36c8b87804b387,org.apache.commons.csv.CSVRecord,org.apache.commons.csv.CSVRecord_ESTest,37,0,False
706,Defects4J,Csv-9,0,556d6669a2044bc4a4474ec7efdc2cd4,org.apache.commons.csv.CSVRecord,org.apache.commons.csv.CSVRecord_ESTest,38,0,False
707,Defects4J,Csv-9,0,405f0e87a4c44dc9b89f84025aec4bf2,org.apache.commons.csv.CSVRecord,org.apache.commons.csv.CSVRecord_ESTest,37,0,False
708,Defects4J,Csv-9,0,1f0630c05a0e43a897c0482fa780661d,org.apache.commons.csv.CSVRecord,org.apache.commons.csv.CSVRecord_ESTest,37,0,False
709,Defects4J,Csv-9,0,0634b0dec60e43debf73e6e8d1c14fdf,org.apache.commons.csv.CSVRecord,org.apache.commons.csv.CSVRecord_ESTest,40,0,True
710,Defects4J,Csv-9,0,fa1f79ee22f64941845b5b8820756c9c,org.apache.commons.csv.CSVRecord,org.apache.commons.csv.CSVRecord_ESTest,40,0,True
711,Defects4J,Csv-9,0,57fc8085fd664e03b5f564a6dd22ac81,org.apache.commons.csv.CSVRecord,org.apache.commons.csv.CSVRecord_ESTest,36,0,False
712,Defects4J,Csv-9,0,b53248e5c57a4ec3a03439b3c46d1c20,org.apache.commons.csv.CSVRecord,org.apache.commons.csv.CSVRecord_ESTest,38,0,False
713,Defects4J,Csv-9,0,cf59fda309be45dd9e090d6561fe3295,org.apache.commons.csv.CSVRecord,org.apache.commons.csv.CSVRecord_ESTest,38,0,True
714,Defects4J,Csv-9,0,946f2b301b994d599e56c8bc2ce42ea5,org.apache.commons.csv.CSVRecord,org.apache.commons.csv.CSVRecord_ESTest,38,0,False
715,Defects4J,Csv-9,0,902640286b9b4c97b1d1483ee4b6366f,org.apache.commons.csv.CSVRecord,org.apache.commons.csv.CSVRecord_ESTest,38,0,False
716,Defects4J,Csv-9,0,07f501a57efc4c6a81f3fde4c2b952e5,org.apache.commons.csv.CSVRecord,org.apache.commons.csv.CSVRecord_ESTest,37,0,False
717,Defects4J,Csv-9,0,5fd19492d80141b9bd8f4695d89a834f,org.apache.commons.csv.CSVRecord,org.apache.commons.csv.CSVRecord_ESTest,38,0,False
718,Defects4J,Csv-9,0,143581eef1da44d1b2bc77a0ea78f6dc,org.apache.commons.csv.CSVRecord,org.apache.commons.csv.CSVRecord_ESTest,38,0,True
719,Defects4J,Csv-9,0,2f6552871c5d46afa3271e39779e5f49,org.apache.commons.csv.CSVRecord,org.apache.commons.csv.CSVRecord_ESTest,38,0,False
720,Defects4J,Csv-9,0,31fb8fcc92c2476ea583ef1222074117,org.apache.commons.csv.CSVRecord,org.apache.commons.csv.CSVRecord_ESTest,40,0,False
721,Defects4J,Csv-9,0,ca43dd68a8074773aa85a27b887dda0d,org.apache.commons.csv.CSVRecord,org.apache.commons.csv.CSVRecord_ESTest,39,0,False
722,Defects4J,Csv-9,0,da76fee2f6c248e28651cd5580d6847c,org.apache.commons.csv.CSVRecord,org.apache.commons.csv.CSVRecord_ESTest,36,0,False
723,Defects4J,Csv-9,0,e591092687a241aab505ec171736e849,org.apache.commons.csv.CSVRecord,org.apache.commons.csv.CSVRecord_ESTest,39,0,False
724,Defects4J,Csv-9,0,6ec6c3e10705401c92ed3e491c1b6bac,org.apache.commons.csv.CSVRecord,org.apache.commons.csv.CSVRecord_ESTest,36,0,False
725,Defects4J,Math-70,0,a27e0207ede94ad5aeab68fd4fa8b19c,org.apache.commons.math.analysis.solvers.BisectionSolver,org.apache.commons.math.analysis.solvers.BisectionSolver_ESTest,18,0,True
726,Defects4J,Math-70,0,bb24761278bb46e18fee1b0535bf8d6f,org.apache.commons.math.analysis.solvers.BisectionSolver,org.apache.commons.math.analysis.solvers.BisectionSolver_ESTest,16,0,True
727,Defects4J,Math-70,0,d4e4a805a7d84ab28ba313ce466cc21b,org.apache.commons.math.analysis.solvers.BisectionSolver,org.apache.commons.math.analysis.solvers.BisectionSolver_ESTest,17,0,True
728,Defects4J,Math-70,0,c814fe8c6e4346478477bc19c2009734,org.apache.commons.math.analysis.solvers.BisectionSolver,org.apache.commons.math.analysis.solvers.BisectionSolver_ESTest,14,0,False
729,Defects4J,Math-70,0,837524d6905840f4964ea5dd828494dc,org.apache.commons.math.analysis.solvers.BisectionSolver,org.apache.commons.math.analysis.solvers.BisectionSolver_ESTest,19,0,True
730,Defects4J,Math-70,0,de2487d602e34fd6b8ca98e0f444dd6c,org.apache.commons.math.analysis.solvers.BisectionSolver,org.apache.commons.math.analysis.solvers.BisectionSolver_ESTest,14,0,False
731,Defects4J,Math-70,0,ff5e931b2f1d458bb3b317a39dccecfb,org.apache.commons.math.analysis.solvers.BisectionSolver,org.apache.commons.math.analysis.solvers.BisectionSolver_ESTest,18,0,True
732,Defects4J,Math-70,0,0be94d99fa0f486b876dbecc705d8c62,org.apache.commons.math.analysis.solvers.BisectionSolver,org.apache.commons.math.analysis.solvers.BisectionSolver_ESTest,17,0,True
733,Defects4J,Math-70,0,68318f64a0f842d3acacdfc8103ff25e,org.apache.commons.math.analysis.solvers.BisectionSolver,org.apache.commons.math.analysis.solvers.BisectionSolver_ESTest,16,0,True
734,Defects4J,Math-70,0,abeb63f4405b44b9b994362a9e0e21da,org.apache.commons.math.analysis.solvers.BisectionSolver,org.apache.commons.math.analysis.solvers.BisectionSolver_ESTest,17,0,True
735,Defects4J,Math-70,0,0f6ba468623a4d7d8d2d7985049ddf3c,org.apache.commons.math.analysis.solvers.BisectionSolver,org.apache.commons.math.analysis.solvers.BisectionSolver_ESTest,15,0,True
736,Defects4J,Math-70,0,d94c7d22c4b1420c8ef4945aadae47a5,org.apache.commons.math.analysis.solvers.BisectionSolver,org.apache.commons.math.analysis.solvers.BisectionSolver_ESTest,17,0,True
737,Defects4J,Math-70,0,db0abe4c77164e22b30e7e46f8b6e0ac,org.apache.commons.math.analysis.solvers.BisectionSolver,org.apache.commons.math.analysis.solvers.BisectionSolver_ESTest,16,0,True
738,Defects4J,Math-70,0,5aabc5203bd84b0a889158ab632450fa,org.apache.commons.math.analysis.solvers.BisectionSolver,org.apache.commons.math.analysis.solvers.BisectionSolver_ESTest,19,0,True
739,Defects4J,Math-70,0,203bf049bdc545ae814241e42d452bdd,org.apache.commons.math.analysis.solvers.BisectionSolver,org.apache.commons.math.analysis.solvers.BisectionSolver_ESTest,17,0,True
740,Defects4J,Math-70,0,5939266779024e6b81ea53f6b2f4c117,org.apache.commons.math.analysis.solvers.BisectionSolver,org.apache.commons.math.analysis.solvers.BisectionSolver_ESTest,16,0,True
741,Defects4J,Math-70,0,1a9faee470cf4e7e88095dfb11438808,org.apache.commons.math.analysis.solvers.BisectionSolver,org.apache.commons.math.analysis.solvers.BisectionSolver_ESTest,17,0,True
742,Defects4J,Math-70,0,0ebebd06917843d8a31430673a8910ae,org.apache.commons.math.analysis.solvers.BisectionSolver,org.apache.commons.math.analysis.solvers.BisectionSolver_ESTest,19,0,True
743,Defects4J,Math-70,0,15995239c32c4de98f13857f1590d43e,org.apache.commons.math.analysis.solvers.BisectionSolver,org.apache.commons.math.analysis.solvers.BisectionSolver_ESTest,18,0,True
744,Defects4J,Math-70,0,80e160b50f784847adbd782712627b1b,org.apache.commons.math.analysis.solvers.BisectionSolver,org.apache.commons.math.analysis.solvers.BisectionSolver_ESTest,16,0,True
745,Defects4J,Math-79,0,a23e8d85f263494f83253a7826ce5f42,org.apache.commons.math.stat.clustering.KMeansPlusPlusClusterer,org.apache.commons.math.stat.clustering.KMeansPlusPlusClusterer_ESTest,8,0,False
746,Defects4J,Math-79,0,dc447dfcd0924c50b8bb04ffa40581ad,org.apache.commons.math.stat.clustering.KMeansPlusPlusClusterer,org.apache.commons.math.stat.clustering.KMeansPlusPlusClusterer_ESTest,8,0,True
747,Defects4J,Math-79,0,cfdc911fd1b646218dd891154bb642ee,org.apache.commons.math.stat.clustering.KMeansPlusPlusClusterer,org.apache.commons.math.stat.clustering.KMeansPlusPlusClusterer_ESTest,9,0,True
748,Defects4J,Math-79,0,e55e4dbd565f4a1d98a2d1d1a4998f88,org.apache.commons.math.stat.clustering.KMeansPlusPlusClusterer,org.apache.commons.math.stat.clustering.KMeansPlusPlusClusterer_ESTest,9,0,True
749,Defects4J,Math-79,0,3f0f9bdfcd8147588c3b505dc06e4de1,org.apache.commons.math.stat.clustering.KMeansPlusPlusClusterer,org.apache.commons.math.stat.clustering.KMeansPlusPlusClusterer_ESTest,7,0,True
750,Defects4J,Math-79,0,446fc3554672463794ae486f32b3129c,org.apache.commons.math.stat.clustering.KMeansPlusPlusClusterer,org.apache.commons.math.stat.clustering.KMeansPlusPlusClusterer_ESTest,7,0,True
751,Defects4J,Math-79,0,746acacfa21342a4bbeaaeda69e3b1c1,org.apache.commons.math.stat.clustering.KMeansPlusPlusClusterer,org.apache.commons.math.stat.clustering.KMeansPlusPlusClusterer_ESTest,10,0,False
752,Defects4J,Math-79,0,739ec7cf82d14694b7a154f4db34b6b8,org.apache.commons.math.stat.clustering.KMeansPlusPlusClusterer,org.apache.commons.math.stat.clustering.KMeansPlusPlusClusterer_ESTest,8,0,True
753,Defects4J,Math-79,0,01813097cb094ce5ad20507d48f3ce48,org.apache.commons.math.stat.clustering.KMeansPlusPlusClusterer,org.apache.commons.math.stat.clustering.KMeansPlusPlusClusterer_ESTest,8,0,False
754,Defects4J,Math-79,0,5d2d9356ff1f4daca7f0fe0df277ce60,org.apache.commons.math.stat.clustering.KMeansPlusPlusClusterer,org.apache.commons.math.stat.clustering.KMeansPlusPlusClusterer_ESTest,9,0,True
755,Defects4J,Math-79,0,445da149b8fe494584360bd9cf35ebba,org.apache.commons.math.stat.clustering.KMeansPlusPlusClusterer,org.apache.commons.math.stat.clustering.KMeansPlusPlusClusterer_ESTest,10,0,False
756,Defects4J,Math-79,0,b6b86e7ca64b4c9496c10982d9b5f599,org.apache.commons.math.stat.clustering.KMeansPlusPlusClusterer,org.apache.commons.math.stat.clustering.KMeansPlusPlusClusterer_ESTest,7,0,True
757,Defects4J,Math-79,0,97be8771ee34411f8918db9e76deff6d,org.apache.commons.math.stat.clustering.KMeansPlusPlusClusterer,org.apache.commons.math.stat.clustering.KMeansPlusPlusClusterer_ESTest,8,0,False
758,Defects4J,Math-79,0,c4ce6df87c8e4cb8bf07e06855837272,org.apache.commons.math.stat.clustering.KMeansPlusPlusClusterer,org.apache.commons.math.stat.clustering.KMeansPlusPlusClusterer_ESTest,8,0,True
759,Defects4J,Math-79,0,e6df40579d7f4e2794941ab1ba4d4535,org.apache.commons.math.stat.clustering.KMeansPlusPlusClusterer,org.apache.commons.math.stat.clustering.KMeansPlusPlusClusterer_ESTest,7,0,False
760,Defects4J,Math-79,0,128c03a8841f4333b9782f63b89892a7,org.apache.commons.math.stat.clustering.KMeansPlusPlusClusterer,org.apache.commons.math.stat.clustering.KMeansPlusPlusClusterer_ESTest,8,0,False
761,Defects4J,Math-79,0,cbe1f81c4a8441cebc6cc6815f056010,org.apache.commons.math.stat.clustering.KMeansPlusPlusClusterer,org.apache.commons.math.stat.clustering.KMeansPlusPlusClusterer_ESTest,8,0,False
762,Defects4J,Math-79,0,de74b7f50e1b4734befe72252c4b8f50,org.apache.commons.math.stat.clustering.KMeansPlusPlusClusterer,org.apache.commons.math.stat.clustering.KMeansPlusPlusClusterer_ESTest,9,0,True
763,Defects4J,Math-79,0,db106fb6003847dd9cc3e8325aebc68f,org.apache.commons.math.stat.clustering.KMeansPlusPlusClusterer,org.apache.commons.math.stat.clustering.KMeansPlusPlusClusterer_ESTest,9,0,False
764,Defects4J,Math-79,0,9176aa499d3b4733b45345182d9fa096,org.apache.commons.math.stat.clustering.KMeansPlusPlusClusterer,org.apache.commons.math.stat.clustering.KMeansPlusPlusClusterer_ESTest,8,0,True
765,Defects4J,Csv-11,0,f0d104a3d0e04f39815f446d5ad3609c,org.apache.commons.csv.CSVParser,org.apache.commons.csv.CSVParser_ESTest,21,0,False
766,Defects4J,Csv-11,0,720f8e0aa16942f195ec5c9d5733826a,org.apache.commons.csv.CSVParser,org.apache.commons.csv.CSVParser_ESTest,25,0,True
767,Defects4J,Csv-11,0,b3d1809d9cfc4561b77ef9b7eb8755db,org.apache.commons.csv.CSVParser,org.apache.commons.csv.CSVParser_ESTest,29,0,False
768,Defects4J,Csv-11,0,5eeda3828d3f466e8ba8f9d6dcfcbf41,org.apache.commons.csv.CSVParser,org.apache.commons.csv.CSVParser_ESTest,27,0,True
769,Defects4J,Csv-11,0,5986d30597614c1192377b17e9e2d693,org.apache.commons.csv.CSVParser,org.apache.commons.csv.CSVParser_ESTest,24,0,True
770,Defects4J,Csv-11,0,0fbbca0738b240499f85065eeb36aca9,org.apache.commons.csv.CSVParser,org.apache.commons.csv.CSVParser_ESTest,21,0,False
771,Defects4J,Csv-11,0,edcbdf4d6f4144c4b59b92b4e94301ab,org.apache.commons.csv.CSVParser,org.apache.commons.csv.CSVParser_ESTest,21,0,False
772,Defects4J,Csv-11,0,437a055867444268b6130dfddb8700c2,org.apache.commons.csv.CSVParser,org.apache.commons.csv.CSVParser_ESTest,29,0,True
773,Defects4J,Csv-11,0,bb0358598b5b41f2a4c44977b6f84bb2,org.apache.commons.csv.CSVParser,org.apache.commons.csv.CSVParser_ESTest,24,0,True
774,Defects4J,Csv-11,0,3cc70b5c580345b8b2d9d451a34d977c,org.apache.commons.csv.CSVParser,org.apache.commons.csv.CSVParser_ESTest,23,0,True
775,Defects4J,Csv-11,0,6e001bf56cae4a8490901e766d64ec8e,org.apache.commons.csv.CSVParser,org.apache.commons.csv.CSVParser_ESTest,25,0,False
776,Defects4J,Csv-11,0,a6bc7cef92a945e29e77ec704a44179e,org.apache.commons.csv.CSVParser,org.apache.commons.csv.CSVParser_ESTest,25,0,False
777,Defects4J,Csv-11,0,ed9f1606f5c84d688735450b5207486f,org.apache.commons.csv.CSVParser,org.apache.commons.csv.CSVParser_ESTest,23,0,True
778,Defects4J,Csv-11,0,57d8a44df8d94476a8a824679e3aa386,org.apache.commons.csv.CSVParser,org.apache.commons.csv.CSVParser_ESTest,25,0,False
779,Defects4J,Csv-11,0,10df57e0446d45e4b5e0eca26a76e020,org.apache.commons.csv.CSVParser,org.apache.commons.csv.CSVParser_ESTest,25,0,False
780,Defects4J,Cli-30,0,6ae719d55ac94f479e20d2f80fc6537d,org.apache.commons.cli.Parser,org.apache.commons.cli.Parser_ESTest,31,0,True
781,Defects4J,Cli-30,0,6ae719d55ac94f479e20d2f80fc6537d,org.apache.commons.cli.DefaultParser,org.apache.commons.cli.DefaultParser_ESTest,32,0,False
782,Defects4J,Cli-30,0,945ae3b71b9b4d068f944578e72de55c,org.apache.commons.cli.Parser,org.apache.commons.cli.Parser_ESTest,29,0,True
783,Defects4J,Cli-30,0,945ae3b71b9b4d068f944578e72de55c,org.apache.commons.cli.DefaultParser,org.apache.commons.cli.DefaultParser_ESTest,34,0,False
784,Defects4J,Cli-30,0,c7ea1b4039054b67a5884c706631de7b,org.apache.commons.cli.Parser,org.apache.commons.cli.Parser_ESTest,29,0,True
785,Defects4J,Cli-30,0,c7ea1b4039054b67a5884c706631de7b,org.apache.commons.cli.DefaultParser,org.apache.commons.cli.DefaultParser_ESTest,25,0,False
786,Defects4J,Cli-30,0,22d1e5d2766d4d48827700c8e6891c8d,org.apache.commons.cli.Parser,org.apache.commons.cli.Parser_ESTest,34,0,True
787,Defects4J,Cli-30,0,22d1e5d2766d4d48827700c8e6891c8d,org.apache.commons.cli.DefaultParser,org.apache.commons.cli.DefaultParser_ESTest,32,0,False
788,Defects4J,Cli-30,0,8a6a7967764944aaaae60e79d58aa416,org.apache.commons.cli.Parser,org.apache.commons.cli.Parser_ESTest,33,0,True
789,Defects4J,Cli-30,0,8a6a7967764944aaaae60e79d58aa416,org.apache.commons.cli.DefaultParser,org.apache.commons.cli.DefaultParser_ESTest,30,0,False
790,Defects4J,Cli-30,0,73dc77d54172432284904a1eae099d91,org.apache.commons.cli.Parser,org.apache.commons.cli.Parser_ESTest,29,0,True
791,Defects4J,Cli-30,0,73dc77d54172432284904a1eae099d91,org.apache.commons.cli.DefaultParser,org.apache.commons.cli.DefaultParser_ESTest,33,0,False
792,Defects4J,Cli-30,0,d7ddae33032a49f3923b61cac4593e82,org.apache.commons.cli.Parser,org.apache.commons.cli.Parser_ESTest,31,0,True
793,Defects4J,Cli-30,0,d7ddae33032a49f3923b61cac4593e82,org.apache.commons.cli.DefaultParser,org.apache.commons.cli.DefaultParser_ESTest,30,0,False
794,Defects4J,Cli-30,0,f04a1ccdc8de42188e6ee6b9a1fd1365,org.apache.commons.cli.Parser,org.apache.commons.cli.Parser_ESTest,31,0,True
795,Defects4J,Cli-30,0,f04a1ccdc8de42188e6ee6b9a1fd1365,org.apache.commons.cli.DefaultParser,org.apache.commons.cli.DefaultParser_ESTest,27,0,False
796,Defects4J,Cli-30,0,2c87b1383fcb489abc2ab69e9db63269,org.apache.commons.cli.Parser,org.apache.commons.cli.Parser_ESTest,33,0,True
797,Defects4J,Cli-30,0,2c87b1383fcb489abc2ab69e9db63269,org.apache.commons.cli.DefaultParser,org.apache.commons.cli.DefaultParser_ESTest,30,0,False
798,Defects4J,Cli-30,0,4057e40544674efe9d06665693c52710,org.apache.commons.cli.Parser,org.apache.commons.cli.Parser_ESTest,27,0,True
799,Defects4J,Cli-30,0,4057e40544674efe9d06665693c52710,org.apache.commons.cli.DefaultParser,org.apache.commons.cli.DefaultParser_ESTest,31,0,False
800,Defects4J,Cli-30,0,edaf1ef3713f49c591a77acdb0f84d1e,org.apache.commons.cli.Parser,org.apache.commons.cli.Parser_ESTest,30,0,True
801,Defects4J,Cli-30,0,edaf1ef3713f49c591a77acdb0f84d1e,org.apache.commons.cli.DefaultParser,org.apache.commons.cli.DefaultParser_ESTest,30,0,False
802,Defects4J,Cli-30,0,81fee9a487cd4b938e39728bcfdcb377,org.apache.commons.cli.Parser,org.apache.commons.cli.Parser_ESTest,30,0,True
803,Defects4J,Cli-30,0,81fee9a487cd4b938e39728bcfdcb377,org.apache.commons.cli.DefaultParser,org.apache.commons.cli.DefaultParser_ESTest,24,0,False
804,Defects4J,Cli-30,0,715dbb522efb434e93606da90afab4c0,org.apache.commons.cli.Parser,org.apache.commons.cli.Parser_ESTest,27,0,True
805,Defects4J,Cli-30,0,715dbb522efb434e93606da90afab4c0,org.apache.commons.cli.DefaultParser,org.apache.commons.cli.DefaultParser_ESTest,27,0,False
806,Defects4J,Cli-30,0,fb276d30742644abb808ac7ad6f77806,org.apache.commons.cli.Parser,org.apache.commons.cli.Parser_ESTest,29,0,True
807,Defects4J,Cli-30,0,fb276d30742644abb808ac7ad6f77806,org.apache.commons.cli.DefaultParser,org.apache.commons.cli.DefaultParser_ESTest,28,0,False
808,Defects4J,Cli-30,0,aef93070d3544c08ac6c54b873cf9301,org.apache.commons.cli.Parser,org.apache.commons.cli.Parser_ESTest,30,0,True
809,Defects4J,Cli-30,0,aef93070d3544c08ac6c54b873cf9301,org.apache.commons.cli.DefaultParser,org.apache.commons.cli.DefaultParser_ESTest,33,0,False
810,Defects4J,Cli-30,0,441e062fc0694bc8b9f71c2234d678cf,org.apache.commons.cli.Parser,org.apache.commons.cli.Parser_ESTest,31,0,True
811,Defects4J,Cli-30,0,441e062fc0694bc8b9f71c2234d678cf,org.apache.commons.cli.DefaultParser,org.apache.commons.cli.DefaultParser_ESTest,28,0,False
812,Defects4J,Cli-30,0,a8d56e32f3554d7f9fd541c58afd2598,org.apache.commons.cli.Parser,org.apache.commons.cli.Parser_ESTest,33,0,True
813,Defects4J,Cli-30,0,a8d56e32f3554d7f9fd541c58afd2598,org.apache.commons.cli.DefaultParser,org.apache.commons.cli.DefaultParser_ESTest,29,0,False
814,Defects4J,Cli-30,0,87d64cc971944a9490dd42254a801821,org.apache.commons.cli.Parser,org.apache.commons.cli.Parser_ESTest,30,0,True
815,Defects4J,Cli-30,0,87d64cc971944a9490dd42254a801821,org.apache.commons.cli.DefaultParser,org.apache.commons.cli.DefaultParser_ESTest,30,0,False
816,Defects4J,Cli-30,0,5506c33a852341e88b10ed41115ed230,org.apache.commons.cli.Parser,org.apache.commons.cli.Parser_ESTest,32,0,True
817,Defects4J,Cli-30,0,5506c33a852341e88b10ed41115ed230,org.apache.commons.cli.DefaultParser,org.apache.commons.cli.DefaultParser_ESTest,34,0,False
818,Defects4J,Cli-30,0,195698570c914810a9cf278bb9f1141f,org.apache.commons.cli.Parser,org.apache.commons.cli.Parser_ESTest,32,0,True
819,Defects4J,Cli-30,0,195698570c914810a9cf278bb9f1141f,org.apache.commons.cli.DefaultParser,org.apache.commons.cli.DefaultParser_ESTest,27,0,False
820,Defects4J,Cli-30,1,6ae719d55ac94f479e20d2f80fc6537d,org.apache.commons.cli.Parser,org.apache.commons.cli.Parser_ESTest,31,0,False
821,Defects4J,Cli-30,1,6ae719d55ac94f479e20d2f80fc6537d,org.apache.commons.cli.DefaultParser,org.apache.commons.cli.DefaultParser_ESTest,32,0,True
822,Defects4J,Cli-30,1,945ae3b71b9b4d068f944578e72de55c,org.apache.commons.cli.Parser,org.apache.commons.cli.Parser_ESTest,29,0,False
823,Defects4J,Cli-30,1,945ae3b71b9b4d068f944578e72de55c,org.apache.commons.cli.DefaultParser,org.apache.commons.cli.DefaultParser_ESTest,34,0,True
824,Defects4J,Cli-30,1,c7ea1b4039054b67a5884c706631de7b,org.apache.commons.cli.Parser,org.apache.commons.cli.Parser_ESTest,29,0,False
825,Defects4J,Cli-30,1,c7ea1b4039054b67a5884c706631de7b,org.apache.commons.cli.DefaultParser,org.apache.commons.cli.DefaultParser_ESTest,25,0,True
826,Defects4J,Cli-30,1,22d1e5d2766d4d48827700c8e6891c8d,org.apache.commons.cli.Parser,org.apache.commons.cli.Parser_ESTest,34,0,False
827,Defects4J,Cli-30,1,22d1e5d2766d4d48827700c8e6891c8d,org.apache.commons.cli.DefaultParser,org.apache.commons.cli.DefaultParser_ESTest,32,0,True
828,Defects4J,Cli-30,1,8a6a7967764944aaaae60e79d58aa416,org.apache.commons.cli.Parser,org.apache.commons.cli.Parser_ESTest,33,0,False
829,Defects4J,Cli-30,1,8a6a7967764944aaaae60e79d58aa416,org.apache.commons.cli.DefaultParser,org.apache.commons.cli.DefaultParser_ESTest,30,0,True
830,Defects4J,Cli-30,1,73dc77d54172432284904a1eae099d91,org.apache.commons.cli.Parser,org.apache.commons.cli.Parser_ESTest,29,0,False
831,Defects4J,Cli-30,1,73dc77d54172432284904a1eae099d91,org.apache.commons.cli.DefaultParser,org.apache.commons.cli.DefaultParser_ESTest,33,0,True
832,Defects4J,Cli-30,1,d7ddae33032a49f3923b61cac4593e82,org.apache.commons.cli.Parser,org.apache.commons.cli.Parser_ESTest,31,0,False
833,Defects4J,Cli-30,1,d7ddae33032a49f3923b61cac4593e82,org.apache.commons.cli.DefaultParser,org.apache.commons.cli.DefaultParser_ESTest,30,0,True
834,Defects4J,Cli-30,1,f04a1ccdc8de42188e6ee6b9a1fd1365,org.apache.commons.cli.Parser,org.apache.commons.cli.Parser_ESTest,31,0,False
835,Defects4J,Cli-30,1,f04a1ccdc8de42188e6ee6b9a1fd1365,org.apache.commons.cli.DefaultParser,org.apache.commons.cli.DefaultParser_ESTest,27,0,True
836,Defects4J,Cli-30,1,2c87b1383fcb489abc2ab69e9db63269,org.apache.commons.cli.Parser,org.apache.commons.cli.Parser_ESTest,33,0,False
837,Defects4J,Cli-30,1,2c87b1383fcb489abc2ab69e9db63269,org.apache.commons.cli.DefaultParser,org.apache.commons.cli.DefaultParser_ESTest,30,0,True
838,Defects4J,Cli-30,1,4057e40544674efe9d06665693c52710,org.apache.commons.cli.Parser,org.apache.commons.cli.Parser_ESTest,27,0,False
839,Defects4J,Cli-30,1,4057e40544674efe9d06665693c52710,org.apache.commons.cli.DefaultParser,org.apache.commons.cli.DefaultParser_ESTest,31,0,True
840,Defects4J,Cli-30,1,edaf1ef3713f49c591a77acdb0f84d1e,org.apache.commons.cli.Parser,org.apache.commons.cli.Parser_ESTest,30,0,False
841,Defects4J,Cli-30,1,edaf1ef3713f49c591a77acdb0f84d1e,org.apache.commons.cli.DefaultParser,org.apache.commons.cli.DefaultParser_ESTest,30,0,True
842,Defects4J,Cli-30,1,81fee9a487cd4b938e39728bcfdcb377,org.apache.commons.cli.Parser,org.apache.commons.cli.Parser_ESTest,30,0,False
843,Defects4J,Cli-30,1,81fee9a487cd4b938e39728bcfdcb377,org.apache.commons.cli.DefaultParser,org.apache.commons.cli.DefaultParser_ESTest,24,0,True
844,Defects4J,Cli-30,1,715dbb522efb434e93606da90afab4c0,org.apache.commons.cli.Parser,org.apache.commons.cli.Parser_ESTest,27,0,False
845,Defects4J,Cli-30,1,715dbb522efb434e93606da90afab4c0,org.apache.commons.cli.DefaultParser,org.apache.commons.cli.DefaultParser_ESTest,27,0,True
846,Defects4J,Cli-30,1,fb276d30742644abb808ac7ad6f77806,org.apache.commons.cli.Parser,org.apache.commons.cli.Parser_ESTest,29,0,False
847,Defects4J,Cli-30,1,fb276d30742644abb808ac7ad6f77806,org.apache.commons.cli.DefaultParser,org.apache.commons.cli.DefaultParser_ESTest,28,0,True
848,Defects4J,Cli-30,1,aef93070d3544c08ac6c54b873cf9301,org.apache.commons.cli.Parser,org.apache.commons.cli.Parser_ESTest,30,0,False
849,Defects4J,Cli-30,1,aef93070d3544c08ac6c54b873cf9301,org.apache.commons.cli.DefaultParser,org.apache.commons.cli.DefaultParser_ESTest,33,0,True
850,Defects4J,Cli-30,1,441e062fc0694bc8b9f71c2234d678cf,org.apache.commons.cli.Parser,org.apache.commons.cli.Parser_ESTest,31,0,False
851,Defects4J,Cli-30,1,441e062fc0694bc8b9f71c2234d678cf,org.apache.commons.cli.DefaultParser,org.apache.commons.cli.DefaultParser_ESTest,28,0,True
852,Defects4J,Cli-30,1,a8d56e32f3554d7f9fd541c58afd2598,org.apache.commons.cli.Parser,org.apache.commons.cli.Parser_ESTest,33,0,False
853,Defects4J,Cli-30,1,a8d56e32f3554d7f9fd541c58afd2598,org.apache.commons.cli.DefaultParser,org.apache.commons.cli.DefaultParser_ESTest,29,0,True
854,Defects4J,Cli-30,1,87d64cc971944a9490dd42254a801821,org.apache.commons.cli.Parser,org.apache.commons.cli.Parser_ESTest,30,0,False
855,Defects4J,Cli-30,1,87d64cc971944a9490dd42254a801821,org.apache.commons.cli.DefaultParser,org.apache.commons.cli.DefaultParser_ESTest,30,0,True
856,Defects4J,Cli-30,1,5506c33a852341e88b10ed41115ed230,org.apache.commons.cli.Parser,org.apache.commons.cli.Parser_ESTest,32,0,False
857,Defects4J,Cli-30,1,5506c33a852341e88b10ed41115ed230,org.apache.commons.cli.DefaultParser,org.apache.commons.cli.DefaultParser_ESTest,34,0,True
858,Defects4J,Cli-30,1,195698570c914810a9cf278bb9f1141f,org.apache.commons.cli.Parser,org.apache.commons.cli.Parser_ESTest,32,0,False
859,Defects4J,Cli-30,1,195698570c914810a9cf278bb9f1141f,org.apache.commons.cli.DefaultParser,org.apache.commons.cli.DefaultParser_ESTest,27,0,True
860,NPEX,PDFBox-55586aad,0,ee3ab111c31d4612b51a0dbdaba70a9b,org.apache.pdfbox.pdmodel.interactive.action.PDActionURI,org.apache.pdfbox.pdmodel.interactive.action.PDActionURI_ESTest,5,0,True
861,NPEX,PDFBox-55586aad,0,ceb540eb99654902a5f1531b76337b64,org.apache.pdfbox.pdmodel.interactive.action.PDActionURI,org.apache.pdfbox.pdmodel.interactive.action.PDActionURI_ESTest,6,0,True
862,NPEX,PDFBox-55586aad,0,fbf6a8e652614b3091b90c347dfbf22f,org.apache.pdfbox.pdmodel.interactive.action.PDActionURI,org.apache.pdfbox.pdmodel.interactive.action.PDActionURI_ESTest,6,0,True
863,NPEX,PDFBox-55586aad,0,eacd653584af4692868ecada0cf205d0,org.apache.pdfbox.pdmodel.interactive.action.PDActionURI,org.apache.pdfbox.pdmodel.interactive.action.PDActionURI_ESTest,5,0,True
864,NPEX,PDFBox-55586aad,0,1f6628679cb64ff68b1d78c561b9e5df,org.apache.pdfbox.pdmodel.interactive.action.PDActionURI,org.apache.pdfbox.pdmodel.interactive.action.PDActionURI_ESTest,6,0,True
865,NPEX,PDFBox-55586aad,0,df9f320afc4c4c72afc469b8e46112e9,org.apache.pdfbox.pdmodel.interactive.action.PDActionURI,org.apache.pdfbox.pdmodel.interactive.action.PDActionURI_ESTest,5,0,True
866,NPEX,PDFBox-55586aad,0,654b09ad6cd748fe95bfdc5daa201433,org.apache.pdfbox.pdmodel.interactive.action.PDActionURI,org.apache.pdfbox.pdmodel.interactive.action.PDActionURI_ESTest,5,0,False
867,NPEX,PDFBox-55586aad,0,c7991c20709f472eb2787b9457a5015b,org.apache.pdfbox.pdmodel.interactive.action.PDActionURI,org.apache.pdfbox.pdmodel.interactive.action.PDActionURI_ESTest,5,0,False
868,NPEX,PDFBox-55586aad,0,0fa6aa2c64a24ac58509fb6cd18da8d2,org.apache.pdfbox.pdmodel.interactive.action.PDActionURI,org.apache.pdfbox.pdmodel.interactive.action.PDActionURI_ESTest,6,0,True
869,NPEX,PDFBox-55586aad,0,517c54c2e6344494acb8607d409c054a,org.apache.pdfbox.pdmodel.interactive.action.PDActionURI,org.apache.pdfbox.pdmodel.interactive.action.PDActionURI_ESTest,6,0,True
870,NPEX,PDFBox-55586aad,0,d017003685a4428b885904af5d40609f,org.apache.pdfbox.pdmodel.interactive.action.PDActionURI,org.apache.pdfbox.pdmodel.interactive.action.PDActionURI_ESTest,5,0,True
871,NPEX,PDFBox-55586aad,0,d54dcd1c1c2b4919a7fc8eaf119f8cd7,org.apache.pdfbox.pdmodel.interactive.action.PDActionURI,org.apache.pdfbox.pdmodel.interactive.action.PDActionURI_ESTest,6,0,True
872,NPEX,PDFBox-55586aad,0,447c8881dbec454196d2582348928b9a,org.apache.pdfbox.pdmodel.interactive.action.PDActionURI,org.apache.pdfbox.pdmodel.interactive.action.PDActionURI_ESTest,6,0,True
873,NPEX,PDFBox-55586aad,0,1f95487c747344509eb9e3cbb67826ac,org.apache.pdfbox.pdmodel.interactive.action.PDActionURI,org.apache.pdfbox.pdmodel.interactive.action.PDActionURI_ESTest,6,0,True
874,NPEX,PDFBox-55586aad,0,8650a5ff7a354c52b21a3510b87db4c9,org.apache.pdfbox.pdmodel.interactive.action.PDActionURI,org.apache.pdfbox.pdmodel.interactive.action.PDActionURI_ESTest,5,0,True
875,NPEX,PDFBox-55586aad,0,b118d2727f3f486ea0d1432bc68484f2,org.apache.pdfbox.pdmodel.interactive.action.PDActionURI,org.apache.pdfbox.pdmodel.interactive.action.PDActionURI_ESTest,6,0,True
876,NPEX,PDFBox-55586aad,0,06c87a4c0bd54a7ab10fc26c463ae347,org.apache.pdfbox.pdmodel.interactive.action.PDActionURI,org.apache.pdfbox.pdmodel.interactive.action.PDActionURI_ESTest,5,0,True
877,NPEX,PDFBox-55586aad,0,10c5ee8b7fcb4f769d3fce06e176c588,org.apache.pdfbox.pdmodel.interactive.action.PDActionURI,org.apache.pdfbox.pdmodel.interactive.action.PDActionURI_ESTest,5,0,False
878,NPEX,PDFBox-55586aad,0,759ee0d1e301401899c8ff1fa36b2095,org.apache.pdfbox.pdmodel.interactive.action.PDActionURI,org.apache.pdfbox.pdmodel.interactive.action.PDActionURI_ESTest,5,0,True
879,NPEX,PDFBox-55586aad,0,9298e3e8100b42cfa94f50d9e76189d2,org.apache.pdfbox.pdmodel.interactive.action.PDActionURI,org.apache.pdfbox.pdmodel.interactive.action.PDActionURI_ESTest,6,0,True
880,NPEX,Log4j_2-6a233016,0,77152eff2a3c46508131ee6121ce56dc,org.apache.logging.log4j.core.async.RingBufferLogEvent,org.apache.logging.log4j.core.async.RingBufferLogEvent_ESTest,76,0,True
881,NPEX,Log4j_2-6a233016,0,915aea93bf9f4b20b5649be55c973dc6,org.apache.logging.log4j.core.async.RingBufferLogEvent,org.apache.logging.log4j.core.async.RingBufferLogEvent_ESTest,69,0,True
882,NPEX,Log4j_2-6a233016,0,ef8f07b18deb469fa372f2e04939132e,org.apache.logging.log4j.core.async.RingBufferLogEvent,org.apache.logging.log4j.core.async.RingBufferLogEvent_ESTest,70,0,True
883,NPEX,Log4j_2-6a233016,0,1a7cc5413b0d4c0ab42d827ffda53192,org.apache.logging.log4j.core.async.RingBufferLogEvent,org.apache.logging.log4j.core.async.RingBufferLogEvent_ESTest,76,0,True
884,NPEX,Log4j_2-6a233016,0,3d091e89bd7e45018ca857cc0b9f0288,org.apache.logging.log4j.core.async.RingBufferLogEvent,org.apache.logging.log4j.core.async.RingBufferLogEvent_ESTest,67,0,True
885,NPEX,Log4j_2-6a233016,0,8caad29b9ffb483aba045b2a110aeba9,org.apache.logging.log4j.core.async.RingBufferLogEvent,org.apache.logging.log4j.core.async.RingBufferLogEvent_ESTest,74,0,True
886,NPEX,Log4j_2-6a233016,0,342af58fe27b43998b42bc299e68d418,org.apache.logging.log4j.core.async.RingBufferLogEvent,org.apache.logging.log4j.core.async.RingBufferLogEvent_ESTest,75,0,True
887,NPEX,Log4j_2-6a233016,0,5d19ff2c238b46d09831cdc9aad1d0b7,org.apache.logging.log4j.core.async.RingBufferLogEvent,org.apache.logging.log4j.core.async.RingBufferLogEvent_ESTest,79,0,True
888,NPEX,Log4j_2-6a233016,0,4997af7b614342a88407827d8244016a,org.apache.logging.log4j.core.async.RingBufferLogEvent,org.apache.logging.log4j.core.async.RingBufferLogEvent_ESTest,75,0,True
889,NPEX,Log4j_2-6a233016,0,abbf9a96061a4b319ef7bfa45711c661,org.apache.logging.log4j.core.async.RingBufferLogEvent,org.apache.logging.log4j.core.async.RingBufferLogEvent_ESTest,71,0,True
890,NPEX,Log4j_2-6a233016,0,20ec021a6939472dbb2a7657345a82ce,org.apache.logging.log4j.core.async.RingBufferLogEvent,org.apache.logging.log4j.core.async.RingBufferLogEvent_ESTest,74,0,True
891,NPEX,Log4j_2-6a233016,0,1991082cb0794d07ac2ae3c91939d2b5,org.apache.logging.log4j.core.async.RingBufferLogEvent,org.apache.logging.log4j.core.async.RingBufferLogEvent_ESTest,69,0,True
892,NPEX,Log4j_2-6a233016,0,7ccfe6fc5f4447b2aed6ade78d2672ba,org.apache.logging.log4j.core.async.RingBufferLogEvent,org.apache.logging.log4j.core.async.RingBufferLogEvent_ESTest,72,0,True
893,NPEX,Log4j_2-6a233016,0,240f0c9058b148479e23a84ddc677b82,org.apache.logging.log4j.core.async.RingBufferLogEvent,org.apache.logging.log4j.core.async.RingBufferLogEvent_ESTest,75,0,True
894,NPEX,Log4j_2-6a233016,0,f78e1cf2cfb84e8f9dcfe2a207c5713f,org.apache.logging.log4j.core.async.RingBufferLogEvent,org.apache.logging.log4j.core.async.RingBufferLogEvent_ESTest,80,0,True
895,NPEX,Log4j_2-6a233016,0,b5867df3471940e381611ecb0b15d7bb,org.apache.logging.log4j.core.async.RingBufferLogEvent,org.apache.logging.log4j.core.async.RingBufferLogEvent_ESTest,74,0,True
896,NPEX,Log4j_2-6a233016,0,39e11c700e634cac878aa57a8cc04aec,org.apache.logging.log4j.core.async.RingBufferLogEvent,org.apache.logging.log4j.core.async.RingBufferLogEvent_ESTest,74,0,True
897,NPEX,Log4j_2-6a233016,0,8d5700f0cb904f118950a804b63624a8,org.apache.logging.log4j.core.async.RingBufferLogEvent,org.apache.logging.log4j.core.async.RingBufferLogEvent_ESTest,74,0,True
898,NPEX,Log4j_2-6a233016,0,8a53ae10b10f49d1a9ee32e115bda395,org.apache.logging.log4j.core.async.RingBufferLogEvent,org.apache.logging.log4j.core.async.RingBufferLogEvent_ESTest,75,0,True
899,NPEX,Log4j_2-6a233016,0,2202572cf9454a67baf12348728a64bb,org.apache.logging.log4j.core.async.RingBufferLogEvent,org.apache.logging.log4j.core.async.RingBufferLogEvent_ESTest,68,0,True
900,NPEX,Ninja-16aa9c14,0,15070049a66e49b69f501ea45e91557e,ninja.Route,ninja.Route_ESTest,21,0,True
901,NPEX,Ninja-16aa9c14,0,cf25140380a04907aa1fff2c7bc49c71,ninja.Route,ninja.Route_ESTest,20,0,False
902,NPEX,Ninja-16aa9c14,0,3159a9641cb74184ab29463cd0da04f8,ninja.Route,ninja.Route_ESTest,25,0,True
903,NPEX,Ninja-16aa9c14,0,d22bc0d9fba0422b9e577bc123492eec,ninja.Route,ninja.Route_ESTest,25,0,True
904,NPEX,Ninja-16aa9c14,0,d855d308a8ba433fa848ffdbea628aa0,ninja.Route,ninja.Route_ESTest,20,0,True
905,NPEX,Ninja-16aa9c14,0,6688b6070cd94223bbf9956049de4814,ninja.Route,ninja.Route_ESTest,22,0,True
906,NPEX,Ninja-16aa9c14,0,5bf07428c1374563974742ac8c9c23ad,ninja.Route,ninja.Route_ESTest,25,0,True
907,NPEX,Ninja-16aa9c14,0,3fd37f64bb984e91b880c60eade18326,ninja.Route,ninja.Route_ESTest,23,0,False
908,NPEX,Ninja-16aa9c14,0,0ebb721740964eaeb7168a13454caf22,ninja.Route,ninja.Route_ESTest,23,0,True
909,NPEX,Ninja-16aa9c14,0,9ad107ab47b741378552af23733dfc94,ninja.Route,ninja.Route_ESTest,22,0,True
910,NPEX,Ninja-16aa9c14,0,86c4ac82a9544e2ea9e7338beb088399,ninja.Route,ninja.Route_ESTest,25,0,True
911,NPEX,Ninja-16aa9c14,0,8c339a1ae2284cf0b84338caeafc4ff4,ninja.Route,ninja.Route_ESTest,25,0,True
912,NPEX,Ninja-16aa9c14,0,00e40ad4c50543cda2bdf751599cbda7,ninja.Route,ninja.Route_ESTest,21,0,False
913,NPEX,Ninja-16aa9c14,0,f9f6bef4ae714575b5bb84ceb6cbd16c,ninja.Route,ninja.Route_ESTest,22,0,True
914,NPEX,Ninja-16aa9c14,0,a21a6fee82794789a394c2a4a0fdc15a,ninja.Route,ninja.Route_ESTest,22,0,True
915,NPEX,Ninja-16aa9c14,0,eccac0543f724180b38f3196fcf38f97,ninja.Route,ninja.Route_ESTest,22,0,True
916,NPEX,Ninja-16aa9c14,0,1427464736db441f885e9fa3a52877ff,ninja.Route,ninja.Route_ESTest,19,0,True
917,NPEX,Ninja-16aa9c14,0,384ce160b2d74b35aed4413b0d91aff9,ninja.Route,ninja.Route_ESTest,26,0,True
918,NPEX,Ninja-16aa9c14,0,a95170bf5a90498ebdbc6e2770ffe262,ninja.Route,ninja.Route_ESTest,23,0,False
919,NPEX,Ninja-16aa9c14,0,26c9a69ccbbc4f0e807379f8ae4a7ffc,ninja.Route,ninja.Route_ESTest,23,0,True
920,NPEX,Aries_JPA-97cb979d,0,8cd375043db141f4a3f0eec9ff1c120f,org.apache.aries.jpa.blueprint.impl.AnnotationScanner,org.apache.aries.jpa.blueprint.impl.AnnotationScanner_ESTest,4,0,False
921,NPEX,Aries_JPA-97cb979d,0,6043a33669eb4ed38e822dd2ae88d62b,org.apache.aries.jpa.blueprint.impl.AnnotationScanner,org.apache.aries.jpa.blueprint.impl.AnnotationScanner_ESTest,5,0,False
922,NPEX,Aries_JPA-97cb979d,0,e6d339e9657b403ba220eb8111e6c9ac,org.apache.aries.jpa.blueprint.impl.AnnotationScanner,org.apache.aries.jpa.blueprint.impl.AnnotationScanner_ESTest,4,0,False
923,NPEX,Aries_JPA-97cb979d,0,fe5a7bba513342b3bbaf89ca0800677f,org.apache.aries.jpa.blueprint.impl.AnnotationScanner,org.apache.aries.jpa.blueprint.impl.AnnotationScanner_ESTest,4,0,False
924,NPEX,Aries_JPA-97cb979d,0,525fb291f5d94a76a2e5b3e9fab1d39f,org.apache.aries.jpa.blueprint.impl.AnnotationScanner,org.apache.aries.jpa.blueprint.impl.AnnotationScanner_ESTest,4,0,False
925,NPEX,Aries_JPA-97cb979d,0,248073571fea4b8195e27e4e76de590a,org.apache.aries.jpa.blueprint.impl.AnnotationScanner,org.apache.aries.jpa.blueprint.impl.AnnotationScanner_ESTest,5,0,False
926,NPEX,Aries_JPA-97cb979d,0,4a3754d78cab4b9a9fbe72aef5f48f07,org.apache.aries.jpa.blueprint.impl.AnnotationScanner,org.apache.aries.jpa.blueprint.impl.AnnotationScanner_ESTest,5,0,False
927,NPEX,Aries_JPA-97cb979d,0,7380a6766afa424aabeaa643be5ae0cb,org.apache.aries.jpa.blueprint.impl.AnnotationScanner,org.apache.aries.jpa.blueprint.impl.AnnotationScanner_ESTest,5,0,False
928,NPEX,Aries_JPA-97cb979d,0,5ad9b3f6b2da4711a88860af7db0812a,org.apache.aries.jpa.blueprint.impl.AnnotationScanner,org.apache.aries.jpa.blueprint.impl.AnnotationScanner_ESTest,5,0,False
929,NPEX,Aries_JPA-97cb979d,0,1bf5183cbc234648abf55305758b100c,org.apache.aries.jpa.blueprint.impl.AnnotationScanner,org.apache.aries.jpa.blueprint.impl.AnnotationScanner_ESTest,5,0,False
930,NPEX,Aries_JPA-97cb979d,0,4ede01e5d1d4457a8c3950011eaea89a,org.apache.aries.jpa.blueprint.impl.AnnotationScanner,org.apache.aries.jpa.blueprint.impl.AnnotationScanner_ESTest,4,0,False
931,NPEX,Aries_JPA-97cb979d,0,a9bfce17eff847809ca6905bf3074862,org.apache.aries.jpa.blueprint.impl.AnnotationScanner,org.apache.aries.jpa.blueprint.impl.AnnotationScanner_ESTest,4,0,False
932,NPEX,Aries_JPA-97cb979d,0,db3f599b87114d9392e9844aa2600473,org.apache.aries.jpa.blueprint.impl.AnnotationScanner,org.apache.aries.jpa.blueprint.impl.AnnotationScanner_ESTest,4,0,False
933,NPEX,Aries_JPA-97cb979d,0,52c814d2f33345f59178d476d52ccf34,org.apache.aries.jpa.blueprint.impl.AnnotationScanner,org.apache.aries.jpa.blueprint.impl.AnnotationScanner_ESTest,4,0,False
934,NPEX,Aries_JPA-97cb979d,0,2e5ee9c6c42f4898b517ad05168745b2,org.apache.aries.jpa.blueprint.impl.AnnotationScanner,org.apache.aries.jpa.blueprint.impl.AnnotationScanner_ESTest,4,0,False
935,NPEX,Aries_JPA-97cb979d,0,442286b4b33b40b8b0a146b24cda4f9b,org.apache.aries.jpa.blueprint.impl.AnnotationScanner,org.apache.aries.jpa.blueprint.impl.AnnotationScanner_ESTest,5,0,False
936,NPEX,Aries_JPA-97cb979d,0,a8b9aca663fe400bb5e5225f0243b566,org.apache.aries.jpa.blueprint.impl.AnnotationScanner,org.apache.aries.jpa.blueprint.impl.AnnotationScanner_ESTest,4,0,False
937,NPEX,Aries_JPA-97cb979d,0,d06ecb09c15d4425957d464e64efefe0,org.apache.aries.jpa.blueprint.impl.AnnotationScanner,org.apache.aries.jpa.blueprint.impl.AnnotationScanner_ESTest,4,0,False
938,NPEX,Aries_JPA-97cb979d,0,647f1df4fbab44f4ad9f647148e651e9,org.apache.aries.jpa.blueprint.impl.AnnotationScanner,org.apache.aries.jpa.blueprint.impl.AnnotationScanner_ESTest,4,0,False
939,NPEX,Aries_JPA-97cb979d,0,a1c93dbd4378421eb2d5402eb1916922,org.apache.aries.jpa.blueprint.impl.AnnotationScanner,org.apache.aries.jpa.blueprint.impl.AnnotationScanner_ESTest,4,0,False
940,NPEX,Activiti-c45d6c3c,0,1dc7d757d65c48f78085e9c2e73ebb90,org.activiti.engine.impl.variable.JPAEntityMappings,org.activiti.engine.impl.variable.JPAEntityMappings_ESTest,17,0,False
941,NPEX,Activiti-c45d6c3c,0,91a708f93cce405e8f9a989167fae0fd,org.activiti.engine.impl.variable.JPAEntityMappings,org.activiti.engine.impl.variable.JPAEntityMappings_ESTest,15,0,False
942,NPEX,Activiti-c45d6c3c,0,660f0d3cb28147d7ba5d8996fd2bded4,org.activiti.engine.impl.variable.JPAEntityMappings,org.activiti.engine.impl.variable.JPAEntityMappings_ESTest,17,0,False
943,NPEX,Activiti-c45d6c3c,0,fd7caf27be954c95a53d013eb15a9ad1,org.activiti.engine.impl.variable.JPAEntityMappings,org.activiti.engine.impl.variable.JPAEntityMappings_ESTest,17,0,False
944,NPEX,Activiti-c45d6c3c,0,be7a37fb61ee4434b5145f12ad59bbc7,org.activiti.engine.impl.variable.JPAEntityMappings,org.activiti.engine.impl.variable.JPAEntityMappings_ESTest,17,0,False
945,NPEX,Activiti-c45d6c3c,0,5d47735324194b0bb6eb3d17ccdcd6c2,org.activiti.engine.impl.variable.JPAEntityMappings,org.activiti.engine.impl.variable.JPAEntityMappings_ESTest,17,0,False
946,NPEX,Activiti-c45d6c3c,0,515a5a9d1abe4019891f5c6453734397,org.activiti.engine.impl.variable.JPAEntityMappings,org.activiti.engine.impl.variable.JPAEntityMappings_ESTest,17,0,False
947,NPEX,Activiti-c45d6c3c,0,10cf2ade49e84182a42210aa2cf7a25d,org.activiti.engine.impl.variable.JPAEntityMappings,org.activiti.engine.impl.variable.JPAEntityMappings_ESTest,17,0,False
948,NPEX,Activiti-c45d6c3c,0,28c0b10c8791476fac9a9515e37c6ce7,org.activiti.engine.impl.variable.JPAEntityMappings,org.activiti.engine.impl.variable.JPAEntityMappings_ESTest,16,0,False
949,NPEX,Activiti-c45d6c3c,0,4d98dbfc1d9d45d98d29fb9825fc2c03,org.activiti.engine.impl.variable.JPAEntityMappings,org.activiti.engine.impl.variable.JPAEntityMappings_ESTest,16,0,False
950,NPEX,Activiti-c45d6c3c,0,e794bc38a7bd4c70b622764e567bc09f,org.activiti.engine.impl.variable.JPAEntityMappings,org.activiti.engine.impl.variable.JPAEntityMappings_ESTest,20,0,False
951,NPEX,Activiti-c45d6c3c,0,f1dbddb74eb44c52bba9a51eddfb8bbb,org.activiti.engine.impl.variable.JPAEntityMappings,org.activiti.engine.impl.variable.JPAEntityMappings_ESTest,17,0,False
952,NPEX,Activiti-c45d6c3c,0,30357f05494548709d7f6ccea37daa46,org.activiti.engine.impl.variable.JPAEntityMappings,org.activiti.engine.impl.variable.JPAEntityMappings_ESTest,18,0,False
953,NPEX,Activiti-c45d6c3c,0,37bfd92b592c4cb78c3bb8c34ab975ea,org.activiti.engine.impl.variable.JPAEntityMappings,org.activiti.engine.impl.variable.JPAEntityMappings_ESTest,17,0,False
954,NPEX,Activiti-c45d6c3c,0,a9712e94f8f94af7b3de6741f5650938,org.activiti.engine.impl.variable.JPAEntityMappings,org.activiti.engine.impl.variable.JPAEntityMappings_ESTest,18,0,False
955,NPEX,Activiti-c45d6c3c,0,cad0df92444145279abd3b1e0158ca9a,org.activiti.engine.impl.variable.JPAEntityMappings,org.activiti.engine.impl.variable.JPAEntityMappings_ESTest,16,0,False
956,NPEX,Activiti-c45d6c3c,0,03e7fc95d8bd4b2395a3fc16834c59d1,org.activiti.engine.impl.variable.JPAEntityMappings,org.activiti.engine.impl.variable.JPAEntityMappings_ESTest,17,0,False
957,NPEX,Activiti-c45d6c3c,0,2d28f87dd74543e9937e7607d84c98d5,org.activiti.engine.impl.variable.JPAEntityMappings,org.activiti.engine.impl.variable.JPAEntityMappings_ESTest,17,0,False
958,NPEX,Activiti-c45d6c3c,0,2bfcf538ac3642d7bb2157f2651ab98c,org.activiti.engine.impl.variable.JPAEntityMappings,org.activiti.engine.impl.variable.JPAEntityMappings_ESTest,17,0,False
959,NPEX,Activiti-c45d6c3c,0,9df462d48ee94b48876558494370e35f,org.activiti.engine.impl.variable.JPAEntityMappings,org.activiti.engine.impl.variable.JPAEntityMappings_ESTest,20,0,False
960,NPEX,Nutz-87a4b212,0,48c62b5370c8418592885a08f92e9545,org.nutz.lang.Mirror,org.nutz.lang.Mirror_ESTest,150,0,True
961,NPEX,Nutz-87a4b212,0,940ee3bd98ef423188684bab6233a816,org.nutz.lang.Mirror,org.nutz.lang.Mirror_ESTest,142,0,True
962,NPEX,Nutz-87a4b212,0,64a16febdc5847c9b04a9d457a3aaf20,org.nutz.lang.Mirror,org.nutz.lang.Mirror_ESTest,139,0,True
963,NPEX,Nutz-87a4b212,0,0d385bc9571649348d0e859accdef2cd,org.nutz.lang.Mirror,org.nutz.lang.Mirror_ESTest,151,0,True
964,NPEX,Nutz-87a4b212,0,39244f23dad9441084c5fe05fa31937b,org.nutz.lang.Mirror,org.nutz.lang.Mirror_ESTest,141,0,True
965,NPEX,Nutz-87a4b212,0,738e6c7192f24d8ea28c4d80fc032f63,org.nutz.lang.Mirror,org.nutz.lang.Mirror_ESTest,146,0,True
966,NPEX,Nutz-87a4b212,0,c2e0e89978414f259dc8515ded36fd9e,org.nutz.lang.Mirror,org.nutz.lang.Mirror_ESTest,157,0,True
967,NPEX,Nutz-87a4b212,0,2531398db48143a98dde941183dac2ed,org.nutz.lang.Mirror,org.nutz.lang.Mirror_ESTest,136,0,True
968,NPEX,Nutz-87a4b212,0,edbd2a369aa74040989896e132c1de81,org.nutz.lang.Mirror,org.nutz.lang.Mirror_ESTest,135,0,True
969,NPEX,Nutz-87a4b212,0,ed23d2f2159c4aa5a427b2de1103fb8b,org.nutz.lang.Mirror,org.nutz.lang.Mirror_ESTest,140,0,True
970,NPEX,Nutz-87a4b212,0,b584298a743f47a6b97cd49c8b1d38cb,org.nutz.lang.Mirror,org.nutz.lang.Mirror_ESTest,146,0,True
971,NPEX,Nutz-87a4b212,0,f6097a61c20845318154ccb7f0f8dc1b,org.nutz.lang.Mirror,org.nutz.lang.Mirror_ESTest,131,0,True
972,NPEX,Nutz-87a4b212,0,7ca20649ddb04104802032a9a8fea595,org.nutz.lang.Mirror,org.nutz.lang.Mirror_ESTest,145,0,True
973,NPEX,Nutz-87a4b212,0,69598df3a69a4dd3884e620fd8ace496,org.nutz.lang.Mirror,org.nutz.lang.Mirror_ESTest,146,0,True
974,NPEX,Nutz-87a4b212,0,9c15b59b99a5445d86c643a7bef029c9,org.nutz.lang.Mirror,org.nutz.lang.Mirror_ESTest,152,0,True
975,NPEX,Nutz-87a4b212,0,71a8d27df1b240c4bb6a229fe399e615,org.nutz.lang.Mirror,org.nutz.lang.Mirror_ESTest,149,0,True
976,NPEX,Nutz-87a4b212,0,45d3dbf7a9b340ddb594e0ed7fcd18d6,org.nutz.lang.Mirror,org.nutz.lang.Mirror_ESTest,145,0,True
977,NPEX,Nutz-87a4b212,0,9e7489240328405b8bd0a82c11537041,org.nutz.lang.Mirror,org.nutz.lang.Mirror_ESTest,147,0,True
978,NPEX,Nutz-87a4b212,0,f5fec91c76034049a5e47b7e06e0fe4d,org.nutz.lang.Mirror,org.nutz.lang.Mirror_ESTest,134,0,True
979,NPEX,Nutz-87a4b212,0,aa5910d4b0e4401cab0081f50dbfd189,org.nutz.lang.Mirror,org.nutz.lang.Mirror_ESTest,143,0,True
980,NPEX,OpenPDF-a89dfdf5,0,731bb08dd95044b9931d9a2d007dccc7,com.lowagie.text.pdf.StandardDecryption,com.lowagie.text.pdf.StandardDecryption_ESTest,11,0,True
981,NPEX,OpenPDF-a89dfdf5,0,288d1601c2c441258a3c974a10000998,com.lowagie.text.pdf.StandardDecryption,com.lowagie.text.pdf.StandardDecryption_ESTest,13,0,True
982,NPEX,OpenPDF-a89dfdf5,0,71258c1f006b49fc9ec733412e273bd8,com.lowagie.text.pdf.StandardDecryption,com.lowagie.text.pdf.StandardDecryption_ESTest,12,0,True
983,NPEX,OpenPDF-a89dfdf5,0,70c88745cdea4d07ac0a409c9a4505f2,com.lowagie.text.pdf.StandardDecryption,com.lowagie.text.pdf.StandardDecryption_ESTest,10,0,True
984,NPEX,OpenPDF-a89dfdf5,0,063d34fe7b4f416abcc1e3339b6bca55,com.lowagie.text.pdf.StandardDecryption,com.lowagie.text.pdf.StandardDecryption_ESTest,10,0,True
985,NPEX,OpenPDF-a89dfdf5,0,fbfa9dc3aee74ebaaf44a22a423a5085,com.lowagie.text.pdf.StandardDecryption,com.lowagie.text.pdf.StandardDecryption_ESTest,12,0,True
986,NPEX,OpenPDF-a89dfdf5,0,cd548ca7f0ee41478a897d389bd435eb,com.lowagie.text.pdf.StandardDecryption,com.lowagie.text.pdf.StandardDecryption_ESTest,10,0,True
987,NPEX,OpenPDF-a89dfdf5,0,4f4d42a6700f43bb933d1e91962dc7db,com.lowagie.text.pdf.StandardDecryption,com.lowagie.text.pdf.StandardDecryption_ESTest,10,0,True
988,NPEX,OpenPDF-a89dfdf5,0,7b260b081ef74ec2aba8f436500434b7,com.lowagie.text.pdf.StandardDecryption,com.lowagie.text.pdf.StandardDecryption_ESTest,15,0,True
989,NPEX,OpenPDF-a89dfdf5,0,0c9da6b3ea33489f84f8bb2ad54d1552,com.lowagie.text.pdf.StandardDecryption,com.lowagie.text.pdf.StandardDecryption_ESTest,11,0,True
990,NPEX,OpenPDF-a89dfdf5,0,1325fe8fa21442f6bbdd6ebecfeea731,com.lowagie.text.pdf.StandardDecryption,com.lowagie.text.pdf.StandardDecryption_ESTest,13,0,True
991,NPEX,OpenPDF-a89dfdf5,0,3c7f1cdd65384c3396b123850ff9d2f7,com.lowagie.text.pdf.StandardDecryption,com.lowagie.text.pdf.StandardDecryption_ESTest,10,0,True
992,NPEX,OpenPDF-a89dfdf5,0,92b0b10ee827426395452cee2338300f,com.lowagie.text.pdf.StandardDecryption,com.lowagie.text.pdf.StandardDecryption_ESTest,10,0,True
993,NPEX,OpenPDF-a89dfdf5,0,0fa5003cf80d4f0a8cd6fd4a8ed2dee4,com.lowagie.text.pdf.StandardDecryption,com.lowagie.text.pdf.StandardDecryption_ESTest,12,0,True
994,NPEX,OpenPDF-a89dfdf5,0,312d9999a787416587a3d2bc96250c4a,com.lowagie.text.pdf.StandardDecryption,com.lowagie.text.pdf.StandardDecryption_ESTest,15,0,True
995,NPEX,OpenPDF-a89dfdf5,0,ff3e0592c33e4c628c3a594936c53213,com.lowagie.text.pdf.StandardDecryption,com.lowagie.text.pdf.StandardDecryption_ESTest,7,0,True
996,NPEX,OpenPDF-a89dfdf5,0,3c172cd631b047fe9f0573ebeaaacadd,com.lowagie.text.pdf.StandardDecryption,com.lowagie.text.pdf.StandardDecryption_ESTest,12,0,True
997,NPEX,OpenPDF-a89dfdf5,0,5e6daf6a3f9749bbace27005b2e84932,com.lowagie.text.pdf.StandardDecryption,com.lowagie.text.pdf.StandardDecryption_ESTest,13,0,True
998,NPEX,OpenPDF-a89dfdf5,0,01990da7b8a64f42a7690b8b5783b31f,com.lowagie.text.pdf.StandardDecryption,com.lowagie.text.pdf.StandardDecryption_ESTest,10,0,True
999,NPEX,OpenPDF-a89dfdf5,0,c695b8ded27048b59ab911e77d063b11,com.lowagie.text.pdf.StandardDecryption,com.lowagie.text.pdf.StandardDecryption_ESTest,10,0,True
1000,NPEX,ActiveMQ_Artemis-586abba9,0,ec1d31da4e7a4021993a03f5c59280bd,org.apache.activemq.artemis.selector.filter.UnaryExpression,org.apache.activemq.artemis.selector.filter.UnaryExpression_ESTest,26,0,False
1001,NPEX,ActiveMQ_Artemis-586abba9,0,cb869ebe70124888ab0f60444f1a6796,org.apache.activemq.artemis.selector.filter.UnaryExpression,org.apache.activemq.artemis.selector.filter.UnaryExpression_ESTest,24,0,False
1002,NPEX,ActiveMQ_Artemis-586abba9,0,8065fa9ff9e045de829d0a138240daa7,org.apache.activemq.artemis.selector.filter.UnaryExpression,org.apache.activemq.artemis.selector.filter.UnaryExpression_ESTest,24,0,False
1003,NPEX,ActiveMQ_Artemis-586abba9,0,73f7197d11274d1785ad2f29d32a772d,org.apache.activemq.artemis.selector.filter.UnaryExpression,org.apache.activemq.artemis.selector.filter.UnaryExpression_ESTest,28,0,False
1004,NPEX,ActiveMQ_Artemis-586abba9,0,5e1e76a791034735aaafa737c162de04,org.apache.activemq.artemis.selector.filter.UnaryExpression,org.apache.activemq.artemis.selector.filter.UnaryExpression_ESTest,26,0,False
1005,NPEX,ActiveMQ_Artemis-586abba9,0,2df3e322428042d586dfd7bc7e4535db,org.apache.activemq.artemis.selector.filter.UnaryExpression,org.apache.activemq.artemis.selector.filter.UnaryExpression_ESTest,27,0,False
1006,NPEX,ActiveMQ_Artemis-586abba9,0,4a774faf03b24c71b9fc821aaebf3042,org.apache.activemq.artemis.selector.filter.UnaryExpression,org.apache.activemq.artemis.selector.filter.UnaryExpression_ESTest,24,0,False
1007,NPEX,ActiveMQ_Artemis-586abba9,0,8510c490ef2642baa5e48da600c49f42,org.apache.activemq.artemis.selector.filter.UnaryExpression,org.apache.activemq.artemis.selector.filter.UnaryExpression_ESTest,25,0,False
1008,NPEX,ActiveMQ_Artemis-586abba9,0,4f40c40d4653497ca1753f97171b4f36,org.apache.activemq.artemis.selector.filter.UnaryExpression,org.apache.activemq.artemis.selector.filter.UnaryExpression_ESTest,25,0,False
1009,NPEX,ActiveMQ_Artemis-586abba9,0,6ad639c07bf9415c9fdc4829feac39e2,org.apache.activemq.artemis.selector.filter.UnaryExpression,org.apache.activemq.artemis.selector.filter.UnaryExpression_ESTest,26,0,False
1010,NPEX,ActiveMQ_Artemis-586abba9,0,d22e56bba3a54ebb80c984247be3f390,org.apache.activemq.artemis.selector.filter.UnaryExpression,org.apache.activemq.artemis.selector.filter.UnaryExpression_ESTest,28,0,False
1011,NPEX,ActiveMQ_Artemis-586abba9,0,68b71ff31c0144199bf2d6f99e05feb0,org.apache.activemq.artemis.selector.filter.UnaryExpression,org.apache.activemq.artemis.selector.filter.UnaryExpression_ESTest,28,0,False
1012,NPEX,ActiveMQ_Artemis-586abba9,0,a221c88ff1154e078092356eb03a7c03,org.apache.activemq.artemis.selector.filter.UnaryExpression,org.apache.activemq.artemis.selector.filter.UnaryExpression_ESTest,26,0,False
1013,NPEX,ActiveMQ_Artemis-586abba9,0,f27905db571f4f2b8a4af8bbb7d535d3,org.apache.activemq.artemis.selector.filter.UnaryExpression,org.apache.activemq.artemis.selector.filter.UnaryExpression_ESTest,30,0,False
1014,NPEX,ActiveMQ_Artemis-586abba9,0,713613f845824054b0df2d78682e4540,org.apache.activemq.artemis.selector.filter.UnaryExpression,org.apache.activemq.artemis.selector.filter.UnaryExpression_ESTest,28,0,False
1015,NPEX,ActiveMQ_Artemis-586abba9,0,457782a7c21a4a198d3e4249a367d41f,org.apache.activemq.artemis.selector.filter.UnaryExpression,org.apache.activemq.artemis.selector.filter.UnaryExpression_ESTest,26,0,False
1016,NPEX,ActiveMQ_Artemis-586abba9,0,9ac324992cb449ceb64d4e59f463cfd2,org.apache.activemq.artemis.selector.filter.UnaryExpression,org.apache.activemq.artemis.selector.filter.UnaryExpression_ESTest,27,0,False
1017,NPEX,ActiveMQ_Artemis-586abba9,0,0624981218c24dbe8b6f5c9d284ff359,org.apache.activemq.artemis.selector.filter.UnaryExpression,org.apache.activemq.artemis.selector.filter.UnaryExpression_ESTest,22,0,False
1018,NPEX,ActiveMQ_Artemis-586abba9,0,5c08431ad0774814a7279d00d29bfce7,org.apache.activemq.artemis.selector.filter.UnaryExpression,org.apache.activemq.artemis.selector.filter.UnaryExpression_ESTest,21,0,False
1019,NPEX,ActiveMQ_Artemis-586abba9,0,f044984f720a4352a320cecab55f0ad2,org.apache.activemq.artemis.selector.filter.UnaryExpression,org.apache.activemq.artemis.selector.filter.UnaryExpression_ESTest,29,0,False
1020,NPEX,ShardingSphere-82b1b9d5,0,040ab2a1f8a84386bf1f54ad343c60d7,org.apache.shardingsphere.infra.executor.sql.context.ExecutionContextBuilder,org.apache.shardingsphere.infra.executor.sql.context.ExecutionContextBuilder_ESTest,7,0,False
1021,NPEX,ShardingSphere-82b1b9d5,0,c6122bf10bef41a7a994d0b578c23a95,org.apache.shardingsphere.infra.executor.sql.context.ExecutionContextBuilder,org.apache.shardingsphere.infra.executor.sql.context.ExecutionContextBuilder_ESTest,5,0,False
1022,NPEX,ShardingSphere-82b1b9d5,0,89c9be4494b345b5b6a2e9a193ef4e91,org.apache.shardingsphere.infra.executor.sql.context.ExecutionContextBuilder,org.apache.shardingsphere.infra.executor.sql.context.ExecutionContextBuilder_ESTest,6,0,False
1023,NPEX,ShardingSphere-82b1b9d5,0,4872ba0f0e7e433a8f37803fed0a45ab,org.apache.shardingsphere.infra.executor.sql.context.ExecutionContextBuilder,org.apache.shardingsphere.infra.executor.sql.context.ExecutionContextBuilder_ESTest,5,0,False
1024,NPEX,ShardingSphere-82b1b9d5,0,c74c5183ee8840b2809f5e998c1da447,org.apache.shardingsphere.infra.executor.sql.context.ExecutionContextBuilder,org.apache.shardingsphere.infra.executor.sql.context.ExecutionContextBuilder_ESTest,5,0,False
1025,NPEX,ShardingSphere-82b1b9d5,0,f6d4995b77f641888e811858f884c961,org.apache.shardingsphere.infra.executor.sql.context.ExecutionContextBuilder,org.apache.shardingsphere.infra.executor.sql.context.ExecutionContextBuilder_ESTest,6,0,False
1026,NPEX,ShardingSphere-82b1b9d5,0,32cd48434d6f44f2b5053fdd14644b47,org.apache.shardingsphere.infra.executor.sql.context.ExecutionContextBuilder,org.apache.shardingsphere.infra.executor.sql.context.ExecutionContextBuilder_ESTest,5,0,False
1027,NPEX,ShardingSphere-82b1b9d5,0,ed453bf6d34a4de68a86f46f63e8d8af,org.apache.shardingsphere.infra.executor.sql.context.ExecutionContextBuilder,org.apache.shardingsphere.infra.executor.sql.context.ExecutionContextBuilder_ESTest,5,0,False
1028,NPEX,ShardingSphere-82b1b9d5,0,a32aba700e9b44129ea7d8d703b8bffd,org.apache.shardingsphere.infra.executor.sql.context.ExecutionContextBuilder,org.apache.shardingsphere.infra.executor.sql.context.ExecutionContextBuilder_ESTest,9,0,False
1029,NPEX,ShardingSphere-82b1b9d5,0,a666353e53d24a04bc1e5db0a27ed28b,org.apache.shardingsphere.infra.executor.sql.context.ExecutionContextBuilder,org.apache.shardingsphere.infra.executor.sql.context.ExecutionContextBuilder_ESTest,7,0,False
1030,NPEX,ShardingSphere-82b1b9d5,0,4634a4e66d344fdf9da6f69fb8a5e3a1,org.apache.shardingsphere.infra.executor.sql.context.ExecutionContextBuilder,org.apache.shardingsphere.infra.executor.sql.context.ExecutionContextBuilder_ESTest,5,0,False
1031,NPEX,ShardingSphere-82b1b9d5,0,19b6fbe1753044fe82c0ea62a63ad436,org.apache.shardingsphere.infra.executor.sql.context.ExecutionContextBuilder,org.apache.shardingsphere.infra.executor.sql.context.ExecutionContextBuilder_ESTest,8,0,False
1032,NPEX,ShardingSphere-82b1b9d5,0,f77c3e544b3e4dcd9c683ca991ccbbfb,org.apache.shardingsphere.infra.executor.sql.context.ExecutionContextBuilder,org.apache.shardingsphere.infra.executor.sql.context.ExecutionContextBuilder_ESTest,7,0,False
1033,NPEX,ShardingSphere-82b1b9d5,0,402b5c19fda74242b5a62b881ecbe523,org.apache.shardingsphere.infra.executor.sql.context.ExecutionContextBuilder,org.apache.shardingsphere.infra.executor.sql.context.ExecutionContextBuilder_ESTest,6,0,False
1034,NPEX,ShardingSphere-82b1b9d5,0,93b86e876b424c40936f35c29694c998,org.apache.shardingsphere.infra.executor.sql.context.ExecutionContextBuilder,org.apache.shardingsphere.infra.executor.sql.context.ExecutionContextBuilder_ESTest,8,0,False
1035,NPEX,ShardingSphere-82b1b9d5,0,d3c6a1d0eba745b581b2b5370df090b9,org.apache.shardingsphere.infra.executor.sql.context.ExecutionContextBuilder,org.apache.shardingsphere.infra.executor.sql.context.ExecutionContextBuilder_ESTest,6,0,False
1036,NPEX,ShardingSphere-82b1b9d5,0,2365d3eb4577436cbee4c00c2ebed789,org.apache.shardingsphere.infra.executor.sql.context.ExecutionContextBuilder,org.apache.shardingsphere.infra.executor.sql.context.ExecutionContextBuilder_ESTest,6,0,False
1037,NPEX,ShardingSphere-82b1b9d5,0,95dbb79d8eef409b825da9345ee4dcc0,org.apache.shardingsphere.infra.executor.sql.context.ExecutionContextBuilder,org.apache.shardingsphere.infra.executor.sql.context.ExecutionContextBuilder_ESTest,6,0,False
1038,NPEX,ShardingSphere-82b1b9d5,0,165f2ddf40fa4be291d20fc81ad32edc,org.apache.shardingsphere.infra.executor.sql.context.ExecutionContextBuilder,org.apache.shardingsphere.infra.executor.sql.context.ExecutionContextBuilder_ESTest,6,0,False
1039,NPEX,ShardingSphere-82b1b9d5,0,3be54d3280f34936ace803615d79472c,org.apache.shardingsphere.infra.executor.sql.context.ExecutionContextBuilder,org.apache.shardingsphere.infra.executor.sql.context.ExecutionContextBuilder_ESTest,4,0,False
1040,NPEX,CXF-7cfc8d07,0,f623c45189094f098fab32fce73d16b1,org.apache.cxf.rs.security.jose.jws.JwsUtils,org.apache.cxf.rs.security.jose.jws.JwsUtils_ESTest,70,0,False
1041,NPEX,CXF-7cfc8d07,0,4a9ba1631720450da75519c55e76cf2a,org.apache.cxf.rs.security.jose.jws.JwsUtils,org.apache.cxf.rs.security.jose.jws.JwsUtils_ESTest,81,0,False
1042,NPEX,CXF-7cfc8d07,0,5b0ec390b66d4016ab5ba3609491c944,org.apache.cxf.rs.security.jose.jws.JwsUtils,org.apache.cxf.rs.security.jose.jws.JwsUtils_ESTest,78,0,False
1043,NPEX,CXF-7cfc8d07,0,9b972b74f8af4486b54d375348f35051,org.apache.cxf.rs.security.jose.jws.JwsUtils,org.apache.cxf.rs.security.jose.jws.JwsUtils_ESTest,80,0,False
1044,NPEX,CXF-7cfc8d07,0,65f7ac5d3ac345ddab65aced55f5c259,org.apache.cxf.rs.security.jose.jws.JwsUtils,org.apache.cxf.rs.security.jose.jws.JwsUtils_ESTest,75,0,False
1045,NPEX,CXF-7cfc8d07,0,7a740c54045b4ea5b0b2300ba0944a40,org.apache.cxf.rs.security.jose.jws.JwsUtils,org.apache.cxf.rs.security.jose.jws.JwsUtils_ESTest,69,0,False
1046,NPEX,CXF-7cfc8d07,0,6b331626f26f42bba065a44c9f0cffa8,org.apache.cxf.rs.security.jose.jws.JwsUtils,org.apache.cxf.rs.security.jose.jws.JwsUtils_ESTest,77,0,False
1047,NPEX,CXF-7cfc8d07,0,33946139005446b5a58d901a0442b1ff,org.apache.cxf.rs.security.jose.jws.JwsUtils,org.apache.cxf.rs.security.jose.jws.JwsUtils_ESTest,80,0,False
1048,NPEX,CXF-7cfc8d07,0,19e10beb9cc8410983fa668a8c567f0e,org.apache.cxf.rs.security.jose.jws.JwsUtils,org.apache.cxf.rs.security.jose.jws.JwsUtils_ESTest,76,0,False
1049,NPEX,CXF-7cfc8d07,0,5acf4608afbc46d08e9c18217b58197e,org.apache.cxf.rs.security.jose.jws.JwsUtils,org.apache.cxf.rs.security.jose.jws.JwsUtils_ESTest,79,0,False
1050,NPEX,CXF-7cfc8d07,0,f746db1effe94c5a88670931e71faa75,org.apache.cxf.rs.security.jose.jws.JwsUtils,org.apache.cxf.rs.security.jose.jws.JwsUtils_ESTest,79,0,False
1051,NPEX,CXF-7cfc8d07,0,3cf479cae89945179fda3f6436e2641b,org.apache.cxf.rs.security.jose.jws.JwsUtils,org.apache.cxf.rs.security.jose.jws.JwsUtils_ESTest,77,0,False
1052,NPEX,CXF-7cfc8d07,0,aa514f2b40bf41c09bb7e11de2335a58,org.apache.cxf.rs.security.jose.jws.JwsUtils,org.apache.cxf.rs.security.jose.jws.JwsUtils_ESTest,78,0,False
1053,NPEX,CXF-7cfc8d07,0,45998746ce444d1fac0b86eceb518502,org.apache.cxf.rs.security.jose.jws.JwsUtils,org.apache.cxf.rs.security.jose.jws.JwsUtils_ESTest,77,0,False
1054,NPEX,CXF-7cfc8d07,0,a4e87f600e084f10bffb03d21349835b,org.apache.cxf.rs.security.jose.jws.JwsUtils,org.apache.cxf.rs.security.jose.jws.JwsUtils_ESTest,76,0,False
1055,NPEX,CXF-7cfc8d07,0,dedda00d5fb6433ba4a90c825d2bfd4b,org.apache.cxf.rs.security.jose.jws.JwsUtils,org.apache.cxf.rs.security.jose.jws.JwsUtils_ESTest,70,0,False
1056,NPEX,CXF-7cfc8d07,0,f852c5a663d949f1bb017dadc0dff2bc,org.apache.cxf.rs.security.jose.jws.JwsUtils,org.apache.cxf.rs.security.jose.jws.JwsUtils_ESTest,80,0,False
1057,NPEX,CXF-7cfc8d07,0,26512a35e23a46368ab82c6cd6b0b8ad,org.apache.cxf.rs.security.jose.jws.JwsUtils,org.apache.cxf.rs.security.jose.jws.JwsUtils_ESTest,93,0,False
1058,NPEX,CXF-7cfc8d07,0,09d07e33882c493586fb116b4bf0797f,org.apache.cxf.rs.security.jose.jws.JwsUtils,org.apache.cxf.rs.security.jose.jws.JwsUtils_ESTest,76,0,False
1059,NPEX,CXF-7cfc8d07,0,e2588f3fe3d2466b974c37c14abe5bf6,org.apache.cxf.rs.security.jose.jws.JwsUtils,org.apache.cxf.rs.security.jose.jws.JwsUtils_ESTest,79,0,False
1060,NPEX,Fastjson-650a300f,0,06085e1194ad4eac88d08a4b10b3d720,com.alibaba.fastjson.parser.deserializer.DefaultFieldDeserializer,com.alibaba.fastjson.parser.deserializer.DefaultFieldDeserializer_ESTest,12,0,True
1061,NPEX,Fastjson-650a300f,0,b28b5e87ae66469a934f2df73174f31d,com.alibaba.fastjson.parser.deserializer.DefaultFieldDeserializer,com.alibaba.fastjson.parser.deserializer.DefaultFieldDeserializer_ESTest,16,0,False
1062,NPEX,Fastjson-650a300f,0,e1fce7f2f6d34f5fa253352f153cc31f,com.alibaba.fastjson.parser.deserializer.DefaultFieldDeserializer,com.alibaba.fastjson.parser.deserializer.DefaultFieldDeserializer_ESTest,17,0,False
1063,NPEX,Fastjson-650a300f,0,8230fcbf4ddf4018af26fb2f82787f9e,com.alibaba.fastjson.parser.deserializer.DefaultFieldDeserializer,com.alibaba.fastjson.parser.deserializer.DefaultFieldDeserializer_ESTest,18,0,False
1064,NPEX,Fastjson-650a300f,0,36892e05edf64a45ba1bde3ab54f386b,com.alibaba.fastjson.parser.deserializer.DefaultFieldDeserializer,com.alibaba.fastjson.parser.deserializer.DefaultFieldDeserializer_ESTest,14,0,False
1065,NPEX,Fastjson-650a300f,0,a1607fd76266475796d65e0d377ee082,com.alibaba.fastjson.parser.deserializer.DefaultFieldDeserializer,com.alibaba.fastjson.parser.deserializer.DefaultFieldDeserializer_ESTest,14,0,False
1066,NPEX,Fastjson-650a300f,0,2eabd960e9654847be62b070a54331e4,com.alibaba.fastjson.parser.deserializer.DefaultFieldDeserializer,com.alibaba.fastjson.parser.deserializer.DefaultFieldDeserializer_ESTest,14,0,False
1067,NPEX,Fastjson-650a300f,0,804cb7addeb54b33b292ae7b40b62bb9,com.alibaba.fastjson.parser.deserializer.DefaultFieldDeserializer,com.alibaba.fastjson.parser.deserializer.DefaultFieldDeserializer_ESTest,15,0,False
1068,NPEX,Fastjson-650a300f,0,dbd083aa8c764d11a5a620356ff184b5,com.alibaba.fastjson.parser.deserializer.DefaultFieldDeserializer,com.alibaba.fastjson.parser.deserializer.DefaultFieldDeserializer_ESTest,15,0,False
1069,NPEX,Fastjson-650a300f,0,f441d0b53b724c488dd73d1b1f6d18e7,com.alibaba.fastjson.parser.deserializer.DefaultFieldDeserializer,com.alibaba.fastjson.parser.deserializer.DefaultFieldDeserializer_ESTest,15,0,False
1070,NPEX,Fastjson-650a300f,0,343adcc9d4b9420d91bbbf3d15e0000f,com.alibaba.fastjson.parser.deserializer.DefaultFieldDeserializer,com.alibaba.fastjson.parser.deserializer.DefaultFieldDeserializer_ESTest,15,0,False
1071,NPEX,Fastjson-650a300f,0,ecc57a475b884d8b9bf3681b346fc37c,com.alibaba.fastjson.parser.deserializer.DefaultFieldDeserializer,com.alibaba.fastjson.parser.deserializer.DefaultFieldDeserializer_ESTest,16,0,False
1072,NPEX,Fastjson-650a300f,0,4d229f03f059472fab6b8501c731bb9a,com.alibaba.fastjson.parser.deserializer.DefaultFieldDeserializer,com.alibaba.fastjson.parser.deserializer.DefaultFieldDeserializer_ESTest,13,0,False
1073,NPEX,Fastjson-650a300f,0,d418c67130af4f24828da59a3c0294d7,com.alibaba.fastjson.parser.deserializer.DefaultFieldDeserializer,com.alibaba.fastjson.parser.deserializer.DefaultFieldDeserializer_ESTest,17,0,False
1074,NPEX,Fastjson-650a300f,0,e5da5d344be44fa49c5ee54c544e275f,com.alibaba.fastjson.parser.deserializer.DefaultFieldDeserializer,com.alibaba.fastjson.parser.deserializer.DefaultFieldDeserializer_ESTest,14,0,False
1075,NPEX,Fastjson-650a300f,0,614a0b230b0f4589be460bcf92d7342b,com.alibaba.fastjson.parser.deserializer.DefaultFieldDeserializer,com.alibaba.fastjson.parser.deserializer.DefaultFieldDeserializer_ESTest,10,0,False
1076,NPEX,Fastjson-650a300f,0,c213f14beb4041968ffd62e7d2939fea,com.alibaba.fastjson.parser.deserializer.DefaultFieldDeserializer,com.alibaba.fastjson.parser.deserializer.DefaultFieldDeserializer_ESTest,15,0,False
1077,NPEX,Fastjson-650a300f,0,e41ff878f0554d43a977100019af2913,com.alibaba.fastjson.parser.deserializer.DefaultFieldDeserializer,com.alibaba.fastjson.parser.deserializer.DefaultFieldDeserializer_ESTest,15,0,False
1078,NPEX,Fastjson-650a300f,0,aae2febda82a4339bac78782f35812a6,com.alibaba.fastjson.parser.deserializer.DefaultFieldDeserializer,com.alibaba.fastjson.parser.deserializer.DefaultFieldDeserializer_ESTest,15,0,False
1079,NPEX,Fastjson-650a300f,0,16961cf626bf43c3accc3a4f1d472319,com.alibaba.fastjson.parser.deserializer.DefaultFieldDeserializer,com.alibaba.fastjson.parser.deserializer.DefaultFieldDeserializer_ESTest,15,0,False
1080,NPEX,FOP-10e0d1c2,0,e75923daabf848e3953982991c1a2c77,org.apache.fop.fonts.SingleByteFont,org.apache.fop.fonts.SingleByteFont_ESTest,59,0,True
1081,NPEX,FOP-10e0d1c2,0,f411c7ca300946ca9862ef6f00325ed2,org.apache.fop.fonts.SingleByteFont,org.apache.fop.fonts.SingleByteFont_ESTest,60,0,True
1082,NPEX,FOP-10e0d1c2,0,e8659fc8b0684705a89567b9e21e9c84,org.apache.fop.fonts.SingleByteFont,org.apache.fop.fonts.SingleByteFont_ESTest,57,0,True
1083,NPEX,FOP-10e0d1c2,0,3f129fda366a4750a302d7841cc46d64,org.apache.fop.fonts.SingleByteFont,org.apache.fop.fonts.SingleByteFont_ESTest,65,0,True
1084,NPEX,FOP-10e0d1c2,0,50b571c9b2d74ea09d991ae2f77ed546,org.apache.fop.fonts.SingleByteFont,org.apache.fop.fonts.SingleByteFont_ESTest,60,0,True
1085,NPEX,FOP-10e0d1c2,0,c4fc2ea33833464285a9854d3693288c,org.apache.fop.fonts.SingleByteFont,org.apache.fop.fonts.SingleByteFont_ESTest,59,0,True
1086,NPEX,FOP-10e0d1c2,0,0987f3ab66f443658658168175498da9,org.apache.fop.fonts.SingleByteFont,org.apache.fop.fonts.SingleByteFont_ESTest,57,0,True
1087,NPEX,FOP-10e0d1c2,0,aadb925222c948a596495640efdb245b,org.apache.fop.fonts.SingleByteFont,org.apache.fop.fonts.SingleByteFont_ESTest,57,0,True
1088,NPEX,FOP-10e0d1c2,0,b2552e7f731745679d97211caf895344,org.apache.fop.fonts.SingleByteFont,org.apache.fop.fonts.SingleByteFont_ESTest,61,0,True
1089,NPEX,FOP-10e0d1c2,0,86459b540c20491d8871abd67f06498f,org.apache.fop.fonts.SingleByteFont,org.apache.fop.fonts.SingleByteFont_ESTest,62,0,True
1090,NPEX,FOP-10e0d1c2,0,94e51e3ca3d54faab2f1cd249bbd57ad,org.apache.fop.fonts.SingleByteFont,org.apache.fop.fonts.SingleByteFont_ESTest,59,0,True
1091,NPEX,FOP-10e0d1c2,0,9502eb9184b743cd943efc0348c6d828,org.apache.fop.fonts.SingleByteFont,org.apache.fop.fonts.SingleByteFont_ESTest,59,0,True
1092,NPEX,FOP-10e0d1c2,0,5a8cf46fa90148cd8a39a08f1f968354,org.apache.fop.fonts.SingleByteFont,org.apache.fop.fonts.SingleByteFont_ESTest,61,0,True
1093,NPEX,FOP-10e0d1c2,0,9c7c8f5da71c450694cbdb8a94aae29a,org.apache.fop.fonts.SingleByteFont,org.apache.fop.fonts.SingleByteFont_ESTest,63,0,True
1094,NPEX,FOP-10e0d1c2,0,3aa1845ce2cd4f70a79e2046f0b1000d,org.apache.fop.fonts.SingleByteFont,org.apache.fop.fonts.SingleByteFont_ESTest,67,0,True
1095,NPEX,FOP-10e0d1c2,0,47837473e89c440eaa51c7386e50de7c,org.apache.fop.fonts.SingleByteFont,org.apache.fop.fonts.SingleByteFont_ESTest,62,0,True
1096,NPEX,FOP-10e0d1c2,0,693e2f16db10472891d0535edf8824aa,org.apache.fop.fonts.SingleByteFont,org.apache.fop.fonts.SingleByteFont_ESTest,59,0,True
1097,NPEX,FOP-10e0d1c2,0,c8ff81ade0f7486a996e307577fa7b5e,org.apache.fop.fonts.SingleByteFont,org.apache.fop.fonts.SingleByteFont_ESTest,59,0,True
1098,NPEX,FOP-10e0d1c2,0,17f6af36a1f94a85bf61a83f6789ce2e,org.apache.fop.fonts.SingleByteFont,org.apache.fop.fonts.SingleByteFont_ESTest,64,0,True
1099,NPEX,FOP-10e0d1c2,0,20087f74e71d4b308091459860b6a3e5,org.apache.fop.fonts.SingleByteFont,org.apache.fop.fonts.SingleByteFont_ESTest,63,0,True
1100,NPEX,Log4j_2-85661de7,0,6e2cb5b0b33143ec9900597181161793,org.apache.logging.log4j.spi.AbstractLogger,org.apache.logging.log4j.spi.AbstractLogger_ESTest,44,0,False
1101,NPEX,Log4j_2-85661de7,0,decbfe48a4ce4d1d9e7b912028237169,org.apache.logging.log4j.spi.AbstractLogger,org.apache.logging.log4j.spi.AbstractLogger_ESTest,40,0,False
1102,NPEX,Log4j_2-85661de7,0,26c4e50d88c84a42a097a42187fb46fb,org.apache.logging.log4j.spi.AbstractLogger,org.apache.logging.log4j.spi.AbstractLogger_ESTest,38,0,False
1103,NPEX,Log4j_2-85661de7,0,6060de59bbcc4202afcf0ef8894a2f03,org.apache.logging.log4j.spi.AbstractLogger,org.apache.logging.log4j.spi.AbstractLogger_ESTest,33,0,False
1104,NPEX,Log4j_2-85661de7,0,f2932b36dd1a499fae611d73b970ba1d,org.apache.logging.log4j.spi.AbstractLogger,org.apache.logging.log4j.spi.AbstractLogger_ESTest,45,0,False
1105,NPEX,Log4j_2-85661de7,0,7a9e81b927934e68ad4e11141526d632,org.apache.logging.log4j.spi.AbstractLogger,org.apache.logging.log4j.spi.AbstractLogger_ESTest,35,0,False
1106,NPEX,Log4j_2-85661de7,0,3f97d870b45f408a8445ea0f1988529e,org.apache.logging.log4j.spi.AbstractLogger,org.apache.logging.log4j.spi.AbstractLogger_ESTest,38,0,False
1107,NPEX,Log4j_2-85661de7,0,26f82e6066a441498cd03dfca2345712,org.apache.logging.log4j.spi.AbstractLogger,org.apache.logging.log4j.spi.AbstractLogger_ESTest,41,0,False
1108,NPEX,Log4j_2-85661de7,0,c6238a3fc0c944bcb916b97c963e4ddb,org.apache.logging.log4j.spi.AbstractLogger,org.apache.logging.log4j.spi.AbstractLogger_ESTest,157,0,False
1109,NPEX,Log4j_2-85661de7,0,ad80768fbef84321a851d7f40a42688e,org.apache.logging.log4j.spi.AbstractLogger,org.apache.logging.log4j.spi.AbstractLogger_ESTest,28,0,False
1110,NPEX,Log4j_2-85661de7,0,5350eb3c2d9f4dc8902c13f976722a2e,org.apache.logging.log4j.spi.AbstractLogger,org.apache.logging.log4j.spi.AbstractLogger_ESTest,36,0,False
1111,NPEX,HttpComponents_Client-1026a1e5,0,c1105fca285247e18de8904bdacd75fa,org.apache.hc.client5.http.impl.classic.MinimalHttpClient,org.apache.hc.client5.http.impl.classic.MinimalHttpClient_ESTest,8,0,False
1112,NPEX,HttpComponents_Client-1026a1e5,0,9cc7d137c9824a2484638e2fc6241fc9,org.apache.hc.client5.http.impl.classic.MinimalHttpClient,org.apache.hc.client5.http.impl.classic.MinimalHttpClient_ESTest,9,0,False
1113,NPEX,HttpComponents_Client-1026a1e5,0,ff9397c5c2d24f01b654e3d9ea3014a4,org.apache.hc.client5.http.impl.classic.MinimalHttpClient,org.apache.hc.client5.http.impl.classic.MinimalHttpClient_ESTest,6,0,False
1114,NPEX,HttpComponents_Client-1026a1e5,0,08c95d83b8a04ddd87abf0e287d62391,org.apache.hc.client5.http.impl.classic.MinimalHttpClient,org.apache.hc.client5.http.impl.classic.MinimalHttpClient_ESTest,8,0,False
1115,NPEX,HttpComponents_Client-1026a1e5,0,7892a9d5b203464987a37a9dda522561,org.apache.hc.client5.http.impl.classic.MinimalHttpClient,org.apache.hc.client5.http.impl.classic.MinimalHttpClient_ESTest,7,0,False
1116,NPEX,HttpComponents_Client-1026a1e5,0,8067afd188834bd0b75bea37b0f42180,org.apache.hc.client5.http.impl.classic.MinimalHttpClient,org.apache.hc.client5.http.impl.classic.MinimalHttpClient_ESTest,7,0,False
1117,NPEX,HttpComponents_Client-1026a1e5,0,278534f8938e498f97c55ef3ba5a9cf3,org.apache.hc.client5.http.impl.classic.MinimalHttpClient,org.apache.hc.client5.http.impl.classic.MinimalHttpClient_ESTest,9,0,False
1118,NPEX,HttpComponents_Client-1026a1e5,0,60bfb2d5451449729bb183a0c47de087,org.apache.hc.client5.http.impl.classic.MinimalHttpClient,org.apache.hc.client5.http.impl.classic.MinimalHttpClient_ESTest,8,0,False
1119,NPEX,HttpComponents_Client-1026a1e5,0,b3a98321c79c4b269f09718d0880608d,org.apache.hc.client5.http.impl.classic.MinimalHttpClient,org.apache.hc.client5.http.impl.classic.MinimalHttpClient_ESTest,7,0,False
1120,NPEX,HttpComponents_Client-1026a1e5,0,828faf22a72b4599807e37420a281901,org.apache.hc.client5.http.impl.classic.MinimalHttpClient,org.apache.hc.client5.http.impl.classic.MinimalHttpClient_ESTest,10,0,False
1121,NPEX,HttpComponents_Client-1026a1e5,0,7f452375798143c483a99b8c815b4c41,org.apache.hc.client5.http.impl.classic.MinimalHttpClient,org.apache.hc.client5.http.impl.classic.MinimalHttpClient_ESTest,8,0,False
1122,NPEX,HttpComponents_Client-1026a1e5,0,02f0b1f473244a498b72cc3b503108a3,org.apache.hc.client5.http.impl.classic.MinimalHttpClient,org.apache.hc.client5.http.impl.classic.MinimalHttpClient_ESTest,9,0,False
1123,NPEX,HttpComponents_Client-1026a1e5,0,43b660ff77a4427d80912fb724adef55,org.apache.hc.client5.http.impl.classic.MinimalHttpClient,org.apache.hc.client5.http.impl.classic.MinimalHttpClient_ESTest,7,0,False
1124,NPEX,HttpComponents_Client-1026a1e5,0,d9e8cb63f4154559a2c3776b7a03a8b8,org.apache.hc.client5.http.impl.classic.MinimalHttpClient,org.apache.hc.client5.http.impl.classic.MinimalHttpClient_ESTest,8,0,False
1125,NPEX,HttpComponents_Client-1026a1e5,0,928f7f125a4a4bfaaaf3861133ed6468,org.apache.hc.client5.http.impl.classic.MinimalHttpClient,org.apache.hc.client5.http.impl.classic.MinimalHttpClient_ESTest,10,0,False
1126,NPEX,HttpComponents_Client-1026a1e5,0,38383001bf78406a9902d8b004a92e26,org.apache.hc.client5.http.impl.classic.MinimalHttpClient,org.apache.hc.client5.http.impl.classic.MinimalHttpClient_ESTest,5,0,False
1127,NPEX,HttpComponents_Client-1026a1e5,0,5ed26cb9a5fd4426951200a78c261091,org.apache.hc.client5.http.impl.classic.MinimalHttpClient,org.apache.hc.client5.http.impl.classic.MinimalHttpClient_ESTest,8,0,False
1128,NPEX,HttpComponents_Client-1026a1e5,0,13168a097dce473da2a47a9aef34acb3,org.apache.hc.client5.http.impl.classic.MinimalHttpClient,org.apache.hc.client5.http.impl.classic.MinimalHttpClient_ESTest,8,0,False
1129,NPEX,HttpComponents_Client-1026a1e5,0,3d3455ab0a4b49e4ad17773e91a1a412,org.apache.hc.client5.http.impl.classic.MinimalHttpClient,org.apache.hc.client5.http.impl.classic.MinimalHttpClient_ESTest,7,0,False
1130,NPEX,HttpComponents_Client-1026a1e5,0,0a9bb42ef6c84ee38631929f2e7d33b7,org.apache.hc.client5.http.impl.classic.MinimalHttpClient,org.apache.hc.client5.http.impl.classic.MinimalHttpClient_ESTest,7,0,False
1131,NPEX,Commons_Configuration-a76a3a65,0,79275557b3fe47d2be14eb0adcd2f04c,org.apache.commons.configuration2.XMLConfiguration,org.apache.commons.configuration2.XMLConfiguration_ESTest,44,0,True
1132,NPEX,Commons_Configuration-a76a3a65,0,b03d4561ce7f45d3ad0dc179e1a59838,org.apache.commons.configuration2.XMLConfiguration,org.apache.commons.configuration2.XMLConfiguration_ESTest,46,0,True
1133,NPEX,Commons_Configuration-a76a3a65,0,365bbd4e0ace4e8faf62025d2d796416,org.apache.commons.configuration2.XMLConfiguration,org.apache.commons.configuration2.XMLConfiguration_ESTest,41,0,True
1134,NPEX,Commons_Configuration-a76a3a65,0,57eeb93d232342f4ad853879bb718a96,org.apache.commons.configuration2.XMLConfiguration,org.apache.commons.configuration2.XMLConfiguration_ESTest,46,0,True
1135,NPEX,Commons_Configuration-a76a3a65,0,3a645296f9b24056a4250e32409dafa1,org.apache.commons.configuration2.XMLConfiguration,org.apache.commons.configuration2.XMLConfiguration_ESTest,42,0,True
1136,NPEX,Commons_Configuration-a76a3a65,0,c2a864f219764f52a1adf1a0f9563dfd,org.apache.commons.configuration2.XMLConfiguration,org.apache.commons.configuration2.XMLConfiguration_ESTest,46,0,True
1137,NPEX,Commons_Configuration-a76a3a65,0,72d9c81d7185426b91853c13d3e26333,org.apache.commons.configuration2.XMLConfiguration,org.apache.commons.configuration2.XMLConfiguration_ESTest,45,0,True
1138,NPEX,Commons_Configuration-a76a3a65,0,6fbcf64ad5af4a6b98054503662e70c5,org.apache.commons.configuration2.XMLConfiguration,org.apache.commons.configuration2.XMLConfiguration_ESTest,41,0,True
1139,NPEX,Commons_Configuration-a76a3a65,0,f14e54c561a74f678565c0c8f3f3e5e4,org.apache.commons.configuration2.XMLConfiguration,org.apache.commons.configuration2.XMLConfiguration_ESTest,44,0,True
1140,NPEX,Commons_Configuration-a76a3a65,0,55615c1361b94f43806b4b8da6fe9e15,org.apache.commons.configuration2.XMLConfiguration,org.apache.commons.configuration2.XMLConfiguration_ESTest,40,0,True
1141,NPEX,Commons_Configuration-a76a3a65,0,e7b36710b96b4ec78d4b23f6d0b661df,org.apache.commons.configuration2.XMLConfiguration,org.apache.commons.configuration2.XMLConfiguration_ESTest,40,0,True
1142,NPEX,Commons_Configuration-a76a3a65,0,46d8d16334df4aa5bb94ed480584e73d,org.apache.commons.configuration2.XMLConfiguration,org.apache.commons.configuration2.XMLConfiguration_ESTest,48,0,True
1143,NPEX,Commons_Configuration-a76a3a65,0,63ee00bc6d22412882e858bd2a739b02,org.apache.commons.configuration2.XMLConfiguration,org.apache.commons.configuration2.XMLConfiguration_ESTest,40,0,True
1144,NPEX,Commons_Configuration-a76a3a65,0,1a3a0799cc7d4448a551d0d33aefd0a0,org.apache.commons.configuration2.XMLConfiguration,org.apache.commons.configuration2.XMLConfiguration_ESTest,46,0,True
1145,NPEX,Commons_Configuration-a76a3a65,0,3629b457a05a4147a6875d6bdd5ffae2,org.apache.commons.configuration2.XMLConfiguration,org.apache.commons.configuration2.XMLConfiguration_ESTest,43,0,True
1146,NPEX,Commons_Configuration-a76a3a65,0,8c8875ce9f3d47ba95854f2fc3ae5e84,org.apache.commons.configuration2.XMLConfiguration,org.apache.commons.configuration2.XMLConfiguration_ESTest,44,0,True
1147,NPEX,Commons_Configuration-a76a3a65,0,ebb5252c6daa4111bab9d4531434f275,org.apache.commons.configuration2.XMLConfiguration,org.apache.commons.configuration2.XMLConfiguration_ESTest,45,0,True
1148,NPEX,Commons_Configuration-a76a3a65,0,366b58736379404cb6a1a894383e0226,org.apache.commons.configuration2.XMLConfiguration,org.apache.commons.configuration2.XMLConfiguration_ESTest,44,0,True
1149,NPEX,Commons_Configuration-a76a3a65,0,9fc30f27903946eb8b63ee85e0d9b3a6,org.apache.commons.configuration2.XMLConfiguration,org.apache.commons.configuration2.XMLConfiguration_ESTest,47,0,True
1150,NPEX,Commons_Configuration-a76a3a65,0,887c07fc52e54bd98ad0d06c46d2e7cf,org.apache.commons.configuration2.XMLConfiguration,org.apache.commons.configuration2.XMLConfiguration_ESTest,43,0,True
1151,NPEX,Commons_Collections-796114ea,0,be58031908ed4dc39a6c8a234b309825,org.apache.commons.collections4.trie.AbstractPatriciaTrie,org.apache.commons.collections4.trie.AbstractPatriciaTrie_ESTest,99,0,False
1152,NPEX,Commons_Collections-796114ea,0,71661ac3ef9a4218b92e371e2834a148,org.apache.commons.collections4.trie.AbstractPatriciaTrie,org.apache.commons.collections4.trie.AbstractPatriciaTrie_ESTest,111,0,False
1153,NPEX,Commons_Collections-796114ea,0,4822e0973b104d1a9f82f9ed3689f84b,org.apache.commons.collections4.trie.AbstractPatriciaTrie,org.apache.commons.collections4.trie.AbstractPatriciaTrie_ESTest,93,0,False
1154,NPEX,Commons_Collections-796114ea,0,55c42ff84d784b749ca2cb4b7348a254,org.apache.commons.collections4.trie.AbstractPatriciaTrie,org.apache.commons.collections4.trie.AbstractPatriciaTrie_ESTest,109,0,False
1155,NPEX,Commons_Collections-796114ea,0,0ece8714bb8e460c99d729233ced377b,org.apache.commons.collections4.trie.AbstractPatriciaTrie,org.apache.commons.collections4.trie.AbstractPatriciaTrie_ESTest,100,0,False
1156,NPEX,Commons_Collections-796114ea,0,eabe6cc43b1b40f095ebac2ff7fc3a38,org.apache.commons.collections4.trie.AbstractPatriciaTrie,org.apache.commons.collections4.trie.AbstractPatriciaTrie_ESTest,105,0,False
1157,NPEX,Commons_Collections-796114ea,0,4c6a64852914404aaa2363a965e65887,org.apache.commons.collections4.trie.AbstractPatriciaTrie,org.apache.commons.collections4.trie.AbstractPatriciaTrie_ESTest,104,0,False
1158,NPEX,Commons_Collections-796114ea,0,b7210607eb4445a19d084c5174c623d2,org.apache.commons.collections4.trie.AbstractPatriciaTrie,org.apache.commons.collections4.trie.AbstractPatriciaTrie_ESTest,87,0,False
1159,NPEX,Commons_Collections-796114ea,0,51f94950f780413da02c28315bd7a1e6,org.apache.commons.collections4.trie.AbstractPatriciaTrie,org.apache.commons.collections4.trie.AbstractPatriciaTrie_ESTest,104,0,False
1160,NPEX,Commons_Collections-796114ea,0,efd98f611cf240aaa9eb75228ccf8615,org.apache.commons.collections4.trie.AbstractPatriciaTrie,org.apache.commons.collections4.trie.AbstractPatriciaTrie_ESTest,97,0,False
1161,NPEX,Commons_Collections-796114ea,0,429be4c00eee4f7f9ebfc465afe84fb4,org.apache.commons.collections4.trie.AbstractPatriciaTrie,org.apache.commons.collections4.trie.AbstractPatriciaTrie_ESTest,89,0,False
1162,NPEX,Commons_Collections-796114ea,0,2af8e6cda97f47e892e28eac68fce659,org.apache.commons.collections4.trie.AbstractPatriciaTrie,org.apache.commons.collections4.trie.AbstractPatriciaTrie_ESTest,105,0,False
1163,NPEX,Commons_Collections-796114ea,0,88ca0a7758bd41778a36536e0526960a,org.apache.commons.collections4.trie.AbstractPatriciaTrie,org.apache.commons.collections4.trie.AbstractPatriciaTrie_ESTest,102,0,False
1164,NPEX,Commons_Collections-796114ea,0,15a72bf5040142a88a1d8bb90952a38b,org.apache.commons.collections4.trie.AbstractPatriciaTrie,org.apache.commons.collections4.trie.AbstractPatriciaTrie_ESTest,99,0,False
1165,NPEX,Commons_Collections-796114ea,0,3e921fb029a24881bac1d514fe0389a0,org.apache.commons.collections4.trie.AbstractPatriciaTrie,org.apache.commons.collections4.trie.AbstractPatriciaTrie_ESTest,114,0,False
1166,NPEX,Commons_Collections-796114ea,0,e8ce273a78ac4f0a862a9ec26fc27c7e,org.apache.commons.collections4.trie.AbstractPatriciaTrie,org.apache.commons.collections4.trie.AbstractPatriciaTrie_ESTest,97,0,False
1167,NPEX,Commons_Collections-796114ea,0,843f4c679a09426aa28608911c7cfb92,org.apache.commons.collections4.trie.AbstractPatriciaTrie,org.apache.commons.collections4.trie.AbstractPatriciaTrie_ESTest,106,0,False
1168,NPEX,Commons_Collections-796114ea,0,1cc220f83e8c4446852e119a077d8bc0,org.apache.commons.collections4.trie.AbstractPatriciaTrie,org.apache.commons.collections4.trie.AbstractPatriciaTrie_ESTest,101,0,False
1169,NPEX,Commons_Collections-796114ea,0,f0b4fe4e2c3e482cbb2975c4989e66b0,org.apache.commons.collections4.trie.AbstractPatriciaTrie,org.apache.commons.collections4.trie.AbstractPatriciaTrie_ESTest,112,0,False
1170,NPEX,Commons_Collections-796114ea,0,a7c7784888cc4d93a53de3a15df6911a,org.apache.commons.collections4.trie.AbstractPatriciaTrie,org.apache.commons.collections4.trie.AbstractPatriciaTrie_ESTest,102,0,False
1171,NPEX,JSPWiki-d5bcff78,0,8c581b5643164ccb8397c556de0deee1,org.apache.wiki.util.HttpUtil,org.apache.wiki.util.HttpUtil_ESTest,35,0,False
1172,NPEX,JSPWiki-d5bcff78,0,b34c172e38c84c1caa2059dd1b76e024,org.apache.wiki.util.HttpUtil,org.apache.wiki.util.HttpUtil_ESTest,31,0,False
1173,NPEX,JSPWiki-d5bcff78,0,f475369ef37b41f6ab4056580f48d22f,org.apache.wiki.util.HttpUtil,org.apache.wiki.util.HttpUtil_ESTest,33,0,False
1174,NPEX,JSPWiki-d5bcff78,0,a9d12cb90ad94a3cb10f5a5608c8027e,org.apache.wiki.util.HttpUtil,org.apache.wiki.util.HttpUtil_ESTest,36,0,False
1175,NPEX,JSPWiki-d5bcff78,0,7c6cd9ee1e0d4c66bc6b2b4ad98aa4e5,org.apache.wiki.util.HttpUtil,org.apache.wiki.util.HttpUtil_ESTest,35,0,False
1176,NPEX,JSPWiki-d5bcff78,0,e81180f31d87477e91379d2f9062dd40,org.apache.wiki.util.HttpUtil,org.apache.wiki.util.HttpUtil_ESTest,37,0,False
1177,NPEX,JSPWiki-d5bcff78,0,023ea6c6588e4ec09cf2dd2281ae5d4f,org.apache.wiki.util.HttpUtil,org.apache.wiki.util.HttpUtil_ESTest,35,0,False
1178,NPEX,JSPWiki-d5bcff78,0,e9c410d885c6435d8f4b8a001e2d94e2,org.apache.wiki.util.HttpUtil,org.apache.wiki.util.HttpUtil_ESTest,36,0,False
1179,NPEX,JSPWiki-d5bcff78,0,294cb08030604e57a2c5d76ff17053fb,org.apache.wiki.util.HttpUtil,org.apache.wiki.util.HttpUtil_ESTest,36,0,False
1180,NPEX,JSPWiki-d5bcff78,0,2990d328e9634fc9bf3af77ef798ea26,org.apache.wiki.util.HttpUtil,org.apache.wiki.util.HttpUtil_ESTest,37,0,False
1181,NPEX,JSPWiki-d5bcff78,0,d1cf2adb95d248d19db6377f8135dc07,org.apache.wiki.util.HttpUtil,org.apache.wiki.util.HttpUtil_ESTest,36,0,False
1182,NPEX,JSPWiki-d5bcff78,0,2d98a754751541e0abcfefbbdf4d1231,org.apache.wiki.util.HttpUtil,org.apache.wiki.util.HttpUtil_ESTest,33,0,False
1183,NPEX,JSPWiki-d5bcff78,0,16129058bf1e438e858f7d2f0cc343d4,org.apache.wiki.util.HttpUtil,org.apache.wiki.util.HttpUtil_ESTest,35,0,False
1184,NPEX,JSPWiki-d5bcff78,0,fb6c7aad05a44c3883de8f7390822241,org.apache.wiki.util.HttpUtil,org.apache.wiki.util.HttpUtil_ESTest,34,0,False
1185,NPEX,JSPWiki-d5bcff78,0,e7f1197dbe6140bb8bbe4fdb9eb7a9ab,org.apache.wiki.util.HttpUtil,org.apache.wiki.util.HttpUtil_ESTest,34,0,False
1186,NPEX,JSPWiki-d5bcff78,0,0e20907164d44596bbd1824a1ee39c9c,org.apache.wiki.util.HttpUtil,org.apache.wiki.util.HttpUtil_ESTest,34,0,False
1187,NPEX,JSPWiki-d5bcff78,0,569066d0aacc4b49b777cfba912254ee,org.apache.wiki.util.HttpUtil,org.apache.wiki.util.HttpUtil_ESTest,36,0,False
1188,NPEX,JSPWiki-d5bcff78,0,9533fc4355b5486ca504fea995d5bf58,org.apache.wiki.util.HttpUtil,org.apache.wiki.util.HttpUtil_ESTest,36,0,True
1189,NPEX,JSPWiki-d5bcff78,0,2a1b06e37bdf43b18f5e4a15cd88310e,org.apache.wiki.util.HttpUtil,org.apache.wiki.util.HttpUtil_ESTest,36,0,False
1190,NPEX,JSPWiki-d5bcff78,0,77389427d6be459dabbcd6243accd59e,org.apache.wiki.util.HttpUtil,org.apache.wiki.util.HttpUtil_ESTest,36,0,False
1191,NPEX,Picocli-06283710,0,2e7a35840a0445b989a677afc31ab825,picocli.CommandLine,picocli.CommandLine_ESTest,96,0,False
1192,NPEX,Picocli-06283710,0,f0205593d17e4a0dbfefa480b5e2f5d7,picocli.CommandLine,picocli.CommandLine_ESTest,103,0,False
1193,NPEX,Picocli-06283710,0,f42d0e16f0f34ec699379a03a60feb5e,picocli.CommandLine,picocli.CommandLine_ESTest,100,0,False
1194,NPEX,Picocli-06283710,0,84e85532f197414591aff979a00383d8,picocli.CommandLine,picocli.CommandLine_ESTest,98,0,False
1195,NPEX,Picocli-06283710,0,137357f386994bb1a9043c39c3d9e2f9,picocli.CommandLine,picocli.CommandLine_ESTest,104,0,False
1196,NPEX,Picocli-06283710,0,6ee11f0f94d64fb0b36d659b536f326a,picocli.CommandLine,picocli.CommandLine_ESTest,104,0,False
1197,NPEX,Picocli-06283710,0,e3c41766b2774fc3a6bf4373c7df1e58,picocli.CommandLine,picocli.CommandLine_ESTest,93,0,False
1198,NPEX,Picocli-06283710,0,21eef25103ca4e50af038e67640c68b7,picocli.CommandLine,picocli.CommandLine_ESTest,107,0,False
1199,NPEX,Picocli-06283710,0,f40ba1a977d241aabdff77608b7b7d1d,picocli.CommandLine,picocli.CommandLine_ESTest,100,0,False
1200,NPEX,Picocli-06283710,0,7a49700879874f2eb4331d08b7a6f98e,picocli.CommandLine,picocli.CommandLine_ESTest,91,0,False
1201,NPEX,Picocli-06283710,0,940b23b1b7c44e538b5ad2b47f69af18,picocli.CommandLine,picocli.CommandLine_ESTest,104,0,False
1202,NPEX,Picocli-06283710,0,f559bd8df48c4d1a8abe3e8edd992026,picocli.CommandLine,picocli.CommandLine_ESTest,96,0,False
1203,NPEX,Picocli-06283710,0,7000ca39682c4f23be57fe9a36ea6e88,picocli.CommandLine,picocli.CommandLine_ESTest,89,0,False
1204,NPEX,Picocli-06283710,0,0ef5701080f749128f782a83a8c1f9d4,picocli.CommandLine,picocli.CommandLine_ESTest,106,0,False
1205,NPEX,Picocli-06283710,0,49700b4271cf43268697dd94fe30bdfe,picocli.CommandLine,picocli.CommandLine_ESTest,91,0,False
1206,NPEX,Picocli-06283710,0,9dfc9d016f754b25bf3d211be438a9a1,picocli.CommandLine,picocli.CommandLine_ESTest,106,0,False
1207,NPEX,Picocli-06283710,0,5756a23280294ad5a2ba9f7402714262,picocli.CommandLine,picocli.CommandLine_ESTest,97,0,False
1208,NPEX,Picocli-06283710,0,d69e7da8d5874689af89caace49f7b0f,picocli.CommandLine,picocli.CommandLine_ESTest,96,0,False
1209,NPEX,Picocli-06283710,0,0c2904d77c234e798fe38af2bf63ea56,picocli.CommandLine,picocli.CommandLine_ESTest,100,0,False
1210,NPEX,Picocli-06283710,0,57ea1704eba5444bb08ddb59ea606a45,picocli.CommandLine,picocli.CommandLine_ESTest,101,0,False
1211,NPEX,Feign-9c5a52d6,0,248ae0094eef461ab1a2a015a9b25c1a,feign.Response,feign.Response_ESTest,14,0,False
1212,NPEX,Feign-9c5a52d6,0,04ad5063b3e140a28f53aab1466f8785,feign.Response,feign.Response_ESTest,13,0,False
1213,NPEX,Feign-9c5a52d6,0,763f38a8b3fc4f67a843c8d1df2086ba,feign.Response,feign.Response_ESTest,17,0,False
1214,NPEX,Feign-9c5a52d6,0,2e0955cfaaeb4d82a6195f523b7eb5ce,feign.Response,feign.Response_ESTest,14,0,False
1215,NPEX,Feign-9c5a52d6,0,c7d36ccb098046fb98e0d18ede20727c,feign.Response,feign.Response_ESTest,12,0,False
1216,NPEX,Feign-9c5a52d6,0,8ae144626fff418aa18e65c1feef5cfd,feign.Response,feign.Response_ESTest,12,0,False
1217,NPEX,Feign-9c5a52d6,0,aaaad9460007439f923adbf3db79fecf,feign.Response,feign.Response_ESTest,14,0,False
1218,NPEX,Feign-9c5a52d6,0,0babafeb364840e1a832a5bc83b7abd7,feign.Response,feign.Response_ESTest,13,0,False
1219,NPEX,Feign-9c5a52d6,0,4875f4993fe844a4805e9792806ad139,feign.Response,feign.Response_ESTest,13,0,True
1220,NPEX,Feign-9c5a52d6,0,531857945158433d8ec68e3474a04efa,feign.Response,feign.Response_ESTest,19,0,False
1221,NPEX,Feign-9c5a52d6,0,6f8238c91978482480918ae58186b44a,feign.Response,feign.Response_ESTest,13,0,True
1222,NPEX,Feign-9c5a52d6,0,b69adbb33a8d4ecfa6069e06e0411392,feign.Response,feign.Response_ESTest,14,0,False
1223,NPEX,Feign-9c5a52d6,0,3d6e5037c9174d30bca48dbf8b78ad93,feign.Response,feign.Response_ESTest,15,0,True
1224,NPEX,Feign-9c5a52d6,0,58c692df27104f8692115078451c1e00,feign.Response,feign.Response_ESTest,14,0,False
1225,NPEX,Feign-9c5a52d6,0,ffc527659c744d148bd9ffacdb470440,feign.Response,feign.Response_ESTest,14,0,False
1226,NPEX,Feign-9c5a52d6,0,8b5ca5e7ded04d15b80ef57796edf840,feign.Response,feign.Response_ESTest,14,0,False
1227,NPEX,Feign-9c5a52d6,0,2d388530db9d48809eec60717bef304b,feign.Response,feign.Response_ESTest,14,0,False
1228,NPEX,Feign-9c5a52d6,0,3730d3ac98ca4521a36c5780d86d49f9,feign.Response,feign.Response_ESTest,13,0,False
1229,NPEX,Feign-9c5a52d6,0,8a0c97748f804b63b37cf86b470b3bea,feign.Response,feign.Response_ESTest,12,0,False
1230,NPEX,Feign-9c5a52d6,0,422561c5e9e144348faaac1f6213e293,feign.Response,feign.Response_ESTest,14,0,False
1231,NPEX,CXF-209407e0,0,cab613a7c565437c886828ea3b2a4c81,org.apache.cxf.jaxrs.utils.JAXRSUtils,org.apache.cxf.jaxrs.utils.JAXRSUtils_ESTest,114,0,True
1232,NPEX,CXF-209407e0,0,893266dae1574c93a0c9d7875535aba8,org.apache.cxf.jaxrs.utils.JAXRSUtils,org.apache.cxf.jaxrs.utils.JAXRSUtils_ESTest,112,0,True
1233,NPEX,CXF-209407e0,0,63ee9d320c4340f3a29946bd3ffa731c,org.apache.cxf.jaxrs.utils.JAXRSUtils,org.apache.cxf.jaxrs.utils.JAXRSUtils_ESTest,118,0,True
1234,NPEX,CXF-209407e0,0,5e2afe4560584b0ea544d57663bb9e0c,org.apache.cxf.jaxrs.utils.JAXRSUtils,org.apache.cxf.jaxrs.utils.JAXRSUtils_ESTest,113,0,True
1235,NPEX,CXF-209407e0,0,24c2f27f5f994138bef2e815fd8d8974,org.apache.cxf.jaxrs.utils.JAXRSUtils,org.apache.cxf.jaxrs.utils.JAXRSUtils_ESTest,108,0,True
1236,NPEX,CXF-209407e0,0,076cdba5d1ed48b2a0863eaefb9b7af7,org.apache.cxf.jaxrs.utils.JAXRSUtils,org.apache.cxf.jaxrs.utils.JAXRSUtils_ESTest,132,0,True
1237,NPEX,CXF-209407e0,0,cac1fa0f54ed4e34b0869518c2208f80,org.apache.cxf.jaxrs.utils.JAXRSUtils,org.apache.cxf.jaxrs.utils.JAXRSUtils_ESTest,126,0,False
1238,NPEX,CXF-209407e0,0,8593bbab667e4bb4aa4632254a73038a,org.apache.cxf.jaxrs.utils.JAXRSUtils,org.apache.cxf.jaxrs.utils.JAXRSUtils_ESTest,129,0,True
1239,NPEX,CXF-209407e0,0,856a1557614243349cfbad7921297e6a,org.apache.cxf.jaxrs.utils.JAXRSUtils,org.apache.cxf.jaxrs.utils.JAXRSUtils_ESTest,120,0,True
1240,NPEX,CXF-209407e0,0,6468d62acb4c4f93ac18542c5fd93044,org.apache.cxf.jaxrs.utils.JAXRSUtils,org.apache.cxf.jaxrs.utils.JAXRSUtils_ESTest,123,0,True
1241,NPEX,CXF-209407e0,0,75777197ac794dfc9cb376872ac4f092,org.apache.cxf.jaxrs.utils.JAXRSUtils,org.apache.cxf.jaxrs.utils.JAXRSUtils_ESTest,120,0,True
1242,NPEX,CXF-209407e0,0,6711ac3080b64851b845c6b1ffdfa375,org.apache.cxf.jaxrs.utils.JAXRSUtils,org.apache.cxf.jaxrs.utils.JAXRSUtils_ESTest,114,0,True
1243,NPEX,CXF-209407e0,0,b10c264092f74e56aa39d6c665348bb6,org.apache.cxf.jaxrs.utils.JAXRSUtils,org.apache.cxf.jaxrs.utils.JAXRSUtils_ESTest,122,0,True
1244,NPEX,CXF-209407e0,0,b69a302d88264da5bdfb2b788eed0d0e,org.apache.cxf.jaxrs.utils.JAXRSUtils,org.apache.cxf.jaxrs.utils.JAXRSUtils_ESTest,126,0,True
1245,NPEX,CXF-209407e0,0,5ed7a5a1350e4c17912cbcfde6341cfa,org.apache.cxf.jaxrs.utils.JAXRSUtils,org.apache.cxf.jaxrs.utils.JAXRSUtils_ESTest,115,0,True
1246,NPEX,CXF-209407e0,0,c47bd393b6bb460688f927e81f2ccb8d,org.apache.cxf.jaxrs.utils.JAXRSUtils,org.apache.cxf.jaxrs.utils.JAXRSUtils_ESTest,109,0,True
1247,NPEX,CXF-209407e0,0,5696819d5f9f4c8280e4ff8719c67a8c,org.apache.cxf.jaxrs.utils.JAXRSUtils,org.apache.cxf.jaxrs.utils.JAXRSUtils_ESTest,116,0,True
1248,NPEX,CXF-209407e0,0,d39b79ca1c1d482aaf52e38a543e4833,org.apache.cxf.jaxrs.utils.JAXRSUtils,org.apache.cxf.jaxrs.utils.JAXRSUtils_ESTest,115,0,False
1249,NPEX,CXF-209407e0,0,d80fca9bbd5345f6b503302bc4634846,org.apache.cxf.jaxrs.utils.JAXRSUtils,org.apache.cxf.jaxrs.utils.JAXRSUtils_ESTest,127,0,True
1250,NPEX,CXF-209407e0,0,6b1612766e114a838f48277c43e635ca,org.apache.cxf.jaxrs.utils.JAXRSUtils,org.apache.cxf.jaxrs.utils.JAXRSUtils_ESTest,123,0,True
1251,NPEX,Commons_DBCP-2ee3c53e,0,c6d2d02b85a7486696c8319b234921d8,org.apache.commons.dbcp2.cpdsadapter.DriverAdapterCPDS,org.apache.commons.dbcp2.cpdsadapter.DriverAdapterCPDS_ESTest,59,0,True
1252,NPEX,Commons_DBCP-2ee3c53e,0,0b136c04daea428cabd0d8a2b01f92de,org.apache.commons.dbcp2.cpdsadapter.DriverAdapterCPDS,org.apache.commons.dbcp2.cpdsadapter.DriverAdapterCPDS_ESTest,58,0,True
1253,NPEX,Commons_DBCP-2ee3c53e,0,bb43b7a2240648ed878f4b38f5c03b76,org.apache.commons.dbcp2.cpdsadapter.DriverAdapterCPDS,org.apache.commons.dbcp2.cpdsadapter.DriverAdapterCPDS_ESTest,50,0,True
1254,NPEX,Commons_DBCP-2ee3c53e,0,373e0239c78c46049b2d5efc7baf963d,org.apache.commons.dbcp2.cpdsadapter.DriverAdapterCPDS,org.apache.commons.dbcp2.cpdsadapter.DriverAdapterCPDS_ESTest,56,0,True
1255,NPEX,Commons_DBCP-2ee3c53e,0,3abb876131ad433da7d91f71a0ae73e0,org.apache.commons.dbcp2.cpdsadapter.DriverAdapterCPDS,org.apache.commons.dbcp2.cpdsadapter.DriverAdapterCPDS_ESTest,55,0,True
1256,NPEX,Commons_DBCP-2ee3c53e,0,201e52b2b72d4f54bdf2c580f2851317,org.apache.commons.dbcp2.cpdsadapter.DriverAdapterCPDS,org.apache.commons.dbcp2.cpdsadapter.DriverAdapterCPDS_ESTest,58,0,True
1257,NPEX,Commons_DBCP-2ee3c53e,0,e68cd5e2f6ae4e85b194bae128a110fe,org.apache.commons.dbcp2.cpdsadapter.DriverAdapterCPDS,org.apache.commons.dbcp2.cpdsadapter.DriverAdapterCPDS_ESTest,49,0,True
1258,NPEX,Commons_DBCP-2ee3c53e,0,9d851fdef02246eaaf4014ceb782c294,org.apache.commons.dbcp2.cpdsadapter.DriverAdapterCPDS,org.apache.commons.dbcp2.cpdsadapter.DriverAdapterCPDS_ESTest,55,0,True
1259,NPEX,Commons_DBCP-2ee3c53e,0,496a5d766dda4dcd997fc3cdbcfd9f8c,org.apache.commons.dbcp2.cpdsadapter.DriverAdapterCPDS,org.apache.commons.dbcp2.cpdsadapter.DriverAdapterCPDS_ESTest,63,0,True
1260,NPEX,Commons_DBCP-2ee3c53e,0,816d3a1b743c416c819a3f8493036cc8,org.apache.commons.dbcp2.cpdsadapter.DriverAdapterCPDS,org.apache.commons.dbcp2.cpdsadapter.DriverAdapterCPDS_ESTest,52,0,True
1261,NPEX,Commons_DBCP-2ee3c53e,0,40d533f66f6447d898a8e315396ee203,org.apache.commons.dbcp2.cpdsadapter.DriverAdapterCPDS,org.apache.commons.dbcp2.cpdsadapter.DriverAdapterCPDS_ESTest,61,0,True
1262,NPEX,Commons_DBCP-2ee3c53e,0,25ed37b33c494531bd8b6711a8f5c1fd,org.apache.commons.dbcp2.cpdsadapter.DriverAdapterCPDS,org.apache.commons.dbcp2.cpdsadapter.DriverAdapterCPDS_ESTest,53,0,True
1263,NPEX,Commons_DBCP-2ee3c53e,0,53ee8006116840aca3fa33ef0b1e4728,org.apache.commons.dbcp2.cpdsadapter.DriverAdapterCPDS,org.apache.commons.dbcp2.cpdsadapter.DriverAdapterCPDS_ESTest,61,0,True
1264,NPEX,Commons_DBCP-2ee3c53e,0,ca4d9f6684c24f929b98949a9b485dfb,org.apache.commons.dbcp2.cpdsadapter.DriverAdapterCPDS,org.apache.commons.dbcp2.cpdsadapter.DriverAdapterCPDS_ESTest,56,0,True
1265,NPEX,Commons_DBCP-2ee3c53e,0,98d3afca997d4cd8ab0dd60f918f0b64,org.apache.commons.dbcp2.cpdsadapter.DriverAdapterCPDS,org.apache.commons.dbcp2.cpdsadapter.DriverAdapterCPDS_ESTest,49,0,True
1266,NPEX,Commons_DBCP-2ee3c53e,0,f33a50d66cc14e61a46591761a21e15c,org.apache.commons.dbcp2.cpdsadapter.DriverAdapterCPDS,org.apache.commons.dbcp2.cpdsadapter.DriverAdapterCPDS_ESTest,62,0,True
1267,NPEX,Commons_DBCP-2ee3c53e,0,5a991bbf512e4bff898ecba45f90ae67,org.apache.commons.dbcp2.cpdsadapter.DriverAdapterCPDS,org.apache.commons.dbcp2.cpdsadapter.DriverAdapterCPDS_ESTest,61,0,True
1268,NPEX,Commons_DBCP-2ee3c53e,0,e9eb8ce5cee8436fb7d1af5a73d6c3a4,org.apache.commons.dbcp2.cpdsadapter.DriverAdapterCPDS,org.apache.commons.dbcp2.cpdsadapter.DriverAdapterCPDS_ESTest,60,0,True
1269,NPEX,Commons_DBCP-2ee3c53e,0,fba38b0042f44fdb9a651169f5e9f07e,org.apache.commons.dbcp2.cpdsadapter.DriverAdapterCPDS,org.apache.commons.dbcp2.cpdsadapter.DriverAdapterCPDS_ESTest,61,0,True
1270,NPEX,Commons_DBCP-2ee3c53e,0,f858ecaba41244a886a2466f8680ad48,org.apache.commons.dbcp2.cpdsadapter.DriverAdapterCPDS,org.apache.commons.dbcp2.cpdsadapter.DriverAdapterCPDS_ESTest,57,0,True
1271,NPEX,Java_WebSocket-a2b35482,0,200f3f7663cf4de2afdb8b0998ff3915,org.java_websocket.server.WebSocketServer,org.java_websocket.server.WebSocketServer_ESTest,23,0,False
1272,NPEX,Java_WebSocket-a2b35482,0,13f61eee9add43049fd22010c3d618ae,org.java_websocket.server.WebSocketServer,org.java_websocket.server.WebSocketServer_ESTest,15,0,False
1273,NPEX,Java_WebSocket-a2b35482,0,a487e907241f4a8892a190ce016630e3,org.java_websocket.server.WebSocketServer,org.java_websocket.server.WebSocketServer_ESTest,16,0,False
1274,NPEX,Java_WebSocket-a2b35482,0,cd48d16c71be4628ace0f989e6b7f5fb,org.java_websocket.server.WebSocketServer,org.java_websocket.server.WebSocketServer_ESTest,14,0,False
1275,NPEX,Java_WebSocket-a2b35482,0,702bc37b13044a7ba0aef48e285fb008,org.java_websocket.server.WebSocketServer,org.java_websocket.server.WebSocketServer_ESTest,15,0,False
1276,NPEX,Java_WebSocket-a2b35482,0,48dbbfca7bb04d91990b0a4bdc89aa26,org.java_websocket.server.WebSocketServer,org.java_websocket.server.WebSocketServer_ESTest,21,0,False
1277,NPEX,Java_WebSocket-a2b35482,0,a056e7f642ea46148c2e022df33096a3,org.java_websocket.server.WebSocketServer,org.java_websocket.server.WebSocketServer_ESTest,22,0,False
1278,NPEX,Java_WebSocket-a2b35482,0,43da6ab04f5a4f629a501de0f202d5bc,org.java_websocket.server.WebSocketServer,org.java_websocket.server.WebSocketServer_ESTest,20,0,False
1279,NPEX,Java_WebSocket-a2b35482,0,482efcae45ef409892b22c0ad2759e5a,org.java_websocket.server.WebSocketServer,org.java_websocket.server.WebSocketServer_ESTest,17,0,False
1280,NPEX,Java_WebSocket-a2b35482,0,73a1820a8fc24da9830533c8b9c45416,org.java_websocket.server.WebSocketServer,org.java_websocket.server.WebSocketServer_ESTest,16,0,False
1281,NPEX,Java_WebSocket-a2b35482,0,53c956497707442596a25ffcf700009b,org.java_websocket.server.WebSocketServer,org.java_websocket.server.WebSocketServer_ESTest,19,0,False
1282,NPEX,Java_WebSocket-a2b35482,0,53c956497707442596a25ffcf700009b,org.java_websocket.server.WebSocketServer,org.java_websocket.server.WebSocketServer_ESTest$1,19,0,False
1283,NPEX,Java_WebSocket-a2b35482,0,47b8c91b30e74e34be2b7793597ca2fd,org.java_websocket.server.WebSocketServer,org.java_websocket.server.WebSocketServer_ESTest,22,0,False
1284,NPEX,Java_WebSocket-a2b35482,0,b98d4d0ce87f4daf8558e6a1d3af4e36,org.java_websocket.server.WebSocketServer,org.java_websocket.server.WebSocketServer_ESTest,15,0,False
1285,NPEX,Java_WebSocket-a2b35482,0,1fdae98acdc6413e923f772572ac3389,org.java_websocket.server.WebSocketServer,org.java_websocket.server.WebSocketServer_ESTest,18,0,False
1286,NPEX,Java_WebSocket-a2b35482,0,4dde15d4a55a42ef8e1a2bd0572f867e,org.java_websocket.server.WebSocketServer,org.java_websocket.server.WebSocketServer_ESTest,13,0,False
1287,NPEX,Java_WebSocket-a2b35482,0,0487039f1f284b86b59c1c8d8e65f289,org.java_websocket.server.WebSocketServer,org.java_websocket.server.WebSocketServer_ESTest,19,0,False
1288,NPEX,Java_WebSocket-a2b35482,0,3f524b90de854f6c89cfc6905ce76d60,org.java_websocket.server.WebSocketServer,org.java_websocket.server.WebSocketServer_ESTest,20,0,False
1289,NPEX,Java_WebSocket-a2b35482,0,599b4d5bdf8041a0afd9f9c762d1dfac,org.java_websocket.server.WebSocketServer,org.java_websocket.server.WebSocketServer_ESTest,17,0,False
1290,NPEX,Java_WebSocket-a2b35482,0,5967be82142a465caede9cf2b72e0c79,org.java_websocket.server.WebSocketServer,org.java_websocket.server.WebSocketServer_ESTest,18,0,False
1291,NPEX,Java_WebSocket-a2b35482,0,66137539e7b648d0a88c8f0df912f3b9,org.java_websocket.server.WebSocketServer,org.java_websocket.server.WebSocketServer_ESTest,21,0,False
1292,NPEX,RocketMQ-f5a119f1,0,bc950ae79ad547d48819afc7c119ff88,org.apache.rocketmq.client.impl.factory.MQClientInstance,org.apache.rocketmq.client.impl.factory.MQClientInstance_ESTest,7,0,False
1293,NPEX,RocketMQ-f5a119f1,0,8caf2d53c1ea4d0f9d808c2cf5e32fab,org.apache.rocketmq.client.impl.factory.MQClientInstance,org.apache.rocketmq.client.impl.factory.MQClientInstance_ESTest,8,0,False
1294,NPEX,RocketMQ-f5a119f1,0,9d5c17116b4e435a85304eafede5c641,org.apache.rocketmq.client.impl.factory.MQClientInstance,org.apache.rocketmq.client.impl.factory.MQClientInstance_ESTest,7,0,False
1295,NPEX,RocketMQ-f5a119f1,0,d462eae60b744396a7b979d4be23dec4,org.apache.rocketmq.client.impl.factory.MQClientInstance,org.apache.rocketmq.client.impl.factory.MQClientInstance_ESTest,7,0,False
1296,NPEX,RocketMQ-f5a119f1,0,d04a453a8a184bd0868c98f1300a3f50,org.apache.rocketmq.client.impl.factory.MQClientInstance,org.apache.rocketmq.client.impl.factory.MQClientInstance_ESTest,6,0,False
1297,NPEX,RocketMQ-f5a119f1,0,d0ea71a916c241098fadc76a2cd2f491,org.apache.rocketmq.client.impl.factory.MQClientInstance,org.apache.rocketmq.client.impl.factory.MQClientInstance_ESTest,8,0,False
1298,NPEX,RocketMQ-f5a119f1,0,38bbb2dce11f44b2a3a79357f6a923a8,org.apache.rocketmq.client.impl.factory.MQClientInstance,org.apache.rocketmq.client.impl.factory.MQClientInstance_ESTest,8,0,False
1299,NPEX,RocketMQ-f5a119f1,0,45f36927e2ac40ec9fe5d36e3c505218,org.apache.rocketmq.client.impl.factory.MQClientInstance,org.apache.rocketmq.client.impl.factory.MQClientInstance_ESTest,7,0,False
1300,NPEX,RocketMQ-f5a119f1,0,11a0a04cdccd468d9f60592e184520ab,org.apache.rocketmq.client.impl.factory.MQClientInstance,org.apache.rocketmq.client.impl.factory.MQClientInstance_ESTest,7,0,False
1301,NPEX,RocketMQ-f5a119f1,0,636ec223473142ffbd3100cc11a82a2e,org.apache.rocketmq.client.impl.factory.MQClientInstance,org.apache.rocketmq.client.impl.factory.MQClientInstance_ESTest,8,0,False
1302,NPEX,RocketMQ-f5a119f1,0,780bcaec6b5848d8ba52183874a9bf20,org.apache.rocketmq.client.impl.factory.MQClientInstance,org.apache.rocketmq.client.impl.factory.MQClientInstance_ESTest,7,0,False
1303,NPEX,RocketMQ-f5a119f1,0,5c8c255393f6475d916ee3cfb10e5f44,org.apache.rocketmq.client.impl.factory.MQClientInstance,org.apache.rocketmq.client.impl.factory.MQClientInstance_ESTest,6,0,False
1304,NPEX,RocketMQ-f5a119f1,0,a626dfbed47c46c19f2be7a97c5a7cd0,org.apache.rocketmq.client.impl.factory.MQClientInstance,org.apache.rocketmq.client.impl.factory.MQClientInstance_ESTest,7,0,False
1305,NPEX,RocketMQ-f5a119f1,0,e07d145002bc42baaa2fc89cb58746e4,org.apache.rocketmq.client.impl.factory.MQClientInstance,org.apache.rocketmq.client.impl.factory.MQClientInstance_ESTest,6,0,False
1306,NPEX,RocketMQ-f5a119f1,0,62fc9eb68e3242539cc62ec88889ae28,org.apache.rocketmq.client.impl.factory.MQClientInstance,org.apache.rocketmq.client.impl.factory.MQClientInstance_ESTest,8,0,False
1307,NPEX,RocketMQ-f5a119f1,0,2398cdcffb954d65acf5af33520027cb,org.apache.rocketmq.client.impl.factory.MQClientInstance,org.apache.rocketmq.client.impl.factory.MQClientInstance_ESTest,7,0,False
1308,NPEX,RocketMQ-f5a119f1,0,906b191a6a0745c893b064b64a2a30c2,org.apache.rocketmq.client.impl.factory.MQClientInstance,org.apache.rocketmq.client.impl.factory.MQClientInstance_ESTest,8,0,False
1309,NPEX,RocketMQ-f5a119f1,0,304f50f02e24459cbdb95aa3f9b9d821,org.apache.rocketmq.client.impl.factory.MQClientInstance,org.apache.rocketmq.client.impl.factory.MQClientInstance_ESTest,8,0,False
1310,NPEX,RocketMQ-f5a119f1,0,614c927f34f94129b8a5040dffbfc9fa,org.apache.rocketmq.client.impl.factory.MQClientInstance,org.apache.rocketmq.client.impl.factory.MQClientInstance_ESTest,7,0,False
1311,NPEX,RocketMQ-f5a119f1,0,61b0c0e197f14ff18b5ed600a5db79b0,org.apache.rocketmq.client.impl.factory.MQClientInstance,org.apache.rocketmq.client.impl.factory.MQClientInstance_ESTest,7,0,False
1312,NPEX,JSqlParser-66e44c95,0,901f2629ea414e0eb696e404fdc1c9e8,net.sf.jsqlparser.expression.ExpressionVisitorAdapter,net.sf.jsqlparser.expression.ExpressionVisitorAdapter_ESTest,83,0,True
1313,NPEX,JSqlParser-66e44c95,0,26b377b7ef0d49afa6f7e3cce628304d,net.sf.jsqlparser.expression.ExpressionVisitorAdapter,net.sf.jsqlparser.expression.ExpressionVisitorAdapter_ESTest,87,0,True
1314,NPEX,JSqlParser-66e44c95,0,a65088085100441ea194337b2763fa8e,net.sf.jsqlparser.expression.ExpressionVisitorAdapter,net.sf.jsqlparser.expression.ExpressionVisitorAdapter_ESTest,103,0,True
1315,NPEX,JSqlParser-66e44c95,0,3855a898bc9c4ef6ae3354634f58a9a2,net.sf.jsqlparser.expression.ExpressionVisitorAdapter,net.sf.jsqlparser.expression.ExpressionVisitorAdapter_ESTest,84,0,True
1316,NPEX,JSqlParser-66e44c95,0,021bf34e86e64fcdb25794bd8bf26814,net.sf.jsqlparser.expression.ExpressionVisitorAdapter,net.sf.jsqlparser.expression.ExpressionVisitorAdapter_ESTest,87,0,True
1317,NPEX,JSqlParser-66e44c95,0,83e0378d0dbc485a826d0b0096b2d266,net.sf.jsqlparser.expression.ExpressionVisitorAdapter,net.sf.jsqlparser.expression.ExpressionVisitorAdapter_ESTest,97,0,True
1318,NPEX,JSqlParser-66e44c95,0,5dca5c258282415b9784e2e6601b1843,net.sf.jsqlparser.expression.ExpressionVisitorAdapter,net.sf.jsqlparser.expression.ExpressionVisitorAdapter_ESTest,83,0,True
1319,NPEX,JSqlParser-66e44c95,0,1ce3059de29142e689db1bf4a7d0d03a,net.sf.jsqlparser.expression.ExpressionVisitorAdapter,net.sf.jsqlparser.expression.ExpressionVisitorAdapter_ESTest,81,0,True
1320,NPEX,JSqlParser-66e44c95,0,bb57db477792466aa02e730abe089d48,net.sf.jsqlparser.expression.ExpressionVisitorAdapter,net.sf.jsqlparser.expression.ExpressionVisitorAdapter_ESTest,88,0,False
1321,NPEX,JSqlParser-66e44c95,0,a29ce5e2bbdf48d49c8e384d9741c1e0,net.sf.jsqlparser.expression.ExpressionVisitorAdapter,net.sf.jsqlparser.expression.ExpressionVisitorAdapter_ESTest,96,0,True
1322,NPEX,JSqlParser-66e44c95,0,2cd36eed115d4a6fbd2a248e369958d8,net.sf.jsqlparser.expression.ExpressionVisitorAdapter,net.sf.jsqlparser.expression.ExpressionVisitorAdapter_ESTest,82,0,True
1323,NPEX,JSqlParser-66e44c95,0,6476ff93b7d245a6a6710b35cba95e4e,net.sf.jsqlparser.expression.ExpressionVisitorAdapter,net.sf.jsqlparser.expression.ExpressionVisitorAdapter_ESTest,88,0,True
1324,NPEX,JSqlParser-66e44c95,0,f4bac528f7dd4654bb04bf6f1a544a5a,net.sf.jsqlparser.expression.ExpressionVisitorAdapter,net.sf.jsqlparser.expression.ExpressionVisitorAdapter_ESTest,102,0,True
1325,NPEX,JSqlParser-66e44c95,0,14d6fd7d9c7e4bf7ac2b026610d0b23e,net.sf.jsqlparser.expression.ExpressionVisitorAdapter,net.sf.jsqlparser.expression.ExpressionVisitorAdapter_ESTest,94,0,True
1326,NPEX,JSqlParser-66e44c95,0,a0c1488b027045639b8da51e62f0b567,net.sf.jsqlparser.expression.ExpressionVisitorAdapter,net.sf.jsqlparser.expression.ExpressionVisitorAdapter_ESTest,112,0,True
1327,NPEX,JSqlParser-66e44c95,0,51845413ecd24c4fb952ac8d2fe87c91,net.sf.jsqlparser.expression.ExpressionVisitorAdapter,net.sf.jsqlparser.expression.ExpressionVisitorAdapter_ESTest,83,0,True
1328,NPEX,JSqlParser-66e44c95,0,a3d9e7dca86f4d27b45748ee6306cd82,net.sf.jsqlparser.expression.ExpressionVisitorAdapter,net.sf.jsqlparser.expression.ExpressionVisitorAdapter_ESTest,102,0,True
1329,NPEX,JSqlParser-66e44c95,0,56476424c5824e9bb092a65c07343d2e,net.sf.jsqlparser.expression.ExpressionVisitorAdapter,net.sf.jsqlparser.expression.ExpressionVisitorAdapter_ESTest,84,0,False
1330,NPEX,JSqlParser-66e44c95,0,00c216b906904b9d812791846cc7d0e5,net.sf.jsqlparser.expression.ExpressionVisitorAdapter,net.sf.jsqlparser.expression.ExpressionVisitorAdapter_ESTest,82,0,True
1331,NPEX,JSqlParser-66e44c95,0,448a6c3c1a204b9d8eb96512496c9734,net.sf.jsqlparser.expression.ExpressionVisitorAdapter,net.sf.jsqlparser.expression.ExpressionVisitorAdapter_ESTest,86,0,True
1332,NPEX,ShardingSphere-c08f4f18,0,e454aa9207d8402485b454c34436d855,org.apache.shardingsphere.proxy.frontend.postgresql.auth.PostgreSQLAuthenticationEngine,org.apache.shardingsphere.proxy.frontend.postgresql.auth.PostgreSQLAuthenticationEngine_ESTest,5,0,False
1333,NPEX,ShardingSphere-c08f4f18,0,14e59dd31f314bacaaaeeaa4d5a77af0,org.apache.shardingsphere.proxy.frontend.postgresql.auth.PostgreSQLAuthenticationEngine,org.apache.shardingsphere.proxy.frontend.postgresql.auth.PostgreSQLAuthenticationEngine_ESTest,5,0,False
1334,NPEX,ShardingSphere-c08f4f18,0,102c03315ee54e2198e6905207fde477,org.apache.shardingsphere.proxy.frontend.postgresql.auth.PostgreSQLAuthenticationEngine,org.apache.shardingsphere.proxy.frontend.postgresql.auth.PostgreSQLAuthenticationEngine_ESTest,6,0,False
1335,NPEX,ShardingSphere-c08f4f18,0,29f883deb6c3491bb86b23b7fef12684,org.apache.shardingsphere.proxy.frontend.postgresql.auth.PostgreSQLAuthenticationEngine,org.apache.shardingsphere.proxy.frontend.postgresql.auth.PostgreSQLAuthenticationEngine_ESTest,6,0,False
1336,NPEX,ShardingSphere-c08f4f18,0,87334c69739c4b92ade53bd34e295e83,org.apache.shardingsphere.proxy.frontend.postgresql.auth.PostgreSQLAuthenticationEngine,org.apache.shardingsphere.proxy.frontend.postgresql.auth.PostgreSQLAuthenticationEngine_ESTest,5,0,False
1337,NPEX,ShardingSphere-c08f4f18,0,89ea0320edbe404398e932e3085f288f,org.apache.shardingsphere.proxy.frontend.postgresql.auth.PostgreSQLAuthenticationEngine,org.apache.shardingsphere.proxy.frontend.postgresql.auth.PostgreSQLAuthenticationEngine_ESTest,5,0,False
1338,NPEX,ShardingSphere-c08f4f18,0,ed069d93c1dd435ebee9dd6b7a1dcf6c,org.apache.shardingsphere.proxy.frontend.postgresql.auth.PostgreSQLAuthenticationEngine,org.apache.shardingsphere.proxy.frontend.postgresql.auth.PostgreSQLAuthenticationEngine_ESTest,5,0,False
1339,NPEX,ShardingSphere-c08f4f18,0,53a8c9792f674fb19b0fdf2a25ac5b8e,org.apache.shardingsphere.proxy.frontend.postgresql.auth.PostgreSQLAuthenticationEngine,org.apache.shardingsphere.proxy.frontend.postgresql.auth.PostgreSQLAuthenticationEngine_ESTest,5,0,False
1340,NPEX,ShardingSphere-c08f4f18,0,b4c8c584130f4330920a5adbeee42bda,org.apache.shardingsphere.proxy.frontend.postgresql.auth.PostgreSQLAuthenticationEngine,org.apache.shardingsphere.proxy.frontend.postgresql.auth.PostgreSQLAuthenticationEngine_ESTest,4,0,False
1341,NPEX,ShardingSphere-c08f4f18,0,7b62b0ed910347f4ba4993e4e54b0690,org.apache.shardingsphere.proxy.frontend.postgresql.auth.PostgreSQLAuthenticationEngine,org.apache.shardingsphere.proxy.frontend.postgresql.auth.PostgreSQLAuthenticationEngine_ESTest,5,0,False
1342,NPEX,ShardingSphere-c08f4f18,0,2255d141a8444698b94a9628200c8ac1,org.apache.shardingsphere.proxy.frontend.postgresql.auth.PostgreSQLAuthenticationEngine,org.apache.shardingsphere.proxy.frontend.postgresql.auth.PostgreSQLAuthenticationEngine_ESTest,6,0,False
1343,NPEX,ShardingSphere-c08f4f18,0,2864c96ec0064094935f11817551b176,org.apache.shardingsphere.proxy.frontend.postgresql.auth.PostgreSQLAuthenticationEngine,org.apache.shardingsphere.proxy.frontend.postgresql.auth.PostgreSQLAuthenticationEngine_ESTest,5,0,False
1344,NPEX,ShardingSphere-c08f4f18,0,18d1269190f8415b959d33ea9a51dd9f,org.apache.shardingsphere.proxy.frontend.postgresql.auth.PostgreSQLAuthenticationEngine,org.apache.shardingsphere.proxy.frontend.postgresql.auth.PostgreSQLAuthenticationEngine_ESTest,5,0,False
1345,NPEX,ShardingSphere-c08f4f18,0,460911f24bf9433c8de1e357fcb3db2c,org.apache.shardingsphere.proxy.frontend.postgresql.auth.PostgreSQLAuthenticationEngine,org.apache.shardingsphere.proxy.frontend.postgresql.auth.PostgreSQLAuthenticationEngine_ESTest,6,0,False
1346,NPEX,jsoup-8b837a43,0,e022b0dc3e4640499e9089e0c8db6b22,org.jsoup.nodes.Attribute,org.jsoup.nodes.Attribute_ESTest,44,0,True
1347,NPEX,jsoup-8b837a43,0,7490626293ce47fdad9faf5ce235d0cd,org.jsoup.nodes.Attribute,org.jsoup.nodes.Attribute_ESTest,47,0,True
1348,NPEX,jsoup-8b837a43,0,b8e13d085f144a96b227b4857aa4925f,org.jsoup.nodes.Attribute,org.jsoup.nodes.Attribute_ESTest,48,0,True
1349,NPEX,jsoup-8b837a43,0,a3b5f054a5d845bca402b94533929f65,org.jsoup.nodes.Attribute,org.jsoup.nodes.Attribute_ESTest,46,0,True
1350,NPEX,jsoup-8b837a43,0,5da0108cef37459fa53a1e0bd616e6cd,org.jsoup.nodes.Attribute,org.jsoup.nodes.Attribute_ESTest,41,0,True
1351,NPEX,jsoup-8b837a43,0,b5b6df5964844729b9116d14f1035e47,org.jsoup.nodes.Attribute,org.jsoup.nodes.Attribute_ESTest,43,0,True
1352,NPEX,jsoup-8b837a43,0,a5ef8be51f3b4a4d89dddfadeae1e869,org.jsoup.nodes.Attribute,org.jsoup.nodes.Attribute_ESTest,43,0,True
1353,NPEX,jsoup-8b837a43,0,94dd3a02bb3c42b9af1a81565a44e841,org.jsoup.nodes.Attribute,org.jsoup.nodes.Attribute_ESTest,41,0,True
1354,NPEX,jsoup-8b837a43,0,e4243bc6ae944c07987cd603042d8943,org.jsoup.nodes.Attribute,org.jsoup.nodes.Attribute_ESTest,47,0,True
1355,NPEX,jsoup-8b837a43,0,b4fb3e9e1bd54477a4196bd36322f297,org.jsoup.nodes.Attribute,org.jsoup.nodes.Attribute_ESTest,43,0,True
1356,NPEX,jsoup-8b837a43,0,e0020d84f276469786b7eea6e7d44ff6,org.jsoup.nodes.Attribute,org.jsoup.nodes.Attribute_ESTest,41,0,True
1357,NPEX,jsoup-8b837a43,0,a4ed2388595740efb12523fecd59e83e,org.jsoup.nodes.Attribute,org.jsoup.nodes.Attribute_ESTest,39,0,False
1358,NPEX,jsoup-8b837a43,0,7e3ed57974a849c48d4dcda86bc7bd6c,org.jsoup.nodes.Attribute,org.jsoup.nodes.Attribute_ESTest,41,0,True
1359,NPEX,jsoup-8b837a43,0,e75103648572485e91c3e94b549bdda1,org.jsoup.nodes.Attribute,org.jsoup.nodes.Attribute_ESTest,48,0,True
1360,NPEX,jsoup-8b837a43,0,0279f7236df84af7b4cfe27f9d75b540,org.jsoup.nodes.Attribute,org.jsoup.nodes.Attribute_ESTest,46,0,True
1361,NPEX,jsoup-8b837a43,0,3d04cd5062d541fc9f548dfe505af384,org.jsoup.nodes.Attribute,org.jsoup.nodes.Attribute_ESTest,47,0,True
1362,NPEX,jsoup-8b837a43,0,18a17185882f4103ba406cf7b1cd3217,org.jsoup.nodes.Attribute,org.jsoup.nodes.Attribute_ESTest,42,0,True
1363,NPEX,jsoup-8b837a43,0,f1eb65ac34364a11a5208a4337b9eaea,org.jsoup.nodes.Attribute,org.jsoup.nodes.Attribute_ESTest,45,0,True
1364,NPEX,jsoup-8b837a43,0,6db03c54556c4e309a6aa4cb353a8e13,org.jsoup.nodes.Attribute,org.jsoup.nodes.Attribute_ESTest,41,0,True
1365,NPEX,jsoup-8b837a43,0,a1ce80e8f68d491aa2d13642b9d262cf,org.jsoup.nodes.Attribute,org.jsoup.nodes.Attribute_ESTest,44,0,True
1366,NPEX,Directory_LDAP_API-1aea113c,0,98761acf2dd04ea1ad96dab1d6bc2073,org.apache.directory.api.ldap.model.entry.Value,org.apache.directory.api.ldap.model.entry.Value_ESTest,81,0,True
1367,NPEX,Directory_LDAP_API-1aea113c,0,10e9a3ebd1934159a6282b019122785d,org.apache.directory.api.ldap.model.entry.Value,org.apache.directory.api.ldap.model.entry.Value_ESTest,91,0,True
1368,NPEX,Directory_LDAP_API-1aea113c,0,e1bae1392edc46d3a4acec8aaa4e8e85,org.apache.directory.api.ldap.model.entry.Value,org.apache.directory.api.ldap.model.entry.Value_ESTest,84,0,True
1369,NPEX,Directory_LDAP_API-1aea113c,0,bfd4325d57a64814882a82660a4ce682,org.apache.directory.api.ldap.model.entry.Value,org.apache.directory.api.ldap.model.entry.Value_ESTest,91,0,True
1370,NPEX,Directory_LDAP_API-1aea113c,0,4e6601733db44506844b79fd00f38897,org.apache.directory.api.ldap.model.entry.Value,org.apache.directory.api.ldap.model.entry.Value_ESTest,85,0,False
1371,NPEX,Directory_LDAP_API-1aea113c,0,603feae403914e2f9f72fd672ea6ef19,org.apache.directory.api.ldap.model.entry.Value,org.apache.directory.api.ldap.model.entry.Value_ESTest,85,0,True
1372,NPEX,Directory_LDAP_API-1aea113c,0,8ccd7287153e43ee8051c4822094f903,org.apache.directory.api.ldap.model.entry.Value,org.apache.directory.api.ldap.model.entry.Value_ESTest,88,0,False
1373,NPEX,Directory_LDAP_API-1aea113c,0,8137f2110b7946c78d5dd922d271571b,org.apache.directory.api.ldap.model.entry.Value,org.apache.directory.api.ldap.model.entry.Value_ESTest,92,0,True
1374,NPEX,Directory_LDAP_API-1aea113c,0,83ef3945926349119704cd7caf6e2279,org.apache.directory.api.ldap.model.entry.Value,org.apache.directory.api.ldap.model.entry.Value_ESTest,88,0,False
1375,NPEX,Directory_LDAP_API-1aea113c,0,8e381e54b5104675b7c963baf0d22049,org.apache.directory.api.ldap.model.entry.Value,org.apache.directory.api.ldap.model.entry.Value_ESTest,82,0,False
1376,NPEX,Directory_LDAP_API-1aea113c,0,d401644b3e6e4c77a56ff747312d4be1,org.apache.directory.api.ldap.model.entry.Value,org.apache.directory.api.ldap.model.entry.Value_ESTest,92,0,False
1377,NPEX,Directory_LDAP_API-1aea113c,0,4e6cd20e124f4781aadaf43a67109b70,org.apache.directory.api.ldap.model.entry.Value,org.apache.directory.api.ldap.model.entry.Value_ESTest,93,0,True
1378,NPEX,Directory_LDAP_API-1aea113c,0,66b7a38dbc184e1b98643a202171abe0,org.apache.directory.api.ldap.model.entry.Value,org.apache.directory.api.ldap.model.entry.Value_ESTest,88,0,True
1379,NPEX,Directory_LDAP_API-1aea113c,0,26c9644161fb48199223dd20d8185b7f,org.apache.directory.api.ldap.model.entry.Value,org.apache.directory.api.ldap.model.entry.Value_ESTest,90,0,False
1380,NPEX,Directory_LDAP_API-1aea113c,0,5f3d354639ab46c3a03c01c903dcdb32,org.apache.directory.api.ldap.model.entry.Value,org.apache.directory.api.ldap.model.entry.Value_ESTest,88,0,True
1381,NPEX,Directory_LDAP_API-1aea113c,0,9f3c3cedc57d40178d4fc6f572d84e4a,org.apache.directory.api.ldap.model.entry.Value,org.apache.directory.api.ldap.model.entry.Value_ESTest,89,0,False
1382,NPEX,Directory_LDAP_API-1aea113c,0,e6a06acc8e934267b3643cede50f7cdd,org.apache.directory.api.ldap.model.entry.Value,org.apache.directory.api.ldap.model.entry.Value_ESTest,90,0,True
1383,NPEX,Directory_LDAP_API-1aea113c,0,1413dbd018744791b3b2481fa34a1245,org.apache.directory.api.ldap.model.entry.Value,org.apache.directory.api.ldap.model.entry.Value_ESTest,94,0,True
1384,NPEX,Directory_LDAP_API-1aea113c,0,f79395abda1b4e4e93fb688bc3ce983b,org.apache.directory.api.ldap.model.entry.Value,org.apache.directory.api.ldap.model.entry.Value_ESTest,94,0,True
1385,NPEX,Directory_LDAP_API-1aea113c,0,d80bf2e258be4301b0e52d3e4b13e7d3,org.apache.directory.api.ldap.model.entry.Value,org.apache.directory.api.ldap.model.entry.Value_ESTest,80,0,True
1386,NPEX,Sling_Pipes-81059025,0,4839d6fd55e1458f87044c20bc5538dd,org.apache.sling.pipes.PipeBindings,org.apache.sling.pipes.PipeBindings_ESTest$1,1,0,False
1387,NPEX,Sling_Pipes-81059025,0,4839d6fd55e1458f87044c20bc5538dd,org.apache.sling.pipes.PipeBindings,org.apache.sling.pipes.PipeBindings_ESTest,1,0,False
1388,NPEX,Sling_Pipes-81059025,0,773d6f960a024860b5131a0bbb1c4f24,org.apache.sling.pipes.PipeBindings,org.apache.sling.pipes.PipeBindings_ESTest$1,1,0,False
1389,NPEX,Sling_Pipes-81059025,0,773d6f960a024860b5131a0bbb1c4f24,org.apache.sling.pipes.PipeBindings,org.apache.sling.pipes.PipeBindings_ESTest,1,0,False
1390,NPEX,Sling_Pipes-81059025,0,7feac79b0bdd447cab6196e39ac82bf8,org.apache.sling.pipes.PipeBindings,org.apache.sling.pipes.PipeBindings_ESTest$1,1,0,False
1391,NPEX,Sling_Pipes-81059025,0,7feac79b0bdd447cab6196e39ac82bf8,org.apache.sling.pipes.PipeBindings,org.apache.sling.pipes.PipeBindings_ESTest,1,0,False
1392,NPEX,Sling_Pipes-81059025,0,d9082aa288dd47fdaf5df42bce53804e,org.apache.sling.pipes.PipeBindings,org.apache.sling.pipes.PipeBindings_ESTest$1,1,0,False
1393,NPEX,Sling_Pipes-81059025,0,d9082aa288dd47fdaf5df42bce53804e,org.apache.sling.pipes.PipeBindings,org.apache.sling.pipes.PipeBindings_ESTest,1,0,False
1394,NPEX,Sling_Pipes-81059025,0,3853876a040043bcbabce778a1452679,org.apache.sling.pipes.PipeBindings,org.apache.sling.pipes.PipeBindings_ESTest$1,1,0,False
1395,NPEX,Sling_Pipes-81059025,0,3853876a040043bcbabce778a1452679,org.apache.sling.pipes.PipeBindings,org.apache.sling.pipes.PipeBindings_ESTest,1,0,False
1396,NPEX,Sling_Pipes-81059025,0,feff89c27eec444d9f39264daf1ebe79,org.apache.sling.pipes.PipeBindings,org.apache.sling.pipes.PipeBindings_ESTest$1,1,0,False
1397,NPEX,Sling_Pipes-81059025,0,feff89c27eec444d9f39264daf1ebe79,org.apache.sling.pipes.PipeBindings,org.apache.sling.pipes.PipeBindings_ESTest,1,0,False
1398,NPEX,Sling_Pipes-81059025,0,043c9eb7097846bcb219f80be3db0fa2,org.apache.sling.pipes.PipeBindings,org.apache.sling.pipes.PipeBindings_ESTest$1,1,0,False
1399,NPEX,Sling_Pipes-81059025,0,043c9eb7097846bcb219f80be3db0fa2,org.apache.sling.pipes.PipeBindings,org.apache.sling.pipes.PipeBindings_ESTest,1,0,False
1400,NPEX,Sling_Pipes-81059025,0,3204c8d64a054b62a0ac24701714a827,org.apache.sling.pipes.PipeBindings,org.apache.sling.pipes.PipeBindings_ESTest$1,1,0,False
1401,NPEX,Sling_Pipes-81059025,0,3204c8d64a054b62a0ac24701714a827,org.apache.sling.pipes.PipeBindings,org.apache.sling.pipes.PipeBindings_ESTest,1,0,False
1402,NPEX,Sling_Pipes-81059025,0,9754a0d699ed43bdb1d007bf68cc8fad,org.apache.sling.pipes.PipeBindings,org.apache.sling.pipes.PipeBindings_ESTest$1,1,0,False
1403,NPEX,Sling_Pipes-81059025,0,9754a0d699ed43bdb1d007bf68cc8fad,org.apache.sling.pipes.PipeBindings,org.apache.sling.pipes.PipeBindings_ESTest,1,0,False
1404,NPEX,Sling_Pipes-81059025,0,c3451b0e4601421e965bff17eda12567,org.apache.sling.pipes.PipeBindings,org.apache.sling.pipes.PipeBindings_ESTest$1,1,0,False
1405,NPEX,Sling_Pipes-81059025,0,c3451b0e4601421e965bff17eda12567,org.apache.sling.pipes.PipeBindings,org.apache.sling.pipes.PipeBindings_ESTest,1,0,False
1406,NPEX,Sling_Pipes-81059025,0,83b94933047b45dabab5e7690b9580fb,org.apache.sling.pipes.PipeBindings,org.apache.sling.pipes.PipeBindings_ESTest$1,1,0,False
1407,NPEX,Sling_Pipes-81059025,0,83b94933047b45dabab5e7690b9580fb,org.apache.sling.pipes.PipeBindings,org.apache.sling.pipes.PipeBindings_ESTest,1,0,False
1408,NPEX,Sling_Pipes-81059025,0,60529b6d738a47bca2f1b567a6b58d0f,org.apache.sling.pipes.PipeBindings,org.apache.sling.pipes.PipeBindings_ESTest$1,1,0,False
1409,NPEX,Sling_Pipes-81059025,0,60529b6d738a47bca2f1b567a6b58d0f,org.apache.sling.pipes.PipeBindings,org.apache.sling.pipes.PipeBindings_ESTest,1,0,False
1410,NPEX,Sling_Pipes-81059025,0,8bcd52589d05481f8c383d0cd00e2002,org.apache.sling.pipes.PipeBindings,org.apache.sling.pipes.PipeBindings_ESTest$1,1,0,False
1411,NPEX,Sling_Pipes-81059025,0,8bcd52589d05481f8c383d0cd00e2002,org.apache.sling.pipes.PipeBindings,org.apache.sling.pipes.PipeBindings_ESTest,1,0,False
1412,NPEX,Sling_Pipes-81059025,0,ea787a5cb1d94a40a2002dafa21bcf41,org.apache.sling.pipes.PipeBindings,org.apache.sling.pipes.PipeBindings_ESTest$1,1,0,False
1413,NPEX,Sling_Pipes-81059025,0,ea787a5cb1d94a40a2002dafa21bcf41,org.apache.sling.pipes.PipeBindings,org.apache.sling.pipes.PipeBindings_ESTest,1,0,False
1414,NPEX,Sling_Pipes-81059025,0,eebc274e426c475795f7b6ee714055fb,org.apache.sling.pipes.PipeBindings,org.apache.sling.pipes.PipeBindings_ESTest$1,1,0,False
1415,NPEX,Sling_Pipes-81059025,0,eebc274e426c475795f7b6ee714055fb,org.apache.sling.pipes.PipeBindings,org.apache.sling.pipes.PipeBindings_ESTest,1,0,False
1416,NPEX,Sling_Pipes-81059025,0,ea0092be47184e6f8f3c975d6a4443dd,org.apache.sling.pipes.PipeBindings,org.apache.sling.pipes.PipeBindings_ESTest$1,1,0,False
1417,NPEX,Sling_Pipes-81059025,0,ea0092be47184e6f8f3c975d6a4443dd,org.apache.sling.pipes.PipeBindings,org.apache.sling.pipes.PipeBindings_ESTest,1,0,False
1418,NPEX,Sling_Pipes-81059025,0,6b72448e0a3f43818c9a7ec6d95af206,org.apache.sling.pipes.PipeBindings,org.apache.sling.pipes.PipeBindings_ESTest$1,1,0,False
1419,NPEX,Sling_Pipes-81059025,0,6b72448e0a3f43818c9a7ec6d95af206,org.apache.sling.pipes.PipeBindings,org.apache.sling.pipes.PipeBindings_ESTest,1,0,False
1420,NPEX,Sling_Pipes-81059025,0,2f4ea55054e74d2e877eec01b352a8df,org.apache.sling.pipes.PipeBindings,org.apache.sling.pipes.PipeBindings_ESTest$1,1,0,False
1421,NPEX,Sling_Pipes-81059025,0,2f4ea55054e74d2e877eec01b352a8df,org.apache.sling.pipes.PipeBindings,org.apache.sling.pipes.PipeBindings_ESTest,1,0,False
1422,NPEX,Sling_Pipes-81059025,0,8195a256a7f243029c96a477e7dace4b,org.apache.sling.pipes.PipeBindings,org.apache.sling.pipes.PipeBindings_ESTest$1,1,0,False
1423,NPEX,Sling_Pipes-81059025,0,8195a256a7f243029c96a477e7dace4b,org.apache.sling.pipes.PipeBindings,org.apache.sling.pipes.PipeBindings_ESTest,1,0,False
1424,NPEX,Sling_Pipes-81059025,0,fd5e79c97e0f4d6e8ed0dc966ec6a901,org.apache.sling.pipes.PipeBindings,org.apache.sling.pipes.PipeBindings_ESTest$1,1,0,False
1425,NPEX,Sling_Pipes-81059025,0,fd5e79c97e0f4d6e8ed0dc966ec6a901,org.apache.sling.pipes.PipeBindings,org.apache.sling.pipes.PipeBindings_ESTest,1,0,False
1426,NPEX,OpenNLP-60792b8f,0,779c6f65832e4dff8b007620f51a5e3d,opennlp.tools.lemmatizer.DictionaryLemmatizer,opennlp.tools.lemmatizer.DictionaryLemmatizer_ESTest,7,0,True
1427,NPEX,OpenNLP-60792b8f,0,fc923c1e3d024879b8f07a96eeff5982,opennlp.tools.lemmatizer.DictionaryLemmatizer,opennlp.tools.lemmatizer.DictionaryLemmatizer_ESTest,8,0,True
1428,NPEX,OpenNLP-60792b8f,0,fda120752d4f4cab89e8dc6893826c57,opennlp.tools.lemmatizer.DictionaryLemmatizer,opennlp.tools.lemmatizer.DictionaryLemmatizer_ESTest,9,0,True
1429,NPEX,OpenNLP-60792b8f,0,b49dced3c716400cac82b3a299e9b47b,opennlp.tools.lemmatizer.DictionaryLemmatizer,opennlp.tools.lemmatizer.DictionaryLemmatizer_ESTest,10,0,True
1430,NPEX,OpenNLP-60792b8f,0,1d54bc15a597426baf8e452fcf8cbc89,opennlp.tools.lemmatizer.DictionaryLemmatizer,opennlp.tools.lemmatizer.DictionaryLemmatizer_ESTest,8,0,True
1431,NPEX,OpenNLP-60792b8f,0,d07af465cba6472d8a2b7a61b40e4b4b,opennlp.tools.lemmatizer.DictionaryLemmatizer,opennlp.tools.lemmatizer.DictionaryLemmatizer_ESTest,7,0,True
1432,NPEX,OpenNLP-60792b8f,0,33cba776e6e047ed80df4917a794ef46,opennlp.tools.lemmatizer.DictionaryLemmatizer,opennlp.tools.lemmatizer.DictionaryLemmatizer_ESTest,8,0,True
1433,NPEX,OpenNLP-60792b8f,0,c1cf909ef98f492bb59b48ece20d0f55,opennlp.tools.lemmatizer.DictionaryLemmatizer,opennlp.tools.lemmatizer.DictionaryLemmatizer_ESTest,9,0,True
1434,NPEX,OpenNLP-60792b8f,0,cf87dda7d26b415bbce29eab2776db59,opennlp.tools.lemmatizer.DictionaryLemmatizer,opennlp.tools.lemmatizer.DictionaryLemmatizer_ESTest,9,0,True
1435,NPEX,OpenNLP-60792b8f,0,f2cbfa711fcf4c05b3c23b1c6866668d,opennlp.tools.lemmatizer.DictionaryLemmatizer,opennlp.tools.lemmatizer.DictionaryLemmatizer_ESTest,8,0,True
1436,NPEX,OpenNLP-60792b8f,0,458b013d32534260927869908b1e3827,opennlp.tools.lemmatizer.DictionaryLemmatizer,opennlp.tools.lemmatizer.DictionaryLemmatizer_ESTest,9,0,True
1437,NPEX,OpenNLP-60792b8f,0,e617211d96a04b358b9319157950addd,opennlp.tools.lemmatizer.DictionaryLemmatizer,opennlp.tools.lemmatizer.DictionaryLemmatizer_ESTest,11,0,True
1438,NPEX,OpenNLP-60792b8f,0,961fa745e6514f1aaa5a14a37ec8a405,opennlp.tools.lemmatizer.DictionaryLemmatizer,opennlp.tools.lemmatizer.DictionaryLemmatizer_ESTest,8,0,True
1439,NPEX,OpenNLP-60792b8f,0,90d6b1f1abbf4215832c42d793ad29b8,opennlp.tools.lemmatizer.DictionaryLemmatizer,opennlp.tools.lemmatizer.DictionaryLemmatizer_ESTest,8,0,True
1440,NPEX,OpenNLP-60792b8f,0,a12373dc04434b589cc09e9b341914e2,opennlp.tools.lemmatizer.DictionaryLemmatizer,opennlp.tools.lemmatizer.DictionaryLemmatizer_ESTest,8,0,True
1441,NPEX,OpenNLP-60792b8f,0,2099827fbeb94992bf02e3b06bc49315,opennlp.tools.lemmatizer.DictionaryLemmatizer,opennlp.tools.lemmatizer.DictionaryLemmatizer_ESTest,8,0,True
1442,NPEX,OpenNLP-60792b8f,0,00a410476d454d99883b94386a897804,opennlp.tools.lemmatizer.DictionaryLemmatizer,opennlp.tools.lemmatizer.DictionaryLemmatizer_ESTest,9,0,True
1443,NPEX,OpenNLP-60792b8f,0,d0ddc34e1994417cac017e6f717659c0,opennlp.tools.lemmatizer.DictionaryLemmatizer,opennlp.tools.lemmatizer.DictionaryLemmatizer_ESTest,7,0,True
1444,NPEX,OpenNLP-60792b8f,0,560079317f16444cbf497952321d828b,opennlp.tools.lemmatizer.DictionaryLemmatizer,opennlp.tools.lemmatizer.DictionaryLemmatizer_ESTest,10,0,True
1445,NPEX,OpenNLP-60792b8f,0,583fbd38d21b4658a2dca28d8e20170f,opennlp.tools.lemmatizer.DictionaryLemmatizer,opennlp.tools.lemmatizer.DictionaryLemmatizer_ESTest,9,0,True
1446,NPEX,Hessian_Lite-c5c017dc,0,1b7a4e2a7b474522bec75764216fe584,com.alibaba.dubbo.common.URL,com.alibaba.dubbo.common.URL_ESTest,241,0,True
1447,NPEX,Hessian_Lite-c5c017dc,0,79b1a5f49fc3442bb51d43937b5d635a,com.alibaba.dubbo.common.URL,com.alibaba.dubbo.common.URL_ESTest,233,0,True
1448,NPEX,Hessian_Lite-c5c017dc,0,fdca0a8a33284adda5798e2e2c873a8d,com.alibaba.dubbo.common.URL,com.alibaba.dubbo.common.URL_ESTest,224,0,True
1449,NPEX,Hessian_Lite-c5c017dc,0,5da3786258ac4b498954fce6ece7da3b,com.alibaba.dubbo.common.URL,com.alibaba.dubbo.common.URL_ESTest,229,0,True
1450,NPEX,Hessian_Lite-c5c017dc,0,96bc01313893476d9f146494226b58be,com.alibaba.dubbo.common.URL,com.alibaba.dubbo.common.URL_ESTest,217,0,False
1451,NPEX,Hessian_Lite-c5c017dc,0,baceb277096544a9b657bc0c2d5e28ff,com.alibaba.dubbo.common.URL,com.alibaba.dubbo.common.URL_ESTest,231,0,True
1452,NPEX,Hessian_Lite-c5c017dc,0,fe686b4e9b624c968223c70bb657acff,com.alibaba.dubbo.common.URL,com.alibaba.dubbo.common.URL_ESTest,235,0,True
1453,NPEX,Hessian_Lite-c5c017dc,0,a578b4e427d1478fa836459a7089da6f,com.alibaba.dubbo.common.URL,com.alibaba.dubbo.common.URL_ESTest,243,0,True
1454,NPEX,Hessian_Lite-c5c017dc,0,09f29149aa66466d91a7af8abda04925,com.alibaba.dubbo.common.URL,com.alibaba.dubbo.common.URL_ESTest,237,0,True
1455,NPEX,Hessian_Lite-c5c017dc,0,12feaa592df445a3967196e10dd0227d,com.alibaba.dubbo.common.URL,com.alibaba.dubbo.common.URL_ESTest,249,0,True
1456,NPEX,Hessian_Lite-c5c017dc,0,51f90f3772fa493599723a11476965e0,com.alibaba.dubbo.common.URL,com.alibaba.dubbo.common.URL_ESTest,232,0,True
1457,NPEX,Hessian_Lite-c5c017dc,0,c92ef7395a6d4d32a8da2c66e1ea0301,com.alibaba.dubbo.common.URL,com.alibaba.dubbo.common.URL_ESTest,227,0,True
1458,NPEX,Hessian_Lite-c5c017dc,0,8a1faa86bc5a49dca45523418bcc8472,com.alibaba.dubbo.common.URL,com.alibaba.dubbo.common.URL_ESTest,234,0,True
1459,NPEX,Hessian_Lite-c5c017dc,0,25ec1c3c4cbb433ab573f588db153411,com.alibaba.dubbo.common.URL,com.alibaba.dubbo.common.URL_ESTest,232,0,True
1460,NPEX,Hessian_Lite-c5c017dc,0,bda3fb16e52e49db8d376da04b219911,com.alibaba.dubbo.common.URL,com.alibaba.dubbo.common.URL_ESTest,220,0,True
1461,NPEX,Hessian_Lite-c5c017dc,0,cd3cc73a4c8d415790e0e2ae04d729e7,com.alibaba.dubbo.common.URL,com.alibaba.dubbo.common.URL_ESTest,214,0,False
1462,NPEX,Hessian_Lite-c5c017dc,0,b8dd0d3add2e4f97a903a5468f6c5968,com.alibaba.dubbo.common.URL,com.alibaba.dubbo.common.URL_ESTest,236,0,True
1463,NPEX,Hessian_Lite-c5c017dc,0,9678c7e1ec25425da275271db435d4d8,com.alibaba.dubbo.common.URL,com.alibaba.dubbo.common.URL_ESTest,249,0,True
1464,NPEX,Hessian_Lite-c5c017dc,0,e2162fdfa137434b82d1bf59ae394d26,com.alibaba.dubbo.common.URL,com.alibaba.dubbo.common.URL_ESTest,234,0,True
1465,NPEX,Hessian_Lite-c5c017dc,0,18cd288135874fc48f029941d13677ac,com.alibaba.dubbo.common.URL,com.alibaba.dubbo.common.URL_ESTest,216,0,True
1466,NPEX,ZooKeeper-ef3649f5,0,eea88d3f0ada4f12864a6a8c380a922e,org.apache.zookeeper.server.ZooKeeperServer,org.apache.zookeeper.server.ZooKeeperServer_ESTest,115,0,False
1467,NPEX,ZooKeeper-ef3649f5,0,908fccc1a8a349e191244f8758ac7b56,org.apache.zookeeper.server.ZooKeeperServer,org.apache.zookeeper.server.ZooKeeperServer_ESTest,132,0,False
1468,NPEX,ZooKeeper-ef3649f5,0,bacf387fc9d043f497ee970a71ac202a,org.apache.zookeeper.server.ZooKeeperServer,org.apache.zookeeper.server.ZooKeeperServer_ESTest,99,0,False
1469,NPEX,ZooKeeper-ef3649f5,0,bacf387fc9d043f497ee970a71ac202a,org.apache.zookeeper.server.ZooKeeperServer,org.apache.zookeeper.server.ZooKeeperServer_ESTest$1,99,0,False
1470,NPEX,ZooKeeper-ef3649f5,0,bacf387fc9d043f497ee970a71ac202a,org.apache.zookeeper.server.ZooKeeperServer,org.apache.zookeeper.server.ZooKeeperServer_ESTest$6,99,0,False
1471,NPEX,ZooKeeper-ef3649f5,0,bacf387fc9d043f497ee970a71ac202a,org.apache.zookeeper.server.ZooKeeperServer,org.apache.zookeeper.server.ZooKeeperServer_ESTest$5,99,0,False
1472,NPEX,ZooKeeper-ef3649f5,0,bacf387fc9d043f497ee970a71ac202a,org.apache.zookeeper.server.ZooKeeperServer,org.apache.zookeeper.server.ZooKeeperServer_ESTest$2,99,0,False
1473,NPEX,ZooKeeper-ef3649f5,0,bacf387fc9d043f497ee970a71ac202a,org.apache.zookeeper.server.ZooKeeperServer,org.apache.zookeeper.server.ZooKeeperServer_ESTest$7,99,0,False
1474,NPEX,ZooKeeper-ef3649f5,0,bacf387fc9d043f497ee970a71ac202a,org.apache.zookeeper.server.ZooKeeperServer,org.apache.zookeeper.server.ZooKeeperServer_ESTest$4,99,0,False
1475,NPEX,ZooKeeper-ef3649f5,0,bacf387fc9d043f497ee970a71ac202a,org.apache.zookeeper.server.ZooKeeperServer,org.apache.zookeeper.server.ZooKeeperServer_ESTest$8,99,0,False
1476,NPEX,ZooKeeper-ef3649f5,0,bacf387fc9d043f497ee970a71ac202a,org.apache.zookeeper.server.ZooKeeperServer,org.apache.zookeeper.server.ZooKeeperServer_ESTest$3,99,0,False
1477,NPEX,ZooKeeper-ef3649f5,0,bf5d7ed2b10445138ca477048bc17096,org.apache.zookeeper.server.ZooKeeperServer,org.apache.zookeeper.server.ZooKeeperServer_ESTest,108,0,False
1478,NPEX,ZooKeeper-ef3649f5,0,bf5d7ed2b10445138ca477048bc17096,org.apache.zookeeper.server.ZooKeeperServer,org.apache.zookeeper.server.ZooKeeperServer_ESTest$1,108,0,False
1479,NPEX,ZooKeeper-ef3649f5,0,bf5d7ed2b10445138ca477048bc17096,org.apache.zookeeper.server.ZooKeeperServer,org.apache.zookeeper.server.ZooKeeperServer_ESTest$2,108,0,False
1480,NPEX,ZooKeeper-ef3649f5,0,bf5d7ed2b10445138ca477048bc17096,org.apache.zookeeper.server.ZooKeeperServer,org.apache.zookeeper.server.ZooKeeperServer_ESTest$4,108,0,False
1481,NPEX,ZooKeeper-ef3649f5,0,bf5d7ed2b10445138ca477048bc17096,org.apache.zookeeper.server.ZooKeeperServer,org.apache.zookeeper.server.ZooKeeperServer_ESTest$3,108,0,False
1482,NPEX,ZooKeeper-ef3649f5,0,b022471bf639464f80245d3cebf5639a,org.apache.zookeeper.server.ZooKeeperServer,org.apache.zookeeper.server.ZooKeeperServer_ESTest,142,0,True
1483,NPEX,ZooKeeper-ef3649f5,0,b022471bf639464f80245d3cebf5639a,org.apache.zookeeper.server.ZooKeeperServer,org.apache.zookeeper.server.ZooKeeperServer_ESTest$1,142,0,True
1484,NPEX,ZooKeeper-ef3649f5,0,4e54cfb8473a4f0291b266a5dad82ed4,org.apache.zookeeper.server.ZooKeeperServer,org.apache.zookeeper.server.ZooKeeperServer_ESTest,138,0,False
1485,NPEX,ZooKeeper-ef3649f5,0,4e54cfb8473a4f0291b266a5dad82ed4,org.apache.zookeeper.server.ZooKeeperServer,org.apache.zookeeper.server.ZooKeeperServer_ESTest$1,138,0,False
1486,NPEX,ZooKeeper-ef3649f5,0,06e2dfc130db4df48e5e2763a796780a,org.apache.zookeeper.server.ZooKeeperServer,org.apache.zookeeper.server.ZooKeeperServer_ESTest,135,0,False
1487,NPEX,ZooKeeper-ef3649f5,0,5e1ceacef1be4bfdb520adee0dbd2f7f,org.apache.zookeeper.server.ZooKeeperServer,org.apache.zookeeper.server.ZooKeeperServer_ESTest,123,0,False
1488,NPEX,ZooKeeper-ef3649f5,0,a8c1bf2b05114857935bba87fc018e69,org.apache.zookeeper.server.ZooKeeperServer,org.apache.zookeeper.server.ZooKeeperServer_ESTest,120,0,False
1489,NPEX,ZooKeeper-ef3649f5,0,a8c1bf2b05114857935bba87fc018e69,org.apache.zookeeper.server.ZooKeeperServer,org.apache.zookeeper.server.ZooKeeperServer_ESTest$1,120,0,False
1490,NPEX,ZooKeeper-ef3649f5,0,a8c1bf2b05114857935bba87fc018e69,org.apache.zookeeper.server.ZooKeeperServer,org.apache.zookeeper.server.ZooKeeperServer_ESTest$2,120,0,False
1491,NPEX,ZooKeeper-ef3649f5,0,cfdec20b689b4a7abe3f219236a0ff93,org.apache.zookeeper.server.ZooKeeperServer,org.apache.zookeeper.server.ZooKeeperServer_ESTest,141,0,False
1492,NPEX,ZooKeeper-ef3649f5,0,cfdec20b689b4a7abe3f219236a0ff93,org.apache.zookeeper.server.ZooKeeperServer,org.apache.zookeeper.server.ZooKeeperServer_ESTest$1,141,0,False
1493,NPEX,ZooKeeper-ef3649f5,0,cfdec20b689b4a7abe3f219236a0ff93,org.apache.zookeeper.server.ZooKeeperServer,org.apache.zookeeper.server.ZooKeeperServer_ESTest$2,141,0,False
1494,NPEX,ZooKeeper-ef3649f5,0,031e2316db16484cbcae3c227e9eec1c,org.apache.zookeeper.server.ZooKeeperServer,org.apache.zookeeper.server.ZooKeeperServer_ESTest,139,0,False
1495,NPEX,ZooKeeper-ef3649f5,0,031e2316db16484cbcae3c227e9eec1c,org.apache.zookeeper.server.ZooKeeperServer,org.apache.zookeeper.server.ZooKeeperServer_ESTest$1,139,0,False
1496,NPEX,ZooKeeper-ef3649f5,0,19eef23295264dd6b563032d2363e81b,org.apache.zookeeper.server.ZooKeeperServer,org.apache.zookeeper.server.ZooKeeperServer_ESTest,104,0,False
1497,NPEX,ZooKeeper-ef3649f5,0,19eef23295264dd6b563032d2363e81b,org.apache.zookeeper.server.ZooKeeperServer,org.apache.zookeeper.server.ZooKeeperServer_ESTest$1,104,0,False
1498,NPEX,ZooKeeper-ef3649f5,0,19eef23295264dd6b563032d2363e81b,org.apache.zookeeper.server.ZooKeeperServer,org.apache.zookeeper.server.ZooKeeperServer_ESTest$6,104,0,False
1499,NPEX,ZooKeeper-ef3649f5,0,19eef23295264dd6b563032d2363e81b,org.apache.zookeeper.server.ZooKeeperServer,org.apache.zookeeper.server.ZooKeeperServer_ESTest$5,104,0,False
1500,NPEX,ZooKeeper-ef3649f5,0,19eef23295264dd6b563032d2363e81b,org.apache.zookeeper.server.ZooKeeperServer,org.apache.zookeeper.server.ZooKeeperServer_ESTest$9,104,0,False
1501,NPEX,ZooKeeper-ef3649f5,0,19eef23295264dd6b563032d2363e81b,org.apache.zookeeper.server.ZooKeeperServer,org.apache.zookeeper.server.ZooKeeperServer_ESTest$2,104,0,False
1502,NPEX,ZooKeeper-ef3649f5,0,19eef23295264dd6b563032d2363e81b,org.apache.zookeeper.server.ZooKeeperServer,org.apache.zookeeper.server.ZooKeeperServer_ESTest$7,104,0,False
1503,NPEX,ZooKeeper-ef3649f5,0,19eef23295264dd6b563032d2363e81b,org.apache.zookeeper.server.ZooKeeperServer,org.apache.zookeeper.server.ZooKeeperServer_ESTest$4,104,0,False
1504,NPEX,ZooKeeper-ef3649f5,0,19eef23295264dd6b563032d2363e81b,org.apache.zookeeper.server.ZooKeeperServer,org.apache.zookeeper.server.ZooKeeperServer_ESTest$8,104,0,False
1505,NPEX,ZooKeeper-ef3649f5,0,19eef23295264dd6b563032d2363e81b,org.apache.zookeeper.server.ZooKeeperServer,org.apache.zookeeper.server.ZooKeeperServer_ESTest$3,104,0,False
1506,NPEX,ZooKeeper-ef3649f5,0,119d1549a0614bd4ad6796d501844269,org.apache.zookeeper.server.ZooKeeperServer,org.apache.zookeeper.server.ZooKeeperServer_ESTest,125,0,False
1507,NPEX,ZooKeeper-ef3649f5,0,3ddb6b6001874508a67f53dc769234bd,org.apache.zookeeper.server.ZooKeeperServer,org.apache.zookeeper.server.ZooKeeperServer_ESTest,142,0,False
1508,NPEX,ZooKeeper-ef3649f5,0,3b08df31485140a786f68697b9fdf0a0,org.apache.zookeeper.server.ZooKeeperServer,org.apache.zookeeper.server.ZooKeeperServer_ESTest,126,0,False
1509,NPEX,ZooKeeper-ef3649f5,0,3b08df31485140a786f68697b9fdf0a0,org.apache.zookeeper.server.ZooKeeperServer,org.apache.zookeeper.server.ZooKeeperServer_ESTest$1,126,0,False
1510,NPEX,ZooKeeper-ef3649f5,0,40ee5c824cd548dd8eed40281c167bd7,org.apache.zookeeper.server.ZooKeeperServer,org.apache.zookeeper.server.ZooKeeperServer_ESTest,94,0,False
1511,NPEX,ZooKeeper-ef3649f5,0,40ee5c824cd548dd8eed40281c167bd7,org.apache.zookeeper.server.ZooKeeperServer,org.apache.zookeeper.server.ZooKeeperServer_ESTest$1,94,0,False
1512,NPEX,ZooKeeper-ef3649f5,0,40ee5c824cd548dd8eed40281c167bd7,org.apache.zookeeper.server.ZooKeeperServer,org.apache.zookeeper.server.ZooKeeperServer_ESTest$2,94,0,False
1513,NPEX,ZooKeeper-ef3649f5,0,40ee5c824cd548dd8eed40281c167bd7,org.apache.zookeeper.server.ZooKeeperServer,org.apache.zookeeper.server.ZooKeeperServer_ESTest$4,94,0,False
1514,NPEX,ZooKeeper-ef3649f5,0,40ee5c824cd548dd8eed40281c167bd7,org.apache.zookeeper.server.ZooKeeperServer,org.apache.zookeeper.server.ZooKeeperServer_ESTest$3,94,0,False
1515,NPEX,ZooKeeper-ef3649f5,0,eb8fa01f826c44fcb5440eb28a54fe50,org.apache.zookeeper.server.ZooKeeperServer,org.apache.zookeeper.server.ZooKeeperServer_ESTest,136,0,False
1516,NPEX,ZooKeeper-ef3649f5,0,68ab337e9efe43c7aea0e69556d259b5,org.apache.zookeeper.server.ZooKeeperServer,org.apache.zookeeper.server.ZooKeeperServer_ESTest,140,0,False
1517,NPEX,ZooKeeper-ef3649f5,0,68ab337e9efe43c7aea0e69556d259b5,org.apache.zookeeper.server.ZooKeeperServer,org.apache.zookeeper.server.ZooKeeperServer_ESTest$1,140,0,False
1518,NPEX,ZooKeeper-ef3649f5,0,4b1c006fcfd844b680d7f7ac4f04e479,org.apache.zookeeper.server.ZooKeeperServer,org.apache.zookeeper.server.ZooKeeperServer_ESTest,136,0,False
1519,NPEX,ZooKeeper-ef3649f5,0,b9cb8d0795e441af9a7fdac36c784aa4,org.apache.zookeeper.server.ZooKeeperServer,org.apache.zookeeper.server.ZooKeeperServer_ESTest,126,0,False
1520,NPEX,Log4j_2-5b7b75d5,0,00b78d4a0d2247c4b5fcd25cca88a4d2,org.apache.logging.log4j.core.config.composite.DefaultMergeStrategy,org.apache.logging.log4j.core.config.composite.DefaultMergeStrategy_ESTest,7,0,False
1521,NPEX,Log4j_2-5b7b75d5,0,3f87c996d9c04d3eb7871f19a55b450f,org.apache.logging.log4j.core.config.composite.DefaultMergeStrategy,org.apache.logging.log4j.core.config.composite.DefaultMergeStrategy_ESTest,8,0,False
1522,NPEX,Log4j_2-5b7b75d5,0,45c1542e50dc4aaa96c618e261031aaa,org.apache.logging.log4j.core.config.composite.DefaultMergeStrategy,org.apache.logging.log4j.core.config.composite.DefaultMergeStrategy_ESTest,9,0,False
1523,NPEX,Log4j_2-5b7b75d5,0,d73e0600a9b248afb8cf9b6fd5d6df8b,org.apache.logging.log4j.core.config.composite.DefaultMergeStrategy,org.apache.logging.log4j.core.config.composite.DefaultMergeStrategy_ESTest,6,0,False
1524,NPEX,Log4j_2-5b7b75d5,0,f285cfa6cf4f4e428140cc0f53a3380f,org.apache.logging.log4j.core.config.composite.DefaultMergeStrategy,org.apache.logging.log4j.core.config.composite.DefaultMergeStrategy_ESTest,8,0,False
1525,NPEX,Log4j_2-5b7b75d5,0,b1da92ecd7c944fa906d6202cbbf9f22,org.apache.logging.log4j.core.config.composite.DefaultMergeStrategy,org.apache.logging.log4j.core.config.composite.DefaultMergeStrategy_ESTest,8,0,False
1526,NPEX,Log4j_2-5b7b75d5,0,5f9e7691abc44a6c8ac31b6f6fe11d59,org.apache.logging.log4j.core.config.composite.DefaultMergeStrategy,org.apache.logging.log4j.core.config.composite.DefaultMergeStrategy_ESTest,10,0,False
1527,NPEX,Log4j_2-5b7b75d5,0,fc8ac1008d9a4533917a13e8771d8d48,org.apache.logging.log4j.core.config.composite.DefaultMergeStrategy,org.apache.logging.log4j.core.config.composite.DefaultMergeStrategy_ESTest,6,0,False
1528,NPEX,Log4j_2-5b7b75d5,0,ed93a8c41fc44a79914384bf5f8ec1d2,org.apache.logging.log4j.core.config.composite.DefaultMergeStrategy,org.apache.logging.log4j.core.config.composite.DefaultMergeStrategy_ESTest,8,0,False
1529,NPEX,Log4j_2-5b7b75d5,0,19c3e48f7928481f9d84cd98d4ff1455,org.apache.logging.log4j.core.config.composite.DefaultMergeStrategy,org.apache.logging.log4j.core.config.composite.DefaultMergeStrategy_ESTest,4,0,False
1530,NPEX,Log4j_2-5b7b75d5,0,1ce108addeb04076b37b840fb752c981,org.apache.logging.log4j.core.config.composite.DefaultMergeStrategy,org.apache.logging.log4j.core.config.composite.DefaultMergeStrategy_ESTest,9,0,False
1531,NPEX,Log4j_2-5b7b75d5,0,4ea3c0a40bdc424a8aa10e1bd89367b1,org.apache.logging.log4j.core.config.composite.DefaultMergeStrategy,org.apache.logging.log4j.core.config.composite.DefaultMergeStrategy_ESTest,8,0,False
1532,NPEX,Log4j_2-5b7b75d5,0,ddb79d5534c147438b1fce0ffba49eff,org.apache.logging.log4j.core.config.composite.DefaultMergeStrategy,org.apache.logging.log4j.core.config.composite.DefaultMergeStrategy_ESTest,9,0,False
1533,NPEX,Log4j_2-5b7b75d5,0,aafe8f7c21b940ce8335732c7ef3013f,org.apache.logging.log4j.core.config.composite.DefaultMergeStrategy,org.apache.logging.log4j.core.config.composite.DefaultMergeStrategy_ESTest,5,0,False
1534,NPEX,Log4j_2-5b7b75d5,0,1ceff0d90f124deab284ecfed018ca84,org.apache.logging.log4j.core.config.composite.DefaultMergeStrategy,org.apache.logging.log4j.core.config.composite.DefaultMergeStrategy_ESTest,6,0,False
1535,NPEX,Log4j_2-5b7b75d5,0,7a51802d4c1544c9be3c682a0141d5b9,org.apache.logging.log4j.core.config.composite.DefaultMergeStrategy,org.apache.logging.log4j.core.config.composite.DefaultMergeStrategy_ESTest,8,0,False
1536,NPEX,Log4j_2-5b7b75d5,0,6dab6812b62442d391b7da4742e066d5,org.apache.logging.log4j.core.config.composite.DefaultMergeStrategy,org.apache.logging.log4j.core.config.composite.DefaultMergeStrategy_ESTest,7,0,False
1537,NPEX,Log4j_2-5b7b75d5,0,498c4309f4b549cba260f8b8ee7503a8,org.apache.logging.log4j.core.config.composite.DefaultMergeStrategy,org.apache.logging.log4j.core.config.composite.DefaultMergeStrategy_ESTest,7,0,False
1538,NPEX,Log4j_2-5b7b75d5,0,8a74832b10954da59a79911f733f36b9,org.apache.logging.log4j.core.config.composite.DefaultMergeStrategy,org.apache.logging.log4j.core.config.composite.DefaultMergeStrategy_ESTest,8,0,False
1539,NPEX,Log4j_2-5b7b75d5,0,ed36e32c256344bf8aa6e5d1758926a2,org.apache.logging.log4j.core.config.composite.DefaultMergeStrategy,org.apache.logging.log4j.core.config.composite.DefaultMergeStrategy_ESTest,10,0,False
1540,NPEX,Karaf-b92dd7e4,0,22c36e5b256a42f79ba1bc618d3e01ba,org.apache.karaf.shell.impl.console.commands.help.wikidoc.WikiParser,org.apache.karaf.shell.impl.console.commands.help.wikidoc.WikiParser_ESTest,15,0,False
1541,NPEX,Karaf-b92dd7e4,0,fabc6a656bbc41e89f4a4aa742fff7f3,org.apache.karaf.shell.impl.console.commands.help.wikidoc.WikiParser,org.apache.karaf.shell.impl.console.commands.help.wikidoc.WikiParser_ESTest,16,0,False
1542,NPEX,Karaf-b92dd7e4,0,bedc6420f18e401ea0df28eff922c1f6,org.apache.karaf.shell.impl.console.commands.help.wikidoc.WikiParser,org.apache.karaf.shell.impl.console.commands.help.wikidoc.WikiParser_ESTest,31,0,True
1543,NPEX,Karaf-b92dd7e4,0,49f75c005f5d4366aec8f18e1a9971fc,org.apache.karaf.shell.impl.console.commands.help.wikidoc.WikiParser,org.apache.karaf.shell.impl.console.commands.help.wikidoc.WikiParser_ESTest,34,0,False
1544,NPEX,Karaf-b92dd7e4,0,ed07f8c3f1894b50bfb47377bc28c344,org.apache.karaf.shell.impl.console.commands.help.wikidoc.WikiParser,org.apache.karaf.shell.impl.console.commands.help.wikidoc.WikiParser_ESTest,15,0,False
1545,NPEX,Karaf-b92dd7e4,0,8becd17bf6854cabab103bacf0be2dd2,org.apache.karaf.shell.impl.console.commands.help.wikidoc.WikiParser,org.apache.karaf.shell.impl.console.commands.help.wikidoc.WikiParser_ESTest,19,0,False
1546,NPEX,Karaf-b92dd7e4,0,cad489fd0dd84c3da4bf36050e98de8b,org.apache.karaf.shell.impl.console.commands.help.wikidoc.WikiParser,org.apache.karaf.shell.impl.console.commands.help.wikidoc.WikiParser_ESTest,16,0,False
1547,NPEX,Karaf-b92dd7e4,0,eef57e6e1b0044eeb621993dc9863811,org.apache.karaf.shell.impl.console.commands.help.wikidoc.WikiParser,org.apache.karaf.shell.impl.console.commands.help.wikidoc.WikiParser_ESTest,14,0,True
1548,NPEX,Karaf-b92dd7e4,0,58ccbf4845134d01bc38553a9800ce9b,org.apache.karaf.shell.impl.console.commands.help.wikidoc.WikiParser,org.apache.karaf.shell.impl.console.commands.help.wikidoc.WikiParser_ESTest,17,0,False
1549,NPEX,Karaf-b92dd7e4,0,de932feb73374fa7aa943d4a7b0b8c26,org.apache.karaf.shell.impl.console.commands.help.wikidoc.WikiParser,org.apache.karaf.shell.impl.console.commands.help.wikidoc.WikiParser_ESTest,17,0,False
1550,NPEX,Karaf-b92dd7e4,0,f0a9db465df945408e0cb060a99e9aab,org.apache.karaf.shell.impl.console.commands.help.wikidoc.WikiParser,org.apache.karaf.shell.impl.console.commands.help.wikidoc.WikiParser_ESTest,13,0,False
1551,NPEX,Karaf-b92dd7e4,0,22fa795efe584f44ba237e17892ae8ff,org.apache.karaf.shell.impl.console.commands.help.wikidoc.WikiParser,org.apache.karaf.shell.impl.console.commands.help.wikidoc.WikiParser_ESTest,15,0,False
1552,NPEX,Karaf-b92dd7e4,0,a8734660f0ae47f4a54f53c1a7f9cf88,org.apache.karaf.shell.impl.console.commands.help.wikidoc.WikiParser,org.apache.karaf.shell.impl.console.commands.help.wikidoc.WikiParser_ESTest,16,0,False
1553,NPEX,Karaf-b92dd7e4,0,372c0aac5bb2454c988588dd163d5931,org.apache.karaf.shell.impl.console.commands.help.wikidoc.WikiParser,org.apache.karaf.shell.impl.console.commands.help.wikidoc.WikiParser_ESTest,15,0,False
1554,NPEX,Karaf-b92dd7e4,0,6756a5fbe55f43d9b6bb3130bc90b39a,org.apache.karaf.shell.impl.console.commands.help.wikidoc.WikiParser,org.apache.karaf.shell.impl.console.commands.help.wikidoc.WikiParser_ESTest,15,0,False
1555,NPEX,Karaf-b92dd7e4,0,e907ced46ba74decba4158e32604bbc4,org.apache.karaf.shell.impl.console.commands.help.wikidoc.WikiParser,org.apache.karaf.shell.impl.console.commands.help.wikidoc.WikiParser_ESTest,16,0,False
1556,NPEX,Karaf-b92dd7e4,0,f879b5aaf436480492f8cba5cb238d41,org.apache.karaf.shell.impl.console.commands.help.wikidoc.WikiParser,org.apache.karaf.shell.impl.console.commands.help.wikidoc.WikiParser_ESTest,43,0,False
1557,NPEX,Karaf-b92dd7e4,0,a4004fa8248949f9a24dcb64e48cc6f3,org.apache.karaf.shell.impl.console.commands.help.wikidoc.WikiParser,org.apache.karaf.shell.impl.console.commands.help.wikidoc.WikiParser_ESTest,16,0,False
1558,NPEX,jsoup-b8411990,0,402ee69964404d27bcd6a900a543e162,org.jsoup.internal.Normalizer,org.jsoup.internal.Normalizer_ESTest,6,0,True
1559,NPEX,jsoup-b8411990,0,623716eb2851489aa058473e66c1b0e4,org.jsoup.internal.Normalizer,org.jsoup.internal.Normalizer_ESTest,6,0,True
1560,NPEX,jsoup-b8411990,0,c1a814e671e145a6ae9544d24d0f715f,org.jsoup.internal.Normalizer,org.jsoup.internal.Normalizer_ESTest,5,0,False
1561,NPEX,jsoup-b8411990,0,6c0c774ca8b544ffa37ea126ac2831f7,org.jsoup.internal.Normalizer,org.jsoup.internal.Normalizer_ESTest,6,0,True
1562,NPEX,jsoup-b8411990,0,95298a8cf90d456b9181515b36b152da,org.jsoup.internal.Normalizer,org.jsoup.internal.Normalizer_ESTest,6,0,True
1563,NPEX,jsoup-b8411990,0,bee767121bd248c2876ce66a0f1183c6,org.jsoup.internal.Normalizer,org.jsoup.internal.Normalizer_ESTest,5,0,False
1564,NPEX,jsoup-b8411990,0,a9e0b4bb7b5d4d1794a4c472cb72aef1,org.jsoup.internal.Normalizer,org.jsoup.internal.Normalizer_ESTest,5,0,True
1565,NPEX,jsoup-b8411990,0,32f82938875244a98c6ff5362f80b74a,org.jsoup.internal.Normalizer,org.jsoup.internal.Normalizer_ESTest,5,0,False
1566,NPEX,jsoup-b8411990,0,42c0e4e584194e838bebc05363b607f7,org.jsoup.internal.Normalizer,org.jsoup.internal.Normalizer_ESTest,6,0,True
1567,NPEX,jsoup-b8411990,0,e2ce1c97c05447118481dd3d37247873,org.jsoup.internal.Normalizer,org.jsoup.internal.Normalizer_ESTest,5,0,False
1568,NPEX,jsoup-b8411990,0,074c80ac3b1940dc985114a69790bfe2,org.jsoup.internal.Normalizer,org.jsoup.internal.Normalizer_ESTest,5,0,False
1569,NPEX,jsoup-b8411990,0,2123697c13864e48a2dee9eeb49b5bef,org.jsoup.internal.Normalizer,org.jsoup.internal.Normalizer_ESTest,6,0,True
1570,NPEX,jsoup-b8411990,0,4cae82c92f2a4333b8fbe024367f3a4d,org.jsoup.internal.Normalizer,org.jsoup.internal.Normalizer_ESTest,5,0,False
1571,NPEX,jsoup-b8411990,0,4262d0c9501741bd933140c3522558f3,org.jsoup.internal.Normalizer,org.jsoup.internal.Normalizer_ESTest,6,0,True
1572,NPEX,jsoup-b8411990,0,120e28bc757f43eab6541cd852d6cf6f,org.jsoup.internal.Normalizer,org.jsoup.internal.Normalizer_ESTest,6,0,True
1573,NPEX,jsoup-b8411990,0,a61af02df8884cd6b7a0a4385c03df6f,org.jsoup.internal.Normalizer,org.jsoup.internal.Normalizer_ESTest,7,0,True
1574,NPEX,jsoup-b8411990,0,af772cf03b3142aa9b20b417e1d450f7,org.jsoup.internal.Normalizer,org.jsoup.internal.Normalizer_ESTest,5,0,False
1575,NPEX,jsoup-b8411990,0,dcab541eca8f412ba6ba932d094733c7,org.jsoup.internal.Normalizer,org.jsoup.internal.Normalizer_ESTest,7,0,True
1576,NPEX,jsoup-b8411990,0,a65317b71c9142daa6b3c610ebf29110,org.jsoup.internal.Normalizer,org.jsoup.internal.Normalizer_ESTest,6,0,True
1577,NPEX,jsoup-b8411990,0,68967a9945d4486b8fccc46bcfa8d0df,org.jsoup.internal.Normalizer,org.jsoup.internal.Normalizer_ESTest,5,0,False
1578,NPEX,Qpid_Proton__j-0c27d5ff,0,65dfd40d0bb44877b19838d6c8582177,org.apache.qpid.proton.engine.impl.TransportImpl,org.apache.qpid.proton.engine.impl.TransportImpl_ESTest,89,0,False
1579,NPEX,Qpid_Proton__j-0c27d5ff,0,b5c7304afa4c49cbb8d648862132b5b4,org.apache.qpid.proton.engine.impl.TransportImpl,org.apache.qpid.proton.engine.impl.TransportImpl_ESTest,83,0,False
1580,NPEX,Qpid_Proton__j-0c27d5ff,0,76d1f06649394ede858f01993aa5f6d5,org.apache.qpid.proton.engine.impl.TransportImpl,org.apache.qpid.proton.engine.impl.TransportImpl_ESTest,85,0,False
1581,NPEX,Qpid_Proton__j-0c27d5ff,0,c650a4bf9047468fbb35bc173d7d8f03,org.apache.qpid.proton.engine.impl.TransportImpl,org.apache.qpid.proton.engine.impl.TransportImpl_ESTest,85,0,False
1582,NPEX,Qpid_Proton__j-0c27d5ff,0,d8156de9e7424e9a9e80c983e0771585,org.apache.qpid.proton.engine.impl.TransportImpl,org.apache.qpid.proton.engine.impl.TransportImpl_ESTest,92,0,False
1583,NPEX,Qpid_Proton__j-0c27d5ff,0,f22d6afefae14c29b400a477c71f590a,org.apache.qpid.proton.engine.impl.TransportImpl,org.apache.qpid.proton.engine.impl.TransportImpl_ESTest$1,83,0,False
1584,NPEX,Qpid_Proton__j-0c27d5ff,0,f22d6afefae14c29b400a477c71f590a,org.apache.qpid.proton.engine.impl.TransportImpl,org.apache.qpid.proton.engine.impl.TransportImpl_ESTest,83,0,False
1585,NPEX,Qpid_Proton__j-0c27d5ff,0,8723fb6d08324fde9b182be994bbebd1,org.apache.qpid.proton.engine.impl.TransportImpl,org.apache.qpid.proton.engine.impl.TransportImpl_ESTest$1,82,0,False
1586,NPEX,Qpid_Proton__j-0c27d5ff,0,8723fb6d08324fde9b182be994bbebd1,org.apache.qpid.proton.engine.impl.TransportImpl,org.apache.qpid.proton.engine.impl.TransportImpl_ESTest,82,0,False
1587,NPEX,Qpid_Proton__j-0c27d5ff,0,7c1ea145eb0c4a18a5287fefcaae6770,org.apache.qpid.proton.engine.impl.TransportImpl,org.apache.qpid.proton.engine.impl.TransportImpl_ESTest,84,0,False
1588,NPEX,Qpid_Proton__j-0c27d5ff,0,94863d420ae0445d934b940ff550b358,org.apache.qpid.proton.engine.impl.TransportImpl,org.apache.qpid.proton.engine.impl.TransportImpl_ESTest,89,0,False
1589,NPEX,Qpid_Proton__j-0c27d5ff,0,642cd6c86f8f473bb309e07db87bf251,org.apache.qpid.proton.engine.impl.TransportImpl,org.apache.qpid.proton.engine.impl.TransportImpl_ESTest,79,0,False
1590,NPEX,Qpid_Proton__j-0c27d5ff,0,b8ee1cf8f8d54992b29a2d47e8940f50,org.apache.qpid.proton.engine.impl.TransportImpl,org.apache.qpid.proton.engine.impl.TransportImpl_ESTest,71,0,False
1591,NPEX,Qpid_Proton__j-0c27d5ff,0,01fc57d4f1994677b9533135a52c03db,org.apache.qpid.proton.engine.impl.TransportImpl,org.apache.qpid.proton.engine.impl.TransportImpl_ESTest,82,0,False
1592,NPEX,Qpid_Proton__j-0c27d5ff,0,721a887b591c45dc8e12645e2cf010c4,org.apache.qpid.proton.engine.impl.TransportImpl,org.apache.qpid.proton.engine.impl.TransportImpl_ESTest,90,0,False
1593,NPEX,Qpid_Proton__j-0c27d5ff,0,405d44cbb9a846408207e8e15565a689,org.apache.qpid.proton.engine.impl.TransportImpl,org.apache.qpid.proton.engine.impl.TransportImpl_ESTest,92,0,False
1594,NPEX,Qpid_Proton__j-0c27d5ff,0,7bf39d919654468c964d905415f20d5b,org.apache.qpid.proton.engine.impl.TransportImpl,org.apache.qpid.proton.engine.impl.TransportImpl_ESTest,86,0,False
1595,NPEX,Qpid_Proton__j-0c27d5ff,0,257cac8bebc74a7b8294366eeff5397f,org.apache.qpid.proton.engine.impl.TransportImpl,org.apache.qpid.proton.engine.impl.TransportImpl_ESTest,89,0,False
1596,NPEX,Qpid_Proton__j-0c27d5ff,0,210eba6460524f6ebe3336601dadf142,org.apache.qpid.proton.engine.impl.TransportImpl,org.apache.qpid.proton.engine.impl.TransportImpl_ESTest,85,0,False
1597,NPEX,Qpid_Proton__j-0c27d5ff,0,2476a7ae16ab4e468c8489aa337ddb6f,org.apache.qpid.proton.engine.impl.TransportImpl,org.apache.qpid.proton.engine.impl.TransportImpl_ESTest,85,0,False
1598,NPEX,Qpid_Proton__j-0c27d5ff,0,cdf32adcf67541e2a306bea1740e11c2,org.apache.qpid.proton.engine.impl.TransportImpl,org.apache.qpid.proton.engine.impl.TransportImpl_ESTest,85,0,False
1599,NPEX,Qpid_Proton__j-0c27d5ff,0,8f0ec9efe452433894a404e12d596f44,org.apache.qpid.proton.engine.impl.TransportImpl,org.apache.qpid.proton.engine.impl.TransportImpl_ESTest,86,0,False
1600,NPEX,Commons_Pool-11521c1f,0,ca32060008fe4597a8d9e3cef7a99b70,org.apache.commons.pool2.impl.GenericKeyedObjectPool,org.apache.commons.pool2.impl.GenericKeyedObjectPool_ESTest,54,0,True
1601,NPEX,Commons_Pool-11521c1f,0,ca32060008fe4597a8d9e3cef7a99b70,org.apache.commons.pool2.impl.GenericKeyedObjectPool,org.apache.commons.pool2.impl.GenericKeyedObjectPool_ESTest$1,54,0,True
1602,NPEX,Commons_Pool-11521c1f,0,7c1ce12100e84560b13033592b60f667,org.apache.commons.pool2.impl.GenericKeyedObjectPool,org.apache.commons.pool2.impl.GenericKeyedObjectPool_ESTest,53,0,True
1603,NPEX,Commons_Pool-11521c1f,0,7c1ce12100e84560b13033592b60f667,org.apache.commons.pool2.impl.GenericKeyedObjectPool,org.apache.commons.pool2.impl.GenericKeyedObjectPool_ESTest$1,53,0,True
1604,NPEX,Commons_Pool-11521c1f,0,864ed5fd4c724d19a913a7557883cde3,org.apache.commons.pool2.impl.GenericKeyedObjectPool,org.apache.commons.pool2.impl.GenericKeyedObjectPool_ESTest,49,0,True
1605,NPEX,Commons_Pool-11521c1f,0,a487d76097e744a995b2385b3c54daa1,org.apache.commons.pool2.impl.GenericKeyedObjectPool,org.apache.commons.pool2.impl.GenericKeyedObjectPool_ESTest,56,0,True
1606,NPEX,Commons_Pool-11521c1f,0,a487d76097e744a995b2385b3c54daa1,org.apache.commons.pool2.impl.GenericKeyedObjectPool,org.apache.commons.pool2.impl.GenericKeyedObjectPool_ESTest$1,56,0,True
1607,NPEX,Commons_Pool-11521c1f,0,057dee670d3b4f06aa900dd78dc4a606,org.apache.commons.pool2.impl.GenericKeyedObjectPool,org.apache.commons.pool2.impl.GenericKeyedObjectPool_ESTest,44,0,True
1608,NPEX,Commons_Pool-11521c1f,0,63f8a0e07bcc45bfa14f38688e7bf670,org.apache.commons.pool2.impl.GenericKeyedObjectPool,org.apache.commons.pool2.impl.GenericKeyedObjectPool_ESTest,50,0,True
1609,NPEX,Commons_Pool-11521c1f,0,63f8a0e07bcc45bfa14f38688e7bf670,org.apache.commons.pool2.impl.GenericKeyedObjectPool,org.apache.commons.pool2.impl.GenericKeyedObjectPool_ESTest$1,50,0,True
1610,NPEX,Commons_Pool-11521c1f,0,0e9b942748e34680a9f13381f66ac0d3,org.apache.commons.pool2.impl.GenericKeyedObjectPool,org.apache.commons.pool2.impl.GenericKeyedObjectPool_ESTest,51,0,True
1611,NPEX,Commons_Pool-11521c1f,0,875b3b234ebc4a6b82f0f111536c1c51,org.apache.commons.pool2.impl.GenericKeyedObjectPool,org.apache.commons.pool2.impl.GenericKeyedObjectPool_ESTest,52,0,True
1612,NPEX,Commons_Pool-11521c1f,0,b5bf05fd00fa46ae91ba5bc05f9552a2,org.apache.commons.pool2.impl.GenericKeyedObjectPool,org.apache.commons.pool2.impl.GenericKeyedObjectPool_ESTest,47,0,True
1613,NPEX,Commons_Pool-11521c1f,0,a3bf1b45bd354af9a364fc3765954d5d,org.apache.commons.pool2.impl.GenericKeyedObjectPool,org.apache.commons.pool2.impl.GenericKeyedObjectPool_ESTest,41,0,True
1614,NPEX,Commons_Pool-11521c1f,0,3bdff21df7c74c989225abb9a8c38fdc,org.apache.commons.pool2.impl.GenericKeyedObjectPool,org.apache.commons.pool2.impl.GenericKeyedObjectPool_ESTest,51,0,True
1615,NPEX,Commons_Pool-11521c1f,0,0bc1568860774003a5923f2071fcb15d,org.apache.commons.pool2.impl.GenericKeyedObjectPool,org.apache.commons.pool2.impl.GenericKeyedObjectPool_ESTest,59,0,True
1616,NPEX,Commons_Pool-11521c1f,0,0bc1568860774003a5923f2071fcb15d,org.apache.commons.pool2.impl.GenericKeyedObjectPool,org.apache.commons.pool2.impl.GenericKeyedObjectPool_ESTest$1,59,0,True
1617,NPEX,Commons_Pool-11521c1f,0,bf1ef37bcd714e03a97f52e457ec4381,org.apache.commons.pool2.impl.GenericKeyedObjectPool,org.apache.commons.pool2.impl.GenericKeyedObjectPool_ESTest,59,0,True
1618,NPEX,Commons_Pool-11521c1f,0,bf1ef37bcd714e03a97f52e457ec4381,org.apache.commons.pool2.impl.GenericKeyedObjectPool,org.apache.commons.pool2.impl.GenericKeyedObjectPool_ESTest$1,59,0,True
1619,NPEX,Commons_Pool-11521c1f,0,9a3233e8a86b4e20889fa5f1b6ec2c4f,org.apache.commons.pool2.impl.GenericKeyedObjectPool,org.apache.commons.pool2.impl.GenericKeyedObjectPool_ESTest,51,0,True
1620,NPEX,Commons_Pool-11521c1f,0,286e7c62b59847a795ce7172b5c42816,org.apache.commons.pool2.impl.GenericKeyedObjectPool,org.apache.commons.pool2.impl.GenericKeyedObjectPool_ESTest,50,0,True
1621,NPEX,Commons_Pool-11521c1f,0,1151568f91df49748e84cfb918a93734,org.apache.commons.pool2.impl.GenericKeyedObjectPool,org.apache.commons.pool2.impl.GenericKeyedObjectPool_ESTest,47,0,True
1622,NPEX,Commons_Pool-11521c1f,0,1151568f91df49748e84cfb918a93734,org.apache.commons.pool2.impl.GenericKeyedObjectPool,org.apache.commons.pool2.impl.GenericKeyedObjectPool_ESTest$1,47,0,True
1623,NPEX,Commons_Pool-11521c1f,0,e724879596f541fb948e626d4ac8abfb,org.apache.commons.pool2.impl.GenericKeyedObjectPool,org.apache.commons.pool2.impl.GenericKeyedObjectPool_ESTest,49,0,True
1624,NPEX,Commons_Pool-11521c1f,0,d982257b272841b2bbeb526089918023,org.apache.commons.pool2.impl.GenericKeyedObjectPool,org.apache.commons.pool2.impl.GenericKeyedObjectPool_ESTest,59,0,True
1625,NPEX,Commons_Pool-11521c1f,0,c3984fda1ea043029dbab05006c42f46,org.apache.commons.pool2.impl.GenericKeyedObjectPool,org.apache.commons.pool2.impl.GenericKeyedObjectPool_ESTest,58,0,True
1626,NPEX,Commons_Pool-11521c1f,0,c3984fda1ea043029dbab05006c42f46,org.apache.commons.pool2.impl.GenericKeyedObjectPool,org.apache.commons.pool2.impl.GenericKeyedObjectPool_ESTest$1,58,0,True
1627,NPEX,Commons_Pool-11521c1f,0,98ce775c53d242f7a7fb9fc7fad4c853,org.apache.commons.pool2.impl.GenericKeyedObjectPool,org.apache.commons.pool2.impl.GenericKeyedObjectPool_ESTest,54,0,True
1628,NPEX,Log4j_2-7441d3c3,0,98c9b487cdab430696af535c7f1f42ba,org.apache.logging.log4j.core.config.ConfigurationScheduler,org.apache.logging.log4j.core.config.ConfigurationScheduler_ESTest,25,0,True
1629,NPEX,Log4j_2-7441d3c3,0,8108930f988541998bc3534ffe6d4425,org.apache.logging.log4j.core.config.ConfigurationScheduler,org.apache.logging.log4j.core.config.ConfigurationScheduler_ESTest,31,0,True
1630,NPEX,Log4j_2-7441d3c3,0,f12901049ad8479f90385b08bfdb9419,org.apache.logging.log4j.core.config.ConfigurationScheduler,org.apache.logging.log4j.core.config.ConfigurationScheduler_ESTest,26,0,True
1631,NPEX,Log4j_2-7441d3c3,0,4528b98106e94f3b844f48e6c0b34185,org.apache.logging.log4j.core.config.ConfigurationScheduler,org.apache.logging.log4j.core.config.ConfigurationScheduler_ESTest,24,0,True
1632,NPEX,Log4j_2-7441d3c3,0,c305a418c37b4e048c7885d980895980,org.apache.logging.log4j.core.config.ConfigurationScheduler,org.apache.logging.log4j.core.config.ConfigurationScheduler_ESTest,28,0,True
1633,NPEX,Log4j_2-7441d3c3,0,a9fea9021c014937a0c3744bc579eaf6,org.apache.logging.log4j.core.config.ConfigurationScheduler,org.apache.logging.log4j.core.config.ConfigurationScheduler_ESTest,28,0,True
1634,NPEX,Log4j_2-7441d3c3,0,5e7908c9f0c34a6d837af550c57caabd,org.apache.logging.log4j.core.config.ConfigurationScheduler,org.apache.logging.log4j.core.config.ConfigurationScheduler_ESTest,25,0,True
1635,NPEX,Log4j_2-7441d3c3,0,d3eb6d8a8ad444f3ab50a54a4bfe9267,org.apache.logging.log4j.core.config.ConfigurationScheduler,org.apache.logging.log4j.core.config.ConfigurationScheduler_ESTest,25,0,True
1636,NPEX,Log4j_2-7441d3c3,0,84365f5e24e942faa763cfebd45cf65e,org.apache.logging.log4j.core.config.ConfigurationScheduler,org.apache.logging.log4j.core.config.ConfigurationScheduler_ESTest,27,0,True
1637,NPEX,Log4j_2-7441d3c3,0,53a159bf945a4538bc464718f5c4aa37,org.apache.logging.log4j.core.config.ConfigurationScheduler,org.apache.logging.log4j.core.config.ConfigurationScheduler_ESTest,26,0,True
1638,NPEX,Log4j_2-7441d3c3,0,335606160d16437fb406c37154a02410,org.apache.logging.log4j.core.config.ConfigurationScheduler,org.apache.logging.log4j.core.config.ConfigurationScheduler_ESTest,31,0,True
1639,NPEX,Log4j_2-7441d3c3,0,b850b94528294081a89742aeac1179ca,org.apache.logging.log4j.core.config.ConfigurationScheduler,org.apache.logging.log4j.core.config.ConfigurationScheduler_ESTest,24,0,True
1640,NPEX,Log4j_2-7441d3c3,0,a03c27fbab4b4243aa5eb7a8e3d91614,org.apache.logging.log4j.core.config.ConfigurationScheduler,org.apache.logging.log4j.core.config.ConfigurationScheduler_ESTest,27,0,True
1641,NPEX,Log4j_2-7441d3c3,0,65b1cd432758437abfb6df5e3f60c32c,org.apache.logging.log4j.core.config.ConfigurationScheduler,org.apache.logging.log4j.core.config.ConfigurationScheduler_ESTest,24,0,True
1642,NPEX,Log4j_2-7441d3c3,0,a50df69baa4844d4bef97f1202b71c86,org.apache.logging.log4j.core.config.ConfigurationScheduler,org.apache.logging.log4j.core.config.ConfigurationScheduler_ESTest,25,0,True
1643,NPEX,Log4j_2-7441d3c3,0,9e72ed7384d64c88bf0eba177e7712ce,org.apache.logging.log4j.core.config.ConfigurationScheduler,org.apache.logging.log4j.core.config.ConfigurationScheduler_ESTest,26,0,True
1644,NPEX,Log4j_2-7441d3c3,0,900bcd91311b49a7bb2d7492d9d18cf2,org.apache.logging.log4j.core.config.ConfigurationScheduler,org.apache.logging.log4j.core.config.ConfigurationScheduler_ESTest,25,0,True
1645,NPEX,Log4j_2-7441d3c3,0,eaf0ce46d0e243e983395f8ccfaa3104,org.apache.logging.log4j.core.config.ConfigurationScheduler,org.apache.logging.log4j.core.config.ConfigurationScheduler_ESTest,28,0,True
1646,NPEX,Log4j_2-7441d3c3,0,77ffac474b764f5e95a3982d37c7abab,org.apache.logging.log4j.core.config.ConfigurationScheduler,org.apache.logging.log4j.core.config.ConfigurationScheduler_ESTest,26,0,True
1647,NPEX,Log4j_2-7441d3c3,0,33fa0d3f8c3049a699b9648060fdecbd,org.apache.logging.log4j.core.config.ConfigurationScheduler,org.apache.logging.log4j.core.config.ConfigurationScheduler_ESTest,27,0,True
1648,NPEX,Prometheus_JVM_Client-3d9a3302,0,9cc8accab69d49a59e43092975d589f5,io.prometheus.client.CollectorRegistry,io.prometheus.client.CollectorRegistry_ESTest,17,0,False
1649,NPEX,Prometheus_JVM_Client-3d9a3302,0,2b612cc3d3ef47148dc0f880d9ae54ba,io.prometheus.client.CollectorRegistry,io.prometheus.client.CollectorRegistry_ESTest,17,0,False
1650,NPEX,Commons_BCEL-a46d927b,0,409d423d431a47f8a33eebc2283cd176,org.apache.bcel.generic.MethodGen,org.apache.bcel.generic.MethodGen_ESTest,38,0,False
1651,NPEX,Commons_BCEL-a46d927b,0,f85174dccfb74804bc292a86c686fdb8,org.apache.bcel.generic.MethodGen,org.apache.bcel.generic.MethodGen_ESTest,56,0,False
1652,NPEX,Commons_BCEL-a46d927b,0,62278441cc364be9a0e83cf9249b3ed1,org.apache.bcel.generic.MethodGen,org.apache.bcel.generic.MethodGen_ESTest,44,0,False
1653,NPEX,Commons_BCEL-a46d927b,0,bd8919e436c5479781a401746f3152fb,org.apache.bcel.generic.MethodGen,org.apache.bcel.generic.MethodGen_ESTest,36,0,False
1654,NPEX,Commons_BCEL-a46d927b,0,091be52ad55a4b969836961e0acaacce,org.apache.bcel.generic.MethodGen,org.apache.bcel.generic.MethodGen_ESTest,49,0,False
1655,NPEX,Commons_BCEL-a46d927b,0,e49d2deecd414b9c9d18f5f6e1a58ad4,org.apache.bcel.generic.MethodGen,org.apache.bcel.generic.MethodGen_ESTest,38,0,False
1656,NPEX,Commons_BCEL-a46d927b,0,203457f45d9443a18e95ef81c284ae54,org.apache.bcel.generic.MethodGen,org.apache.bcel.generic.MethodGen_ESTest,44,0,False
1657,NPEX,Commons_BCEL-a46d927b,0,265599bf083d49afb6d9e676a28e5e3f,org.apache.bcel.generic.MethodGen,org.apache.bcel.generic.MethodGen_ESTest,43,0,False
1658,NPEX,Commons_BCEL-a46d927b,0,63813f1746bc4d709b2b69f5f03450a7,org.apache.bcel.generic.MethodGen,org.apache.bcel.generic.MethodGen_ESTest,43,0,False
1659,NPEX,Commons_BCEL-a46d927b,0,f06b2167d41e4605aee81c6025a91bc8,org.apache.bcel.generic.MethodGen,org.apache.bcel.generic.MethodGen_ESTest,44,0,False
1660,NPEX,Commons_BCEL-a46d927b,0,22e9a46fc6b540b5a41f04a4e5fbc88a,org.apache.bcel.generic.MethodGen,org.apache.bcel.generic.MethodGen_ESTest,48,0,False
1661,NPEX,Commons_BCEL-a46d927b,0,263ef70c7f5c4ae0b959f57137b9aa1c,org.apache.bcel.generic.MethodGen,org.apache.bcel.generic.MethodGen_ESTest,37,0,False
1662,NPEX,Commons_BCEL-a46d927b,0,bf78afb66a1642cf8085dbdf266d1519,org.apache.bcel.generic.MethodGen,org.apache.bcel.generic.MethodGen_ESTest,50,0,False
1663,NPEX,Commons_BCEL-a46d927b,0,f837c68b6c764c2bb08e98848c12141f,org.apache.bcel.generic.MethodGen,org.apache.bcel.generic.MethodGen_ESTest,34,0,False
1664,NPEX,Commons_BCEL-a46d927b,0,508c9bb7eed4473580802ef50ad7f111,org.apache.bcel.generic.MethodGen,org.apache.bcel.generic.MethodGen_ESTest,47,0,False
1665,NPEX,Commons_BCEL-a46d927b,0,0be8a5bc25074ba6bbd32df55596f7cf,org.apache.bcel.generic.MethodGen,org.apache.bcel.generic.MethodGen_ESTest,38,0,False
1666,NPEX,Commons_BCEL-a46d927b,0,a8150399ad0a4bfe91aae934645d811d,org.apache.bcel.generic.MethodGen,org.apache.bcel.generic.MethodGen_ESTest,41,0,False
1667,NPEX,Commons_BCEL-a46d927b,0,c974b057fff944a2b98b14fd07c1a383,org.apache.bcel.generic.MethodGen,org.apache.bcel.generic.MethodGen_ESTest,46,0,False
1668,NPEX,Commons_BCEL-a46d927b,0,9c1c1a2e5d3a40acb538ef52335017cc,org.apache.bcel.generic.MethodGen,org.apache.bcel.generic.MethodGen_ESTest,49,0,False
1669,NPEX,Commons_BCEL-a46d927b,0,07abefda10724399beb95364e7b1d2a9,org.apache.bcel.generic.MethodGen,org.apache.bcel.generic.MethodGen_ESTest,51,0,False
1670,NPEX,Jest-f34fa45e,0,791f8f0097f74088bfd2d434f09ce37c,io.searchbox.client.config.discovery.NodeChecker,io.searchbox.client.config.discovery.NodeChecker_ESTest,3,0,False
1671,NPEX,Jest-f34fa45e,0,c6b2d6ef0a994bba90e6227226af0dc9,io.searchbox.client.config.discovery.NodeChecker,io.searchbox.client.config.discovery.NodeChecker_ESTest,2,0,False
1672,NPEX,Jest-f34fa45e,0,88132f6bf05145e78fffa6c2fd1bd495,io.searchbox.client.config.discovery.NodeChecker,io.searchbox.client.config.discovery.NodeChecker_ESTest,7,0,False
1673,NPEX,Jest-f34fa45e,0,b07b25e23d8541c9b487561d9a7372cc,io.searchbox.client.config.discovery.NodeChecker,io.searchbox.client.config.discovery.NodeChecker_ESTest,1,0,False
1674,NPEX,Jest-f34fa45e,0,395252afb607458ba5b025ef41ba08a5,io.searchbox.client.config.discovery.NodeChecker,io.searchbox.client.config.discovery.NodeChecker_ESTest,9,0,True
1675,NPEX,Jest-f34fa45e,0,d09aea7abeb44e10b2e2d65f99a8baf4,io.searchbox.client.config.discovery.NodeChecker,io.searchbox.client.config.discovery.NodeChecker_ESTest,11,0,True
1676,NPEX,Jest-f34fa45e,0,ffa987d3854f42eba36b570ee10a255d,io.searchbox.client.config.discovery.NodeChecker,io.searchbox.client.config.discovery.NodeChecker_ESTest,12,0,True
1677,NPEX,Jest-f34fa45e,0,724bf9df871d4891a489ce1728133c83,io.searchbox.client.config.discovery.NodeChecker,io.searchbox.client.config.discovery.NodeChecker_ESTest,1,0,False
1678,NPEX,Jest-f34fa45e,0,eddc246fb87b4f9f85a22cd5e54f7b81,io.searchbox.client.config.discovery.NodeChecker,io.searchbox.client.config.discovery.NodeChecker_ESTest,7,0,False
1679,NPEX,Jest-f34fa45e,0,7f42184245b1429e90ba3909cf4f8954,io.searchbox.client.config.discovery.NodeChecker,io.searchbox.client.config.discovery.NodeChecker_ESTest,7,0,False
1680,NPEX,Jest-f34fa45e,0,818aa08fbeee42a69037b74d41bf3770,io.searchbox.client.config.discovery.NodeChecker,io.searchbox.client.config.discovery.NodeChecker_ESTest,6,0,True
1681,NPEX,Jest-f34fa45e,0,ca15ed01519b42339b3be35199a155ca,io.searchbox.client.config.discovery.NodeChecker,io.searchbox.client.config.discovery.NodeChecker_ESTest,2,0,False
1682,NPEX,Jest-f34fa45e,0,fc34ff733586474f807a5b4efb9bd24d,io.searchbox.client.config.discovery.NodeChecker,io.searchbox.client.config.discovery.NodeChecker_ESTest,5,0,True
1683,NPEX,Jest-f34fa45e,0,02a51a029bd345689c07e2f8937693fd,io.searchbox.client.config.discovery.NodeChecker,io.searchbox.client.config.discovery.NodeChecker_ESTest,11,0,True
1684,NPEX,Jest-f34fa45e,0,0fcb3a3fe9924fcd91037e6a06178df1,io.searchbox.client.config.discovery.NodeChecker,io.searchbox.client.config.discovery.NodeChecker_ESTest,7,0,True
1685,NPEX,Jest-f34fa45e,0,4251ce77a366485c9fe3f8e3d127a515,io.searchbox.client.config.discovery.NodeChecker,io.searchbox.client.config.discovery.NodeChecker_ESTest,2,0,False
1686,NPEX,Jest-f34fa45e,0,f4ba11618c1a444f9dfa1b793021d649,io.searchbox.client.config.discovery.NodeChecker,io.searchbox.client.config.discovery.NodeChecker_ESTest,11,0,False
1687,NPEX,Jest-f34fa45e,0,428e1817d1cb4c639549fac278ec0d0b,io.searchbox.client.config.discovery.NodeChecker,io.searchbox.client.config.discovery.NodeChecker_ESTest,11,0,True
1688,NPEX,Jest-f34fa45e,0,7bc87b7b34834df4bd2529dea2f6867f,io.searchbox.client.config.discovery.NodeChecker,io.searchbox.client.config.discovery.NodeChecker_ESTest,7,0,True
1689,NPEX,Jest-f34fa45e,0,81203f00cda94f0cbd92c1fc7d7b745e,io.searchbox.client.config.discovery.NodeChecker,io.searchbox.client.config.discovery.NodeChecker_ESTest,7,0,True
1690,NPEX,Qpid_Proton__j-02998b38,0,26bb6cda12c04711b55058eccb890042,org.apache.qpid.proton.codec.MapType,org.apache.qpid.proton.codec.MapType_ESTest,5,0,False
1691,NPEX,Qpid_Proton__j-02998b38,0,f010e8aad337471eb29e806b7519dc0f,org.apache.qpid.proton.codec.MapType,org.apache.qpid.proton.codec.MapType_ESTest,5,0,False
1692,NPEX,Qpid_Proton__j-02998b38,0,934744ca276744f08e918ea38752b048,org.apache.qpid.proton.codec.MapType,org.apache.qpid.proton.codec.MapType_ESTest,7,0,False
1693,NPEX,Qpid_Proton__j-02998b38,0,5679255816434c4394678d39ec666642,org.apache.qpid.proton.codec.MapType,org.apache.qpid.proton.codec.MapType_ESTest,6,0,False
1694,NPEX,Qpid_Proton__j-02998b38,0,69a004f729b84b8ab3167183581ce569,org.apache.qpid.proton.codec.MapType,org.apache.qpid.proton.codec.MapType_ESTest,15,0,True
1695,NPEX,Qpid_Proton__j-02998b38,0,824795398e50418bbeee2ca5cf4eb1ac,org.apache.qpid.proton.codec.MapType,org.apache.qpid.proton.codec.MapType_ESTest,7,0,False
1696,NPEX,Qpid_Proton__j-02998b38,0,ee983908c552441f8f3fc2c67c7ea81a,org.apache.qpid.proton.codec.MapType,org.apache.qpid.proton.codec.MapType_ESTest,7,0,False
1697,NPEX,Qpid_Proton__j-02998b38,0,cf6b561fb9884556b4749608bfd85444,org.apache.qpid.proton.codec.MapType,org.apache.qpid.proton.codec.MapType_ESTest,6,0,False
1698,NPEX,Qpid_Proton__j-02998b38,0,0c52d41b49484f4f9fe7844a689396bf,org.apache.qpid.proton.codec.MapType,org.apache.qpid.proton.codec.MapType_ESTest,7,0,False
1699,NPEX,Qpid_Proton__j-02998b38,0,4b14a6b4083641b9a56b23a96acd6669,org.apache.qpid.proton.codec.MapType,org.apache.qpid.proton.codec.MapType_ESTest,5,0,False
1700,NPEX,Qpid_Proton__j-02998b38,0,bb9a3d3260554dc5b464bc78bc7a899b,org.apache.qpid.proton.codec.MapType,org.apache.qpid.proton.codec.MapType_ESTest,8,0,False
1701,NPEX,Qpid_Proton__j-02998b38,0,53f0f3ce9aa446dea7a02f00a1fa6b24,org.apache.qpid.proton.codec.MapType,org.apache.qpid.proton.codec.MapType_ESTest,7,0,False
1702,NPEX,Qpid_Proton__j-02998b38,0,89e8e8b649c54a3c92908f4e0513e135,org.apache.qpid.proton.codec.MapType,org.apache.qpid.proton.codec.MapType_ESTest,8,0,False
1703,NPEX,Qpid_Proton__j-02998b38,0,24430749fba24612b89d238959ceacc5,org.apache.qpid.proton.codec.MapType,org.apache.qpid.proton.codec.MapType_ESTest,9,0,False
1704,NPEX,Qpid_Proton__j-02998b38,0,5370112fde9e48b2a4d15ec5b450b649,org.apache.qpid.proton.codec.MapType,org.apache.qpid.proton.codec.MapType_ESTest,7,0,False
1705,NPEX,Qpid_Proton__j-02998b38,0,45fd16b940054352a1350ad225f01a40,org.apache.qpid.proton.codec.MapType,org.apache.qpid.proton.codec.MapType_ESTest,7,0,False
1706,NPEX,Qpid_Proton__j-02998b38,0,307d0cbd1a5545c5ba32cd5f7cbdc2a8,org.apache.qpid.proton.codec.MapType,org.apache.qpid.proton.codec.MapType_ESTest,3,0,False
1707,NPEX,Qpid_Proton__j-02998b38,0,55e78100299b4d80811e521d1aa39678,org.apache.qpid.proton.codec.MapType,org.apache.qpid.proton.codec.MapType_ESTest,8,0,False
1708,NPEX,Qpid_Proton__j-02998b38,0,d331c1942f1640ad8654d291915cd918,org.apache.qpid.proton.codec.MapType,org.apache.qpid.proton.codec.MapType_ESTest,7,0,False
1709,NPEX,Qpid_Proton__j-02998b38,0,8116bc6e1f1c41f8831b45de7099ae85,org.apache.qpid.proton.codec.MapType,org.apache.qpid.proton.codec.MapType_ESTest,9,0,False
1710,NPEX,Qpid_Proton__j-02998b38,1,26bb6cda12c04711b55058eccb890042,org.apache.qpid.proton.codec.MapType,org.apache.qpid.proton.codec.MapType_ESTest,5,0,False
1711,NPEX,Qpid_Proton__j-02998b38,1,f010e8aad337471eb29e806b7519dc0f,org.apache.qpid.proton.codec.MapType,org.apache.qpid.proton.codec.MapType_ESTest,5,0,False
1712,NPEX,Qpid_Proton__j-02998b38,1,934744ca276744f08e918ea38752b048,org.apache.qpid.proton.codec.MapType,org.apache.qpid.proton.codec.MapType_ESTest,7,0,False
1713,NPEX,Qpid_Proton__j-02998b38,1,5679255816434c4394678d39ec666642,org.apache.qpid.proton.codec.MapType,org.apache.qpid.proton.codec.MapType_ESTest,6,0,False
1714,NPEX,Qpid_Proton__j-02998b38,1,69a004f729b84b8ab3167183581ce569,org.apache.qpid.proton.codec.MapType,org.apache.qpid.proton.codec.MapType_ESTest,15,0,False
1715,NPEX,Qpid_Proton__j-02998b38,1,824795398e50418bbeee2ca5cf4eb1ac,org.apache.qpid.proton.codec.MapType,org.apache.qpid.proton.codec.MapType_ESTest,7,0,False
1716,NPEX,Qpid_Proton__j-02998b38,1,ee983908c552441f8f3fc2c67c7ea81a,org.apache.qpid.proton.codec.MapType,org.apache.qpid.proton.codec.MapType_ESTest,7,0,False
1717,NPEX,Qpid_Proton__j-02998b38,1,cf6b561fb9884556b4749608bfd85444,org.apache.qpid.proton.codec.MapType,org.apache.qpid.proton.codec.MapType_ESTest,6,0,False
1718,NPEX,Qpid_Proton__j-02998b38,1,0c52d41b49484f4f9fe7844a689396bf,org.apache.qpid.proton.codec.MapType,org.apache.qpid.proton.codec.MapType_ESTest,7,0,False
1719,NPEX,Qpid_Proton__j-02998b38,1,4b14a6b4083641b9a56b23a96acd6669,org.apache.qpid.proton.codec.MapType,org.apache.qpid.proton.codec.MapType_ESTest,5,0,False
1720,NPEX,Qpid_Proton__j-02998b38,1,bb9a3d3260554dc5b464bc78bc7a899b,org.apache.qpid.proton.codec.MapType,org.apache.qpid.proton.codec.MapType_ESTest,8,0,False
1721,NPEX,Qpid_Proton__j-02998b38,1,53f0f3ce9aa446dea7a02f00a1fa6b24,org.apache.qpid.proton.codec.MapType,org.apache.qpid.proton.codec.MapType_ESTest,7,0,False
1722,NPEX,Qpid_Proton__j-02998b38,1,89e8e8b649c54a3c92908f4e0513e135,org.apache.qpid.proton.codec.MapType,org.apache.qpid.proton.codec.MapType_ESTest,8,0,False
1723,NPEX,Qpid_Proton__j-02998b38,1,24430749fba24612b89d238959ceacc5,org.apache.qpid.proton.codec.MapType,org.apache.qpid.proton.codec.MapType_ESTest,9,0,False
1724,NPEX,Qpid_Proton__j-02998b38,1,5370112fde9e48b2a4d15ec5b450b649,org.apache.qpid.proton.codec.MapType,org.apache.qpid.proton.codec.MapType_ESTest,7,0,False
1725,NPEX,Qpid_Proton__j-02998b38,1,45fd16b940054352a1350ad225f01a40,org.apache.qpid.proton.codec.MapType,org.apache.qpid.proton.codec.MapType_ESTest,7,0,False
1726,NPEX,Qpid_Proton__j-02998b38,1,307d0cbd1a5545c5ba32cd5f7cbdc2a8,org.apache.qpid.proton.codec.MapType,org.apache.qpid.proton.codec.MapType_ESTest,3,0,False
1727,NPEX,Qpid_Proton__j-02998b38,1,55e78100299b4d80811e521d1aa39678,org.apache.qpid.proton.codec.MapType,org.apache.qpid.proton.codec.MapType_ESTest,8,0,False
1728,NPEX,Qpid_Proton__j-02998b38,1,d331c1942f1640ad8654d291915cd918,org.apache.qpid.proton.codec.MapType,org.apache.qpid.proton.codec.MapType_ESTest,7,0,False
1729,NPEX,Qpid_Proton__j-02998b38,1,8116bc6e1f1c41f8831b45de7099ae85,org.apache.qpid.proton.codec.MapType,org.apache.qpid.proton.codec.MapType_ESTest,9,0,False
1730,NPEX,Avro-a3e05bee,0,bcacf052fd6f42219464f51db9f37fd0,org.apache.avro.Schema,org.apache.avro.Schema_ESTest,103,0,True
1731,NPEX,Avro-a3e05bee,0,f84903dd8ba0406b8fd607354a41fb5f,org.apache.avro.Schema,org.apache.avro.Schema_ESTest,88,0,True
1732,NPEX,Avro-a3e05bee,0,be32a255d8954c61a7fddd201119f859,org.apache.avro.Schema,org.apache.avro.Schema_ESTest,97,0,True
1733,NPEX,Avro-a3e05bee,0,a04133991fd94a9aa92179e04406f2d9,org.apache.avro.Schema,org.apache.avro.Schema_ESTest,97,0,True
1734,NPEX,Avro-a3e05bee,0,3a765e471b8b486d848e8c183076f44e,org.apache.avro.Schema,org.apache.avro.Schema_ESTest,80,0,True
1735,NPEX,Avro-a3e05bee,0,2a321757d7194c78ae3f040a3f62a32e,org.apache.avro.Schema,org.apache.avro.Schema_ESTest,89,0,True
1736,NPEX,Avro-a3e05bee,0,6ee8249d01e44ecfa7d3b33f8aa01019,org.apache.avro.Schema,org.apache.avro.Schema_ESTest,94,0,True
1737,NPEX,Avro-a3e05bee,0,a5890004d7184a549cfc4c45e230c97c,org.apache.avro.Schema,org.apache.avro.Schema_ESTest,93,0,True
1738,NPEX,Avro-a3e05bee,0,aa877f9d86bf4711a2793a29959789e5,org.apache.avro.Schema,org.apache.avro.Schema_ESTest,93,0,True
1739,NPEX,Avro-a3e05bee,0,be4d63aa72a341f5bac4282f41de1cb7,org.apache.avro.Schema,org.apache.avro.Schema_ESTest,92,0,True
1740,NPEX,Avro-a3e05bee,0,faf96a2b6ea143c58b719583d107b91d,org.apache.avro.Schema,org.apache.avro.Schema_ESTest,85,0,True
1741,NPEX,Avro-a3e05bee,0,0f813b36899e463a9ac21e7399402984,org.apache.avro.Schema,org.apache.avro.Schema_ESTest,90,0,True
1742,NPEX,Avro-a3e05bee,0,1f68d8dbe5ae460c8d4f26bd65bff504,org.apache.avro.Schema,org.apache.avro.Schema_ESTest,89,0,True
1743,NPEX,Avro-a3e05bee,0,b9fa67c7a9d6493c87772eada18802a1,org.apache.avro.Schema,org.apache.avro.Schema_ESTest,90,0,True
1744,NPEX,Avro-a3e05bee,0,1500fb14eccd46ae9d8003e91b5b1fd1,org.apache.avro.Schema,org.apache.avro.Schema_ESTest,91,0,True
1745,NPEX,Avro-a3e05bee,0,9c7d54588b144d5aa346d53e98361690,org.apache.avro.Schema,org.apache.avro.Schema_ESTest,94,0,True
1746,NPEX,Avro-a3e05bee,0,6977b4fe9a5247a88f836411f9025205,org.apache.avro.Schema,org.apache.avro.Schema_ESTest,99,0,True
1747,NPEX,Avro-a3e05bee,0,18ad29ff61f34d77b0f7b5b8e12d0c1f,org.apache.avro.Schema,org.apache.avro.Schema_ESTest,95,0,True
1748,NPEX,Avro-a3e05bee,0,1da727557bfb47b69383628b709de411,org.apache.avro.Schema,org.apache.avro.Schema_ESTest,97,0,True
1749,NPEX,Avro-a3e05bee,0,c6c31c6d1c584e01b9f8cc98238b1e5e,org.apache.avro.Schema,org.apache.avro.Schema_ESTest,90,0,True
1750,NPEX,HttpComponents_Client-f6333a50,0,784cca5b5f47424d887451efa0ad17aa,org.apache.hc.client5.http.impl.async.HttpAsyncClientBuilder,org.apache.hc.client5.http.impl.async.HttpAsyncClientBuilder_ESTest,55,0,False
1751,NPEX,HttpComponents_Client-f6333a50,0,784cca5b5f47424d887451efa0ad17aa,org.apache.hc.client5.http.impl.async.H2AsyncClientBuilder,org.apache.hc.client5.http.impl.async.H2AsyncClientBuilder_ESTest,51,0,True
1752,NPEX,HttpComponents_Client-f6333a50,0,e627870685d34ff087bcd36378205403,org.apache.hc.client5.http.impl.async.HttpAsyncClientBuilder,org.apache.hc.client5.http.impl.async.HttpAsyncClientBuilder_ESTest,58,0,False
1753,NPEX,HttpComponents_Client-f6333a50,0,e627870685d34ff087bcd36378205403,org.apache.hc.client5.http.impl.async.H2AsyncClientBuilder,org.apache.hc.client5.http.impl.async.H2AsyncClientBuilder_ESTest,51,0,True
1754,NPEX,HttpComponents_Client-f6333a50,0,a2be7f9e6f5f4f8391906bb74a172242,org.apache.hc.client5.http.impl.async.HttpAsyncClientBuilder,org.apache.hc.client5.http.impl.async.HttpAsyncClientBuilder_ESTest,59,0,False
1755,NPEX,HttpComponents_Client-f6333a50,0,a2be7f9e6f5f4f8391906bb74a172242,org.apache.hc.client5.http.impl.async.H2AsyncClientBuilder,org.apache.hc.client5.http.impl.async.H2AsyncClientBuilder_ESTest,52,0,True
1756,NPEX,HttpComponents_Client-f6333a50,0,28c4a076589e4b0f9c5f2a6e43f4948e,org.apache.hc.client5.http.impl.async.HttpAsyncClientBuilder,org.apache.hc.client5.http.impl.async.HttpAsyncClientBuilder_ESTest,61,0,False
1757,NPEX,HttpComponents_Client-f6333a50,0,28c4a076589e4b0f9c5f2a6e43f4948e,org.apache.hc.client5.http.impl.async.H2AsyncClientBuilder,org.apache.hc.client5.http.impl.async.H2AsyncClientBuilder_ESTest,53,0,True
1758,NPEX,HttpComponents_Client-f6333a50,0,307720655e904dfc90a23bb9b5b868bf,org.apache.hc.client5.http.impl.async.HttpAsyncClientBuilder,org.apache.hc.client5.http.impl.async.HttpAsyncClientBuilder_ESTest,56,0,False
1759,NPEX,HttpComponents_Client-f6333a50,0,307720655e904dfc90a23bb9b5b868bf,org.apache.hc.client5.http.impl.async.H2AsyncClientBuilder,org.apache.hc.client5.http.impl.async.H2AsyncClientBuilder_ESTest,55,0,True
1760,NPEX,HttpComponents_Client-f6333a50,0,c4ec8b616360454a859e161a37d5c378,org.apache.hc.client5.http.impl.async.HttpAsyncClientBuilder,org.apache.hc.client5.http.impl.async.HttpAsyncClientBuilder_ESTest,58,0,False
1761,NPEX,HttpComponents_Client-f6333a50,0,c4ec8b616360454a859e161a37d5c378,org.apache.hc.client5.http.impl.async.H2AsyncClientBuilder,org.apache.hc.client5.http.impl.async.H2AsyncClientBuilder_ESTest,53,0,True
1762,NPEX,HttpComponents_Client-f6333a50,0,9d745eab7a5d47439c08d27ca12013b9,org.apache.hc.client5.http.impl.async.HttpAsyncClientBuilder,org.apache.hc.client5.http.impl.async.HttpAsyncClientBuilder_ESTest,56,0,False
1763,NPEX,HttpComponents_Client-f6333a50,0,9d745eab7a5d47439c08d27ca12013b9,org.apache.hc.client5.http.impl.async.H2AsyncClientBuilder,org.apache.hc.client5.http.impl.async.H2AsyncClientBuilder_ESTest,54,0,True
1764,NPEX,HttpComponents_Client-f6333a50,0,fe998c146a3d4dccb57240bf30716be1,org.apache.hc.client5.http.impl.async.HttpAsyncClientBuilder,org.apache.hc.client5.http.impl.async.HttpAsyncClientBuilder_ESTest,53,0,False
1765,NPEX,HttpComponents_Client-f6333a50,0,fe998c146a3d4dccb57240bf30716be1,org.apache.hc.client5.http.impl.async.H2AsyncClientBuilder,org.apache.hc.client5.http.impl.async.H2AsyncClientBuilder_ESTest,54,0,True
1766,NPEX,HttpComponents_Client-f6333a50,0,12c0a0b2e7cc4499b43f91691ffeeb2e,org.apache.hc.client5.http.impl.async.HttpAsyncClientBuilder,org.apache.hc.client5.http.impl.async.HttpAsyncClientBuilder_ESTest,56,0,False
1767,NPEX,HttpComponents_Client-f6333a50,0,12c0a0b2e7cc4499b43f91691ffeeb2e,org.apache.hc.client5.http.impl.async.H2AsyncClientBuilder,org.apache.hc.client5.http.impl.async.H2AsyncClientBuilder_ESTest,51,0,True
1768,NPEX,HttpComponents_Client-f6333a50,0,2aee15365f16444397146bee6d5dff38,org.apache.hc.client5.http.impl.async.HttpAsyncClientBuilder,org.apache.hc.client5.http.impl.async.HttpAsyncClientBuilder_ESTest,58,0,False
1769,NPEX,HttpComponents_Client-f6333a50,0,2aee15365f16444397146bee6d5dff38,org.apache.hc.client5.http.impl.async.H2AsyncClientBuilder,org.apache.hc.client5.http.impl.async.H2AsyncClientBuilder_ESTest,51,0,True
1770,NPEX,HttpComponents_Client-f6333a50,0,010ef32ebefa4b8bbd62d503ad151e91,org.apache.hc.client5.http.impl.async.HttpAsyncClientBuilder,org.apache.hc.client5.http.impl.async.HttpAsyncClientBuilder_ESTest,36,0,False
1771,NPEX,HttpComponents_Client-f6333a50,0,010ef32ebefa4b8bbd62d503ad151e91,org.apache.hc.client5.http.impl.async.H2AsyncClientBuilder,org.apache.hc.client5.http.impl.async.H2AsyncClientBuilder_ESTest,54,0,True
1772,NPEX,HttpComponents_Client-f6333a50,0,31efa307975c4ca1b0e127230c0ade7d,org.apache.hc.client5.http.impl.async.HttpAsyncClientBuilder,org.apache.hc.client5.http.impl.async.HttpAsyncClientBuilder_ESTest,61,0,False
1773,NPEX,HttpComponents_Client-f6333a50,0,31efa307975c4ca1b0e127230c0ade7d,org.apache.hc.client5.http.impl.async.H2AsyncClientBuilder,org.apache.hc.client5.http.impl.async.H2AsyncClientBuilder_ESTest,51,0,True
1774,NPEX,HttpComponents_Client-f6333a50,0,a8ab70ddeb5c45838d6a5b549d9f960a,org.apache.hc.client5.http.impl.async.HttpAsyncClientBuilder,org.apache.hc.client5.http.impl.async.HttpAsyncClientBuilder_ESTest,54,0,False
1775,NPEX,HttpComponents_Client-f6333a50,0,a8ab70ddeb5c45838d6a5b549d9f960a,org.apache.hc.client5.http.impl.async.H2AsyncClientBuilder,org.apache.hc.client5.http.impl.async.H2AsyncClientBuilder_ESTest,52,0,True
1776,NPEX,HttpComponents_Client-f6333a50,0,5c746df4d8a7407e9e876d664776d206,org.apache.hc.client5.http.impl.async.HttpAsyncClientBuilder,org.apache.hc.client5.http.impl.async.HttpAsyncClientBuilder_ESTest,60,0,False
1777,NPEX,HttpComponents_Client-f6333a50,0,5c746df4d8a7407e9e876d664776d206,org.apache.hc.client5.http.impl.async.H2AsyncClientBuilder,org.apache.hc.client5.http.impl.async.H2AsyncClientBuilder_ESTest,50,0,True
1778,NPEX,HttpComponents_Client-f6333a50,0,c54c57f36423490db5f137d976bfed3b,org.apache.hc.client5.http.impl.async.HttpAsyncClientBuilder,org.apache.hc.client5.http.impl.async.HttpAsyncClientBuilder_ESTest,56,0,False
1779,NPEX,HttpComponents_Client-f6333a50,0,c54c57f36423490db5f137d976bfed3b,org.apache.hc.client5.http.impl.async.H2AsyncClientBuilder,org.apache.hc.client5.http.impl.async.H2AsyncClientBuilder_ESTest,51,0,True
1780,NPEX,HttpComponents_Client-f6333a50,0,c9a7871036944a3eb09bab84c7da04db,org.apache.hc.client5.http.impl.async.HttpAsyncClientBuilder,org.apache.hc.client5.http.impl.async.HttpAsyncClientBuilder_ESTest,54,0,False
1781,NPEX,HttpComponents_Client-f6333a50,0,c9a7871036944a3eb09bab84c7da04db,org.apache.hc.client5.http.impl.async.H2AsyncClientBuilder,org.apache.hc.client5.http.impl.async.H2AsyncClientBuilder_ESTest,52,0,True
1782,NPEX,HttpComponents_Client-f6333a50,0,02e6a3a91aba46d9bb0ca858bc69bd0f,org.apache.hc.client5.http.impl.async.HttpAsyncClientBuilder,org.apache.hc.client5.http.impl.async.HttpAsyncClientBuilder_ESTest,60,0,False
1783,NPEX,HttpComponents_Client-f6333a50,0,02e6a3a91aba46d9bb0ca858bc69bd0f,org.apache.hc.client5.http.impl.async.H2AsyncClientBuilder,org.apache.hc.client5.http.impl.async.H2AsyncClientBuilder_ESTest,49,0,True
1784,NPEX,HttpComponents_Client-f6333a50,0,4916bb4487cc4d04a6776aa413da60d7,org.apache.hc.client5.http.impl.async.HttpAsyncClientBuilder,org.apache.hc.client5.http.impl.async.HttpAsyncClientBuilder_ESTest,55,0,False
1785,NPEX,HttpComponents_Client-f6333a50,0,4916bb4487cc4d04a6776aa413da60d7,org.apache.hc.client5.http.impl.async.H2AsyncClientBuilder,org.apache.hc.client5.http.impl.async.H2AsyncClientBuilder_ESTest,48,0,True
1786,NPEX,HttpComponents_Client-f6333a50,0,fb9a850181c84709a6dcc7305a70552c,org.apache.hc.client5.http.impl.async.HttpAsyncClientBuilder,org.apache.hc.client5.http.impl.async.HttpAsyncClientBuilder_ESTest,56,0,False
1787,NPEX,HttpComponents_Client-f6333a50,0,fb9a850181c84709a6dcc7305a70552c,org.apache.hc.client5.http.impl.async.H2AsyncClientBuilder,org.apache.hc.client5.http.impl.async.H2AsyncClientBuilder_ESTest,53,0,True
1788,NPEX,HttpComponents_Client-f6333a50,0,b2f77cf4a01541aba8634918c630c36d,org.apache.hc.client5.http.impl.async.HttpAsyncClientBuilder,org.apache.hc.client5.http.impl.async.HttpAsyncClientBuilder_ESTest,56,0,False
1789,NPEX,HttpComponents_Client-f6333a50,0,b2f77cf4a01541aba8634918c630c36d,org.apache.hc.client5.http.impl.async.H2AsyncClientBuilder,org.apache.hc.client5.http.impl.async.H2AsyncClientBuilder_ESTest,50,0,True
1790,NPEX,HttpComponents_Client-f6333a50,1,784cca5b5f47424d887451efa0ad17aa,org.apache.hc.client5.http.impl.async.HttpAsyncClientBuilder,org.apache.hc.client5.http.impl.async.HttpAsyncClientBuilder_ESTest,55,0,False
1791,NPEX,HttpComponents_Client-f6333a50,1,784cca5b5f47424d887451efa0ad17aa,org.apache.hc.client5.http.impl.async.H2AsyncClientBuilder,org.apache.hc.client5.http.impl.async.H2AsyncClientBuilder_ESTest,51,0,True
1792,NPEX,HttpComponents_Client-f6333a50,1,e627870685d34ff087bcd36378205403,org.apache.hc.client5.http.impl.async.HttpAsyncClientBuilder,org.apache.hc.client5.http.impl.async.HttpAsyncClientBuilder_ESTest,58,0,False
1793,NPEX,HttpComponents_Client-f6333a50,1,e627870685d34ff087bcd36378205403,org.apache.hc.client5.http.impl.async.H2AsyncClientBuilder,org.apache.hc.client5.http.impl.async.H2AsyncClientBuilder_ESTest,51,0,True
1794,NPEX,HttpComponents_Client-f6333a50,1,a2be7f9e6f5f4f8391906bb74a172242,org.apache.hc.client5.http.impl.async.HttpAsyncClientBuilder,org.apache.hc.client5.http.impl.async.HttpAsyncClientBuilder_ESTest,59,0,False
1795,NPEX,HttpComponents_Client-f6333a50,1,a2be7f9e6f5f4f8391906bb74a172242,org.apache.hc.client5.http.impl.async.H2AsyncClientBuilder,org.apache.hc.client5.http.impl.async.H2AsyncClientBuilder_ESTest,52,0,True
1796,NPEX,HttpComponents_Client-f6333a50,1,28c4a076589e4b0f9c5f2a6e43f4948e,org.apache.hc.client5.http.impl.async.HttpAsyncClientBuilder,org.apache.hc.client5.http.impl.async.HttpAsyncClientBuilder_ESTest,61,0,False
1797,NPEX,HttpComponents_Client-f6333a50,1,28c4a076589e4b0f9c5f2a6e43f4948e,org.apache.hc.client5.http.impl.async.H2AsyncClientBuilder,org.apache.hc.client5.http.impl.async.H2AsyncClientBuilder_ESTest,53,0,True
1798,NPEX,HttpComponents_Client-f6333a50,1,307720655e904dfc90a23bb9b5b868bf,org.apache.hc.client5.http.impl.async.HttpAsyncClientBuilder,org.apache.hc.client5.http.impl.async.HttpAsyncClientBuilder_ESTest,56,0,False
1799,NPEX,HttpComponents_Client-f6333a50,1,307720655e904dfc90a23bb9b5b868bf,org.apache.hc.client5.http.impl.async.H2AsyncClientBuilder,org.apache.hc.client5.http.impl.async.H2AsyncClientBuilder_ESTest,55,0,True
1800,NPEX,HttpComponents_Client-f6333a50,1,c4ec8b616360454a859e161a37d5c378,org.apache.hc.client5.http.impl.async.HttpAsyncClientBuilder,org.apache.hc.client5.http.impl.async.HttpAsyncClientBuilder_ESTest,58,0,False
1801,NPEX,HttpComponents_Client-f6333a50,1,c4ec8b616360454a859e161a37d5c378,org.apache.hc.client5.http.impl.async.H2AsyncClientBuilder,org.apache.hc.client5.http.impl.async.H2AsyncClientBuilder_ESTest,53,0,True
1802,NPEX,HttpComponents_Client-f6333a50,1,9d745eab7a5d47439c08d27ca12013b9,org.apache.hc.client5.http.impl.async.HttpAsyncClientBuilder,org.apache.hc.client5.http.impl.async.HttpAsyncClientBuilder_ESTest,56,0,False
1803,NPEX,HttpComponents_Client-f6333a50,1,9d745eab7a5d47439c08d27ca12013b9,org.apache.hc.client5.http.impl.async.H2AsyncClientBuilder,org.apache.hc.client5.http.impl.async.H2AsyncClientBuilder_ESTest,54,0,True
1804,NPEX,HttpComponents_Client-f6333a50,1,fe998c146a3d4dccb57240bf30716be1,org.apache.hc.client5.http.impl.async.HttpAsyncClientBuilder,org.apache.hc.client5.http.impl.async.HttpAsyncClientBuilder_ESTest,53,0,False
1805,NPEX,HttpComponents_Client-f6333a50,1,fe998c146a3d4dccb57240bf30716be1,org.apache.hc.client5.http.impl.async.H2AsyncClientBuilder,org.apache.hc.client5.http.impl.async.H2AsyncClientBuilder_ESTest,54,0,True
1806,NPEX,HttpComponents_Client-f6333a50,1,12c0a0b2e7cc4499b43f91691ffeeb2e,org.apache.hc.client5.http.impl.async.HttpAsyncClientBuilder,org.apache.hc.client5.http.impl.async.HttpAsyncClientBuilder_ESTest,56,0,False
1807,NPEX,HttpComponents_Client-f6333a50,1,12c0a0b2e7cc4499b43f91691ffeeb2e,org.apache.hc.client5.http.impl.async.H2AsyncClientBuilder,org.apache.hc.client5.http.impl.async.H2AsyncClientBuilder_ESTest,51,0,True
1808,NPEX,HttpComponents_Client-f6333a50,1,2aee15365f16444397146bee6d5dff38,org.apache.hc.client5.http.impl.async.HttpAsyncClientBuilder,org.apache.hc.client5.http.impl.async.HttpAsyncClientBuilder_ESTest,58,0,False
1809,NPEX,HttpComponents_Client-f6333a50,1,2aee15365f16444397146bee6d5dff38,org.apache.hc.client5.http.impl.async.H2AsyncClientBuilder,org.apache.hc.client5.http.impl.async.H2AsyncClientBuilder_ESTest,51,0,True
1810,NPEX,HttpComponents_Client-f6333a50,1,010ef32ebefa4b8bbd62d503ad151e91,org.apache.hc.client5.http.impl.async.HttpAsyncClientBuilder,org.apache.hc.client5.http.impl.async.HttpAsyncClientBuilder_ESTest,36,0,False
1811,NPEX,HttpComponents_Client-f6333a50,1,010ef32ebefa4b8bbd62d503ad151e91,org.apache.hc.client5.http.impl.async.H2AsyncClientBuilder,org.apache.hc.client5.http.impl.async.H2AsyncClientBuilder_ESTest,54,0,True
1812,NPEX,HttpComponents_Client-f6333a50,1,31efa307975c4ca1b0e127230c0ade7d,org.apache.hc.client5.http.impl.async.HttpAsyncClientBuilder,org.apache.hc.client5.http.impl.async.HttpAsyncClientBuilder_ESTest,61,0,False
1813,NPEX,HttpComponents_Client-f6333a50,1,31efa307975c4ca1b0e127230c0ade7d,org.apache.hc.client5.http.impl.async.H2AsyncClientBuilder,org.apache.hc.client5.http.impl.async.H2AsyncClientBuilder_ESTest,51,0,True
1814,NPEX,HttpComponents_Client-f6333a50,1,a8ab70ddeb5c45838d6a5b549d9f960a,org.apache.hc.client5.http.impl.async.HttpAsyncClientBuilder,org.apache.hc.client5.http.impl.async.HttpAsyncClientBuilder_ESTest,54,0,False
1815,NPEX,HttpComponents_Client-f6333a50,1,a8ab70ddeb5c45838d6a5b549d9f960a,org.apache.hc.client5.http.impl.async.H2AsyncClientBuilder,org.apache.hc.client5.http.impl.async.H2AsyncClientBuilder_ESTest,52,0,True
1816,NPEX,HttpComponents_Client-f6333a50,1,5c746df4d8a7407e9e876d664776d206,org.apache.hc.client5.http.impl.async.HttpAsyncClientBuilder,org.apache.hc.client5.http.impl.async.HttpAsyncClientBuilder_ESTest,60,0,False
1817,NPEX,HttpComponents_Client-f6333a50,1,5c746df4d8a7407e9e876d664776d206,org.apache.hc.client5.http.impl.async.H2AsyncClientBuilder,org.apache.hc.client5.http.impl.async.H2AsyncClientBuilder_ESTest,50,0,True
1818,NPEX,HttpComponents_Client-f6333a50,1,c54c57f36423490db5f137d976bfed3b,org.apache.hc.client5.http.impl.async.HttpAsyncClientBuilder,org.apache.hc.client5.http.impl.async.HttpAsyncClientBuilder_ESTest,56,0,False
1819,NPEX,HttpComponents_Client-f6333a50,1,c54c57f36423490db5f137d976bfed3b,org.apache.hc.client5.http.impl.async.H2AsyncClientBuilder,org.apache.hc.client5.http.impl.async.H2AsyncClientBuilder_ESTest,51,0,True
1820,NPEX,HttpComponents_Client-f6333a50,1,c9a7871036944a3eb09bab84c7da04db,org.apache.hc.client5.http.impl.async.HttpAsyncClientBuilder,org.apache.hc.client5.http.impl.async.HttpAsyncClientBuilder_ESTest,54,0,False
1821,NPEX,HttpComponents_Client-f6333a50,1,c9a7871036944a3eb09bab84c7da04db,org.apache.hc.client5.http.impl.async.H2AsyncClientBuilder,org.apache.hc.client5.http.impl.async.H2AsyncClientBuilder_ESTest,52,0,True
1822,NPEX,HttpComponents_Client-f6333a50,1,02e6a3a91aba46d9bb0ca858bc69bd0f,org.apache.hc.client5.http.impl.async.HttpAsyncClientBuilder,org.apache.hc.client5.http.impl.async.HttpAsyncClientBuilder_ESTest,60,0,False
1823,NPEX,HttpComponents_Client-f6333a50,1,02e6a3a91aba46d9bb0ca858bc69bd0f,org.apache.hc.client5.http.impl.async.H2AsyncClientBuilder,org.apache.hc.client5.http.impl.async.H2AsyncClientBuilder_ESTest,49,0,True
1824,NPEX,HttpComponents_Client-f6333a50,1,4916bb4487cc4d04a6776aa413da60d7,org.apache.hc.client5.http.impl.async.HttpAsyncClientBuilder,org.apache.hc.client5.http.impl.async.HttpAsyncClientBuilder_ESTest,55,0,False
1825,NPEX,HttpComponents_Client-f6333a50,1,4916bb4487cc4d04a6776aa413da60d7,org.apache.hc.client5.http.impl.async.H2AsyncClientBuilder,org.apache.hc.client5.http.impl.async.H2AsyncClientBuilder_ESTest,48,0,True
1826,NPEX,HttpComponents_Client-f6333a50,1,fb9a850181c84709a6dcc7305a70552c,org.apache.hc.client5.http.impl.async.HttpAsyncClientBuilder,org.apache.hc.client5.http.impl.async.HttpAsyncClientBuilder_ESTest,56,0,False
1827,NPEX,HttpComponents_Client-f6333a50,1,fb9a850181c84709a6dcc7305a70552c,org.apache.hc.client5.http.impl.async.H2AsyncClientBuilder,org.apache.hc.client5.http.impl.async.H2AsyncClientBuilder_ESTest,53,0,True
1828,NPEX,HttpComponents_Client-f6333a50,1,b2f77cf4a01541aba8634918c630c36d,org.apache.hc.client5.http.impl.async.HttpAsyncClientBuilder,org.apache.hc.client5.http.impl.async.HttpAsyncClientBuilder_ESTest,56,0,False
1829,NPEX,HttpComponents_Client-f6333a50,1,b2f77cf4a01541aba8634918c630c36d,org.apache.hc.client5.http.impl.async.H2AsyncClientBuilder,org.apache.hc.client5.http.impl.async.H2AsyncClientBuilder_ESTest,50,0,True
1830,NPEX,HttpComponents_Client-f6333a50,2,784cca5b5f47424d887451efa0ad17aa,org.apache.hc.client5.http.impl.async.HttpAsyncClientBuilder,org.apache.hc.client5.http.impl.async.HttpAsyncClientBuilder_ESTest,55,0,True
1831,NPEX,HttpComponents_Client-f6333a50,2,784cca5b5f47424d887451efa0ad17aa,org.apache.hc.client5.http.impl.async.H2AsyncClientBuilder,org.apache.hc.client5.http.impl.async.H2AsyncClientBuilder_ESTest,51,0,False
1832,NPEX,HttpComponents_Client-f6333a50,2,e627870685d34ff087bcd36378205403,org.apache.hc.client5.http.impl.async.HttpAsyncClientBuilder,org.apache.hc.client5.http.impl.async.HttpAsyncClientBuilder_ESTest,58,0,True
1833,NPEX,HttpComponents_Client-f6333a50,2,e627870685d34ff087bcd36378205403,org.apache.hc.client5.http.impl.async.H2AsyncClientBuilder,org.apache.hc.client5.http.impl.async.H2AsyncClientBuilder_ESTest,51,0,False
1834,NPEX,HttpComponents_Client-f6333a50,2,a2be7f9e6f5f4f8391906bb74a172242,org.apache.hc.client5.http.impl.async.HttpAsyncClientBuilder,org.apache.hc.client5.http.impl.async.HttpAsyncClientBuilder_ESTest,59,0,True
1835,NPEX,HttpComponents_Client-f6333a50,2,a2be7f9e6f5f4f8391906bb74a172242,org.apache.hc.client5.http.impl.async.H2AsyncClientBuilder,org.apache.hc.client5.http.impl.async.H2AsyncClientBuilder_ESTest,52,0,False
1836,NPEX,HttpComponents_Client-f6333a50,2,28c4a076589e4b0f9c5f2a6e43f4948e,org.apache.hc.client5.http.impl.async.HttpAsyncClientBuilder,org.apache.hc.client5.http.impl.async.HttpAsyncClientBuilder_ESTest,61,0,True
1837,NPEX,HttpComponents_Client-f6333a50,2,28c4a076589e4b0f9c5f2a6e43f4948e,org.apache.hc.client5.http.impl.async.H2AsyncClientBuilder,org.apache.hc.client5.http.impl.async.H2AsyncClientBuilder_ESTest,53,0,False
1838,NPEX,HttpComponents_Client-f6333a50,2,307720655e904dfc90a23bb9b5b868bf,org.apache.hc.client5.http.impl.async.HttpAsyncClientBuilder,org.apache.hc.client5.http.impl.async.HttpAsyncClientBuilder_ESTest,56,0,True
1839,NPEX,HttpComponents_Client-f6333a50,2,307720655e904dfc90a23bb9b5b868bf,org.apache.hc.client5.http.impl.async.H2AsyncClientBuilder,org.apache.hc.client5.http.impl.async.H2AsyncClientBuilder_ESTest,55,0,False
1840,NPEX,HttpComponents_Client-f6333a50,2,c4ec8b616360454a859e161a37d5c378,org.apache.hc.client5.http.impl.async.HttpAsyncClientBuilder,org.apache.hc.client5.http.impl.async.HttpAsyncClientBuilder_ESTest,58,0,True
1841,NPEX,HttpComponents_Client-f6333a50,2,c4ec8b616360454a859e161a37d5c378,org.apache.hc.client5.http.impl.async.H2AsyncClientBuilder,org.apache.hc.client5.http.impl.async.H2AsyncClientBuilder_ESTest,53,0,False
1842,NPEX,HttpComponents_Client-f6333a50,2,9d745eab7a5d47439c08d27ca12013b9,org.apache.hc.client5.http.impl.async.HttpAsyncClientBuilder,org.apache.hc.client5.http.impl.async.HttpAsyncClientBuilder_ESTest,56,0,True
1843,NPEX,HttpComponents_Client-f6333a50,2,9d745eab7a5d47439c08d27ca12013b9,org.apache.hc.client5.http.impl.async.H2AsyncClientBuilder,org.apache.hc.client5.http.impl.async.H2AsyncClientBuilder_ESTest,54,0,False
1844,NPEX,HttpComponents_Client-f6333a50,2,fe998c146a3d4dccb57240bf30716be1,org.apache.hc.client5.http.impl.async.HttpAsyncClientBuilder,org.apache.hc.client5.http.impl.async.HttpAsyncClientBuilder_ESTest,53,0,True
1845,NPEX,HttpComponents_Client-f6333a50,2,fe998c146a3d4dccb57240bf30716be1,org.apache.hc.client5.http.impl.async.H2AsyncClientBuilder,org.apache.hc.client5.http.impl.async.H2AsyncClientBuilder_ESTest,54,0,False
1846,NPEX,HttpComponents_Client-f6333a50,2,12c0a0b2e7cc4499b43f91691ffeeb2e,org.apache.hc.client5.http.impl.async.HttpAsyncClientBuilder,org.apache.hc.client5.http.impl.async.HttpAsyncClientBuilder_ESTest,56,0,True
1847,NPEX,HttpComponents_Client-f6333a50,2,12c0a0b2e7cc4499b43f91691ffeeb2e,org.apache.hc.client5.http.impl.async.H2AsyncClientBuilder,org.apache.hc.client5.http.impl.async.H2AsyncClientBuilder_ESTest,51,0,False
1848,NPEX,HttpComponents_Client-f6333a50,2,2aee15365f16444397146bee6d5dff38,org.apache.hc.client5.http.impl.async.HttpAsyncClientBuilder,org.apache.hc.client5.http.impl.async.HttpAsyncClientBuilder_ESTest,58,0,True
1849,NPEX,HttpComponents_Client-f6333a50,2,2aee15365f16444397146bee6d5dff38,org.apache.hc.client5.http.impl.async.H2AsyncClientBuilder,org.apache.hc.client5.http.impl.async.H2AsyncClientBuilder_ESTest,51,0,False
1850,NPEX,HttpComponents_Client-f6333a50,2,010ef32ebefa4b8bbd62d503ad151e91,org.apache.hc.client5.http.impl.async.HttpAsyncClientBuilder,org.apache.hc.client5.http.impl.async.HttpAsyncClientBuilder_ESTest,36,0,True
1851,NPEX,HttpComponents_Client-f6333a50,2,010ef32ebefa4b8bbd62d503ad151e91,org.apache.hc.client5.http.impl.async.H2AsyncClientBuilder,org.apache.hc.client5.http.impl.async.H2AsyncClientBuilder_ESTest,54,0,False
1852,NPEX,HttpComponents_Client-f6333a50,2,31efa307975c4ca1b0e127230c0ade7d,org.apache.hc.client5.http.impl.async.HttpAsyncClientBuilder,org.apache.hc.client5.http.impl.async.HttpAsyncClientBuilder_ESTest,61,0,True
1853,NPEX,HttpComponents_Client-f6333a50,2,31efa307975c4ca1b0e127230c0ade7d,org.apache.hc.client5.http.impl.async.H2AsyncClientBuilder,org.apache.hc.client5.http.impl.async.H2AsyncClientBuilder_ESTest,51,0,False
1854,NPEX,HttpComponents_Client-f6333a50,2,a8ab70ddeb5c45838d6a5b549d9f960a,org.apache.hc.client5.http.impl.async.HttpAsyncClientBuilder,org.apache.hc.client5.http.impl.async.HttpAsyncClientBuilder_ESTest,54,0,True
1855,NPEX,HttpComponents_Client-f6333a50,2,a8ab70ddeb5c45838d6a5b549d9f960a,org.apache.hc.client5.http.impl.async.H2AsyncClientBuilder,org.apache.hc.client5.http.impl.async.H2AsyncClientBuilder_ESTest,52,0,False
1856,NPEX,HttpComponents_Client-f6333a50,2,5c746df4d8a7407e9e876d664776d206,org.apache.hc.client5.http.impl.async.HttpAsyncClientBuilder,org.apache.hc.client5.http.impl.async.HttpAsyncClientBuilder_ESTest,60,0,True
1857,NPEX,HttpComponents_Client-f6333a50,2,5c746df4d8a7407e9e876d664776d206,org.apache.hc.client5.http.impl.async.H2AsyncClientBuilder,org.apache.hc.client5.http.impl.async.H2AsyncClientBuilder_ESTest,50,0,False
1858,NPEX,HttpComponents_Client-f6333a50,2,c54c57f36423490db5f137d976bfed3b,org.apache.hc.client5.http.impl.async.HttpAsyncClientBuilder,org.apache.hc.client5.http.impl.async.HttpAsyncClientBuilder_ESTest,56,0,True
1859,NPEX,HttpComponents_Client-f6333a50,2,c54c57f36423490db5f137d976bfed3b,org.apache.hc.client5.http.impl.async.H2AsyncClientBuilder,org.apache.hc.client5.http.impl.async.H2AsyncClientBuilder_ESTest,51,0,False
1860,NPEX,HttpComponents_Client-f6333a50,2,c9a7871036944a3eb09bab84c7da04db,org.apache.hc.client5.http.impl.async.HttpAsyncClientBuilder,org.apache.hc.client5.http.impl.async.HttpAsyncClientBuilder_ESTest,54,0,True
1861,NPEX,HttpComponents_Client-f6333a50,2,c9a7871036944a3eb09bab84c7da04db,org.apache.hc.client5.http.impl.async.H2AsyncClientBuilder,org.apache.hc.client5.http.impl.async.H2AsyncClientBuilder_ESTest,52,0,False
1862,NPEX,HttpComponents_Client-f6333a50,2,02e6a3a91aba46d9bb0ca858bc69bd0f,org.apache.hc.client5.http.impl.async.HttpAsyncClientBuilder,org.apache.hc.client5.http.impl.async.HttpAsyncClientBuilder_ESTest,60,0,True
1863,NPEX,HttpComponents_Client-f6333a50,2,02e6a3a91aba46d9bb0ca858bc69bd0f,org.apache.hc.client5.http.impl.async.H2AsyncClientBuilder,org.apache.hc.client5.http.impl.async.H2AsyncClientBuilder_ESTest,49,0,False
1864,NPEX,HttpComponents_Client-f6333a50,2,4916bb4487cc4d04a6776aa413da60d7,org.apache.hc.client5.http.impl.async.HttpAsyncClientBuilder,org.apache.hc.client5.http.impl.async.HttpAsyncClientBuilder_ESTest,55,0,True
1865,NPEX,HttpComponents_Client-f6333a50,2,4916bb4487cc4d04a6776aa413da60d7,org.apache.hc.client5.http.impl.async.H2AsyncClientBuilder,org.apache.hc.client5.http.impl.async.H2AsyncClientBuilder_ESTest,48,0,False
1866,NPEX,HttpComponents_Client-f6333a50,2,fb9a850181c84709a6dcc7305a70552c,org.apache.hc.client5.http.impl.async.HttpAsyncClientBuilder,org.apache.hc.client5.http.impl.async.HttpAsyncClientBuilder_ESTest,56,0,True
1867,NPEX,HttpComponents_Client-f6333a50,2,fb9a850181c84709a6dcc7305a70552c,org.apache.hc.client5.http.impl.async.H2AsyncClientBuilder,org.apache.hc.client5.http.impl.async.H2AsyncClientBuilder_ESTest,53,0,False
1868,NPEX,HttpComponents_Client-f6333a50,2,b2f77cf4a01541aba8634918c630c36d,org.apache.hc.client5.http.impl.async.HttpAsyncClientBuilder,org.apache.hc.client5.http.impl.async.HttpAsyncClientBuilder_ESTest,56,0,True
1869,NPEX,HttpComponents_Client-f6333a50,2,b2f77cf4a01541aba8634918c630c36d,org.apache.hc.client5.http.impl.async.H2AsyncClientBuilder,org.apache.hc.client5.http.impl.async.H2AsyncClientBuilder_ESTest,50,0,False
1870,NPEX,HttpComponents_Client-f6333a50,3,784cca5b5f47424d887451efa0ad17aa,org.apache.hc.client5.http.impl.async.HttpAsyncClientBuilder,org.apache.hc.client5.http.impl.async.HttpAsyncClientBuilder_ESTest,55,0,True
1871,NPEX,HttpComponents_Client-f6333a50,3,784cca5b5f47424d887451efa0ad17aa,org.apache.hc.client5.http.impl.async.H2AsyncClientBuilder,org.apache.hc.client5.http.impl.async.H2AsyncClientBuilder_ESTest,51,0,False
1872,NPEX,HttpComponents_Client-f6333a50,3,e627870685d34ff087bcd36378205403,org.apache.hc.client5.http.impl.async.HttpAsyncClientBuilder,org.apache.hc.client5.http.impl.async.HttpAsyncClientBuilder_ESTest,58,0,True
1873,NPEX,HttpComponents_Client-f6333a50,3,e627870685d34ff087bcd36378205403,org.apache.hc.client5.http.impl.async.H2AsyncClientBuilder,org.apache.hc.client5.http.impl.async.H2AsyncClientBuilder_ESTest,51,0,False
1874,NPEX,HttpComponents_Client-f6333a50,3,a2be7f9e6f5f4f8391906bb74a172242,org.apache.hc.client5.http.impl.async.HttpAsyncClientBuilder,org.apache.hc.client5.http.impl.async.HttpAsyncClientBuilder_ESTest,59,0,True
1875,NPEX,HttpComponents_Client-f6333a50,3,a2be7f9e6f5f4f8391906bb74a172242,org.apache.hc.client5.http.impl.async.H2AsyncClientBuilder,org.apache.hc.client5.http.impl.async.H2AsyncClientBuilder_ESTest,52,0,False
1876,NPEX,HttpComponents_Client-f6333a50,3,28c4a076589e4b0f9c5f2a6e43f4948e,org.apache.hc.client5.http.impl.async.HttpAsyncClientBuilder,org.apache.hc.client5.http.impl.async.HttpAsyncClientBuilder_ESTest,61,0,True
1877,NPEX,HttpComponents_Client-f6333a50,3,28c4a076589e4b0f9c5f2a6e43f4948e,org.apache.hc.client5.http.impl.async.H2AsyncClientBuilder,org.apache.hc.client5.http.impl.async.H2AsyncClientBuilder_ESTest,53,0,False
1878,NPEX,HttpComponents_Client-f6333a50,3,307720655e904dfc90a23bb9b5b868bf,org.apache.hc.client5.http.impl.async.HttpAsyncClientBuilder,org.apache.hc.client5.http.impl.async.HttpAsyncClientBuilder_ESTest,56,0,True
1879,NPEX,HttpComponents_Client-f6333a50,3,307720655e904dfc90a23bb9b5b868bf,org.apache.hc.client5.http.impl.async.H2AsyncClientBuilder,org.apache.hc.client5.http.impl.async.H2AsyncClientBuilder_ESTest,55,0,False
1880,NPEX,HttpComponents_Client-f6333a50,3,c4ec8b616360454a859e161a37d5c378,org.apache.hc.client5.http.impl.async.HttpAsyncClientBuilder,org.apache.hc.client5.http.impl.async.HttpAsyncClientBuilder_ESTest,58,0,True
1881,NPEX,HttpComponents_Client-f6333a50,3,c4ec8b616360454a859e161a37d5c378,org.apache.hc.client5.http.impl.async.H2AsyncClientBuilder,org.apache.hc.client5.http.impl.async.H2AsyncClientBuilder_ESTest,53,0,False
1882,NPEX,HttpComponents_Client-f6333a50,3,9d745eab7a5d47439c08d27ca12013b9,org.apache.hc.client5.http.impl.async.HttpAsyncClientBuilder,org.apache.hc.client5.http.impl.async.HttpAsyncClientBuilder_ESTest,56,0,True
1883,NPEX,HttpComponents_Client-f6333a50,3,9d745eab7a5d47439c08d27ca12013b9,org.apache.hc.client5.http.impl.async.H2AsyncClientBuilder,org.apache.hc.client5.http.impl.async.H2AsyncClientBuilder_ESTest,54,0,False
1884,NPEX,HttpComponents_Client-f6333a50,3,fe998c146a3d4dccb57240bf30716be1,org.apache.hc.client5.http.impl.async.HttpAsyncClientBuilder,org.apache.hc.client5.http.impl.async.HttpAsyncClientBuilder_ESTest,53,0,True
1885,NPEX,HttpComponents_Client-f6333a50,3,fe998c146a3d4dccb57240bf30716be1,org.apache.hc.client5.http.impl.async.H2AsyncClientBuilder,org.apache.hc.client5.http.impl.async.H2AsyncClientBuilder_ESTest,54,0,False
1886,NPEX,HttpComponents_Client-f6333a50,3,12c0a0b2e7cc4499b43f91691ffeeb2e,org.apache.hc.client5.http.impl.async.HttpAsyncClientBuilder,org.apache.hc.client5.http.impl.async.HttpAsyncClientBuilder_ESTest,56,0,True
1887,NPEX,HttpComponents_Client-f6333a50,3,12c0a0b2e7cc4499b43f91691ffeeb2e,org.apache.hc.client5.http.impl.async.H2AsyncClientBuilder,org.apache.hc.client5.http.impl.async.H2AsyncClientBuilder_ESTest,51,0,False
1888,NPEX,HttpComponents_Client-f6333a50,3,2aee15365f16444397146bee6d5dff38,org.apache.hc.client5.http.impl.async.HttpAsyncClientBuilder,org.apache.hc.client5.http.impl.async.HttpAsyncClientBuilder_ESTest,58,0,True
1889,NPEX,HttpComponents_Client-f6333a50,3,2aee15365f16444397146bee6d5dff38,org.apache.hc.client5.http.impl.async.H2AsyncClientBuilder,org.apache.hc.client5.http.impl.async.H2AsyncClientBuilder_ESTest,51,0,False
1890,NPEX,HttpComponents_Client-f6333a50,3,010ef32ebefa4b8bbd62d503ad151e91,org.apache.hc.client5.http.impl.async.HttpAsyncClientBuilder,org.apache.hc.client5.http.impl.async.HttpAsyncClientBuilder_ESTest,36,0,True
1891,NPEX,HttpComponents_Client-f6333a50,3,010ef32ebefa4b8bbd62d503ad151e91,org.apache.hc.client5.http.impl.async.H2AsyncClientBuilder,org.apache.hc.client5.http.impl.async.H2AsyncClientBuilder_ESTest,54,0,False
1892,NPEX,HttpComponents_Client-f6333a50,3,31efa307975c4ca1b0e127230c0ade7d,org.apache.hc.client5.http.impl.async.HttpAsyncClientBuilder,org.apache.hc.client5.http.impl.async.HttpAsyncClientBuilder_ESTest,61,0,True
1893,NPEX,HttpComponents_Client-f6333a50,3,31efa307975c4ca1b0e127230c0ade7d,org.apache.hc.client5.http.impl.async.H2AsyncClientBuilder,org.apache.hc.client5.http.impl.async.H2AsyncClientBuilder_ESTest,51,0,False
1894,NPEX,HttpComponents_Client-f6333a50,3,a8ab70ddeb5c45838d6a5b549d9f960a,org.apache.hc.client5.http.impl.async.HttpAsyncClientBuilder,org.apache.hc.client5.http.impl.async.HttpAsyncClientBuilder_ESTest,54,0,True
1895,NPEX,HttpComponents_Client-f6333a50,3,a8ab70ddeb5c45838d6a5b549d9f960a,org.apache.hc.client5.http.impl.async.H2AsyncClientBuilder,org.apache.hc.client5.http.impl.async.H2AsyncClientBuilder_ESTest,52,0,False
1896,NPEX,HttpComponents_Client-f6333a50,3,5c746df4d8a7407e9e876d664776d206,org.apache.hc.client5.http.impl.async.HttpAsyncClientBuilder,org.apache.hc.client5.http.impl.async.HttpAsyncClientBuilder_ESTest,60,0,True
1897,NPEX,HttpComponents_Client-f6333a50,3,5c746df4d8a7407e9e876d664776d206,org.apache.hc.client5.http.impl.async.H2AsyncClientBuilder,org.apache.hc.client5.http.impl.async.H2AsyncClientBuilder_ESTest,50,0,False
1898,NPEX,HttpComponents_Client-f6333a50,3,c54c57f36423490db5f137d976bfed3b,org.apache.hc.client5.http.impl.async.HttpAsyncClientBuilder,org.apache.hc.client5.http.impl.async.HttpAsyncClientBuilder_ESTest,56,0,True
1899,NPEX,HttpComponents_Client-f6333a50,3,c54c57f36423490db5f137d976bfed3b,org.apache.hc.client5.http.impl.async.H2AsyncClientBuilder,org.apache.hc.client5.http.impl.async.H2AsyncClientBuilder_ESTest,51,0,False
1900,NPEX,HttpComponents_Client-f6333a50,3,c9a7871036944a3eb09bab84c7da04db,org.apache.hc.client5.http.impl.async.HttpAsyncClientBuilder,org.apache.hc.client5.http.impl.async.HttpAsyncClientBuilder_ESTest,54,0,True
1901,NPEX,HttpComponents_Client-f6333a50,3,c9a7871036944a3eb09bab84c7da04db,org.apache.hc.client5.http.impl.async.H2AsyncClientBuilder,org.apache.hc.client5.http.impl.async.H2AsyncClientBuilder_ESTest,52,0,False
1902,NPEX,HttpComponents_Client-f6333a50,3,02e6a3a91aba46d9bb0ca858bc69bd0f,org.apache.hc.client5.http.impl.async.HttpAsyncClientBuilder,org.apache.hc.client5.http.impl.async.HttpAsyncClientBuilder_ESTest,60,0,True
1903,NPEX,HttpComponents_Client-f6333a50,3,02e6a3a91aba46d9bb0ca858bc69bd0f,org.apache.hc.client5.http.impl.async.H2AsyncClientBuilder,org.apache.hc.client5.http.impl.async.H2AsyncClientBuilder_ESTest,49,0,False
1904,NPEX,HttpComponents_Client-f6333a50,3,4916bb4487cc4d04a6776aa413da60d7,org.apache.hc.client5.http.impl.async.HttpAsyncClientBuilder,org.apache.hc.client5.http.impl.async.HttpAsyncClientBuilder_ESTest,55,0,True
1905,NPEX,HttpComponents_Client-f6333a50,3,4916bb4487cc4d04a6776aa413da60d7,org.apache.hc.client5.http.impl.async.H2AsyncClientBuilder,org.apache.hc.client5.http.impl.async.H2AsyncClientBuilder_ESTest,48,0,False
1906,NPEX,HttpComponents_Client-f6333a50,3,fb9a850181c84709a6dcc7305a70552c,org.apache.hc.client5.http.impl.async.HttpAsyncClientBuilder,org.apache.hc.client5.http.impl.async.HttpAsyncClientBuilder_ESTest,56,0,True
1907,NPEX,HttpComponents_Client-f6333a50,3,fb9a850181c84709a6dcc7305a70552c,org.apache.hc.client5.http.impl.async.H2AsyncClientBuilder,org.apache.hc.client5.http.impl.async.H2AsyncClientBuilder_ESTest,53,0,False
1908,NPEX,HttpComponents_Client-f6333a50,3,b2f77cf4a01541aba8634918c630c36d,org.apache.hc.client5.http.impl.async.HttpAsyncClientBuilder,org.apache.hc.client5.http.impl.async.HttpAsyncClientBuilder_ESTest,56,0,True
1909,NPEX,HttpComponents_Client-f6333a50,3,b2f77cf4a01541aba8634918c630c36d,org.apache.hc.client5.http.impl.async.H2AsyncClientBuilder,org.apache.hc.client5.http.impl.async.H2AsyncClientBuilder_ESTest,50,0,False
1910,NPEX,Async_Http_Client-fbc6d486,0,43cc8fff4f8b4478a16173dc6a84f923,org.asynchttpclient.RequestBuilderBase,org.asynchttpclient.RequestBuilderBase_ESTest,1,0,False
1911,NPEX,Async_Http_Client-fbc6d486,0,45ab4b8431154c1db2f29c8432b7a876,org.asynchttpclient.RequestBuilderBase,org.asynchttpclient.RequestBuilderBase_ESTest,1,0,False
1912,NPEX,Async_Http_Client-fbc6d486,0,449c2bf84a0c46fb8e800da2d8cbda6a,org.asynchttpclient.RequestBuilderBase,org.asynchttpclient.RequestBuilderBase_ESTest,1,0,False
1913,NPEX,Async_Http_Client-fbc6d486,0,e92ebb8bfa56418b86ca58cd346de9fe,org.asynchttpclient.RequestBuilderBase,org.asynchttpclient.RequestBuilderBase_ESTest,1,0,False
1914,NPEX,Async_Http_Client-fbc6d486,0,1c9ef0742e2e49ba83bf5ba3d57f6486,org.asynchttpclient.RequestBuilderBase,org.asynchttpclient.RequestBuilderBase_ESTest,1,0,False
1915,NPEX,Async_Http_Client-fbc6d486,0,babdd37901d147bbbbcba0d5f030e026,org.asynchttpclient.RequestBuilderBase,org.asynchttpclient.RequestBuilderBase_ESTest,1,0,False
1916,NPEX,Async_Http_Client-fbc6d486,0,21d7863ba88b4130a5eeecf30d4c3ab0,org.asynchttpclient.RequestBuilderBase,org.asynchttpclient.RequestBuilderBase_ESTest,1,0,False
1917,NPEX,Async_Http_Client-fbc6d486,0,003bdc0ec72f433197c1471278b702e8,org.asynchttpclient.RequestBuilderBase,org.asynchttpclient.RequestBuilderBase_ESTest,1,0,False
1918,NPEX,Async_Http_Client-fbc6d486,0,c8685d99bcaa4ed7af9e01f1fdc00c19,org.asynchttpclient.RequestBuilderBase,org.asynchttpclient.RequestBuilderBase_ESTest,1,0,False
1919,NPEX,Async_Http_Client-fbc6d486,0,8c1040709bad47c68f62975c5524e0ba,org.asynchttpclient.RequestBuilderBase,org.asynchttpclient.RequestBuilderBase_ESTest,1,0,False
1920,NPEX,Async_Http_Client-fbc6d486,0,531f699fc8bc4aa3a59ce12da52d43cc,org.asynchttpclient.RequestBuilderBase,org.asynchttpclient.RequestBuilderBase_ESTest,1,0,False
1921,NPEX,Async_Http_Client-fbc6d486,0,ce800965755d452482d47cc808081fc0,org.asynchttpclient.RequestBuilderBase,org.asynchttpclient.RequestBuilderBase_ESTest,1,0,False
1922,NPEX,Async_Http_Client-fbc6d486,0,3171e75703bc41a29ebb993067279641,org.asynchttpclient.RequestBuilderBase,org.asynchttpclient.RequestBuilderBase_ESTest,1,0,False
1923,NPEX,Async_Http_Client-fbc6d486,0,72e6fe5cdc4a4932a988791af27e2c57,org.asynchttpclient.RequestBuilderBase,org.asynchttpclient.RequestBuilderBase_ESTest,1,0,False
1924,NPEX,Async_Http_Client-fbc6d486,0,9c3efed686434aa68236a9e686f79fc6,org.asynchttpclient.RequestBuilderBase,org.asynchttpclient.RequestBuilderBase_ESTest,1,0,False
1925,NPEX,Async_Http_Client-fbc6d486,0,3573799a8db4409b8749167cbcc84920,org.asynchttpclient.RequestBuilderBase,org.asynchttpclient.RequestBuilderBase_ESTest,1,0,False
1926,NPEX,Async_Http_Client-fbc6d486,0,48100927a15b4c4cb58b06cf7ef3318d,org.asynchttpclient.RequestBuilderBase,org.asynchttpclient.RequestBuilderBase_ESTest,1,0,False
1927,NPEX,Async_Http_Client-fbc6d486,0,12f615f5f8ea439d904cf9c423f24ccd,org.asynchttpclient.RequestBuilderBase,org.asynchttpclient.RequestBuilderBase_ESTest,1,0,False
1928,NPEX,Async_Http_Client-fbc6d486,0,94d140712fdf43c49b72a1a86aa45330,org.asynchttpclient.RequestBuilderBase,org.asynchttpclient.RequestBuilderBase_ESTest,1,0,False
1929,NPEX,Async_Http_Client-fbc6d486,0,9e662641015141c1b38408e8856b277a,org.asynchttpclient.RequestBuilderBase,org.asynchttpclient.RequestBuilderBase_ESTest,1,0,False
1930,NPEX,ShardingSphere-9833fb9a,0,db3399b16a004679a25b7d35547976f4,org.apache.shardingsphere.governance.core.yaml.swapper.SchemaYamlSwapper,org.apache.shardingsphere.governance.core.yaml.swapper.SchemaYamlSwapper_ESTest,4,0,True
1931,NPEX,ShardingSphere-9833fb9a,0,00a207adb2f447da8c6919d98c23fe41,org.apache.shardingsphere.governance.core.yaml.swapper.SchemaYamlSwapper,org.apache.shardingsphere.governance.core.yaml.swapper.SchemaYamlSwapper_ESTest,5,0,False
1932,NPEX,ShardingSphere-9833fb9a,0,e85ad537d92f48a9a7c30bbe72e70ca4,org.apache.shardingsphere.governance.core.yaml.swapper.SchemaYamlSwapper,org.apache.shardingsphere.governance.core.yaml.swapper.SchemaYamlSwapper_ESTest,4,0,True
1933,NPEX,ShardingSphere-9833fb9a,0,42ad6f07806c481982a4e14030fff39e,org.apache.shardingsphere.governance.core.yaml.swapper.SchemaYamlSwapper,org.apache.shardingsphere.governance.core.yaml.swapper.SchemaYamlSwapper_ESTest,4,0,True
1934,NPEX,ShardingSphere-9833fb9a,0,4839374b01ad421c822b21b2cd4c6c8e,org.apache.shardingsphere.governance.core.yaml.swapper.SchemaYamlSwapper,org.apache.shardingsphere.governance.core.yaml.swapper.SchemaYamlSwapper_ESTest,4,0,True
1935,NPEX,ShardingSphere-9833fb9a,0,3b8810df18124e97ae1313e3b83e9e8a,org.apache.shardingsphere.governance.core.yaml.swapper.SchemaYamlSwapper,org.apache.shardingsphere.governance.core.yaml.swapper.SchemaYamlSwapper_ESTest,3,0,False
1936,NPEX,ShardingSphere-9833fb9a,0,90ce5315bcdf419f905689ae82255337,org.apache.shardingsphere.governance.core.yaml.swapper.SchemaYamlSwapper,org.apache.shardingsphere.governance.core.yaml.swapper.SchemaYamlSwapper_ESTest,5,0,True
1937,NPEX,ShardingSphere-9833fb9a,0,e09b446c9aa948fb80bb370a917c7fee,org.apache.shardingsphere.governance.core.yaml.swapper.SchemaYamlSwapper,org.apache.shardingsphere.governance.core.yaml.swapper.SchemaYamlSwapper_ESTest,5,0,True
1938,NPEX,ShardingSphere-9833fb9a,0,b2c481131a9b4e0893227b6a0869242d,org.apache.shardingsphere.governance.core.yaml.swapper.SchemaYamlSwapper,org.apache.shardingsphere.governance.core.yaml.swapper.SchemaYamlSwapper_ESTest,4,0,True
1939,NPEX,ShardingSphere-9833fb9a,0,8aa5ae5fa3974c8aaeea692082a5e4d3,org.apache.shardingsphere.governance.core.yaml.swapper.SchemaYamlSwapper,org.apache.shardingsphere.governance.core.yaml.swapper.SchemaYamlSwapper_ESTest,4,0,True
1940,NPEX,ShardingSphere-9833fb9a,0,1866a3e28dc443688f162fa1e36703b0,org.apache.shardingsphere.governance.core.yaml.swapper.SchemaYamlSwapper,org.apache.shardingsphere.governance.core.yaml.swapper.SchemaYamlSwapper_ESTest,4,0,False
1941,NPEX,ShardingSphere-9833fb9a,0,d3eda9f4af1b4677ae8d0d322993985d,org.apache.shardingsphere.governance.core.yaml.swapper.SchemaYamlSwapper,org.apache.shardingsphere.governance.core.yaml.swapper.SchemaYamlSwapper_ESTest,4,0,False
1942,NPEX,ShardingSphere-9833fb9a,0,8dde3578e1b544eca24ad3e5b1824156,org.apache.shardingsphere.governance.core.yaml.swapper.SchemaYamlSwapper,org.apache.shardingsphere.governance.core.yaml.swapper.SchemaYamlSwapper_ESTest,5,0,False
1943,NPEX,ShardingSphere-9833fb9a,0,bab6be10b0864eb2b1e7c16f1f85b326,org.apache.shardingsphere.governance.core.yaml.swapper.SchemaYamlSwapper,org.apache.shardingsphere.governance.core.yaml.swapper.SchemaYamlSwapper_ESTest,3,0,False
1944,NPEX,ShardingSphere-9833fb9a,0,5c57c573eb4d4647b9fd95b153981de8,org.apache.shardingsphere.governance.core.yaml.swapper.SchemaYamlSwapper,org.apache.shardingsphere.governance.core.yaml.swapper.SchemaYamlSwapper_ESTest,4,0,False
1945,NPEX,ShardingSphere-9833fb9a,0,7d0ea4f659344e7bb3135989f1a4d5c9,org.apache.shardingsphere.governance.core.yaml.swapper.SchemaYamlSwapper,org.apache.shardingsphere.governance.core.yaml.swapper.SchemaYamlSwapper_ESTest$1,3,0,False
1946,NPEX,ShardingSphere-9833fb9a,0,7d0ea4f659344e7bb3135989f1a4d5c9,org.apache.shardingsphere.governance.core.yaml.swapper.SchemaYamlSwapper,org.apache.shardingsphere.governance.core.yaml.swapper.SchemaYamlSwapper_ESTest,3,0,False
1947,NPEX,ShardingSphere-9833fb9a,0,61fe2c0146ee43018226160c77bc9a5b,org.apache.shardingsphere.governance.core.yaml.swapper.SchemaYamlSwapper,org.apache.shardingsphere.governance.core.yaml.swapper.SchemaYamlSwapper_ESTest,4,0,False
1948,NPEX,ShardingSphere-9833fb9a,0,7d4830a478ef4e13abc03d3180a1f9be,org.apache.shardingsphere.governance.core.yaml.swapper.SchemaYamlSwapper,org.apache.shardingsphere.governance.core.yaml.swapper.SchemaYamlSwapper_ESTest,5,0,True
1949,NPEX,ShardingSphere-9833fb9a,0,a819433e4e504611a175296aea8e08f8,org.apache.shardingsphere.governance.core.yaml.swapper.SchemaYamlSwapper,org.apache.shardingsphere.governance.core.yaml.swapper.SchemaYamlSwapper_ESTest,5,0,True
1950,NPEX,ShardingSphere-9833fb9a,0,48530cd9bfec4cd8a997112241990a5f,org.apache.shardingsphere.governance.core.yaml.swapper.SchemaYamlSwapper,org.apache.shardingsphere.governance.core.yaml.swapper.SchemaYamlSwapper_ESTest,4,0,True
1951,NPEX,Easy_Rules-d5385af5,0,ca008461422543e29c6f1c205b252e6f,org.jeasy.rules.mvel.MVELRuleDefinitionReader,org.jeasy.rules.mvel.MVELRuleDefinitionReader_ESTest,3,0,True
1952,NPEX,Easy_Rules-d5385af5,0,2cde83e64ff74ac49253104348ec9e29,org.jeasy.rules.mvel.MVELRuleDefinitionReader,org.jeasy.rules.mvel.MVELRuleDefinitionReader_ESTest,3,0,True
1953,NPEX,Easy_Rules-d5385af5,0,9b82379cceb948918d8a9d60a8c68d97,org.jeasy.rules.mvel.MVELRuleDefinitionReader,org.jeasy.rules.mvel.MVELRuleDefinitionReader_ESTest,2,0,True
1954,NPEX,Easy_Rules-d5385af5,0,85fdac7247af400892dc00c375eceeba,org.jeasy.rules.mvel.MVELRuleDefinitionReader,org.jeasy.rules.mvel.MVELRuleDefinitionReader_ESTest,3,0,True
1955,NPEX,Easy_Rules-d5385af5,0,4e803716138242dab3fa314562f7e412,org.jeasy.rules.mvel.MVELRuleDefinitionReader,org.jeasy.rules.mvel.MVELRuleDefinitionReader_ESTest,3,0,True
1956,NPEX,Easy_Rules-d5385af5,0,f7ae1ff505b2458cbb74b3a4b6cd5f01,org.jeasy.rules.mvel.MVELRuleDefinitionReader,org.jeasy.rules.mvel.MVELRuleDefinitionReader_ESTest,4,0,True
1957,NPEX,Easy_Rules-d5385af5,0,7853d2ec9dfc4e1ab0c94025e43321a7,org.jeasy.rules.mvel.MVELRuleDefinitionReader,org.jeasy.rules.mvel.MVELRuleDefinitionReader_ESTest,2,0,True
1958,NPEX,Easy_Rules-d5385af5,0,5c5a3354165a4190be4e6e8385946bd8,org.jeasy.rules.mvel.MVELRuleDefinitionReader,org.jeasy.rules.mvel.MVELRuleDefinitionReader_ESTest,2,0,True
1959,NPEX,Easy_Rules-d5385af5,0,2c0ab8ddfd264efa9dd1ea613c0acf0f,org.jeasy.rules.mvel.MVELRuleDefinitionReader,org.jeasy.rules.mvel.MVELRuleDefinitionReader_ESTest,3,0,True
1960,NPEX,Easy_Rules-d5385af5,0,d987b8f6e44c4cf9bf2cb17e940828dc,org.jeasy.rules.mvel.MVELRuleDefinitionReader,org.jeasy.rules.mvel.MVELRuleDefinitionReader_ESTest,2,0,True
1961,NPEX,Easy_Rules-d5385af5,0,2603752508ff4a1daf66ceb64d3eb446,org.jeasy.rules.mvel.MVELRuleDefinitionReader,org.jeasy.rules.mvel.MVELRuleDefinitionReader_ESTest,2,0,True
1962,NPEX,Easy_Rules-d5385af5,0,bf8ed93222df47bbaff15c36cbb76f48,org.jeasy.rules.mvel.MVELRuleDefinitionReader,org.jeasy.rules.mvel.MVELRuleDefinitionReader_ESTest,5,0,True
1963,NPEX,Easy_Rules-d5385af5,0,fcfbfcbeb4374b8b9a00e240d099fe79,org.jeasy.rules.mvel.MVELRuleDefinitionReader,org.jeasy.rules.mvel.MVELRuleDefinitionReader_ESTest,4,0,True
1964,NPEX,Easy_Rules-d5385af5,0,d9f3b4d9473f49ef95d27ebff0e36cc3,org.jeasy.rules.mvel.MVELRuleDefinitionReader,org.jeasy.rules.mvel.MVELRuleDefinitionReader_ESTest,4,0,True
1965,NPEX,Easy_Rules-d5385af5,0,4bbf8901f7fb46b290893e49ec7c30b5,org.jeasy.rules.mvel.MVELRuleDefinitionReader,org.jeasy.rules.mvel.MVELRuleDefinitionReader_ESTest,3,0,True
1966,NPEX,Easy_Rules-d5385af5,0,43bcaeaf79b44818a8f1e462d73427f4,org.jeasy.rules.mvel.MVELRuleDefinitionReader,org.jeasy.rules.mvel.MVELRuleDefinitionReader_ESTest,3,0,True
1967,NPEX,Easy_Rules-d5385af5,0,385a86386eeb44029748cc05cb215f1f,org.jeasy.rules.mvel.MVELRuleDefinitionReader,org.jeasy.rules.mvel.MVELRuleDefinitionReader_ESTest,4,0,True
1968,NPEX,Easy_Rules-d5385af5,0,645abc528bd445e4b0facca8091b5003,org.jeasy.rules.mvel.MVELRuleDefinitionReader,org.jeasy.rules.mvel.MVELRuleDefinitionReader_ESTest,2,0,True
1969,NPEX,Easy_Rules-d5385af5,0,ff476c9ea61c4f718cc55a4e6ddb209c,org.jeasy.rules.mvel.MVELRuleDefinitionReader,org.jeasy.rules.mvel.MVELRuleDefinitionReader_ESTest,4,0,True
1970,NPEX,Easy_Rules-d5385af5,0,18c4c31d76c54ead876f56e29a422dce,org.jeasy.rules.mvel.MVELRuleDefinitionReader,org.jeasy.rules.mvel.MVELRuleDefinitionReader_ESTest,3,0,True
1971,NPEX,Hivemall-04fa7545,0,6e4606e08a1645a88112ec27045e55db,hivemall.GeneralLearnerBaseUDTF,hivemall.GeneralLearnerBaseUDTF_ESTest,20,0,False
1972,NPEX,Hivemall-04fa7545,0,420e50e8cfcd417b8eb4e56e1c6e8b6f,hivemall.GeneralLearnerBaseUDTF,hivemall.GeneralLearnerBaseUDTF_ESTest,22,0,True
1973,NPEX,Hivemall-04fa7545,0,595d34edf18d4fa29b0c8e783ac77551,hivemall.GeneralLearnerBaseUDTF,hivemall.GeneralLearnerBaseUDTF_ESTest,18,0,True
1974,NPEX,Hivemall-04fa7545,0,dbbedf0e81204937b1a1b75bbcd0f61a,hivemall.GeneralLearnerBaseUDTF,hivemall.GeneralLearnerBaseUDTF_ESTest,19,0,True
1975,NPEX,Hivemall-04fa7545,0,9ba10fb7b3dd41a58731675afdc7c376,hivemall.GeneralLearnerBaseUDTF,hivemall.GeneralLearnerBaseUDTF_ESTest,18,0,True
1976,NPEX,Hivemall-04fa7545,0,d1b78d2bd0c74cfa960788e7a6dc7c82,hivemall.GeneralLearnerBaseUDTF,hivemall.GeneralLearnerBaseUDTF_ESTest,19,0,True
1977,NPEX,Hivemall-04fa7545,0,2192ec62ab484fa2b03741ff8c54cdd9,hivemall.GeneralLearnerBaseUDTF,hivemall.GeneralLearnerBaseUDTF_ESTest,20,0,True
1978,NPEX,Hivemall-04fa7545,0,94d9752b04ba4d8bad88e78bcdea71fe,hivemall.GeneralLearnerBaseUDTF,hivemall.GeneralLearnerBaseUDTF_ESTest,19,0,True
1979,NPEX,Hivemall-04fa7545,0,e1cc52aaf554455280af44389aa37bff,hivemall.GeneralLearnerBaseUDTF,hivemall.GeneralLearnerBaseUDTF_ESTest,18,0,True
1980,NPEX,Hivemall-04fa7545,0,26f695444a934b24b0b1c6eaed0132d0,hivemall.GeneralLearnerBaseUDTF,hivemall.GeneralLearnerBaseUDTF_ESTest,21,0,True
1981,NPEX,Hivemall-04fa7545,0,2cdc9acf41e041f9929ab8d0da58660d,hivemall.GeneralLearnerBaseUDTF,hivemall.GeneralLearnerBaseUDTF_ESTest,17,0,True
1982,NPEX,Hivemall-04fa7545,0,5e3922eff7ff4f1a837f2c6e7e6fe180,hivemall.GeneralLearnerBaseUDTF,hivemall.GeneralLearnerBaseUDTF_ESTest,23,0,True
1983,NPEX,Hivemall-04fa7545,0,27a48ac08ded4e1a8087d891bd6d3914,hivemall.GeneralLearnerBaseUDTF,hivemall.GeneralLearnerBaseUDTF_ESTest,19,0,False
1984,NPEX,Hivemall-04fa7545,0,7f1fb73ef21944b489d9876d479566dc,hivemall.GeneralLearnerBaseUDTF,hivemall.GeneralLearnerBaseUDTF_ESTest,24,0,False
1985,NPEX,Hivemall-04fa7545,0,5e9d20c84b194702a283fad5eae5d7d3,hivemall.GeneralLearnerBaseUDTF,hivemall.GeneralLearnerBaseUDTF_ESTest,18,0,True
1986,NPEX,Hivemall-04fa7545,0,4cef01e7ea394030a162b525a6746a2b,hivemall.GeneralLearnerBaseUDTF,hivemall.GeneralLearnerBaseUDTF_ESTest,21,0,True
1987,NPEX,Hivemall-04fa7545,0,3327adf8aa7b40e1a99cab4edb596ba9,hivemall.GeneralLearnerBaseUDTF,hivemall.GeneralLearnerBaseUDTF_ESTest,21,0,True
1988,NPEX,Hivemall-04fa7545,0,6dc2efaa5a0c4cc6a65b25d4a9f57f5d,hivemall.GeneralLearnerBaseUDTF,hivemall.GeneralLearnerBaseUDTF_ESTest,22,0,True
1989,NPEX,Hivemall-04fa7545,0,ce5e78398c094736be0bc4d2f5e5a55e,hivemall.GeneralLearnerBaseUDTF,hivemall.GeneralLearnerBaseUDTF_ESTest,18,0,True
1990,NPEX,Hivemall-04fa7545,0,bd87ec1579b34421b771cc5b756960c1,hivemall.GeneralLearnerBaseUDTF,hivemall.GeneralLearnerBaseUDTF_ESTest,22,0,True
1991,NPEX,IoTDB-9bced7b6,0,87abaae04f8d4d4e87f6bf0da71017e1,org.apache.iotdb.db.metadata.MTree,org.apache.iotdb.db.metadata.MTree_ESTest,83,0,False
1992,NPEX,IoTDB-9bced7b6,0,ab0e408a751643a9aa16c6ac8efebf52,org.apache.iotdb.db.metadata.MTree,org.apache.iotdb.db.metadata.MTree_ESTest,85,0,False
1993,NPEX,IoTDB-9bced7b6,0,4ca9ceec52c440778db793110d04fac0,org.apache.iotdb.db.metadata.MTree,org.apache.iotdb.db.metadata.MTree_ESTest,86,0,False
1994,NPEX,IoTDB-9bced7b6,0,07e5f7272a8b44888210c31de482d58f,org.apache.iotdb.db.metadata.MTree,org.apache.iotdb.db.metadata.MTree_ESTest,89,0,False
1995,NPEX,IoTDB-9bced7b6,0,058b4a65e0e545edb64d91a4423d9ddc,org.apache.iotdb.db.metadata.MTree,org.apache.iotdb.db.metadata.MTree_ESTest,82,0,False
1996,NPEX,IoTDB-9bced7b6,0,3818ec41a00c4ba388b0f5c4e5570b1a,org.apache.iotdb.db.metadata.MTree,org.apache.iotdb.db.metadata.MTree_ESTest,82,0,False
1997,NPEX,IoTDB-9bced7b6,0,d84dd2e265c14d099d50f32dc64e1e56,org.apache.iotdb.db.metadata.MTree,org.apache.iotdb.db.metadata.MTree_ESTest,78,0,False
1998,NPEX,IoTDB-9bced7b6,0,12608bbdecce4360963ef29112f21945,org.apache.iotdb.db.metadata.MTree,org.apache.iotdb.db.metadata.MTree_ESTest,80,0,False
1999,NPEX,IoTDB-9bced7b6,0,5f2319c8db0c4e85873cae1baeab6843,org.apache.iotdb.db.metadata.MTree,org.apache.iotdb.db.metadata.MTree_ESTest,84,0,True
2000,NPEX,IoTDB-9bced7b6,0,a219ec2664e74edca4b41deaae4ece50,org.apache.iotdb.db.metadata.MTree,org.apache.iotdb.db.metadata.MTree_ESTest,83,0,False
2001,NPEX,IoTDB-9bced7b6,0,18d55e7a34db4d1a8c43ec624a00f85f,org.apache.iotdb.db.metadata.MTree,org.apache.iotdb.db.metadata.MTree_ESTest,72,0,False
2002,NPEX,IoTDB-9bced7b6,0,ce5a4f79a6bd4036b364320dcf965f64,org.apache.iotdb.db.metadata.MTree,org.apache.iotdb.db.metadata.MTree_ESTest,88,0,False
2003,NPEX,IoTDB-9bced7b6,0,afa82b0ca0714e3783827863761cd08b,org.apache.iotdb.db.metadata.MTree,org.apache.iotdb.db.metadata.MTree_ESTest,79,0,False
2004,NPEX,IoTDB-9bced7b6,0,53992141bbd445acb3b43b6f20e34a03,org.apache.iotdb.db.metadata.MTree,org.apache.iotdb.db.metadata.MTree_ESTest,79,0,False
2005,NPEX,IoTDB-9bced7b6,0,8fb95f72f42f4302b464fb1b19ef6011,org.apache.iotdb.db.metadata.MTree,org.apache.iotdb.db.metadata.MTree_ESTest,85,0,False
2006,NPEX,IoTDB-9bced7b6,0,27b31c11a80f4ea4b0d22e6bcb50bb45,org.apache.iotdb.db.metadata.MTree,org.apache.iotdb.db.metadata.MTree_ESTest,90,0,False
2007,NPEX,IoTDB-9bced7b6,0,769d0f93984740b0b45c49975951cf79,org.apache.iotdb.db.metadata.MTree,org.apache.iotdb.db.metadata.MTree_ESTest,90,0,False
2008,NPEX,IoTDB-9bced7b6,0,0113fc78e4624e068f9e5a221780a701,org.apache.iotdb.db.metadata.MTree,org.apache.iotdb.db.metadata.MTree_ESTest,85,0,False
2009,NPEX,IoTDB-9bced7b6,0,a1802334a78943c7939626d928e3e06b,org.apache.iotdb.db.metadata.MTree,org.apache.iotdb.db.metadata.MTree_ESTest,82,0,False
2010,NPEX,IoTDB-9bced7b6,0,b99c93e294764eabafe7b9ef7db31d67,org.apache.iotdb.db.metadata.MTree,org.apache.iotdb.db.metadata.MTree_ESTest,78,0,False
2011,Bears,Bears-88,0,7a2d7a38a2bc46fea21bce5ede32cf88,org.springframework.data.repository.config.RepositoryBeanNameGenerator,org.springframework.data.repository.config.RepositoryBeanNameGenerator_ESTest,3,0,True
2012,Bears,Bears-88,0,6644b15a8eba4f41bb199aa37a5d8c4a,org.springframework.data.repository.config.RepositoryBeanNameGenerator,org.springframework.data.repository.config.RepositoryBeanNameGenerator_ESTest,4,0,True
2013,Bears,Bears-88,0,59beb7b548f7452bb0df5608dc6a2119,org.springframework.data.repository.config.RepositoryBeanNameGenerator,org.springframework.data.repository.config.RepositoryBeanNameGenerator_ESTest,4,0,True
2014,Bears,Bears-88,0,8dfc8ece3e3042dca2a898d56cdd23b3,org.springframework.data.repository.config.RepositoryBeanNameGenerator,org.springframework.data.repository.config.RepositoryBeanNameGenerator_ESTest,4,0,False
2015,Bears,Bears-88,0,2a2f0b5a7e7f4bc593fc992bf2566b2f,org.springframework.data.repository.config.RepositoryBeanNameGenerator,org.springframework.data.repository.config.RepositoryBeanNameGenerator_ESTest,3,0,False
2016,Bears,Bears-88,0,c176dbb032334690b2ba0a985b126d18,org.springframework.data.repository.config.RepositoryBeanNameGenerator,org.springframework.data.repository.config.RepositoryBeanNameGenerator_ESTest,4,0,True
2017,Bears,Bears-88,0,9e53c7dd632e408b920b7c7f852469ab,org.springframework.data.repository.config.RepositoryBeanNameGenerator,org.springframework.data.repository.config.RepositoryBeanNameGenerator_ESTest,3,0,True
2018,Bears,Bears-88,0,233c4128ce6c4c6c8dba2bd5b5c9fc92,org.springframework.data.repository.config.RepositoryBeanNameGenerator,org.springframework.data.repository.config.RepositoryBeanNameGenerator_ESTest,4,0,True
2019,Bears,Bears-88,0,793728a2ddca47c787461f1f15501c4e,org.springframework.data.repository.config.RepositoryBeanNameGenerator,org.springframework.data.repository.config.RepositoryBeanNameGenerator_ESTest,3,0,True
2020,Bears,Bears-88,0,b0980033561d4b6a988687fc9b556411,org.springframework.data.repository.config.RepositoryBeanNameGenerator,org.springframework.data.repository.config.RepositoryBeanNameGenerator_ESTest,3,0,True
2021,Bears,Bears-88,0,d3230fecd65244cfadbb16f01a575703,org.springframework.data.repository.config.RepositoryBeanNameGenerator,org.springframework.data.repository.config.RepositoryBeanNameGenerator_ESTest,4,0,True
2022,Bears,Bears-88,0,0345c8793b2c4caeb9253e637ae3044f,org.springframework.data.repository.config.RepositoryBeanNameGenerator,org.springframework.data.repository.config.RepositoryBeanNameGenerator_ESTest,4,0,True
2023,Bears,Bears-88,0,17e40a9e90c04b419a5b90aad7955742,org.springframework.data.repository.config.RepositoryBeanNameGenerator,org.springframework.data.repository.config.RepositoryBeanNameGenerator_ESTest,4,0,True
2024,Bears,Bears-88,0,74833b7fd55c48dda9cbd3386ec0c50f,org.springframework.data.repository.config.RepositoryBeanNameGenerator,org.springframework.data.repository.config.RepositoryBeanNameGenerator_ESTest,4,0,True
2025,Bears,Bears-88,0,61e2096a54c245cca962c3ac165712b8,org.springframework.data.repository.config.RepositoryBeanNameGenerator,org.springframework.data.repository.config.RepositoryBeanNameGenerator_ESTest,3,0,True
2026,Bears,Bears-88,0,41f3eca0bde14c0e8c9d71fe51446787,org.springframework.data.repository.config.RepositoryBeanNameGenerator,org.springframework.data.repository.config.RepositoryBeanNameGenerator_ESTest,4,0,True
2027,Bears,Bears-88,0,1d7bfa79976946c68b7c562403e89ea8,org.springframework.data.repository.config.RepositoryBeanNameGenerator,org.springframework.data.repository.config.RepositoryBeanNameGenerator_ESTest,4,0,True
2028,Bears,Bears-88,0,20754513f3414efe931c887d4ee90345,org.springframework.data.repository.config.RepositoryBeanNameGenerator,org.springframework.data.repository.config.RepositoryBeanNameGenerator_ESTest,4,0,True
2029,Bears,Bears-88,0,6a23a6f207d3453e80d11aa245eac32c,org.springframework.data.repository.config.RepositoryBeanNameGenerator,org.springframework.data.repository.config.RepositoryBeanNameGenerator_ESTest,4,0,True
2030,Bears,Bears-88,0,74974545380144759a8e7b352f5e11ad,org.springframework.data.repository.config.RepositoryBeanNameGenerator,org.springframework.data.repository.config.RepositoryBeanNameGenerator_ESTest,3,0,True
2031,Bears,Bears-222,0,6b4463d21c8540088d63d7805c539850,org.jgrapht.generate.WattsStrogatzGraphGenerator,org.jgrapht.generate.WattsStrogatzGraphGenerator_ESTest,11,0,False
2032,Bears,Bears-222,0,0278e12d0e144a4491da0521b338ead4,org.jgrapht.generate.WattsStrogatzGraphGenerator,org.jgrapht.generate.WattsStrogatzGraphGenerator_ESTest,12,0,True
2033,Bears,Bears-222,0,d6b7a4ce841a4c84afcaedaca89d9bb5,org.jgrapht.generate.WattsStrogatzGraphGenerator,org.jgrapht.generate.WattsStrogatzGraphGenerator_ESTest,11,0,False
2034,Bears,Bears-222,0,2cec2050f80344cb95827b3cd3349829,org.jgrapht.generate.WattsStrogatzGraphGenerator,org.jgrapht.generate.WattsStrogatzGraphGenerator_ESTest,10,0,False
2035,Bears,Bears-222,0,d32681a9db854871817c47a71eba1070,org.jgrapht.generate.WattsStrogatzGraphGenerator,org.jgrapht.generate.WattsStrogatzGraphGenerator_ESTest,12,0,False
2036,Bears,Bears-222,0,7a126479906b42efbc5cb441892d6563,org.jgrapht.generate.WattsStrogatzGraphGenerator,org.jgrapht.generate.WattsStrogatzGraphGenerator_ESTest,10,0,False
2037,Bears,Bears-222,0,b362f87543d24fc8808a9ab5366bc72f,org.jgrapht.generate.WattsStrogatzGraphGenerator,org.jgrapht.generate.WattsStrogatzGraphGenerator_ESTest,11,0,False
2038,Bears,Bears-222,0,31834da7c1a840e9a0b69406cdf14b01,org.jgrapht.generate.WattsStrogatzGraphGenerator,org.jgrapht.generate.WattsStrogatzGraphGenerator_ESTest,12,0,True
2039,Bears,Bears-222,0,ca0c4902730641e8af1ff16716d1341c,org.jgrapht.generate.WattsStrogatzGraphGenerator,org.jgrapht.generate.WattsStrogatzGraphGenerator_ESTest,11,0,False
2040,Bears,Bears-222,0,abce2dbacf7b4f9fa4bb82f2bf2dc49c,org.jgrapht.generate.WattsStrogatzGraphGenerator,org.jgrapht.generate.WattsStrogatzGraphGenerator_ESTest,13,0,True
2041,Bears,Bears-222,0,a72ef953b2734912bd8dea70f85da0fa,org.jgrapht.generate.WattsStrogatzGraphGenerator,org.jgrapht.generate.WattsStrogatzGraphGenerator_ESTest,13,0,False
2042,Bears,Bears-222,0,5ffb025438e5465981c59a1dab8564c4,org.jgrapht.generate.WattsStrogatzGraphGenerator,org.jgrapht.generate.WattsStrogatzGraphGenerator_ESTest,10,0,False
2043,Bears,Bears-222,0,36151caf812b454b95333370271fd790,org.jgrapht.generate.WattsStrogatzGraphGenerator,org.jgrapht.generate.WattsStrogatzGraphGenerator_ESTest,10,0,False
2044,Bears,Bears-222,0,33c55f278d0e4233a062da78f52850d4,org.jgrapht.generate.WattsStrogatzGraphGenerator,org.jgrapht.generate.WattsStrogatzGraphGenerator_ESTest,11,0,False
2045,Bears,Bears-222,0,29d59eeb75fa406d8e2da0ced102f054,org.jgrapht.generate.WattsStrogatzGraphGenerator,org.jgrapht.generate.WattsStrogatzGraphGenerator_ESTest,11,0,True
2046,Bears,Bears-222,0,9b30acc8e5504327b87b4469f1276fbd,org.jgrapht.generate.WattsStrogatzGraphGenerator,org.jgrapht.generate.WattsStrogatzGraphGenerator_ESTest,11,0,True
2047,Bears,Bears-222,0,dba79e9982ce4017a3ff6d614c86c3f4,org.jgrapht.generate.WattsStrogatzGraphGenerator,org.jgrapht.generate.WattsStrogatzGraphGenerator_ESTest,11,0,False
2048,Bears,Bears-222,0,ddc7dd9077654fd098b461ab8bb592fb,org.jgrapht.generate.WattsStrogatzGraphGenerator,org.jgrapht.generate.WattsStrogatzGraphGenerator_ESTest,10,0,False
2049,Bears,Bears-222,0,e30a4d31e7014039bfdef1e37d997f1a,org.jgrapht.generate.WattsStrogatzGraphGenerator,org.jgrapht.generate.WattsStrogatzGraphGenerator_ESTest,10,0,False
2050,Bears,Bears-222,0,817c55f69f1d4a59b5ef81e026892783,org.jgrapht.generate.WattsStrogatzGraphGenerator,org.jgrapht.generate.WattsStrogatzGraphGenerator_ESTest,10,0,True
2051,Bears,Bears-56,0,100c977c431945698c126b4224bb8665,spoon.reflect.visitor.ImportScannerImpl,spoon.reflect.visitor.ImportScannerImpl_ESTest,33,0,True
2052,Bears,Bears-56,0,ebeefdeb22f94a0fa006cc8afb1c8d0a,spoon.reflect.visitor.ImportScannerImpl,spoon.reflect.visitor.ImportScannerImpl_ESTest,37,0,True
2053,Bears,Bears-56,0,eaaad80cf7404b3f96fffc6df8ecb357,spoon.reflect.visitor.ImportScannerImpl,spoon.reflect.visitor.ImportScannerImpl_ESTest,31,0,True
2054,Bears,Bears-56,0,b30275d138c344758cdd748a3ea0a4ad,spoon.reflect.visitor.ImportScannerImpl,spoon.reflect.visitor.ImportScannerImpl_ESTest,34,0,True
2055,Bears,Bears-56,0,f1898c66485b429bacfc836f44f1bcd2,spoon.reflect.visitor.ImportScannerImpl,spoon.reflect.visitor.ImportScannerImpl_ESTest,31,0,True
2056,Bears,Bears-56,0,7e7e0379a4b746bda0dd57f978912120,spoon.reflect.visitor.ImportScannerImpl,spoon.reflect.visitor.ImportScannerImpl_ESTest,36,0,True
2057,Bears,Bears-56,0,726eeabf20aa43b3ac46e32f56098ce1,spoon.reflect.visitor.ImportScannerImpl,spoon.reflect.visitor.ImportScannerImpl_ESTest,25,0,True
2058,Bears,Bears-56,0,1506ac637bca420ea5109485fb70dab7,spoon.reflect.visitor.ImportScannerImpl,spoon.reflect.visitor.ImportScannerImpl_ESTest,25,0,True
2059,Bears,Bears-56,0,e3bfe0ace160491295574fc70c20d678,spoon.reflect.visitor.ImportScannerImpl,spoon.reflect.visitor.ImportScannerImpl_ESTest,32,0,True
2060,Bears,Bears-56,0,da70a2d47c794f4ba343ae199ebb0c7f,spoon.reflect.visitor.ImportScannerImpl,spoon.reflect.visitor.ImportScannerImpl_ESTest,36,0,True
2061,Bears,Bears-56,0,b22530375a044c3d831fde7d3dc63149,spoon.reflect.visitor.ImportScannerImpl,spoon.reflect.visitor.ImportScannerImpl_ESTest,36,0,True
2062,Bears,Bears-56,0,313510d1c948481ca4510b2a45a7e1c9,spoon.reflect.visitor.ImportScannerImpl,spoon.reflect.visitor.ImportScannerImpl_ESTest,41,0,True
2063,Bears,Bears-56,0,76b435e682a041d0aca2d71f51b8e549,spoon.reflect.visitor.ImportScannerImpl,spoon.reflect.visitor.ImportScannerImpl_ESTest,35,0,True
2064,Bears,Bears-56,0,ff6550c11b6d4ca4bdb97758744c161c,spoon.reflect.visitor.ImportScannerImpl,spoon.reflect.visitor.ImportScannerImpl_ESTest,34,0,True
2065,Bears,Bears-56,0,cf449706c1424232984fcf3757d55eef,spoon.reflect.visitor.ImportScannerImpl,spoon.reflect.visitor.ImportScannerImpl_ESTest,32,0,True
2066,Bears,Bears-56,0,55bb13eb419e4d1bbbb63ca5c617a6fc,spoon.reflect.visitor.ImportScannerImpl,spoon.reflect.visitor.ImportScannerImpl_ESTest,38,0,True
2067,Bears,Bears-56,0,d0bb031797da44b98286dfbb7ea41f79,spoon.reflect.visitor.ImportScannerImpl,spoon.reflect.visitor.ImportScannerImpl_ESTest,31,0,True
2068,Bears,Bears-56,0,2ca1025cd7444d5b887a2d98f5a16720,spoon.reflect.visitor.ImportScannerImpl,spoon.reflect.visitor.ImportScannerImpl_ESTest,38,0,True
2069,Bears,Bears-56,0,f3ceb63f1f954b74bf74785e2c1c9f4d,spoon.reflect.visitor.ImportScannerImpl,spoon.reflect.visitor.ImportScannerImpl_ESTest,34,0,True
2070,Bears,Bears-56,0,3de696f55725476da9db6da7302b6841,spoon.reflect.visitor.ImportScannerImpl,spoon.reflect.visitor.ImportScannerImpl_ESTest,32,0,True
2071,Bears,Bears-72,0,292f94dda246495085aba182c303ea64,spoon.reflect.visitor.DefaultJavaPrettyPrinter,spoon.reflect.visitor.DefaultJavaPrettyPrinter_ESTest,82,0,False
2072,Bears,Bears-72,0,b4298629cb59489eb7c981384c725988,spoon.reflect.visitor.DefaultJavaPrettyPrinter,spoon.reflect.visitor.DefaultJavaPrettyPrinter_ESTest,84,0,False
2073,Bears,Bears-72,0,0949f1fece4346c19f275d261dbe2c31,spoon.reflect.visitor.DefaultJavaPrettyPrinter,spoon.reflect.visitor.DefaultJavaPrettyPrinter_ESTest,83,0,False
2074,Bears,Bears-72,0,dd24c257ee9b41328583950710ce6287,spoon.reflect.visitor.DefaultJavaPrettyPrinter,spoon.reflect.visitor.DefaultJavaPrettyPrinter_ESTest,83,0,False
2075,Bears,Bears-72,0,90eed3d89bf6403ab9a26075dc06d21f,spoon.reflect.visitor.DefaultJavaPrettyPrinter,spoon.reflect.visitor.DefaultJavaPrettyPrinter_ESTest,87,0,False
2076,Bears,Bears-72,0,7b2ca3dbe8b2466da7b6348be6bac35a,spoon.reflect.visitor.DefaultJavaPrettyPrinter,spoon.reflect.visitor.DefaultJavaPrettyPrinter_ESTest,76,0,False
2077,Bears,Bears-72,0,5ce7e3f930c54e45984a863eab1620eb,spoon.reflect.visitor.DefaultJavaPrettyPrinter,spoon.reflect.visitor.DefaultJavaPrettyPrinter_ESTest,91,0,False
2078,Bears,Bears-72,0,034a77409c2d492b96c15f842f2f0cb8,spoon.reflect.visitor.DefaultJavaPrettyPrinter,spoon.reflect.visitor.DefaultJavaPrettyPrinter_ESTest,72,0,False
2079,Bears,Bears-72,0,4561f6a0132c44848525591a051beebb,spoon.reflect.visitor.DefaultJavaPrettyPrinter,spoon.reflect.visitor.DefaultJavaPrettyPrinter_ESTest,76,0,False
2080,Bears,Bears-72,0,1054b16b3efc43999558bea5821bd140,spoon.reflect.visitor.DefaultJavaPrettyPrinter,spoon.reflect.visitor.DefaultJavaPrettyPrinter_ESTest,95,0,False
2081,Bears,Bears-72,0,343168fbdd5c457fbfd331c95a5df404,spoon.reflect.visitor.DefaultJavaPrettyPrinter,spoon.reflect.visitor.DefaultJavaPrettyPrinter_ESTest,97,0,False
2082,Bears,Bears-72,0,a4bf00c20241476fb89a566438f88d40,spoon.reflect.visitor.DefaultJavaPrettyPrinter,spoon.reflect.visitor.DefaultJavaPrettyPrinter_ESTest,84,0,False
2083,Bears,Bears-72,0,9ef3e9a20fac45ed9871b16dd66e77a1,spoon.reflect.visitor.DefaultJavaPrettyPrinter,spoon.reflect.visitor.DefaultJavaPrettyPrinter_ESTest,83,0,False
2084,Bears,Bears-72,0,d0932fcd29e34245b3048effbda2e977,spoon.reflect.visitor.DefaultJavaPrettyPrinter,spoon.reflect.visitor.DefaultJavaPrettyPrinter_ESTest,82,0,False
2085,Bears,Bears-72,0,7be14e209f374213a62643dce8d78352,spoon.reflect.visitor.DefaultJavaPrettyPrinter,spoon.reflect.visitor.DefaultJavaPrettyPrinter_ESTest,85,0,False
2086,Bears,Bears-72,0,10dd4d03dc284f6386b971d7e62675eb,spoon.reflect.visitor.DefaultJavaPrettyPrinter,spoon.reflect.visitor.DefaultJavaPrettyPrinter_ESTest,88,0,False
2087,Bears,Bears-72,0,a8b9a7a0bd2d4ddcaeb0ef673ec90c73,spoon.reflect.visitor.DefaultJavaPrettyPrinter,spoon.reflect.visitor.DefaultJavaPrettyPrinter_ESTest,82,0,False
2088,Bears,Bears-72,0,0438ed52256d45f8a05630151bd020bf,spoon.reflect.visitor.DefaultJavaPrettyPrinter,spoon.reflect.visitor.DefaultJavaPrettyPrinter_ESTest,85,0,False
2089,Bears,Bears-72,0,f34b9d69c4dc47529ea853ff55ad2d5a,spoon.reflect.visitor.DefaultJavaPrettyPrinter,spoon.reflect.visitor.DefaultJavaPrettyPrinter_ESTest,85,0,False
2090,Bears,Bears-72,0,6bb1d5f6a163425196967685d7051dea,spoon.reflect.visitor.DefaultJavaPrettyPrinter,spoon.reflect.visitor.DefaultJavaPrettyPrinter_ESTest,82,0,False
2091,Bears,Bears-189,0,6c59418bf08f4efea7481311a5efcda7,hu.oe.nik.szfmv.detector.classes.Detector,hu.oe.nik.szfmv.detector.classes.Detector_ESTest,8,0,True
2092,Bears,Bears-189,0,13fe02de0e0247939e7eac56c8277bb7,hu.oe.nik.szfmv.detector.classes.Detector,hu.oe.nik.szfmv.detector.classes.Detector_ESTest,7,0,True
2093,Bears,Bears-189,0,ba3ab49d38314b14bdcef7bdf4f8cf14,hu.oe.nik.szfmv.detector.classes.Detector,hu.oe.nik.szfmv.detector.classes.Detector_ESTest,7,0,True
2094,Bears,Bears-189,0,ef44b948ea31476fb34e2b2306a829ca,hu.oe.nik.szfmv.detector.classes.Detector,hu.oe.nik.szfmv.detector.classes.Detector_ESTest,7,0,True
2095,Bears,Bears-189,0,7e1f4f122f8f4a3eb1dec73f9cd286d5,hu.oe.nik.szfmv.detector.classes.Detector,hu.oe.nik.szfmv.detector.classes.Detector_ESTest,7,0,True
2096,Bears,Bears-189,0,6cafff90b53c43b19d888cdbe0e1392b,hu.oe.nik.szfmv.detector.classes.Detector,hu.oe.nik.szfmv.detector.classes.Detector_ESTest,7,0,True
2097,Bears,Bears-189,0,e193c9932c0b44f19e989a91b67fe5cd,hu.oe.nik.szfmv.detector.classes.Detector,hu.oe.nik.szfmv.detector.classes.Detector_ESTest,7,0,True
2098,Bears,Bears-189,0,1355a0af38a1462f8e248fd82c7794d1,hu.oe.nik.szfmv.detector.classes.Detector,hu.oe.nik.szfmv.detector.classes.Detector_ESTest,7,0,True
2099,Bears,Bears-189,0,f69fa6590e354550a809cf0d283cb9a4,hu.oe.nik.szfmv.detector.classes.Detector,hu.oe.nik.szfmv.detector.classes.Detector_ESTest,7,0,True
2100,Bears,Bears-189,0,d1a1bfe5e48049b5ab5440db7cd2fe25,hu.oe.nik.szfmv.detector.classes.Detector,hu.oe.nik.szfmv.detector.classes.Detector_ESTest,7,0,True
2101,Bears,Bears-189,0,35d0908006834876849c24a5610e399f,hu.oe.nik.szfmv.detector.classes.Detector,hu.oe.nik.szfmv.detector.classes.Detector_ESTest,7,0,True
2102,Bears,Bears-189,0,fe38fe046b114decb77b4424b30c3faa,hu.oe.nik.szfmv.detector.classes.Detector,hu.oe.nik.szfmv.detector.classes.Detector_ESTest,7,0,True
2103,Bears,Bears-189,0,ac8a34c396434b338db59e555f12c0db,hu.oe.nik.szfmv.detector.classes.Detector,hu.oe.nik.szfmv.detector.classes.Detector_ESTest,7,0,True
2104,Bears,Bears-189,0,2e57d38b1e5046b4bffac5b6622af369,hu.oe.nik.szfmv.detector.classes.Detector,hu.oe.nik.szfmv.detector.classes.Detector_ESTest,7,0,True
2105,Bears,Bears-189,0,01e6cababeb841febe8d595e7759867b,hu.oe.nik.szfmv.detector.classes.Detector,hu.oe.nik.szfmv.detector.classes.Detector_ESTest,7,0,True
2106,Bears,Bears-189,0,ed3c9bb34de24b7f9b59b1ccf5ae8c71,hu.oe.nik.szfmv.detector.classes.Detector,hu.oe.nik.szfmv.detector.classes.Detector_ESTest,7,0,True
2107,Bears,Bears-189,0,5311dd0ab3104390b6cadbcc47bead45,hu.oe.nik.szfmv.detector.classes.Detector,hu.oe.nik.szfmv.detector.classes.Detector_ESTest,7,0,True
2108,Bears,Bears-189,0,bb0de24b769d4f54b47b3ca531a1fc35,hu.oe.nik.szfmv.detector.classes.Detector,hu.oe.nik.szfmv.detector.classes.Detector_ESTest,8,0,True
2109,Bears,Bears-189,0,beb8cadceae24fa28a7ac77186fb752e,hu.oe.nik.szfmv.detector.classes.Detector,hu.oe.nik.szfmv.detector.classes.Detector_ESTest,7,0,True
2110,Bears,Bears-189,0,cdc17384143e4e0290ac25613311b4e7,hu.oe.nik.szfmv.detector.classes.Detector,hu.oe.nik.szfmv.detector.classes.Detector_ESTest,7,0,True
2111,Bears,Bears-46,0,3b424911e46a4f309bec75d4b9d2b40a,spoon.support.reflect.declaration.CtElementImpl,spoon.support.reflect.declaration.CtElementImpl_ESTest,44,0,True
2112,Bears,Bears-46,0,b5e2980c393345b193192a2156d83f16,spoon.support.reflect.declaration.CtElementImpl,spoon.support.reflect.declaration.CtElementImpl_ESTest,52,0,True
2113,Bears,Bears-46,0,cbb2a8dc99e64a198eeb2761d14d4eb7,spoon.support.reflect.declaration.CtElementImpl,spoon.support.reflect.declaration.CtElementImpl_ESTest,49,0,True
2114,Bears,Bears-46,0,6bde8ad9115f406aa7aa6223beef1d5c,spoon.support.reflect.declaration.CtElementImpl,spoon.support.reflect.declaration.CtElementImpl_ESTest,54,0,False
2115,Bears,Bears-46,0,1110c95a65e249619ccab1c43f7bac78,spoon.support.reflect.declaration.CtElementImpl,spoon.support.reflect.declaration.CtElementImpl_ESTest,47,0,True
2116,Bears,Bears-70,0,aa7074c6df0b42acb1ebda56aa3c2c95,spoon.support.compiler.jdt.ContextBuilder,spoon.support.compiler.jdt.ContextBuilder_ESTest,14,0,False
2117,Bears,Bears-70,0,a9501351144d4ddeb945f4f1200d32b0,spoon.support.compiler.jdt.ContextBuilder,spoon.support.compiler.jdt.ContextBuilder_ESTest,15,0,False
2118,Bears,Bears-70,0,ef548ef4a6a74abca345b9c51607a6d5,spoon.support.compiler.jdt.ContextBuilder,spoon.support.compiler.jdt.ContextBuilder_ESTest,13,0,False
2119,Bears,Bears-70,0,3e1e1da8b8044b7185cdcefa8496aae7,spoon.support.compiler.jdt.ContextBuilder,spoon.support.compiler.jdt.ContextBuilder_ESTest,12,0,False
2120,Bears,Bears-70,0,988d3ee4ece84fffb02da60e06d6ed16,spoon.support.compiler.jdt.ContextBuilder,spoon.support.compiler.jdt.ContextBuilder_ESTest,14,0,False
2121,Bears,Bears-70,0,6e1cfaf3be0541d3bb87d0d6d06da035,spoon.support.compiler.jdt.ContextBuilder,spoon.support.compiler.jdt.ContextBuilder_ESTest,14,0,False
2122,Bears,Bears-70,0,025f5854f1b643ce80c482897901ec9f,spoon.support.compiler.jdt.ContextBuilder,spoon.support.compiler.jdt.ContextBuilder_ESTest,16,0,False
2123,Bears,Bears-70,0,558f3d80afc540ee9cf57e3fb1ce5974,spoon.support.compiler.jdt.ContextBuilder,spoon.support.compiler.jdt.ContextBuilder_ESTest,14,0,False
2124,Bears,Bears-70,0,b05876c7a8ad420bad34873c783a3899,spoon.support.compiler.jdt.ContextBuilder,spoon.support.compiler.jdt.ContextBuilder_ESTest,12,0,False
2125,Bears,Bears-70,0,29d4014de209426a9a948320462d5671,spoon.support.compiler.jdt.ContextBuilder,spoon.support.compiler.jdt.ContextBuilder_ESTest,16,0,False
2126,Bears,Bears-70,0,802f7970f75140379c3593b215be12f7,spoon.support.compiler.jdt.ContextBuilder,spoon.support.compiler.jdt.ContextBuilder_ESTest,16,0,False
2127,Bears,Bears-70,0,bc6df16618ac494f8e8776667c3c86e4,spoon.support.compiler.jdt.ContextBuilder,spoon.support.compiler.jdt.ContextBuilder_ESTest,14,0,False
2128,Bears,Bears-70,0,5846d0edd74d442aab37cb71f6415507,spoon.support.compiler.jdt.ContextBuilder,spoon.support.compiler.jdt.ContextBuilder_ESTest,13,0,False
2129,Bears,Bears-70,0,957e16e9fda74397aa589796bbf8579d,spoon.support.compiler.jdt.ContextBuilder,spoon.support.compiler.jdt.ContextBuilder_ESTest,14,0,False
2130,Bears,Bears-70,0,100c6641f58a4b1b9ef98ded20ff7eda,spoon.support.compiler.jdt.ContextBuilder,spoon.support.compiler.jdt.ContextBuilder_ESTest,14,0,False
2131,Bears,Bears-70,0,a19159049532486398616d94636154aa,spoon.support.compiler.jdt.ContextBuilder,spoon.support.compiler.jdt.ContextBuilder_ESTest,11,0,False
2132,Bears,Bears-70,0,6780fec323944ad6a4d88818d91d2515,spoon.support.compiler.jdt.ContextBuilder,spoon.support.compiler.jdt.ContextBuilder_ESTest,11,0,False
2133,Bears,Bears-70,0,2596dcd12cb446fd9d0292f7e86ec712,spoon.support.compiler.jdt.ContextBuilder,spoon.support.compiler.jdt.ContextBuilder_ESTest,14,0,False
2134,Bears,Bears-70,0,d9f75c04e4514b9a9c78329439f85e3e,spoon.support.compiler.jdt.ContextBuilder,spoon.support.compiler.jdt.ContextBuilder_ESTest,14,0,False
2135,Bears,Bears-70,0,06abb2ec5dc64d55a597ded49c907f64,spoon.support.compiler.jdt.ContextBuilder,spoon.support.compiler.jdt.ContextBuilder_ESTest,14,0,False
