,benchmark_group,benchmark_name,npe_label,experiment_id,input_class,replayed_testsuite,compiled_tests,commented_tests,npe_reproduced
0,BugSwarm,Universal_G__Code_Sender-172454077,0,601c2612d9674226b2b0efe3e0649978,com.willwinder.universalgcodesender.GrblController,com.willwinder.universalgcodesender.GrblController_ESTest,69,0,False
1,BugSwarm,Universal_G__Code_Sender-172454077,0,537e73a1c4194495a546dde2297a1cef,com.willwinder.universalgcodesender.GrblController,com.willwinder.universalgcodesender.GrblController_ESTest,76,0,False
2,BugSwarm,Universal_G__Code_Sender-172454077,0,5df5a51ce27441108cc6eeb6e1183b64,com.willwinder.universalgcodesender.GrblController,com.willwinder.universalgcodesender.GrblController_ESTest,80,0,False
3,BugSwarm,Universal_G__Code_Sender-172454077,0,886392c6b27e49e7956700a79731dd5a,com.willwinder.universalgcodesender.GrblController,com.willwinder.universalgcodesender.GrblController_ESTest,78,0,False
4,BugSwarm,Universal_G__Code_Sender-172454077,0,446ba3187dd14d64850921ac3cae27ac,com.willwinder.universalgcodesender.GrblController,com.willwinder.universalgcodesender.GrblController_ESTest,71,0,False
5,BugSwarm,Universal_G__Code_Sender-172454077,0,7feaa2c7af514209804811c4a08b94a5,com.willwinder.universalgcodesender.GrblController,com.willwinder.universalgcodesender.GrblController_ESTest,74,0,False
6,BugSwarm,Universal_G__Code_Sender-172454077,0,5f5d00101a6948ac9a7d651f3c3a52ef,com.willwinder.universalgcodesender.GrblController,com.willwinder.universalgcodesender.GrblController_ESTest,64,0,False
7,BugSwarm,Universal_G__Code_Sender-172454077,0,998789e6c22d4b3c98c3249966ca6d44,com.willwinder.universalgcodesender.GrblController,com.willwinder.universalgcodesender.GrblController_ESTest,79,0,False
8,BugSwarm,Universal_G__Code_Sender-172454077,0,5910bad64bfa48dd87428a02a6c1ec57,com.willwinder.universalgcodesender.GrblController,com.willwinder.universalgcodesender.GrblController_ESTest,69,0,False
9,BugSwarm,Universal_G__Code_Sender-172454077,0,65601baa3dce4e5ba0e1e223dcbc5688,com.willwinder.universalgcodesender.GrblController,com.willwinder.universalgcodesender.GrblController_ESTest,71,0,False
10,BugSwarm,Universal_G__Code_Sender-172454077,1,601c2612d9674226b2b0efe3e0649978,com.willwinder.universalgcodesender.GrblController,com.willwinder.universalgcodesender.GrblController_ESTest,69,0,False
11,BugSwarm,Universal_G__Code_Sender-172454077,1,537e73a1c4194495a546dde2297a1cef,com.willwinder.universalgcodesender.GrblController,com.willwinder.universalgcodesender.GrblController_ESTest,76,0,False
12,BugSwarm,Universal_G__Code_Sender-172454077,1,5df5a51ce27441108cc6eeb6e1183b64,com.willwinder.universalgcodesender.GrblController,com.willwinder.universalgcodesender.GrblController_ESTest,80,0,False
13,BugSwarm,Universal_G__Code_Sender-172454077,1,886392c6b27e49e7956700a79731dd5a,com.willwinder.universalgcodesender.GrblController,com.willwinder.universalgcodesender.GrblController_ESTest,78,0,False
14,BugSwarm,Universal_G__Code_Sender-172454077,1,446ba3187dd14d64850921ac3cae27ac,com.willwinder.universalgcodesender.GrblController,com.willwinder.universalgcodesender.GrblController_ESTest,71,0,False
15,BugSwarm,Universal_G__Code_Sender-172454077,1,7feaa2c7af514209804811c4a08b94a5,com.willwinder.universalgcodesender.GrblController,com.willwinder.universalgcodesender.GrblController_ESTest,74,0,False
16,BugSwarm,Universal_G__Code_Sender-172454077,1,5f5d00101a6948ac9a7d651f3c3a52ef,com.willwinder.universalgcodesender.GrblController,com.willwinder.universalgcodesender.GrblController_ESTest,64,0,False
17,BugSwarm,Universal_G__Code_Sender-172454077,1,998789e6c22d4b3c98c3249966ca6d44,com.willwinder.universalgcodesender.GrblController,com.willwinder.universalgcodesender.GrblController_ESTest,79,0,False
18,BugSwarm,Universal_G__Code_Sender-172454077,1,5910bad64bfa48dd87428a02a6c1ec57,com.willwinder.universalgcodesender.GrblController,com.willwinder.universalgcodesender.GrblController_ESTest,69,0,False
19,BugSwarm,Universal_G__Code_Sender-172454077,1,65601baa3dce4e5ba0e1e223dcbc5688,com.willwinder.universalgcodesender.GrblController,com.willwinder.universalgcodesender.GrblController_ESTest,71,0,False
20,BugSwarm,deadcode4j-131735009,0,f16609605fb746e9b6923d3d42df6298,org.sbolstandard.core2.ComponentDefinition,org.sbolstandard.core2.ComponentDefinition_ESTest,173,0,False
21,BugSwarm,deadcode4j-131735009,0,fb02830e060f4a9d81e32941f806ee11,org.sbolstandard.core2.ComponentDefinition,org.sbolstandard.core2.ComponentDefinition_ESTest,175,0,False
22,BugSwarm,deadcode4j-131735009,0,b8c4b64821624c43b3f5d849231fc207,org.sbolstandard.core2.ComponentDefinition,org.sbolstandard.core2.ComponentDefinition_ESTest,178,0,False
23,BugSwarm,deadcode4j-131735009,0,c77b1c83af7b4bc2a6d610877f856daf,org.sbolstandard.core2.ComponentDefinition,org.sbolstandard.core2.ComponentDefinition_ESTest,153,0,False
24,BugSwarm,deadcode4j-131735009,0,7990104ac78047438fa1a8f004ab7b11,org.sbolstandard.core2.ComponentDefinition,org.sbolstandard.core2.ComponentDefinition_ESTest,154,0,False
25,BugSwarm,deadcode4j-131735009,0,2b20f474da794ab09e70b1a599b91f96,org.sbolstandard.core2.ComponentDefinition,org.sbolstandard.core2.ComponentDefinition_ESTest,172,0,False
26,BugSwarm,deadcode4j-131735009,0,39d7b661df9442c09b7faa741acf5076,org.sbolstandard.core2.ComponentDefinition,org.sbolstandard.core2.ComponentDefinition_ESTest,174,0,False
27,BugSwarm,deadcode4j-131735009,0,b587629b0a0a403387d2c414bf28a471,org.sbolstandard.core2.ComponentDefinition,org.sbolstandard.core2.ComponentDefinition_ESTest,160,0,False
28,BugSwarm,deadcode4j-131735009,0,5c4fcb5d7795422eaa34f82392757d16,org.sbolstandard.core2.ComponentDefinition,org.sbolstandard.core2.ComponentDefinition_ESTest,157,0,False
29,BugSwarm,deadcode4j-131735009,0,2cb5747bcfb349118c60dd6cef260d50,org.sbolstandard.core2.ComponentDefinition,org.sbolstandard.core2.ComponentDefinition_ESTest,148,0,False
30,BugSwarm,Sonar_Java-295864289,0,375056eb7d6a43c0a6ef15b5991ea22d,org.sonar.java.bytecode.se.BytecodeEGWalker,org.sonar.java.bytecode.se.BytecodeEGWalker_ESTest,187,0,False
31,BugSwarm,Sonar_Java-295864289,0,0800812da6d0492abbe73b9f0da32cc3,org.sonar.java.bytecode.se.BytecodeEGWalker,org.sonar.java.bytecode.se.BytecodeEGWalker_ESTest,170,0,False
32,BugSwarm,Sonar_Java-295864289,0,5df7c24c3fe94d80a34c8f8c0f62f91f,org.sonar.java.bytecode.se.BytecodeEGWalker,org.sonar.java.bytecode.se.BytecodeEGWalker_ESTest,178,0,False
33,BugSwarm,Sonar_Java-295864289,0,b0faf22782f044978412047b70d50de3,org.sonar.java.bytecode.se.BytecodeEGWalker,org.sonar.java.bytecode.se.BytecodeEGWalker_ESTest,213,0,False
34,BugSwarm,Sonar_Java-295864289,0,b225a4d235e243dab6f57103d3291514,org.sonar.java.bytecode.se.BytecodeEGWalker,org.sonar.java.bytecode.se.BytecodeEGWalker_ESTest,127,0,False
35,BugSwarm,Sonar_Java-295864289,0,15847231befd4c22a3807f79d127ef23,org.sonar.java.bytecode.se.BytecodeEGWalker,org.sonar.java.bytecode.se.BytecodeEGWalker_ESTest,116,0,False
36,BugSwarm,Sonar_Java-295864289,0,435fc2bece3b46fb96a722334e0e0a43,org.sonar.java.bytecode.se.BytecodeEGWalker,org.sonar.java.bytecode.se.BytecodeEGWalker_ESTest,214,0,False
37,BugSwarm,Sonar_Java-295864289,0,430963c724164edfad10ac58ce08a2eb,org.sonar.java.bytecode.se.BytecodeEGWalker,org.sonar.java.bytecode.se.BytecodeEGWalker_ESTest,203,0,False
38,BugSwarm,Sonar_Java-295864289,0,a9416291e1864b2eb9f9312bd16899f3,org.sonar.java.bytecode.se.BytecodeEGWalker,org.sonar.java.bytecode.se.BytecodeEGWalker_ESTest,211,0,False
39,BugSwarm,Sonar_Java-295864289,0,bb6dfbe3136b4bf3bbd08f21cfe0dbb6,org.sonar.java.bytecode.se.BytecodeEGWalker,org.sonar.java.bytecode.se.BytecodeEGWalker_ESTest,37,0,False
40,BugSwarm,Petergeneric__Stdlib-290369132,0,2ecb9d2a46b04043ba865808d43e16da,com.peterphi.std.guice.hibernate.webquery.impl.jpa.JPASearchExecutor,com.peterphi.std.guice.hibernate.webquery.impl.jpa.JPASearchExecutor_ESTest,3,0,True
41,BugSwarm,Petergeneric__Stdlib-290369132,0,c0eb30c465474b8380e5fc1ae43e317f,com.peterphi.std.guice.hibernate.webquery.impl.jpa.JPASearchExecutor,com.peterphi.std.guice.hibernate.webquery.impl.jpa.JPASearchExecutor_ESTest,3,0,True
42,BugSwarm,Petergeneric__Stdlib-290369132,0,059e2be943394741b2cb8537013b3156,com.peterphi.std.guice.hibernate.webquery.impl.jpa.JPASearchExecutor,com.peterphi.std.guice.hibernate.webquery.impl.jpa.JPASearchExecutor_ESTest,3,0,True
43,BugSwarm,Petergeneric__Stdlib-290369132,0,7bbdebb293764223a6ebe9e04e7dc3e8,com.peterphi.std.guice.hibernate.webquery.impl.jpa.JPASearchExecutor,com.peterphi.std.guice.hibernate.webquery.impl.jpa.JPASearchExecutor_ESTest,3,0,True
44,BugSwarm,Petergeneric__Stdlib-290369132,0,0ba212575939466fa5a200ea207739a7,com.peterphi.std.guice.hibernate.webquery.impl.jpa.JPASearchExecutor,com.peterphi.std.guice.hibernate.webquery.impl.jpa.JPASearchExecutor_ESTest,3,0,True
45,BugSwarm,Petergeneric__Stdlib-290369132,0,587a036bf6ec424eb836ca20ca3bc2cd,com.peterphi.std.guice.hibernate.webquery.impl.jpa.JPASearchExecutor,com.peterphi.std.guice.hibernate.webquery.impl.jpa.JPASearchExecutor_ESTest,3,0,True
46,BugSwarm,Petergeneric__Stdlib-290369132,0,b1cfb9543a6b48278f6d932cb1668b7d,com.peterphi.std.guice.hibernate.webquery.impl.jpa.JPASearchExecutor,com.peterphi.std.guice.hibernate.webquery.impl.jpa.JPASearchExecutor_ESTest,3,0,True
47,BugSwarm,Atomix-298262068,0,22f2a5288e564db0a5fb3ab5a2ad160c,io.atomix.primitives.leadership.impl.RaftLeaderElectorService,io.atomix.primitives.leadership.impl.RaftLeaderElectorService_ESTest,27,0,False
48,BugSwarm,Atomix-298262068,0,c6edbf59eff5476abcbe28f98c6795cd,io.atomix.primitives.leadership.impl.RaftLeaderElectorService,io.atomix.primitives.leadership.impl.RaftLeaderElectorService_ESTest,32,0,False
49,BugSwarm,Atomix-298262068,0,8daa1247b0dd4b499dda29e4e844818e,io.atomix.primitives.leadership.impl.RaftLeaderElectorService,io.atomix.primitives.leadership.impl.RaftLeaderElectorService_ESTest,30,0,False
50,BugSwarm,Atomix-298262068,0,ee8fd99c2a9e417fb7554d96b5771da1,io.atomix.primitives.leadership.impl.RaftLeaderElectorService,io.atomix.primitives.leadership.impl.RaftLeaderElectorService_ESTest,34,0,True
51,BugSwarm,Atomix-298262068,0,4afcd0f7a851470f943a7cf9d586a87c,io.atomix.primitives.leadership.impl.RaftLeaderElectorService,io.atomix.primitives.leadership.impl.RaftLeaderElectorService_ESTest,31,0,False
52,BugSwarm,Atomix-298262068,0,1112df556d6640d38760af60bf3b7f7b,io.atomix.primitives.leadership.impl.RaftLeaderElectorService,io.atomix.primitives.leadership.impl.RaftLeaderElectorService_ESTest,32,0,False
53,BugSwarm,Atomix-298262068,0,ab88d65c87fd4b47bf69330ee4a5e42c,io.atomix.primitives.leadership.impl.RaftLeaderElectorService,io.atomix.primitives.leadership.impl.RaftLeaderElectorService_ESTest,33,0,False
54,BugSwarm,Atomix-298262068,0,89505639381e4f1d8681b24784b27922,io.atomix.primitives.leadership.impl.RaftLeaderElectorService,io.atomix.primitives.leadership.impl.RaftLeaderElectorService_ESTest,25,0,False
55,BugSwarm,Atomix-298262068,0,934e4f8b289e47ca874f6d6c0e8f8714,io.atomix.primitives.leadership.impl.RaftLeaderElectorService,io.atomix.primitives.leadership.impl.RaftLeaderElectorService_ESTest,31,0,False
56,BugSwarm,Atomix-298262068,0,7bbdab3053344017ae0c7e6b5978096e,io.atomix.primitives.leadership.impl.RaftLeaderElectorService,io.atomix.primitives.leadership.impl.RaftLeaderElectorService_ESTest,33,0,False
57,BugSwarm,nFlow-197273853,0,9eaffbcca18b4e2fa977fa4ed061aace,io.nflow.engine.internal.dao.WorkflowInstanceDao,io.nflow.engine.internal.dao.WorkflowInstanceDao_ESTest,64,0,False
58,BugSwarm,nFlow-197273853,0,2ba9d388e5f8414e91dc14ac5244a023,io.nflow.engine.internal.dao.WorkflowInstanceDao,io.nflow.engine.internal.dao.WorkflowInstanceDao_ESTest,56,0,False
59,BugSwarm,nFlow-197273853,0,4558dd541a234c38afc562bbcd38b294,io.nflow.engine.internal.dao.WorkflowInstanceDao,io.nflow.engine.internal.dao.WorkflowInstanceDao_ESTest,57,0,False
60,BugSwarm,nFlow-197273853,0,da77e1f332ca4ecd86592f1354826d43,io.nflow.engine.internal.dao.WorkflowInstanceDao,io.nflow.engine.internal.dao.WorkflowInstanceDao_ESTest,58,0,False
61,BugSwarm,nFlow-197273853,0,3ca19feb8d424991afb09bc72a6a9f85,io.nflow.engine.internal.dao.WorkflowInstanceDao,io.nflow.engine.internal.dao.WorkflowInstanceDao_ESTest,59,0,False
62,BugSwarm,nFlow-197273853,0,f272fe5e1975497e8019db879faabdce,io.nflow.engine.internal.dao.WorkflowInstanceDao,io.nflow.engine.internal.dao.WorkflowInstanceDao_ESTest,57,0,False
63,BugSwarm,nFlow-197273853,0,b8d0d55bf31c422da31a5fb23ba3966a,io.nflow.engine.internal.dao.WorkflowInstanceDao,io.nflow.engine.internal.dao.WorkflowInstanceDao_ESTest,62,0,False
64,BugSwarm,nFlow-197273853,0,6474a1bcab57483c8e008ccd12632fc7,io.nflow.engine.internal.dao.WorkflowInstanceDao,io.nflow.engine.internal.dao.WorkflowInstanceDao_ESTest,57,0,False
65,BugSwarm,nFlow-197273853,0,35bcd418db9b4a3cbfe1808228f4f934,io.nflow.engine.internal.dao.WorkflowInstanceDao,io.nflow.engine.internal.dao.WorkflowInstanceDao_ESTest,62,0,False
66,BugSwarm,nFlow-197273853,0,71afe47b969d442393f8e46eb8f4f7c2,io.nflow.engine.internal.dao.WorkflowInstanceDao,io.nflow.engine.internal.dao.WorkflowInstanceDao_ESTest,59,0,False
67,BugSwarm,Jannovar-249719464,0,734eb4ab5bb441588f44dcd099bcd681,de.charite.compbio.jannovar.cmd.annotate_vcf.JannovarAnnotateVCFOptions,de.charite.compbio.jannovar.cmd.annotate_vcf.JannovarAnnotateVCFOptions_ESTest,133,0,False
68,BugSwarm,Jannovar-249719464,0,de6f8aae356644bfb42dbe60496ec21c,de.charite.compbio.jannovar.cmd.annotate_vcf.JannovarAnnotateVCFOptions,de.charite.compbio.jannovar.cmd.annotate_vcf.JannovarAnnotateVCFOptions_ESTest,131,0,False
69,BugSwarm,Jannovar-249719464,0,2336cd2eaf434431a4418b512297e193,de.charite.compbio.jannovar.cmd.annotate_vcf.JannovarAnnotateVCFOptions,de.charite.compbio.jannovar.cmd.annotate_vcf.JannovarAnnotateVCFOptions_ESTest,130,0,False
70,BugSwarm,Jannovar-249719464,0,5116f13ad2dc4db59765a6ef52ecd846,de.charite.compbio.jannovar.cmd.annotate_vcf.JannovarAnnotateVCFOptions,de.charite.compbio.jannovar.cmd.annotate_vcf.JannovarAnnotateVCFOptions_ESTest,131,0,False
71,BugSwarm,Jannovar-249719464,0,3678e671e0fc47c7865363f629804f5f,de.charite.compbio.jannovar.cmd.annotate_vcf.JannovarAnnotateVCFOptions,de.charite.compbio.jannovar.cmd.annotate_vcf.JannovarAnnotateVCFOptions_ESTest,135,0,False
72,BugSwarm,Jannovar-249719464,0,028fa83677f344eb8138126dd7968c43,de.charite.compbio.jannovar.cmd.annotate_vcf.JannovarAnnotateVCFOptions,de.charite.compbio.jannovar.cmd.annotate_vcf.JannovarAnnotateVCFOptions_ESTest,133,0,False
73,BugSwarm,Jannovar-249719464,0,67729e36b62045a2a1ddbf44eaa8cfbc,de.charite.compbio.jannovar.cmd.annotate_vcf.JannovarAnnotateVCFOptions,de.charite.compbio.jannovar.cmd.annotate_vcf.JannovarAnnotateVCFOptions_ESTest,130,0,False
74,BugSwarm,Jannovar-249719464,0,190e7ab710cf48889d346201bc0b2f1f,de.charite.compbio.jannovar.cmd.annotate_vcf.JannovarAnnotateVCFOptions,de.charite.compbio.jannovar.cmd.annotate_vcf.JannovarAnnotateVCFOptions_ESTest,131,0,False
75,BugSwarm,Jannovar-249719464,0,b06fa90a32254f32a587512d924ef693,de.charite.compbio.jannovar.cmd.annotate_vcf.JannovarAnnotateVCFOptions,de.charite.compbio.jannovar.cmd.annotate_vcf.JannovarAnnotateVCFOptions_ESTest,130,0,False
76,BugSwarm,Jannovar-249719464,0,560d6294f3724ceb870265618d056166,de.charite.compbio.jannovar.cmd.annotate_vcf.JannovarAnnotateVCFOptions,de.charite.compbio.jannovar.cmd.annotate_vcf.JannovarAnnotateVCFOptions_ESTest,130,0,False
77,BugSwarm,ACS_AEM_Commons-461893214,0,e35410902b8f494d87ce83bfef93bc2d,com.adobe.acs.commons.mcp.impl.processes.asset.FileAssetIngestor,com.adobe.acs.commons.mcp.impl.processes.asset.FileAssetIngestor_ESTest,49,0,False
78,BugSwarm,ACS_AEM_Commons-461893214,0,58e8ec586e4540bcb6c54db373bc9663,com.adobe.acs.commons.mcp.impl.processes.asset.FileAssetIngestor,com.adobe.acs.commons.mcp.impl.processes.asset.FileAssetIngestor_ESTest,51,0,False
79,BugSwarm,ACS_AEM_Commons-461893214,0,02c4bc51db96477eb80caedf4a0d6350,com.adobe.acs.commons.mcp.impl.processes.asset.FileAssetIngestor,com.adobe.acs.commons.mcp.impl.processes.asset.FileAssetIngestor_ESTest,54,0,False
80,BugSwarm,ACS_AEM_Commons-461893214,0,3eda5cfc0d2e4b6c8fd7189d0eac70da,com.adobe.acs.commons.mcp.impl.processes.asset.FileAssetIngestor,com.adobe.acs.commons.mcp.impl.processes.asset.FileAssetIngestor_ESTest,50,0,False
81,BugSwarm,ACS_AEM_Commons-461893214,0,84b0309e9d0743bf91770bb0c71b3d98,com.adobe.acs.commons.mcp.impl.processes.asset.FileAssetIngestor,com.adobe.acs.commons.mcp.impl.processes.asset.FileAssetIngestor_ESTest,51,0,False
82,BugSwarm,ACS_AEM_Commons-461893214,0,1a78a7c77564461cafe8ec895dea5b93,com.adobe.acs.commons.mcp.impl.processes.asset.FileAssetIngestor,com.adobe.acs.commons.mcp.impl.processes.asset.FileAssetIngestor_ESTest,50,0,False
83,BugSwarm,ACS_AEM_Commons-461893214,0,90051a806cde4110a9afa1408cab8ae3,com.adobe.acs.commons.mcp.impl.processes.asset.FileAssetIngestor,com.adobe.acs.commons.mcp.impl.processes.asset.FileAssetIngestor_ESTest,50,0,False
84,BugSwarm,ACS_AEM_Commons-461893214,0,3c3a551ea0d2434ba05bdf8c10007847,com.adobe.acs.commons.mcp.impl.processes.asset.FileAssetIngestor,com.adobe.acs.commons.mcp.impl.processes.asset.FileAssetIngestor_ESTest,47,0,False
85,BugSwarm,ACS_AEM_Commons-461893214,0,3eba16e3a27c4f0cbd9ba663d891a688,com.adobe.acs.commons.mcp.impl.processes.asset.FileAssetIngestor,com.adobe.acs.commons.mcp.impl.processes.asset.FileAssetIngestor_ESTest,53,0,False
86,BugSwarm,ACS_AEM_Commons-461893214,0,20a85b878e6b4abab1a7aa600b46e2bf,com.adobe.acs.commons.mcp.impl.processes.asset.FileAssetIngestor,com.adobe.acs.commons.mcp.impl.processes.asset.FileAssetIngestor_ESTest,51,0,False
87,BugSwarm,ACS_AEM_Commons-461893214,1,e35410902b8f494d87ce83bfef93bc2d,com.adobe.acs.commons.mcp.impl.processes.asset.FileAssetIngestor,com.adobe.acs.commons.mcp.impl.processes.asset.FileAssetIngestor_ESTest,49,0,False
88,BugSwarm,ACS_AEM_Commons-461893214,1,58e8ec586e4540bcb6c54db373bc9663,com.adobe.acs.commons.mcp.impl.processes.asset.FileAssetIngestor,com.adobe.acs.commons.mcp.impl.processes.asset.FileAssetIngestor_ESTest,51,0,False
89,BugSwarm,ACS_AEM_Commons-461893214,1,02c4bc51db96477eb80caedf4a0d6350,com.adobe.acs.commons.mcp.impl.processes.asset.FileAssetIngestor,com.adobe.acs.commons.mcp.impl.processes.asset.FileAssetIngestor_ESTest,54,0,False
90,BugSwarm,ACS_AEM_Commons-461893214,1,3eda5cfc0d2e4b6c8fd7189d0eac70da,com.adobe.acs.commons.mcp.impl.processes.asset.FileAssetIngestor,com.adobe.acs.commons.mcp.impl.processes.asset.FileAssetIngestor_ESTest,50,0,False
91,BugSwarm,ACS_AEM_Commons-461893214,1,84b0309e9d0743bf91770bb0c71b3d98,com.adobe.acs.commons.mcp.impl.processes.asset.FileAssetIngestor,com.adobe.acs.commons.mcp.impl.processes.asset.FileAssetIngestor_ESTest,51,0,False
92,BugSwarm,ACS_AEM_Commons-461893214,1,1a78a7c77564461cafe8ec895dea5b93,com.adobe.acs.commons.mcp.impl.processes.asset.FileAssetIngestor,com.adobe.acs.commons.mcp.impl.processes.asset.FileAssetIngestor_ESTest,50,0,False
93,BugSwarm,ACS_AEM_Commons-461893214,1,90051a806cde4110a9afa1408cab8ae3,com.adobe.acs.commons.mcp.impl.processes.asset.FileAssetIngestor,com.adobe.acs.commons.mcp.impl.processes.asset.FileAssetIngestor_ESTest,50,0,False
94,BugSwarm,ACS_AEM_Commons-461893214,1,3c3a551ea0d2434ba05bdf8c10007847,com.adobe.acs.commons.mcp.impl.processes.asset.FileAssetIngestor,com.adobe.acs.commons.mcp.impl.processes.asset.FileAssetIngestor_ESTest,47,0,False
95,BugSwarm,ACS_AEM_Commons-461893214,1,3eba16e3a27c4f0cbd9ba663d891a688,com.adobe.acs.commons.mcp.impl.processes.asset.FileAssetIngestor,com.adobe.acs.commons.mcp.impl.processes.asset.FileAssetIngestor_ESTest,53,0,False
96,BugSwarm,ACS_AEM_Commons-461893214,1,20a85b878e6b4abab1a7aa600b46e2bf,com.adobe.acs.commons.mcp.impl.processes.asset.FileAssetIngestor,com.adobe.acs.commons.mcp.impl.processes.asset.FileAssetIngestor_ESTest,51,0,False
97,BugSwarm,Byte_Buddy-95795967,0,a80448f9ff3c42a59a052462196bf401,net.bytebuddy.dynamic.ClassFileLocator,net.bytebuddy.dynamic.ClassFileLocator_ESTest,80,0,True
98,BugSwarm,Byte_Buddy-95795967,0,03e80a92c03e404ea86a911760bf54a8,net.bytebuddy.dynamic.ClassFileLocator,net.bytebuddy.dynamic.ClassFileLocator_ESTest,68,0,True
99,BugSwarm,Byte_Buddy-95795967,0,25d530b8eb2545c4baa4ca3955b5e3a6,net.bytebuddy.dynamic.ClassFileLocator,net.bytebuddy.dynamic.ClassFileLocator_ESTest,78,0,True
100,BugSwarm,Byte_Buddy-95795967,0,d90e9a7cfcca4d1d86eacd179e7d298e,net.bytebuddy.dynamic.ClassFileLocator,net.bytebuddy.dynamic.ClassFileLocator_ESTest,74,0,True
101,BugSwarm,Byte_Buddy-95795967,0,15070c3806ca49989797a3b1e19ba8fd,net.bytebuddy.dynamic.ClassFileLocator,net.bytebuddy.dynamic.ClassFileLocator_ESTest,71,0,True
102,BugSwarm,Byte_Buddy-95795967,0,7dcd0eb0507d4fc1be02f6e47c48a30e,net.bytebuddy.dynamic.ClassFileLocator,net.bytebuddy.dynamic.ClassFileLocator_ESTest,74,0,True
103,BugSwarm,Byte_Buddy-95795967,0,8535cb18ebe74ba3bd51fa168520641d,net.bytebuddy.dynamic.ClassFileLocator,net.bytebuddy.dynamic.ClassFileLocator_ESTest,75,0,True
104,BugSwarm,Byte_Buddy-95795967,0,399a9355ff864e318b5edfb50b0d3a40,net.bytebuddy.dynamic.ClassFileLocator,net.bytebuddy.dynamic.ClassFileLocator_ESTest,74,0,True
105,BugSwarm,Byte_Buddy-95795967,0,f703d7c2a884454c9e50c11cec83128d,net.bytebuddy.dynamic.ClassFileLocator,net.bytebuddy.dynamic.ClassFileLocator_ESTest,79,0,True
106,BugSwarm,Byte_Buddy-95795967,0,9d16e64fb5c746e5b416a0cbbf0262bc,net.bytebuddy.dynamic.ClassFileLocator,net.bytebuddy.dynamic.ClassFileLocator_ESTest,75,0,True
107,BugSwarm,Byte_Buddy-140517155,0,a055ce846de04b5e8c797cde969dda07,net.bytebuddy.dynamic.ClassFileLocator,net.bytebuddy.dynamic.ClassFileLocator_ESTest,88,0,True
108,BugSwarm,Byte_Buddy-140517155,0,e8bb1bc029eb45a787e406a68faef318,net.bytebuddy.dynamic.ClassFileLocator,net.bytebuddy.dynamic.ClassFileLocator_ESTest,89,0,True
109,BugSwarm,Byte_Buddy-140517155,0,91e29121e8a74039a07be50487b55aec,net.bytebuddy.dynamic.ClassFileLocator,net.bytebuddy.dynamic.ClassFileLocator_ESTest,92,0,True
110,BugSwarm,Byte_Buddy-140517155,0,84750e03efad46de907dc773f2997f74,net.bytebuddy.dynamic.ClassFileLocator,net.bytebuddy.dynamic.ClassFileLocator_ESTest,83,0,True
111,BugSwarm,Byte_Buddy-140517155,0,a507468f604745f8b32d8f4378c119a9,net.bytebuddy.dynamic.ClassFileLocator,net.bytebuddy.dynamic.ClassFileLocator_ESTest,90,0,True
112,BugSwarm,Byte_Buddy-140517155,0,b74910a016bd4a228ad05be68ccbd6c4,net.bytebuddy.dynamic.ClassFileLocator,net.bytebuddy.dynamic.ClassFileLocator_ESTest,84,0,True
113,BugSwarm,Byte_Buddy-140517155,0,ca6c3b070128467ca791342d0bc9625f,net.bytebuddy.dynamic.ClassFileLocator,net.bytebuddy.dynamic.ClassFileLocator_ESTest,83,0,True
114,BugSwarm,Byte_Buddy-140517155,0,c67ddc6f723147069b914b4dbfd313c3,net.bytebuddy.dynamic.ClassFileLocator,net.bytebuddy.dynamic.ClassFileLocator_ESTest,86,0,True
115,BugSwarm,Byte_Buddy-140517155,0,95c1d0be95524034914c235cbde304c5,net.bytebuddy.dynamic.ClassFileLocator,net.bytebuddy.dynamic.ClassFileLocator_ESTest,83,0,True
116,BugSwarm,Byte_Buddy-140517155,0,c8ff00f914b4437abcef246972208770,net.bytebuddy.dynamic.ClassFileLocator,net.bytebuddy.dynamic.ClassFileLocator_ESTest,86,0,True
117,BugSwarm,OkHttp-93618854,0,0e8489a6c86f428fb3ba85a5b84e6234,com.squareup.okhttp.internal.http.StreamAllocation,com.squareup.okhttp.internal.http.StreamAllocation_ESTest,42,0,True
118,BugSwarm,OkHttp-93618854,0,062a038b742641009b4c7fdebcb5d1f6,com.squareup.okhttp.internal.http.StreamAllocation,com.squareup.okhttp.internal.http.StreamAllocation_ESTest,49,0,True
119,BugSwarm,OkHttp-93618854,0,df30c05a8ea4400780a64db6f1a3abf5,com.squareup.okhttp.internal.http.StreamAllocation,com.squareup.okhttp.internal.http.StreamAllocation_ESTest,48,0,True
120,BugSwarm,OkHttp-93618854,0,d8ed9a461cda449db5c563f1610d0c0c,com.squareup.okhttp.internal.http.StreamAllocation,com.squareup.okhttp.internal.http.StreamAllocation_ESTest,49,0,True
121,BugSwarm,OkHttp-93618854,0,a7153852f30f4687a0fef6dfd0c296f2,com.squareup.okhttp.internal.http.StreamAllocation,com.squareup.okhttp.internal.http.StreamAllocation_ESTest,46,0,True
122,BugSwarm,OkHttp-93618854,0,822f42d761184db895513e9dd67e768b,com.squareup.okhttp.internal.http.StreamAllocation,com.squareup.okhttp.internal.http.StreamAllocation_ESTest,46,0,True
123,BugSwarm,OkHttp-93618854,0,75af34c44c0b4fdb95c9d01fe14899b4,com.squareup.okhttp.internal.http.StreamAllocation,com.squareup.okhttp.internal.http.StreamAllocation_ESTest,46,0,True
124,BugSwarm,OkHttp-93618854,0,57b9684467184bdd91d71d695cbaab81,com.squareup.okhttp.internal.http.StreamAllocation,com.squareup.okhttp.internal.http.StreamAllocation_ESTest,47,0,True
125,BugSwarm,OkHttp-93618854,0,eb8e1f1988314e5f90c4516792a93c85,com.squareup.okhttp.internal.http.StreamAllocation,com.squareup.okhttp.internal.http.StreamAllocation_ESTest,46,0,True
126,BugSwarm,OkHttp-93618854,0,9be38905221f46e3b2a94eaca96edaf9,com.squareup.okhttp.internal.http.StreamAllocation,com.squareup.okhttp.internal.http.StreamAllocation_ESTest,47,0,True
127,BugSwarm,OkHttp-93618854,1,0e8489a6c86f428fb3ba85a5b84e6234,com.squareup.okhttp.internal.http.StreamAllocation,com.squareup.okhttp.internal.http.StreamAllocation_ESTest,42,0,True
128,BugSwarm,OkHttp-93618854,1,062a038b742641009b4c7fdebcb5d1f6,com.squareup.okhttp.internal.http.StreamAllocation,com.squareup.okhttp.internal.http.StreamAllocation_ESTest,49,0,True
129,BugSwarm,OkHttp-93618854,1,df30c05a8ea4400780a64db6f1a3abf5,com.squareup.okhttp.internal.http.StreamAllocation,com.squareup.okhttp.internal.http.StreamAllocation_ESTest,48,0,True
130,BugSwarm,OkHttp-93618854,1,d8ed9a461cda449db5c563f1610d0c0c,com.squareup.okhttp.internal.http.StreamAllocation,com.squareup.okhttp.internal.http.StreamAllocation_ESTest,49,0,True
131,BugSwarm,OkHttp-93618854,1,a7153852f30f4687a0fef6dfd0c296f2,com.squareup.okhttp.internal.http.StreamAllocation,com.squareup.okhttp.internal.http.StreamAllocation_ESTest,46,0,True
132,BugSwarm,OkHttp-93618854,1,822f42d761184db895513e9dd67e768b,com.squareup.okhttp.internal.http.StreamAllocation,com.squareup.okhttp.internal.http.StreamAllocation_ESTest,46,0,True
133,BugSwarm,OkHttp-93618854,1,75af34c44c0b4fdb95c9d01fe14899b4,com.squareup.okhttp.internal.http.StreamAllocation,com.squareup.okhttp.internal.http.StreamAllocation_ESTest,46,0,True
134,BugSwarm,OkHttp-93618854,1,57b9684467184bdd91d71d695cbaab81,com.squareup.okhttp.internal.http.StreamAllocation,com.squareup.okhttp.internal.http.StreamAllocation_ESTest,47,0,True
135,BugSwarm,OkHttp-93618854,1,eb8e1f1988314e5f90c4516792a93c85,com.squareup.okhttp.internal.http.StreamAllocation,com.squareup.okhttp.internal.http.StreamAllocation_ESTest,46,0,True
136,BugSwarm,OkHttp-93618854,1,9be38905221f46e3b2a94eaca96edaf9,com.squareup.okhttp.internal.http.StreamAllocation,com.squareup.okhttp.internal.http.StreamAllocation_ESTest,47,0,True
137,BugSwarm,Artemis__odb-71816517,0,b167de396b8445a9a3ee0e77a133e5d9,com.artemis.EntityEditPool,com.artemis.EntityEditPool_ESTest,19,0,True
138,BugSwarm,Artemis__odb-71816517,0,a0b73791d6aa44d99c715a01ef33010f,com.artemis.EntityEditPool,com.artemis.EntityEditPool_ESTest,20,0,True
139,BugSwarm,Artemis__odb-71816517,0,e454a29993c24866b48308e477a69ae8,com.artemis.EntityEditPool,com.artemis.EntityEditPool_ESTest,20,0,True
140,BugSwarm,Artemis__odb-71816517,0,189bcb9d9fb140deb20a911d798cc001,com.artemis.EntityEditPool,com.artemis.EntityEditPool_ESTest,20,0,True
141,BugSwarm,Artemis__odb-71816517,0,4f467ea8b99f4c89ae8129752cfe0596,com.artemis.EntityEditPool,com.artemis.EntityEditPool_ESTest,19,0,True
142,BugSwarm,Artemis__odb-71816517,0,d9c9732d956642c6bc89ebd02d54dc4e,com.artemis.EntityEditPool,com.artemis.EntityEditPool_ESTest,19,0,True
143,BugSwarm,Artemis__odb-71816517,0,25c4d2ee95ed46cab93b1342aa6a03d6,com.artemis.EntityEditPool,com.artemis.EntityEditPool_ESTest,19,0,True
144,BugSwarm,Artemis__odb-71816517,0,6132d38f8d384108976f17b9a4f41e78,com.artemis.EntityEditPool,com.artemis.EntityEditPool_ESTest,19,0,True
145,BugSwarm,Artemis__odb-71816517,0,a0c235c97c6b424d8e5283df3e3dfbbe,com.artemis.EntityEditPool,com.artemis.EntityEditPool_ESTest,19,0,True
146,BugSwarm,Artemis__odb-71816517,0,4fb1559b22924bde8e7a99918a6ca4ce,com.artemis.EntityEditPool,com.artemis.EntityEditPool_ESTest,19,0,True
147,BugSwarm,ACS_AEM_Commons-374231969,0,2461aea40eba4852a6acf6dc994204ff,com.adobe.acs.commons.mcp.impl.processes.asset.UrlAssetImport,com.adobe.acs.commons.mcp.impl.processes.asset.UrlAssetImport_ESTest,23,0,False
148,BugSwarm,ACS_AEM_Commons-374231969,0,4481c21bfc57434e925ebfaec75aa24d,com.adobe.acs.commons.mcp.impl.processes.asset.UrlAssetImport,com.adobe.acs.commons.mcp.impl.processes.asset.UrlAssetImport_ESTest,21,0,False
149,BugSwarm,ACS_AEM_Commons-374231969,0,451410be36d2455185f05411830cca3e,com.adobe.acs.commons.mcp.impl.processes.asset.UrlAssetImport,com.adobe.acs.commons.mcp.impl.processes.asset.UrlAssetImport_ESTest,24,0,False
150,BugSwarm,ACS_AEM_Commons-374231969,0,be7999d1fb4f47118262f8f62865cc8f,com.adobe.acs.commons.mcp.impl.processes.asset.UrlAssetImport,com.adobe.acs.commons.mcp.impl.processes.asset.UrlAssetImport_ESTest,24,0,False
151,BugSwarm,ACS_AEM_Commons-374231969,0,7582be1730574622bafb82e47e2a23fa,com.adobe.acs.commons.mcp.impl.processes.asset.UrlAssetImport,com.adobe.acs.commons.mcp.impl.processes.asset.UrlAssetImport_ESTest,23,0,False
152,BugSwarm,ACS_AEM_Commons-374231969,0,52a1e720de234213935d991f301a08b9,com.adobe.acs.commons.mcp.impl.processes.asset.UrlAssetImport,com.adobe.acs.commons.mcp.impl.processes.asset.UrlAssetImport_ESTest,26,0,False
153,BugSwarm,ACS_AEM_Commons-374231969,0,d997ce3feac14dfb990a981692d2be20,com.adobe.acs.commons.mcp.impl.processes.asset.UrlAssetImport,com.adobe.acs.commons.mcp.impl.processes.asset.UrlAssetImport_ESTest,24,0,False
154,BugSwarm,ACS_AEM_Commons-374231969,0,760d3817d74240359458e346628e0198,com.adobe.acs.commons.mcp.impl.processes.asset.UrlAssetImport,com.adobe.acs.commons.mcp.impl.processes.asset.UrlAssetImport_ESTest,26,0,False
155,BugSwarm,ACS_AEM_Commons-374231969,0,b2e33c3157da4157be2a6dd964a8bd7b,com.adobe.acs.commons.mcp.impl.processes.asset.UrlAssetImport,com.adobe.acs.commons.mcp.impl.processes.asset.UrlAssetImport_ESTest,26,0,False
156,BugSwarm,ACS_AEM_Commons-374231969,0,243387e728944cecbf463cc5f8184ac5,com.adobe.acs.commons.mcp.impl.processes.asset.UrlAssetImport,com.adobe.acs.commons.mcp.impl.processes.asset.UrlAssetImport_ESTest,24,0,False
157,BugSwarm,BungeeCord-130330788,0,59bb8b31046446a5862469231f2e9002,net.md_5.bungee.ConnectionThrottle,net.md_5.bungee.ConnectionThrottle_ESTest,3,0,True
158,BugSwarm,BungeeCord-130330788,0,a045bf783be844b49d169412c2af8cc8,net.md_5.bungee.ConnectionThrottle,net.md_5.bungee.ConnectionThrottle_ESTest,3,0,True
159,BugSwarm,BungeeCord-130330788,0,8c2cb5683e944de181534ef5e718913e,net.md_5.bungee.ConnectionThrottle,net.md_5.bungee.ConnectionThrottle_ESTest,3,0,True
160,BugSwarm,BungeeCord-130330788,0,c181c2fcd3bc456ead7dd080e168eaf0,net.md_5.bungee.ConnectionThrottle,net.md_5.bungee.ConnectionThrottle_ESTest,3,0,True
161,BugSwarm,BungeeCord-130330788,0,2dc88afa8dc64a02ac3075e0d0d7127c,net.md_5.bungee.ConnectionThrottle,net.md_5.bungee.ConnectionThrottle_ESTest,3,0,True
162,BugSwarm,BungeeCord-130330788,0,defbb34d5542472e843bf3302323c6e7,net.md_5.bungee.ConnectionThrottle,net.md_5.bungee.ConnectionThrottle_ESTest,3,0,True
163,BugSwarm,BungeeCord-130330788,0,bae98481fa634b3297c7f996eb6eb7d2,net.md_5.bungee.ConnectionThrottle,net.md_5.bungee.ConnectionThrottle_ESTest,3,0,True
164,BugSwarm,BungeeCord-130330788,0,e3c2ae526020478e98f76d03d0f500c9,net.md_5.bungee.ConnectionThrottle,net.md_5.bungee.ConnectionThrottle_ESTest,3,0,True
165,BugSwarm,BungeeCord-130330788,0,8e43269269004f209fba41832e8efa39,net.md_5.bungee.ConnectionThrottle,net.md_5.bungee.ConnectionThrottle_ESTest,3,0,True
166,BugSwarm,BungeeCord-130330788,0,cab8cba99d464c898a158361eefe09a5,net.md_5.bungee.ConnectionThrottle,net.md_5.bungee.ConnectionThrottle_ESTest,3,0,True
167,BugSwarm,Yamcs-186324159,0,3b2c3c8fe3564bd6884cdc95ef6db9cc,org.yamcs.xtce.SpreadsheetLoader,org.yamcs.xtce.SpreadsheetLoader_ESTest,126,0,True
168,BugSwarm,Yamcs-186324159,0,65252be0af964fc1a64414e16c46e49a,org.yamcs.xtce.SpreadsheetLoader,org.yamcs.xtce.SpreadsheetLoader_ESTest,69,0,True
169,BugSwarm,Yamcs-186324159,0,bbb93cd12738437a842578c2ddaf9f98,org.yamcs.xtce.SpreadsheetLoader,org.yamcs.xtce.SpreadsheetLoader_ESTest,152,0,True
170,BugSwarm,Yamcs-186324159,0,192ec7acf0934a4d9633d36311d108b6,org.yamcs.xtce.SpreadsheetLoader,org.yamcs.xtce.SpreadsheetLoader_ESTest,68,0,True
171,BugSwarm,Yamcs-186324159,0,b8a40c64dc5548ce858be46cdf6b795b,org.yamcs.xtce.SpreadsheetLoader,org.yamcs.xtce.SpreadsheetLoader_ESTest,68,0,True
172,BugSwarm,Yamcs-186324159,0,3c29ab095d084bda810407ee7a3e8627,org.yamcs.xtce.SpreadsheetLoader,org.yamcs.xtce.SpreadsheetLoader_ESTest,69,0,True
173,BugSwarm,REST_Countries-207869551,0,44d57f4317ce43c59e8e1b117fb723bb,fayder.restcountries.rest.CountryServiceHelper,fayder.restcountries.rest.CountryServiceHelper_ESTest,35,0,True
174,BugSwarm,REST_Countries-207869551,0,c5e11fc1a699425b926ac7560cf11e02,fayder.restcountries.rest.CountryServiceHelper,fayder.restcountries.rest.CountryServiceHelper_ESTest,33,0,False
175,BugSwarm,REST_Countries-207869551,0,fc860c31f1764192a5dcb3a96f038e21,fayder.restcountries.rest.CountryServiceHelper,fayder.restcountries.rest.CountryServiceHelper_ESTest,38,0,True
176,BugSwarm,REST_Countries-207869551,0,966c8c3bc0d54b68b5a0d446eea4a528,fayder.restcountries.rest.CountryServiceHelper,fayder.restcountries.rest.CountryServiceHelper_ESTest,36,0,True
177,BugSwarm,REST_Countries-207869551,0,c3fc446ca8454859b6e3f41fd8a38dce,fayder.restcountries.rest.CountryServiceHelper,fayder.restcountries.rest.CountryServiceHelper_ESTest,36,0,True
178,BugSwarm,REST_Countries-207869551,0,e94d9667999f42c793e741460ee52275,fayder.restcountries.rest.CountryServiceHelper,fayder.restcountries.rest.CountryServiceHelper_ESTest,35,0,True
179,BugSwarm,REST_Countries-207869551,0,620ce4052eb2423c981a303fc6e8307f,fayder.restcountries.rest.CountryServiceHelper,fayder.restcountries.rest.CountryServiceHelper_ESTest,33,0,False
180,BugSwarm,REST_Countries-207869551,0,0e7ff8865a1241e1a41e9958f219944d,fayder.restcountries.rest.CountryServiceHelper,fayder.restcountries.rest.CountryServiceHelper_ESTest,35,0,True
181,BugSwarm,REST_Countries-207869551,0,67841f9aac714b67bb58e91b6fcefd18,fayder.restcountries.rest.CountryServiceHelper,fayder.restcountries.rest.CountryServiceHelper_ESTest,32,0,False
182,BugSwarm,REST_Countries-207869551,0,91e03fdbc7ce4a9f95db48a7ea099ac3,fayder.restcountries.rest.CountryServiceHelper,fayder.restcountries.rest.CountryServiceHelper_ESTest,35,0,False
183,BugSwarm,Dubbo-416671625,0,4a1dddf4d43c4da19b2a518c5dc82991,org.apache.dubbo.rpc.protocol.hessian.HttpClientConnectionFactory,org.apache.dubbo.rpc.protocol.hessian.HttpClientConnectionFactory_ESTest,2,0,True
184,BugSwarm,Dubbo-416671625,0,a5839c83759346dbb233f6c83482f51c,org.apache.dubbo.rpc.protocol.hessian.HttpClientConnectionFactory,org.apache.dubbo.rpc.protocol.hessian.HttpClientConnectionFactory_ESTest,2,0,False
185,BugSwarm,Dubbo-416671625,0,775370557d024e2baaf78418dcd4c357,org.apache.dubbo.rpc.protocol.hessian.HttpClientConnectionFactory,org.apache.dubbo.rpc.protocol.hessian.HttpClientConnectionFactory_ESTest,3,0,True
186,BugSwarm,Dubbo-416671625,0,ebb11a1087fb47e9992d322caa65a218,org.apache.dubbo.rpc.protocol.hessian.HttpClientConnectionFactory,org.apache.dubbo.rpc.protocol.hessian.HttpClientConnectionFactory_ESTest,3,0,True
187,BugSwarm,Dubbo-416671625,0,64ad0ecb467e4e3da03a20aa0c027a90,org.apache.dubbo.rpc.protocol.hessian.HttpClientConnectionFactory,org.apache.dubbo.rpc.protocol.hessian.HttpClientConnectionFactory_ESTest,2,0,True
188,BugSwarm,Dubbo-416671625,0,e35a9ae3b6b84356a7be0b12f4d72469,org.apache.dubbo.rpc.protocol.hessian.HttpClientConnectionFactory,org.apache.dubbo.rpc.protocol.hessian.HttpClientConnectionFactory_ESTest,3,0,True
189,BugSwarm,Dubbo-416671625,0,a3612a9832a94501b7ac1d077b35e3e2,org.apache.dubbo.rpc.protocol.hessian.HttpClientConnectionFactory,org.apache.dubbo.rpc.protocol.hessian.HttpClientConnectionFactory_ESTest,3,0,True
190,BugSwarm,Dubbo-416671625,0,737d426cfc6d4225bcb043a5b5a08e4d,org.apache.dubbo.rpc.protocol.hessian.HttpClientConnectionFactory,org.apache.dubbo.rpc.protocol.hessian.HttpClientConnectionFactory_ESTest,2,0,True
191,BugSwarm,Dubbo-416671625,0,043cdf8e11c64036ac6f4c5c570322be,org.apache.dubbo.rpc.protocol.hessian.HttpClientConnectionFactory,org.apache.dubbo.rpc.protocol.hessian.HttpClientConnectionFactory_ESTest,3,0,True
192,BugSwarm,Dubbo-416671625,0,b2bf5f7d82724087b9fdeed40cb97e32,org.apache.dubbo.rpc.protocol.hessian.HttpClientConnectionFactory,org.apache.dubbo.rpc.protocol.hessian.HttpClientConnectionFactory_ESTest,2,0,True
193,BugSwarm,Universal_G__Code_Sender-676666184,0,58cd094b441f460498951a9682299f4d,com.willwinder.universalgcodesender.utils.GcodeStreamReader,com.willwinder.universalgcodesender.utils.GcodeStreamReader_ESTest,6,0,True
194,BugSwarm,Universal_G__Code_Sender-676666184,0,e9642577a8004f7b9529ef249ee9051b,com.willwinder.universalgcodesender.utils.GcodeStreamReader,com.willwinder.universalgcodesender.utils.GcodeStreamReader_ESTest,6,0,True
195,BugSwarm,Universal_G__Code_Sender-676666184,0,1be9e0ff27854d97964763f0fa6b1018,com.willwinder.universalgcodesender.utils.GcodeStreamReader,com.willwinder.universalgcodesender.utils.GcodeStreamReader_ESTest,7,0,False
196,BugSwarm,Universal_G__Code_Sender-676666184,0,66567f8a1e3f4c50a62cec64f7821820,com.willwinder.universalgcodesender.utils.GcodeStreamReader,com.willwinder.universalgcodesender.utils.GcodeStreamReader_ESTest,7,0,True
197,BugSwarm,Universal_G__Code_Sender-676666184,0,791068c1b54f4e60893018fb7fe16f73,com.willwinder.universalgcodesender.utils.GcodeStreamReader,com.willwinder.universalgcodesender.utils.GcodeStreamReader_ESTest,7,0,True
198,BugSwarm,Universal_G__Code_Sender-676666184,0,1de763c4812348369af537a8988c73ab,com.willwinder.universalgcodesender.utils.GcodeStreamReader,com.willwinder.universalgcodesender.utils.GcodeStreamReader_ESTest,8,0,True
199,BugSwarm,Universal_G__Code_Sender-676666184,0,00731d3edb8d4e409014d5d77a38d214,com.willwinder.universalgcodesender.utils.GcodeStreamReader,com.willwinder.universalgcodesender.utils.GcodeStreamReader_ESTest,7,0,True
200,BugSwarm,Universal_G__Code_Sender-676666184,0,222ab47ee68d4fd0b431dd95e16b54a5,com.willwinder.universalgcodesender.utils.GcodeStreamReader,com.willwinder.universalgcodesender.utils.GcodeStreamReader_ESTest,6,0,True
201,BugSwarm,Universal_G__Code_Sender-676666184,0,890708b7fff84657b6f1c546a1040638,com.willwinder.universalgcodesender.utils.GcodeStreamReader,com.willwinder.universalgcodesender.utils.GcodeStreamReader_ESTest,7,0,True
202,BugSwarm,Universal_G__Code_Sender-676666184,0,3b2893f585c14b9f9b9d6b36359bb1da,com.willwinder.universalgcodesender.utils.GcodeStreamReader,com.willwinder.universalgcodesender.utils.GcodeStreamReader_ESTest,6,0,True
203,BugSwarm,GraphHopper-210124629,0,d6009ed1a1784a21a852681ea4e7f078,com.graphhopper.routing.util.DataFlagEncoder,com.graphhopper.routing.util.DataFlagEncoder_ESTest,181,0,False
204,BugSwarm,GraphHopper-210124629,0,037673e0bfa84a2aac2a25eeefcb500e,com.graphhopper.routing.util.DataFlagEncoder,com.graphhopper.routing.util.DataFlagEncoder_ESTest,189,0,False
205,BugSwarm,GraphHopper-210124629,0,9e95549ab85a4ef5aeb08985c16e601c,com.graphhopper.routing.util.DataFlagEncoder,com.graphhopper.routing.util.DataFlagEncoder_ESTest,190,0,False
206,BugSwarm,GraphHopper-210124629,0,b6197d472b1e47659cea5a686bc6b177,com.graphhopper.routing.util.DataFlagEncoder,com.graphhopper.routing.util.DataFlagEncoder_ESTest,189,0,False
207,BugSwarm,REST_Countries-154683750,0,c24c0fc5cf024fa38b0838f84faf1b5d,fayder.restcountries.v1.rest.CountryService,fayder.restcountries.v1.rest.CountryService_ESTest,13,0,False
208,BugSwarm,REST_Countries-154683750,0,85a3c31edb1c4cae9c92a54de05a9025,fayder.restcountries.v1.rest.CountryService,fayder.restcountries.v1.rest.CountryService_ESTest,13,0,True
209,BugSwarm,REST_Countries-154683750,0,e074697c575f41ec96e4640cc40222be,fayder.restcountries.v1.rest.CountryService,fayder.restcountries.v1.rest.CountryService_ESTest,13,0,True
210,BugSwarm,REST_Countries-154683750,0,f0f9403087d4431a930bd1cabef46806,fayder.restcountries.v1.rest.CountryService,fayder.restcountries.v1.rest.CountryService_ESTest,15,0,True
211,BugSwarm,REST_Countries-154683750,0,e68b1dd64cf04718a69c022f4862b25f,fayder.restcountries.v1.rest.CountryService,fayder.restcountries.v1.rest.CountryService_ESTest,14,0,False
212,BugSwarm,REST_Countries-154683750,0,573a9a1324d8437b8dc28eb86ead8fd2,fayder.restcountries.v1.rest.CountryService,fayder.restcountries.v1.rest.CountryService_ESTest,13,0,False
213,BugSwarm,REST_Countries-154683750,0,55a0ad554ea942d5861dc9499fac5d83,fayder.restcountries.v1.rest.CountryService,fayder.restcountries.v1.rest.CountryService_ESTest,14,0,True
214,BugSwarm,REST_Countries-154683750,0,4a6399a2454e4d13ad64d099d9727978,fayder.restcountries.v1.rest.CountryService,fayder.restcountries.v1.rest.CountryService_ESTest,14,0,False
215,BugSwarm,REST_Countries-154683750,0,fcfcd52ea6c54742ac6721f61998c6db,fayder.restcountries.v1.rest.CountryService,fayder.restcountries.v1.rest.CountryService_ESTest,13,0,False
216,BugSwarm,REST_Countries-154683750,0,82eab43853eb4024a517375eef9f375f,fayder.restcountries.v1.rest.CountryService,fayder.restcountries.v1.rest.CountryService_ESTest,13,0,True
217,BugSwarm,REST_Countries-154683750,1,c24c0fc5cf024fa38b0838f84faf1b5d,fayder.restcountries.v1.rest.CountryService,fayder.restcountries.v1.rest.CountryService_ESTest,13,0,False
218,BugSwarm,REST_Countries-154683750,1,85a3c31edb1c4cae9c92a54de05a9025,fayder.restcountries.v1.rest.CountryService,fayder.restcountries.v1.rest.CountryService_ESTest,13,0,False
219,BugSwarm,REST_Countries-154683750,1,e074697c575f41ec96e4640cc40222be,fayder.restcountries.v1.rest.CountryService,fayder.restcountries.v1.rest.CountryService_ESTest,13,0,False
220,BugSwarm,REST_Countries-154683750,1,f0f9403087d4431a930bd1cabef46806,fayder.restcountries.v1.rest.CountryService,fayder.restcountries.v1.rest.CountryService_ESTest,15,0,False
221,BugSwarm,REST_Countries-154683750,1,e68b1dd64cf04718a69c022f4862b25f,fayder.restcountries.v1.rest.CountryService,fayder.restcountries.v1.rest.CountryService_ESTest,14,0,False
222,BugSwarm,REST_Countries-154683750,1,573a9a1324d8437b8dc28eb86ead8fd2,fayder.restcountries.v1.rest.CountryService,fayder.restcountries.v1.rest.CountryService_ESTest,13,0,False
223,BugSwarm,REST_Countries-154683750,1,55a0ad554ea942d5861dc9499fac5d83,fayder.restcountries.v1.rest.CountryService,fayder.restcountries.v1.rest.CountryService_ESTest,14,0,False
224,BugSwarm,REST_Countries-154683750,1,4a6399a2454e4d13ad64d099d9727978,fayder.restcountries.v1.rest.CountryService,fayder.restcountries.v1.rest.CountryService_ESTest,14,0,False
225,BugSwarm,REST_Countries-154683750,1,fcfcd52ea6c54742ac6721f61998c6db,fayder.restcountries.v1.rest.CountryService,fayder.restcountries.v1.rest.CountryService_ESTest,13,0,True
226,BugSwarm,REST_Countries-154683750,1,82eab43853eb4024a517375eef9f375f,fayder.restcountries.v1.rest.CountryService,fayder.restcountries.v1.rest.CountryService_ESTest,13,0,False
227,BugSwarm,REST_Countries-154683750,2,c24c0fc5cf024fa38b0838f84faf1b5d,fayder.restcountries.v1.rest.CountryService,fayder.restcountries.v1.rest.CountryService_ESTest,13,0,True
228,BugSwarm,REST_Countries-154683750,2,85a3c31edb1c4cae9c92a54de05a9025,fayder.restcountries.v1.rest.CountryService,fayder.restcountries.v1.rest.CountryService_ESTest,13,0,True
229,BugSwarm,REST_Countries-154683750,2,e074697c575f41ec96e4640cc40222be,fayder.restcountries.v1.rest.CountryService,fayder.restcountries.v1.rest.CountryService_ESTest,13,0,True
230,BugSwarm,REST_Countries-154683750,2,f0f9403087d4431a930bd1cabef46806,fayder.restcountries.v1.rest.CountryService,fayder.restcountries.v1.rest.CountryService_ESTest,15,0,True
231,BugSwarm,REST_Countries-154683750,2,e68b1dd64cf04718a69c022f4862b25f,fayder.restcountries.v1.rest.CountryService,fayder.restcountries.v1.rest.CountryService_ESTest,14,0,True
232,BugSwarm,REST_Countries-154683750,2,573a9a1324d8437b8dc28eb86ead8fd2,fayder.restcountries.v1.rest.CountryService,fayder.restcountries.v1.rest.CountryService_ESTest,13,0,True
233,BugSwarm,REST_Countries-154683750,2,55a0ad554ea942d5861dc9499fac5d83,fayder.restcountries.v1.rest.CountryService,fayder.restcountries.v1.rest.CountryService_ESTest,14,0,True
234,BugSwarm,REST_Countries-154683750,2,4a6399a2454e4d13ad64d099d9727978,fayder.restcountries.v1.rest.CountryService,fayder.restcountries.v1.rest.CountryService_ESTest,14,0,True
235,BugSwarm,REST_Countries-154683750,2,fcfcd52ea6c54742ac6721f61998c6db,fayder.restcountries.v1.rest.CountryService,fayder.restcountries.v1.rest.CountryService_ESTest,13,0,True
236,BugSwarm,REST_Countries-154683750,2,82eab43853eb4024a517375eef9f375f,fayder.restcountries.v1.rest.CountryService,fayder.restcountries.v1.rest.CountryService_ESTest,13,0,True
237,BugSwarm,REST_Countries-154683750,3,c24c0fc5cf024fa38b0838f84faf1b5d,fayder.restcountries.v1.rest.CountryService,fayder.restcountries.v1.rest.CountryService_ESTest,13,0,True
238,BugSwarm,REST_Countries-154683750,3,85a3c31edb1c4cae9c92a54de05a9025,fayder.restcountries.v1.rest.CountryService,fayder.restcountries.v1.rest.CountryService_ESTest,13,0,True
239,BugSwarm,REST_Countries-154683750,3,e074697c575f41ec96e4640cc40222be,fayder.restcountries.v1.rest.CountryService,fayder.restcountries.v1.rest.CountryService_ESTest,13,0,True
240,BugSwarm,REST_Countries-154683750,3,f0f9403087d4431a930bd1cabef46806,fayder.restcountries.v1.rest.CountryService,fayder.restcountries.v1.rest.CountryService_ESTest,15,0,True
241,BugSwarm,REST_Countries-154683750,3,e68b1dd64cf04718a69c022f4862b25f,fayder.restcountries.v1.rest.CountryService,fayder.restcountries.v1.rest.CountryService_ESTest,14,0,True
242,BugSwarm,REST_Countries-154683750,3,573a9a1324d8437b8dc28eb86ead8fd2,fayder.restcountries.v1.rest.CountryService,fayder.restcountries.v1.rest.CountryService_ESTest,13,0,True
243,BugSwarm,REST_Countries-154683750,3,55a0ad554ea942d5861dc9499fac5d83,fayder.restcountries.v1.rest.CountryService,fayder.restcountries.v1.rest.CountryService_ESTest,14,0,True
244,BugSwarm,REST_Countries-154683750,3,4a6399a2454e4d13ad64d099d9727978,fayder.restcountries.v1.rest.CountryService,fayder.restcountries.v1.rest.CountryService_ESTest,14,0,True
245,BugSwarm,REST_Countries-154683750,3,fcfcd52ea6c54742ac6721f61998c6db,fayder.restcountries.v1.rest.CountryService,fayder.restcountries.v1.rest.CountryService_ESTest,13,0,True
246,BugSwarm,REST_Countries-154683750,3,82eab43853eb4024a517375eef9f375f,fayder.restcountries.v1.rest.CountryService,fayder.restcountries.v1.rest.CountryService_ESTest,13,0,True
247,BugSwarm,REST_Countries-154683750,4,c24c0fc5cf024fa38b0838f84faf1b5d,fayder.restcountries.v1.rest.CountryService,fayder.restcountries.v1.rest.CountryService_ESTest,13,0,True
248,BugSwarm,REST_Countries-154683750,4,85a3c31edb1c4cae9c92a54de05a9025,fayder.restcountries.v1.rest.CountryService,fayder.restcountries.v1.rest.CountryService_ESTest,13,0,True
249,BugSwarm,REST_Countries-154683750,4,e074697c575f41ec96e4640cc40222be,fayder.restcountries.v1.rest.CountryService,fayder.restcountries.v1.rest.CountryService_ESTest,13,0,True
250,BugSwarm,REST_Countries-154683750,4,f0f9403087d4431a930bd1cabef46806,fayder.restcountries.v1.rest.CountryService,fayder.restcountries.v1.rest.CountryService_ESTest,15,0,True
251,BugSwarm,REST_Countries-154683750,4,e68b1dd64cf04718a69c022f4862b25f,fayder.restcountries.v1.rest.CountryService,fayder.restcountries.v1.rest.CountryService_ESTest,14,0,True
252,BugSwarm,REST_Countries-154683750,4,573a9a1324d8437b8dc28eb86ead8fd2,fayder.restcountries.v1.rest.CountryService,fayder.restcountries.v1.rest.CountryService_ESTest,13,0,True
253,BugSwarm,REST_Countries-154683750,4,55a0ad554ea942d5861dc9499fac5d83,fayder.restcountries.v1.rest.CountryService,fayder.restcountries.v1.rest.CountryService_ESTest,14,0,True
254,BugSwarm,REST_Countries-154683750,4,4a6399a2454e4d13ad64d099d9727978,fayder.restcountries.v1.rest.CountryService,fayder.restcountries.v1.rest.CountryService_ESTest,14,0,True
255,BugSwarm,REST_Countries-154683750,4,fcfcd52ea6c54742ac6721f61998c6db,fayder.restcountries.v1.rest.CountryService,fayder.restcountries.v1.rest.CountryService_ESTest,13,0,True
256,BugSwarm,REST_Countries-154683750,4,82eab43853eb4024a517375eef9f375f,fayder.restcountries.v1.rest.CountryService,fayder.restcountries.v1.rest.CountryService_ESTest,13,0,True
257,Genesis,Jongo-97431a03,0,8ae7a00e569c424caacffafa43379d56,org.jongo.marshall.jackson.JacksonObjectIdUpdater,org.jongo.marshall.jackson.JacksonObjectIdUpdater_ESTest,14,0,False
258,Genesis,Jongo-97431a03,0,8f9848eabfe74f76a08510b6f33aac2e,org.jongo.marshall.jackson.JacksonObjectIdUpdater,org.jongo.marshall.jackson.JacksonObjectIdUpdater_ESTest,12,0,False
259,Genesis,Jongo-97431a03,0,c512fa6888d34f84ab0d9ad71ea34e91,org.jongo.marshall.jackson.JacksonObjectIdUpdater,org.jongo.marshall.jackson.JacksonObjectIdUpdater_ESTest,14,0,False
260,Genesis,Jongo-97431a03,0,908b362702814d1c8ede0d36bf8cf9cd,org.jongo.marshall.jackson.JacksonObjectIdUpdater,org.jongo.marshall.jackson.JacksonObjectIdUpdater_ESTest,12,0,False
261,Genesis,Jongo-97431a03,0,dd9fe435c3c04039890817e38a873b76,org.jongo.marshall.jackson.JacksonObjectIdUpdater,org.jongo.marshall.jackson.JacksonObjectIdUpdater_ESTest,13,0,False
262,Genesis,Jongo-97431a03,0,7c0be523243544bfae93f1514af2600b,org.jongo.marshall.jackson.JacksonObjectIdUpdater,org.jongo.marshall.jackson.JacksonObjectIdUpdater_ESTest,12,0,False
263,Genesis,Jongo-97431a03,0,4114b968a1b14c9bbce5ad18c2844d6b,org.jongo.marshall.jackson.JacksonObjectIdUpdater,org.jongo.marshall.jackson.JacksonObjectIdUpdater_ESTest,13,0,False
264,Genesis,Jongo-97431a03,0,82a8d4c00fa34f1fb6590a8b8bef6080,org.jongo.marshall.jackson.JacksonObjectIdUpdater,org.jongo.marshall.jackson.JacksonObjectIdUpdater_ESTest,11,0,False
265,Genesis,Jongo-97431a03,0,4aa062bc2bd444d6b283f3d1f33e14f6,org.jongo.marshall.jackson.JacksonObjectIdUpdater,org.jongo.marshall.jackson.JacksonObjectIdUpdater_ESTest,13,0,False
266,Genesis,Jongo-97431a03,0,e8e84b31083e4b2e82e3ba27feec4add,org.jongo.marshall.jackson.JacksonObjectIdUpdater,org.jongo.marshall.jackson.JacksonObjectIdUpdater_ESTest,12,0,False
267,Genesis,JavaPoet-aee5f128,0,57d84c96678f485fa7bfd3e211e45650,com.squareup.javapoet.TypeName,com.squareup.javapoet.TypeName_ESTest,25,0,True
268,Genesis,JavaPoet-aee5f128,0,b1402d8e7f9542e7b8983b3aa962b8c0,com.squareup.javapoet.TypeName,com.squareup.javapoet.TypeName_ESTest,22,0,True
269,Genesis,JavaPoet-aee5f128,0,7b42cf7fc79d44719f765e4c3e965f24,com.squareup.javapoet.TypeName,com.squareup.javapoet.TypeName_ESTest,26,0,True
270,Genesis,JavaPoet-aee5f128,0,7cf524793208419d8f9aac6cdf3d35ff,com.squareup.javapoet.TypeName,com.squareup.javapoet.TypeName_ESTest,26,0,True
271,Genesis,JavaPoet-aee5f128,0,035277afd6a2443c8cce33fa84a5af3c,com.squareup.javapoet.TypeName,com.squareup.javapoet.TypeName_ESTest,26,0,True
272,Genesis,JavaPoet-aee5f128,0,07ec4375ac564416a0bb1cddbdc6e902,com.squareup.javapoet.TypeName,com.squareup.javapoet.TypeName_ESTest,24,0,True
273,Genesis,JavaPoet-aee5f128,0,bba1d3e986854b91a93ae6ac8cbefc59,com.squareup.javapoet.TypeName,com.squareup.javapoet.TypeName_ESTest,27,0,True
274,Genesis,JavaPoet-aee5f128,0,6c9192f958fa40dbb7d53f2a1bedf8c3,com.squareup.javapoet.TypeName,com.squareup.javapoet.TypeName_ESTest,26,0,True
275,Genesis,JavaPoet-aee5f128,0,8c3b42bddf1e4dc285398ec989fb4b4a,com.squareup.javapoet.TypeName,com.squareup.javapoet.TypeName_ESTest,25,0,True
276,Genesis,JavaPoet-aee5f128,0,fe9b04d726a74d07a7f94d4a854602b2,com.squareup.javapoet.TypeName,com.squareup.javapoet.TypeName_ESTest,26,0,True
277,Genesis,DataflowJavaSDK-f42c13c8,0,290bd75811de42569b0a694308491e65,com.google.cloud.dataflow.sdk.transforms.join.CoGbkResult,com.google.cloud.dataflow.sdk.transforms.join.CoGbkResult_ESTest,38,0,False
278,Genesis,DataflowJavaSDK-f42c13c8,0,5e36175f8cbe4befab45eb2a2fd29d6b,com.google.cloud.dataflow.sdk.transforms.join.CoGbkResult,com.google.cloud.dataflow.sdk.transforms.join.CoGbkResult_ESTest,38,0,True
279,Genesis,DataflowJavaSDK-f42c13c8,0,a2dfa2ff9cb64e02bc62a9ce508daa87,com.google.cloud.dataflow.sdk.transforms.join.CoGbkResult,com.google.cloud.dataflow.sdk.transforms.join.CoGbkResult_ESTest,37,0,False
280,Genesis,DataflowJavaSDK-f42c13c8,0,dee3d73842e54bf9bcfe7ebfd47137af,com.google.cloud.dataflow.sdk.transforms.join.CoGbkResult,com.google.cloud.dataflow.sdk.transforms.join.CoGbkResult_ESTest,38,0,False
281,Genesis,DataflowJavaSDK-f42c13c8,0,a0bee5146fc4477ab3c831fe0cd00b1a,com.google.cloud.dataflow.sdk.transforms.join.CoGbkResult,com.google.cloud.dataflow.sdk.transforms.join.CoGbkResult_ESTest,37,0,False
282,Genesis,DataflowJavaSDK-f42c13c8,0,258bf2cda48b4a7ab3d875959eeeb8a0,com.google.cloud.dataflow.sdk.transforms.join.CoGbkResult,com.google.cloud.dataflow.sdk.transforms.join.CoGbkResult_ESTest,37,0,False
283,Genesis,DataflowJavaSDK-f42c13c8,0,fcb74f539ee84229b8b9b7ae0401a99a,com.google.cloud.dataflow.sdk.transforms.join.CoGbkResult,com.google.cloud.dataflow.sdk.transforms.join.CoGbkResult_ESTest,37,0,False
284,Genesis,DataflowJavaSDK-f42c13c8,0,a37ea31a6b0545829e072b28d99b1012,com.google.cloud.dataflow.sdk.transforms.join.CoGbkResult,com.google.cloud.dataflow.sdk.transforms.join.CoGbkResult_ESTest,38,0,False
285,Genesis,DataflowJavaSDK-f42c13c8,0,67dcac4266834171a2e73da672388a4e,com.google.cloud.dataflow.sdk.transforms.join.CoGbkResult,com.google.cloud.dataflow.sdk.transforms.join.CoGbkResult_ESTest,36,0,False
286,Genesis,DataflowJavaSDK-f42c13c8,0,250f0e3da3f04a5a82ab4d0042f9ffa0,com.google.cloud.dataflow.sdk.transforms.join.CoGbkResult,com.google.cloud.dataflow.sdk.transforms.join.CoGbkResult_ESTest,38,0,False
287,Genesis,Checkstyle-4f73fffd,0,dc9547236b414bec886fe1a994471f4d,com.puppycrawl.tools.checkstyle.checks.blocks.NeedBracesCheck,com.puppycrawl.tools.checkstyle.checks.blocks.NeedBracesCheck_ESTest,32,0,False
288,Genesis,Checkstyle-4f73fffd,0,0cc78abbdf8c4589b53b258ce0a14e26,com.puppycrawl.tools.checkstyle.checks.blocks.NeedBracesCheck,com.puppycrawl.tools.checkstyle.checks.blocks.NeedBracesCheck_ESTest,27,0,False
289,Genesis,Checkstyle-4f73fffd,0,6b896d009aaf44608df5f9ccde4273da,com.puppycrawl.tools.checkstyle.checks.blocks.NeedBracesCheck,com.puppycrawl.tools.checkstyle.checks.blocks.NeedBracesCheck_ESTest,40,0,False
290,Genesis,Checkstyle-4f73fffd,0,e25ffd228356413a8d0ca4e7cbfdcaf7,com.puppycrawl.tools.checkstyle.checks.blocks.NeedBracesCheck,com.puppycrawl.tools.checkstyle.checks.blocks.NeedBracesCheck_ESTest,33,0,False
291,Genesis,Checkstyle-4f73fffd,0,5d0447b2a9ff45da861879d869bb2221,com.puppycrawl.tools.checkstyle.checks.blocks.NeedBracesCheck,com.puppycrawl.tools.checkstyle.checks.blocks.NeedBracesCheck_ESTest,34,0,False
292,Genesis,Checkstyle-4f73fffd,0,0ec0884056bf4f309d823da080b43633,com.puppycrawl.tools.checkstyle.checks.blocks.NeedBracesCheck,com.puppycrawl.tools.checkstyle.checks.blocks.NeedBracesCheck_ESTest,37,0,False
293,Genesis,Checkstyle-4f73fffd,0,26299e55b0c1463e832e1d5d7243e408,com.puppycrawl.tools.checkstyle.checks.blocks.NeedBracesCheck,com.puppycrawl.tools.checkstyle.checks.blocks.NeedBracesCheck_ESTest,29,0,False
294,Genesis,Checkstyle-4f73fffd,0,6d444199c3374723b52963d9b642b86b,com.puppycrawl.tools.checkstyle.checks.blocks.NeedBracesCheck,com.puppycrawl.tools.checkstyle.checks.blocks.NeedBracesCheck_ESTest,34,0,False
295,Genesis,Checkstyle-4f73fffd,0,5289353887cd46fd96e5c1aca8419b9e,com.puppycrawl.tools.checkstyle.checks.blocks.NeedBracesCheck,com.puppycrawl.tools.checkstyle.checks.blocks.NeedBracesCheck_ESTest,39,0,True
296,Genesis,Checkstyle-4f73fffd,0,4d42617b5cc949ae94494f1c3b5603b6,com.puppycrawl.tools.checkstyle.checks.blocks.NeedBracesCheck,com.puppycrawl.tools.checkstyle.checks.blocks.NeedBracesCheck_ESTest,34,0,False
297,Genesis,Checkstyle-91e10c29,0,6b8ed9bff13d48daaf12c78c222dc796,com.puppycrawl.tools.checkstyle.checks.SuppressWarningsHolder,com.puppycrawl.tools.checkstyle.checks.SuppressWarningsHolder_ESTest,28,0,False
298,Genesis,Checkstyle-91e10c29,0,13250a82e53d4b2bbc180683991066b9,com.puppycrawl.tools.checkstyle.checks.SuppressWarningsHolder,com.puppycrawl.tools.checkstyle.checks.SuppressWarningsHolder_ESTest,28,0,False
299,Genesis,Checkstyle-91e10c29,0,8df9c85aca7340988b46ad3ca9ad4c00,com.puppycrawl.tools.checkstyle.checks.SuppressWarningsHolder,com.puppycrawl.tools.checkstyle.checks.SuppressWarningsHolder_ESTest,28,0,False
300,Genesis,Checkstyle-91e10c29,0,5c4757015a0f4c058d9f7e5d05d15256,com.puppycrawl.tools.checkstyle.checks.SuppressWarningsHolder,com.puppycrawl.tools.checkstyle.checks.SuppressWarningsHolder_ESTest,26,0,False
301,Genesis,Checkstyle-91e10c29,0,7a57801da3c0476b9d8b9e84d6f555e3,com.puppycrawl.tools.checkstyle.checks.SuppressWarningsHolder,com.puppycrawl.tools.checkstyle.checks.SuppressWarningsHolder_ESTest,29,0,False
302,Genesis,Checkstyle-91e10c29,0,a596d803ee7341199fbdcf81035f93af,com.puppycrawl.tools.checkstyle.checks.SuppressWarningsHolder,com.puppycrawl.tools.checkstyle.checks.SuppressWarningsHolder_ESTest,29,0,False
303,Genesis,Checkstyle-91e10c29,0,93a368c556354d7fb45d5e430eab8ce7,com.puppycrawl.tools.checkstyle.checks.SuppressWarningsHolder,com.puppycrawl.tools.checkstyle.checks.SuppressWarningsHolder_ESTest,27,0,False
304,Genesis,Checkstyle-91e10c29,0,cc21bf428eac4a04a76168a475dd328b,com.puppycrawl.tools.checkstyle.checks.SuppressWarningsHolder,com.puppycrawl.tools.checkstyle.checks.SuppressWarningsHolder_ESTest,30,0,False
305,Genesis,Checkstyle-91e10c29,0,5868d1d15c41471184f6c82ee90dc472,com.puppycrawl.tools.checkstyle.checks.SuppressWarningsHolder,com.puppycrawl.tools.checkstyle.checks.SuppressWarningsHolder_ESTest,25,0,False
306,Genesis,Checkstyle-91e10c29,0,16a86ad90bd14c40b107f27b63448ee8,com.puppycrawl.tools.checkstyle.checks.SuppressWarningsHolder,com.puppycrawl.tools.checkstyle.checks.SuppressWarningsHolder_ESTest,28,0,False
307,Genesis,Checkstyle-16493bfb,0,5f7010ee4aba4d49b4aa6e30bf7b3a1e,com.puppycrawl.tools.checkstyle.checks.coding.ModifiedControlVariableCheck,com.puppycrawl.tools.checkstyle.checks.coding.ModifiedControlVariableCheck_ESTest,59,0,False
308,Genesis,Checkstyle-16493bfb,0,6b57ca93741f49699ff184a7343464fe,com.puppycrawl.tools.checkstyle.checks.coding.ModifiedControlVariableCheck,com.puppycrawl.tools.checkstyle.checks.coding.ModifiedControlVariableCheck_ESTest,58,0,False
309,Genesis,Checkstyle-16493bfb,0,2d02498215504526b7ef14627c596410,com.puppycrawl.tools.checkstyle.checks.coding.ModifiedControlVariableCheck,com.puppycrawl.tools.checkstyle.checks.coding.ModifiedControlVariableCheck_ESTest,53,0,False
310,Genesis,Checkstyle-16493bfb,0,ba417248ea144f8e97a5b178ce84c35a,com.puppycrawl.tools.checkstyle.checks.coding.ModifiedControlVariableCheck,com.puppycrawl.tools.checkstyle.checks.coding.ModifiedControlVariableCheck_ESTest,62,0,False
311,Genesis,Checkstyle-16493bfb,0,45e9f731328c4d63ad4d4efa48bcfba8,com.puppycrawl.tools.checkstyle.checks.coding.ModifiedControlVariableCheck,com.puppycrawl.tools.checkstyle.checks.coding.ModifiedControlVariableCheck_ESTest,59,0,False
312,Genesis,Checkstyle-16493bfb,0,b01d487d760448cb9a0220f73f3451ad,com.puppycrawl.tools.checkstyle.checks.coding.ModifiedControlVariableCheck,com.puppycrawl.tools.checkstyle.checks.coding.ModifiedControlVariableCheck_ESTest,57,0,False
313,Genesis,Checkstyle-16493bfb,0,2647fdd511fb4ac48826932a9f645fbf,com.puppycrawl.tools.checkstyle.checks.coding.ModifiedControlVariableCheck,com.puppycrawl.tools.checkstyle.checks.coding.ModifiedControlVariableCheck_ESTest,57,0,False
314,Genesis,Checkstyle-16493bfb,0,d6de53db756548eea60f413daa53da3b,com.puppycrawl.tools.checkstyle.checks.coding.ModifiedControlVariableCheck,com.puppycrawl.tools.checkstyle.checks.coding.ModifiedControlVariableCheck_ESTest,57,0,False
315,Genesis,Checkstyle-16493bfb,0,6e0c566bf0b84a449990c2ec3a586a8d,com.puppycrawl.tools.checkstyle.checks.coding.ModifiedControlVariableCheck,com.puppycrawl.tools.checkstyle.checks.coding.ModifiedControlVariableCheck_ESTest,57,0,False
316,Genesis,Checkstyle-16493bfb,0,d59ffa0e4cc6471fa83cf89d8001b6da,com.puppycrawl.tools.checkstyle.checks.coding.ModifiedControlVariableCheck,com.puppycrawl.tools.checkstyle.checks.coding.ModifiedControlVariableCheck_ESTest,56,0,False
317,Genesis,Checkstyle-be8a60a4,0,9cc7f7241a4b4f0a9ffc7016cde55cd5,com.puppycrawl.tools.checkstyle.checks.naming.ParameterNameCheck,com.puppycrawl.tools.checkstyle.checks.naming.ParameterNameCheck_ESTest,10,0,True
318,Genesis,Checkstyle-be8a60a4,0,0634e9c19a6c4030b3efa026a7bc89ee,com.puppycrawl.tools.checkstyle.checks.naming.ParameterNameCheck,com.puppycrawl.tools.checkstyle.checks.naming.ParameterNameCheck_ESTest,9,0,True
319,Genesis,Checkstyle-be8a60a4,0,c701fef259e34b75bb9fdcc7c8047741,com.puppycrawl.tools.checkstyle.checks.naming.ParameterNameCheck,com.puppycrawl.tools.checkstyle.checks.naming.ParameterNameCheck_ESTest,11,0,True
320,Genesis,Checkstyle-be8a60a4,0,fd61425d654842ecb10754136b3150c1,com.puppycrawl.tools.checkstyle.checks.naming.ParameterNameCheck,com.puppycrawl.tools.checkstyle.checks.naming.ParameterNameCheck_ESTest,9,0,False
321,Genesis,Checkstyle-be8a60a4,0,cbe109c46349442d8c35f7e49f4612b3,com.puppycrawl.tools.checkstyle.checks.naming.ParameterNameCheck,com.puppycrawl.tools.checkstyle.checks.naming.ParameterNameCheck_ESTest,11,0,True
322,Genesis,Checkstyle-be8a60a4,0,95cbe95fbfa74b999e9010f353397dfe,com.puppycrawl.tools.checkstyle.checks.naming.ParameterNameCheck,com.puppycrawl.tools.checkstyle.checks.naming.ParameterNameCheck_ESTest,7,0,False
323,Genesis,Checkstyle-be8a60a4,0,c2df4983ac9745fdb2bf76eaf70ecccb,com.puppycrawl.tools.checkstyle.checks.naming.ParameterNameCheck,com.puppycrawl.tools.checkstyle.checks.naming.ParameterNameCheck_ESTest,9,0,True
324,Genesis,Checkstyle-be8a60a4,0,1af979bb5bfe410592b29720c1c1d869,com.puppycrawl.tools.checkstyle.checks.naming.ParameterNameCheck,com.puppycrawl.tools.checkstyle.checks.naming.ParameterNameCheck_ESTest,10,0,True
325,Genesis,Checkstyle-be8a60a4,0,b71d49973edd4a92b547a02d3b2bcf99,com.puppycrawl.tools.checkstyle.checks.naming.ParameterNameCheck,com.puppycrawl.tools.checkstyle.checks.naming.ParameterNameCheck_ESTest,9,0,True
326,Genesis,Checkstyle-be8a60a4,0,b5d2fad8228b4d369332b460a43bfe09,com.puppycrawl.tools.checkstyle.checks.naming.ParameterNameCheck,com.puppycrawl.tools.checkstyle.checks.naming.ParameterNameCheck_ESTest,9,0,True
327,Genesis,Javaslang-0dab3ed3,0,741c7e029f2747f7b24404c942636a84,javaslang.Tuples,javaslang.Tuples_ESTest,67,0,True
328,Genesis,Javaslang-0dab3ed3,0,6a900503cfd0406495eb91a4d78bac5f,javaslang.Tuples,javaslang.Tuples_ESTest,69,0,True
329,Genesis,Javaslang-0dab3ed3,0,3ee0b92c9181443093bd40f46914aafe,javaslang.Tuples,javaslang.Tuples_ESTest,69,0,True
330,Genesis,Javaslang-0dab3ed3,0,5ede06bf940044228cddce60b6ef30be,javaslang.Tuples,javaslang.Tuples_ESTest,65,0,True
331,Genesis,Javaslang-0dab3ed3,0,53368265275e419b816759fbe08d27b5,javaslang.Tuples,javaslang.Tuples_ESTest,69,0,True
332,Genesis,Javaslang-0dab3ed3,0,48e0db8988c341c591c92e76f67ae85f,javaslang.Tuples,javaslang.Tuples_ESTest,63,0,True
333,Genesis,Javaslang-0dab3ed3,0,d225163c265640c19b090f1960d6f375,javaslang.Tuples,javaslang.Tuples_ESTest,67,0,True
334,Genesis,Javaslang-0dab3ed3,0,2a6b80c55f8d43de9ba571215d67d24d,javaslang.Tuples,javaslang.Tuples_ESTest,67,0,True
335,Genesis,Javaslang-0dab3ed3,0,7535dd78f338468c9e7d1cd40208c79e,javaslang.Tuples,javaslang.Tuples_ESTest,68,0,True
336,Genesis,Javaslang-0dab3ed3,0,185bfaa17638409cae6c0de9f1eeff74,javaslang.Tuples,javaslang.Tuples_ESTest,71,0,True
337,Genesis,Activiti-31c8ea16,0,712489b2e16e441896319ab01b871bbd,org.activiti.engine.impl.event.AbstractEventHandler,org.activiti.engine.impl.event.AbstractEventHandler_ESTest,2,0,True
338,Genesis,Activiti-31c8ea16,0,b8e1afa251154921957b9fdc8ae3da79,org.activiti.engine.impl.event.AbstractEventHandler,org.activiti.engine.impl.event.AbstractEventHandler_ESTest,2,0,True
339,Genesis,Activiti-31c8ea16,0,c32fae1de0f7406f94bd6fba47fb16df,org.activiti.engine.impl.event.AbstractEventHandler,org.activiti.engine.impl.event.AbstractEventHandler_ESTest,4,0,False
340,Genesis,Activiti-31c8ea16,0,cb74855c70a94535b0eaed9a77d4dc57,org.activiti.engine.impl.event.AbstractEventHandler,org.activiti.engine.impl.event.AbstractEventHandler_ESTest,2,0,True
341,Genesis,Activiti-31c8ea16,0,2d26afbf433947b9b348fa672fb391b8,org.activiti.engine.impl.event.AbstractEventHandler,org.activiti.engine.impl.event.AbstractEventHandler_ESTest,2,0,True
342,Genesis,Activiti-31c8ea16,0,48b856513ae44474b3b71b122f22dbba,org.activiti.engine.impl.event.AbstractEventHandler,org.activiti.engine.impl.event.AbstractEventHandler_ESTest,4,0,False
343,Genesis,Activiti-31c8ea16,0,7a4c2d2cde93400abe8460663efe2bec,org.activiti.engine.impl.event.AbstractEventHandler,org.activiti.engine.impl.event.AbstractEventHandler_ESTest,5,0,False
344,Genesis,Activiti-31c8ea16,0,c97c5f9fcf7145e383cc3e3869abdad8,org.activiti.engine.impl.event.AbstractEventHandler,org.activiti.engine.impl.event.AbstractEventHandler_ESTest,5,0,False
345,Genesis,Activiti-31c8ea16,0,98453dfb00684a8989d7444013b813bb,org.activiti.engine.impl.event.AbstractEventHandler,org.activiti.engine.impl.event.AbstractEventHandler_ESTest,6,0,False
346,Genesis,Activiti-31c8ea16,0,4a651263ad2245bab49c56f4ccb75346,org.activiti.engine.impl.event.AbstractEventHandler,org.activiti.engine.impl.event.AbstractEventHandler_ESTest,2,0,True
347,Defects4J,Csv-9,0,cea9519e38e74f3fac984f67faaad84c,org.apache.commons.csv.CSVRecord,org.apache.commons.csv.CSVRecord_ESTest,39,0,True
348,Defects4J,Csv-9,0,ec88c479d18f4cdc9b9119708ece7217,org.apache.commons.csv.CSVRecord,org.apache.commons.csv.CSVRecord_ESTest,40,0,True
349,Defects4J,Csv-9,0,3bdd5ead5b7d43cb8196797812d6bdc1,org.apache.commons.csv.CSVRecord,org.apache.commons.csv.CSVRecord_ESTest,41,0,True
350,Defects4J,Csv-9,0,edacf6a5f87744f99653733fd350b86f,org.apache.commons.csv.CSVRecord,org.apache.commons.csv.CSVRecord_ESTest,39,0,True
351,Defects4J,Csv-9,0,72e64c37064946a7b5f33ee19efc397d,org.apache.commons.csv.CSVRecord,org.apache.commons.csv.CSVRecord_ESTest,40,0,True
352,Defects4J,Csv-9,0,74fae38c3fa04ca685af48abe8f5911d,org.apache.commons.csv.CSVRecord,org.apache.commons.csv.CSVRecord_ESTest,40,0,True
353,Defects4J,Csv-9,0,ab08b30e4dcf4c368058eaf1b28daf57,org.apache.commons.csv.CSVRecord,org.apache.commons.csv.CSVRecord_ESTest,41,0,True
354,Defects4J,Csv-9,0,c7cdac40b97743b5850afd822537e5c9,org.apache.commons.csv.CSVRecord,org.apache.commons.csv.CSVRecord_ESTest,41,0,True
355,Defects4J,Csv-9,0,743a9dd54883440590b4601498fd4e91,org.apache.commons.csv.CSVRecord,org.apache.commons.csv.CSVRecord_ESTest,40,0,True
356,Defects4J,Csv-9,0,449d85c825ad4daf9281eca97946094d,org.apache.commons.csv.CSVRecord,org.apache.commons.csv.CSVRecord_ESTest,41,0,True
357,Defects4J,Math-70,0,33286719e2714d8bbdb407e5b0e3adb7,org.apache.commons.math.analysis.solvers.BisectionSolver,org.apache.commons.math.analysis.solvers.BisectionSolver_ESTest,31,0,True
358,Defects4J,Math-70,0,d909cc6809024da1a0f4e60ee132716a,org.apache.commons.math.analysis.solvers.BisectionSolver,org.apache.commons.math.analysis.solvers.BisectionSolver_ESTest,30,0,True
359,Defects4J,Math-70,0,407db5ac8ce648079a42bb9e710dcd92,org.apache.commons.math.analysis.solvers.BisectionSolver,org.apache.commons.math.analysis.solvers.BisectionSolver_ESTest,31,0,True
360,Defects4J,Math-70,0,a2aa83888e51443094ef44a8ee5d3516,org.apache.commons.math.analysis.solvers.BisectionSolver,org.apache.commons.math.analysis.solvers.BisectionSolver_ESTest,31,0,True
361,Defects4J,Math-70,0,db60d9d0476c4368a5279149be97eea0,org.apache.commons.math.analysis.solvers.BisectionSolver,org.apache.commons.math.analysis.solvers.BisectionSolver_ESTest,31,0,True
362,Defects4J,Math-70,0,c95f808fec814ef8881c90c420a0b723,org.apache.commons.math.analysis.solvers.BisectionSolver,org.apache.commons.math.analysis.solvers.BisectionSolver_ESTest,29,0,True
363,Defects4J,Math-70,0,aef61e8c03004643ba6c12269ea1f559,org.apache.commons.math.analysis.solvers.BisectionSolver,org.apache.commons.math.analysis.solvers.BisectionSolver_ESTest,30,0,True
364,Defects4J,Math-70,0,58f91b44e8944597a282955fb5e80bd1,org.apache.commons.math.analysis.solvers.BisectionSolver,org.apache.commons.math.analysis.solvers.BisectionSolver_ESTest,31,0,True
365,Defects4J,Math-70,0,3683f3ec334e4c90af297fe45a2d2745,org.apache.commons.math.analysis.solvers.BisectionSolver,org.apache.commons.math.analysis.solvers.BisectionSolver_ESTest,31,0,True
366,Defects4J,Math-70,0,f406165a9e0b4a44a95e27c117fc3a7f,org.apache.commons.math.analysis.solvers.BisectionSolver,org.apache.commons.math.analysis.solvers.BisectionSolver_ESTest,30,0,True
367,Defects4J,Math-79,0,f60339c04df44603903680beed90b256,org.apache.commons.math.stat.clustering.KMeansPlusPlusClusterer,org.apache.commons.math.stat.clustering.KMeansPlusPlusClusterer_ESTest,9,0,True
368,Defects4J,Math-79,0,0ac07d53b9f24f299ce90612bdc00f3a,org.apache.commons.math.stat.clustering.KMeansPlusPlusClusterer,org.apache.commons.math.stat.clustering.KMeansPlusPlusClusterer_ESTest,9,0,False
369,Defects4J,Math-79,0,6b387e4140e848119749638958c7d8d3,org.apache.commons.math.stat.clustering.KMeansPlusPlusClusterer,org.apache.commons.math.stat.clustering.KMeansPlusPlusClusterer_ESTest,8,0,True
370,Defects4J,Math-79,0,cfe54996036348429561f0a8be139b3c,org.apache.commons.math.stat.clustering.KMeansPlusPlusClusterer,org.apache.commons.math.stat.clustering.KMeansPlusPlusClusterer_ESTest,10,0,True
371,Defects4J,Math-79,0,8aa7246549fa4940ac3dd1c6a8f57460,org.apache.commons.math.stat.clustering.KMeansPlusPlusClusterer,org.apache.commons.math.stat.clustering.KMeansPlusPlusClusterer_ESTest,8,0,True
372,Defects4J,Math-79,0,b8f67000f7c64e7c8ef74847b162671d,org.apache.commons.math.stat.clustering.KMeansPlusPlusClusterer,org.apache.commons.math.stat.clustering.KMeansPlusPlusClusterer_ESTest,10,0,True
373,Defects4J,Math-79,0,bac0526c36044ec1a57bdc77ed3865c9,org.apache.commons.math.stat.clustering.KMeansPlusPlusClusterer,org.apache.commons.math.stat.clustering.KMeansPlusPlusClusterer_ESTest,10,0,True
374,Defects4J,Math-79,0,0229688f10f24e248fe47ead4ba58c01,org.apache.commons.math.stat.clustering.KMeansPlusPlusClusterer,org.apache.commons.math.stat.clustering.KMeansPlusPlusClusterer_ESTest,8,0,True
375,Defects4J,Math-79,0,b7997886e2d249d3abac60868a0763b3,org.apache.commons.math.stat.clustering.KMeansPlusPlusClusterer,org.apache.commons.math.stat.clustering.KMeansPlusPlusClusterer_ESTest,8,0,True
376,Defects4J,Math-79,0,c034375235a0409a9021ff08ff7d1021,org.apache.commons.math.stat.clustering.KMeansPlusPlusClusterer,org.apache.commons.math.stat.clustering.KMeansPlusPlusClusterer_ESTest,9,0,True
377,Defects4J,Csv-11,0,cb19e74d5a6d4b78972cf02a20fdc774,org.apache.commons.csv.CSVParser,org.apache.commons.csv.CSVParser_ESTest,30,0,True
378,Defects4J,Csv-11,0,7cfcbfdafc5b4b75b3c13ac5ce277135,org.apache.commons.csv.CSVParser,org.apache.commons.csv.CSVParser_ESTest,31,0,True
379,Defects4J,Csv-11,0,1e1408b243cc49d7957069b4a9c601f6,org.apache.commons.csv.CSVParser,org.apache.commons.csv.CSVParser_ESTest,34,0,True
380,Defects4J,Csv-11,0,263a798473364cc6ba9417a2f9e5f52d,org.apache.commons.csv.CSVParser,org.apache.commons.csv.CSVParser_ESTest,31,0,True
381,Defects4J,Csv-11,0,c8885aa742f644e69297e2e030fc6788,org.apache.commons.csv.CSVParser,org.apache.commons.csv.CSVParser_ESTest,33,0,True
382,Defects4J,Csv-11,0,28ebdb784f46402a93be3cdf0a15f263,org.apache.commons.csv.CSVParser,org.apache.commons.csv.CSVParser_ESTest,33,0,True
383,Defects4J,Csv-11,0,4e83fd933be44940ae7c31e08fbf1f44,org.apache.commons.csv.CSVParser,org.apache.commons.csv.CSVParser_ESTest,30,0,True
384,Defects4J,Csv-11,0,11c46e837fd54598bd77afa01348fc0d,org.apache.commons.csv.CSVParser,org.apache.commons.csv.CSVParser_ESTest,34,0,True
385,Defects4J,Csv-11,0,010d79bca53a4935ba96b8331c5d3579,org.apache.commons.csv.CSVParser,org.apache.commons.csv.CSVParser_ESTest,55,0,True
386,Defects4J,Cli-30,0,56a3f26442124280a769c0a28fc04ef0,org.apache.commons.cli.Parser,org.apache.commons.cli.Parser_ESTest,44,0,True
387,Defects4J,Cli-30,0,56a3f26442124280a769c0a28fc04ef0,org.apache.commons.cli.DefaultParser,org.apache.commons.cli.DefaultParser_ESTest,55,0,False
388,Defects4J,Cli-30,0,276e6831c3ee485e897bcec582c5276d,org.apache.commons.cli.Parser,org.apache.commons.cli.Parser_ESTest,46,0,True
389,Defects4J,Cli-30,0,276e6831c3ee485e897bcec582c5276d,org.apache.commons.cli.DefaultParser,org.apache.commons.cli.DefaultParser_ESTest,53,0,False
390,Defects4J,Cli-30,0,4d2ddee443cb42d6951e6d7c27357a99,org.apache.commons.cli.Parser,org.apache.commons.cli.Parser_ESTest,44,0,True
391,Defects4J,Cli-30,0,4d2ddee443cb42d6951e6d7c27357a99,org.apache.commons.cli.DefaultParser,org.apache.commons.cli.DefaultParser_ESTest,58,0,False
392,Defects4J,Cli-30,0,4e9ed2ad29c941d2a7505093dbb2bb25,org.apache.commons.cli.Parser,org.apache.commons.cli.Parser_ESTest,40,0,True
393,Defects4J,Cli-30,0,4e9ed2ad29c941d2a7505093dbb2bb25,org.apache.commons.cli.DefaultParser,org.apache.commons.cli.DefaultParser_ESTest,47,0,False
394,Defects4J,Cli-30,0,09468bacb09a4806a7aab83d93a71c2b,org.apache.commons.cli.Parser,org.apache.commons.cli.Parser_ESTest,43,0,True
395,Defects4J,Cli-30,0,09468bacb09a4806a7aab83d93a71c2b,org.apache.commons.cli.DefaultParser,org.apache.commons.cli.DefaultParser_ESTest,47,0,False
396,Defects4J,Cli-30,0,0992ffcf1b854960aaa236d64d5b15d7,org.apache.commons.cli.Parser,org.apache.commons.cli.Parser_ESTest,45,0,False
397,Defects4J,Cli-30,0,0992ffcf1b854960aaa236d64d5b15d7,org.apache.commons.cli.DefaultParser,org.apache.commons.cli.DefaultParser_ESTest,50,0,False
398,Defects4J,Cli-30,0,404c8a82f4244c44b688e6de6a9eea43,org.apache.commons.cli.Parser,org.apache.commons.cli.Parser_ESTest,42,0,False
399,Defects4J,Cli-30,0,404c8a82f4244c44b688e6de6a9eea43,org.apache.commons.cli.DefaultParser,org.apache.commons.cli.DefaultParser_ESTest,53,0,False
400,Defects4J,Cli-30,0,407be2e5e4f040e787fedc43aaf2e7fb,org.apache.commons.cli.Parser,org.apache.commons.cli.Parser_ESTest,43,0,False
401,Defects4J,Cli-30,0,407be2e5e4f040e787fedc43aaf2e7fb,org.apache.commons.cli.DefaultParser,org.apache.commons.cli.DefaultParser_ESTest,52,0,False
402,Defects4J,Cli-30,0,f44bb20ebe0447428d766996e45295a3,org.apache.commons.cli.Parser,org.apache.commons.cli.Parser_ESTest,46,0,True
403,Defects4J,Cli-30,0,f44bb20ebe0447428d766996e45295a3,org.apache.commons.cli.DefaultParser,org.apache.commons.cli.DefaultParser_ESTest,51,0,False
404,Defects4J,Cli-30,0,e7cf6dbab3d64a678510375d9a3c7a3e,org.apache.commons.cli.Parser,org.apache.commons.cli.Parser_ESTest,42,0,True
405,Defects4J,Cli-30,0,e7cf6dbab3d64a678510375d9a3c7a3e,org.apache.commons.cli.DefaultParser,org.apache.commons.cli.DefaultParser_ESTest,46,0,False
406,Defects4J,Cli-30,1,56a3f26442124280a769c0a28fc04ef0,org.apache.commons.cli.Parser,org.apache.commons.cli.Parser_ESTest,44,0,False
407,Defects4J,Cli-30,1,56a3f26442124280a769c0a28fc04ef0,org.apache.commons.cli.DefaultParser,org.apache.commons.cli.DefaultParser_ESTest,55,0,True
408,Defects4J,Cli-30,1,276e6831c3ee485e897bcec582c5276d,org.apache.commons.cli.Parser,org.apache.commons.cli.Parser_ESTest,46,0,False
409,Defects4J,Cli-30,1,276e6831c3ee485e897bcec582c5276d,org.apache.commons.cli.DefaultParser,org.apache.commons.cli.DefaultParser_ESTest,53,0,False
410,Defects4J,Cli-30,1,4d2ddee443cb42d6951e6d7c27357a99,org.apache.commons.cli.Parser,org.apache.commons.cli.Parser_ESTest,44,0,False
411,Defects4J,Cli-30,1,4d2ddee443cb42d6951e6d7c27357a99,org.apache.commons.cli.DefaultParser,org.apache.commons.cli.DefaultParser_ESTest,58,0,True
412,Defects4J,Cli-30,1,4e9ed2ad29c941d2a7505093dbb2bb25,org.apache.commons.cli.Parser,org.apache.commons.cli.Parser_ESTest,40,0,False
413,Defects4J,Cli-30,1,4e9ed2ad29c941d2a7505093dbb2bb25,org.apache.commons.cli.DefaultParser,org.apache.commons.cli.DefaultParser_ESTest,47,0,False
414,Defects4J,Cli-30,1,09468bacb09a4806a7aab83d93a71c2b,org.apache.commons.cli.Parser,org.apache.commons.cli.Parser_ESTest,43,0,False
415,Defects4J,Cli-30,1,09468bacb09a4806a7aab83d93a71c2b,org.apache.commons.cli.DefaultParser,org.apache.commons.cli.DefaultParser_ESTest,47,0,True
416,Defects4J,Cli-30,1,0992ffcf1b854960aaa236d64d5b15d7,org.apache.commons.cli.Parser,org.apache.commons.cli.Parser_ESTest,45,0,False
417,Defects4J,Cli-30,1,0992ffcf1b854960aaa236d64d5b15d7,org.apache.commons.cli.DefaultParser,org.apache.commons.cli.DefaultParser_ESTest,50,0,True
418,Defects4J,Cli-30,1,404c8a82f4244c44b688e6de6a9eea43,org.apache.commons.cli.Parser,org.apache.commons.cli.Parser_ESTest,42,0,False
419,Defects4J,Cli-30,1,404c8a82f4244c44b688e6de6a9eea43,org.apache.commons.cli.DefaultParser,org.apache.commons.cli.DefaultParser_ESTest,53,0,True
420,Defects4J,Cli-30,1,407be2e5e4f040e787fedc43aaf2e7fb,org.apache.commons.cli.Parser,org.apache.commons.cli.Parser_ESTest,43,0,False
421,Defects4J,Cli-30,1,407be2e5e4f040e787fedc43aaf2e7fb,org.apache.commons.cli.DefaultParser,org.apache.commons.cli.DefaultParser_ESTest,52,0,True
422,Defects4J,Cli-30,1,f44bb20ebe0447428d766996e45295a3,org.apache.commons.cli.Parser,org.apache.commons.cli.Parser_ESTest,46,0,False
423,Defects4J,Cli-30,1,f44bb20ebe0447428d766996e45295a3,org.apache.commons.cli.DefaultParser,org.apache.commons.cli.DefaultParser_ESTest,51,0,True
424,Defects4J,Cli-30,1,e7cf6dbab3d64a678510375d9a3c7a3e,org.apache.commons.cli.Parser,org.apache.commons.cli.Parser_ESTest,42,0,False
425,Defects4J,Cli-30,1,e7cf6dbab3d64a678510375d9a3c7a3e,org.apache.commons.cli.DefaultParser,org.apache.commons.cli.DefaultParser_ESTest,46,0,True
426,NPEX,PDFBox-55586aad,0,b96b082895a946909676d94f4ff7c890,org.apache.pdfbox.pdmodel.interactive.action.PDActionURI,org.apache.pdfbox.pdmodel.interactive.action.PDActionURI_ESTest,9,0,True
427,NPEX,PDFBox-55586aad,0,c87c1a7aa92e4e50bdd5db5e6360e59d,org.apache.pdfbox.pdmodel.interactive.action.PDActionURI,org.apache.pdfbox.pdmodel.interactive.action.PDActionURI_ESTest,9,0,True
428,NPEX,PDFBox-55586aad,0,b4a9e704aa0e43619928b899e6c1c5b8,org.apache.pdfbox.pdmodel.interactive.action.PDActionURI,org.apache.pdfbox.pdmodel.interactive.action.PDActionURI_ESTest,9,0,True
429,NPEX,PDFBox-55586aad,0,c42c368ca330427483ba935c16061ca4,org.apache.pdfbox.pdmodel.interactive.action.PDActionURI,org.apache.pdfbox.pdmodel.interactive.action.PDActionURI_ESTest,9,0,True
430,NPEX,PDFBox-55586aad,0,719140f26a46446e8327e9bbec4f54ba,org.apache.pdfbox.pdmodel.interactive.action.PDActionURI,org.apache.pdfbox.pdmodel.interactive.action.PDActionURI_ESTest,9,0,True
431,NPEX,PDFBox-55586aad,0,d876ddddc279443b8557a0871a341b3a,org.apache.pdfbox.pdmodel.interactive.action.PDActionURI,org.apache.pdfbox.pdmodel.interactive.action.PDActionURI_ESTest,9,0,True
432,NPEX,PDFBox-55586aad,0,e8e67c0b58804b9ba1f925b517dfac11,org.apache.pdfbox.pdmodel.interactive.action.PDActionURI,org.apache.pdfbox.pdmodel.interactive.action.PDActionURI_ESTest,9,0,True
433,NPEX,PDFBox-55586aad,0,8e27630806474096b82b17afae7eb1a5,org.apache.pdfbox.pdmodel.interactive.action.PDActionURI,org.apache.pdfbox.pdmodel.interactive.action.PDActionURI_ESTest,9,0,True
434,NPEX,PDFBox-55586aad,0,db2352197e89467bbf6cf02054f39c7b,org.apache.pdfbox.pdmodel.interactive.action.PDActionURI,org.apache.pdfbox.pdmodel.interactive.action.PDActionURI_ESTest,9,0,True
435,NPEX,PDFBox-55586aad,0,3b1f2f525cc24f58822fed15c1e38f2a,org.apache.pdfbox.pdmodel.interactive.action.PDActionURI,org.apache.pdfbox.pdmodel.interactive.action.PDActionURI_ESTest,9,0,True
436,NPEX,Log4j_2-6a233016,0,8e1084515eff48ac90b9105e58f15e0f,org.apache.logging.log4j.core.async.RingBufferLogEvent,org.apache.logging.log4j.core.async.RingBufferLogEvent_ESTest,94,0,True
437,NPEX,Log4j_2-6a233016,0,b26c9f2fb63c4f0aa4102e77f6583003,org.apache.logging.log4j.core.async.RingBufferLogEvent,org.apache.logging.log4j.core.async.RingBufferLogEvent_ESTest,91,0,True
438,NPEX,Log4j_2-6a233016,0,b3a27012253c46b2b835d40d420ca8d7,org.apache.logging.log4j.core.async.RingBufferLogEvent,org.apache.logging.log4j.core.async.RingBufferLogEvent_ESTest,121,0,True
439,NPEX,Log4j_2-6a233016,0,862250c5221e4d2a93ad57f47a772c66,org.apache.logging.log4j.core.async.RingBufferLogEvent,org.apache.logging.log4j.core.async.RingBufferLogEvent_ESTest,91,0,True
440,NPEX,Log4j_2-6a233016,0,3f4f7e181f664cff8a8197d03d980ebb,org.apache.logging.log4j.core.async.RingBufferLogEvent,org.apache.logging.log4j.core.async.RingBufferLogEvent_ESTest,92,0,True
441,NPEX,Log4j_2-6a233016,0,999e33ef6386467e9c175c7f7e075cb7,org.apache.logging.log4j.core.async.RingBufferLogEvent,org.apache.logging.log4j.core.async.RingBufferLogEvent_ESTest,95,0,True
442,NPEX,Log4j_2-6a233016,0,226f559b2ca24003ba7286929fd074b3,org.apache.logging.log4j.core.async.RingBufferLogEvent,org.apache.logging.log4j.core.async.RingBufferLogEvent_ESTest,90,0,True
443,NPEX,Log4j_2-6a233016,0,c054d1b8951f4b5887546aab4c319afc,org.apache.logging.log4j.core.async.RingBufferLogEvent,org.apache.logging.log4j.core.async.RingBufferLogEvent_ESTest,92,0,True
444,NPEX,Log4j_2-6a233016,0,0c9ca10839f7415c854f4c51e5f29585,org.apache.logging.log4j.core.async.RingBufferLogEvent,org.apache.logging.log4j.core.async.RingBufferLogEvent_ESTest,98,0,True
445,NPEX,Log4j_2-6a233016,0,b4531c04c2b4462d984f2de6f1d6beac,org.apache.logging.log4j.core.async.RingBufferLogEvent,org.apache.logging.log4j.core.async.RingBufferLogEvent_ESTest,91,0,True
446,NPEX,Ninja-16aa9c14,0,de12c1147ae34789893dc26311f39021,ninja.Route,ninja.Route_ESTest,26,0,True
447,NPEX,Ninja-16aa9c14,0,4505c8aad30a4221bef824f4b0a22da2,ninja.Route,ninja.Route_ESTest,28,0,True
448,NPEX,Ninja-16aa9c14,0,ccd0ee88dee94a94b60a0584174e3079,ninja.Route,ninja.Route_ESTest,28,0,True
449,NPEX,Ninja-16aa9c14,0,df532e67154d4b4bae572e337616262e,ninja.Route,ninja.Route_ESTest,28,0,True
450,NPEX,Ninja-16aa9c14,0,a7a8c169924040d2bb0b1e7059a8900c,ninja.Route,ninja.Route_ESTest,27,0,True
451,NPEX,Ninja-16aa9c14,0,cd02f34ebc064db596ed9226dc1d56f1,ninja.Route,ninja.Route_ESTest,28,0,False
452,NPEX,Ninja-16aa9c14,0,344bb7c1e542482394d88bfe9e65de5b,ninja.Route,ninja.Route_ESTest,24,0,True
453,NPEX,Ninja-16aa9c14,0,8b4c9ac0e9e94b82a739f2b8bcac0543,ninja.Route,ninja.Route_ESTest,28,0,True
454,NPEX,Ninja-16aa9c14,0,a0b5da74ec75470dae92d384847b8c40,ninja.Route,ninja.Route_ESTest,27,0,True
455,NPEX,Ninja-16aa9c14,0,d3f9fdc7da234c468f50976f968c85af,ninja.Route,ninja.Route_ESTest,26,0,True
456,NPEX,Aries_JPA-97cb979d,0,7649c32e844645f4849e69416060b168,org.apache.aries.jpa.blueprint.impl.AnnotationScanner,org.apache.aries.jpa.blueprint.impl.AnnotationScanner_ESTest,5,0,False
457,NPEX,Aries_JPA-97cb979d,0,576d11d9a4bd463499ba73dab10e12dc,org.apache.aries.jpa.blueprint.impl.AnnotationScanner,org.apache.aries.jpa.blueprint.impl.AnnotationScanner_ESTest,5,0,False
458,NPEX,Aries_JPA-97cb979d,0,1c2253d2348840ddb2045298bf365a82,org.apache.aries.jpa.blueprint.impl.AnnotationScanner,org.apache.aries.jpa.blueprint.impl.AnnotationScanner_ESTest,5,0,False
459,NPEX,Aries_JPA-97cb979d,0,991581d87f8e42ba9ba28819b76deee5,org.apache.aries.jpa.blueprint.impl.AnnotationScanner,org.apache.aries.jpa.blueprint.impl.AnnotationScanner_ESTest,5,0,False
460,NPEX,Aries_JPA-97cb979d,0,a4b817ea61f249a383cd0db9fef32817,org.apache.aries.jpa.blueprint.impl.AnnotationScanner,org.apache.aries.jpa.blueprint.impl.AnnotationScanner_ESTest,5,0,False
461,NPEX,Aries_JPA-97cb979d,0,80f24d64aca14a1e94fb62e46cff2440,org.apache.aries.jpa.blueprint.impl.AnnotationScanner,org.apache.aries.jpa.blueprint.impl.AnnotationScanner_ESTest,5,0,False
462,NPEX,Aries_JPA-97cb979d,0,93cd9e342be54dcdabcb2a0ce07c55de,org.apache.aries.jpa.blueprint.impl.AnnotationScanner,org.apache.aries.jpa.blueprint.impl.AnnotationScanner_ESTest,5,0,False
463,NPEX,Aries_JPA-97cb979d,0,e5254f7bf7544a4ab8d00b262dea7f7a,org.apache.aries.jpa.blueprint.impl.AnnotationScanner,org.apache.aries.jpa.blueprint.impl.AnnotationScanner_ESTest,5,0,False
464,NPEX,Aries_JPA-97cb979d,0,edb6b288b77045a9894cc8a2cb33ec0d,org.apache.aries.jpa.blueprint.impl.AnnotationScanner,org.apache.aries.jpa.blueprint.impl.AnnotationScanner_ESTest,5,0,False
465,NPEX,Aries_JPA-97cb979d,0,a847f79930d444d3b3424877d877dcb3,org.apache.aries.jpa.blueprint.impl.AnnotationScanner,org.apache.aries.jpa.blueprint.impl.AnnotationScanner_ESTest,5,0,False
466,NPEX,Activiti-c45d6c3c,0,727a50498b514265a2b053ebf14ee0bf,org.activiti.engine.impl.variable.JPAEntityMappings,org.activiti.engine.impl.variable.JPAEntityMappings_ESTest,24,0,False
467,NPEX,Activiti-c45d6c3c,0,58000901062f4ee985499fe5a9e29690,org.activiti.engine.impl.variable.JPAEntityMappings,org.activiti.engine.impl.variable.JPAEntityMappings_ESTest,20,0,False
468,NPEX,Activiti-c45d6c3c,0,7b87c8215fd246fcacce33d0d3e3471f,org.activiti.engine.impl.variable.JPAEntityMappings,org.activiti.engine.impl.variable.JPAEntityMappings_ESTest,24,0,False
469,NPEX,Activiti-c45d6c3c,0,0c7fe1ef838e4625a3bb73a1bc9f2092,org.activiti.engine.impl.variable.JPAEntityMappings,org.activiti.engine.impl.variable.JPAEntityMappings_ESTest,20,0,False
470,NPEX,Activiti-c45d6c3c,0,d473faa3934a4ac0a1a7b97b8ed51416,org.activiti.engine.impl.variable.JPAEntityMappings,org.activiti.engine.impl.variable.JPAEntityMappings_ESTest,22,0,False
471,NPEX,Activiti-c45d6c3c,0,ac0ea397822a4455bc75579b08e468b0,org.activiti.engine.impl.variable.JPAEntityMappings,org.activiti.engine.impl.variable.JPAEntityMappings_ESTest,23,0,False
472,NPEX,Activiti-c45d6c3c,0,303f001fa60a4a799e0ec69b0d6976d8,org.activiti.engine.impl.variable.JPAEntityMappings,org.activiti.engine.impl.variable.JPAEntityMappings_ESTest,20,0,False
473,NPEX,Activiti-c45d6c3c,0,372f541d8c3f4a59bb34b9e7d6808c09,org.activiti.engine.impl.variable.JPAEntityMappings,org.activiti.engine.impl.variable.JPAEntityMappings_ESTest,21,0,False
474,NPEX,Activiti-c45d6c3c,0,7df4cf12e8c5444cb99530e18e5a7c7c,org.activiti.engine.impl.variable.JPAEntityMappings,org.activiti.engine.impl.variable.JPAEntityMappings_ESTest,21,0,False
475,NPEX,Activiti-c45d6c3c,0,e66c333e3ce64e37a1b46cd118cacf73,org.activiti.engine.impl.variable.JPAEntityMappings,org.activiti.engine.impl.variable.JPAEntityMappings_ESTest,21,0,False
476,NPEX,Nutz-87a4b212,0,2da48c646a414d509d4d8d8fa4a6fce9,org.nutz.lang.Mirror,org.nutz.lang.Mirror_ESTest,286,0,True
477,NPEX,Nutz-87a4b212,0,5655784a733f4b7fb0a2bfdafa394cad,org.nutz.lang.Mirror,org.nutz.lang.Mirror_ESTest,302,0,True
478,NPEX,Nutz-87a4b212,0,0dec9f0dc63348d29069149133500e3f,org.nutz.lang.Mirror,org.nutz.lang.Mirror_ESTest,272,0,True
479,NPEX,Nutz-87a4b212,0,bde8e155ea0d40e48cb4eb34d7e5ce26,org.nutz.lang.Mirror,org.nutz.lang.Mirror_ESTest,291,0,True
480,NPEX,Nutz-87a4b212,0,1cabdaab47414d879b47568c58a330a1,org.nutz.lang.Mirror,org.nutz.lang.Mirror_ESTest,296,0,True
481,NPEX,Nutz-87a4b212,0,76121972ea8348a889d4faa5a12c9ae5,org.nutz.lang.Mirror,org.nutz.lang.Mirror_ESTest,290,0,True
482,NPEX,Nutz-87a4b212,0,1b6d4b1795934268900a6de93ef2ba47,org.nutz.lang.Mirror,org.nutz.lang.Mirror_ESTest,297,0,True
483,NPEX,Nutz-87a4b212,0,2de0c67a207d48199837567d425a721c,org.nutz.lang.Mirror,org.nutz.lang.Mirror_ESTest,285,0,True
484,NPEX,Nutz-87a4b212,0,2d9fd43f50f04dba95d33428d7c5e288,org.nutz.lang.Mirror,org.nutz.lang.Mirror_ESTest,250,0,False
485,NPEX,Nutz-87a4b212,0,a42a4bc50991400da704332fcd1ef7d1,org.nutz.lang.Mirror,org.nutz.lang.Mirror_ESTest,292,0,True
486,NPEX,OpenPDF-a89dfdf5,0,53b373614fad4998b563f5ea6dd78cc5,com.lowagie.text.pdf.StandardDecryption,com.lowagie.text.pdf.StandardDecryption_ESTest,17,0,True
487,NPEX,OpenPDF-a89dfdf5,0,3c55e50b746f43b7adad88eeb38ad245,com.lowagie.text.pdf.StandardDecryption,com.lowagie.text.pdf.StandardDecryption_ESTest,15,0,True
488,NPEX,OpenPDF-a89dfdf5,0,559e9f385adf4b2ea34a66d6980bb6a6,com.lowagie.text.pdf.StandardDecryption,com.lowagie.text.pdf.StandardDecryption_ESTest,18,0,True
489,NPEX,OpenPDF-a89dfdf5,0,d022b99a2d6e4eda8d99a36f7583b138,com.lowagie.text.pdf.StandardDecryption,com.lowagie.text.pdf.StandardDecryption_ESTest,16,0,True
490,NPEX,OpenPDF-a89dfdf5,0,4f3d7e014ddb498db4383b6e1e4e0368,com.lowagie.text.pdf.StandardDecryption,com.lowagie.text.pdf.StandardDecryption_ESTest,15,0,True
491,NPEX,OpenPDF-a89dfdf5,0,b7516001b6aa40969d24fd4d3b607cf3,com.lowagie.text.pdf.StandardDecryption,com.lowagie.text.pdf.StandardDecryption_ESTest,15,0,True
492,NPEX,OpenPDF-a89dfdf5,0,c5f02ff11466415e84d3a456e6020a18,com.lowagie.text.pdf.StandardDecryption,com.lowagie.text.pdf.StandardDecryption_ESTest,16,0,True
493,NPEX,OpenPDF-a89dfdf5,0,e052ec1f87af4ed29150fa97a85d497b,com.lowagie.text.pdf.StandardDecryption,com.lowagie.text.pdf.StandardDecryption_ESTest,16,0,True
494,NPEX,OpenPDF-a89dfdf5,0,4e0c1e2a5b8a4ec6985c2a097671738c,com.lowagie.text.pdf.StandardDecryption,com.lowagie.text.pdf.StandardDecryption_ESTest,15,0,True
495,NPEX,OpenPDF-a89dfdf5,0,ac27ad2cfa75471a940250b1a151b191,com.lowagie.text.pdf.StandardDecryption,com.lowagie.text.pdf.StandardDecryption_ESTest,16,0,True
496,NPEX,ActiveMQ_Artemis-586abba9,0,60a7fa32103844c2bde8ec2616749bfa,org.apache.activemq.artemis.selector.filter.UnaryExpression,org.apache.activemq.artemis.selector.filter.UnaryExpression_ESTest,39,0,False
497,NPEX,ActiveMQ_Artemis-586abba9,0,b0ab0fcc6931415bb61a6c0a2bfcefac,org.apache.activemq.artemis.selector.filter.UnaryExpression,org.apache.activemq.artemis.selector.filter.UnaryExpression_ESTest,38,0,False
498,NPEX,ActiveMQ_Artemis-586abba9,0,fb078da142c5418da31e0770a8722b6b,org.apache.activemq.artemis.selector.filter.UnaryExpression,org.apache.activemq.artemis.selector.filter.UnaryExpression_ESTest,33,0,False
499,NPEX,ActiveMQ_Artemis-586abba9,0,156bb80f12764a98bc7257f4747206cd,org.apache.activemq.artemis.selector.filter.UnaryExpression,org.apache.activemq.artemis.selector.filter.UnaryExpression_ESTest,34,0,False
500,NPEX,ActiveMQ_Artemis-586abba9,0,bd79488c59a447b08eb84564453cac28,org.apache.activemq.artemis.selector.filter.UnaryExpression,org.apache.activemq.artemis.selector.filter.UnaryExpression_ESTest,38,0,False
501,NPEX,ActiveMQ_Artemis-586abba9,0,a7d3bcca70b9430a862d494d63396d0b,org.apache.activemq.artemis.selector.filter.UnaryExpression,org.apache.activemq.artemis.selector.filter.UnaryExpression_ESTest,35,0,False
502,NPEX,ActiveMQ_Artemis-586abba9,0,f6e899f71a264432b464e9832bd0783f,org.apache.activemq.artemis.selector.filter.UnaryExpression,org.apache.activemq.artemis.selector.filter.UnaryExpression_ESTest,38,0,False
503,NPEX,ActiveMQ_Artemis-586abba9,0,58d40ad09a904d5fb6259a8429c79d97,org.apache.activemq.artemis.selector.filter.UnaryExpression,org.apache.activemq.artemis.selector.filter.UnaryExpression_ESTest,36,0,False
504,NPEX,ActiveMQ_Artemis-586abba9,0,f9f69e9602a944449af42263c973d039,org.apache.activemq.artemis.selector.filter.UnaryExpression,org.apache.activemq.artemis.selector.filter.UnaryExpression_ESTest,37,0,False
505,NPEX,ActiveMQ_Artemis-586abba9,0,fde0a50628ce43a6a440da6e54258b85,org.apache.activemq.artemis.selector.filter.UnaryExpression,org.apache.activemq.artemis.selector.filter.UnaryExpression_ESTest,36,0,False
506,NPEX,ShardingSphere-82b1b9d5,0,ade2389415914167af0ec044a5839283,org.apache.shardingsphere.infra.executor.sql.context.ExecutionContextBuilder,org.apache.shardingsphere.infra.executor.sql.context.ExecutionContextBuilder_ESTest,6,0,False
507,NPEX,ShardingSphere-82b1b9d5,0,2207c031ba1348f89f3fbc4b199a508a,org.apache.shardingsphere.infra.executor.sql.context.ExecutionContextBuilder,org.apache.shardingsphere.infra.executor.sql.context.ExecutionContextBuilder_ESTest,7,0,False
508,NPEX,ShardingSphere-82b1b9d5,0,2b4bb05485594598a25edb879d89e33c,org.apache.shardingsphere.infra.executor.sql.context.ExecutionContextBuilder,org.apache.shardingsphere.infra.executor.sql.context.ExecutionContextBuilder_ESTest,5,0,False
509,NPEX,ShardingSphere-82b1b9d5,0,eff954322d9049e4a7265d83d29d7546,org.apache.shardingsphere.infra.executor.sql.context.ExecutionContextBuilder,org.apache.shardingsphere.infra.executor.sql.context.ExecutionContextBuilder_ESTest,6,0,False
510,NPEX,ShardingSphere-82b1b9d5,0,898a8da16bfe486babd6525392567eb7,org.apache.shardingsphere.infra.executor.sql.context.ExecutionContextBuilder,org.apache.shardingsphere.infra.executor.sql.context.ExecutionContextBuilder_ESTest,7,0,False
511,NPEX,ShardingSphere-82b1b9d5,0,8508b5c584b74f8cbe6bd18dc6ac6b57,org.apache.shardingsphere.infra.executor.sql.context.ExecutionContextBuilder,org.apache.shardingsphere.infra.executor.sql.context.ExecutionContextBuilder_ESTest,7,0,False
512,NPEX,ShardingSphere-82b1b9d5,0,440f3d59e5ae47ad998a907c7458cb8d,org.apache.shardingsphere.infra.executor.sql.context.ExecutionContextBuilder,org.apache.shardingsphere.infra.executor.sql.context.ExecutionContextBuilder_ESTest,6,0,False
513,NPEX,ShardingSphere-82b1b9d5,0,b843457b18ae4cb8a487f7b959636d13,org.apache.shardingsphere.infra.executor.sql.context.ExecutionContextBuilder,org.apache.shardingsphere.infra.executor.sql.context.ExecutionContextBuilder_ESTest,5,0,False
514,NPEX,ShardingSphere-82b1b9d5,0,9063de43f6a34b08a8851ce041db8cf6,org.apache.shardingsphere.infra.executor.sql.context.ExecutionContextBuilder,org.apache.shardingsphere.infra.executor.sql.context.ExecutionContextBuilder_ESTest,7,0,False
515,NPEX,ShardingSphere-82b1b9d5,0,309ef64c67df4fbaa260e0b475c7d805,org.apache.shardingsphere.infra.executor.sql.context.ExecutionContextBuilder,org.apache.shardingsphere.infra.executor.sql.context.ExecutionContextBuilder_ESTest,6,0,False
516,NPEX,CXF-7cfc8d07,0,09e95ff1f8f94b8fb59adc56e3157295,org.apache.cxf.rs.security.jose.jws.JwsUtils,org.apache.cxf.rs.security.jose.jws.JwsUtils_ESTest,123,0,False
517,NPEX,CXF-7cfc8d07,0,da31a11182b340fe9ed7432e593a2315,org.apache.cxf.rs.security.jose.jws.JwsUtils,org.apache.cxf.rs.security.jose.jws.JwsUtils_ESTest,125,0,False
518,NPEX,CXF-7cfc8d07,0,83e6446c1a9343e283ce7390900a764a,org.apache.cxf.rs.security.jose.jws.JwsUtils,org.apache.cxf.rs.security.jose.jws.JwsUtils_ESTest,127,0,False
519,NPEX,CXF-7cfc8d07,0,3fc6f8e5d4094b4fbacb1f2706cfe35e,org.apache.cxf.rs.security.jose.jws.JwsUtils,org.apache.cxf.rs.security.jose.jws.JwsUtils_ESTest,118,0,False
520,NPEX,CXF-7cfc8d07,0,4d116f12f60b44db994e6f032a85c538,org.apache.cxf.rs.security.jose.jws.JwsUtils,org.apache.cxf.rs.security.jose.jws.JwsUtils_ESTest,123,0,False
521,NPEX,CXF-7cfc8d07,0,fac5ea68e81f472da341e075690894ef,org.apache.cxf.rs.security.jose.jws.JwsUtils,org.apache.cxf.rs.security.jose.jws.JwsUtils_ESTest,126,0,False
522,NPEX,CXF-7cfc8d07,0,039a70b6bb9b4538a7f159431dd831cb,org.apache.cxf.rs.security.jose.jws.JwsUtils,org.apache.cxf.rs.security.jose.jws.JwsUtils_ESTest,124,0,False
523,NPEX,CXF-7cfc8d07,0,b26bd1c4c3a743b790b721ededc3faff,org.apache.cxf.rs.security.jose.jws.JwsUtils,org.apache.cxf.rs.security.jose.jws.JwsUtils_ESTest,169,0,False
524,NPEX,CXF-7cfc8d07,0,7684462390bc40c38246c629db6072a7,org.apache.cxf.rs.security.jose.jws.JwsUtils,org.apache.cxf.rs.security.jose.jws.JwsUtils_ESTest,127,0,False
525,NPEX,CXF-7cfc8d07,0,2c3182d244814c0bb3aa3b4492f7bf9f,org.apache.cxf.rs.security.jose.jws.JwsUtils,org.apache.cxf.rs.security.jose.jws.JwsUtils_ESTest,116,0,False
526,NPEX,Fastjson-650a300f,0,14ebfde130c54f43804b062931bcade5,com.alibaba.fastjson.parser.deserializer.DefaultFieldDeserializer,com.alibaba.fastjson.parser.deserializer.DefaultFieldDeserializer_ESTest,23,0,False
527,NPEX,Fastjson-650a300f,0,96171b8b0499452b905f3380a2797f6d,com.alibaba.fastjson.parser.deserializer.DefaultFieldDeserializer,com.alibaba.fastjson.parser.deserializer.DefaultFieldDeserializer_ESTest,20,0,False
528,NPEX,Fastjson-650a300f,0,70299f41b46e42178a68e997528ff921,com.alibaba.fastjson.parser.deserializer.DefaultFieldDeserializer,com.alibaba.fastjson.parser.deserializer.DefaultFieldDeserializer_ESTest,24,0,False
529,NPEX,Fastjson-650a300f,0,74898239a5ac49ed8bc58c8eeae014d8,com.alibaba.fastjson.parser.deserializer.DefaultFieldDeserializer,com.alibaba.fastjson.parser.deserializer.DefaultFieldDeserializer_ESTest,22,0,False
530,NPEX,Fastjson-650a300f,0,db1e35659c5a4318a2821606afa78e89,com.alibaba.fastjson.parser.deserializer.DefaultFieldDeserializer,com.alibaba.fastjson.parser.deserializer.DefaultFieldDeserializer_ESTest,19,0,True
531,NPEX,Fastjson-650a300f,0,375231a9dc31407f82fff2b4148be26c,com.alibaba.fastjson.parser.deserializer.DefaultFieldDeserializer,com.alibaba.fastjson.parser.deserializer.DefaultFieldDeserializer_ESTest,18,0,False
532,NPEX,Fastjson-650a300f,0,4289adaaed3945deab3dbb9e9268d9a1,com.alibaba.fastjson.parser.deserializer.DefaultFieldDeserializer,com.alibaba.fastjson.parser.deserializer.DefaultFieldDeserializer_ESTest,19,0,False
533,NPEX,Fastjson-650a300f,0,9fb0b331fe5048628d3e6504de6609b8,com.alibaba.fastjson.parser.deserializer.DefaultFieldDeserializer,com.alibaba.fastjson.parser.deserializer.DefaultFieldDeserializer_ESTest,20,0,False
534,NPEX,Fastjson-650a300f,0,d4ca8db7dfaa4bcea71970e50bddfd39,com.alibaba.fastjson.parser.deserializer.DefaultFieldDeserializer,com.alibaba.fastjson.parser.deserializer.DefaultFieldDeserializer_ESTest,21,0,False
535,NPEX,Fastjson-650a300f,0,f2531059c8314884bbc6a6ee718d67be,com.alibaba.fastjson.parser.deserializer.DefaultFieldDeserializer,com.alibaba.fastjson.parser.deserializer.DefaultFieldDeserializer_ESTest,22,0,False
536,NPEX,FOP-10e0d1c2,0,937d8ae43bc248d09068a3ed1b45772e,org.apache.fop.fonts.SingleByteFont,org.apache.fop.fonts.SingleByteFont_ESTest,94,0,False
537,NPEX,FOP-10e0d1c2,0,9e4bec090ab44f748fe970ef4cacfaf5,org.apache.fop.fonts.SingleByteFont,org.apache.fop.fonts.SingleByteFont_ESTest,102,0,True
538,NPEX,FOP-10e0d1c2,0,e18a20fd43264d298fa0873c28fadb23,org.apache.fop.fonts.SingleByteFont,org.apache.fop.fonts.SingleByteFont_ESTest,87,0,True
539,NPEX,FOP-10e0d1c2,0,0ad0075fddb24c10a28a3c5f04898fc3,org.apache.fop.fonts.SingleByteFont,org.apache.fop.fonts.SingleByteFont_ESTest,91,0,True
540,NPEX,FOP-10e0d1c2,0,d48a55549d914a01b1d0f93328f46933,org.apache.fop.fonts.SingleByteFont,org.apache.fop.fonts.SingleByteFont_ESTest,99,0,True
541,NPEX,FOP-10e0d1c2,0,3222e84808d64da3bbcbe17a57011fbf,org.apache.fop.fonts.SingleByteFont,org.apache.fop.fonts.SingleByteFont_ESTest,98,0,False
542,NPEX,FOP-10e0d1c2,0,8cba7eed70fc42648b25bc5710898070,org.apache.fop.fonts.SingleByteFont,org.apache.fop.fonts.SingleByteFont_ESTest,87,0,True
543,NPEX,FOP-10e0d1c2,0,fd035dba23dc4bf7a455e7391708f43c,org.apache.fop.fonts.SingleByteFont,org.apache.fop.fonts.SingleByteFont_ESTest,101,0,False
544,NPEX,FOP-10e0d1c2,0,0392aa21414c4db4b8b44ce676773bfe,org.apache.fop.fonts.SingleByteFont,org.apache.fop.fonts.SingleByteFont_ESTest,95,0,True
545,NPEX,FOP-10e0d1c2,0,1f8a4cf692b84fe894b38a0b21d83deb,org.apache.fop.fonts.SingleByteFont,org.apache.fop.fonts.SingleByteFont_ESTest,95,0,True
546,NPEX,Log4j_2-85661de7,0,1d5cef7acdd547e081c5c475705634fa,org.apache.logging.log4j.spi.AbstractLogger,org.apache.logging.log4j.spi.AbstractLogger_ESTest,263,0,False
547,NPEX,Log4j_2-85661de7,0,00bf9ba2e4b1414d89695e8a8059cd21,org.apache.logging.log4j.spi.AbstractLogger,org.apache.logging.log4j.spi.AbstractLogger_ESTest,304,0,False
548,NPEX,Log4j_2-85661de7,0,00bf9ba2e4b1414d89695e8a8059cd21,org.apache.logging.log4j.spi.AbstractLogger,org.apache.logging.log4j.spi.AbstractLogger_ESTest$1,304,0,False
549,NPEX,Log4j_2-85661de7,0,4fdf0bb402a646eaac82cc02e10f53cf,org.apache.logging.log4j.spi.AbstractLogger,org.apache.logging.log4j.spi.AbstractLogger_ESTest,293,0,False
550,NPEX,Log4j_2-85661de7,0,f0f9745d66de48c8b8f35fef0a6d84a7,org.apache.logging.log4j.spi.AbstractLogger,org.apache.logging.log4j.spi.AbstractLogger_ESTest,301,0,False
551,NPEX,Log4j_2-85661de7,0,856464d59abf4be48a97efbad26e7dfb,org.apache.logging.log4j.spi.AbstractLogger,org.apache.logging.log4j.spi.AbstractLogger_ESTest,296,0,False
552,NPEX,Log4j_2-85661de7,0,30bdd6ca671b4d0aac766cbfe20a0ad4,org.apache.logging.log4j.spi.AbstractLogger,org.apache.logging.log4j.spi.AbstractLogger_ESTest,275,0,False
553,NPEX,Log4j_2-85661de7,0,e2b7b360bd92477fb449532d229167d9,org.apache.logging.log4j.spi.AbstractLogger,org.apache.logging.log4j.spi.AbstractLogger_ESTest,288,0,False
554,NPEX,HttpComponents_Client-1026a1e5,0,1898897d801e40f692773273258cde92,org.apache.hc.client5.http.impl.classic.MinimalHttpClient,org.apache.hc.client5.http.impl.classic.MinimalHttpClient_ESTest,13,0,False
555,NPEX,HttpComponents_Client-1026a1e5,0,2f4a26b620574cfc93c5cfce97833706,org.apache.hc.client5.http.impl.classic.MinimalHttpClient,org.apache.hc.client5.http.impl.classic.MinimalHttpClient_ESTest,15,0,False
556,NPEX,HttpComponents_Client-1026a1e5,0,ef818cfa684a4798900a241a9c774d4f,org.apache.hc.client5.http.impl.classic.MinimalHttpClient,org.apache.hc.client5.http.impl.classic.MinimalHttpClient_ESTest$1,14,0,False
557,NPEX,HttpComponents_Client-1026a1e5,0,ef818cfa684a4798900a241a9c774d4f,org.apache.hc.client5.http.impl.classic.MinimalHttpClient,org.apache.hc.client5.http.impl.classic.MinimalHttpClient_ESTest,14,0,False
558,NPEX,HttpComponents_Client-1026a1e5,0,15f4dc4735024dbc83e5028025ccd39e,org.apache.hc.client5.http.impl.classic.MinimalHttpClient,org.apache.hc.client5.http.impl.classic.MinimalHttpClient_ESTest,14,0,False
559,NPEX,HttpComponents_Client-1026a1e5,0,2ea39b5ea2f14f2c8e821592ee2c5bc3,org.apache.hc.client5.http.impl.classic.MinimalHttpClient,org.apache.hc.client5.http.impl.classic.MinimalHttpClient_ESTest,16,0,False
560,NPEX,HttpComponents_Client-1026a1e5,0,1b7e44d53cb0437ea27c95dd9f589887,org.apache.hc.client5.http.impl.classic.MinimalHttpClient,org.apache.hc.client5.http.impl.classic.MinimalHttpClient_ESTest,14,0,False
561,NPEX,HttpComponents_Client-1026a1e5,0,4532ae1dfe284adc87118f89b7fef7c5,org.apache.hc.client5.http.impl.classic.MinimalHttpClient,org.apache.hc.client5.http.impl.classic.MinimalHttpClient_ESTest,12,0,False
562,NPEX,HttpComponents_Client-1026a1e5,0,d4c9b2ea7c774cd88364ab6bd6524f0e,org.apache.hc.client5.http.impl.classic.MinimalHttpClient,org.apache.hc.client5.http.impl.classic.MinimalHttpClient_ESTest,12,0,False
563,NPEX,HttpComponents_Client-1026a1e5,0,78c9a9c8e1974f7eb0a0abe46b45f7c5,org.apache.hc.client5.http.impl.classic.MinimalHttpClient,org.apache.hc.client5.http.impl.classic.MinimalHttpClient_ESTest,13,0,False
564,NPEX,HttpComponents_Client-1026a1e5,0,ed4996c15dbe42f7a96c80f5b5a3cbc5,org.apache.hc.client5.http.impl.classic.MinimalHttpClient,org.apache.hc.client5.http.impl.classic.MinimalHttpClient_ESTest,12,0,False
565,NPEX,Commons_Configuration-a76a3a65,0,e982985aef4d43b09c628fde24d57e33,org.apache.commons.configuration2.XMLConfiguration,org.apache.commons.configuration2.XMLConfiguration_ESTest$1,67,0,True
566,NPEX,Commons_Configuration-a76a3a65,0,e982985aef4d43b09c628fde24d57e33,org.apache.commons.configuration2.XMLConfiguration,org.apache.commons.configuration2.XMLConfiguration_ESTest,67,0,True
567,NPEX,Commons_Configuration-a76a3a65,0,0a9c5bbedba242588494a277b1cc3fc0,org.apache.commons.configuration2.XMLConfiguration,org.apache.commons.configuration2.XMLConfiguration_ESTest,63,0,True
568,NPEX,Commons_Configuration-a76a3a65,0,91036c60ae544db3877515772144452e,org.apache.commons.configuration2.XMLConfiguration,org.apache.commons.configuration2.XMLConfiguration_ESTest$1,58,0,True
569,NPEX,Commons_Configuration-a76a3a65,0,91036c60ae544db3877515772144452e,org.apache.commons.configuration2.XMLConfiguration,org.apache.commons.configuration2.XMLConfiguration_ESTest,58,0,True
570,NPEX,Commons_Configuration-a76a3a65,0,003e7c7f7c8b427f8027170ad08dbcee,org.apache.commons.configuration2.XMLConfiguration,org.apache.commons.configuration2.XMLConfiguration_ESTest,62,0,True
571,NPEX,Commons_Configuration-a76a3a65,0,2d96b125a2474af587ddfed50c4d36e8,org.apache.commons.configuration2.XMLConfiguration,org.apache.commons.configuration2.XMLConfiguration_ESTest$1,58,0,True
572,NPEX,Commons_Configuration-a76a3a65,0,2d96b125a2474af587ddfed50c4d36e8,org.apache.commons.configuration2.XMLConfiguration,org.apache.commons.configuration2.XMLConfiguration_ESTest,58,0,True
573,NPEX,Commons_Configuration-a76a3a65,0,5e75db6dca7249a38a5557354ecdfd42,org.apache.commons.configuration2.XMLConfiguration,org.apache.commons.configuration2.XMLConfiguration_ESTest$1,61,0,True
574,NPEX,Commons_Configuration-a76a3a65,0,5e75db6dca7249a38a5557354ecdfd42,org.apache.commons.configuration2.XMLConfiguration,org.apache.commons.configuration2.XMLConfiguration_ESTest,61,0,True
575,NPEX,Commons_Configuration-a76a3a65,0,482b1e0a32f544dbb42c8d215c43d2f9,org.apache.commons.configuration2.XMLConfiguration,org.apache.commons.configuration2.XMLConfiguration_ESTest$1,53,0,True
576,NPEX,Commons_Configuration-a76a3a65,0,482b1e0a32f544dbb42c8d215c43d2f9,org.apache.commons.configuration2.XMLConfiguration,org.apache.commons.configuration2.XMLConfiguration_ESTest,53,0,True
577,NPEX,Commons_Configuration-a76a3a65,0,d202b46001ac4dc9a53550ca1ee32475,org.apache.commons.configuration2.XMLConfiguration,org.apache.commons.configuration2.XMLConfiguration_ESTest,61,0,True
578,NPEX,Commons_Configuration-a76a3a65,0,ef8d3de65e4e413f910e1fce19312dd7,org.apache.commons.configuration2.XMLConfiguration,org.apache.commons.configuration2.XMLConfiguration_ESTest$1,59,0,True
579,NPEX,Commons_Configuration-a76a3a65,0,ef8d3de65e4e413f910e1fce19312dd7,org.apache.commons.configuration2.XMLConfiguration,org.apache.commons.configuration2.XMLConfiguration_ESTest,59,0,True
580,NPEX,Commons_Configuration-a76a3a65,0,e2713c9a14e84fdb80aacbc146036188,org.apache.commons.configuration2.XMLConfiguration,org.apache.commons.configuration2.XMLConfiguration_ESTest,146,0,True
581,NPEX,Commons_Collections-796114ea,0,f4377211593743fb8bb3804ec7cc1878,org.apache.commons.collections4.trie.AbstractPatriciaTrie,org.apache.commons.collections4.trie.AbstractPatriciaTrie_ESTest,147,0,False
582,NPEX,Commons_Collections-796114ea,0,005cf82298e94b46a6421d880812a576,org.apache.commons.collections4.trie.AbstractPatriciaTrie,org.apache.commons.collections4.trie.AbstractPatriciaTrie_ESTest,147,0,False
583,NPEX,Commons_Collections-796114ea,0,1c5805fd3c864746a06d254003688431,org.apache.commons.collections4.trie.AbstractPatriciaTrie,org.apache.commons.collections4.trie.AbstractPatriciaTrie_ESTest,145,0,False
584,NPEX,Commons_Collections-796114ea,0,b257c18af1a6433f9f35653e167bc709,org.apache.commons.collections4.trie.AbstractPatriciaTrie,org.apache.commons.collections4.trie.AbstractPatriciaTrie_ESTest,144,0,False
585,NPEX,Commons_Collections-796114ea,0,5454c6edb95e4368b5b2a59ba59acd96,org.apache.commons.collections4.trie.AbstractPatriciaTrie,org.apache.commons.collections4.trie.AbstractPatriciaTrie_ESTest,156,0,False
586,NPEX,Commons_Collections-796114ea,0,08ae737cd93143918d69ca48641310e1,org.apache.commons.collections4.trie.AbstractPatriciaTrie,org.apache.commons.collections4.trie.AbstractPatriciaTrie_ESTest,150,0,False
587,NPEX,Commons_Collections-796114ea,0,f2b554a362b84d168771231eb01c1b49,org.apache.commons.collections4.trie.AbstractPatriciaTrie,org.apache.commons.collections4.trie.AbstractPatriciaTrie_ESTest,148,0,False
588,NPEX,Commons_Collections-796114ea,0,974c1ff2f4b140b4991fbb9eddb57906,org.apache.commons.collections4.trie.AbstractPatriciaTrie,org.apache.commons.collections4.trie.AbstractPatriciaTrie_ESTest,151,0,False
589,NPEX,Commons_Collections-796114ea,0,3b23c1ef48db41659dfee0e8d49e35b3,org.apache.commons.collections4.trie.AbstractPatriciaTrie,org.apache.commons.collections4.trie.AbstractPatriciaTrie_ESTest,136,0,False
590,NPEX,Commons_Collections-796114ea,0,e9c3366ca2d04289a862c0053c33bde0,org.apache.commons.collections4.trie.AbstractPatriciaTrie,org.apache.commons.collections4.trie.AbstractPatriciaTrie_ESTest,148,0,False
591,NPEX,JSPWiki-d5bcff78,0,964b33c5cad546dcae4620e7ecfa30f7,org.apache.wiki.util.HttpUtil,org.apache.wiki.util.HttpUtil_ESTest,49,0,False
592,NPEX,JSPWiki-d5bcff78,0,d7ca2cee97f441f39099a143acb8e62e,org.apache.wiki.util.HttpUtil,org.apache.wiki.util.HttpUtil_ESTest,51,0,False
593,NPEX,JSPWiki-d5bcff78,0,dae03268d5ff4904b27a4cb847aa871b,org.apache.wiki.util.HttpUtil,org.apache.wiki.util.HttpUtil_ESTest,52,0,False
594,NPEX,JSPWiki-d5bcff78,0,705e9af5c2be4a55b34b2d6a2ccd8f2c,org.apache.wiki.util.HttpUtil,org.apache.wiki.util.HttpUtil_ESTest,54,0,False
595,NPEX,JSPWiki-d5bcff78,0,5f31feb94079480aba6a852e18e51b23,org.apache.wiki.util.HttpUtil,org.apache.wiki.util.HttpUtil_ESTest,48,0,False
596,NPEX,JSPWiki-d5bcff78,0,62171f29106a4571a6c3faeb9cdd3c5f,org.apache.wiki.util.HttpUtil,org.apache.wiki.util.HttpUtil_ESTest,49,0,False
597,NPEX,JSPWiki-d5bcff78,0,6fc18694c0b14371a0bec198e5e0ef57,org.apache.wiki.util.HttpUtil,org.apache.wiki.util.HttpUtil_ESTest,52,0,False
598,NPEX,JSPWiki-d5bcff78,0,eea8861c8ab34725817a7d194bbe4f3e,org.apache.wiki.util.HttpUtil,org.apache.wiki.util.HttpUtil_ESTest,54,0,False
599,NPEX,JSPWiki-d5bcff78,0,8bae7bcd15ac4d1eb3d650bf8480c637,org.apache.wiki.util.HttpUtil,org.apache.wiki.util.HttpUtil_ESTest,54,0,False
600,NPEX,JSPWiki-d5bcff78,0,02db78f34f7d4bb8ba8df664c7565e57,org.apache.wiki.util.HttpUtil,org.apache.wiki.util.HttpUtil_ESTest,52,0,False
601,NPEX,Picocli-06283710,0,e78985e4526f4d5d81e218f33794ec53,picocli.CommandLine,picocli.CommandLine_ESTest,256,0,False
602,NPEX,Picocli-06283710,0,5351400fc29e4c96b558b977a0fe3026,picocli.CommandLine,picocli.CommandLine_ESTest,285,0,False
603,NPEX,Picocli-06283710,0,a9ce984fc00949afa16ff787e886febb,picocli.CommandLine,picocli.CommandLine_ESTest,287,0,False
604,NPEX,Picocli-06283710,0,aeb511aa94694e70adadecd7aed89b29,picocli.CommandLine,picocli.CommandLine_ESTest,255,0,False
605,NPEX,Picocli-06283710,0,672b2cd299554e8d91a41807b989759b,picocli.CommandLine,picocli.CommandLine_ESTest,158,0,False
606,NPEX,Picocli-06283710,0,a24eefb80fa54a55a2d98351e00e6f2b,picocli.CommandLine,picocli.CommandLine_ESTest,261,0,False
607,NPEX,Picocli-06283710,0,78422f70499b4864936eb36518dd5e8a,picocli.CommandLine,picocli.CommandLine_ESTest,273,0,False
608,NPEX,Picocli-06283710,0,02153dae0e724f218f834e00b12e9075,picocli.CommandLine,picocli.CommandLine_ESTest,151,0,False
609,NPEX,Picocli-06283710,0,b4a72662ec6547a99cf5a5e6462b2ef9,picocli.CommandLine,picocli.CommandLine_ESTest,150,0,False
610,NPEX,Picocli-06283710,0,bc0f02a3851e4e1c97390c37357d743f,picocli.CommandLine,picocli.CommandLine_ESTest,155,0,False
611,NPEX,Feign-9c5a52d6,0,86ae35ce84ee4ec9bf340c7b1bbbd4a2,feign.Response,feign.Response_ESTest,22,0,False
612,NPEX,Feign-9c5a52d6,0,cf9a67f3e2a94c32a1dd65bfb27a75cc,feign.Response,feign.Response_ESTest,22,0,False
613,NPEX,Feign-9c5a52d6,0,e5fa1c68bc5341258543a87b85c033e3,feign.Response,feign.Response_ESTest,24,0,False
614,NPEX,Feign-9c5a52d6,0,abb7b9f5c6b6407299d7ba87b1162ec9,feign.Response,feign.Response_ESTest,21,0,False
615,NPEX,Feign-9c5a52d6,0,4094865583174c1bba8c6ed78a354d4b,feign.Response,feign.Response_ESTest,21,0,False
616,NPEX,Feign-9c5a52d6,0,a1a9ed29c04045af88ed5caf14f26a7b,feign.Response,feign.Response_ESTest,23,0,False
617,NPEX,Feign-9c5a52d6,0,615b70ad815b4fd4b33bdda420ac285c,feign.Response,feign.Response_ESTest,22,0,False
618,NPEX,Feign-9c5a52d6,0,8920058de68a4f94bc28814ce03231d6,feign.Response,feign.Response_ESTest,21,0,False
619,NPEX,Feign-9c5a52d6,0,6652e587b93f41dbbc0672abc773a107,feign.Response,feign.Response_ESTest,22,0,False
620,NPEX,Feign-9c5a52d6,0,8bfe32b2e4114df8866b96985824c5e3,feign.Response,feign.Response_ESTest,22,0,False
621,NPEX,CXF-209407e0,0,d7b6ca3817d64df6b28ad76cd29d2cdd,org.apache.cxf.jaxrs.utils.JAXRSUtils,org.apache.cxf.jaxrs.utils.JAXRSUtils_ESTest,254,0,True
622,NPEX,CXF-209407e0,0,dfd8087e8ae94038959733543823f90a,org.apache.cxf.jaxrs.utils.JAXRSUtils,org.apache.cxf.jaxrs.utils.JAXRSUtils_ESTest,416,0,True
623,NPEX,CXF-209407e0,0,835764e78f424530aff00bea33dd241b,org.apache.cxf.jaxrs.utils.JAXRSUtils,org.apache.cxf.jaxrs.utils.JAXRSUtils_ESTest,257,0,True
624,NPEX,CXF-209407e0,0,9d05d8bf188d498fa4dd58a86b9d6d9d,org.apache.cxf.jaxrs.utils.JAXRSUtils,org.apache.cxf.jaxrs.utils.JAXRSUtils_ESTest,259,0,True
625,NPEX,CXF-209407e0,0,b1ce9415e5ec4357be095562a7e2620d,org.apache.cxf.jaxrs.utils.JAXRSUtils,org.apache.cxf.jaxrs.utils.JAXRSUtils_ESTest,248,0,True
626,NPEX,CXF-209407e0,0,35a23e35f9c445b0b345093e86c66da9,org.apache.cxf.jaxrs.utils.JAXRSUtils,org.apache.cxf.jaxrs.utils.JAXRSUtils_ESTest,264,0,True
627,NPEX,CXF-209407e0,0,afb8585accb34af9b0618a8a1c034596,org.apache.cxf.jaxrs.utils.JAXRSUtils,org.apache.cxf.jaxrs.utils.JAXRSUtils_ESTest,250,0,False
628,NPEX,CXF-209407e0,0,bdd8df1ace9145ffb93c32012d0e0efc,org.apache.cxf.jaxrs.utils.JAXRSUtils,org.apache.cxf.jaxrs.utils.JAXRSUtils_ESTest,252,0,False
629,NPEX,CXF-209407e0,0,a5fcbad04c514958895ca61304ddbd5f,org.apache.cxf.jaxrs.utils.JAXRSUtils,org.apache.cxf.jaxrs.utils.JAXRSUtils_ESTest,246,0,True
630,NPEX,Commons_DBCP-2ee3c53e,0,03a84d2f2c894d238d2197b1dfc17778,org.apache.commons.dbcp2.cpdsadapter.DriverAdapterCPDS,org.apache.commons.dbcp2.cpdsadapter.DriverAdapterCPDS_ESTest,56,0,False
631,NPEX,Commons_DBCP-2ee3c53e,0,3316ec70d0224d9eb468eed04ef4e0d3,org.apache.commons.dbcp2.cpdsadapter.DriverAdapterCPDS,org.apache.commons.dbcp2.cpdsadapter.DriverAdapterCPDS_ESTest,61,0,False
632,NPEX,Commons_DBCP-2ee3c53e,0,4c51447f715c412abefa24f4416ee4a3,org.apache.commons.dbcp2.cpdsadapter.DriverAdapterCPDS,org.apache.commons.dbcp2.cpdsadapter.DriverAdapterCPDS_ESTest,68,0,False
633,NPEX,Commons_DBCP-2ee3c53e,0,d5ab5a43f6a7428aaffd349d6bf2548a,org.apache.commons.dbcp2.cpdsadapter.DriverAdapterCPDS,org.apache.commons.dbcp2.cpdsadapter.DriverAdapterCPDS_ESTest,63,0,False
634,NPEX,Commons_DBCP-2ee3c53e,0,a56985341def4643a046fb06fb025255,org.apache.commons.dbcp2.cpdsadapter.DriverAdapterCPDS,org.apache.commons.dbcp2.cpdsadapter.DriverAdapterCPDS_ESTest,53,0,False
635,NPEX,Commons_DBCP-2ee3c53e,0,77a11b01676942168f529f13dc3fccae,org.apache.commons.dbcp2.cpdsadapter.DriverAdapterCPDS,org.apache.commons.dbcp2.cpdsadapter.DriverAdapterCPDS_ESTest,64,0,False
636,NPEX,Commons_DBCP-2ee3c53e,0,e351f94225cb4218bd5b9a2644a96a66,org.apache.commons.dbcp2.cpdsadapter.DriverAdapterCPDS,org.apache.commons.dbcp2.cpdsadapter.DriverAdapterCPDS_ESTest,62,0,False
637,NPEX,Commons_DBCP-2ee3c53e,0,3f32a1c18f8a4bd9842e67ed971524e1,org.apache.commons.dbcp2.cpdsadapter.DriverAdapterCPDS,org.apache.commons.dbcp2.cpdsadapter.DriverAdapterCPDS_ESTest,64,0,False
638,NPEX,Commons_DBCP-2ee3c53e,0,9198c73fbe724b1488a5d21925b1aacc,org.apache.commons.dbcp2.cpdsadapter.DriverAdapterCPDS,org.apache.commons.dbcp2.cpdsadapter.DriverAdapterCPDS_ESTest,65,0,False
639,NPEX,Commons_DBCP-2ee3c53e,0,349d605992d6426a87af3f8f43cacd49,org.apache.commons.dbcp2.cpdsadapter.DriverAdapterCPDS,org.apache.commons.dbcp2.cpdsadapter.DriverAdapterCPDS_ESTest,58,0,False
640,NPEX,Java_WebSocket-a2b35482,0,7408c65e3dc64469b2a6bf4f6fc14b83,org.java_websocket.server.WebSocketServer,org.java_websocket.server.WebSocketServer_ESTest,19,0,False
641,NPEX,Java_WebSocket-a2b35482,0,aa5f603984404e2bb5838bc522091b56,org.java_websocket.server.WebSocketServer,org.java_websocket.server.WebSocketServer_ESTest,16,0,False
642,NPEX,Java_WebSocket-a2b35482,0,616e7c173b4a468caa3d069517153a0b,org.java_websocket.server.WebSocketServer,org.java_websocket.server.WebSocketServer_ESTest,6,0,False
643,NPEX,Java_WebSocket-a2b35482,0,7fdd75bc25844e5b9b18d8f3eb33bc9f,org.java_websocket.server.WebSocketServer,org.java_websocket.server.WebSocketServer_ESTest,19,0,False
644,NPEX,Java_WebSocket-a2b35482,0,6896acee6f304346965c207721aaa4a6,org.java_websocket.server.WebSocketServer,org.java_websocket.server.WebSocketServer_ESTest,10,0,False
645,NPEX,Java_WebSocket-a2b35482,0,762f082e737c45eea5ebb8c13838e713,org.java_websocket.server.WebSocketServer,org.java_websocket.server.WebSocketServer_ESTest,8,0,False
646,NPEX,Java_WebSocket-a2b35482,0,5525fc981ec7403fa446541b4823d8bd,org.java_websocket.server.WebSocketServer,org.java_websocket.server.WebSocketServer_ESTest,24,0,False
647,NPEX,Java_WebSocket-a2b35482,0,5f5def7779944d3189adf4f288682166,org.java_websocket.server.WebSocketServer,org.java_websocket.server.WebSocketServer_ESTest,18,0,False
648,NPEX,Java_WebSocket-a2b35482,0,bb18af2670c04349ac86fb96be03b162,org.java_websocket.server.WebSocketServer,org.java_websocket.server.WebSocketServer_ESTest,24,0,False
649,NPEX,Java_WebSocket-a2b35482,0,99e51c591ce64eed8f9feeadd0165d7e,org.java_websocket.server.WebSocketServer,org.java_websocket.server.WebSocketServer_ESTest,6,0,False
650,NPEX,RocketMQ-f5a119f1,0,b346aea2ccda4c96841e003c0ca82ce1,org.apache.rocketmq.client.impl.factory.MQClientInstance,org.apache.rocketmq.client.impl.factory.MQClientInstance_ESTest,15,0,False
651,NPEX,RocketMQ-f5a119f1,0,83de0e52cd894eadb9b82e6d7946dd90,org.apache.rocketmq.client.impl.factory.MQClientInstance,org.apache.rocketmq.client.impl.factory.MQClientInstance_ESTest,16,0,False
652,NPEX,RocketMQ-f5a119f1,0,1cbfa99f52d0475780e917959778942b,org.apache.rocketmq.client.impl.factory.MQClientInstance,org.apache.rocketmq.client.impl.factory.MQClientInstance_ESTest,18,0,False
653,NPEX,RocketMQ-f5a119f1,0,34a23b58d2e24835b266adc455121379,org.apache.rocketmq.client.impl.factory.MQClientInstance,org.apache.rocketmq.client.impl.factory.MQClientInstance_ESTest,19,0,False
654,NPEX,RocketMQ-f5a119f1,0,dbb6bbe3d0bd495a9cb719b369b68635,org.apache.rocketmq.client.impl.factory.MQClientInstance,org.apache.rocketmq.client.impl.factory.MQClientInstance_ESTest,19,0,False
655,NPEX,RocketMQ-f5a119f1,0,d07baf7455e345a0aedb22a31ade0b8a,org.apache.rocketmq.client.impl.factory.MQClientInstance,org.apache.rocketmq.client.impl.factory.MQClientInstance_ESTest,17,0,False
656,NPEX,RocketMQ-f5a119f1,0,c71629f071334c7e9ba7fde8965abe47,org.apache.rocketmq.client.impl.factory.MQClientInstance,org.apache.rocketmq.client.impl.factory.MQClientInstance_ESTest,15,0,False
657,NPEX,RocketMQ-f5a119f1,0,c018bb8f7ce545dbaa83fe1fdf7cfce9,org.apache.rocketmq.client.impl.factory.MQClientInstance,org.apache.rocketmq.client.impl.factory.MQClientInstance_ESTest,19,0,False
658,NPEX,RocketMQ-f5a119f1,0,1b478d2a3e0747ac926b804f1b883e65,org.apache.rocketmq.client.impl.factory.MQClientInstance,org.apache.rocketmq.client.impl.factory.MQClientInstance_ESTest,16,0,False
659,NPEX,RocketMQ-f5a119f1,0,072b074bfaff46a7a58d42a73d83b4c6,org.apache.rocketmq.client.impl.factory.MQClientInstance,org.apache.rocketmq.client.impl.factory.MQClientInstance_ESTest,18,0,False
660,NPEX,JSqlParser-66e44c95,0,14e23898b7f947338fe4c70ef4a437aa,net.sf.jsqlparser.expression.ExpressionVisitorAdapter,net.sf.jsqlparser.expression.ExpressionVisitorAdapter_ESTest,174,0,True
661,NPEX,JSqlParser-66e44c95,0,5f2a0750e60f4cc683823255aa78ccb3,net.sf.jsqlparser.expression.ExpressionVisitorAdapter,net.sf.jsqlparser.expression.ExpressionVisitorAdapter_ESTest,186,0,True
662,NPEX,JSqlParser-66e44c95,0,c33788f3e0834d6f9922d2c520a1af73,net.sf.jsqlparser.expression.ExpressionVisitorAdapter,net.sf.jsqlparser.expression.ExpressionVisitorAdapter_ESTest,103,0,True
663,NPEX,JSqlParser-66e44c95,0,7e42c2ca9ba34c049ec0571f010ce829,net.sf.jsqlparser.expression.ExpressionVisitorAdapter,net.sf.jsqlparser.expression.ExpressionVisitorAdapter_ESTest,99,0,True
664,NPEX,JSqlParser-66e44c95,0,d217d21aa0cf4fd680a83caa6b3c0dff,net.sf.jsqlparser.expression.ExpressionVisitorAdapter,net.sf.jsqlparser.expression.ExpressionVisitorAdapter_ESTest,189,0,True
665,NPEX,JSqlParser-66e44c95,0,382a29181f304028a1f155e1763a647c,net.sf.jsqlparser.expression.ExpressionVisitorAdapter,net.sf.jsqlparser.expression.ExpressionVisitorAdapter_ESTest,176,0,True
666,NPEX,JSqlParser-66e44c95,0,2137988e92404e7496a1a143dfcb20f4,net.sf.jsqlparser.expression.ExpressionVisitorAdapter,net.sf.jsqlparser.expression.ExpressionVisitorAdapter_ESTest,168,0,True
667,NPEX,JSqlParser-66e44c95,0,721b57249b3b4ea9a6e561ce0e0159cc,net.sf.jsqlparser.expression.ExpressionVisitorAdapter,net.sf.jsqlparser.expression.ExpressionVisitorAdapter_ESTest,103,0,True
668,NPEX,JSqlParser-66e44c95,0,08a32b3b27e24ae2bad8c1dd19ab38d7,net.sf.jsqlparser.expression.ExpressionVisitorAdapter,net.sf.jsqlparser.expression.ExpressionVisitorAdapter_ESTest,100,0,True
669,NPEX,JSqlParser-66e44c95,0,493033d4a5d34efa8c544560bd852aa3,net.sf.jsqlparser.expression.ExpressionVisitorAdapter,net.sf.jsqlparser.expression.ExpressionVisitorAdapter_ESTest,163,0,True
670,NPEX,ShardingSphere-c08f4f18,0,f9b127fc9e854b4191a40ad810c89429,org.apache.shardingsphere.proxy.frontend.postgresql.auth.PostgreSQLAuthenticationEngine,org.apache.shardingsphere.proxy.frontend.postgresql.auth.PostgreSQLAuthenticationEngine_ESTest,7,0,False
671,NPEX,ShardingSphere-c08f4f18,0,52cd4d9922cd4e61a89adf6f49a520c8,org.apache.shardingsphere.proxy.frontend.postgresql.auth.PostgreSQLAuthenticationEngine,org.apache.shardingsphere.proxy.frontend.postgresql.auth.PostgreSQLAuthenticationEngine_ESTest,11,0,True
672,NPEX,ShardingSphere-c08f4f18,0,463dfe87bc0b47d89721791451bdef4e,org.apache.shardingsphere.proxy.frontend.postgresql.auth.PostgreSQLAuthenticationEngine,org.apache.shardingsphere.proxy.frontend.postgresql.auth.PostgreSQLAuthenticationEngine_ESTest,9,0,False
673,NPEX,ShardingSphere-c08f4f18,0,251244882b22410cb8086584bb4d0d93,org.apache.shardingsphere.proxy.frontend.postgresql.auth.PostgreSQLAuthenticationEngine,org.apache.shardingsphere.proxy.frontend.postgresql.auth.PostgreSQLAuthenticationEngine_ESTest,9,0,False
674,NPEX,ShardingSphere-c08f4f18,0,5057cca6bbee41548c647759e9adf072,org.apache.shardingsphere.proxy.frontend.postgresql.auth.PostgreSQLAuthenticationEngine,org.apache.shardingsphere.proxy.frontend.postgresql.auth.PostgreSQLAuthenticationEngine_ESTest,10,0,False
675,NPEX,ShardingSphere-c08f4f18,0,7ee518e7152d46bfa490a59dbcbee201,org.apache.shardingsphere.proxy.frontend.postgresql.auth.PostgreSQLAuthenticationEngine,org.apache.shardingsphere.proxy.frontend.postgresql.auth.PostgreSQLAuthenticationEngine_ESTest,10,0,False
676,NPEX,ShardingSphere-c08f4f18,0,4cb5ace8bae548789ec9e7eac70a173d,org.apache.shardingsphere.proxy.frontend.postgresql.auth.PostgreSQLAuthenticationEngine,org.apache.shardingsphere.proxy.frontend.postgresql.auth.PostgreSQLAuthenticationEngine_ESTest,10,0,False
677,NPEX,ShardingSphere-c08f4f18,0,1344c0153a794741b885eee7c60a8fe5,org.apache.shardingsphere.proxy.frontend.postgresql.auth.PostgreSQLAuthenticationEngine,org.apache.shardingsphere.proxy.frontend.postgresql.auth.PostgreSQLAuthenticationEngine_ESTest,9,0,False
678,NPEX,ShardingSphere-c08f4f18,0,bb0d567affc4461884736675cd8fb68b,org.apache.shardingsphere.proxy.frontend.postgresql.auth.PostgreSQLAuthenticationEngine,org.apache.shardingsphere.proxy.frontend.postgresql.auth.PostgreSQLAuthenticationEngine_ESTest,7,0,True
679,NPEX,jsoup-8b837a43,0,88b1361b6f774f7684bfe4f8573bb527,org.jsoup.nodes.Attribute,org.jsoup.nodes.Attribute_ESTest,59,0,False
680,NPEX,jsoup-8b837a43,0,bbe12123b4c240a4bbd3c551e62a9ac4,org.jsoup.nodes.Attribute,org.jsoup.nodes.Attribute_ESTest,61,0,False
681,NPEX,jsoup-8b837a43,0,e6d7a73aaa7f406c9ca5cdea0c0c351e,org.jsoup.nodes.Attribute,org.jsoup.nodes.Attribute_ESTest,60,0,False
682,NPEX,jsoup-8b837a43,0,6507955c96c64b399e68d38ed7ddff12,org.jsoup.nodes.Attribute,org.jsoup.nodes.Attribute_ESTest,62,0,False
683,NPEX,jsoup-8b837a43,0,5577ac8ea7984bebb869a48752afdeab,org.jsoup.nodes.Attribute,org.jsoup.nodes.Attribute_ESTest,60,0,False
684,NPEX,jsoup-8b837a43,0,8a639b4a8a3147f096d0401c02e78c07,org.jsoup.nodes.Attribute,org.jsoup.nodes.Attribute_ESTest,62,0,False
685,NPEX,jsoup-8b837a43,0,5c090ebdc7a74773adddde8fb5ab8357,org.jsoup.nodes.Attribute,org.jsoup.nodes.Attribute_ESTest,56,0,False
686,NPEX,jsoup-8b837a43,0,3335c140338e4bdcb0847dedddc3dd71,org.jsoup.nodes.Attribute,org.jsoup.nodes.Attribute_ESTest,60,0,False
687,NPEX,jsoup-8b837a43,0,9a735d986d5942c783d713b2260b2c7d,org.jsoup.nodes.Attribute,org.jsoup.nodes.Attribute_ESTest,64,0,False
688,NPEX,jsoup-8b837a43,0,02f30239c2584d6bb7a9f350641ea87e,org.jsoup.nodes.Attribute,org.jsoup.nodes.Attribute_ESTest,58,0,False
689,NPEX,Directory_LDAP_API-1aea113c,0,e09111efefb74dfb8ce539c8565c7741,org.apache.directory.api.ldap.model.entry.Value,org.apache.directory.api.ldap.model.entry.Value_ESTest,129,0,True
690,NPEX,Directory_LDAP_API-1aea113c,0,c48c721357f3459c9bc0bf6da06162a7,org.apache.directory.api.ldap.model.entry.Value,org.apache.directory.api.ldap.model.entry.Value_ESTest,128,0,True
691,NPEX,Directory_LDAP_API-1aea113c,0,83fda753374a4c6a8d71f2d1cc559313,org.apache.directory.api.ldap.model.entry.Value,org.apache.directory.api.ldap.model.entry.Value_ESTest,134,0,True
692,NPEX,Directory_LDAP_API-1aea113c,0,88f90b071102459f9e80e3041df53be6,org.apache.directory.api.ldap.model.entry.Value,org.apache.directory.api.ldap.model.entry.Value_ESTest,135,0,True
693,NPEX,Directory_LDAP_API-1aea113c,0,24f06d23a92d4756a2d862b6dac8aa19,org.apache.directory.api.ldap.model.entry.Value,org.apache.directory.api.ldap.model.entry.Value_ESTest,126,0,True
694,NPEX,Directory_LDAP_API-1aea113c,0,889d59d262e5491c8c890d7004b97b8a,org.apache.directory.api.ldap.model.entry.Value,org.apache.directory.api.ldap.model.entry.Value_ESTest,258,0,False
695,NPEX,Directory_LDAP_API-1aea113c,0,4489088ad3eb44998e09fd9a48343db5,org.apache.directory.api.ldap.model.entry.Value,org.apache.directory.api.ldap.model.entry.Value_ESTest,122,0,True
696,NPEX,Directory_LDAP_API-1aea113c,0,a7b20acd716742a887628da479e319e0,org.apache.directory.api.ldap.model.entry.Value,org.apache.directory.api.ldap.model.entry.Value_ESTest,132,0,True
697,NPEX,Directory_LDAP_API-1aea113c,0,ea9690ee33cc4d76ba28db2a8951bba4,org.apache.directory.api.ldap.model.entry.Value,org.apache.directory.api.ldap.model.entry.Value_ESTest,138,0,True
698,NPEX,Directory_LDAP_API-1aea113c,0,ca0e2db42f4f450b94d815c0bc466c0e,org.apache.directory.api.ldap.model.entry.Value,org.apache.directory.api.ldap.model.entry.Value_ESTest,250,0,True
699,NPEX,Directory_LDAP_API-1aea113c,0,ca0e2db42f4f450b94d815c0bc466c0e,org.apache.directory.api.ldap.model.entry.Value,org.apache.directory.api.ldap.model.entry.Value_ESTest$1,250,0,True
700,NPEX,Sling_Pipes-81059025,0,ea0ab551c17f482184501ddfdfe65405,org.apache.sling.pipes.PipeBindings,org.apache.sling.pipes.PipeBindings_ESTest$1,1,0,False
701,NPEX,Sling_Pipes-81059025,0,ea0ab551c17f482184501ddfdfe65405,org.apache.sling.pipes.PipeBindings,org.apache.sling.pipes.PipeBindings_ESTest,1,0,False
702,NPEX,Sling_Pipes-81059025,0,9f6ac6546ae54badb88679797527ef72,org.apache.sling.pipes.PipeBindings,org.apache.sling.pipes.PipeBindings_ESTest$1,1,0,False
703,NPEX,Sling_Pipes-81059025,0,9f6ac6546ae54badb88679797527ef72,org.apache.sling.pipes.PipeBindings,org.apache.sling.pipes.PipeBindings_ESTest,1,0,False
704,NPEX,Sling_Pipes-81059025,0,a9695ef9d6254d29b2e074f7dd10ce3f,org.apache.sling.pipes.PipeBindings,org.apache.sling.pipes.PipeBindings_ESTest$1,1,0,False
705,NPEX,Sling_Pipes-81059025,0,a9695ef9d6254d29b2e074f7dd10ce3f,org.apache.sling.pipes.PipeBindings,org.apache.sling.pipes.PipeBindings_ESTest,1,0,False
706,NPEX,Sling_Pipes-81059025,0,4a4f2cc4dd614dba8a90ae87cf14e793,org.apache.sling.pipes.PipeBindings,org.apache.sling.pipes.PipeBindings_ESTest$1,1,0,False
707,NPEX,Sling_Pipes-81059025,0,4a4f2cc4dd614dba8a90ae87cf14e793,org.apache.sling.pipes.PipeBindings,org.apache.sling.pipes.PipeBindings_ESTest,1,0,False
708,NPEX,Sling_Pipes-81059025,0,8bf8a9d76cc445ae9408efe2d72fb52f,org.apache.sling.pipes.PipeBindings,org.apache.sling.pipes.PipeBindings_ESTest$1,1,0,False
709,NPEX,Sling_Pipes-81059025,0,8bf8a9d76cc445ae9408efe2d72fb52f,org.apache.sling.pipes.PipeBindings,org.apache.sling.pipes.PipeBindings_ESTest,1,0,False
710,NPEX,Sling_Pipes-81059025,0,4643e22ed75e4209bcaf2685a20f9306,org.apache.sling.pipes.PipeBindings,org.apache.sling.pipes.PipeBindings_ESTest$1,1,0,False
711,NPEX,Sling_Pipes-81059025,0,4643e22ed75e4209bcaf2685a20f9306,org.apache.sling.pipes.PipeBindings,org.apache.sling.pipes.PipeBindings_ESTest,1,0,False
712,NPEX,Sling_Pipes-81059025,0,2ef9ed8cde2b4c049d4634ce958a1907,org.apache.sling.pipes.PipeBindings,org.apache.sling.pipes.PipeBindings_ESTest$1,1,0,False
713,NPEX,Sling_Pipes-81059025,0,2ef9ed8cde2b4c049d4634ce958a1907,org.apache.sling.pipes.PipeBindings,org.apache.sling.pipes.PipeBindings_ESTest,1,0,False
714,NPEX,Sling_Pipes-81059025,0,165d2d9be8db45b1b0165ffe73499262,org.apache.sling.pipes.PipeBindings,org.apache.sling.pipes.PipeBindings_ESTest$1,1,0,False
715,NPEX,Sling_Pipes-81059025,0,165d2d9be8db45b1b0165ffe73499262,org.apache.sling.pipes.PipeBindings,org.apache.sling.pipes.PipeBindings_ESTest,1,0,False
716,NPEX,Sling_Pipes-81059025,0,66b23e2c7a6e41869f1766baac064569,org.apache.sling.pipes.PipeBindings,org.apache.sling.pipes.PipeBindings_ESTest$1,1,0,False
717,NPEX,Sling_Pipes-81059025,0,66b23e2c7a6e41869f1766baac064569,org.apache.sling.pipes.PipeBindings,org.apache.sling.pipes.PipeBindings_ESTest,1,0,False
718,NPEX,Sling_Pipes-81059025,0,ac4c4927ff7f4f7b9528f2f0c6de28de,org.apache.sling.pipes.PipeBindings,org.apache.sling.pipes.PipeBindings_ESTest$1,1,0,False
719,NPEX,Sling_Pipes-81059025,0,ac4c4927ff7f4f7b9528f2f0c6de28de,org.apache.sling.pipes.PipeBindings,org.apache.sling.pipes.PipeBindings_ESTest,1,0,False
720,NPEX,OpenNLP-60792b8f,0,1320cbd6770a4c458bcd7b82e69b47c4,opennlp.tools.lemmatizer.DictionaryLemmatizer,opennlp.tools.lemmatizer.DictionaryLemmatizer_ESTest,12,0,True
721,NPEX,OpenNLP-60792b8f,0,3ef132f9457b4eb29d5d0b52f5b2aba0,opennlp.tools.lemmatizer.DictionaryLemmatizer,opennlp.tools.lemmatizer.DictionaryLemmatizer_ESTest,11,0,True
722,NPEX,OpenNLP-60792b8f,0,3fe5f93eb04841cf8bc3beb4cd809e55,opennlp.tools.lemmatizer.DictionaryLemmatizer,opennlp.tools.lemmatizer.DictionaryLemmatizer_ESTest,12,0,True
723,NPEX,OpenNLP-60792b8f,0,4ff9f9f0678342b6b8f97a5a05a78eea,opennlp.tools.lemmatizer.DictionaryLemmatizer,opennlp.tools.lemmatizer.DictionaryLemmatizer_ESTest,12,0,True
724,NPEX,OpenNLP-60792b8f,0,32b13c6ea91045da91bafdcab4e4c62e,opennlp.tools.lemmatizer.DictionaryLemmatizer,opennlp.tools.lemmatizer.DictionaryLemmatizer_ESTest,11,0,True
725,NPEX,OpenNLP-60792b8f,0,791ef6f1369a40a5b6e402c755fe2943,opennlp.tools.lemmatizer.DictionaryLemmatizer,opennlp.tools.lemmatizer.DictionaryLemmatizer_ESTest,12,0,True
726,NPEX,OpenNLP-60792b8f,0,dee35bfe245f4f3cb02562f7b7232ba5,opennlp.tools.lemmatizer.DictionaryLemmatizer,opennlp.tools.lemmatizer.DictionaryLemmatizer_ESTest,12,0,True
727,NPEX,OpenNLP-60792b8f,0,704c714c9b23439e8021842beb57af94,opennlp.tools.lemmatizer.DictionaryLemmatizer,opennlp.tools.lemmatizer.DictionaryLemmatizer_ESTest,11,0,True
728,NPEX,OpenNLP-60792b8f,0,fcdae59ca8924bcb962214114e4cd759,opennlp.tools.lemmatizer.DictionaryLemmatizer,opennlp.tools.lemmatizer.DictionaryLemmatizer_ESTest,10,0,True
729,NPEX,OpenNLP-60792b8f,0,a9e23e769b7f4f0fa9ceceef9652307a,opennlp.tools.lemmatizer.DictionaryLemmatizer,opennlp.tools.lemmatizer.DictionaryLemmatizer_ESTest,11,0,True
730,NPEX,Hessian_Lite-c5c017dc,0,e0fa4679e864482c9250bdd9f5b3af4f,com.alibaba.dubbo.common.URL,com.alibaba.dubbo.common.URL_ESTest,475,0,True
731,NPEX,Hessian_Lite-c5c017dc,0,98a171670e8340068b15fdea1ac2750e,com.alibaba.dubbo.common.URL,com.alibaba.dubbo.common.URL_ESTest,471,0,True
732,NPEX,Hessian_Lite-c5c017dc,0,93e6601be3d64503b6454130ec05ca85,com.alibaba.dubbo.common.URL,com.alibaba.dubbo.common.URL_ESTest,477,0,True
733,NPEX,Hessian_Lite-c5c017dc,0,aaf01d8d1a0a4bf88906fc6e90644d90,com.alibaba.dubbo.common.URL,com.alibaba.dubbo.common.URL_ESTest,474,0,True
734,NPEX,Hessian_Lite-c5c017dc,0,4e3dfb3097564b0eadc135f4ca28e3e1,com.alibaba.dubbo.common.URL,com.alibaba.dubbo.common.URL_ESTest,477,0,True
735,NPEX,Hessian_Lite-c5c017dc,0,a68168d0d7d84a24a841eb9d06fa5261,com.alibaba.dubbo.common.URL,com.alibaba.dubbo.common.URL_ESTest,476,0,True
736,NPEX,Hessian_Lite-c5c017dc,0,89d8fa205f52434f8b4682a6a785c204,com.alibaba.dubbo.common.URL,com.alibaba.dubbo.common.URL_ESTest,474,0,True
737,NPEX,Hessian_Lite-c5c017dc,0,3f0a297335de4ba7ab3fd0dbaf23c09c,com.alibaba.dubbo.common.URL,com.alibaba.dubbo.common.URL_ESTest,471,0,True
738,NPEX,Hessian_Lite-c5c017dc,0,602bf744463d475aa26df8ee03607f50,com.alibaba.dubbo.common.URL,com.alibaba.dubbo.common.URL_ESTest,481,0,True
739,NPEX,Hessian_Lite-c5c017dc,0,1e4da541f8fa46f0b340ab65e0932f2e,com.alibaba.dubbo.common.URL,com.alibaba.dubbo.common.URL_ESTest,477,0,True
740,NPEX,ZooKeeper-ef3649f5,0,cde30c890ca840eeb053302a7b23a135,org.apache.zookeeper.server.ZooKeeperServer,org.apache.zookeeper.server.ZooKeeperServer_ESTest,202,0,False
741,NPEX,ZooKeeper-ef3649f5,0,cde30c890ca840eeb053302a7b23a135,org.apache.zookeeper.server.ZooKeeperServer,org.apache.zookeeper.server.ZooKeeperServer_ESTest$1,202,0,False
742,NPEX,ZooKeeper-ef3649f5,0,84628fd393094a75b7b11136d0823f4f,org.apache.zookeeper.server.ZooKeeperServer,org.apache.zookeeper.server.ZooKeeperServer_ESTest,265,0,True
743,NPEX,ZooKeeper-ef3649f5,0,84628fd393094a75b7b11136d0823f4f,org.apache.zookeeper.server.ZooKeeperServer,org.apache.zookeeper.server.ZooKeeperServer_ESTest$1,265,0,True
744,NPEX,ZooKeeper-ef3649f5,0,84628fd393094a75b7b11136d0823f4f,org.apache.zookeeper.server.ZooKeeperServer,org.apache.zookeeper.server.ZooKeeperServer_ESTest$6,265,0,True
745,NPEX,ZooKeeper-ef3649f5,0,84628fd393094a75b7b11136d0823f4f,org.apache.zookeeper.server.ZooKeeperServer,org.apache.zookeeper.server.ZooKeeperServer_ESTest$5,265,0,True
746,NPEX,ZooKeeper-ef3649f5,0,84628fd393094a75b7b11136d0823f4f,org.apache.zookeeper.server.ZooKeeperServer,org.apache.zookeeper.server.ZooKeeperServer_ESTest$2,265,0,True
747,NPEX,ZooKeeper-ef3649f5,0,84628fd393094a75b7b11136d0823f4f,org.apache.zookeeper.server.ZooKeeperServer,org.apache.zookeeper.server.ZooKeeperServer_ESTest$4,265,0,True
748,NPEX,ZooKeeper-ef3649f5,0,84628fd393094a75b7b11136d0823f4f,org.apache.zookeeper.server.ZooKeeperServer,org.apache.zookeeper.server.ZooKeeperServer_ESTest$3,265,0,True
749,NPEX,ZooKeeper-ef3649f5,0,638634a18f7e43aebd78cdd903074982,org.apache.zookeeper.server.ZooKeeperServer,org.apache.zookeeper.server.ZooKeeperServer_ESTest,199,0,False
750,NPEX,ZooKeeper-ef3649f5,0,042daabf8ab24838ba95f8106bac94b7,org.apache.zookeeper.server.ZooKeeperServer,org.apache.zookeeper.server.ZooKeeperServer_ESTest,225,0,False
751,NPEX,ZooKeeper-ef3649f5,0,042daabf8ab24838ba95f8106bac94b7,org.apache.zookeeper.server.ZooKeeperServer,org.apache.zookeeper.server.ZooKeeperServer_ESTest$1,225,0,False
752,NPEX,ZooKeeper-ef3649f5,0,042daabf8ab24838ba95f8106bac94b7,org.apache.zookeeper.server.ZooKeeperServer,org.apache.zookeeper.server.ZooKeeperServer_ESTest$6,225,0,False
753,NPEX,ZooKeeper-ef3649f5,0,042daabf8ab24838ba95f8106bac94b7,org.apache.zookeeper.server.ZooKeeperServer,org.apache.zookeeper.server.ZooKeeperServer_ESTest$5,225,0,False
754,NPEX,ZooKeeper-ef3649f5,0,042daabf8ab24838ba95f8106bac94b7,org.apache.zookeeper.server.ZooKeeperServer,org.apache.zookeeper.server.ZooKeeperServer_ESTest$9,225,0,False
755,NPEX,ZooKeeper-ef3649f5,0,042daabf8ab24838ba95f8106bac94b7,org.apache.zookeeper.server.ZooKeeperServer,org.apache.zookeeper.server.ZooKeeperServer_ESTest$2,225,0,False
756,NPEX,ZooKeeper-ef3649f5,0,042daabf8ab24838ba95f8106bac94b7,org.apache.zookeeper.server.ZooKeeperServer,org.apache.zookeeper.server.ZooKeeperServer_ESTest$7,225,0,False
757,NPEX,ZooKeeper-ef3649f5,0,042daabf8ab24838ba95f8106bac94b7,org.apache.zookeeper.server.ZooKeeperServer,org.apache.zookeeper.server.ZooKeeperServer_ESTest$4,225,0,False
758,NPEX,ZooKeeper-ef3649f5,0,042daabf8ab24838ba95f8106bac94b7,org.apache.zookeeper.server.ZooKeeperServer,org.apache.zookeeper.server.ZooKeeperServer_ESTest$8,225,0,False
759,NPEX,ZooKeeper-ef3649f5,0,042daabf8ab24838ba95f8106bac94b7,org.apache.zookeeper.server.ZooKeeperServer,org.apache.zookeeper.server.ZooKeeperServer_ESTest$10,225,0,False
760,NPEX,ZooKeeper-ef3649f5,0,042daabf8ab24838ba95f8106bac94b7,org.apache.zookeeper.server.ZooKeeperServer,org.apache.zookeeper.server.ZooKeeperServer_ESTest$3,225,0,False
761,NPEX,ZooKeeper-ef3649f5,0,474c59c4f19c46ed8a9f993648ffe80e,org.apache.zookeeper.server.ZooKeeperServer,org.apache.zookeeper.server.ZooKeeperServer_ESTest,175,0,False
762,NPEX,ZooKeeper-ef3649f5,0,474c59c4f19c46ed8a9f993648ffe80e,org.apache.zookeeper.server.ZooKeeperServer,org.apache.zookeeper.server.ZooKeeperServer_ESTest$1,175,0,False
763,NPEX,ZooKeeper-ef3649f5,0,474c59c4f19c46ed8a9f993648ffe80e,org.apache.zookeeper.server.ZooKeeperServer,org.apache.zookeeper.server.ZooKeeperServer_ESTest$2,175,0,False
764,NPEX,ZooKeeper-ef3649f5,0,109b1fd5c3574200a185704cbe20564e,org.apache.zookeeper.server.ZooKeeperServer,org.apache.zookeeper.server.ZooKeeperServer_ESTest,264,0,False
765,NPEX,ZooKeeper-ef3649f5,0,109b1fd5c3574200a185704cbe20564e,org.apache.zookeeper.server.ZooKeeperServer,org.apache.zookeeper.server.ZooKeeperServer_ESTest$1,264,0,False
766,NPEX,ZooKeeper-ef3649f5,0,109b1fd5c3574200a185704cbe20564e,org.apache.zookeeper.server.ZooKeeperServer,org.apache.zookeeper.server.ZooKeeperServer_ESTest$6,264,0,False
767,NPEX,ZooKeeper-ef3649f5,0,109b1fd5c3574200a185704cbe20564e,org.apache.zookeeper.server.ZooKeeperServer,org.apache.zookeeper.server.ZooKeeperServer_ESTest$5,264,0,False
768,NPEX,ZooKeeper-ef3649f5,0,109b1fd5c3574200a185704cbe20564e,org.apache.zookeeper.server.ZooKeeperServer,org.apache.zookeeper.server.ZooKeeperServer_ESTest$2,264,0,False
769,NPEX,ZooKeeper-ef3649f5,0,109b1fd5c3574200a185704cbe20564e,org.apache.zookeeper.server.ZooKeeperServer,org.apache.zookeeper.server.ZooKeeperServer_ESTest$4,264,0,False
770,NPEX,ZooKeeper-ef3649f5,0,109b1fd5c3574200a185704cbe20564e,org.apache.zookeeper.server.ZooKeeperServer,org.apache.zookeeper.server.ZooKeeperServer_ESTest$3,264,0,False
771,NPEX,ZooKeeper-ef3649f5,0,c662281903124799a687c46b9ba9e7d4,org.apache.zookeeper.server.ZooKeeperServer,org.apache.zookeeper.server.ZooKeeperServer_ESTest,288,0,True
772,NPEX,ZooKeeper-ef3649f5,0,c662281903124799a687c46b9ba9e7d4,org.apache.zookeeper.server.ZooKeeperServer,org.apache.zookeeper.server.ZooKeeperServer_ESTest$1,288,0,True
773,NPEX,ZooKeeper-ef3649f5,0,c662281903124799a687c46b9ba9e7d4,org.apache.zookeeper.server.ZooKeeperServer,org.apache.zookeeper.server.ZooKeeperServer_ESTest$6,288,0,True
774,NPEX,ZooKeeper-ef3649f5,0,c662281903124799a687c46b9ba9e7d4,org.apache.zookeeper.server.ZooKeeperServer,org.apache.zookeeper.server.ZooKeeperServer_ESTest$5,288,0,True
775,NPEX,ZooKeeper-ef3649f5,0,c662281903124799a687c46b9ba9e7d4,org.apache.zookeeper.server.ZooKeeperServer,org.apache.zookeeper.server.ZooKeeperServer_ESTest$2,288,0,True
776,NPEX,ZooKeeper-ef3649f5,0,c662281903124799a687c46b9ba9e7d4,org.apache.zookeeper.server.ZooKeeperServer,org.apache.zookeeper.server.ZooKeeperServer_ESTest$7,288,0,True
777,NPEX,ZooKeeper-ef3649f5,0,c662281903124799a687c46b9ba9e7d4,org.apache.zookeeper.server.ZooKeeperServer,org.apache.zookeeper.server.ZooKeeperServer_ESTest$4,288,0,True
778,NPEX,ZooKeeper-ef3649f5,0,c662281903124799a687c46b9ba9e7d4,org.apache.zookeeper.server.ZooKeeperServer,org.apache.zookeeper.server.ZooKeeperServer_ESTest$8,288,0,True
779,NPEX,ZooKeeper-ef3649f5,0,c662281903124799a687c46b9ba9e7d4,org.apache.zookeeper.server.ZooKeeperServer,org.apache.zookeeper.server.ZooKeeperServer_ESTest$3,288,0,True
780,NPEX,ZooKeeper-ef3649f5,0,a2552741c0204137b14062496c8cd4fd,org.apache.zookeeper.server.ZooKeeperServer,org.apache.zookeeper.server.ZooKeeperServer_ESTest,261,0,False
781,NPEX,ZooKeeper-ef3649f5,0,a2552741c0204137b14062496c8cd4fd,org.apache.zookeeper.server.ZooKeeperServer,org.apache.zookeeper.server.ZooKeeperServer_ESTest$1,261,0,False
782,NPEX,ZooKeeper-ef3649f5,0,a2552741c0204137b14062496c8cd4fd,org.apache.zookeeper.server.ZooKeeperServer,org.apache.zookeeper.server.ZooKeeperServer_ESTest$6,261,0,False
783,NPEX,ZooKeeper-ef3649f5,0,a2552741c0204137b14062496c8cd4fd,org.apache.zookeeper.server.ZooKeeperServer,org.apache.zookeeper.server.ZooKeeperServer_ESTest$5,261,0,False
784,NPEX,ZooKeeper-ef3649f5,0,a2552741c0204137b14062496c8cd4fd,org.apache.zookeeper.server.ZooKeeperServer,org.apache.zookeeper.server.ZooKeeperServer_ESTest$9,261,0,False
785,NPEX,ZooKeeper-ef3649f5,0,a2552741c0204137b14062496c8cd4fd,org.apache.zookeeper.server.ZooKeeperServer,org.apache.zookeeper.server.ZooKeeperServer_ESTest$2,261,0,False
786,NPEX,ZooKeeper-ef3649f5,0,a2552741c0204137b14062496c8cd4fd,org.apache.zookeeper.server.ZooKeeperServer,org.apache.zookeeper.server.ZooKeeperServer_ESTest$7,261,0,False
787,NPEX,ZooKeeper-ef3649f5,0,a2552741c0204137b14062496c8cd4fd,org.apache.zookeeper.server.ZooKeeperServer,org.apache.zookeeper.server.ZooKeeperServer_ESTest$4,261,0,False
788,NPEX,ZooKeeper-ef3649f5,0,a2552741c0204137b14062496c8cd4fd,org.apache.zookeeper.server.ZooKeeperServer,org.apache.zookeeper.server.ZooKeeperServer_ESTest$8,261,0,False
789,NPEX,ZooKeeper-ef3649f5,0,a2552741c0204137b14062496c8cd4fd,org.apache.zookeeper.server.ZooKeeperServer,org.apache.zookeeper.server.ZooKeeperServer_ESTest$3,261,0,False
790,NPEX,ZooKeeper-ef3649f5,0,7747119159bb48fc93c398452b6f3b66,org.apache.zookeeper.server.ZooKeeperServer,org.apache.zookeeper.server.ZooKeeperServer_ESTest,241,0,False
791,NPEX,ZooKeeper-ef3649f5,0,7747119159bb48fc93c398452b6f3b66,org.apache.zookeeper.server.ZooKeeperServer,org.apache.zookeeper.server.ZooKeeperServer_ESTest$1,241,0,False
792,NPEX,ZooKeeper-ef3649f5,0,7747119159bb48fc93c398452b6f3b66,org.apache.zookeeper.server.ZooKeeperServer,org.apache.zookeeper.server.ZooKeeperServer_ESTest$6,241,0,False
793,NPEX,ZooKeeper-ef3649f5,0,7747119159bb48fc93c398452b6f3b66,org.apache.zookeeper.server.ZooKeeperServer,org.apache.zookeeper.server.ZooKeeperServer_ESTest$5,241,0,False
794,NPEX,ZooKeeper-ef3649f5,0,7747119159bb48fc93c398452b6f3b66,org.apache.zookeeper.server.ZooKeeperServer,org.apache.zookeeper.server.ZooKeeperServer_ESTest$2,241,0,False
795,NPEX,ZooKeeper-ef3649f5,0,7747119159bb48fc93c398452b6f3b66,org.apache.zookeeper.server.ZooKeeperServer,org.apache.zookeeper.server.ZooKeeperServer_ESTest$7,241,0,False
796,NPEX,ZooKeeper-ef3649f5,0,7747119159bb48fc93c398452b6f3b66,org.apache.zookeeper.server.ZooKeeperServer,org.apache.zookeeper.server.ZooKeeperServer_ESTest$4,241,0,False
797,NPEX,ZooKeeper-ef3649f5,0,7747119159bb48fc93c398452b6f3b66,org.apache.zookeeper.server.ZooKeeperServer,org.apache.zookeeper.server.ZooKeeperServer_ESTest$3,241,0,False
798,NPEX,ZooKeeper-ef3649f5,0,d2d230ffba2f4a85ab710d7f6591e8d6,org.apache.zookeeper.server.ZooKeeperServer,org.apache.zookeeper.server.ZooKeeperServer_ESTest,195,0,False
799,NPEX,Log4j_2-5b7b75d5,0,7e0f5b9988de4f30b794293b6b622d7c,org.apache.logging.log4j.core.config.composite.DefaultMergeStrategy,org.apache.logging.log4j.core.config.composite.DefaultMergeStrategy_ESTest,11,0,False
800,NPEX,Log4j_2-5b7b75d5,0,d32ef0416e9740daa1d25601177a429a,org.apache.logging.log4j.core.config.composite.DefaultMergeStrategy,org.apache.logging.log4j.core.config.composite.DefaultMergeStrategy_ESTest,12,0,False
801,NPEX,Log4j_2-5b7b75d5,0,32420ca7b1c44960bc0aee89031caf6f,org.apache.logging.log4j.core.config.composite.DefaultMergeStrategy,org.apache.logging.log4j.core.config.composite.DefaultMergeStrategy_ESTest,12,0,False
802,NPEX,Log4j_2-5b7b75d5,0,80d64620291b42888f87a90bcda03459,org.apache.logging.log4j.core.config.composite.DefaultMergeStrategy,org.apache.logging.log4j.core.config.composite.DefaultMergeStrategy_ESTest,15,0,False
803,NPEX,Log4j_2-5b7b75d5,0,3c1203de9df2476da04fb2768b04031b,org.apache.logging.log4j.core.config.composite.DefaultMergeStrategy,org.apache.logging.log4j.core.config.composite.DefaultMergeStrategy_ESTest,15,0,False
804,NPEX,Log4j_2-5b7b75d5,0,b8c7b696af3f4070b294d5112d625f0e,org.apache.logging.log4j.core.config.composite.DefaultMergeStrategy,org.apache.logging.log4j.core.config.composite.DefaultMergeStrategy_ESTest,19,0,False
805,NPEX,Log4j_2-5b7b75d5,0,84bd1604a9864a3a8ed481409e1c16d7,org.apache.logging.log4j.core.config.composite.DefaultMergeStrategy,org.apache.logging.log4j.core.config.composite.DefaultMergeStrategy_ESTest,15,0,False
806,NPEX,Log4j_2-5b7b75d5,0,1af2f1d74b57441885b38bbec8b2bdfd,org.apache.logging.log4j.core.config.composite.DefaultMergeStrategy,org.apache.logging.log4j.core.config.composite.DefaultMergeStrategy_ESTest,16,0,False
807,NPEX,Log4j_2-5b7b75d5,0,33a76f8b3f364a43b31c35262ce4e3d5,org.apache.logging.log4j.core.config.composite.DefaultMergeStrategy,org.apache.logging.log4j.core.config.composite.DefaultMergeStrategy_ESTest,18,0,False
808,NPEX,Log4j_2-5b7b75d5,0,8846ab4b4f4545e788c1b2db169ad638,org.apache.logging.log4j.core.config.composite.DefaultMergeStrategy,org.apache.logging.log4j.core.config.composite.DefaultMergeStrategy_ESTest,16,0,False
809,NPEX,Karaf-b92dd7e4,0,066ae3da9a884a1f89eccfec82d64c29,org.apache.karaf.shell.impl.console.commands.help.wikidoc.WikiParser,org.apache.karaf.shell.impl.console.commands.help.wikidoc.WikiParser_ESTest,21,0,False
810,NPEX,Karaf-b92dd7e4,0,49d9bc55df44476cbe4ddb9055c54f1a,org.apache.karaf.shell.impl.console.commands.help.wikidoc.WikiParser,org.apache.karaf.shell.impl.console.commands.help.wikidoc.WikiParser_ESTest,22,0,False
811,NPEX,Karaf-b92dd7e4,0,bf1a62b83dcc4af8beefb67e6391c7e1,org.apache.karaf.shell.impl.console.commands.help.wikidoc.WikiParser,org.apache.karaf.shell.impl.console.commands.help.wikidoc.WikiParser_ESTest,21,0,False
812,NPEX,Karaf-b92dd7e4,0,d8bb7c45b07541419f5037f93fee9f4a,org.apache.karaf.shell.impl.console.commands.help.wikidoc.WikiParser,org.apache.karaf.shell.impl.console.commands.help.wikidoc.WikiParser_ESTest,19,0,False
813,NPEX,Karaf-b92dd7e4,0,8de003ff80b0445598a5ef90dcc3893b,org.apache.karaf.shell.impl.console.commands.help.wikidoc.WikiParser,org.apache.karaf.shell.impl.console.commands.help.wikidoc.WikiParser_ESTest,19,0,False
814,NPEX,Karaf-b92dd7e4,0,e76ad6314f974aad8793a30404eef102,org.apache.karaf.shell.impl.console.commands.help.wikidoc.WikiParser,org.apache.karaf.shell.impl.console.commands.help.wikidoc.WikiParser_ESTest,21,0,False
815,NPEX,Karaf-b92dd7e4,0,98a1b6ea2e95469b8347454a57b2536c,org.apache.karaf.shell.impl.console.commands.help.wikidoc.WikiParser,org.apache.karaf.shell.impl.console.commands.help.wikidoc.WikiParser_ESTest,19,0,False
816,NPEX,Karaf-b92dd7e4,0,86ba208fc18044dd95177c4caf229379,org.apache.karaf.shell.impl.console.commands.help.wikidoc.WikiParser,org.apache.karaf.shell.impl.console.commands.help.wikidoc.WikiParser_ESTest,18,0,False
817,NPEX,Karaf-b92dd7e4,0,a11d1c96143347c49676d83802c80eb2,org.apache.karaf.shell.impl.console.commands.help.wikidoc.WikiParser,org.apache.karaf.shell.impl.console.commands.help.wikidoc.WikiParser_ESTest,21,0,False
818,NPEX,jsoup-b8411990,0,7a6f4e2a4352494f882efb2681fa1369,org.jsoup.internal.Normalizer,org.jsoup.internal.Normalizer_ESTest,7,0,True
819,NPEX,jsoup-b8411990,0,74776626c3c747e8a88bdde3d1d0a0c6,org.jsoup.internal.Normalizer,org.jsoup.internal.Normalizer_ESTest,7,0,True
820,NPEX,jsoup-b8411990,0,7e2fae5e07424c3a93878d9096dccdf6,org.jsoup.internal.Normalizer,org.jsoup.internal.Normalizer_ESTest,7,0,True
821,NPEX,jsoup-b8411990,0,393020ee07da4ca48166fafbeffa14e0,org.jsoup.internal.Normalizer,org.jsoup.internal.Normalizer_ESTest,7,0,True
822,NPEX,jsoup-b8411990,0,e8c7fac3a6594319bc7220269bb48451,org.jsoup.internal.Normalizer,org.jsoup.internal.Normalizer_ESTest,7,0,True
823,NPEX,jsoup-b8411990,0,b88476a6edf2498fa81d206677597e9d,org.jsoup.internal.Normalizer,org.jsoup.internal.Normalizer_ESTest,7,0,True
824,NPEX,jsoup-b8411990,0,3a809d6d14264c92b7b8a821beac9d41,org.jsoup.internal.Normalizer,org.jsoup.internal.Normalizer_ESTest,7,0,True
825,NPEX,jsoup-b8411990,0,b1e0be58f2144860b5804c5b8945e675,org.jsoup.internal.Normalizer,org.jsoup.internal.Normalizer_ESTest,7,0,True
826,NPEX,jsoup-b8411990,0,b9fb524aad224d0595c2899aa8917c46,org.jsoup.internal.Normalizer,org.jsoup.internal.Normalizer_ESTest,7,0,True
827,NPEX,jsoup-b8411990,0,b0a6ba17e6274258bcba9fb0611afd67,org.jsoup.internal.Normalizer,org.jsoup.internal.Normalizer_ESTest,7,0,True
828,NPEX,Qpid_Proton__j-0c27d5ff,0,19fe92f1b3bb4e71b79fbc6f4b5b18b5,org.apache.qpid.proton.engine.impl.TransportImpl,org.apache.qpid.proton.engine.impl.TransportImpl_ESTest,179,0,False
829,NPEX,Qpid_Proton__j-0c27d5ff,0,3bfa4add58ac4bb2acf1c0b0dc3d2720,org.apache.qpid.proton.engine.impl.TransportImpl,org.apache.qpid.proton.engine.impl.TransportImpl_ESTest$1,304,0,True
830,NPEX,Qpid_Proton__j-0c27d5ff,0,3bfa4add58ac4bb2acf1c0b0dc3d2720,org.apache.qpid.proton.engine.impl.TransportImpl,org.apache.qpid.proton.engine.impl.TransportImpl_ESTest,304,0,True
831,NPEX,Qpid_Proton__j-0c27d5ff,0,0fe3554b1c7145638194dbb8891e0d4f,org.apache.qpid.proton.engine.impl.TransportImpl,org.apache.qpid.proton.engine.impl.TransportImpl_ESTest,174,0,True
832,NPEX,Qpid_Proton__j-0c27d5ff,0,d2016beb32c5403385aa0a6540505611,org.apache.qpid.proton.engine.impl.TransportImpl,org.apache.qpid.proton.engine.impl.TransportImpl_ESTest,173,0,True
833,NPEX,Qpid_Proton__j-0c27d5ff,0,a3d3e13195414c80a126b5df0560394f,org.apache.qpid.proton.engine.impl.TransportImpl,org.apache.qpid.proton.engine.impl.TransportImpl_ESTest,173,0,False
834,NPEX,Qpid_Proton__j-0c27d5ff,0,a0cca90751a34424aecf64bd6bb0310f,org.apache.qpid.proton.engine.impl.TransportImpl,org.apache.qpid.proton.engine.impl.TransportImpl_ESTest,180,0,True
835,NPEX,Qpid_Proton__j-0c27d5ff,0,37087525508849d58e5467b94b218144,org.apache.qpid.proton.engine.impl.TransportImpl,org.apache.qpid.proton.engine.impl.TransportImpl_ESTest,176,0,True
836,NPEX,Qpid_Proton__j-0c27d5ff,0,d2b46d3c122444efbd2d7d19f306d45e,org.apache.qpid.proton.engine.impl.TransportImpl,org.apache.qpid.proton.engine.impl.TransportImpl_ESTest,174,0,True
837,NPEX,Qpid_Proton__j-0c27d5ff,0,0c811533106d4ef28787621ea80bfb18,org.apache.qpid.proton.engine.impl.TransportImpl,org.apache.qpid.proton.engine.impl.TransportImpl_ESTest,175,0,True
838,NPEX,Qpid_Proton__j-0c27d5ff,0,599760000e274d549e693b2829836e13,org.apache.qpid.proton.engine.impl.TransportImpl,org.apache.qpid.proton.engine.impl.TransportImpl_ESTest,166,0,False
839,NPEX,Commons_Pool-11521c1f,0,dedf81b82dd14c79853d71317e32d30b,org.apache.commons.pool2.impl.GenericKeyedObjectPool,org.apache.commons.pool2.impl.GenericKeyedObjectPool_ESTest,69,0,False
840,NPEX,Commons_Pool-11521c1f,0,9ca812e30bf147f1a9a08ad862dff1a4,org.apache.commons.pool2.impl.GenericKeyedObjectPool,org.apache.commons.pool2.impl.GenericKeyedObjectPool_ESTest,79,0,True
841,NPEX,Commons_Pool-11521c1f,0,b68a77530555496dad949f13986fd70c,org.apache.commons.pool2.impl.GenericKeyedObjectPool,org.apache.commons.pool2.impl.GenericKeyedObjectPool_ESTest,59,0,True
842,NPEX,Commons_Pool-11521c1f,0,60f30adc6b844639aa499779f19373e0,org.apache.commons.pool2.impl.GenericKeyedObjectPool,org.apache.commons.pool2.impl.GenericKeyedObjectPool_ESTest,70,0,True
843,NPEX,Commons_Pool-11521c1f,0,384b546ccba145e0b15da173ec6bce88,org.apache.commons.pool2.impl.GenericKeyedObjectPool,org.apache.commons.pool2.impl.GenericKeyedObjectPool_ESTest,73,0,True
844,NPEX,Commons_Pool-11521c1f,0,bc51db69a5cf42e5bc8d7851002f55e4,org.apache.commons.pool2.impl.GenericKeyedObjectPool,org.apache.commons.pool2.impl.GenericKeyedObjectPool_ESTest,70,0,True
845,NPEX,Commons_Pool-11521c1f,0,be7a9d3862a34862aaa0da28370f8b48,org.apache.commons.pool2.impl.GenericKeyedObjectPool,org.apache.commons.pool2.impl.GenericKeyedObjectPool_ESTest,75,0,False
846,NPEX,Commons_Pool-11521c1f,0,adfd2f1b87c242238f7a355bfd876d86,org.apache.commons.pool2.impl.GenericKeyedObjectPool,org.apache.commons.pool2.impl.GenericKeyedObjectPool_ESTest,73,0,True
847,NPEX,Commons_Pool-11521c1f,0,c4fa821b934d4b02a8a53bd515d934a2,org.apache.commons.pool2.impl.GenericKeyedObjectPool,org.apache.commons.pool2.impl.GenericKeyedObjectPool_ESTest,73,0,True
848,NPEX,Commons_Pool-11521c1f,0,cd85700dd5b2467cb90d519f04bc60c6,org.apache.commons.pool2.impl.GenericKeyedObjectPool,org.apache.commons.pool2.impl.GenericKeyedObjectPool_ESTest,67,0,True
849,NPEX,Log4j_2-7441d3c3,0,66d2524516444370bc262a398c965086,org.apache.logging.log4j.core.config.ConfigurationScheduler,org.apache.logging.log4j.core.config.ConfigurationScheduler_ESTest,28,0,True
850,NPEX,Log4j_2-7441d3c3,0,1ae52a1ad7b8412cb25a2c289bdc1369,org.apache.logging.log4j.core.config.ConfigurationScheduler,org.apache.logging.log4j.core.config.ConfigurationScheduler_ESTest,30,0,True
851,NPEX,Log4j_2-7441d3c3,0,e3af1c5513da426c99219d853f1e66e9,org.apache.logging.log4j.core.config.ConfigurationScheduler,org.apache.logging.log4j.core.config.ConfigurationScheduler_ESTest,50,0,True
852,NPEX,Log4j_2-7441d3c3,0,3fad56e0ce4a450fb0966207927f2777,org.apache.logging.log4j.core.config.ConfigurationScheduler,org.apache.logging.log4j.core.config.ConfigurationScheduler_ESTest,31,0,True
853,NPEX,Log4j_2-7441d3c3,0,9181dc7c15d942309a508c213e147601,org.apache.logging.log4j.core.config.ConfigurationScheduler,org.apache.logging.log4j.core.config.ConfigurationScheduler_ESTest,29,0,True
854,NPEX,Log4j_2-7441d3c3,0,9df76b1dc21f4652ad24beeb88ad232e,org.apache.logging.log4j.core.config.ConfigurationScheduler,org.apache.logging.log4j.core.config.ConfigurationScheduler_ESTest,30,0,True
855,NPEX,Log4j_2-7441d3c3,0,b15b0624210543438bb168b055e96e78,org.apache.logging.log4j.core.config.ConfigurationScheduler,org.apache.logging.log4j.core.config.ConfigurationScheduler_ESTest,30,0,True
856,NPEX,Log4j_2-7441d3c3,0,270c00d54d2844e685dc451920262963,org.apache.logging.log4j.core.config.ConfigurationScheduler,org.apache.logging.log4j.core.config.ConfigurationScheduler_ESTest,30,0,True
857,NPEX,Log4j_2-7441d3c3,0,46494adcb45c458cbc9f6360bafc86e1,org.apache.logging.log4j.core.config.ConfigurationScheduler,org.apache.logging.log4j.core.config.ConfigurationScheduler_ESTest,32,0,True
858,NPEX,Log4j_2-7441d3c3,0,89e4258a50ec46958586d149f0acf8fa,org.apache.logging.log4j.core.config.ConfigurationScheduler,org.apache.logging.log4j.core.config.ConfigurationScheduler_ESTest,29,0,True
859,NPEX,Commons_BCEL-a46d927b,0,3cde2924ad9e4caaa36a3e95ed7e4536,org.apache.bcel.generic.MethodGen,org.apache.bcel.generic.MethodGen_ESTest,170,0,False
860,NPEX,Commons_BCEL-a46d927b,0,6fdf29a618424747a84b815c61596284,org.apache.bcel.generic.MethodGen,org.apache.bcel.generic.MethodGen_ESTest,162,0,False
861,NPEX,Commons_BCEL-a46d927b,0,f86975277d4e4f989e8d0d48f54ffd66,org.apache.bcel.generic.MethodGen,org.apache.bcel.generic.MethodGen_ESTest,178,0,False
862,NPEX,Commons_BCEL-a46d927b,0,10170f3ac97346dd92352f54206d39d6,org.apache.bcel.generic.MethodGen,org.apache.bcel.generic.MethodGen_ESTest,153,0,False
863,NPEX,Commons_BCEL-a46d927b,0,fb488d1144944182b5a072ad83ab53b3,org.apache.bcel.generic.MethodGen,org.apache.bcel.generic.MethodGen_ESTest,342,0,False
864,NPEX,Commons_BCEL-a46d927b,0,9c5f2de3c2514638b58dc4e1a892c228,org.apache.bcel.generic.MethodGen,org.apache.bcel.generic.MethodGen_ESTest,182,0,False
865,NPEX,Commons_BCEL-a46d927b,0,97e0814f3d0c4f59bcb806e992cfeeb7,org.apache.bcel.generic.MethodGen,org.apache.bcel.generic.MethodGen_ESTest,179,0,False
866,NPEX,Commons_BCEL-a46d927b,0,7081e4a1606d479fa084a641132152c0,org.apache.bcel.generic.MethodGen,org.apache.bcel.generic.MethodGen_ESTest,172,0,False
867,NPEX,Commons_BCEL-a46d927b,0,25f545d022ba4c93ad6ebf4f6bd81ec7,org.apache.bcel.generic.MethodGen,org.apache.bcel.generic.MethodGen_ESTest,319,0,False
868,NPEX,Commons_BCEL-a46d927b,0,816f9b6095494e9a8f0970b72e5b088d,org.apache.bcel.generic.MethodGen,org.apache.bcel.generic.MethodGen_ESTest,160,0,False
869,NPEX,Jest-f34fa45e,0,7324d6af0f09461cb7baa019550d6ae2,io.searchbox.client.config.discovery.NodeChecker,io.searchbox.client.config.discovery.NodeChecker_ESTest,17,0,False
870,NPEX,Jest-f34fa45e,0,44538d0251a542b5a9ba422f49df7827,io.searchbox.client.config.discovery.NodeChecker,io.searchbox.client.config.discovery.NodeChecker_ESTest,11,0,False
871,NPEX,Jest-f34fa45e,0,b41b8fa1d4954f8eafda77038bbd38b7,io.searchbox.client.config.discovery.NodeChecker,io.searchbox.client.config.discovery.NodeChecker_ESTest,13,0,False
872,NPEX,Jest-f34fa45e,0,e9d6d2e598a847798453d25b47ba946a,io.searchbox.client.config.discovery.NodeChecker,io.searchbox.client.config.discovery.NodeChecker_ESTest,16,0,False
873,NPEX,Jest-f34fa45e,0,689b67d1b0b74e40b040a8b1aedbdb24,io.searchbox.client.config.discovery.NodeChecker,io.searchbox.client.config.discovery.NodeChecker_ESTest,17,0,True
874,NPEX,Jest-f34fa45e,0,add429e35dac4add81e82adffa55ecc0,io.searchbox.client.config.discovery.NodeChecker,io.searchbox.client.config.discovery.NodeChecker_ESTest,16,0,False
875,NPEX,Jest-f34fa45e,0,c29b3067d1e54fe080831a1dba4e878d,io.searchbox.client.config.discovery.NodeChecker,io.searchbox.client.config.discovery.NodeChecker_ESTest,16,0,True
876,NPEX,Jest-f34fa45e,0,a1c4ba5833ab4086987f71dd6ce4235b,io.searchbox.client.config.discovery.NodeChecker,io.searchbox.client.config.discovery.NodeChecker_ESTest,12,0,True
877,NPEX,Jest-f34fa45e,0,0fd9787d364041d5827e45f894411e3a,io.searchbox.client.config.discovery.NodeChecker,io.searchbox.client.config.discovery.NodeChecker_ESTest,16,0,False
878,NPEX,Jest-f34fa45e,0,1ef9195d97ba4c55a06445092fb7b9ae,io.searchbox.client.config.discovery.NodeChecker,io.searchbox.client.config.discovery.NodeChecker_ESTest,14,0,False
879,NPEX,Qpid_Proton__j-02998b38,0,7c2ec08e4ded4022b2db2b6fd2759106,org.apache.qpid.proton.codec.MapType,org.apache.qpid.proton.codec.MapType_ESTest,9,0,False
880,NPEX,Qpid_Proton__j-02998b38,0,a1fb4b13ba0e4aaba5eb3bc4154d1279,org.apache.qpid.proton.codec.MapType,org.apache.qpid.proton.codec.MapType_ESTest,10,0,False
881,NPEX,Qpid_Proton__j-02998b38,0,f846025a89124bc4b826f51b04a2957d,org.apache.qpid.proton.codec.MapType,org.apache.qpid.proton.codec.MapType_ESTest,8,0,False
882,NPEX,Qpid_Proton__j-02998b38,0,39a2b5bd1d814d048eea47b1e79a80a7,org.apache.qpid.proton.codec.MapType,org.apache.qpid.proton.codec.MapType_ESTest,10,0,False
883,NPEX,Qpid_Proton__j-02998b38,0,2f76af1f7afc4493a44d2dc05b027c02,org.apache.qpid.proton.codec.MapType,org.apache.qpid.proton.codec.MapType_ESTest,10,0,False
884,NPEX,Qpid_Proton__j-02998b38,0,9d6e529918754295b5ce89a1d8654410,org.apache.qpid.proton.codec.MapType,org.apache.qpid.proton.codec.MapType_ESTest,12,0,False
885,NPEX,Qpid_Proton__j-02998b38,0,dd970584a0ed41a4944cdd4d6a97010a,org.apache.qpid.proton.codec.MapType,org.apache.qpid.proton.codec.MapType_ESTest,9,0,False
886,NPEX,Qpid_Proton__j-02998b38,0,cb2c8852d0cd48c99ce69b0c34afe815,org.apache.qpid.proton.codec.MapType,org.apache.qpid.proton.codec.MapType_ESTest,9,0,False
887,NPEX,Qpid_Proton__j-02998b38,0,6885ad59ad854ccb93f0541522b3e3d1,org.apache.qpid.proton.codec.MapType,org.apache.qpid.proton.codec.MapType_ESTest,9,0,False
888,NPEX,Qpid_Proton__j-02998b38,0,b57141ed941c43748bb55ffcceb9e896,org.apache.qpid.proton.codec.MapType,org.apache.qpid.proton.codec.MapType_ESTest,10,0,False
889,NPEX,Qpid_Proton__j-02998b38,1,7c2ec08e4ded4022b2db2b6fd2759106,org.apache.qpid.proton.codec.MapType,org.apache.qpid.proton.codec.MapType_ESTest,9,0,False
890,NPEX,Qpid_Proton__j-02998b38,1,a1fb4b13ba0e4aaba5eb3bc4154d1279,org.apache.qpid.proton.codec.MapType,org.apache.qpid.proton.codec.MapType_ESTest,10,0,False
891,NPEX,Qpid_Proton__j-02998b38,1,f846025a89124bc4b826f51b04a2957d,org.apache.qpid.proton.codec.MapType,org.apache.qpid.proton.codec.MapType_ESTest,8,0,False
892,NPEX,Qpid_Proton__j-02998b38,1,39a2b5bd1d814d048eea47b1e79a80a7,org.apache.qpid.proton.codec.MapType,org.apache.qpid.proton.codec.MapType_ESTest,10,0,False
893,NPEX,Qpid_Proton__j-02998b38,1,2f76af1f7afc4493a44d2dc05b027c02,org.apache.qpid.proton.codec.MapType,org.apache.qpid.proton.codec.MapType_ESTest,10,0,False
894,NPEX,Qpid_Proton__j-02998b38,1,9d6e529918754295b5ce89a1d8654410,org.apache.qpid.proton.codec.MapType,org.apache.qpid.proton.codec.MapType_ESTest,12,0,False
895,NPEX,Qpid_Proton__j-02998b38,1,dd970584a0ed41a4944cdd4d6a97010a,org.apache.qpid.proton.codec.MapType,org.apache.qpid.proton.codec.MapType_ESTest,9,0,False
896,NPEX,Qpid_Proton__j-02998b38,1,cb2c8852d0cd48c99ce69b0c34afe815,org.apache.qpid.proton.codec.MapType,org.apache.qpid.proton.codec.MapType_ESTest,9,0,False
897,NPEX,Qpid_Proton__j-02998b38,1,6885ad59ad854ccb93f0541522b3e3d1,org.apache.qpid.proton.codec.MapType,org.apache.qpid.proton.codec.MapType_ESTest,9,0,False
898,NPEX,Qpid_Proton__j-02998b38,1,b57141ed941c43748bb55ffcceb9e896,org.apache.qpid.proton.codec.MapType,org.apache.qpid.proton.codec.MapType_ESTest,10,0,False
899,NPEX,Avro-a3e05bee,0,40f5ada643ff4729b3b4e8af30187d77,org.apache.avro.Schema,org.apache.avro.Schema_ESTest,269,0,True
900,NPEX,Avro-a3e05bee,0,a0ce3a4f41de470c8f0215a0316b3beb,org.apache.avro.Schema,org.apache.avro.Schema_ESTest,450,0,True
901,NPEX,Avro-a3e05bee,0,331538ec06b74e868bb6c127ce0ed03c,org.apache.avro.Schema,org.apache.avro.Schema_ESTest,258,0,True
902,NPEX,Avro-a3e05bee,0,920386882c9f47de979258c1e5a65590,org.apache.avro.Schema,org.apache.avro.Schema_ESTest,256,0,True
903,NPEX,Avro-a3e05bee,0,a3d6b360037747c6b0d056a491c89ff9,org.apache.avro.Schema,org.apache.avro.Schema_ESTest,259,0,True
904,NPEX,Avro-a3e05bee,0,97342ebe2e9e43d1bf383e2a829b87be,org.apache.avro.Schema,org.apache.avro.Schema_ESTest,260,0,True
905,NPEX,Avro-a3e05bee,0,10c7b03e8f5a4c36a1d2438750b675aa,org.apache.avro.Schema,org.apache.avro.Schema_ESTest,260,0,True
906,NPEX,Avro-a3e05bee,0,ca34e4a6be4c4bb6a7c76ef712c06a4b,org.apache.avro.Schema,org.apache.avro.Schema_ESTest,242,0,True
907,NPEX,Avro-a3e05bee,0,286512213f43418fb7013b3eb182eda2,org.apache.avro.Schema,org.apache.avro.Schema_ESTest,261,0,True
908,NPEX,Avro-a3e05bee,0,f9624730e61e46d189b1d65c6cfb925a,org.apache.avro.Schema,org.apache.avro.Schema_ESTest,248,0,True
909,NPEX,HttpComponents_Client-f6333a50,0,d4dc91c982ad4315b160ee12f9dfef9e,org.apache.hc.client5.http.impl.async.HttpAsyncClientBuilder,org.apache.hc.client5.http.impl.async.HttpAsyncClientBuilder_ESTest,67,0,False
910,NPEX,HttpComponents_Client-f6333a50,0,d4dc91c982ad4315b160ee12f9dfef9e,org.apache.hc.client5.http.impl.async.H2AsyncClientBuilder,org.apache.hc.client5.http.impl.async.H2AsyncClientBuilder_ESTest,0,0,False
911,NPEX,HttpComponents_Client-f6333a50,0,524e9b987b78427a8ee3a01ff5280c9e,org.apache.hc.client5.http.impl.async.HttpAsyncClientBuilder,org.apache.hc.client5.http.impl.async.HttpAsyncClientBuilder_ESTest,69,0,False
912,NPEX,HttpComponents_Client-f6333a50,0,524e9b987b78427a8ee3a01ff5280c9e,org.apache.hc.client5.http.impl.async.H2AsyncClientBuilder,org.apache.hc.client5.http.impl.async.H2AsyncClientBuilder_ESTest,0,0,False
913,NPEX,HttpComponents_Client-f6333a50,0,1fa16869a3c74c39b78c839a39b7d683,org.apache.hc.client5.http.impl.async.HttpAsyncClientBuilder,org.apache.hc.client5.http.impl.async.HttpAsyncClientBuilder_ESTest,68,0,False
914,NPEX,HttpComponents_Client-f6333a50,0,1fa16869a3c74c39b78c839a39b7d683,org.apache.hc.client5.http.impl.async.H2AsyncClientBuilder,org.apache.hc.client5.http.impl.async.H2AsyncClientBuilder_ESTest,0,0,False
915,NPEX,HttpComponents_Client-f6333a50,0,eb62e77466bb40e395513824ec6efaa8,org.apache.hc.client5.http.impl.async.HttpAsyncClientBuilder,org.apache.hc.client5.http.impl.async.HttpAsyncClientBuilder_ESTest,68,0,False
916,NPEX,HttpComponents_Client-f6333a50,0,eb62e77466bb40e395513824ec6efaa8,org.apache.hc.client5.http.impl.async.H2AsyncClientBuilder,org.apache.hc.client5.http.impl.async.H2AsyncClientBuilder_ESTest,0,0,False
917,NPEX,HttpComponents_Client-f6333a50,0,005e7e17096e4f879b3a40c1dfe467cd,org.apache.hc.client5.http.impl.async.HttpAsyncClientBuilder,org.apache.hc.client5.http.impl.async.HttpAsyncClientBuilder_ESTest,66,0,False
918,NPEX,HttpComponents_Client-f6333a50,0,005e7e17096e4f879b3a40c1dfe467cd,org.apache.hc.client5.http.impl.async.H2AsyncClientBuilder,org.apache.hc.client5.http.impl.async.H2AsyncClientBuilder_ESTest,0,0,False
919,NPEX,HttpComponents_Client-f6333a50,0,7eabef3c527d4593b5bcd21028e73ae3,org.apache.hc.client5.http.impl.async.HttpAsyncClientBuilder,org.apache.hc.client5.http.impl.async.HttpAsyncClientBuilder_ESTest,66,0,False
920,NPEX,HttpComponents_Client-f6333a50,0,7eabef3c527d4593b5bcd21028e73ae3,org.apache.hc.client5.http.impl.async.H2AsyncClientBuilder,org.apache.hc.client5.http.impl.async.H2AsyncClientBuilder_ESTest,0,0,False
921,NPEX,HttpComponents_Client-f6333a50,0,0e141438965848189b1c9a59cf771ab4,org.apache.hc.client5.http.impl.async.HttpAsyncClientBuilder,org.apache.hc.client5.http.impl.async.HttpAsyncClientBuilder_ESTest,67,0,False
922,NPEX,HttpComponents_Client-f6333a50,0,0e141438965848189b1c9a59cf771ab4,org.apache.hc.client5.http.impl.async.H2AsyncClientBuilder,org.apache.hc.client5.http.impl.async.H2AsyncClientBuilder_ESTest,0,0,False
923,NPEX,HttpComponents_Client-f6333a50,0,882d8702f2854661932bd32f9b0f99a6,org.apache.hc.client5.http.impl.async.HttpAsyncClientBuilder,org.apache.hc.client5.http.impl.async.HttpAsyncClientBuilder_ESTest,67,0,False
924,NPEX,HttpComponents_Client-f6333a50,0,882d8702f2854661932bd32f9b0f99a6,org.apache.hc.client5.http.impl.async.H2AsyncClientBuilder,org.apache.hc.client5.http.impl.async.H2AsyncClientBuilder_ESTest,0,0,False
925,NPEX,HttpComponents_Client-f6333a50,0,184450a09e0d482b81472ae01173b0c7,org.apache.hc.client5.http.impl.async.HttpAsyncClientBuilder,org.apache.hc.client5.http.impl.async.HttpAsyncClientBuilder_ESTest,65,0,False
926,NPEX,HttpComponents_Client-f6333a50,0,184450a09e0d482b81472ae01173b0c7,org.apache.hc.client5.http.impl.async.H2AsyncClientBuilder,org.apache.hc.client5.http.impl.async.H2AsyncClientBuilder_ESTest,49,0,True
927,NPEX,HttpComponents_Client-f6333a50,0,66e81d51c0754e239e90e830c4256ba7,org.apache.hc.client5.http.impl.async.HttpAsyncClientBuilder,org.apache.hc.client5.http.impl.async.HttpAsyncClientBuilder_ESTest,66,0,False
928,NPEX,HttpComponents_Client-f6333a50,0,66e81d51c0754e239e90e830c4256ba7,org.apache.hc.client5.http.impl.async.H2AsyncClientBuilder,org.apache.hc.client5.http.impl.async.H2AsyncClientBuilder_ESTest,0,0,False
929,NPEX,HttpComponents_Client-f6333a50,1,d4dc91c982ad4315b160ee12f9dfef9e,org.apache.hc.client5.http.impl.async.HttpAsyncClientBuilder,org.apache.hc.client5.http.impl.async.HttpAsyncClientBuilder_ESTest,67,0,False
930,NPEX,HttpComponents_Client-f6333a50,1,d4dc91c982ad4315b160ee12f9dfef9e,org.apache.hc.client5.http.impl.async.H2AsyncClientBuilder,org.apache.hc.client5.http.impl.async.H2AsyncClientBuilder_ESTest,0,0,False
931,NPEX,HttpComponents_Client-f6333a50,1,524e9b987b78427a8ee3a01ff5280c9e,org.apache.hc.client5.http.impl.async.HttpAsyncClientBuilder,org.apache.hc.client5.http.impl.async.HttpAsyncClientBuilder_ESTest,69,0,False
932,NPEX,HttpComponents_Client-f6333a50,1,524e9b987b78427a8ee3a01ff5280c9e,org.apache.hc.client5.http.impl.async.H2AsyncClientBuilder,org.apache.hc.client5.http.impl.async.H2AsyncClientBuilder_ESTest,0,0,False
933,NPEX,HttpComponents_Client-f6333a50,1,1fa16869a3c74c39b78c839a39b7d683,org.apache.hc.client5.http.impl.async.HttpAsyncClientBuilder,org.apache.hc.client5.http.impl.async.HttpAsyncClientBuilder_ESTest,68,0,False
934,NPEX,HttpComponents_Client-f6333a50,1,1fa16869a3c74c39b78c839a39b7d683,org.apache.hc.client5.http.impl.async.H2AsyncClientBuilder,org.apache.hc.client5.http.impl.async.H2AsyncClientBuilder_ESTest,0,0,False
935,NPEX,HttpComponents_Client-f6333a50,1,eb62e77466bb40e395513824ec6efaa8,org.apache.hc.client5.http.impl.async.HttpAsyncClientBuilder,org.apache.hc.client5.http.impl.async.HttpAsyncClientBuilder_ESTest,68,0,False
936,NPEX,HttpComponents_Client-f6333a50,1,eb62e77466bb40e395513824ec6efaa8,org.apache.hc.client5.http.impl.async.H2AsyncClientBuilder,org.apache.hc.client5.http.impl.async.H2AsyncClientBuilder_ESTest,0,0,False
937,NPEX,HttpComponents_Client-f6333a50,1,005e7e17096e4f879b3a40c1dfe467cd,org.apache.hc.client5.http.impl.async.HttpAsyncClientBuilder,org.apache.hc.client5.http.impl.async.HttpAsyncClientBuilder_ESTest,66,0,False
938,NPEX,HttpComponents_Client-f6333a50,1,005e7e17096e4f879b3a40c1dfe467cd,org.apache.hc.client5.http.impl.async.H2AsyncClientBuilder,org.apache.hc.client5.http.impl.async.H2AsyncClientBuilder_ESTest,0,0,False
939,NPEX,HttpComponents_Client-f6333a50,1,7eabef3c527d4593b5bcd21028e73ae3,org.apache.hc.client5.http.impl.async.HttpAsyncClientBuilder,org.apache.hc.client5.http.impl.async.HttpAsyncClientBuilder_ESTest,66,0,False
940,NPEX,HttpComponents_Client-f6333a50,1,7eabef3c527d4593b5bcd21028e73ae3,org.apache.hc.client5.http.impl.async.H2AsyncClientBuilder,org.apache.hc.client5.http.impl.async.H2AsyncClientBuilder_ESTest,0,0,False
941,NPEX,HttpComponents_Client-f6333a50,1,0e141438965848189b1c9a59cf771ab4,org.apache.hc.client5.http.impl.async.HttpAsyncClientBuilder,org.apache.hc.client5.http.impl.async.HttpAsyncClientBuilder_ESTest,67,0,False
942,NPEX,HttpComponents_Client-f6333a50,1,0e141438965848189b1c9a59cf771ab4,org.apache.hc.client5.http.impl.async.H2AsyncClientBuilder,org.apache.hc.client5.http.impl.async.H2AsyncClientBuilder_ESTest,0,0,False
943,NPEX,HttpComponents_Client-f6333a50,1,882d8702f2854661932bd32f9b0f99a6,org.apache.hc.client5.http.impl.async.HttpAsyncClientBuilder,org.apache.hc.client5.http.impl.async.HttpAsyncClientBuilder_ESTest,67,0,False
944,NPEX,HttpComponents_Client-f6333a50,1,882d8702f2854661932bd32f9b0f99a6,org.apache.hc.client5.http.impl.async.H2AsyncClientBuilder,org.apache.hc.client5.http.impl.async.H2AsyncClientBuilder_ESTest,0,0,False
945,NPEX,HttpComponents_Client-f6333a50,1,184450a09e0d482b81472ae01173b0c7,org.apache.hc.client5.http.impl.async.HttpAsyncClientBuilder,org.apache.hc.client5.http.impl.async.HttpAsyncClientBuilder_ESTest,65,0,False
946,NPEX,HttpComponents_Client-f6333a50,1,184450a09e0d482b81472ae01173b0c7,org.apache.hc.client5.http.impl.async.H2AsyncClientBuilder,org.apache.hc.client5.http.impl.async.H2AsyncClientBuilder_ESTest,49,0,False
947,NPEX,HttpComponents_Client-f6333a50,1,66e81d51c0754e239e90e830c4256ba7,org.apache.hc.client5.http.impl.async.HttpAsyncClientBuilder,org.apache.hc.client5.http.impl.async.HttpAsyncClientBuilder_ESTest,66,0,False
948,NPEX,HttpComponents_Client-f6333a50,1,66e81d51c0754e239e90e830c4256ba7,org.apache.hc.client5.http.impl.async.H2AsyncClientBuilder,org.apache.hc.client5.http.impl.async.H2AsyncClientBuilder_ESTest,0,0,False
949,NPEX,HttpComponents_Client-f6333a50,2,d4dc91c982ad4315b160ee12f9dfef9e,org.apache.hc.client5.http.impl.async.HttpAsyncClientBuilder,org.apache.hc.client5.http.impl.async.HttpAsyncClientBuilder_ESTest,67,0,True
950,NPEX,HttpComponents_Client-f6333a50,2,d4dc91c982ad4315b160ee12f9dfef9e,org.apache.hc.client5.http.impl.async.H2AsyncClientBuilder,org.apache.hc.client5.http.impl.async.H2AsyncClientBuilder_ESTest,0,0,False
951,NPEX,HttpComponents_Client-f6333a50,2,524e9b987b78427a8ee3a01ff5280c9e,org.apache.hc.client5.http.impl.async.HttpAsyncClientBuilder,org.apache.hc.client5.http.impl.async.HttpAsyncClientBuilder_ESTest,69,0,True
952,NPEX,HttpComponents_Client-f6333a50,2,524e9b987b78427a8ee3a01ff5280c9e,org.apache.hc.client5.http.impl.async.H2AsyncClientBuilder,org.apache.hc.client5.http.impl.async.H2AsyncClientBuilder_ESTest,0,0,False
953,NPEX,HttpComponents_Client-f6333a50,2,1fa16869a3c74c39b78c839a39b7d683,org.apache.hc.client5.http.impl.async.HttpAsyncClientBuilder,org.apache.hc.client5.http.impl.async.HttpAsyncClientBuilder_ESTest,68,0,True
954,NPEX,HttpComponents_Client-f6333a50,2,1fa16869a3c74c39b78c839a39b7d683,org.apache.hc.client5.http.impl.async.H2AsyncClientBuilder,org.apache.hc.client5.http.impl.async.H2AsyncClientBuilder_ESTest,0,0,False
955,NPEX,HttpComponents_Client-f6333a50,2,eb62e77466bb40e395513824ec6efaa8,org.apache.hc.client5.http.impl.async.HttpAsyncClientBuilder,org.apache.hc.client5.http.impl.async.HttpAsyncClientBuilder_ESTest,68,0,True
956,NPEX,HttpComponents_Client-f6333a50,2,eb62e77466bb40e395513824ec6efaa8,org.apache.hc.client5.http.impl.async.H2AsyncClientBuilder,org.apache.hc.client5.http.impl.async.H2AsyncClientBuilder_ESTest,0,0,False
957,NPEX,HttpComponents_Client-f6333a50,2,005e7e17096e4f879b3a40c1dfe467cd,org.apache.hc.client5.http.impl.async.HttpAsyncClientBuilder,org.apache.hc.client5.http.impl.async.HttpAsyncClientBuilder_ESTest,66,0,True
958,NPEX,HttpComponents_Client-f6333a50,2,005e7e17096e4f879b3a40c1dfe467cd,org.apache.hc.client5.http.impl.async.H2AsyncClientBuilder,org.apache.hc.client5.http.impl.async.H2AsyncClientBuilder_ESTest,0,0,False
959,NPEX,HttpComponents_Client-f6333a50,2,7eabef3c527d4593b5bcd21028e73ae3,org.apache.hc.client5.http.impl.async.HttpAsyncClientBuilder,org.apache.hc.client5.http.impl.async.HttpAsyncClientBuilder_ESTest,66,0,True
960,NPEX,HttpComponents_Client-f6333a50,2,7eabef3c527d4593b5bcd21028e73ae3,org.apache.hc.client5.http.impl.async.H2AsyncClientBuilder,org.apache.hc.client5.http.impl.async.H2AsyncClientBuilder_ESTest,0,0,False
961,NPEX,HttpComponents_Client-f6333a50,2,0e141438965848189b1c9a59cf771ab4,org.apache.hc.client5.http.impl.async.HttpAsyncClientBuilder,org.apache.hc.client5.http.impl.async.HttpAsyncClientBuilder_ESTest,67,0,True
962,NPEX,HttpComponents_Client-f6333a50,2,0e141438965848189b1c9a59cf771ab4,org.apache.hc.client5.http.impl.async.H2AsyncClientBuilder,org.apache.hc.client5.http.impl.async.H2AsyncClientBuilder_ESTest,0,0,False
963,NPEX,HttpComponents_Client-f6333a50,2,882d8702f2854661932bd32f9b0f99a6,org.apache.hc.client5.http.impl.async.HttpAsyncClientBuilder,org.apache.hc.client5.http.impl.async.HttpAsyncClientBuilder_ESTest,67,0,True
964,NPEX,HttpComponents_Client-f6333a50,2,882d8702f2854661932bd32f9b0f99a6,org.apache.hc.client5.http.impl.async.H2AsyncClientBuilder,org.apache.hc.client5.http.impl.async.H2AsyncClientBuilder_ESTest,0,0,False
965,NPEX,HttpComponents_Client-f6333a50,2,184450a09e0d482b81472ae01173b0c7,org.apache.hc.client5.http.impl.async.HttpAsyncClientBuilder,org.apache.hc.client5.http.impl.async.HttpAsyncClientBuilder_ESTest,65,0,True
966,NPEX,HttpComponents_Client-f6333a50,2,184450a09e0d482b81472ae01173b0c7,org.apache.hc.client5.http.impl.async.H2AsyncClientBuilder,org.apache.hc.client5.http.impl.async.H2AsyncClientBuilder_ESTest,49,0,False
967,NPEX,HttpComponents_Client-f6333a50,2,66e81d51c0754e239e90e830c4256ba7,org.apache.hc.client5.http.impl.async.HttpAsyncClientBuilder,org.apache.hc.client5.http.impl.async.HttpAsyncClientBuilder_ESTest,66,0,True
968,NPEX,HttpComponents_Client-f6333a50,2,66e81d51c0754e239e90e830c4256ba7,org.apache.hc.client5.http.impl.async.H2AsyncClientBuilder,org.apache.hc.client5.http.impl.async.H2AsyncClientBuilder_ESTest,0,0,False
969,NPEX,HttpComponents_Client-f6333a50,3,d4dc91c982ad4315b160ee12f9dfef9e,org.apache.hc.client5.http.impl.async.HttpAsyncClientBuilder,org.apache.hc.client5.http.impl.async.HttpAsyncClientBuilder_ESTest,67,0,True
970,NPEX,HttpComponents_Client-f6333a50,3,d4dc91c982ad4315b160ee12f9dfef9e,org.apache.hc.client5.http.impl.async.H2AsyncClientBuilder,org.apache.hc.client5.http.impl.async.H2AsyncClientBuilder_ESTest,0,0,False
971,NPEX,HttpComponents_Client-f6333a50,3,524e9b987b78427a8ee3a01ff5280c9e,org.apache.hc.client5.http.impl.async.HttpAsyncClientBuilder,org.apache.hc.client5.http.impl.async.HttpAsyncClientBuilder_ESTest,69,0,True
972,NPEX,HttpComponents_Client-f6333a50,3,524e9b987b78427a8ee3a01ff5280c9e,org.apache.hc.client5.http.impl.async.H2AsyncClientBuilder,org.apache.hc.client5.http.impl.async.H2AsyncClientBuilder_ESTest,0,0,False
973,NPEX,HttpComponents_Client-f6333a50,3,1fa16869a3c74c39b78c839a39b7d683,org.apache.hc.client5.http.impl.async.HttpAsyncClientBuilder,org.apache.hc.client5.http.impl.async.HttpAsyncClientBuilder_ESTest,68,0,True
974,NPEX,HttpComponents_Client-f6333a50,3,1fa16869a3c74c39b78c839a39b7d683,org.apache.hc.client5.http.impl.async.H2AsyncClientBuilder,org.apache.hc.client5.http.impl.async.H2AsyncClientBuilder_ESTest,0,0,False
975,NPEX,HttpComponents_Client-f6333a50,3,eb62e77466bb40e395513824ec6efaa8,org.apache.hc.client5.http.impl.async.HttpAsyncClientBuilder,org.apache.hc.client5.http.impl.async.HttpAsyncClientBuilder_ESTest,68,0,True
976,NPEX,HttpComponents_Client-f6333a50,3,eb62e77466bb40e395513824ec6efaa8,org.apache.hc.client5.http.impl.async.H2AsyncClientBuilder,org.apache.hc.client5.http.impl.async.H2AsyncClientBuilder_ESTest,0,0,False
977,NPEX,HttpComponents_Client-f6333a50,3,005e7e17096e4f879b3a40c1dfe467cd,org.apache.hc.client5.http.impl.async.HttpAsyncClientBuilder,org.apache.hc.client5.http.impl.async.HttpAsyncClientBuilder_ESTest,66,0,True
978,NPEX,HttpComponents_Client-f6333a50,3,005e7e17096e4f879b3a40c1dfe467cd,org.apache.hc.client5.http.impl.async.H2AsyncClientBuilder,org.apache.hc.client5.http.impl.async.H2AsyncClientBuilder_ESTest,0,0,False
979,NPEX,HttpComponents_Client-f6333a50,3,7eabef3c527d4593b5bcd21028e73ae3,org.apache.hc.client5.http.impl.async.HttpAsyncClientBuilder,org.apache.hc.client5.http.impl.async.HttpAsyncClientBuilder_ESTest,66,0,True
980,NPEX,HttpComponents_Client-f6333a50,3,7eabef3c527d4593b5bcd21028e73ae3,org.apache.hc.client5.http.impl.async.H2AsyncClientBuilder,org.apache.hc.client5.http.impl.async.H2AsyncClientBuilder_ESTest,0,0,False
981,NPEX,HttpComponents_Client-f6333a50,3,0e141438965848189b1c9a59cf771ab4,org.apache.hc.client5.http.impl.async.HttpAsyncClientBuilder,org.apache.hc.client5.http.impl.async.HttpAsyncClientBuilder_ESTest,67,0,True
982,NPEX,HttpComponents_Client-f6333a50,3,0e141438965848189b1c9a59cf771ab4,org.apache.hc.client5.http.impl.async.H2AsyncClientBuilder,org.apache.hc.client5.http.impl.async.H2AsyncClientBuilder_ESTest,0,0,False
983,NPEX,HttpComponents_Client-f6333a50,3,882d8702f2854661932bd32f9b0f99a6,org.apache.hc.client5.http.impl.async.HttpAsyncClientBuilder,org.apache.hc.client5.http.impl.async.HttpAsyncClientBuilder_ESTest,67,0,True
984,NPEX,HttpComponents_Client-f6333a50,3,882d8702f2854661932bd32f9b0f99a6,org.apache.hc.client5.http.impl.async.H2AsyncClientBuilder,org.apache.hc.client5.http.impl.async.H2AsyncClientBuilder_ESTest,0,0,False
985,NPEX,HttpComponents_Client-f6333a50,3,184450a09e0d482b81472ae01173b0c7,org.apache.hc.client5.http.impl.async.HttpAsyncClientBuilder,org.apache.hc.client5.http.impl.async.HttpAsyncClientBuilder_ESTest,65,0,True
986,NPEX,HttpComponents_Client-f6333a50,3,184450a09e0d482b81472ae01173b0c7,org.apache.hc.client5.http.impl.async.H2AsyncClientBuilder,org.apache.hc.client5.http.impl.async.H2AsyncClientBuilder_ESTest,49,0,False
987,NPEX,HttpComponents_Client-f6333a50,3,66e81d51c0754e239e90e830c4256ba7,org.apache.hc.client5.http.impl.async.HttpAsyncClientBuilder,org.apache.hc.client5.http.impl.async.HttpAsyncClientBuilder_ESTest,66,0,True
988,NPEX,HttpComponents_Client-f6333a50,3,66e81d51c0754e239e90e830c4256ba7,org.apache.hc.client5.http.impl.async.H2AsyncClientBuilder,org.apache.hc.client5.http.impl.async.H2AsyncClientBuilder_ESTest,0,0,False
989,NPEX,Async_Http_Client-fbc6d486,0,bd05d648b65745c3bf182cc2157d0164,org.asynchttpclient.RequestBuilderBase,org.asynchttpclient.RequestBuilderBase_ESTest,1,0,False
990,NPEX,Async_Http_Client-fbc6d486,0,0423174f5c6a4c12ae20ff8a03213420,org.asynchttpclient.RequestBuilderBase,org.asynchttpclient.RequestBuilderBase_ESTest,1,0,False
991,NPEX,Async_Http_Client-fbc6d486,0,3a9d396b9e334e1495b9699b14742ee6,org.asynchttpclient.RequestBuilderBase,org.asynchttpclient.RequestBuilderBase_ESTest,1,0,False
992,NPEX,Async_Http_Client-fbc6d486,0,ba49e7801f1742d1ba596c4682c1aa17,org.asynchttpclient.RequestBuilderBase,org.asynchttpclient.RequestBuilderBase_ESTest,1,0,False
993,NPEX,Async_Http_Client-fbc6d486,0,30bccfddc2564325af968e282d74d6cf,org.asynchttpclient.RequestBuilderBase,org.asynchttpclient.RequestBuilderBase_ESTest,1,0,False
994,NPEX,Async_Http_Client-fbc6d486,0,39618228e318491abe4ac79ddc812d95,org.asynchttpclient.RequestBuilderBase,org.asynchttpclient.RequestBuilderBase_ESTest,1,0,False
995,NPEX,Async_Http_Client-fbc6d486,0,8fd989f5d92e465cbbd4afc0afbcbe53,org.asynchttpclient.RequestBuilderBase,org.asynchttpclient.RequestBuilderBase_ESTest,1,0,False
996,NPEX,Async_Http_Client-fbc6d486,0,1c795bf50f8146c29d9d5026f4e84562,org.asynchttpclient.RequestBuilderBase,org.asynchttpclient.RequestBuilderBase_ESTest,1,0,False
997,NPEX,Async_Http_Client-fbc6d486,0,de947aaa0ff54faf81b77dda77fb1ec1,org.asynchttpclient.RequestBuilderBase,org.asynchttpclient.RequestBuilderBase_ESTest,1,0,False
998,NPEX,Async_Http_Client-fbc6d486,0,f8141c6e6072447297d902d592bb35d3,org.asynchttpclient.RequestBuilderBase,org.asynchttpclient.RequestBuilderBase_ESTest,1,0,False
999,NPEX,ShardingSphere-9833fb9a,0,93d422efdc604507a8d71a5aa6e63064,org.apache.shardingsphere.governance.core.yaml.swapper.SchemaYamlSwapper,org.apache.shardingsphere.governance.core.yaml.swapper.SchemaYamlSwapper_ESTest,5,0,True
1000,NPEX,ShardingSphere-9833fb9a,0,cf0178585d644509b34f5e73221aab03,org.apache.shardingsphere.governance.core.yaml.swapper.SchemaYamlSwapper,org.apache.shardingsphere.governance.core.yaml.swapper.SchemaYamlSwapper_ESTest,5,0,False
1001,NPEX,ShardingSphere-9833fb9a,0,7a19430e785f4bb7b8affadaa54d417e,org.apache.shardingsphere.governance.core.yaml.swapper.SchemaYamlSwapper,org.apache.shardingsphere.governance.core.yaml.swapper.SchemaYamlSwapper_ESTest,5,0,True
1002,NPEX,ShardingSphere-9833fb9a,0,1a8467e417db4dfb89d2559370dcc1d1,org.apache.shardingsphere.governance.core.yaml.swapper.SchemaYamlSwapper,org.apache.shardingsphere.governance.core.yaml.swapper.SchemaYamlSwapper_ESTest,5,0,True
1003,NPEX,ShardingSphere-9833fb9a,0,4a5a9e202bd64d458f2e6c9f83c929ed,org.apache.shardingsphere.governance.core.yaml.swapper.SchemaYamlSwapper,org.apache.shardingsphere.governance.core.yaml.swapper.SchemaYamlSwapper_ESTest,5,0,True
1004,NPEX,ShardingSphere-9833fb9a,0,19cec23a62554585861625bdd81e2a31,org.apache.shardingsphere.governance.core.yaml.swapper.SchemaYamlSwapper,org.apache.shardingsphere.governance.core.yaml.swapper.SchemaYamlSwapper_ESTest,5,0,False
1005,NPEX,ShardingSphere-9833fb9a,0,99b99cdc2c694578873075110245140d,org.apache.shardingsphere.governance.core.yaml.swapper.SchemaYamlSwapper,org.apache.shardingsphere.governance.core.yaml.swapper.SchemaYamlSwapper_ESTest,5,0,False
1006,NPEX,ShardingSphere-9833fb9a,0,b260b721e4ec4a2ebf34b0ca28bfa362,org.apache.shardingsphere.governance.core.yaml.swapper.SchemaYamlSwapper,org.apache.shardingsphere.governance.core.yaml.swapper.SchemaYamlSwapper_ESTest,5,0,True
1007,NPEX,ShardingSphere-9833fb9a,0,953eed3af09a4e248ef51e3aa70f7c1d,org.apache.shardingsphere.governance.core.yaml.swapper.SchemaYamlSwapper,org.apache.shardingsphere.governance.core.yaml.swapper.SchemaYamlSwapper_ESTest,4,0,False
1008,NPEX,ShardingSphere-9833fb9a,0,1b8bf32fceea4a8a89471b952077cfe0,org.apache.shardingsphere.governance.core.yaml.swapper.SchemaYamlSwapper,org.apache.shardingsphere.governance.core.yaml.swapper.SchemaYamlSwapper_ESTest,5,0,False
1009,NPEX,Easy_Rules-d5385af5,0,7e5441400e8d4cafb0063c5c70e0d915,org.jeasy.rules.mvel.MVELRuleDefinitionReader,org.jeasy.rules.mvel.MVELRuleDefinitionReader_ESTest,13,0,True
1010,NPEX,Easy_Rules-d5385af5,0,895e30fad4d34fa88454505a7d488439,org.jeasy.rules.mvel.MVELRuleDefinitionReader,org.jeasy.rules.mvel.MVELRuleDefinitionReader_ESTest,12,0,False
1011,NPEX,Easy_Rules-d5385af5,0,64f0a68417024ab6bbe3e9dbedfda453,org.jeasy.rules.mvel.MVELRuleDefinitionReader,org.jeasy.rules.mvel.MVELRuleDefinitionReader_ESTest,13,0,False
1012,NPEX,Easy_Rules-d5385af5,0,ab6604e7323e4141b010f0892389a296,org.jeasy.rules.mvel.MVELRuleDefinitionReader,org.jeasy.rules.mvel.MVELRuleDefinitionReader_ESTest,10,0,True
1013,NPEX,Easy_Rules-d5385af5,0,df60da720fa04cb18f1ff9acf5897152,org.jeasy.rules.mvel.MVELRuleDefinitionReader,org.jeasy.rules.mvel.MVELRuleDefinitionReader_ESTest,11,0,True
1014,NPEX,Easy_Rules-d5385af5,0,744670c4a4cf47ca9e6f358e5a06dd13,org.jeasy.rules.mvel.MVELRuleDefinitionReader,org.jeasy.rules.mvel.MVELRuleDefinitionReader_ESTest,12,0,True
1015,NPEX,Easy_Rules-d5385af5,0,525a2cebea6741c981ed0b17584f893b,org.jeasy.rules.mvel.MVELRuleDefinitionReader,org.jeasy.rules.mvel.MVELRuleDefinitionReader_ESTest,11,0,True
1016,NPEX,Easy_Rules-d5385af5,0,11b91c7818d640a3ad649ae2622086fe,org.jeasy.rules.mvel.MVELRuleDefinitionReader,org.jeasy.rules.mvel.MVELRuleDefinitionReader_ESTest,12,0,False
1017,NPEX,Hivemall-04fa7545,0,9a126829af004f7ca4b9acd56fe7dc3b,hivemall.GeneralLearnerBaseUDTF,hivemall.GeneralLearnerBaseUDTF_ESTest,24,0,True
1018,NPEX,Hivemall-04fa7545,0,e0b4d463105b4c73bd3028cb28cdb3a8,hivemall.GeneralLearnerBaseUDTF,hivemall.GeneralLearnerBaseUDTF_ESTest,25,0,True
1019,NPEX,Hivemall-04fa7545,0,6927fe2b6c7a42d2b7db0b0d6f323580,hivemall.GeneralLearnerBaseUDTF,hivemall.GeneralLearnerBaseUDTF_ESTest,26,0,True
1020,NPEX,Hivemall-04fa7545,0,a1a2dd9e445241b1aad2674151cead6f,hivemall.GeneralLearnerBaseUDTF,hivemall.GeneralLearnerBaseUDTF_ESTest,27,0,False
1021,NPEX,Hivemall-04fa7545,0,6619cd914f6a4756a534b6061c2cdb2a,hivemall.GeneralLearnerBaseUDTF,hivemall.GeneralLearnerBaseUDTF_ESTest,26,0,True
1022,NPEX,Hivemall-04fa7545,0,026b43d9d13c4fcea18c448c486b2008,hivemall.GeneralLearnerBaseUDTF,hivemall.GeneralLearnerBaseUDTF_ESTest,24,0,False
1023,NPEX,Hivemall-04fa7545,0,af2f76869e4b4260b8e045bfc3e59e4a,hivemall.GeneralLearnerBaseUDTF,hivemall.GeneralLearnerBaseUDTF_ESTest,23,0,True
1024,NPEX,Hivemall-04fa7545,0,467a5c3f2b8a482283f3e5e2b5ce1616,hivemall.GeneralLearnerBaseUDTF,hivemall.GeneralLearnerBaseUDTF_ESTest,24,0,True
1025,NPEX,Hivemall-04fa7545,0,64e9ac3c7d21453aa113abd16e95eebb,hivemall.GeneralLearnerBaseUDTF,hivemall.GeneralLearnerBaseUDTF_ESTest,23,0,True
1026,NPEX,Hivemall-04fa7545,0,8836026a929542b49163502c50a99801,hivemall.GeneralLearnerBaseUDTF,hivemall.GeneralLearnerBaseUDTF_ESTest,26,0,True
1027,NPEX,IoTDB-9bced7b6,0,34d3f8887dae496b9d3089b2e7330e6a,org.apache.iotdb.db.metadata.MTree,org.apache.iotdb.db.metadata.MTree_ESTest,210,0,False
1028,NPEX,IoTDB-9bced7b6,0,ff9aadfc028641b680bc6292f3252348,org.apache.iotdb.db.metadata.MTree,org.apache.iotdb.db.metadata.MTree_ESTest,206,0,True
1029,NPEX,IoTDB-9bced7b6,0,273c2a01e1ec42659415f592f2e17f7e,org.apache.iotdb.db.metadata.MTree,org.apache.iotdb.db.metadata.MTree_ESTest,225,0,False
1030,NPEX,IoTDB-9bced7b6,0,663c731a51db4d7997ab3bc0c2892250,org.apache.iotdb.db.metadata.MTree,org.apache.iotdb.db.metadata.MTree_ESTest,221,0,True
1031,NPEX,IoTDB-9bced7b6,0,62bf7c3072684737988c832c748461bd,org.apache.iotdb.db.metadata.MTree,org.apache.iotdb.db.metadata.MTree_ESTest,218,0,True
1032,NPEX,IoTDB-9bced7b6,0,426ac3b61d3e443ea9570efdd5f540ed,org.apache.iotdb.db.metadata.MTree,org.apache.iotdb.db.metadata.MTree_ESTest,217,0,False
1033,NPEX,IoTDB-9bced7b6,0,b3035b3214424967b422967914877a08,org.apache.iotdb.db.metadata.MTree,org.apache.iotdb.db.metadata.MTree_ESTest,222,0,False
1034,NPEX,IoTDB-9bced7b6,0,fdc0ed140d1e47bdba424c427d26fb2e,org.apache.iotdb.db.metadata.MTree,org.apache.iotdb.db.metadata.MTree_ESTest,206,0,False
1035,NPEX,IoTDB-9bced7b6,0,edf6eaabc3a84d4bbd66355d5c831408,org.apache.iotdb.db.metadata.MTree,org.apache.iotdb.db.metadata.MTree_ESTest,216,0,True
1036,NPEX,IoTDB-9bced7b6,0,1e7cbd08b0c242f6ad9d1683c76ba878,org.apache.iotdb.db.metadata.MTree,org.apache.iotdb.db.metadata.MTree_ESTest,228,0,False
1037,Bears,Bears-88,0,c31fb572e1bd489db69c4c3f923f1cff,org.springframework.data.repository.config.RepositoryBeanNameGenerator,org.springframework.data.repository.config.RepositoryBeanNameGenerator_ESTest,4,0,True
1038,Bears,Bears-88,0,9c0a9dd312504269853d4895b7c61ac4,org.springframework.data.repository.config.RepositoryBeanNameGenerator,org.springframework.data.repository.config.RepositoryBeanNameGenerator_ESTest,4,0,True
1039,Bears,Bears-88,0,c76afe2524fa47efa92fb47644160c4e,org.springframework.data.repository.config.RepositoryBeanNameGenerator,org.springframework.data.repository.config.RepositoryBeanNameGenerator_ESTest,4,0,True
1040,Bears,Bears-88,0,a6e96bff94784f54b3e28bc6d7424ff2,org.springframework.data.repository.config.RepositoryBeanNameGenerator,org.springframework.data.repository.config.RepositoryBeanNameGenerator_ESTest,4,0,True
1041,Bears,Bears-88,0,3cd2e23b217c4e3f8da4e65678a83891,org.springframework.data.repository.config.RepositoryBeanNameGenerator,org.springframework.data.repository.config.RepositoryBeanNameGenerator_ESTest,4,0,True
1042,Bears,Bears-88,0,3617effc7e274c2d8c5e745f9ddf775a,org.springframework.data.repository.config.RepositoryBeanNameGenerator,org.springframework.data.repository.config.RepositoryBeanNameGenerator_ESTest,4,0,True
1043,Bears,Bears-88,0,50375066fbe043beb902666683301350,org.springframework.data.repository.config.RepositoryBeanNameGenerator,org.springframework.data.repository.config.RepositoryBeanNameGenerator_ESTest,4,0,True
1044,Bears,Bears-88,0,5f719f25774a4ac5b3d2d6e0d0fe9528,org.springframework.data.repository.config.RepositoryBeanNameGenerator,org.springframework.data.repository.config.RepositoryBeanNameGenerator_ESTest,4,0,True
1045,Bears,Bears-88,0,68c664264c454a2ebcf9a8e3b61ea2d9,org.springframework.data.repository.config.RepositoryBeanNameGenerator,org.springframework.data.repository.config.RepositoryBeanNameGenerator_ESTest,4,0,True
1046,Bears,Bears-88,0,aca9f1a73cf54528a62cd62675c89ba0,org.springframework.data.repository.config.RepositoryBeanNameGenerator,org.springframework.data.repository.config.RepositoryBeanNameGenerator_ESTest,4,0,True
1047,Bears,Bears-222,0,0d4812b410dc4cd9849cb4c3192c0a29,org.jgrapht.generate.WattsStrogatzGraphGenerator,org.jgrapht.generate.WattsStrogatzGraphGenerator_ESTest,16,0,True
1048,Bears,Bears-222,0,361a061368514507acfb9e0b29191985,org.jgrapht.generate.WattsStrogatzGraphGenerator,org.jgrapht.generate.WattsStrogatzGraphGenerator_ESTest,16,0,True
1049,Bears,Bears-222,0,d9f25e2831444436a7e00d475b6134b3,org.jgrapht.generate.WattsStrogatzGraphGenerator,org.jgrapht.generate.WattsStrogatzGraphGenerator_ESTest,36,0,True
1050,Bears,Bears-222,0,4b15688701f14db395eac925f57400e0,org.jgrapht.generate.WattsStrogatzGraphGenerator,org.jgrapht.generate.WattsStrogatzGraphGenerator_ESTest,13,0,False
1051,Bears,Bears-222,0,eba27f38f56e494ab3165ed84910c5de,org.jgrapht.generate.WattsStrogatzGraphGenerator,org.jgrapht.generate.WattsStrogatzGraphGenerator_ESTest,25,0,True
1052,Bears,Bears-222,0,e5c8bdb8d3e24d619d4bb7f7ef552f84,org.jgrapht.generate.WattsStrogatzGraphGenerator,org.jgrapht.generate.WattsStrogatzGraphGenerator_ESTest,17,0,True
1053,Bears,Bears-222,0,a98e69cd090d4ca3bc436f25e2178ea5,org.jgrapht.generate.WattsStrogatzGraphGenerator,org.jgrapht.generate.WattsStrogatzGraphGenerator_ESTest,18,0,True
1054,Bears,Bears-222,0,1d6a9724ea224de5bff8bb83fad5f159,org.jgrapht.generate.WattsStrogatzGraphGenerator,org.jgrapht.generate.WattsStrogatzGraphGenerator_ESTest,32,0,False
1055,Bears,Bears-222,0,98a86732b1cb4f899a2c7fbbb475fee0,org.jgrapht.generate.WattsStrogatzGraphGenerator,org.jgrapht.generate.WattsStrogatzGraphGenerator_ESTest,19,0,False
1056,Bears,Bears-222,0,5032813cbb4e42ebb57c6868f16c05b4,org.jgrapht.generate.WattsStrogatzGraphGenerator,org.jgrapht.generate.WattsStrogatzGraphGenerator_ESTest,15,0,True
1057,Bears,Bears-56,0,7aca596b93d942cbbac3a94f1cdfe5c6,spoon.reflect.visitor.ImportScannerImpl,spoon.reflect.visitor.ImportScannerImpl_ESTest,57,0,True
1058,Bears,Bears-56,0,211822421c844de885040053f5aff5af,spoon.reflect.visitor.ImportScannerImpl,spoon.reflect.visitor.ImportScannerImpl_ESTest,54,0,True
1059,Bears,Bears-56,0,02e8db9c66cc460285196092963dbc31,spoon.reflect.visitor.ImportScannerImpl,spoon.reflect.visitor.ImportScannerImpl_ESTest,52,0,True
1060,Bears,Bears-56,0,3dea8750df614174b67aa3f4ca773785,spoon.reflect.visitor.ImportScannerImpl,spoon.reflect.visitor.ImportScannerImpl_ESTest,49,0,True
1061,Bears,Bears-56,0,b626a8fc566f47619a1afb11ecec7eda,spoon.reflect.visitor.ImportScannerImpl,spoon.reflect.visitor.ImportScannerImpl_ESTest,46,0,True
1062,Bears,Bears-56,0,143c82c95a474c2cb4a3a78ab093087d,spoon.reflect.visitor.ImportScannerImpl,spoon.reflect.visitor.ImportScannerImpl_ESTest,53,0,True
1063,Bears,Bears-56,0,9f17e69c4c7a486ca8f5f0e9f73687fa,spoon.reflect.visitor.ImportScannerImpl,spoon.reflect.visitor.ImportScannerImpl_ESTest,54,0,True
1064,Bears,Bears-56,0,fb81d1649f5b4b5491ba9e7e9087c2b0,spoon.reflect.visitor.ImportScannerImpl,spoon.reflect.visitor.ImportScannerImpl_ESTest,47,0,True
1065,Bears,Bears-56,0,1e5a1610ac794d55aeff87407808e9fd,spoon.reflect.visitor.ImportScannerImpl,spoon.reflect.visitor.ImportScannerImpl_ESTest,55,0,True
1066,Bears,Bears-56,0,9882ec67a11d4998ad3d5700f204ef33,spoon.reflect.visitor.ImportScannerImpl,spoon.reflect.visitor.ImportScannerImpl_ESTest,49,0,True
1067,Bears,Bears-72,0,2153475886744b868244667463660913,spoon.reflect.visitor.DefaultJavaPrettyPrinter,spoon.reflect.visitor.DefaultJavaPrettyPrinter_ESTest,243,0,False
1068,Bears,Bears-72,0,dd1bbea4e7aa4e639c8a7ba03e305eb6,spoon.reflect.visitor.DefaultJavaPrettyPrinter,spoon.reflect.visitor.DefaultJavaPrettyPrinter_ESTest,176,0,False
1069,Bears,Bears-72,0,fb583684a88745c388fdae218a87848b,spoon.reflect.visitor.DefaultJavaPrettyPrinter,spoon.reflect.visitor.DefaultJavaPrettyPrinter_ESTest,240,0,False
1070,Bears,Bears-72,0,23eb4f9a986041a9be87de3494601d56,spoon.reflect.visitor.DefaultJavaPrettyPrinter,spoon.reflect.visitor.DefaultJavaPrettyPrinter_ESTest,194,0,False
1071,Bears,Bears-72,0,58da2b314b6c47b0b6c6c826d31f3293,spoon.reflect.visitor.DefaultJavaPrettyPrinter,spoon.reflect.visitor.DefaultJavaPrettyPrinter_ESTest,171,0,False
1072,Bears,Bears-72,0,a4ef790331a5419c9e34ab567b5a5e3e,spoon.reflect.visitor.DefaultJavaPrettyPrinter,spoon.reflect.visitor.DefaultJavaPrettyPrinter_ESTest,186,0,False
1073,Bears,Bears-72,0,7c788af82c594635a4a71d68479e717f,spoon.reflect.visitor.DefaultJavaPrettyPrinter,spoon.reflect.visitor.DefaultJavaPrettyPrinter_ESTest,182,0,False
1074,Bears,Bears-72,0,55c80db3a3314052ab043fb140b0627e,spoon.reflect.visitor.DefaultJavaPrettyPrinter,spoon.reflect.visitor.DefaultJavaPrettyPrinter_ESTest,202,0,False
1075,Bears,Bears-189,0,e8c8c12983cc434398dc80279b8d0ba8,hu.oe.nik.szfmv.detector.classes.Detector,hu.oe.nik.szfmv.detector.classes.Detector_ESTest,9,0,True
1076,Bears,Bears-189,0,b3b26a3e0c4041938bb6e4c412672ca2,hu.oe.nik.szfmv.detector.classes.Detector,hu.oe.nik.szfmv.detector.classes.Detector_ESTest,8,0,True
1077,Bears,Bears-189,0,45ff821b9b474eae94ba85d1374bc9b5,hu.oe.nik.szfmv.detector.classes.Detector,hu.oe.nik.szfmv.detector.classes.Detector_ESTest,7,0,True
1078,Bears,Bears-189,0,7e86948260794ebb80f0270a14d78a21,hu.oe.nik.szfmv.detector.classes.Detector,hu.oe.nik.szfmv.detector.classes.Detector_ESTest,9,0,True
1079,Bears,Bears-189,0,d486ed7b20e04e3385baca90d98db6ca,hu.oe.nik.szfmv.detector.classes.Detector,hu.oe.nik.szfmv.detector.classes.Detector_ESTest,8,0,True
1080,Bears,Bears-189,0,c5752311e13e4efea76804c13f3d11df,hu.oe.nik.szfmv.detector.classes.Detector,hu.oe.nik.szfmv.detector.classes.Detector_ESTest,9,0,True
1081,Bears,Bears-189,0,eafcec00aa2b48e3869e4c6123e967b5,hu.oe.nik.szfmv.detector.classes.Detector,hu.oe.nik.szfmv.detector.classes.Detector_ESTest,9,0,True
1082,Bears,Bears-189,0,e888871f83f44fc49382ea708625080d,hu.oe.nik.szfmv.detector.classes.Detector,hu.oe.nik.szfmv.detector.classes.Detector_ESTest,8,0,True
1083,Bears,Bears-189,0,e27238943e664291b1a8ea6ac2602f3a,hu.oe.nik.szfmv.detector.classes.Detector,hu.oe.nik.szfmv.detector.classes.Detector_ESTest,8,0,True
1084,Bears,Bears-189,0,723a417ec1f54096ae5ceec99ac342f2,hu.oe.nik.szfmv.detector.classes.Detector,hu.oe.nik.szfmv.detector.classes.Detector_ESTest,7,0,True
1085,Bears,Bears-46,0,000799c7e3fb4dd78bd5a4e861e263ec,spoon.support.reflect.declaration.CtElementImpl,spoon.support.reflect.declaration.CtElementImpl_ESTest,57,0,True
1086,Bears,Bears-70,0,51b925bf6a1248ba8b6f228c0b5d7d83,spoon.support.compiler.jdt.ContextBuilder,spoon.support.compiler.jdt.ContextBuilder_ESTest,21,0,False
1087,Bears,Bears-70,0,f9e11d45f1f14e09824ed023f2499265,spoon.support.compiler.jdt.ContextBuilder,spoon.support.compiler.jdt.ContextBuilder_ESTest,16,0,False
1088,Bears,Bears-70,0,29822fb0209f40b5a074a7e1b45f92ae,spoon.support.compiler.jdt.ContextBuilder,spoon.support.compiler.jdt.ContextBuilder_ESTest,21,0,False
1089,Bears,Bears-70,0,adcccc141d8e4d1cb9da33034c476ff6,spoon.support.compiler.jdt.ContextBuilder,spoon.support.compiler.jdt.ContextBuilder_ESTest,20,0,False
1090,Bears,Bears-70,0,60c95cf76f20429096009585239abed2,spoon.support.compiler.jdt.ContextBuilder,spoon.support.compiler.jdt.ContextBuilder_ESTest,16,0,False
1091,Bears,Bears-70,0,328c182536ce471aa6b870e54daff4d1,spoon.support.compiler.jdt.ContextBuilder,spoon.support.compiler.jdt.ContextBuilder_ESTest,24,0,False
