,benchmark_group,benchmark_name,npe_label,experiment_id,input_class,replayed_testsuite,compiled_tests,commented_tests,npe_reproduced
0,BugSwarm,Universal_G__Code_Sender-172454077,0,4021385366d2482e926e35e50c561a93,com.willwinder.universalgcodesender.GrblController,com.willwinder.universalgcodesender.GrblController_ESTest,44,0,True
1,BugSwarm,Universal_G__Code_Sender-172454077,0,aa625f90d3e440a5a933e54565d50b60,com.willwinder.universalgcodesender.GrblController,com.willwinder.universalgcodesender.GrblController_ESTest,44,0,True
2,BugSwarm,Universal_G__Code_Sender-172454077,0,85a423e1fe0b4de9a696478067232555,com.willwinder.universalgcodesender.GrblController,com.willwinder.universalgcodesender.GrblController_ESTest,42,0,True
3,BugSwarm,Universal_G__Code_Sender-172454077,0,56fe09416cd5467d991ccce94b2b6bb4,com.willwinder.universalgcodesender.GrblController,com.willwinder.universalgcodesender.GrblController_ESTest,45,0,True
4,BugSwarm,Universal_G__Code_Sender-172454077,0,fd8f2e9421c442678f3d568e01a4f9ee,com.willwinder.universalgcodesender.GrblController,com.willwinder.universalgcodesender.GrblController_ESTest,43,0,True
5,BugSwarm,Universal_G__Code_Sender-172454077,0,44bf9d09ca884c509a85c274bbc1b580,com.willwinder.universalgcodesender.GrblController,com.willwinder.universalgcodesender.GrblController_ESTest,42,0,True
6,BugSwarm,Universal_G__Code_Sender-172454077,0,3716f236b0ce4e8fbe738ad9d5a69fb6,com.willwinder.universalgcodesender.GrblController,com.willwinder.universalgcodesender.GrblController_ESTest,46,0,True
7,BugSwarm,Universal_G__Code_Sender-172454077,0,6a2175ab370f4440b11056d59a230655,com.willwinder.universalgcodesender.GrblController,com.willwinder.universalgcodesender.GrblController_ESTest,43,0,True
8,BugSwarm,Universal_G__Code_Sender-172454077,0,107aa0e025a247fa8a4f42771522fead,com.willwinder.universalgcodesender.GrblController,com.willwinder.universalgcodesender.GrblController_ESTest,43,0,True
9,BugSwarm,Universal_G__Code_Sender-172454077,0,4e0b696d2c554e21b3a9ba99ceeb2628,com.willwinder.universalgcodesender.GrblController,com.willwinder.universalgcodesender.GrblController_ESTest,46,0,True
10,BugSwarm,Universal_G__Code_Sender-172454077,1,4021385366d2482e926e35e50c561a93,com.willwinder.universalgcodesender.GrblController,com.willwinder.universalgcodesender.GrblController_ESTest,44,0,True
11,BugSwarm,Universal_G__Code_Sender-172454077,1,aa625f90d3e440a5a933e54565d50b60,com.willwinder.universalgcodesender.GrblController,com.willwinder.universalgcodesender.GrblController_ESTest,44,0,True
12,BugSwarm,Universal_G__Code_Sender-172454077,1,85a423e1fe0b4de9a696478067232555,com.willwinder.universalgcodesender.GrblController,com.willwinder.universalgcodesender.GrblController_ESTest,42,0,True
13,BugSwarm,Universal_G__Code_Sender-172454077,1,56fe09416cd5467d991ccce94b2b6bb4,com.willwinder.universalgcodesender.GrblController,com.willwinder.universalgcodesender.GrblController_ESTest,45,0,True
14,BugSwarm,Universal_G__Code_Sender-172454077,1,fd8f2e9421c442678f3d568e01a4f9ee,com.willwinder.universalgcodesender.GrblController,com.willwinder.universalgcodesender.GrblController_ESTest,43,0,True
15,BugSwarm,Universal_G__Code_Sender-172454077,1,44bf9d09ca884c509a85c274bbc1b580,com.willwinder.universalgcodesender.GrblController,com.willwinder.universalgcodesender.GrblController_ESTest,42,0,True
16,BugSwarm,Universal_G__Code_Sender-172454077,1,3716f236b0ce4e8fbe738ad9d5a69fb6,com.willwinder.universalgcodesender.GrblController,com.willwinder.universalgcodesender.GrblController_ESTest,46,0,True
17,BugSwarm,Universal_G__Code_Sender-172454077,1,6a2175ab370f4440b11056d59a230655,com.willwinder.universalgcodesender.GrblController,com.willwinder.universalgcodesender.GrblController_ESTest,43,0,True
18,BugSwarm,Universal_G__Code_Sender-172454077,1,107aa0e025a247fa8a4f42771522fead,com.willwinder.universalgcodesender.GrblController,com.willwinder.universalgcodesender.GrblController_ESTest,43,0,True
19,BugSwarm,Universal_G__Code_Sender-172454077,1,4e0b696d2c554e21b3a9ba99ceeb2628,com.willwinder.universalgcodesender.GrblController,com.willwinder.universalgcodesender.GrblController_ESTest,46,0,True
20,BugSwarm,deadcode4j-131735009,0,f29e1ef625394493b8f05131478ee075,org.sbolstandard.core2.ComponentDefinition,org.sbolstandard.core2.ComponentDefinition_ESTest,132,0,False
21,BugSwarm,deadcode4j-131735009,0,9f170cb428af4893a116c024a9298034,org.sbolstandard.core2.ComponentDefinition,org.sbolstandard.core2.ComponentDefinition_ESTest,140,0,False
22,BugSwarm,deadcode4j-131735009,0,6d30e54a80ab4d7e8ad6bb660c7b5263,org.sbolstandard.core2.ComponentDefinition,org.sbolstandard.core2.ComponentDefinition_ESTest,131,0,False
23,BugSwarm,deadcode4j-131735009,0,7781010a36e847f8b32bbef5e83f5059,org.sbolstandard.core2.ComponentDefinition,org.sbolstandard.core2.ComponentDefinition_ESTest,133,0,False
24,BugSwarm,deadcode4j-131735009,0,bb7c4c8590344f65844542759b2c3c16,org.sbolstandard.core2.ComponentDefinition,org.sbolstandard.core2.ComponentDefinition_ESTest,133,0,False
25,BugSwarm,deadcode4j-131735009,0,b694ffc81bec4f3ca399e95aa468a013,org.sbolstandard.core2.ComponentDefinition,org.sbolstandard.core2.ComponentDefinition_ESTest,140,0,False
26,BugSwarm,Sonar_Java-295864289,0,8fb87547988a4eb2ac79594f8cfd8e85,org.sonar.java.bytecode.se.BytecodeEGWalker,org.sonar.java.bytecode.se.BytecodeEGWalker_ESTest,20,0,False
27,BugSwarm,Sonar_Java-295864289,0,db81e66fb0c143f28729f35fef946ce4,org.sonar.java.bytecode.se.BytecodeEGWalker,org.sonar.java.bytecode.se.BytecodeEGWalker_ESTest,202,0,False
28,BugSwarm,Sonar_Java-295864289,0,34b9002763eb49d6a8f90e5eefb6020f,org.sonar.java.bytecode.se.BytecodeEGWalker,org.sonar.java.bytecode.se.BytecodeEGWalker_ESTest,19,0,False
29,BugSwarm,Sonar_Java-295864289,0,af1849f30b1c41ceb574546ec360a4f5,org.sonar.java.bytecode.se.BytecodeEGWalker,org.sonar.java.bytecode.se.BytecodeEGWalker_ESTest,21,0,False
30,BugSwarm,Sonar_Java-295864289,0,7bd1efef4d17425ab5ca734e7de07652,org.sonar.java.bytecode.se.BytecodeEGWalker,org.sonar.java.bytecode.se.BytecodeEGWalker_ESTest,20,0,False
31,BugSwarm,Sonar_Java-295864289,0,52652d56352c4ff2a641d1d33e6fd10a,org.sonar.java.bytecode.se.BytecodeEGWalker,org.sonar.java.bytecode.se.BytecodeEGWalker_ESTest,19,0,False
32,BugSwarm,Sonar_Java-295864289,0,94d99ced78384f3ebe6dbc0a5307b681,org.sonar.java.bytecode.se.BytecodeEGWalker,org.sonar.java.bytecode.se.BytecodeEGWalker_ESTest,20,0,False
33,BugSwarm,Sonar_Java-295864289,0,e7a836bd847c457da7fbe2edc99400e5,org.sonar.java.bytecode.se.BytecodeEGWalker,org.sonar.java.bytecode.se.BytecodeEGWalker_ESTest,21,0,False
34,BugSwarm,Sonar_Java-295864289,0,fc3135852ea14acdb924d98566ef2f21,org.sonar.java.bytecode.se.BytecodeEGWalker,org.sonar.java.bytecode.se.BytecodeEGWalker_ESTest,20,0,False
35,BugSwarm,Sonar_Java-295864289,0,d4f5582f870c44418f2065a3a4c7516b,org.sonar.java.bytecode.se.BytecodeEGWalker,org.sonar.java.bytecode.se.BytecodeEGWalker_ESTest,19,0,False
36,BugSwarm,Sonar_Java-295864289,0,a3748b8b9851489c8f3a3441cd5a968d,org.sonar.java.bytecode.se.BytecodeEGWalker,org.sonar.java.bytecode.se.BytecodeEGWalker_ESTest,21,0,False
37,BugSwarm,Petergeneric__Stdlib-290369132,0,849fab72510b4984a74633b9eb0cd578,com.peterphi.std.guice.hibernate.webquery.impl.jpa.JPASearchExecutor,com.peterphi.std.guice.hibernate.webquery.impl.jpa.JPASearchExecutor_ESTest,2,0,True
38,BugSwarm,Petergeneric__Stdlib-290369132,0,90a47c622a0f4bfcac73b6e0fd99bc95,com.peterphi.std.guice.hibernate.webquery.impl.jpa.JPASearchExecutor,com.peterphi.std.guice.hibernate.webquery.impl.jpa.JPASearchExecutor_ESTest,2,0,True
39,BugSwarm,Petergeneric__Stdlib-290369132,0,6e41b804907c4486b48edbd80eb0257f,com.peterphi.std.guice.hibernate.webquery.impl.jpa.JPASearchExecutor,com.peterphi.std.guice.hibernate.webquery.impl.jpa.JPASearchExecutor_ESTest,2,0,True
40,BugSwarm,Petergeneric__Stdlib-290369132,0,0de700279cef42ffa768d40d707b2b48,com.peterphi.std.guice.hibernate.webquery.impl.jpa.JPASearchExecutor,com.peterphi.std.guice.hibernate.webquery.impl.jpa.JPASearchExecutor_ESTest,1,0,True
41,BugSwarm,Petergeneric__Stdlib-290369132,0,f87ccdfd290e4bb3a35aa926772f94af,com.peterphi.std.guice.hibernate.webquery.impl.jpa.JPASearchExecutor,com.peterphi.std.guice.hibernate.webquery.impl.jpa.JPASearchExecutor_ESTest,2,0,True
42,BugSwarm,Petergeneric__Stdlib-290369132,0,e5efd915004444b69b33a611063c13d3,com.peterphi.std.guice.hibernate.webquery.impl.jpa.JPASearchExecutor,com.peterphi.std.guice.hibernate.webquery.impl.jpa.JPASearchExecutor_ESTest,3,0,True
43,BugSwarm,Petergeneric__Stdlib-290369132,0,090edc49b7804d489b5b0e06428bba02,com.peterphi.std.guice.hibernate.webquery.impl.jpa.JPASearchExecutor,com.peterphi.std.guice.hibernate.webquery.impl.jpa.JPASearchExecutor_ESTest,3,0,True
44,BugSwarm,Petergeneric__Stdlib-290369132,0,2d4104b35ec649128cd0e28c37116501,com.peterphi.std.guice.hibernate.webquery.impl.jpa.JPASearchExecutor,com.peterphi.std.guice.hibernate.webquery.impl.jpa.JPASearchExecutor_ESTest,2,0,True
45,BugSwarm,Atomix-298262068,0,b7ba9aebd3ac44b28e6b18860daabfe6,io.atomix.primitives.leadership.impl.RaftLeaderElectorService,io.atomix.primitives.leadership.impl.RaftLeaderElectorService_ESTest,20,0,False
46,BugSwarm,Atomix-298262068,0,f5004c6a948c476a9e13d62eb2519282,io.atomix.primitives.leadership.impl.RaftLeaderElectorService,io.atomix.primitives.leadership.impl.RaftLeaderElectorService_ESTest,20,0,False
47,BugSwarm,Atomix-298262068,0,bccdac368c0642abb069557d8518cded,io.atomix.primitives.leadership.impl.RaftLeaderElectorService,io.atomix.primitives.leadership.impl.RaftLeaderElectorService_ESTest,20,0,False
48,BugSwarm,Atomix-298262068,0,42a897daef984c9ebd4418e70aa2da87,io.atomix.primitives.leadership.impl.RaftLeaderElectorService,io.atomix.primitives.leadership.impl.RaftLeaderElectorService_ESTest,20,0,False
49,BugSwarm,Atomix-298262068,0,647f1b84d9f44186a224dbcb3520d479,io.atomix.primitives.leadership.impl.RaftLeaderElectorService,io.atomix.primitives.leadership.impl.RaftLeaderElectorService_ESTest,20,0,False
50,BugSwarm,Atomix-298262068,0,973951a7a8c14fac8e7dfc7d539cabc8,io.atomix.primitives.leadership.impl.RaftLeaderElectorService,io.atomix.primitives.leadership.impl.RaftLeaderElectorService_ESTest,15,0,False
51,BugSwarm,Atomix-298262068,0,a54ae3461f2441c0ba04178213d5f5a0,io.atomix.primitives.leadership.impl.RaftLeaderElectorService,io.atomix.primitives.leadership.impl.RaftLeaderElectorService_ESTest,20,0,False
52,BugSwarm,Atomix-298262068,0,5a6b578515c841d6af0de50c8ddd6697,io.atomix.primitives.leadership.impl.RaftLeaderElectorService,io.atomix.primitives.leadership.impl.RaftLeaderElectorService_ESTest,18,0,False
53,BugSwarm,Atomix-298262068,0,325e4a68336746f4a82b871ebbf3663c,io.atomix.primitives.leadership.impl.RaftLeaderElectorService,io.atomix.primitives.leadership.impl.RaftLeaderElectorService_ESTest,20,0,False
54,BugSwarm,Atomix-298262068,0,1b959ae0f3b04aee9cb9aa00ac4abf78,io.atomix.primitives.leadership.impl.RaftLeaderElectorService,io.atomix.primitives.leadership.impl.RaftLeaderElectorService_ESTest,20,0,False
55,BugSwarm,Atomix-298262068,0,bf74916e06d24ebb89d3b0a36ea701d8,io.atomix.primitives.leadership.impl.RaftLeaderElectorService,io.atomix.primitives.leadership.impl.RaftLeaderElectorService_ESTest,20,0,False
56,BugSwarm,Atomix-298262068,0,3df0dcdcd4524c0bb792bdbdb01148fa,io.atomix.primitives.leadership.impl.RaftLeaderElectorService,io.atomix.primitives.leadership.impl.RaftLeaderElectorService_ESTest,18,0,False
57,BugSwarm,Atomix-298262068,0,aae496cb72a04b55b5dc6e6c3aac7b37,io.atomix.primitives.leadership.impl.RaftLeaderElectorService,io.atomix.primitives.leadership.impl.RaftLeaderElectorService_ESTest,20,0,False
58,BugSwarm,Atomix-298262068,0,8c0f420044a04afea8f0304b7f730bbd,io.atomix.primitives.leadership.impl.RaftLeaderElectorService,io.atomix.primitives.leadership.impl.RaftLeaderElectorService_ESTest,20,0,False
59,BugSwarm,nFlow-197273853,0,de24fd9ae29c4415b92fe1292c4c28a6,io.nflow.engine.internal.dao.WorkflowInstanceDao,io.nflow.engine.internal.dao.WorkflowInstanceDao_ESTest,31,0,False
60,BugSwarm,nFlow-197273853,0,bb42168a13e3453bbbf3e7409f11e01e,io.nflow.engine.internal.dao.WorkflowInstanceDao,io.nflow.engine.internal.dao.WorkflowInstanceDao_ESTest,33,0,False
61,BugSwarm,Jannovar-249719464,0,95de2fec4d334d2b87de8f76efc1aacf,de.charite.compbio.jannovar.cmd.annotate_vcf.JannovarAnnotateVCFOptions,de.charite.compbio.jannovar.cmd.annotate_vcf.JannovarAnnotateVCFOptions_ESTest,126,0,False
62,BugSwarm,Jannovar-249719464,0,e3517f6607f44feb8e9ceb1d6ec05f54,de.charite.compbio.jannovar.cmd.annotate_vcf.JannovarAnnotateVCFOptions,de.charite.compbio.jannovar.cmd.annotate_vcf.JannovarAnnotateVCFOptions_ESTest,127,0,False
63,BugSwarm,Jannovar-249719464,0,e92e3318a47b481aa5c16344fe4b9584,de.charite.compbio.jannovar.cmd.annotate_vcf.JannovarAnnotateVCFOptions,de.charite.compbio.jannovar.cmd.annotate_vcf.JannovarAnnotateVCFOptions_ESTest,130,0,False
64,BugSwarm,Jannovar-249719464,0,9e804312667f437f93333ecd3bb0dd15,de.charite.compbio.jannovar.cmd.annotate_vcf.JannovarAnnotateVCFOptions,de.charite.compbio.jannovar.cmd.annotate_vcf.JannovarAnnotateVCFOptions_ESTest,130,0,False
65,BugSwarm,Jannovar-249719464,0,dc7dd2fca6004d82808c7bc1ed32c192,de.charite.compbio.jannovar.cmd.annotate_vcf.JannovarAnnotateVCFOptions,de.charite.compbio.jannovar.cmd.annotate_vcf.JannovarAnnotateVCFOptions_ESTest,131,0,False
66,BugSwarm,Jannovar-249719464,0,dfd75167a3584cbe83a8622edfd551e4,de.charite.compbio.jannovar.cmd.annotate_vcf.JannovarAnnotateVCFOptions,de.charite.compbio.jannovar.cmd.annotate_vcf.JannovarAnnotateVCFOptions_ESTest,130,0,False
67,BugSwarm,Jannovar-249719464,0,3dfa9afdfffe46dbaec018bcee81716c,de.charite.compbio.jannovar.cmd.annotate_vcf.JannovarAnnotateVCFOptions,de.charite.compbio.jannovar.cmd.annotate_vcf.JannovarAnnotateVCFOptions_ESTest,130,0,False
68,BugSwarm,Jannovar-249719464,0,a59df7e752514c76b912f938ca969378,de.charite.compbio.jannovar.cmd.annotate_vcf.JannovarAnnotateVCFOptions,de.charite.compbio.jannovar.cmd.annotate_vcf.JannovarAnnotateVCFOptions_ESTest,128,0,False
69,BugSwarm,Jannovar-249719464,0,49527b2b2a2846ba9f2585ad9f8da37d,de.charite.compbio.jannovar.cmd.annotate_vcf.JannovarAnnotateVCFOptions,de.charite.compbio.jannovar.cmd.annotate_vcf.JannovarAnnotateVCFOptions_ESTest,129,0,False
70,BugSwarm,Jannovar-249719464,0,81374d491f9d49a1923609e812c6c01d,de.charite.compbio.jannovar.cmd.annotate_vcf.JannovarAnnotateVCFOptions,de.charite.compbio.jannovar.cmd.annotate_vcf.JannovarAnnotateVCFOptions_ESTest,129,0,False
71,BugSwarm,Jannovar-249719464,0,27f124ce9e83465498b6b5a1d6c14192,de.charite.compbio.jannovar.cmd.annotate_vcf.JannovarAnnotateVCFOptions,de.charite.compbio.jannovar.cmd.annotate_vcf.JannovarAnnotateVCFOptions_ESTest,130,0,False
72,BugSwarm,Jannovar-249719464,0,523c0acd04ad4f2f9f24dcd2afbdd292,de.charite.compbio.jannovar.cmd.annotate_vcf.JannovarAnnotateVCFOptions,de.charite.compbio.jannovar.cmd.annotate_vcf.JannovarAnnotateVCFOptions_ESTest,124,0,False
73,BugSwarm,Jannovar-249719464,0,114875ef147448978fbf824651ebd4fb,de.charite.compbio.jannovar.cmd.annotate_vcf.JannovarAnnotateVCFOptions,de.charite.compbio.jannovar.cmd.annotate_vcf.JannovarAnnotateVCFOptions_ESTest,130,0,False
74,BugSwarm,Jannovar-249719464,0,8f77649df4ec41c887154073d7d4fb50,de.charite.compbio.jannovar.cmd.annotate_vcf.JannovarAnnotateVCFOptions,de.charite.compbio.jannovar.cmd.annotate_vcf.JannovarAnnotateVCFOptions_ESTest,127,0,False
75,BugSwarm,Jannovar-249719464,0,8966b70757b74598a6033ab45372894c,de.charite.compbio.jannovar.cmd.annotate_vcf.JannovarAnnotateVCFOptions,de.charite.compbio.jannovar.cmd.annotate_vcf.JannovarAnnotateVCFOptions_ESTest,128,0,False
76,BugSwarm,ACS_AEM_Commons-461893214,0,647c3cad5bcc4af5acba1aff4167e08f,com.adobe.acs.commons.mcp.impl.processes.asset.FileAssetIngestor,com.adobe.acs.commons.mcp.impl.processes.asset.FileAssetIngestor_ESTest,41,0,False
77,BugSwarm,ACS_AEM_Commons-461893214,0,fe391f6382954c47adb8fc84d5fffdc3,com.adobe.acs.commons.mcp.impl.processes.asset.FileAssetIngestor,com.adobe.acs.commons.mcp.impl.processes.asset.FileAssetIngestor_ESTest,38,0,False
78,BugSwarm,ACS_AEM_Commons-461893214,0,10b3f7980f0c45cd8c8fd3aea84c729e,com.adobe.acs.commons.mcp.impl.processes.asset.FileAssetIngestor,com.adobe.acs.commons.mcp.impl.processes.asset.FileAssetIngestor_ESTest,41,0,False
79,BugSwarm,ACS_AEM_Commons-461893214,0,868bd61553d84a70870350839beb7720,com.adobe.acs.commons.mcp.impl.processes.asset.FileAssetIngestor,com.adobe.acs.commons.mcp.impl.processes.asset.FileAssetIngestor_ESTest,38,0,False
80,BugSwarm,ACS_AEM_Commons-461893214,0,78159a86c4824852bc6654bd68951b5e,com.adobe.acs.commons.mcp.impl.processes.asset.FileAssetIngestor,com.adobe.acs.commons.mcp.impl.processes.asset.FileAssetIngestor_ESTest,39,0,False
81,BugSwarm,ACS_AEM_Commons-461893214,0,e3053a8a3ec44b78a47091f8d4dc6695,com.adobe.acs.commons.mcp.impl.processes.asset.FileAssetIngestor,com.adobe.acs.commons.mcp.impl.processes.asset.FileAssetIngestor_ESTest,40,0,False
82,BugSwarm,ACS_AEM_Commons-461893214,0,38d15e26f0024b799b75df94911d8180,com.adobe.acs.commons.mcp.impl.processes.asset.FileAssetIngestor,com.adobe.acs.commons.mcp.impl.processes.asset.FileAssetIngestor_ESTest,42,0,False
83,BugSwarm,ACS_AEM_Commons-461893214,0,235aff69b3cb437689b9e0dc3aac7d47,com.adobe.acs.commons.mcp.impl.processes.asset.FileAssetIngestor,com.adobe.acs.commons.mcp.impl.processes.asset.FileAssetIngestor_ESTest,36,0,False
84,BugSwarm,ACS_AEM_Commons-461893214,0,43fffe71c516454793c4038eaedaba7e,com.adobe.acs.commons.mcp.impl.processes.asset.FileAssetIngestor,com.adobe.acs.commons.mcp.impl.processes.asset.FileAssetIngestor_ESTest,37,0,False
85,BugSwarm,ACS_AEM_Commons-461893214,0,56521b1acbe248b58aa4bc252e614868,com.adobe.acs.commons.mcp.impl.processes.asset.FileAssetIngestor,com.adobe.acs.commons.mcp.impl.processes.asset.FileAssetIngestor_ESTest,39,0,False
86,BugSwarm,ACS_AEM_Commons-461893214,1,647c3cad5bcc4af5acba1aff4167e08f,com.adobe.acs.commons.mcp.impl.processes.asset.FileAssetIngestor,com.adobe.acs.commons.mcp.impl.processes.asset.FileAssetIngestor_ESTest,41,0,False
87,BugSwarm,ACS_AEM_Commons-461893214,1,fe391f6382954c47adb8fc84d5fffdc3,com.adobe.acs.commons.mcp.impl.processes.asset.FileAssetIngestor,com.adobe.acs.commons.mcp.impl.processes.asset.FileAssetIngestor_ESTest,38,0,False
88,BugSwarm,ACS_AEM_Commons-461893214,1,10b3f7980f0c45cd8c8fd3aea84c729e,com.adobe.acs.commons.mcp.impl.processes.asset.FileAssetIngestor,com.adobe.acs.commons.mcp.impl.processes.asset.FileAssetIngestor_ESTest,41,0,False
89,BugSwarm,ACS_AEM_Commons-461893214,1,868bd61553d84a70870350839beb7720,com.adobe.acs.commons.mcp.impl.processes.asset.FileAssetIngestor,com.adobe.acs.commons.mcp.impl.processes.asset.FileAssetIngestor_ESTest,38,0,False
90,BugSwarm,ACS_AEM_Commons-461893214,1,78159a86c4824852bc6654bd68951b5e,com.adobe.acs.commons.mcp.impl.processes.asset.FileAssetIngestor,com.adobe.acs.commons.mcp.impl.processes.asset.FileAssetIngestor_ESTest,39,0,False
91,BugSwarm,ACS_AEM_Commons-461893214,1,e3053a8a3ec44b78a47091f8d4dc6695,com.adobe.acs.commons.mcp.impl.processes.asset.FileAssetIngestor,com.adobe.acs.commons.mcp.impl.processes.asset.FileAssetIngestor_ESTest,40,0,False
92,BugSwarm,ACS_AEM_Commons-461893214,1,38d15e26f0024b799b75df94911d8180,com.adobe.acs.commons.mcp.impl.processes.asset.FileAssetIngestor,com.adobe.acs.commons.mcp.impl.processes.asset.FileAssetIngestor_ESTest,42,0,False
93,BugSwarm,ACS_AEM_Commons-461893214,1,235aff69b3cb437689b9e0dc3aac7d47,com.adobe.acs.commons.mcp.impl.processes.asset.FileAssetIngestor,com.adobe.acs.commons.mcp.impl.processes.asset.FileAssetIngestor_ESTest,36,0,False
94,BugSwarm,ACS_AEM_Commons-461893214,1,43fffe71c516454793c4038eaedaba7e,com.adobe.acs.commons.mcp.impl.processes.asset.FileAssetIngestor,com.adobe.acs.commons.mcp.impl.processes.asset.FileAssetIngestor_ESTest,37,0,False
95,BugSwarm,ACS_AEM_Commons-461893214,1,56521b1acbe248b58aa4bc252e614868,com.adobe.acs.commons.mcp.impl.processes.asset.FileAssetIngestor,com.adobe.acs.commons.mcp.impl.processes.asset.FileAssetIngestor_ESTest,39,0,False
96,BugSwarm,Byte_Buddy-95795967,0,bb5a9efbfdcb4987974fce9ba1904768,net.bytebuddy.dynamic.ClassFileLocator,net.bytebuddy.dynamic.ClassFileLocator_ESTest,65,0,True
97,BugSwarm,Byte_Buddy-95795967,0,6d0a2febf3894b379ae344638394b37c,net.bytebuddy.dynamic.ClassFileLocator,net.bytebuddy.dynamic.ClassFileLocator_ESTest,69,0,True
98,BugSwarm,Byte_Buddy-95795967,0,a566f01c2c26410e9e9e76a664dd62bf,net.bytebuddy.dynamic.ClassFileLocator,net.bytebuddy.dynamic.ClassFileLocator_ESTest,64,0,True
99,BugSwarm,Byte_Buddy-95795967,0,9aecf4e4ab1742a3b8c8d89f676ee34b,net.bytebuddy.dynamic.ClassFileLocator,net.bytebuddy.dynamic.ClassFileLocator_ESTest,68,0,True
100,BugSwarm,Byte_Buddy-95795967,0,522a19ac80b54e29a80496a80e7c646e,net.bytebuddy.dynamic.ClassFileLocator,net.bytebuddy.dynamic.ClassFileLocator_ESTest,69,0,True
101,BugSwarm,Byte_Buddy-95795967,0,46d241beceae4588a7b30e1520aa3091,net.bytebuddy.dynamic.ClassFileLocator,net.bytebuddy.dynamic.ClassFileLocator_ESTest,70,0,True
102,BugSwarm,Byte_Buddy-95795967,0,5b060b34c96b473fa73501751375e526,net.bytebuddy.dynamic.ClassFileLocator,net.bytebuddy.dynamic.ClassFileLocator_ESTest,73,0,True
103,BugSwarm,Byte_Buddy-95795967,0,0d22f8770bb4430ea1ee528c23e23dd0,net.bytebuddy.dynamic.ClassFileLocator,net.bytebuddy.dynamic.ClassFileLocator_ESTest,70,0,True
104,BugSwarm,Byte_Buddy-95795967,0,622da53fe7c045ac832caff3524e6a93,net.bytebuddy.dynamic.ClassFileLocator,net.bytebuddy.dynamic.ClassFileLocator_ESTest,68,0,True
105,BugSwarm,Byte_Buddy-95795967,0,27568402348647d4a0dc5c66bd9df18d,net.bytebuddy.dynamic.ClassFileLocator,net.bytebuddy.dynamic.ClassFileLocator_ESTest,68,0,True
106,BugSwarm,Byte_Buddy-95795967,0,61d556c59efc416b82168c93d655037b,net.bytebuddy.dynamic.ClassFileLocator,net.bytebuddy.dynamic.ClassFileLocator_ESTest,68,0,True
107,BugSwarm,Byte_Buddy-95795967,0,497f75508d9e45a6b6d95b5ad3b750cb,net.bytebuddy.dynamic.ClassFileLocator,net.bytebuddy.dynamic.ClassFileLocator_ESTest,67,0,True
108,BugSwarm,Byte_Buddy-95795967,0,911246d4a0334f7c81e0a4ef9b133c8a,net.bytebuddy.dynamic.ClassFileLocator,net.bytebuddy.dynamic.ClassFileLocator_ESTest,71,0,True
109,BugSwarm,Byte_Buddy-95795967,0,23e2063b30084d5983bdd6f79c4a2cd4,net.bytebuddy.dynamic.ClassFileLocator,net.bytebuddy.dynamic.ClassFileLocator_ESTest,69,0,True
110,BugSwarm,Byte_Buddy-140517155,0,18b08465b00d431c920cd7f88ba5f5e7,net.bytebuddy.dynamic.ClassFileLocator,net.bytebuddy.dynamic.ClassFileLocator_ESTest,79,0,False
111,BugSwarm,Byte_Buddy-140517155,0,d2ac97cec0d94dd1865679639ed5a95e,net.bytebuddy.dynamic.ClassFileLocator,net.bytebuddy.dynamic.ClassFileLocator_ESTest,84,0,True
112,BugSwarm,Byte_Buddy-140517155,0,e49b81d77ec04a4dbbfe16380452f08b,net.bytebuddy.dynamic.ClassFileLocator,net.bytebuddy.dynamic.ClassFileLocator_ESTest,76,0,True
113,BugSwarm,Byte_Buddy-140517155,0,e6dd55ddfb2c48d29d8258e7d43341b5,net.bytebuddy.dynamic.ClassFileLocator,net.bytebuddy.dynamic.ClassFileLocator_ESTest,80,0,True
114,BugSwarm,Byte_Buddy-140517155,0,54561d3d1ea34c7eb003d12049eef233,net.bytebuddy.dynamic.ClassFileLocator,net.bytebuddy.dynamic.ClassFileLocator_ESTest,76,0,True
115,BugSwarm,Byte_Buddy-140517155,0,a8b81ae5dc354842b8426f1945dab1b1,net.bytebuddy.dynamic.ClassFileLocator,net.bytebuddy.dynamic.ClassFileLocator_ESTest,78,0,True
116,BugSwarm,Byte_Buddy-140517155,0,9a3cf0f226fe4f32acd7ddde729cfeee,net.bytebuddy.dynamic.ClassFileLocator,net.bytebuddy.dynamic.ClassFileLocator_ESTest,77,0,True
117,BugSwarm,Byte_Buddy-140517155,0,c01255648be348fdaa6e1722d713b20c,net.bytebuddy.dynamic.ClassFileLocator,net.bytebuddy.dynamic.ClassFileLocator_ESTest,79,0,True
118,BugSwarm,Byte_Buddy-140517155,0,7183ba23ad9c4293a63b049a8f27813d,net.bytebuddy.dynamic.ClassFileLocator,net.bytebuddy.dynamic.ClassFileLocator_ESTest,79,0,True
119,BugSwarm,Byte_Buddy-140517155,0,5d494941017c486e86d3f4d1af9e3e79,net.bytebuddy.dynamic.ClassFileLocator,net.bytebuddy.dynamic.ClassFileLocator_ESTest,76,0,True
120,BugSwarm,Byte_Buddy-140517155,0,03b38e305278481b9c1082dc57e36eb4,net.bytebuddy.dynamic.ClassFileLocator,net.bytebuddy.dynamic.ClassFileLocator_ESTest,85,0,True
121,BugSwarm,Byte_Buddy-140517155,0,e33c81ce9c2f4fe4aab5a2777feba9b1,net.bytebuddy.dynamic.ClassFileLocator,net.bytebuddy.dynamic.ClassFileLocator_ESTest,80,0,True
122,BugSwarm,OkHttp-93618854,0,eb2ce32a9e5846de9b9af4d4bdc8f24b,com.squareup.okhttp.internal.http.StreamAllocation,com.squareup.okhttp.internal.http.StreamAllocation_ESTest,19,0,True
123,BugSwarm,OkHttp-93618854,0,48b8e324c5e74e06869497ec1b4a38be,com.squareup.okhttp.internal.http.StreamAllocation,com.squareup.okhttp.internal.http.StreamAllocation_ESTest,24,0,True
124,BugSwarm,OkHttp-93618854,0,5ece3d22482149a49761519567953262,com.squareup.okhttp.internal.http.StreamAllocation,com.squareup.okhttp.internal.http.StreamAllocation_ESTest,25,0,True
125,BugSwarm,OkHttp-93618854,0,651de621417e4b15818d1fae18d4d1a2,com.squareup.okhttp.internal.http.StreamAllocation,com.squareup.okhttp.internal.http.StreamAllocation_ESTest,28,0,True
126,BugSwarm,OkHttp-93618854,0,037cc03738ee41b88e01d6eb0aa88bf1,com.squareup.okhttp.internal.http.StreamAllocation,com.squareup.okhttp.internal.http.StreamAllocation_ESTest,22,0,True
127,BugSwarm,OkHttp-93618854,0,b2d24c14c5534a29b6e0087f6b914b0b,com.squareup.okhttp.internal.http.StreamAllocation,com.squareup.okhttp.internal.http.StreamAllocation_ESTest,30,0,True
128,BugSwarm,OkHttp-93618854,0,51d0052a9759487a965e713fc6424af5,com.squareup.okhttp.internal.http.StreamAllocation,com.squareup.okhttp.internal.http.StreamAllocation_ESTest,25,0,True
129,BugSwarm,OkHttp-93618854,0,fe78e5af16a840ee835bb0839bd37f3d,com.squareup.okhttp.internal.http.StreamAllocation,com.squareup.okhttp.internal.http.StreamAllocation_ESTest,28,0,True
130,BugSwarm,OkHttp-93618854,0,9d7e999329184b20a6f8e21fd42250d9,com.squareup.okhttp.internal.http.StreamAllocation,com.squareup.okhttp.internal.http.StreamAllocation_ESTest,27,0,True
131,BugSwarm,OkHttp-93618854,0,2917aec87b4b4d3caf350660158e5ea7,com.squareup.okhttp.internal.http.StreamAllocation,com.squareup.okhttp.internal.http.StreamAllocation_ESTest,28,0,True
132,BugSwarm,OkHttp-93618854,0,74b48f329a4b405183023cfc3165ca1f,com.squareup.okhttp.internal.http.StreamAllocation,com.squareup.okhttp.internal.http.StreamAllocation_ESTest,28,0,True
133,BugSwarm,OkHttp-93618854,0,9db146b406264f978b39f428e135fcd3,com.squareup.okhttp.internal.http.StreamAllocation,com.squareup.okhttp.internal.http.StreamAllocation_ESTest,27,0,True
134,BugSwarm,OkHttp-93618854,0,790fbc5ddfff46a88a7f284eb26dea7c,com.squareup.okhttp.internal.http.StreamAllocation,com.squareup.okhttp.internal.http.StreamAllocation_ESTest,28,0,True
135,BugSwarm,OkHttp-93618854,0,6bde6fcdd6d0454c906480b51c18a630,com.squareup.okhttp.internal.http.StreamAllocation,com.squareup.okhttp.internal.http.StreamAllocation_ESTest,23,0,True
136,BugSwarm,OkHttp-93618854,1,eb2ce32a9e5846de9b9af4d4bdc8f24b,com.squareup.okhttp.internal.http.StreamAllocation,com.squareup.okhttp.internal.http.StreamAllocation_ESTest,19,0,True
137,BugSwarm,OkHttp-93618854,1,48b8e324c5e74e06869497ec1b4a38be,com.squareup.okhttp.internal.http.StreamAllocation,com.squareup.okhttp.internal.http.StreamAllocation_ESTest,24,0,True
138,BugSwarm,OkHttp-93618854,1,5ece3d22482149a49761519567953262,com.squareup.okhttp.internal.http.StreamAllocation,com.squareup.okhttp.internal.http.StreamAllocation_ESTest,25,0,True
139,BugSwarm,OkHttp-93618854,1,651de621417e4b15818d1fae18d4d1a2,com.squareup.okhttp.internal.http.StreamAllocation,com.squareup.okhttp.internal.http.StreamAllocation_ESTest,28,0,True
140,BugSwarm,OkHttp-93618854,1,037cc03738ee41b88e01d6eb0aa88bf1,com.squareup.okhttp.internal.http.StreamAllocation,com.squareup.okhttp.internal.http.StreamAllocation_ESTest,22,0,True
141,BugSwarm,OkHttp-93618854,1,b2d24c14c5534a29b6e0087f6b914b0b,com.squareup.okhttp.internal.http.StreamAllocation,com.squareup.okhttp.internal.http.StreamAllocation_ESTest,30,0,True
142,BugSwarm,OkHttp-93618854,1,51d0052a9759487a965e713fc6424af5,com.squareup.okhttp.internal.http.StreamAllocation,com.squareup.okhttp.internal.http.StreamAllocation_ESTest,25,0,True
143,BugSwarm,OkHttp-93618854,1,fe78e5af16a840ee835bb0839bd37f3d,com.squareup.okhttp.internal.http.StreamAllocation,com.squareup.okhttp.internal.http.StreamAllocation_ESTest,28,0,True
144,BugSwarm,OkHttp-93618854,1,9d7e999329184b20a6f8e21fd42250d9,com.squareup.okhttp.internal.http.StreamAllocation,com.squareup.okhttp.internal.http.StreamAllocation_ESTest,27,0,True
145,BugSwarm,OkHttp-93618854,1,2917aec87b4b4d3caf350660158e5ea7,com.squareup.okhttp.internal.http.StreamAllocation,com.squareup.okhttp.internal.http.StreamAllocation_ESTest,28,0,True
146,BugSwarm,OkHttp-93618854,1,74b48f329a4b405183023cfc3165ca1f,com.squareup.okhttp.internal.http.StreamAllocation,com.squareup.okhttp.internal.http.StreamAllocation_ESTest,28,0,True
147,BugSwarm,OkHttp-93618854,1,9db146b406264f978b39f428e135fcd3,com.squareup.okhttp.internal.http.StreamAllocation,com.squareup.okhttp.internal.http.StreamAllocation_ESTest,27,0,True
148,BugSwarm,OkHttp-93618854,1,790fbc5ddfff46a88a7f284eb26dea7c,com.squareup.okhttp.internal.http.StreamAllocation,com.squareup.okhttp.internal.http.StreamAllocation_ESTest,28,0,True
149,BugSwarm,OkHttp-93618854,1,6bde6fcdd6d0454c906480b51c18a630,com.squareup.okhttp.internal.http.StreamAllocation,com.squareup.okhttp.internal.http.StreamAllocation_ESTest,23,0,True
150,BugSwarm,Artemis__odb-71816517,0,b52d6c8757c74274857220e58e0a86a0,com.artemis.EntityEditPool,com.artemis.EntityEditPool_ESTest,20,0,True
151,BugSwarm,Artemis__odb-71816517,0,2f2a50edb8064d5ba52d477b982ede36,com.artemis.EntityEditPool,com.artemis.EntityEditPool_ESTest,19,0,True
152,BugSwarm,Artemis__odb-71816517,0,576c90ad2362477791387257cb681285,com.artemis.EntityEditPool,com.artemis.EntityEditPool_ESTest,19,0,True
153,BugSwarm,Artemis__odb-71816517,0,6c327784f8ad4873859b5dc6126789bc,com.artemis.EntityEditPool,com.artemis.EntityEditPool_ESTest,18,0,True
154,BugSwarm,Artemis__odb-71816517,0,0f3084173f2549c5af256214a55a545a,com.artemis.EntityEditPool,com.artemis.EntityEditPool_ESTest,19,0,True
155,BugSwarm,Artemis__odb-71816517,0,42d708b9d74a45e3acf07e91bd23344e,com.artemis.EntityEditPool,com.artemis.EntityEditPool_ESTest,19,0,True
156,BugSwarm,Artemis__odb-71816517,0,c3a41872e59740e6b6292bf8de28da1a,com.artemis.EntityEditPool,com.artemis.EntityEditPool_ESTest,19,0,True
157,BugSwarm,Artemis__odb-71816517,0,5dc73747a2954a04ab80b9e6de5d8c43,com.artemis.EntityEditPool,com.artemis.EntityEditPool_ESTest,19,0,True
158,BugSwarm,Artemis__odb-71816517,0,6702cc022fa846b3b84e2c93040d1ed0,com.artemis.EntityEditPool,com.artemis.EntityEditPool_ESTest,20,0,True
159,BugSwarm,Artemis__odb-71816517,0,b82c88987f1247ffb15a146a5e524e10,com.artemis.EntityEditPool,com.artemis.EntityEditPool_ESTest,19,0,True
160,BugSwarm,Artemis__odb-71816517,0,72d6c037416846d195cc00eb03f0ca3c,com.artemis.EntityEditPool,com.artemis.EntityEditPool_ESTest,19,0,True
161,BugSwarm,Artemis__odb-71816517,0,9d7b18d0c1ee4674b680bea0ac66f5e8,com.artemis.EntityEditPool,com.artemis.EntityEditPool_ESTest,18,0,True
162,BugSwarm,Artemis__odb-71816517,0,7487c8f8282c408cbae6918527633833,com.artemis.EntityEditPool,com.artemis.EntityEditPool_ESTest,19,0,True
163,BugSwarm,Artemis__odb-71816517,0,6be20e8e5b174af2b796acca19f07e05,com.artemis.EntityEditPool,com.artemis.EntityEditPool_ESTest,18,0,True
164,BugSwarm,Artemis__odb-71816517,0,63f7329c1bca41f9a5d540cebdd6b932,com.artemis.EntityEditPool,com.artemis.EntityEditPool_ESTest,19,0,True
165,BugSwarm,ACS_AEM_Commons-374231969,0,3c0973759d374c368ac7b57feaacc63e,com.adobe.acs.commons.mcp.impl.processes.asset.UrlAssetImport,com.adobe.acs.commons.mcp.impl.processes.asset.UrlAssetImport_ESTest,11,0,False
166,BugSwarm,ACS_AEM_Commons-374231969,0,22ce74c027f6450dbf7f8f47a6dcab06,com.adobe.acs.commons.mcp.impl.processes.asset.UrlAssetImport,com.adobe.acs.commons.mcp.impl.processes.asset.UrlAssetImport_ESTest,11,0,False
167,BugSwarm,ACS_AEM_Commons-374231969,0,df0d257213024396ba4423317f83806d,com.adobe.acs.commons.mcp.impl.processes.asset.UrlAssetImport,com.adobe.acs.commons.mcp.impl.processes.asset.UrlAssetImport_ESTest,11,0,False
168,BugSwarm,ACS_AEM_Commons-374231969,0,38610bd5e3a943ca8a12453babbf7a90,com.adobe.acs.commons.mcp.impl.processes.asset.UrlAssetImport,com.adobe.acs.commons.mcp.impl.processes.asset.UrlAssetImport_ESTest,12,0,False
169,BugSwarm,ACS_AEM_Commons-374231969,0,dd96db0727cf46f084d9db8d44714da7,com.adobe.acs.commons.mcp.impl.processes.asset.UrlAssetImport,com.adobe.acs.commons.mcp.impl.processes.asset.UrlAssetImport_ESTest,24,0,False
170,BugSwarm,ACS_AEM_Commons-374231969,0,56be5294315548db8f227426297ea3e4,com.adobe.acs.commons.mcp.impl.processes.asset.UrlAssetImport,com.adobe.acs.commons.mcp.impl.processes.asset.UrlAssetImport_ESTest,11,0,False
171,BugSwarm,ACS_AEM_Commons-374231969,0,0d029cc068bf4cd99f1fde18bce1bfa3,com.adobe.acs.commons.mcp.impl.processes.asset.UrlAssetImport,com.adobe.acs.commons.mcp.impl.processes.asset.UrlAssetImport_ESTest,12,0,False
172,BugSwarm,ACS_AEM_Commons-374231969,0,9c2e0e1f7aa6475ea1b7fef27afbbaf3,com.adobe.acs.commons.mcp.impl.processes.asset.UrlAssetImport,com.adobe.acs.commons.mcp.impl.processes.asset.UrlAssetImport_ESTest,11,0,False
173,BugSwarm,ACS_AEM_Commons-374231969,0,2263059d1c9d4c39aa10bea8e0257b65,com.adobe.acs.commons.mcp.impl.processes.asset.UrlAssetImport,com.adobe.acs.commons.mcp.impl.processes.asset.UrlAssetImport_ESTest,11,0,False
174,BugSwarm,ACS_AEM_Commons-374231969,0,33369c63372c45c2a3b342e20281c337,com.adobe.acs.commons.mcp.impl.processes.asset.UrlAssetImport,com.adobe.acs.commons.mcp.impl.processes.asset.UrlAssetImport_ESTest,10,0,False
175,BugSwarm,Dataverse-402758963,0,af7b4329f47b4131b53e07b34386fae7,edu.harvard.iq.dataverse.util.json.JsonParser,edu.harvard.iq.dataverse.util.json.JsonParser_ESTest,44,0,False
176,BugSwarm,Dataverse-402758963,0,f806bb039c31476084076d97739d4ea4,edu.harvard.iq.dataverse.util.json.JsonParser,edu.harvard.iq.dataverse.util.json.JsonParser_ESTest,44,0,False
177,BugSwarm,Dataverse-402758963,0,f793a178934848eea53abfbbe6ff94e6,edu.harvard.iq.dataverse.util.json.JsonParser,edu.harvard.iq.dataverse.util.json.JsonParser_ESTest,43,0,False
178,BugSwarm,Dataverse-402758963,0,748a9fd3ab0242c68eb7c27ef1438a37,edu.harvard.iq.dataverse.util.json.JsonParser,edu.harvard.iq.dataverse.util.json.JsonParser_ESTest,42,0,False
179,BugSwarm,Dataverse-402758963,0,b6521ee0ab21456a905d12fca0944e5c,edu.harvard.iq.dataverse.util.json.JsonParser,edu.harvard.iq.dataverse.util.json.JsonParser_ESTest,44,0,False
180,BugSwarm,Dataverse-402758963,0,28834d789e354e7981427e1bef544c3b,edu.harvard.iq.dataverse.util.json.JsonParser,edu.harvard.iq.dataverse.util.json.JsonParser_ESTest,44,0,False
181,BugSwarm,Dataverse-402758963,0,7d6d0972fa224a07a94eb83ffe507038,edu.harvard.iq.dataverse.util.json.JsonParser,edu.harvard.iq.dataverse.util.json.JsonParser_ESTest,43,0,False
182,BugSwarm,BungeeCord-130330788,0,997c5ec1cbb24e05863bba9d61f36cb4,net.md_5.bungee.ConnectionThrottle,net.md_5.bungee.ConnectionThrottle_ESTest,3,0,True
183,BugSwarm,BungeeCord-130330788,0,dee68fee3c034a94a969d400548bb5b9,net.md_5.bungee.ConnectionThrottle,net.md_5.bungee.ConnectionThrottle_ESTest,3,0,True
184,BugSwarm,BungeeCord-130330788,0,3d71a292b8054f41ba33b1228bdcac6a,net.md_5.bungee.ConnectionThrottle,net.md_5.bungee.ConnectionThrottle_ESTest,3,0,True
185,BugSwarm,BungeeCord-130330788,0,2b934eaacd6345d1b862be0eaf0aaffa,net.md_5.bungee.ConnectionThrottle,net.md_5.bungee.ConnectionThrottle_ESTest,3,0,True
186,BugSwarm,BungeeCord-130330788,0,19d60262cbea464da8e67b7002a620e4,net.md_5.bungee.ConnectionThrottle,net.md_5.bungee.ConnectionThrottle_ESTest,3,0,True
187,BugSwarm,BungeeCord-130330788,0,392eff2a8271425b9e6ddcbaf9f5846d,net.md_5.bungee.ConnectionThrottle,net.md_5.bungee.ConnectionThrottle_ESTest,3,0,True
188,BugSwarm,BungeeCord-130330788,0,5d26b261aca344458422381d28688f7d,net.md_5.bungee.ConnectionThrottle,net.md_5.bungee.ConnectionThrottle_ESTest,3,0,True
189,BugSwarm,BungeeCord-130330788,0,0019d81623dc4fb2922e34a9593b166c,net.md_5.bungee.ConnectionThrottle,net.md_5.bungee.ConnectionThrottle_ESTest,3,0,True
190,BugSwarm,BungeeCord-130330788,0,0726d497997c4f9cabf5f31bcd79f909,net.md_5.bungee.ConnectionThrottle,net.md_5.bungee.ConnectionThrottle_ESTest,3,0,True
191,BugSwarm,BungeeCord-130330788,0,2d4a43a686ba41e38043c95747b29d03,net.md_5.bungee.ConnectionThrottle,net.md_5.bungee.ConnectionThrottle_ESTest,3,0,True
192,BugSwarm,BungeeCord-130330788,0,21684c6c971f4db7bc4e6c6174bf8711,net.md_5.bungee.ConnectionThrottle,net.md_5.bungee.ConnectionThrottle_ESTest,3,0,True
193,BugSwarm,BungeeCord-130330788,0,6a13eaf19f5a4ee08f3c29a3cbd1dffe,net.md_5.bungee.ConnectionThrottle,net.md_5.bungee.ConnectionThrottle_ESTest,3,0,True
194,BugSwarm,BungeeCord-130330788,0,a9e7a49d6aa64a209130ab115019a07c,net.md_5.bungee.ConnectionThrottle,net.md_5.bungee.ConnectionThrottle_ESTest,3,0,True
195,BugSwarm,BungeeCord-130330788,0,624e9a3bb6fc4bb581c08ecadf7f22d1,net.md_5.bungee.ConnectionThrottle,net.md_5.bungee.ConnectionThrottle_ESTest,3,0,True
196,BugSwarm,BungeeCord-130330788,0,35ad2ae041504a35b6dc3fecf0e8687f,net.md_5.bungee.ConnectionThrottle,net.md_5.bungee.ConnectionThrottle_ESTest,3,0,True
197,BugSwarm,Yamcs-186324159,0,58f4ea79cb904b3abb3d932446a1768f,org.yamcs.xtce.SpreadsheetLoader,org.yamcs.xtce.SpreadsheetLoader_ESTest,48,0,True
198,BugSwarm,Yamcs-186324159,0,1b1e88222fc74551b3c5afb88c3e1b26,org.yamcs.xtce.SpreadsheetLoader,org.yamcs.xtce.SpreadsheetLoader_ESTest,48,0,True
199,BugSwarm,Yamcs-186324159,0,1afb44c58fa3486fa293b4e325a1dd85,org.yamcs.xtce.SpreadsheetLoader,org.yamcs.xtce.SpreadsheetLoader_ESTest,48,0,True
200,BugSwarm,Yamcs-186324159,0,1b34811c1e434288bbc2f2d9d5bf9731,org.yamcs.xtce.SpreadsheetLoader,org.yamcs.xtce.SpreadsheetLoader_ESTest,50,0,True
201,BugSwarm,Yamcs-186324159,0,999c455d47874ff6839d88d926a5cb91,org.yamcs.xtce.SpreadsheetLoader,org.yamcs.xtce.SpreadsheetLoader_ESTest,49,0,True
202,BugSwarm,Yamcs-186324159,0,6c2f78d4d91e4f92a0c4b5a4e78fb6b4,org.yamcs.xtce.SpreadsheetLoader,org.yamcs.xtce.SpreadsheetLoader_ESTest,47,0,True
203,BugSwarm,Yamcs-186324159,0,159e461fd2d74e78b35914069ca2a31a,org.yamcs.xtce.SpreadsheetLoader,org.yamcs.xtce.SpreadsheetLoader_ESTest,49,0,True
204,BugSwarm,Yamcs-186324159,0,9a3c9a1b472443adacd66a49ed3037eb,org.yamcs.xtce.SpreadsheetLoader,org.yamcs.xtce.SpreadsheetLoader_ESTest,50,0,True
205,BugSwarm,Yamcs-186324159,0,de8b41b8b6ff4373901662c3ae32da6b,org.yamcs.xtce.SpreadsheetLoader,org.yamcs.xtce.SpreadsheetLoader_ESTest,45,0,True
206,BugSwarm,Yamcs-186324159,0,3fb936b1f41743d8ba614f04a0bd7b28,org.yamcs.xtce.SpreadsheetLoader,org.yamcs.xtce.SpreadsheetLoader_ESTest,49,0,True
207,BugSwarm,Yamcs-186324159,0,ce44e79feb4f4482b6479d1ccd18d135,org.yamcs.xtce.SpreadsheetLoader,org.yamcs.xtce.SpreadsheetLoader_ESTest,47,0,True
208,BugSwarm,Yamcs-186324159,0,b2579c3de6fc47fc9bee7b31df9e789d,org.yamcs.xtce.SpreadsheetLoader,org.yamcs.xtce.SpreadsheetLoader_ESTest,47,0,True
209,BugSwarm,Yamcs-186324159,0,0771158d48834903adbf71ba1fa82192,org.yamcs.xtce.SpreadsheetLoader,org.yamcs.xtce.SpreadsheetLoader_ESTest,47,0,True
210,BugSwarm,Yamcs-186324159,0,93e946f25ff5468e8d910e143653d56c,org.yamcs.xtce.SpreadsheetLoader,org.yamcs.xtce.SpreadsheetLoader_ESTest,44,0,True
211,BugSwarm,Yamcs-186324159,0,80fe6b5514f14fe5ad23218c87fa39e3,org.yamcs.xtce.SpreadsheetLoader,org.yamcs.xtce.SpreadsheetLoader_ESTest,50,0,True
212,BugSwarm,REST_Countries-207869551,0,e569568b38af4e2faeb0a5277fef3720,fayder.restcountries.rest.CountryServiceHelper,fayder.restcountries.rest.CountryServiceHelper_ESTest,35,0,False
213,BugSwarm,REST_Countries-207869551,0,04b75c7f1fc1492cb3d73125dd0f0722,fayder.restcountries.rest.CountryServiceHelper,fayder.restcountries.rest.CountryServiceHelper_ESTest,36,0,False
214,BugSwarm,REST_Countries-207869551,0,6d8849973fbd465e852993d6ee903eab,fayder.restcountries.rest.CountryServiceHelper,fayder.restcountries.rest.CountryServiceHelper_ESTest,36,0,True
215,BugSwarm,REST_Countries-207869551,0,1be636b2bc204868bfaa8ae1d15dd18c,fayder.restcountries.rest.CountryServiceHelper,fayder.restcountries.rest.CountryServiceHelper_ESTest,35,0,True
216,BugSwarm,REST_Countries-207869551,0,0282adfea44d4f0abce562f8ddd29084,fayder.restcountries.rest.CountryServiceHelper,fayder.restcountries.rest.CountryServiceHelper_ESTest,36,0,False
217,BugSwarm,REST_Countries-207869551,0,950662180dc246b0aa4f399ec79bb8b4,fayder.restcountries.rest.CountryServiceHelper,fayder.restcountries.rest.CountryServiceHelper_ESTest,35,0,True
218,BugSwarm,REST_Countries-207869551,0,09345f901ed6469fbc6beabbfc254970,fayder.restcountries.rest.CountryServiceHelper,fayder.restcountries.rest.CountryServiceHelper_ESTest,35,0,True
219,BugSwarm,REST_Countries-207869551,0,c010075e6784471d8da98c02b208755d,fayder.restcountries.rest.CountryServiceHelper,fayder.restcountries.rest.CountryServiceHelper_ESTest,36,0,False
220,BugSwarm,REST_Countries-207869551,0,5a4e30e6d9754cdca6b5cb954053e7ae,fayder.restcountries.rest.CountryServiceHelper,fayder.restcountries.rest.CountryServiceHelper_ESTest,35,0,False
221,BugSwarm,REST_Countries-207869551,0,44c18d688b944e94aa4a07fc379aad13,fayder.restcountries.rest.CountryServiceHelper,fayder.restcountries.rest.CountryServiceHelper_ESTest,35,0,False
222,BugSwarm,REST_Countries-207869551,0,288b1a9ac5cc4c89a16b16b357c58767,fayder.restcountries.rest.CountryServiceHelper,fayder.restcountries.rest.CountryServiceHelper_ESTest,36,0,False
223,BugSwarm,REST_Countries-207869551,0,a5fe0aabf685443fa29e48e1f225d3fa,fayder.restcountries.rest.CountryServiceHelper,fayder.restcountries.rest.CountryServiceHelper_ESTest,35,0,False
224,BugSwarm,REST_Countries-207869551,0,6a89daf13c924258874d0b90591d3fa8,fayder.restcountries.rest.CountryServiceHelper,fayder.restcountries.rest.CountryServiceHelper_ESTest,34,0,True
225,BugSwarm,REST_Countries-207869551,0,2a862b967c324ea3a7640a9725f081f8,fayder.restcountries.rest.CountryServiceHelper,fayder.restcountries.rest.CountryServiceHelper_ESTest,35,0,False
226,BugSwarm,Dubbo-416671625,0,d90440aec22e40999f1eef5e2bec8dda,org.apache.dubbo.rpc.protocol.hessian.HttpClientConnectionFactory,org.apache.dubbo.rpc.protocol.hessian.HttpClientConnectionFactory_ESTest,2,0,True
227,BugSwarm,Dubbo-416671625,0,67955a021d0940a8af88ab0dda757f8a,org.apache.dubbo.rpc.protocol.hessian.HttpClientConnectionFactory,org.apache.dubbo.rpc.protocol.hessian.HttpClientConnectionFactory_ESTest,2,0,True
228,BugSwarm,Dubbo-416671625,0,58398de3f37446d0a90eeb82acd84052,org.apache.dubbo.rpc.protocol.hessian.HttpClientConnectionFactory,org.apache.dubbo.rpc.protocol.hessian.HttpClientConnectionFactory_ESTest,2,0,True
229,BugSwarm,Dubbo-416671625,0,49be72c08d9f406e97fe0d6140666eaf,org.apache.dubbo.rpc.protocol.hessian.HttpClientConnectionFactory,org.apache.dubbo.rpc.protocol.hessian.HttpClientConnectionFactory_ESTest,2,0,True
230,BugSwarm,Dubbo-416671625,0,6197e6d522604e4b8903b089eae5495d,org.apache.dubbo.rpc.protocol.hessian.HttpClientConnectionFactory,org.apache.dubbo.rpc.protocol.hessian.HttpClientConnectionFactory_ESTest,2,0,True
231,BugSwarm,Dubbo-416671625,0,0868df7f2a084a54b3bd814fccd307af,org.apache.dubbo.rpc.protocol.hessian.HttpClientConnectionFactory,org.apache.dubbo.rpc.protocol.hessian.HttpClientConnectionFactory_ESTest,2,0,True
232,BugSwarm,Dubbo-416671625,0,f13ead2da73c4493ad604376c64a53ca,org.apache.dubbo.rpc.protocol.hessian.HttpClientConnectionFactory,org.apache.dubbo.rpc.protocol.hessian.HttpClientConnectionFactory_ESTest,2,0,True
233,BugSwarm,Dubbo-416671625,0,c4e114c8576d4623aedafd2ec28dc60b,org.apache.dubbo.rpc.protocol.hessian.HttpClientConnectionFactory,org.apache.dubbo.rpc.protocol.hessian.HttpClientConnectionFactory_ESTest,2,0,True
234,BugSwarm,Dubbo-416671625,0,72778e4d50874ca4a4d00b0df06b6bfa,org.apache.dubbo.rpc.protocol.hessian.HttpClientConnectionFactory,org.apache.dubbo.rpc.protocol.hessian.HttpClientConnectionFactory_ESTest,2,0,True
235,BugSwarm,Dubbo-416671625,0,8d965502df084aaba91a27b805222814,org.apache.dubbo.rpc.protocol.hessian.HttpClientConnectionFactory,org.apache.dubbo.rpc.protocol.hessian.HttpClientConnectionFactory_ESTest,2,0,True
236,BugSwarm,Dubbo-416671625,0,2d6ac082db904cd99e6ed779325e7c9a,org.apache.dubbo.rpc.protocol.hessian.HttpClientConnectionFactory,org.apache.dubbo.rpc.protocol.hessian.HttpClientConnectionFactory_ESTest,2,0,True
237,BugSwarm,Dubbo-416671625,0,f3c65cf370c3487e9e658c75915ac3f3,org.apache.dubbo.rpc.protocol.hessian.HttpClientConnectionFactory,org.apache.dubbo.rpc.protocol.hessian.HttpClientConnectionFactory_ESTest,2,0,True
238,BugSwarm,Dubbo-416671625,0,e676152fcdd34475b2d554abacc37f7c,org.apache.dubbo.rpc.protocol.hessian.HttpClientConnectionFactory,org.apache.dubbo.rpc.protocol.hessian.HttpClientConnectionFactory_ESTest,2,0,True
239,BugSwarm,Dubbo-416671625,0,b395323b0f034a4ba4c88247d230caf0,org.apache.dubbo.rpc.protocol.hessian.HttpClientConnectionFactory,org.apache.dubbo.rpc.protocol.hessian.HttpClientConnectionFactory_ESTest,2,0,True
240,BugSwarm,Dubbo-416671625,0,865a6a1309574aae99567f1c99bc887f,org.apache.dubbo.rpc.protocol.hessian.HttpClientConnectionFactory,org.apache.dubbo.rpc.protocol.hessian.HttpClientConnectionFactory_ESTest,2,0,True
241,BugSwarm,Universal_G__Code_Sender-676666184,0,6b8afe7ea59c4c528f62a235d8af9123,com.willwinder.universalgcodesender.utils.GcodeStreamReader,com.willwinder.universalgcodesender.utils.GcodeStreamReader_ESTest,7,0,True
242,BugSwarm,GraphHopper-210124629,0,4dca0499eadb42eeb7387dde6f23c8e6,com.graphhopper.routing.util.DataFlagEncoder,com.graphhopper.routing.util.DataFlagEncoder_ESTest,133,0,False
243,BugSwarm,GraphHopper-210124629,0,9d2bc37a78b3413c8f45de2d8217e644,com.graphhopper.routing.util.DataFlagEncoder,com.graphhopper.routing.util.DataFlagEncoder_ESTest,133,0,False
244,BugSwarm,GraphHopper-210124629,0,1347e0e68fef45d79b472d230f08c81b,com.graphhopper.routing.util.DataFlagEncoder,com.graphhopper.routing.util.DataFlagEncoder_ESTest,136,0,False
245,BugSwarm,GraphHopper-210124629,0,4a9b76e5d7be4dd0afc6e4d7b8f52dfd,com.graphhopper.routing.util.DataFlagEncoder,com.graphhopper.routing.util.DataFlagEncoder_ESTest,136,0,False
246,BugSwarm,REST_Countries-154683750,0,2cb40a1bbc7e46d781cad56bd6d39122,fayder.restcountries.v1.rest.CountryService,fayder.restcountries.v1.rest.CountryService_ESTest,24,0,True
247,BugSwarm,REST_Countries-154683750,0,d445b4c00e1945b4aa694161e5f2a3d1,fayder.restcountries.v1.rest.CountryService,fayder.restcountries.v1.rest.CountryService_ESTest,24,0,True
248,BugSwarm,REST_Countries-154683750,0,2a9a7f5eb016479d8d81a4faa2353fae,fayder.restcountries.v1.rest.CountryService,fayder.restcountries.v1.rest.CountryService_ESTest,22,0,True
249,BugSwarm,REST_Countries-154683750,0,2ded705b134840509c4b8eced7a383fc,fayder.restcountries.v1.rest.CountryService,fayder.restcountries.v1.rest.CountryService_ESTest,23,0,True
250,BugSwarm,REST_Countries-154683750,0,c0a5cc21411942b380a419f10078a359,fayder.restcountries.v1.rest.CountryService,fayder.restcountries.v1.rest.CountryService_ESTest,24,0,True
251,BugSwarm,REST_Countries-154683750,0,474238ce4cf341a28d370bbc76158330,fayder.restcountries.v1.rest.CountryService,fayder.restcountries.v1.rest.CountryService_ESTest,23,0,True
252,BugSwarm,REST_Countries-154683750,0,82294dd2b851437da8026f57778b3f1f,fayder.restcountries.v1.rest.CountryService,fayder.restcountries.v1.rest.CountryService_ESTest,23,0,True
253,BugSwarm,REST_Countries-154683750,0,13fa6f82a8bc4c058b80e6660a049c7e,fayder.restcountries.v1.rest.CountryService,fayder.restcountries.v1.rest.CountryService_ESTest,24,0,True
254,BugSwarm,REST_Countries-154683750,0,2e550c83c1144534bd816ee4958671ad,fayder.restcountries.v1.rest.CountryService,fayder.restcountries.v1.rest.CountryService_ESTest,24,0,True
255,BugSwarm,REST_Countries-154683750,0,0761900e7f874cc4827e87f3ad52282d,fayder.restcountries.v1.rest.CountryService,fayder.restcountries.v1.rest.CountryService_ESTest,24,0,True
256,BugSwarm,REST_Countries-154683750,0,317046a4138a4827ade1189ea9429cb8,fayder.restcountries.v1.rest.CountryService,fayder.restcountries.v1.rest.CountryService_ESTest,23,0,True
257,BugSwarm,REST_Countries-154683750,0,738f4aea913546278f43c8b845dc3776,fayder.restcountries.v1.rest.CountryService,fayder.restcountries.v1.rest.CountryService_ESTest,25,0,True
258,BugSwarm,REST_Countries-154683750,0,faca1280b2254243b9d6fbfb0784b380,fayder.restcountries.v1.rest.CountryService,fayder.restcountries.v1.rest.CountryService_ESTest,25,0,True
259,BugSwarm,REST_Countries-154683750,0,cf3ad5d4db90498e9dc8dc2cf4ce48b5,fayder.restcountries.v1.rest.CountryService,fayder.restcountries.v1.rest.CountryService_ESTest,25,0,True
260,BugSwarm,REST_Countries-154683750,1,2cb40a1bbc7e46d781cad56bd6d39122,fayder.restcountries.v1.rest.CountryService,fayder.restcountries.v1.rest.CountryService_ESTest,24,0,True
261,BugSwarm,REST_Countries-154683750,1,d445b4c00e1945b4aa694161e5f2a3d1,fayder.restcountries.v1.rest.CountryService,fayder.restcountries.v1.rest.CountryService_ESTest,24,0,True
262,BugSwarm,REST_Countries-154683750,1,2a9a7f5eb016479d8d81a4faa2353fae,fayder.restcountries.v1.rest.CountryService,fayder.restcountries.v1.rest.CountryService_ESTest,22,0,True
263,BugSwarm,REST_Countries-154683750,1,2ded705b134840509c4b8eced7a383fc,fayder.restcountries.v1.rest.CountryService,fayder.restcountries.v1.rest.CountryService_ESTest,23,0,True
264,BugSwarm,REST_Countries-154683750,1,c0a5cc21411942b380a419f10078a359,fayder.restcountries.v1.rest.CountryService,fayder.restcountries.v1.rest.CountryService_ESTest,24,0,True
265,BugSwarm,REST_Countries-154683750,1,474238ce4cf341a28d370bbc76158330,fayder.restcountries.v1.rest.CountryService,fayder.restcountries.v1.rest.CountryService_ESTest,23,0,True
266,BugSwarm,REST_Countries-154683750,1,82294dd2b851437da8026f57778b3f1f,fayder.restcountries.v1.rest.CountryService,fayder.restcountries.v1.rest.CountryService_ESTest,23,0,True
267,BugSwarm,REST_Countries-154683750,1,13fa6f82a8bc4c058b80e6660a049c7e,fayder.restcountries.v1.rest.CountryService,fayder.restcountries.v1.rest.CountryService_ESTest,24,0,True
268,BugSwarm,REST_Countries-154683750,1,2e550c83c1144534bd816ee4958671ad,fayder.restcountries.v1.rest.CountryService,fayder.restcountries.v1.rest.CountryService_ESTest,24,0,True
269,BugSwarm,REST_Countries-154683750,1,0761900e7f874cc4827e87f3ad52282d,fayder.restcountries.v1.rest.CountryService,fayder.restcountries.v1.rest.CountryService_ESTest,24,0,True
270,BugSwarm,REST_Countries-154683750,1,317046a4138a4827ade1189ea9429cb8,fayder.restcountries.v1.rest.CountryService,fayder.restcountries.v1.rest.CountryService_ESTest,23,0,True
271,BugSwarm,REST_Countries-154683750,1,738f4aea913546278f43c8b845dc3776,fayder.restcountries.v1.rest.CountryService,fayder.restcountries.v1.rest.CountryService_ESTest,25,0,True
272,BugSwarm,REST_Countries-154683750,1,faca1280b2254243b9d6fbfb0784b380,fayder.restcountries.v1.rest.CountryService,fayder.restcountries.v1.rest.CountryService_ESTest,25,0,True
273,BugSwarm,REST_Countries-154683750,1,cf3ad5d4db90498e9dc8dc2cf4ce48b5,fayder.restcountries.v1.rest.CountryService,fayder.restcountries.v1.rest.CountryService_ESTest,25,0,True
274,BugSwarm,REST_Countries-154683750,2,2cb40a1bbc7e46d781cad56bd6d39122,fayder.restcountries.v1.rest.CountryService,fayder.restcountries.v1.rest.CountryService_ESTest,24,0,True
275,BugSwarm,REST_Countries-154683750,2,d445b4c00e1945b4aa694161e5f2a3d1,fayder.restcountries.v1.rest.CountryService,fayder.restcountries.v1.rest.CountryService_ESTest,24,0,True
276,BugSwarm,REST_Countries-154683750,2,2a9a7f5eb016479d8d81a4faa2353fae,fayder.restcountries.v1.rest.CountryService,fayder.restcountries.v1.rest.CountryService_ESTest,22,0,True
277,BugSwarm,REST_Countries-154683750,2,2ded705b134840509c4b8eced7a383fc,fayder.restcountries.v1.rest.CountryService,fayder.restcountries.v1.rest.CountryService_ESTest,23,0,True
278,BugSwarm,REST_Countries-154683750,2,c0a5cc21411942b380a419f10078a359,fayder.restcountries.v1.rest.CountryService,fayder.restcountries.v1.rest.CountryService_ESTest,24,0,True
279,BugSwarm,REST_Countries-154683750,2,474238ce4cf341a28d370bbc76158330,fayder.restcountries.v1.rest.CountryService,fayder.restcountries.v1.rest.CountryService_ESTest,23,0,True
280,BugSwarm,REST_Countries-154683750,2,82294dd2b851437da8026f57778b3f1f,fayder.restcountries.v1.rest.CountryService,fayder.restcountries.v1.rest.CountryService_ESTest,23,0,True
281,BugSwarm,REST_Countries-154683750,2,13fa6f82a8bc4c058b80e6660a049c7e,fayder.restcountries.v1.rest.CountryService,fayder.restcountries.v1.rest.CountryService_ESTest,24,0,True
282,BugSwarm,REST_Countries-154683750,2,2e550c83c1144534bd816ee4958671ad,fayder.restcountries.v1.rest.CountryService,fayder.restcountries.v1.rest.CountryService_ESTest,24,0,True
283,BugSwarm,REST_Countries-154683750,2,0761900e7f874cc4827e87f3ad52282d,fayder.restcountries.v1.rest.CountryService,fayder.restcountries.v1.rest.CountryService_ESTest,24,0,True
284,BugSwarm,REST_Countries-154683750,2,317046a4138a4827ade1189ea9429cb8,fayder.restcountries.v1.rest.CountryService,fayder.restcountries.v1.rest.CountryService_ESTest,23,0,True
285,BugSwarm,REST_Countries-154683750,2,738f4aea913546278f43c8b845dc3776,fayder.restcountries.v1.rest.CountryService,fayder.restcountries.v1.rest.CountryService_ESTest,25,0,True
286,BugSwarm,REST_Countries-154683750,2,faca1280b2254243b9d6fbfb0784b380,fayder.restcountries.v1.rest.CountryService,fayder.restcountries.v1.rest.CountryService_ESTest,25,0,True
287,BugSwarm,REST_Countries-154683750,2,cf3ad5d4db90498e9dc8dc2cf4ce48b5,fayder.restcountries.v1.rest.CountryService,fayder.restcountries.v1.rest.CountryService_ESTest,25,0,True
288,BugSwarm,REST_Countries-154683750,3,2cb40a1bbc7e46d781cad56bd6d39122,fayder.restcountries.v1.rest.CountryService,fayder.restcountries.v1.rest.CountryService_ESTest,24,0,True
289,BugSwarm,REST_Countries-154683750,3,d445b4c00e1945b4aa694161e5f2a3d1,fayder.restcountries.v1.rest.CountryService,fayder.restcountries.v1.rest.CountryService_ESTest,24,0,True
290,BugSwarm,REST_Countries-154683750,3,2a9a7f5eb016479d8d81a4faa2353fae,fayder.restcountries.v1.rest.CountryService,fayder.restcountries.v1.rest.CountryService_ESTest,22,0,True
291,BugSwarm,REST_Countries-154683750,3,2ded705b134840509c4b8eced7a383fc,fayder.restcountries.v1.rest.CountryService,fayder.restcountries.v1.rest.CountryService_ESTest,23,0,True
292,BugSwarm,REST_Countries-154683750,3,c0a5cc21411942b380a419f10078a359,fayder.restcountries.v1.rest.CountryService,fayder.restcountries.v1.rest.CountryService_ESTest,24,0,True
293,BugSwarm,REST_Countries-154683750,3,474238ce4cf341a28d370bbc76158330,fayder.restcountries.v1.rest.CountryService,fayder.restcountries.v1.rest.CountryService_ESTest,23,0,True
294,BugSwarm,REST_Countries-154683750,3,82294dd2b851437da8026f57778b3f1f,fayder.restcountries.v1.rest.CountryService,fayder.restcountries.v1.rest.CountryService_ESTest,23,0,True
295,BugSwarm,REST_Countries-154683750,3,13fa6f82a8bc4c058b80e6660a049c7e,fayder.restcountries.v1.rest.CountryService,fayder.restcountries.v1.rest.CountryService_ESTest,24,0,True
296,BugSwarm,REST_Countries-154683750,3,2e550c83c1144534bd816ee4958671ad,fayder.restcountries.v1.rest.CountryService,fayder.restcountries.v1.rest.CountryService_ESTest,24,0,True
297,BugSwarm,REST_Countries-154683750,3,0761900e7f874cc4827e87f3ad52282d,fayder.restcountries.v1.rest.CountryService,fayder.restcountries.v1.rest.CountryService_ESTest,24,0,True
298,BugSwarm,REST_Countries-154683750,3,317046a4138a4827ade1189ea9429cb8,fayder.restcountries.v1.rest.CountryService,fayder.restcountries.v1.rest.CountryService_ESTest,23,0,True
299,BugSwarm,REST_Countries-154683750,3,738f4aea913546278f43c8b845dc3776,fayder.restcountries.v1.rest.CountryService,fayder.restcountries.v1.rest.CountryService_ESTest,25,0,True
300,BugSwarm,REST_Countries-154683750,3,faca1280b2254243b9d6fbfb0784b380,fayder.restcountries.v1.rest.CountryService,fayder.restcountries.v1.rest.CountryService_ESTest,25,0,True
301,BugSwarm,REST_Countries-154683750,3,cf3ad5d4db90498e9dc8dc2cf4ce48b5,fayder.restcountries.v1.rest.CountryService,fayder.restcountries.v1.rest.CountryService_ESTest,25,0,True
302,BugSwarm,REST_Countries-154683750,4,2cb40a1bbc7e46d781cad56bd6d39122,fayder.restcountries.v1.rest.CountryService,fayder.restcountries.v1.rest.CountryService_ESTest,24,0,True
303,BugSwarm,REST_Countries-154683750,4,d445b4c00e1945b4aa694161e5f2a3d1,fayder.restcountries.v1.rest.CountryService,fayder.restcountries.v1.rest.CountryService_ESTest,24,0,True
304,BugSwarm,REST_Countries-154683750,4,2a9a7f5eb016479d8d81a4faa2353fae,fayder.restcountries.v1.rest.CountryService,fayder.restcountries.v1.rest.CountryService_ESTest,22,0,True
305,BugSwarm,REST_Countries-154683750,4,2ded705b134840509c4b8eced7a383fc,fayder.restcountries.v1.rest.CountryService,fayder.restcountries.v1.rest.CountryService_ESTest,23,0,True
306,BugSwarm,REST_Countries-154683750,4,c0a5cc21411942b380a419f10078a359,fayder.restcountries.v1.rest.CountryService,fayder.restcountries.v1.rest.CountryService_ESTest,24,0,True
307,BugSwarm,REST_Countries-154683750,4,474238ce4cf341a28d370bbc76158330,fayder.restcountries.v1.rest.CountryService,fayder.restcountries.v1.rest.CountryService_ESTest,23,0,True
308,BugSwarm,REST_Countries-154683750,4,82294dd2b851437da8026f57778b3f1f,fayder.restcountries.v1.rest.CountryService,fayder.restcountries.v1.rest.CountryService_ESTest,23,0,True
309,BugSwarm,REST_Countries-154683750,4,13fa6f82a8bc4c058b80e6660a049c7e,fayder.restcountries.v1.rest.CountryService,fayder.restcountries.v1.rest.CountryService_ESTest,24,0,True
310,BugSwarm,REST_Countries-154683750,4,2e550c83c1144534bd816ee4958671ad,fayder.restcountries.v1.rest.CountryService,fayder.restcountries.v1.rest.CountryService_ESTest,24,0,True
311,BugSwarm,REST_Countries-154683750,4,0761900e7f874cc4827e87f3ad52282d,fayder.restcountries.v1.rest.CountryService,fayder.restcountries.v1.rest.CountryService_ESTest,24,0,True
312,BugSwarm,REST_Countries-154683750,4,317046a4138a4827ade1189ea9429cb8,fayder.restcountries.v1.rest.CountryService,fayder.restcountries.v1.rest.CountryService_ESTest,23,0,True
313,BugSwarm,REST_Countries-154683750,4,738f4aea913546278f43c8b845dc3776,fayder.restcountries.v1.rest.CountryService,fayder.restcountries.v1.rest.CountryService_ESTest,25,0,True
314,BugSwarm,REST_Countries-154683750,4,faca1280b2254243b9d6fbfb0784b380,fayder.restcountries.v1.rest.CountryService,fayder.restcountries.v1.rest.CountryService_ESTest,25,0,True
315,BugSwarm,REST_Countries-154683750,4,cf3ad5d4db90498e9dc8dc2cf4ce48b5,fayder.restcountries.v1.rest.CountryService,fayder.restcountries.v1.rest.CountryService_ESTest,25,0,True
316,Genesis,Jongo-97431a03,0,57b87201747a4bb09776edabe68527fd,org.jongo.marshall.jackson.JacksonObjectIdUpdater,org.jongo.marshall.jackson.JacksonObjectIdUpdater_ESTest,6,0,False
317,Genesis,Jongo-97431a03,0,6a29ff3e9d044ec899af76d5e1f5ada4,org.jongo.marshall.jackson.JacksonObjectIdUpdater,org.jongo.marshall.jackson.JacksonObjectIdUpdater_ESTest,6,0,False
318,Genesis,Jongo-97431a03,0,5ac1da4e871243fc9f426d897ffc55d0,org.jongo.marshall.jackson.JacksonObjectIdUpdater,org.jongo.marshall.jackson.JacksonObjectIdUpdater_ESTest,6,0,False
319,Genesis,Jongo-97431a03,0,b42760695e884ebeb17469787a2a140b,org.jongo.marshall.jackson.JacksonObjectIdUpdater,org.jongo.marshall.jackson.JacksonObjectIdUpdater_ESTest,6,0,False
320,Genesis,Jongo-97431a03,0,e385124bcbe04e43b5bb6259b943adb6,org.jongo.marshall.jackson.JacksonObjectIdUpdater,org.jongo.marshall.jackson.JacksonObjectIdUpdater_ESTest,6,0,False
321,Genesis,Jongo-97431a03,0,ce489a67104b461bb64e6e2f7202c8b1,org.jongo.marshall.jackson.JacksonObjectIdUpdater,org.jongo.marshall.jackson.JacksonObjectIdUpdater_ESTest,6,0,False
322,Genesis,Jongo-97431a03,0,8c6a062310ad41c58ff80051b79c3119,org.jongo.marshall.jackson.JacksonObjectIdUpdater,org.jongo.marshall.jackson.JacksonObjectIdUpdater_ESTest,6,0,False
323,Genesis,Jongo-97431a03,0,655b177b0fea4b149b1076e8ee21d0ea,org.jongo.marshall.jackson.JacksonObjectIdUpdater,org.jongo.marshall.jackson.JacksonObjectIdUpdater_ESTest,6,0,False
324,Genesis,JavaPoet-aee5f128,0,cae2c6932a1a44fda2f3d7ef341b959c,com.squareup.javapoet.TypeName,com.squareup.javapoet.TypeName_ESTest,21,0,True
325,Genesis,JavaPoet-aee5f128,0,f55d0c093e3b4154914ad8ab025383d5,com.squareup.javapoet.TypeName,com.squareup.javapoet.TypeName_ESTest,20,0,True
326,Genesis,JavaPoet-aee5f128,0,65fefb37fe0140d3b3b71146717482b7,com.squareup.javapoet.TypeName,com.squareup.javapoet.TypeName_ESTest,21,0,True
327,Genesis,JavaPoet-aee5f128,0,98f68f370b814390b87996ae4cfd0b53,com.squareup.javapoet.TypeName,com.squareup.javapoet.TypeName_ESTest,21,0,True
328,Genesis,JavaPoet-aee5f128,0,6bea888945494f9baafe17ef71ecbcc4,com.squareup.javapoet.TypeName,com.squareup.javapoet.TypeName_ESTest,20,0,True
329,Genesis,JavaPoet-aee5f128,0,91e9d88ea5b441ee83654925fae17d9f,com.squareup.javapoet.TypeName,com.squareup.javapoet.TypeName_ESTest,20,0,True
330,Genesis,JavaPoet-aee5f128,0,f92edf3dc2004bd4bdcdf0fbba006583,com.squareup.javapoet.TypeName,com.squareup.javapoet.TypeName_ESTest,20,0,True
331,Genesis,JavaPoet-aee5f128,0,0f4011f004694f8ba0f371fe41bb0a35,com.squareup.javapoet.TypeName,com.squareup.javapoet.TypeName_ESTest,21,0,True
332,Genesis,JavaPoet-aee5f128,0,135c0626427e450b8a5498db8a2f0fc8,com.squareup.javapoet.TypeName,com.squareup.javapoet.TypeName_ESTest,21,0,True
333,Genesis,JavaPoet-aee5f128,0,f6cdf6e161354d168ac4460cf8c707df,com.squareup.javapoet.TypeName,com.squareup.javapoet.TypeName_ESTest,21,0,True
334,Genesis,JavaPoet-aee5f128,0,bc1cf5e49686481faa0b4d266709191b,com.squareup.javapoet.TypeName,com.squareup.javapoet.TypeName_ESTest,21,0,True
335,Genesis,JavaPoet-aee5f128,0,c9f29ad0123f4468b7d93f4a8c64f772,com.squareup.javapoet.TypeName,com.squareup.javapoet.TypeName_ESTest,20,0,True
336,Genesis,JavaPoet-aee5f128,0,fa35fd0e880d419f93f325e29706f1a2,com.squareup.javapoet.TypeName,com.squareup.javapoet.TypeName_ESTest,20,0,True
337,Genesis,JavaPoet-aee5f128,0,96f86b694183441fbe973fa9d8396b98,com.squareup.javapoet.TypeName,com.squareup.javapoet.TypeName_ESTest,20,0,True
338,Genesis,JavaPoet-aee5f128,0,8b6a69738ea64510ad56f62421b25a8c,com.squareup.javapoet.TypeName,com.squareup.javapoet.TypeName_ESTest,21,0,True
339,Genesis,Checkstyle-4f73fffd,0,bcc6fb7e00cd4b0f9309eb8bcae498b2,com.puppycrawl.tools.checkstyle.checks.blocks.NeedBracesCheck,com.puppycrawl.tools.checkstyle.checks.blocks.NeedBracesCheck_ESTest,23,0,False
340,Genesis,Checkstyle-4f73fffd,0,5a9d61b8cfdb4a39b91e3206ac283a76,com.puppycrawl.tools.checkstyle.checks.blocks.NeedBracesCheck,com.puppycrawl.tools.checkstyle.checks.blocks.NeedBracesCheck_ESTest,22,0,False
341,Genesis,Checkstyle-4f73fffd,0,8e302bcb362240e8abc30a151b673f06,com.puppycrawl.tools.checkstyle.checks.blocks.NeedBracesCheck,com.puppycrawl.tools.checkstyle.checks.blocks.NeedBracesCheck_ESTest,24,0,False
342,Genesis,Checkstyle-4f73fffd,0,d4cf6969dd414dd8b7e7354d3850b994,com.puppycrawl.tools.checkstyle.checks.blocks.NeedBracesCheck,com.puppycrawl.tools.checkstyle.checks.blocks.NeedBracesCheck_ESTest,22,0,False
343,Genesis,Checkstyle-4f73fffd,0,38a6af035bee4274871d1143ae9c5f64,com.puppycrawl.tools.checkstyle.checks.blocks.NeedBracesCheck,com.puppycrawl.tools.checkstyle.checks.blocks.NeedBracesCheck_ESTest,25,0,False
344,Genesis,Checkstyle-4f73fffd,0,8d823814a1d84921aa835e032a71a538,com.puppycrawl.tools.checkstyle.checks.blocks.NeedBracesCheck,com.puppycrawl.tools.checkstyle.checks.blocks.NeedBracesCheck_ESTest,25,0,False
345,Genesis,Checkstyle-4f73fffd,0,fb93d2d12c8d4a3b89ed3a0c6989085e,com.puppycrawl.tools.checkstyle.checks.blocks.NeedBracesCheck,com.puppycrawl.tools.checkstyle.checks.blocks.NeedBracesCheck_ESTest,21,0,False
346,Genesis,Checkstyle-4f73fffd,0,8632542c0c07443eb07e13f363f6481e,com.puppycrawl.tools.checkstyle.checks.blocks.NeedBracesCheck,com.puppycrawl.tools.checkstyle.checks.blocks.NeedBracesCheck_ESTest,29,0,False
347,Genesis,Checkstyle-4f73fffd,0,000a82ec8e974e82bedc21c54704440b,com.puppycrawl.tools.checkstyle.checks.blocks.NeedBracesCheck,com.puppycrawl.tools.checkstyle.checks.blocks.NeedBracesCheck_ESTest,25,0,False
348,Genesis,Checkstyle-4f73fffd,0,6b4b8a953f7c45a59ca0f85c18a007b6,com.puppycrawl.tools.checkstyle.checks.blocks.NeedBracesCheck,com.puppycrawl.tools.checkstyle.checks.blocks.NeedBracesCheck_ESTest,24,0,False
349,Genesis,Checkstyle-4f73fffd,0,b84dd5f668a5440695ec2ed4676a2d65,com.puppycrawl.tools.checkstyle.checks.blocks.NeedBracesCheck,com.puppycrawl.tools.checkstyle.checks.blocks.NeedBracesCheck_ESTest,25,0,False
350,Genesis,Checkstyle-4f73fffd,0,71f864a2fbd349dda0022488fd120048,com.puppycrawl.tools.checkstyle.checks.blocks.NeedBracesCheck,com.puppycrawl.tools.checkstyle.checks.blocks.NeedBracesCheck_ESTest,23,0,False
351,Genesis,Checkstyle-4f73fffd,0,f686b596f1d44d819b0f4402b80bc55c,com.puppycrawl.tools.checkstyle.checks.blocks.NeedBracesCheck,com.puppycrawl.tools.checkstyle.checks.blocks.NeedBracesCheck_ESTest,25,0,False
352,Genesis,Checkstyle-4f73fffd,0,7800428834d74cb2a8087de5437bb133,com.puppycrawl.tools.checkstyle.checks.blocks.NeedBracesCheck,com.puppycrawl.tools.checkstyle.checks.blocks.NeedBracesCheck_ESTest,19,0,False
353,Genesis,Checkstyle-4f73fffd,0,49a54e2625284f06a868dab17ebd99d3,com.puppycrawl.tools.checkstyle.checks.blocks.NeedBracesCheck,com.puppycrawl.tools.checkstyle.checks.blocks.NeedBracesCheck_ESTest,24,0,False
354,Genesis,Checkstyle-91e10c29,0,f26c19df9ecb4f2b8afd5969566bf951,com.puppycrawl.tools.checkstyle.checks.SuppressWarningsHolder,com.puppycrawl.tools.checkstyle.checks.SuppressWarningsHolder_ESTest,21,0,False
355,Genesis,Checkstyle-91e10c29,0,01021503dd0643dfaa0eeaa9b9d4071b,com.puppycrawl.tools.checkstyle.checks.SuppressWarningsHolder,com.puppycrawl.tools.checkstyle.checks.SuppressWarningsHolder_ESTest,19,0,False
356,Genesis,Checkstyle-91e10c29,0,cb70f19c6bcf4f64ab75cc3aa64c8715,com.puppycrawl.tools.checkstyle.checks.SuppressWarningsHolder,com.puppycrawl.tools.checkstyle.checks.SuppressWarningsHolder_ESTest,20,0,False
357,Genesis,Checkstyle-91e10c29,0,a125b6c30a4d4f3d90e08cc3078d46ef,com.puppycrawl.tools.checkstyle.checks.SuppressWarningsHolder,com.puppycrawl.tools.checkstyle.checks.SuppressWarningsHolder_ESTest,19,0,False
358,Genesis,Checkstyle-91e10c29,0,7e5ec1ecd68e43458fff245fa05d467f,com.puppycrawl.tools.checkstyle.checks.SuppressWarningsHolder,com.puppycrawl.tools.checkstyle.checks.SuppressWarningsHolder_ESTest,19,0,False
359,Genesis,Checkstyle-91e10c29,0,9f542feeddb3492b9a4d87a221727029,com.puppycrawl.tools.checkstyle.checks.SuppressWarningsHolder,com.puppycrawl.tools.checkstyle.checks.SuppressWarningsHolder_ESTest,23,0,False
360,Genesis,Checkstyle-91e10c29,0,7514baa96b3a44e6b4c3ff81bdefd629,com.puppycrawl.tools.checkstyle.checks.SuppressWarningsHolder,com.puppycrawl.tools.checkstyle.checks.SuppressWarningsHolder_ESTest,19,0,False
361,Genesis,Checkstyle-91e10c29,0,c1ba75e067f74e14a3f897b41bfaedc2,com.puppycrawl.tools.checkstyle.checks.SuppressWarningsHolder,com.puppycrawl.tools.checkstyle.checks.SuppressWarningsHolder_ESTest,21,0,False
362,Genesis,Checkstyle-91e10c29,0,fd7d3170c89c45dd902fedd66737f1fa,com.puppycrawl.tools.checkstyle.checks.SuppressWarningsHolder,com.puppycrawl.tools.checkstyle.checks.SuppressWarningsHolder_ESTest,22,0,False
363,Genesis,Checkstyle-91e10c29,0,2a93f605caf74a3ba876e2b293e3837e,com.puppycrawl.tools.checkstyle.checks.SuppressWarningsHolder,com.puppycrawl.tools.checkstyle.checks.SuppressWarningsHolder_ESTest,21,0,False
364,Genesis,Checkstyle-91e10c29,0,2970fa2b2a434f0cb4e52f05a32f2244,com.puppycrawl.tools.checkstyle.checks.SuppressWarningsHolder,com.puppycrawl.tools.checkstyle.checks.SuppressWarningsHolder_ESTest,20,0,False
365,Genesis,Checkstyle-91e10c29,0,8c87225eced34ffa993a724ceec8ef12,com.puppycrawl.tools.checkstyle.checks.SuppressWarningsHolder,com.puppycrawl.tools.checkstyle.checks.SuppressWarningsHolder_ESTest,20,0,False
366,Genesis,Checkstyle-91e10c29,0,c61b8989fe8d4386930e98c8f2e61e30,com.puppycrawl.tools.checkstyle.checks.SuppressWarningsHolder,com.puppycrawl.tools.checkstyle.checks.SuppressWarningsHolder_ESTest,19,0,False
367,Genesis,Checkstyle-16493bfb,0,bdb14eb678a941609c32997c366e3bfe,com.puppycrawl.tools.checkstyle.checks.coding.ModifiedControlVariableCheck,com.puppycrawl.tools.checkstyle.checks.coding.ModifiedControlVariableCheck_ESTest,49,0,False
368,Genesis,Checkstyle-16493bfb,0,cc56bf693bc949e6bd7325934278f088,com.puppycrawl.tools.checkstyle.checks.coding.ModifiedControlVariableCheck,com.puppycrawl.tools.checkstyle.checks.coding.ModifiedControlVariableCheck_ESTest,51,0,False
369,Genesis,Checkstyle-16493bfb,0,4cd5a01d85674591afc1d83273afdc21,com.puppycrawl.tools.checkstyle.checks.coding.ModifiedControlVariableCheck,com.puppycrawl.tools.checkstyle.checks.coding.ModifiedControlVariableCheck_ESTest,49,0,False
370,Genesis,Checkstyle-16493bfb,0,b0cc39336b8d48d885f9d544a5e844d7,com.puppycrawl.tools.checkstyle.checks.coding.ModifiedControlVariableCheck,com.puppycrawl.tools.checkstyle.checks.coding.ModifiedControlVariableCheck_ESTest,49,0,False
371,Genesis,Checkstyle-16493bfb,0,15bed7bf8b5d4d9dbfe3f336278945f8,com.puppycrawl.tools.checkstyle.checks.coding.ModifiedControlVariableCheck,com.puppycrawl.tools.checkstyle.checks.coding.ModifiedControlVariableCheck_ESTest,49,0,False
372,Genesis,Checkstyle-16493bfb,0,3c001e16e5f24289ae3436e8fafb21b5,com.puppycrawl.tools.checkstyle.checks.coding.ModifiedControlVariableCheck,com.puppycrawl.tools.checkstyle.checks.coding.ModifiedControlVariableCheck_ESTest,49,0,False
373,Genesis,Checkstyle-16493bfb,0,5f0c13dd329545c3a51a320fdbf5dcdc,com.puppycrawl.tools.checkstyle.checks.coding.ModifiedControlVariableCheck,com.puppycrawl.tools.checkstyle.checks.coding.ModifiedControlVariableCheck_ESTest,47,0,False
374,Genesis,Checkstyle-16493bfb,0,cb9d798f73544ad0b0e79c88e64aff8d,com.puppycrawl.tools.checkstyle.checks.coding.ModifiedControlVariableCheck,com.puppycrawl.tools.checkstyle.checks.coding.ModifiedControlVariableCheck_ESTest,48,0,False
375,Genesis,Checkstyle-16493bfb,0,8e555cbc93174225b50338f7920fb530,com.puppycrawl.tools.checkstyle.checks.coding.ModifiedControlVariableCheck,com.puppycrawl.tools.checkstyle.checks.coding.ModifiedControlVariableCheck_ESTest,51,0,False
376,Genesis,Checkstyle-16493bfb,0,9c2306a3fb2f43d0aa8bdd85d2701933,com.puppycrawl.tools.checkstyle.checks.coding.ModifiedControlVariableCheck,com.puppycrawl.tools.checkstyle.checks.coding.ModifiedControlVariableCheck_ESTest,50,0,False
377,Genesis,Checkstyle-16493bfb,0,319947f6ef234fafaa80746d639e0ea7,com.puppycrawl.tools.checkstyle.checks.coding.ModifiedControlVariableCheck,com.puppycrawl.tools.checkstyle.checks.coding.ModifiedControlVariableCheck_ESTest,48,0,False
378,Genesis,Checkstyle-16493bfb,0,ad041c4b371d4d2dac667113ba1be411,com.puppycrawl.tools.checkstyle.checks.coding.ModifiedControlVariableCheck,com.puppycrawl.tools.checkstyle.checks.coding.ModifiedControlVariableCheck_ESTest,52,0,False
379,Genesis,Checkstyle-16493bfb,0,92bcf59d74aa4390abd5a0d6ebcf7772,com.puppycrawl.tools.checkstyle.checks.coding.ModifiedControlVariableCheck,com.puppycrawl.tools.checkstyle.checks.coding.ModifiedControlVariableCheck_ESTest,50,0,False
380,Genesis,Checkstyle-be8a60a4,0,1f1a3454ab1942d58d5da1efc81fb43c,com.puppycrawl.tools.checkstyle.checks.naming.ParameterNameCheck,com.puppycrawl.tools.checkstyle.checks.naming.ParameterNameCheck_ESTest,9,0,True
381,Genesis,Checkstyle-be8a60a4,0,a8f132d13e004026847103580c0e58ba,com.puppycrawl.tools.checkstyle.checks.naming.ParameterNameCheck,com.puppycrawl.tools.checkstyle.checks.naming.ParameterNameCheck_ESTest,9,0,True
382,Genesis,Checkstyle-be8a60a4,0,0910ccc7dd7a42a2b86444e130c9c49a,com.puppycrawl.tools.checkstyle.checks.naming.ParameterNameCheck,com.puppycrawl.tools.checkstyle.checks.naming.ParameterNameCheck_ESTest,9,0,True
383,Genesis,Checkstyle-be8a60a4,0,9e77361b32e44fd0abd3951894382b6f,com.puppycrawl.tools.checkstyle.checks.naming.ParameterNameCheck,com.puppycrawl.tools.checkstyle.checks.naming.ParameterNameCheck_ESTest,9,0,True
384,Genesis,Checkstyle-be8a60a4,0,b058682f80c84e5288923892f9eb83dd,com.puppycrawl.tools.checkstyle.checks.naming.ParameterNameCheck,com.puppycrawl.tools.checkstyle.checks.naming.ParameterNameCheck_ESTest,10,0,True
385,Genesis,Checkstyle-be8a60a4,0,27ce91ab81e24b65a371133357b2237c,com.puppycrawl.tools.checkstyle.checks.naming.ParameterNameCheck,com.puppycrawl.tools.checkstyle.checks.naming.ParameterNameCheck_ESTest,5,0,False
386,Genesis,Checkstyle-be8a60a4,0,e558c49f4bd345db9e013c2ab2dda081,com.puppycrawl.tools.checkstyle.checks.naming.ParameterNameCheck,com.puppycrawl.tools.checkstyle.checks.naming.ParameterNameCheck_ESTest,9,0,True
387,Genesis,Checkstyle-be8a60a4,0,e367247eefd14331b8b77cf692e6c90d,com.puppycrawl.tools.checkstyle.checks.naming.ParameterNameCheck,com.puppycrawl.tools.checkstyle.checks.naming.ParameterNameCheck_ESTest,9,0,True
388,Genesis,Checkstyle-be8a60a4,0,8cfe3f982a9249a6a8bc36c5a71a3091,com.puppycrawl.tools.checkstyle.checks.naming.ParameterNameCheck,com.puppycrawl.tools.checkstyle.checks.naming.ParameterNameCheck_ESTest,10,0,True
389,Genesis,Checkstyle-be8a60a4,0,487284925f1e4d0aae374ebed7f76992,com.puppycrawl.tools.checkstyle.checks.naming.ParameterNameCheck,com.puppycrawl.tools.checkstyle.checks.naming.ParameterNameCheck_ESTest,9,0,True
390,Genesis,Checkstyle-be8a60a4,0,96d877bd53914bd09b2f5a3c9f6c449c,com.puppycrawl.tools.checkstyle.checks.naming.ParameterNameCheck,com.puppycrawl.tools.checkstyle.checks.naming.ParameterNameCheck_ESTest,9,0,True
391,Genesis,Checkstyle-be8a60a4,0,0ed9a41ad68e47e2a4a14b31479c4f1d,com.puppycrawl.tools.checkstyle.checks.naming.ParameterNameCheck,com.puppycrawl.tools.checkstyle.checks.naming.ParameterNameCheck_ESTest,10,0,True
392,Genesis,Checkstyle-be8a60a4,0,7f47862cb63944f78ab0e241972441a5,com.puppycrawl.tools.checkstyle.checks.naming.ParameterNameCheck,com.puppycrawl.tools.checkstyle.checks.naming.ParameterNameCheck_ESTest,9,0,True
393,Genesis,Javaslang-0dab3ed3,0,60fd6349fec249418b6ce812f1d65fa6,javaslang.Tuples,javaslang.Tuples_ESTest,69,0,True
394,Genesis,Javaslang-0dab3ed3,0,bd1bc4c707fa4cf6ab4100cd1aaff1fd,javaslang.Tuples,javaslang.Tuples_ESTest,79,0,True
395,Genesis,Activiti-31c8ea16,0,d429997b236b4b10900c49518196e222,org.activiti.engine.impl.event.AbstractEventHandler,org.activiti.engine.impl.event.AbstractEventHandler_ESTest,2,0,False
396,Genesis,Activiti-31c8ea16,0,978e727e00534540ac0d41213fd629af,org.activiti.engine.impl.event.AbstractEventHandler,org.activiti.engine.impl.event.AbstractEventHandler_ESTest,2,0,True
397,Genesis,Activiti-31c8ea16,0,589f5bd6d25941f9b67b04369a438945,org.activiti.engine.impl.event.AbstractEventHandler,org.activiti.engine.impl.event.AbstractEventHandler_ESTest,2,0,True
398,Genesis,Activiti-31c8ea16,0,601e2d9d662f43feaf32a9f711cfe465,org.activiti.engine.impl.event.AbstractEventHandler,org.activiti.engine.impl.event.AbstractEventHandler_ESTest,2,0,True
399,Genesis,Activiti-31c8ea16,0,b00285be72234966848b8eda3178e909,org.activiti.engine.impl.event.AbstractEventHandler,org.activiti.engine.impl.event.AbstractEventHandler_ESTest,2,0,True
400,Genesis,Activiti-31c8ea16,0,8a7c9f37d440493cbf37b5f529390d87,org.activiti.engine.impl.event.AbstractEventHandler,org.activiti.engine.impl.event.AbstractEventHandler_ESTest,2,0,True
401,Genesis,Activiti-31c8ea16,0,ae0ac93d1e954e248aca71da5839019b,org.activiti.engine.impl.event.AbstractEventHandler,org.activiti.engine.impl.event.AbstractEventHandler_ESTest,2,0,True
402,Genesis,Activiti-31c8ea16,0,fb847b657aad4fe0ae2fcce595b1d608,org.activiti.engine.impl.event.AbstractEventHandler,org.activiti.engine.impl.event.AbstractEventHandler_ESTest,2,0,False
403,Genesis,Activiti-31c8ea16,0,8a305a71b840427aa5167fcf6ace5c82,org.activiti.engine.impl.event.AbstractEventHandler,org.activiti.engine.impl.event.AbstractEventHandler_ESTest,2,0,True
404,Genesis,Activiti-31c8ea16,0,a6ef0aeb987141959c4ee2d479d3cf0c,org.activiti.engine.impl.event.AbstractEventHandler,org.activiti.engine.impl.event.AbstractEventHandler_ESTest,2,0,False
405,Genesis,Activiti-31c8ea16,0,cc0d0a8b90e34a308b9ef89904f54101,org.activiti.engine.impl.event.AbstractEventHandler,org.activiti.engine.impl.event.AbstractEventHandler_ESTest,2,0,True
406,Genesis,Activiti-31c8ea16,0,755aa99eed6846ceb1f2ca7ba6d40ae9,org.activiti.engine.impl.event.AbstractEventHandler,org.activiti.engine.impl.event.AbstractEventHandler_ESTest,2,0,True
407,Genesis,Activiti-31c8ea16,0,37466faf1f5c4e71939b2f9687f3e000,org.activiti.engine.impl.event.AbstractEventHandler,org.activiti.engine.impl.event.AbstractEventHandler_ESTest,2,0,True
408,Genesis,Activiti-31c8ea16,0,2c0bb95168734013863eea4e860f9aeb,org.activiti.engine.impl.event.AbstractEventHandler,org.activiti.engine.impl.event.AbstractEventHandler_ESTest,2,0,True
409,Genesis,Activiti-31c8ea16,0,2f36a9bac90f4075a40109f7f6944d42,org.activiti.engine.impl.event.AbstractEventHandler,org.activiti.engine.impl.event.AbstractEventHandler_ESTest,2,0,True
410,Defects4J,Csv-9,0,f9ec0aca9201477ebd4e19128707fd5b,org.apache.commons.csv.CSVRecord,org.apache.commons.csv.CSVRecord_ESTest,43,0,True
411,Defects4J,Csv-9,0,c31c454279d5446bb697d530d9530db5,org.apache.commons.csv.CSVRecord,org.apache.commons.csv.CSVRecord_ESTest,42,0,True
412,Defects4J,Csv-9,0,7945f22b651f4f778efdad008edfb55b,org.apache.commons.csv.CSVRecord,org.apache.commons.csv.CSVRecord_ESTest,41,0,True
413,Defects4J,Csv-9,0,c14d7906ae984d30994b0a7520eb681d,org.apache.commons.csv.CSVRecord,org.apache.commons.csv.CSVRecord_ESTest,43,0,True
414,Defects4J,Csv-9,0,bf3ccac4b7384f8ba8cb1b123d30a972,org.apache.commons.csv.CSVRecord,org.apache.commons.csv.CSVRecord_ESTest,43,0,True
415,Defects4J,Csv-9,0,cb2fc21385934da69d6be1b9de751b09,org.apache.commons.csv.CSVRecord,org.apache.commons.csv.CSVRecord_ESTest,42,0,True
416,Defects4J,Csv-9,0,335dd4d7a88c4d548fb5ef3d7363ba58,org.apache.commons.csv.CSVRecord,org.apache.commons.csv.CSVRecord_ESTest,42,0,True
417,Defects4J,Csv-9,0,dbda2c8884344ccba45b5c284cc88bd4,org.apache.commons.csv.CSVRecord,org.apache.commons.csv.CSVRecord_ESTest,42,0,True
418,Defects4J,Csv-9,0,c5153d52bca34e14b7d18400649e5cef,org.apache.commons.csv.CSVRecord,org.apache.commons.csv.CSVRecord_ESTest,42,0,True
419,Defects4J,Csv-9,0,67220ab166c34710a15496815dd1bbef,org.apache.commons.csv.CSVRecord,org.apache.commons.csv.CSVRecord_ESTest,41,0,True
420,Defects4J,Csv-9,0,0920a906d49549fea47450120748b921,org.apache.commons.csv.CSVRecord,org.apache.commons.csv.CSVRecord_ESTest,42,0,True
421,Defects4J,Csv-9,0,783405f28495478ba1834847f435185a,org.apache.commons.csv.CSVRecord,org.apache.commons.csv.CSVRecord_ESTest,41,0,True
422,Defects4J,Csv-9,0,0770cec660ef46679db426edf02dfa25,org.apache.commons.csv.CSVRecord,org.apache.commons.csv.CSVRecord_ESTest,43,0,True
423,Defects4J,Csv-9,0,c9e54b3889a04ad982472a360f15eade,org.apache.commons.csv.CSVRecord,org.apache.commons.csv.CSVRecord_ESTest,42,0,True
424,Defects4J,Csv-9,0,cee5e24ce8b74d6b8cd9b91706e63f9c,org.apache.commons.csv.CSVRecord,org.apache.commons.csv.CSVRecord_ESTest,43,0,True
425,Defects4J,Math-70,0,113650e779004e318691c5a726ea3b67,org.apache.commons.math.analysis.solvers.BisectionSolver,org.apache.commons.math.analysis.solvers.BisectionSolver_ESTest,27,0,True
426,Defects4J,Math-70,0,e43ed384531047108bb22e4be737bb13,org.apache.commons.math.analysis.solvers.BisectionSolver,org.apache.commons.math.analysis.solvers.BisectionSolver_ESTest,30,0,True
427,Defects4J,Math-70,0,f7a3367f00b34a7cae40abf7f87aa5c0,org.apache.commons.math.analysis.solvers.BisectionSolver,org.apache.commons.math.analysis.solvers.BisectionSolver_ESTest,26,0,True
428,Defects4J,Math-70,0,fb61e9a574ac472b89d8243ade852213,org.apache.commons.math.analysis.solvers.BisectionSolver,org.apache.commons.math.analysis.solvers.BisectionSolver_ESTest,32,0,True
429,Defects4J,Math-70,0,678af7bd1c89495f93ec02c25016827a,org.apache.commons.math.analysis.solvers.BisectionSolver,org.apache.commons.math.analysis.solvers.BisectionSolver_ESTest,30,0,True
430,Defects4J,Math-70,0,53b0964e710f43a7b2caff236954962a,org.apache.commons.math.analysis.solvers.BisectionSolver,org.apache.commons.math.analysis.solvers.BisectionSolver_ESTest,29,0,True
431,Defects4J,Math-70,0,1a823ce3d93345e4b23e6afc665c4512,org.apache.commons.math.analysis.solvers.BisectionSolver,org.apache.commons.math.analysis.solvers.BisectionSolver_ESTest,27,0,True
432,Defects4J,Math-70,0,bc737eaabd7d471b857b754b1132baa9,org.apache.commons.math.analysis.solvers.BisectionSolver,org.apache.commons.math.analysis.solvers.BisectionSolver_ESTest,30,0,True
433,Defects4J,Math-70,0,3c7ce77b4f4847d392b61e306f62216a,org.apache.commons.math.analysis.solvers.BisectionSolver,org.apache.commons.math.analysis.solvers.BisectionSolver_ESTest,28,0,True
434,Defects4J,Math-70,0,3665618e2ce445aaa322d7c5d728385c,org.apache.commons.math.analysis.solvers.BisectionSolver,org.apache.commons.math.analysis.solvers.BisectionSolver_ESTest,30,0,True
435,Defects4J,Math-70,0,e922ef009f804c1188d21120d36afced,org.apache.commons.math.analysis.solvers.BisectionSolver,org.apache.commons.math.analysis.solvers.BisectionSolver_ESTest,31,0,True
436,Defects4J,Math-70,0,215fc60b97934d9890b39eb8774bee93,org.apache.commons.math.analysis.solvers.BisectionSolver,org.apache.commons.math.analysis.solvers.BisectionSolver_ESTest,28,0,True
437,Defects4J,Math-70,0,d18b28a693e441e68b389d2131554967,org.apache.commons.math.analysis.solvers.BisectionSolver,org.apache.commons.math.analysis.solvers.BisectionSolver_ESTest,29,0,True
438,Defects4J,Math-70,0,601e6ef89f8f4ef38834e07d4dd7dbd3,org.apache.commons.math.analysis.solvers.BisectionSolver,org.apache.commons.math.analysis.solvers.BisectionSolver_ESTest,29,0,True
439,Defects4J,Math-70,0,3984b86af6d34a3bab65acac167319a9,org.apache.commons.math.analysis.solvers.BisectionSolver,org.apache.commons.math.analysis.solvers.BisectionSolver_ESTest,30,0,True
440,Defects4J,Math-79,0,a295cd324b1a46aea7f12d65a2cbaaf4,org.apache.commons.math.stat.clustering.KMeansPlusPlusClusterer,org.apache.commons.math.stat.clustering.KMeansPlusPlusClusterer_ESTest,8,0,True
441,Defects4J,Math-79,0,bd001755887249538c56f21daaa1a968,org.apache.commons.math.stat.clustering.KMeansPlusPlusClusterer,org.apache.commons.math.stat.clustering.KMeansPlusPlusClusterer_ESTest,10,0,True
442,Defects4J,Math-79,0,f47e6d24976744e686ecd1dac2a7c4e5,org.apache.commons.math.stat.clustering.KMeansPlusPlusClusterer,org.apache.commons.math.stat.clustering.KMeansPlusPlusClusterer_ESTest,10,0,True
443,Defects4J,Math-79,0,3e4f36e3e2d94e34b50347f373c97b3c,org.apache.commons.math.stat.clustering.KMeansPlusPlusClusterer,org.apache.commons.math.stat.clustering.KMeansPlusPlusClusterer_ESTest,9,0,True
444,Defects4J,Math-79,0,56103eafbce94795a69e8fdfca90fd17,org.apache.commons.math.stat.clustering.KMeansPlusPlusClusterer,org.apache.commons.math.stat.clustering.KMeansPlusPlusClusterer_ESTest,9,0,True
445,Defects4J,Math-79,0,32ec7db84e05435fa51a11535850f9a5,org.apache.commons.math.stat.clustering.KMeansPlusPlusClusterer,org.apache.commons.math.stat.clustering.KMeansPlusPlusClusterer_ESTest,10,0,True
446,Defects4J,Math-79,0,14749fb6fa38484d96e614419c33eb0e,org.apache.commons.math.stat.clustering.KMeansPlusPlusClusterer,org.apache.commons.math.stat.clustering.KMeansPlusPlusClusterer_ESTest,9,0,True
447,Defects4J,Math-79,0,8d0914d9bd3149849631c4fd2586f3b3,org.apache.commons.math.stat.clustering.KMeansPlusPlusClusterer,org.apache.commons.math.stat.clustering.KMeansPlusPlusClusterer_ESTest,9,0,True
448,Defects4J,Math-79,0,1dc60d780d504f6b95da8e6f944bff88,org.apache.commons.math.stat.clustering.KMeansPlusPlusClusterer,org.apache.commons.math.stat.clustering.KMeansPlusPlusClusterer_ESTest,8,0,True
449,Defects4J,Math-79,0,92431dee0fbe47f6a5619997e8c16b9c,org.apache.commons.math.stat.clustering.KMeansPlusPlusClusterer,org.apache.commons.math.stat.clustering.KMeansPlusPlusClusterer_ESTest,10,0,True
450,Defects4J,Math-79,0,ad0079872a6b4c46a9ec86413e82b866,org.apache.commons.math.stat.clustering.KMeansPlusPlusClusterer,org.apache.commons.math.stat.clustering.KMeansPlusPlusClusterer_ESTest,10,0,True
451,Defects4J,Math-79,0,d09ebdc20ec441069eaf69aed01caae3,org.apache.commons.math.stat.clustering.KMeansPlusPlusClusterer,org.apache.commons.math.stat.clustering.KMeansPlusPlusClusterer_ESTest,10,0,True
452,Defects4J,Math-79,0,4b0bf233bd44453eaf257fdf25f758db,org.apache.commons.math.stat.clustering.KMeansPlusPlusClusterer,org.apache.commons.math.stat.clustering.KMeansPlusPlusClusterer_ESTest,9,0,True
453,Defects4J,Math-79,0,a96ddac5810645d89a62bffd56c33f50,org.apache.commons.math.stat.clustering.KMeansPlusPlusClusterer,org.apache.commons.math.stat.clustering.KMeansPlusPlusClusterer_ESTest,9,0,True
454,Defects4J,Math-79,0,e8af6e2c17c946bfbf44fb472a4bc3b8,org.apache.commons.math.stat.clustering.KMeansPlusPlusClusterer,org.apache.commons.math.stat.clustering.KMeansPlusPlusClusterer_ESTest,9,0,True
455,Defects4J,Csv-11,0,a5e87aeb5720467995042c66a9ad6e7e,org.apache.commons.csv.CSVParser,org.apache.commons.csv.CSVParser_ESTest,34,0,True
456,Defects4J,Csv-11,0,299f5cc71da24edb859eb696af297b6e,org.apache.commons.csv.CSVParser,org.apache.commons.csv.CSVParser_ESTest,36,0,True
457,Defects4J,Csv-11,0,64c22a188293490cbe8d9df1f3d1ba59,org.apache.commons.csv.CSVParser,org.apache.commons.csv.CSVParser_ESTest,33,0,True
458,Defects4J,Csv-11,0,cf71013880224ba785b56937b8d8b623,org.apache.commons.csv.CSVParser,org.apache.commons.csv.CSVParser_ESTest,35,0,True
459,Defects4J,Csv-11,0,cc0811143f9d446ebc17e1298ef05917,org.apache.commons.csv.CSVParser,org.apache.commons.csv.CSVParser_ESTest,34,0,True
460,Defects4J,Csv-11,0,1b7cd94b38cb49c9904cfbfa647706c3,org.apache.commons.csv.CSVParser,org.apache.commons.csv.CSVParser_ESTest,37,0,True
461,Defects4J,Csv-11,0,01ac85b0e3654cf8ac68a0b3a0b2b7c4,org.apache.commons.csv.CSVParser,org.apache.commons.csv.CSVParser_ESTest,35,0,True
462,Defects4J,Csv-11,0,efd42849b1634c3784d66bcf0909117f,org.apache.commons.csv.CSVParser,org.apache.commons.csv.CSVParser_ESTest,34,0,True
463,Defects4J,Csv-11,0,c95cd7e409d540b499e21d0dbd46f543,org.apache.commons.csv.CSVParser,org.apache.commons.csv.CSVParser_ESTest,35,0,True
464,Defects4J,Csv-11,0,50f2a3b44c5042e59efc1173f12b69b9,org.apache.commons.csv.CSVParser,org.apache.commons.csv.CSVParser_ESTest,33,0,True
465,Defects4J,Cli-30,0,600ca42426ab4c76b38d7b3d6eb2e0a2,org.apache.commons.cli.Parser,org.apache.commons.cli.Parser_ESTest,37,0,True
466,Defects4J,Cli-30,0,600ca42426ab4c76b38d7b3d6eb2e0a2,org.apache.commons.cli.DefaultParser,org.apache.commons.cli.DefaultParser_ESTest,39,0,False
467,Defects4J,Cli-30,0,e925a5be9d364c25b3fde8415e5b9d0f,org.apache.commons.cli.DefaultParser,org.apache.commons.cli.DefaultParser_ESTest,41,0,False
468,Defects4J,Cli-30,0,ae798235625a4dd2ae543216868a88c5,org.apache.commons.cli.Parser,org.apache.commons.cli.Parser_ESTest,38,0,True
469,Defects4J,Cli-30,0,ae798235625a4dd2ae543216868a88c5,org.apache.commons.cli.DefaultParser,org.apache.commons.cli.DefaultParser_ESTest,42,0,False
470,Defects4J,Cli-30,0,b9755650b7074ea5a42581a56005fc30,org.apache.commons.cli.Parser,org.apache.commons.cli.Parser_ESTest,41,0,True
471,Defects4J,Cli-30,0,b9755650b7074ea5a42581a56005fc30,org.apache.commons.cli.DefaultParser,org.apache.commons.cli.DefaultParser_ESTest,41,0,False
472,Defects4J,Cli-30,0,2d2570d14f4444e6a155a6ea5955d6e6,org.apache.commons.cli.Parser,org.apache.commons.cli.Parser_ESTest,38,0,True
473,Defects4J,Cli-30,0,cbdf0e4e3a1a4610b02c32b06a8db39c,org.apache.commons.cli.Parser,org.apache.commons.cli.Parser_ESTest,39,0,True
474,Defects4J,Cli-30,0,cbdf0e4e3a1a4610b02c32b06a8db39c,org.apache.commons.cli.DefaultParser,org.apache.commons.cli.DefaultParser_ESTest,24,0,False
475,Defects4J,Cli-30,0,de665a7e93f4450799140df6afe18d27,org.apache.commons.cli.Parser,org.apache.commons.cli.Parser_ESTest,41,0,True
476,Defects4J,Cli-30,0,de665a7e93f4450799140df6afe18d27,org.apache.commons.cli.DefaultParser,org.apache.commons.cli.DefaultParser_ESTest,43,0,False
477,Defects4J,Cli-30,0,5f075505762549ebbd4fd33c29484ed8,org.apache.commons.cli.Parser,org.apache.commons.cli.Parser_ESTest,42,0,True
478,Defects4J,Cli-30,0,5f075505762549ebbd4fd33c29484ed8,org.apache.commons.cli.DefaultParser,org.apache.commons.cli.DefaultParser_ESTest,37,0,False
479,Defects4J,Cli-30,0,7b4f0f49221b4184b6b11ee676f91142,org.apache.commons.cli.Parser,org.apache.commons.cli.Parser_ESTest,40,0,True
480,Defects4J,Cli-30,0,7b4f0f49221b4184b6b11ee676f91142,org.apache.commons.cli.DefaultParser,org.apache.commons.cli.DefaultParser_ESTest,42,0,False
481,Defects4J,Cli-30,0,1c2c032589ae478ab24086416a88507f,org.apache.commons.cli.Parser,org.apache.commons.cli.Parser_ESTest,39,0,True
482,Defects4J,Cli-30,0,1c2c032589ae478ab24086416a88507f,org.apache.commons.cli.DefaultParser,org.apache.commons.cli.DefaultParser_ESTest,39,0,False
483,Defects4J,Cli-30,0,0f82d4ac4bf9485383319222f38fa27b,org.apache.commons.cli.Parser,org.apache.commons.cli.Parser_ESTest,42,0,True
484,Defects4J,Cli-30,0,0f82d4ac4bf9485383319222f38fa27b,org.apache.commons.cli.DefaultParser,org.apache.commons.cli.DefaultParser_ESTest,41,0,False
485,Defects4J,Cli-30,0,ad969639e44d4072a3a35ca504556d53,org.apache.commons.cli.Parser,org.apache.commons.cli.Parser_ESTest,41,0,True
486,Defects4J,Cli-30,0,ad969639e44d4072a3a35ca504556d53,org.apache.commons.cli.DefaultParser,org.apache.commons.cli.DefaultParser_ESTest,39,0,False
487,Defects4J,Cli-30,0,bc4e9d563a8c437e94dae785acd487be,org.apache.commons.cli.Parser,org.apache.commons.cli.Parser_ESTest,42,0,True
488,Defects4J,Cli-30,0,bc4e9d563a8c437e94dae785acd487be,org.apache.commons.cli.DefaultParser,org.apache.commons.cli.DefaultParser_ESTest,30,0,False
489,Defects4J,Cli-30,0,06400402963243a8b70d80b693f85095,org.apache.commons.cli.Parser,org.apache.commons.cli.Parser_ESTest,41,0,True
490,Defects4J,Cli-30,0,06400402963243a8b70d80b693f85095,org.apache.commons.cli.DefaultParser,org.apache.commons.cli.DefaultParser_ESTest,36,0,False
491,Defects4J,Cli-30,0,1c2fe470f1c74e9683a04c769517a8b0,org.apache.commons.cli.Parser,org.apache.commons.cli.Parser_ESTest,36,0,True
492,Defects4J,Cli-30,0,1c2fe470f1c74e9683a04c769517a8b0,org.apache.commons.cli.DefaultParser,org.apache.commons.cli.DefaultParser_ESTest,35,0,False
493,Defects4J,Cli-30,1,600ca42426ab4c76b38d7b3d6eb2e0a2,org.apache.commons.cli.Parser,org.apache.commons.cli.Parser_ESTest,37,0,False
494,Defects4J,Cli-30,1,600ca42426ab4c76b38d7b3d6eb2e0a2,org.apache.commons.cli.DefaultParser,org.apache.commons.cli.DefaultParser_ESTest,39,0,True
495,Defects4J,Cli-30,1,e925a5be9d364c25b3fde8415e5b9d0f,org.apache.commons.cli.DefaultParser,org.apache.commons.cli.DefaultParser_ESTest,41,0,True
496,Defects4J,Cli-30,1,ae798235625a4dd2ae543216868a88c5,org.apache.commons.cli.Parser,org.apache.commons.cli.Parser_ESTest,38,0,False
497,Defects4J,Cli-30,1,ae798235625a4dd2ae543216868a88c5,org.apache.commons.cli.DefaultParser,org.apache.commons.cli.DefaultParser_ESTest,42,0,True
498,Defects4J,Cli-30,1,b9755650b7074ea5a42581a56005fc30,org.apache.commons.cli.Parser,org.apache.commons.cli.Parser_ESTest,41,0,False
499,Defects4J,Cli-30,1,b9755650b7074ea5a42581a56005fc30,org.apache.commons.cli.DefaultParser,org.apache.commons.cli.DefaultParser_ESTest,41,0,True
500,Defects4J,Cli-30,1,2d2570d14f4444e6a155a6ea5955d6e6,org.apache.commons.cli.Parser,org.apache.commons.cli.Parser_ESTest,38,0,False
501,Defects4J,Cli-30,1,cbdf0e4e3a1a4610b02c32b06a8db39c,org.apache.commons.cli.Parser,org.apache.commons.cli.Parser_ESTest,39,0,False
502,Defects4J,Cli-30,1,cbdf0e4e3a1a4610b02c32b06a8db39c,org.apache.commons.cli.DefaultParser,org.apache.commons.cli.DefaultParser_ESTest,24,0,True
503,Defects4J,Cli-30,1,de665a7e93f4450799140df6afe18d27,org.apache.commons.cli.Parser,org.apache.commons.cli.Parser_ESTest,41,0,False
504,Defects4J,Cli-30,1,de665a7e93f4450799140df6afe18d27,org.apache.commons.cli.DefaultParser,org.apache.commons.cli.DefaultParser_ESTest,43,0,True
505,Defects4J,Cli-30,1,5f075505762549ebbd4fd33c29484ed8,org.apache.commons.cli.Parser,org.apache.commons.cli.Parser_ESTest,42,0,False
506,Defects4J,Cli-30,1,5f075505762549ebbd4fd33c29484ed8,org.apache.commons.cli.DefaultParser,org.apache.commons.cli.DefaultParser_ESTest,37,0,True
507,Defects4J,Cli-30,1,7b4f0f49221b4184b6b11ee676f91142,org.apache.commons.cli.Parser,org.apache.commons.cli.Parser_ESTest,40,0,False
508,Defects4J,Cli-30,1,7b4f0f49221b4184b6b11ee676f91142,org.apache.commons.cli.DefaultParser,org.apache.commons.cli.DefaultParser_ESTest,42,0,True
509,Defects4J,Cli-30,1,1c2c032589ae478ab24086416a88507f,org.apache.commons.cli.Parser,org.apache.commons.cli.Parser_ESTest,39,0,False
510,Defects4J,Cli-30,1,1c2c032589ae478ab24086416a88507f,org.apache.commons.cli.DefaultParser,org.apache.commons.cli.DefaultParser_ESTest,39,0,True
511,Defects4J,Cli-30,1,0f82d4ac4bf9485383319222f38fa27b,org.apache.commons.cli.Parser,org.apache.commons.cli.Parser_ESTest,42,0,False
512,Defects4J,Cli-30,1,0f82d4ac4bf9485383319222f38fa27b,org.apache.commons.cli.DefaultParser,org.apache.commons.cli.DefaultParser_ESTest,41,0,True
513,Defects4J,Cli-30,1,ad969639e44d4072a3a35ca504556d53,org.apache.commons.cli.Parser,org.apache.commons.cli.Parser_ESTest,41,0,False
514,Defects4J,Cli-30,1,ad969639e44d4072a3a35ca504556d53,org.apache.commons.cli.DefaultParser,org.apache.commons.cli.DefaultParser_ESTest,39,0,True
515,Defects4J,Cli-30,1,bc4e9d563a8c437e94dae785acd487be,org.apache.commons.cli.Parser,org.apache.commons.cli.Parser_ESTest,42,0,False
516,Defects4J,Cli-30,1,bc4e9d563a8c437e94dae785acd487be,org.apache.commons.cli.DefaultParser,org.apache.commons.cli.DefaultParser_ESTest,30,0,True
517,Defects4J,Cli-30,1,06400402963243a8b70d80b693f85095,org.apache.commons.cli.Parser,org.apache.commons.cli.Parser_ESTest,41,0,False
518,Defects4J,Cli-30,1,06400402963243a8b70d80b693f85095,org.apache.commons.cli.DefaultParser,org.apache.commons.cli.DefaultParser_ESTest,36,0,True
519,Defects4J,Cli-30,1,1c2fe470f1c74e9683a04c769517a8b0,org.apache.commons.cli.Parser,org.apache.commons.cli.Parser_ESTest,36,0,False
520,Defects4J,Cli-30,1,1c2fe470f1c74e9683a04c769517a8b0,org.apache.commons.cli.DefaultParser,org.apache.commons.cli.DefaultParser_ESTest,35,0,True
521,NPEX,PDFBox-55586aad,0,e604e4758155420889fa0742398331b1,org.apache.pdfbox.pdmodel.interactive.action.PDActionURI,org.apache.pdfbox.pdmodel.interactive.action.PDActionURI_ESTest,9,0,True
522,NPEX,PDFBox-55586aad,0,75b565041ac647d9a0d305834d9147c5,org.apache.pdfbox.pdmodel.interactive.action.PDActionURI,org.apache.pdfbox.pdmodel.interactive.action.PDActionURI_ESTest,9,0,True
523,NPEX,PDFBox-55586aad,0,71f26748c62147369c96e03ce05db98d,org.apache.pdfbox.pdmodel.interactive.action.PDActionURI,org.apache.pdfbox.pdmodel.interactive.action.PDActionURI_ESTest,9,0,True
524,NPEX,Log4j_2-6a233016,0,81c261ac4b8d4c488b86525cacda146e,org.apache.logging.log4j.core.async.RingBufferLogEvent,org.apache.logging.log4j.core.async.RingBufferLogEvent_ESTest,87,0,True
525,NPEX,Log4j_2-6a233016,0,9fa6c3942cee4db382d9650d703b1712,org.apache.logging.log4j.core.async.RingBufferLogEvent,org.apache.logging.log4j.core.async.RingBufferLogEvent_ESTest,90,0,True
526,NPEX,Log4j_2-6a233016,0,d35d29a811ff462ca0720b317cbb8439,org.apache.logging.log4j.core.async.RingBufferLogEvent,org.apache.logging.log4j.core.async.RingBufferLogEvent_ESTest,89,0,True
527,NPEX,Log4j_2-6a233016,0,d4d0b7ba492b4ed3bb6e6f578ca86a95,org.apache.logging.log4j.core.async.RingBufferLogEvent,org.apache.logging.log4j.core.async.RingBufferLogEvent_ESTest,85,0,True
528,NPEX,Log4j_2-6a233016,0,36e05970db77447fa78a55f60a9e9221,org.apache.logging.log4j.core.async.RingBufferLogEvent,org.apache.logging.log4j.core.async.RingBufferLogEvent_ESTest,86,0,True
529,NPEX,Ninja-16aa9c14,0,20ae137545a6451593bd745eb73ab899,ninja.Route,ninja.Route_ESTest,26,0,True
530,NPEX,Ninja-16aa9c14,0,871d1a78a47f4277a68003b96731f4f8,ninja.Route,ninja.Route_ESTest,24,0,True
531,NPEX,Ninja-16aa9c14,0,a036ef5ad655468d9fb83438bccb5c22,ninja.Route,ninja.Route_ESTest,24,0,True
532,NPEX,Ninja-16aa9c14,0,37da60c310854315bbcde1c7c22a0846,ninja.Route,ninja.Route_ESTest,25,0,True
533,NPEX,Ninja-16aa9c14,0,4009f2b3cf514f2c8e2a98812c61566e,ninja.Route,ninja.Route_ESTest,25,0,True
534,NPEX,Ninja-16aa9c14,0,161bc156c4fe435d93d59db23c26b615,ninja.Route,ninja.Route_ESTest,25,0,True
535,NPEX,Ninja-16aa9c14,0,12a5ae0424f74be89ec99ce66d477edd,ninja.Route,ninja.Route_ESTest,25,0,True
536,NPEX,Ninja-16aa9c14,0,516eed56c2534558a9ef706547dd6c50,ninja.Route,ninja.Route_ESTest,24,0,True
537,NPEX,Ninja-16aa9c14,0,49a4e8b9a35244179ca33980baf70323,ninja.Route,ninja.Route_ESTest,24,0,True
538,NPEX,Ninja-16aa9c14,0,702529a65ed4451f829879d2cdceb07b,ninja.Route,ninja.Route_ESTest,25,0,True
539,NPEX,Ninja-16aa9c14,0,91d4126efafd440885d0c028ec454b95,ninja.Route,ninja.Route_ESTest,24,0,True
540,NPEX,Ninja-16aa9c14,0,333a84b7d67244539d176437f4c310e2,ninja.Route,ninja.Route_ESTest,23,0,True
541,NPEX,Ninja-16aa9c14,0,086acc4da78742c8825f3d49694fa385,ninja.Route,ninja.Route_ESTest,23,0,True
542,NPEX,Ninja-16aa9c14,0,9e4c344686c0427aaee2cf9447b9b3bc,ninja.Route,ninja.Route_ESTest,26,0,True
543,NPEX,Ninja-16aa9c14,0,19587542606648d29fab89e18dd5261d,ninja.Route,ninja.Route_ESTest,26,0,False
544,NPEX,Aries_JPA-97cb979d,0,3f64131df6bc40ab82813f60f720fe69,org.apache.aries.jpa.blueprint.impl.AnnotationScanner,org.apache.aries.jpa.blueprint.impl.AnnotationScanner_ESTest,4,0,False
545,NPEX,Aries_JPA-97cb979d,0,efd88acfd80749f48ae37a163ad48267,org.apache.aries.jpa.blueprint.impl.AnnotationScanner,org.apache.aries.jpa.blueprint.impl.AnnotationScanner_ESTest,4,0,False
546,NPEX,Aries_JPA-97cb979d,0,f157de9b2cab40daae3b3515784fc625,org.apache.aries.jpa.blueprint.impl.AnnotationScanner,org.apache.aries.jpa.blueprint.impl.AnnotationScanner_ESTest,4,0,False
547,NPEX,Aries_JPA-97cb979d,0,fd83a12dfa624143aa7a576ff2f1c55c,org.apache.aries.jpa.blueprint.impl.AnnotationScanner,org.apache.aries.jpa.blueprint.impl.AnnotationScanner_ESTest,4,0,False
548,NPEX,Aries_JPA-97cb979d,0,18617a5f54e2479993a2b48d36996643,org.apache.aries.jpa.blueprint.impl.AnnotationScanner,org.apache.aries.jpa.blueprint.impl.AnnotationScanner_ESTest,4,0,False
549,NPEX,Aries_JPA-97cb979d,0,9f369eea88e449b9b992867f4c2e42ee,org.apache.aries.jpa.blueprint.impl.AnnotationScanner,org.apache.aries.jpa.blueprint.impl.AnnotationScanner_ESTest,4,0,False
550,NPEX,Aries_JPA-97cb979d,0,b30cdb58a5884b369c9792e6f1a093bc,org.apache.aries.jpa.blueprint.impl.AnnotationScanner,org.apache.aries.jpa.blueprint.impl.AnnotationScanner_ESTest,4,0,False
551,NPEX,Aries_JPA-97cb979d,0,b88bfe3bc38241cb8beaa2124dffd55d,org.apache.aries.jpa.blueprint.impl.AnnotationScanner,org.apache.aries.jpa.blueprint.impl.AnnotationScanner_ESTest,4,0,False
552,NPEX,Aries_JPA-97cb979d,0,23ca9a11207741888fa718a4eb1b0856,org.apache.aries.jpa.blueprint.impl.AnnotationScanner,org.apache.aries.jpa.blueprint.impl.AnnotationScanner_ESTest,4,0,False
553,NPEX,Aries_JPA-97cb979d,0,2a0a881c140c43ba853bc6d30a139dca,org.apache.aries.jpa.blueprint.impl.AnnotationScanner,org.apache.aries.jpa.blueprint.impl.AnnotationScanner_ESTest,4,0,False
554,NPEX,Aries_JPA-97cb979d,0,6172b0e83ed64115bc7193b1b8a3c067,org.apache.aries.jpa.blueprint.impl.AnnotationScanner,org.apache.aries.jpa.blueprint.impl.AnnotationScanner_ESTest,4,0,False
555,NPEX,Aries_JPA-97cb979d,0,a18f5b982c9742769307abbfb0b8cd27,org.apache.aries.jpa.blueprint.impl.AnnotationScanner,org.apache.aries.jpa.blueprint.impl.AnnotationScanner_ESTest,4,0,False
556,NPEX,Aries_JPA-97cb979d,0,3233dac104ec45069db6a48b3e4f72b2,org.apache.aries.jpa.blueprint.impl.AnnotationScanner,org.apache.aries.jpa.blueprint.impl.AnnotationScanner_ESTest,4,0,False
557,NPEX,Aries_JPA-97cb979d,0,7c8d6c9248944ffe8d657e4edbc13209,org.apache.aries.jpa.blueprint.impl.AnnotationScanner,org.apache.aries.jpa.blueprint.impl.AnnotationScanner_ESTest,4,0,False
558,NPEX,Aries_JPA-97cb979d,0,e423a6dc570442de9dff39a921e272d3,org.apache.aries.jpa.blueprint.impl.AnnotationScanner,org.apache.aries.jpa.blueprint.impl.AnnotationScanner_ESTest,4,0,False
559,NPEX,Activiti-c45d6c3c,0,23ad431ebc184c299785336eb76ec77c,org.activiti.engine.impl.variable.JPAEntityMappings,org.activiti.engine.impl.variable.JPAEntityMappings_ESTest,27,0,False
560,NPEX,Activiti-c45d6c3c,0,7f22f853dc6040d9b89b3e96914f3f7a,org.activiti.engine.impl.variable.JPAEntityMappings,org.activiti.engine.impl.variable.JPAEntityMappings_ESTest,31,0,False
561,NPEX,Activiti-c45d6c3c,0,58a90f4df4b24b318160d05fd915afca,org.activiti.engine.impl.variable.JPAEntityMappings,org.activiti.engine.impl.variable.JPAEntityMappings_ESTest,30,0,False
562,NPEX,Activiti-c45d6c3c,0,dec8e075bf7742b29dab14bf944219ea,org.activiti.engine.impl.variable.JPAEntityMappings,org.activiti.engine.impl.variable.JPAEntityMappings_ESTest,27,0,False
563,NPEX,Activiti-c45d6c3c,0,3411cb346d2b448fb799cac7f489b87a,org.activiti.engine.impl.variable.JPAEntityMappings,org.activiti.engine.impl.variable.JPAEntityMappings_ESTest,31,0,False
564,NPEX,Activiti-c45d6c3c,0,9c6e85cc0147472f9a81882621ef3ce0,org.activiti.engine.impl.variable.JPAEntityMappings,org.activiti.engine.impl.variable.JPAEntityMappings_ESTest,28,0,False
565,NPEX,Activiti-c45d6c3c,0,2d3e6d418acb4afd9e0c2247c9cd5a0e,org.activiti.engine.impl.variable.JPAEntityMappings,org.activiti.engine.impl.variable.JPAEntityMappings_ESTest,28,0,False
566,NPEX,Activiti-c45d6c3c,0,1a4d1330a39942df88f9d9b8fd56ff24,org.activiti.engine.impl.variable.JPAEntityMappings,org.activiti.engine.impl.variable.JPAEntityMappings_ESTest,26,0,False
567,NPEX,Activiti-c45d6c3c,0,fd9e998de27746678890f8d4b5733850,org.activiti.engine.impl.variable.JPAEntityMappings,org.activiti.engine.impl.variable.JPAEntityMappings_ESTest,27,0,False
568,NPEX,Activiti-c45d6c3c,0,19a9e0d272d6410ca656177134aa0372,org.activiti.engine.impl.variable.JPAEntityMappings,org.activiti.engine.impl.variable.JPAEntityMappings_ESTest,26,0,False
569,NPEX,Activiti-c45d6c3c,0,739a007254c040838766a58c0566b3cb,org.activiti.engine.impl.variable.JPAEntityMappings,org.activiti.engine.impl.variable.JPAEntityMappings_ESTest,27,0,False
570,NPEX,Activiti-c45d6c3c,0,cbf4148064da4550aea21a3b86c72799,org.activiti.engine.impl.variable.JPAEntityMappings,org.activiti.engine.impl.variable.JPAEntityMappings_ESTest,27,0,False
571,NPEX,Activiti-c45d6c3c,0,6f613b14e13a4fd9b44f976a9ae6c523,org.activiti.engine.impl.variable.JPAEntityMappings,org.activiti.engine.impl.variable.JPAEntityMappings_ESTest,27,0,False
572,NPEX,Activiti-c45d6c3c,0,76a65267cacd4734861f538e8bebb3e0,org.activiti.engine.impl.variable.JPAEntityMappings,org.activiti.engine.impl.variable.JPAEntityMappings_ESTest,29,0,False
573,NPEX,Activiti-c45d6c3c,0,6de00e07dc554369b334117715cad4ca,org.activiti.engine.impl.variable.JPAEntityMappings,org.activiti.engine.impl.variable.JPAEntityMappings_ESTest,29,0,False
574,NPEX,Nutz-87a4b212,0,09a2050dab7a40e1ba173f53d44547c4,org.nutz.lang.Mirror,org.nutz.lang.Mirror_ESTest,460,0,True
575,NPEX,Nutz-87a4b212,0,4dba6cefb59f4c47b4bda66b080c5d18,org.nutz.lang.Mirror,org.nutz.lang.Mirror_ESTest,326,0,True
576,NPEX,Nutz-87a4b212,0,1a79758ed9a941e0b810b21b4b006688,org.nutz.lang.Mirror,org.nutz.lang.Mirror_ESTest,260,0,True
577,NPEX,Nutz-87a4b212,0,2a40ededf054442da79dc93b17a6e738,org.nutz.lang.Mirror,org.nutz.lang.Mirror_ESTest,274,0,False
578,NPEX,OpenPDF-a89dfdf5,0,48d40ba4672f43089d8b0d5a3002ada2,com.lowagie.text.pdf.StandardDecryption,com.lowagie.text.pdf.StandardDecryption_ESTest,16,0,True
579,NPEX,OpenPDF-a89dfdf5,0,2ff7c003264e4e58a81a2b9ee7b96612,com.lowagie.text.pdf.StandardDecryption,com.lowagie.text.pdf.StandardDecryption_ESTest,16,0,True
580,NPEX,ActiveMQ_Artemis-586abba9,0,83040113299a4202860f1e43aa0885b2,org.apache.activemq.artemis.selector.filter.UnaryExpression,org.apache.activemq.artemis.selector.filter.UnaryExpression_ESTest,33,0,False
581,NPEX,ActiveMQ_Artemis-586abba9,0,8188a95ad0ad43a999c23b43fd54f328,org.apache.activemq.artemis.selector.filter.UnaryExpression,org.apache.activemq.artemis.selector.filter.UnaryExpression_ESTest,32,0,False
582,NPEX,ActiveMQ_Artemis-586abba9,0,f62974fc26394d7680e9ab2d75d06907,org.apache.activemq.artemis.selector.filter.UnaryExpression,org.apache.activemq.artemis.selector.filter.UnaryExpression_ESTest,33,0,False
583,NPEX,ActiveMQ_Artemis-586abba9,0,1320a4b9c5c647538ae9278f167e1a68,org.apache.activemq.artemis.selector.filter.UnaryExpression,org.apache.activemq.artemis.selector.filter.UnaryExpression_ESTest,32,0,False
584,NPEX,ActiveMQ_Artemis-586abba9,0,20fa0a57dd184684a5782f112f84f844,org.apache.activemq.artemis.selector.filter.UnaryExpression,org.apache.activemq.artemis.selector.filter.UnaryExpression_ESTest,31,0,False
585,NPEX,ActiveMQ_Artemis-586abba9,0,30e667aa31764225be2069aec213ded3,org.apache.activemq.artemis.selector.filter.UnaryExpression,org.apache.activemq.artemis.selector.filter.UnaryExpression_ESTest,31,0,False
586,NPEX,ActiveMQ_Artemis-586abba9,0,9e24d0bbd0254ab3a8d3faeb6925198d,org.apache.activemq.artemis.selector.filter.UnaryExpression,org.apache.activemq.artemis.selector.filter.UnaryExpression_ESTest,32,0,False
587,NPEX,ActiveMQ_Artemis-586abba9,0,c25fd6a73fe04692b17c0db8635a0283,org.apache.activemq.artemis.selector.filter.UnaryExpression,org.apache.activemq.artemis.selector.filter.UnaryExpression_ESTest,34,0,False
588,NPEX,ActiveMQ_Artemis-586abba9,0,ef770b6cab54450ea0ed9f44c6482d8b,org.apache.activemq.artemis.selector.filter.UnaryExpression,org.apache.activemq.artemis.selector.filter.UnaryExpression_ESTest,34,0,False
589,NPEX,ActiveMQ_Artemis-586abba9,0,b59c43faea8944879fc69567c4dad71b,org.apache.activemq.artemis.selector.filter.UnaryExpression,org.apache.activemq.artemis.selector.filter.UnaryExpression_ESTest,31,0,False
590,NPEX,ActiveMQ_Artemis-586abba9,0,c3421b170792423cbff1d8ae288b2b6e,org.apache.activemq.artemis.selector.filter.UnaryExpression,org.apache.activemq.artemis.selector.filter.UnaryExpression_ESTest,32,0,False
591,NPEX,ActiveMQ_Artemis-586abba9,0,e1b64ec70bc1465aa8d4f4ddf3dd2f4e,org.apache.activemq.artemis.selector.filter.UnaryExpression,org.apache.activemq.artemis.selector.filter.UnaryExpression_ESTest,31,0,False
592,NPEX,ActiveMQ_Artemis-586abba9,0,2114c064666345e482364ecec229090b,org.apache.activemq.artemis.selector.filter.UnaryExpression,org.apache.activemq.artemis.selector.filter.UnaryExpression_ESTest,33,0,False
593,NPEX,ActiveMQ_Artemis-586abba9,0,2c7a581a6da64d1c97b115066d14c59c,org.apache.activemq.artemis.selector.filter.UnaryExpression,org.apache.activemq.artemis.selector.filter.UnaryExpression_ESTest,31,0,False
594,NPEX,ActiveMQ_Artemis-586abba9,0,287fbd69182c4debabf10785db03cc71,org.apache.activemq.artemis.selector.filter.UnaryExpression,org.apache.activemq.artemis.selector.filter.UnaryExpression_ESTest,31,0,False
595,NPEX,ShardingSphere-82b1b9d5,0,b36892e0b75e4c1185ab791c1e9ce4ed,org.apache.shardingsphere.infra.executor.sql.context.ExecutionContextBuilder,org.apache.shardingsphere.infra.executor.sql.context.ExecutionContextBuilder_ESTest,0,0,False
596,NPEX,ShardingSphere-82b1b9d5,0,ed1efad7b0a742588341a421493424b0,org.apache.shardingsphere.infra.executor.sql.context.ExecutionContextBuilder,org.apache.shardingsphere.infra.executor.sql.context.ExecutionContextBuilder_ESTest,0,0,False
597,NPEX,ShardingSphere-82b1b9d5,0,0e9dcd457f114a85bf7e1755c96a6a59,org.apache.shardingsphere.infra.executor.sql.context.ExecutionContextBuilder,org.apache.shardingsphere.infra.executor.sql.context.ExecutionContextBuilder_ESTest,0,0,False
598,NPEX,ShardingSphere-82b1b9d5,0,5d7c77c311c441d3aaa6bd99d2282523,org.apache.shardingsphere.infra.executor.sql.context.ExecutionContextBuilder,org.apache.shardingsphere.infra.executor.sql.context.ExecutionContextBuilder_ESTest,0,0,False
599,NPEX,ShardingSphere-82b1b9d5,0,9478e15b877b4f0b8df2916482254824,org.apache.shardingsphere.infra.executor.sql.context.ExecutionContextBuilder,org.apache.shardingsphere.infra.executor.sql.context.ExecutionContextBuilder_ESTest,0,0,False
600,NPEX,ShardingSphere-82b1b9d5,0,fca3d84d7683423cb6426220e513d0b2,org.apache.shardingsphere.infra.executor.sql.context.ExecutionContextBuilder,org.apache.shardingsphere.infra.executor.sql.context.ExecutionContextBuilder_ESTest,0,0,False
601,NPEX,ShardingSphere-82b1b9d5,0,4e3ae04229d84092a04b643ae00885e4,org.apache.shardingsphere.infra.executor.sql.context.ExecutionContextBuilder,org.apache.shardingsphere.infra.executor.sql.context.ExecutionContextBuilder_ESTest,0,0,False
602,NPEX,ShardingSphere-82b1b9d5,0,29250222d8874107b59a99f09bd58d7b,org.apache.shardingsphere.infra.executor.sql.context.ExecutionContextBuilder,org.apache.shardingsphere.infra.executor.sql.context.ExecutionContextBuilder_ESTest,0,0,False
603,NPEX,ShardingSphere-82b1b9d5,0,d0404ed3e15047bbb58ab846e0df2ddc,org.apache.shardingsphere.infra.executor.sql.context.ExecutionContextBuilder,org.apache.shardingsphere.infra.executor.sql.context.ExecutionContextBuilder_ESTest,0,0,False
604,NPEX,ShardingSphere-82b1b9d5,0,a6511088058249bd9c64765d5e2881e2,org.apache.shardingsphere.infra.executor.sql.context.ExecutionContextBuilder,org.apache.shardingsphere.infra.executor.sql.context.ExecutionContextBuilder_ESTest,0,0,False
605,NPEX,ShardingSphere-82b1b9d5,0,12e94c2cb308472f93ab34620f3c8446,org.apache.shardingsphere.infra.executor.sql.context.ExecutionContextBuilder,org.apache.shardingsphere.infra.executor.sql.context.ExecutionContextBuilder_ESTest,0,0,False
606,NPEX,ShardingSphere-82b1b9d5,0,ffbab5c311e84753a314fecb2ce1ccbe,org.apache.shardingsphere.infra.executor.sql.context.ExecutionContextBuilder,org.apache.shardingsphere.infra.executor.sql.context.ExecutionContextBuilder_ESTest,0,0,False
607,NPEX,ShardingSphere-82b1b9d5,0,5a8feaf87df145a195389afa5dcbe4e6,org.apache.shardingsphere.infra.executor.sql.context.ExecutionContextBuilder,org.apache.shardingsphere.infra.executor.sql.context.ExecutionContextBuilder_ESTest,0,0,False
608,NPEX,ShardingSphere-82b1b9d5,0,ac18f5e40ee94198943247f7de3f473e,org.apache.shardingsphere.infra.executor.sql.context.ExecutionContextBuilder,org.apache.shardingsphere.infra.executor.sql.context.ExecutionContextBuilder_ESTest,0,0,False
609,NPEX,CXF-7cfc8d07,0,2448faa91670458bbb4989935e10b9d3,org.apache.cxf.rs.security.jose.jws.JwsUtils,org.apache.cxf.rs.security.jose.jws.JwsUtils_ESTest,97,0,False
610,NPEX,CXF-7cfc8d07,0,714a6c9508684db3aac38bdf44ca9b48,org.apache.cxf.rs.security.jose.jws.JwsUtils,org.apache.cxf.rs.security.jose.jws.JwsUtils_ESTest,78,0,False
611,NPEX,CXF-7cfc8d07,0,5be8795576384115aa0f2fa7e48f5346,org.apache.cxf.rs.security.jose.jws.JwsUtils,org.apache.cxf.rs.security.jose.jws.JwsUtils_ESTest,139,0,False
612,NPEX,CXF-7cfc8d07,0,7e8d5c2ddbe74898adce96dcd42d9735,org.apache.cxf.rs.security.jose.jws.JwsUtils,org.apache.cxf.rs.security.jose.jws.JwsUtils_ESTest,98,0,False
613,NPEX,CXF-7cfc8d07,0,6ad50a4e31a34a1abc3122d0f8b909bc,org.apache.cxf.rs.security.jose.jws.JwsUtils,org.apache.cxf.rs.security.jose.jws.JwsUtils_ESTest,72,0,False
614,NPEX,CXF-7cfc8d07,0,5ab46acd9abf4b029dc40c19f5d6f1ff,org.apache.cxf.rs.security.jose.jws.JwsUtils,org.apache.cxf.rs.security.jose.jws.JwsUtils_ESTest,79,0,False
615,NPEX,CXF-7cfc8d07,0,51778978f3734e0b8560db3ab2d169b2,org.apache.cxf.rs.security.jose.jws.JwsUtils,org.apache.cxf.rs.security.jose.jws.JwsUtils_ESTest,82,0,False
616,NPEX,CXF-7cfc8d07,0,49197c3c0c294cc5862ed2b0909b812d,org.apache.cxf.rs.security.jose.jws.JwsUtils,org.apache.cxf.rs.security.jose.jws.JwsUtils_ESTest,95,0,False
617,NPEX,CXF-7cfc8d07,0,3d25ce94f7654b5f9c2898cce9a3cc1f,org.apache.cxf.rs.security.jose.jws.JwsUtils,org.apache.cxf.rs.security.jose.jws.JwsUtils_ESTest,96,0,False
618,NPEX,CXF-7cfc8d07,0,87b94d9b2e744ff09d71de38185b36bd,org.apache.cxf.rs.security.jose.jws.JwsUtils,org.apache.cxf.rs.security.jose.jws.JwsUtils_ESTest,92,0,False
619,NPEX,CXF-7cfc8d07,0,cbf00bda1019435986816fa25d500007,org.apache.cxf.rs.security.jose.jws.JwsUtils,org.apache.cxf.rs.security.jose.jws.JwsUtils_ESTest,90,0,False
620,NPEX,CXF-7cfc8d07,0,051e2719f023423d949ca9386454964e,org.apache.cxf.rs.security.jose.jws.JwsUtils,org.apache.cxf.rs.security.jose.jws.JwsUtils_ESTest,86,0,False
621,NPEX,CXF-7cfc8d07,0,64c51dc875cb42a69b53ac0304982604,org.apache.cxf.rs.security.jose.jws.JwsUtils,org.apache.cxf.rs.security.jose.jws.JwsUtils_ESTest,130,0,False
622,NPEX,Fastjson-650a300f,0,808fb15d80284da9b2c78b681e4e511a,com.alibaba.fastjson.parser.deserializer.DefaultFieldDeserializer,com.alibaba.fastjson.parser.deserializer.DefaultFieldDeserializer_ESTest,18,0,True
623,NPEX,Fastjson-650a300f,0,5d1b184eb8de43f8befe609e98698d0f,com.alibaba.fastjson.parser.deserializer.DefaultFieldDeserializer,com.alibaba.fastjson.parser.deserializer.DefaultFieldDeserializer_ESTest,14,0,False
624,NPEX,Fastjson-650a300f,0,994cce1e885744ca9bafed5db7087b25,com.alibaba.fastjson.parser.deserializer.DefaultFieldDeserializer,com.alibaba.fastjson.parser.deserializer.DefaultFieldDeserializer_ESTest,14,0,False
625,NPEX,Fastjson-650a300f,0,ac274d1e67c649858e1b1081a20fd1a3,com.alibaba.fastjson.parser.deserializer.DefaultFieldDeserializer,com.alibaba.fastjson.parser.deserializer.DefaultFieldDeserializer_ESTest,13,0,False
626,NPEX,Fastjson-650a300f,0,0b7f33692ebc49ce863137706eb78d92,com.alibaba.fastjson.parser.deserializer.DefaultFieldDeserializer,com.alibaba.fastjson.parser.deserializer.DefaultFieldDeserializer_ESTest,18,0,False
627,NPEX,Fastjson-650a300f,0,540119860afe4d5e95ae57630c808727,com.alibaba.fastjson.parser.deserializer.DefaultFieldDeserializer,com.alibaba.fastjson.parser.deserializer.DefaultFieldDeserializer_ESTest,17,0,False
628,NPEX,Fastjson-650a300f,0,a31d3ff0e9784969b6f145e67b054573,com.alibaba.fastjson.parser.deserializer.DefaultFieldDeserializer,com.alibaba.fastjson.parser.deserializer.DefaultFieldDeserializer_ESTest,14,0,True
629,NPEX,Fastjson-650a300f,0,0eb0409b73ce48feb10a96e643c7afd1,com.alibaba.fastjson.parser.deserializer.DefaultFieldDeserializer,com.alibaba.fastjson.parser.deserializer.DefaultFieldDeserializer_ESTest,19,0,False
630,NPEX,Fastjson-650a300f,0,744665aba96747c2b4d3efc9b7892c3a,com.alibaba.fastjson.parser.deserializer.DefaultFieldDeserializer,com.alibaba.fastjson.parser.deserializer.DefaultFieldDeserializer_ESTest,17,0,True
631,NPEX,Fastjson-650a300f,0,a87bf47f574144e181bb33386eab46f5,com.alibaba.fastjson.parser.deserializer.DefaultFieldDeserializer,com.alibaba.fastjson.parser.deserializer.DefaultFieldDeserializer_ESTest,16,0,False
632,NPEX,Fastjson-650a300f,0,58153cef31844998ab9e948e8eec183d,com.alibaba.fastjson.parser.deserializer.DefaultFieldDeserializer,com.alibaba.fastjson.parser.deserializer.DefaultFieldDeserializer_ESTest,16,0,False
633,NPEX,FOP-10e0d1c2,0,05ac58266029402ab1bdc2d158ff2a28,org.apache.fop.fonts.SingleByteFont,org.apache.fop.fonts.SingleByteFont_ESTest,88,0,True
634,NPEX,FOP-10e0d1c2,0,65a4822daced4b998a6ec68a1994bed2,org.apache.fop.fonts.SingleByteFont,org.apache.fop.fonts.SingleByteFont_ESTest,82,0,True
635,NPEX,FOP-10e0d1c2,0,07b47ba2d5ef4a52b5f4403e9ce89a13,org.apache.fop.fonts.SingleByteFont,org.apache.fop.fonts.SingleByteFont_ESTest,84,0,True
636,NPEX,FOP-10e0d1c2,0,c002a9cfcfdf4a58971d23c202fb77f3,org.apache.fop.fonts.SingleByteFont,org.apache.fop.fonts.SingleByteFont_ESTest,84,0,True
637,NPEX,FOP-10e0d1c2,0,060f918c45c04071afbd0ae356b00cc9,org.apache.fop.fonts.SingleByteFont,org.apache.fop.fonts.SingleByteFont_ESTest,83,0,True
638,NPEX,FOP-10e0d1c2,0,e4293bb8287d44deb245723d9088fa20,org.apache.fop.fonts.SingleByteFont,org.apache.fop.fonts.SingleByteFont_ESTest,80,0,False
639,NPEX,FOP-10e0d1c2,0,129dad455e7043c5bfd45bbb81cd6de9,org.apache.fop.fonts.SingleByteFont,org.apache.fop.fonts.SingleByteFont_ESTest,83,0,True
640,NPEX,FOP-10e0d1c2,0,b631b0e7147f42bc8cf55a42cd9228dc,org.apache.fop.fonts.SingleByteFont,org.apache.fop.fonts.SingleByteFont_ESTest,87,0,True
641,NPEX,FOP-10e0d1c2,0,b576f70965f14bc292df1a4616e4253e,org.apache.fop.fonts.SingleByteFont,org.apache.fop.fonts.SingleByteFont_ESTest,90,0,False
642,NPEX,FOP-10e0d1c2,0,2037b21c172f42429e394b434822295f,org.apache.fop.fonts.SingleByteFont,org.apache.fop.fonts.SingleByteFont_ESTest,91,0,False
643,NPEX,FOP-10e0d1c2,0,86ce0ec07f094048a349e50db380c63e,org.apache.fop.fonts.SingleByteFont,org.apache.fop.fonts.SingleByteFont_ESTest,81,0,True
644,NPEX,FOP-10e0d1c2,0,2ab7acbd4a574038b3247c0385abf77a,org.apache.fop.fonts.SingleByteFont,org.apache.fop.fonts.SingleByteFont_ESTest,80,0,True
645,NPEX,FOP-10e0d1c2,0,ec876e0fe5f842b2a4d6426fc352f6d4,org.apache.fop.fonts.SingleByteFont,org.apache.fop.fonts.SingleByteFont_ESTest,84,0,True
646,NPEX,Log4j_2-85661de7,0,30445b36e8534b288bad39293741031c,org.apache.logging.log4j.spi.AbstractLogger,org.apache.logging.log4j.spi.AbstractLogger_ESTest,387,0,False
647,NPEX,Log4j_2-85661de7,0,3db947f0df0c45f5ac1c7e940608e87f,org.apache.logging.log4j.spi.AbstractLogger,org.apache.logging.log4j.spi.AbstractLogger_ESTest,437,0,False
648,NPEX,Log4j_2-85661de7,0,2568bb4b8fd047f093bdef6b5c5d3bc9,org.apache.logging.log4j.spi.AbstractLogger,org.apache.logging.log4j.spi.AbstractLogger_ESTest,425,0,False
649,NPEX,Log4j_2-85661de7,0,34354e82f55c4f18976ae4a6b43b3c34,org.apache.logging.log4j.spi.AbstractLogger,org.apache.logging.log4j.spi.AbstractLogger_ESTest,430,0,False
650,NPEX,Log4j_2-85661de7,0,5710a14d0df5438d8f29efc86e978289,org.apache.logging.log4j.spi.AbstractLogger,org.apache.logging.log4j.spi.AbstractLogger_ESTest,362,0,False
651,NPEX,Log4j_2-85661de7,0,060edcdc0c4b41afab7945fa6ebe7e3b,org.apache.logging.log4j.spi.AbstractLogger,org.apache.logging.log4j.spi.AbstractLogger_ESTest,412,0,False
652,NPEX,Log4j_2-85661de7,0,794b388969664594b411edbe6492cdfa,org.apache.logging.log4j.spi.AbstractLogger,org.apache.logging.log4j.spi.AbstractLogger_ESTest,345,0,False
653,NPEX,Log4j_2-85661de7,0,2b25491d7b364c399b4c35ed89451121,org.apache.logging.log4j.spi.AbstractLogger,org.apache.logging.log4j.spi.AbstractLogger_ESTest,352,0,False
654,NPEX,Log4j_2-85661de7,0,4ece475507eb4507a7ee261a89720e93,org.apache.logging.log4j.spi.AbstractLogger,org.apache.logging.log4j.spi.AbstractLogger_ESTest,452,0,False
655,NPEX,Log4j_2-85661de7,0,41556cd0e13840d3b8bc7f82a99872fe,org.apache.logging.log4j.spi.AbstractLogger,org.apache.logging.log4j.spi.AbstractLogger_ESTest,447,0,False
656,NPEX,Log4j_2-85661de7,0,8336bf8a785c4e1abd2d7898b720cbfb,org.apache.logging.log4j.spi.AbstractLogger,org.apache.logging.log4j.spi.AbstractLogger_ESTest,441,0,False
657,NPEX,Log4j_2-85661de7,0,db82c47a44804c9cab86ae257e7f6b9b,org.apache.logging.log4j.spi.AbstractLogger,org.apache.logging.log4j.spi.AbstractLogger_ESTest,421,0,False
658,NPEX,Log4j_2-85661de7,0,ded46eaf2ad14feab972566f10f5083b,org.apache.logging.log4j.spi.AbstractLogger,org.apache.logging.log4j.spi.AbstractLogger_ESTest,436,0,False
659,NPEX,Log4j_2-85661de7,0,d3bcbeca3853499cb44d80027853e1ac,org.apache.logging.log4j.spi.AbstractLogger,org.apache.logging.log4j.spi.AbstractLogger_ESTest,452,0,False
660,NPEX,Log4j_2-85661de7,0,8a01dfbb7fbf4f1f8d25d747ae05c632,org.apache.logging.log4j.spi.AbstractLogger,org.apache.logging.log4j.spi.AbstractLogger_ESTest,359,0,False
661,NPEX,HttpComponents_Client-1026a1e5,0,174a78903b7e4ff7bf5aad073b249ad6,org.apache.hc.client5.http.impl.classic.MinimalHttpClient,org.apache.hc.client5.http.impl.classic.MinimalHttpClient_ESTest,1,0,False
662,NPEX,HttpComponents_Client-1026a1e5,0,280b2f358f1146ceb27dbebfc5a23712,org.apache.hc.client5.http.impl.classic.MinimalHttpClient,org.apache.hc.client5.http.impl.classic.MinimalHttpClient_ESTest,1,0,False
663,NPEX,HttpComponents_Client-1026a1e5,0,b4dd1e4445c84cb9b03257324f4576c3,org.apache.hc.client5.http.impl.classic.MinimalHttpClient,org.apache.hc.client5.http.impl.classic.MinimalHttpClient_ESTest,1,0,False
664,NPEX,HttpComponents_Client-1026a1e5,0,06aef00d25fe4bfe9ea74b17c3a5c5a7,org.apache.hc.client5.http.impl.classic.MinimalHttpClient,org.apache.hc.client5.http.impl.classic.MinimalHttpClient_ESTest,1,0,False
665,NPEX,HttpComponents_Client-1026a1e5,0,34ee18185a6c4c4fa057c3f3ea71afca,org.apache.hc.client5.http.impl.classic.MinimalHttpClient,org.apache.hc.client5.http.impl.classic.MinimalHttpClient_ESTest,1,0,False
666,NPEX,HttpComponents_Client-1026a1e5,0,913918beb7d342f4971334cfdfd77596,org.apache.hc.client5.http.impl.classic.MinimalHttpClient,org.apache.hc.client5.http.impl.classic.MinimalHttpClient_ESTest,1,0,False
667,NPEX,HttpComponents_Client-1026a1e5,0,030c5ef5ad034b689e037f7dc4e50dcf,org.apache.hc.client5.http.impl.classic.MinimalHttpClient,org.apache.hc.client5.http.impl.classic.MinimalHttpClient_ESTest,1,0,False
668,NPEX,HttpComponents_Client-1026a1e5,0,960edde331634145b2271ed26f9c6b5e,org.apache.hc.client5.http.impl.classic.MinimalHttpClient,org.apache.hc.client5.http.impl.classic.MinimalHttpClient_ESTest,1,0,False
669,NPEX,HttpComponents_Client-1026a1e5,0,e4d6ae8d29c54dad90faefb409ac6884,org.apache.hc.client5.http.impl.classic.MinimalHttpClient,org.apache.hc.client5.http.impl.classic.MinimalHttpClient_ESTest,1,0,False
670,NPEX,HttpComponents_Client-1026a1e5,0,92137c947e654e5fba5346b587110095,org.apache.hc.client5.http.impl.classic.MinimalHttpClient,org.apache.hc.client5.http.impl.classic.MinimalHttpClient_ESTest,1,0,False
671,NPEX,HttpComponents_Client-1026a1e5,0,dc46825cf4b24452ad6d23ab643bc302,org.apache.hc.client5.http.impl.classic.MinimalHttpClient,org.apache.hc.client5.http.impl.classic.MinimalHttpClient_ESTest,1,0,False
672,NPEX,HttpComponents_Client-1026a1e5,0,e6a7a2936d6145d9bf837fdd2ccae313,org.apache.hc.client5.http.impl.classic.MinimalHttpClient,org.apache.hc.client5.http.impl.classic.MinimalHttpClient_ESTest,1,0,False
673,NPEX,HttpComponents_Client-1026a1e5,0,64af82cf7e74457f8342a1e4f55e483c,org.apache.hc.client5.http.impl.classic.MinimalHttpClient,org.apache.hc.client5.http.impl.classic.MinimalHttpClient_ESTest,1,0,False
674,NPEX,HttpComponents_Client-1026a1e5,0,328d65988dff463cb104357295003c65,org.apache.hc.client5.http.impl.classic.MinimalHttpClient,org.apache.hc.client5.http.impl.classic.MinimalHttpClient_ESTest,1,0,False
675,NPEX,HttpComponents_Client-1026a1e5,0,016a0a087edf477183c80d46a7bd8c2f,org.apache.hc.client5.http.impl.classic.MinimalHttpClient,org.apache.hc.client5.http.impl.classic.MinimalHttpClient_ESTest,1,0,False
676,NPEX,Commons_Configuration-a76a3a65,0,1dd9421e258f4abdb100630bdf2c22a7,org.apache.commons.configuration2.XMLConfiguration,org.apache.commons.configuration2.XMLConfiguration_ESTest,39,0,True
677,NPEX,Commons_Configuration-a76a3a65,0,a35bf2b76b0a4427ae00642c857129ec,org.apache.commons.configuration2.XMLConfiguration,org.apache.commons.configuration2.XMLConfiguration_ESTest,36,0,True
678,NPEX,Commons_Configuration-a76a3a65,0,7667e201df5b49329a09017b107c2271,org.apache.commons.configuration2.XMLConfiguration,org.apache.commons.configuration2.XMLConfiguration_ESTest,40,0,True
679,NPEX,Commons_Collections-796114ea,0,e853cc8aff694f778385149b251ca6d9,org.apache.commons.collections4.trie.AbstractPatriciaTrie,org.apache.commons.collections4.trie.AbstractPatriciaTrie_ESTest,138,0,False
680,NPEX,JSPWiki-d5bcff78,0,a6c1bf88094345cea44532895e3f7046,org.apache.wiki.util.HttpUtil,org.apache.wiki.util.HttpUtil_ESTest,24,0,False
681,NPEX,JSPWiki-d5bcff78,0,920c4c9773d04e06b7d4d7c0f289e7e1,org.apache.wiki.util.HttpUtil,org.apache.wiki.util.HttpUtil_ESTest,23,0,False
682,NPEX,JSPWiki-d5bcff78,0,041bc57aeeec4b70abb5a3117fd20443,org.apache.wiki.util.HttpUtil,org.apache.wiki.util.HttpUtil_ESTest,24,0,False
683,NPEX,JSPWiki-d5bcff78,0,62af9c2a8caa47deacc1feabb5b7d171,org.apache.wiki.util.HttpUtil,org.apache.wiki.util.HttpUtil_ESTest,24,0,False
684,NPEX,JSPWiki-d5bcff78,0,37f19c33ab8e420aae26806466b74509,org.apache.wiki.util.HttpUtil,org.apache.wiki.util.HttpUtil_ESTest,24,0,False
685,NPEX,JSPWiki-d5bcff78,0,6e2ead28f67845f380720ea56f6cb1f1,org.apache.wiki.util.HttpUtil,org.apache.wiki.util.HttpUtil_ESTest,25,0,False
686,NPEX,JSPWiki-d5bcff78,0,a6123a8acb5e4e2caa1c34e177352ee5,org.apache.wiki.util.HttpUtil,org.apache.wiki.util.HttpUtil_ESTest,23,0,False
687,NPEX,JSPWiki-d5bcff78,0,b3271a2abfad4d6294307f260f0d632a,org.apache.wiki.util.HttpUtil,org.apache.wiki.util.HttpUtil_ESTest,24,0,False
688,NPEX,JSPWiki-d5bcff78,0,d55c87cf8fde455096e4a20300ccd875,org.apache.wiki.util.HttpUtil,org.apache.wiki.util.HttpUtil_ESTest,24,0,False
689,NPEX,JSPWiki-d5bcff78,0,b47625d6ae144323855e3a9289e3bd59,org.apache.wiki.util.HttpUtil,org.apache.wiki.util.HttpUtil_ESTest,23,0,False
690,NPEX,JSPWiki-d5bcff78,0,9ca89e50f82e4d9f95bcdecf8392f230,org.apache.wiki.util.HttpUtil,org.apache.wiki.util.HttpUtil_ESTest,23,0,False
691,NPEX,JSPWiki-d5bcff78,0,9a81cbb97eef4ee094c54c497603d3d1,org.apache.wiki.util.HttpUtil,org.apache.wiki.util.HttpUtil_ESTest,23,0,False
692,NPEX,JSPWiki-d5bcff78,0,2ea73890425e42619cd470e61b508879,org.apache.wiki.util.HttpUtil,org.apache.wiki.util.HttpUtil_ESTest,24,0,False
693,NPEX,JSPWiki-d5bcff78,0,59fc3cfc42214fd090c3ca02cccc417f,org.apache.wiki.util.HttpUtil,org.apache.wiki.util.HttpUtil_ESTest,25,0,False
694,NPEX,JSPWiki-d5bcff78,0,292d413b22d54b8a944449e73cee4773,org.apache.wiki.util.HttpUtil,org.apache.wiki.util.HttpUtil_ESTest,23,0,False
695,NPEX,Picocli-06283710,0,02484ce414134075b4266a654faf2640,picocli.CommandLine,picocli.CommandLine_ESTest,129,0,False
696,NPEX,Picocli-06283710,0,c55fe3b8cae144ffb0702fef9cb0bbd6,picocli.CommandLine,picocli.CommandLine_ESTest,233,0,False
697,NPEX,Picocli-06283710,0,48f93e95e4654e518526986a5b76095c,picocli.CommandLine,picocli.CommandLine_ESTest,248,0,False
698,NPEX,Picocli-06283710,0,fddf6afa48364d6db83f008444cb02e7,picocli.CommandLine,picocli.CommandLine_ESTest,246,0,False
699,NPEX,Picocli-06283710,0,20990b0dbbf946588ebf73ce488d2ba3,picocli.CommandLine,picocli.CommandLine_ESTest,238,0,False
700,NPEX,Picocli-06283710,0,51c68ca1e6ce4713936087f864d2ff60,picocli.CommandLine,picocli.CommandLine_ESTest,146,0,False
701,NPEX,Picocli-06283710,0,f1079a512d84407b8707cb1ba7baef60,picocli.CommandLine,picocli.CommandLine_ESTest,247,0,False
702,NPEX,Picocli-06283710,0,fb9e74c206884ee18e7370334a3faefd,picocli.CommandLine,picocli.CommandLine_ESTest,138,0,False
703,NPEX,Picocli-06283710,0,5bfac0ec07da4c079ead7cd44893ea6c,picocli.CommandLine,picocli.CommandLine_ESTest,227,0,False
704,NPEX,Picocli-06283710,0,d64791fdc1794cf798d2a8e41865c3e9,picocli.CommandLine,picocli.CommandLine_ESTest,142,0,False
705,NPEX,Picocli-06283710,0,7f0f5ad06cb744e08b7c27280b4a5140,picocli.CommandLine,picocli.CommandLine_ESTest,132,0,False
706,NPEX,Picocli-06283710,0,35200b3f5da5402cb3c77d70fbad963f,picocli.CommandLine,picocli.CommandLine_ESTest,242,0,False
707,NPEX,Picocli-06283710,0,eba03793a1b54b11b8b19a560fbfabcf,picocli.CommandLine,picocli.CommandLine_ESTest,233,0,False
708,NPEX,Feign-9c5a52d6,0,8ba883f08ad8415eaa4bc8216d919383,feign.Response,feign.Response_ESTest,19,0,False
709,NPEX,Feign-9c5a52d6,0,fa35beae8db14af19a5f983c0a0e8456,feign.Response,feign.Response_ESTest,19,0,False
710,NPEX,Feign-9c5a52d6,0,e67d884bb6bb432bbeb0cdd72daf6f89,feign.Response,feign.Response_ESTest,19,0,False
711,NPEX,Feign-9c5a52d6,0,109e88b8d70646dd8c94e5eef1152afc,feign.Response,feign.Response_ESTest,19,0,False
712,NPEX,Feign-9c5a52d6,0,508af0e9a7c24aeda5de5cc77b40c315,feign.Response,feign.Response_ESTest,19,0,False
713,NPEX,Feign-9c5a52d6,0,57777e2e788d40eb967a825dff74eed4,feign.Response,feign.Response_ESTest,21,0,False
714,NPEX,Feign-9c5a52d6,0,46f97b5748864b1e898bab45cfa7cb62,feign.Response,feign.Response_ESTest,20,0,False
715,NPEX,Feign-9c5a52d6,0,6a6cd444f6804241ae54eb5b340766e2,feign.Response,feign.Response_ESTest,20,0,False
716,NPEX,Feign-9c5a52d6,0,81eb697933a64f75a192d79aed82adb8,feign.Response,feign.Response_ESTest,21,0,False
717,NPEX,Feign-9c5a52d6,0,d57678db07d6486f9848893aa6b69e34,feign.Response,feign.Response_ESTest,19,0,False
718,NPEX,Feign-9c5a52d6,0,7127b7903800455c92dd636b1c726657,feign.Response,feign.Response_ESTest,21,0,False
719,NPEX,CXF-209407e0,0,e5166388cba84b6f906a6bbe6f99019f,org.apache.cxf.jaxrs.utils.JAXRSUtils,org.apache.cxf.jaxrs.utils.JAXRSUtils_ESTest,190,0,True
720,NPEX,CXF-209407e0,0,e96794acc15044f49b242c7ee49efe59,org.apache.cxf.jaxrs.utils.JAXRSUtils,org.apache.cxf.jaxrs.utils.JAXRSUtils_ESTest,173,0,True
721,NPEX,CXF-209407e0,0,287cb9e225e0402d9ba712e1a5f8fa67,org.apache.cxf.jaxrs.utils.JAXRSUtils,org.apache.cxf.jaxrs.utils.JAXRSUtils_ESTest,273,0,True
722,NPEX,CXF-209407e0,0,08d14c60156942b4846e72cce4ce0bad,org.apache.cxf.jaxrs.utils.JAXRSUtils,org.apache.cxf.jaxrs.utils.JAXRSUtils_ESTest,287,0,True
723,NPEX,CXF-209407e0,0,3225a6dc8d3d4b06880646dff9e12930,org.apache.cxf.jaxrs.utils.JAXRSUtils,org.apache.cxf.jaxrs.utils.JAXRSUtils_ESTest,281,0,True
724,NPEX,CXF-209407e0,0,0d893b1dace84552976d4d3c473e7aec,org.apache.cxf.jaxrs.utils.JAXRSUtils,org.apache.cxf.jaxrs.utils.JAXRSUtils_ESTest,272,0,True
725,NPEX,CXF-209407e0,0,7356d765ab0b49c5981dd624fe4fa446,org.apache.cxf.jaxrs.utils.JAXRSUtils,org.apache.cxf.jaxrs.utils.JAXRSUtils_ESTest,290,0,True
726,NPEX,CXF-209407e0,0,1f98a801cebd41d39e1a9e9c0f3066a1,org.apache.cxf.jaxrs.utils.JAXRSUtils,org.apache.cxf.jaxrs.utils.JAXRSUtils_ESTest,190,0,True
727,NPEX,CXF-209407e0,0,9244d47c46484be3944741fd74789ea5,org.apache.cxf.jaxrs.utils.JAXRSUtils,org.apache.cxf.jaxrs.utils.JAXRSUtils_ESTest,328,0,True
728,NPEX,CXF-209407e0,0,c90a69b26794418b868c09544f8d6250,org.apache.cxf.jaxrs.utils.JAXRSUtils,org.apache.cxf.jaxrs.utils.JAXRSUtils_ESTest,294,0,True
729,NPEX,CXF-209407e0,0,115e89fee6a24c2eadee2ac327f293a9,org.apache.cxf.jaxrs.utils.JAXRSUtils,org.apache.cxf.jaxrs.utils.JAXRSUtils_ESTest,284,0,True
730,NPEX,CXF-209407e0,0,594fdc82c80a4db795d0c0e1b9e2baed,org.apache.cxf.jaxrs.utils.JAXRSUtils,org.apache.cxf.jaxrs.utils.JAXRSUtils_ESTest,177,0,True
731,NPEX,CXF-209407e0,0,ea448736c5cd45a3929445874f2f9741,org.apache.cxf.jaxrs.utils.JAXRSUtils,org.apache.cxf.jaxrs.utils.JAXRSUtils_ESTest,187,0,True
732,NPEX,CXF-209407e0,0,4c5c307e49d843e1a67f663cb69abcdf,org.apache.cxf.jaxrs.utils.JAXRSUtils,org.apache.cxf.jaxrs.utils.JAXRSUtils_ESTest,174,0,True
733,NPEX,Commons_DBCP-2ee3c53e,0,33aa21ce9ab744b2af971023269abf1d,org.apache.commons.dbcp2.cpdsadapter.DriverAdapterCPDS,org.apache.commons.dbcp2.cpdsadapter.DriverAdapterCPDS_ESTest,54,0,True
734,NPEX,Commons_DBCP-2ee3c53e,0,e0da5147573a41aaa3e2c1b31c4bd08a,org.apache.commons.dbcp2.cpdsadapter.DriverAdapterCPDS,org.apache.commons.dbcp2.cpdsadapter.DriverAdapterCPDS_ESTest,59,0,True
735,NPEX,Commons_DBCP-2ee3c53e,0,d7d49391e8584d26894edc39fc815395,org.apache.commons.dbcp2.cpdsadapter.DriverAdapterCPDS,org.apache.commons.dbcp2.cpdsadapter.DriverAdapterCPDS_ESTest,61,0,True
736,NPEX,Commons_DBCP-2ee3c53e,0,4a3253c98c2b481fa49412a96d6f8d45,org.apache.commons.dbcp2.cpdsadapter.DriverAdapterCPDS,org.apache.commons.dbcp2.cpdsadapter.DriverAdapterCPDS_ESTest,53,0,True
737,NPEX,Commons_DBCP-2ee3c53e,0,c4fa0054f6b945d9b619a789346821ca,org.apache.commons.dbcp2.cpdsadapter.DriverAdapterCPDS,org.apache.commons.dbcp2.cpdsadapter.DriverAdapterCPDS_ESTest,56,0,True
738,NPEX,Commons_DBCP-2ee3c53e,0,0b0ee6d127274aadad1a0e64ee7c7fd0,org.apache.commons.dbcp2.cpdsadapter.DriverAdapterCPDS,org.apache.commons.dbcp2.cpdsadapter.DriverAdapterCPDS_ESTest,58,0,True
739,NPEX,Commons_DBCP-2ee3c53e,0,207e9a9130da46bab380bc295bef00e5,org.apache.commons.dbcp2.cpdsadapter.DriverAdapterCPDS,org.apache.commons.dbcp2.cpdsadapter.DriverAdapterCPDS_ESTest,58,0,True
740,NPEX,Commons_DBCP-2ee3c53e,0,3b787b9a59c84a7fb7db8cc6165fd28e,org.apache.commons.dbcp2.cpdsadapter.DriverAdapterCPDS,org.apache.commons.dbcp2.cpdsadapter.DriverAdapterCPDS_ESTest,55,0,True
741,NPEX,Java_WebSocket-a2b35482,0,7e14e3976dfc4617a33656e01e93a3cd,org.java_websocket.server.WebSocketServer,org.java_websocket.server.WebSocketServer_ESTest,0,0,False
742,NPEX,Java_WebSocket-a2b35482,0,4bd4f355f79e4cb0aa4202da964bde9c,org.java_websocket.server.WebSocketServer,org.java_websocket.server.WebSocketServer_ESTest,0,0,False
743,NPEX,Java_WebSocket-a2b35482,0,c4ff9712a7e546e0b39279de4ed3c88e,org.java_websocket.server.WebSocketServer,org.java_websocket.server.WebSocketServer_ESTest,0,0,False
744,NPEX,Java_WebSocket-a2b35482,0,0d6b3e64b83a4c1ab9d056e8ecb3ce96,org.java_websocket.server.WebSocketServer,org.java_websocket.server.WebSocketServer_ESTest,0,0,False
745,NPEX,Java_WebSocket-a2b35482,0,acc8957e15fe4e32b90ba443d120747b,org.java_websocket.server.WebSocketServer,org.java_websocket.server.WebSocketServer_ESTest,0,0,False
746,NPEX,Java_WebSocket-a2b35482,0,cc8ea0ae0dd54fa998583bd652de376f,org.java_websocket.server.WebSocketServer,org.java_websocket.server.WebSocketServer_ESTest,0,0,False
747,NPEX,Java_WebSocket-a2b35482,0,f71a03a13b2a4c5ea24bd574cc4ca194,org.java_websocket.server.WebSocketServer,org.java_websocket.server.WebSocketServer_ESTest,0,0,False
748,NPEX,Java_WebSocket-a2b35482,0,25a8c845614c4dbf9fe238f0f9117c12,org.java_websocket.server.WebSocketServer,org.java_websocket.server.WebSocketServer_ESTest,0,0,False
749,NPEX,Java_WebSocket-a2b35482,0,4c2cdb149d214954a0a33249c77cd28f,org.java_websocket.server.WebSocketServer,org.java_websocket.server.WebSocketServer_ESTest,0,0,False
750,NPEX,Java_WebSocket-a2b35482,0,2f1558eedc22427b9305a3d407df783a,org.java_websocket.server.WebSocketServer,org.java_websocket.server.WebSocketServer_ESTest,0,0,False
751,NPEX,Java_WebSocket-a2b35482,0,f7214c3c910d4f2b8a60353d9c5f8688,org.java_websocket.server.WebSocketServer,org.java_websocket.server.WebSocketServer_ESTest,0,0,False
752,NPEX,Java_WebSocket-a2b35482,0,2edfcba506434815a531977f8054cc71,org.java_websocket.server.WebSocketServer,org.java_websocket.server.WebSocketServer_ESTest,0,0,False
753,NPEX,Java_WebSocket-a2b35482,0,71c98ad63b19442ba71614446c2d541d,org.java_websocket.server.WebSocketServer,org.java_websocket.server.WebSocketServer_ESTest,0,0,False
754,NPEX,RocketMQ-f5a119f1,0,0524962e99224b93a2c7c5d2ef8d9b04,org.apache.rocketmq.client.impl.factory.MQClientInstance,org.apache.rocketmq.client.impl.factory.MQClientInstance_ESTest,15,0,False
755,NPEX,RocketMQ-f5a119f1,0,31c17f3424ed4f4488faf3fdd3629f7f,org.apache.rocketmq.client.impl.factory.MQClientInstance,org.apache.rocketmq.client.impl.factory.MQClientInstance_ESTest,15,0,False
756,NPEX,RocketMQ-f5a119f1,0,ab63e295f6284240b8b9e32f6c97e6f0,org.apache.rocketmq.client.impl.factory.MQClientInstance,org.apache.rocketmq.client.impl.factory.MQClientInstance_ESTest,18,0,False
757,NPEX,RocketMQ-f5a119f1,0,a1039ce7859e4c5d9522f45cf453f927,org.apache.rocketmq.client.impl.factory.MQClientInstance,org.apache.rocketmq.client.impl.factory.MQClientInstance_ESTest,14,0,False
758,NPEX,RocketMQ-f5a119f1,0,db7bebc0d8214d658e0f43cb95cd6be7,org.apache.rocketmq.client.impl.factory.MQClientInstance,org.apache.rocketmq.client.impl.factory.MQClientInstance_ESTest,15,0,False
759,NPEX,RocketMQ-f5a119f1,0,afc0c31758cb45ef82215363c065a95f,org.apache.rocketmq.client.impl.factory.MQClientInstance,org.apache.rocketmq.client.impl.factory.MQClientInstance_ESTest,14,0,False
760,NPEX,RocketMQ-f5a119f1,0,fff0e4d69783400484ea080b5ec3b079,org.apache.rocketmq.client.impl.factory.MQClientInstance,org.apache.rocketmq.client.impl.factory.MQClientInstance_ESTest,12,0,False
761,NPEX,RocketMQ-f5a119f1,0,e41a38f364eb4ea594b4486c059f2c61,org.apache.rocketmq.client.impl.factory.MQClientInstance,org.apache.rocketmq.client.impl.factory.MQClientInstance_ESTest,14,0,False
762,NPEX,RocketMQ-f5a119f1,0,86e0efaf9fc24c9891dcbf653afbbd14,org.apache.rocketmq.client.impl.factory.MQClientInstance,org.apache.rocketmq.client.impl.factory.MQClientInstance_ESTest,17,0,False
763,NPEX,RocketMQ-f5a119f1,0,9b261b58a1b54038a5cbeaa7aa4da547,org.apache.rocketmq.client.impl.factory.MQClientInstance,org.apache.rocketmq.client.impl.factory.MQClientInstance_ESTest,15,0,False
764,NPEX,JSqlParser-66e44c95,0,d6addd64c7d34b768827d8b06e3acffe,net.sf.jsqlparser.expression.ExpressionVisitorAdapter,net.sf.jsqlparser.expression.ExpressionVisitorAdapter_ESTest,80,0,False
765,NPEX,JSqlParser-66e44c95,0,f585792c55604fa7820196a762b6ba82,net.sf.jsqlparser.expression.ExpressionVisitorAdapter,net.sf.jsqlparser.expression.ExpressionVisitorAdapter_ESTest,82,0,False
766,NPEX,JSqlParser-66e44c95,0,46cfd914fc32401c8a2c222d8b005261,net.sf.jsqlparser.expression.ExpressionVisitorAdapter,net.sf.jsqlparser.expression.ExpressionVisitorAdapter_ESTest,86,0,False
767,NPEX,JSqlParser-66e44c95,0,4a57ac1bcd084c1f95a387d9747932fb,net.sf.jsqlparser.expression.ExpressionVisitorAdapter,net.sf.jsqlparser.expression.ExpressionVisitorAdapter_ESTest,84,0,False
768,NPEX,JSqlParser-66e44c95,0,f3b0547c1d8748f88d89131398799503,net.sf.jsqlparser.expression.ExpressionVisitorAdapter,net.sf.jsqlparser.expression.ExpressionVisitorAdapter_ESTest,83,0,False
769,NPEX,JSqlParser-66e44c95,0,bb689e554fcc4ffca25cb6ad28bac6c2,net.sf.jsqlparser.expression.ExpressionVisitorAdapter,net.sf.jsqlparser.expression.ExpressionVisitorAdapter_ESTest,85,0,False
770,NPEX,JSqlParser-66e44c95,0,f132792973d54685a553dc430a44155c,net.sf.jsqlparser.expression.ExpressionVisitorAdapter,net.sf.jsqlparser.expression.ExpressionVisitorAdapter_ESTest,81,0,False
771,NPEX,JSqlParser-66e44c95,0,f1b66f3d5435465eaffa5584c4588260,net.sf.jsqlparser.expression.ExpressionVisitorAdapter,net.sf.jsqlparser.expression.ExpressionVisitorAdapter_ESTest,84,0,False
772,NPEX,JSqlParser-66e44c95,0,09722ffa4b2d42d08f32ae69eb841fa0,net.sf.jsqlparser.expression.ExpressionVisitorAdapter,net.sf.jsqlparser.expression.ExpressionVisitorAdapter_ESTest,84,0,False
773,NPEX,JSqlParser-66e44c95,0,c650099b8e494a8b92eba114028a2565,net.sf.jsqlparser.expression.ExpressionVisitorAdapter,net.sf.jsqlparser.expression.ExpressionVisitorAdapter_ESTest,82,0,False
774,NPEX,JSqlParser-66e44c95,0,ba0a05ebe44647979d86d3f0f1d9fa60,net.sf.jsqlparser.expression.ExpressionVisitorAdapter,net.sf.jsqlparser.expression.ExpressionVisitorAdapter_ESTest,84,0,False
775,NPEX,JSqlParser-66e44c95,0,24a5ff0d12ad4747987f8f395a0ed48c,net.sf.jsqlparser.expression.ExpressionVisitorAdapter,net.sf.jsqlparser.expression.ExpressionVisitorAdapter_ESTest,82,0,False
776,NPEX,JSqlParser-66e44c95,0,8af3e18b3cb74392aab35ebd4665ac48,net.sf.jsqlparser.expression.ExpressionVisitorAdapter,net.sf.jsqlparser.expression.ExpressionVisitorAdapter_ESTest,84,0,False
777,NPEX,jsoup-8b837a43,0,8ad0bac8173841fcb857a8494fe3314d,org.jsoup.nodes.Attribute,org.jsoup.nodes.Attribute_ESTest,55,0,True
778,NPEX,jsoup-8b837a43,0,974a652b1477465caf5739b1514856ad,org.jsoup.nodes.Attribute,org.jsoup.nodes.Attribute_ESTest,53,0,True
779,NPEX,jsoup-8b837a43,0,4b19da99662e4d4e9d2ae0229b55a1aa,org.jsoup.nodes.Attribute,org.jsoup.nodes.Attribute_ESTest,54,0,True
780,NPEX,jsoup-8b837a43,0,c38b073c2f03464fbbe04cdb00678b2e,org.jsoup.nodes.Attribute,org.jsoup.nodes.Attribute_ESTest,56,0,True
781,NPEX,jsoup-8b837a43,0,0669097f5c484ae98ead0f78c9eed29a,org.jsoup.nodes.Attribute,org.jsoup.nodes.Attribute_ESTest,56,0,True
782,NPEX,jsoup-8b837a43,0,48b821c82c85489e96297296ea907722,org.jsoup.nodes.Attribute,org.jsoup.nodes.Attribute_ESTest,56,0,True
783,NPEX,jsoup-8b837a43,0,425bafef22d245c89d63b6f550d16af5,org.jsoup.nodes.Attribute,org.jsoup.nodes.Attribute_ESTest,54,0,True
784,NPEX,jsoup-8b837a43,0,18d629a1b53545d79f15cb88a197de03,org.jsoup.nodes.Attribute,org.jsoup.nodes.Attribute_ESTest,57,0,True
785,NPEX,jsoup-8b837a43,0,c27535330f234ab6a1b20156388a86e3,org.jsoup.nodes.Attribute,org.jsoup.nodes.Attribute_ESTest,54,0,True
786,NPEX,jsoup-8b837a43,0,7023cda1d402450189cc81b567ba18f5,org.jsoup.nodes.Attribute,org.jsoup.nodes.Attribute_ESTest,56,0,True
787,NPEX,jsoup-8b837a43,0,bbf270576ff341f0b52d8f2bb8f6c3d7,org.jsoup.nodes.Attribute,org.jsoup.nodes.Attribute_ESTest,55,0,True
788,NPEX,jsoup-8b837a43,0,a15ce9220736433bae1c532eee942229,org.jsoup.nodes.Attribute,org.jsoup.nodes.Attribute_ESTest,54,0,True
789,NPEX,jsoup-8b837a43,0,45c52ed9fc8d4a60adc0e0d07d2c7966,org.jsoup.nodes.Attribute,org.jsoup.nodes.Attribute_ESTest,58,0,True
790,NPEX,Directory_LDAP_API-1aea113c,0,b257cabf0dbd44be819d5a3dda14a45d,org.apache.directory.api.ldap.model.entry.Value,org.apache.directory.api.ldap.model.entry.Value_ESTest,128,0,True
791,NPEX,Directory_LDAP_API-1aea113c,0,d48d2b652e154d23a181b70952ccbf53,org.apache.directory.api.ldap.model.entry.Value,org.apache.directory.api.ldap.model.entry.Value_ESTest,107,0,True
792,NPEX,Directory_LDAP_API-1aea113c,0,e5c8cbb032e3417388e322e2a7a6f799,org.apache.directory.api.ldap.model.entry.Value,org.apache.directory.api.ldap.model.entry.Value_ESTest,106,0,True
793,NPEX,Directory_LDAP_API-1aea113c,0,fa92c4b9cf0444a58a1ed6d53ac8cf91,org.apache.directory.api.ldap.model.entry.Value,org.apache.directory.api.ldap.model.entry.Value_ESTest,191,0,True
794,NPEX,Directory_LDAP_API-1aea113c,0,f7724f53954d4903a31684b9996f0b65,org.apache.directory.api.ldap.model.entry.Value,org.apache.directory.api.ldap.model.entry.Value_ESTest,243,0,True
795,NPEX,Directory_LDAP_API-1aea113c,0,f7724f53954d4903a31684b9996f0b65,org.apache.directory.api.ldap.model.entry.Value,org.apache.directory.api.ldap.model.entry.Value_ESTest$1,243,0,True
796,NPEX,Directory_LDAP_API-1aea113c,0,9bb7663c6e5b42f78f8d7b8d364bc02c,org.apache.directory.api.ldap.model.entry.Value,org.apache.directory.api.ldap.model.entry.Value_ESTest,118,0,True
797,NPEX,Directory_LDAP_API-1aea113c,0,0534bf43170f484fa89a35f580546963,org.apache.directory.api.ldap.model.entry.Value,org.apache.directory.api.ldap.model.entry.Value_ESTest,201,0,True
798,NPEX,Directory_LDAP_API-1aea113c,0,8888741f23ca428c838afe75c3fcfafe,org.apache.directory.api.ldap.model.entry.Value,org.apache.directory.api.ldap.model.entry.Value_ESTest,102,0,True
799,NPEX,Directory_LDAP_API-1aea113c,0,a2a488f780164a0e9f914a1670ba610d,org.apache.directory.api.ldap.model.entry.Value,org.apache.directory.api.ldap.model.entry.Value_ESTest,115,0,True
800,NPEX,Directory_LDAP_API-1aea113c,0,1decd04a26db4d819631711233a6ff11,org.apache.directory.api.ldap.model.entry.Value,org.apache.directory.api.ldap.model.entry.Value_ESTest,205,0,True
801,NPEX,Directory_LDAP_API-1aea113c,0,1a5993ce52ab4e29bda438f1d194188c,org.apache.directory.api.ldap.model.entry.Value,org.apache.directory.api.ldap.model.entry.Value_ESTest,120,0,True
802,NPEX,Directory_LDAP_API-1aea113c,0,7e5640fc67a3462190b729cd2b06eb7d,org.apache.directory.api.ldap.model.entry.Value,org.apache.directory.api.ldap.model.entry.Value_ESTest,111,0,False
803,NPEX,Directory_LDAP_API-1aea113c,0,9a02df04dd9143758420c75ca750827e,org.apache.directory.api.ldap.model.entry.Value,org.apache.directory.api.ldap.model.entry.Value_ESTest,127,0,True
804,NPEX,Directory_LDAP_API-1aea113c,0,1672fa243ddd4696ac129aec20845f00,org.apache.directory.api.ldap.model.entry.Value,org.apache.directory.api.ldap.model.entry.Value_ESTest,218,0,True
805,NPEX,Directory_LDAP_API-1aea113c,0,1672fa243ddd4696ac129aec20845f00,org.apache.directory.api.ldap.model.entry.Value,org.apache.directory.api.ldap.model.entry.Value_ESTest$1,218,0,True
806,NPEX,Directory_LDAP_API-1aea113c,0,10131ab4b94f4eab9614555551ab8f37,org.apache.directory.api.ldap.model.entry.Value,org.apache.directory.api.ldap.model.entry.Value_ESTest,123,0,True
807,NPEX,Sling_Pipes-81059025,0,d112e182aa944be587bcde97ee26f617,org.apache.sling.pipes.PipeBindings,org.apache.sling.pipes.PipeBindings_ESTest$1,1,0,False
808,NPEX,Sling_Pipes-81059025,0,d112e182aa944be587bcde97ee26f617,org.apache.sling.pipes.PipeBindings,org.apache.sling.pipes.PipeBindings_ESTest,1,0,False
809,NPEX,Sling_Pipes-81059025,0,130640a873fe4237b45d1f44a29a3d31,org.apache.sling.pipes.PipeBindings,org.apache.sling.pipes.PipeBindings_ESTest$1,1,0,False
810,NPEX,Sling_Pipes-81059025,0,130640a873fe4237b45d1f44a29a3d31,org.apache.sling.pipes.PipeBindings,org.apache.sling.pipes.PipeBindings_ESTest,1,0,False
811,NPEX,Sling_Pipes-81059025,0,1cda1fcfe92b474fa60346bdd4ad2b64,org.apache.sling.pipes.PipeBindings,org.apache.sling.pipes.PipeBindings_ESTest$1,1,0,False
812,NPEX,Sling_Pipes-81059025,0,1cda1fcfe92b474fa60346bdd4ad2b64,org.apache.sling.pipes.PipeBindings,org.apache.sling.pipes.PipeBindings_ESTest,1,0,False
813,NPEX,Sling_Pipes-81059025,0,068aada3f9c847d0a5b54a9ca8e42b15,org.apache.sling.pipes.PipeBindings,org.apache.sling.pipes.PipeBindings_ESTest$1,1,0,False
814,NPEX,Sling_Pipes-81059025,0,068aada3f9c847d0a5b54a9ca8e42b15,org.apache.sling.pipes.PipeBindings,org.apache.sling.pipes.PipeBindings_ESTest,1,0,False
815,NPEX,Sling_Pipes-81059025,0,01366c405ae6403ba27073829da29cec,org.apache.sling.pipes.PipeBindings,org.apache.sling.pipes.PipeBindings_ESTest$1,1,0,False
816,NPEX,Sling_Pipes-81059025,0,01366c405ae6403ba27073829da29cec,org.apache.sling.pipes.PipeBindings,org.apache.sling.pipes.PipeBindings_ESTest,1,0,False
817,NPEX,Sling_Pipes-81059025,0,f8acf959cd97441394e5843ffb8b6903,org.apache.sling.pipes.PipeBindings,org.apache.sling.pipes.PipeBindings_ESTest$1,1,0,False
818,NPEX,Sling_Pipes-81059025,0,f8acf959cd97441394e5843ffb8b6903,org.apache.sling.pipes.PipeBindings,org.apache.sling.pipes.PipeBindings_ESTest,1,0,False
819,NPEX,Sling_Pipes-81059025,0,af64f3714cdb4a3fb953d971c66f3a0d,org.apache.sling.pipes.PipeBindings,org.apache.sling.pipes.PipeBindings_ESTest$1,1,0,False
820,NPEX,Sling_Pipes-81059025,0,af64f3714cdb4a3fb953d971c66f3a0d,org.apache.sling.pipes.PipeBindings,org.apache.sling.pipes.PipeBindings_ESTest,1,0,False
821,NPEX,Sling_Pipes-81059025,0,55b53bf406774ba1a7e8e0e2b3c98812,org.apache.sling.pipes.PipeBindings,org.apache.sling.pipes.PipeBindings_ESTest$1,1,0,False
822,NPEX,Sling_Pipes-81059025,0,55b53bf406774ba1a7e8e0e2b3c98812,org.apache.sling.pipes.PipeBindings,org.apache.sling.pipes.PipeBindings_ESTest,1,0,False
823,NPEX,Sling_Pipes-81059025,0,edd8f157b1e147d6a474b08ed8ee757d,org.apache.sling.pipes.PipeBindings,org.apache.sling.pipes.PipeBindings_ESTest$1,1,0,False
824,NPEX,Sling_Pipes-81059025,0,edd8f157b1e147d6a474b08ed8ee757d,org.apache.sling.pipes.PipeBindings,org.apache.sling.pipes.PipeBindings_ESTest,1,0,False
825,NPEX,Sling_Pipes-81059025,0,70aa3647f2a34da9b5305580e82e4b40,org.apache.sling.pipes.PipeBindings,org.apache.sling.pipes.PipeBindings_ESTest$1,1,0,False
826,NPEX,Sling_Pipes-81059025,0,70aa3647f2a34da9b5305580e82e4b40,org.apache.sling.pipes.PipeBindings,org.apache.sling.pipes.PipeBindings_ESTest,1,0,False
827,NPEX,Sling_Pipes-81059025,0,c0152eee3c1b43218d6907abca74f987,org.apache.sling.pipes.PipeBindings,org.apache.sling.pipes.PipeBindings_ESTest$1,1,0,False
828,NPEX,Sling_Pipes-81059025,0,c0152eee3c1b43218d6907abca74f987,org.apache.sling.pipes.PipeBindings,org.apache.sling.pipes.PipeBindings_ESTest,1,0,False
829,NPEX,Sling_Pipes-81059025,0,78d9804c730645f79a9d2a21669ad3df,org.apache.sling.pipes.PipeBindings,org.apache.sling.pipes.PipeBindings_ESTest$1,1,0,False
830,NPEX,Sling_Pipes-81059025,0,78d9804c730645f79a9d2a21669ad3df,org.apache.sling.pipes.PipeBindings,org.apache.sling.pipes.PipeBindings_ESTest,1,0,False
831,NPEX,Sling_Pipes-81059025,0,87058201eeea471a931cb5fa31032e00,org.apache.sling.pipes.PipeBindings,org.apache.sling.pipes.PipeBindings_ESTest$1,1,0,False
832,NPEX,Sling_Pipes-81059025,0,87058201eeea471a931cb5fa31032e00,org.apache.sling.pipes.PipeBindings,org.apache.sling.pipes.PipeBindings_ESTest,1,0,False
833,NPEX,Sling_Pipes-81059025,0,0c2f549fffd14db6b250fc114284bbbd,org.apache.sling.pipes.PipeBindings,org.apache.sling.pipes.PipeBindings_ESTest$1,1,0,False
834,NPEX,Sling_Pipes-81059025,0,0c2f549fffd14db6b250fc114284bbbd,org.apache.sling.pipes.PipeBindings,org.apache.sling.pipes.PipeBindings_ESTest,1,0,False
835,NPEX,Sling_Pipes-81059025,0,b6dc68d6f6b64e66b9a588a16de9fbf1,org.apache.sling.pipes.PipeBindings,org.apache.sling.pipes.PipeBindings_ESTest$1,1,0,False
836,NPEX,Sling_Pipes-81059025,0,b6dc68d6f6b64e66b9a588a16de9fbf1,org.apache.sling.pipes.PipeBindings,org.apache.sling.pipes.PipeBindings_ESTest,1,0,False
837,NPEX,OpenNLP-60792b8f,0,f2a91900564947cca91801758a5a0698,opennlp.tools.lemmatizer.DictionaryLemmatizer,opennlp.tools.lemmatizer.DictionaryLemmatizer_ESTest,11,0,True
838,NPEX,OpenNLP-60792b8f,0,104ebc23d58d4282b168a7864a8829b9,opennlp.tools.lemmatizer.DictionaryLemmatizer,opennlp.tools.lemmatizer.DictionaryLemmatizer_ESTest,11,0,True
839,NPEX,OpenNLP-60792b8f,0,2f7bd9e4ddca490ea7a577d88e46d31d,opennlp.tools.lemmatizer.DictionaryLemmatizer,opennlp.tools.lemmatizer.DictionaryLemmatizer_ESTest,11,0,True
840,NPEX,OpenNLP-60792b8f,0,f654f34711c141ff8db91e861a3e43fc,opennlp.tools.lemmatizer.DictionaryLemmatizer,opennlp.tools.lemmatizer.DictionaryLemmatizer_ESTest,11,0,True
841,NPEX,OpenNLP-60792b8f,0,0e94b4a0846948eeb4fd7efba159c67c,opennlp.tools.lemmatizer.DictionaryLemmatizer,opennlp.tools.lemmatizer.DictionaryLemmatizer_ESTest,10,0,True
842,NPEX,OpenNLP-60792b8f,0,2e37fb7e13954cbb991374ae174c57fc,opennlp.tools.lemmatizer.DictionaryLemmatizer,opennlp.tools.lemmatizer.DictionaryLemmatizer_ESTest,11,0,True
843,NPEX,OpenNLP-60792b8f,0,9a394822d10f4e00be8a2a10d92d67b4,opennlp.tools.lemmatizer.DictionaryLemmatizer,opennlp.tools.lemmatizer.DictionaryLemmatizer_ESTest,12,0,True
844,NPEX,OpenNLP-60792b8f,0,5502197504624ddc808e347c99c4979a,opennlp.tools.lemmatizer.DictionaryLemmatizer,opennlp.tools.lemmatizer.DictionaryLemmatizer_ESTest,10,0,True
845,NPEX,OpenNLP-60792b8f,0,75681502fdd7449d9dd38ca241ddd519,opennlp.tools.lemmatizer.DictionaryLemmatizer,opennlp.tools.lemmatizer.DictionaryLemmatizer_ESTest,10,0,True
846,NPEX,OpenNLP-60792b8f,0,c8b851fde9f540d59649762ca22cbc64,opennlp.tools.lemmatizer.DictionaryLemmatizer,opennlp.tools.lemmatizer.DictionaryLemmatizer_ESTest,10,0,True
847,NPEX,OpenNLP-60792b8f,0,6782da8264cf48ba952ba245758d6a26,opennlp.tools.lemmatizer.DictionaryLemmatizer,opennlp.tools.lemmatizer.DictionaryLemmatizer_ESTest,10,0,True
848,NPEX,OpenNLP-60792b8f,0,c3c10856e95d456ea05918b076f2ff91,opennlp.tools.lemmatizer.DictionaryLemmatizer,opennlp.tools.lemmatizer.DictionaryLemmatizer_ESTest,10,0,True
849,NPEX,OpenNLP-60792b8f,0,264a9a92be094469af3ea08e40ad1c74,opennlp.tools.lemmatizer.DictionaryLemmatizer,opennlp.tools.lemmatizer.DictionaryLemmatizer_ESTest,10,0,True
850,NPEX,OpenNLP-60792b8f,0,1821d846eb5a42f4971dfff7c14a0568,opennlp.tools.lemmatizer.DictionaryLemmatizer,opennlp.tools.lemmatizer.DictionaryLemmatizer_ESTest,12,0,True
851,NPEX,Hessian_Lite-c5c017dc,0,8547826efd6442c9a6b3bcd0202190be,com.alibaba.dubbo.common.URL,com.alibaba.dubbo.common.URL_ESTest,463,0,True
852,NPEX,Hessian_Lite-c5c017dc,0,823f4b3506724fd1a9ff42e2d9162f30,com.alibaba.dubbo.common.URL,com.alibaba.dubbo.common.URL_ESTest,456,0,True
853,NPEX,Hessian_Lite-c5c017dc,0,de0ae2095cca4e52b4cd4ab230132a52,com.alibaba.dubbo.common.URL,com.alibaba.dubbo.common.URL_ESTest,447,0,True
854,NPEX,Hessian_Lite-c5c017dc,0,5e906dca60564d969e896dde890baeaa,com.alibaba.dubbo.common.URL,com.alibaba.dubbo.common.URL_ESTest,461,0,True
855,NPEX,Hessian_Lite-c5c017dc,0,16f175cd253443678f239cf893c1e674,com.alibaba.dubbo.common.URL,com.alibaba.dubbo.common.URL_ESTest,449,0,True
856,NPEX,Hessian_Lite-c5c017dc,0,87dd726efa864c47a13852e2c10ebcb4,com.alibaba.dubbo.common.URL,com.alibaba.dubbo.common.URL_ESTest,468,0,True
857,NPEX,Hessian_Lite-c5c017dc,0,c382affc36b54d0985ef27100ce790e7,com.alibaba.dubbo.common.URL,com.alibaba.dubbo.common.URL_ESTest,455,0,True
858,NPEX,Hessian_Lite-c5c017dc,0,8032c965915b4fe9a0f049f6798149f1,com.alibaba.dubbo.common.URL,com.alibaba.dubbo.common.URL_ESTest,458,0,True
859,NPEX,Hessian_Lite-c5c017dc,0,de13227b809440ba98e47d54e6051111,com.alibaba.dubbo.common.URL,com.alibaba.dubbo.common.URL_ESTest,449,0,True
860,NPEX,Hessian_Lite-c5c017dc,0,1b7fa29f968048cfb4196905f9ea1085,com.alibaba.dubbo.common.URL,com.alibaba.dubbo.common.URL_ESTest,447,0,True
861,NPEX,ZooKeeper-ef3649f5,0,255980263e144d028d6686bc88a9a4e5,org.apache.zookeeper.server.ZooKeeperServer,org.apache.zookeeper.server.ZooKeeperServer_ESTest,252,0,False
862,NPEX,ZooKeeper-ef3649f5,0,255980263e144d028d6686bc88a9a4e5,org.apache.zookeeper.server.ZooKeeperServer,org.apache.zookeeper.server.ZooKeeperServer_ESTest$1,252,0,False
863,NPEX,ZooKeeper-ef3649f5,0,255980263e144d028d6686bc88a9a4e5,org.apache.zookeeper.server.ZooKeeperServer,org.apache.zookeeper.server.ZooKeeperServer_ESTest$5,252,0,False
864,NPEX,ZooKeeper-ef3649f5,0,255980263e144d028d6686bc88a9a4e5,org.apache.zookeeper.server.ZooKeeperServer,org.apache.zookeeper.server.ZooKeeperServer_ESTest$2,252,0,False
865,NPEX,ZooKeeper-ef3649f5,0,255980263e144d028d6686bc88a9a4e5,org.apache.zookeeper.server.ZooKeeperServer,org.apache.zookeeper.server.ZooKeeperServer_ESTest$4,252,0,False
866,NPEX,ZooKeeper-ef3649f5,0,255980263e144d028d6686bc88a9a4e5,org.apache.zookeeper.server.ZooKeeperServer,org.apache.zookeeper.server.ZooKeeperServer_ESTest$3,252,0,False
867,NPEX,ZooKeeper-ef3649f5,0,f87def62e5ad4f05900d524e05dc8ab3,org.apache.zookeeper.server.ZooKeeperServer,org.apache.zookeeper.server.ZooKeeperServer_ESTest,239,0,False
868,NPEX,ZooKeeper-ef3649f5,0,f87def62e5ad4f05900d524e05dc8ab3,org.apache.zookeeper.server.ZooKeeperServer,org.apache.zookeeper.server.ZooKeeperServer_ESTest$1,239,0,False
869,NPEX,ZooKeeper-ef3649f5,0,f87def62e5ad4f05900d524e05dc8ab3,org.apache.zookeeper.server.ZooKeeperServer,org.apache.zookeeper.server.ZooKeeperServer_ESTest$6,239,0,False
870,NPEX,ZooKeeper-ef3649f5,0,f87def62e5ad4f05900d524e05dc8ab3,org.apache.zookeeper.server.ZooKeeperServer,org.apache.zookeeper.server.ZooKeeperServer_ESTest$5,239,0,False
871,NPEX,ZooKeeper-ef3649f5,0,f87def62e5ad4f05900d524e05dc8ab3,org.apache.zookeeper.server.ZooKeeperServer,org.apache.zookeeper.server.ZooKeeperServer_ESTest$9,239,0,False
872,NPEX,ZooKeeper-ef3649f5,0,f87def62e5ad4f05900d524e05dc8ab3,org.apache.zookeeper.server.ZooKeeperServer,org.apache.zookeeper.server.ZooKeeperServer_ESTest$2,239,0,False
873,NPEX,ZooKeeper-ef3649f5,0,f87def62e5ad4f05900d524e05dc8ab3,org.apache.zookeeper.server.ZooKeeperServer,org.apache.zookeeper.server.ZooKeeperServer_ESTest$7,239,0,False
874,NPEX,ZooKeeper-ef3649f5,0,f87def62e5ad4f05900d524e05dc8ab3,org.apache.zookeeper.server.ZooKeeperServer,org.apache.zookeeper.server.ZooKeeperServer_ESTest$4,239,0,False
875,NPEX,ZooKeeper-ef3649f5,0,f87def62e5ad4f05900d524e05dc8ab3,org.apache.zookeeper.server.ZooKeeperServer,org.apache.zookeeper.server.ZooKeeperServer_ESTest$8,239,0,False
876,NPEX,ZooKeeper-ef3649f5,0,f87def62e5ad4f05900d524e05dc8ab3,org.apache.zookeeper.server.ZooKeeperServer,org.apache.zookeeper.server.ZooKeeperServer_ESTest$3,239,0,False
877,NPEX,ZooKeeper-ef3649f5,0,231b06e4a5c646ef99989f56c1f66c6c,org.apache.zookeeper.server.ZooKeeperServer,org.apache.zookeeper.server.ZooKeeperServer_ESTest,188,0,False
878,NPEX,ZooKeeper-ef3649f5,0,231b06e4a5c646ef99989f56c1f66c6c,org.apache.zookeeper.server.ZooKeeperServer,org.apache.zookeeper.server.ZooKeeperServer_ESTest$1,188,0,False
879,NPEX,ZooKeeper-ef3649f5,0,231b06e4a5c646ef99989f56c1f66c6c,org.apache.zookeeper.server.ZooKeeperServer,org.apache.zookeeper.server.ZooKeeperServer_ESTest$2,188,0,False
880,NPEX,ZooKeeper-ef3649f5,0,231b06e4a5c646ef99989f56c1f66c6c,org.apache.zookeeper.server.ZooKeeperServer,org.apache.zookeeper.server.ZooKeeperServer_ESTest$4,188,0,False
881,NPEX,ZooKeeper-ef3649f5,0,231b06e4a5c646ef99989f56c1f66c6c,org.apache.zookeeper.server.ZooKeeperServer,org.apache.zookeeper.server.ZooKeeperServer_ESTest$3,188,0,False
882,NPEX,ZooKeeper-ef3649f5,0,436c4c6687b347de9edc95c324d3e814,org.apache.zookeeper.server.ZooKeeperServer,org.apache.zookeeper.server.ZooKeeperServer_ESTest,279,0,True
883,NPEX,ZooKeeper-ef3649f5,0,436c4c6687b347de9edc95c324d3e814,org.apache.zookeeper.server.ZooKeeperServer,org.apache.zookeeper.server.ZooKeeperServer_ESTest$11,279,0,True
884,NPEX,ZooKeeper-ef3649f5,0,436c4c6687b347de9edc95c324d3e814,org.apache.zookeeper.server.ZooKeeperServer,org.apache.zookeeper.server.ZooKeeperServer_ESTest$1,279,0,True
885,NPEX,ZooKeeper-ef3649f5,0,436c4c6687b347de9edc95c324d3e814,org.apache.zookeeper.server.ZooKeeperServer,org.apache.zookeeper.server.ZooKeeperServer_ESTest$6,279,0,True
886,NPEX,ZooKeeper-ef3649f5,0,436c4c6687b347de9edc95c324d3e814,org.apache.zookeeper.server.ZooKeeperServer,org.apache.zookeeper.server.ZooKeeperServer_ESTest$5,279,0,True
887,NPEX,ZooKeeper-ef3649f5,0,436c4c6687b347de9edc95c324d3e814,org.apache.zookeeper.server.ZooKeeperServer,org.apache.zookeeper.server.ZooKeeperServer_ESTest$9,279,0,True
888,NPEX,ZooKeeper-ef3649f5,0,436c4c6687b347de9edc95c324d3e814,org.apache.zookeeper.server.ZooKeeperServer,org.apache.zookeeper.server.ZooKeeperServer_ESTest$2,279,0,True
889,NPEX,ZooKeeper-ef3649f5,0,436c4c6687b347de9edc95c324d3e814,org.apache.zookeeper.server.ZooKeeperServer,org.apache.zookeeper.server.ZooKeeperServer_ESTest$7,279,0,True
890,NPEX,ZooKeeper-ef3649f5,0,436c4c6687b347de9edc95c324d3e814,org.apache.zookeeper.server.ZooKeeperServer,org.apache.zookeeper.server.ZooKeeperServer_ESTest$4,279,0,True
891,NPEX,ZooKeeper-ef3649f5,0,436c4c6687b347de9edc95c324d3e814,org.apache.zookeeper.server.ZooKeeperServer,org.apache.zookeeper.server.ZooKeeperServer_ESTest$8,279,0,True
892,NPEX,ZooKeeper-ef3649f5,0,436c4c6687b347de9edc95c324d3e814,org.apache.zookeeper.server.ZooKeeperServer,org.apache.zookeeper.server.ZooKeeperServer_ESTest$10,279,0,True
893,NPEX,ZooKeeper-ef3649f5,0,436c4c6687b347de9edc95c324d3e814,org.apache.zookeeper.server.ZooKeeperServer,org.apache.zookeeper.server.ZooKeeperServer_ESTest$12,279,0,True
894,NPEX,ZooKeeper-ef3649f5,0,436c4c6687b347de9edc95c324d3e814,org.apache.zookeeper.server.ZooKeeperServer,org.apache.zookeeper.server.ZooKeeperServer_ESTest$3,279,0,True
895,NPEX,ZooKeeper-ef3649f5,0,b332525e785641aca43b527e88abf986,org.apache.zookeeper.server.ZooKeeperServer,org.apache.zookeeper.server.ZooKeeperServer_ESTest,176,0,False
896,NPEX,ZooKeeper-ef3649f5,0,b332525e785641aca43b527e88abf986,org.apache.zookeeper.server.ZooKeeperServer,org.apache.zookeeper.server.ZooKeeperServer_ESTest$1,176,0,False
897,NPEX,ZooKeeper-ef3649f5,0,b332525e785641aca43b527e88abf986,org.apache.zookeeper.server.ZooKeeperServer,org.apache.zookeeper.server.ZooKeeperServer_ESTest$2,176,0,False
898,NPEX,ZooKeeper-ef3649f5,0,d77f5d906adb4a52b3edc0fc0abe6b5e,org.apache.zookeeper.server.ZooKeeperServer,org.apache.zookeeper.server.ZooKeeperServer_ESTest,233,0,False
899,NPEX,ZooKeeper-ef3649f5,0,d77f5d906adb4a52b3edc0fc0abe6b5e,org.apache.zookeeper.server.ZooKeeperServer,org.apache.zookeeper.server.ZooKeeperServer_ESTest$1,233,0,False
900,NPEX,ZooKeeper-ef3649f5,0,d77f5d906adb4a52b3edc0fc0abe6b5e,org.apache.zookeeper.server.ZooKeeperServer,org.apache.zookeeper.server.ZooKeeperServer_ESTest$6,233,0,False
901,NPEX,ZooKeeper-ef3649f5,0,d77f5d906adb4a52b3edc0fc0abe6b5e,org.apache.zookeeper.server.ZooKeeperServer,org.apache.zookeeper.server.ZooKeeperServer_ESTest$5,233,0,False
902,NPEX,ZooKeeper-ef3649f5,0,d77f5d906adb4a52b3edc0fc0abe6b5e,org.apache.zookeeper.server.ZooKeeperServer,org.apache.zookeeper.server.ZooKeeperServer_ESTest$9,233,0,False
903,NPEX,ZooKeeper-ef3649f5,0,d77f5d906adb4a52b3edc0fc0abe6b5e,org.apache.zookeeper.server.ZooKeeperServer,org.apache.zookeeper.server.ZooKeeperServer_ESTest$2,233,0,False
904,NPEX,ZooKeeper-ef3649f5,0,d77f5d906adb4a52b3edc0fc0abe6b5e,org.apache.zookeeper.server.ZooKeeperServer,org.apache.zookeeper.server.ZooKeeperServer_ESTest$7,233,0,False
905,NPEX,ZooKeeper-ef3649f5,0,d77f5d906adb4a52b3edc0fc0abe6b5e,org.apache.zookeeper.server.ZooKeeperServer,org.apache.zookeeper.server.ZooKeeperServer_ESTest$4,233,0,False
906,NPEX,ZooKeeper-ef3649f5,0,d77f5d906adb4a52b3edc0fc0abe6b5e,org.apache.zookeeper.server.ZooKeeperServer,org.apache.zookeeper.server.ZooKeeperServer_ESTest$8,233,0,False
907,NPEX,ZooKeeper-ef3649f5,0,d77f5d906adb4a52b3edc0fc0abe6b5e,org.apache.zookeeper.server.ZooKeeperServer,org.apache.zookeeper.server.ZooKeeperServer_ESTest$10,233,0,False
908,NPEX,ZooKeeper-ef3649f5,0,d77f5d906adb4a52b3edc0fc0abe6b5e,org.apache.zookeeper.server.ZooKeeperServer,org.apache.zookeeper.server.ZooKeeperServer_ESTest$3,233,0,False
909,NPEX,ZooKeeper-ef3649f5,0,03505fa551e447d3802da5f99d516dee,org.apache.zookeeper.server.ZooKeeperServer,org.apache.zookeeper.server.ZooKeeperServer_ESTest,241,0,True
910,NPEX,ZooKeeper-ef3649f5,0,e42f5ee138014c61b1105131a6a72334,org.apache.zookeeper.server.ZooKeeperServer,org.apache.zookeeper.server.ZooKeeperServer_ESTest,163,0,True
911,NPEX,ZooKeeper-ef3649f5,0,e42f5ee138014c61b1105131a6a72334,org.apache.zookeeper.server.ZooKeeperServer,org.apache.zookeeper.server.ZooKeeperServer_ESTest$1,163,0,True
912,NPEX,ZooKeeper-ef3649f5,0,e42f5ee138014c61b1105131a6a72334,org.apache.zookeeper.server.ZooKeeperServer,org.apache.zookeeper.server.ZooKeeperServer_ESTest$2,163,0,True
913,NPEX,ZooKeeper-ef3649f5,0,432ae5b40f8447878d5aaad65368b0b2,org.apache.zookeeper.server.ZooKeeperServer,org.apache.zookeeper.server.ZooKeeperServer_ESTest,244,0,False
914,NPEX,ZooKeeper-ef3649f5,0,432ae5b40f8447878d5aaad65368b0b2,org.apache.zookeeper.server.ZooKeeperServer,org.apache.zookeeper.server.ZooKeeperServer_ESTest$1,244,0,False
915,NPEX,ZooKeeper-ef3649f5,0,432ae5b40f8447878d5aaad65368b0b2,org.apache.zookeeper.server.ZooKeeperServer,org.apache.zookeeper.server.ZooKeeperServer_ESTest$6,244,0,False
916,NPEX,ZooKeeper-ef3649f5,0,432ae5b40f8447878d5aaad65368b0b2,org.apache.zookeeper.server.ZooKeeperServer,org.apache.zookeeper.server.ZooKeeperServer_ESTest$5,244,0,False
917,NPEX,ZooKeeper-ef3649f5,0,432ae5b40f8447878d5aaad65368b0b2,org.apache.zookeeper.server.ZooKeeperServer,org.apache.zookeeper.server.ZooKeeperServer_ESTest$2,244,0,False
918,NPEX,ZooKeeper-ef3649f5,0,432ae5b40f8447878d5aaad65368b0b2,org.apache.zookeeper.server.ZooKeeperServer,org.apache.zookeeper.server.ZooKeeperServer_ESTest$4,244,0,False
919,NPEX,ZooKeeper-ef3649f5,0,432ae5b40f8447878d5aaad65368b0b2,org.apache.zookeeper.server.ZooKeeperServer,org.apache.zookeeper.server.ZooKeeperServer_ESTest$3,244,0,False
920,NPEX,ZooKeeper-ef3649f5,0,828af393a5e1406fbba119cec0e389f6,org.apache.zookeeper.server.ZooKeeperServer,org.apache.zookeeper.server.ZooKeeperServer_ESTest,159,0,False
921,NPEX,ZooKeeper-ef3649f5,0,828af393a5e1406fbba119cec0e389f6,org.apache.zookeeper.server.ZooKeeperServer,org.apache.zookeeper.server.ZooKeeperServer_ESTest$1,159,0,False
922,NPEX,ZooKeeper-ef3649f5,0,828af393a5e1406fbba119cec0e389f6,org.apache.zookeeper.server.ZooKeeperServer,org.apache.zookeeper.server.ZooKeeperServer_ESTest$2,159,0,False
923,NPEX,ZooKeeper-ef3649f5,0,6ba2ce4b1f2447b9bec20c21a80387b4,org.apache.zookeeper.server.ZooKeeperServer,org.apache.zookeeper.server.ZooKeeperServer_ESTest,253,0,True
924,NPEX,ZooKeeper-ef3649f5,0,6ba2ce4b1f2447b9bec20c21a80387b4,org.apache.zookeeper.server.ZooKeeperServer,org.apache.zookeeper.server.ZooKeeperServer_ESTest$11,253,0,True
925,NPEX,ZooKeeper-ef3649f5,0,6ba2ce4b1f2447b9bec20c21a80387b4,org.apache.zookeeper.server.ZooKeeperServer,org.apache.zookeeper.server.ZooKeeperServer_ESTest$1,253,0,True
926,NPEX,ZooKeeper-ef3649f5,0,6ba2ce4b1f2447b9bec20c21a80387b4,org.apache.zookeeper.server.ZooKeeperServer,org.apache.zookeeper.server.ZooKeeperServer_ESTest$6,253,0,True
927,NPEX,ZooKeeper-ef3649f5,0,6ba2ce4b1f2447b9bec20c21a80387b4,org.apache.zookeeper.server.ZooKeeperServer,org.apache.zookeeper.server.ZooKeeperServer_ESTest$5,253,0,True
928,NPEX,ZooKeeper-ef3649f5,0,6ba2ce4b1f2447b9bec20c21a80387b4,org.apache.zookeeper.server.ZooKeeperServer,org.apache.zookeeper.server.ZooKeeperServer_ESTest$9,253,0,True
929,NPEX,ZooKeeper-ef3649f5,0,6ba2ce4b1f2447b9bec20c21a80387b4,org.apache.zookeeper.server.ZooKeeperServer,org.apache.zookeeper.server.ZooKeeperServer_ESTest$2,253,0,True
930,NPEX,ZooKeeper-ef3649f5,0,6ba2ce4b1f2447b9bec20c21a80387b4,org.apache.zookeeper.server.ZooKeeperServer,org.apache.zookeeper.server.ZooKeeperServer_ESTest$7,253,0,True
931,NPEX,ZooKeeper-ef3649f5,0,6ba2ce4b1f2447b9bec20c21a80387b4,org.apache.zookeeper.server.ZooKeeperServer,org.apache.zookeeper.server.ZooKeeperServer_ESTest$4,253,0,True
932,NPEX,ZooKeeper-ef3649f5,0,6ba2ce4b1f2447b9bec20c21a80387b4,org.apache.zookeeper.server.ZooKeeperServer,org.apache.zookeeper.server.ZooKeeperServer_ESTest$8,253,0,True
933,NPEX,ZooKeeper-ef3649f5,0,6ba2ce4b1f2447b9bec20c21a80387b4,org.apache.zookeeper.server.ZooKeeperServer,org.apache.zookeeper.server.ZooKeeperServer_ESTest$13,253,0,True
934,NPEX,ZooKeeper-ef3649f5,0,6ba2ce4b1f2447b9bec20c21a80387b4,org.apache.zookeeper.server.ZooKeeperServer,org.apache.zookeeper.server.ZooKeeperServer_ESTest$10,253,0,True
935,NPEX,ZooKeeper-ef3649f5,0,6ba2ce4b1f2447b9bec20c21a80387b4,org.apache.zookeeper.server.ZooKeeperServer,org.apache.zookeeper.server.ZooKeeperServer_ESTest$15,253,0,True
936,NPEX,ZooKeeper-ef3649f5,0,6ba2ce4b1f2447b9bec20c21a80387b4,org.apache.zookeeper.server.ZooKeeperServer,org.apache.zookeeper.server.ZooKeeperServer_ESTest$12,253,0,True
937,NPEX,ZooKeeper-ef3649f5,0,6ba2ce4b1f2447b9bec20c21a80387b4,org.apache.zookeeper.server.ZooKeeperServer,org.apache.zookeeper.server.ZooKeeperServer_ESTest$3,253,0,True
938,NPEX,ZooKeeper-ef3649f5,0,6ba2ce4b1f2447b9bec20c21a80387b4,org.apache.zookeeper.server.ZooKeeperServer,org.apache.zookeeper.server.ZooKeeperServer_ESTest$14,253,0,True
939,NPEX,Log4j_2-5b7b75d5,0,85f0ddd14fe140d490fd8ab56cde5c81,org.apache.logging.log4j.core.config.composite.DefaultMergeStrategy,org.apache.logging.log4j.core.config.composite.DefaultMergeStrategy_ESTest,4,0,False
940,NPEX,Log4j_2-5b7b75d5,0,6de4ed3f64ab46c5b8461d5a0803331a,org.apache.logging.log4j.core.config.composite.DefaultMergeStrategy,org.apache.logging.log4j.core.config.composite.DefaultMergeStrategy_ESTest,4,0,False
941,NPEX,jsoup-b8411990,0,aca3e37b9f25411c9a8386d9660db68b,org.jsoup.internal.Normalizer,org.jsoup.internal.Normalizer_ESTest,7,0,True
942,NPEX,jsoup-b8411990,0,7eae08cc377c448a8ad75ada0bb6b6e1,org.jsoup.internal.Normalizer,org.jsoup.internal.Normalizer_ESTest,7,0,True
943,NPEX,jsoup-b8411990,0,a23bdb9b6cdf4baab5dc5fffca60a62a,org.jsoup.internal.Normalizer,org.jsoup.internal.Normalizer_ESTest,7,0,True
944,NPEX,jsoup-b8411990,0,3d9736862aa64207a6857968b77a121a,org.jsoup.internal.Normalizer,org.jsoup.internal.Normalizer_ESTest,7,0,True
945,NPEX,jsoup-b8411990,0,75456d48e96144aabd3d7d325f7ad146,org.jsoup.internal.Normalizer,org.jsoup.internal.Normalizer_ESTest,7,0,True
946,NPEX,jsoup-b8411990,0,c8803e7dd7c5474c8dcd79123ddceceb,org.jsoup.internal.Normalizer,org.jsoup.internal.Normalizer_ESTest,7,0,True
947,NPEX,jsoup-b8411990,0,c784790f6a9a40fe8b60b3c826061b90,org.jsoup.internal.Normalizer,org.jsoup.internal.Normalizer_ESTest,7,0,True
948,NPEX,jsoup-b8411990,0,a9b7562e9b63410da5948198041b3aa2,org.jsoup.internal.Normalizer,org.jsoup.internal.Normalizer_ESTest,7,0,True
949,NPEX,jsoup-b8411990,0,93db8fa05e2a4cb1885666a1e25a9f99,org.jsoup.internal.Normalizer,org.jsoup.internal.Normalizer_ESTest,7,0,True
950,NPEX,jsoup-b8411990,0,e9f016f1a107437fa6cb1995cf4be3b8,org.jsoup.internal.Normalizer,org.jsoup.internal.Normalizer_ESTest,7,0,True
951,NPEX,jsoup-b8411990,0,6227bad561cc46c78e6b6c1949b0b926,org.jsoup.internal.Normalizer,org.jsoup.internal.Normalizer_ESTest,7,0,True
952,NPEX,jsoup-b8411990,0,1d90fcefbc13487f8c9c4e1f4a231416,org.jsoup.internal.Normalizer,org.jsoup.internal.Normalizer_ESTest,7,0,True
953,NPEX,jsoup-b8411990,0,ff5c9be1f8bc475f8b8eb43f3e10f04d,org.jsoup.internal.Normalizer,org.jsoup.internal.Normalizer_ESTest,7,0,True
954,NPEX,jsoup-b8411990,0,8c9c8a3e217b43638ec42b5ccf6fe0d9,org.jsoup.internal.Normalizer,org.jsoup.internal.Normalizer_ESTest,7,0,True
955,NPEX,jsoup-b8411990,0,c9f4f05391484463a969a73a99f177ca,org.jsoup.internal.Normalizer,org.jsoup.internal.Normalizer_ESTest,7,0,True
956,NPEX,Commons_Pool-11521c1f,0,9ed64b0bb6ff4f58aafc224ad6c77088,org.apache.commons.pool2.impl.GenericKeyedObjectPool,org.apache.commons.pool2.impl.GenericKeyedObjectPool_ESTest,2,0,False
957,NPEX,Commons_Pool-11521c1f,0,1587f924efcc44d6a7a3cc08ce58793e,org.apache.commons.pool2.impl.GenericKeyedObjectPool,org.apache.commons.pool2.impl.GenericKeyedObjectPool_ESTest,2,0,False
958,NPEX,Commons_Pool-11521c1f,0,1dc39941c9094602918f82f82238a1e7,org.apache.commons.pool2.impl.GenericKeyedObjectPool,org.apache.commons.pool2.impl.GenericKeyedObjectPool_ESTest,2,0,False
959,NPEX,Commons_Pool-11521c1f,0,ad40cd06890a4ce5b13e6d3c860008e6,org.apache.commons.pool2.impl.GenericKeyedObjectPool,org.apache.commons.pool2.impl.GenericKeyedObjectPool_ESTest,2,0,False
960,NPEX,Commons_Pool-11521c1f,0,0b6213ebc7fb49b0835ad2c67611b854,org.apache.commons.pool2.impl.GenericKeyedObjectPool,org.apache.commons.pool2.impl.GenericKeyedObjectPool_ESTest,2,0,False
961,NPEX,Commons_Pool-11521c1f,0,570acce7601244239be6abc064e10c07,org.apache.commons.pool2.impl.GenericKeyedObjectPool,org.apache.commons.pool2.impl.GenericKeyedObjectPool_ESTest,2,0,False
962,NPEX,Commons_Pool-11521c1f,0,6f6dc33c100941f6bc04c1de4a1589c7,org.apache.commons.pool2.impl.GenericKeyedObjectPool,org.apache.commons.pool2.impl.GenericKeyedObjectPool_ESTest,2,0,False
963,NPEX,Commons_Pool-11521c1f,0,41e0a58dd4f6458eb82084883bdf7358,org.apache.commons.pool2.impl.GenericKeyedObjectPool,org.apache.commons.pool2.impl.GenericKeyedObjectPool_ESTest,2,0,False
964,NPEX,Commons_Pool-11521c1f,0,66af7d3c73124ca19c44d697d50c9a89,org.apache.commons.pool2.impl.GenericKeyedObjectPool,org.apache.commons.pool2.impl.GenericKeyedObjectPool_ESTest,2,0,False
965,NPEX,Commons_Pool-11521c1f,0,ec7183750ea94b909a7485914f1a72de,org.apache.commons.pool2.impl.GenericKeyedObjectPool,org.apache.commons.pool2.impl.GenericKeyedObjectPool_ESTest,2,0,False
966,NPEX,Commons_Pool-11521c1f,0,5b53f67e83dc4ac8ab0aa76fcfad85fd,org.apache.commons.pool2.impl.GenericKeyedObjectPool,org.apache.commons.pool2.impl.GenericKeyedObjectPool_ESTest,2,0,False
967,NPEX,Log4j_2-7441d3c3,0,3b955974b11343e58e23d4ceb0c6de72,org.apache.logging.log4j.core.config.ConfigurationScheduler,org.apache.logging.log4j.core.config.ConfigurationScheduler_ESTest,22,0,True
968,NPEX,Log4j_2-7441d3c3,0,7a4c0227dd674bb195f19aab62e8c234,org.apache.logging.log4j.core.config.ConfigurationScheduler,org.apache.logging.log4j.core.config.ConfigurationScheduler_ESTest,22,0,True
969,NPEX,Log4j_2-7441d3c3,0,c1207f55dc004322913ae2390a4d562d,org.apache.logging.log4j.core.config.ConfigurationScheduler,org.apache.logging.log4j.core.config.ConfigurationScheduler_ESTest,20,0,True
970,NPEX,Log4j_2-7441d3c3,0,e0d98853d5374a5d90b3b03743013aae,org.apache.logging.log4j.core.config.ConfigurationScheduler,org.apache.logging.log4j.core.config.ConfigurationScheduler_ESTest,20,0,True
971,NPEX,Log4j_2-7441d3c3,0,150e8f10d63a4932a198b90533390385,org.apache.logging.log4j.core.config.ConfigurationScheduler,org.apache.logging.log4j.core.config.ConfigurationScheduler_ESTest,20,0,True
972,NPEX,Log4j_2-7441d3c3,0,624c32fc643344af9a6c25821d3eec8d,org.apache.logging.log4j.core.config.ConfigurationScheduler,org.apache.logging.log4j.core.config.ConfigurationScheduler_ESTest,22,0,True
973,NPEX,Log4j_2-7441d3c3,0,2479d6272d78452e82b8a8ce79a14b10,org.apache.logging.log4j.core.config.ConfigurationScheduler,org.apache.logging.log4j.core.config.ConfigurationScheduler_ESTest,20,0,True
974,NPEX,Log4j_2-7441d3c3,0,a8e6dcb80a1d4c23ac00118dd71f741b,org.apache.logging.log4j.core.config.ConfigurationScheduler,org.apache.logging.log4j.core.config.ConfigurationScheduler_ESTest,19,0,True
975,NPEX,Log4j_2-7441d3c3,0,eebb408e426a4711b062d3106dd9f424,org.apache.logging.log4j.core.config.ConfigurationScheduler,org.apache.logging.log4j.core.config.ConfigurationScheduler_ESTest,20,0,True
976,NPEX,Log4j_2-7441d3c3,0,77637ab1c8cf41eeb7ff20d353ffd9e0,org.apache.logging.log4j.core.config.ConfigurationScheduler,org.apache.logging.log4j.core.config.ConfigurationScheduler_ESTest,22,0,True
977,NPEX,Log4j_2-7441d3c3,0,90d917bba8084f3c9dc334da2e0f46c5,org.apache.logging.log4j.core.config.ConfigurationScheduler,org.apache.logging.log4j.core.config.ConfigurationScheduler_ESTest,19,0,True
978,NPEX,Log4j_2-7441d3c3,0,21c818ee59af476b98a7e91c127806b6,org.apache.logging.log4j.core.config.ConfigurationScheduler,org.apache.logging.log4j.core.config.ConfigurationScheduler_ESTest,20,0,True
979,NPEX,Log4j_2-7441d3c3,0,adf8eba7c0024732b4c0bd69296484ee,org.apache.logging.log4j.core.config.ConfigurationScheduler,org.apache.logging.log4j.core.config.ConfigurationScheduler_ESTest,21,0,True
980,NPEX,Log4j_2-7441d3c3,0,8692147f22b0421488c31778f961fdaf,org.apache.logging.log4j.core.config.ConfigurationScheduler,org.apache.logging.log4j.core.config.ConfigurationScheduler_ESTest,22,0,True
981,NPEX,Log4j_2-7441d3c3,0,5b7c1b297ddb43cc8d00f9840d04d8b6,org.apache.logging.log4j.core.config.ConfigurationScheduler,org.apache.logging.log4j.core.config.ConfigurationScheduler_ESTest,21,0,True
982,NPEX,Commons_BCEL-a46d927b,0,31def91f57b0485796d472df4864e850,org.apache.bcel.generic.MethodGen,org.apache.bcel.generic.MethodGen_ESTest,142,0,False
983,NPEX,Commons_BCEL-a46d927b,0,4b7bfa92823140b49440926f748a90f6,org.apache.bcel.generic.MethodGen,org.apache.bcel.generic.MethodGen_ESTest,149,0,False
984,NPEX,Commons_BCEL-a46d927b,0,940eaadd9bd44e73a12ded90bdf367b3,org.apache.bcel.generic.MethodGen,org.apache.bcel.generic.MethodGen_ESTest,166,0,False
985,NPEX,Commons_BCEL-a46d927b,0,9fd9dc6038e846f7ac3ed471ea7ad8e3,org.apache.bcel.generic.MethodGen,org.apache.bcel.generic.MethodGen_ESTest,151,0,False
986,NPEX,Commons_BCEL-a46d927b,0,d10a2f334d33493abee402e6f85ecec0,org.apache.bcel.generic.MethodGen,org.apache.bcel.generic.MethodGen_ESTest,149,0,False
987,NPEX,Commons_BCEL-a46d927b,0,6c2c9f34234d4376aaacb2ded0b2db73,org.apache.bcel.generic.MethodGen,org.apache.bcel.generic.MethodGen_ESTest,137,0,False
988,NPEX,Commons_BCEL-a46d927b,0,1c9ef84500234c5e92c4f25a1d4e2b1e,org.apache.bcel.generic.MethodGen,org.apache.bcel.generic.MethodGen_ESTest,166,0,False
989,NPEX,Commons_BCEL-a46d927b,0,fddfe46df01a444cad4ad12df5af7d8a,org.apache.bcel.generic.MethodGen,org.apache.bcel.generic.MethodGen_ESTest,161,0,False
990,NPEX,Commons_BCEL-a46d927b,0,e59702c058a94f65828231247c7f2d54,org.apache.bcel.generic.MethodGen,org.apache.bcel.generic.MethodGen_ESTest,168,0,False
991,NPEX,Commons_BCEL-a46d927b,0,ddfc08ea86c949408fd125011e1b25e8,org.apache.bcel.generic.MethodGen,org.apache.bcel.generic.MethodGen_ESTest,153,0,False
992,NPEX,Commons_BCEL-a46d927b,0,10fbd5e61f724a61b4204f8426864030,org.apache.bcel.generic.MethodGen,org.apache.bcel.generic.MethodGen_ESTest,166,0,False
993,NPEX,Commons_BCEL-a46d927b,0,11d7995ea8ee46328002b31fbb46c37c,org.apache.bcel.generic.MethodGen,org.apache.bcel.generic.MethodGen_ESTest,151,0,False
994,NPEX,Commons_BCEL-a46d927b,0,b872a97d233a42de8d8ebc377e1f1ef9,org.apache.bcel.generic.MethodGen,org.apache.bcel.generic.MethodGen_ESTest,153,0,False
995,NPEX,Commons_BCEL-a46d927b,0,af0a9a6d4a0448e6b669c9f42e5a978a,org.apache.bcel.generic.MethodGen,org.apache.bcel.generic.MethodGen_ESTest,154,0,False
996,NPEX,Commons_BCEL-a46d927b,0,b6099d15afcf4d68837efffca72b008d,org.apache.bcel.generic.MethodGen,org.apache.bcel.generic.MethodGen_ESTest,150,0,False
997,NPEX,Jest-f34fa45e,0,fdb6e6ab09c040c4a6ba5f8c876050d5,io.searchbox.client.config.discovery.NodeChecker,io.searchbox.client.config.discovery.NodeChecker_ESTest,1,0,False
998,NPEX,Jest-f34fa45e,0,26f77517da964122a166f8a81e002b72,io.searchbox.client.config.discovery.NodeChecker,io.searchbox.client.config.discovery.NodeChecker_ESTest,1,0,False
999,NPEX,Jest-f34fa45e,0,173a07eb5d104299922f34dc0576804b,io.searchbox.client.config.discovery.NodeChecker,io.searchbox.client.config.discovery.NodeChecker_ESTest,1,0,False
1000,NPEX,Jest-f34fa45e,0,2fddc1672929461fb09539b9a07e98d4,io.searchbox.client.config.discovery.NodeChecker,io.searchbox.client.config.discovery.NodeChecker_ESTest,1,0,False
1001,NPEX,Jest-f34fa45e,0,cc4755f14b784f1f9ed489b6813aba55,io.searchbox.client.config.discovery.NodeChecker,io.searchbox.client.config.discovery.NodeChecker_ESTest,1,0,False
1002,NPEX,Jest-f34fa45e,0,328600793eb04e13a52bca16dafee840,io.searchbox.client.config.discovery.NodeChecker,io.searchbox.client.config.discovery.NodeChecker_ESTest,1,0,False
1003,NPEX,Jest-f34fa45e,0,213859a7ddb749f69282976a8dc40f2e,io.searchbox.client.config.discovery.NodeChecker,io.searchbox.client.config.discovery.NodeChecker_ESTest,1,0,False
1004,NPEX,Jest-f34fa45e,0,19f5185af21e4392913c519f7e787b9a,io.searchbox.client.config.discovery.NodeChecker,io.searchbox.client.config.discovery.NodeChecker_ESTest,1,0,False
1005,NPEX,Jest-f34fa45e,0,60992191055d4a4781ca627ffa5d4e80,io.searchbox.client.config.discovery.NodeChecker,io.searchbox.client.config.discovery.NodeChecker_ESTest,1,0,False
1006,NPEX,Jest-f34fa45e,0,5785404257584b809af055b76887890b,io.searchbox.client.config.discovery.NodeChecker,io.searchbox.client.config.discovery.NodeChecker_ESTest,1,0,False
1007,NPEX,Jest-f34fa45e,0,33151c3fdcc54b08a2565ca739dfb0bf,io.searchbox.client.config.discovery.NodeChecker,io.searchbox.client.config.discovery.NodeChecker_ESTest,1,0,False
1008,NPEX,Jest-f34fa45e,0,859b1c9e9c3e468eb0c60307ed78a4ed,io.searchbox.client.config.discovery.NodeChecker,io.searchbox.client.config.discovery.NodeChecker_ESTest,1,0,False
1009,NPEX,Jest-f34fa45e,0,5a18b6ce18c9499d9a243f452391fccb,io.searchbox.client.config.discovery.NodeChecker,io.searchbox.client.config.discovery.NodeChecker_ESTest,1,0,False
1010,NPEX,Qpid_Proton__j-02998b38,0,5f0deef156da4c52a8731bfffe20c418,org.apache.qpid.proton.codec.MapType,org.apache.qpid.proton.codec.MapType_ESTest,7,0,False
1011,NPEX,Qpid_Proton__j-02998b38,0,a425f45521374252a2894b21a19866c3,org.apache.qpid.proton.codec.MapType,org.apache.qpid.proton.codec.MapType_ESTest,9,0,False
1012,NPEX,Qpid_Proton__j-02998b38,0,2319a7104b0d410fa7558f0e670ddf92,org.apache.qpid.proton.codec.MapType,org.apache.qpid.proton.codec.MapType_ESTest,9,0,False
1013,NPEX,Qpid_Proton__j-02998b38,0,835ecaef31ce474d940abaa31d85ae80,org.apache.qpid.proton.codec.MapType,org.apache.qpid.proton.codec.MapType_ESTest,7,0,False
1014,NPEX,Qpid_Proton__j-02998b38,0,3898ac7d188a469ab509d704d8d7709a,org.apache.qpid.proton.codec.MapType,org.apache.qpid.proton.codec.MapType_ESTest,7,0,False
1015,NPEX,Qpid_Proton__j-02998b38,0,4b8beb33d148404389492b86bd8ae128,org.apache.qpid.proton.codec.MapType,org.apache.qpid.proton.codec.MapType_ESTest,9,0,False
1016,NPEX,Qpid_Proton__j-02998b38,0,fb1004dbf2704c1fa26d6270dbe29b99,org.apache.qpid.proton.codec.MapType,org.apache.qpid.proton.codec.MapType_ESTest,6,0,False
1017,NPEX,Qpid_Proton__j-02998b38,0,3f9bf8d3086549db921fab2ba56e1765,org.apache.qpid.proton.codec.MapType,org.apache.qpid.proton.codec.MapType_ESTest,8,0,False
1018,NPEX,Qpid_Proton__j-02998b38,0,1404027af9a7488ab03636d32283c673,org.apache.qpid.proton.codec.MapType,org.apache.qpid.proton.codec.MapType_ESTest,9,0,False
1019,NPEX,Qpid_Proton__j-02998b38,0,22c4289925204a31b99639f1cea6c48e,org.apache.qpid.proton.codec.MapType,org.apache.qpid.proton.codec.MapType_ESTest,6,0,False
1020,NPEX,Qpid_Proton__j-02998b38,0,b67d5139fff442a4846e5c07bebba469,org.apache.qpid.proton.codec.MapType,org.apache.qpid.proton.codec.MapType_ESTest,7,0,False
1021,NPEX,Qpid_Proton__j-02998b38,0,49b80179ea7141d3a74bab90c1f19c33,org.apache.qpid.proton.codec.MapType,org.apache.qpid.proton.codec.MapType_ESTest,9,0,False
1022,NPEX,Qpid_Proton__j-02998b38,0,fbe8e428b32d4d31aef636d25755ae6b,org.apache.qpid.proton.codec.MapType,org.apache.qpid.proton.codec.MapType_ESTest,9,0,False
1023,NPEX,Qpid_Proton__j-02998b38,0,b2de1bab8f024bc7a373b838d5526e6f,org.apache.qpid.proton.codec.MapType,org.apache.qpid.proton.codec.MapType_ESTest,7,0,False
1024,NPEX,Qpid_Proton__j-02998b38,0,c2c3fed705224f36b5b322968aa25a0c,org.apache.qpid.proton.codec.MapType,org.apache.qpid.proton.codec.MapType_ESTest,24,0,False
1025,NPEX,Qpid_Proton__j-02998b38,1,5f0deef156da4c52a8731bfffe20c418,org.apache.qpid.proton.codec.MapType,org.apache.qpid.proton.codec.MapType_ESTest,7,0,False
1026,NPEX,Qpid_Proton__j-02998b38,1,a425f45521374252a2894b21a19866c3,org.apache.qpid.proton.codec.MapType,org.apache.qpid.proton.codec.MapType_ESTest,9,0,False
1027,NPEX,Qpid_Proton__j-02998b38,1,2319a7104b0d410fa7558f0e670ddf92,org.apache.qpid.proton.codec.MapType,org.apache.qpid.proton.codec.MapType_ESTest,9,0,False
1028,NPEX,Qpid_Proton__j-02998b38,1,835ecaef31ce474d940abaa31d85ae80,org.apache.qpid.proton.codec.MapType,org.apache.qpid.proton.codec.MapType_ESTest,7,0,False
1029,NPEX,Qpid_Proton__j-02998b38,1,3898ac7d188a469ab509d704d8d7709a,org.apache.qpid.proton.codec.MapType,org.apache.qpid.proton.codec.MapType_ESTest,7,0,False
1030,NPEX,Qpid_Proton__j-02998b38,1,4b8beb33d148404389492b86bd8ae128,org.apache.qpid.proton.codec.MapType,org.apache.qpid.proton.codec.MapType_ESTest,9,0,False
1031,NPEX,Qpid_Proton__j-02998b38,1,fb1004dbf2704c1fa26d6270dbe29b99,org.apache.qpid.proton.codec.MapType,org.apache.qpid.proton.codec.MapType_ESTest,6,0,False
1032,NPEX,Qpid_Proton__j-02998b38,1,3f9bf8d3086549db921fab2ba56e1765,org.apache.qpid.proton.codec.MapType,org.apache.qpid.proton.codec.MapType_ESTest,8,0,False
1033,NPEX,Qpid_Proton__j-02998b38,1,1404027af9a7488ab03636d32283c673,org.apache.qpid.proton.codec.MapType,org.apache.qpid.proton.codec.MapType_ESTest,9,0,False
1034,NPEX,Qpid_Proton__j-02998b38,1,22c4289925204a31b99639f1cea6c48e,org.apache.qpid.proton.codec.MapType,org.apache.qpid.proton.codec.MapType_ESTest,6,0,False
1035,NPEX,Qpid_Proton__j-02998b38,1,b67d5139fff442a4846e5c07bebba469,org.apache.qpid.proton.codec.MapType,org.apache.qpid.proton.codec.MapType_ESTest,7,0,False
1036,NPEX,Qpid_Proton__j-02998b38,1,49b80179ea7141d3a74bab90c1f19c33,org.apache.qpid.proton.codec.MapType,org.apache.qpid.proton.codec.MapType_ESTest,9,0,False
1037,NPEX,Qpid_Proton__j-02998b38,1,fbe8e428b32d4d31aef636d25755ae6b,org.apache.qpid.proton.codec.MapType,org.apache.qpid.proton.codec.MapType_ESTest,9,0,False
1038,NPEX,Qpid_Proton__j-02998b38,1,b2de1bab8f024bc7a373b838d5526e6f,org.apache.qpid.proton.codec.MapType,org.apache.qpid.proton.codec.MapType_ESTest,7,0,False
1039,NPEX,Qpid_Proton__j-02998b38,1,c2c3fed705224f36b5b322968aa25a0c,org.apache.qpid.proton.codec.MapType,org.apache.qpid.proton.codec.MapType_ESTest,24,0,False
1040,NPEX,Avro-a3e05bee,0,4e9e0452c3884a5f82d2734fc3ad2f74,org.apache.avro.Schema,org.apache.avro.Schema_ESTest,203,0,True
1041,NPEX,HttpComponents_Client-f6333a50,0,d6dbe21905c3458f80fa32c7d4277239,org.apache.hc.client5.http.impl.async.HttpAsyncClientBuilder,org.apache.hc.client5.http.impl.async.HttpAsyncClientBuilder_ESTest,64,0,False
1042,NPEX,HttpComponents_Client-f6333a50,0,d6dbe21905c3458f80fa32c7d4277239,org.apache.hc.client5.http.impl.async.H2AsyncClientBuilder,org.apache.hc.client5.http.impl.async.H2AsyncClientBuilder_ESTest,60,0,True
1043,NPEX,HttpComponents_Client-f6333a50,0,42c36c28cb504758a6a77cb966097214,org.apache.hc.client5.http.impl.async.HttpAsyncClientBuilder,org.apache.hc.client5.http.impl.async.HttpAsyncClientBuilder_ESTest,61,0,False
1044,NPEX,HttpComponents_Client-f6333a50,0,42c36c28cb504758a6a77cb966097214,org.apache.hc.client5.http.impl.async.H2AsyncClientBuilder,org.apache.hc.client5.http.impl.async.H2AsyncClientBuilder_ESTest,62,0,True
1045,NPEX,HttpComponents_Client-f6333a50,0,c88498e8aaff4204a6e20150ed91cde6,org.apache.hc.client5.http.impl.async.HttpAsyncClientBuilder,org.apache.hc.client5.http.impl.async.HttpAsyncClientBuilder_ESTest,62,0,False
1046,NPEX,HttpComponents_Client-f6333a50,0,c88498e8aaff4204a6e20150ed91cde6,org.apache.hc.client5.http.impl.async.H2AsyncClientBuilder,org.apache.hc.client5.http.impl.async.H2AsyncClientBuilder_ESTest,62,0,True
1047,NPEX,HttpComponents_Client-f6333a50,0,f75a86d5d6dd4db8ab2df9cd1cff26c2,org.apache.hc.client5.http.impl.async.HttpAsyncClientBuilder,org.apache.hc.client5.http.impl.async.HttpAsyncClientBuilder_ESTest,61,0,False
1048,NPEX,HttpComponents_Client-f6333a50,0,f75a86d5d6dd4db8ab2df9cd1cff26c2,org.apache.hc.client5.http.impl.async.H2AsyncClientBuilder,org.apache.hc.client5.http.impl.async.H2AsyncClientBuilder_ESTest,62,0,True
1049,NPEX,HttpComponents_Client-f6333a50,0,e2ff6fc417514723ad08ad319b9585a4,org.apache.hc.client5.http.impl.async.HttpAsyncClientBuilder,org.apache.hc.client5.http.impl.async.HttpAsyncClientBuilder_ESTest,63,0,False
1050,NPEX,HttpComponents_Client-f6333a50,0,e2ff6fc417514723ad08ad319b9585a4,org.apache.hc.client5.http.impl.async.H2AsyncClientBuilder,org.apache.hc.client5.http.impl.async.H2AsyncClientBuilder_ESTest,62,0,True
1051,NPEX,HttpComponents_Client-f6333a50,0,e5f1b97affef480197a449addf14358e,org.apache.hc.client5.http.impl.async.HttpAsyncClientBuilder,org.apache.hc.client5.http.impl.async.HttpAsyncClientBuilder_ESTest,62,0,False
1052,NPEX,HttpComponents_Client-f6333a50,0,e5f1b97affef480197a449addf14358e,org.apache.hc.client5.http.impl.async.H2AsyncClientBuilder,org.apache.hc.client5.http.impl.async.H2AsyncClientBuilder_ESTest,63,0,True
1053,NPEX,HttpComponents_Client-f6333a50,0,ac4ba2bec91d46f4aaca417c67b0f024,org.apache.hc.client5.http.impl.async.HttpAsyncClientBuilder,org.apache.hc.client5.http.impl.async.HttpAsyncClientBuilder_ESTest,62,0,False
1054,NPEX,HttpComponents_Client-f6333a50,0,ac4ba2bec91d46f4aaca417c67b0f024,org.apache.hc.client5.http.impl.async.H2AsyncClientBuilder,org.apache.hc.client5.http.impl.async.H2AsyncClientBuilder_ESTest,60,0,True
1055,NPEX,HttpComponents_Client-f6333a50,0,4655c24d8f7d4589997c5d6687a1c61e,org.apache.hc.client5.http.impl.async.HttpAsyncClientBuilder,org.apache.hc.client5.http.impl.async.HttpAsyncClientBuilder_ESTest,64,0,False
1056,NPEX,HttpComponents_Client-f6333a50,0,4655c24d8f7d4589997c5d6687a1c61e,org.apache.hc.client5.http.impl.async.H2AsyncClientBuilder,org.apache.hc.client5.http.impl.async.H2AsyncClientBuilder_ESTest,62,0,True
1057,NPEX,HttpComponents_Client-f6333a50,0,c1cea24c4fa147cd8c096bce63f2457c,org.apache.hc.client5.http.impl.async.HttpAsyncClientBuilder,org.apache.hc.client5.http.impl.async.HttpAsyncClientBuilder_ESTest,62,0,False
1058,NPEX,HttpComponents_Client-f6333a50,0,c1cea24c4fa147cd8c096bce63f2457c,org.apache.hc.client5.http.impl.async.H2AsyncClientBuilder,org.apache.hc.client5.http.impl.async.H2AsyncClientBuilder_ESTest,61,0,True
1059,NPEX,HttpComponents_Client-f6333a50,0,d77359725c314786998470c32c54620f,org.apache.hc.client5.http.impl.async.HttpAsyncClientBuilder,org.apache.hc.client5.http.impl.async.HttpAsyncClientBuilder_ESTest,61,0,False
1060,NPEX,HttpComponents_Client-f6333a50,0,d77359725c314786998470c32c54620f,org.apache.hc.client5.http.impl.async.H2AsyncClientBuilder,org.apache.hc.client5.http.impl.async.H2AsyncClientBuilder_ESTest,61,0,True
1061,NPEX,HttpComponents_Client-f6333a50,0,97919ae26d6e48d0a2361f95472786cc,org.apache.hc.client5.http.impl.async.HttpAsyncClientBuilder,org.apache.hc.client5.http.impl.async.HttpAsyncClientBuilder_ESTest,62,0,False
1062,NPEX,HttpComponents_Client-f6333a50,0,97919ae26d6e48d0a2361f95472786cc,org.apache.hc.client5.http.impl.async.H2AsyncClientBuilder,org.apache.hc.client5.http.impl.async.H2AsyncClientBuilder_ESTest,63,0,True
1063,NPEX,HttpComponents_Client-f6333a50,0,298f0a9a3882418698363e4d071aff1f,org.apache.hc.client5.http.impl.async.HttpAsyncClientBuilder,org.apache.hc.client5.http.impl.async.HttpAsyncClientBuilder_ESTest,62,0,False
1064,NPEX,HttpComponents_Client-f6333a50,0,298f0a9a3882418698363e4d071aff1f,org.apache.hc.client5.http.impl.async.H2AsyncClientBuilder,org.apache.hc.client5.http.impl.async.H2AsyncClientBuilder_ESTest,62,0,True
1065,NPEX,HttpComponents_Client-f6333a50,0,fd8571508ed34a0d870648c091fd8780,org.apache.hc.client5.http.impl.async.H2AsyncClientBuilder,org.apache.hc.client5.http.impl.async.H2AsyncClientBuilder_ESTest,60,0,True
1066,NPEX,HttpComponents_Client-f6333a50,0,ad345f8832bf4da6b89399dfc48e14e1,org.apache.hc.client5.http.impl.async.HttpAsyncClientBuilder,org.apache.hc.client5.http.impl.async.HttpAsyncClientBuilder_ESTest,62,0,False
1067,NPEX,HttpComponents_Client-f6333a50,0,ad345f8832bf4da6b89399dfc48e14e1,org.apache.hc.client5.http.impl.async.H2AsyncClientBuilder,org.apache.hc.client5.http.impl.async.H2AsyncClientBuilder_ESTest,61,0,True
1068,NPEX,HttpComponents_Client-f6333a50,0,e305bddeda754943ace4eef9c85f0637,org.apache.hc.client5.http.impl.async.HttpAsyncClientBuilder,org.apache.hc.client5.http.impl.async.HttpAsyncClientBuilder_ESTest,62,0,False
1069,NPEX,HttpComponents_Client-f6333a50,0,e305bddeda754943ace4eef9c85f0637,org.apache.hc.client5.http.impl.async.H2AsyncClientBuilder,org.apache.hc.client5.http.impl.async.H2AsyncClientBuilder_ESTest,61,0,True
1070,NPEX,HttpComponents_Client-f6333a50,1,d6dbe21905c3458f80fa32c7d4277239,org.apache.hc.client5.http.impl.async.HttpAsyncClientBuilder,org.apache.hc.client5.http.impl.async.HttpAsyncClientBuilder_ESTest,64,0,False
1071,NPEX,HttpComponents_Client-f6333a50,1,d6dbe21905c3458f80fa32c7d4277239,org.apache.hc.client5.http.impl.async.H2AsyncClientBuilder,org.apache.hc.client5.http.impl.async.H2AsyncClientBuilder_ESTest,60,0,True
1072,NPEX,HttpComponents_Client-f6333a50,1,42c36c28cb504758a6a77cb966097214,org.apache.hc.client5.http.impl.async.HttpAsyncClientBuilder,org.apache.hc.client5.http.impl.async.HttpAsyncClientBuilder_ESTest,61,0,False
1073,NPEX,HttpComponents_Client-f6333a50,1,42c36c28cb504758a6a77cb966097214,org.apache.hc.client5.http.impl.async.H2AsyncClientBuilder,org.apache.hc.client5.http.impl.async.H2AsyncClientBuilder_ESTest,62,0,True
1074,NPEX,HttpComponents_Client-f6333a50,1,c88498e8aaff4204a6e20150ed91cde6,org.apache.hc.client5.http.impl.async.HttpAsyncClientBuilder,org.apache.hc.client5.http.impl.async.HttpAsyncClientBuilder_ESTest,62,0,False
1075,NPEX,HttpComponents_Client-f6333a50,1,c88498e8aaff4204a6e20150ed91cde6,org.apache.hc.client5.http.impl.async.H2AsyncClientBuilder,org.apache.hc.client5.http.impl.async.H2AsyncClientBuilder_ESTest,62,0,True
1076,NPEX,HttpComponents_Client-f6333a50,1,f75a86d5d6dd4db8ab2df9cd1cff26c2,org.apache.hc.client5.http.impl.async.HttpAsyncClientBuilder,org.apache.hc.client5.http.impl.async.HttpAsyncClientBuilder_ESTest,61,0,False
1077,NPEX,HttpComponents_Client-f6333a50,1,f75a86d5d6dd4db8ab2df9cd1cff26c2,org.apache.hc.client5.http.impl.async.H2AsyncClientBuilder,org.apache.hc.client5.http.impl.async.H2AsyncClientBuilder_ESTest,62,0,True
1078,NPEX,HttpComponents_Client-f6333a50,1,e2ff6fc417514723ad08ad319b9585a4,org.apache.hc.client5.http.impl.async.HttpAsyncClientBuilder,org.apache.hc.client5.http.impl.async.HttpAsyncClientBuilder_ESTest,63,0,False
1079,NPEX,HttpComponents_Client-f6333a50,1,e2ff6fc417514723ad08ad319b9585a4,org.apache.hc.client5.http.impl.async.H2AsyncClientBuilder,org.apache.hc.client5.http.impl.async.H2AsyncClientBuilder_ESTest,62,0,True
1080,NPEX,HttpComponents_Client-f6333a50,1,e5f1b97affef480197a449addf14358e,org.apache.hc.client5.http.impl.async.HttpAsyncClientBuilder,org.apache.hc.client5.http.impl.async.HttpAsyncClientBuilder_ESTest,62,0,False
1081,NPEX,HttpComponents_Client-f6333a50,1,e5f1b97affef480197a449addf14358e,org.apache.hc.client5.http.impl.async.H2AsyncClientBuilder,org.apache.hc.client5.http.impl.async.H2AsyncClientBuilder_ESTest,63,0,True
1082,NPEX,HttpComponents_Client-f6333a50,1,ac4ba2bec91d46f4aaca417c67b0f024,org.apache.hc.client5.http.impl.async.HttpAsyncClientBuilder,org.apache.hc.client5.http.impl.async.HttpAsyncClientBuilder_ESTest,62,0,False
1083,NPEX,HttpComponents_Client-f6333a50,1,ac4ba2bec91d46f4aaca417c67b0f024,org.apache.hc.client5.http.impl.async.H2AsyncClientBuilder,org.apache.hc.client5.http.impl.async.H2AsyncClientBuilder_ESTest,60,0,True
1084,NPEX,HttpComponents_Client-f6333a50,1,4655c24d8f7d4589997c5d6687a1c61e,org.apache.hc.client5.http.impl.async.HttpAsyncClientBuilder,org.apache.hc.client5.http.impl.async.HttpAsyncClientBuilder_ESTest,64,0,False
1085,NPEX,HttpComponents_Client-f6333a50,1,4655c24d8f7d4589997c5d6687a1c61e,org.apache.hc.client5.http.impl.async.H2AsyncClientBuilder,org.apache.hc.client5.http.impl.async.H2AsyncClientBuilder_ESTest,62,0,True
1086,NPEX,HttpComponents_Client-f6333a50,1,c1cea24c4fa147cd8c096bce63f2457c,org.apache.hc.client5.http.impl.async.HttpAsyncClientBuilder,org.apache.hc.client5.http.impl.async.HttpAsyncClientBuilder_ESTest,62,0,False
1087,NPEX,HttpComponents_Client-f6333a50,1,c1cea24c4fa147cd8c096bce63f2457c,org.apache.hc.client5.http.impl.async.H2AsyncClientBuilder,org.apache.hc.client5.http.impl.async.H2AsyncClientBuilder_ESTest,61,0,True
1088,NPEX,HttpComponents_Client-f6333a50,1,d77359725c314786998470c32c54620f,org.apache.hc.client5.http.impl.async.HttpAsyncClientBuilder,org.apache.hc.client5.http.impl.async.HttpAsyncClientBuilder_ESTest,61,0,False
1089,NPEX,HttpComponents_Client-f6333a50,1,d77359725c314786998470c32c54620f,org.apache.hc.client5.http.impl.async.H2AsyncClientBuilder,org.apache.hc.client5.http.impl.async.H2AsyncClientBuilder_ESTest,61,0,True
1090,NPEX,HttpComponents_Client-f6333a50,1,97919ae26d6e48d0a2361f95472786cc,org.apache.hc.client5.http.impl.async.HttpAsyncClientBuilder,org.apache.hc.client5.http.impl.async.HttpAsyncClientBuilder_ESTest,62,0,False
1091,NPEX,HttpComponents_Client-f6333a50,1,97919ae26d6e48d0a2361f95472786cc,org.apache.hc.client5.http.impl.async.H2AsyncClientBuilder,org.apache.hc.client5.http.impl.async.H2AsyncClientBuilder_ESTest,63,0,True
1092,NPEX,HttpComponents_Client-f6333a50,1,298f0a9a3882418698363e4d071aff1f,org.apache.hc.client5.http.impl.async.HttpAsyncClientBuilder,org.apache.hc.client5.http.impl.async.HttpAsyncClientBuilder_ESTest,62,0,False
1093,NPEX,HttpComponents_Client-f6333a50,1,298f0a9a3882418698363e4d071aff1f,org.apache.hc.client5.http.impl.async.H2AsyncClientBuilder,org.apache.hc.client5.http.impl.async.H2AsyncClientBuilder_ESTest,62,0,True
1094,NPEX,HttpComponents_Client-f6333a50,1,fd8571508ed34a0d870648c091fd8780,org.apache.hc.client5.http.impl.async.H2AsyncClientBuilder,org.apache.hc.client5.http.impl.async.H2AsyncClientBuilder_ESTest,60,0,True
1095,NPEX,HttpComponents_Client-f6333a50,1,ad345f8832bf4da6b89399dfc48e14e1,org.apache.hc.client5.http.impl.async.HttpAsyncClientBuilder,org.apache.hc.client5.http.impl.async.HttpAsyncClientBuilder_ESTest,62,0,False
1096,NPEX,HttpComponents_Client-f6333a50,1,ad345f8832bf4da6b89399dfc48e14e1,org.apache.hc.client5.http.impl.async.H2AsyncClientBuilder,org.apache.hc.client5.http.impl.async.H2AsyncClientBuilder_ESTest,61,0,True
1097,NPEX,HttpComponents_Client-f6333a50,1,e305bddeda754943ace4eef9c85f0637,org.apache.hc.client5.http.impl.async.HttpAsyncClientBuilder,org.apache.hc.client5.http.impl.async.HttpAsyncClientBuilder_ESTest,62,0,False
1098,NPEX,HttpComponents_Client-f6333a50,1,e305bddeda754943ace4eef9c85f0637,org.apache.hc.client5.http.impl.async.H2AsyncClientBuilder,org.apache.hc.client5.http.impl.async.H2AsyncClientBuilder_ESTest,61,0,True
1099,NPEX,HttpComponents_Client-f6333a50,2,d6dbe21905c3458f80fa32c7d4277239,org.apache.hc.client5.http.impl.async.HttpAsyncClientBuilder,org.apache.hc.client5.http.impl.async.HttpAsyncClientBuilder_ESTest,64,0,True
1100,NPEX,HttpComponents_Client-f6333a50,2,d6dbe21905c3458f80fa32c7d4277239,org.apache.hc.client5.http.impl.async.H2AsyncClientBuilder,org.apache.hc.client5.http.impl.async.H2AsyncClientBuilder_ESTest,60,0,False
1101,NPEX,HttpComponents_Client-f6333a50,2,42c36c28cb504758a6a77cb966097214,org.apache.hc.client5.http.impl.async.HttpAsyncClientBuilder,org.apache.hc.client5.http.impl.async.HttpAsyncClientBuilder_ESTest,61,0,True
1102,NPEX,HttpComponents_Client-f6333a50,2,42c36c28cb504758a6a77cb966097214,org.apache.hc.client5.http.impl.async.H2AsyncClientBuilder,org.apache.hc.client5.http.impl.async.H2AsyncClientBuilder_ESTest,62,0,False
1103,NPEX,HttpComponents_Client-f6333a50,2,c88498e8aaff4204a6e20150ed91cde6,org.apache.hc.client5.http.impl.async.HttpAsyncClientBuilder,org.apache.hc.client5.http.impl.async.HttpAsyncClientBuilder_ESTest,62,0,True
1104,NPEX,HttpComponents_Client-f6333a50,2,c88498e8aaff4204a6e20150ed91cde6,org.apache.hc.client5.http.impl.async.H2AsyncClientBuilder,org.apache.hc.client5.http.impl.async.H2AsyncClientBuilder_ESTest,62,0,False
1105,NPEX,HttpComponents_Client-f6333a50,2,f75a86d5d6dd4db8ab2df9cd1cff26c2,org.apache.hc.client5.http.impl.async.HttpAsyncClientBuilder,org.apache.hc.client5.http.impl.async.HttpAsyncClientBuilder_ESTest,61,0,True
1106,NPEX,HttpComponents_Client-f6333a50,2,f75a86d5d6dd4db8ab2df9cd1cff26c2,org.apache.hc.client5.http.impl.async.H2AsyncClientBuilder,org.apache.hc.client5.http.impl.async.H2AsyncClientBuilder_ESTest,62,0,False
1107,NPEX,HttpComponents_Client-f6333a50,2,e2ff6fc417514723ad08ad319b9585a4,org.apache.hc.client5.http.impl.async.HttpAsyncClientBuilder,org.apache.hc.client5.http.impl.async.HttpAsyncClientBuilder_ESTest,63,0,True
1108,NPEX,HttpComponents_Client-f6333a50,2,e2ff6fc417514723ad08ad319b9585a4,org.apache.hc.client5.http.impl.async.H2AsyncClientBuilder,org.apache.hc.client5.http.impl.async.H2AsyncClientBuilder_ESTest,62,0,False
1109,NPEX,HttpComponents_Client-f6333a50,2,e5f1b97affef480197a449addf14358e,org.apache.hc.client5.http.impl.async.HttpAsyncClientBuilder,org.apache.hc.client5.http.impl.async.HttpAsyncClientBuilder_ESTest,62,0,True
1110,NPEX,HttpComponents_Client-f6333a50,2,e5f1b97affef480197a449addf14358e,org.apache.hc.client5.http.impl.async.H2AsyncClientBuilder,org.apache.hc.client5.http.impl.async.H2AsyncClientBuilder_ESTest,63,0,False
1111,NPEX,HttpComponents_Client-f6333a50,2,ac4ba2bec91d46f4aaca417c67b0f024,org.apache.hc.client5.http.impl.async.HttpAsyncClientBuilder,org.apache.hc.client5.http.impl.async.HttpAsyncClientBuilder_ESTest,62,0,True
1112,NPEX,HttpComponents_Client-f6333a50,2,ac4ba2bec91d46f4aaca417c67b0f024,org.apache.hc.client5.http.impl.async.H2AsyncClientBuilder,org.apache.hc.client5.http.impl.async.H2AsyncClientBuilder_ESTest,60,0,False
1113,NPEX,HttpComponents_Client-f6333a50,2,4655c24d8f7d4589997c5d6687a1c61e,org.apache.hc.client5.http.impl.async.HttpAsyncClientBuilder,org.apache.hc.client5.http.impl.async.HttpAsyncClientBuilder_ESTest,64,0,True
1114,NPEX,HttpComponents_Client-f6333a50,2,4655c24d8f7d4589997c5d6687a1c61e,org.apache.hc.client5.http.impl.async.H2AsyncClientBuilder,org.apache.hc.client5.http.impl.async.H2AsyncClientBuilder_ESTest,62,0,False
1115,NPEX,HttpComponents_Client-f6333a50,2,c1cea24c4fa147cd8c096bce63f2457c,org.apache.hc.client5.http.impl.async.HttpAsyncClientBuilder,org.apache.hc.client5.http.impl.async.HttpAsyncClientBuilder_ESTest,62,0,True
1116,NPEX,HttpComponents_Client-f6333a50,2,c1cea24c4fa147cd8c096bce63f2457c,org.apache.hc.client5.http.impl.async.H2AsyncClientBuilder,org.apache.hc.client5.http.impl.async.H2AsyncClientBuilder_ESTest,61,0,False
1117,NPEX,HttpComponents_Client-f6333a50,2,d77359725c314786998470c32c54620f,org.apache.hc.client5.http.impl.async.HttpAsyncClientBuilder,org.apache.hc.client5.http.impl.async.HttpAsyncClientBuilder_ESTest,61,0,True
1118,NPEX,HttpComponents_Client-f6333a50,2,d77359725c314786998470c32c54620f,org.apache.hc.client5.http.impl.async.H2AsyncClientBuilder,org.apache.hc.client5.http.impl.async.H2AsyncClientBuilder_ESTest,61,0,False
1119,NPEX,HttpComponents_Client-f6333a50,2,97919ae26d6e48d0a2361f95472786cc,org.apache.hc.client5.http.impl.async.HttpAsyncClientBuilder,org.apache.hc.client5.http.impl.async.HttpAsyncClientBuilder_ESTest,62,0,True
1120,NPEX,HttpComponents_Client-f6333a50,2,97919ae26d6e48d0a2361f95472786cc,org.apache.hc.client5.http.impl.async.H2AsyncClientBuilder,org.apache.hc.client5.http.impl.async.H2AsyncClientBuilder_ESTest,63,0,False
1121,NPEX,HttpComponents_Client-f6333a50,2,298f0a9a3882418698363e4d071aff1f,org.apache.hc.client5.http.impl.async.HttpAsyncClientBuilder,org.apache.hc.client5.http.impl.async.HttpAsyncClientBuilder_ESTest,62,0,True
1122,NPEX,HttpComponents_Client-f6333a50,2,298f0a9a3882418698363e4d071aff1f,org.apache.hc.client5.http.impl.async.H2AsyncClientBuilder,org.apache.hc.client5.http.impl.async.H2AsyncClientBuilder_ESTest,62,0,False
1123,NPEX,HttpComponents_Client-f6333a50,2,fd8571508ed34a0d870648c091fd8780,org.apache.hc.client5.http.impl.async.H2AsyncClientBuilder,org.apache.hc.client5.http.impl.async.H2AsyncClientBuilder_ESTest,60,0,False
1124,NPEX,HttpComponents_Client-f6333a50,2,ad345f8832bf4da6b89399dfc48e14e1,org.apache.hc.client5.http.impl.async.HttpAsyncClientBuilder,org.apache.hc.client5.http.impl.async.HttpAsyncClientBuilder_ESTest,62,0,True
1125,NPEX,HttpComponents_Client-f6333a50,2,ad345f8832bf4da6b89399dfc48e14e1,org.apache.hc.client5.http.impl.async.H2AsyncClientBuilder,org.apache.hc.client5.http.impl.async.H2AsyncClientBuilder_ESTest,61,0,False
1126,NPEX,HttpComponents_Client-f6333a50,2,e305bddeda754943ace4eef9c85f0637,org.apache.hc.client5.http.impl.async.HttpAsyncClientBuilder,org.apache.hc.client5.http.impl.async.HttpAsyncClientBuilder_ESTest,62,0,True
1127,NPEX,HttpComponents_Client-f6333a50,2,e305bddeda754943ace4eef9c85f0637,org.apache.hc.client5.http.impl.async.H2AsyncClientBuilder,org.apache.hc.client5.http.impl.async.H2AsyncClientBuilder_ESTest,61,0,False
1128,NPEX,HttpComponents_Client-f6333a50,3,d6dbe21905c3458f80fa32c7d4277239,org.apache.hc.client5.http.impl.async.HttpAsyncClientBuilder,org.apache.hc.client5.http.impl.async.HttpAsyncClientBuilder_ESTest,64,0,True
1129,NPEX,HttpComponents_Client-f6333a50,3,d6dbe21905c3458f80fa32c7d4277239,org.apache.hc.client5.http.impl.async.H2AsyncClientBuilder,org.apache.hc.client5.http.impl.async.H2AsyncClientBuilder_ESTest,60,0,False
1130,NPEX,HttpComponents_Client-f6333a50,3,42c36c28cb504758a6a77cb966097214,org.apache.hc.client5.http.impl.async.HttpAsyncClientBuilder,org.apache.hc.client5.http.impl.async.HttpAsyncClientBuilder_ESTest,61,0,True
1131,NPEX,HttpComponents_Client-f6333a50,3,42c36c28cb504758a6a77cb966097214,org.apache.hc.client5.http.impl.async.H2AsyncClientBuilder,org.apache.hc.client5.http.impl.async.H2AsyncClientBuilder_ESTest,62,0,False
1132,NPEX,HttpComponents_Client-f6333a50,3,c88498e8aaff4204a6e20150ed91cde6,org.apache.hc.client5.http.impl.async.HttpAsyncClientBuilder,org.apache.hc.client5.http.impl.async.HttpAsyncClientBuilder_ESTest,62,0,True
1133,NPEX,HttpComponents_Client-f6333a50,3,c88498e8aaff4204a6e20150ed91cde6,org.apache.hc.client5.http.impl.async.H2AsyncClientBuilder,org.apache.hc.client5.http.impl.async.H2AsyncClientBuilder_ESTest,62,0,False
1134,NPEX,HttpComponents_Client-f6333a50,3,f75a86d5d6dd4db8ab2df9cd1cff26c2,org.apache.hc.client5.http.impl.async.HttpAsyncClientBuilder,org.apache.hc.client5.http.impl.async.HttpAsyncClientBuilder_ESTest,61,0,True
1135,NPEX,HttpComponents_Client-f6333a50,3,f75a86d5d6dd4db8ab2df9cd1cff26c2,org.apache.hc.client5.http.impl.async.H2AsyncClientBuilder,org.apache.hc.client5.http.impl.async.H2AsyncClientBuilder_ESTest,62,0,False
1136,NPEX,HttpComponents_Client-f6333a50,3,e2ff6fc417514723ad08ad319b9585a4,org.apache.hc.client5.http.impl.async.HttpAsyncClientBuilder,org.apache.hc.client5.http.impl.async.HttpAsyncClientBuilder_ESTest,63,0,True
1137,NPEX,HttpComponents_Client-f6333a50,3,e2ff6fc417514723ad08ad319b9585a4,org.apache.hc.client5.http.impl.async.H2AsyncClientBuilder,org.apache.hc.client5.http.impl.async.H2AsyncClientBuilder_ESTest,62,0,False
1138,NPEX,HttpComponents_Client-f6333a50,3,e5f1b97affef480197a449addf14358e,org.apache.hc.client5.http.impl.async.HttpAsyncClientBuilder,org.apache.hc.client5.http.impl.async.HttpAsyncClientBuilder_ESTest,62,0,True
1139,NPEX,HttpComponents_Client-f6333a50,3,e5f1b97affef480197a449addf14358e,org.apache.hc.client5.http.impl.async.H2AsyncClientBuilder,org.apache.hc.client5.http.impl.async.H2AsyncClientBuilder_ESTest,63,0,False
1140,NPEX,HttpComponents_Client-f6333a50,3,ac4ba2bec91d46f4aaca417c67b0f024,org.apache.hc.client5.http.impl.async.HttpAsyncClientBuilder,org.apache.hc.client5.http.impl.async.HttpAsyncClientBuilder_ESTest,62,0,True
1141,NPEX,HttpComponents_Client-f6333a50,3,ac4ba2bec91d46f4aaca417c67b0f024,org.apache.hc.client5.http.impl.async.H2AsyncClientBuilder,org.apache.hc.client5.http.impl.async.H2AsyncClientBuilder_ESTest,60,0,False
1142,NPEX,HttpComponents_Client-f6333a50,3,4655c24d8f7d4589997c5d6687a1c61e,org.apache.hc.client5.http.impl.async.HttpAsyncClientBuilder,org.apache.hc.client5.http.impl.async.HttpAsyncClientBuilder_ESTest,64,0,True
1143,NPEX,HttpComponents_Client-f6333a50,3,4655c24d8f7d4589997c5d6687a1c61e,org.apache.hc.client5.http.impl.async.H2AsyncClientBuilder,org.apache.hc.client5.http.impl.async.H2AsyncClientBuilder_ESTest,62,0,False
1144,NPEX,HttpComponents_Client-f6333a50,3,c1cea24c4fa147cd8c096bce63f2457c,org.apache.hc.client5.http.impl.async.HttpAsyncClientBuilder,org.apache.hc.client5.http.impl.async.HttpAsyncClientBuilder_ESTest,62,0,True
1145,NPEX,HttpComponents_Client-f6333a50,3,c1cea24c4fa147cd8c096bce63f2457c,org.apache.hc.client5.http.impl.async.H2AsyncClientBuilder,org.apache.hc.client5.http.impl.async.H2AsyncClientBuilder_ESTest,61,0,False
1146,NPEX,HttpComponents_Client-f6333a50,3,d77359725c314786998470c32c54620f,org.apache.hc.client5.http.impl.async.HttpAsyncClientBuilder,org.apache.hc.client5.http.impl.async.HttpAsyncClientBuilder_ESTest,61,0,True
1147,NPEX,HttpComponents_Client-f6333a50,3,d77359725c314786998470c32c54620f,org.apache.hc.client5.http.impl.async.H2AsyncClientBuilder,org.apache.hc.client5.http.impl.async.H2AsyncClientBuilder_ESTest,61,0,False
1148,NPEX,HttpComponents_Client-f6333a50,3,97919ae26d6e48d0a2361f95472786cc,org.apache.hc.client5.http.impl.async.HttpAsyncClientBuilder,org.apache.hc.client5.http.impl.async.HttpAsyncClientBuilder_ESTest,62,0,True
1149,NPEX,HttpComponents_Client-f6333a50,3,97919ae26d6e48d0a2361f95472786cc,org.apache.hc.client5.http.impl.async.H2AsyncClientBuilder,org.apache.hc.client5.http.impl.async.H2AsyncClientBuilder_ESTest,63,0,False
1150,NPEX,HttpComponents_Client-f6333a50,3,298f0a9a3882418698363e4d071aff1f,org.apache.hc.client5.http.impl.async.HttpAsyncClientBuilder,org.apache.hc.client5.http.impl.async.HttpAsyncClientBuilder_ESTest,62,0,True
1151,NPEX,HttpComponents_Client-f6333a50,3,298f0a9a3882418698363e4d071aff1f,org.apache.hc.client5.http.impl.async.H2AsyncClientBuilder,org.apache.hc.client5.http.impl.async.H2AsyncClientBuilder_ESTest,62,0,False
1152,NPEX,HttpComponents_Client-f6333a50,3,fd8571508ed34a0d870648c091fd8780,org.apache.hc.client5.http.impl.async.H2AsyncClientBuilder,org.apache.hc.client5.http.impl.async.H2AsyncClientBuilder_ESTest,60,0,False
1153,NPEX,HttpComponents_Client-f6333a50,3,ad345f8832bf4da6b89399dfc48e14e1,org.apache.hc.client5.http.impl.async.HttpAsyncClientBuilder,org.apache.hc.client5.http.impl.async.HttpAsyncClientBuilder_ESTest,62,0,True
1154,NPEX,HttpComponents_Client-f6333a50,3,ad345f8832bf4da6b89399dfc48e14e1,org.apache.hc.client5.http.impl.async.H2AsyncClientBuilder,org.apache.hc.client5.http.impl.async.H2AsyncClientBuilder_ESTest,61,0,False
1155,NPEX,HttpComponents_Client-f6333a50,3,e305bddeda754943ace4eef9c85f0637,org.apache.hc.client5.http.impl.async.HttpAsyncClientBuilder,org.apache.hc.client5.http.impl.async.HttpAsyncClientBuilder_ESTest,62,0,True
1156,NPEX,HttpComponents_Client-f6333a50,3,e305bddeda754943ace4eef9c85f0637,org.apache.hc.client5.http.impl.async.H2AsyncClientBuilder,org.apache.hc.client5.http.impl.async.H2AsyncClientBuilder_ESTest,61,0,False
1157,NPEX,Async_Http_Client-fbc6d486,0,861fe142bd5a48b684757adef2979c6d,org.asynchttpclient.RequestBuilderBase,org.asynchttpclient.RequestBuilderBase_ESTest,1,0,False
1158,NPEX,Async_Http_Client-fbc6d486,0,12d617695480453faa4acf95d0ca8641,org.asynchttpclient.RequestBuilderBase,org.asynchttpclient.RequestBuilderBase_ESTest,1,0,False
1159,NPEX,Async_Http_Client-fbc6d486,0,1deb41b2f3e24a4da74af4f3ff6062ab,org.asynchttpclient.RequestBuilderBase,org.asynchttpclient.RequestBuilderBase_ESTest,1,0,False
1160,NPEX,Async_Http_Client-fbc6d486,0,357e5b5b30104c8a9290394b78f0c0a4,org.asynchttpclient.RequestBuilderBase,org.asynchttpclient.RequestBuilderBase_ESTest,1,0,False
1161,NPEX,Async_Http_Client-fbc6d486,0,2214a52acb7a4bf59274f6da5928d237,org.asynchttpclient.RequestBuilderBase,org.asynchttpclient.RequestBuilderBase_ESTest,1,0,False
1162,NPEX,Async_Http_Client-fbc6d486,0,b38eda0b57a945d79bf37b1f78971e46,org.asynchttpclient.RequestBuilderBase,org.asynchttpclient.RequestBuilderBase_ESTest,1,0,False
1163,NPEX,Async_Http_Client-fbc6d486,0,f45b3a53ad1a4ac081e762151be26423,org.asynchttpclient.RequestBuilderBase,org.asynchttpclient.RequestBuilderBase_ESTest,1,0,False
1164,NPEX,Async_Http_Client-fbc6d486,0,b806c9aac16c4985bad62f805d741656,org.asynchttpclient.RequestBuilderBase,org.asynchttpclient.RequestBuilderBase_ESTest,1,0,False
1165,NPEX,Async_Http_Client-fbc6d486,0,fb1db9968dd346a5b8a377d794fec104,org.asynchttpclient.RequestBuilderBase,org.asynchttpclient.RequestBuilderBase_ESTest,1,0,False
1166,NPEX,Async_Http_Client-fbc6d486,0,36d3cadbfdb44f8aa2e38618667843f4,org.asynchttpclient.RequestBuilderBase,org.asynchttpclient.RequestBuilderBase_ESTest,1,0,False
1167,NPEX,Async_Http_Client-fbc6d486,0,247757cc4f204c2f9f2a09f54b58abd6,org.asynchttpclient.RequestBuilderBase,org.asynchttpclient.RequestBuilderBase_ESTest,1,0,False
1168,NPEX,Async_Http_Client-fbc6d486,0,f41d3b18dc2640a7a6c2f974d22ca4fa,org.asynchttpclient.RequestBuilderBase,org.asynchttpclient.RequestBuilderBase_ESTest,1,0,False
1169,NPEX,Async_Http_Client-fbc6d486,0,9f9ad75709cc4a4198ae6fd28a854e06,org.asynchttpclient.RequestBuilderBase,org.asynchttpclient.RequestBuilderBase_ESTest,1,0,False
1170,NPEX,Async_Http_Client-fbc6d486,0,c1f713a085614923899ebab347eace85,org.asynchttpclient.RequestBuilderBase,org.asynchttpclient.RequestBuilderBase_ESTest,1,0,False
1171,NPEX,Async_Http_Client-fbc6d486,0,f5aae19bf23b4851b012966d13a176ae,org.asynchttpclient.RequestBuilderBase,org.asynchttpclient.RequestBuilderBase_ESTest,1,0,False
1172,NPEX,ShardingSphere-9833fb9a,0,341cc850f76e4c69b5e2faeec19612be,org.apache.shardingsphere.governance.core.yaml.swapper.SchemaYamlSwapper,org.apache.shardingsphere.governance.core.yaml.swapper.SchemaYamlSwapper_ESTest,5,0,True
1173,NPEX,ShardingSphere-9833fb9a,0,df23fa9e8d964778b8c9dd31613d2d4d,org.apache.shardingsphere.governance.core.yaml.swapper.SchemaYamlSwapper,org.apache.shardingsphere.governance.core.yaml.swapper.SchemaYamlSwapper_ESTest,5,0,True
1174,NPEX,ShardingSphere-9833fb9a,0,3db9be29631b499b85c0d7432b8a84aa,org.apache.shardingsphere.governance.core.yaml.swapper.SchemaYamlSwapper,org.apache.shardingsphere.governance.core.yaml.swapper.SchemaYamlSwapper_ESTest,4,0,False
1175,NPEX,ShardingSphere-9833fb9a,0,8c384772a1324eb2ba437b82437392bf,org.apache.shardingsphere.governance.core.yaml.swapper.SchemaYamlSwapper,org.apache.shardingsphere.governance.core.yaml.swapper.SchemaYamlSwapper_ESTest,5,0,False
1176,NPEX,ShardingSphere-9833fb9a,0,cddc3b7d8f824ad897dc1c4e62c8a768,org.apache.shardingsphere.governance.core.yaml.swapper.SchemaYamlSwapper,org.apache.shardingsphere.governance.core.yaml.swapper.SchemaYamlSwapper_ESTest,5,0,True
1177,NPEX,ShardingSphere-9833fb9a,0,2ce4678e5c934cf39ac9c305d63cee1f,org.apache.shardingsphere.governance.core.yaml.swapper.SchemaYamlSwapper,org.apache.shardingsphere.governance.core.yaml.swapper.SchemaYamlSwapper_ESTest,5,0,True
1178,NPEX,ShardingSphere-9833fb9a,0,0256aeaa37084a9392294e6bf3a134d3,org.apache.shardingsphere.governance.core.yaml.swapper.SchemaYamlSwapper,org.apache.shardingsphere.governance.core.yaml.swapper.SchemaYamlSwapper_ESTest,5,0,True
1179,NPEX,ShardingSphere-9833fb9a,0,30cfc8eacf514580a073c23f1fd86b8a,org.apache.shardingsphere.governance.core.yaml.swapper.SchemaYamlSwapper,org.apache.shardingsphere.governance.core.yaml.swapper.SchemaYamlSwapper_ESTest,5,0,True
1180,NPEX,Easy_Rules-d5385af5,0,7430351c2c674658a2a23530e741398f,org.jeasy.rules.mvel.MVELRuleDefinitionReader,org.jeasy.rules.mvel.MVELRuleDefinitionReader_ESTest,10,0,True
1181,NPEX,Easy_Rules-d5385af5,0,c364243a7ad14b1aa0605c8e24db289d,org.jeasy.rules.mvel.MVELRuleDefinitionReader,org.jeasy.rules.mvel.MVELRuleDefinitionReader_ESTest,11,0,False
1182,NPEX,Easy_Rules-d5385af5,0,966685c3aca749fb9816dd91686bbf67,org.jeasy.rules.mvel.MVELRuleDefinitionReader,org.jeasy.rules.mvel.MVELRuleDefinitionReader_ESTest,10,0,False
1183,NPEX,Easy_Rules-d5385af5,0,8d63ad31328b432b97b15318ef72b5d7,org.jeasy.rules.mvel.MVELRuleDefinitionReader,org.jeasy.rules.mvel.MVELRuleDefinitionReader_ESTest,9,0,True
1184,NPEX,Easy_Rules-d5385af5,0,5b646f63959c4bbc906637500194076a,org.jeasy.rules.mvel.MVELRuleDefinitionReader,org.jeasy.rules.mvel.MVELRuleDefinitionReader_ESTest,10,0,True
1185,NPEX,Easy_Rules-d5385af5,0,ef3c7e3bd7414eb4a8bc052daab11327,org.jeasy.rules.mvel.MVELRuleDefinitionReader,org.jeasy.rules.mvel.MVELRuleDefinitionReader_ESTest,9,0,True
1186,NPEX,Easy_Rules-d5385af5,0,e3f4bdf7814e4afca6513a2cd40a97db,org.jeasy.rules.mvel.MVELRuleDefinitionReader,org.jeasy.rules.mvel.MVELRuleDefinitionReader_ESTest,8,0,True
1187,NPEX,Easy_Rules-d5385af5,0,6704b1ac15724dbcafbd13065add262d,org.jeasy.rules.mvel.MVELRuleDefinitionReader,org.jeasy.rules.mvel.MVELRuleDefinitionReader_ESTest,7,0,True
1188,NPEX,Easy_Rules-d5385af5,0,d1e9245f88734001bcd3514c2e5f4d7c,org.jeasy.rules.mvel.MVELRuleDefinitionReader,org.jeasy.rules.mvel.MVELRuleDefinitionReader_ESTest,9,0,True
1189,NPEX,Easy_Rules-d5385af5,0,d9d20e55e6aa43aba37dcc6ef98ea56d,org.jeasy.rules.mvel.MVELRuleDefinitionReader,org.jeasy.rules.mvel.MVELRuleDefinitionReader_ESTest,9,0,True
1190,NPEX,Easy_Rules-d5385af5,0,0bd010c4d0d14474a847f07db9af6849,org.jeasy.rules.mvel.MVELRuleDefinitionReader,org.jeasy.rules.mvel.MVELRuleDefinitionReader_ESTest,10,0,True
1191,NPEX,Easy_Rules-d5385af5,0,a1dd8b3a8eb04a8694327f313268cf2f,org.jeasy.rules.mvel.MVELRuleDefinitionReader,org.jeasy.rules.mvel.MVELRuleDefinitionReader_ESTest,8,0,True
1192,NPEX,Easy_Rules-d5385af5,0,347eb26dca8f426d91b66411d17d1086,org.jeasy.rules.mvel.MVELRuleDefinitionReader,org.jeasy.rules.mvel.MVELRuleDefinitionReader_ESTest,8,0,True
1193,NPEX,Easy_Rules-d5385af5,0,847653b4edda48ec8c333aba32a1c001,org.jeasy.rules.mvel.MVELRuleDefinitionReader,org.jeasy.rules.mvel.MVELRuleDefinitionReader_ESTest,10,0,True
1194,NPEX,Easy_Rules-d5385af5,0,22fb02b4043d445f941adbb041b5242b,org.jeasy.rules.mvel.MVELRuleDefinitionReader,org.jeasy.rules.mvel.MVELRuleDefinitionReader_ESTest,8,0,True
1195,NPEX,Hivemall-04fa7545,0,6886fd8d6df74d029e9b0131e3d5b9d9,hivemall.GeneralLearnerBaseUDTF,hivemall.GeneralLearnerBaseUDTF_ESTest,12,0,True
1196,NPEX,IoTDB-9bced7b6,0,5e8e9a60aee54e0bb4bf49a554c27072,org.apache.iotdb.db.metadata.MTree,org.apache.iotdb.db.metadata.MTree_ESTest,208,0,False
1197,NPEX,IoTDB-9bced7b6,0,a027a99aa90e4e52a51008cb15d9cdfc,org.apache.iotdb.db.metadata.MTree,org.apache.iotdb.db.metadata.MTree_ESTest,193,0,False
1198,NPEX,IoTDB-9bced7b6,0,ad05b89f75dd4b7689dfec269fe7ea9b,org.apache.iotdb.db.metadata.MTree,org.apache.iotdb.db.metadata.MTree_ESTest,201,0,False
1199,NPEX,IoTDB-9bced7b6,0,3c377f76023744dba8d43893b255a736,org.apache.iotdb.db.metadata.MTree,org.apache.iotdb.db.metadata.MTree_ESTest,197,0,False
1200,NPEX,IoTDB-9bced7b6,0,f8fc041c40a345579a52dbbdc8fbb25e,org.apache.iotdb.db.metadata.MTree,org.apache.iotdb.db.metadata.MTree_ESTest,205,0,False
1201,NPEX,IoTDB-9bced7b6,0,ce18870c2cdb4f4db4460f9cb8e7bda7,org.apache.iotdb.db.metadata.MTree,org.apache.iotdb.db.metadata.MTree_ESTest,211,0,False
1202,NPEX,IoTDB-9bced7b6,0,56b0d9817d594d5a9353de716c56978e,org.apache.iotdb.db.metadata.MTree,org.apache.iotdb.db.metadata.MTree_ESTest,195,0,False
1203,NPEX,IoTDB-9bced7b6,0,c730ebbcbc3b493db56abd8eb1544477,org.apache.iotdb.db.metadata.MTree,org.apache.iotdb.db.metadata.MTree_ESTest,197,0,False
1204,NPEX,IoTDB-9bced7b6,0,f12120fe7dc84c088bb343811d8aee99,org.apache.iotdb.db.metadata.MTree,org.apache.iotdb.db.metadata.MTree_ESTest,198,0,False
1205,NPEX,IoTDB-9bced7b6,0,2e72944132a3495d9220136631dd59af,org.apache.iotdb.db.metadata.MTree,org.apache.iotdb.db.metadata.MTree_ESTest,211,0,False
1206,NPEX,IoTDB-9bced7b6,0,9d0b838f250d48359a1bfa93897dff91,org.apache.iotdb.db.metadata.MTree,org.apache.iotdb.db.metadata.MTree_ESTest,211,0,False
1207,NPEX,IoTDB-9bced7b6,0,0f60e05a2c2b416cb3f82b0a407a160e,org.apache.iotdb.db.metadata.MTree,org.apache.iotdb.db.metadata.MTree_ESTest,197,0,False
1208,NPEX,IoTDB-9bced7b6,0,fbe4996ffea84043a55988088251e61d,org.apache.iotdb.db.metadata.MTree,org.apache.iotdb.db.metadata.MTree_ESTest,195,0,False
1209,Bears,Bears-72,0,cdfc438d8f974a2395fa924949cf37d5,spoon.reflect.visitor.DefaultJavaPrettyPrinter,spoon.reflect.visitor.DefaultJavaPrettyPrinter_ESTest,18,0,False
1210,Bears,Bears-189,0,a1750dc3d3cf450f861f8e2584c9d555,hu.oe.nik.szfmv.detector.classes.Detector,hu.oe.nik.szfmv.detector.classes.Detector_ESTest,8,0,True
1211,Bears,Bears-189,0,a8d05d63ccb44f9cb0cd8269e0da5b28,hu.oe.nik.szfmv.detector.classes.Detector,hu.oe.nik.szfmv.detector.classes.Detector_ESTest,7,0,True
1212,Bears,Bears-189,0,9e120a5ec79742a9be0781266d56ef85,hu.oe.nik.szfmv.detector.classes.Detector,hu.oe.nik.szfmv.detector.classes.Detector_ESTest,7,0,True
1213,Bears,Bears-189,0,62882b4b36574210a9ddc557632857f0,hu.oe.nik.szfmv.detector.classes.Detector,hu.oe.nik.szfmv.detector.classes.Detector_ESTest,7,0,True
1214,Bears,Bears-189,0,1578c79123f7406bab0470fb9063a951,hu.oe.nik.szfmv.detector.classes.Detector,hu.oe.nik.szfmv.detector.classes.Detector_ESTest,7,0,True
1215,Bears,Bears-189,0,11ba25b9f19e4ddb8a4ca7ab520c1ec8,hu.oe.nik.szfmv.detector.classes.Detector,hu.oe.nik.szfmv.detector.classes.Detector_ESTest,8,0,True
1216,Bears,Bears-189,0,8621e27a587c4a4b9c9115e58f340844,hu.oe.nik.szfmv.detector.classes.Detector,hu.oe.nik.szfmv.detector.classes.Detector_ESTest,7,0,True
1217,Bears,Bears-189,0,e8775704cbf84d41bcf0737af27692d4,hu.oe.nik.szfmv.detector.classes.Detector,hu.oe.nik.szfmv.detector.classes.Detector_ESTest,7,0,True
1218,Bears,Bears-189,0,eb24d1dc569642ffb45df8e8bc4e1da9,hu.oe.nik.szfmv.detector.classes.Detector,hu.oe.nik.szfmv.detector.classes.Detector_ESTest,7,0,True
1219,Bears,Bears-189,0,e276ccce73494aef9ea27cb0f8145053,hu.oe.nik.szfmv.detector.classes.Detector,hu.oe.nik.szfmv.detector.classes.Detector_ESTest,7,0,True
1220,Bears,Bears-189,0,1d69af10cea54c469576e38de51b10b2,hu.oe.nik.szfmv.detector.classes.Detector,hu.oe.nik.szfmv.detector.classes.Detector_ESTest,8,0,True
1221,Bears,Bears-189,0,33f0fcc2371c4f5b81485fceca85403c,hu.oe.nik.szfmv.detector.classes.Detector,hu.oe.nik.szfmv.detector.classes.Detector_ESTest,7,0,True
1222,Bears,Bears-189,0,b2b1686e10b546a5881f524516dcb2f7,hu.oe.nik.szfmv.detector.classes.Detector,hu.oe.nik.szfmv.detector.classes.Detector_ESTest,7,0,True
1223,Bears,Bears-189,0,81afd9d276ea4ec98147f2fe42682da1,hu.oe.nik.szfmv.detector.classes.Detector,hu.oe.nik.szfmv.detector.classes.Detector_ESTest,8,0,True
1224,Bears,Bears-189,0,7ce38250443e49e3bdbff638b68c2241,hu.oe.nik.szfmv.detector.classes.Detector,hu.oe.nik.szfmv.detector.classes.Detector_ESTest,7,0,True
