,benchmark_group,benchmark_name,npe_label,experiment_id,input_class,replayed_testsuite,compiled_tests,commented_tests,npe_reproduced
0,BugSwarm,Universal_G__Code_Sender-172454077,0,28e4651b198342a9b9efb8df4b147884,com.willwinder.universalgcodesender.GrblController,com.willwinder.universalgcodesender.GrblController_ESTest,41,0,False
1,BugSwarm,Universal_G__Code_Sender-172454077,0,9daf450d25434b9998300de14b86ae97,com.willwinder.universalgcodesender.GrblController,com.willwinder.universalgcodesender.GrblController_ESTest,46,0,False
2,BugSwarm,Universal_G__Code_Sender-172454077,0,b4946b63c095466ab9ba15b4fda37557,com.willwinder.universalgcodesender.GrblController,com.willwinder.universalgcodesender.GrblController_ESTest,45,0,False
3,BugSwarm,Universal_G__Code_Sender-172454077,0,ab747232fb82495b8088d4d8abe7f6be,com.willwinder.universalgcodesender.GrblController,com.willwinder.universalgcodesender.GrblController_ESTest,43,0,False
4,BugSwarm,Universal_G__Code_Sender-172454077,0,023ae0cdad6145598ea258ddd4c760b6,com.willwinder.universalgcodesender.GrblController,com.willwinder.universalgcodesender.GrblController_ESTest,42,0,False
5,BugSwarm,Universal_G__Code_Sender-172454077,0,4b6258abeadd498baade26ee341faa51,com.willwinder.universalgcodesender.GrblController,com.willwinder.universalgcodesender.GrblController_ESTest,45,0,False
6,BugSwarm,Universal_G__Code_Sender-172454077,0,e99416760a0e4e68a40f4a8b550aa313,com.willwinder.universalgcodesender.GrblController,com.willwinder.universalgcodesender.GrblController_ESTest,45,0,False
7,BugSwarm,Universal_G__Code_Sender-172454077,0,f896148016d94ae49ff2b78cc20fc913,com.willwinder.universalgcodesender.GrblController,com.willwinder.universalgcodesender.GrblController_ESTest,42,0,False
8,BugSwarm,Universal_G__Code_Sender-172454077,0,352da52eb6bc4befbaab54adb23c1c08,com.willwinder.universalgcodesender.GrblController,com.willwinder.universalgcodesender.GrblController_ESTest,65,0,False
9,BugSwarm,Universal_G__Code_Sender-172454077,0,8ebad41c511f481080e38bb754afee44,com.willwinder.universalgcodesender.GrblController,com.willwinder.universalgcodesender.GrblController_ESTest,44,0,False
10,BugSwarm,Universal_G__Code_Sender-172454077,1,28e4651b198342a9b9efb8df4b147884,com.willwinder.universalgcodesender.GrblController,com.willwinder.universalgcodesender.GrblController_ESTest,41,0,False
11,BugSwarm,Universal_G__Code_Sender-172454077,1,9daf450d25434b9998300de14b86ae97,com.willwinder.universalgcodesender.GrblController,com.willwinder.universalgcodesender.GrblController_ESTest,46,0,False
12,BugSwarm,Universal_G__Code_Sender-172454077,1,b4946b63c095466ab9ba15b4fda37557,com.willwinder.universalgcodesender.GrblController,com.willwinder.universalgcodesender.GrblController_ESTest,45,0,False
13,BugSwarm,Universal_G__Code_Sender-172454077,1,ab747232fb82495b8088d4d8abe7f6be,com.willwinder.universalgcodesender.GrblController,com.willwinder.universalgcodesender.GrblController_ESTest,43,0,False
14,BugSwarm,Universal_G__Code_Sender-172454077,1,023ae0cdad6145598ea258ddd4c760b6,com.willwinder.universalgcodesender.GrblController,com.willwinder.universalgcodesender.GrblController_ESTest,42,0,False
15,BugSwarm,Universal_G__Code_Sender-172454077,1,4b6258abeadd498baade26ee341faa51,com.willwinder.universalgcodesender.GrblController,com.willwinder.universalgcodesender.GrblController_ESTest,45,0,False
16,BugSwarm,Universal_G__Code_Sender-172454077,1,e99416760a0e4e68a40f4a8b550aa313,com.willwinder.universalgcodesender.GrblController,com.willwinder.universalgcodesender.GrblController_ESTest,45,0,False
17,BugSwarm,Universal_G__Code_Sender-172454077,1,f896148016d94ae49ff2b78cc20fc913,com.willwinder.universalgcodesender.GrblController,com.willwinder.universalgcodesender.GrblController_ESTest,42,0,False
18,BugSwarm,Universal_G__Code_Sender-172454077,1,352da52eb6bc4befbaab54adb23c1c08,com.willwinder.universalgcodesender.GrblController,com.willwinder.universalgcodesender.GrblController_ESTest,65,0,False
19,BugSwarm,Universal_G__Code_Sender-172454077,1,8ebad41c511f481080e38bb754afee44,com.willwinder.universalgcodesender.GrblController,com.willwinder.universalgcodesender.GrblController_ESTest,44,0,False
20,BugSwarm,deadcode4j-131735009,0,7e93d261d5604cd2b5f234082e7f185d,org.sbolstandard.core2.ComponentDefinition,org.sbolstandard.core2.ComponentDefinition_ESTest,147,0,False
21,BugSwarm,deadcode4j-131735009,0,a10117d28b2c4da9a78250e3470b4209,org.sbolstandard.core2.ComponentDefinition,org.sbolstandard.core2.ComponentDefinition_ESTest,138,0,False
22,BugSwarm,deadcode4j-131735009,0,38eac36dc4df4b4dbdc2f94652e6eeeb,org.sbolstandard.core2.ComponentDefinition,org.sbolstandard.core2.ComponentDefinition_ESTest,141,0,False
23,BugSwarm,deadcode4j-131735009,0,0d117aafa1ca4ba08925b5d32901cd2e,org.sbolstandard.core2.ComponentDefinition,org.sbolstandard.core2.ComponentDefinition_ESTest,144,0,False
24,BugSwarm,deadcode4j-131735009,0,92bd174e88ab499cb50c66f1e3ce2379,org.sbolstandard.core2.ComponentDefinition,org.sbolstandard.core2.ComponentDefinition_ESTest,153,0,False
25,BugSwarm,deadcode4j-131735009,0,09a02c915acb4a3ab5d2bf129c456dbc,org.sbolstandard.core2.ComponentDefinition,org.sbolstandard.core2.ComponentDefinition_ESTest,148,0,False
26,BugSwarm,deadcode4j-131735009,0,25ed53ae0c144748ac4400528bc72f2f,org.sbolstandard.core2.ComponentDefinition,org.sbolstandard.core2.ComponentDefinition_ESTest,138,0,False
27,BugSwarm,deadcode4j-131735009,0,c8bc79a0d85141ff8d7b86904bff6379,org.sbolstandard.core2.ComponentDefinition,org.sbolstandard.core2.ComponentDefinition_ESTest,146,0,False
28,BugSwarm,deadcode4j-131735009,0,2003a6467dfc47aeb76f04bb04cff108,org.sbolstandard.core2.ComponentDefinition,org.sbolstandard.core2.ComponentDefinition_ESTest,136,0,False
29,BugSwarm,Sonar_Java-295864289,0,06283455623a4047a2ddb838b42e6443,org.sonar.java.bytecode.se.BytecodeEGWalker,org.sonar.java.bytecode.se.BytecodeEGWalker_ESTest,21,0,False
30,BugSwarm,Sonar_Java-295864289,0,b35bee85d06149e998b75627df5817d7,org.sonar.java.bytecode.se.BytecodeEGWalker,org.sonar.java.bytecode.se.BytecodeEGWalker_ESTest,131,0,False
31,BugSwarm,Sonar_Java-295864289,0,c5e8c398ad8b436b9ba28d665ed0e1d4,org.sonar.java.bytecode.se.BytecodeEGWalker,org.sonar.java.bytecode.se.BytecodeEGWalker_ESTest,20,0,False
32,BugSwarm,Sonar_Java-295864289,0,f68847b1f81a4d0e887c43ff8b6562ed,org.sonar.java.bytecode.se.BytecodeEGWalker,org.sonar.java.bytecode.se.BytecodeEGWalker_ESTest,20,0,False
33,BugSwarm,Sonar_Java-295864289,0,418441e5048e4da2ada8643a7136eb4f,org.sonar.java.bytecode.se.BytecodeEGWalker,org.sonar.java.bytecode.se.BytecodeEGWalker_ESTest,19,0,False
34,BugSwarm,Sonar_Java-295864289,0,e39d9826e3694169b7a12d4c89a65774,org.sonar.java.bytecode.se.BytecodeEGWalker,org.sonar.java.bytecode.se.BytecodeEGWalker_ESTest,20,0,False
35,BugSwarm,Sonar_Java-295864289,0,a0a8294f72ec426694a76cd4d59b7e20,org.sonar.java.bytecode.se.BytecodeEGWalker,org.sonar.java.bytecode.se.BytecodeEGWalker_ESTest,20,0,False
36,BugSwarm,Sonar_Java-295864289,0,a364cde1558d498b8982c75bbed38849,org.sonar.java.bytecode.se.BytecodeEGWalker,org.sonar.java.bytecode.se.BytecodeEGWalker_ESTest,187,0,False
37,BugSwarm,Sonar_Java-295864289,0,0a63b0e700d04cb0861e5f1db7ef915b,org.sonar.java.bytecode.se.BytecodeEGWalker,org.sonar.java.bytecode.se.BytecodeEGWalker_ESTest,21,0,False
38,BugSwarm,Petergeneric__Stdlib-290369132,0,f990f2ccd2154f18a522e08c0d32d48d,com.peterphi.std.guice.hibernate.webquery.impl.jpa.JPASearchExecutor,com.peterphi.std.guice.hibernate.webquery.impl.jpa.JPASearchExecutor_ESTest,3,0,True
39,BugSwarm,Petergeneric__Stdlib-290369132,0,b82dc9a27a5d4672ab40d3dcde101f7d,com.peterphi.std.guice.hibernate.webquery.impl.jpa.JPASearchExecutor,com.peterphi.std.guice.hibernate.webquery.impl.jpa.JPASearchExecutor_ESTest,3,0,True
40,BugSwarm,Petergeneric__Stdlib-290369132,0,dd736f35d7004edeaffec2d8761cfd42,com.peterphi.std.guice.hibernate.webquery.impl.jpa.JPASearchExecutor,com.peterphi.std.guice.hibernate.webquery.impl.jpa.JPASearchExecutor_ESTest,2,0,True
41,BugSwarm,Petergeneric__Stdlib-290369132,0,79e2eb9b5519474489a379c662dc9a37,com.peterphi.std.guice.hibernate.webquery.impl.jpa.JPASearchExecutor,com.peterphi.std.guice.hibernate.webquery.impl.jpa.JPASearchExecutor_ESTest,2,0,True
42,BugSwarm,Petergeneric__Stdlib-290369132,0,0bdbd8f5b64b4df9a58cb98c8d112e37,com.peterphi.std.guice.hibernate.webquery.impl.jpa.JPASearchExecutor,com.peterphi.std.guice.hibernate.webquery.impl.jpa.JPASearchExecutor_ESTest,3,0,True
43,BugSwarm,Petergeneric__Stdlib-290369132,0,825ee63a6148466c91dc5a52778adfef,com.peterphi.std.guice.hibernate.webquery.impl.jpa.JPASearchExecutor,com.peterphi.std.guice.hibernate.webquery.impl.jpa.JPASearchExecutor_ESTest,2,0,True
44,BugSwarm,Petergeneric__Stdlib-290369132,0,fad7e4b5368243af87c445d5fd627eb9,com.peterphi.std.guice.hibernate.webquery.impl.jpa.JPASearchExecutor,com.peterphi.std.guice.hibernate.webquery.impl.jpa.JPASearchExecutor_ESTest,2,0,True
45,BugSwarm,Atomix-298262068,0,45d4be0cd3a14900b7a7d4a226d72870,io.atomix.primitives.leadership.impl.RaftLeaderElectorService,io.atomix.primitives.leadership.impl.RaftLeaderElectorService_ESTest,20,0,False
46,BugSwarm,Atomix-298262068,0,d10e74cd28e14f65a575449010c62d0d,io.atomix.primitives.leadership.impl.RaftLeaderElectorService,io.atomix.primitives.leadership.impl.RaftLeaderElectorService_ESTest,20,0,False
47,BugSwarm,Atomix-298262068,0,567f342bcc9c495798c318eefaee5719,io.atomix.primitives.leadership.impl.RaftLeaderElectorService,io.atomix.primitives.leadership.impl.RaftLeaderElectorService_ESTest,20,0,False
48,BugSwarm,Atomix-298262068,0,1646f691c3514b9f907b50b4e660edd2,io.atomix.primitives.leadership.impl.RaftLeaderElectorService,io.atomix.primitives.leadership.impl.RaftLeaderElectorService_ESTest,20,0,False
49,BugSwarm,Atomix-298262068,0,fb96a830b54141c3acd192f5f0bdf83d,io.atomix.primitives.leadership.impl.RaftLeaderElectorService,io.atomix.primitives.leadership.impl.RaftLeaderElectorService_ESTest,20,0,False
50,BugSwarm,Atomix-298262068,0,3f952d9802174db4a39a548babd2efb9,io.atomix.primitives.leadership.impl.RaftLeaderElectorService,io.atomix.primitives.leadership.impl.RaftLeaderElectorService_ESTest,20,0,False
51,BugSwarm,Atomix-298262068,0,ddbbc4d472b14130af0c61793fcdbae3,io.atomix.primitives.leadership.impl.RaftLeaderElectorService,io.atomix.primitives.leadership.impl.RaftLeaderElectorService_ESTest,20,0,False
52,BugSwarm,Atomix-298262068,0,ebad9b423937409bb7be1c1bba289346,io.atomix.primitives.leadership.impl.RaftLeaderElectorService,io.atomix.primitives.leadership.impl.RaftLeaderElectorService_ESTest,20,0,False
53,BugSwarm,Atomix-298262068,0,542209a7aa954eb5b626dd602795737a,io.atomix.primitives.leadership.impl.RaftLeaderElectorService,io.atomix.primitives.leadership.impl.RaftLeaderElectorService_ESTest,17,0,False
54,BugSwarm,Atomix-298262068,0,92aa654517e74bad9921ca20b97e245c,io.atomix.primitives.leadership.impl.RaftLeaderElectorService,io.atomix.primitives.leadership.impl.RaftLeaderElectorService_ESTest,20,0,False
55,BugSwarm,nFlow-197273853,0,3b578d45684645228eab43ff9e6db91c,io.nflow.engine.internal.dao.WorkflowInstanceDao,io.nflow.engine.internal.dao.WorkflowInstanceDao_ESTest,35,0,False
56,BugSwarm,nFlow-197273853,0,619f0345c6a546a8b01fa97b8d91704e,io.nflow.engine.internal.dao.WorkflowInstanceDao,io.nflow.engine.internal.dao.WorkflowInstanceDao_ESTest,33,0,False
57,BugSwarm,nFlow-197273853,0,0a42915354fc491eaaa4ff16a4f1940b,io.nflow.engine.internal.dao.WorkflowInstanceDao,io.nflow.engine.internal.dao.WorkflowInstanceDao_ESTest,35,0,False
58,BugSwarm,nFlow-197273853,0,8e02a6086f644993995475dda845ec26,io.nflow.engine.internal.dao.WorkflowInstanceDao,io.nflow.engine.internal.dao.WorkflowInstanceDao_ESTest,35,0,False
59,BugSwarm,Jannovar-249719464,0,c2ba80902f82424a8f4ce7076c420ddf,de.charite.compbio.jannovar.cmd.annotate_vcf.JannovarAnnotateVCFOptions,de.charite.compbio.jannovar.cmd.annotate_vcf.JannovarAnnotateVCFOptions_ESTest,131,0,False
60,BugSwarm,Jannovar-249719464,0,52e04423e94b4271a19e8d99ecd5fe8a,de.charite.compbio.jannovar.cmd.annotate_vcf.JannovarAnnotateVCFOptions,de.charite.compbio.jannovar.cmd.annotate_vcf.JannovarAnnotateVCFOptions_ESTest,127,0,False
61,BugSwarm,Jannovar-249719464,0,2567f9c449184f16a1971cb63a5f3713,de.charite.compbio.jannovar.cmd.annotate_vcf.JannovarAnnotateVCFOptions,de.charite.compbio.jannovar.cmd.annotate_vcf.JannovarAnnotateVCFOptions_ESTest,130,0,False
62,BugSwarm,Jannovar-249719464,0,1e76cdb454eb4e90b22913a72365af9c,de.charite.compbio.jannovar.cmd.annotate_vcf.JannovarAnnotateVCFOptions,de.charite.compbio.jannovar.cmd.annotate_vcf.JannovarAnnotateVCFOptions_ESTest,131,0,False
63,BugSwarm,Jannovar-249719464,0,8398ca8902f5488e8dab7e9b7e1e5c4d,de.charite.compbio.jannovar.cmd.annotate_vcf.JannovarAnnotateVCFOptions,de.charite.compbio.jannovar.cmd.annotate_vcf.JannovarAnnotateVCFOptions_ESTest,131,0,False
64,BugSwarm,Jannovar-249719464,0,0c95cd96060146de8fca9e95079bf3c3,de.charite.compbio.jannovar.cmd.annotate_vcf.JannovarAnnotateVCFOptions,de.charite.compbio.jannovar.cmd.annotate_vcf.JannovarAnnotateVCFOptions_ESTest,129,0,False
65,BugSwarm,Jannovar-249719464,0,9514edc11c3c4821982917c611d74a66,de.charite.compbio.jannovar.cmd.annotate_vcf.JannovarAnnotateVCFOptions,de.charite.compbio.jannovar.cmd.annotate_vcf.JannovarAnnotateVCFOptions_ESTest,131,0,False
66,BugSwarm,Jannovar-249719464,0,25a55f9db91f4f0c8d4c782d7198939c,de.charite.compbio.jannovar.cmd.annotate_vcf.JannovarAnnotateVCFOptions,de.charite.compbio.jannovar.cmd.annotate_vcf.JannovarAnnotateVCFOptions_ESTest,132,0,False
67,BugSwarm,Jannovar-249719464,0,fd3f1273690e4735894806689db049c4,de.charite.compbio.jannovar.cmd.annotate_vcf.JannovarAnnotateVCFOptions,de.charite.compbio.jannovar.cmd.annotate_vcf.JannovarAnnotateVCFOptions_ESTest,136,0,False
68,BugSwarm,Jannovar-249719464,0,89310592faf04b3ebc1c27525eb130a5,de.charite.compbio.jannovar.cmd.annotate_vcf.JannovarAnnotateVCFOptions,de.charite.compbio.jannovar.cmd.annotate_vcf.JannovarAnnotateVCFOptions_ESTest,132,0,False
69,BugSwarm,ACS_AEM_Commons-461893214,0,2aa6ab9a7ef54b26b85623cc13a2d0c7,com.adobe.acs.commons.mcp.impl.processes.asset.FileAssetIngestor,com.adobe.acs.commons.mcp.impl.processes.asset.FileAssetIngestor_ESTest,40,0,False
70,BugSwarm,ACS_AEM_Commons-461893214,0,e00b1ec3f24d4e40901b32a23f6a6c02,com.adobe.acs.commons.mcp.impl.processes.asset.FileAssetIngestor,com.adobe.acs.commons.mcp.impl.processes.asset.FileAssetIngestor_ESTest,40,0,False
71,BugSwarm,ACS_AEM_Commons-461893214,0,3419fd69da6f40dd8326f345c347e275,com.adobe.acs.commons.mcp.impl.processes.asset.FileAssetIngestor,com.adobe.acs.commons.mcp.impl.processes.asset.FileAssetIngestor_ESTest,38,0,False
72,BugSwarm,ACS_AEM_Commons-461893214,0,fdf963d8aefc4394a677934a78726d27,com.adobe.acs.commons.mcp.impl.processes.asset.FileAssetIngestor,com.adobe.acs.commons.mcp.impl.processes.asset.FileAssetIngestor_ESTest,40,0,False
73,BugSwarm,ACS_AEM_Commons-461893214,0,df81a08bdf2346f38da860e747491714,com.adobe.acs.commons.mcp.impl.processes.asset.FileAssetIngestor,com.adobe.acs.commons.mcp.impl.processes.asset.FileAssetIngestor_ESTest,38,0,False
74,BugSwarm,ACS_AEM_Commons-461893214,0,4446bac2eb5b4023ac2dd62bd1f76da4,com.adobe.acs.commons.mcp.impl.processes.asset.FileAssetIngestor,com.adobe.acs.commons.mcp.impl.processes.asset.FileAssetIngestor_ESTest,39,0,False
75,BugSwarm,ACS_AEM_Commons-461893214,0,00fb4fa43e36449693a98c1874065e93,com.adobe.acs.commons.mcp.impl.processes.asset.FileAssetIngestor,com.adobe.acs.commons.mcp.impl.processes.asset.FileAssetIngestor_ESTest,42,0,False
76,BugSwarm,ACS_AEM_Commons-461893214,0,960b65b4bcd14da5ac37cccd29c5a5c2,com.adobe.acs.commons.mcp.impl.processes.asset.FileAssetIngestor,com.adobe.acs.commons.mcp.impl.processes.asset.FileAssetIngestor_ESTest,41,0,False
77,BugSwarm,ACS_AEM_Commons-461893214,0,77e4ae2cfcee4d6e87300bf8df846e3b,com.adobe.acs.commons.mcp.impl.processes.asset.FileAssetIngestor,com.adobe.acs.commons.mcp.impl.processes.asset.FileAssetIngestor_ESTest,44,0,False
78,BugSwarm,ACS_AEM_Commons-461893214,1,2aa6ab9a7ef54b26b85623cc13a2d0c7,com.adobe.acs.commons.mcp.impl.processes.asset.FileAssetIngestor,com.adobe.acs.commons.mcp.impl.processes.asset.FileAssetIngestor_ESTest,40,0,False
79,BugSwarm,ACS_AEM_Commons-461893214,1,e00b1ec3f24d4e40901b32a23f6a6c02,com.adobe.acs.commons.mcp.impl.processes.asset.FileAssetIngestor,com.adobe.acs.commons.mcp.impl.processes.asset.FileAssetIngestor_ESTest,40,0,False
80,BugSwarm,ACS_AEM_Commons-461893214,1,3419fd69da6f40dd8326f345c347e275,com.adobe.acs.commons.mcp.impl.processes.asset.FileAssetIngestor,com.adobe.acs.commons.mcp.impl.processes.asset.FileAssetIngestor_ESTest,38,0,False
81,BugSwarm,ACS_AEM_Commons-461893214,1,fdf963d8aefc4394a677934a78726d27,com.adobe.acs.commons.mcp.impl.processes.asset.FileAssetIngestor,com.adobe.acs.commons.mcp.impl.processes.asset.FileAssetIngestor_ESTest,40,0,False
82,BugSwarm,ACS_AEM_Commons-461893214,1,df81a08bdf2346f38da860e747491714,com.adobe.acs.commons.mcp.impl.processes.asset.FileAssetIngestor,com.adobe.acs.commons.mcp.impl.processes.asset.FileAssetIngestor_ESTest,38,0,False
83,BugSwarm,ACS_AEM_Commons-461893214,1,4446bac2eb5b4023ac2dd62bd1f76da4,com.adobe.acs.commons.mcp.impl.processes.asset.FileAssetIngestor,com.adobe.acs.commons.mcp.impl.processes.asset.FileAssetIngestor_ESTest,39,0,False
84,BugSwarm,ACS_AEM_Commons-461893214,1,00fb4fa43e36449693a98c1874065e93,com.adobe.acs.commons.mcp.impl.processes.asset.FileAssetIngestor,com.adobe.acs.commons.mcp.impl.processes.asset.FileAssetIngestor_ESTest,42,0,False
85,BugSwarm,ACS_AEM_Commons-461893214,1,960b65b4bcd14da5ac37cccd29c5a5c2,com.adobe.acs.commons.mcp.impl.processes.asset.FileAssetIngestor,com.adobe.acs.commons.mcp.impl.processes.asset.FileAssetIngestor_ESTest,41,0,False
86,BugSwarm,ACS_AEM_Commons-461893214,1,77e4ae2cfcee4d6e87300bf8df846e3b,com.adobe.acs.commons.mcp.impl.processes.asset.FileAssetIngestor,com.adobe.acs.commons.mcp.impl.processes.asset.FileAssetIngestor_ESTest,44,0,False
87,BugSwarm,Byte_Buddy-95795967,0,f2bd2f3f773d49648ba9140f054d1a24,net.bytebuddy.dynamic.ClassFileLocator,net.bytebuddy.dynamic.ClassFileLocator_ESTest,71,0,True
88,BugSwarm,Byte_Buddy-95795967,0,88bc3c87008740eaa0d2849c29490c69,net.bytebuddy.dynamic.ClassFileLocator,net.bytebuddy.dynamic.ClassFileLocator_ESTest,73,0,True
89,BugSwarm,Byte_Buddy-95795967,0,5b65de7c372b4c8b9a0e1375eeb6e6d8,net.bytebuddy.dynamic.ClassFileLocator,net.bytebuddy.dynamic.ClassFileLocator_ESTest,75,0,True
90,BugSwarm,Byte_Buddy-95795967,0,e140bcfbd6f847fcb4d5f2361c6d9598,net.bytebuddy.dynamic.ClassFileLocator,net.bytebuddy.dynamic.ClassFileLocator_ESTest,72,0,True
91,BugSwarm,Byte_Buddy-95795967,0,92545018fb7448b89f87527391b909af,net.bytebuddy.dynamic.ClassFileLocator,net.bytebuddy.dynamic.ClassFileLocator_ESTest,72,0,True
92,BugSwarm,Byte_Buddy-95795967,0,289fb4a33415432090ab8fc6ccaa6bd0,net.bytebuddy.dynamic.ClassFileLocator,net.bytebuddy.dynamic.ClassFileLocator_ESTest,72,0,True
93,BugSwarm,Byte_Buddy-95795967,0,ab9e70d89ed449298e00572f9d040969,net.bytebuddy.dynamic.ClassFileLocator,net.bytebuddy.dynamic.ClassFileLocator_ESTest,71,0,True
94,BugSwarm,Byte_Buddy-95795967,0,04a0bfca13084e55a76c94cae6de42c0,net.bytebuddy.dynamic.ClassFileLocator,net.bytebuddy.dynamic.ClassFileLocator_ESTest,75,0,True
95,BugSwarm,Byte_Buddy-95795967,0,bb89ebb952054adf918c7b268b511a25,net.bytebuddy.dynamic.ClassFileLocator,net.bytebuddy.dynamic.ClassFileLocator_ESTest,63,0,True
96,BugSwarm,Byte_Buddy-95795967,0,d6e93e8a37174fbab68c9c5817256981,net.bytebuddy.dynamic.ClassFileLocator,net.bytebuddy.dynamic.ClassFileLocator_ESTest,69,0,True
97,BugSwarm,Byte_Buddy-140517155,0,4867c2fea6fd4ce598815fdfec295a8b,net.bytebuddy.dynamic.ClassFileLocator,net.bytebuddy.dynamic.ClassFileLocator_ESTest,80,0,True
98,BugSwarm,Byte_Buddy-140517155,0,94fddf2365e748a8998e04d6513af675,net.bytebuddy.dynamic.ClassFileLocator,net.bytebuddy.dynamic.ClassFileLocator_ESTest,87,0,True
99,BugSwarm,Byte_Buddy-140517155,0,92a201d58c8741c89f1e6f7e12950edf,net.bytebuddy.dynamic.ClassFileLocator,net.bytebuddy.dynamic.ClassFileLocator_ESTest,83,0,True
100,BugSwarm,Byte_Buddy-140517155,0,e290a9a6969741e7b6556ddc0504ebd7,net.bytebuddy.dynamic.ClassFileLocator,net.bytebuddy.dynamic.ClassFileLocator_ESTest,79,0,True
101,BugSwarm,Byte_Buddy-140517155,0,c47d4671ecc9412b8e365639bce1cacd,net.bytebuddy.dynamic.ClassFileLocator,net.bytebuddy.dynamic.ClassFileLocator_ESTest,81,0,True
102,BugSwarm,Byte_Buddy-140517155,0,bdbf58ae12004db8b0692c261f0f3d8b,net.bytebuddy.dynamic.ClassFileLocator,net.bytebuddy.dynamic.ClassFileLocator_ESTest,85,0,True
103,BugSwarm,Byte_Buddy-140517155,0,4eea0955e47b4d4fbbec5cfd55996b1e,net.bytebuddy.dynamic.ClassFileLocator,net.bytebuddy.dynamic.ClassFileLocator_ESTest,80,0,True
104,BugSwarm,Byte_Buddy-140517155,0,d02f10a17b0145e4ae04d1cfdc27165f,net.bytebuddy.dynamic.ClassFileLocator,net.bytebuddy.dynamic.ClassFileLocator_ESTest,83,0,True
105,BugSwarm,Byte_Buddy-140517155,0,38d26c0a946340e0a0db4ce4431505ee,net.bytebuddy.dynamic.ClassFileLocator,net.bytebuddy.dynamic.ClassFileLocator_ESTest,83,0,True
106,BugSwarm,Byte_Buddy-140517155,0,73fb9179552d44709385d2b13056c651,net.bytebuddy.dynamic.ClassFileLocator,net.bytebuddy.dynamic.ClassFileLocator_ESTest,82,0,True
107,BugSwarm,OkHttp-93618854,0,9619b2674b4042da8b8dda24bae85393,com.squareup.okhttp.internal.http.StreamAllocation,com.squareup.okhttp.internal.http.StreamAllocation_ESTest,23,0,True
108,BugSwarm,OkHttp-93618854,0,0a8ce88b94a34601a6f3d43e15dccc1f,com.squareup.okhttp.internal.http.StreamAllocation,com.squareup.okhttp.internal.http.StreamAllocation_ESTest,27,0,True
109,BugSwarm,OkHttp-93618854,0,fe91fad0273b4235a9c69c2fa26dbf2e,com.squareup.okhttp.internal.http.StreamAllocation,com.squareup.okhttp.internal.http.StreamAllocation_ESTest,23,0,True
110,BugSwarm,OkHttp-93618854,0,b44bb4e8383e407bab445d4a843ba793,com.squareup.okhttp.internal.http.StreamAllocation,com.squareup.okhttp.internal.http.StreamAllocation_ESTest,24,0,True
111,BugSwarm,OkHttp-93618854,0,379b5fd62d4e4ee6854154d43172021d,com.squareup.okhttp.internal.http.StreamAllocation,com.squareup.okhttp.internal.http.StreamAllocation_ESTest,25,0,True
112,BugSwarm,OkHttp-93618854,0,e1456243dda1466c9725ec2ee4fc8d7b,com.squareup.okhttp.internal.http.StreamAllocation,com.squareup.okhttp.internal.http.StreamAllocation_ESTest,24,0,True
113,BugSwarm,OkHttp-93618854,0,149bd6a852024feebf0b746e2b30fa5c,com.squareup.okhttp.internal.http.StreamAllocation,com.squareup.okhttp.internal.http.StreamAllocation_ESTest,24,0,True
114,BugSwarm,OkHttp-93618854,0,816bc618b7dd46bfb6ae3f0dd3463be8,com.squareup.okhttp.internal.http.StreamAllocation,com.squareup.okhttp.internal.http.StreamAllocation_ESTest,24,0,True
115,BugSwarm,OkHttp-93618854,0,58927c831cfc418a97adcd9b4876b77a,com.squareup.okhttp.internal.http.StreamAllocation,com.squareup.okhttp.internal.http.StreamAllocation_ESTest,24,0,True
116,BugSwarm,OkHttp-93618854,0,4bdafdaec79f4be3830b72a519d5a5fe,com.squareup.okhttp.internal.http.StreamAllocation,com.squareup.okhttp.internal.http.StreamAllocation_ESTest,24,0,True
117,BugSwarm,OkHttp-93618854,1,9619b2674b4042da8b8dda24bae85393,com.squareup.okhttp.internal.http.StreamAllocation,com.squareup.okhttp.internal.http.StreamAllocation_ESTest,23,0,True
118,BugSwarm,OkHttp-93618854,1,0a8ce88b94a34601a6f3d43e15dccc1f,com.squareup.okhttp.internal.http.StreamAllocation,com.squareup.okhttp.internal.http.StreamAllocation_ESTest,27,0,True
119,BugSwarm,OkHttp-93618854,1,fe91fad0273b4235a9c69c2fa26dbf2e,com.squareup.okhttp.internal.http.StreamAllocation,com.squareup.okhttp.internal.http.StreamAllocation_ESTest,23,0,True
120,BugSwarm,OkHttp-93618854,1,b44bb4e8383e407bab445d4a843ba793,com.squareup.okhttp.internal.http.StreamAllocation,com.squareup.okhttp.internal.http.StreamAllocation_ESTest,24,0,True
121,BugSwarm,OkHttp-93618854,1,379b5fd62d4e4ee6854154d43172021d,com.squareup.okhttp.internal.http.StreamAllocation,com.squareup.okhttp.internal.http.StreamAllocation_ESTest,25,0,True
122,BugSwarm,OkHttp-93618854,1,e1456243dda1466c9725ec2ee4fc8d7b,com.squareup.okhttp.internal.http.StreamAllocation,com.squareup.okhttp.internal.http.StreamAllocation_ESTest,24,0,True
123,BugSwarm,OkHttp-93618854,1,149bd6a852024feebf0b746e2b30fa5c,com.squareup.okhttp.internal.http.StreamAllocation,com.squareup.okhttp.internal.http.StreamAllocation_ESTest,24,0,True
124,BugSwarm,OkHttp-93618854,1,816bc618b7dd46bfb6ae3f0dd3463be8,com.squareup.okhttp.internal.http.StreamAllocation,com.squareup.okhttp.internal.http.StreamAllocation_ESTest,24,0,True
125,BugSwarm,OkHttp-93618854,1,58927c831cfc418a97adcd9b4876b77a,com.squareup.okhttp.internal.http.StreamAllocation,com.squareup.okhttp.internal.http.StreamAllocation_ESTest,24,0,True
126,BugSwarm,OkHttp-93618854,1,4bdafdaec79f4be3830b72a519d5a5fe,com.squareup.okhttp.internal.http.StreamAllocation,com.squareup.okhttp.internal.http.StreamAllocation_ESTest,24,0,False
127,BugSwarm,Artemis__odb-71816517,0,45337f18b0ca414e9b5a797f9458e0a3,com.artemis.EntityEditPool,com.artemis.EntityEditPool_ESTest,19,0,True
128,BugSwarm,Artemis__odb-71816517,0,61d5aad4d8fa4a1d82a1381802352fa2,com.artemis.EntityEditPool,com.artemis.EntityEditPool_ESTest,20,0,True
129,BugSwarm,Artemis__odb-71816517,0,7e814e1bb1d7435d9674b5653d119ab8,com.artemis.EntityEditPool,com.artemis.EntityEditPool_ESTest,18,0,True
130,BugSwarm,Artemis__odb-71816517,0,d6ae7002a4e14cb0830abf9dd600fa11,com.artemis.EntityEditPool,com.artemis.EntityEditPool_ESTest,19,0,True
131,BugSwarm,Artemis__odb-71816517,0,04452a711c3e4d6f8b7805bc892f5f60,com.artemis.EntityEditPool,com.artemis.EntityEditPool_ESTest,19,0,True
132,BugSwarm,Artemis__odb-71816517,0,5dfb381a53d64b4d8c7032b902e1b88e,com.artemis.EntityEditPool,com.artemis.EntityEditPool_ESTest,19,0,True
133,BugSwarm,Artemis__odb-71816517,0,9ad1bd5a711b40ecb95830fbac9535fa,com.artemis.EntityEditPool,com.artemis.EntityEditPool_ESTest,20,0,True
134,BugSwarm,Artemis__odb-71816517,0,5d2d1b67973a48ba8f47ef7b3ab01997,com.artemis.EntityEditPool,com.artemis.EntityEditPool_ESTest,19,0,True
135,BugSwarm,Artemis__odb-71816517,0,247765bb19254fa495e7993e5e1ec211,com.artemis.EntityEditPool,com.artemis.EntityEditPool_ESTest,19,0,True
136,BugSwarm,Artemis__odb-71816517,0,3f3806df84a6428db7c58d429f4631c4,com.artemis.EntityEditPool,com.artemis.EntityEditPool_ESTest,19,0,True
137,BugSwarm,ACS_AEM_Commons-374231969,0,55c8a3b1371e463e8ee058a204883176,com.adobe.acs.commons.mcp.impl.processes.asset.UrlAssetImport,com.adobe.acs.commons.mcp.impl.processes.asset.UrlAssetImport_ESTest,11,0,False
138,BugSwarm,ACS_AEM_Commons-374231969,0,50e457a8aaf04da2b5a09f9f73f32023,com.adobe.acs.commons.mcp.impl.processes.asset.UrlAssetImport,com.adobe.acs.commons.mcp.impl.processes.asset.UrlAssetImport_ESTest,11,0,False
139,BugSwarm,ACS_AEM_Commons-374231969,0,234ff886abbf412b9995a3f09f6cfd26,com.adobe.acs.commons.mcp.impl.processes.asset.UrlAssetImport,com.adobe.acs.commons.mcp.impl.processes.asset.UrlAssetImport_ESTest,11,0,False
140,BugSwarm,ACS_AEM_Commons-374231969,0,0db5e70767684d8fb46ce483bb41d4b3,com.adobe.acs.commons.mcp.impl.processes.asset.UrlAssetImport,com.adobe.acs.commons.mcp.impl.processes.asset.UrlAssetImport_ESTest,11,0,False
141,BugSwarm,ACS_AEM_Commons-374231969,0,c95d474afb9f483e9aa1eeb9a7d9db16,com.adobe.acs.commons.mcp.impl.processes.asset.UrlAssetImport,com.adobe.acs.commons.mcp.impl.processes.asset.UrlAssetImport_ESTest,11,0,False
142,BugSwarm,ACS_AEM_Commons-374231969,0,8817a3f671dc4b57b43036af26be32a6,com.adobe.acs.commons.mcp.impl.processes.asset.UrlAssetImport,com.adobe.acs.commons.mcp.impl.processes.asset.UrlAssetImport_ESTest,11,0,False
143,BugSwarm,ACS_AEM_Commons-374231969,0,a48f596e4e824d3a836f55991f13b9b4,com.adobe.acs.commons.mcp.impl.processes.asset.UrlAssetImport,com.adobe.acs.commons.mcp.impl.processes.asset.UrlAssetImport_ESTest,12,0,False
144,BugSwarm,ACS_AEM_Commons-374231969,0,de36caca99f2453087113140f4e20a93,com.adobe.acs.commons.mcp.impl.processes.asset.UrlAssetImport,com.adobe.acs.commons.mcp.impl.processes.asset.UrlAssetImport_ESTest,12,0,False
145,BugSwarm,ACS_AEM_Commons-374231969,0,bff8750bcdd14056b0b3e96dd9419d26,com.adobe.acs.commons.mcp.impl.processes.asset.UrlAssetImport,com.adobe.acs.commons.mcp.impl.processes.asset.UrlAssetImport_ESTest,11,0,False
146,BugSwarm,ACS_AEM_Commons-374231969,0,231857d08dd3472b84fd730a81fd7332,com.adobe.acs.commons.mcp.impl.processes.asset.UrlAssetImport,com.adobe.acs.commons.mcp.impl.processes.asset.UrlAssetImport_ESTest,12,0,False
147,BugSwarm,BungeeCord-130330788,0,34d9cf454abd47b3a750bbcc3f41e291,net.md_5.bungee.ConnectionThrottle,net.md_5.bungee.ConnectionThrottle_ESTest,3,0,True
148,BugSwarm,BungeeCord-130330788,0,5f87ff9d8527425ba095e5d83f8a787b,net.md_5.bungee.ConnectionThrottle,net.md_5.bungee.ConnectionThrottle_ESTest,3,0,True
149,BugSwarm,BungeeCord-130330788,0,8c124c5cdacf4b81b6d0edeb970ca0a6,net.md_5.bungee.ConnectionThrottle,net.md_5.bungee.ConnectionThrottle_ESTest,3,0,True
150,BugSwarm,BungeeCord-130330788,0,69ae8a2eda1d43acbef3b73ad3af5f4a,net.md_5.bungee.ConnectionThrottle,net.md_5.bungee.ConnectionThrottle_ESTest,3,0,True
151,BugSwarm,BungeeCord-130330788,0,315d3be040cb4ba4b0e4db7065cd9782,net.md_5.bungee.ConnectionThrottle,net.md_5.bungee.ConnectionThrottle_ESTest,3,0,True
152,BugSwarm,BungeeCord-130330788,0,6721a681b54f461abb1bd52d10435462,net.md_5.bungee.ConnectionThrottle,net.md_5.bungee.ConnectionThrottle_ESTest,3,0,True
153,BugSwarm,BungeeCord-130330788,0,35bba0b355b24e269475692a2296ba7a,net.md_5.bungee.ConnectionThrottle,net.md_5.bungee.ConnectionThrottle_ESTest,3,0,True
154,BugSwarm,BungeeCord-130330788,0,cbb5643b62284daa88fbd026de12c782,net.md_5.bungee.ConnectionThrottle,net.md_5.bungee.ConnectionThrottle_ESTest,3,0,True
155,BugSwarm,BungeeCord-130330788,0,293230c303e146bfbaad302370c76eaf,net.md_5.bungee.ConnectionThrottle,net.md_5.bungee.ConnectionThrottle_ESTest,3,0,True
156,BugSwarm,BungeeCord-130330788,0,2f2415e860f24abd94da4ca6703133f6,net.md_5.bungee.ConnectionThrottle,net.md_5.bungee.ConnectionThrottle_ESTest,3,0,True
157,BugSwarm,Yamcs-186324159,0,985843c89a944e15ae28e469cce57fee,org.yamcs.xtce.SpreadsheetLoader,org.yamcs.xtce.SpreadsheetLoader_ESTest,50,0,True
158,BugSwarm,Yamcs-186324159,0,13dfa3b375f645e389da695d6d7f88ec,org.yamcs.xtce.SpreadsheetLoader,org.yamcs.xtce.SpreadsheetLoader_ESTest,47,0,True
159,BugSwarm,Yamcs-186324159,0,c9351166ae0c4aa39d84a5ecb5d8a17e,org.yamcs.xtce.SpreadsheetLoader,org.yamcs.xtce.SpreadsheetLoader_ESTest,46,0,True
160,BugSwarm,Yamcs-186324159,0,ff2407a088884875bb5ea30dacbb22d2,org.yamcs.xtce.SpreadsheetLoader,org.yamcs.xtce.SpreadsheetLoader_ESTest,48,0,True
161,BugSwarm,Yamcs-186324159,0,349dc682e5864569b64cc4a82d40fbf4,org.yamcs.xtce.SpreadsheetLoader,org.yamcs.xtce.SpreadsheetLoader_ESTest,49,0,True
162,BugSwarm,Yamcs-186324159,0,f3aafc1f319d45398d0c87d5b82fe19f,org.yamcs.xtce.SpreadsheetLoader,org.yamcs.xtce.SpreadsheetLoader_ESTest,49,0,True
163,BugSwarm,Yamcs-186324159,0,abbf94c6020b4238b033acb1d523b100,org.yamcs.xtce.SpreadsheetLoader,org.yamcs.xtce.SpreadsheetLoader_ESTest,48,0,True
164,BugSwarm,Yamcs-186324159,0,2af87167fa53426aadc881d94548fdae,org.yamcs.xtce.SpreadsheetLoader,org.yamcs.xtce.SpreadsheetLoader_ESTest,50,0,True
165,BugSwarm,Yamcs-186324159,0,81aa15f773954f57afd8741450b497f9,org.yamcs.xtce.SpreadsheetLoader,org.yamcs.xtce.SpreadsheetLoader_ESTest,50,0,True
166,BugSwarm,Yamcs-186324159,0,b1f91a8308d141b89c742dce4985edd9,org.yamcs.xtce.SpreadsheetLoader,org.yamcs.xtce.SpreadsheetLoader_ESTest,49,0,True
167,BugSwarm,REST_Countries-207869551,0,11636f35f5a04f36a17e0ee06f0f7e77,fayder.restcountries.rest.CountryServiceHelper,fayder.restcountries.rest.CountryServiceHelper_ESTest,34,0,True
168,BugSwarm,REST_Countries-207869551,0,1e2614750fe84967b879b5d1d8a0b3d1,fayder.restcountries.rest.CountryServiceHelper,fayder.restcountries.rest.CountryServiceHelper_ESTest,34,0,False
169,BugSwarm,REST_Countries-207869551,0,720a594d315742b4b288b92533aee6f2,fayder.restcountries.rest.CountryServiceHelper,fayder.restcountries.rest.CountryServiceHelper_ESTest,38,0,True
170,BugSwarm,REST_Countries-207869551,0,6c0e725540284488820421b1d3cd3a1e,fayder.restcountries.rest.CountryServiceHelper,fayder.restcountries.rest.CountryServiceHelper_ESTest,38,0,True
171,BugSwarm,REST_Countries-207869551,0,bf4542b3550348128151d4d0ef7c9e28,fayder.restcountries.rest.CountryServiceHelper,fayder.restcountries.rest.CountryServiceHelper_ESTest,33,0,True
172,BugSwarm,REST_Countries-207869551,0,b80aafeb11494b97aec08b77c7e28f19,fayder.restcountries.rest.CountryServiceHelper,fayder.restcountries.rest.CountryServiceHelper_ESTest,35,0,True
173,BugSwarm,REST_Countries-207869551,0,e2b15fb91e2541b2a92c97201c615fcd,fayder.restcountries.rest.CountryServiceHelper,fayder.restcountries.rest.CountryServiceHelper_ESTest,37,0,False
174,BugSwarm,REST_Countries-207869551,0,212d5d0d2fd14fadba9656bc6eca314e,fayder.restcountries.rest.CountryServiceHelper,fayder.restcountries.rest.CountryServiceHelper_ESTest,36,0,True
175,BugSwarm,REST_Countries-207869551,0,884476af1cc6478e9e53717c36e8eff1,fayder.restcountries.rest.CountryServiceHelper,fayder.restcountries.rest.CountryServiceHelper_ESTest,35,0,False
176,BugSwarm,REST_Countries-207869551,0,268a5c86115146bb834733c3c9fbd438,fayder.restcountries.rest.CountryServiceHelper,fayder.restcountries.rest.CountryServiceHelper_ESTest,36,0,False
177,BugSwarm,Dubbo-416671625,0,75f46c807b0940fa8aaeab3b5047b87f,org.apache.dubbo.rpc.protocol.hessian.HttpClientConnectionFactory,org.apache.dubbo.rpc.protocol.hessian.HttpClientConnectionFactory_ESTest,2,0,True
178,BugSwarm,Dubbo-416671625,0,b778748fc6a4421ebfeca7e66c51d9a7,org.apache.dubbo.rpc.protocol.hessian.HttpClientConnectionFactory,org.apache.dubbo.rpc.protocol.hessian.HttpClientConnectionFactory_ESTest,2,0,True
179,BugSwarm,Dubbo-416671625,0,710fd3544cd44e9cad29ad1558226968,org.apache.dubbo.rpc.protocol.hessian.HttpClientConnectionFactory,org.apache.dubbo.rpc.protocol.hessian.HttpClientConnectionFactory_ESTest,2,0,True
180,BugSwarm,Dubbo-416671625,0,73cae357339d4d9f899765fcffed9e71,org.apache.dubbo.rpc.protocol.hessian.HttpClientConnectionFactory,org.apache.dubbo.rpc.protocol.hessian.HttpClientConnectionFactory_ESTest,2,0,True
181,BugSwarm,Dubbo-416671625,0,416e1b0a51a540dbb5113662a96ac808,org.apache.dubbo.rpc.protocol.hessian.HttpClientConnectionFactory,org.apache.dubbo.rpc.protocol.hessian.HttpClientConnectionFactory_ESTest,2,0,True
182,BugSwarm,Dubbo-416671625,0,a59d65116cdc4cf3897f00f943173f50,org.apache.dubbo.rpc.protocol.hessian.HttpClientConnectionFactory,org.apache.dubbo.rpc.protocol.hessian.HttpClientConnectionFactory_ESTest,2,0,True
183,BugSwarm,Dubbo-416671625,0,bc916eb8bb4b45b99e249b74cf9dedab,org.apache.dubbo.rpc.protocol.hessian.HttpClientConnectionFactory,org.apache.dubbo.rpc.protocol.hessian.HttpClientConnectionFactory_ESTest,2,0,True
184,BugSwarm,Dubbo-416671625,0,35a05a07b9dc49f4b83e754cf1ed925c,org.apache.dubbo.rpc.protocol.hessian.HttpClientConnectionFactory,org.apache.dubbo.rpc.protocol.hessian.HttpClientConnectionFactory_ESTest,2,0,True
185,BugSwarm,Dubbo-416671625,0,17bd3372969b4951a2e19be7f28ea9c1,org.apache.dubbo.rpc.protocol.hessian.HttpClientConnectionFactory,org.apache.dubbo.rpc.protocol.hessian.HttpClientConnectionFactory_ESTest,2,0,True
186,BugSwarm,Dubbo-416671625,0,882547d1c25f4cd6baa62913e20af716,org.apache.dubbo.rpc.protocol.hessian.HttpClientConnectionFactory,org.apache.dubbo.rpc.protocol.hessian.HttpClientConnectionFactory_ESTest,2,0,True
187,BugSwarm,Universal_G__Code_Sender-676666184,0,bfb7698aabfd49bdb9e748d5b32b2422,com.willwinder.universalgcodesender.utils.GcodeStreamReader,com.willwinder.universalgcodesender.utils.GcodeStreamReader_ESTest,7,0,True
188,BugSwarm,Universal_G__Code_Sender-676666184,0,0a6a2ad0bd3f47459824f3c96579fca8,com.willwinder.universalgcodesender.utils.GcodeStreamReader,com.willwinder.universalgcodesender.utils.GcodeStreamReader_ESTest,7,0,True
189,BugSwarm,Universal_G__Code_Sender-676666184,0,66b5466b3c6246bcbc54ede826ff2012,com.willwinder.universalgcodesender.utils.GcodeStreamReader,com.willwinder.universalgcodesender.utils.GcodeStreamReader_ESTest,7,0,True
190,BugSwarm,Universal_G__Code_Sender-676666184,0,752f3117bfde4704a46a88bc8266f59e,com.willwinder.universalgcodesender.utils.GcodeStreamReader,com.willwinder.universalgcodesender.utils.GcodeStreamReader_ESTest,7,0,True
191,BugSwarm,Universal_G__Code_Sender-676666184,0,0e8cd34633214bc5950cff8c1a03af31,com.willwinder.universalgcodesender.utils.GcodeStreamReader,com.willwinder.universalgcodesender.utils.GcodeStreamReader_ESTest,7,0,True
192,BugSwarm,Universal_G__Code_Sender-676666184,0,6de2ca3979064131b386318c248cd9d0,com.willwinder.universalgcodesender.utils.GcodeStreamReader,com.willwinder.universalgcodesender.utils.GcodeStreamReader_ESTest,7,0,True
193,BugSwarm,Universal_G__Code_Sender-676666184,0,458a4e244e384736893a354f9e9306de,com.willwinder.universalgcodesender.utils.GcodeStreamReader,com.willwinder.universalgcodesender.utils.GcodeStreamReader_ESTest,8,0,False
194,BugSwarm,Universal_G__Code_Sender-676666184,0,9654694b90854b15919edf4926ccc0b4,com.willwinder.universalgcodesender.utils.GcodeStreamReader,com.willwinder.universalgcodesender.utils.GcodeStreamReader_ESTest,7,0,True
195,BugSwarm,Universal_G__Code_Sender-676666184,0,ed94eb463932492aa1fc28edcb65daf1,com.willwinder.universalgcodesender.utils.GcodeStreamReader,com.willwinder.universalgcodesender.utils.GcodeStreamReader_ESTest,12,0,True
196,BugSwarm,GraphHopper-210124629,0,ff35c08727594597874d99abcfcd29bf,com.graphhopper.routing.util.DataFlagEncoder,com.graphhopper.routing.util.DataFlagEncoder_ESTest,140,0,False
197,BugSwarm,GraphHopper-210124629,0,11b938c383414b5d823c8f63b48cd393,com.graphhopper.routing.util.DataFlagEncoder,com.graphhopper.routing.util.DataFlagEncoder_ESTest,143,0,False
198,BugSwarm,REST_Countries-154683750,0,a3d89d4f7c2047bb9af40f66e525fb29,fayder.restcountries.v1.rest.CountryService,fayder.restcountries.v1.rest.CountryService_ESTest,23,0,True
199,BugSwarm,REST_Countries-154683750,0,60e0de07a06a42bc9753bd555b855e62,fayder.restcountries.v1.rest.CountryService,fayder.restcountries.v1.rest.CountryService_ESTest,24,0,True
200,BugSwarm,REST_Countries-154683750,0,f20845a25b0148f183a46ddb811bb6ea,fayder.restcountries.v1.rest.CountryService,fayder.restcountries.v1.rest.CountryService_ESTest,24,0,True
201,BugSwarm,REST_Countries-154683750,0,b3586b77070947e5aeaa5b12970c60bb,fayder.restcountries.v1.rest.CountryService,fayder.restcountries.v1.rest.CountryService_ESTest,23,0,True
202,BugSwarm,REST_Countries-154683750,0,2c1a572f8dac4efdb6f432f7d8ba82d2,fayder.restcountries.v1.rest.CountryService,fayder.restcountries.v1.rest.CountryService_ESTest,25,0,True
203,BugSwarm,REST_Countries-154683750,0,487c17a703024e1da519ad4976c6468c,fayder.restcountries.v1.rest.CountryService,fayder.restcountries.v1.rest.CountryService_ESTest,24,0,True
204,BugSwarm,REST_Countries-154683750,0,cb030ee9dcb2432081751fade3c5bd6a,fayder.restcountries.v1.rest.CountryService,fayder.restcountries.v1.rest.CountryService_ESTest,23,0,True
205,BugSwarm,REST_Countries-154683750,0,52f520ff4dc14a89ac0ab3dcc850789b,fayder.restcountries.v1.rest.CountryService,fayder.restcountries.v1.rest.CountryService_ESTest,23,0,True
206,BugSwarm,REST_Countries-154683750,0,bceb75ae450c4a6db27a06c6dcff89b4,fayder.restcountries.v1.rest.CountryService,fayder.restcountries.v1.rest.CountryService_ESTest,24,0,True
207,BugSwarm,REST_Countries-154683750,0,94815a7660c443738e20337eaf04c6b5,fayder.restcountries.v1.rest.CountryService,fayder.restcountries.v1.rest.CountryService_ESTest,23,0,True
208,BugSwarm,REST_Countries-154683750,1,a3d89d4f7c2047bb9af40f66e525fb29,fayder.restcountries.v1.rest.CountryService,fayder.restcountries.v1.rest.CountryService_ESTest,23,0,True
209,BugSwarm,REST_Countries-154683750,1,60e0de07a06a42bc9753bd555b855e62,fayder.restcountries.v1.rest.CountryService,fayder.restcountries.v1.rest.CountryService_ESTest,24,0,True
210,BugSwarm,REST_Countries-154683750,1,f20845a25b0148f183a46ddb811bb6ea,fayder.restcountries.v1.rest.CountryService,fayder.restcountries.v1.rest.CountryService_ESTest,24,0,True
211,BugSwarm,REST_Countries-154683750,1,b3586b77070947e5aeaa5b12970c60bb,fayder.restcountries.v1.rest.CountryService,fayder.restcountries.v1.rest.CountryService_ESTest,23,0,True
212,BugSwarm,REST_Countries-154683750,1,2c1a572f8dac4efdb6f432f7d8ba82d2,fayder.restcountries.v1.rest.CountryService,fayder.restcountries.v1.rest.CountryService_ESTest,25,0,True
213,BugSwarm,REST_Countries-154683750,1,487c17a703024e1da519ad4976c6468c,fayder.restcountries.v1.rest.CountryService,fayder.restcountries.v1.rest.CountryService_ESTest,24,0,True
214,BugSwarm,REST_Countries-154683750,1,cb030ee9dcb2432081751fade3c5bd6a,fayder.restcountries.v1.rest.CountryService,fayder.restcountries.v1.rest.CountryService_ESTest,23,0,True
215,BugSwarm,REST_Countries-154683750,1,52f520ff4dc14a89ac0ab3dcc850789b,fayder.restcountries.v1.rest.CountryService,fayder.restcountries.v1.rest.CountryService_ESTest,23,0,True
216,BugSwarm,REST_Countries-154683750,1,bceb75ae450c4a6db27a06c6dcff89b4,fayder.restcountries.v1.rest.CountryService,fayder.restcountries.v1.rest.CountryService_ESTest,24,0,True
217,BugSwarm,REST_Countries-154683750,1,94815a7660c443738e20337eaf04c6b5,fayder.restcountries.v1.rest.CountryService,fayder.restcountries.v1.rest.CountryService_ESTest,23,0,True
218,BugSwarm,REST_Countries-154683750,2,a3d89d4f7c2047bb9af40f66e525fb29,fayder.restcountries.v1.rest.CountryService,fayder.restcountries.v1.rest.CountryService_ESTest,23,0,True
219,BugSwarm,REST_Countries-154683750,2,60e0de07a06a42bc9753bd555b855e62,fayder.restcountries.v1.rest.CountryService,fayder.restcountries.v1.rest.CountryService_ESTest,24,0,True
220,BugSwarm,REST_Countries-154683750,2,f20845a25b0148f183a46ddb811bb6ea,fayder.restcountries.v1.rest.CountryService,fayder.restcountries.v1.rest.CountryService_ESTest,24,0,True
221,BugSwarm,REST_Countries-154683750,2,b3586b77070947e5aeaa5b12970c60bb,fayder.restcountries.v1.rest.CountryService,fayder.restcountries.v1.rest.CountryService_ESTest,23,0,True
222,BugSwarm,REST_Countries-154683750,2,2c1a572f8dac4efdb6f432f7d8ba82d2,fayder.restcountries.v1.rest.CountryService,fayder.restcountries.v1.rest.CountryService_ESTest,25,0,True
223,BugSwarm,REST_Countries-154683750,2,487c17a703024e1da519ad4976c6468c,fayder.restcountries.v1.rest.CountryService,fayder.restcountries.v1.rest.CountryService_ESTest,24,0,True
224,BugSwarm,REST_Countries-154683750,2,cb030ee9dcb2432081751fade3c5bd6a,fayder.restcountries.v1.rest.CountryService,fayder.restcountries.v1.rest.CountryService_ESTest,23,0,True
225,BugSwarm,REST_Countries-154683750,2,52f520ff4dc14a89ac0ab3dcc850789b,fayder.restcountries.v1.rest.CountryService,fayder.restcountries.v1.rest.CountryService_ESTest,23,0,True
226,BugSwarm,REST_Countries-154683750,2,bceb75ae450c4a6db27a06c6dcff89b4,fayder.restcountries.v1.rest.CountryService,fayder.restcountries.v1.rest.CountryService_ESTest,24,0,True
227,BugSwarm,REST_Countries-154683750,2,94815a7660c443738e20337eaf04c6b5,fayder.restcountries.v1.rest.CountryService,fayder.restcountries.v1.rest.CountryService_ESTest,23,0,True
228,BugSwarm,REST_Countries-154683750,3,a3d89d4f7c2047bb9af40f66e525fb29,fayder.restcountries.v1.rest.CountryService,fayder.restcountries.v1.rest.CountryService_ESTest,23,0,True
229,BugSwarm,REST_Countries-154683750,3,60e0de07a06a42bc9753bd555b855e62,fayder.restcountries.v1.rest.CountryService,fayder.restcountries.v1.rest.CountryService_ESTest,24,0,True
230,BugSwarm,REST_Countries-154683750,3,f20845a25b0148f183a46ddb811bb6ea,fayder.restcountries.v1.rest.CountryService,fayder.restcountries.v1.rest.CountryService_ESTest,24,0,True
231,BugSwarm,REST_Countries-154683750,3,b3586b77070947e5aeaa5b12970c60bb,fayder.restcountries.v1.rest.CountryService,fayder.restcountries.v1.rest.CountryService_ESTest,23,0,True
232,BugSwarm,REST_Countries-154683750,3,2c1a572f8dac4efdb6f432f7d8ba82d2,fayder.restcountries.v1.rest.CountryService,fayder.restcountries.v1.rest.CountryService_ESTest,25,0,True
233,BugSwarm,REST_Countries-154683750,3,487c17a703024e1da519ad4976c6468c,fayder.restcountries.v1.rest.CountryService,fayder.restcountries.v1.rest.CountryService_ESTest,24,0,True
234,BugSwarm,REST_Countries-154683750,3,cb030ee9dcb2432081751fade3c5bd6a,fayder.restcountries.v1.rest.CountryService,fayder.restcountries.v1.rest.CountryService_ESTest,23,0,True
235,BugSwarm,REST_Countries-154683750,3,52f520ff4dc14a89ac0ab3dcc850789b,fayder.restcountries.v1.rest.CountryService,fayder.restcountries.v1.rest.CountryService_ESTest,23,0,True
236,BugSwarm,REST_Countries-154683750,3,bceb75ae450c4a6db27a06c6dcff89b4,fayder.restcountries.v1.rest.CountryService,fayder.restcountries.v1.rest.CountryService_ESTest,24,0,True
237,BugSwarm,REST_Countries-154683750,3,94815a7660c443738e20337eaf04c6b5,fayder.restcountries.v1.rest.CountryService,fayder.restcountries.v1.rest.CountryService_ESTest,23,0,True
238,BugSwarm,REST_Countries-154683750,4,a3d89d4f7c2047bb9af40f66e525fb29,fayder.restcountries.v1.rest.CountryService,fayder.restcountries.v1.rest.CountryService_ESTest,23,0,True
239,BugSwarm,REST_Countries-154683750,4,60e0de07a06a42bc9753bd555b855e62,fayder.restcountries.v1.rest.CountryService,fayder.restcountries.v1.rest.CountryService_ESTest,24,0,True
240,BugSwarm,REST_Countries-154683750,4,f20845a25b0148f183a46ddb811bb6ea,fayder.restcountries.v1.rest.CountryService,fayder.restcountries.v1.rest.CountryService_ESTest,24,0,True
241,BugSwarm,REST_Countries-154683750,4,b3586b77070947e5aeaa5b12970c60bb,fayder.restcountries.v1.rest.CountryService,fayder.restcountries.v1.rest.CountryService_ESTest,23,0,True
242,BugSwarm,REST_Countries-154683750,4,2c1a572f8dac4efdb6f432f7d8ba82d2,fayder.restcountries.v1.rest.CountryService,fayder.restcountries.v1.rest.CountryService_ESTest,25,0,True
243,BugSwarm,REST_Countries-154683750,4,487c17a703024e1da519ad4976c6468c,fayder.restcountries.v1.rest.CountryService,fayder.restcountries.v1.rest.CountryService_ESTest,24,0,True
244,BugSwarm,REST_Countries-154683750,4,cb030ee9dcb2432081751fade3c5bd6a,fayder.restcountries.v1.rest.CountryService,fayder.restcountries.v1.rest.CountryService_ESTest,23,0,True
245,BugSwarm,REST_Countries-154683750,4,52f520ff4dc14a89ac0ab3dcc850789b,fayder.restcountries.v1.rest.CountryService,fayder.restcountries.v1.rest.CountryService_ESTest,23,0,True
246,BugSwarm,REST_Countries-154683750,4,bceb75ae450c4a6db27a06c6dcff89b4,fayder.restcountries.v1.rest.CountryService,fayder.restcountries.v1.rest.CountryService_ESTest,24,0,True
247,BugSwarm,REST_Countries-154683750,4,94815a7660c443738e20337eaf04c6b5,fayder.restcountries.v1.rest.CountryService,fayder.restcountries.v1.rest.CountryService_ESTest,23,0,True
248,Genesis,Jongo-97431a03,0,20edc2feeec247038c7c8f3fe03a37a0,org.jongo.marshall.jackson.JacksonObjectIdUpdater,org.jongo.marshall.jackson.JacksonObjectIdUpdater_ESTest,6,0,False
249,Genesis,Jongo-97431a03,0,5b4abd6aaf3e47fe8361cd7968b6482b,org.jongo.marshall.jackson.JacksonObjectIdUpdater,org.jongo.marshall.jackson.JacksonObjectIdUpdater_ESTest,6,0,False
250,Genesis,Jongo-97431a03,0,37cdfbc70ee9407ab4eae79a20eee0c3,org.jongo.marshall.jackson.JacksonObjectIdUpdater,org.jongo.marshall.jackson.JacksonObjectIdUpdater_ESTest,6,0,False
251,Genesis,Jongo-97431a03,0,000e4aaf32d948c199a1db3a19575735,org.jongo.marshall.jackson.JacksonObjectIdUpdater,org.jongo.marshall.jackson.JacksonObjectIdUpdater_ESTest,6,0,False
252,Genesis,Jongo-97431a03,0,73bb9f6666524debb7974b6792cd3b9f,org.jongo.marshall.jackson.JacksonObjectIdUpdater,org.jongo.marshall.jackson.JacksonObjectIdUpdater_ESTest,6,0,False
253,Genesis,Jongo-97431a03,0,8e32796e49e3489e8a5f94b133f383d8,org.jongo.marshall.jackson.JacksonObjectIdUpdater,org.jongo.marshall.jackson.JacksonObjectIdUpdater_ESTest,6,0,False
254,Genesis,Jongo-97431a03,0,b426f76af15b4671929aa891567b092c,org.jongo.marshall.jackson.JacksonObjectIdUpdater,org.jongo.marshall.jackson.JacksonObjectIdUpdater_ESTest,6,0,False
255,Genesis,Jongo-97431a03,0,7367e2de89ee40c898e7986ec376960b,org.jongo.marshall.jackson.JacksonObjectIdUpdater,org.jongo.marshall.jackson.JacksonObjectIdUpdater_ESTest,6,0,False
256,Genesis,Jongo-97431a03,0,fb290e69005248ee84df9f39417ed98a,org.jongo.marshall.jackson.JacksonObjectIdUpdater,org.jongo.marshall.jackson.JacksonObjectIdUpdater_ESTest,6,0,False
257,Genesis,Jongo-97431a03,0,22ebfd470ce44f618ea4b4cf9b9468c0,org.jongo.marshall.jackson.JacksonObjectIdUpdater,org.jongo.marshall.jackson.JacksonObjectIdUpdater_ESTest,6,0,False
258,Genesis,JavaPoet-aee5f128,0,2fd9cedbf0294cf4ab5ec2526416cb51,com.squareup.javapoet.TypeName,com.squareup.javapoet.TypeName_ESTest,18,0,True
259,Genesis,JavaPoet-aee5f128,0,d791d10fd3a34affb2015ecce1c06d08,com.squareup.javapoet.TypeName,com.squareup.javapoet.TypeName_ESTest,19,0,True
260,Genesis,JavaPoet-aee5f128,0,35e5c8f8af9344f8a9bd0435c4f38df0,com.squareup.javapoet.TypeName,com.squareup.javapoet.TypeName_ESTest,18,0,True
261,Genesis,JavaPoet-aee5f128,0,a76a437b8b0a4c25ac4b2d6c45d5bdaf,com.squareup.javapoet.TypeName,com.squareup.javapoet.TypeName_ESTest,18,0,True
262,Genesis,JavaPoet-aee5f128,0,6206408b7356473ca7c9df12c4148a51,com.squareup.javapoet.TypeName,com.squareup.javapoet.TypeName_ESTest,18,0,True
263,Genesis,JavaPoet-aee5f128,0,b5271343200f4091b1bdcc9c08b29aeb,com.squareup.javapoet.TypeName,com.squareup.javapoet.TypeName_ESTest,19,0,True
264,Genesis,JavaPoet-aee5f128,0,c77c89976d7c4e209ce72000b72a4aea,com.squareup.javapoet.TypeName,com.squareup.javapoet.TypeName_ESTest,19,0,True
265,Genesis,JavaPoet-aee5f128,0,3ddb0837cb944c488b195f66396aac2a,com.squareup.javapoet.TypeName,com.squareup.javapoet.TypeName_ESTest,18,0,True
266,Genesis,JavaPoet-aee5f128,0,aba19b608e254075bafafdeea841d093,com.squareup.javapoet.TypeName,com.squareup.javapoet.TypeName_ESTest,19,0,True
267,Genesis,JavaPoet-aee5f128,0,2d41cab210f042f5872fb8e242df61d7,com.squareup.javapoet.TypeName,com.squareup.javapoet.TypeName_ESTest,18,0,True
268,Genesis,DataflowJavaSDK-f42c13c8,0,069e8ee20406480fb5e41c3bcb933ce1,com.google.cloud.dataflow.sdk.transforms.join.CoGbkResult,com.google.cloud.dataflow.sdk.transforms.join.CoGbkResult_ESTest,37,0,False
269,Genesis,DataflowJavaSDK-f42c13c8,0,5daec1c561d247318148589e3f5d13a2,com.google.cloud.dataflow.sdk.transforms.join.CoGbkResult,com.google.cloud.dataflow.sdk.transforms.join.CoGbkResult_ESTest,38,0,False
270,Genesis,Checkstyle-4f73fffd,0,545fa9546a29481193c9d5f9b763a7c3,com.puppycrawl.tools.checkstyle.checks.blocks.NeedBracesCheck,com.puppycrawl.tools.checkstyle.checks.blocks.NeedBracesCheck_ESTest,25,0,False
271,Genesis,Checkstyle-4f73fffd,0,bdd92bbd48b3437fb7fb90126c776aa2,com.puppycrawl.tools.checkstyle.checks.blocks.NeedBracesCheck,com.puppycrawl.tools.checkstyle.checks.blocks.NeedBracesCheck_ESTest,24,0,False
272,Genesis,Checkstyle-4f73fffd,0,7ec4b6caf7c64bb995bc007be46b21f1,com.puppycrawl.tools.checkstyle.checks.blocks.NeedBracesCheck,com.puppycrawl.tools.checkstyle.checks.blocks.NeedBracesCheck_ESTest,24,0,False
273,Genesis,Checkstyle-4f73fffd,0,5abe3959ef4a48c7b128c02085dbe95c,com.puppycrawl.tools.checkstyle.checks.blocks.NeedBracesCheck,com.puppycrawl.tools.checkstyle.checks.blocks.NeedBracesCheck_ESTest,23,0,False
274,Genesis,Checkstyle-4f73fffd,0,59c5bccbc20b4446a2e5ffe959a68079,com.puppycrawl.tools.checkstyle.checks.blocks.NeedBracesCheck,com.puppycrawl.tools.checkstyle.checks.blocks.NeedBracesCheck_ESTest,24,0,False
275,Genesis,Checkstyle-4f73fffd,0,8613992824ea4a10ac626a0c9e2d48a5,com.puppycrawl.tools.checkstyle.checks.blocks.NeedBracesCheck,com.puppycrawl.tools.checkstyle.checks.blocks.NeedBracesCheck_ESTest,22,0,False
276,Genesis,Checkstyle-4f73fffd,0,358263615b254a209e45c94e87817c46,com.puppycrawl.tools.checkstyle.checks.blocks.NeedBracesCheck,com.puppycrawl.tools.checkstyle.checks.blocks.NeedBracesCheck_ESTest,27,0,False
277,Genesis,Checkstyle-4f73fffd,0,68bbf7c9fc474f2d82acb7966437368e,com.puppycrawl.tools.checkstyle.checks.blocks.NeedBracesCheck,com.puppycrawl.tools.checkstyle.checks.blocks.NeedBracesCheck_ESTest,25,0,False
278,Genesis,Checkstyle-4f73fffd,0,bf193a90e2dd4dcb8e3520d3d004cf93,com.puppycrawl.tools.checkstyle.checks.blocks.NeedBracesCheck,com.puppycrawl.tools.checkstyle.checks.blocks.NeedBracesCheck_ESTest,23,0,False
279,Genesis,Checkstyle-4f73fffd,0,429993dae87d4768bf5b3bc50664c075,com.puppycrawl.tools.checkstyle.checks.blocks.NeedBracesCheck,com.puppycrawl.tools.checkstyle.checks.blocks.NeedBracesCheck_ESTest,24,0,False
280,Genesis,Checkstyle-91e10c29,0,ac826f2757274b8ba095945397d209f4,com.puppycrawl.tools.checkstyle.checks.SuppressWarningsHolder,com.puppycrawl.tools.checkstyle.checks.SuppressWarningsHolder_ESTest,19,0,False
281,Genesis,Checkstyle-91e10c29,0,c6e1589891764e57b4b484a71c7f58c5,com.puppycrawl.tools.checkstyle.checks.SuppressWarningsHolder,com.puppycrawl.tools.checkstyle.checks.SuppressWarningsHolder_ESTest,22,0,False
282,Genesis,Checkstyle-91e10c29,0,d1f9db7044ad4bc8b4328e097f4f50b2,com.puppycrawl.tools.checkstyle.checks.SuppressWarningsHolder,com.puppycrawl.tools.checkstyle.checks.SuppressWarningsHolder_ESTest,20,0,False
283,Genesis,Checkstyle-91e10c29,0,c50d874b0f2c4c7080dc23ff189df7c7,com.puppycrawl.tools.checkstyle.checks.SuppressWarningsHolder,com.puppycrawl.tools.checkstyle.checks.SuppressWarningsHolder_ESTest,23,0,False
284,Genesis,Checkstyle-91e10c29,0,ab8cdbf0854f486b81aee283d1103f70,com.puppycrawl.tools.checkstyle.checks.SuppressWarningsHolder,com.puppycrawl.tools.checkstyle.checks.SuppressWarningsHolder_ESTest,21,0,False
285,Genesis,Checkstyle-91e10c29,0,8643d8ffcfdd4e87acd1a920a71519c4,com.puppycrawl.tools.checkstyle.checks.SuppressWarningsHolder,com.puppycrawl.tools.checkstyle.checks.SuppressWarningsHolder_ESTest,19,0,False
286,Genesis,Checkstyle-91e10c29,0,61ab30422be94ffcace7ce999602f47d,com.puppycrawl.tools.checkstyle.checks.SuppressWarningsHolder,com.puppycrawl.tools.checkstyle.checks.SuppressWarningsHolder_ESTest,21,0,False
287,Genesis,Checkstyle-91e10c29,0,a41a42d219374b55bbb9b2cab5abe62b,com.puppycrawl.tools.checkstyle.checks.SuppressWarningsHolder,com.puppycrawl.tools.checkstyle.checks.SuppressWarningsHolder_ESTest,22,0,False
288,Genesis,Checkstyle-91e10c29,0,cd46aca1117a4339874e9f26cc52cb11,com.puppycrawl.tools.checkstyle.checks.SuppressWarningsHolder,com.puppycrawl.tools.checkstyle.checks.SuppressWarningsHolder_ESTest,19,0,False
289,Genesis,Checkstyle-91e10c29,0,43bbcdefe3cc44cebb8d5386695c02e5,com.puppycrawl.tools.checkstyle.checks.SuppressWarningsHolder,com.puppycrawl.tools.checkstyle.checks.SuppressWarningsHolder_ESTest,23,0,False
290,Genesis,Checkstyle-16493bfb,0,24f5bc848b434d6d89480a6db896bcb1,com.puppycrawl.tools.checkstyle.checks.coding.ModifiedControlVariableCheck,com.puppycrawl.tools.checkstyle.checks.coding.ModifiedControlVariableCheck_ESTest,47,0,False
291,Genesis,Checkstyle-16493bfb,0,5f6268885ceb412292dd362bd86c9741,com.puppycrawl.tools.checkstyle.checks.coding.ModifiedControlVariableCheck,com.puppycrawl.tools.checkstyle.checks.coding.ModifiedControlVariableCheck_ESTest,50,0,False
292,Genesis,Checkstyle-16493bfb,0,71adf58f936f4a7991897d6915d0cc55,com.puppycrawl.tools.checkstyle.checks.coding.ModifiedControlVariableCheck,com.puppycrawl.tools.checkstyle.checks.coding.ModifiedControlVariableCheck_ESTest,50,0,False
293,Genesis,Checkstyle-16493bfb,0,ea379294e8384c8cbcd6e57056b0edff,com.puppycrawl.tools.checkstyle.checks.coding.ModifiedControlVariableCheck,com.puppycrawl.tools.checkstyle.checks.coding.ModifiedControlVariableCheck_ESTest,51,0,False
294,Genesis,Checkstyle-16493bfb,0,82869d9d2dfd4115be3388f7ce1cd413,com.puppycrawl.tools.checkstyle.checks.coding.ModifiedControlVariableCheck,com.puppycrawl.tools.checkstyle.checks.coding.ModifiedControlVariableCheck_ESTest,51,0,False
295,Genesis,Checkstyle-16493bfb,0,1d44096e5147411994cab93446547d2b,com.puppycrawl.tools.checkstyle.checks.coding.ModifiedControlVariableCheck,com.puppycrawl.tools.checkstyle.checks.coding.ModifiedControlVariableCheck_ESTest,50,0,False
296,Genesis,Checkstyle-16493bfb,0,2387b7a4a20b48e0851ad1f9b1c38a13,com.puppycrawl.tools.checkstyle.checks.coding.ModifiedControlVariableCheck,com.puppycrawl.tools.checkstyle.checks.coding.ModifiedControlVariableCheck_ESTest,49,0,False
297,Genesis,Checkstyle-16493bfb,0,8d10f2f9ea014f4892eb40338897a16e,com.puppycrawl.tools.checkstyle.checks.coding.ModifiedControlVariableCheck,com.puppycrawl.tools.checkstyle.checks.coding.ModifiedControlVariableCheck_ESTest,52,0,False
298,Genesis,Checkstyle-16493bfb,0,4eafa6c5263a4294b4c2bc1ef3d144bd,com.puppycrawl.tools.checkstyle.checks.coding.ModifiedControlVariableCheck,com.puppycrawl.tools.checkstyle.checks.coding.ModifiedControlVariableCheck_ESTest,50,0,False
299,Genesis,Checkstyle-16493bfb,0,0b68f963648f4990ad1b63013f93af8e,com.puppycrawl.tools.checkstyle.checks.coding.ModifiedControlVariableCheck,com.puppycrawl.tools.checkstyle.checks.coding.ModifiedControlVariableCheck_ESTest,51,0,False
300,Genesis,Checkstyle-be8a60a4,0,e30b7a125de74b86b86c472eb295ce70,com.puppycrawl.tools.checkstyle.checks.naming.ParameterNameCheck,com.puppycrawl.tools.checkstyle.checks.naming.ParameterNameCheck_ESTest,9,0,True
301,Genesis,Checkstyle-be8a60a4,0,d24bb410994f4a0da533281bccca76fc,com.puppycrawl.tools.checkstyle.checks.naming.ParameterNameCheck,com.puppycrawl.tools.checkstyle.checks.naming.ParameterNameCheck_ESTest,10,0,True
302,Genesis,Checkstyle-be8a60a4,0,250853c06fef45b98c76db1b319090f4,com.puppycrawl.tools.checkstyle.checks.naming.ParameterNameCheck,com.puppycrawl.tools.checkstyle.checks.naming.ParameterNameCheck_ESTest,9,0,True
303,Genesis,Checkstyle-be8a60a4,0,c749d473ed5e48d79cf25af4efa4ae11,com.puppycrawl.tools.checkstyle.checks.naming.ParameterNameCheck,com.puppycrawl.tools.checkstyle.checks.naming.ParameterNameCheck_ESTest,9,0,False
304,Genesis,Checkstyle-be8a60a4,0,069053b6bb9a4ef194ced072b1b94362,com.puppycrawl.tools.checkstyle.checks.naming.ParameterNameCheck,com.puppycrawl.tools.checkstyle.checks.naming.ParameterNameCheck_ESTest,9,0,False
305,Genesis,Checkstyle-be8a60a4,0,7208b6d6762b4dbfa361c4a055740af2,com.puppycrawl.tools.checkstyle.checks.naming.ParameterNameCheck,com.puppycrawl.tools.checkstyle.checks.naming.ParameterNameCheck_ESTest,9,0,True
306,Genesis,Checkstyle-be8a60a4,0,498332d62f9646eb9d8c34c3c8d458cf,com.puppycrawl.tools.checkstyle.checks.naming.ParameterNameCheck,com.puppycrawl.tools.checkstyle.checks.naming.ParameterNameCheck_ESTest,10,0,True
307,Genesis,Checkstyle-be8a60a4,0,25f1ad6509df4ce487ef0ab81215bcac,com.puppycrawl.tools.checkstyle.checks.naming.ParameterNameCheck,com.puppycrawl.tools.checkstyle.checks.naming.ParameterNameCheck_ESTest,9,0,False
308,Genesis,Checkstyle-be8a60a4,0,361ddb4c556049839593965c4bb233c1,com.puppycrawl.tools.checkstyle.checks.naming.ParameterNameCheck,com.puppycrawl.tools.checkstyle.checks.naming.ParameterNameCheck_ESTest,9,0,False
309,Genesis,Checkstyle-be8a60a4,0,da5e65e5a0794f4e8dfd6684abe85bdc,com.puppycrawl.tools.checkstyle.checks.naming.ParameterNameCheck,com.puppycrawl.tools.checkstyle.checks.naming.ParameterNameCheck_ESTest,10,0,True
310,Genesis,Javaslang-0dab3ed3,0,31ea081d5d9b423fafdd0252891b4a91,javaslang.Tuples,javaslang.Tuples_ESTest,67,0,True
311,Genesis,Javaslang-0dab3ed3,0,1b02e644fcde40b490dce6f5c26293aa,javaslang.Tuples,javaslang.Tuples_ESTest,69,0,True
312,Genesis,Javaslang-0dab3ed3,0,4cc6b6e71c1b4f57ae2fd7c992c1e485,javaslang.Tuples,javaslang.Tuples_ESTest,67,0,True
313,Genesis,Javaslang-0dab3ed3,0,5f1a0651b7a64e7dbbdd97d17ecc64d2,javaslang.Tuples,javaslang.Tuples_ESTest,68,0,True
314,Genesis,Javaslang-0dab3ed3,0,a1de96b02a5344d9866d61bb3d1d7324,javaslang.Tuples,javaslang.Tuples_ESTest,68,0,True
315,Genesis,Javaslang-0dab3ed3,0,81cd6395ae9f431597c2095ccb6ad5ff,javaslang.Tuples,javaslang.Tuples_ESTest,65,0,True
316,Genesis,Javaslang-0dab3ed3,0,b5309d7820174e07bfe37cfbd237893a,javaslang.Tuples,javaslang.Tuples_ESTest,66,0,True
317,Genesis,Javaslang-0dab3ed3,0,ab7e5ef6c057440591c47e78c9ee5c0f,javaslang.Tuples,javaslang.Tuples_ESTest,66,0,True
318,Genesis,Javaslang-0dab3ed3,0,0fc3d31d6b7f49eea0866069c7f1194e,javaslang.Tuples,javaslang.Tuples_ESTest,66,0,True
319,Genesis,Javaslang-0dab3ed3,0,cb26c8121b2f4b32acd6e7db7e377c5c,javaslang.Tuples,javaslang.Tuples_ESTest,67,0,True
320,Genesis,Activiti-31c8ea16,0,2e13527796044e259d14c8b8398db623,org.activiti.engine.impl.event.AbstractEventHandler,org.activiti.engine.impl.event.AbstractEventHandler_ESTest,2,0,True
321,Genesis,Activiti-31c8ea16,0,1f44240d271a4711893f373ac6ab01c3,org.activiti.engine.impl.event.AbstractEventHandler,org.activiti.engine.impl.event.AbstractEventHandler_ESTest,2,0,True
322,Genesis,Activiti-31c8ea16,0,9646f8c651a34c0aac236a5c9c599e54,org.activiti.engine.impl.event.AbstractEventHandler,org.activiti.engine.impl.event.AbstractEventHandler_ESTest,2,0,True
323,Genesis,Activiti-31c8ea16,0,a969e729dd974f83a0c2da9e1d98b789,org.activiti.engine.impl.event.AbstractEventHandler,org.activiti.engine.impl.event.AbstractEventHandler_ESTest,2,0,True
324,Genesis,Activiti-31c8ea16,0,4946e02da97748c982bd7fda50bb3d08,org.activiti.engine.impl.event.AbstractEventHandler,org.activiti.engine.impl.event.AbstractEventHandler_ESTest,2,0,True
325,Genesis,Activiti-31c8ea16,0,b55ee105b4084da7b5852d6c01e7c536,org.activiti.engine.impl.event.AbstractEventHandler,org.activiti.engine.impl.event.AbstractEventHandler_ESTest,2,0,True
326,Genesis,Activiti-31c8ea16,0,c491b4fa0af04d43830cbfbac528b060,org.activiti.engine.impl.event.AbstractEventHandler,org.activiti.engine.impl.event.AbstractEventHandler_ESTest,2,0,True
327,Genesis,Activiti-31c8ea16,0,cd5c8cda9c33483f8d41bdfb88c35235,org.activiti.engine.impl.event.AbstractEventHandler,org.activiti.engine.impl.event.AbstractEventHandler_ESTest,2,0,True
328,Genesis,Activiti-31c8ea16,0,dee370f1ca594699bf0f3b97faf53d74,org.activiti.engine.impl.event.AbstractEventHandler,org.activiti.engine.impl.event.AbstractEventHandler_ESTest,2,0,True
329,Genesis,Activiti-31c8ea16,0,e4b5b00a99dc431887ceb66528418e8e,org.activiti.engine.impl.event.AbstractEventHandler,org.activiti.engine.impl.event.AbstractEventHandler_ESTest,6,0,False
330,Defects4J,Csv-9,0,5201cfa9ffa149fbb15e87e827087dfa,org.apache.commons.csv.CSVRecord,org.apache.commons.csv.CSVRecord_ESTest,43,0,True
331,Defects4J,Csv-9,0,da20cb15e980436dbdef8c4f0743c37b,org.apache.commons.csv.CSVRecord,org.apache.commons.csv.CSVRecord_ESTest,43,0,True
332,Defects4J,Csv-9,0,d557e6b8274147529722a8639bc98682,org.apache.commons.csv.CSVRecord,org.apache.commons.csv.CSVRecord_ESTest,43,0,True
333,Defects4J,Csv-9,0,720a9f2b8f814c8e94190815fac6e529,org.apache.commons.csv.CSVRecord,org.apache.commons.csv.CSVRecord_ESTest,42,0,True
334,Defects4J,Csv-9,0,1a5ed475223345a691f50cefa1e291f0,org.apache.commons.csv.CSVRecord,org.apache.commons.csv.CSVRecord_ESTest,43,0,True
335,Defects4J,Csv-9,0,c75a57d484d64af0952b343331362b8d,org.apache.commons.csv.CSVRecord,org.apache.commons.csv.CSVRecord_ESTest,42,0,True
336,Defects4J,Csv-9,0,93026644b38649a49bca2fb887460b29,org.apache.commons.csv.CSVRecord,org.apache.commons.csv.CSVRecord_ESTest,43,0,True
337,Defects4J,Csv-9,0,9b8f3c7f0b00418181b4d0a10008da94,org.apache.commons.csv.CSVRecord,org.apache.commons.csv.CSVRecord_ESTest,43,0,True
338,Defects4J,Csv-9,0,c698fb23de394c4cbc3e236452e799bf,org.apache.commons.csv.CSVRecord,org.apache.commons.csv.CSVRecord_ESTest,43,0,True
339,Defects4J,Csv-9,0,51aa879829eb4b47a704b65a24ae7259,org.apache.commons.csv.CSVRecord,org.apache.commons.csv.CSVRecord_ESTest,41,0,True
340,Defects4J,Math-70,0,c4f1c69ff1974c338891d1e792a72c54,org.apache.commons.math.analysis.solvers.BisectionSolver,org.apache.commons.math.analysis.solvers.BisectionSolver_ESTest,32,0,True
341,Defects4J,Math-70,0,a5f879034ec0499183f9b446f11adf26,org.apache.commons.math.analysis.solvers.BisectionSolver,org.apache.commons.math.analysis.solvers.BisectionSolver_ESTest,30,0,True
342,Defects4J,Math-70,0,9bc1ccbf186c484e8f275cb3f2b5e659,org.apache.commons.math.analysis.solvers.BisectionSolver,org.apache.commons.math.analysis.solvers.BisectionSolver_ESTest,29,0,True
343,Defects4J,Math-70,0,2335b2e499c143dab8adf3823865048e,org.apache.commons.math.analysis.solvers.BisectionSolver,org.apache.commons.math.analysis.solvers.BisectionSolver_ESTest,30,0,True
344,Defects4J,Math-70,0,dd35f06ce2b34d92b3d5e3199fc03fab,org.apache.commons.math.analysis.solvers.BisectionSolver,org.apache.commons.math.analysis.solvers.BisectionSolver_ESTest,32,0,True
345,Defects4J,Math-70,0,84ef29e1dec549bea4433b93e466ba4b,org.apache.commons.math.analysis.solvers.BisectionSolver,org.apache.commons.math.analysis.solvers.BisectionSolver_ESTest,28,0,True
346,Defects4J,Math-70,0,11c40df43ce645b4b065f499d5a4d550,org.apache.commons.math.analysis.solvers.BisectionSolver,org.apache.commons.math.analysis.solvers.BisectionSolver_ESTest,28,0,True
347,Defects4J,Math-70,0,b2e134f9cc784ee496bdeb729608b680,org.apache.commons.math.analysis.solvers.BisectionSolver,org.apache.commons.math.analysis.solvers.BisectionSolver_ESTest,30,0,True
348,Defects4J,Math-70,0,2ddc3af86c0542748c9b7ff2cc179ef8,org.apache.commons.math.analysis.solvers.BisectionSolver,org.apache.commons.math.analysis.solvers.BisectionSolver_ESTest,30,0,True
349,Defects4J,Math-70,0,f7348ba395d04afe8210da0b73651051,org.apache.commons.math.analysis.solvers.BisectionSolver,org.apache.commons.math.analysis.solvers.BisectionSolver_ESTest$1,31,0,True
350,Defects4J,Math-70,0,f7348ba395d04afe8210da0b73651051,org.apache.commons.math.analysis.solvers.BisectionSolver,org.apache.commons.math.analysis.solvers.BisectionSolver_ESTest,31,0,True
351,Defects4J,Math-79,0,c4af3687eede4b30ad7b7b51dc6674e3,org.apache.commons.math.stat.clustering.KMeansPlusPlusClusterer,org.apache.commons.math.stat.clustering.KMeansPlusPlusClusterer_ESTest,10,0,True
352,Defects4J,Math-79,0,deea5cd4a634400794d06144b1fbf22c,org.apache.commons.math.stat.clustering.KMeansPlusPlusClusterer,org.apache.commons.math.stat.clustering.KMeansPlusPlusClusterer_ESTest,8,0,False
353,Defects4J,Math-79,0,f0bbc7d66c5946e39e9ebfb11533f7d2,org.apache.commons.math.stat.clustering.KMeansPlusPlusClusterer,org.apache.commons.math.stat.clustering.KMeansPlusPlusClusterer_ESTest,10,0,True
354,Defects4J,Math-79,0,7a6cf55e31ba46e3bf2a03281e081866,org.apache.commons.math.stat.clustering.KMeansPlusPlusClusterer,org.apache.commons.math.stat.clustering.KMeansPlusPlusClusterer_ESTest,8,0,False
355,Defects4J,Math-79,0,94ecf0ed8a484bef95aed94862efbb16,org.apache.commons.math.stat.clustering.KMeansPlusPlusClusterer,org.apache.commons.math.stat.clustering.KMeansPlusPlusClusterer_ESTest,9,0,False
356,Defects4J,Math-79,0,56a34afc16c84aa5a9ff026111159133,org.apache.commons.math.stat.clustering.KMeansPlusPlusClusterer,org.apache.commons.math.stat.clustering.KMeansPlusPlusClusterer_ESTest,7,0,True
357,Defects4J,Math-79,0,567d29d4729946f4a4233251861f3588,org.apache.commons.math.stat.clustering.KMeansPlusPlusClusterer,org.apache.commons.math.stat.clustering.KMeansPlusPlusClusterer_ESTest,8,0,True
358,Defects4J,Math-79,0,6609e0ba35ea4f3ab727181ea3691ed4,org.apache.commons.math.stat.clustering.KMeansPlusPlusClusterer,org.apache.commons.math.stat.clustering.KMeansPlusPlusClusterer_ESTest,8,0,True
359,Defects4J,Math-79,0,5d4567ec7a13484682ce87db3ed0a925,org.apache.commons.math.stat.clustering.KMeansPlusPlusClusterer,org.apache.commons.math.stat.clustering.KMeansPlusPlusClusterer_ESTest,10,0,True
360,Defects4J,Math-79,0,ccc24c00e7354fe99656df38ba3dc096,org.apache.commons.math.stat.clustering.KMeansPlusPlusClusterer,org.apache.commons.math.stat.clustering.KMeansPlusPlusClusterer_ESTest,9,0,True
361,Defects4J,Csv-11,0,cc7abad9c6aa48cb87498bb1b744eecd,org.apache.commons.csv.CSVParser,org.apache.commons.csv.CSVParser_ESTest,35,0,True
362,Defects4J,Csv-11,0,a2218d4931d64fcfb93377b4b1a38754,org.apache.commons.csv.CSVParser,org.apache.commons.csv.CSVParser_ESTest,35,0,True
363,Defects4J,Csv-11,0,3b618e6b55ad4e25ba537d1512512feb,org.apache.commons.csv.CSVParser,org.apache.commons.csv.CSVParser_ESTest,34,0,True
364,Defects4J,Csv-11,0,d71a7755a4d74814adcc320db30492f0,org.apache.commons.csv.CSVParser,org.apache.commons.csv.CSVParser_ESTest,32,0,True
365,Defects4J,Csv-11,0,e9682ba53b02433c92679f26b08ff7ee,org.apache.commons.csv.CSVParser,org.apache.commons.csv.CSVParser_ESTest,33,0,True
366,Defects4J,Csv-11,0,132ff8bf5d9249ce8a19afef6ef3b7de,org.apache.commons.csv.CSVParser,org.apache.commons.csv.CSVParser_ESTest,34,0,True
367,Defects4J,Csv-11,0,34fcdd0700d749a99609b9a6ab41e71f,org.apache.commons.csv.CSVParser,org.apache.commons.csv.CSVParser_ESTest,31,0,True
368,Defects4J,Csv-11,0,4d5110a4f80b4188a9bd98a8fc848fef,org.apache.commons.csv.CSVParser,org.apache.commons.csv.CSVParser_ESTest,34,0,True
369,Defects4J,Cli-30,0,28368688b98f4484a194b9ce3e46ff4b,org.apache.commons.cli.Parser,org.apache.commons.cli.Parser_ESTest,36,0,True
370,Defects4J,Cli-30,0,28368688b98f4484a194b9ce3e46ff4b,org.apache.commons.cli.DefaultParser,org.apache.commons.cli.DefaultParser_ESTest,40,0,False
371,Defects4J,Cli-30,0,77232bbefa7347b8a07573f914f9dcf2,org.apache.commons.cli.Parser,org.apache.commons.cli.Parser_ESTest,39,0,True
372,Defects4J,Cli-30,0,77232bbefa7347b8a07573f914f9dcf2,org.apache.commons.cli.DefaultParser,org.apache.commons.cli.DefaultParser_ESTest,35,0,False
373,Defects4J,Cli-30,0,d1c3d6189e66407d9efa0214f2fa463e,org.apache.commons.cli.Parser,org.apache.commons.cli.Parser_ESTest,41,0,True
374,Defects4J,Cli-30,0,d1c3d6189e66407d9efa0214f2fa463e,org.apache.commons.cli.DefaultParser,org.apache.commons.cli.DefaultParser_ESTest,40,0,False
375,Defects4J,Cli-30,0,bb731408c37d4aa4acd45bbc88e527b0,org.apache.commons.cli.DefaultParser,org.apache.commons.cli.DefaultParser_ESTest,37,0,False
376,Defects4J,Cli-30,0,e50be147a7a14f78bfafe7e0bd30c150,org.apache.commons.cli.Parser,org.apache.commons.cli.Parser_ESTest,40,0,True
377,Defects4J,Cli-30,0,e50be147a7a14f78bfafe7e0bd30c150,org.apache.commons.cli.DefaultParser,org.apache.commons.cli.DefaultParser_ESTest,40,0,False
378,Defects4J,Cli-30,0,89179b3142a4454da8ab9dcb769847ef,org.apache.commons.cli.Parser,org.apache.commons.cli.Parser_ESTest,39,0,True
379,Defects4J,Cli-30,0,89179b3142a4454da8ab9dcb769847ef,org.apache.commons.cli.DefaultParser,org.apache.commons.cli.DefaultParser_ESTest,36,0,False
380,Defects4J,Cli-30,0,36cabbd82df24d62b42e8b34035669cf,org.apache.commons.cli.Parser,org.apache.commons.cli.Parser_ESTest,40,0,True
381,Defects4J,Cli-30,0,36cabbd82df24d62b42e8b34035669cf,org.apache.commons.cli.DefaultParser,org.apache.commons.cli.DefaultParser_ESTest,36,0,False
382,Defects4J,Cli-30,0,56042ea391424c469741829ff9c5d486,org.apache.commons.cli.Parser,org.apache.commons.cli.Parser_ESTest,41,0,True
383,Defects4J,Cli-30,0,56042ea391424c469741829ff9c5d486,org.apache.commons.cli.DefaultParser,org.apache.commons.cli.DefaultParser_ESTest,35,0,False
384,Defects4J,Cli-30,0,3d0a18736396439caaa835071561fa98,org.apache.commons.cli.Parser,org.apache.commons.cli.Parser_ESTest,38,0,True
385,Defects4J,Cli-30,0,3d0a18736396439caaa835071561fa98,org.apache.commons.cli.DefaultParser,org.apache.commons.cli.DefaultParser_ESTest,42,0,False
386,Defects4J,Cli-30,0,b7917e981fa74d3eb090b32c36251071,org.apache.commons.cli.Parser,org.apache.commons.cli.Parser_ESTest,40,0,True
387,Defects4J,Cli-30,0,b7917e981fa74d3eb090b32c36251071,org.apache.commons.cli.DefaultParser,org.apache.commons.cli.DefaultParser_ESTest,42,0,False
388,Defects4J,Cli-30,1,28368688b98f4484a194b9ce3e46ff4b,org.apache.commons.cli.Parser,org.apache.commons.cli.Parser_ESTest,36,0,False
389,Defects4J,Cli-30,1,28368688b98f4484a194b9ce3e46ff4b,org.apache.commons.cli.DefaultParser,org.apache.commons.cli.DefaultParser_ESTest,40,0,True
390,Defects4J,Cli-30,1,77232bbefa7347b8a07573f914f9dcf2,org.apache.commons.cli.Parser,org.apache.commons.cli.Parser_ESTest,39,0,False
391,Defects4J,Cli-30,1,77232bbefa7347b8a07573f914f9dcf2,org.apache.commons.cli.DefaultParser,org.apache.commons.cli.DefaultParser_ESTest,35,0,True
392,Defects4J,Cli-30,1,d1c3d6189e66407d9efa0214f2fa463e,org.apache.commons.cli.Parser,org.apache.commons.cli.Parser_ESTest,41,0,False
393,Defects4J,Cli-30,1,d1c3d6189e66407d9efa0214f2fa463e,org.apache.commons.cli.DefaultParser,org.apache.commons.cli.DefaultParser_ESTest,40,0,True
394,Defects4J,Cli-30,1,bb731408c37d4aa4acd45bbc88e527b0,org.apache.commons.cli.DefaultParser,org.apache.commons.cli.DefaultParser_ESTest,37,0,True
395,Defects4J,Cli-30,1,e50be147a7a14f78bfafe7e0bd30c150,org.apache.commons.cli.Parser,org.apache.commons.cli.Parser_ESTest,40,0,False
396,Defects4J,Cli-30,1,e50be147a7a14f78bfafe7e0bd30c150,org.apache.commons.cli.DefaultParser,org.apache.commons.cli.DefaultParser_ESTest,40,0,True
397,Defects4J,Cli-30,1,89179b3142a4454da8ab9dcb769847ef,org.apache.commons.cli.Parser,org.apache.commons.cli.Parser_ESTest,39,0,False
398,Defects4J,Cli-30,1,89179b3142a4454da8ab9dcb769847ef,org.apache.commons.cli.DefaultParser,org.apache.commons.cli.DefaultParser_ESTest,36,0,True
399,Defects4J,Cli-30,1,36cabbd82df24d62b42e8b34035669cf,org.apache.commons.cli.Parser,org.apache.commons.cli.Parser_ESTest,40,0,False
400,Defects4J,Cli-30,1,36cabbd82df24d62b42e8b34035669cf,org.apache.commons.cli.DefaultParser,org.apache.commons.cli.DefaultParser_ESTest,36,0,True
401,Defects4J,Cli-30,1,56042ea391424c469741829ff9c5d486,org.apache.commons.cli.Parser,org.apache.commons.cli.Parser_ESTest,41,0,False
402,Defects4J,Cli-30,1,56042ea391424c469741829ff9c5d486,org.apache.commons.cli.DefaultParser,org.apache.commons.cli.DefaultParser_ESTest,35,0,True
403,Defects4J,Cli-30,1,3d0a18736396439caaa835071561fa98,org.apache.commons.cli.Parser,org.apache.commons.cli.Parser_ESTest,38,0,False
404,Defects4J,Cli-30,1,3d0a18736396439caaa835071561fa98,org.apache.commons.cli.DefaultParser,org.apache.commons.cli.DefaultParser_ESTest,42,0,True
405,Defects4J,Cli-30,1,b7917e981fa74d3eb090b32c36251071,org.apache.commons.cli.Parser,org.apache.commons.cli.Parser_ESTest,40,0,False
406,Defects4J,Cli-30,1,b7917e981fa74d3eb090b32c36251071,org.apache.commons.cli.DefaultParser,org.apache.commons.cli.DefaultParser_ESTest,42,0,True
407,NPEX,PDFBox-55586aad,0,27cd7c7ce1e7412d9bed015aef98c615,org.apache.pdfbox.pdmodel.interactive.action.PDActionURI,org.apache.pdfbox.pdmodel.interactive.action.PDActionURI_ESTest,9,0,True
408,NPEX,Log4j_2-6a233016,0,f751b5e9c8ff419ba5806ada3d84e4cd,org.apache.logging.log4j.core.async.RingBufferLogEvent,org.apache.logging.log4j.core.async.RingBufferLogEvent_ESTest,91,0,True
409,NPEX,Log4j_2-6a233016,0,25aa810f22da4d58866fc3cbaf543849,org.apache.logging.log4j.core.async.RingBufferLogEvent,org.apache.logging.log4j.core.async.RingBufferLogEvent_ESTest,89,0,True
410,NPEX,Log4j_2-6a233016,0,ba40f3b1fee341409ea0f44be7b43a05,org.apache.logging.log4j.core.async.RingBufferLogEvent,org.apache.logging.log4j.core.async.RingBufferLogEvent_ESTest,92,0,True
411,NPEX,Log4j_2-6a233016,0,a5d191f717e54b0a9e941c609cf1fd7c,org.apache.logging.log4j.core.async.RingBufferLogEvent,org.apache.logging.log4j.core.async.RingBufferLogEvent_ESTest,87,0,True
412,NPEX,Log4j_2-6a233016,0,427cf1f511894ae4baa333971a8b4f1c,org.apache.logging.log4j.core.async.RingBufferLogEvent,org.apache.logging.log4j.core.async.RingBufferLogEvent_ESTest,91,0,True
413,NPEX,Log4j_2-6a233016,0,563d507027614e119c2b03641a283329,org.apache.logging.log4j.core.async.RingBufferLogEvent,org.apache.logging.log4j.core.async.RingBufferLogEvent_ESTest,89,0,True
414,NPEX,Log4j_2-6a233016,0,44b1976b1af14144acbe0758f24e2006,org.apache.logging.log4j.core.async.RingBufferLogEvent,org.apache.logging.log4j.core.async.RingBufferLogEvent_ESTest,85,0,True
415,NPEX,Log4j_2-6a233016,0,a9ad14f3e69f41d8b0f1291e0af709e7,org.apache.logging.log4j.core.async.RingBufferLogEvent,org.apache.logging.log4j.core.async.RingBufferLogEvent_ESTest,91,0,True
416,NPEX,Log4j_2-6a233016,0,3c9f4e96b3eb4081be0ebc01a1e3a5ab,org.apache.logging.log4j.core.async.RingBufferLogEvent,org.apache.logging.log4j.core.async.RingBufferLogEvent_ESTest,91,0,True
417,NPEX,Ninja-16aa9c14,0,0a888d482960449ab23c7379e30c5408,ninja.Route,ninja.Route_ESTest,26,0,False
418,NPEX,Ninja-16aa9c14,0,3025fc7f3a544fbd868469fec7e54331,ninja.Route,ninja.Route_ESTest,23,0,True
419,NPEX,Ninja-16aa9c14,0,164eaac1fa5c4dfa91b239be9936de32,ninja.Route,ninja.Route_ESTest,25,0,True
420,NPEX,Ninja-16aa9c14,0,cbd603ff2c04486d9d7ff2b62ebe2663,ninja.Route,ninja.Route_ESTest,23,0,True
421,NPEX,Ninja-16aa9c14,0,bce8531ba3c2449b9deb1f3dfe345985,ninja.Route,ninja.Route_ESTest,25,0,True
422,NPEX,Ninja-16aa9c14,0,6337f4089a8f4c38b5bac93060ee033b,ninja.Route,ninja.Route_ESTest,25,0,True
423,NPEX,Ninja-16aa9c14,0,ac0404fe12684e469fc1c138d28beaa6,ninja.Route,ninja.Route_ESTest,24,0,True
424,NPEX,Ninja-16aa9c14,0,8b8473f01b884a38af096a9074336592,ninja.Route,ninja.Route_ESTest,26,0,True
425,NPEX,Ninja-16aa9c14,0,76696863822148229e76e08a666f71d0,ninja.Route,ninja.Route_ESTest,26,0,True
426,NPEX,Ninja-16aa9c14,0,160032d003324d5aaf0d76a7ecc700c7,ninja.Route,ninja.Route_ESTest,25,0,False
427,NPEX,Aries_JPA-97cb979d,0,f5b077ae43314c12bba95c53f05191c8,org.apache.aries.jpa.blueprint.impl.AnnotationScanner,org.apache.aries.jpa.blueprint.impl.AnnotationScanner_ESTest,4,0,False
428,NPEX,Aries_JPA-97cb979d,0,fe8e53421895465288ddd29b6c98b12c,org.apache.aries.jpa.blueprint.impl.AnnotationScanner,org.apache.aries.jpa.blueprint.impl.AnnotationScanner_ESTest,4,0,False
429,NPEX,Aries_JPA-97cb979d,0,3f1f1f6264194675b157f17f732d2073,org.apache.aries.jpa.blueprint.impl.AnnotationScanner,org.apache.aries.jpa.blueprint.impl.AnnotationScanner_ESTest,4,0,False
430,NPEX,Aries_JPA-97cb979d,0,33ad1b3baf124592919f1243c2319145,org.apache.aries.jpa.blueprint.impl.AnnotationScanner,org.apache.aries.jpa.blueprint.impl.AnnotationScanner_ESTest,4,0,False
431,NPEX,Aries_JPA-97cb979d,0,5976c5c621094e2f812df70513b632f7,org.apache.aries.jpa.blueprint.impl.AnnotationScanner,org.apache.aries.jpa.blueprint.impl.AnnotationScanner_ESTest,4,0,False
432,NPEX,Aries_JPA-97cb979d,0,2b4a1488ef334f0f994a8ec0d5274e4f,org.apache.aries.jpa.blueprint.impl.AnnotationScanner,org.apache.aries.jpa.blueprint.impl.AnnotationScanner_ESTest,4,0,False
433,NPEX,Aries_JPA-97cb979d,0,6687b955f71f49b69ae4c728f4cbc8ee,org.apache.aries.jpa.blueprint.impl.AnnotationScanner,org.apache.aries.jpa.blueprint.impl.AnnotationScanner_ESTest,4,0,False
434,NPEX,Aries_JPA-97cb979d,0,63d088588ab8428790b0a3bea471deb5,org.apache.aries.jpa.blueprint.impl.AnnotationScanner,org.apache.aries.jpa.blueprint.impl.AnnotationScanner_ESTest,4,0,False
435,NPEX,Aries_JPA-97cb979d,0,d2d71a5af3774b8794a7857bea60b03d,org.apache.aries.jpa.blueprint.impl.AnnotationScanner,org.apache.aries.jpa.blueprint.impl.AnnotationScanner_ESTest,4,0,False
436,NPEX,Aries_JPA-97cb979d,0,50e7e85b822845eca051c3e406e2847a,org.apache.aries.jpa.blueprint.impl.AnnotationScanner,org.apache.aries.jpa.blueprint.impl.AnnotationScanner_ESTest,4,0,False
437,NPEX,Activiti-c45d6c3c,0,6f38d8f81d064d5f9f9fbf417aac5d47,org.activiti.engine.impl.variable.JPAEntityMappings,org.activiti.engine.impl.variable.JPAEntityMappings_ESTest,17,0,False
438,NPEX,Activiti-c45d6c3c,0,fa42bd0b19ea44c0adc023c0ad39dd2d,org.activiti.engine.impl.variable.JPAEntityMappings,org.activiti.engine.impl.variable.JPAEntityMappings_ESTest,17,0,False
439,NPEX,Activiti-c45d6c3c,0,5d5e4596ff3f4821bf4f705af9105efd,org.activiti.engine.impl.variable.JPAEntityMappings,org.activiti.engine.impl.variable.JPAEntityMappings_ESTest,18,0,False
440,NPEX,Activiti-c45d6c3c,0,dee98d5e6ebe4565a99e6ccdff5694c8,org.activiti.engine.impl.variable.JPAEntityMappings,org.activiti.engine.impl.variable.JPAEntityMappings_ESTest,21,0,False
441,NPEX,Activiti-c45d6c3c,0,91569ff890a04f4998eeaa9872632ca0,org.activiti.engine.impl.variable.JPAEntityMappings,org.activiti.engine.impl.variable.JPAEntityMappings_ESTest,22,0,False
442,NPEX,Activiti-c45d6c3c,0,eaf75b2925374a16b321ad19fa46895e,org.activiti.engine.impl.variable.JPAEntityMappings,org.activiti.engine.impl.variable.JPAEntityMappings_ESTest,17,0,False
443,NPEX,Activiti-c45d6c3c,0,12d1fd3a43f741e99511cee47ee77b02,org.activiti.engine.impl.variable.JPAEntityMappings,org.activiti.engine.impl.variable.JPAEntityMappings_ESTest,21,0,False
444,NPEX,Activiti-c45d6c3c,0,b31809cbbb004e5daff43f788de2641d,org.activiti.engine.impl.variable.JPAEntityMappings,org.activiti.engine.impl.variable.JPAEntityMappings_ESTest,20,0,False
445,NPEX,Activiti-c45d6c3c,0,1202e9844de945ad91b4ae3ee97dc2e7,org.activiti.engine.impl.variable.JPAEntityMappings,org.activiti.engine.impl.variable.JPAEntityMappings_ESTest,20,0,False
446,NPEX,Activiti-c45d6c3c,0,8fa3e93404684f8dac3d0318f9e2cbff,org.activiti.engine.impl.variable.JPAEntityMappings,org.activiti.engine.impl.variable.JPAEntityMappings_ESTest,18,0,False
447,NPEX,Nutz-87a4b212,0,858a18e0e40048ca8697e4f30956fe15,org.nutz.lang.Mirror,org.nutz.lang.Mirror_ESTest,281,0,True
448,NPEX,Nutz-87a4b212,0,f7d20ae3d11a408788aa1412b994d530,org.nutz.lang.Mirror,org.nutz.lang.Mirror_ESTest,295,0,True
449,NPEX,Nutz-87a4b212,0,ccdb922721184d33b6be43fa1d3b35b2,org.nutz.lang.Mirror,org.nutz.lang.Mirror_ESTest,279,0,True
450,NPEX,Nutz-87a4b212,0,059d26f2f5a44dbba922015e72cbdd87,org.nutz.lang.Mirror,org.nutz.lang.Mirror_ESTest,281,0,True
451,NPEX,Nutz-87a4b212,0,22cdf699e18d492db42b3532ecae0144,org.nutz.lang.Mirror,org.nutz.lang.Mirror_ESTest,280,0,True
452,NPEX,Nutz-87a4b212,0,d854466697034bf4b064ecaeb3f572df,org.nutz.lang.Mirror,org.nutz.lang.Mirror_ESTest,292,0,True
453,NPEX,Nutz-87a4b212,0,fb28ceb6afee45fcab19bd174eab7e29,org.nutz.lang.Mirror,org.nutz.lang.Mirror_ESTest,295,0,True
454,NPEX,Nutz-87a4b212,0,e62713e4c5f742ecba7dc8c019760f5b,org.nutz.lang.Mirror,org.nutz.lang.Mirror_ESTest,292,0,True
455,NPEX,Nutz-87a4b212,0,56e4ff6311f449f09fc54fc4af486c07,org.nutz.lang.Mirror,org.nutz.lang.Mirror_ESTest,294,0,True
456,NPEX,OpenPDF-a89dfdf5,0,bf8ddbb8eec8414c902085b331ffd7a8,com.lowagie.text.pdf.StandardDecryption,com.lowagie.text.pdf.StandardDecryption_ESTest,17,0,True
457,NPEX,OpenPDF-a89dfdf5,0,cbd0afa9541346e89657a4972def0caa,com.lowagie.text.pdf.StandardDecryption,com.lowagie.text.pdf.StandardDecryption_ESTest,16,0,True
458,NPEX,OpenPDF-a89dfdf5,0,1a6a56f123a3410a922c3f10c3e5d192,com.lowagie.text.pdf.StandardDecryption,com.lowagie.text.pdf.StandardDecryption_ESTest,16,0,True
459,NPEX,OpenPDF-a89dfdf5,0,20742117abd94c33ade440b63b72d7ad,com.lowagie.text.pdf.StandardDecryption,com.lowagie.text.pdf.StandardDecryption_ESTest,17,0,True
460,NPEX,OpenPDF-a89dfdf5,0,30cda1808eaf490ba7f3aac67c52449b,com.lowagie.text.pdf.StandardDecryption,com.lowagie.text.pdf.StandardDecryption_ESTest,16,0,True
461,NPEX,OpenPDF-a89dfdf5,0,fd2f50a70c0b4e8a8e4abb4b11df5aa4,com.lowagie.text.pdf.StandardDecryption,com.lowagie.text.pdf.StandardDecryption_ESTest,16,0,True
462,NPEX,ActiveMQ_Artemis-586abba9,0,bc80bfc4725e44d8834fa31958aecbea,org.apache.activemq.artemis.selector.filter.UnaryExpression,org.apache.activemq.artemis.selector.filter.UnaryExpression_ESTest,30,0,False
463,NPEX,ActiveMQ_Artemis-586abba9,0,fc07462741c2434d8efa85035a4643bb,org.apache.activemq.artemis.selector.filter.UnaryExpression,org.apache.activemq.artemis.selector.filter.UnaryExpression_ESTest,30,0,False
464,NPEX,ActiveMQ_Artemis-586abba9,0,58bc99d274944d2d858c9b80d57f4025,org.apache.activemq.artemis.selector.filter.UnaryExpression,org.apache.activemq.artemis.selector.filter.UnaryExpression_ESTest,28,0,False
465,NPEX,ActiveMQ_Artemis-586abba9,0,e04b0a75ddb84372aa8360ec92b3f092,org.apache.activemq.artemis.selector.filter.UnaryExpression,org.apache.activemq.artemis.selector.filter.UnaryExpression_ESTest,28,0,False
466,NPEX,ActiveMQ_Artemis-586abba9,0,e9706da048d044ceba726e094dcba480,org.apache.activemq.artemis.selector.filter.UnaryExpression,org.apache.activemq.artemis.selector.filter.UnaryExpression_ESTest,31,0,False
467,NPEX,ActiveMQ_Artemis-586abba9,0,f708311d5c6c42e09bc886d85686f3d4,org.apache.activemq.artemis.selector.filter.UnaryExpression,org.apache.activemq.artemis.selector.filter.UnaryExpression_ESTest,26,0,False
468,NPEX,ActiveMQ_Artemis-586abba9,0,1bb805ec10654bb69c9377adf07bfb1b,org.apache.activemq.artemis.selector.filter.UnaryExpression,org.apache.activemq.artemis.selector.filter.UnaryExpression_ESTest,25,0,False
469,NPEX,ActiveMQ_Artemis-586abba9,0,153238291f894691ba8732378bf1d201,org.apache.activemq.artemis.selector.filter.UnaryExpression,org.apache.activemq.artemis.selector.filter.UnaryExpression_ESTest,25,0,False
470,NPEX,ActiveMQ_Artemis-586abba9,0,e3dba37043164d9c942d81d44f839304,org.apache.activemq.artemis.selector.filter.UnaryExpression,org.apache.activemq.artemis.selector.filter.UnaryExpression_ESTest,26,0,False
471,NPEX,ActiveMQ_Artemis-586abba9,0,19d6d69f33b24ba4b971dbcb05a9436f,org.apache.activemq.artemis.selector.filter.UnaryExpression,org.apache.activemq.artemis.selector.filter.UnaryExpression_ESTest,27,0,False
472,NPEX,ShardingSphere-82b1b9d5,0,3fc5b268b32649498197556cd13e86e3,org.apache.shardingsphere.infra.executor.sql.context.ExecutionContextBuilder,org.apache.shardingsphere.infra.executor.sql.context.ExecutionContextBuilder_ESTest,0,0,False
473,NPEX,ShardingSphere-82b1b9d5,0,50863e69e72a48a0ada6f47446c66c2a,org.apache.shardingsphere.infra.executor.sql.context.ExecutionContextBuilder,org.apache.shardingsphere.infra.executor.sql.context.ExecutionContextBuilder_ESTest,0,0,False
474,NPEX,ShardingSphere-82b1b9d5,0,5874c7cb6b2a488285a4286b76434bed,org.apache.shardingsphere.infra.executor.sql.context.ExecutionContextBuilder,org.apache.shardingsphere.infra.executor.sql.context.ExecutionContextBuilder_ESTest,0,0,False
475,NPEX,ShardingSphere-82b1b9d5,0,593836f244bf459fa7735fdadec059d7,org.apache.shardingsphere.infra.executor.sql.context.ExecutionContextBuilder,org.apache.shardingsphere.infra.executor.sql.context.ExecutionContextBuilder_ESTest,0,0,False
476,NPEX,ShardingSphere-82b1b9d5,0,220a4abcf5c6449b8ecabbb5fe7f5157,org.apache.shardingsphere.infra.executor.sql.context.ExecutionContextBuilder,org.apache.shardingsphere.infra.executor.sql.context.ExecutionContextBuilder_ESTest,0,0,False
477,NPEX,ShardingSphere-82b1b9d5,0,40c4697cb6174399ac1c954259bc1755,org.apache.shardingsphere.infra.executor.sql.context.ExecutionContextBuilder,org.apache.shardingsphere.infra.executor.sql.context.ExecutionContextBuilder_ESTest,0,0,False
478,NPEX,ShardingSphere-82b1b9d5,0,d220eec6c66646859771c1358c77c701,org.apache.shardingsphere.infra.executor.sql.context.ExecutionContextBuilder,org.apache.shardingsphere.infra.executor.sql.context.ExecutionContextBuilder_ESTest,0,0,False
479,NPEX,ShardingSphere-82b1b9d5,0,0d43473cca5d491286d446370b3b3c41,org.apache.shardingsphere.infra.executor.sql.context.ExecutionContextBuilder,org.apache.shardingsphere.infra.executor.sql.context.ExecutionContextBuilder_ESTest,0,0,False
480,NPEX,ShardingSphere-82b1b9d5,0,05ca824222f3457ba86afed6f8563d6a,org.apache.shardingsphere.infra.executor.sql.context.ExecutionContextBuilder,org.apache.shardingsphere.infra.executor.sql.context.ExecutionContextBuilder_ESTest,0,0,False
481,NPEX,ShardingSphere-82b1b9d5,0,f71ba87d2dd24d5fa0f18ff5f6030b11,org.apache.shardingsphere.infra.executor.sql.context.ExecutionContextBuilder,org.apache.shardingsphere.infra.executor.sql.context.ExecutionContextBuilder_ESTest,0,0,False
482,NPEX,CXF-7cfc8d07,0,866f324b3c23420eb4d3ff26488a0cb2,org.apache.cxf.rs.security.jose.jws.JwsUtils,org.apache.cxf.rs.security.jose.jws.JwsUtils_ESTest,98,0,False
483,NPEX,CXF-7cfc8d07,0,56e0896d8f614a9f871dce3a07c0d8ea,org.apache.cxf.rs.security.jose.jws.JwsUtils,org.apache.cxf.rs.security.jose.jws.JwsUtils_ESTest,103,0,False
484,NPEX,CXF-7cfc8d07,0,cf80deffd4fa4fa68bab1dfc27cb8663,org.apache.cxf.rs.security.jose.jws.JwsUtils,org.apache.cxf.rs.security.jose.jws.JwsUtils_ESTest,161,0,False
485,NPEX,CXF-7cfc8d07,0,c065c7ab419e4a549d7a51c0565aad66,org.apache.cxf.rs.security.jose.jws.JwsUtils,org.apache.cxf.rs.security.jose.jws.JwsUtils_ESTest,104,0,False
486,NPEX,CXF-7cfc8d07,0,bc64f544b64a4fe3ac6fc3e770fdea81,org.apache.cxf.rs.security.jose.jws.JwsUtils,org.apache.cxf.rs.security.jose.jws.JwsUtils_ESTest,107,0,False
487,NPEX,CXF-7cfc8d07,0,858514430a5a4ab5a241e3926eb6e797,org.apache.cxf.rs.security.jose.jws.JwsUtils,org.apache.cxf.rs.security.jose.jws.JwsUtils_ESTest,103,0,False
488,NPEX,CXF-7cfc8d07,0,3688f4cd10ad4b9888059eaa19a03c90,org.apache.cxf.rs.security.jose.jws.JwsUtils,org.apache.cxf.rs.security.jose.jws.JwsUtils_ESTest,99,0,False
489,NPEX,CXF-7cfc8d07,0,dd4990a9c08c4e0db2eb43394c47986f,org.apache.cxf.rs.security.jose.jws.JwsUtils,org.apache.cxf.rs.security.jose.jws.JwsUtils_ESTest,97,0,False
490,NPEX,Fastjson-650a300f,0,2bfd70f8113841ffa3856e45d70b0c52,com.alibaba.fastjson.parser.deserializer.DefaultFieldDeserializer,com.alibaba.fastjson.parser.deserializer.DefaultFieldDeserializer_ESTest,17,0,False
491,NPEX,Fastjson-650a300f,0,3f7ed954abb040d7b607144085b76d7a,com.alibaba.fastjson.parser.deserializer.DefaultFieldDeserializer,com.alibaba.fastjson.parser.deserializer.DefaultFieldDeserializer_ESTest,17,0,False
492,NPEX,Fastjson-650a300f,0,eecd5691d8a9451daaf88a6e7f032c6e,com.alibaba.fastjson.parser.deserializer.DefaultFieldDeserializer,com.alibaba.fastjson.parser.deserializer.DefaultFieldDeserializer_ESTest,16,0,False
493,NPEX,Fastjson-650a300f,0,e70b96a3f23049bda8ab49f0393ee87a,com.alibaba.fastjson.parser.deserializer.DefaultFieldDeserializer,com.alibaba.fastjson.parser.deserializer.DefaultFieldDeserializer_ESTest,12,0,False
494,NPEX,Fastjson-650a300f,0,fc3872a6dc0c4df5b3ccdd6697f52576,com.alibaba.fastjson.parser.deserializer.DefaultFieldDeserializer,com.alibaba.fastjson.parser.deserializer.DefaultFieldDeserializer_ESTest,21,0,False
495,NPEX,Fastjson-650a300f,0,a6e0ea05955e419282fecd046684a972,com.alibaba.fastjson.parser.deserializer.DefaultFieldDeserializer,com.alibaba.fastjson.parser.deserializer.DefaultFieldDeserializer_ESTest,17,0,False
496,NPEX,Fastjson-650a300f,0,217f61d791f848b4a7af8bcf89e81d5e,com.alibaba.fastjson.parser.deserializer.DefaultFieldDeserializer,com.alibaba.fastjson.parser.deserializer.DefaultFieldDeserializer_ESTest,15,0,False
497,NPEX,Fastjson-650a300f,0,d4b9d05ea12b4c7bb83e92ee4ed9d031,com.alibaba.fastjson.parser.deserializer.DefaultFieldDeserializer,com.alibaba.fastjson.parser.deserializer.DefaultFieldDeserializer_ESTest,19,0,False
498,NPEX,Fastjson-650a300f,0,5d8dc2907f5e4807af2da93559e59693,com.alibaba.fastjson.parser.deserializer.DefaultFieldDeserializer,com.alibaba.fastjson.parser.deserializer.DefaultFieldDeserializer_ESTest,15,0,False
499,NPEX,Fastjson-650a300f,0,5f389ac13c1444cb9381d6389bc6ab65,com.alibaba.fastjson.parser.deserializer.DefaultFieldDeserializer,com.alibaba.fastjson.parser.deserializer.DefaultFieldDeserializer_ESTest,19,0,False
500,NPEX,FOP-10e0d1c2,0,dabe637ac9764f78bc9d5d37de91fd3a,org.apache.fop.fonts.SingleByteFont,org.apache.fop.fonts.SingleByteFont_ESTest,89,0,True
501,NPEX,FOP-10e0d1c2,0,5eb0154c07814ce2b990d34416fdbbd4,org.apache.fop.fonts.SingleByteFont,org.apache.fop.fonts.SingleByteFont_ESTest,90,0,True
502,NPEX,FOP-10e0d1c2,0,155485a70e7c4774a19ea053481eb0b2,org.apache.fop.fonts.SingleByteFont,org.apache.fop.fonts.SingleByteFont_ESTest,87,0,True
503,NPEX,FOP-10e0d1c2,0,539d9f3a21404694a6f047202f38ba41,org.apache.fop.fonts.SingleByteFont,org.apache.fop.fonts.SingleByteFont_ESTest,91,0,True
504,NPEX,FOP-10e0d1c2,0,4698889d3a424c4a87d9ff85e42d8aee,org.apache.fop.fonts.SingleByteFont,org.apache.fop.fonts.SingleByteFont_ESTest,94,0,True
505,NPEX,FOP-10e0d1c2,0,3641aad1e5244af5b741de35598a2ecd,org.apache.fop.fonts.SingleByteFont,org.apache.fop.fonts.SingleByteFont_ESTest,91,0,True
506,NPEX,FOP-10e0d1c2,0,5acc1d8a5d514a7b943f202871f7597f,org.apache.fop.fonts.SingleByteFont,org.apache.fop.fonts.SingleByteFont_ESTest,88,0,True
507,NPEX,FOP-10e0d1c2,0,0d0dc34901944acbaa6e4c26a8e3127a,org.apache.fop.fonts.SingleByteFont,org.apache.fop.fonts.SingleByteFont_ESTest,87,0,True
508,NPEX,FOP-10e0d1c2,0,1d3a3bdfb7e947f3b892640a8bf801b4,org.apache.fop.fonts.SingleByteFont,org.apache.fop.fonts.SingleByteFont_ESTest,95,0,True
509,NPEX,FOP-10e0d1c2,0,cb9fd064617e4e8687a8ea6c38c04ecd,org.apache.fop.fonts.SingleByteFont,org.apache.fop.fonts.SingleByteFont_ESTest,93,0,False
510,NPEX,Log4j_2-85661de7,0,f5a1419e37fc47cca76c9c2383cea588,org.apache.logging.log4j.spi.AbstractLogger,org.apache.logging.log4j.spi.AbstractLogger_ESTest,435,0,False
511,NPEX,Log4j_2-85661de7,0,5a3f46e98a244a468afba5c8dedf0c9d,org.apache.logging.log4j.spi.AbstractLogger,org.apache.logging.log4j.spi.AbstractLogger_ESTest,483,0,False
512,NPEX,Log4j_2-85661de7,0,6cfdaeaa36af4ef2805779735ba9f872,org.apache.logging.log4j.spi.AbstractLogger,org.apache.logging.log4j.spi.AbstractLogger_ESTest,463,0,False
513,NPEX,Log4j_2-85661de7,0,283f4eb39cd84d398d10c312a8b8714b,org.apache.logging.log4j.spi.AbstractLogger,org.apache.logging.log4j.spi.AbstractLogger_ESTest,496,0,False
514,NPEX,Log4j_2-85661de7,0,5ca7e246b76242169cac8d25468c93ff,org.apache.logging.log4j.spi.AbstractLogger,org.apache.logging.log4j.spi.AbstractLogger_ESTest,490,0,False
515,NPEX,Log4j_2-85661de7,0,9807af23e9564b5da233b79231c77e6e,org.apache.logging.log4j.spi.AbstractLogger,org.apache.logging.log4j.spi.AbstractLogger_ESTest,489,0,False
516,NPEX,Log4j_2-85661de7,0,c94c145ae7f148cfa7630e2f96fc9b32,org.apache.logging.log4j.spi.AbstractLogger,org.apache.logging.log4j.spi.AbstractLogger_ESTest,534,0,False
517,NPEX,Log4j_2-85661de7,0,86488636c49e4456973177c53fc8624a,org.apache.logging.log4j.spi.AbstractLogger,org.apache.logging.log4j.spi.AbstractLogger_ESTest,488,0,False
518,NPEX,Log4j_2-85661de7,0,912dc907f623495aa9355891166c85a3,org.apache.logging.log4j.spi.AbstractLogger,org.apache.logging.log4j.spi.AbstractLogger_ESTest,530,0,False
519,NPEX,Log4j_2-85661de7,0,5ede832e4e524b28aa334e7f544e30fd,org.apache.logging.log4j.spi.AbstractLogger,org.apache.logging.log4j.spi.AbstractLogger_ESTest,507,0,False
520,NPEX,HttpComponents_Client-1026a1e5,0,480e97bdbc0a4582bbd3fa17aea4dbf3,org.apache.hc.client5.http.impl.classic.MinimalHttpClient,org.apache.hc.client5.http.impl.classic.MinimalHttpClient_ESTest,1,0,False
521,NPEX,HttpComponents_Client-1026a1e5,0,e53ebc0ea17541f08fe781b1e228a34b,org.apache.hc.client5.http.impl.classic.MinimalHttpClient,org.apache.hc.client5.http.impl.classic.MinimalHttpClient_ESTest,1,0,False
522,NPEX,HttpComponents_Client-1026a1e5,0,217fdfc028934caea7750ac034b5b1ce,org.apache.hc.client5.http.impl.classic.MinimalHttpClient,org.apache.hc.client5.http.impl.classic.MinimalHttpClient_ESTest,1,0,False
523,NPEX,HttpComponents_Client-1026a1e5,0,722a7b37a2264d9a9386dcb0cb1a35c2,org.apache.hc.client5.http.impl.classic.MinimalHttpClient,org.apache.hc.client5.http.impl.classic.MinimalHttpClient_ESTest,1,0,False
524,NPEX,HttpComponents_Client-1026a1e5,0,981f334efa6248e5b49838226da39e9c,org.apache.hc.client5.http.impl.classic.MinimalHttpClient,org.apache.hc.client5.http.impl.classic.MinimalHttpClient_ESTest,1,0,False
525,NPEX,HttpComponents_Client-1026a1e5,0,5a966902df294b8c997270b090b13568,org.apache.hc.client5.http.impl.classic.MinimalHttpClient,org.apache.hc.client5.http.impl.classic.MinimalHttpClient_ESTest,1,0,False
526,NPEX,HttpComponents_Client-1026a1e5,0,554904bbd876477db72b23931be1a732,org.apache.hc.client5.http.impl.classic.MinimalHttpClient,org.apache.hc.client5.http.impl.classic.MinimalHttpClient_ESTest,1,0,False
527,NPEX,HttpComponents_Client-1026a1e5,0,bff475dba35b4cbfb916c3da33a6d1f9,org.apache.hc.client5.http.impl.classic.MinimalHttpClient,org.apache.hc.client5.http.impl.classic.MinimalHttpClient_ESTest,1,0,False
528,NPEX,HttpComponents_Client-1026a1e5,0,250fb85e143a46a491d0b7ab42d2648f,org.apache.hc.client5.http.impl.classic.MinimalHttpClient,org.apache.hc.client5.http.impl.classic.MinimalHttpClient_ESTest,1,0,False
529,NPEX,HttpComponents_Client-1026a1e5,0,10e231626c5441bb82ec292313a84640,org.apache.hc.client5.http.impl.classic.MinimalHttpClient,org.apache.hc.client5.http.impl.classic.MinimalHttpClient_ESTest,1,0,False
530,NPEX,Commons_Configuration-a76a3a65,0,2a29c974fa6547cfbd6f4fb7d44f49fa,org.apache.commons.configuration2.XMLConfiguration,org.apache.commons.configuration2.XMLConfiguration_ESTest,43,0,True
531,NPEX,Commons_Configuration-a76a3a65,0,a0049beb27bc47be81fcdfd65a9c6ab0,org.apache.commons.configuration2.XMLConfiguration,org.apache.commons.configuration2.XMLConfiguration_ESTest,40,0,True
532,NPEX,Commons_Configuration-a76a3a65,0,e11d08792a224d9ca9ff228b27d41178,org.apache.commons.configuration2.XMLConfiguration,org.apache.commons.configuration2.XMLConfiguration_ESTest,46,0,True
533,NPEX,Commons_Configuration-a76a3a65,0,a1ab895039924f8ea8f20df59260fd65,org.apache.commons.configuration2.XMLConfiguration,org.apache.commons.configuration2.XMLConfiguration_ESTest,44,0,True
534,NPEX,Commons_Configuration-a76a3a65,0,d4e806a48ae64d52affb814d21550061,org.apache.commons.configuration2.XMLConfiguration,org.apache.commons.configuration2.XMLConfiguration_ESTest,38,0,True
535,NPEX,Commons_Configuration-a76a3a65,0,64117fc2207246e7b9024941ba06482d,org.apache.commons.configuration2.XMLConfiguration,org.apache.commons.configuration2.XMLConfiguration_ESTest,42,0,True
536,NPEX,Commons_Collections-796114ea,0,a437adff32e4452cb4c275d0dc182d28,org.apache.commons.collections4.trie.AbstractPatriciaTrie,org.apache.commons.collections4.trie.AbstractPatriciaTrie_ESTest,151,0,False
537,NPEX,Commons_Collections-796114ea,0,d14caa0224034b26b3dd4904ef87a7ec,org.apache.commons.collections4.trie.AbstractPatriciaTrie,org.apache.commons.collections4.trie.AbstractPatriciaTrie_ESTest,151,0,False
538,NPEX,Commons_Collections-796114ea,0,9f41d42ee22d449aa35129ade71db98f,org.apache.commons.collections4.trie.AbstractPatriciaTrie,org.apache.commons.collections4.trie.AbstractPatriciaTrie_ESTest,147,0,False
539,NPEX,Commons_Collections-796114ea,0,fadbcf93ca8d4daca880f2871eb8168e,org.apache.commons.collections4.trie.AbstractPatriciaTrie,org.apache.commons.collections4.trie.AbstractPatriciaTrie_ESTest,147,0,False
540,NPEX,Commons_Collections-796114ea,0,53f81a22e9734b5b8aec47077b0255ba,org.apache.commons.collections4.trie.AbstractPatriciaTrie,org.apache.commons.collections4.trie.AbstractPatriciaTrie_ESTest,150,0,False
541,NPEX,Commons_Collections-796114ea,0,5b3f2e666b77402d825dca0a3c29cecc,org.apache.commons.collections4.trie.AbstractPatriciaTrie,org.apache.commons.collections4.trie.AbstractPatriciaTrie_ESTest,148,0,False
542,NPEX,Commons_Collections-796114ea,0,dca1cb4a173f4ec5908c81b26998b324,org.apache.commons.collections4.trie.AbstractPatriciaTrie,org.apache.commons.collections4.trie.AbstractPatriciaTrie_ESTest,148,0,False
543,NPEX,Commons_Collections-796114ea,0,b4b76beb37c64fb688130635ec5135b6,org.apache.commons.collections4.trie.AbstractPatriciaTrie,org.apache.commons.collections4.trie.AbstractPatriciaTrie_ESTest,143,0,False
544,NPEX,Commons_Collections-796114ea,0,74c167f4040b4258b463efb600f1ed7e,org.apache.commons.collections4.trie.AbstractPatriciaTrie,org.apache.commons.collections4.trie.AbstractPatriciaTrie_ESTest,144,0,False
545,NPEX,Commons_Collections-796114ea,0,be31d8844377400584dd43a22d86bc1f,org.apache.commons.collections4.trie.AbstractPatriciaTrie,org.apache.commons.collections4.trie.AbstractPatriciaTrie_ESTest,145,0,False
546,NPEX,JSPWiki-d5bcff78,0,9d3b82ba4971443982e50afe69f7c99d,org.apache.wiki.util.HttpUtil,org.apache.wiki.util.HttpUtil_ESTest,22,0,False
547,NPEX,JSPWiki-d5bcff78,0,28a3a8583a16462bac83f29b2360b639,org.apache.wiki.util.HttpUtil,org.apache.wiki.util.HttpUtil_ESTest,24,0,False
548,NPEX,JSPWiki-d5bcff78,0,736d743d56074440a7de1a8ab8afe045,org.apache.wiki.util.HttpUtil,org.apache.wiki.util.HttpUtil_ESTest,23,0,False
549,NPEX,JSPWiki-d5bcff78,0,3e04148ae3584e54895f7a2e64e21d54,org.apache.wiki.util.HttpUtil,org.apache.wiki.util.HttpUtil_ESTest,24,0,False
550,NPEX,JSPWiki-d5bcff78,0,4f16c126cc0a4b048a359d95c6ce7b32,org.apache.wiki.util.HttpUtil,org.apache.wiki.util.HttpUtil_ESTest,23,0,False
551,NPEX,JSPWiki-d5bcff78,0,fc824c8e4c6b420c8c25202850e23e68,org.apache.wiki.util.HttpUtil,org.apache.wiki.util.HttpUtil_ESTest,23,0,False
552,NPEX,JSPWiki-d5bcff78,0,0539714b19824beaba15052c84723845,org.apache.wiki.util.HttpUtil,org.apache.wiki.util.HttpUtil_ESTest,24,0,False
553,NPEX,JSPWiki-d5bcff78,0,3da3766e0af043f487b2dbda66e62139,org.apache.wiki.util.HttpUtil,org.apache.wiki.util.HttpUtil_ESTest,24,0,False
554,NPEX,JSPWiki-d5bcff78,0,65f838ce6c944ad983f32a1205c2f70e,org.apache.wiki.util.HttpUtil,org.apache.wiki.util.HttpUtil_ESTest,24,0,False
555,NPEX,JSPWiki-d5bcff78,0,692aa23aaf604966a766d1b86e647bf6,org.apache.wiki.util.HttpUtil,org.apache.wiki.util.HttpUtil_ESTest,23,0,False
556,NPEX,Picocli-06283710,0,e6025a4f893c4735a79aa6167431e015,picocli.CommandLine,picocli.CommandLine_ESTest,273,0,False
557,NPEX,Picocli-06283710,0,26bc03fb471b49568e3d0beee609108e,picocli.CommandLine,picocli.CommandLine_ESTest,151,0,False
558,NPEX,Picocli-06283710,0,82db5705291f412e9e3525d2e846a560,picocli.CommandLine,picocli.CommandLine_ESTest,140,0,False
559,NPEX,Picocli-06283710,0,b305f1f655b046fd980b434ab6162ee1,picocli.CommandLine,picocli.CommandLine_ESTest,240,0,False
560,NPEX,Picocli-06283710,0,d923e486455e49b3b329dca48317adaf,picocli.CommandLine,picocli.CommandLine_ESTest,250,0,False
561,NPEX,Picocli-06283710,0,a6f06820b7604fe9ab5b03f613b6ac53,picocli.CommandLine,picocli.CommandLine_ESTest,256,0,False
562,NPEX,Picocli-06283710,0,b74ee4692fbe4284a8788b992ba9c2cd,picocli.CommandLine,picocli.CommandLine_ESTest,276,0,False
563,NPEX,Picocli-06283710,0,594bf726317e4f9dad1d1a403179c97c,picocli.CommandLine,picocli.CommandLine_ESTest,268,0,False
564,NPEX,Picocli-06283710,0,2d9c8f5c5b75401b981ac78af486b12a,picocli.CommandLine,picocli.CommandLine_ESTest$1,231,0,False
565,NPEX,Picocli-06283710,0,2d9c8f5c5b75401b981ac78af486b12a,picocli.CommandLine,picocli.CommandLine_ESTest,231,0,False
566,NPEX,Picocli-06283710,0,7706622897a74dfe8817dd6b327eeca8,picocli.CommandLine,picocli.CommandLine_ESTest,145,0,False
567,NPEX,Feign-9c5a52d6,0,32f76467637e4be2ae40f7ff2714c70e,feign.Response,feign.Response_ESTest,21,0,False
568,NPEX,Feign-9c5a52d6,0,f9a17ca55cda44a3adadc682db95df70,feign.Response,feign.Response_ESTest,20,0,False
569,NPEX,Feign-9c5a52d6,0,da5ea055821945a6a9af8e68284121be,feign.Response,feign.Response_ESTest,20,0,False
570,NPEX,Feign-9c5a52d6,0,7cebd89f03054b87b44b9ffebf8203af,feign.Response,feign.Response_ESTest,20,0,False
571,NPEX,Feign-9c5a52d6,0,ab7f9aee2d9c44e9b783ec3c8e7da56f,feign.Response,feign.Response_ESTest,20,0,False
572,NPEX,Feign-9c5a52d6,0,242baf92eb844bde887c77a3e5f8b3a4,feign.Response,feign.Response_ESTest,21,0,False
573,NPEX,Feign-9c5a52d6,0,5358e0276068454cbdd0c2b4ddf5b2cc,feign.Response,feign.Response_ESTest,21,0,False
574,NPEX,Feign-9c5a52d6,0,e091c7ec37484263a67c75ca41c2db19,feign.Response,feign.Response_ESTest,21,0,False
575,NPEX,Feign-9c5a52d6,0,c60ee3b5206c41fe9c40e176ca36d624,feign.Response,feign.Response_ESTest,20,0,False
576,NPEX,Feign-9c5a52d6,0,63a459b6de3445628e12dea743d9e4a3,feign.Response,feign.Response_ESTest,20,0,False
577,NPEX,CXF-209407e0,0,a60422a1e90b44d6be2e91fa5a840c58,org.apache.cxf.jaxrs.utils.JAXRSUtils,org.apache.cxf.jaxrs.utils.JAXRSUtils_ESTest,197,0,False
578,NPEX,CXF-209407e0,0,917e19c9d9144d75ad45342352f5971c,org.apache.cxf.jaxrs.utils.JAXRSUtils,org.apache.cxf.jaxrs.utils.JAXRSUtils_ESTest,208,0,False
579,NPEX,CXF-209407e0,0,edf91cc10bf74a6c8dcaa002d4ff20e7,org.apache.cxf.jaxrs.utils.JAXRSUtils,org.apache.cxf.jaxrs.utils.JAXRSUtils_ESTest,194,0,True
580,NPEX,CXF-209407e0,0,a567a10ca1694e88a28851002f626c8b,org.apache.cxf.jaxrs.utils.JAXRSUtils,org.apache.cxf.jaxrs.utils.JAXRSUtils_ESTest,191,0,True
581,NPEX,CXF-209407e0,0,dae9df5d32a84b8891acd0e5bdb1b21d,org.apache.cxf.jaxrs.utils.JAXRSUtils,org.apache.cxf.jaxrs.utils.JAXRSUtils_ESTest,193,0,False
582,NPEX,CXF-209407e0,0,0aa412781a9444fca3bfc4e3c80a823d,org.apache.cxf.jaxrs.utils.JAXRSUtils,org.apache.cxf.jaxrs.utils.JAXRSUtils_ESTest,193,0,True
583,NPEX,CXF-209407e0,0,4782f7323f7f4b77bcb9428480b4c40d,org.apache.cxf.jaxrs.utils.JAXRSUtils,org.apache.cxf.jaxrs.utils.JAXRSUtils_ESTest,196,0,True
584,NPEX,CXF-209407e0,0,e7ffeaafd8394306b258d73d555a7a79,org.apache.cxf.jaxrs.utils.JAXRSUtils,org.apache.cxf.jaxrs.utils.JAXRSUtils_ESTest,199,0,True
585,NPEX,CXF-209407e0,0,0405d593a6f24efa80753baa83321f41,org.apache.cxf.jaxrs.utils.JAXRSUtils,org.apache.cxf.jaxrs.utils.JAXRSUtils_ESTest,196,0,True
586,NPEX,CXF-209407e0,0,548e68d9062343d9a9190762b1444620,org.apache.cxf.jaxrs.utils.JAXRSUtils,org.apache.cxf.jaxrs.utils.JAXRSUtils_ESTest$1,191,0,True
587,NPEX,CXF-209407e0,0,548e68d9062343d9a9190762b1444620,org.apache.cxf.jaxrs.utils.JAXRSUtils,org.apache.cxf.jaxrs.utils.JAXRSUtils_ESTest,191,0,True
588,NPEX,Commons_DBCP-2ee3c53e,0,d926003b454641edbf070d28ca1a350b,org.apache.commons.dbcp2.cpdsadapter.DriverAdapterCPDS,org.apache.commons.dbcp2.cpdsadapter.DriverAdapterCPDS_ESTest,62,0,True
589,NPEX,Commons_DBCP-2ee3c53e,0,f1ce91c8f26a4e91881cdbe46e7a6f88,org.apache.commons.dbcp2.cpdsadapter.DriverAdapterCPDS,org.apache.commons.dbcp2.cpdsadapter.DriverAdapterCPDS_ESTest,55,0,True
590,NPEX,Commons_DBCP-2ee3c53e,0,de8fb0fd1ed747f691fd8f19e377578a,org.apache.commons.dbcp2.cpdsadapter.DriverAdapterCPDS,org.apache.commons.dbcp2.cpdsadapter.DriverAdapterCPDS_ESTest,59,0,True
591,NPEX,Commons_DBCP-2ee3c53e,0,fab033fd7d9a499dbd5311073ce664e5,org.apache.commons.dbcp2.cpdsadapter.DriverAdapterCPDS,org.apache.commons.dbcp2.cpdsadapter.DriverAdapterCPDS_ESTest,85,0,True
592,NPEX,Commons_DBCP-2ee3c53e,0,1bdbc3b928c4495ebe056c69c24dd5f2,org.apache.commons.dbcp2.cpdsadapter.DriverAdapterCPDS,org.apache.commons.dbcp2.cpdsadapter.DriverAdapterCPDS_ESTest,59,0,True
593,NPEX,Commons_DBCP-2ee3c53e,0,ad53ea08e7e14855b1b97d3f648e4c32,org.apache.commons.dbcp2.cpdsadapter.DriverAdapterCPDS,org.apache.commons.dbcp2.cpdsadapter.DriverAdapterCPDS_ESTest,58,0,True
594,NPEX,Commons_DBCP-2ee3c53e,0,a09bf8e4792f494e86cda5ae48474098,org.apache.commons.dbcp2.cpdsadapter.DriverAdapterCPDS,org.apache.commons.dbcp2.cpdsadapter.DriverAdapterCPDS_ESTest,57,0,True
595,NPEX,Commons_DBCP-2ee3c53e,0,f3121dfb1cab4254953da630dcdacdbe,org.apache.commons.dbcp2.cpdsadapter.DriverAdapterCPDS,org.apache.commons.dbcp2.cpdsadapter.DriverAdapterCPDS_ESTest,54,0,True
596,NPEX,Commons_DBCP-2ee3c53e,0,481e1ebc5f844511a62fdcf5f8fa0b1f,org.apache.commons.dbcp2.cpdsadapter.DriverAdapterCPDS,org.apache.commons.dbcp2.cpdsadapter.DriverAdapterCPDS_ESTest,61,0,True
597,NPEX,Commons_DBCP-2ee3c53e,0,416c00f4923c48c3b48f7ca370c3c23f,org.apache.commons.dbcp2.cpdsadapter.DriverAdapterCPDS,org.apache.commons.dbcp2.cpdsadapter.DriverAdapterCPDS_ESTest,57,0,True
598,NPEX,Java_WebSocket-a2b35482,0,47155c4cd2c44115bf6fc1f12f1dabc7,org.java_websocket.server.WebSocketServer,org.java_websocket.server.WebSocketServer_ESTest,0,0,False
599,NPEX,Java_WebSocket-a2b35482,0,49f9f792338f44118b308a012e6b1850,org.java_websocket.server.WebSocketServer,org.java_websocket.server.WebSocketServer_ESTest,0,0,False
600,NPEX,Java_WebSocket-a2b35482,0,c7f5353bfe4a4e4e92480bebd7acc29c,org.java_websocket.server.WebSocketServer,org.java_websocket.server.WebSocketServer_ESTest,0,0,False
601,NPEX,Java_WebSocket-a2b35482,0,74cc518dc0f4465a8f91b8040054d696,org.java_websocket.server.WebSocketServer,org.java_websocket.server.WebSocketServer_ESTest,0,0,False
602,NPEX,Java_WebSocket-a2b35482,0,27f6bb8d49744d058df5a5c09c2da7d8,org.java_websocket.server.WebSocketServer,org.java_websocket.server.WebSocketServer_ESTest,0,0,False
603,NPEX,Java_WebSocket-a2b35482,0,587502fae09141f6be7959b0d5980ba7,org.java_websocket.server.WebSocketServer,org.java_websocket.server.WebSocketServer_ESTest,0,0,False
604,NPEX,Java_WebSocket-a2b35482,0,71f978eb6e324b33b3f100f9d829124d,org.java_websocket.server.WebSocketServer,org.java_websocket.server.WebSocketServer_ESTest,0,0,False
605,NPEX,Java_WebSocket-a2b35482,0,a017d9ebcd184182a50481cab5917ece,org.java_websocket.server.WebSocketServer,org.java_websocket.server.WebSocketServer_ESTest,0,0,False
606,NPEX,Java_WebSocket-a2b35482,0,358efee98d184eec830dfaf5abaa29a1,org.java_websocket.server.WebSocketServer,org.java_websocket.server.WebSocketServer_ESTest,0,0,False
607,NPEX,Java_WebSocket-a2b35482,0,c8ebce55f1114129b5a1ab9ee9a909cd,org.java_websocket.server.WebSocketServer,org.java_websocket.server.WebSocketServer_ESTest,0,0,False
608,NPEX,RocketMQ-f5a119f1,0,68746e7a049349249cc643e27b425c65,org.apache.rocketmq.client.impl.factory.MQClientInstance,org.apache.rocketmq.client.impl.factory.MQClientInstance_ESTest,16,0,False
609,NPEX,RocketMQ-f5a119f1,0,3b320dd203ba49d98ffe3fd69f048e91,org.apache.rocketmq.client.impl.factory.MQClientInstance,org.apache.rocketmq.client.impl.factory.MQClientInstance_ESTest,18,0,False
610,NPEX,RocketMQ-f5a119f1,0,d01d0a2c3ac34edbaecc9366d45cc012,org.apache.rocketmq.client.impl.factory.MQClientInstance,org.apache.rocketmq.client.impl.factory.MQClientInstance_ESTest,16,0,False
611,NPEX,RocketMQ-f5a119f1,0,dce8f6465f0a4e6b96f82c29381ef41b,org.apache.rocketmq.client.impl.factory.MQClientInstance,org.apache.rocketmq.client.impl.factory.MQClientInstance_ESTest,15,0,False
612,NPEX,RocketMQ-f5a119f1,0,6b68a8b6c5b64e1a81464e836c5851bf,org.apache.rocketmq.client.impl.factory.MQClientInstance,org.apache.rocketmq.client.impl.factory.MQClientInstance_ESTest,20,0,False
613,NPEX,RocketMQ-f5a119f1,0,f9caf36dbae145d8ba726be7640d5446,org.apache.rocketmq.client.impl.factory.MQClientInstance,org.apache.rocketmq.client.impl.factory.MQClientInstance_ESTest,19,0,False
614,NPEX,RocketMQ-f5a119f1,0,a15cb96cabec44ea856f4b3962c148f1,org.apache.rocketmq.client.impl.factory.MQClientInstance,org.apache.rocketmq.client.impl.factory.MQClientInstance_ESTest,15,0,False
615,NPEX,RocketMQ-f5a119f1,0,fe140fd9b01d45ada6eda7bfc311797a,org.apache.rocketmq.client.impl.factory.MQClientInstance,org.apache.rocketmq.client.impl.factory.MQClientInstance_ESTest,19,0,False
616,NPEX,RocketMQ-f5a119f1,0,19fb4e4c115346d4bf90d30885003a59,org.apache.rocketmq.client.impl.factory.MQClientInstance,org.apache.rocketmq.client.impl.factory.MQClientInstance_ESTest,19,0,False
617,NPEX,RocketMQ-f5a119f1,0,adce6507a7644c188a701686fff866c5,org.apache.rocketmq.client.impl.factory.MQClientInstance,org.apache.rocketmq.client.impl.factory.MQClientInstance_ESTest,14,0,False
618,NPEX,JSqlParser-66e44c95,0,e0bfe9dfac994442b9af11f2792d2260,net.sf.jsqlparser.expression.ExpressionVisitorAdapter,net.sf.jsqlparser.expression.ExpressionVisitorAdapter_ESTest,87,0,False
619,NPEX,JSqlParser-66e44c95,0,7915eb4eac48437a92103a55dcd1db55,net.sf.jsqlparser.expression.ExpressionVisitorAdapter,net.sf.jsqlparser.expression.ExpressionVisitorAdapter_ESTest,86,0,False
620,NPEX,JSqlParser-66e44c95,0,02205e0e37de47818d01a456a3873083,net.sf.jsqlparser.expression.ExpressionVisitorAdapter,net.sf.jsqlparser.expression.ExpressionVisitorAdapter_ESTest,84,0,True
621,NPEX,JSqlParser-66e44c95,0,4e437b5ec7e34b0386d087280cd9c0a8,net.sf.jsqlparser.expression.ExpressionVisitorAdapter,net.sf.jsqlparser.expression.ExpressionVisitorAdapter_ESTest,86,0,False
622,NPEX,JSqlParser-66e44c95,0,c35cc11fe3f445a784f3831533ec4afc,net.sf.jsqlparser.expression.ExpressionVisitorAdapter,net.sf.jsqlparser.expression.ExpressionVisitorAdapter_ESTest,83,0,True
623,NPEX,JSqlParser-66e44c95,0,89fdcdb744314545ad6af3123858ef0a,net.sf.jsqlparser.expression.ExpressionVisitorAdapter,net.sf.jsqlparser.expression.ExpressionVisitorAdapter_ESTest,84,0,False
624,NPEX,JSqlParser-66e44c95,0,a588a92f09b241fc92849e7a2c413190,net.sf.jsqlparser.expression.ExpressionVisitorAdapter,net.sf.jsqlparser.expression.ExpressionVisitorAdapter_ESTest,87,0,False
625,NPEX,JSqlParser-66e44c95,0,1b0d42e00b4844c7b023d7b6885a3f46,net.sf.jsqlparser.expression.ExpressionVisitorAdapter,net.sf.jsqlparser.expression.ExpressionVisitorAdapter_ESTest,87,0,False
626,NPEX,JSqlParser-66e44c95,0,f9c19891eb3b42f386177817371aa91b,net.sf.jsqlparser.expression.ExpressionVisitorAdapter,net.sf.jsqlparser.expression.ExpressionVisitorAdapter_ESTest,87,0,True
627,NPEX,JSqlParser-66e44c95,0,9999588989bd497ebd9795d9067a64f0,net.sf.jsqlparser.expression.ExpressionVisitorAdapter,net.sf.jsqlparser.expression.ExpressionVisitorAdapter_ESTest,87,0,False
628,NPEX,ShardingSphere-c08f4f18,0,9151ca5e00f34a4cba74f3d13af5563e,org.apache.shardingsphere.proxy.frontend.postgresql.auth.PostgreSQLAuthenticationEngine,org.apache.shardingsphere.proxy.frontend.postgresql.auth.PostgreSQLAuthenticationEngine_ESTest,5,0,False
629,NPEX,jsoup-8b837a43,0,06450f37ce7346f4ace2861b41922bb2,org.jsoup.nodes.Attribute,org.jsoup.nodes.Attribute_ESTest,59,0,True
630,NPEX,jsoup-8b837a43,0,76ab284bc12c489b86b2a9f2280bcaef,org.jsoup.nodes.Attribute,org.jsoup.nodes.Attribute_ESTest,57,0,True
631,NPEX,jsoup-8b837a43,0,40fc73d41c724d2bb3b07502bf8e8069,org.jsoup.nodes.Attribute,org.jsoup.nodes.Attribute_ESTest,58,0,True
632,NPEX,jsoup-8b837a43,0,228536fec9fc4a9ab75680488b3accae,org.jsoup.nodes.Attribute,org.jsoup.nodes.Attribute_ESTest,56,0,True
633,NPEX,jsoup-8b837a43,0,aa79ea0ca5c54d6ab180daba091c18b2,org.jsoup.nodes.Attribute,org.jsoup.nodes.Attribute_ESTest,57,0,True
634,NPEX,jsoup-8b837a43,0,9af03694ef0b4995bc55955e741cc842,org.jsoup.nodes.Attribute,org.jsoup.nodes.Attribute_ESTest,53,0,True
635,NPEX,jsoup-8b837a43,0,dd3d54f8bc4447ce90ed732909b0c9cb,org.jsoup.nodes.Attribute,org.jsoup.nodes.Attribute_ESTest,57,0,True
636,NPEX,jsoup-8b837a43,0,96f225142d584b06bdfd3c0a6d90ec6b,org.jsoup.nodes.Attribute,org.jsoup.nodes.Attribute_ESTest,57,0,True
637,NPEX,jsoup-8b837a43,0,17810f67b9054d2096c48ee59bec47f8,org.jsoup.nodes.Attribute,org.jsoup.nodes.Attribute_ESTest,57,0,True
638,NPEX,jsoup-8b837a43,0,221674ca2d414a618655999309a289cb,org.jsoup.nodes.Attribute,org.jsoup.nodes.Attribute_ESTest,56,0,True
639,NPEX,Directory_LDAP_API-1aea113c,0,34da17757e71414296dd52e71acddc63,org.apache.directory.api.ldap.model.entry.Value,org.apache.directory.api.ldap.model.entry.Value_ESTest,119,0,False
640,NPEX,Directory_LDAP_API-1aea113c,0,8b9144e97beb445eb8841e7ff8870457,org.apache.directory.api.ldap.model.entry.Value,org.apache.directory.api.ldap.model.entry.Value_ESTest,116,0,False
641,NPEX,Directory_LDAP_API-1aea113c,0,1acb9d2c2b704aac83888f83d32bb894,org.apache.directory.api.ldap.model.entry.Value,org.apache.directory.api.ldap.model.entry.Value_ESTest,118,0,True
642,NPEX,Directory_LDAP_API-1aea113c,0,3b515e17375e45d79411c2f636980104,org.apache.directory.api.ldap.model.entry.Value,org.apache.directory.api.ldap.model.entry.Value_ESTest,123,0,True
643,NPEX,Directory_LDAP_API-1aea113c,0,6118d7c8aa8b48b1a61bd5684be020ed,org.apache.directory.api.ldap.model.entry.Value,org.apache.directory.api.ldap.model.entry.Value_ESTest,117,0,True
644,NPEX,Directory_LDAP_API-1aea113c,0,bb56d33e1fc34e6eba3a611e349bbf54,org.apache.directory.api.ldap.model.entry.Value,org.apache.directory.api.ldap.model.entry.Value_ESTest,120,0,True
645,NPEX,Directory_LDAP_API-1aea113c,0,f273a4bd0a4c4d54b36522094889203f,org.apache.directory.api.ldap.model.entry.Value,org.apache.directory.api.ldap.model.entry.Value_ESTest,238,0,True
646,NPEX,Directory_LDAP_API-1aea113c,0,b9314ab6899a48c29b611ae48b5a6539,org.apache.directory.api.ldap.model.entry.Value,org.apache.directory.api.ldap.model.entry.Value_ESTest,125,0,True
647,NPEX,Directory_LDAP_API-1aea113c,0,35cfc6232442427182d5bad111cfc55f,org.apache.directory.api.ldap.model.entry.Value,org.apache.directory.api.ldap.model.entry.Value_ESTest,120,0,True
648,NPEX,Sling_Pipes-81059025,0,96da75c87e954e94964d742f1b085eb2,org.apache.sling.pipes.PipeBindings,org.apache.sling.pipes.PipeBindings_ESTest$1,1,0,False
649,NPEX,Sling_Pipes-81059025,0,96da75c87e954e94964d742f1b085eb2,org.apache.sling.pipes.PipeBindings,org.apache.sling.pipes.PipeBindings_ESTest,1,0,False
650,NPEX,Sling_Pipes-81059025,0,e06c0160ece240bbab81a4d53a365972,org.apache.sling.pipes.PipeBindings,org.apache.sling.pipes.PipeBindings_ESTest$1,1,0,False
651,NPEX,Sling_Pipes-81059025,0,e06c0160ece240bbab81a4d53a365972,org.apache.sling.pipes.PipeBindings,org.apache.sling.pipes.PipeBindings_ESTest,1,0,False
652,NPEX,Sling_Pipes-81059025,0,453bb9295d344ae1840086ca91db4f39,org.apache.sling.pipes.PipeBindings,org.apache.sling.pipes.PipeBindings_ESTest$1,1,0,False
653,NPEX,Sling_Pipes-81059025,0,453bb9295d344ae1840086ca91db4f39,org.apache.sling.pipes.PipeBindings,org.apache.sling.pipes.PipeBindings_ESTest,1,0,False
654,NPEX,Sling_Pipes-81059025,0,3bf842bcfb7042e39872e35182a61c9d,org.apache.sling.pipes.PipeBindings,org.apache.sling.pipes.PipeBindings_ESTest$1,1,0,False
655,NPEX,Sling_Pipes-81059025,0,3bf842bcfb7042e39872e35182a61c9d,org.apache.sling.pipes.PipeBindings,org.apache.sling.pipes.PipeBindings_ESTest,1,0,False
656,NPEX,Sling_Pipes-81059025,0,bc71df4e611443feb43f781e71ce25d5,org.apache.sling.pipes.PipeBindings,org.apache.sling.pipes.PipeBindings_ESTest$1,1,0,False
657,NPEX,Sling_Pipes-81059025,0,bc71df4e611443feb43f781e71ce25d5,org.apache.sling.pipes.PipeBindings,org.apache.sling.pipes.PipeBindings_ESTest,1,0,False
658,NPEX,Sling_Pipes-81059025,0,018d9e1527bf46a69bc6378810e27e8a,org.apache.sling.pipes.PipeBindings,org.apache.sling.pipes.PipeBindings_ESTest$1,1,0,False
659,NPEX,Sling_Pipes-81059025,0,018d9e1527bf46a69bc6378810e27e8a,org.apache.sling.pipes.PipeBindings,org.apache.sling.pipes.PipeBindings_ESTest,1,0,False
660,NPEX,Sling_Pipes-81059025,0,f43bb8f07c8a448b9ae79cbef261e585,org.apache.sling.pipes.PipeBindings,org.apache.sling.pipes.PipeBindings_ESTest$1,1,0,False
661,NPEX,Sling_Pipes-81059025,0,f43bb8f07c8a448b9ae79cbef261e585,org.apache.sling.pipes.PipeBindings,org.apache.sling.pipes.PipeBindings_ESTest,1,0,False
662,NPEX,Sling_Pipes-81059025,0,2a017e8a393540ad9bec1070e0a056cd,org.apache.sling.pipes.PipeBindings,org.apache.sling.pipes.PipeBindings_ESTest$1,1,0,False
663,NPEX,Sling_Pipes-81059025,0,2a017e8a393540ad9bec1070e0a056cd,org.apache.sling.pipes.PipeBindings,org.apache.sling.pipes.PipeBindings_ESTest,1,0,False
664,NPEX,Sling_Pipes-81059025,0,e1d5829bd96c444a959a23f31dd3a756,org.apache.sling.pipes.PipeBindings,org.apache.sling.pipes.PipeBindings_ESTest$1,1,0,False
665,NPEX,Sling_Pipes-81059025,0,e1d5829bd96c444a959a23f31dd3a756,org.apache.sling.pipes.PipeBindings,org.apache.sling.pipes.PipeBindings_ESTest,1,0,False
666,NPEX,Sling_Pipes-81059025,0,071ac63e29b643439f98672d766da3ee,org.apache.sling.pipes.PipeBindings,org.apache.sling.pipes.PipeBindings_ESTest$1,1,0,False
667,NPEX,Sling_Pipes-81059025,0,071ac63e29b643439f98672d766da3ee,org.apache.sling.pipes.PipeBindings,org.apache.sling.pipes.PipeBindings_ESTest,1,0,False
668,NPEX,OpenNLP-60792b8f,0,d37faf1d9b9a40429fc7cdca96308e76,opennlp.tools.lemmatizer.DictionaryLemmatizer,opennlp.tools.lemmatizer.DictionaryLemmatizer_ESTest,11,0,True
669,NPEX,OpenNLP-60792b8f,0,fac08ae62c6846b480679c291b15b5df,opennlp.tools.lemmatizer.DictionaryLemmatizer,opennlp.tools.lemmatizer.DictionaryLemmatizer_ESTest,10,0,True
670,NPEX,OpenNLP-60792b8f,0,7a2d4c0f059e4ee3b4a24c93084e65bb,opennlp.tools.lemmatizer.DictionaryLemmatizer,opennlp.tools.lemmatizer.DictionaryLemmatizer_ESTest,11,0,True
671,NPEX,OpenNLP-60792b8f,0,ddc709faee284ff3a18b9bbbcfd2b6e0,opennlp.tools.lemmatizer.DictionaryLemmatizer,opennlp.tools.lemmatizer.DictionaryLemmatizer_ESTest,10,0,True
672,NPEX,OpenNLP-60792b8f,0,34ffdff2016e4bf292a79e0ec8a43b38,opennlp.tools.lemmatizer.DictionaryLemmatizer,opennlp.tools.lemmatizer.DictionaryLemmatizer_ESTest,13,0,True
673,NPEX,OpenNLP-60792b8f,0,9a29dd94f49e4922a27cec0ca5abfc18,opennlp.tools.lemmatizer.DictionaryLemmatizer,opennlp.tools.lemmatizer.DictionaryLemmatizer_ESTest,10,0,True
674,NPEX,OpenNLP-60792b8f,0,263a79f02cb447d280272063f0954442,opennlp.tools.lemmatizer.DictionaryLemmatizer,opennlp.tools.lemmatizer.DictionaryLemmatizer_ESTest,12,0,True
675,NPEX,OpenNLP-60792b8f,0,55ffb81b49154a2daca17bf2199c1448,opennlp.tools.lemmatizer.DictionaryLemmatizer,opennlp.tools.lemmatizer.DictionaryLemmatizer_ESTest,11,0,True
676,NPEX,OpenNLP-60792b8f,0,9eb552ceaa72465eb5c1b4329bfd7af2,opennlp.tools.lemmatizer.DictionaryLemmatizer,opennlp.tools.lemmatizer.DictionaryLemmatizer_ESTest,10,0,True
677,NPEX,OpenNLP-60792b8f,0,4905198b86fd4896857cf5cafe88a1d9,opennlp.tools.lemmatizer.DictionaryLemmatizer,opennlp.tools.lemmatizer.DictionaryLemmatizer_ESTest,11,0,True
678,NPEX,Hessian_Lite-c5c017dc,0,e25d9d91a05440f2998d9bd8a3f4345d,com.alibaba.dubbo.common.URL,com.alibaba.dubbo.common.URL_ESTest,464,0,True
679,NPEX,Hessian_Lite-c5c017dc,0,ac24530490254b45b9b2a9115a4d2028,com.alibaba.dubbo.common.URL,com.alibaba.dubbo.common.URL_ESTest,485,0,True
680,NPEX,Hessian_Lite-c5c017dc,0,cb4fc4a4f7794623bac477caa728fe5a,com.alibaba.dubbo.common.URL,com.alibaba.dubbo.common.URL_ESTest,470,0,True
681,NPEX,Hessian_Lite-c5c017dc,0,e96b629b472c457ea9271a59059ace1e,com.alibaba.dubbo.common.URL,com.alibaba.dubbo.common.URL_ESTest,477,0,True
682,NPEX,Hessian_Lite-c5c017dc,0,cf52a1525df447d1a8738f86b93cab18,com.alibaba.dubbo.common.URL,com.alibaba.dubbo.common.URL_ESTest,451,0,True
683,NPEX,Hessian_Lite-c5c017dc,0,99d83afd629941b7be9ad64980cad131,com.alibaba.dubbo.common.URL,com.alibaba.dubbo.common.URL_ESTest,485,0,True
684,NPEX,Hessian_Lite-c5c017dc,0,867760520d5b41219da78b6ae451d6eb,com.alibaba.dubbo.common.URL,com.alibaba.dubbo.common.URL_ESTest,475,0,True
685,NPEX,Hessian_Lite-c5c017dc,0,81793343bc39494ea62f657420487c44,com.alibaba.dubbo.common.URL,com.alibaba.dubbo.common.URL_ESTest,495,0,True
686,NPEX,Hessian_Lite-c5c017dc,0,572bbe8228164d08b60a674245c78d41,com.alibaba.dubbo.common.URL,com.alibaba.dubbo.common.URL_ESTest,467,0,True
687,NPEX,Hessian_Lite-c5c017dc,0,ed20c5f5480d48eeb6b15aae280dfb6e,com.alibaba.dubbo.common.URL,com.alibaba.dubbo.common.URL_ESTest,456,0,True
688,NPEX,ZooKeeper-ef3649f5,0,89f96e9cae3d42a4a7e0b6d56f2ec997,org.apache.zookeeper.server.ZooKeeperServer,org.apache.zookeeper.server.ZooKeeperServer_ESTest,279,0,True
689,NPEX,ZooKeeper-ef3649f5,0,89f96e9cae3d42a4a7e0b6d56f2ec997,org.apache.zookeeper.server.ZooKeeperServer,org.apache.zookeeper.server.ZooKeeperServer_ESTest$11,279,0,True
690,NPEX,ZooKeeper-ef3649f5,0,89f96e9cae3d42a4a7e0b6d56f2ec997,org.apache.zookeeper.server.ZooKeeperServer,org.apache.zookeeper.server.ZooKeeperServer_ESTest$1,279,0,True
691,NPEX,ZooKeeper-ef3649f5,0,89f96e9cae3d42a4a7e0b6d56f2ec997,org.apache.zookeeper.server.ZooKeeperServer,org.apache.zookeeper.server.ZooKeeperServer_ESTest$6,279,0,True
692,NPEX,ZooKeeper-ef3649f5,0,89f96e9cae3d42a4a7e0b6d56f2ec997,org.apache.zookeeper.server.ZooKeeperServer,org.apache.zookeeper.server.ZooKeeperServer_ESTest$5,279,0,True
693,NPEX,ZooKeeper-ef3649f5,0,89f96e9cae3d42a4a7e0b6d56f2ec997,org.apache.zookeeper.server.ZooKeeperServer,org.apache.zookeeper.server.ZooKeeperServer_ESTest$9,279,0,True
694,NPEX,ZooKeeper-ef3649f5,0,89f96e9cae3d42a4a7e0b6d56f2ec997,org.apache.zookeeper.server.ZooKeeperServer,org.apache.zookeeper.server.ZooKeeperServer_ESTest$2,279,0,True
695,NPEX,ZooKeeper-ef3649f5,0,89f96e9cae3d42a4a7e0b6d56f2ec997,org.apache.zookeeper.server.ZooKeeperServer,org.apache.zookeeper.server.ZooKeeperServer_ESTest$7,279,0,True
696,NPEX,ZooKeeper-ef3649f5,0,89f96e9cae3d42a4a7e0b6d56f2ec997,org.apache.zookeeper.server.ZooKeeperServer,org.apache.zookeeper.server.ZooKeeperServer_ESTest$4,279,0,True
697,NPEX,ZooKeeper-ef3649f5,0,89f96e9cae3d42a4a7e0b6d56f2ec997,org.apache.zookeeper.server.ZooKeeperServer,org.apache.zookeeper.server.ZooKeeperServer_ESTest$8,279,0,True
698,NPEX,ZooKeeper-ef3649f5,0,89f96e9cae3d42a4a7e0b6d56f2ec997,org.apache.zookeeper.server.ZooKeeperServer,org.apache.zookeeper.server.ZooKeeperServer_ESTest$10,279,0,True
699,NPEX,ZooKeeper-ef3649f5,0,89f96e9cae3d42a4a7e0b6d56f2ec997,org.apache.zookeeper.server.ZooKeeperServer,org.apache.zookeeper.server.ZooKeeperServer_ESTest$12,279,0,True
700,NPEX,ZooKeeper-ef3649f5,0,89f96e9cae3d42a4a7e0b6d56f2ec997,org.apache.zookeeper.server.ZooKeeperServer,org.apache.zookeeper.server.ZooKeeperServer_ESTest$3,279,0,True
701,NPEX,ZooKeeper-ef3649f5,0,7f05ac1ea8bb4611a7a0c3ce6685fa2f,org.apache.zookeeper.server.ZooKeeperServer,org.apache.zookeeper.server.ZooKeeperServer_ESTest,165,0,True
702,NPEX,ZooKeeper-ef3649f5,0,7f05ac1ea8bb4611a7a0c3ce6685fa2f,org.apache.zookeeper.server.ZooKeeperServer,org.apache.zookeeper.server.ZooKeeperServer_ESTest$1,165,0,True
703,NPEX,ZooKeeper-ef3649f5,0,7f05ac1ea8bb4611a7a0c3ce6685fa2f,org.apache.zookeeper.server.ZooKeeperServer,org.apache.zookeeper.server.ZooKeeperServer_ESTest$2,165,0,True
704,NPEX,ZooKeeper-ef3649f5,0,d6660399f59a461b8cee177620decb33,org.apache.zookeeper.server.ZooKeeperServer,org.apache.zookeeper.server.ZooKeeperServer_ESTest,272,0,False
705,NPEX,ZooKeeper-ef3649f5,0,d6660399f59a461b8cee177620decb33,org.apache.zookeeper.server.ZooKeeperServer,org.apache.zookeeper.server.ZooKeeperServer_ESTest$1,272,0,False
706,NPEX,ZooKeeper-ef3649f5,0,d6660399f59a461b8cee177620decb33,org.apache.zookeeper.server.ZooKeeperServer,org.apache.zookeeper.server.ZooKeeperServer_ESTest$6,272,0,False
707,NPEX,ZooKeeper-ef3649f5,0,d6660399f59a461b8cee177620decb33,org.apache.zookeeper.server.ZooKeeperServer,org.apache.zookeeper.server.ZooKeeperServer_ESTest$5,272,0,False
708,NPEX,ZooKeeper-ef3649f5,0,d6660399f59a461b8cee177620decb33,org.apache.zookeeper.server.ZooKeeperServer,org.apache.zookeeper.server.ZooKeeperServer_ESTest$2,272,0,False
709,NPEX,ZooKeeper-ef3649f5,0,d6660399f59a461b8cee177620decb33,org.apache.zookeeper.server.ZooKeeperServer,org.apache.zookeeper.server.ZooKeeperServer_ESTest$7,272,0,False
710,NPEX,ZooKeeper-ef3649f5,0,d6660399f59a461b8cee177620decb33,org.apache.zookeeper.server.ZooKeeperServer,org.apache.zookeeper.server.ZooKeeperServer_ESTest$4,272,0,False
711,NPEX,ZooKeeper-ef3649f5,0,d6660399f59a461b8cee177620decb33,org.apache.zookeeper.server.ZooKeeperServer,org.apache.zookeeper.server.ZooKeeperServer_ESTest$8,272,0,False
712,NPEX,ZooKeeper-ef3649f5,0,d6660399f59a461b8cee177620decb33,org.apache.zookeeper.server.ZooKeeperServer,org.apache.zookeeper.server.ZooKeeperServer_ESTest$3,272,0,False
713,NPEX,ZooKeeper-ef3649f5,0,3ff2ec387b674042a6d373cdfcad56cc,org.apache.zookeeper.server.ZooKeeperServer,org.apache.zookeeper.server.ZooKeeperServer_ESTest,253,0,True
714,NPEX,ZooKeeper-ef3649f5,0,3ff2ec387b674042a6d373cdfcad56cc,org.apache.zookeeper.server.ZooKeeperServer,org.apache.zookeeper.server.ZooKeeperServer_ESTest$1,253,0,True
715,NPEX,ZooKeeper-ef3649f5,0,3ff2ec387b674042a6d373cdfcad56cc,org.apache.zookeeper.server.ZooKeeperServer,org.apache.zookeeper.server.ZooKeeperServer_ESTest$6,253,0,True
716,NPEX,ZooKeeper-ef3649f5,0,3ff2ec387b674042a6d373cdfcad56cc,org.apache.zookeeper.server.ZooKeeperServer,org.apache.zookeeper.server.ZooKeeperServer_ESTest$5,253,0,True
717,NPEX,ZooKeeper-ef3649f5,0,3ff2ec387b674042a6d373cdfcad56cc,org.apache.zookeeper.server.ZooKeeperServer,org.apache.zookeeper.server.ZooKeeperServer_ESTest$2,253,0,True
718,NPEX,ZooKeeper-ef3649f5,0,3ff2ec387b674042a6d373cdfcad56cc,org.apache.zookeeper.server.ZooKeeperServer,org.apache.zookeeper.server.ZooKeeperServer_ESTest$4,253,0,True
719,NPEX,ZooKeeper-ef3649f5,0,3ff2ec387b674042a6d373cdfcad56cc,org.apache.zookeeper.server.ZooKeeperServer,org.apache.zookeeper.server.ZooKeeperServer_ESTest$3,253,0,True
720,NPEX,ZooKeeper-ef3649f5,0,acc942b8a9244d438c96149c7c2689db,org.apache.zookeeper.server.ZooKeeperServer,org.apache.zookeeper.server.ZooKeeperServer_ESTest,184,0,False
721,NPEX,ZooKeeper-ef3649f5,0,acc942b8a9244d438c96149c7c2689db,org.apache.zookeeper.server.ZooKeeperServer,org.apache.zookeeper.server.ZooKeeperServer_ESTest$1,184,0,False
722,NPEX,ZooKeeper-ef3649f5,0,acc942b8a9244d438c96149c7c2689db,org.apache.zookeeper.server.ZooKeeperServer,org.apache.zookeeper.server.ZooKeeperServer_ESTest$2,184,0,False
723,NPEX,ZooKeeper-ef3649f5,0,dcd21dd633624aa4b4883d9e109c828a,org.apache.zookeeper.server.ZooKeeperServer,org.apache.zookeeper.server.ZooKeeperServer_ESTest,188,0,False
724,NPEX,ZooKeeper-ef3649f5,0,dcd21dd633624aa4b4883d9e109c828a,org.apache.zookeeper.server.ZooKeeperServer,org.apache.zookeeper.server.ZooKeeperServer_ESTest$1,188,0,False
725,NPEX,ZooKeeper-ef3649f5,0,dcd21dd633624aa4b4883d9e109c828a,org.apache.zookeeper.server.ZooKeeperServer,org.apache.zookeeper.server.ZooKeeperServer_ESTest$2,188,0,False
726,NPEX,ZooKeeper-ef3649f5,0,fe5750502a1e483f8bb1fcb3dfa022ce,org.apache.zookeeper.server.ZooKeeperServer,org.apache.zookeeper.server.ZooKeeperServer_ESTest,166,0,True
727,NPEX,ZooKeeper-ef3649f5,0,fe5750502a1e483f8bb1fcb3dfa022ce,org.apache.zookeeper.server.ZooKeeperServer,org.apache.zookeeper.server.ZooKeeperServer_ESTest$1,166,0,True
728,NPEX,ZooKeeper-ef3649f5,0,fe5750502a1e483f8bb1fcb3dfa022ce,org.apache.zookeeper.server.ZooKeeperServer,org.apache.zookeeper.server.ZooKeeperServer_ESTest$2,166,0,True
729,NPEX,ZooKeeper-ef3649f5,0,8b2d632c3a3f483d842d4a47c17833f8,org.apache.zookeeper.server.ZooKeeperServer,org.apache.zookeeper.server.ZooKeeperServer_ESTest,171,0,False
730,NPEX,ZooKeeper-ef3649f5,0,8b2d632c3a3f483d842d4a47c17833f8,org.apache.zookeeper.server.ZooKeeperServer,org.apache.zookeeper.server.ZooKeeperServer_ESTest$1,171,0,False
731,NPEX,ZooKeeper-ef3649f5,0,8b2d632c3a3f483d842d4a47c17833f8,org.apache.zookeeper.server.ZooKeeperServer,org.apache.zookeeper.server.ZooKeeperServer_ESTest$2,171,0,False
732,NPEX,ZooKeeper-ef3649f5,0,5fc4d10f760a4914b12242c0876fd745,org.apache.zookeeper.server.ZooKeeperServer,org.apache.zookeeper.server.ZooKeeperServer_ESTest,171,0,False
733,NPEX,ZooKeeper-ef3649f5,0,5fc4d10f760a4914b12242c0876fd745,org.apache.zookeeper.server.ZooKeeperServer,org.apache.zookeeper.server.ZooKeeperServer_ESTest$1,171,0,False
734,NPEX,ZooKeeper-ef3649f5,0,5fc4d10f760a4914b12242c0876fd745,org.apache.zookeeper.server.ZooKeeperServer,org.apache.zookeeper.server.ZooKeeperServer_ESTest$2,171,0,False
735,NPEX,ZooKeeper-ef3649f5,0,8b12263e913a477b84c3616d2d784633,org.apache.zookeeper.server.ZooKeeperServer,org.apache.zookeeper.server.ZooKeeperServer_ESTest,259,0,False
736,NPEX,ZooKeeper-ef3649f5,0,8b12263e913a477b84c3616d2d784633,org.apache.zookeeper.server.ZooKeeperServer,org.apache.zookeeper.server.ZooKeeperServer_ESTest$1,259,0,False
737,NPEX,ZooKeeper-ef3649f5,0,8b12263e913a477b84c3616d2d784633,org.apache.zookeeper.server.ZooKeeperServer,org.apache.zookeeper.server.ZooKeeperServer_ESTest$2,259,0,False
738,NPEX,ZooKeeper-ef3649f5,0,8b12263e913a477b84c3616d2d784633,org.apache.zookeeper.server.ZooKeeperServer,org.apache.zookeeper.server.ZooKeeperServer_ESTest$4,259,0,False
739,NPEX,ZooKeeper-ef3649f5,0,8b12263e913a477b84c3616d2d784633,org.apache.zookeeper.server.ZooKeeperServer,org.apache.zookeeper.server.ZooKeeperServer_ESTest$3,259,0,False
740,NPEX,Log4j_2-5b7b75d5,0,2e1f77949ed54b9093922f0236bb0924,org.apache.logging.log4j.core.config.composite.DefaultMergeStrategy,org.apache.logging.log4j.core.config.composite.DefaultMergeStrategy_ESTest,4,0,False
741,NPEX,Log4j_2-5b7b75d5,0,b79d4a688a8e405987403e72fc45bcdf,org.apache.logging.log4j.core.config.composite.DefaultMergeStrategy,org.apache.logging.log4j.core.config.composite.DefaultMergeStrategy_ESTest,4,0,False
742,NPEX,Log4j_2-5b7b75d5,0,faab5b56f725422f9605bbcc7febde26,org.apache.logging.log4j.core.config.composite.DefaultMergeStrategy,org.apache.logging.log4j.core.config.composite.DefaultMergeStrategy_ESTest,4,0,False
743,NPEX,Log4j_2-5b7b75d5,0,2729af330a4e451d8ddfdcb8065f7862,org.apache.logging.log4j.core.config.composite.DefaultMergeStrategy,org.apache.logging.log4j.core.config.composite.DefaultMergeStrategy_ESTest,4,0,False
744,NPEX,Log4j_2-5b7b75d5,0,c63550b75fc14ba2b5819af95c7dce5c,org.apache.logging.log4j.core.config.composite.DefaultMergeStrategy,org.apache.logging.log4j.core.config.composite.DefaultMergeStrategy_ESTest,4,0,False
745,NPEX,Log4j_2-5b7b75d5,0,0132a08bfeed44c08eef05166e980548,org.apache.logging.log4j.core.config.composite.DefaultMergeStrategy,org.apache.logging.log4j.core.config.composite.DefaultMergeStrategy_ESTest,4,0,False
746,NPEX,Log4j_2-5b7b75d5,0,7413744e35bb474fa4d65eaee67642ee,org.apache.logging.log4j.core.config.composite.DefaultMergeStrategy,org.apache.logging.log4j.core.config.composite.DefaultMergeStrategy_ESTest,4,0,False
747,NPEX,Karaf-b92dd7e4,0,c29fc3362ebf483bb201f5075219d094,org.apache.karaf.shell.impl.console.commands.help.wikidoc.WikiParser,org.apache.karaf.shell.impl.console.commands.help.wikidoc.WikiParser_ESTest,22,0,False
748,NPEX,Karaf-b92dd7e4,0,3a6d4a2a0d9440ccbd6e1979e584d1b0,org.apache.karaf.shell.impl.console.commands.help.wikidoc.WikiParser,org.apache.karaf.shell.impl.console.commands.help.wikidoc.WikiParser_ESTest,22,0,False
749,NPEX,Karaf-b92dd7e4,0,ecf2064f934c44ea877c8869c09c1dc6,org.apache.karaf.shell.impl.console.commands.help.wikidoc.WikiParser,org.apache.karaf.shell.impl.console.commands.help.wikidoc.WikiParser_ESTest,23,0,False
750,NPEX,Karaf-b92dd7e4,0,143f0f0de4894dac84ad29d066875fe5,org.apache.karaf.shell.impl.console.commands.help.wikidoc.WikiParser,org.apache.karaf.shell.impl.console.commands.help.wikidoc.WikiParser_ESTest,21,0,False
751,NPEX,jsoup-b8411990,0,e45229b8cb5d4c4ea835abe1bf9a6328,org.jsoup.internal.Normalizer,org.jsoup.internal.Normalizer_ESTest,7,0,True
752,NPEX,jsoup-b8411990,0,a113aeab58144fb294a1560c5ed22dbb,org.jsoup.internal.Normalizer,org.jsoup.internal.Normalizer_ESTest,7,0,True
753,NPEX,jsoup-b8411990,0,bed361b0d8a34d769ae559caf0116a90,org.jsoup.internal.Normalizer,org.jsoup.internal.Normalizer_ESTest,7,0,True
754,NPEX,jsoup-b8411990,0,11d3efa4bc2a4569a7d5f6728840c9a6,org.jsoup.internal.Normalizer,org.jsoup.internal.Normalizer_ESTest,7,0,True
755,NPEX,jsoup-b8411990,0,78786403798e4b8d9ae3447803b58e09,org.jsoup.internal.Normalizer,org.jsoup.internal.Normalizer_ESTest,7,0,True
756,NPEX,jsoup-b8411990,0,c721a68b8bef4762a4e17919730a1e24,org.jsoup.internal.Normalizer,org.jsoup.internal.Normalizer_ESTest,7,0,True
757,NPEX,jsoup-b8411990,0,51fe80651ba74cc08eb6c6ab9a9efe21,org.jsoup.internal.Normalizer,org.jsoup.internal.Normalizer_ESTest,7,0,True
758,NPEX,jsoup-b8411990,0,b1ff3478f94542c990ecaad855c74c0e,org.jsoup.internal.Normalizer,org.jsoup.internal.Normalizer_ESTest,7,0,True
759,NPEX,jsoup-b8411990,0,b36e8a89c37845d8a53e2ab75f130867,org.jsoup.internal.Normalizer,org.jsoup.internal.Normalizer_ESTest,7,0,True
760,NPEX,jsoup-b8411990,0,58a06ee4e4d8423a89d4e1d0968fdc9d,org.jsoup.internal.Normalizer,org.jsoup.internal.Normalizer_ESTest,7,0,True
761,NPEX,Qpid_Proton__j-0c27d5ff,0,15c24440ea634e07b3c19eb6be5eef2a,org.apache.qpid.proton.engine.impl.TransportImpl,org.apache.qpid.proton.engine.impl.TransportImpl_ESTest,150,0,False
762,NPEX,Qpid_Proton__j-0c27d5ff,0,07a78b7190e74e71933c32b448d39be5,org.apache.qpid.proton.engine.impl.TransportImpl,org.apache.qpid.proton.engine.impl.TransportImpl_ESTest,147,0,True
763,NPEX,Commons_Pool-11521c1f,0,a42e35b70a654ba48709d7d5cde33764,org.apache.commons.pool2.impl.GenericKeyedObjectPool,org.apache.commons.pool2.impl.GenericKeyedObjectPool_ESTest,2,0,False
764,NPEX,Commons_Pool-11521c1f,0,54a6b97f06c448e38701ade70a261fe2,org.apache.commons.pool2.impl.GenericKeyedObjectPool,org.apache.commons.pool2.impl.GenericKeyedObjectPool_ESTest,2,0,False
765,NPEX,Commons_Pool-11521c1f,0,f71b71ab0566415c8bce2c54f8ef03ca,org.apache.commons.pool2.impl.GenericKeyedObjectPool,org.apache.commons.pool2.impl.GenericKeyedObjectPool_ESTest,2,0,False
766,NPEX,Commons_Pool-11521c1f,0,11c1e4fd468e4b23a2b2fcafc6ca0900,org.apache.commons.pool2.impl.GenericKeyedObjectPool,org.apache.commons.pool2.impl.GenericKeyedObjectPool_ESTest,2,0,False
767,NPEX,Commons_Pool-11521c1f,0,2f417681746c44b4bcf67c94ba34d47b,org.apache.commons.pool2.impl.GenericKeyedObjectPool,org.apache.commons.pool2.impl.GenericKeyedObjectPool_ESTest,2,0,False
768,NPEX,Commons_Pool-11521c1f,0,a19759283afa4a8eaab8b36b3c447505,org.apache.commons.pool2.impl.GenericKeyedObjectPool,org.apache.commons.pool2.impl.GenericKeyedObjectPool_ESTest,2,0,False
769,NPEX,Commons_Pool-11521c1f,0,f7cd94946cf641dbbb7094f0c85b053f,org.apache.commons.pool2.impl.GenericKeyedObjectPool,org.apache.commons.pool2.impl.GenericKeyedObjectPool_ESTest,2,0,False
770,NPEX,Commons_Pool-11521c1f,0,40d1b27e64304f67ad4232bb02268f29,org.apache.commons.pool2.impl.GenericKeyedObjectPool,org.apache.commons.pool2.impl.GenericKeyedObjectPool_ESTest,2,0,False
771,NPEX,Commons_Pool-11521c1f,0,022b404e621042a3a3441b47b1883f0f,org.apache.commons.pool2.impl.GenericKeyedObjectPool,org.apache.commons.pool2.impl.GenericKeyedObjectPool_ESTest,2,0,False
772,NPEX,Commons_Pool-11521c1f,0,5cb7ee6125104646b91e8c9bba4d539e,org.apache.commons.pool2.impl.GenericKeyedObjectPool,org.apache.commons.pool2.impl.GenericKeyedObjectPool_ESTest,2,0,False
773,NPEX,Log4j_2-7441d3c3,0,f9a22c191d244a939c0e661cab7e854b,org.apache.logging.log4j.core.config.ConfigurationScheduler,org.apache.logging.log4j.core.config.ConfigurationScheduler_ESTest,22,0,True
774,NPEX,Log4j_2-7441d3c3,0,3976e3f458004f5282e9caa7ea6e9325,org.apache.logging.log4j.core.config.ConfigurationScheduler,org.apache.logging.log4j.core.config.ConfigurationScheduler_ESTest,21,0,True
775,NPEX,Log4j_2-7441d3c3,0,fc67acda810846439f1fce173b7d3236,org.apache.logging.log4j.core.config.ConfigurationScheduler,org.apache.logging.log4j.core.config.ConfigurationScheduler_ESTest,23,0,True
776,NPEX,Log4j_2-7441d3c3,0,a4f2a9c72e2c41e9b523915c191a013b,org.apache.logging.log4j.core.config.ConfigurationScheduler,org.apache.logging.log4j.core.config.ConfigurationScheduler_ESTest,22,0,True
777,NPEX,Log4j_2-7441d3c3,0,83bae32f3bea4a64898825ffe3e5d24a,org.apache.logging.log4j.core.config.ConfigurationScheduler,org.apache.logging.log4j.core.config.ConfigurationScheduler_ESTest,22,0,True
778,NPEX,Log4j_2-7441d3c3,0,f237dda80b914b338f92ab409222fa28,org.apache.logging.log4j.core.config.ConfigurationScheduler,org.apache.logging.log4j.core.config.ConfigurationScheduler_ESTest,23,0,True
779,NPEX,Log4j_2-7441d3c3,0,e076d9de06a846dc9748ed2ecf2f03d7,org.apache.logging.log4j.core.config.ConfigurationScheduler,org.apache.logging.log4j.core.config.ConfigurationScheduler_ESTest,22,0,True
780,NPEX,Log4j_2-7441d3c3,0,c59384bacc3b4f82b4346515de1ab0ec,org.apache.logging.log4j.core.config.ConfigurationScheduler,org.apache.logging.log4j.core.config.ConfigurationScheduler_ESTest,23,0,True
781,NPEX,Log4j_2-7441d3c3,0,c37613e008684fc183feca359535aa4b,org.apache.logging.log4j.core.config.ConfigurationScheduler,org.apache.logging.log4j.core.config.ConfigurationScheduler_ESTest,22,0,True
782,NPEX,Log4j_2-7441d3c3,0,9d4073e0b66b4bf692c4e1826910e146,org.apache.logging.log4j.core.config.ConfigurationScheduler,org.apache.logging.log4j.core.config.ConfigurationScheduler_ESTest,21,0,True
783,NPEX,Commons_BCEL-a46d927b,0,beaeebed86c343b4a6fbf0948afad5f3,org.apache.bcel.generic.MethodGen,org.apache.bcel.generic.MethodGen_ESTest,159,0,False
784,NPEX,Commons_BCEL-a46d927b,0,3b3789dc04ee4aeba86cc6989b2ca5a2,org.apache.bcel.generic.MethodGen,org.apache.bcel.generic.MethodGen_ESTest,158,0,False
785,NPEX,Commons_BCEL-a46d927b,0,b3ecaf81395c46a284069a98c1d467ca,org.apache.bcel.generic.MethodGen,org.apache.bcel.generic.MethodGen_ESTest,163,0,False
786,NPEX,Commons_BCEL-a46d927b,0,0ec08f5c2f244947862cd27de5fdf4df,org.apache.bcel.generic.MethodGen,org.apache.bcel.generic.MethodGen_ESTest,162,0,False
787,NPEX,Commons_BCEL-a46d927b,0,40364e9fa4dd4340a1eab25b670a1761,org.apache.bcel.generic.MethodGen,org.apache.bcel.generic.MethodGen_ESTest,170,0,False
788,NPEX,Commons_BCEL-a46d927b,0,47a8d7470fe848509a7df502b9f90480,org.apache.bcel.generic.MethodGen,org.apache.bcel.generic.MethodGen_ESTest,161,0,False
789,NPEX,Commons_BCEL-a46d927b,0,fe75eb056ef64565a47057698bbc5057,org.apache.bcel.generic.MethodGen,org.apache.bcel.generic.MethodGen_ESTest,160,0,False
790,NPEX,Commons_BCEL-a46d927b,0,3298ea976aae43c3ae67d40e6e63df62,org.apache.bcel.generic.MethodGen,org.apache.bcel.generic.MethodGen_ESTest,154,0,False
791,NPEX,Commons_BCEL-a46d927b,0,78d507f7f84245269dd6d923f5de55a1,org.apache.bcel.generic.MethodGen,org.apache.bcel.generic.MethodGen_ESTest,157,0,False
792,NPEX,Commons_BCEL-a46d927b,0,3c363e2ac9da4b74ab8c7879817aa796,org.apache.bcel.generic.MethodGen,org.apache.bcel.generic.MethodGen_ESTest,155,0,False
793,NPEX,Jest-f34fa45e,0,122ebffc79d542159b38a23d9d816109,io.searchbox.client.config.discovery.NodeChecker,io.searchbox.client.config.discovery.NodeChecker_ESTest,1,0,False
794,NPEX,Jest-f34fa45e,0,49b32a483ece4738997c83cb9c7b6066,io.searchbox.client.config.discovery.NodeChecker,io.searchbox.client.config.discovery.NodeChecker_ESTest,1,0,False
795,NPEX,Jest-f34fa45e,0,abc3a364796f49aba4000dba7dc6e8f5,io.searchbox.client.config.discovery.NodeChecker,io.searchbox.client.config.discovery.NodeChecker_ESTest,1,0,False
796,NPEX,Jest-f34fa45e,0,dbfffa8c5810496fa5eaeaeeaf0774d4,io.searchbox.client.config.discovery.NodeChecker,io.searchbox.client.config.discovery.NodeChecker_ESTest,1,0,False
797,NPEX,Jest-f34fa45e,0,d4a9b77ae0254dd5b038d4555dc8b2b7,io.searchbox.client.config.discovery.NodeChecker,io.searchbox.client.config.discovery.NodeChecker_ESTest,1,0,False
798,NPEX,Jest-f34fa45e,0,e677f55c72be43229a2dc7e29bf28656,io.searchbox.client.config.discovery.NodeChecker,io.searchbox.client.config.discovery.NodeChecker_ESTest,1,0,False
799,NPEX,Jest-f34fa45e,0,d5ad72afd57748879b4d7ae324daa0c2,io.searchbox.client.config.discovery.NodeChecker,io.searchbox.client.config.discovery.NodeChecker_ESTest,1,0,False
800,NPEX,Jest-f34fa45e,0,1b1dba53acd54c669a69fa43a6b76163,io.searchbox.client.config.discovery.NodeChecker,io.searchbox.client.config.discovery.NodeChecker_ESTest,1,0,False
801,NPEX,Jest-f34fa45e,0,bf9d500f1744423cb85a52d22fe38d52,io.searchbox.client.config.discovery.NodeChecker,io.searchbox.client.config.discovery.NodeChecker_ESTest,1,0,False
802,NPEX,Jest-f34fa45e,0,318a672386974dc78eba2fbb1553f2bf,io.searchbox.client.config.discovery.NodeChecker,io.searchbox.client.config.discovery.NodeChecker_ESTest,1,0,False
803,NPEX,Qpid_Proton__j-02998b38,0,3f03fc9f612f4aee8d167b0cb6603b2a,org.apache.qpid.proton.codec.MapType,org.apache.qpid.proton.codec.MapType_ESTest,6,0,False
804,NPEX,Qpid_Proton__j-02998b38,0,67093654049f47419477f2341386e3ce,org.apache.qpid.proton.codec.MapType,org.apache.qpid.proton.codec.MapType_ESTest,5,0,False
805,NPEX,Qpid_Proton__j-02998b38,0,b521c6b85a1f44ce8329eb3be87f4d4d,org.apache.qpid.proton.codec.MapType,org.apache.qpid.proton.codec.MapType_ESTest,7,0,False
806,NPEX,Qpid_Proton__j-02998b38,0,6d390a2b54634f7b80614bc7449de9a5,org.apache.qpid.proton.codec.MapType,org.apache.qpid.proton.codec.MapType_ESTest,5,0,False
807,NPEX,Qpid_Proton__j-02998b38,0,ddce4a29b4bb44fb92a6ce281e11a265,org.apache.qpid.proton.codec.MapType,org.apache.qpid.proton.codec.MapType_ESTest,6,0,False
808,NPEX,Qpid_Proton__j-02998b38,0,006e4c1ab34f47e2a639562c7cfdffe3,org.apache.qpid.proton.codec.MapType,org.apache.qpid.proton.codec.MapType_ESTest,4,0,False
809,NPEX,Qpid_Proton__j-02998b38,0,f37a0c80148a4be686601a207c453354,org.apache.qpid.proton.codec.MapType,org.apache.qpid.proton.codec.MapType_ESTest,7,0,False
810,NPEX,Qpid_Proton__j-02998b38,0,088273911084458d83f131cb4cbead01,org.apache.qpid.proton.codec.MapType,org.apache.qpid.proton.codec.MapType_ESTest,5,0,False
811,NPEX,Qpid_Proton__j-02998b38,0,70657243d39a45b988a1798b43589ef8,org.apache.qpid.proton.codec.MapType,org.apache.qpid.proton.codec.MapType_ESTest,6,0,False
812,NPEX,Qpid_Proton__j-02998b38,0,1bac7a7a0ea548568a1e4471edeb441d,org.apache.qpid.proton.codec.MapType,org.apache.qpid.proton.codec.MapType_ESTest,7,0,False
813,NPEX,Qpid_Proton__j-02998b38,1,3f03fc9f612f4aee8d167b0cb6603b2a,org.apache.qpid.proton.codec.MapType,org.apache.qpid.proton.codec.MapType_ESTest,6,0,False
814,NPEX,Qpid_Proton__j-02998b38,1,67093654049f47419477f2341386e3ce,org.apache.qpid.proton.codec.MapType,org.apache.qpid.proton.codec.MapType_ESTest,5,0,False
815,NPEX,Qpid_Proton__j-02998b38,1,b521c6b85a1f44ce8329eb3be87f4d4d,org.apache.qpid.proton.codec.MapType,org.apache.qpid.proton.codec.MapType_ESTest,7,0,False
816,NPEX,Qpid_Proton__j-02998b38,1,6d390a2b54634f7b80614bc7449de9a5,org.apache.qpid.proton.codec.MapType,org.apache.qpid.proton.codec.MapType_ESTest,5,0,False
817,NPEX,Qpid_Proton__j-02998b38,1,ddce4a29b4bb44fb92a6ce281e11a265,org.apache.qpid.proton.codec.MapType,org.apache.qpid.proton.codec.MapType_ESTest,6,0,False
818,NPEX,Qpid_Proton__j-02998b38,1,006e4c1ab34f47e2a639562c7cfdffe3,org.apache.qpid.proton.codec.MapType,org.apache.qpid.proton.codec.MapType_ESTest,4,0,False
819,NPEX,Qpid_Proton__j-02998b38,1,f37a0c80148a4be686601a207c453354,org.apache.qpid.proton.codec.MapType,org.apache.qpid.proton.codec.MapType_ESTest,7,0,False
820,NPEX,Qpid_Proton__j-02998b38,1,088273911084458d83f131cb4cbead01,org.apache.qpid.proton.codec.MapType,org.apache.qpid.proton.codec.MapType_ESTest,5,0,False
821,NPEX,Qpid_Proton__j-02998b38,1,70657243d39a45b988a1798b43589ef8,org.apache.qpid.proton.codec.MapType,org.apache.qpid.proton.codec.MapType_ESTest,6,0,False
822,NPEX,Qpid_Proton__j-02998b38,1,1bac7a7a0ea548568a1e4471edeb441d,org.apache.qpid.proton.codec.MapType,org.apache.qpid.proton.codec.MapType_ESTest,7,0,False
823,NPEX,Avro-a3e05bee,0,02aec60304b84de08af6dc8d506863f3,org.apache.avro.Schema,org.apache.avro.Schema_ESTest,219,0,True
824,NPEX,Avro-a3e05bee,0,ba22c9ac49ee4c43b22bf4765157f146,org.apache.avro.Schema,org.apache.avro.Schema_ESTest,424,0,True
825,NPEX,Avro-a3e05bee,0,d4694150dcb041bd98923acef7a111f8,org.apache.avro.Schema,org.apache.avro.Schema_ESTest,235,0,True
826,NPEX,Avro-a3e05bee,0,b29bed6394ff4367930e3e48ff3713e8,org.apache.avro.Schema,org.apache.avro.Schema_ESTest,223,0,True
827,NPEX,Avro-a3e05bee,0,ae1140bad8a94175ba653e5fe6bdc47b,org.apache.avro.Schema,org.apache.avro.Schema_ESTest,229,0,True
828,NPEX,Avro-a3e05bee,0,ad9435ab415846fa8fc3adba85e957b2,org.apache.avro.Schema,org.apache.avro.Schema_ESTest,219,0,True
829,NPEX,HttpComponents_Client-f6333a50,0,f09cb33fe16841508972fcb4fd46f2c5,org.apache.hc.client5.http.impl.async.HttpAsyncClientBuilder,org.apache.hc.client5.http.impl.async.HttpAsyncClientBuilder_ESTest,64,0,False
830,NPEX,HttpComponents_Client-f6333a50,0,f09cb33fe16841508972fcb4fd46f2c5,org.apache.hc.client5.http.impl.async.H2AsyncClientBuilder,org.apache.hc.client5.http.impl.async.H2AsyncClientBuilder_ESTest,0,0,False
831,NPEX,HttpComponents_Client-f6333a50,0,faf5654305394674bc26034ec92fb3e4,org.apache.hc.client5.http.impl.async.HttpAsyncClientBuilder,org.apache.hc.client5.http.impl.async.HttpAsyncClientBuilder_ESTest,61,0,False
832,NPEX,HttpComponents_Client-f6333a50,0,23bc0f47edaa4b0fbf2aadc0ffb83ce2,org.apache.hc.client5.http.impl.async.HttpAsyncClientBuilder,org.apache.hc.client5.http.impl.async.HttpAsyncClientBuilder_ESTest,61,0,False
833,NPEX,HttpComponents_Client-f6333a50,0,eb27538df26f49b1ad743e06dc571436,org.apache.hc.client5.http.impl.async.HttpAsyncClientBuilder,org.apache.hc.client5.http.impl.async.HttpAsyncClientBuilder_ESTest,62,0,False
834,NPEX,HttpComponents_Client-f6333a50,0,eb27538df26f49b1ad743e06dc571436,org.apache.hc.client5.http.impl.async.H2AsyncClientBuilder,org.apache.hc.client5.http.impl.async.H2AsyncClientBuilder_ESTest,0,0,False
835,NPEX,HttpComponents_Client-f6333a50,0,1ed4ccee971b49c48bcca78316e70fcb,org.apache.hc.client5.http.impl.async.HttpAsyncClientBuilder,org.apache.hc.client5.http.impl.async.HttpAsyncClientBuilder_ESTest,63,0,False
836,NPEX,HttpComponents_Client-f6333a50,0,1ed4ccee971b49c48bcca78316e70fcb,org.apache.hc.client5.http.impl.async.H2AsyncClientBuilder,org.apache.hc.client5.http.impl.async.H2AsyncClientBuilder_ESTest,0,0,False
837,NPEX,HttpComponents_Client-f6333a50,0,2e87f97fd3b842d0be2c7232d6067da7,org.apache.hc.client5.http.impl.async.HttpAsyncClientBuilder,org.apache.hc.client5.http.impl.async.HttpAsyncClientBuilder_ESTest,62,0,False
838,NPEX,HttpComponents_Client-f6333a50,0,4637b1d1f2144c79907981b12c6e6b31,org.apache.hc.client5.http.impl.async.HttpAsyncClientBuilder,org.apache.hc.client5.http.impl.async.HttpAsyncClientBuilder_ESTest,61,0,False
839,NPEX,HttpComponents_Client-f6333a50,0,4637b1d1f2144c79907981b12c6e6b31,org.apache.hc.client5.http.impl.async.H2AsyncClientBuilder,org.apache.hc.client5.http.impl.async.H2AsyncClientBuilder_ESTest,0,0,False
840,NPEX,HttpComponents_Client-f6333a50,0,6017d16007f147998ce2191381a38585,org.apache.hc.client5.http.impl.async.HttpAsyncClientBuilder,org.apache.hc.client5.http.impl.async.HttpAsyncClientBuilder_ESTest,62,0,False
841,NPEX,HttpComponents_Client-f6333a50,0,6017d16007f147998ce2191381a38585,org.apache.hc.client5.http.impl.async.H2AsyncClientBuilder,org.apache.hc.client5.http.impl.async.H2AsyncClientBuilder_ESTest,0,0,False
842,NPEX,HttpComponents_Client-f6333a50,0,50c11f7bcfc54074966f3b4a493555f3,org.apache.hc.client5.http.impl.async.HttpAsyncClientBuilder,org.apache.hc.client5.http.impl.async.HttpAsyncClientBuilder_ESTest,61,0,False
843,NPEX,HttpComponents_Client-f6333a50,0,50c11f7bcfc54074966f3b4a493555f3,org.apache.hc.client5.http.impl.async.H2AsyncClientBuilder,org.apache.hc.client5.http.impl.async.H2AsyncClientBuilder_ESTest,0,0,False
844,NPEX,HttpComponents_Client-f6333a50,0,00bdedc032a04f32856426ccc1dca0c3,org.apache.hc.client5.http.impl.async.HttpAsyncClientBuilder,org.apache.hc.client5.http.impl.async.HttpAsyncClientBuilder_ESTest,63,0,False
845,NPEX,HttpComponents_Client-f6333a50,1,f09cb33fe16841508972fcb4fd46f2c5,org.apache.hc.client5.http.impl.async.HttpAsyncClientBuilder,org.apache.hc.client5.http.impl.async.HttpAsyncClientBuilder_ESTest,64,0,False
846,NPEX,HttpComponents_Client-f6333a50,1,f09cb33fe16841508972fcb4fd46f2c5,org.apache.hc.client5.http.impl.async.H2AsyncClientBuilder,org.apache.hc.client5.http.impl.async.H2AsyncClientBuilder_ESTest,0,0,False
847,NPEX,HttpComponents_Client-f6333a50,1,faf5654305394674bc26034ec92fb3e4,org.apache.hc.client5.http.impl.async.HttpAsyncClientBuilder,org.apache.hc.client5.http.impl.async.HttpAsyncClientBuilder_ESTest,61,0,False
848,NPEX,HttpComponents_Client-f6333a50,1,23bc0f47edaa4b0fbf2aadc0ffb83ce2,org.apache.hc.client5.http.impl.async.HttpAsyncClientBuilder,org.apache.hc.client5.http.impl.async.HttpAsyncClientBuilder_ESTest,61,0,False
849,NPEX,HttpComponents_Client-f6333a50,1,eb27538df26f49b1ad743e06dc571436,org.apache.hc.client5.http.impl.async.HttpAsyncClientBuilder,org.apache.hc.client5.http.impl.async.HttpAsyncClientBuilder_ESTest,62,0,False
850,NPEX,HttpComponents_Client-f6333a50,1,eb27538df26f49b1ad743e06dc571436,org.apache.hc.client5.http.impl.async.H2AsyncClientBuilder,org.apache.hc.client5.http.impl.async.H2AsyncClientBuilder_ESTest,0,0,False
851,NPEX,HttpComponents_Client-f6333a50,1,1ed4ccee971b49c48bcca78316e70fcb,org.apache.hc.client5.http.impl.async.HttpAsyncClientBuilder,org.apache.hc.client5.http.impl.async.HttpAsyncClientBuilder_ESTest,63,0,False
852,NPEX,HttpComponents_Client-f6333a50,1,1ed4ccee971b49c48bcca78316e70fcb,org.apache.hc.client5.http.impl.async.H2AsyncClientBuilder,org.apache.hc.client5.http.impl.async.H2AsyncClientBuilder_ESTest,0,0,False
853,NPEX,HttpComponents_Client-f6333a50,1,2e87f97fd3b842d0be2c7232d6067da7,org.apache.hc.client5.http.impl.async.HttpAsyncClientBuilder,org.apache.hc.client5.http.impl.async.HttpAsyncClientBuilder_ESTest,62,0,False
854,NPEX,HttpComponents_Client-f6333a50,1,4637b1d1f2144c79907981b12c6e6b31,org.apache.hc.client5.http.impl.async.HttpAsyncClientBuilder,org.apache.hc.client5.http.impl.async.HttpAsyncClientBuilder_ESTest,61,0,False
855,NPEX,HttpComponents_Client-f6333a50,1,4637b1d1f2144c79907981b12c6e6b31,org.apache.hc.client5.http.impl.async.H2AsyncClientBuilder,org.apache.hc.client5.http.impl.async.H2AsyncClientBuilder_ESTest,0,0,False
856,NPEX,HttpComponents_Client-f6333a50,1,6017d16007f147998ce2191381a38585,org.apache.hc.client5.http.impl.async.HttpAsyncClientBuilder,org.apache.hc.client5.http.impl.async.HttpAsyncClientBuilder_ESTest,62,0,False
857,NPEX,HttpComponents_Client-f6333a50,1,6017d16007f147998ce2191381a38585,org.apache.hc.client5.http.impl.async.H2AsyncClientBuilder,org.apache.hc.client5.http.impl.async.H2AsyncClientBuilder_ESTest,0,0,False
858,NPEX,HttpComponents_Client-f6333a50,1,50c11f7bcfc54074966f3b4a493555f3,org.apache.hc.client5.http.impl.async.HttpAsyncClientBuilder,org.apache.hc.client5.http.impl.async.HttpAsyncClientBuilder_ESTest,61,0,False
859,NPEX,HttpComponents_Client-f6333a50,1,50c11f7bcfc54074966f3b4a493555f3,org.apache.hc.client5.http.impl.async.H2AsyncClientBuilder,org.apache.hc.client5.http.impl.async.H2AsyncClientBuilder_ESTest,0,0,False
860,NPEX,HttpComponents_Client-f6333a50,1,00bdedc032a04f32856426ccc1dca0c3,org.apache.hc.client5.http.impl.async.HttpAsyncClientBuilder,org.apache.hc.client5.http.impl.async.HttpAsyncClientBuilder_ESTest,63,0,False
861,NPEX,HttpComponents_Client-f6333a50,2,f09cb33fe16841508972fcb4fd46f2c5,org.apache.hc.client5.http.impl.async.HttpAsyncClientBuilder,org.apache.hc.client5.http.impl.async.HttpAsyncClientBuilder_ESTest,64,0,True
862,NPEX,HttpComponents_Client-f6333a50,2,f09cb33fe16841508972fcb4fd46f2c5,org.apache.hc.client5.http.impl.async.H2AsyncClientBuilder,org.apache.hc.client5.http.impl.async.H2AsyncClientBuilder_ESTest,0,0,False
863,NPEX,HttpComponents_Client-f6333a50,2,faf5654305394674bc26034ec92fb3e4,org.apache.hc.client5.http.impl.async.HttpAsyncClientBuilder,org.apache.hc.client5.http.impl.async.HttpAsyncClientBuilder_ESTest,61,0,True
864,NPEX,HttpComponents_Client-f6333a50,2,23bc0f47edaa4b0fbf2aadc0ffb83ce2,org.apache.hc.client5.http.impl.async.HttpAsyncClientBuilder,org.apache.hc.client5.http.impl.async.HttpAsyncClientBuilder_ESTest,61,0,True
865,NPEX,HttpComponents_Client-f6333a50,2,eb27538df26f49b1ad743e06dc571436,org.apache.hc.client5.http.impl.async.HttpAsyncClientBuilder,org.apache.hc.client5.http.impl.async.HttpAsyncClientBuilder_ESTest,62,0,True
866,NPEX,HttpComponents_Client-f6333a50,2,eb27538df26f49b1ad743e06dc571436,org.apache.hc.client5.http.impl.async.H2AsyncClientBuilder,org.apache.hc.client5.http.impl.async.H2AsyncClientBuilder_ESTest,0,0,False
867,NPEX,HttpComponents_Client-f6333a50,2,1ed4ccee971b49c48bcca78316e70fcb,org.apache.hc.client5.http.impl.async.HttpAsyncClientBuilder,org.apache.hc.client5.http.impl.async.HttpAsyncClientBuilder_ESTest,63,0,True
868,NPEX,HttpComponents_Client-f6333a50,2,1ed4ccee971b49c48bcca78316e70fcb,org.apache.hc.client5.http.impl.async.H2AsyncClientBuilder,org.apache.hc.client5.http.impl.async.H2AsyncClientBuilder_ESTest,0,0,False
869,NPEX,HttpComponents_Client-f6333a50,2,2e87f97fd3b842d0be2c7232d6067da7,org.apache.hc.client5.http.impl.async.HttpAsyncClientBuilder,org.apache.hc.client5.http.impl.async.HttpAsyncClientBuilder_ESTest,62,0,True
870,NPEX,HttpComponents_Client-f6333a50,2,4637b1d1f2144c79907981b12c6e6b31,org.apache.hc.client5.http.impl.async.HttpAsyncClientBuilder,org.apache.hc.client5.http.impl.async.HttpAsyncClientBuilder_ESTest,61,0,True
871,NPEX,HttpComponents_Client-f6333a50,2,4637b1d1f2144c79907981b12c6e6b31,org.apache.hc.client5.http.impl.async.H2AsyncClientBuilder,org.apache.hc.client5.http.impl.async.H2AsyncClientBuilder_ESTest,0,0,False
872,NPEX,HttpComponents_Client-f6333a50,2,6017d16007f147998ce2191381a38585,org.apache.hc.client5.http.impl.async.HttpAsyncClientBuilder,org.apache.hc.client5.http.impl.async.HttpAsyncClientBuilder_ESTest,62,0,True
873,NPEX,HttpComponents_Client-f6333a50,2,6017d16007f147998ce2191381a38585,org.apache.hc.client5.http.impl.async.H2AsyncClientBuilder,org.apache.hc.client5.http.impl.async.H2AsyncClientBuilder_ESTest,0,0,False
874,NPEX,HttpComponents_Client-f6333a50,2,50c11f7bcfc54074966f3b4a493555f3,org.apache.hc.client5.http.impl.async.HttpAsyncClientBuilder,org.apache.hc.client5.http.impl.async.HttpAsyncClientBuilder_ESTest,61,0,True
875,NPEX,HttpComponents_Client-f6333a50,2,50c11f7bcfc54074966f3b4a493555f3,org.apache.hc.client5.http.impl.async.H2AsyncClientBuilder,org.apache.hc.client5.http.impl.async.H2AsyncClientBuilder_ESTest,0,0,False
876,NPEX,HttpComponents_Client-f6333a50,2,00bdedc032a04f32856426ccc1dca0c3,org.apache.hc.client5.http.impl.async.HttpAsyncClientBuilder,org.apache.hc.client5.http.impl.async.HttpAsyncClientBuilder_ESTest,63,0,True
877,NPEX,HttpComponents_Client-f6333a50,3,f09cb33fe16841508972fcb4fd46f2c5,org.apache.hc.client5.http.impl.async.HttpAsyncClientBuilder,org.apache.hc.client5.http.impl.async.HttpAsyncClientBuilder_ESTest,64,0,True
878,NPEX,HttpComponents_Client-f6333a50,3,f09cb33fe16841508972fcb4fd46f2c5,org.apache.hc.client5.http.impl.async.H2AsyncClientBuilder,org.apache.hc.client5.http.impl.async.H2AsyncClientBuilder_ESTest,0,0,False
879,NPEX,HttpComponents_Client-f6333a50,3,faf5654305394674bc26034ec92fb3e4,org.apache.hc.client5.http.impl.async.HttpAsyncClientBuilder,org.apache.hc.client5.http.impl.async.HttpAsyncClientBuilder_ESTest,61,0,True
880,NPEX,HttpComponents_Client-f6333a50,3,23bc0f47edaa4b0fbf2aadc0ffb83ce2,org.apache.hc.client5.http.impl.async.HttpAsyncClientBuilder,org.apache.hc.client5.http.impl.async.HttpAsyncClientBuilder_ESTest,61,0,True
881,NPEX,HttpComponents_Client-f6333a50,3,eb27538df26f49b1ad743e06dc571436,org.apache.hc.client5.http.impl.async.HttpAsyncClientBuilder,org.apache.hc.client5.http.impl.async.HttpAsyncClientBuilder_ESTest,62,0,True
882,NPEX,HttpComponents_Client-f6333a50,3,eb27538df26f49b1ad743e06dc571436,org.apache.hc.client5.http.impl.async.H2AsyncClientBuilder,org.apache.hc.client5.http.impl.async.H2AsyncClientBuilder_ESTest,0,0,False
883,NPEX,HttpComponents_Client-f6333a50,3,1ed4ccee971b49c48bcca78316e70fcb,org.apache.hc.client5.http.impl.async.HttpAsyncClientBuilder,org.apache.hc.client5.http.impl.async.HttpAsyncClientBuilder_ESTest,63,0,True
884,NPEX,HttpComponents_Client-f6333a50,3,1ed4ccee971b49c48bcca78316e70fcb,org.apache.hc.client5.http.impl.async.H2AsyncClientBuilder,org.apache.hc.client5.http.impl.async.H2AsyncClientBuilder_ESTest,0,0,False
885,NPEX,HttpComponents_Client-f6333a50,3,2e87f97fd3b842d0be2c7232d6067da7,org.apache.hc.client5.http.impl.async.HttpAsyncClientBuilder,org.apache.hc.client5.http.impl.async.HttpAsyncClientBuilder_ESTest,62,0,True
886,NPEX,HttpComponents_Client-f6333a50,3,4637b1d1f2144c79907981b12c6e6b31,org.apache.hc.client5.http.impl.async.HttpAsyncClientBuilder,org.apache.hc.client5.http.impl.async.HttpAsyncClientBuilder_ESTest,61,0,True
887,NPEX,HttpComponents_Client-f6333a50,3,4637b1d1f2144c79907981b12c6e6b31,org.apache.hc.client5.http.impl.async.H2AsyncClientBuilder,org.apache.hc.client5.http.impl.async.H2AsyncClientBuilder_ESTest,0,0,False
888,NPEX,HttpComponents_Client-f6333a50,3,6017d16007f147998ce2191381a38585,org.apache.hc.client5.http.impl.async.HttpAsyncClientBuilder,org.apache.hc.client5.http.impl.async.HttpAsyncClientBuilder_ESTest,62,0,True
889,NPEX,HttpComponents_Client-f6333a50,3,6017d16007f147998ce2191381a38585,org.apache.hc.client5.http.impl.async.H2AsyncClientBuilder,org.apache.hc.client5.http.impl.async.H2AsyncClientBuilder_ESTest,0,0,False
890,NPEX,HttpComponents_Client-f6333a50,3,50c11f7bcfc54074966f3b4a493555f3,org.apache.hc.client5.http.impl.async.HttpAsyncClientBuilder,org.apache.hc.client5.http.impl.async.HttpAsyncClientBuilder_ESTest,61,0,True
891,NPEX,HttpComponents_Client-f6333a50,3,50c11f7bcfc54074966f3b4a493555f3,org.apache.hc.client5.http.impl.async.H2AsyncClientBuilder,org.apache.hc.client5.http.impl.async.H2AsyncClientBuilder_ESTest,0,0,False
892,NPEX,HttpComponents_Client-f6333a50,3,00bdedc032a04f32856426ccc1dca0c3,org.apache.hc.client5.http.impl.async.HttpAsyncClientBuilder,org.apache.hc.client5.http.impl.async.HttpAsyncClientBuilder_ESTest,63,0,True
893,NPEX,Async_Http_Client-fbc6d486,0,da84ff28e74d4d37ba0e21ea279284b8,org.asynchttpclient.RequestBuilderBase,org.asynchttpclient.RequestBuilderBase_ESTest,1,0,False
894,NPEX,Async_Http_Client-fbc6d486,0,f1ce0538d58044ce82c353c72ee560b4,org.asynchttpclient.RequestBuilderBase,org.asynchttpclient.RequestBuilderBase_ESTest,1,0,False
895,NPEX,Async_Http_Client-fbc6d486,0,602087376f594be28a99f5923e2810c5,org.asynchttpclient.RequestBuilderBase,org.asynchttpclient.RequestBuilderBase_ESTest,1,0,False
896,NPEX,Async_Http_Client-fbc6d486,0,150a9e2d250f4596a2a297f0523fc644,org.asynchttpclient.RequestBuilderBase,org.asynchttpclient.RequestBuilderBase_ESTest,1,0,False
897,NPEX,Async_Http_Client-fbc6d486,0,06a49a5b5b5346ed801b5751cf69b8d3,org.asynchttpclient.RequestBuilderBase,org.asynchttpclient.RequestBuilderBase_ESTest,1,0,False
898,NPEX,Async_Http_Client-fbc6d486,0,8f1565e8cb4a4f4398342258e8f22b29,org.asynchttpclient.RequestBuilderBase,org.asynchttpclient.RequestBuilderBase_ESTest,1,0,False
899,NPEX,Async_Http_Client-fbc6d486,0,02766cf721554274be2a8627653a9d2a,org.asynchttpclient.RequestBuilderBase,org.asynchttpclient.RequestBuilderBase_ESTest,1,0,False
900,NPEX,Async_Http_Client-fbc6d486,0,5a8f19940e74419797524bb7750afe4d,org.asynchttpclient.RequestBuilderBase,org.asynchttpclient.RequestBuilderBase_ESTest,1,0,False
901,NPEX,Async_Http_Client-fbc6d486,0,cf3090d0952e4cad9df64237b1588a37,org.asynchttpclient.RequestBuilderBase,org.asynchttpclient.RequestBuilderBase_ESTest,1,0,False
902,NPEX,Async_Http_Client-fbc6d486,0,82812cf8d72248518e9e8b26a7dab14f,org.asynchttpclient.RequestBuilderBase,org.asynchttpclient.RequestBuilderBase_ESTest,1,0,False
903,NPEX,ShardingSphere-9833fb9a,0,694245a5411f46ff8fed851b085ec555,org.apache.shardingsphere.governance.core.yaml.swapper.SchemaYamlSwapper,org.apache.shardingsphere.governance.core.yaml.swapper.SchemaYamlSwapper_ESTest,5,0,True
904,NPEX,ShardingSphere-9833fb9a,0,20b28d64afe844d0a5e54bb9bcf84ce3,org.apache.shardingsphere.governance.core.yaml.swapper.SchemaYamlSwapper,org.apache.shardingsphere.governance.core.yaml.swapper.SchemaYamlSwapper_ESTest,5,0,False
905,NPEX,ShardingSphere-9833fb9a,0,0402e106261e4831b868e45b8d69f1d2,org.apache.shardingsphere.governance.core.yaml.swapper.SchemaYamlSwapper,org.apache.shardingsphere.governance.core.yaml.swapper.SchemaYamlSwapper_ESTest,5,0,True
906,NPEX,ShardingSphere-9833fb9a,0,01b23eac573042b784ab47880eb87e8d,org.apache.shardingsphere.governance.core.yaml.swapper.SchemaYamlSwapper,org.apache.shardingsphere.governance.core.yaml.swapper.SchemaYamlSwapper_ESTest,5,0,True
907,NPEX,ShardingSphere-9833fb9a,0,f10274d31d054fdcb840f012bf25651c,org.apache.shardingsphere.governance.core.yaml.swapper.SchemaYamlSwapper,org.apache.shardingsphere.governance.core.yaml.swapper.SchemaYamlSwapper_ESTest,5,0,True
908,NPEX,ShardingSphere-9833fb9a,0,915f1f3f339145be90c405fa7a84e7bd,org.apache.shardingsphere.governance.core.yaml.swapper.SchemaYamlSwapper,org.apache.shardingsphere.governance.core.yaml.swapper.SchemaYamlSwapper_ESTest,5,0,True
909,NPEX,ShardingSphere-9833fb9a,0,4a3172cd02304e5a84cc972a4a700b60,org.apache.shardingsphere.governance.core.yaml.swapper.SchemaYamlSwapper,org.apache.shardingsphere.governance.core.yaml.swapper.SchemaYamlSwapper_ESTest,5,0,True
910,NPEX,ShardingSphere-9833fb9a,0,44cd5942032a41f5a7a2d45b7c0ae227,org.apache.shardingsphere.governance.core.yaml.swapper.SchemaYamlSwapper,org.apache.shardingsphere.governance.core.yaml.swapper.SchemaYamlSwapper_ESTest,5,0,False
911,NPEX,ShardingSphere-9833fb9a,0,ec6f963110414da6ada516892f997e31,org.apache.shardingsphere.governance.core.yaml.swapper.SchemaYamlSwapper,org.apache.shardingsphere.governance.core.yaml.swapper.SchemaYamlSwapper_ESTest,5,0,False
912,NPEX,ShardingSphere-9833fb9a,0,675c6e3566ed48c3a6842bcb2f8f8b5b,org.apache.shardingsphere.governance.core.yaml.swapper.SchemaYamlSwapper,org.apache.shardingsphere.governance.core.yaml.swapper.SchemaYamlSwapper_ESTest,5,0,True
913,NPEX,Easy_Rules-d5385af5,0,a63e9028ecb743e3b4031018d553e9e1,org.jeasy.rules.mvel.MVELRuleDefinitionReader,org.jeasy.rules.mvel.MVELRuleDefinitionReader_ESTest,12,0,True
914,NPEX,Easy_Rules-d5385af5,0,e93c1e0b56204750b24e1713ec382ba7,org.jeasy.rules.mvel.MVELRuleDefinitionReader,org.jeasy.rules.mvel.MVELRuleDefinitionReader_ESTest,11,0,True
915,NPEX,Easy_Rules-d5385af5,0,2f39c8f23ce54c38995bdfbb140302b4,org.jeasy.rules.mvel.MVELRuleDefinitionReader,org.jeasy.rules.mvel.MVELRuleDefinitionReader_ESTest,12,0,True
916,NPEX,Easy_Rules-d5385af5,0,01f36a8b752e46dba49611cb1e37c80c,org.jeasy.rules.mvel.MVELRuleDefinitionReader,org.jeasy.rules.mvel.MVELRuleDefinitionReader_ESTest,12,0,True
917,NPEX,Easy_Rules-d5385af5,0,ccec6480744f4e19b562e90ef5efec57,org.jeasy.rules.mvel.MVELRuleDefinitionReader,org.jeasy.rules.mvel.MVELRuleDefinitionReader_ESTest,11,0,True
918,NPEX,Easy_Rules-d5385af5,0,70ca9669cf5c414496c01f863a077cfe,org.jeasy.rules.mvel.MVELRuleDefinitionReader,org.jeasy.rules.mvel.MVELRuleDefinitionReader_ESTest,12,0,True
919,NPEX,Easy_Rules-d5385af5,0,35a932229feb45d3b744895230c5530b,org.jeasy.rules.mvel.MVELRuleDefinitionReader,org.jeasy.rules.mvel.MVELRuleDefinitionReader_ESTest,12,0,False
920,NPEX,Easy_Rules-d5385af5,0,2daab1d5834a4a0cb4210fbf26947037,org.jeasy.rules.mvel.MVELRuleDefinitionReader,org.jeasy.rules.mvel.MVELRuleDefinitionReader_ESTest,11,0,True
921,NPEX,Easy_Rules-d5385af5,0,ba62e4f07da744ac9e8d209270fbc468,org.jeasy.rules.mvel.MVELRuleDefinitionReader,org.jeasy.rules.mvel.MVELRuleDefinitionReader_ESTest,11,0,True
922,NPEX,Easy_Rules-d5385af5,0,3140f0962d434cd4b50639d43a98bcfc,org.jeasy.rules.mvel.MVELRuleDefinitionReader,org.jeasy.rules.mvel.MVELRuleDefinitionReader_ESTest,12,0,True
923,NPEX,Hivemall-04fa7545,0,cada0a56b29a4485bf14a13f931edea6,hivemall.GeneralLearnerBaseUDTF,hivemall.GeneralLearnerBaseUDTF_ESTest,12,0,True
924,NPEX,Hivemall-04fa7545,0,3f80ee7ece244aec8e72d6173bff1aea,hivemall.GeneralLearnerBaseUDTF,hivemall.GeneralLearnerBaseUDTF_ESTest,12,0,True
925,NPEX,Hivemall-04fa7545,0,f239ccfdff784a2cba2a37b93f004018,hivemall.GeneralLearnerBaseUDTF,hivemall.GeneralLearnerBaseUDTF_ESTest,12,0,True
926,NPEX,Hivemall-04fa7545,0,a00db753971b41048c6b3dfc0d15b849,hivemall.GeneralLearnerBaseUDTF,hivemall.GeneralLearnerBaseUDTF_ESTest,12,0,True
927,NPEX,Hivemall-04fa7545,0,211bedb4420c48f68cfa8ec3829f6558,hivemall.GeneralLearnerBaseUDTF,hivemall.GeneralLearnerBaseUDTF_ESTest,12,0,True
928,NPEX,Hivemall-04fa7545,0,957843ac50874f5380b555cf79e9e139,hivemall.GeneralLearnerBaseUDTF,hivemall.GeneralLearnerBaseUDTF_ESTest,12,0,True
929,NPEX,Hivemall-04fa7545,0,b1f4c72bfe084868b8398a9957837052,hivemall.GeneralLearnerBaseUDTF,hivemall.GeneralLearnerBaseUDTF_ESTest,12,0,True
930,NPEX,Hivemall-04fa7545,0,ff006b669d584581b8bd9b321d6c2684,hivemall.GeneralLearnerBaseUDTF,hivemall.GeneralLearnerBaseUDTF_ESTest,12,0,True
931,NPEX,Hivemall-04fa7545,0,e3c7401e63564f87b0034f5d8ce21319,hivemall.GeneralLearnerBaseUDTF,hivemall.GeneralLearnerBaseUDTF_ESTest,12,0,True
932,NPEX,IoTDB-9bced7b6,0,3d19b4d1d47a499e82cec46ea0e2b645,org.apache.iotdb.db.metadata.MTree,org.apache.iotdb.db.metadata.MTree_ESTest,216,0,False
933,NPEX,IoTDB-9bced7b6,0,347e1be528a243a6ae24cc5a242ad12a,org.apache.iotdb.db.metadata.MTree,org.apache.iotdb.db.metadata.MTree_ESTest,191,0,False
934,NPEX,IoTDB-9bced7b6,0,e325413bc8cf46ba9d2c8cc896770066,org.apache.iotdb.db.metadata.MTree,org.apache.iotdb.db.metadata.MTree_ESTest,195,0,True
935,NPEX,IoTDB-9bced7b6,0,81423a835e80493f80e81d1f16e9ee61,org.apache.iotdb.db.metadata.MTree,org.apache.iotdb.db.metadata.MTree_ESTest,202,0,False
936,NPEX,IoTDB-9bced7b6,0,8fe974e2453c499db2b870d670f21659,org.apache.iotdb.db.metadata.MTree,org.apache.iotdb.db.metadata.MTree_ESTest,200,0,False
937,NPEX,IoTDB-9bced7b6,0,88a3ff3a7814485db0980cce593584e8,org.apache.iotdb.db.metadata.MTree,org.apache.iotdb.db.metadata.MTree_ESTest,201,0,False
938,NPEX,IoTDB-9bced7b6,0,2394deb714b1493fab8aefcd77008ffd,org.apache.iotdb.db.metadata.MTree,org.apache.iotdb.db.metadata.MTree_ESTest,213,0,False
939,NPEX,IoTDB-9bced7b6,0,df8979780cdb4d029af43b9a24673d15,org.apache.iotdb.db.metadata.MTree,org.apache.iotdb.db.metadata.MTree_ESTest,206,0,False
940,NPEX,IoTDB-9bced7b6,0,f534875fbacc46bd94e6a8e1dd7c068d,org.apache.iotdb.db.metadata.MTree,org.apache.iotdb.db.metadata.MTree_ESTest,211,0,False
941,NPEX,IoTDB-9bced7b6,0,3f6d6b645d594c23bd69928134c71136,org.apache.iotdb.db.metadata.MTree,org.apache.iotdb.db.metadata.MTree_ESTest,210,0,False
942,Bears,Bears-88,0,fdb38e0e6b264cf6a14f0779bc26e482,org.springframework.data.repository.config.RepositoryBeanNameGenerator,org.springframework.data.repository.config.RepositoryBeanNameGenerator_ESTest,4,0,True
943,Bears,Bears-88,0,8ff68982dbc94843bfd8d97bc2c2ba0f,org.springframework.data.repository.config.RepositoryBeanNameGenerator,org.springframework.data.repository.config.RepositoryBeanNameGenerator_ESTest,4,0,True
944,Bears,Bears-88,0,d21ce540dd96469484fbdc54d50b75a8,org.springframework.data.repository.config.RepositoryBeanNameGenerator,org.springframework.data.repository.config.RepositoryBeanNameGenerator_ESTest,4,0,True
945,Bears,Bears-88,0,975d4692193047d4a54f4c2fe92e9266,org.springframework.data.repository.config.RepositoryBeanNameGenerator,org.springframework.data.repository.config.RepositoryBeanNameGenerator_ESTest,4,0,True
946,Bears,Bears-222,0,72cc01dc589f4f6daed0ac39e6d823d3,org.jgrapht.generate.WattsStrogatzGraphGenerator,org.jgrapht.generate.WattsStrogatzGraphGenerator_ESTest,15,0,True
947,Bears,Bears-56,0,66634c0ec9184a14a2f86e2e7deca7c3,spoon.reflect.visitor.ImportScannerImpl,spoon.reflect.visitor.ImportScannerImpl_ESTest,45,0,True
948,Bears,Bears-56,0,2161c6c8565549a8ab1b53511b345a2c,spoon.reflect.visitor.ImportScannerImpl,spoon.reflect.visitor.ImportScannerImpl_ESTest,45,0,True
949,Bears,Bears-56,0,6d3404bcf1d54a8c81d7fc727eba2443,spoon.reflect.visitor.ImportScannerImpl,spoon.reflect.visitor.ImportScannerImpl_ESTest,49,0,True
950,Bears,Bears-56,0,6cc192a9177b4cd29d4e3e8b4c509d50,spoon.reflect.visitor.ImportScannerImpl,spoon.reflect.visitor.ImportScannerImpl_ESTest,50,0,True
951,Bears,Bears-56,0,aa630c6b301344b6b575b276811b6e8e,spoon.reflect.visitor.ImportScannerImpl,spoon.reflect.visitor.ImportScannerImpl_ESTest,43,0,True
952,Bears,Bears-56,0,95a85a678df9412ab62708cdb0668b66,spoon.reflect.visitor.ImportScannerImpl,spoon.reflect.visitor.ImportScannerImpl_ESTest,48,0,True
953,Bears,Bears-56,0,98b6931ddbc241faa479e6f0cf85ce2c,spoon.reflect.visitor.ImportScannerImpl,spoon.reflect.visitor.ImportScannerImpl_ESTest,46,0,True
954,Bears,Bears-56,0,702e81c714044c32b8a58ff2c894c980,spoon.reflect.visitor.ImportScannerImpl,spoon.reflect.visitor.ImportScannerImpl_ESTest,49,0,True
955,Bears,Bears-72,0,7bfe701aaf314505961011afe5f8946e,spoon.reflect.visitor.DefaultJavaPrettyPrinter,spoon.reflect.visitor.DefaultJavaPrettyPrinter_ESTest,155,0,False
956,Bears,Bears-72,0,f651a25fb3ac4aa6a37ae83583c29ce2,spoon.reflect.visitor.DefaultJavaPrettyPrinter,spoon.reflect.visitor.DefaultJavaPrettyPrinter_ESTest,157,0,False
957,Bears,Bears-72,0,0cb27a80252f4aedbefdf2a3d91b6b03,spoon.reflect.visitor.DefaultJavaPrettyPrinter,spoon.reflect.visitor.DefaultJavaPrettyPrinter_ESTest,138,0,False
958,Bears,Bears-72,0,3bab4c8659124ad19672a3781bb890aa,spoon.reflect.visitor.DefaultJavaPrettyPrinter,spoon.reflect.visitor.DefaultJavaPrettyPrinter_ESTest,143,0,False
959,Bears,Bears-72,0,b5e5ddc559bd4295ac018f5c0d4358d6,spoon.reflect.visitor.DefaultJavaPrettyPrinter,spoon.reflect.visitor.DefaultJavaPrettyPrinter_ESTest,181,0,False
960,Bears,Bears-72,0,1398685eea9c4a0dab6b755459eca2a3,spoon.reflect.visitor.DefaultJavaPrettyPrinter,spoon.reflect.visitor.DefaultJavaPrettyPrinter_ESTest,183,0,False
961,Bears,Bears-72,0,5ca5f364a7224567aa13399795e9dd59,spoon.reflect.visitor.DefaultJavaPrettyPrinter,spoon.reflect.visitor.DefaultJavaPrettyPrinter_ESTest,149,0,False
962,Bears,Bears-72,0,958c82d0787347fb86fbf7b9dcb93cfe,spoon.reflect.visitor.DefaultJavaPrettyPrinter,spoon.reflect.visitor.DefaultJavaPrettyPrinter_ESTest,147,0,False
963,Bears,Bears-72,0,7f0d34deefcb4734b43e7acd24d5688f,spoon.reflect.visitor.DefaultJavaPrettyPrinter,spoon.reflect.visitor.DefaultJavaPrettyPrinter_ESTest,189,0,False
964,Bears,Bears-189,0,9f2a4b7304654fc5a8f5e485fe59da06,hu.oe.nik.szfmv.detector.classes.Detector,hu.oe.nik.szfmv.detector.classes.Detector_ESTest,7,0,True
965,Bears,Bears-189,0,0e8636d2ca484e0da6b283e2823f38d2,hu.oe.nik.szfmv.detector.classes.Detector,hu.oe.nik.szfmv.detector.classes.Detector_ESTest,7,0,True
966,Bears,Bears-189,0,711d1fc29f574a47b7741e8bf4dd7d20,hu.oe.nik.szfmv.detector.classes.Detector,hu.oe.nik.szfmv.detector.classes.Detector_ESTest,8,0,True
967,Bears,Bears-189,0,f45411289f494db3844d0b7152f93b80,hu.oe.nik.szfmv.detector.classes.Detector,hu.oe.nik.szfmv.detector.classes.Detector_ESTest,8,0,True
968,Bears,Bears-189,0,0796fe25246045ab91236eb3816d5841,hu.oe.nik.szfmv.detector.classes.Detector,hu.oe.nik.szfmv.detector.classes.Detector_ESTest,7,0,True
969,Bears,Bears-189,0,4ba75bba36db4580a04b5ce047946b4e,hu.oe.nik.szfmv.detector.classes.Detector,hu.oe.nik.szfmv.detector.classes.Detector_ESTest,7,0,True
970,Bears,Bears-189,0,8fd4f0254d0646818dbe2d98dfcaa1a7,hu.oe.nik.szfmv.detector.classes.Detector,hu.oe.nik.szfmv.detector.classes.Detector_ESTest,8,0,True
971,Bears,Bears-189,0,a19ce05008bf400293e06fe6d16d0c54,hu.oe.nik.szfmv.detector.classes.Detector,hu.oe.nik.szfmv.detector.classes.Detector_ESTest,8,0,True
972,Bears,Bears-189,0,8dc292a92ea644049c3bd565b5049def,hu.oe.nik.szfmv.detector.classes.Detector,hu.oe.nik.szfmv.detector.classes.Detector_ESTest,8,0,True
973,Bears,Bears-189,0,771b30ddd7d748b88daef10dc84793af,hu.oe.nik.szfmv.detector.classes.Detector,hu.oe.nik.szfmv.detector.classes.Detector_ESTest,7,0,True
974,Bears,Bears-46,0,8c48f3799caf4f1d8a4513ced7e9368f,spoon.support.reflect.declaration.CtElementImpl,spoon.support.reflect.declaration.CtElementImpl_ESTest,55,0,True
975,Bears,Bears-46,0,889cd51414844cca9c52040e54272f3b,spoon.support.reflect.declaration.CtElementImpl,spoon.support.reflect.declaration.CtElementImpl_ESTest,52,0,True
976,Bears,Bears-46,0,ed3cde33e4164ea5baf1226cd651e745,spoon.support.reflect.declaration.CtElementImpl,spoon.support.reflect.declaration.CtElementImpl_ESTest,56,0,True
977,Bears,Bears-46,0,1195d0a3d7b840179b5fc0cd1d3d48f0,spoon.support.reflect.declaration.CtElementImpl,spoon.support.reflect.declaration.CtElementImpl_ESTest,52,0,True
978,Bears,Bears-46,0,d44435ed682749f59041d46c728ac1bf,spoon.support.reflect.declaration.CtElementImpl,spoon.support.reflect.declaration.CtElementImpl_ESTest,64,0,True
979,Bears,Bears-46,0,91bd7da3dde347a4a57611ea3ef541ec,spoon.support.reflect.declaration.CtElementImpl,spoon.support.reflect.declaration.CtElementImpl_ESTest,49,0,True
980,Bears,Bears-46,0,f4b42b1d27c5459e90549d4aea74546c,spoon.support.reflect.declaration.CtElementImpl,spoon.support.reflect.declaration.CtElementImpl_ESTest,59,0,True
981,Bears,Bears-46,0,d6a66f21485f4d0a83f2a098576fcdfd,spoon.support.reflect.declaration.CtElementImpl,spoon.support.reflect.declaration.CtElementImpl_ESTest,66,0,True
982,Bears,Bears-46,0,fc2eb5fbb3334d70a3252ee41f84e667,spoon.support.reflect.declaration.CtElementImpl,spoon.support.reflect.declaration.CtElementImpl_ESTest,55,0,True
983,Bears,Bears-46,0,27d2ea414f1941978e68c37c0ddc4636,spoon.support.reflect.declaration.CtElementImpl,spoon.support.reflect.declaration.CtElementImpl_ESTest,62,0,True
984,Bears,Bears-70,0,3ca9704471d74116b76192c7923ef60a,spoon.support.compiler.jdt.ContextBuilder,spoon.support.compiler.jdt.ContextBuilder_ESTest,16,0,False
985,Bears,Bears-70,0,d4c179114931432b972085cce7e49a1b,spoon.support.compiler.jdt.ContextBuilder,spoon.support.compiler.jdt.ContextBuilder_ESTest,20,0,False
986,Bears,Bears-70,0,411c2b20ac6346a49e403c118e118f8e,spoon.support.compiler.jdt.ContextBuilder,spoon.support.compiler.jdt.ContextBuilder_ESTest,36,0,False
987,Bears,Bears-70,0,4bfac3b9a4a14d10a0cdf22ff13e89fa,spoon.support.compiler.jdt.ContextBuilder,spoon.support.compiler.jdt.ContextBuilder_ESTest,15,0,False
988,Bears,Bears-70,0,f48ce43d3cc1456d8952507a89fc5ab2,spoon.support.compiler.jdt.ContextBuilder,spoon.support.compiler.jdt.ContextBuilder_ESTest,15,0,False
