,benchmark_group,benchmark_name,npe_label,experiment_id,input_class,replayed_testsuite,compiled_tests,commented_tests,npe_reproduced
0,BugSwarm,Universal_G__Code_Sender-172454077,0,708b61568e8546a2936d96a0f5214bb2,com.willwinder.universalgcodesender.GrblController,com.willwinder.universalgcodesender.GrblController_ESTest,42,0,False
1,BugSwarm,Universal_G__Code_Sender-172454077,0,3d75ab3db3a94347976217516f221c04,com.willwinder.universalgcodesender.GrblController,com.willwinder.universalgcodesender.GrblController_ESTest,42,0,False
2,BugSwarm,Universal_G__Code_Sender-172454077,0,8d14bdb54f87455bbd60297456c9cb56,com.willwinder.universalgcodesender.GrblController,com.willwinder.universalgcodesender.GrblController_ESTest,44,0,False
3,BugSwarm,Universal_G__Code_Sender-172454077,0,3c41c36cf12d4583b0edb6cdca1933ea,com.willwinder.universalgcodesender.GrblController,com.willwinder.universalgcodesender.GrblController_ESTest,62,0,False
4,BugSwarm,Universal_G__Code_Sender-172454077,0,b2ccee1cd26b4885839dac58b4d5c7fe,com.willwinder.universalgcodesender.GrblController,com.willwinder.universalgcodesender.GrblController_ESTest,43,0,False
5,BugSwarm,Universal_G__Code_Sender-172454077,0,407321f73e024e849dc020cbb99be9b4,com.willwinder.universalgcodesender.GrblController,com.willwinder.universalgcodesender.GrblController_ESTest,43,0,False
6,BugSwarm,Universal_G__Code_Sender-172454077,0,ee381c145e2f42a8a635739a9de09cda,com.willwinder.universalgcodesender.GrblController,com.willwinder.universalgcodesender.GrblController_ESTest,42,0,False
7,BugSwarm,Universal_G__Code_Sender-172454077,0,92df85e7f5e049f894fd8ced88658f78,com.willwinder.universalgcodesender.GrblController,com.willwinder.universalgcodesender.GrblController_ESTest,62,0,False
8,BugSwarm,Universal_G__Code_Sender-172454077,0,5d7e991510464885ae8fd0c56ca6c0d4,com.willwinder.universalgcodesender.GrblController,com.willwinder.universalgcodesender.GrblController_ESTest,43,0,False
9,BugSwarm,Universal_G__Code_Sender-172454077,0,b00fa6a534ce49618b9c4104bd776efb,com.willwinder.universalgcodesender.GrblController,com.willwinder.universalgcodesender.GrblController_ESTest,65,0,False
10,BugSwarm,Universal_G__Code_Sender-172454077,0,d025c9760ac649b3a17a017d0d573fcf,com.willwinder.universalgcodesender.GrblController,com.willwinder.universalgcodesender.GrblController_ESTest,41,0,False
11,BugSwarm,Universal_G__Code_Sender-172454077,0,b1decb191b14486099b7b9a4b4e61ace,com.willwinder.universalgcodesender.GrblController,com.willwinder.universalgcodesender.GrblController_ESTest,43,0,False
12,BugSwarm,Universal_G__Code_Sender-172454077,0,21b5dbde1a2f47f68269b07eefc1a8be,com.willwinder.universalgcodesender.GrblController,com.willwinder.universalgcodesender.GrblController_ESTest,42,0,False
13,BugSwarm,Universal_G__Code_Sender-172454077,0,8430b8a302a54551885fb0fed17a3047,com.willwinder.universalgcodesender.GrblController,com.willwinder.universalgcodesender.GrblController_ESTest,41,0,False
14,BugSwarm,Universal_G__Code_Sender-172454077,0,d2d5ef26c5544480a43acd2b35c796ac,com.willwinder.universalgcodesender.GrblController,com.willwinder.universalgcodesender.GrblController_ESTest,43,0,False
15,BugSwarm,Universal_G__Code_Sender-172454077,0,63f47f0a0fd64e889bdd36bd26f6cc44,com.willwinder.universalgcodesender.GrblController,com.willwinder.universalgcodesender.GrblController_ESTest,42,0,False
16,BugSwarm,Universal_G__Code_Sender-172454077,0,6350a4609881434eaf71a93f2649fc75,com.willwinder.universalgcodesender.GrblController,com.willwinder.universalgcodesender.GrblController_ESTest,43,0,False
17,BugSwarm,Universal_G__Code_Sender-172454077,0,b62e6e71440e498080a397a921754250,com.willwinder.universalgcodesender.GrblController,com.willwinder.universalgcodesender.GrblController_ESTest,43,0,False
18,BugSwarm,Universal_G__Code_Sender-172454077,0,646bc88ea0f34596b3a17b59cf8e1e43,com.willwinder.universalgcodesender.GrblController,com.willwinder.universalgcodesender.GrblController_ESTest,59,0,False
19,BugSwarm,Universal_G__Code_Sender-172454077,0,c2e588a2cc2745a69bc308b2fe803e34,com.willwinder.universalgcodesender.GrblController,com.willwinder.universalgcodesender.GrblController_ESTest,43,0,False
20,BugSwarm,Universal_G__Code_Sender-172454077,1,708b61568e8546a2936d96a0f5214bb2,com.willwinder.universalgcodesender.GrblController,com.willwinder.universalgcodesender.GrblController_ESTest,42,0,False
21,BugSwarm,Universal_G__Code_Sender-172454077,1,3d75ab3db3a94347976217516f221c04,com.willwinder.universalgcodesender.GrblController,com.willwinder.universalgcodesender.GrblController_ESTest,42,0,False
22,BugSwarm,Universal_G__Code_Sender-172454077,1,8d14bdb54f87455bbd60297456c9cb56,com.willwinder.universalgcodesender.GrblController,com.willwinder.universalgcodesender.GrblController_ESTest,44,0,False
23,BugSwarm,Universal_G__Code_Sender-172454077,1,3c41c36cf12d4583b0edb6cdca1933ea,com.willwinder.universalgcodesender.GrblController,com.willwinder.universalgcodesender.GrblController_ESTest,62,0,False
24,BugSwarm,Universal_G__Code_Sender-172454077,1,b2ccee1cd26b4885839dac58b4d5c7fe,com.willwinder.universalgcodesender.GrblController,com.willwinder.universalgcodesender.GrblController_ESTest,43,0,False
25,BugSwarm,Universal_G__Code_Sender-172454077,1,407321f73e024e849dc020cbb99be9b4,com.willwinder.universalgcodesender.GrblController,com.willwinder.universalgcodesender.GrblController_ESTest,43,0,False
26,BugSwarm,Universal_G__Code_Sender-172454077,1,ee381c145e2f42a8a635739a9de09cda,com.willwinder.universalgcodesender.GrblController,com.willwinder.universalgcodesender.GrblController_ESTest,42,0,False
27,BugSwarm,Universal_G__Code_Sender-172454077,1,92df85e7f5e049f894fd8ced88658f78,com.willwinder.universalgcodesender.GrblController,com.willwinder.universalgcodesender.GrblController_ESTest,62,0,False
28,BugSwarm,Universal_G__Code_Sender-172454077,1,5d7e991510464885ae8fd0c56ca6c0d4,com.willwinder.universalgcodesender.GrblController,com.willwinder.universalgcodesender.GrblController_ESTest,43,0,False
29,BugSwarm,Universal_G__Code_Sender-172454077,1,b00fa6a534ce49618b9c4104bd776efb,com.willwinder.universalgcodesender.GrblController,com.willwinder.universalgcodesender.GrblController_ESTest,65,0,False
30,BugSwarm,Universal_G__Code_Sender-172454077,1,d025c9760ac649b3a17a017d0d573fcf,com.willwinder.universalgcodesender.GrblController,com.willwinder.universalgcodesender.GrblController_ESTest,41,0,False
31,BugSwarm,Universal_G__Code_Sender-172454077,1,b1decb191b14486099b7b9a4b4e61ace,com.willwinder.universalgcodesender.GrblController,com.willwinder.universalgcodesender.GrblController_ESTest,43,0,False
32,BugSwarm,Universal_G__Code_Sender-172454077,1,21b5dbde1a2f47f68269b07eefc1a8be,com.willwinder.universalgcodesender.GrblController,com.willwinder.universalgcodesender.GrblController_ESTest,42,0,False
33,BugSwarm,Universal_G__Code_Sender-172454077,1,8430b8a302a54551885fb0fed17a3047,com.willwinder.universalgcodesender.GrblController,com.willwinder.universalgcodesender.GrblController_ESTest,41,0,False
34,BugSwarm,Universal_G__Code_Sender-172454077,1,d2d5ef26c5544480a43acd2b35c796ac,com.willwinder.universalgcodesender.GrblController,com.willwinder.universalgcodesender.GrblController_ESTest,43,0,False
35,BugSwarm,Universal_G__Code_Sender-172454077,1,63f47f0a0fd64e889bdd36bd26f6cc44,com.willwinder.universalgcodesender.GrblController,com.willwinder.universalgcodesender.GrblController_ESTest,42,0,False
36,BugSwarm,Universal_G__Code_Sender-172454077,1,6350a4609881434eaf71a93f2649fc75,com.willwinder.universalgcodesender.GrblController,com.willwinder.universalgcodesender.GrblController_ESTest,43,0,False
37,BugSwarm,Universal_G__Code_Sender-172454077,1,b62e6e71440e498080a397a921754250,com.willwinder.universalgcodesender.GrblController,com.willwinder.universalgcodesender.GrblController_ESTest,43,0,False
38,BugSwarm,Universal_G__Code_Sender-172454077,1,646bc88ea0f34596b3a17b59cf8e1e43,com.willwinder.universalgcodesender.GrblController,com.willwinder.universalgcodesender.GrblController_ESTest,59,0,False
39,BugSwarm,Universal_G__Code_Sender-172454077,1,c2e588a2cc2745a69bc308b2fe803e34,com.willwinder.universalgcodesender.GrblController,com.willwinder.universalgcodesender.GrblController_ESTest,43,0,False
40,BugSwarm,deadcode4j-131735009,0,ed87716206614d049ffccc08cb278f37,org.sbolstandard.core2.ComponentDefinition,org.sbolstandard.core2.ComponentDefinition_ESTest,111,0,False
41,BugSwarm,deadcode4j-131735009,0,7dea419bb6244e6a849adf8a6a24cc9a,org.sbolstandard.core2.ComponentDefinition,org.sbolstandard.core2.ComponentDefinition_ESTest,124,0,False
42,BugSwarm,deadcode4j-131735009,0,ccd0f93cdab8426cb0e0e4446a28b8be,org.sbolstandard.core2.ComponentDefinition,org.sbolstandard.core2.ComponentDefinition_ESTest,120,0,False
43,BugSwarm,deadcode4j-131735009,0,d4748d8054854dc392c2754c533da6db,org.sbolstandard.core2.ComponentDefinition,org.sbolstandard.core2.ComponentDefinition_ESTest,125,0,False
44,BugSwarm,deadcode4j-131735009,0,54b3b0c30a32459281549bfc3f6e6cfa,org.sbolstandard.core2.ComponentDefinition,org.sbolstandard.core2.ComponentDefinition_ESTest,124,0,False
45,BugSwarm,deadcode4j-131735009,0,bffddd2f91bc4980bdae2e1646a8cf21,org.sbolstandard.core2.ComponentDefinition,org.sbolstandard.core2.ComponentDefinition_ESTest,109,0,False
46,BugSwarm,deadcode4j-131735009,0,70fd58b892194cf8ac03dbca4a454f9f,org.sbolstandard.core2.ComponentDefinition,org.sbolstandard.core2.ComponentDefinition_ESTest,122,0,False
47,BugSwarm,deadcode4j-131735009,0,1e49a59e442646f3ab196674c88a3697,org.sbolstandard.core2.ComponentDefinition,org.sbolstandard.core2.ComponentDefinition_ESTest,117,0,False
48,BugSwarm,deadcode4j-131735009,0,7b98c4fad84a4bd880d3a13e1fcef497,org.sbolstandard.core2.ComponentDefinition,org.sbolstandard.core2.ComponentDefinition_ESTest,112,0,False
49,BugSwarm,deadcode4j-131735009,0,b87e991b8ab0404284c7300a45db7dab,org.sbolstandard.core2.ComponentDefinition,org.sbolstandard.core2.ComponentDefinition_ESTest,121,0,False
50,BugSwarm,deadcode4j-131735009,0,8e267404a1474d56b4008a8e1bd1ca70,org.sbolstandard.core2.ComponentDefinition,org.sbolstandard.core2.ComponentDefinition_ESTest,118,0,False
51,BugSwarm,deadcode4j-131735009,0,910f7ca5194b44d991646e7efb0e8ede,org.sbolstandard.core2.ComponentDefinition,org.sbolstandard.core2.ComponentDefinition_ESTest,120,0,False
52,BugSwarm,deadcode4j-131735009,0,eb3c4c465379434ba9249f5dc3c682e3,org.sbolstandard.core2.ComponentDefinition,org.sbolstandard.core2.ComponentDefinition_ESTest,124,0,False
53,BugSwarm,deadcode4j-131735009,0,27775dddb2874dc79eebc2f2c2341bf8,org.sbolstandard.core2.ComponentDefinition,org.sbolstandard.core2.ComponentDefinition_ESTest,119,0,False
54,BugSwarm,deadcode4j-131735009,0,3f2ef8261aea4185a5f99c018f6474b4,org.sbolstandard.core2.ComponentDefinition,org.sbolstandard.core2.ComponentDefinition_ESTest,125,0,False
55,BugSwarm,deadcode4j-131735009,0,ded9029a36ff45c899182fd5ad340473,org.sbolstandard.core2.ComponentDefinition,org.sbolstandard.core2.ComponentDefinition_ESTest,119,0,False
56,BugSwarm,deadcode4j-131735009,0,fb93f500d18d4408ad8e6103474f9376,org.sbolstandard.core2.ComponentDefinition,org.sbolstandard.core2.ComponentDefinition_ESTest,112,0,False
57,BugSwarm,deadcode4j-131735009,0,ddd57f91929d44839c02d51f0e5f554a,org.sbolstandard.core2.ComponentDefinition,org.sbolstandard.core2.ComponentDefinition_ESTest,116,0,False
58,BugSwarm,deadcode4j-131735009,0,c017d2d4a5244837b0075fdddbabcfcf,org.sbolstandard.core2.ComponentDefinition,org.sbolstandard.core2.ComponentDefinition_ESTest,118,0,False
59,BugSwarm,deadcode4j-131735009,0,acaab46c55ec4203960fdc5360bc57fb,org.sbolstandard.core2.ComponentDefinition,org.sbolstandard.core2.ComponentDefinition_ESTest,118,0,False
60,BugSwarm,Sonar_Java-295864289,0,832fae772ca84e02a36c306e20b9084e,org.sonar.java.bytecode.se.BytecodeEGWalker,org.sonar.java.bytecode.se.BytecodeEGWalker_ESTest,168,0,False
61,BugSwarm,Sonar_Java-295864289,0,6b98de2335a240e8b5bb121393dd1248,org.sonar.java.bytecode.se.BytecodeEGWalker,org.sonar.java.bytecode.se.BytecodeEGWalker_ESTest,24,0,False
62,BugSwarm,Sonar_Java-295864289,0,b21d9a5b35b44ed2aec758ff5ab4950b,org.sonar.java.bytecode.se.BytecodeEGWalker,org.sonar.java.bytecode.se.BytecodeEGWalker_ESTest,8,0,False
63,BugSwarm,Sonar_Java-295864289,0,926e4ac08eb04aee9b31b51b6f7da80e,org.sonar.java.bytecode.se.BytecodeEGWalker,org.sonar.java.bytecode.se.BytecodeEGWalker_ESTest,9,0,False
64,BugSwarm,Sonar_Java-295864289,0,45b384de2a0c43159566a90ca3d772f6,org.sonar.java.bytecode.se.BytecodeEGWalker,org.sonar.java.bytecode.se.BytecodeEGWalker_ESTest,157,0,False
65,BugSwarm,Sonar_Java-295864289,0,f4be7d88ff3443f19f0d67a13556f35d,org.sonar.java.bytecode.se.BytecodeEGWalker,org.sonar.java.bytecode.se.BytecodeEGWalker_ESTest,119,0,False
66,BugSwarm,Sonar_Java-295864289,0,634bb23dda3646dfbc7eefa4ea795470,org.sonar.java.bytecode.se.BytecodeEGWalker,org.sonar.java.bytecode.se.BytecodeEGWalker_ESTest,8,0,False
67,BugSwarm,Sonar_Java-295864289,0,34091aa4906741719bf1635de285c1a2,org.sonar.java.bytecode.se.BytecodeEGWalker,org.sonar.java.bytecode.se.BytecodeEGWalker_ESTest,136,0,False
68,BugSwarm,Sonar_Java-295864289,0,70a5c31eeb104b558caad6e7e198f274,org.sonar.java.bytecode.se.BytecodeEGWalker,org.sonar.java.bytecode.se.BytecodeEGWalker_ESTest,132,0,False
69,BugSwarm,Sonar_Java-295864289,0,2cbcb393ad8742a094f78d5dfece6ccf,org.sonar.java.bytecode.se.BytecodeEGWalker,org.sonar.java.bytecode.se.BytecodeEGWalker_ESTest,172,0,False
70,BugSwarm,Sonar_Java-295864289,0,b9f67d0834ad4427a97ce775103e85fa,org.sonar.java.bytecode.se.BytecodeEGWalker,org.sonar.java.bytecode.se.BytecodeEGWalker_ESTest,8,0,False
71,BugSwarm,Sonar_Java-295864289,0,14286919d9324fc3997afe652fe50e40,org.sonar.java.bytecode.se.BytecodeEGWalker,org.sonar.java.bytecode.se.BytecodeEGWalker_ESTest,8,0,False
72,BugSwarm,Sonar_Java-295864289,0,debfd1583c1843c890693c231ef2a8c8,org.sonar.java.bytecode.se.BytecodeEGWalker,org.sonar.java.bytecode.se.BytecodeEGWalker_ESTest,8,0,False
73,BugSwarm,Sonar_Java-295864289,0,5e52f0c9d34743d885b042a4a1dd2060,org.sonar.java.bytecode.se.BytecodeEGWalker,org.sonar.java.bytecode.se.BytecodeEGWalker_ESTest,8,0,False
74,BugSwarm,Sonar_Java-295864289,0,43f3606f406c4aeaa890996bf60f48d8,org.sonar.java.bytecode.se.BytecodeEGWalker,org.sonar.java.bytecode.se.BytecodeEGWalker_ESTest,8,0,False
75,BugSwarm,Sonar_Java-295864289,0,08aad983891340d49372949c5d2734d5,org.sonar.java.bytecode.se.BytecodeEGWalker,org.sonar.java.bytecode.se.BytecodeEGWalker_ESTest,8,0,False
76,BugSwarm,Sonar_Java-295864289,0,7e77c690784048e2a06cc1590b693b6a,org.sonar.java.bytecode.se.BytecodeEGWalker,org.sonar.java.bytecode.se.BytecodeEGWalker_ESTest,8,0,False
77,BugSwarm,Sonar_Java-295864289,0,c94d82b9a3524070bf3538ee0f866587,org.sonar.java.bytecode.se.BytecodeEGWalker,org.sonar.java.bytecode.se.BytecodeEGWalker_ESTest,8,0,False
78,BugSwarm,Sonar_Java-295864289,0,9716d03c3668494bb132f86c35ae609e,org.sonar.java.bytecode.se.BytecodeEGWalker,org.sonar.java.bytecode.se.BytecodeEGWalker_ESTest,177,0,False
79,BugSwarm,Petergeneric__Stdlib-290369132,0,de5e581655e24dba98e5378b6e5e8005,com.peterphi.std.guice.hibernate.webquery.impl.jpa.JPASearchExecutor,com.peterphi.std.guice.hibernate.webquery.impl.jpa.JPASearchExecutor_ESTest,0,0,False
80,BugSwarm,Petergeneric__Stdlib-290369132,0,8cf67022445a4d4e8ebba3228cdb0235,com.peterphi.std.guice.hibernate.webquery.impl.jpa.JPASearchExecutor,com.peterphi.std.guice.hibernate.webquery.impl.jpa.JPASearchExecutor_ESTest,0,0,False
81,BugSwarm,Petergeneric__Stdlib-290369132,0,d38eb56d9b434a79a25677465650f82d,com.peterphi.std.guice.hibernate.webquery.impl.jpa.JPASearchExecutor,com.peterphi.std.guice.hibernate.webquery.impl.jpa.JPASearchExecutor_ESTest,0,0,False
82,BugSwarm,Petergeneric__Stdlib-290369132,0,0669588b7dd64522b1c34d4843f7e1a7,com.peterphi.std.guice.hibernate.webquery.impl.jpa.JPASearchExecutor,com.peterphi.std.guice.hibernate.webquery.impl.jpa.JPASearchExecutor_ESTest,0,0,False
83,BugSwarm,Petergeneric__Stdlib-290369132,0,a778199842924453a6ad238321067a9d,com.peterphi.std.guice.hibernate.webquery.impl.jpa.JPASearchExecutor,com.peterphi.std.guice.hibernate.webquery.impl.jpa.JPASearchExecutor_ESTest,0,0,False
84,BugSwarm,Petergeneric__Stdlib-290369132,0,88cb41ffa3be4fb8a1e689190bfc2c99,com.peterphi.std.guice.hibernate.webquery.impl.jpa.JPASearchExecutor,com.peterphi.std.guice.hibernate.webquery.impl.jpa.JPASearchExecutor_ESTest,0,0,False
85,BugSwarm,Petergeneric__Stdlib-290369132,0,bda5bb994d4546fca42c6de6f5176dc9,com.peterphi.std.guice.hibernate.webquery.impl.jpa.JPASearchExecutor,com.peterphi.std.guice.hibernate.webquery.impl.jpa.JPASearchExecutor_ESTest,0,0,False
86,BugSwarm,Petergeneric__Stdlib-290369132,0,24d15dc8a88844a89c44661194debd19,com.peterphi.std.guice.hibernate.webquery.impl.jpa.JPASearchExecutor,com.peterphi.std.guice.hibernate.webquery.impl.jpa.JPASearchExecutor_ESTest,0,0,False
87,BugSwarm,Petergeneric__Stdlib-290369132,0,3d98e6d37d804ebe9c64d55d8794e14a,com.peterphi.std.guice.hibernate.webquery.impl.jpa.JPASearchExecutor,com.peterphi.std.guice.hibernate.webquery.impl.jpa.JPASearchExecutor_ESTest,0,0,False
88,BugSwarm,Petergeneric__Stdlib-290369132,0,8e83f9353042425ba1544c1c77e267fe,com.peterphi.std.guice.hibernate.webquery.impl.jpa.JPASearchExecutor,com.peterphi.std.guice.hibernate.webquery.impl.jpa.JPASearchExecutor_ESTest,0,0,False
89,BugSwarm,Petergeneric__Stdlib-290369132,0,b5ed0f1e71a741cd96a533974ddcbbd6,com.peterphi.std.guice.hibernate.webquery.impl.jpa.JPASearchExecutor,com.peterphi.std.guice.hibernate.webquery.impl.jpa.JPASearchExecutor_ESTest,0,0,False
90,BugSwarm,Petergeneric__Stdlib-290369132,0,9a575c01145843d2bb7b37ad00bfc2f0,com.peterphi.std.guice.hibernate.webquery.impl.jpa.JPASearchExecutor,com.peterphi.std.guice.hibernate.webquery.impl.jpa.JPASearchExecutor_ESTest,0,0,False
91,BugSwarm,Petergeneric__Stdlib-290369132,0,852d4872308f47f3865f7056e859648e,com.peterphi.std.guice.hibernate.webquery.impl.jpa.JPASearchExecutor,com.peterphi.std.guice.hibernate.webquery.impl.jpa.JPASearchExecutor_ESTest,0,0,False
92,BugSwarm,Petergeneric__Stdlib-290369132,0,4f24ab7dcbdc470ebbc47af038e4b09a,com.peterphi.std.guice.hibernate.webquery.impl.jpa.JPASearchExecutor,com.peterphi.std.guice.hibernate.webquery.impl.jpa.JPASearchExecutor_ESTest,0,0,False
93,BugSwarm,Petergeneric__Stdlib-290369132,0,78420d57bf3b4cb0be78aa73b736d655,com.peterphi.std.guice.hibernate.webquery.impl.jpa.JPASearchExecutor,com.peterphi.std.guice.hibernate.webquery.impl.jpa.JPASearchExecutor_ESTest,0,0,False
94,BugSwarm,Petergeneric__Stdlib-290369132,0,80a68ef6a69f447ba063d6c807c2895d,com.peterphi.std.guice.hibernate.webquery.impl.jpa.JPASearchExecutor,com.peterphi.std.guice.hibernate.webquery.impl.jpa.JPASearchExecutor_ESTest,0,0,False
95,BugSwarm,Atomix-298262068,0,cbbf297675b24094afaaad31fcb20716,io.atomix.primitives.leadership.impl.RaftLeaderElectorService,io.atomix.primitives.leadership.impl.RaftLeaderElectorService_ESTest,8,0,False
96,BugSwarm,Atomix-298262068,0,fe89db9f88234a0a9f848d1383ebe5d4,io.atomix.primitives.leadership.impl.RaftLeaderElectorService,io.atomix.primitives.leadership.impl.RaftLeaderElectorService_ESTest,8,0,False
97,BugSwarm,Atomix-298262068,0,4a23e42ea94044e58d04ebcadc8cda64,io.atomix.primitives.leadership.impl.RaftLeaderElectorService,io.atomix.primitives.leadership.impl.RaftLeaderElectorService_ESTest,8,0,False
98,BugSwarm,Atomix-298262068,0,ec0d303c4cb24037b32a7d53c6a0e21f,io.atomix.primitives.leadership.impl.RaftLeaderElectorService,io.atomix.primitives.leadership.impl.RaftLeaderElectorService_ESTest,8,0,False
99,BugSwarm,Atomix-298262068,0,eccf8cebfdaf4526aa275b60b52f20f1,io.atomix.primitives.leadership.impl.RaftLeaderElectorService,io.atomix.primitives.leadership.impl.RaftLeaderElectorService_ESTest,8,0,False
100,BugSwarm,Atomix-298262068,0,12178e48664746fc9b1f594516db3320,io.atomix.primitives.leadership.impl.RaftLeaderElectorService,io.atomix.primitives.leadership.impl.RaftLeaderElectorService_ESTest,8,0,False
101,BugSwarm,Atomix-298262068,0,27b37c04f6524d328a55b1df9c916b07,io.atomix.primitives.leadership.impl.RaftLeaderElectorService,io.atomix.primitives.leadership.impl.RaftLeaderElectorService_ESTest,8,0,False
102,BugSwarm,Atomix-298262068,0,f6ce481e57954dcdb4b8cdc649eb991d,io.atomix.primitives.leadership.impl.RaftLeaderElectorService,io.atomix.primitives.leadership.impl.RaftLeaderElectorService_ESTest,8,0,False
103,BugSwarm,Atomix-298262068,0,31365f10f6c3459c82828b6dbe7e7351,io.atomix.primitives.leadership.impl.RaftLeaderElectorService,io.atomix.primitives.leadership.impl.RaftLeaderElectorService_ESTest,8,0,False
104,BugSwarm,Atomix-298262068,0,475f3feafb324aa8bc717a4d7e8fd0db,io.atomix.primitives.leadership.impl.RaftLeaderElectorService,io.atomix.primitives.leadership.impl.RaftLeaderElectorService_ESTest,8,0,False
105,BugSwarm,Atomix-298262068,0,2628c15b55e1410fb90e42db9234ac35,io.atomix.primitives.leadership.impl.RaftLeaderElectorService,io.atomix.primitives.leadership.impl.RaftLeaderElectorService_ESTest,6,0,False
106,BugSwarm,Atomix-298262068,0,0f77329e8bde4ad3969e1626f447e918,io.atomix.primitives.leadership.impl.RaftLeaderElectorService,io.atomix.primitives.leadership.impl.RaftLeaderElectorService_ESTest,8,0,False
107,BugSwarm,Atomix-298262068,0,893c2dcca4e54944b1770b84160814ce,io.atomix.primitives.leadership.impl.RaftLeaderElectorService,io.atomix.primitives.leadership.impl.RaftLeaderElectorService_ESTest,7,0,False
108,BugSwarm,Atomix-298262068,0,0a84b35ca1e94b4f88d168d1e2f4b49a,io.atomix.primitives.leadership.impl.RaftLeaderElectorService,io.atomix.primitives.leadership.impl.RaftLeaderElectorService_ESTest,8,0,False
109,BugSwarm,Atomix-298262068,0,46522c7d95c449deab95dcdccb46b875,io.atomix.primitives.leadership.impl.RaftLeaderElectorService,io.atomix.primitives.leadership.impl.RaftLeaderElectorService_ESTest,8,0,False
110,BugSwarm,Atomix-298262068,0,b9e78f061a9f44a7808de7154614ad20,io.atomix.primitives.leadership.impl.RaftLeaderElectorService,io.atomix.primitives.leadership.impl.RaftLeaderElectorService_ESTest,7,0,False
111,BugSwarm,Atomix-298262068,0,313b079085ae42e19a4775ebdb4b8589,io.atomix.primitives.leadership.impl.RaftLeaderElectorService,io.atomix.primitives.leadership.impl.RaftLeaderElectorService_ESTest,8,0,False
112,BugSwarm,Atomix-298262068,0,fe4747830c7a4e72b30662137dc3e942,io.atomix.primitives.leadership.impl.RaftLeaderElectorService,io.atomix.primitives.leadership.impl.RaftLeaderElectorService_ESTest,8,0,False
113,BugSwarm,Atomix-298262068,0,acf5294f9b1242ba827ac93ebe92a39d,io.atomix.primitives.leadership.impl.RaftLeaderElectorService,io.atomix.primitives.leadership.impl.RaftLeaderElectorService_ESTest,8,0,False
114,BugSwarm,nFlow-197273853,0,98b00b0d31a64d3e9cfa4424cd2aadaf,io.nflow.engine.internal.dao.WorkflowInstanceDao,io.nflow.engine.internal.dao.WorkflowInstanceDao_ESTest,11,0,False
115,BugSwarm,nFlow-197273853,0,f857f4550f86433ab1f17bce41408cdf,io.nflow.engine.internal.dao.WorkflowInstanceDao,io.nflow.engine.internal.dao.WorkflowInstanceDao_ESTest,13,0,False
116,BugSwarm,nFlow-197273853,0,18c6cdd64c1147f297d9d8bb9c937799,io.nflow.engine.internal.dao.WorkflowInstanceDao,io.nflow.engine.internal.dao.WorkflowInstanceDao_ESTest,10,0,False
117,BugSwarm,nFlow-197273853,0,8917ab06604f44708a2cabad577bcd08,io.nflow.engine.internal.dao.WorkflowInstanceDao,io.nflow.engine.internal.dao.WorkflowInstanceDao_ESTest,10,0,False
118,BugSwarm,nFlow-197273853,0,819a5d6ce5354c219b4d4211ec6b4c17,io.nflow.engine.internal.dao.WorkflowInstanceDao,io.nflow.engine.internal.dao.WorkflowInstanceDao_ESTest,12,0,False
119,BugSwarm,nFlow-197273853,0,62f40d8e701e4f26a0d515f3322ba7df,io.nflow.engine.internal.dao.WorkflowInstanceDao,io.nflow.engine.internal.dao.WorkflowInstanceDao_ESTest,13,0,False
120,BugSwarm,nFlow-197273853,0,2d2e1e38c68a49caa28bd20d934da4ac,io.nflow.engine.internal.dao.WorkflowInstanceDao,io.nflow.engine.internal.dao.WorkflowInstanceDao_ESTest,11,0,False
121,BugSwarm,Jannovar-249719464,0,bc26637e1da44c2aa7c845464f75176d,de.charite.compbio.jannovar.cmd.annotate_vcf.JannovarAnnotateVCFOptions,de.charite.compbio.jannovar.cmd.annotate_vcf.JannovarAnnotateVCFOptions_ESTest,124,0,False
122,BugSwarm,Jannovar-249719464,0,5a5af3d8d605411ebf1554a8ff595140,de.charite.compbio.jannovar.cmd.annotate_vcf.JannovarAnnotateVCFOptions,de.charite.compbio.jannovar.cmd.annotate_vcf.JannovarAnnotateVCFOptions_ESTest,125,0,False
123,BugSwarm,Jannovar-249719464,0,ae1d458b87b042a1a00a06e733343d3d,de.charite.compbio.jannovar.cmd.annotate_vcf.JannovarAnnotateVCFOptions,de.charite.compbio.jannovar.cmd.annotate_vcf.JannovarAnnotateVCFOptions_ESTest,125,0,False
124,BugSwarm,Jannovar-249719464,0,0c2b71baf1bc4145b05a26f107a176cf,de.charite.compbio.jannovar.cmd.annotate_vcf.JannovarAnnotateVCFOptions,de.charite.compbio.jannovar.cmd.annotate_vcf.JannovarAnnotateVCFOptions_ESTest,124,0,False
125,BugSwarm,Jannovar-249719464,0,ed44b7254a904214be7fa1db666704f1,de.charite.compbio.jannovar.cmd.annotate_vcf.JannovarAnnotateVCFOptions,de.charite.compbio.jannovar.cmd.annotate_vcf.JannovarAnnotateVCFOptions_ESTest,120,0,False
126,BugSwarm,Jannovar-249719464,0,e6640141695a4eae944bf7ef8a30d8ea,de.charite.compbio.jannovar.cmd.annotate_vcf.JannovarAnnotateVCFOptions,de.charite.compbio.jannovar.cmd.annotate_vcf.JannovarAnnotateVCFOptions_ESTest,123,0,False
127,BugSwarm,Jannovar-249719464,0,b8815ba6fbcd4cd48b67ad3af697b8a5,de.charite.compbio.jannovar.cmd.annotate_vcf.JannovarAnnotateVCFOptions,de.charite.compbio.jannovar.cmd.annotate_vcf.JannovarAnnotateVCFOptions_ESTest,121,0,False
128,BugSwarm,Jannovar-249719464,0,ee88cd81d3d0445b98665812f16c9a3a,de.charite.compbio.jannovar.cmd.annotate_vcf.JannovarAnnotateVCFOptions,de.charite.compbio.jannovar.cmd.annotate_vcf.JannovarAnnotateVCFOptions_ESTest,124,0,False
129,BugSwarm,Jannovar-249719464,0,00ffc4e082d742059ff7b2e651f7b9af,de.charite.compbio.jannovar.cmd.annotate_vcf.JannovarAnnotateVCFOptions,de.charite.compbio.jannovar.cmd.annotate_vcf.JannovarAnnotateVCFOptions_ESTest,122,0,False
130,BugSwarm,Jannovar-249719464,0,5f588c5ff26d491ab5ce253ed91f1b4f,de.charite.compbio.jannovar.cmd.annotate_vcf.JannovarAnnotateVCFOptions,de.charite.compbio.jannovar.cmd.annotate_vcf.JannovarAnnotateVCFOptions_ESTest,123,0,False
131,BugSwarm,Jannovar-249719464,0,ea1ef79b737a4ec7ad46a1cabb9064ca,de.charite.compbio.jannovar.cmd.annotate_vcf.JannovarAnnotateVCFOptions,de.charite.compbio.jannovar.cmd.annotate_vcf.JannovarAnnotateVCFOptions_ESTest,124,0,False
132,BugSwarm,Jannovar-249719464,0,901dc8be1eaa4dd68a7a3be5040de6eb,de.charite.compbio.jannovar.cmd.annotate_vcf.JannovarAnnotateVCFOptions,de.charite.compbio.jannovar.cmd.annotate_vcf.JannovarAnnotateVCFOptions_ESTest,132,0,False
133,BugSwarm,Jannovar-249719464,0,8a54c4317bf844288cf03411ddd218a4,de.charite.compbio.jannovar.cmd.annotate_vcf.JannovarAnnotateVCFOptions,de.charite.compbio.jannovar.cmd.annotate_vcf.JannovarAnnotateVCFOptions_ESTest,125,0,False
134,BugSwarm,Jannovar-249719464,0,6e92652f67194cbba37956614ae15eeb,de.charite.compbio.jannovar.cmd.annotate_vcf.JannovarAnnotateVCFOptions,de.charite.compbio.jannovar.cmd.annotate_vcf.JannovarAnnotateVCFOptions_ESTest,126,0,False
135,BugSwarm,Jannovar-249719464,0,d8c7b10b396543f58b4eb1cf2651036a,de.charite.compbio.jannovar.cmd.annotate_vcf.JannovarAnnotateVCFOptions,de.charite.compbio.jannovar.cmd.annotate_vcf.JannovarAnnotateVCFOptions_ESTest,121,0,False
136,BugSwarm,Jannovar-249719464,0,997da82ca9de43829e02f2467f1f9faa,de.charite.compbio.jannovar.cmd.annotate_vcf.JannovarAnnotateVCFOptions,de.charite.compbio.jannovar.cmd.annotate_vcf.JannovarAnnotateVCFOptions_ESTest,126,0,False
137,BugSwarm,Jannovar-249719464,0,a4c83c28fbe447568eede3203cde9c98,de.charite.compbio.jannovar.cmd.annotate_vcf.JannovarAnnotateVCFOptions,de.charite.compbio.jannovar.cmd.annotate_vcf.JannovarAnnotateVCFOptions_ESTest,121,0,False
138,BugSwarm,Jannovar-249719464,0,e5cd7eb5c00c428aa7d40bba62a3b9e8,de.charite.compbio.jannovar.cmd.annotate_vcf.JannovarAnnotateVCFOptions,de.charite.compbio.jannovar.cmd.annotate_vcf.JannovarAnnotateVCFOptions_ESTest,123,0,False
139,BugSwarm,Jannovar-249719464,0,4ac2a532554b4046bfe2f595e18e091c,de.charite.compbio.jannovar.cmd.annotate_vcf.JannovarAnnotateVCFOptions,de.charite.compbio.jannovar.cmd.annotate_vcf.JannovarAnnotateVCFOptions_ESTest,125,0,False
140,BugSwarm,Jannovar-249719464,0,f02bd9bbd9474015aeb1ffdef49c6d8a,de.charite.compbio.jannovar.cmd.annotate_vcf.JannovarAnnotateVCFOptions,de.charite.compbio.jannovar.cmd.annotate_vcf.JannovarAnnotateVCFOptions_ESTest,122,0,False
141,BugSwarm,ACS_AEM_Commons-461893214,0,e3871003798c4a318e6fb8ca312a5ab5,com.adobe.acs.commons.mcp.impl.processes.asset.FileAssetIngestor,com.adobe.acs.commons.mcp.impl.processes.asset.FileAssetIngestor_ESTest,38,0,False
142,BugSwarm,ACS_AEM_Commons-461893214,0,93ef1444cadf4b49aa2d48edc3b974ee,com.adobe.acs.commons.mcp.impl.processes.asset.FileAssetIngestor,com.adobe.acs.commons.mcp.impl.processes.asset.FileAssetIngestor_ESTest,38,0,False
143,BugSwarm,ACS_AEM_Commons-461893214,0,0de1c3fa939b45099842a5c8f17c24dc,com.adobe.acs.commons.mcp.impl.processes.asset.FileAssetIngestor,com.adobe.acs.commons.mcp.impl.processes.asset.FileAssetIngestor_ESTest,41,0,False
144,BugSwarm,ACS_AEM_Commons-461893214,0,dd6b91e3ff194e28842a3934af32bee9,com.adobe.acs.commons.mcp.impl.processes.asset.FileAssetIngestor,com.adobe.acs.commons.mcp.impl.processes.asset.FileAssetIngestor_ESTest,38,0,False
145,BugSwarm,ACS_AEM_Commons-461893214,0,c2aca0f5a1f24ca480d9025d6749b66c,com.adobe.acs.commons.mcp.impl.processes.asset.FileAssetIngestor,com.adobe.acs.commons.mcp.impl.processes.asset.FileAssetIngestor_ESTest,39,0,False
146,BugSwarm,ACS_AEM_Commons-461893214,0,a4dfca1cfd6748eda328d84abdde2e15,com.adobe.acs.commons.mcp.impl.processes.asset.FileAssetIngestor,com.adobe.acs.commons.mcp.impl.processes.asset.FileAssetIngestor_ESTest,37,0,False
147,BugSwarm,ACS_AEM_Commons-461893214,0,0cb1363e4d81486eb41d3fa43a4ef0d4,com.adobe.acs.commons.mcp.impl.processes.asset.FileAssetIngestor,com.adobe.acs.commons.mcp.impl.processes.asset.FileAssetIngestor_ESTest,37,0,False
148,BugSwarm,ACS_AEM_Commons-461893214,0,12c4d6900bf94131960df1bee59cb46c,com.adobe.acs.commons.mcp.impl.processes.asset.FileAssetIngestor,com.adobe.acs.commons.mcp.impl.processes.asset.FileAssetIngestor_ESTest,39,0,False
149,BugSwarm,ACS_AEM_Commons-461893214,0,68ebeaca0ca04abfa74749f0933583a8,com.adobe.acs.commons.mcp.impl.processes.asset.FileAssetIngestor,com.adobe.acs.commons.mcp.impl.processes.asset.FileAssetIngestor_ESTest,39,0,False
150,BugSwarm,ACS_AEM_Commons-461893214,0,95d0c31f7c5545c5aad8f56d57b05659,com.adobe.acs.commons.mcp.impl.processes.asset.FileAssetIngestor,com.adobe.acs.commons.mcp.impl.processes.asset.FileAssetIngestor_ESTest,37,0,False
151,BugSwarm,ACS_AEM_Commons-461893214,0,3cbfca7793ef415abea3b8f31910212c,com.adobe.acs.commons.mcp.impl.processes.asset.FileAssetIngestor,com.adobe.acs.commons.mcp.impl.processes.asset.FileAssetIngestor_ESTest,43,0,False
152,BugSwarm,ACS_AEM_Commons-461893214,0,40a192d48b6949dbbc86a71f66b85585,com.adobe.acs.commons.mcp.impl.processes.asset.FileAssetIngestor,com.adobe.acs.commons.mcp.impl.processes.asset.FileAssetIngestor_ESTest,39,0,False
153,BugSwarm,ACS_AEM_Commons-461893214,0,3209be92022b4cb38a021dad48ef5fa6,com.adobe.acs.commons.mcp.impl.processes.asset.FileAssetIngestor,com.adobe.acs.commons.mcp.impl.processes.asset.FileAssetIngestor_ESTest,40,0,False
154,BugSwarm,ACS_AEM_Commons-461893214,0,922d408a99084656aa5f4402c7236826,com.adobe.acs.commons.mcp.impl.processes.asset.FileAssetIngestor,com.adobe.acs.commons.mcp.impl.processes.asset.FileAssetIngestor_ESTest,40,0,False
155,BugSwarm,ACS_AEM_Commons-461893214,0,92640ba1a2614dcfb0662c2c929f86a7,com.adobe.acs.commons.mcp.impl.processes.asset.FileAssetIngestor,com.adobe.acs.commons.mcp.impl.processes.asset.FileAssetIngestor_ESTest,41,0,False
156,BugSwarm,ACS_AEM_Commons-461893214,0,20581cb534c94e56a6c1b5be67483f40,com.adobe.acs.commons.mcp.impl.processes.asset.FileAssetIngestor,com.adobe.acs.commons.mcp.impl.processes.asset.FileAssetIngestor_ESTest,38,0,False
157,BugSwarm,ACS_AEM_Commons-461893214,0,d9611f392e714979b248b12be80fed71,com.adobe.acs.commons.mcp.impl.processes.asset.FileAssetIngestor,com.adobe.acs.commons.mcp.impl.processes.asset.FileAssetIngestor_ESTest,39,0,False
158,BugSwarm,ACS_AEM_Commons-461893214,0,27717a576b674f7a98e3f4d5b11eafe5,com.adobe.acs.commons.mcp.impl.processes.asset.FileAssetIngestor,com.adobe.acs.commons.mcp.impl.processes.asset.FileAssetIngestor_ESTest,43,0,False
159,BugSwarm,ACS_AEM_Commons-461893214,0,8882f5ab52fe4cae927ca1c331719f26,com.adobe.acs.commons.mcp.impl.processes.asset.FileAssetIngestor,com.adobe.acs.commons.mcp.impl.processes.asset.FileAssetIngestor_ESTest,34,0,False
160,BugSwarm,ACS_AEM_Commons-461893214,0,dcad9bd30b464f01b6625c560b0e84ce,com.adobe.acs.commons.mcp.impl.processes.asset.FileAssetIngestor,com.adobe.acs.commons.mcp.impl.processes.asset.FileAssetIngestor_ESTest,39,0,False
161,BugSwarm,ACS_AEM_Commons-461893214,1,e3871003798c4a318e6fb8ca312a5ab5,com.adobe.acs.commons.mcp.impl.processes.asset.FileAssetIngestor,com.adobe.acs.commons.mcp.impl.processes.asset.FileAssetIngestor_ESTest,38,0,False
162,BugSwarm,ACS_AEM_Commons-461893214,1,93ef1444cadf4b49aa2d48edc3b974ee,com.adobe.acs.commons.mcp.impl.processes.asset.FileAssetIngestor,com.adobe.acs.commons.mcp.impl.processes.asset.FileAssetIngestor_ESTest,38,0,False
163,BugSwarm,ACS_AEM_Commons-461893214,1,0de1c3fa939b45099842a5c8f17c24dc,com.adobe.acs.commons.mcp.impl.processes.asset.FileAssetIngestor,com.adobe.acs.commons.mcp.impl.processes.asset.FileAssetIngestor_ESTest,41,0,False
164,BugSwarm,ACS_AEM_Commons-461893214,1,dd6b91e3ff194e28842a3934af32bee9,com.adobe.acs.commons.mcp.impl.processes.asset.FileAssetIngestor,com.adobe.acs.commons.mcp.impl.processes.asset.FileAssetIngestor_ESTest,38,0,False
165,BugSwarm,ACS_AEM_Commons-461893214,1,c2aca0f5a1f24ca480d9025d6749b66c,com.adobe.acs.commons.mcp.impl.processes.asset.FileAssetIngestor,com.adobe.acs.commons.mcp.impl.processes.asset.FileAssetIngestor_ESTest,39,0,False
166,BugSwarm,ACS_AEM_Commons-461893214,1,a4dfca1cfd6748eda328d84abdde2e15,com.adobe.acs.commons.mcp.impl.processes.asset.FileAssetIngestor,com.adobe.acs.commons.mcp.impl.processes.asset.FileAssetIngestor_ESTest,37,0,False
167,BugSwarm,ACS_AEM_Commons-461893214,1,0cb1363e4d81486eb41d3fa43a4ef0d4,com.adobe.acs.commons.mcp.impl.processes.asset.FileAssetIngestor,com.adobe.acs.commons.mcp.impl.processes.asset.FileAssetIngestor_ESTest,37,0,False
168,BugSwarm,ACS_AEM_Commons-461893214,1,12c4d6900bf94131960df1bee59cb46c,com.adobe.acs.commons.mcp.impl.processes.asset.FileAssetIngestor,com.adobe.acs.commons.mcp.impl.processes.asset.FileAssetIngestor_ESTest,39,0,False
169,BugSwarm,ACS_AEM_Commons-461893214,1,68ebeaca0ca04abfa74749f0933583a8,com.adobe.acs.commons.mcp.impl.processes.asset.FileAssetIngestor,com.adobe.acs.commons.mcp.impl.processes.asset.FileAssetIngestor_ESTest,39,0,False
170,BugSwarm,ACS_AEM_Commons-461893214,1,95d0c31f7c5545c5aad8f56d57b05659,com.adobe.acs.commons.mcp.impl.processes.asset.FileAssetIngestor,com.adobe.acs.commons.mcp.impl.processes.asset.FileAssetIngestor_ESTest,37,0,False
171,BugSwarm,ACS_AEM_Commons-461893214,1,3cbfca7793ef415abea3b8f31910212c,com.adobe.acs.commons.mcp.impl.processes.asset.FileAssetIngestor,com.adobe.acs.commons.mcp.impl.processes.asset.FileAssetIngestor_ESTest,43,0,False
172,BugSwarm,ACS_AEM_Commons-461893214,1,40a192d48b6949dbbc86a71f66b85585,com.adobe.acs.commons.mcp.impl.processes.asset.FileAssetIngestor,com.adobe.acs.commons.mcp.impl.processes.asset.FileAssetIngestor_ESTest,39,0,False
173,BugSwarm,ACS_AEM_Commons-461893214,1,3209be92022b4cb38a021dad48ef5fa6,com.adobe.acs.commons.mcp.impl.processes.asset.FileAssetIngestor,com.adobe.acs.commons.mcp.impl.processes.asset.FileAssetIngestor_ESTest,40,0,False
174,BugSwarm,ACS_AEM_Commons-461893214,1,922d408a99084656aa5f4402c7236826,com.adobe.acs.commons.mcp.impl.processes.asset.FileAssetIngestor,com.adobe.acs.commons.mcp.impl.processes.asset.FileAssetIngestor_ESTest,40,0,False
175,BugSwarm,ACS_AEM_Commons-461893214,1,92640ba1a2614dcfb0662c2c929f86a7,com.adobe.acs.commons.mcp.impl.processes.asset.FileAssetIngestor,com.adobe.acs.commons.mcp.impl.processes.asset.FileAssetIngestor_ESTest,41,0,False
176,BugSwarm,ACS_AEM_Commons-461893214,1,20581cb534c94e56a6c1b5be67483f40,com.adobe.acs.commons.mcp.impl.processes.asset.FileAssetIngestor,com.adobe.acs.commons.mcp.impl.processes.asset.FileAssetIngestor_ESTest,38,0,False
177,BugSwarm,ACS_AEM_Commons-461893214,1,d9611f392e714979b248b12be80fed71,com.adobe.acs.commons.mcp.impl.processes.asset.FileAssetIngestor,com.adobe.acs.commons.mcp.impl.processes.asset.FileAssetIngestor_ESTest,39,0,False
178,BugSwarm,ACS_AEM_Commons-461893214,1,27717a576b674f7a98e3f4d5b11eafe5,com.adobe.acs.commons.mcp.impl.processes.asset.FileAssetIngestor,com.adobe.acs.commons.mcp.impl.processes.asset.FileAssetIngestor_ESTest,43,0,False
179,BugSwarm,ACS_AEM_Commons-461893214,1,8882f5ab52fe4cae927ca1c331719f26,com.adobe.acs.commons.mcp.impl.processes.asset.FileAssetIngestor,com.adobe.acs.commons.mcp.impl.processes.asset.FileAssetIngestor_ESTest,34,0,False
180,BugSwarm,ACS_AEM_Commons-461893214,1,dcad9bd30b464f01b6625c560b0e84ce,com.adobe.acs.commons.mcp.impl.processes.asset.FileAssetIngestor,com.adobe.acs.commons.mcp.impl.processes.asset.FileAssetIngestor_ESTest,39,0,False
181,BugSwarm,Byte_Buddy-95795967,0,f336f9ad035f4c58b56b600243b90226,net.bytebuddy.dynamic.ClassFileLocator,net.bytebuddy.dynamic.ClassFileLocator_ESTest,61,0,False
182,BugSwarm,Byte_Buddy-95795967,0,ad4c88fd65b648faac893084ea06b11b,net.bytebuddy.dynamic.ClassFileLocator,net.bytebuddy.dynamic.ClassFileLocator_ESTest,58,0,False
183,BugSwarm,Byte_Buddy-95795967,0,46c0f28a30974a52aca6e6b8dc7bdea3,net.bytebuddy.dynamic.ClassFileLocator,net.bytebuddy.dynamic.ClassFileLocator_ESTest,60,0,False
184,BugSwarm,Byte_Buddy-95795967,0,0f295da9dc4b4b78b1f161e107a60ee5,net.bytebuddy.dynamic.ClassFileLocator,net.bytebuddy.dynamic.ClassFileLocator_ESTest,63,0,False
185,BugSwarm,Byte_Buddy-95795967,0,253d257b0c44491688a4b7c3e11b962d,net.bytebuddy.dynamic.ClassFileLocator,net.bytebuddy.dynamic.ClassFileLocator_ESTest,63,0,False
186,BugSwarm,Byte_Buddy-95795967,0,f0155d7f118c4455891c04f9448175cd,net.bytebuddy.dynamic.ClassFileLocator,net.bytebuddy.dynamic.ClassFileLocator_ESTest,62,0,False
187,BugSwarm,Byte_Buddy-95795967,0,929e74dfd32842fa9e88b03af17fa33b,net.bytebuddy.dynamic.ClassFileLocator,net.bytebuddy.dynamic.ClassFileLocator_ESTest,63,0,False
188,BugSwarm,Byte_Buddy-95795967,0,6731dd1337834162b2835673876901d7,net.bytebuddy.dynamic.ClassFileLocator,net.bytebuddy.dynamic.ClassFileLocator_ESTest,60,0,False
189,BugSwarm,Byte_Buddy-95795967,0,78b7f656ce4c474e8331b3ffa192cee6,net.bytebuddy.dynamic.ClassFileLocator,net.bytebuddy.dynamic.ClassFileLocator_ESTest,58,0,False
190,BugSwarm,Byte_Buddy-95795967,0,918bb79b3ed9467f803829d8dab80cb4,net.bytebuddy.dynamic.ClassFileLocator,net.bytebuddy.dynamic.ClassFileLocator_ESTest,64,0,False
191,BugSwarm,Byte_Buddy-95795967,0,423e3be86c49413e9182819bd61c371a,net.bytebuddy.dynamic.ClassFileLocator,net.bytebuddy.dynamic.ClassFileLocator_ESTest,57,0,False
192,BugSwarm,Byte_Buddy-95795967,0,64a9803b5765469e9f8155118764c5ae,net.bytebuddy.dynamic.ClassFileLocator,net.bytebuddy.dynamic.ClassFileLocator_ESTest,55,0,False
193,BugSwarm,Byte_Buddy-95795967,0,35e7da0557e348f989ea450c6b2e7faf,net.bytebuddy.dynamic.ClassFileLocator,net.bytebuddy.dynamic.ClassFileLocator_ESTest,61,0,False
194,BugSwarm,Byte_Buddy-95795967,0,c015a62c4a3e442cbdafc03fe965f9a1,net.bytebuddy.dynamic.ClassFileLocator,net.bytebuddy.dynamic.ClassFileLocator_ESTest,59,0,False
195,BugSwarm,Byte_Buddy-95795967,0,191d1c12f66f4903b642f45f45f51e0b,net.bytebuddy.dynamic.ClassFileLocator,net.bytebuddy.dynamic.ClassFileLocator_ESTest,66,0,False
196,BugSwarm,Byte_Buddy-95795967,0,f87140df0d1f414cac92fa321d726b2a,net.bytebuddy.dynamic.ClassFileLocator,net.bytebuddy.dynamic.ClassFileLocator_ESTest,54,0,False
197,BugSwarm,Byte_Buddy-95795967,0,30c41cd63a4b478abb878f53c8fbd015,net.bytebuddy.dynamic.ClassFileLocator,net.bytebuddy.dynamic.ClassFileLocator_ESTest,62,0,False
198,BugSwarm,Byte_Buddy-95795967,0,a00b25e7004540b8921c1027f74a9542,net.bytebuddy.dynamic.ClassFileLocator,net.bytebuddy.dynamic.ClassFileLocator_ESTest,70,0,False
199,BugSwarm,Byte_Buddy-95795967,0,40c5a10de5ea4c309df5546ee3d57c46,net.bytebuddy.dynamic.ClassFileLocator,net.bytebuddy.dynamic.ClassFileLocator_ESTest,56,0,False
200,BugSwarm,Byte_Buddy-95795967,0,113ec29ea7f2441e83a400292a9b87d4,net.bytebuddy.dynamic.ClassFileLocator,net.bytebuddy.dynamic.ClassFileLocator_ESTest,65,0,False
201,BugSwarm,Byte_Buddy-140517155,0,230f5f20f6774039bf3c48f979e930c4,net.bytebuddy.dynamic.ClassFileLocator,net.bytebuddy.dynamic.ClassFileLocator_ESTest,75,0,False
202,BugSwarm,Byte_Buddy-140517155,0,3d3a71328561470c8c29d11b8275bb9b,net.bytebuddy.dynamic.ClassFileLocator,net.bytebuddy.dynamic.ClassFileLocator_ESTest,76,0,False
203,BugSwarm,Byte_Buddy-140517155,0,52bbd48e10324082ad6a6067482c1c2f,net.bytebuddy.dynamic.ClassFileLocator,net.bytebuddy.dynamic.ClassFileLocator_ESTest,69,0,False
204,BugSwarm,Byte_Buddy-140517155,0,ddd3f6ca36654366a901bc2c0f71247e,net.bytebuddy.dynamic.ClassFileLocator,net.bytebuddy.dynamic.ClassFileLocator_ESTest,68,0,False
205,BugSwarm,Byte_Buddy-140517155,0,0c45e3077ffa4b4fa8a8f685cc150a80,net.bytebuddy.dynamic.ClassFileLocator,net.bytebuddy.dynamic.ClassFileLocator_ESTest,70,0,False
206,BugSwarm,Byte_Buddy-140517155,0,73359e2cf3754f86853d8e82403dad82,net.bytebuddy.dynamic.ClassFileLocator,net.bytebuddy.dynamic.ClassFileLocator_ESTest,68,0,False
207,BugSwarm,Byte_Buddy-140517155,0,a1770facc20347fd815cccc960711049,net.bytebuddy.dynamic.ClassFileLocator,net.bytebuddy.dynamic.ClassFileLocator_ESTest,69,0,False
208,BugSwarm,Byte_Buddy-140517155,0,b7dfa06b90e54b6dbc4e798a02d8a27c,net.bytebuddy.dynamic.ClassFileLocator,net.bytebuddy.dynamic.ClassFileLocator_ESTest,71,0,False
209,BugSwarm,Byte_Buddy-140517155,0,1a61ae350a3f41f897eb116931102d57,net.bytebuddy.dynamic.ClassFileLocator,net.bytebuddy.dynamic.ClassFileLocator_ESTest,68,0,False
210,BugSwarm,Byte_Buddy-140517155,0,c9f2ea10e2e94e839df42571480b45fe,net.bytebuddy.dynamic.ClassFileLocator,net.bytebuddy.dynamic.ClassFileLocator_ESTest,79,0,False
211,BugSwarm,Byte_Buddy-140517155,0,57f3e40013074c7e8cdae9d3707c6871,net.bytebuddy.dynamic.ClassFileLocator,net.bytebuddy.dynamic.ClassFileLocator_ESTest,79,0,False
212,BugSwarm,Byte_Buddy-140517155,0,1120cc9e612549e7b4c501244ac03452,net.bytebuddy.dynamic.ClassFileLocator,net.bytebuddy.dynamic.ClassFileLocator_ESTest,78,0,False
213,BugSwarm,Byte_Buddy-140517155,0,3344e3b1f7c74517885ba5497756bb5d,net.bytebuddy.dynamic.ClassFileLocator,net.bytebuddy.dynamic.ClassFileLocator_ESTest,73,0,False
214,BugSwarm,Byte_Buddy-140517155,0,dab32e12593242fea864e8398b872b6c,net.bytebuddy.dynamic.ClassFileLocator,net.bytebuddy.dynamic.ClassFileLocator_ESTest,70,0,False
215,BugSwarm,Byte_Buddy-140517155,0,dbe425b74d394de385e6ede6ae6606a2,net.bytebuddy.dynamic.ClassFileLocator,net.bytebuddy.dynamic.ClassFileLocator_ESTest,71,0,False
216,BugSwarm,Byte_Buddy-140517155,0,70e4ce1eb7224a3fbb425dd823d0210c,net.bytebuddy.dynamic.ClassFileLocator,net.bytebuddy.dynamic.ClassFileLocator_ESTest,75,0,False
217,BugSwarm,Byte_Buddy-140517155,0,81f292716f254b1ab9f64b59d985ff0d,net.bytebuddy.dynamic.ClassFileLocator,net.bytebuddy.dynamic.ClassFileLocator_ESTest,73,0,False
218,BugSwarm,Byte_Buddy-140517155,0,17bf5fb5e1744df38e6aa63ac2c1207b,net.bytebuddy.dynamic.ClassFileLocator,net.bytebuddy.dynamic.ClassFileLocator_ESTest,70,0,False
219,BugSwarm,Byte_Buddy-140517155,0,65ecd262f85d418a9932dd69ff8a652b,net.bytebuddy.dynamic.ClassFileLocator,net.bytebuddy.dynamic.ClassFileLocator_ESTest,72,0,False
220,BugSwarm,Byte_Buddy-140517155,0,6c84b4faa0554d4c95966cd9cb8f30ed,net.bytebuddy.dynamic.ClassFileLocator,net.bytebuddy.dynamic.ClassFileLocator_ESTest,75,0,False
221,BugSwarm,OkHttp-93618854,0,6bd7668472f44a0a87829e8dcec09b34,com.squareup.okhttp.internal.http.StreamAllocation,com.squareup.okhttp.internal.http.StreamAllocation_ESTest,8,0,False
222,BugSwarm,OkHttp-93618854,0,04e88e02bc2047178da01be5705dd1ef,com.squareup.okhttp.internal.http.StreamAllocation,com.squareup.okhttp.internal.http.StreamAllocation_ESTest,13,0,False
223,BugSwarm,OkHttp-93618854,0,8f5b0c58c1e5440a9593663f6d4deaf1,com.squareup.okhttp.internal.http.StreamAllocation,com.squareup.okhttp.internal.http.StreamAllocation_ESTest,11,0,False
224,BugSwarm,OkHttp-93618854,0,4743649a986947a2873fa08ccfb1da2f,com.squareup.okhttp.internal.http.StreamAllocation,com.squareup.okhttp.internal.http.StreamAllocation_ESTest,13,0,False
225,BugSwarm,OkHttp-93618854,0,ff7ba3d7518c463f90e3532efe0d6ba8,com.squareup.okhttp.internal.http.StreamAllocation,com.squareup.okhttp.internal.http.StreamAllocation_ESTest,10,0,False
226,BugSwarm,OkHttp-93618854,0,f44cd13a2e654ce6950984e2e20468a6,com.squareup.okhttp.internal.http.StreamAllocation,com.squareup.okhttp.internal.http.StreamAllocation_ESTest,10,0,False
227,BugSwarm,OkHttp-93618854,0,05e8ee98655c4693b9b102268cc235de,com.squareup.okhttp.internal.http.StreamAllocation,com.squareup.okhttp.internal.http.StreamAllocation_ESTest,7,0,False
228,BugSwarm,OkHttp-93618854,0,9bff9d793ec44a189db9028039469ba1,com.squareup.okhttp.internal.http.StreamAllocation,com.squareup.okhttp.internal.http.StreamAllocation_ESTest,9,0,False
229,BugSwarm,OkHttp-93618854,0,d99fe04a2964402bbea7ef5fdef16c4a,com.squareup.okhttp.internal.http.StreamAllocation,com.squareup.okhttp.internal.http.StreamAllocation_ESTest,14,0,False
230,BugSwarm,OkHttp-93618854,0,0ccc65a30f1f4cd8903e3f1f9db15c10,com.squareup.okhttp.internal.http.StreamAllocation,com.squareup.okhttp.internal.http.StreamAllocation_ESTest,13,0,False
231,BugSwarm,OkHttp-93618854,0,083d0eb7a0be438aa1d0d849dc3ec9cc,com.squareup.okhttp.internal.http.StreamAllocation,com.squareup.okhttp.internal.http.StreamAllocation_ESTest,10,0,False
232,BugSwarm,OkHttp-93618854,0,cdeee359d3bd47b094c65bba5732457d,com.squareup.okhttp.internal.http.StreamAllocation,com.squareup.okhttp.internal.http.StreamAllocation_ESTest,13,0,False
233,BugSwarm,OkHttp-93618854,0,cd332a6200084206b7691b46fbc7637b,com.squareup.okhttp.internal.http.StreamAllocation,com.squareup.okhttp.internal.http.StreamAllocation_ESTest,7,0,False
234,BugSwarm,OkHttp-93618854,0,a6ac0b7e5e9140ef8a979ad8ae5bfd9b,com.squareup.okhttp.internal.http.StreamAllocation,com.squareup.okhttp.internal.http.StreamAllocation_ESTest,13,0,False
235,BugSwarm,OkHttp-93618854,0,cb206a189a6e4fda9bc772eae239d5dd,com.squareup.okhttp.internal.http.StreamAllocation,com.squareup.okhttp.internal.http.StreamAllocation_ESTest,10,0,False
236,BugSwarm,OkHttp-93618854,0,becd9d021f574afea68def05019287c9,com.squareup.okhttp.internal.http.StreamAllocation,com.squareup.okhttp.internal.http.StreamAllocation_ESTest,13,0,False
237,BugSwarm,OkHttp-93618854,0,f229701a20894d368c530dd82fe199ee,com.squareup.okhttp.internal.http.StreamAllocation,com.squareup.okhttp.internal.http.StreamAllocation_ESTest,13,0,False
238,BugSwarm,OkHttp-93618854,0,260ec49cacc9421eb7d70645b39a832f,com.squareup.okhttp.internal.http.StreamAllocation,com.squareup.okhttp.internal.http.StreamAllocation_ESTest,13,0,False
239,BugSwarm,OkHttp-93618854,0,13ea27b42103449fa179a1955f131c0b,com.squareup.okhttp.internal.http.StreamAllocation,com.squareup.okhttp.internal.http.StreamAllocation_ESTest,11,0,False
240,BugSwarm,OkHttp-93618854,0,770d21cdb1984b3c83e38e8853d42bd7,com.squareup.okhttp.internal.http.StreamAllocation,com.squareup.okhttp.internal.http.StreamAllocation_ESTest,14,0,False
241,BugSwarm,OkHttp-93618854,1,6bd7668472f44a0a87829e8dcec09b34,com.squareup.okhttp.internal.http.StreamAllocation,com.squareup.okhttp.internal.http.StreamAllocation_ESTest,8,0,False
242,BugSwarm,OkHttp-93618854,1,04e88e02bc2047178da01be5705dd1ef,com.squareup.okhttp.internal.http.StreamAllocation,com.squareup.okhttp.internal.http.StreamAllocation_ESTest,13,0,False
243,BugSwarm,OkHttp-93618854,1,8f5b0c58c1e5440a9593663f6d4deaf1,com.squareup.okhttp.internal.http.StreamAllocation,com.squareup.okhttp.internal.http.StreamAllocation_ESTest,11,0,False
244,BugSwarm,OkHttp-93618854,1,4743649a986947a2873fa08ccfb1da2f,com.squareup.okhttp.internal.http.StreamAllocation,com.squareup.okhttp.internal.http.StreamAllocation_ESTest,13,0,False
245,BugSwarm,OkHttp-93618854,1,ff7ba3d7518c463f90e3532efe0d6ba8,com.squareup.okhttp.internal.http.StreamAllocation,com.squareup.okhttp.internal.http.StreamAllocation_ESTest,10,0,False
246,BugSwarm,OkHttp-93618854,1,f44cd13a2e654ce6950984e2e20468a6,com.squareup.okhttp.internal.http.StreamAllocation,com.squareup.okhttp.internal.http.StreamAllocation_ESTest,10,0,False
247,BugSwarm,OkHttp-93618854,1,05e8ee98655c4693b9b102268cc235de,com.squareup.okhttp.internal.http.StreamAllocation,com.squareup.okhttp.internal.http.StreamAllocation_ESTest,7,0,False
248,BugSwarm,OkHttp-93618854,1,9bff9d793ec44a189db9028039469ba1,com.squareup.okhttp.internal.http.StreamAllocation,com.squareup.okhttp.internal.http.StreamAllocation_ESTest,9,0,False
249,BugSwarm,OkHttp-93618854,1,d99fe04a2964402bbea7ef5fdef16c4a,com.squareup.okhttp.internal.http.StreamAllocation,com.squareup.okhttp.internal.http.StreamAllocation_ESTest,14,0,False
250,BugSwarm,OkHttp-93618854,1,0ccc65a30f1f4cd8903e3f1f9db15c10,com.squareup.okhttp.internal.http.StreamAllocation,com.squareup.okhttp.internal.http.StreamAllocation_ESTest,13,0,False
251,BugSwarm,OkHttp-93618854,1,083d0eb7a0be438aa1d0d849dc3ec9cc,com.squareup.okhttp.internal.http.StreamAllocation,com.squareup.okhttp.internal.http.StreamAllocation_ESTest,10,0,False
252,BugSwarm,OkHttp-93618854,1,cdeee359d3bd47b094c65bba5732457d,com.squareup.okhttp.internal.http.StreamAllocation,com.squareup.okhttp.internal.http.StreamAllocation_ESTest,13,0,False
253,BugSwarm,OkHttp-93618854,1,cd332a6200084206b7691b46fbc7637b,com.squareup.okhttp.internal.http.StreamAllocation,com.squareup.okhttp.internal.http.StreamAllocation_ESTest,7,0,False
254,BugSwarm,OkHttp-93618854,1,a6ac0b7e5e9140ef8a979ad8ae5bfd9b,com.squareup.okhttp.internal.http.StreamAllocation,com.squareup.okhttp.internal.http.StreamAllocation_ESTest,13,0,False
255,BugSwarm,OkHttp-93618854,1,cb206a189a6e4fda9bc772eae239d5dd,com.squareup.okhttp.internal.http.StreamAllocation,com.squareup.okhttp.internal.http.StreamAllocation_ESTest,10,0,False
256,BugSwarm,OkHttp-93618854,1,becd9d021f574afea68def05019287c9,com.squareup.okhttp.internal.http.StreamAllocation,com.squareup.okhttp.internal.http.StreamAllocation_ESTest,13,0,False
257,BugSwarm,OkHttp-93618854,1,f229701a20894d368c530dd82fe199ee,com.squareup.okhttp.internal.http.StreamAllocation,com.squareup.okhttp.internal.http.StreamAllocation_ESTest,13,0,False
258,BugSwarm,OkHttp-93618854,1,260ec49cacc9421eb7d70645b39a832f,com.squareup.okhttp.internal.http.StreamAllocation,com.squareup.okhttp.internal.http.StreamAllocation_ESTest,13,0,False
259,BugSwarm,OkHttp-93618854,1,13ea27b42103449fa179a1955f131c0b,com.squareup.okhttp.internal.http.StreamAllocation,com.squareup.okhttp.internal.http.StreamAllocation_ESTest,11,0,False
260,BugSwarm,OkHttp-93618854,1,770d21cdb1984b3c83e38e8853d42bd7,com.squareup.okhttp.internal.http.StreamAllocation,com.squareup.okhttp.internal.http.StreamAllocation_ESTest,14,0,False
261,BugSwarm,Artemis__odb-71816517,0,ab23d9a55507452db2a17a3208bf5fa2,com.artemis.EntityEditPool,com.artemis.EntityEditPool_ESTest,8,0,False
262,BugSwarm,Artemis__odb-71816517,0,b1e02b6ea29a403d8a45dd9986528918,com.artemis.EntityEditPool,com.artemis.EntityEditPool_ESTest,8,0,False
263,BugSwarm,Artemis__odb-71816517,0,e87f2bae31bc4b558702b2f869cd3c6f,com.artemis.EntityEditPool,com.artemis.EntityEditPool_ESTest,9,0,False
264,BugSwarm,Artemis__odb-71816517,0,dc2e87577c0042f8ab9b0e1209125c0e,com.artemis.EntityEditPool,com.artemis.EntityEditPool_ESTest,7,0,False
265,BugSwarm,Artemis__odb-71816517,0,37ddd272ebec491c90e39949a0444222,com.artemis.EntityEditPool,com.artemis.EntityEditPool_ESTest,9,0,False
266,BugSwarm,Artemis__odb-71816517,0,0bce7d9567cd4319863b07bd85a37356,com.artemis.EntityEditPool,com.artemis.EntityEditPool_ESTest,8,0,False
267,BugSwarm,Artemis__odb-71816517,0,35009981c0b94673a002ec013a1b4c77,com.artemis.EntityEditPool,com.artemis.EntityEditPool_ESTest,8,0,False
268,BugSwarm,Artemis__odb-71816517,0,427183c56b7f4cf88df9f03809b5120b,com.artemis.EntityEditPool,com.artemis.EntityEditPool_ESTest,8,0,False
269,BugSwarm,Artemis__odb-71816517,0,6c9fe5766bfc4c89b7d9168126fe03c9,com.artemis.EntityEditPool,com.artemis.EntityEditPool_ESTest,8,0,False
270,BugSwarm,Artemis__odb-71816517,0,1fba930373514a1c8534598bf41aacec,com.artemis.EntityEditPool,com.artemis.EntityEditPool_ESTest,8,0,False
271,BugSwarm,Artemis__odb-71816517,0,0fc1adb23841440090acbd064c5dd150,com.artemis.EntityEditPool,com.artemis.EntityEditPool_ESTest,9,0,False
272,BugSwarm,Artemis__odb-71816517,0,839905d51884445fa3227fa20b4d5656,com.artemis.EntityEditPool,com.artemis.EntityEditPool_ESTest,8,0,False
273,BugSwarm,Artemis__odb-71816517,0,93483b738dbe4507b93ffb21de4c27e8,com.artemis.EntityEditPool,com.artemis.EntityEditPool_ESTest,8,0,False
274,BugSwarm,Artemis__odb-71816517,0,6c283bf03b5f4491b5b578dfbf97a464,com.artemis.EntityEditPool,com.artemis.EntityEditPool_ESTest,8,0,False
275,BugSwarm,Artemis__odb-71816517,0,82ded499e0744c5d82c00ea6ba963f2f,com.artemis.EntityEditPool,com.artemis.EntityEditPool_ESTest,8,0,False
276,BugSwarm,Artemis__odb-71816517,0,6d49d45932db4b149bcc36623001967a,com.artemis.EntityEditPool,com.artemis.EntityEditPool_ESTest,8,0,False
277,BugSwarm,Artemis__odb-71816517,0,de599a2ad93b40f284ba960fe621e59f,com.artemis.EntityEditPool,com.artemis.EntityEditPool_ESTest,8,0,False
278,BugSwarm,Artemis__odb-71816517,0,7a172a20534a427c9ee9ae67f0b99138,com.artemis.EntityEditPool,com.artemis.EntityEditPool_ESTest,8,0,False
279,BugSwarm,Artemis__odb-71816517,0,23281680a3ad4be28334b79b677807b8,com.artemis.EntityEditPool,com.artemis.EntityEditPool_ESTest,9,0,False
280,BugSwarm,Artemis__odb-71816517,0,996d5d7605184ae596ba4c7885992134,com.artemis.EntityEditPool,com.artemis.EntityEditPool_ESTest,8,0,False
281,BugSwarm,ACS_AEM_Commons-374231969,0,72d662369145409c809782429a6b9ff7,com.adobe.acs.commons.mcp.impl.processes.asset.UrlAssetImport,com.adobe.acs.commons.mcp.impl.processes.asset.UrlAssetImport_ESTest,6,0,False
282,BugSwarm,ACS_AEM_Commons-374231969,0,455f71d7e10b45e782e215c3f20b9c6f,com.adobe.acs.commons.mcp.impl.processes.asset.UrlAssetImport,com.adobe.acs.commons.mcp.impl.processes.asset.UrlAssetImport_ESTest,7,0,False
283,BugSwarm,ACS_AEM_Commons-374231969,0,522f7bcfa167480484eb0acb7a9861a4,com.adobe.acs.commons.mcp.impl.processes.asset.UrlAssetImport,com.adobe.acs.commons.mcp.impl.processes.asset.UrlAssetImport_ESTest,7,0,False
284,BugSwarm,ACS_AEM_Commons-374231969,0,688f67a5c9b54c8f9cdd777a365cf7e5,com.adobe.acs.commons.mcp.impl.processes.asset.UrlAssetImport,com.adobe.acs.commons.mcp.impl.processes.asset.UrlAssetImport_ESTest,3,0,False
285,BugSwarm,ACS_AEM_Commons-374231969,0,d44395471b8749589dfb318cc0a1edeb,com.adobe.acs.commons.mcp.impl.processes.asset.UrlAssetImport,com.adobe.acs.commons.mcp.impl.processes.asset.UrlAssetImport_ESTest,7,0,False
286,BugSwarm,ACS_AEM_Commons-374231969,0,bb07541d07d2433ba61243a3f3eced10,com.adobe.acs.commons.mcp.impl.processes.asset.UrlAssetImport,com.adobe.acs.commons.mcp.impl.processes.asset.UrlAssetImport_ESTest,7,0,False
287,BugSwarm,ACS_AEM_Commons-374231969,0,1b63a7c6893a46bc9841b1540ed00b68,com.adobe.acs.commons.mcp.impl.processes.asset.UrlAssetImport,com.adobe.acs.commons.mcp.impl.processes.asset.UrlAssetImport_ESTest,5,0,False
288,BugSwarm,ACS_AEM_Commons-374231969,0,555142214290490a928c4bba523d4c93,com.adobe.acs.commons.mcp.impl.processes.asset.UrlAssetImport,com.adobe.acs.commons.mcp.impl.processes.asset.UrlAssetImport_ESTest,7,0,False
289,BugSwarm,ACS_AEM_Commons-374231969,0,4042121b498743a895244ce5496ba24e,com.adobe.acs.commons.mcp.impl.processes.asset.UrlAssetImport,com.adobe.acs.commons.mcp.impl.processes.asset.UrlAssetImport_ESTest,7,0,False
290,BugSwarm,ACS_AEM_Commons-374231969,0,1bc630f97b344e2eaf17649a87ffe724,com.adobe.acs.commons.mcp.impl.processes.asset.UrlAssetImport,com.adobe.acs.commons.mcp.impl.processes.asset.UrlAssetImport_ESTest,6,0,False
291,BugSwarm,ACS_AEM_Commons-374231969,0,d55880b5e8a34fc2bef02fa6e566265c,com.adobe.acs.commons.mcp.impl.processes.asset.UrlAssetImport,com.adobe.acs.commons.mcp.impl.processes.asset.UrlAssetImport_ESTest,4,0,False
292,BugSwarm,ACS_AEM_Commons-374231969,0,fb94eef10d1049538932588efab3450b,com.adobe.acs.commons.mcp.impl.processes.asset.UrlAssetImport,com.adobe.acs.commons.mcp.impl.processes.asset.UrlAssetImport_ESTest,6,0,False
293,BugSwarm,ACS_AEM_Commons-374231969,0,1e3fed49c98a4a5dac83b2a011a17c22,com.adobe.acs.commons.mcp.impl.processes.asset.UrlAssetImport,com.adobe.acs.commons.mcp.impl.processes.asset.UrlAssetImport_ESTest,4,0,False
294,BugSwarm,ACS_AEM_Commons-374231969,0,9cac80f52c1a4dadb867095aa1b127d3,com.adobe.acs.commons.mcp.impl.processes.asset.UrlAssetImport,com.adobe.acs.commons.mcp.impl.processes.asset.UrlAssetImport_ESTest,7,0,False
295,BugSwarm,ACS_AEM_Commons-374231969,0,7e1f7f82a84f4888baef714e8eefe611,com.adobe.acs.commons.mcp.impl.processes.asset.UrlAssetImport,com.adobe.acs.commons.mcp.impl.processes.asset.UrlAssetImport_ESTest,8,0,False
296,BugSwarm,ACS_AEM_Commons-374231969,0,6807b5497f674b3c9aa2c8dafe5b7692,com.adobe.acs.commons.mcp.impl.processes.asset.UrlAssetImport,com.adobe.acs.commons.mcp.impl.processes.asset.UrlAssetImport_ESTest,8,0,False
297,BugSwarm,ACS_AEM_Commons-374231969,0,d5a52824416148568e2c046e2fb45ee6,com.adobe.acs.commons.mcp.impl.processes.asset.UrlAssetImport,com.adobe.acs.commons.mcp.impl.processes.asset.UrlAssetImport_ESTest,7,0,False
298,BugSwarm,ACS_AEM_Commons-374231969,0,a5374ebb31e14aac9d9b45619aa6f453,com.adobe.acs.commons.mcp.impl.processes.asset.UrlAssetImport,com.adobe.acs.commons.mcp.impl.processes.asset.UrlAssetImport_ESTest,7,0,False
299,BugSwarm,ACS_AEM_Commons-374231969,0,6b8f676e038b455eb5c941931e570164,com.adobe.acs.commons.mcp.impl.processes.asset.UrlAssetImport,com.adobe.acs.commons.mcp.impl.processes.asset.UrlAssetImport_ESTest,5,0,False
300,BugSwarm,ACS_AEM_Commons-374231969,0,ca4d0450fb504982a8f930e37aedfba0,com.adobe.acs.commons.mcp.impl.processes.asset.UrlAssetImport,com.adobe.acs.commons.mcp.impl.processes.asset.UrlAssetImport_ESTest,8,0,False
301,BugSwarm,BungeeCord-130330788,0,afecdf1568544373be0278caaad6e950,net.md_5.bungee.ConnectionThrottle,net.md_5.bungee.ConnectionThrottle_ESTest,0,0,False
302,BugSwarm,BungeeCord-130330788,0,9a3365687711448381f7d506e982193b,net.md_5.bungee.ConnectionThrottle,net.md_5.bungee.ConnectionThrottle_ESTest,0,0,False
303,BugSwarm,BungeeCord-130330788,0,b9406e9b99d7425baa95fd8ec718cfe9,net.md_5.bungee.ConnectionThrottle,net.md_5.bungee.ConnectionThrottle_ESTest,0,0,False
304,BugSwarm,BungeeCord-130330788,0,f637c4b4d9e248958bc6b652422c673a,net.md_5.bungee.ConnectionThrottle,net.md_5.bungee.ConnectionThrottle_ESTest,0,0,False
305,BugSwarm,BungeeCord-130330788,0,85357249cdb64df28035e9ba26347400,net.md_5.bungee.ConnectionThrottle,net.md_5.bungee.ConnectionThrottle_ESTest,0,0,False
306,BugSwarm,BungeeCord-130330788,0,577ffc19a0184c1da1342db23b7271ac,net.md_5.bungee.ConnectionThrottle,net.md_5.bungee.ConnectionThrottle_ESTest,0,0,False
307,BugSwarm,BungeeCord-130330788,0,f19bce30f24d4d33a5fc76a8947be1f1,net.md_5.bungee.ConnectionThrottle,net.md_5.bungee.ConnectionThrottle_ESTest,0,0,False
308,BugSwarm,BungeeCord-130330788,0,f3ec4065c10c4bb6a81822e09f5d516a,net.md_5.bungee.ConnectionThrottle,net.md_5.bungee.ConnectionThrottle_ESTest,0,0,False
309,BugSwarm,BungeeCord-130330788,0,0c749bbfb2904a41a461c397967031e6,net.md_5.bungee.ConnectionThrottle,net.md_5.bungee.ConnectionThrottle_ESTest,0,0,False
310,BugSwarm,BungeeCord-130330788,0,c76649501dfd4e7ea26bc1bc3fefd0cf,net.md_5.bungee.ConnectionThrottle,net.md_5.bungee.ConnectionThrottle_ESTest,0,0,False
311,BugSwarm,BungeeCord-130330788,0,71721844412a4fdaaafd28c05b75b756,net.md_5.bungee.ConnectionThrottle,net.md_5.bungee.ConnectionThrottle_ESTest,0,0,False
312,BugSwarm,BungeeCord-130330788,0,116a7f789e9c451dbb7e0c6fbb0427c2,net.md_5.bungee.ConnectionThrottle,net.md_5.bungee.ConnectionThrottle_ESTest,0,0,False
313,BugSwarm,BungeeCord-130330788,0,40dc15ee814644a58f658850981c9e87,net.md_5.bungee.ConnectionThrottle,net.md_5.bungee.ConnectionThrottle_ESTest,0,0,False
314,BugSwarm,BungeeCord-130330788,0,9c452b5847574b65b473680c2d72fbf8,net.md_5.bungee.ConnectionThrottle,net.md_5.bungee.ConnectionThrottle_ESTest,0,0,False
315,BugSwarm,BungeeCord-130330788,0,eeb347da242a413eb18f8aa7466b5d18,net.md_5.bungee.ConnectionThrottle,net.md_5.bungee.ConnectionThrottle_ESTest,0,0,False
316,BugSwarm,BungeeCord-130330788,0,bd0fb5a84f184ab8873d802ca8735849,net.md_5.bungee.ConnectionThrottle,net.md_5.bungee.ConnectionThrottle_ESTest,0,0,False
317,BugSwarm,BungeeCord-130330788,0,84f22adeba094759a3ec54af12e12ab3,net.md_5.bungee.ConnectionThrottle,net.md_5.bungee.ConnectionThrottle_ESTest,0,0,False
318,BugSwarm,BungeeCord-130330788,0,e8307c2c00d24a65a16499dfd7822781,net.md_5.bungee.ConnectionThrottle,net.md_5.bungee.ConnectionThrottle_ESTest,0,0,False
319,BugSwarm,BungeeCord-130330788,0,e74cb967d79a49aa8299a7c465625c75,net.md_5.bungee.ConnectionThrottle,net.md_5.bungee.ConnectionThrottle_ESTest,0,0,False
320,BugSwarm,BungeeCord-130330788,0,db3892bb04fd4f6db2fc21f34dd963fc,net.md_5.bungee.ConnectionThrottle,net.md_5.bungee.ConnectionThrottle_ESTest,0,0,False
321,BugSwarm,Yamcs-186324159,0,1a16049ae3cc4f088c726461770155e9,org.yamcs.xtce.SpreadsheetLoader,org.yamcs.xtce.SpreadsheetLoader_ESTest,24,0,False
322,BugSwarm,Yamcs-186324159,0,2866e0130c244993a0291f1045c63b5c,org.yamcs.xtce.SpreadsheetLoader,org.yamcs.xtce.SpreadsheetLoader_ESTest,23,0,False
323,BugSwarm,Yamcs-186324159,0,971f00d930cd4f46aa09de6be6235726,org.yamcs.xtce.SpreadsheetLoader,org.yamcs.xtce.SpreadsheetLoader_ESTest,23,0,False
324,BugSwarm,Yamcs-186324159,0,8aac474e76f2486b9692453c577da737,org.yamcs.xtce.SpreadsheetLoader,org.yamcs.xtce.SpreadsheetLoader_ESTest,23,0,False
325,BugSwarm,Yamcs-186324159,0,73507ea5bbda47cbbd5f670d7dda7b14,org.yamcs.xtce.SpreadsheetLoader,org.yamcs.xtce.SpreadsheetLoader_ESTest,24,0,False
326,BugSwarm,Yamcs-186324159,0,486f48ef4e83428bb51ccec9dc5a5fa4,org.yamcs.xtce.SpreadsheetLoader,org.yamcs.xtce.SpreadsheetLoader_ESTest,24,0,False
327,BugSwarm,Yamcs-186324159,0,1aa14e983b624e4898316365d4f955ae,org.yamcs.xtce.SpreadsheetLoader,org.yamcs.xtce.SpreadsheetLoader_ESTest,24,0,False
328,BugSwarm,Yamcs-186324159,0,42647ee0d8794e71ad0928426587cc89,org.yamcs.xtce.SpreadsheetLoader,org.yamcs.xtce.SpreadsheetLoader_ESTest,25,0,False
329,BugSwarm,Yamcs-186324159,0,56325f1ebfed4ef38a4de4a482c24c78,org.yamcs.xtce.SpreadsheetLoader,org.yamcs.xtce.SpreadsheetLoader_ESTest,23,0,False
330,BugSwarm,Yamcs-186324159,0,d644186442d649609a18ba9f6b81b8e9,org.yamcs.xtce.SpreadsheetLoader,org.yamcs.xtce.SpreadsheetLoader_ESTest,30,0,False
331,BugSwarm,Yamcs-186324159,0,68d4d23afc0145ff88eb5d1850c7d311,org.yamcs.xtce.SpreadsheetLoader,org.yamcs.xtce.SpreadsheetLoader_ESTest,22,0,False
332,BugSwarm,Yamcs-186324159,0,f3a99ece287d4a8cafb2f0874d1f0577,org.yamcs.xtce.SpreadsheetLoader,org.yamcs.xtce.SpreadsheetLoader_ESTest,22,0,False
333,BugSwarm,Yamcs-186324159,0,2ae5461afe924d7e9739a98abd18bd09,org.yamcs.xtce.SpreadsheetLoader,org.yamcs.xtce.SpreadsheetLoader_ESTest,25,0,False
334,BugSwarm,Yamcs-186324159,0,cd3d4cd9a8434e94899f2e5a2dfc574e,org.yamcs.xtce.SpreadsheetLoader,org.yamcs.xtce.SpreadsheetLoader_ESTest,25,0,False
335,BugSwarm,Yamcs-186324159,0,4a73c481df7c43029c14d74adcb879cf,org.yamcs.xtce.SpreadsheetLoader,org.yamcs.xtce.SpreadsheetLoader_ESTest,21,0,False
336,BugSwarm,Yamcs-186324159,0,d96b6df015ca4ee7b56b791844704554,org.yamcs.xtce.SpreadsheetLoader,org.yamcs.xtce.SpreadsheetLoader_ESTest,23,0,False
337,BugSwarm,Yamcs-186324159,0,3ac6bcdd143740f291a3eb4e9235182e,org.yamcs.xtce.SpreadsheetLoader,org.yamcs.xtce.SpreadsheetLoader_ESTest,24,0,False
338,BugSwarm,Yamcs-186324159,0,01c6cff9fac6461abfb3a1c228851a92,org.yamcs.xtce.SpreadsheetLoader,org.yamcs.xtce.SpreadsheetLoader_ESTest,24,0,False
339,BugSwarm,Yamcs-186324159,0,7465d516a102495fa6dd42ac1ac77ac8,org.yamcs.xtce.SpreadsheetLoader,org.yamcs.xtce.SpreadsheetLoader_ESTest,23,0,False
340,BugSwarm,Yamcs-186324159,0,5f6db59449e34ea2a6fb91cb1e1b0842,org.yamcs.xtce.SpreadsheetLoader,org.yamcs.xtce.SpreadsheetLoader_ESTest,24,0,False
341,BugSwarm,REST_Countries-207869551,0,ff4c17d90c7c4e739ac4ad29b6076d8b,fayder.restcountries.rest.CountryServiceHelper,fayder.restcountries.rest.CountryServiceHelper_ESTest,26,0,False
342,BugSwarm,REST_Countries-207869551,0,edd8057a2c224ae1b799537f99e013f3,fayder.restcountries.rest.CountryServiceHelper,fayder.restcountries.rest.CountryServiceHelper_ESTest,25,0,False
343,BugSwarm,REST_Countries-207869551,0,1ecb67f7859542fd9483bd863eef1815,fayder.restcountries.rest.CountryServiceHelper,fayder.restcountries.rest.CountryServiceHelper_ESTest,24,0,False
344,BugSwarm,REST_Countries-207869551,0,e1405ad1c3be4427ac791fae455fe6e9,fayder.restcountries.rest.CountryServiceHelper,fayder.restcountries.rest.CountryServiceHelper_ESTest,27,0,False
345,BugSwarm,REST_Countries-207869551,0,8ecc6e42f9bb4ab799aa9e57be4a1e09,fayder.restcountries.rest.CountryServiceHelper,fayder.restcountries.rest.CountryServiceHelper_ESTest,26,0,False
346,BugSwarm,REST_Countries-207869551,0,1c744d12f7954fce88f2d159ff899d76,fayder.restcountries.rest.CountryServiceHelper,fayder.restcountries.rest.CountryServiceHelper_ESTest,25,0,False
347,BugSwarm,REST_Countries-207869551,0,606451886590475eb370f5a14d58a65f,fayder.restcountries.rest.CountryServiceHelper,fayder.restcountries.rest.CountryServiceHelper_ESTest,26,0,False
348,BugSwarm,REST_Countries-207869551,0,6afdd145d2424628a08f639f2c82fb7c,fayder.restcountries.rest.CountryServiceHelper,fayder.restcountries.rest.CountryServiceHelper_ESTest,25,0,False
349,BugSwarm,REST_Countries-207869551,0,616f27e88f6943b9a3bc16713b6c0ce4,fayder.restcountries.rest.CountryServiceHelper,fayder.restcountries.rest.CountryServiceHelper_ESTest,26,0,False
350,BugSwarm,REST_Countries-207869551,0,30533f3035f742828578d6f84da76de7,fayder.restcountries.rest.CountryServiceHelper,fayder.restcountries.rest.CountryServiceHelper_ESTest,26,0,False
351,BugSwarm,REST_Countries-207869551,0,330e0db2d48a425ab3faf1d8d0bf1b90,fayder.restcountries.rest.CountryServiceHelper,fayder.restcountries.rest.CountryServiceHelper_ESTest,26,0,False
352,BugSwarm,REST_Countries-207869551,0,31d54a2842644688bc69980796893e1f,fayder.restcountries.rest.CountryServiceHelper,fayder.restcountries.rest.CountryServiceHelper_ESTest,25,0,False
353,BugSwarm,REST_Countries-207869551,0,c6a18d5611ea42fcb87f86a1f9b6da62,fayder.restcountries.rest.CountryServiceHelper,fayder.restcountries.rest.CountryServiceHelper_ESTest,26,0,False
354,BugSwarm,REST_Countries-207869551,0,0728590adec64c2aadf6269b7b3a1fd5,fayder.restcountries.rest.CountryServiceHelper,fayder.restcountries.rest.CountryServiceHelper_ESTest,26,0,False
355,BugSwarm,REST_Countries-207869551,0,6cb997e0a97a4747965c00776417c06b,fayder.restcountries.rest.CountryServiceHelper,fayder.restcountries.rest.CountryServiceHelper_ESTest,26,0,False
356,BugSwarm,REST_Countries-207869551,0,f315ab3aba8047748313b0bd21b665c3,fayder.restcountries.rest.CountryServiceHelper,fayder.restcountries.rest.CountryServiceHelper_ESTest,26,0,False
357,BugSwarm,REST_Countries-207869551,0,4dd19a88f79945a9892a6eb648646088,fayder.restcountries.rest.CountryServiceHelper,fayder.restcountries.rest.CountryServiceHelper_ESTest,26,0,False
358,BugSwarm,REST_Countries-207869551,0,2b42b85c89c0403792a0bcd341e01a4c,fayder.restcountries.rest.CountryServiceHelper,fayder.restcountries.rest.CountryServiceHelper_ESTest,25,0,False
359,BugSwarm,REST_Countries-207869551,0,80311ca26229450a922cd0fc89601437,fayder.restcountries.rest.CountryServiceHelper,fayder.restcountries.rest.CountryServiceHelper_ESTest,27,0,False
360,BugSwarm,REST_Countries-207869551,0,72446169591e4a7790bf0a60dc7381a8,fayder.restcountries.rest.CountryServiceHelper,fayder.restcountries.rest.CountryServiceHelper_ESTest,26,0,False
361,BugSwarm,Dubbo-416671625,0,96a983603df44add93dfbc6dcc1ce8a6,org.apache.dubbo.rpc.protocol.hessian.HttpClientConnectionFactory,org.apache.dubbo.rpc.protocol.hessian.HttpClientConnectionFactory_ESTest,1,0,False
362,BugSwarm,Dubbo-416671625,0,2793219125b94854986bd62cdc73c4df,org.apache.dubbo.rpc.protocol.hessian.HttpClientConnectionFactory,org.apache.dubbo.rpc.protocol.hessian.HttpClientConnectionFactory_ESTest,1,0,False
363,BugSwarm,Dubbo-416671625,0,70b96adfd1d44560838f2749420afb09,org.apache.dubbo.rpc.protocol.hessian.HttpClientConnectionFactory,org.apache.dubbo.rpc.protocol.hessian.HttpClientConnectionFactory_ESTest,1,0,False
364,BugSwarm,Dubbo-416671625,0,119628b3abea407eb7b9027e52b26be3,org.apache.dubbo.rpc.protocol.hessian.HttpClientConnectionFactory,org.apache.dubbo.rpc.protocol.hessian.HttpClientConnectionFactory_ESTest,1,0,False
365,BugSwarm,Dubbo-416671625,0,f1c050a4f33a4dbe9bc030209fb3152e,org.apache.dubbo.rpc.protocol.hessian.HttpClientConnectionFactory,org.apache.dubbo.rpc.protocol.hessian.HttpClientConnectionFactory_ESTest,1,0,False
366,BugSwarm,Dubbo-416671625,0,2fe2c29ab05e4b92aa06f932664b010f,org.apache.dubbo.rpc.protocol.hessian.HttpClientConnectionFactory,org.apache.dubbo.rpc.protocol.hessian.HttpClientConnectionFactory_ESTest,1,0,False
367,BugSwarm,Dubbo-416671625,0,d3ad4f2b090f4d788aebc8b77a5e2704,org.apache.dubbo.rpc.protocol.hessian.HttpClientConnectionFactory,org.apache.dubbo.rpc.protocol.hessian.HttpClientConnectionFactory_ESTest,1,0,False
368,BugSwarm,Dubbo-416671625,0,2e6cdc5bfa264f2ab8e3172941ce01e0,org.apache.dubbo.rpc.protocol.hessian.HttpClientConnectionFactory,org.apache.dubbo.rpc.protocol.hessian.HttpClientConnectionFactory_ESTest,1,0,False
369,BugSwarm,Dubbo-416671625,0,9ac5c6f9d9164a289c1d3cfbac253386,org.apache.dubbo.rpc.protocol.hessian.HttpClientConnectionFactory,org.apache.dubbo.rpc.protocol.hessian.HttpClientConnectionFactory_ESTest,1,0,False
370,BugSwarm,Dubbo-416671625,0,e83c55a117184307b8e04600ee1ca221,org.apache.dubbo.rpc.protocol.hessian.HttpClientConnectionFactory,org.apache.dubbo.rpc.protocol.hessian.HttpClientConnectionFactory_ESTest,1,0,False
371,BugSwarm,Dubbo-416671625,0,9222e0efdfea40f681f91950d9b7f857,org.apache.dubbo.rpc.protocol.hessian.HttpClientConnectionFactory,org.apache.dubbo.rpc.protocol.hessian.HttpClientConnectionFactory_ESTest,1,0,False
372,BugSwarm,Dubbo-416671625,0,1e51963c4fff41a59c1c341ec46209ec,org.apache.dubbo.rpc.protocol.hessian.HttpClientConnectionFactory,org.apache.dubbo.rpc.protocol.hessian.HttpClientConnectionFactory_ESTest,1,0,False
373,BugSwarm,Dubbo-416671625,0,3065b27ee0d640ff88490700f4f550fa,org.apache.dubbo.rpc.protocol.hessian.HttpClientConnectionFactory,org.apache.dubbo.rpc.protocol.hessian.HttpClientConnectionFactory_ESTest,1,0,False
374,BugSwarm,Dubbo-416671625,0,d85759d66415489881a0635d2e532623,org.apache.dubbo.rpc.protocol.hessian.HttpClientConnectionFactory,org.apache.dubbo.rpc.protocol.hessian.HttpClientConnectionFactory_ESTest,1,0,False
375,BugSwarm,Dubbo-416671625,0,14e1e1968fc9482494e0c9975e7fe612,org.apache.dubbo.rpc.protocol.hessian.HttpClientConnectionFactory,org.apache.dubbo.rpc.protocol.hessian.HttpClientConnectionFactory_ESTest,1,0,False
376,BugSwarm,Dubbo-416671625,0,bf00a6fd627343db8d2047c85bed04e9,org.apache.dubbo.rpc.protocol.hessian.HttpClientConnectionFactory,org.apache.dubbo.rpc.protocol.hessian.HttpClientConnectionFactory_ESTest,1,0,False
377,BugSwarm,Dubbo-416671625,0,ce0d4a352e6448619bed38a73e387079,org.apache.dubbo.rpc.protocol.hessian.HttpClientConnectionFactory,org.apache.dubbo.rpc.protocol.hessian.HttpClientConnectionFactory_ESTest,1,0,False
378,BugSwarm,Dubbo-416671625,0,13d1b7d470f549ce8b6e84e706e9a395,org.apache.dubbo.rpc.protocol.hessian.HttpClientConnectionFactory,org.apache.dubbo.rpc.protocol.hessian.HttpClientConnectionFactory_ESTest,1,0,False
379,BugSwarm,Dubbo-416671625,0,e455fceb0db743669f2785adf81dea0a,org.apache.dubbo.rpc.protocol.hessian.HttpClientConnectionFactory,org.apache.dubbo.rpc.protocol.hessian.HttpClientConnectionFactory_ESTest,1,0,False
380,BugSwarm,Dubbo-416671625,0,aafa3ea6850245518b1fa50a22172246,org.apache.dubbo.rpc.protocol.hessian.HttpClientConnectionFactory,org.apache.dubbo.rpc.protocol.hessian.HttpClientConnectionFactory_ESTest,1,0,False
381,BugSwarm,Universal_G__Code_Sender-676666184,0,5eb57e0bf82540d8b2ff3227a7b6ecaa,com.willwinder.universalgcodesender.utils.GcodeStreamReader,com.willwinder.universalgcodesender.utils.GcodeStreamReader_ESTest,1,0,False
382,BugSwarm,Universal_G__Code_Sender-676666184,0,0e09d1376d2d443f958bf6569ed5d5ea,com.willwinder.universalgcodesender.utils.GcodeStreamReader,com.willwinder.universalgcodesender.utils.GcodeStreamReader_ESTest,1,0,False
383,BugSwarm,Universal_G__Code_Sender-676666184,0,2ee0f91bfd794e2c88ff325086fd9fbe,com.willwinder.universalgcodesender.utils.GcodeStreamReader,com.willwinder.universalgcodesender.utils.GcodeStreamReader_ESTest,1,0,False
384,BugSwarm,Universal_G__Code_Sender-676666184,0,10ea1f934c3b4e42b6a79187f182b706,com.willwinder.universalgcodesender.utils.GcodeStreamReader,com.willwinder.universalgcodesender.utils.GcodeStreamReader_ESTest,1,0,False
385,BugSwarm,Universal_G__Code_Sender-676666184,0,3cf69635b47145048343b6118a322a5f,com.willwinder.universalgcodesender.utils.GcodeStreamReader,com.willwinder.universalgcodesender.utils.GcodeStreamReader_ESTest,1,0,False
386,BugSwarm,Universal_G__Code_Sender-676666184,0,bfd4b567fb204fe0bc850dffc887b5ba,com.willwinder.universalgcodesender.utils.GcodeStreamReader,com.willwinder.universalgcodesender.utils.GcodeStreamReader_ESTest,1,0,False
387,BugSwarm,Universal_G__Code_Sender-676666184,0,f0e0d335180940c19180ad11a4520c16,com.willwinder.universalgcodesender.utils.GcodeStreamReader,com.willwinder.universalgcodesender.utils.GcodeStreamReader_ESTest,1,0,False
388,BugSwarm,Universal_G__Code_Sender-676666184,0,5481fc05d9af43f4ba9dbd1865d42d72,com.willwinder.universalgcodesender.utils.GcodeStreamReader,com.willwinder.universalgcodesender.utils.GcodeStreamReader_ESTest,1,0,False
389,BugSwarm,Universal_G__Code_Sender-676666184,0,343e59cc1f9d4ecab569d138e632e297,com.willwinder.universalgcodesender.utils.GcodeStreamReader,com.willwinder.universalgcodesender.utils.GcodeStreamReader_ESTest,5,0,False
390,BugSwarm,Universal_G__Code_Sender-676666184,0,65bb7bdf63ca4edfa39494f750055a7d,com.willwinder.universalgcodesender.utils.GcodeStreamReader,com.willwinder.universalgcodesender.utils.GcodeStreamReader_ESTest,1,0,False
391,BugSwarm,Universal_G__Code_Sender-676666184,0,651cc7f52ff945dca7caf4aa8741ae46,com.willwinder.universalgcodesender.utils.GcodeStreamReader,com.willwinder.universalgcodesender.utils.GcodeStreamReader_ESTest,1,0,False
392,BugSwarm,Universal_G__Code_Sender-676666184,0,fcf83a45ab5846d7bfcb4f76cab2d198,com.willwinder.universalgcodesender.utils.GcodeStreamReader,com.willwinder.universalgcodesender.utils.GcodeStreamReader_ESTest,1,0,False
393,BugSwarm,Universal_G__Code_Sender-676666184,0,2c4a342c74b04a5b9bcb7039ec382949,com.willwinder.universalgcodesender.utils.GcodeStreamReader,com.willwinder.universalgcodesender.utils.GcodeStreamReader_ESTest,1,0,False
394,BugSwarm,Universal_G__Code_Sender-676666184,0,7e9fe0cb495b47d5b8ac482758b5e6ac,com.willwinder.universalgcodesender.utils.GcodeStreamReader,com.willwinder.universalgcodesender.utils.GcodeStreamReader_ESTest,1,0,False
395,BugSwarm,Universal_G__Code_Sender-676666184,0,ee078e10612d4868a5dd962b7bd9031a,com.willwinder.universalgcodesender.utils.GcodeStreamReader,com.willwinder.universalgcodesender.utils.GcodeStreamReader_ESTest,1,0,False
396,BugSwarm,Universal_G__Code_Sender-676666184,0,dc7fa9dc2279429e8c80275ec52c1f18,com.willwinder.universalgcodesender.utils.GcodeStreamReader,com.willwinder.universalgcodesender.utils.GcodeStreamReader_ESTest,5,0,False
397,BugSwarm,Universal_G__Code_Sender-676666184,0,dda4bf1d42c84a48a4db81160713ea5a,com.willwinder.universalgcodesender.utils.GcodeStreamReader,com.willwinder.universalgcodesender.utils.GcodeStreamReader_ESTest,6,0,False
398,BugSwarm,Universal_G__Code_Sender-676666184,0,e8abaeb185794991a1ec4457f8fa330e,com.willwinder.universalgcodesender.utils.GcodeStreamReader,com.willwinder.universalgcodesender.utils.GcodeStreamReader_ESTest,1,0,False
399,BugSwarm,Universal_G__Code_Sender-676666184,0,d64c223828b74119843408fefe7d5f7e,com.willwinder.universalgcodesender.utils.GcodeStreamReader,com.willwinder.universalgcodesender.utils.GcodeStreamReader_ESTest,1,0,False
400,BugSwarm,GraphHopper-210124629,0,e3676b52ce5e4b708ab504a67c45e671,com.graphhopper.routing.util.DataFlagEncoder,com.graphhopper.routing.util.DataFlagEncoder_ESTest,79,0,False
401,BugSwarm,GraphHopper-210124629,0,f2bcb7b08de4405eb42d469671b4daea,com.graphhopper.routing.util.DataFlagEncoder,com.graphhopper.routing.util.DataFlagEncoder_ESTest,71,0,False
402,BugSwarm,GraphHopper-210124629,0,9606d4799dc84ad389c197826e7d02d6,com.graphhopper.routing.util.DataFlagEncoder,com.graphhopper.routing.util.DataFlagEncoder_ESTest,81,0,False
403,BugSwarm,GraphHopper-210124629,0,7c0eee9216344e66bffbd2c142583b27,com.graphhopper.routing.util.DataFlagEncoder,com.graphhopper.routing.util.DataFlagEncoder_ESTest,79,0,False
404,BugSwarm,GraphHopper-210124629,0,c211ca599f3145989cc053ba31636569,com.graphhopper.routing.util.DataFlagEncoder,com.graphhopper.routing.util.DataFlagEncoder_ESTest,74,0,False
405,BugSwarm,GraphHopper-210124629,0,0eb03860b9104fe5b8bc17671bf0d0fe,com.graphhopper.routing.util.DataFlagEncoder,com.graphhopper.routing.util.DataFlagEncoder_ESTest,75,0,False
406,BugSwarm,GraphHopper-210124629,0,42b912b92cea47e1be38db03f8198bc9,com.graphhopper.routing.util.DataFlagEncoder,com.graphhopper.routing.util.DataFlagEncoder_ESTest,75,0,False
407,BugSwarm,GraphHopper-210124629,0,eeb54c9e2c6c44e58d757a3e71013924,com.graphhopper.routing.util.DataFlagEncoder,com.graphhopper.routing.util.DataFlagEncoder_ESTest,78,0,False
408,BugSwarm,GraphHopper-210124629,0,25f5bfaab21d478e919109e802a3542e,com.graphhopper.routing.util.DataFlagEncoder,com.graphhopper.routing.util.DataFlagEncoder_ESTest,73,0,False
409,BugSwarm,GraphHopper-210124629,0,b6b9ad3ee68b4fe7be92eb39e159c643,com.graphhopper.routing.util.DataFlagEncoder,com.graphhopper.routing.util.DataFlagEncoder_ESTest,78,0,False
410,BugSwarm,GraphHopper-210124629,0,798258e739c2416a8a9d32cc1ea8a85c,com.graphhopper.routing.util.DataFlagEncoder,com.graphhopper.routing.util.DataFlagEncoder_ESTest,76,0,False
411,BugSwarm,GraphHopper-210124629,0,4383237f93e742f5b64cfb3c653580f1,com.graphhopper.routing.util.DataFlagEncoder,com.graphhopper.routing.util.DataFlagEncoder_ESTest,74,0,False
412,BugSwarm,GraphHopper-210124629,0,5faabfbeb137491bb680351f491eb441,com.graphhopper.routing.util.DataFlagEncoder,com.graphhopper.routing.util.DataFlagEncoder_ESTest,72,0,False
413,BugSwarm,GraphHopper-210124629,0,3e645e28d85644f58d96cba16317687e,com.graphhopper.routing.util.DataFlagEncoder,com.graphhopper.routing.util.DataFlagEncoder_ESTest,74,0,False
414,BugSwarm,GraphHopper-210124629,0,c8fbcd1412004aa6a8397857a171dec7,com.graphhopper.routing.util.DataFlagEncoder,com.graphhopper.routing.util.DataFlagEncoder_ESTest,77,0,False
415,BugSwarm,REST_Countries-154683750,0,8380885c4f47488098a1243b594949fa,fayder.restcountries.v1.rest.CountryService,fayder.restcountries.v1.rest.CountryService_ESTest,13,0,False
416,BugSwarm,REST_Countries-154683750,0,4cf710dd082f4d2cb399b01b1cd3f86e,fayder.restcountries.v1.rest.CountryService,fayder.restcountries.v1.rest.CountryService_ESTest,15,0,False
417,BugSwarm,REST_Countries-154683750,0,0797dd88a6244a39a1cb359561054077,fayder.restcountries.v1.rest.CountryService,fayder.restcountries.v1.rest.CountryService_ESTest,15,0,False
418,BugSwarm,REST_Countries-154683750,0,48ff15fabba14d08b6177ea641075f0c,fayder.restcountries.v1.rest.CountryService,fayder.restcountries.v1.rest.CountryService_ESTest,13,0,False
419,BugSwarm,REST_Countries-154683750,0,e5f5e524316c4a7795e725e55bf31495,fayder.restcountries.v1.rest.CountryService,fayder.restcountries.v1.rest.CountryService_ESTest,13,0,False
420,BugSwarm,REST_Countries-154683750,0,ab6cffb1e1bd47588a03603a4706ed5d,fayder.restcountries.v1.rest.CountryService,fayder.restcountries.v1.rest.CountryService_ESTest,15,0,False
421,BugSwarm,REST_Countries-154683750,0,f11dcb4952194d97a0e5c3ab3b6bf70a,fayder.restcountries.v1.rest.CountryService,fayder.restcountries.v1.rest.CountryService_ESTest,13,0,False
422,BugSwarm,REST_Countries-154683750,0,9ba35aeb57034421891ac1861314ff68,fayder.restcountries.v1.rest.CountryService,fayder.restcountries.v1.rest.CountryService_ESTest,14,0,False
423,BugSwarm,REST_Countries-154683750,0,aab6ff154c2b40d9ba90e5f14a80c848,fayder.restcountries.v1.rest.CountryService,fayder.restcountries.v1.rest.CountryService_ESTest,14,0,False
424,BugSwarm,REST_Countries-154683750,0,70dbd48fe47e480db83c8f3ad5757028,fayder.restcountries.v1.rest.CountryService,fayder.restcountries.v1.rest.CountryService_ESTest,14,0,False
425,BugSwarm,REST_Countries-154683750,0,bdfbed95a570430d92b41731adc46175,fayder.restcountries.v1.rest.CountryService,fayder.restcountries.v1.rest.CountryService_ESTest,15,0,False
426,BugSwarm,REST_Countries-154683750,0,5384458ef8a14c91b0dcfe4e37207f44,fayder.restcountries.v1.rest.CountryService,fayder.restcountries.v1.rest.CountryService_ESTest,14,0,False
427,BugSwarm,REST_Countries-154683750,0,4a3e8adfb9ef44ddac0d144d420fa8bd,fayder.restcountries.v1.rest.CountryService,fayder.restcountries.v1.rest.CountryService_ESTest,13,0,False
428,BugSwarm,REST_Countries-154683750,0,adb3b776ba7c4f8690521aa924e23a86,fayder.restcountries.v1.rest.CountryService,fayder.restcountries.v1.rest.CountryService_ESTest,13,0,False
429,BugSwarm,REST_Countries-154683750,0,d9f4271d53964cb8a5c8677de16308e4,fayder.restcountries.v1.rest.CountryService,fayder.restcountries.v1.rest.CountryService_ESTest,12,0,False
430,BugSwarm,REST_Countries-154683750,0,4825678257cb4fbd9432420805be2bfa,fayder.restcountries.v1.rest.CountryService,fayder.restcountries.v1.rest.CountryService_ESTest,13,0,False
431,BugSwarm,REST_Countries-154683750,0,1413433616eb4ce68a07af65b3378102,fayder.restcountries.v1.rest.CountryService,fayder.restcountries.v1.rest.CountryService_ESTest,13,0,False
432,BugSwarm,REST_Countries-154683750,0,f94a0523b4f3439f90c5d6d5d43e5040,fayder.restcountries.v1.rest.CountryService,fayder.restcountries.v1.rest.CountryService_ESTest,13,0,False
433,BugSwarm,REST_Countries-154683750,0,0c4440c3a3da4d44828c6ff822693faf,fayder.restcountries.v1.rest.CountryService,fayder.restcountries.v1.rest.CountryService_ESTest,14,0,False
434,BugSwarm,REST_Countries-154683750,0,66edaad2b634428eb20bf256527b01d6,fayder.restcountries.v1.rest.CountryService,fayder.restcountries.v1.rest.CountryService_ESTest,13,0,False
435,BugSwarm,REST_Countries-154683750,1,8380885c4f47488098a1243b594949fa,fayder.restcountries.v1.rest.CountryService,fayder.restcountries.v1.rest.CountryService_ESTest,13,0,False
436,BugSwarm,REST_Countries-154683750,1,4cf710dd082f4d2cb399b01b1cd3f86e,fayder.restcountries.v1.rest.CountryService,fayder.restcountries.v1.rest.CountryService_ESTest,15,0,False
437,BugSwarm,REST_Countries-154683750,1,0797dd88a6244a39a1cb359561054077,fayder.restcountries.v1.rest.CountryService,fayder.restcountries.v1.rest.CountryService_ESTest,15,0,False
438,BugSwarm,REST_Countries-154683750,1,48ff15fabba14d08b6177ea641075f0c,fayder.restcountries.v1.rest.CountryService,fayder.restcountries.v1.rest.CountryService_ESTest,13,0,False
439,BugSwarm,REST_Countries-154683750,1,e5f5e524316c4a7795e725e55bf31495,fayder.restcountries.v1.rest.CountryService,fayder.restcountries.v1.rest.CountryService_ESTest,13,0,False
440,BugSwarm,REST_Countries-154683750,1,ab6cffb1e1bd47588a03603a4706ed5d,fayder.restcountries.v1.rest.CountryService,fayder.restcountries.v1.rest.CountryService_ESTest,15,0,False
441,BugSwarm,REST_Countries-154683750,1,f11dcb4952194d97a0e5c3ab3b6bf70a,fayder.restcountries.v1.rest.CountryService,fayder.restcountries.v1.rest.CountryService_ESTest,13,0,False
442,BugSwarm,REST_Countries-154683750,1,9ba35aeb57034421891ac1861314ff68,fayder.restcountries.v1.rest.CountryService,fayder.restcountries.v1.rest.CountryService_ESTest,14,0,False
443,BugSwarm,REST_Countries-154683750,1,aab6ff154c2b40d9ba90e5f14a80c848,fayder.restcountries.v1.rest.CountryService,fayder.restcountries.v1.rest.CountryService_ESTest,14,0,False
444,BugSwarm,REST_Countries-154683750,1,70dbd48fe47e480db83c8f3ad5757028,fayder.restcountries.v1.rest.CountryService,fayder.restcountries.v1.rest.CountryService_ESTest,14,0,False
445,BugSwarm,REST_Countries-154683750,1,bdfbed95a570430d92b41731adc46175,fayder.restcountries.v1.rest.CountryService,fayder.restcountries.v1.rest.CountryService_ESTest,15,0,False
446,BugSwarm,REST_Countries-154683750,1,5384458ef8a14c91b0dcfe4e37207f44,fayder.restcountries.v1.rest.CountryService,fayder.restcountries.v1.rest.CountryService_ESTest,14,0,False
447,BugSwarm,REST_Countries-154683750,1,4a3e8adfb9ef44ddac0d144d420fa8bd,fayder.restcountries.v1.rest.CountryService,fayder.restcountries.v1.rest.CountryService_ESTest,13,0,False
448,BugSwarm,REST_Countries-154683750,1,adb3b776ba7c4f8690521aa924e23a86,fayder.restcountries.v1.rest.CountryService,fayder.restcountries.v1.rest.CountryService_ESTest,13,0,False
449,BugSwarm,REST_Countries-154683750,1,d9f4271d53964cb8a5c8677de16308e4,fayder.restcountries.v1.rest.CountryService,fayder.restcountries.v1.rest.CountryService_ESTest,12,0,False
450,BugSwarm,REST_Countries-154683750,1,4825678257cb4fbd9432420805be2bfa,fayder.restcountries.v1.rest.CountryService,fayder.restcountries.v1.rest.CountryService_ESTest,13,0,False
451,BugSwarm,REST_Countries-154683750,1,1413433616eb4ce68a07af65b3378102,fayder.restcountries.v1.rest.CountryService,fayder.restcountries.v1.rest.CountryService_ESTest,13,0,False
452,BugSwarm,REST_Countries-154683750,1,f94a0523b4f3439f90c5d6d5d43e5040,fayder.restcountries.v1.rest.CountryService,fayder.restcountries.v1.rest.CountryService_ESTest,13,0,False
453,BugSwarm,REST_Countries-154683750,1,0c4440c3a3da4d44828c6ff822693faf,fayder.restcountries.v1.rest.CountryService,fayder.restcountries.v1.rest.CountryService_ESTest,14,0,False
454,BugSwarm,REST_Countries-154683750,1,66edaad2b634428eb20bf256527b01d6,fayder.restcountries.v1.rest.CountryService,fayder.restcountries.v1.rest.CountryService_ESTest,13,0,False
455,BugSwarm,REST_Countries-154683750,2,8380885c4f47488098a1243b594949fa,fayder.restcountries.v1.rest.CountryService,fayder.restcountries.v1.rest.CountryService_ESTest,13,0,False
456,BugSwarm,REST_Countries-154683750,2,4cf710dd082f4d2cb399b01b1cd3f86e,fayder.restcountries.v1.rest.CountryService,fayder.restcountries.v1.rest.CountryService_ESTest,15,0,False
457,BugSwarm,REST_Countries-154683750,2,0797dd88a6244a39a1cb359561054077,fayder.restcountries.v1.rest.CountryService,fayder.restcountries.v1.rest.CountryService_ESTest,15,0,False
458,BugSwarm,REST_Countries-154683750,2,48ff15fabba14d08b6177ea641075f0c,fayder.restcountries.v1.rest.CountryService,fayder.restcountries.v1.rest.CountryService_ESTest,13,0,False
459,BugSwarm,REST_Countries-154683750,2,e5f5e524316c4a7795e725e55bf31495,fayder.restcountries.v1.rest.CountryService,fayder.restcountries.v1.rest.CountryService_ESTest,13,0,False
460,BugSwarm,REST_Countries-154683750,2,ab6cffb1e1bd47588a03603a4706ed5d,fayder.restcountries.v1.rest.CountryService,fayder.restcountries.v1.rest.CountryService_ESTest,15,0,False
461,BugSwarm,REST_Countries-154683750,2,f11dcb4952194d97a0e5c3ab3b6bf70a,fayder.restcountries.v1.rest.CountryService,fayder.restcountries.v1.rest.CountryService_ESTest,13,0,False
462,BugSwarm,REST_Countries-154683750,2,9ba35aeb57034421891ac1861314ff68,fayder.restcountries.v1.rest.CountryService,fayder.restcountries.v1.rest.CountryService_ESTest,14,0,False
463,BugSwarm,REST_Countries-154683750,2,aab6ff154c2b40d9ba90e5f14a80c848,fayder.restcountries.v1.rest.CountryService,fayder.restcountries.v1.rest.CountryService_ESTest,14,0,False
464,BugSwarm,REST_Countries-154683750,2,70dbd48fe47e480db83c8f3ad5757028,fayder.restcountries.v1.rest.CountryService,fayder.restcountries.v1.rest.CountryService_ESTest,14,0,False
465,BugSwarm,REST_Countries-154683750,2,bdfbed95a570430d92b41731adc46175,fayder.restcountries.v1.rest.CountryService,fayder.restcountries.v1.rest.CountryService_ESTest,15,0,False
466,BugSwarm,REST_Countries-154683750,2,5384458ef8a14c91b0dcfe4e37207f44,fayder.restcountries.v1.rest.CountryService,fayder.restcountries.v1.rest.CountryService_ESTest,14,0,False
467,BugSwarm,REST_Countries-154683750,2,4a3e8adfb9ef44ddac0d144d420fa8bd,fayder.restcountries.v1.rest.CountryService,fayder.restcountries.v1.rest.CountryService_ESTest,13,0,False
468,BugSwarm,REST_Countries-154683750,2,adb3b776ba7c4f8690521aa924e23a86,fayder.restcountries.v1.rest.CountryService,fayder.restcountries.v1.rest.CountryService_ESTest,13,0,False
469,BugSwarm,REST_Countries-154683750,2,d9f4271d53964cb8a5c8677de16308e4,fayder.restcountries.v1.rest.CountryService,fayder.restcountries.v1.rest.CountryService_ESTest,12,0,False
470,BugSwarm,REST_Countries-154683750,2,4825678257cb4fbd9432420805be2bfa,fayder.restcountries.v1.rest.CountryService,fayder.restcountries.v1.rest.CountryService_ESTest,13,0,False
471,BugSwarm,REST_Countries-154683750,2,1413433616eb4ce68a07af65b3378102,fayder.restcountries.v1.rest.CountryService,fayder.restcountries.v1.rest.CountryService_ESTest,13,0,False
472,BugSwarm,REST_Countries-154683750,2,f94a0523b4f3439f90c5d6d5d43e5040,fayder.restcountries.v1.rest.CountryService,fayder.restcountries.v1.rest.CountryService_ESTest,13,0,False
473,BugSwarm,REST_Countries-154683750,2,0c4440c3a3da4d44828c6ff822693faf,fayder.restcountries.v1.rest.CountryService,fayder.restcountries.v1.rest.CountryService_ESTest,14,0,False
474,BugSwarm,REST_Countries-154683750,2,66edaad2b634428eb20bf256527b01d6,fayder.restcountries.v1.rest.CountryService,fayder.restcountries.v1.rest.CountryService_ESTest,13,0,False
475,BugSwarm,REST_Countries-154683750,3,8380885c4f47488098a1243b594949fa,fayder.restcountries.v1.rest.CountryService,fayder.restcountries.v1.rest.CountryService_ESTest,13,0,False
476,BugSwarm,REST_Countries-154683750,3,4cf710dd082f4d2cb399b01b1cd3f86e,fayder.restcountries.v1.rest.CountryService,fayder.restcountries.v1.rest.CountryService_ESTest,15,0,False
477,BugSwarm,REST_Countries-154683750,3,0797dd88a6244a39a1cb359561054077,fayder.restcountries.v1.rest.CountryService,fayder.restcountries.v1.rest.CountryService_ESTest,15,0,False
478,BugSwarm,REST_Countries-154683750,3,48ff15fabba14d08b6177ea641075f0c,fayder.restcountries.v1.rest.CountryService,fayder.restcountries.v1.rest.CountryService_ESTest,13,0,False
479,BugSwarm,REST_Countries-154683750,3,e5f5e524316c4a7795e725e55bf31495,fayder.restcountries.v1.rest.CountryService,fayder.restcountries.v1.rest.CountryService_ESTest,13,0,False
480,BugSwarm,REST_Countries-154683750,3,ab6cffb1e1bd47588a03603a4706ed5d,fayder.restcountries.v1.rest.CountryService,fayder.restcountries.v1.rest.CountryService_ESTest,15,0,False
481,BugSwarm,REST_Countries-154683750,3,f11dcb4952194d97a0e5c3ab3b6bf70a,fayder.restcountries.v1.rest.CountryService,fayder.restcountries.v1.rest.CountryService_ESTest,13,0,False
482,BugSwarm,REST_Countries-154683750,3,9ba35aeb57034421891ac1861314ff68,fayder.restcountries.v1.rest.CountryService,fayder.restcountries.v1.rest.CountryService_ESTest,14,0,False
483,BugSwarm,REST_Countries-154683750,3,aab6ff154c2b40d9ba90e5f14a80c848,fayder.restcountries.v1.rest.CountryService,fayder.restcountries.v1.rest.CountryService_ESTest,14,0,False
484,BugSwarm,REST_Countries-154683750,3,70dbd48fe47e480db83c8f3ad5757028,fayder.restcountries.v1.rest.CountryService,fayder.restcountries.v1.rest.CountryService_ESTest,14,0,False
485,BugSwarm,REST_Countries-154683750,3,bdfbed95a570430d92b41731adc46175,fayder.restcountries.v1.rest.CountryService,fayder.restcountries.v1.rest.CountryService_ESTest,15,0,False
486,BugSwarm,REST_Countries-154683750,3,5384458ef8a14c91b0dcfe4e37207f44,fayder.restcountries.v1.rest.CountryService,fayder.restcountries.v1.rest.CountryService_ESTest,14,0,False
487,BugSwarm,REST_Countries-154683750,3,4a3e8adfb9ef44ddac0d144d420fa8bd,fayder.restcountries.v1.rest.CountryService,fayder.restcountries.v1.rest.CountryService_ESTest,13,0,False
488,BugSwarm,REST_Countries-154683750,3,adb3b776ba7c4f8690521aa924e23a86,fayder.restcountries.v1.rest.CountryService,fayder.restcountries.v1.rest.CountryService_ESTest,13,0,False
489,BugSwarm,REST_Countries-154683750,3,d9f4271d53964cb8a5c8677de16308e4,fayder.restcountries.v1.rest.CountryService,fayder.restcountries.v1.rest.CountryService_ESTest,12,0,False
490,BugSwarm,REST_Countries-154683750,3,4825678257cb4fbd9432420805be2bfa,fayder.restcountries.v1.rest.CountryService,fayder.restcountries.v1.rest.CountryService_ESTest,13,0,False
491,BugSwarm,REST_Countries-154683750,3,1413433616eb4ce68a07af65b3378102,fayder.restcountries.v1.rest.CountryService,fayder.restcountries.v1.rest.CountryService_ESTest,13,0,False
492,BugSwarm,REST_Countries-154683750,3,f94a0523b4f3439f90c5d6d5d43e5040,fayder.restcountries.v1.rest.CountryService,fayder.restcountries.v1.rest.CountryService_ESTest,13,0,False
493,BugSwarm,REST_Countries-154683750,3,0c4440c3a3da4d44828c6ff822693faf,fayder.restcountries.v1.rest.CountryService,fayder.restcountries.v1.rest.CountryService_ESTest,14,0,False
494,BugSwarm,REST_Countries-154683750,3,66edaad2b634428eb20bf256527b01d6,fayder.restcountries.v1.rest.CountryService,fayder.restcountries.v1.rest.CountryService_ESTest,13,0,False
495,BugSwarm,REST_Countries-154683750,4,8380885c4f47488098a1243b594949fa,fayder.restcountries.v1.rest.CountryService,fayder.restcountries.v1.rest.CountryService_ESTest,13,0,False
496,BugSwarm,REST_Countries-154683750,4,4cf710dd082f4d2cb399b01b1cd3f86e,fayder.restcountries.v1.rest.CountryService,fayder.restcountries.v1.rest.CountryService_ESTest,15,0,False
497,BugSwarm,REST_Countries-154683750,4,0797dd88a6244a39a1cb359561054077,fayder.restcountries.v1.rest.CountryService,fayder.restcountries.v1.rest.CountryService_ESTest,15,0,False
498,BugSwarm,REST_Countries-154683750,4,48ff15fabba14d08b6177ea641075f0c,fayder.restcountries.v1.rest.CountryService,fayder.restcountries.v1.rest.CountryService_ESTest,13,0,False
499,BugSwarm,REST_Countries-154683750,4,e5f5e524316c4a7795e725e55bf31495,fayder.restcountries.v1.rest.CountryService,fayder.restcountries.v1.rest.CountryService_ESTest,13,0,False
500,BugSwarm,REST_Countries-154683750,4,ab6cffb1e1bd47588a03603a4706ed5d,fayder.restcountries.v1.rest.CountryService,fayder.restcountries.v1.rest.CountryService_ESTest,15,0,False
501,BugSwarm,REST_Countries-154683750,4,f11dcb4952194d97a0e5c3ab3b6bf70a,fayder.restcountries.v1.rest.CountryService,fayder.restcountries.v1.rest.CountryService_ESTest,13,0,False
502,BugSwarm,REST_Countries-154683750,4,9ba35aeb57034421891ac1861314ff68,fayder.restcountries.v1.rest.CountryService,fayder.restcountries.v1.rest.CountryService_ESTest,14,0,False
503,BugSwarm,REST_Countries-154683750,4,aab6ff154c2b40d9ba90e5f14a80c848,fayder.restcountries.v1.rest.CountryService,fayder.restcountries.v1.rest.CountryService_ESTest,14,0,False
504,BugSwarm,REST_Countries-154683750,4,70dbd48fe47e480db83c8f3ad5757028,fayder.restcountries.v1.rest.CountryService,fayder.restcountries.v1.rest.CountryService_ESTest,14,0,False
505,BugSwarm,REST_Countries-154683750,4,bdfbed95a570430d92b41731adc46175,fayder.restcountries.v1.rest.CountryService,fayder.restcountries.v1.rest.CountryService_ESTest,15,0,False
506,BugSwarm,REST_Countries-154683750,4,5384458ef8a14c91b0dcfe4e37207f44,fayder.restcountries.v1.rest.CountryService,fayder.restcountries.v1.rest.CountryService_ESTest,14,0,False
507,BugSwarm,REST_Countries-154683750,4,4a3e8adfb9ef44ddac0d144d420fa8bd,fayder.restcountries.v1.rest.CountryService,fayder.restcountries.v1.rest.CountryService_ESTest,13,0,False
508,BugSwarm,REST_Countries-154683750,4,adb3b776ba7c4f8690521aa924e23a86,fayder.restcountries.v1.rest.CountryService,fayder.restcountries.v1.rest.CountryService_ESTest,13,0,False
509,BugSwarm,REST_Countries-154683750,4,d9f4271d53964cb8a5c8677de16308e4,fayder.restcountries.v1.rest.CountryService,fayder.restcountries.v1.rest.CountryService_ESTest,12,0,False
510,BugSwarm,REST_Countries-154683750,4,4825678257cb4fbd9432420805be2bfa,fayder.restcountries.v1.rest.CountryService,fayder.restcountries.v1.rest.CountryService_ESTest,13,0,False
511,BugSwarm,REST_Countries-154683750,4,1413433616eb4ce68a07af65b3378102,fayder.restcountries.v1.rest.CountryService,fayder.restcountries.v1.rest.CountryService_ESTest,13,0,False
512,BugSwarm,REST_Countries-154683750,4,f94a0523b4f3439f90c5d6d5d43e5040,fayder.restcountries.v1.rest.CountryService,fayder.restcountries.v1.rest.CountryService_ESTest,13,0,False
513,BugSwarm,REST_Countries-154683750,4,0c4440c3a3da4d44828c6ff822693faf,fayder.restcountries.v1.rest.CountryService,fayder.restcountries.v1.rest.CountryService_ESTest,14,0,False
514,BugSwarm,REST_Countries-154683750,4,66edaad2b634428eb20bf256527b01d6,fayder.restcountries.v1.rest.CountryService,fayder.restcountries.v1.rest.CountryService_ESTest,13,0,False
515,Genesis,Jongo-97431a03,0,60dfb23041bd40498f030daa16f7e2a0,org.jongo.marshall.jackson.JacksonObjectIdUpdater,org.jongo.marshall.jackson.JacksonObjectIdUpdater_ESTest,3,0,False
516,Genesis,Jongo-97431a03,0,bb70bd89ced949d8a75dce170f8fc193,org.jongo.marshall.jackson.JacksonObjectIdUpdater,org.jongo.marshall.jackson.JacksonObjectIdUpdater_ESTest,4,0,False
517,Genesis,Jongo-97431a03,0,204864810c9344fbad985f92e5fe33eb,org.jongo.marshall.jackson.JacksonObjectIdUpdater,org.jongo.marshall.jackson.JacksonObjectIdUpdater_ESTest,3,0,False
518,Genesis,Jongo-97431a03,0,67b6543bbc294a23abcb01cc56bd2032,org.jongo.marshall.jackson.JacksonObjectIdUpdater,org.jongo.marshall.jackson.JacksonObjectIdUpdater_ESTest,3,0,False
519,Genesis,Jongo-97431a03,0,948063ffec3945638d68f530cd4afebf,org.jongo.marshall.jackson.JacksonObjectIdUpdater,org.jongo.marshall.jackson.JacksonObjectIdUpdater_ESTest,3,0,False
520,Genesis,Jongo-97431a03,0,ac151de41ae94ec18dd0b19b0f24965c,org.jongo.marshall.jackson.JacksonObjectIdUpdater,org.jongo.marshall.jackson.JacksonObjectIdUpdater_ESTest,3,0,False
521,Genesis,Jongo-97431a03,0,44df12044e9d4e14bf1b3ec3fe86f77c,org.jongo.marshall.jackson.JacksonObjectIdUpdater,org.jongo.marshall.jackson.JacksonObjectIdUpdater_ESTest,3,0,False
522,Genesis,Jongo-97431a03,0,a972c053193848639ce7f99ee019301e,org.jongo.marshall.jackson.JacksonObjectIdUpdater,org.jongo.marshall.jackson.JacksonObjectIdUpdater_ESTest,3,0,False
523,Genesis,Jongo-97431a03,0,4403741d98df4853b7130a3ddaf98403,org.jongo.marshall.jackson.JacksonObjectIdUpdater,org.jongo.marshall.jackson.JacksonObjectIdUpdater_ESTest,3,0,False
524,Genesis,Jongo-97431a03,0,c44d7de5d2064ca0b0088ea025359635,org.jongo.marshall.jackson.JacksonObjectIdUpdater,org.jongo.marshall.jackson.JacksonObjectIdUpdater_ESTest,3,0,False
525,Genesis,Jongo-97431a03,0,445dc214cfdb42a6bb60b0fb6f23c063,org.jongo.marshall.jackson.JacksonObjectIdUpdater,org.jongo.marshall.jackson.JacksonObjectIdUpdater_ESTest,3,0,False
526,Genesis,Jongo-97431a03,0,ee9f3ae69e5b4bebab884c50ae467784,org.jongo.marshall.jackson.JacksonObjectIdUpdater,org.jongo.marshall.jackson.JacksonObjectIdUpdater_ESTest,3,0,False
527,Genesis,Jongo-97431a03,0,eb3949c58a894267b7b2c56c94172228,org.jongo.marshall.jackson.JacksonObjectIdUpdater,org.jongo.marshall.jackson.JacksonObjectIdUpdater_ESTest,3,0,False
528,Genesis,Jongo-97431a03,0,8bd06d653ea547e69874a5f1ecb5c3e2,org.jongo.marshall.jackson.JacksonObjectIdUpdater,org.jongo.marshall.jackson.JacksonObjectIdUpdater_ESTest,3,0,False
529,Genesis,Jongo-97431a03,0,bcfac3ae3f374a8fb2a32e6d402066f9,org.jongo.marshall.jackson.JacksonObjectIdUpdater,org.jongo.marshall.jackson.JacksonObjectIdUpdater_ESTest,3,0,False
530,Genesis,Jongo-97431a03,0,9ff740a68e9841d38dd699d9e4086f87,org.jongo.marshall.jackson.JacksonObjectIdUpdater,org.jongo.marshall.jackson.JacksonObjectIdUpdater_ESTest,3,0,False
531,Genesis,Jongo-97431a03,0,a3fd75ef95084edd858f32c8228d1477,org.jongo.marshall.jackson.JacksonObjectIdUpdater,org.jongo.marshall.jackson.JacksonObjectIdUpdater_ESTest,3,0,False
532,Genesis,Jongo-97431a03,0,62bac8977e3b401b90e67d8e268525a6,org.jongo.marshall.jackson.JacksonObjectIdUpdater,org.jongo.marshall.jackson.JacksonObjectIdUpdater_ESTest,3,0,False
533,Genesis,Jongo-97431a03,0,3d0f76dd6e32431e848158d46c64f6ee,org.jongo.marshall.jackson.JacksonObjectIdUpdater,org.jongo.marshall.jackson.JacksonObjectIdUpdater_ESTest,3,0,False
534,Genesis,Jongo-97431a03,0,3740034a880d4c658dca37ffb14d2348,org.jongo.marshall.jackson.JacksonObjectIdUpdater,org.jongo.marshall.jackson.JacksonObjectIdUpdater_ESTest,3,0,False
535,Genesis,JavaPoet-aee5f128,0,ce1ab8c964984e38a0d3f7a0ac30b353,com.squareup.javapoet.TypeName,com.squareup.javapoet.TypeName_ESTest,14,0,False
536,Genesis,JavaPoet-aee5f128,0,661409e6045f41d0886bda076c7d6c0d,com.squareup.javapoet.TypeName,com.squareup.javapoet.TypeName_ESTest,14,0,False
537,Genesis,JavaPoet-aee5f128,0,a1286b54940a4ef2931cc4d73a236c01,com.squareup.javapoet.TypeName,com.squareup.javapoet.TypeName_ESTest,13,0,False
538,Genesis,JavaPoet-aee5f128,0,3188f7fc72ae467796eb30318e6bb81f,com.squareup.javapoet.TypeName,com.squareup.javapoet.TypeName_ESTest,13,0,False
539,Genesis,JavaPoet-aee5f128,0,d8a1c296873b4d9a82d57761349361f8,com.squareup.javapoet.TypeName,com.squareup.javapoet.TypeName_ESTest,13,0,False
540,Genesis,JavaPoet-aee5f128,0,dc9e1e5e46d84f89b7bd83f371ccbfcb,com.squareup.javapoet.TypeName,com.squareup.javapoet.TypeName_ESTest,14,0,False
541,Genesis,JavaPoet-aee5f128,0,f5887762b13d44c2ab91a6a6bc61183c,com.squareup.javapoet.TypeName,com.squareup.javapoet.TypeName_ESTest,14,0,False
542,Genesis,JavaPoet-aee5f128,0,9d7d08aaaf0243db93a46c675a4b2091,com.squareup.javapoet.TypeName,com.squareup.javapoet.TypeName_ESTest,14,0,False
543,Genesis,JavaPoet-aee5f128,0,f2386f7dc0044ffb982c412d6d19383f,com.squareup.javapoet.TypeName,com.squareup.javapoet.TypeName_ESTest,14,0,False
544,Genesis,JavaPoet-aee5f128,0,77eaadc6cd6548588815dbcd3aa29bb8,com.squareup.javapoet.TypeName,com.squareup.javapoet.TypeName_ESTest,14,0,False
545,Genesis,JavaPoet-aee5f128,0,b5ff6f3cf0164296be8b80fdd52b88c7,com.squareup.javapoet.TypeName,com.squareup.javapoet.TypeName_ESTest,14,0,False
546,Genesis,JavaPoet-aee5f128,0,1069db4e319e4177b7ccc464ac91322d,com.squareup.javapoet.TypeName,com.squareup.javapoet.TypeName_ESTest,14,0,False
547,Genesis,JavaPoet-aee5f128,0,68e989d8ff4a4400bba3487f72d39ad3,com.squareup.javapoet.TypeName,com.squareup.javapoet.TypeName_ESTest,14,0,False
548,Genesis,JavaPoet-aee5f128,0,4f00a3d42e0149999d888b598081f7a3,com.squareup.javapoet.TypeName,com.squareup.javapoet.TypeName_ESTest,13,0,False
549,Genesis,JavaPoet-aee5f128,0,2ad95d60a90a46e5ae7240a60585304d,com.squareup.javapoet.TypeName,com.squareup.javapoet.TypeName_ESTest,13,0,False
550,Genesis,JavaPoet-aee5f128,0,f7ab28a0f8e44a98ab8017e32a7de247,com.squareup.javapoet.TypeName,com.squareup.javapoet.TypeName_ESTest,14,0,False
551,Genesis,JavaPoet-aee5f128,0,51c1fa2e2004465895d55ed4d57c5482,com.squareup.javapoet.TypeName,com.squareup.javapoet.TypeName_ESTest,14,0,False
552,Genesis,JavaPoet-aee5f128,0,96950beaa3aa406a8a68bc1a363a0259,com.squareup.javapoet.TypeName,com.squareup.javapoet.TypeName_ESTest,13,0,False
553,Genesis,JavaPoet-aee5f128,0,e38339130d25432ea04213b22962e43d,com.squareup.javapoet.TypeName,com.squareup.javapoet.TypeName_ESTest,13,0,False
554,Genesis,JavaPoet-aee5f128,0,3695a0fb4aba453987f65f307ec723a0,com.squareup.javapoet.TypeName,com.squareup.javapoet.TypeName_ESTest,14,0,False
555,Genesis,DataflowJavaSDK-f42c13c8,0,d04d9a361a864eb39d4188f89b30bf09,com.google.cloud.dataflow.sdk.transforms.join.CoGbkResult,com.google.cloud.dataflow.sdk.transforms.join.CoGbkResult_ESTest,16,0,False
556,Genesis,DataflowJavaSDK-f42c13c8,0,27b53cfab8d84636bf82761da9b83f10,com.google.cloud.dataflow.sdk.transforms.join.CoGbkResult,com.google.cloud.dataflow.sdk.transforms.join.CoGbkResult_ESTest,18,0,False
557,Genesis,DataflowJavaSDK-f42c13c8,0,d361a1a9435543dfab864a3076cae346,com.google.cloud.dataflow.sdk.transforms.join.CoGbkResult,com.google.cloud.dataflow.sdk.transforms.join.CoGbkResult_ESTest,20,0,False
558,Genesis,DataflowJavaSDK-f42c13c8,0,ad0d867696fb41769c8641cef2bdd00f,com.google.cloud.dataflow.sdk.transforms.join.CoGbkResult,com.google.cloud.dataflow.sdk.transforms.join.CoGbkResult_ESTest,22,0,False
559,Genesis,DataflowJavaSDK-f42c13c8,0,8be09a928e4a41028b23a62fc1fdaf81,com.google.cloud.dataflow.sdk.transforms.join.CoGbkResult,com.google.cloud.dataflow.sdk.transforms.join.CoGbkResult_ESTest,19,0,False
560,Genesis,DataflowJavaSDK-f42c13c8,0,0b2aef5fefa74f0fa32174578832fcb9,com.google.cloud.dataflow.sdk.transforms.join.CoGbkResult,com.google.cloud.dataflow.sdk.transforms.join.CoGbkResult_ESTest,19,0,False
561,Genesis,DataflowJavaSDK-f42c13c8,0,427174960e184527a1761e3ff6ffcd5f,com.google.cloud.dataflow.sdk.transforms.join.CoGbkResult,com.google.cloud.dataflow.sdk.transforms.join.CoGbkResult_ESTest,15,0,False
562,Genesis,Checkstyle-4f73fffd,0,1d520d09239d4f6d9de7879852abaffc,com.puppycrawl.tools.checkstyle.checks.blocks.NeedBracesCheck,com.puppycrawl.tools.checkstyle.checks.blocks.NeedBracesCheck_ESTest,7,0,False
563,Genesis,Checkstyle-4f73fffd,0,a9b2f24ce3314e9ba9d2e2a50a78fc6a,com.puppycrawl.tools.checkstyle.checks.blocks.NeedBracesCheck,com.puppycrawl.tools.checkstyle.checks.blocks.NeedBracesCheck_ESTest,11,0,False
564,Genesis,Checkstyle-4f73fffd,0,f18289c4afd74a8f96f3b6a499d22c1b,com.puppycrawl.tools.checkstyle.checks.blocks.NeedBracesCheck,com.puppycrawl.tools.checkstyle.checks.blocks.NeedBracesCheck_ESTest,9,0,False
565,Genesis,Checkstyle-4f73fffd,0,a90780432a20426a84e6e17a72f26925,com.puppycrawl.tools.checkstyle.checks.blocks.NeedBracesCheck,com.puppycrawl.tools.checkstyle.checks.blocks.NeedBracesCheck_ESTest,8,0,False
566,Genesis,Checkstyle-4f73fffd,0,fe88a18ecec54e4b9151c0799e3dd966,com.puppycrawl.tools.checkstyle.checks.blocks.NeedBracesCheck,com.puppycrawl.tools.checkstyle.checks.blocks.NeedBracesCheck_ESTest,7,0,False
567,Genesis,Checkstyle-4f73fffd,0,533c9337230e48e78d0b986a2f410cb3,com.puppycrawl.tools.checkstyle.checks.blocks.NeedBracesCheck,com.puppycrawl.tools.checkstyle.checks.blocks.NeedBracesCheck_ESTest,11,0,False
568,Genesis,Checkstyle-4f73fffd,0,7a4e92d3b9454ed7879aeb2fbb18a860,com.puppycrawl.tools.checkstyle.checks.blocks.NeedBracesCheck,com.puppycrawl.tools.checkstyle.checks.blocks.NeedBracesCheck_ESTest,7,0,False
569,Genesis,Checkstyle-4f73fffd,0,d2686d07088049c69dfc8423dc9a98a6,com.puppycrawl.tools.checkstyle.checks.blocks.NeedBracesCheck,com.puppycrawl.tools.checkstyle.checks.blocks.NeedBracesCheck_ESTest,13,0,False
570,Genesis,Checkstyle-4f73fffd,0,2af7a91273074865a23990a864ace7d9,com.puppycrawl.tools.checkstyle.checks.blocks.NeedBracesCheck,com.puppycrawl.tools.checkstyle.checks.blocks.NeedBracesCheck_ESTest,7,0,False
571,Genesis,Checkstyle-4f73fffd,0,cca5a70af6274baf9c379000d265a9ab,com.puppycrawl.tools.checkstyle.checks.blocks.NeedBracesCheck,com.puppycrawl.tools.checkstyle.checks.blocks.NeedBracesCheck_ESTest,7,0,False
572,Genesis,Checkstyle-4f73fffd,0,d23fa0fc242e4d04ace7fe6a4419988b,com.puppycrawl.tools.checkstyle.checks.blocks.NeedBracesCheck,com.puppycrawl.tools.checkstyle.checks.blocks.NeedBracesCheck_ESTest,7,0,False
573,Genesis,Checkstyle-4f73fffd,0,bd8f57141e8e46d0a719ee9118bf9f63,com.puppycrawl.tools.checkstyle.checks.blocks.NeedBracesCheck,com.puppycrawl.tools.checkstyle.checks.blocks.NeedBracesCheck_ESTest,8,0,False
574,Genesis,Checkstyle-4f73fffd,0,ea2ea875be6540e698be2d31f31e4437,com.puppycrawl.tools.checkstyle.checks.blocks.NeedBracesCheck,com.puppycrawl.tools.checkstyle.checks.blocks.NeedBracesCheck_ESTest,9,0,False
575,Genesis,Checkstyle-4f73fffd,0,651276e60b2e442c8281a0de8c0456af,com.puppycrawl.tools.checkstyle.checks.blocks.NeedBracesCheck,com.puppycrawl.tools.checkstyle.checks.blocks.NeedBracesCheck_ESTest,6,0,False
576,Genesis,Checkstyle-4f73fffd,0,ed8765d8d2e64d0ba689dd2b023584cf,com.puppycrawl.tools.checkstyle.checks.blocks.NeedBracesCheck,com.puppycrawl.tools.checkstyle.checks.blocks.NeedBracesCheck_ESTest,7,0,False
577,Genesis,Checkstyle-4f73fffd,0,809a67dbbbf84f9cbb6f080d9b3d7dfa,com.puppycrawl.tools.checkstyle.checks.blocks.NeedBracesCheck,com.puppycrawl.tools.checkstyle.checks.blocks.NeedBracesCheck_ESTest,7,0,False
578,Genesis,Checkstyle-4f73fffd,0,1c19c6077f9b4b15a7edf463ae9583f5,com.puppycrawl.tools.checkstyle.checks.blocks.NeedBracesCheck,com.puppycrawl.tools.checkstyle.checks.blocks.NeedBracesCheck_ESTest,9,0,False
579,Genesis,Checkstyle-4f73fffd,0,20debfdb817441a79b5393c70ac8360a,com.puppycrawl.tools.checkstyle.checks.blocks.NeedBracesCheck,com.puppycrawl.tools.checkstyle.checks.blocks.NeedBracesCheck_ESTest,12,0,False
580,Genesis,Checkstyle-4f73fffd,0,bd9e132b1046461f858319ad4cb8e9d0,com.puppycrawl.tools.checkstyle.checks.blocks.NeedBracesCheck,com.puppycrawl.tools.checkstyle.checks.blocks.NeedBracesCheck_ESTest,7,0,False
581,Genesis,Checkstyle-4f73fffd,0,018bab832956436bb7ebf53e84ee7b62,com.puppycrawl.tools.checkstyle.checks.blocks.NeedBracesCheck,com.puppycrawl.tools.checkstyle.checks.blocks.NeedBracesCheck_ESTest,7,0,False
582,Genesis,Checkstyle-91e10c29,0,f1400c4a1e3e4fb5a96728dbd4da2fbc,com.puppycrawl.tools.checkstyle.checks.SuppressWarningsHolder,com.puppycrawl.tools.checkstyle.checks.SuppressWarningsHolder_ESTest,10,0,False
583,Genesis,Checkstyle-91e10c29,0,704484652534488195f06a638601db0a,com.puppycrawl.tools.checkstyle.checks.SuppressWarningsHolder,com.puppycrawl.tools.checkstyle.checks.SuppressWarningsHolder_ESTest,11,0,False
584,Genesis,Checkstyle-91e10c29,0,06ca4fcd71b54530893d126c103927a5,com.puppycrawl.tools.checkstyle.checks.SuppressWarningsHolder,com.puppycrawl.tools.checkstyle.checks.SuppressWarningsHolder_ESTest,12,0,False
585,Genesis,Checkstyle-91e10c29,0,ee97398b679e43acb7acea5f3b99947e,com.puppycrawl.tools.checkstyle.checks.SuppressWarningsHolder,com.puppycrawl.tools.checkstyle.checks.SuppressWarningsHolder_ESTest,11,0,False
586,Genesis,Checkstyle-91e10c29,0,823d720ff90a4892af529bdcd630b278,com.puppycrawl.tools.checkstyle.checks.SuppressWarningsHolder,com.puppycrawl.tools.checkstyle.checks.SuppressWarningsHolder_ESTest,9,0,False
587,Genesis,Checkstyle-91e10c29,0,2fb5a578870d4de685fb8a368a3b84bc,com.puppycrawl.tools.checkstyle.checks.SuppressWarningsHolder,com.puppycrawl.tools.checkstyle.checks.SuppressWarningsHolder_ESTest,11,0,False
588,Genesis,Checkstyle-91e10c29,0,0033edbf4a0a42b3a2370ea81968ebcb,com.puppycrawl.tools.checkstyle.checks.SuppressWarningsHolder,com.puppycrawl.tools.checkstyle.checks.SuppressWarningsHolder_ESTest,9,0,False
589,Genesis,Checkstyle-91e10c29,0,74fb5d773e1840b4b84b8cd8f8e511c1,com.puppycrawl.tools.checkstyle.checks.SuppressWarningsHolder,com.puppycrawl.tools.checkstyle.checks.SuppressWarningsHolder_ESTest,11,0,False
590,Genesis,Checkstyle-91e10c29,0,99cc67b6e4ac4a6e9184bffc59512a3b,com.puppycrawl.tools.checkstyle.checks.SuppressWarningsHolder,com.puppycrawl.tools.checkstyle.checks.SuppressWarningsHolder_ESTest,12,0,False
591,Genesis,Checkstyle-91e10c29,0,fce3247344684f59a3e0f7d45c2b14a5,com.puppycrawl.tools.checkstyle.checks.SuppressWarningsHolder,com.puppycrawl.tools.checkstyle.checks.SuppressWarningsHolder_ESTest,11,0,False
592,Genesis,Checkstyle-91e10c29,0,faeedda546614fc3aa5e83a0e37055fb,com.puppycrawl.tools.checkstyle.checks.SuppressWarningsHolder,com.puppycrawl.tools.checkstyle.checks.SuppressWarningsHolder_ESTest,10,0,False
593,Genesis,Checkstyle-91e10c29,0,7883d951bca84f4ea448f04e764a2065,com.puppycrawl.tools.checkstyle.checks.SuppressWarningsHolder,com.puppycrawl.tools.checkstyle.checks.SuppressWarningsHolder_ESTest,12,0,False
594,Genesis,Checkstyle-91e10c29,0,cbdbf9d53e0c4f9dbed712337461f6d2,com.puppycrawl.tools.checkstyle.checks.SuppressWarningsHolder,com.puppycrawl.tools.checkstyle.checks.SuppressWarningsHolder_ESTest,10,0,False
595,Genesis,Checkstyle-91e10c29,0,7552f52c48b747e6bdd170f95d2863dd,com.puppycrawl.tools.checkstyle.checks.SuppressWarningsHolder,com.puppycrawl.tools.checkstyle.checks.SuppressWarningsHolder_ESTest,9,0,False
596,Genesis,Checkstyle-91e10c29,0,218ba5ee5a094708a8d4c83340b8adba,com.puppycrawl.tools.checkstyle.checks.SuppressWarningsHolder,com.puppycrawl.tools.checkstyle.checks.SuppressWarningsHolder_ESTest,9,0,False
597,Genesis,Checkstyle-91e10c29,0,07ea07be44e1473782c998972fa4403e,com.puppycrawl.tools.checkstyle.checks.SuppressWarningsHolder,com.puppycrawl.tools.checkstyle.checks.SuppressWarningsHolder_ESTest,10,0,False
598,Genesis,Checkstyle-91e10c29,0,23ad695e56044b92b4424c183444025a,com.puppycrawl.tools.checkstyle.checks.SuppressWarningsHolder,com.puppycrawl.tools.checkstyle.checks.SuppressWarningsHolder_ESTest,11,0,False
599,Genesis,Checkstyle-91e10c29,0,495c7720162d42b184b91cddf3ff2844,com.puppycrawl.tools.checkstyle.checks.SuppressWarningsHolder,com.puppycrawl.tools.checkstyle.checks.SuppressWarningsHolder_ESTest,10,0,False
600,Genesis,Checkstyle-91e10c29,0,e3a75c2ec2c849a2bc63b5332839d251,com.puppycrawl.tools.checkstyle.checks.SuppressWarningsHolder,com.puppycrawl.tools.checkstyle.checks.SuppressWarningsHolder_ESTest,10,0,False
601,Genesis,Checkstyle-91e10c29,0,bba825215e44479aad92c30eb957e3ac,com.puppycrawl.tools.checkstyle.checks.SuppressWarningsHolder,com.puppycrawl.tools.checkstyle.checks.SuppressWarningsHolder_ESTest,11,0,False
602,Genesis,Checkstyle-16493bfb,0,7d0dbf1da9cb432e8f0acc29792600b5,com.puppycrawl.tools.checkstyle.checks.coding.ModifiedControlVariableCheck,com.puppycrawl.tools.checkstyle.checks.coding.ModifiedControlVariableCheck_ESTest,27,0,False
603,Genesis,Checkstyle-16493bfb,0,0159fb4dad054973aead8b1251377ce2,com.puppycrawl.tools.checkstyle.checks.coding.ModifiedControlVariableCheck,com.puppycrawl.tools.checkstyle.checks.coding.ModifiedControlVariableCheck_ESTest,26,0,False
604,Genesis,Checkstyle-16493bfb,0,769d62f891a846fab321da36407b8162,com.puppycrawl.tools.checkstyle.checks.coding.ModifiedControlVariableCheck,com.puppycrawl.tools.checkstyle.checks.coding.ModifiedControlVariableCheck_ESTest,26,0,False
605,Genesis,Checkstyle-16493bfb,0,4806204de1054b548d365c86fe01ead7,com.puppycrawl.tools.checkstyle.checks.coding.ModifiedControlVariableCheck,com.puppycrawl.tools.checkstyle.checks.coding.ModifiedControlVariableCheck_ESTest,27,0,False
606,Genesis,Checkstyle-16493bfb,0,c4a9483f7c17434f855c360b9e145328,com.puppycrawl.tools.checkstyle.checks.coding.ModifiedControlVariableCheck,com.puppycrawl.tools.checkstyle.checks.coding.ModifiedControlVariableCheck_ESTest,26,0,False
607,Genesis,Checkstyle-16493bfb,0,be85461a7930415f8602fb2bd01098ec,com.puppycrawl.tools.checkstyle.checks.coding.ModifiedControlVariableCheck,com.puppycrawl.tools.checkstyle.checks.coding.ModifiedControlVariableCheck_ESTest,27,0,False
608,Genesis,Checkstyle-16493bfb,0,72c8fff671294359be0dafeb499267e4,com.puppycrawl.tools.checkstyle.checks.coding.ModifiedControlVariableCheck,com.puppycrawl.tools.checkstyle.checks.coding.ModifiedControlVariableCheck_ESTest,26,0,False
609,Genesis,Checkstyle-16493bfb,0,42ebeaff08f64c148df875439bb5ed52,com.puppycrawl.tools.checkstyle.checks.coding.ModifiedControlVariableCheck,com.puppycrawl.tools.checkstyle.checks.coding.ModifiedControlVariableCheck_ESTest,27,0,False
610,Genesis,Checkstyle-16493bfb,0,0295fb911b02490b90cbff68f9930468,com.puppycrawl.tools.checkstyle.checks.coding.ModifiedControlVariableCheck,com.puppycrawl.tools.checkstyle.checks.coding.ModifiedControlVariableCheck_ESTest,26,0,False
611,Genesis,Checkstyle-16493bfb,0,93b7d440d0c74d648b659721784d2b02,com.puppycrawl.tools.checkstyle.checks.coding.ModifiedControlVariableCheck,com.puppycrawl.tools.checkstyle.checks.coding.ModifiedControlVariableCheck_ESTest,26,0,False
612,Genesis,Checkstyle-16493bfb,0,4619ba26bfda440698a56019ba7286ed,com.puppycrawl.tools.checkstyle.checks.coding.ModifiedControlVariableCheck,com.puppycrawl.tools.checkstyle.checks.coding.ModifiedControlVariableCheck_ESTest,26,0,False
613,Genesis,Checkstyle-16493bfb,0,a7bf62a2a7c24c119f1934aa2cc0692d,com.puppycrawl.tools.checkstyle.checks.coding.ModifiedControlVariableCheck,com.puppycrawl.tools.checkstyle.checks.coding.ModifiedControlVariableCheck_ESTest,27,0,False
614,Genesis,Checkstyle-16493bfb,0,1eba80c4130e452a90392d20e9ec0245,com.puppycrawl.tools.checkstyle.checks.coding.ModifiedControlVariableCheck,com.puppycrawl.tools.checkstyle.checks.coding.ModifiedControlVariableCheck_ESTest,26,0,False
615,Genesis,Checkstyle-16493bfb,0,19e277d10e354912873a747cc8d425bb,com.puppycrawl.tools.checkstyle.checks.coding.ModifiedControlVariableCheck,com.puppycrawl.tools.checkstyle.checks.coding.ModifiedControlVariableCheck_ESTest,27,0,False
616,Genesis,Checkstyle-16493bfb,0,15d4db80aeeb429c80dfbccccebeef43,com.puppycrawl.tools.checkstyle.checks.coding.ModifiedControlVariableCheck,com.puppycrawl.tools.checkstyle.checks.coding.ModifiedControlVariableCheck_ESTest,27,0,False
617,Genesis,Checkstyle-16493bfb,0,a68358589e8544d3810a17281257cc49,com.puppycrawl.tools.checkstyle.checks.coding.ModifiedControlVariableCheck,com.puppycrawl.tools.checkstyle.checks.coding.ModifiedControlVariableCheck_ESTest,27,0,False
618,Genesis,Checkstyle-16493bfb,0,4a969882eef448c88de34a6941c67ddf,com.puppycrawl.tools.checkstyle.checks.coding.ModifiedControlVariableCheck,com.puppycrawl.tools.checkstyle.checks.coding.ModifiedControlVariableCheck_ESTest,26,0,False
619,Genesis,Checkstyle-16493bfb,0,d1cb6216ddbb43e9ba45275c339472a9,com.puppycrawl.tools.checkstyle.checks.coding.ModifiedControlVariableCheck,com.puppycrawl.tools.checkstyle.checks.coding.ModifiedControlVariableCheck_ESTest,26,0,False
620,Genesis,Checkstyle-16493bfb,0,34daa5fb8e894b7daff9e1d198073aaf,com.puppycrawl.tools.checkstyle.checks.coding.ModifiedControlVariableCheck,com.puppycrawl.tools.checkstyle.checks.coding.ModifiedControlVariableCheck_ESTest,26,0,False
621,Genesis,Checkstyle-16493bfb,0,c60314e6d329458c910854be387732c1,com.puppycrawl.tools.checkstyle.checks.coding.ModifiedControlVariableCheck,com.puppycrawl.tools.checkstyle.checks.coding.ModifiedControlVariableCheck_ESTest,26,0,False
622,Genesis,Checkstyle-be8a60a4,0,7826b30449b34db6ab18496b61db99b3,com.puppycrawl.tools.checkstyle.checks.naming.ParameterNameCheck,com.puppycrawl.tools.checkstyle.checks.naming.ParameterNameCheck_ESTest,7,0,False
623,Genesis,Checkstyle-be8a60a4,0,2d7b3af9316e44ee9e1d0d79262e946c,com.puppycrawl.tools.checkstyle.checks.naming.ParameterNameCheck,com.puppycrawl.tools.checkstyle.checks.naming.ParameterNameCheck_ESTest,7,0,False
624,Genesis,Checkstyle-be8a60a4,0,712dc40da53c4731b69f1697b750d652,com.puppycrawl.tools.checkstyle.checks.naming.ParameterNameCheck,com.puppycrawl.tools.checkstyle.checks.naming.ParameterNameCheck_ESTest,9,0,False
625,Genesis,Checkstyle-be8a60a4,0,b0aab88bfc2f46a580cbf1778feb5d21,com.puppycrawl.tools.checkstyle.checks.naming.ParameterNameCheck,com.puppycrawl.tools.checkstyle.checks.naming.ParameterNameCheck_ESTest,7,0,False
626,Genesis,Checkstyle-be8a60a4,0,a50648ca850b4c92880ac3e47a35d05d,com.puppycrawl.tools.checkstyle.checks.naming.ParameterNameCheck,com.puppycrawl.tools.checkstyle.checks.naming.ParameterNameCheck_ESTest,7,0,False
627,Genesis,Checkstyle-be8a60a4,0,83324f7b59be4af9bc20702d3e848206,com.puppycrawl.tools.checkstyle.checks.naming.ParameterNameCheck,com.puppycrawl.tools.checkstyle.checks.naming.ParameterNameCheck_ESTest,7,0,False
628,Genesis,Checkstyle-be8a60a4,0,69dacbba5fc443528466c95e409ac65e,com.puppycrawl.tools.checkstyle.checks.naming.ParameterNameCheck,com.puppycrawl.tools.checkstyle.checks.naming.ParameterNameCheck_ESTest,7,0,False
629,Genesis,Checkstyle-be8a60a4,0,1695c524380e42b98981dac79b9a7e34,com.puppycrawl.tools.checkstyle.checks.naming.ParameterNameCheck,com.puppycrawl.tools.checkstyle.checks.naming.ParameterNameCheck_ESTest,7,0,False
630,Genesis,Checkstyle-be8a60a4,0,d5688103882747f0926754eea9530132,com.puppycrawl.tools.checkstyle.checks.naming.ParameterNameCheck,com.puppycrawl.tools.checkstyle.checks.naming.ParameterNameCheck_ESTest,7,0,False
631,Genesis,Checkstyle-be8a60a4,0,aad4f85abeb94eeb97410a55bc00b088,com.puppycrawl.tools.checkstyle.checks.naming.ParameterNameCheck,com.puppycrawl.tools.checkstyle.checks.naming.ParameterNameCheck_ESTest,7,0,False
632,Genesis,Checkstyle-be8a60a4,0,a383ba1196634278864063938c340447,com.puppycrawl.tools.checkstyle.checks.naming.ParameterNameCheck,com.puppycrawl.tools.checkstyle.checks.naming.ParameterNameCheck_ESTest,7,0,False
633,Genesis,Checkstyle-be8a60a4,0,99ffc41ffc0143dc99ca9b557d56b5a1,com.puppycrawl.tools.checkstyle.checks.naming.ParameterNameCheck,com.puppycrawl.tools.checkstyle.checks.naming.ParameterNameCheck_ESTest,7,0,False
634,Genesis,Checkstyle-be8a60a4,0,5089b8afc2d6447d97c65cf931d553cd,com.puppycrawl.tools.checkstyle.checks.naming.ParameterNameCheck,com.puppycrawl.tools.checkstyle.checks.naming.ParameterNameCheck_ESTest,7,0,False
635,Genesis,Checkstyle-be8a60a4,0,5d43b1ee4a444d82a40114d39d0a2c56,com.puppycrawl.tools.checkstyle.checks.naming.ParameterNameCheck,com.puppycrawl.tools.checkstyle.checks.naming.ParameterNameCheck_ESTest,7,0,False
636,Genesis,Checkstyle-be8a60a4,0,e33248b994184a7197dae6898eb17d11,com.puppycrawl.tools.checkstyle.checks.naming.ParameterNameCheck,com.puppycrawl.tools.checkstyle.checks.naming.ParameterNameCheck_ESTest,7,0,False
637,Genesis,Checkstyle-be8a60a4,0,ae2dd014712c4b51ab236b44a0e6dc52,com.puppycrawl.tools.checkstyle.checks.naming.ParameterNameCheck,com.puppycrawl.tools.checkstyle.checks.naming.ParameterNameCheck_ESTest,7,0,False
638,Genesis,Checkstyle-be8a60a4,0,c6dc5f31ea5546bc8833ee10ee96f743,com.puppycrawl.tools.checkstyle.checks.naming.ParameterNameCheck,com.puppycrawl.tools.checkstyle.checks.naming.ParameterNameCheck_ESTest,7,0,False
639,Genesis,Checkstyle-be8a60a4,0,dd4a110d97f04cb48675e002b1e140ed,com.puppycrawl.tools.checkstyle.checks.naming.ParameterNameCheck,com.puppycrawl.tools.checkstyle.checks.naming.ParameterNameCheck_ESTest,7,0,False
640,Genesis,Checkstyle-be8a60a4,0,79fcea927201410cab62a8298f5f462d,com.puppycrawl.tools.checkstyle.checks.naming.ParameterNameCheck,com.puppycrawl.tools.checkstyle.checks.naming.ParameterNameCheck_ESTest,7,0,False
641,Genesis,Checkstyle-be8a60a4,0,fc0d01d26a234d96b716d071aa26ace0,com.puppycrawl.tools.checkstyle.checks.naming.ParameterNameCheck,com.puppycrawl.tools.checkstyle.checks.naming.ParameterNameCheck_ESTest,7,0,False
642,Genesis,Javaslang-0dab3ed3,0,e552c2df39ce4211ac4e73ba799d07d5,javaslang.Tuples,javaslang.Tuples_ESTest,61,0,False
643,Genesis,Javaslang-0dab3ed3,0,f9be5a8fde6343a8a42ae8cc50d90125,javaslang.Tuples,javaslang.Tuples_ESTest,64,0,False
644,Genesis,Javaslang-0dab3ed3,0,7a1704b9c4214f9d8b48287dbe8a2796,javaslang.Tuples,javaslang.Tuples_ESTest,64,0,False
645,Genesis,Javaslang-0dab3ed3,0,35d2baf38ff1420284025871e08bae02,javaslang.Tuples,javaslang.Tuples_ESTest,65,0,False
646,Genesis,Javaslang-0dab3ed3,0,017b448a57b64ad493261bfa664a30cc,javaslang.Tuples,javaslang.Tuples_ESTest,63,0,False
647,Genesis,Javaslang-0dab3ed3,0,86be1dfa740049d2837c9739dc0580dc,javaslang.Tuples,javaslang.Tuples_ESTest,66,0,False
648,Genesis,Javaslang-0dab3ed3,0,f9fc518100ac4300b666fe5f4b79cd36,javaslang.Tuples,javaslang.Tuples_ESTest,70,0,False
649,Genesis,Javaslang-0dab3ed3,0,5822ea8898f6401a8aa74ff3ededf676,javaslang.Tuples,javaslang.Tuples_ESTest,68,0,False
650,Genesis,Javaslang-0dab3ed3,0,ee664611d6b24de39bdb138c0b8bf8cf,javaslang.Tuples,javaslang.Tuples_ESTest,72,0,False
651,Genesis,Javaslang-0dab3ed3,0,9f9993d59da046bf86f9be6ed8a6a167,javaslang.Tuples,javaslang.Tuples_ESTest,65,0,False
652,Genesis,Javaslang-0dab3ed3,0,67f9d87d08064891b6ca98b4892837f7,javaslang.Tuples,javaslang.Tuples_ESTest,65,0,False
653,Genesis,Javaslang-0dab3ed3,0,b7adabed15ee45e0901072e5b2f34bc4,javaslang.Tuples,javaslang.Tuples_ESTest,65,0,False
654,Genesis,Javaslang-0dab3ed3,0,b08a2147a1ca4c6e8fa6f79963812070,javaslang.Tuples,javaslang.Tuples_ESTest,69,0,False
655,Genesis,Javaslang-0dab3ed3,0,edf65c0e22ae4098974886fcddac0135,javaslang.Tuples,javaslang.Tuples_ESTest,68,0,False
656,Genesis,Javaslang-0dab3ed3,0,d69ec9d69441424185ea57186037de0b,javaslang.Tuples,javaslang.Tuples_ESTest,64,0,False
657,Genesis,Javaslang-0dab3ed3,0,ce8fe326bf974d7d993c08d921fe2cab,javaslang.Tuples,javaslang.Tuples_ESTest,66,0,False
658,Genesis,Javaslang-0dab3ed3,0,a324bcbbf6814ba6a12bc1bfe8e26d0c,javaslang.Tuples,javaslang.Tuples_ESTest,66,0,False
659,Genesis,Javaslang-0dab3ed3,0,5fe02c9982f64fd4ad7f4fe55befa4d1,javaslang.Tuples,javaslang.Tuples_ESTest,64,0,False
660,Genesis,Javaslang-0dab3ed3,0,2c413d95f71444689e3ab01a4ad965a6,javaslang.Tuples,javaslang.Tuples_ESTest,63,0,False
661,Genesis,Javaslang-0dab3ed3,0,f4b26546411c4d5b91b8ae289f625fca,javaslang.Tuples,javaslang.Tuples_ESTest,66,0,False
662,Genesis,Activiti-31c8ea16,0,abf30ec3461a43f3b60aefa8e0f98a51,org.activiti.engine.impl.event.AbstractEventHandler,org.activiti.engine.impl.event.AbstractEventHandler_ESTest,0,0,False
663,Genesis,Activiti-31c8ea16,0,fab84c15f00f437e96de93e602729524,org.activiti.engine.impl.event.AbstractEventHandler,org.activiti.engine.impl.event.AbstractEventHandler_ESTest,0,0,False
664,Genesis,Activiti-31c8ea16,0,32148f152f274660a79eff3abba3f8df,org.activiti.engine.impl.event.AbstractEventHandler,org.activiti.engine.impl.event.AbstractEventHandler_ESTest,0,0,False
665,Genesis,Activiti-31c8ea16,0,614d7f01806a4fbc87796fd73abaf17e,org.activiti.engine.impl.event.AbstractEventHandler,org.activiti.engine.impl.event.AbstractEventHandler_ESTest,0,0,False
666,Genesis,Activiti-31c8ea16,0,9b48b20c6d1a4299ad89143a32acbff6,org.activiti.engine.impl.event.AbstractEventHandler,org.activiti.engine.impl.event.AbstractEventHandler_ESTest,0,0,False
667,Genesis,Activiti-31c8ea16,0,4d3d3d4740444af8b36c8657e5070f50,org.activiti.engine.impl.event.AbstractEventHandler,org.activiti.engine.impl.event.AbstractEventHandler_ESTest,0,0,False
668,Genesis,Activiti-31c8ea16,0,8ebeb2ba23034e25a801201257e21047,org.activiti.engine.impl.event.AbstractEventHandler,org.activiti.engine.impl.event.AbstractEventHandler_ESTest,0,0,False
669,Genesis,Activiti-31c8ea16,0,e9e30f8f9a3a4df2b56decd541bb5ed8,org.activiti.engine.impl.event.AbstractEventHandler,org.activiti.engine.impl.event.AbstractEventHandler_ESTest,0,0,False
670,Genesis,Activiti-31c8ea16,0,38204d61602e4d91bb3201efbf5a3857,org.activiti.engine.impl.event.AbstractEventHandler,org.activiti.engine.impl.event.AbstractEventHandler_ESTest,0,0,False
671,Genesis,Activiti-31c8ea16,0,99d83ab14ba04ee7af0bf3c19b36231f,org.activiti.engine.impl.event.AbstractEventHandler,org.activiti.engine.impl.event.AbstractEventHandler_ESTest,0,0,False
672,Genesis,Activiti-31c8ea16,0,3fd70434fc654407b0cd42afc54a351c,org.activiti.engine.impl.event.AbstractEventHandler,org.activiti.engine.impl.event.AbstractEventHandler_ESTest,0,0,False
673,Genesis,Activiti-31c8ea16,0,db314c8ceaaf4ef6933c6f67714ee609,org.activiti.engine.impl.event.AbstractEventHandler,org.activiti.engine.impl.event.AbstractEventHandler_ESTest,0,0,False
674,Genesis,Activiti-31c8ea16,0,217b5d49786344b8976028b9ca404879,org.activiti.engine.impl.event.AbstractEventHandler,org.activiti.engine.impl.event.AbstractEventHandler_ESTest,0,0,False
675,Genesis,Activiti-31c8ea16,0,5e23cc5fd85748e38ae0d4ac630a9781,org.activiti.engine.impl.event.AbstractEventHandler,org.activiti.engine.impl.event.AbstractEventHandler_ESTest,0,0,False
676,Genesis,Activiti-31c8ea16,0,0874afd2cf2244b3a20d674130099af3,org.activiti.engine.impl.event.AbstractEventHandler,org.activiti.engine.impl.event.AbstractEventHandler_ESTest,0,0,False
677,Genesis,Activiti-31c8ea16,0,2954b073b0cb42e8a59fe53b9d2b0bfa,org.activiti.engine.impl.event.AbstractEventHandler,org.activiti.engine.impl.event.AbstractEventHandler_ESTest,0,0,False
678,Genesis,Activiti-31c8ea16,0,bf788cab1af94eb1823b673134545d88,org.activiti.engine.impl.event.AbstractEventHandler,org.activiti.engine.impl.event.AbstractEventHandler_ESTest,0,0,False
679,Genesis,Activiti-31c8ea16,0,4d40b65e3828468dbf5bd2ac845ef72b,org.activiti.engine.impl.event.AbstractEventHandler,org.activiti.engine.impl.event.AbstractEventHandler_ESTest,0,0,False
680,Genesis,Activiti-31c8ea16,0,1633a4676d21438e8140f68f7c5befec,org.activiti.engine.impl.event.AbstractEventHandler,org.activiti.engine.impl.event.AbstractEventHandler_ESTest,0,0,False
681,Genesis,Activiti-31c8ea16,0,c72141bdff0b4254bcadaab56c0b45c0,org.activiti.engine.impl.event.AbstractEventHandler,org.activiti.engine.impl.event.AbstractEventHandler_ESTest,0,0,False
682,Defects4J,Csv-9,0,9e93648b520c42ca9fd2fc251f07430c,org.apache.commons.csv.CSVRecord,org.apache.commons.csv.CSVRecord_ESTest,35,0,False
683,Defects4J,Csv-9,0,b9397512988e418e9870dd896a276c86,org.apache.commons.csv.CSVRecord,org.apache.commons.csv.CSVRecord_ESTest,32,0,False
684,Defects4J,Csv-9,0,02a78d72f7fc4398aebeb62ad81cf5ec,org.apache.commons.csv.CSVRecord,org.apache.commons.csv.CSVRecord_ESTest,34,0,False
685,Defects4J,Csv-9,0,56d7b913be8c4e85a4d5bc0cffe47145,org.apache.commons.csv.CSVRecord,org.apache.commons.csv.CSVRecord_ESTest,33,0,False
686,Defects4J,Csv-9,0,e2e589fbd0ef4f968fb630ea1aab88c2,org.apache.commons.csv.CSVRecord,org.apache.commons.csv.CSVRecord_ESTest,34,0,False
687,Defects4J,Csv-9,0,647cab3b65314ec596ec6f6041c276ca,org.apache.commons.csv.CSVRecord,org.apache.commons.csv.CSVRecord_ESTest,34,0,False
688,Defects4J,Csv-9,0,1b6ad08a8cf8414a921ca26eba2e7f29,org.apache.commons.csv.CSVRecord,org.apache.commons.csv.CSVRecord_ESTest,33,0,False
689,Defects4J,Csv-9,0,46b0b69f704b4d61b246ae9e28410d97,org.apache.commons.csv.CSVRecord,org.apache.commons.csv.CSVRecord_ESTest,34,0,False
690,Defects4J,Csv-9,0,0b179b8feb174a0dba21c4ec6f400d43,org.apache.commons.csv.CSVRecord,org.apache.commons.csv.CSVRecord_ESTest,33,0,False
691,Defects4J,Csv-9,0,59585d61399243b88537b9b639c541e9,org.apache.commons.csv.CSVRecord,org.apache.commons.csv.CSVRecord_ESTest,34,0,False
692,Defects4J,Csv-9,0,bcd0eded140f44e7984b562a952d060a,org.apache.commons.csv.CSVRecord,org.apache.commons.csv.CSVRecord_ESTest,33,0,False
693,Defects4J,Csv-9,0,366981148fec42e3829f309d8f71ef4b,org.apache.commons.csv.CSVRecord,org.apache.commons.csv.CSVRecord_ESTest,33,0,False
694,Defects4J,Csv-9,0,da8abd7afcc5459e88e400c09a1ff021,org.apache.commons.csv.CSVRecord,org.apache.commons.csv.CSVRecord_ESTest,33,0,False
695,Defects4J,Csv-9,0,a688f10c78604690960e611671bad3c7,org.apache.commons.csv.CSVRecord,org.apache.commons.csv.CSVRecord_ESTest,33,0,False
696,Defects4J,Csv-9,0,86aa685aae654117b6e12b54b571ba35,org.apache.commons.csv.CSVRecord,org.apache.commons.csv.CSVRecord_ESTest,32,0,False
697,Defects4J,Csv-9,0,6635a1a46eb84a9da62aa2bfc2b68646,org.apache.commons.csv.CSVRecord,org.apache.commons.csv.CSVRecord_ESTest,34,0,False
698,Defects4J,Csv-9,0,7643aa614ce24c60abe9102f054d1266,org.apache.commons.csv.CSVRecord,org.apache.commons.csv.CSVRecord_ESTest,33,0,False
699,Defects4J,Csv-9,0,457d93aaa52747b0bc0eed3ae76b3061,org.apache.commons.csv.CSVRecord,org.apache.commons.csv.CSVRecord_ESTest,34,0,False
700,Defects4J,Csv-9,0,177fe6505c6347dfa808f25f181bf435,org.apache.commons.csv.CSVRecord,org.apache.commons.csv.CSVRecord_ESTest,34,0,False
701,Defects4J,Csv-9,0,05a6f280e0cd4f87a0f4ac0d32998cb3,org.apache.commons.csv.CSVRecord,org.apache.commons.csv.CSVRecord_ESTest,33,0,False
702,Defects4J,Math-70,0,d7cc2dccfc9b4ac2a003a90ea59cf229,org.apache.commons.math.analysis.solvers.BisectionSolver,org.apache.commons.math.analysis.solvers.BisectionSolver_ESTest,25,0,False
703,Defects4J,Math-70,0,6f5e4e9452ec41aa9420ac114106b5a8,org.apache.commons.math.analysis.solvers.BisectionSolver,org.apache.commons.math.analysis.solvers.BisectionSolver_ESTest,19,0,False
704,Defects4J,Math-70,0,a70677a3ccbb4386b6288de0c35fe52d,org.apache.commons.math.analysis.solvers.BisectionSolver,org.apache.commons.math.analysis.solvers.BisectionSolver_ESTest,22,0,False
705,Defects4J,Math-70,0,9573f7e3338044a2852cf78d53f1e0b7,org.apache.commons.math.analysis.solvers.BisectionSolver,org.apache.commons.math.analysis.solvers.BisectionSolver_ESTest,23,0,False
706,Defects4J,Math-70,0,1aabd02abec946ff83f098e60739402e,org.apache.commons.math.analysis.solvers.BisectionSolver,org.apache.commons.math.analysis.solvers.BisectionSolver_ESTest,23,0,False
707,Defects4J,Math-70,0,6537728fe65648af8c5ffb0c6ac91fd7,org.apache.commons.math.analysis.solvers.BisectionSolver,org.apache.commons.math.analysis.solvers.BisectionSolver_ESTest,22,0,False
708,Defects4J,Math-70,0,bd5c5f4384604f0c832adb781e4f1d00,org.apache.commons.math.analysis.solvers.BisectionSolver,org.apache.commons.math.analysis.solvers.BisectionSolver_ESTest,20,0,False
709,Defects4J,Math-70,0,86a9dadf431f41278197d7b17814c496,org.apache.commons.math.analysis.solvers.BisectionSolver,org.apache.commons.math.analysis.solvers.BisectionSolver_ESTest,23,0,False
710,Defects4J,Math-70,0,56b0864ba773491392d03431b1941450,org.apache.commons.math.analysis.solvers.BisectionSolver,org.apache.commons.math.analysis.solvers.BisectionSolver_ESTest,21,0,False
711,Defects4J,Math-70,0,091d6d1bee9644c0b02cd5f682241242,org.apache.commons.math.analysis.solvers.BisectionSolver,org.apache.commons.math.analysis.solvers.BisectionSolver_ESTest,22,0,False
712,Defects4J,Math-70,0,fe1862e343a8412db9be4fcfd2a943a2,org.apache.commons.math.analysis.solvers.BisectionSolver,org.apache.commons.math.analysis.solvers.BisectionSolver_ESTest,22,0,False
713,Defects4J,Math-70,0,a26b79f349ca4b47aace9d7dc71e697b,org.apache.commons.math.analysis.solvers.BisectionSolver,org.apache.commons.math.analysis.solvers.BisectionSolver_ESTest,21,0,False
714,Defects4J,Math-70,0,04b5cc623773402da23b9c0dec4bbb39,org.apache.commons.math.analysis.solvers.BisectionSolver,org.apache.commons.math.analysis.solvers.BisectionSolver_ESTest,20,0,False
715,Defects4J,Math-70,0,ce599e49ee664213818e8cdc5ff45239,org.apache.commons.math.analysis.solvers.BisectionSolver,org.apache.commons.math.analysis.solvers.BisectionSolver_ESTest,23,0,False
716,Defects4J,Math-70,0,fd1e89cd471d483cb6df8053d7ca73a5,org.apache.commons.math.analysis.solvers.BisectionSolver,org.apache.commons.math.analysis.solvers.BisectionSolver_ESTest$1,25,0,False
717,Defects4J,Math-70,0,fd1e89cd471d483cb6df8053d7ca73a5,org.apache.commons.math.analysis.solvers.BisectionSolver,org.apache.commons.math.analysis.solvers.BisectionSolver_ESTest,25,0,False
718,Defects4J,Math-70,0,94922b2631d249ea94f092abd70a104b,org.apache.commons.math.analysis.solvers.BisectionSolver,org.apache.commons.math.analysis.solvers.BisectionSolver_ESTest,23,0,False
719,Defects4J,Math-70,0,76ffe981f2004eb7a7fc14f0ecd8472d,org.apache.commons.math.analysis.solvers.BisectionSolver,org.apache.commons.math.analysis.solvers.BisectionSolver_ESTest,24,0,False
720,Defects4J,Math-70,0,496345fb63384491814acc45c607f8fc,org.apache.commons.math.analysis.solvers.BisectionSolver,org.apache.commons.math.analysis.solvers.BisectionSolver_ESTest,20,0,False
721,Defects4J,Math-70,0,6c31f1f7f4be4ae1997bce56531cf46e,org.apache.commons.math.analysis.solvers.BisectionSolver,org.apache.commons.math.analysis.solvers.BisectionSolver_ESTest,23,0,False
722,Defects4J,Math-70,0,3d74f25778ba4fa68c0d8e482df01498,org.apache.commons.math.analysis.solvers.BisectionSolver,org.apache.commons.math.analysis.solvers.BisectionSolver_ESTest,22,0,False
723,Defects4J,Math-79,0,9e865c1eeee14baf9aebd444ac5bad54,org.apache.commons.math.stat.clustering.KMeansPlusPlusClusterer,org.apache.commons.math.stat.clustering.KMeansPlusPlusClusterer_ESTest,5,0,False
724,Defects4J,Math-79,0,82f7589e23d34ef2897d695cc74df588,org.apache.commons.math.stat.clustering.KMeansPlusPlusClusterer,org.apache.commons.math.stat.clustering.KMeansPlusPlusClusterer_ESTest,4,0,False
725,Defects4J,Math-79,0,31d45c91560f4a72a391a0e88c28e6c3,org.apache.commons.math.stat.clustering.KMeansPlusPlusClusterer,org.apache.commons.math.stat.clustering.KMeansPlusPlusClusterer_ESTest,3,0,False
726,Defects4J,Math-79,0,595bc97a44764c15a7e7fecb8de7fa47,org.apache.commons.math.stat.clustering.KMeansPlusPlusClusterer,org.apache.commons.math.stat.clustering.KMeansPlusPlusClusterer_ESTest,4,0,False
727,Defects4J,Math-79,0,19b6b00033f14ce098b1c7a7fe1e65f3,org.apache.commons.math.stat.clustering.KMeansPlusPlusClusterer,org.apache.commons.math.stat.clustering.KMeansPlusPlusClusterer_ESTest,3,0,False
728,Defects4J,Math-79,0,19b6b00033f14ce098b1c7a7fe1e65f3,org.apache.commons.math.stat.clustering.KMeansPlusPlusClusterer,org.apache.commons.math.stat.clustering.KMeansPlusPlusClusterer_ESTest$1,3,0,False
729,Defects4J,Math-79,0,0026db4bd36c4a35830d28ade0709487,org.apache.commons.math.stat.clustering.KMeansPlusPlusClusterer,org.apache.commons.math.stat.clustering.KMeansPlusPlusClusterer_ESTest,3,0,False
730,Defects4J,Math-79,0,8303221a11094fbfa52e7d2b8ce5dd29,org.apache.commons.math.stat.clustering.KMeansPlusPlusClusterer,org.apache.commons.math.stat.clustering.KMeansPlusPlusClusterer_ESTest,4,0,False
731,Defects4J,Math-79,0,77058738972147b388b78a78016df32a,org.apache.commons.math.stat.clustering.KMeansPlusPlusClusterer,org.apache.commons.math.stat.clustering.KMeansPlusPlusClusterer_ESTest,3,0,False
732,Defects4J,Math-79,0,4d5878ea39cc4192938add0f1ae5dc96,org.apache.commons.math.stat.clustering.KMeansPlusPlusClusterer,org.apache.commons.math.stat.clustering.KMeansPlusPlusClusterer_ESTest,4,0,False
733,Defects4J,Math-79,0,039b09bfa93b421bb990b3778465f1a0,org.apache.commons.math.stat.clustering.KMeansPlusPlusClusterer,org.apache.commons.math.stat.clustering.KMeansPlusPlusClusterer_ESTest,4,0,False
734,Defects4J,Math-79,0,4a65113f50364dbb9632f57395c6f4bc,org.apache.commons.math.stat.clustering.KMeansPlusPlusClusterer,org.apache.commons.math.stat.clustering.KMeansPlusPlusClusterer_ESTest,4,0,False
735,Defects4J,Math-79,0,ded252b69ebb49b6b7d2eb7208b59647,org.apache.commons.math.stat.clustering.KMeansPlusPlusClusterer,org.apache.commons.math.stat.clustering.KMeansPlusPlusClusterer_ESTest,5,0,False
736,Defects4J,Math-79,0,c28bd10a08de463388ea00f2b42b5759,org.apache.commons.math.stat.clustering.KMeansPlusPlusClusterer,org.apache.commons.math.stat.clustering.KMeansPlusPlusClusterer_ESTest,4,0,False
737,Defects4J,Math-79,0,18e50632c3684944be7d9ae87a6d5598,org.apache.commons.math.stat.clustering.KMeansPlusPlusClusterer,org.apache.commons.math.stat.clustering.KMeansPlusPlusClusterer_ESTest,5,0,False
738,Defects4J,Math-79,0,acad080145c443baa65c157c6f82bb43,org.apache.commons.math.stat.clustering.KMeansPlusPlusClusterer,org.apache.commons.math.stat.clustering.KMeansPlusPlusClusterer_ESTest,3,0,False
739,Defects4J,Math-79,0,a7c43a7f4a304a20bc4f6654e6038e82,org.apache.commons.math.stat.clustering.KMeansPlusPlusClusterer,org.apache.commons.math.stat.clustering.KMeansPlusPlusClusterer_ESTest,5,0,False
740,Defects4J,Math-79,0,b2ca6e8ca28149479d42730d6bca1ba9,org.apache.commons.math.stat.clustering.KMeansPlusPlusClusterer,org.apache.commons.math.stat.clustering.KMeansPlusPlusClusterer_ESTest,4,0,False
741,Defects4J,Math-79,0,c30c72064b2e43ca99f383e0ba8d6cc8,org.apache.commons.math.stat.clustering.KMeansPlusPlusClusterer,org.apache.commons.math.stat.clustering.KMeansPlusPlusClusterer_ESTest,4,0,False
742,Defects4J,Math-79,0,922312d8771b48fba1fe823b1d5eca9e,org.apache.commons.math.stat.clustering.KMeansPlusPlusClusterer,org.apache.commons.math.stat.clustering.KMeansPlusPlusClusterer_ESTest,4,0,False
743,Defects4J,Math-79,0,ee147dee07e64c688b88bbc7a31fcf0d,org.apache.commons.math.stat.clustering.KMeansPlusPlusClusterer,org.apache.commons.math.stat.clustering.KMeansPlusPlusClusterer_ESTest,3,0,False
744,Defects4J,Csv-11,0,6fdc8bebadb64e4f8ac9c02c74f708d5,org.apache.commons.csv.CSVParser,org.apache.commons.csv.CSVParser_ESTest,25,0,False
745,Defects4J,Csv-11,0,69d4d73da46a4fa0922bfdf098d253c1,org.apache.commons.csv.CSVParser,org.apache.commons.csv.CSVParser_ESTest,25,0,False
746,Defects4J,Csv-11,0,4904a1b616a84971874a58978a44b044,org.apache.commons.csv.CSVParser,org.apache.commons.csv.CSVParser_ESTest,24,0,False
747,Defects4J,Csv-11,0,f5880635736d4584b3f40a130ea28c69,org.apache.commons.csv.CSVParser,org.apache.commons.csv.CSVParser_ESTest,25,0,False
748,Defects4J,Csv-11,0,82406de89a33491380f4697adc91e821,org.apache.commons.csv.CSVParser,org.apache.commons.csv.CSVParser_ESTest,24,0,False
749,Defects4J,Csv-11,0,c22f667492d246cfb5fc5edcdb913e66,org.apache.commons.csv.CSVParser,org.apache.commons.csv.CSVParser_ESTest,26,0,False
750,Defects4J,Csv-11,0,a1b47d6f938d4d5686176aaf76255d16,org.apache.commons.csv.CSVParser,org.apache.commons.csv.CSVParser_ESTest,24,0,False
751,Defects4J,Csv-11,0,b6afabcaee7b4df1b4ca6cab182dfe4e,org.apache.commons.csv.CSVParser,org.apache.commons.csv.CSVParser_ESTest,25,0,False
752,Defects4J,Csv-11,0,cb2b430e8e664dc1ae7ad1022b6fc02d,org.apache.commons.csv.CSVParser,org.apache.commons.csv.CSVParser_ESTest,24,0,False
753,Defects4J,Csv-11,0,2c9098161b3c46f49677f43e64905fde,org.apache.commons.csv.CSVParser,org.apache.commons.csv.CSVParser_ESTest,26,0,False
754,Defects4J,Csv-11,0,1f39015899f64a03a7a315b06b3bb62a,org.apache.commons.csv.CSVParser,org.apache.commons.csv.CSVParser_ESTest,23,0,False
755,Defects4J,Csv-11,0,ce8b90d9bf4642d68946b593ef4658b3,org.apache.commons.csv.CSVParser,org.apache.commons.csv.CSVParser_ESTest,24,0,False
756,Defects4J,Csv-11,0,18f39114d0af4d2ab2e80a1b785fed89,org.apache.commons.csv.CSVParser,org.apache.commons.csv.CSVParser_ESTest,23,0,False
757,Defects4J,Csv-11,0,728a54885bd646e299489e8ac852c492,org.apache.commons.csv.CSVParser,org.apache.commons.csv.CSVParser_ESTest,24,0,False
758,Defects4J,Csv-11,0,0a1e1a5d63fc43c49b0b2a84f771e94b,org.apache.commons.csv.CSVParser,org.apache.commons.csv.CSVParser_ESTest,24,0,False
759,Defects4J,Csv-11,0,bbe765cd43bd4561bcd2242e0cbc2557,org.apache.commons.csv.CSVParser,org.apache.commons.csv.CSVParser_ESTest,40,0,False
760,Defects4J,Csv-11,0,791460935bfd490b870525eee77323ef,org.apache.commons.csv.CSVParser,org.apache.commons.csv.CSVParser_ESTest,24,0,False
761,Defects4J,Csv-11,0,da06f83905aa4c2ba2af1f7ff9fa9d96,org.apache.commons.csv.CSVParser,org.apache.commons.csv.CSVParser_ESTest,24,0,False
762,Defects4J,Csv-11,0,34bb406bc5e147918dffb25d1dc3dddb,org.apache.commons.csv.CSVParser,org.apache.commons.csv.CSVParser_ESTest,25,0,False
763,Defects4J,Csv-11,0,507323d270df4c2d8247b29583005436,org.apache.commons.csv.CSVParser,org.apache.commons.csv.CSVParser_ESTest,23,0,False
764,Defects4J,Cli-30,0,6f9d91071c16431db1826fe5e5f88945,org.apache.commons.cli.Parser,org.apache.commons.cli.Parser_ESTest,26,0,False
765,Defects4J,Cli-30,0,6f9d91071c16431db1826fe5e5f88945,org.apache.commons.cli.DefaultParser,org.apache.commons.cli.DefaultParser_ESTest,22,0,False
766,Defects4J,Cli-30,0,036def1371cc4a83b9aa72d25f1b3e00,org.apache.commons.cli.Parser,org.apache.commons.cli.Parser_ESTest,23,0,False
767,Defects4J,Cli-30,0,036def1371cc4a83b9aa72d25f1b3e00,org.apache.commons.cli.DefaultParser,org.apache.commons.cli.DefaultParser_ESTest,26,0,False
768,Defects4J,Cli-30,0,8818050bcb5344b5a81d8ba95f593955,org.apache.commons.cli.Parser,org.apache.commons.cli.Parser_ESTest,24,0,False
769,Defects4J,Cli-30,0,8818050bcb5344b5a81d8ba95f593955,org.apache.commons.cli.DefaultParser,org.apache.commons.cli.DefaultParser_ESTest,22,0,False
770,Defects4J,Cli-30,0,3c2aa32b2af04777a080f7f48a8e7155,org.apache.commons.cli.Parser,org.apache.commons.cli.Parser_ESTest,24,0,False
771,Defects4J,Cli-30,0,3c2aa32b2af04777a080f7f48a8e7155,org.apache.commons.cli.DefaultParser,org.apache.commons.cli.DefaultParser_ESTest,23,0,False
772,Defects4J,Cli-30,0,6c0ca5fa27174dd497f4222b2fede992,org.apache.commons.cli.Parser,org.apache.commons.cli.Parser_ESTest,22,0,False
773,Defects4J,Cli-30,0,6c0ca5fa27174dd497f4222b2fede992,org.apache.commons.cli.DefaultParser,org.apache.commons.cli.DefaultParser_ESTest,27,0,False
774,Defects4J,Cli-30,0,6f9f24e734dc4d17a002014005251301,org.apache.commons.cli.Parser,org.apache.commons.cli.Parser_ESTest,23,0,False
775,Defects4J,Cli-30,0,6f9f24e734dc4d17a002014005251301,org.apache.commons.cli.DefaultParser,org.apache.commons.cli.DefaultParser_ESTest,19,0,False
776,Defects4J,Cli-30,0,38b00aaddd144e5cae5065bb4ca052e1,org.apache.commons.cli.Parser,org.apache.commons.cli.Parser_ESTest,25,0,False
777,Defects4J,Cli-30,0,38b00aaddd144e5cae5065bb4ca052e1,org.apache.commons.cli.DefaultParser,org.apache.commons.cli.DefaultParser_ESTest,24,0,False
778,Defects4J,Cli-30,0,aef5106925c7499494c10943fdf0606f,org.apache.commons.cli.Parser,org.apache.commons.cli.Parser_ESTest,22,0,False
779,Defects4J,Cli-30,0,aef5106925c7499494c10943fdf0606f,org.apache.commons.cli.DefaultParser,org.apache.commons.cli.DefaultParser_ESTest,28,0,False
780,Defects4J,Cli-30,0,1cee482b7dd64f669804aef04810dc22,org.apache.commons.cli.Parser,org.apache.commons.cli.Parser_ESTest,24,0,False
781,Defects4J,Cli-30,0,1cee482b7dd64f669804aef04810dc22,org.apache.commons.cli.DefaultParser,org.apache.commons.cli.DefaultParser_ESTest,25,0,False
782,Defects4J,Cli-30,0,bc21e78d1fe948baa981336928617173,org.apache.commons.cli.Parser,org.apache.commons.cli.Parser_ESTest,24,0,False
783,Defects4J,Cli-30,0,bc21e78d1fe948baa981336928617173,org.apache.commons.cli.DefaultParser,org.apache.commons.cli.DefaultParser_ESTest,20,0,False
784,Defects4J,Cli-30,0,65fa3f764d254c1ea97cd1b3aad9567e,org.apache.commons.cli.Parser,org.apache.commons.cli.Parser_ESTest,22,0,False
785,Defects4J,Cli-30,0,65fa3f764d254c1ea97cd1b3aad9567e,org.apache.commons.cli.DefaultParser,org.apache.commons.cli.DefaultParser_ESTest,20,0,False
786,Defects4J,Cli-30,0,fd3e9bbe27684c628cda4ed2e3d1ab82,org.apache.commons.cli.Parser,org.apache.commons.cli.Parser_ESTest,23,0,False
787,Defects4J,Cli-30,0,fd3e9bbe27684c628cda4ed2e3d1ab82,org.apache.commons.cli.DefaultParser,org.apache.commons.cli.DefaultParser_ESTest,26,0,False
788,Defects4J,Cli-30,0,3567259c03ae4963b4240be43de13e3c,org.apache.commons.cli.Parser,org.apache.commons.cli.Parser_ESTest,21,0,False
789,Defects4J,Cli-30,0,3567259c03ae4963b4240be43de13e3c,org.apache.commons.cli.DefaultParser,org.apache.commons.cli.DefaultParser_ESTest,24,0,False
790,Defects4J,Cli-30,0,20755d5ef1194861b4d782c4f94cde2d,org.apache.commons.cli.Parser,org.apache.commons.cli.Parser_ESTest,28,0,False
791,Defects4J,Cli-30,0,20755d5ef1194861b4d782c4f94cde2d,org.apache.commons.cli.DefaultParser,org.apache.commons.cli.DefaultParser_ESTest,19,0,False
792,Defects4J,Cli-30,0,e299c5e4f39147a68a9d4c6aaa625b40,org.apache.commons.cli.Parser,org.apache.commons.cli.Parser_ESTest,26,0,False
793,Defects4J,Cli-30,0,e299c5e4f39147a68a9d4c6aaa625b40,org.apache.commons.cli.DefaultParser,org.apache.commons.cli.DefaultParser_ESTest,27,0,False
794,Defects4J,Cli-30,0,c68cb5fa8ff44cd1b271e74d71bdb4a4,org.apache.commons.cli.Parser,org.apache.commons.cli.Parser_ESTest,23,0,False
795,Defects4J,Cli-30,0,c68cb5fa8ff44cd1b271e74d71bdb4a4,org.apache.commons.cli.DefaultParser,org.apache.commons.cli.DefaultParser_ESTest,27,0,False
796,Defects4J,Cli-30,0,7306a60afcf3448db5544643713bda8c,org.apache.commons.cli.Parser,org.apache.commons.cli.Parser_ESTest,24,0,False
797,Defects4J,Cli-30,0,7306a60afcf3448db5544643713bda8c,org.apache.commons.cli.DefaultParser,org.apache.commons.cli.DefaultParser_ESTest,25,0,False
798,Defects4J,Cli-30,0,bf87812c07354d819dd1a6c355323fe5,org.apache.commons.cli.Parser,org.apache.commons.cli.Parser_ESTest,23,0,False
799,Defects4J,Cli-30,0,bf87812c07354d819dd1a6c355323fe5,org.apache.commons.cli.DefaultParser,org.apache.commons.cli.DefaultParser_ESTest,26,0,False
800,Defects4J,Cli-30,0,834bfa7aabe04e3ead4fa3297e4f5da7,org.apache.commons.cli.Parser,org.apache.commons.cli.Parser_ESTest,23,0,False
801,Defects4J,Cli-30,0,834bfa7aabe04e3ead4fa3297e4f5da7,org.apache.commons.cli.DefaultParser,org.apache.commons.cli.DefaultParser_ESTest,29,0,False
802,Defects4J,Cli-30,0,6fd2fb7b0a1e44dcae2d52d4ffd12e20,org.apache.commons.cli.Parser,org.apache.commons.cli.Parser_ESTest,25,0,False
803,Defects4J,Cli-30,0,6fd2fb7b0a1e44dcae2d52d4ffd12e20,org.apache.commons.cli.DefaultParser,org.apache.commons.cli.DefaultParser_ESTest,24,0,False
804,Defects4J,Cli-30,1,6f9d91071c16431db1826fe5e5f88945,org.apache.commons.cli.Parser,org.apache.commons.cli.Parser_ESTest,26,0,False
805,Defects4J,Cli-30,1,6f9d91071c16431db1826fe5e5f88945,org.apache.commons.cli.DefaultParser,org.apache.commons.cli.DefaultParser_ESTest,22,0,False
806,Defects4J,Cli-30,1,036def1371cc4a83b9aa72d25f1b3e00,org.apache.commons.cli.Parser,org.apache.commons.cli.Parser_ESTest,23,0,False
807,Defects4J,Cli-30,1,036def1371cc4a83b9aa72d25f1b3e00,org.apache.commons.cli.DefaultParser,org.apache.commons.cli.DefaultParser_ESTest,26,0,False
808,Defects4J,Cli-30,1,8818050bcb5344b5a81d8ba95f593955,org.apache.commons.cli.Parser,org.apache.commons.cli.Parser_ESTest,24,0,False
809,Defects4J,Cli-30,1,8818050bcb5344b5a81d8ba95f593955,org.apache.commons.cli.DefaultParser,org.apache.commons.cli.DefaultParser_ESTest,22,0,False
810,Defects4J,Cli-30,1,3c2aa32b2af04777a080f7f48a8e7155,org.apache.commons.cli.Parser,org.apache.commons.cli.Parser_ESTest,24,0,False
811,Defects4J,Cli-30,1,3c2aa32b2af04777a080f7f48a8e7155,org.apache.commons.cli.DefaultParser,org.apache.commons.cli.DefaultParser_ESTest,23,0,False
812,Defects4J,Cli-30,1,6c0ca5fa27174dd497f4222b2fede992,org.apache.commons.cli.Parser,org.apache.commons.cli.Parser_ESTest,22,0,False
813,Defects4J,Cli-30,1,6c0ca5fa27174dd497f4222b2fede992,org.apache.commons.cli.DefaultParser,org.apache.commons.cli.DefaultParser_ESTest,27,0,False
814,Defects4J,Cli-30,1,6f9f24e734dc4d17a002014005251301,org.apache.commons.cli.Parser,org.apache.commons.cli.Parser_ESTest,23,0,False
815,Defects4J,Cli-30,1,6f9f24e734dc4d17a002014005251301,org.apache.commons.cli.DefaultParser,org.apache.commons.cli.DefaultParser_ESTest,19,0,False
816,Defects4J,Cli-30,1,38b00aaddd144e5cae5065bb4ca052e1,org.apache.commons.cli.Parser,org.apache.commons.cli.Parser_ESTest,25,0,False
817,Defects4J,Cli-30,1,38b00aaddd144e5cae5065bb4ca052e1,org.apache.commons.cli.DefaultParser,org.apache.commons.cli.DefaultParser_ESTest,24,0,False
818,Defects4J,Cli-30,1,aef5106925c7499494c10943fdf0606f,org.apache.commons.cli.Parser,org.apache.commons.cli.Parser_ESTest,22,0,False
819,Defects4J,Cli-30,1,aef5106925c7499494c10943fdf0606f,org.apache.commons.cli.DefaultParser,org.apache.commons.cli.DefaultParser_ESTest,28,0,False
820,Defects4J,Cli-30,1,1cee482b7dd64f669804aef04810dc22,org.apache.commons.cli.Parser,org.apache.commons.cli.Parser_ESTest,24,0,False
821,Defects4J,Cli-30,1,1cee482b7dd64f669804aef04810dc22,org.apache.commons.cli.DefaultParser,org.apache.commons.cli.DefaultParser_ESTest,25,0,False
822,Defects4J,Cli-30,1,bc21e78d1fe948baa981336928617173,org.apache.commons.cli.Parser,org.apache.commons.cli.Parser_ESTest,24,0,False
823,Defects4J,Cli-30,1,bc21e78d1fe948baa981336928617173,org.apache.commons.cli.DefaultParser,org.apache.commons.cli.DefaultParser_ESTest,20,0,False
824,Defects4J,Cli-30,1,65fa3f764d254c1ea97cd1b3aad9567e,org.apache.commons.cli.Parser,org.apache.commons.cli.Parser_ESTest,22,0,False
825,Defects4J,Cli-30,1,65fa3f764d254c1ea97cd1b3aad9567e,org.apache.commons.cli.DefaultParser,org.apache.commons.cli.DefaultParser_ESTest,20,0,False
826,Defects4J,Cli-30,1,fd3e9bbe27684c628cda4ed2e3d1ab82,org.apache.commons.cli.Parser,org.apache.commons.cli.Parser_ESTest,23,0,False
827,Defects4J,Cli-30,1,fd3e9bbe27684c628cda4ed2e3d1ab82,org.apache.commons.cli.DefaultParser,org.apache.commons.cli.DefaultParser_ESTest,26,0,False
828,Defects4J,Cli-30,1,3567259c03ae4963b4240be43de13e3c,org.apache.commons.cli.Parser,org.apache.commons.cli.Parser_ESTest,21,0,False
829,Defects4J,Cli-30,1,3567259c03ae4963b4240be43de13e3c,org.apache.commons.cli.DefaultParser,org.apache.commons.cli.DefaultParser_ESTest,24,0,False
830,Defects4J,Cli-30,1,20755d5ef1194861b4d782c4f94cde2d,org.apache.commons.cli.Parser,org.apache.commons.cli.Parser_ESTest,28,0,False
831,Defects4J,Cli-30,1,20755d5ef1194861b4d782c4f94cde2d,org.apache.commons.cli.DefaultParser,org.apache.commons.cli.DefaultParser_ESTest,19,0,False
832,Defects4J,Cli-30,1,e299c5e4f39147a68a9d4c6aaa625b40,org.apache.commons.cli.Parser,org.apache.commons.cli.Parser_ESTest,26,0,False
833,Defects4J,Cli-30,1,e299c5e4f39147a68a9d4c6aaa625b40,org.apache.commons.cli.DefaultParser,org.apache.commons.cli.DefaultParser_ESTest,27,0,False
834,Defects4J,Cli-30,1,c68cb5fa8ff44cd1b271e74d71bdb4a4,org.apache.commons.cli.Parser,org.apache.commons.cli.Parser_ESTest,23,0,False
835,Defects4J,Cli-30,1,c68cb5fa8ff44cd1b271e74d71bdb4a4,org.apache.commons.cli.DefaultParser,org.apache.commons.cli.DefaultParser_ESTest,27,0,False
836,Defects4J,Cli-30,1,7306a60afcf3448db5544643713bda8c,org.apache.commons.cli.Parser,org.apache.commons.cli.Parser_ESTest,24,0,False
837,Defects4J,Cli-30,1,7306a60afcf3448db5544643713bda8c,org.apache.commons.cli.DefaultParser,org.apache.commons.cli.DefaultParser_ESTest,25,0,False
838,Defects4J,Cli-30,1,bf87812c07354d819dd1a6c355323fe5,org.apache.commons.cli.Parser,org.apache.commons.cli.Parser_ESTest,23,0,False
839,Defects4J,Cli-30,1,bf87812c07354d819dd1a6c355323fe5,org.apache.commons.cli.DefaultParser,org.apache.commons.cli.DefaultParser_ESTest,26,0,False
840,Defects4J,Cli-30,1,834bfa7aabe04e3ead4fa3297e4f5da7,org.apache.commons.cli.Parser,org.apache.commons.cli.Parser_ESTest,23,0,False
841,Defects4J,Cli-30,1,834bfa7aabe04e3ead4fa3297e4f5da7,org.apache.commons.cli.DefaultParser,org.apache.commons.cli.DefaultParser_ESTest,29,0,False
842,Defects4J,Cli-30,1,6fd2fb7b0a1e44dcae2d52d4ffd12e20,org.apache.commons.cli.Parser,org.apache.commons.cli.Parser_ESTest,25,0,False
843,Defects4J,Cli-30,1,6fd2fb7b0a1e44dcae2d52d4ffd12e20,org.apache.commons.cli.DefaultParser,org.apache.commons.cli.DefaultParser_ESTest,24,0,False
844,NPEX,PDFBox-55586aad,0,aeb8de5086ec464480de8bd6566c1f80,org.apache.pdfbox.pdmodel.interactive.action.PDActionURI,org.apache.pdfbox.pdmodel.interactive.action.PDActionURI_ESTest,4,0,False
845,NPEX,PDFBox-55586aad,0,7f5e1f5d8fc343cab6a600c25512efe3,org.apache.pdfbox.pdmodel.interactive.action.PDActionURI,org.apache.pdfbox.pdmodel.interactive.action.PDActionURI_ESTest,4,0,False
846,NPEX,PDFBox-55586aad,0,09a81779515d4b15acde726fd93e0a53,org.apache.pdfbox.pdmodel.interactive.action.PDActionURI,org.apache.pdfbox.pdmodel.interactive.action.PDActionURI_ESTest,4,0,False
847,NPEX,PDFBox-55586aad,0,d9d4a4fcf47b4712a12728af3ce75ab8,org.apache.pdfbox.pdmodel.interactive.action.PDActionURI,org.apache.pdfbox.pdmodel.interactive.action.PDActionURI_ESTest,4,0,False
848,NPEX,PDFBox-55586aad,0,a04e6ac7ff474941921d58f3b2726f1b,org.apache.pdfbox.pdmodel.interactive.action.PDActionURI,org.apache.pdfbox.pdmodel.interactive.action.PDActionURI_ESTest,4,0,False
849,NPEX,PDFBox-55586aad,0,bb3a8b02d91a4ab6b2376c94a3f09623,org.apache.pdfbox.pdmodel.interactive.action.PDActionURI,org.apache.pdfbox.pdmodel.interactive.action.PDActionURI_ESTest,4,0,False
850,NPEX,PDFBox-55586aad,0,776469fce4c8499ca05da9a7b062d010,org.apache.pdfbox.pdmodel.interactive.action.PDActionURI,org.apache.pdfbox.pdmodel.interactive.action.PDActionURI_ESTest,4,0,False
851,NPEX,PDFBox-55586aad,0,aaddcb4991b744a98b778e795cc6a25e,org.apache.pdfbox.pdmodel.interactive.action.PDActionURI,org.apache.pdfbox.pdmodel.interactive.action.PDActionURI_ESTest,4,0,False
852,NPEX,PDFBox-55586aad,0,106e4fb4dc3a4d86bf417b1a5d4d4fa0,org.apache.pdfbox.pdmodel.interactive.action.PDActionURI,org.apache.pdfbox.pdmodel.interactive.action.PDActionURI_ESTest,4,0,False
853,NPEX,PDFBox-55586aad,0,94ca63eb60d743d7bb6fe72279ab5e34,org.apache.pdfbox.pdmodel.interactive.action.PDActionURI,org.apache.pdfbox.pdmodel.interactive.action.PDActionURI_ESTest,4,0,False
854,NPEX,PDFBox-55586aad,0,59f4a72321e44980bb5e1438c855a6ad,org.apache.pdfbox.pdmodel.interactive.action.PDActionURI,org.apache.pdfbox.pdmodel.interactive.action.PDActionURI_ESTest,4,0,False
855,NPEX,PDFBox-55586aad,0,09412ca2322b4fe4905acb9736301e3c,org.apache.pdfbox.pdmodel.interactive.action.PDActionURI,org.apache.pdfbox.pdmodel.interactive.action.PDActionURI_ESTest,4,0,False
856,NPEX,PDFBox-55586aad,0,28f07bee7d7741e480b378174b5daa60,org.apache.pdfbox.pdmodel.interactive.action.PDActionURI,org.apache.pdfbox.pdmodel.interactive.action.PDActionURI_ESTest,4,0,False
857,NPEX,PDFBox-55586aad,0,663cb35db87147418c006cdf03a8548c,org.apache.pdfbox.pdmodel.interactive.action.PDActionURI,org.apache.pdfbox.pdmodel.interactive.action.PDActionURI_ESTest,4,0,False
858,NPEX,Log4j_2-6a233016,0,73de87ae17c04b37b384cd3eccde0a14,org.apache.logging.log4j.core.async.RingBufferLogEvent,org.apache.logging.log4j.core.async.RingBufferLogEvent_ESTest,80,0,False
859,NPEX,Log4j_2-6a233016,0,bfa14d22bcce4d2c99d04a449977d427,org.apache.logging.log4j.core.async.RingBufferLogEvent,org.apache.logging.log4j.core.async.RingBufferLogEvent_ESTest,82,0,False
860,NPEX,Log4j_2-6a233016,0,43de5d39b7a34b1e9f9fee7d26b1a4f0,org.apache.logging.log4j.core.async.RingBufferLogEvent,org.apache.logging.log4j.core.async.RingBufferLogEvent_ESTest,79,0,False
861,NPEX,Log4j_2-6a233016,0,e2c0dcc11ef9423383309d0de7e3fcb3,org.apache.logging.log4j.core.async.RingBufferLogEvent,org.apache.logging.log4j.core.async.RingBufferLogEvent_ESTest,79,0,False
862,NPEX,Log4j_2-6a233016,0,44601bad75b640719b237da981f2acc2,org.apache.logging.log4j.core.async.RingBufferLogEvent,org.apache.logging.log4j.core.async.RingBufferLogEvent_ESTest,82,0,False
863,NPEX,Log4j_2-6a233016,0,b148a84c84a24720a9777ee13884f0d4,org.apache.logging.log4j.core.async.RingBufferLogEvent,org.apache.logging.log4j.core.async.RingBufferLogEvent_ESTest,82,0,False
864,NPEX,Log4j_2-6a233016,0,f95d5d0a440d42a2b52324919b548f52,org.apache.logging.log4j.core.async.RingBufferLogEvent,org.apache.logging.log4j.core.async.RingBufferLogEvent_ESTest,89,0,False
865,NPEX,Log4j_2-6a233016,0,7975c1ecf66a47f69e1641c8630224f0,org.apache.logging.log4j.core.async.RingBufferLogEvent,org.apache.logging.log4j.core.async.RingBufferLogEvent_ESTest,85,0,False
866,NPEX,Log4j_2-6a233016,0,a73f7ae14af043889d8f470f66c56ba7,org.apache.logging.log4j.core.async.RingBufferLogEvent,org.apache.logging.log4j.core.async.RingBufferLogEvent_ESTest,84,0,False
867,NPEX,Log4j_2-6a233016,0,0d5fdf3788e84e92b1d46e6c6b4df66c,org.apache.logging.log4j.core.async.RingBufferLogEvent,org.apache.logging.log4j.core.async.RingBufferLogEvent_ESTest,79,0,False
868,NPEX,Log4j_2-6a233016,0,80b4b507d7224a37a6a6dea28e68a3cf,org.apache.logging.log4j.core.async.RingBufferLogEvent,org.apache.logging.log4j.core.async.RingBufferLogEvent_ESTest,81,0,False
869,NPEX,Log4j_2-6a233016,0,9f32f7ad3ea44092aa8001002715b8ac,org.apache.logging.log4j.core.async.RingBufferLogEvent,org.apache.logging.log4j.core.async.RingBufferLogEvent_ESTest,84,0,False
870,NPEX,Log4j_2-6a233016,0,0ce50ff8e821428d9ddd26f84f834ec1,org.apache.logging.log4j.core.async.RingBufferLogEvent,org.apache.logging.log4j.core.async.RingBufferLogEvent_ESTest,79,0,False
871,NPEX,Log4j_2-6a233016,0,954a19d3c6244d1c98542d16e83bafab,org.apache.logging.log4j.core.async.RingBufferLogEvent,org.apache.logging.log4j.core.async.RingBufferLogEvent_ESTest,85,0,False
872,NPEX,Log4j_2-6a233016,0,7b2e050b841b4382a1749208b7fd1c4f,org.apache.logging.log4j.core.async.RingBufferLogEvent,org.apache.logging.log4j.core.async.RingBufferLogEvent_ESTest,79,0,False
873,NPEX,Log4j_2-6a233016,0,3f90cdafd39b4eaf9089913646924fd9,org.apache.logging.log4j.core.async.RingBufferLogEvent,org.apache.logging.log4j.core.async.RingBufferLogEvent_ESTest,78,0,False
874,NPEX,Log4j_2-6a233016,0,25b5d3ac10d549a0b7acff5312e43776,org.apache.logging.log4j.core.async.RingBufferLogEvent,org.apache.logging.log4j.core.async.RingBufferLogEvent_ESTest,80,0,False
875,NPEX,Log4j_2-6a233016,0,8952dfbdd8c444678000c0fe19acfaca,org.apache.logging.log4j.core.async.RingBufferLogEvent,org.apache.logging.log4j.core.async.RingBufferLogEvent_ESTest,89,0,False
876,NPEX,Log4j_2-6a233016,0,e7aa7a77216b48b68ee0906ed34e91f2,org.apache.logging.log4j.core.async.RingBufferLogEvent,org.apache.logging.log4j.core.async.RingBufferLogEvent_ESTest,81,0,False
877,NPEX,Aries_JPA-97cb979d,0,a179b8d522d147e9a4b78f136076633d,org.apache.aries.jpa.blueprint.impl.AnnotationScanner,org.apache.aries.jpa.blueprint.impl.AnnotationScanner_ESTest,1,0,False
878,NPEX,Aries_JPA-97cb979d,0,240eed9c28cc4b40a9640f7b07acbedb,org.apache.aries.jpa.blueprint.impl.AnnotationScanner,org.apache.aries.jpa.blueprint.impl.AnnotationScanner_ESTest,1,0,False
879,NPEX,Aries_JPA-97cb979d,0,f746403ecff94e82b4b0a3363bbd9e44,org.apache.aries.jpa.blueprint.impl.AnnotationScanner,org.apache.aries.jpa.blueprint.impl.AnnotationScanner_ESTest,1,0,False
880,NPEX,Aries_JPA-97cb979d,0,fcd2b9cce1de4f7f9e37c23859858cd0,org.apache.aries.jpa.blueprint.impl.AnnotationScanner,org.apache.aries.jpa.blueprint.impl.AnnotationScanner_ESTest,1,0,False
881,NPEX,Aries_JPA-97cb979d,0,8773c7a0624b4e98a44ad4aae3679a2e,org.apache.aries.jpa.blueprint.impl.AnnotationScanner,org.apache.aries.jpa.blueprint.impl.AnnotationScanner_ESTest,1,0,False
882,NPEX,Aries_JPA-97cb979d,0,9ce9fa760767405d86144d0d811ad46b,org.apache.aries.jpa.blueprint.impl.AnnotationScanner,org.apache.aries.jpa.blueprint.impl.AnnotationScanner_ESTest,1,0,False
883,NPEX,Aries_JPA-97cb979d,0,c456605a4d35412b855d589d71bd1020,org.apache.aries.jpa.blueprint.impl.AnnotationScanner,org.apache.aries.jpa.blueprint.impl.AnnotationScanner_ESTest,1,0,False
884,NPEX,Aries_JPA-97cb979d,0,5cf32dc5ff2048819b1f6c37009fe5bf,org.apache.aries.jpa.blueprint.impl.AnnotationScanner,org.apache.aries.jpa.blueprint.impl.AnnotationScanner_ESTest,1,0,False
885,NPEX,Aries_JPA-97cb979d,0,431a3da2c21848c592bf36dfd7f9df8e,org.apache.aries.jpa.blueprint.impl.AnnotationScanner,org.apache.aries.jpa.blueprint.impl.AnnotationScanner_ESTest,1,0,False
886,NPEX,Aries_JPA-97cb979d,0,803c044e884a4ab0bd8456c8315f24cf,org.apache.aries.jpa.blueprint.impl.AnnotationScanner,org.apache.aries.jpa.blueprint.impl.AnnotationScanner_ESTest,1,0,False
887,NPEX,Aries_JPA-97cb979d,0,499b3a45543a4b32a17d24370cd35c00,org.apache.aries.jpa.blueprint.impl.AnnotationScanner,org.apache.aries.jpa.blueprint.impl.AnnotationScanner_ESTest,1,0,False
888,NPEX,Aries_JPA-97cb979d,0,cd478596795447129cf9d82b35e1033c,org.apache.aries.jpa.blueprint.impl.AnnotationScanner,org.apache.aries.jpa.blueprint.impl.AnnotationScanner_ESTest,1,0,False
889,NPEX,Aries_JPA-97cb979d,0,a7593624610b482cb6235697401cb349,org.apache.aries.jpa.blueprint.impl.AnnotationScanner,org.apache.aries.jpa.blueprint.impl.AnnotationScanner_ESTest,1,0,False
890,NPEX,Aries_JPA-97cb979d,0,3e17ba06bd62411e94f58a055954631e,org.apache.aries.jpa.blueprint.impl.AnnotationScanner,org.apache.aries.jpa.blueprint.impl.AnnotationScanner_ESTest,1,0,False
891,NPEX,Aries_JPA-97cb979d,0,434f124bb4b64798aca1fe1df9895f0d,org.apache.aries.jpa.blueprint.impl.AnnotationScanner,org.apache.aries.jpa.blueprint.impl.AnnotationScanner_ESTest,1,0,False
892,NPEX,Aries_JPA-97cb979d,0,32278db516184e60bee1b9a229830d8c,org.apache.aries.jpa.blueprint.impl.AnnotationScanner,org.apache.aries.jpa.blueprint.impl.AnnotationScanner_ESTest,1,0,False
893,NPEX,Aries_JPA-97cb979d,0,e3f4d9b07e82408a80569edf4ea7f655,org.apache.aries.jpa.blueprint.impl.AnnotationScanner,org.apache.aries.jpa.blueprint.impl.AnnotationScanner_ESTest,1,0,False
894,NPEX,Aries_JPA-97cb979d,0,40b6fd42d1d44128b93454e6153e89b3,org.apache.aries.jpa.blueprint.impl.AnnotationScanner,org.apache.aries.jpa.blueprint.impl.AnnotationScanner_ESTest,1,0,False
895,NPEX,Aries_JPA-97cb979d,0,265aa6ca348f40cd83b551ca7de6afbd,org.apache.aries.jpa.blueprint.impl.AnnotationScanner,org.apache.aries.jpa.blueprint.impl.AnnotationScanner_ESTest,1,0,False
896,NPEX,Aries_JPA-97cb979d,0,bbf51a4681814c0eb2a8e920b53990e2,org.apache.aries.jpa.blueprint.impl.AnnotationScanner,org.apache.aries.jpa.blueprint.impl.AnnotationScanner_ESTest,1,0,False
897,NPEX,Activiti-c45d6c3c,0,c1ce5d35ff774abcb9d61edcb1a78261,org.activiti.engine.impl.variable.JPAEntityMappings,org.activiti.engine.impl.variable.JPAEntityMappings_ESTest,7,0,False
898,NPEX,Activiti-c45d6c3c,0,6084d5e826a1436aa50bf1f3c261ac76,org.activiti.engine.impl.variable.JPAEntityMappings,org.activiti.engine.impl.variable.JPAEntityMappings_ESTest,5,0,False
899,NPEX,Activiti-c45d6c3c,0,4588f68a4de645bfa260343ca321dfd1,org.activiti.engine.impl.variable.JPAEntityMappings,org.activiti.engine.impl.variable.JPAEntityMappings_ESTest,7,0,False
900,NPEX,Activiti-c45d6c3c,0,ca2d866dcb004452820e673b02b3a637,org.activiti.engine.impl.variable.JPAEntityMappings,org.activiti.engine.impl.variable.JPAEntityMappings_ESTest,7,0,False
901,NPEX,Activiti-c45d6c3c,0,bd14f5d831c94cc98a57808f2fb72d5c,org.activiti.engine.impl.variable.JPAEntityMappings,org.activiti.engine.impl.variable.JPAEntityMappings_ESTest,6,0,False
902,NPEX,Activiti-c45d6c3c,0,528f6cdbc7724644a3f4c6cd4efec2a4,org.activiti.engine.impl.variable.JPAEntityMappings,org.activiti.engine.impl.variable.JPAEntityMappings_ESTest,5,0,False
903,NPEX,Activiti-c45d6c3c,0,a46ae53b589c4e178ec83e1743e92fa1,org.activiti.engine.impl.variable.JPAEntityMappings,org.activiti.engine.impl.variable.JPAEntityMappings_ESTest,6,0,False
904,NPEX,Activiti-c45d6c3c,0,a85e949e0ac84f9a82e3a5b05d52ef51,org.activiti.engine.impl.variable.JPAEntityMappings,org.activiti.engine.impl.variable.JPAEntityMappings_ESTest,6,0,False
905,NPEX,Activiti-c45d6c3c,0,1379617b64f84ef3b851d28f11295495,org.activiti.engine.impl.variable.JPAEntityMappings,org.activiti.engine.impl.variable.JPAEntityMappings_ESTest,6,0,False
906,NPEX,Activiti-c45d6c3c,0,f1b6a3eb3bf545e7be887521a93b9698,org.activiti.engine.impl.variable.JPAEntityMappings,org.activiti.engine.impl.variable.JPAEntityMappings_ESTest,7,0,False
907,NPEX,Activiti-c45d6c3c,0,3ea04bd9ac3a419e84a771d5549398bd,org.activiti.engine.impl.variable.JPAEntityMappings,org.activiti.engine.impl.variable.JPAEntityMappings_ESTest,6,0,False
908,NPEX,Activiti-c45d6c3c,0,9c6ae86f078e4db5bac2d25a77041c8a,org.activiti.engine.impl.variable.JPAEntityMappings,org.activiti.engine.impl.variable.JPAEntityMappings_ESTest,5,0,False
909,NPEX,Activiti-c45d6c3c,0,7ace3163b42a46e1ae475f123da6106d,org.activiti.engine.impl.variable.JPAEntityMappings,org.activiti.engine.impl.variable.JPAEntityMappings_ESTest,8,0,False
910,NPEX,Activiti-c45d6c3c,0,34452bb107e64a12aa873a7b7ec1725a,org.activiti.engine.impl.variable.JPAEntityMappings,org.activiti.engine.impl.variable.JPAEntityMappings_ESTest,8,0,False
911,NPEX,Activiti-c45d6c3c,0,f5896c823df24520b272a257231b76b8,org.activiti.engine.impl.variable.JPAEntityMappings,org.activiti.engine.impl.variable.JPAEntityMappings_ESTest,7,0,False
912,NPEX,Activiti-c45d6c3c,0,f7a4ad70f11d4ecd9e949cc96c8e711e,org.activiti.engine.impl.variable.JPAEntityMappings,org.activiti.engine.impl.variable.JPAEntityMappings_ESTest,6,0,False
913,NPEX,Activiti-c45d6c3c,0,a5e9c8d44ae64fdd96dddd3c1166403a,org.activiti.engine.impl.variable.JPAEntityMappings,org.activiti.engine.impl.variable.JPAEntityMappings_ESTest,7,0,False
914,NPEX,Activiti-c45d6c3c,0,e7394b6972dd4f1cb913f32b3a33c514,org.activiti.engine.impl.variable.JPAEntityMappings,org.activiti.engine.impl.variable.JPAEntityMappings_ESTest,6,0,False
915,NPEX,Activiti-c45d6c3c,0,8c939de3afd3455e9774db2abf442ee7,org.activiti.engine.impl.variable.JPAEntityMappings,org.activiti.engine.impl.variable.JPAEntityMappings_ESTest,4,0,False
916,NPEX,Activiti-c45d6c3c,0,7016ac1a6ee74821b774c0a20e2b389f,org.activiti.engine.impl.variable.JPAEntityMappings,org.activiti.engine.impl.variable.JPAEntityMappings_ESTest,7,0,False
917,NPEX,Nutz-87a4b212,0,3a8a129f8b7d4cbca83f7d24209a745c,org.nutz.lang.Mirror,org.nutz.lang.Mirror_ESTest,276,0,False
918,NPEX,Nutz-87a4b212,0,56c4ee9ab2c54c47b5db2eea9509ecdb,org.nutz.lang.Mirror,org.nutz.lang.Mirror_ESTest,274,0,False
919,NPEX,Nutz-87a4b212,0,65ab069c09794ec69e3c2ed723dc7073,org.nutz.lang.Mirror,org.nutz.lang.Mirror_ESTest,270,0,False
920,NPEX,Nutz-87a4b212,0,22a30a20b1b245019618fcdcd5ed4861,org.nutz.lang.Mirror,org.nutz.lang.Mirror_ESTest,268,0,False
921,NPEX,Nutz-87a4b212,0,b7e6c7ecd63c411088cdb4d91424b9c8,org.nutz.lang.Mirror,org.nutz.lang.Mirror_ESTest,270,0,False
922,NPEX,Nutz-87a4b212,0,5ad356a4b87249a4b3548e0d7f47d279,org.nutz.lang.Mirror,org.nutz.lang.Mirror_ESTest,272,0,False
923,NPEX,Nutz-87a4b212,0,0aa761d269274a52a7d95f81175e0a7f,org.nutz.lang.Mirror,org.nutz.lang.Mirror_ESTest,260,0,False
924,NPEX,Nutz-87a4b212,0,c7463d647a174b2188eaec704589d419,org.nutz.lang.Mirror,org.nutz.lang.Mirror_ESTest,278,0,False
925,NPEX,Nutz-87a4b212,0,eb1685bc092744f3b00c6e81b4fb10e1,org.nutz.lang.Mirror,org.nutz.lang.Mirror_ESTest,282,0,True
926,NPEX,Nutz-87a4b212,0,9d2111d6fb594462a8483d6992ff1db3,org.nutz.lang.Mirror,org.nutz.lang.Mirror_ESTest,276,0,False
927,NPEX,Nutz-87a4b212,0,824959c9b4d84ab0870b73ef4b8a5433,org.nutz.lang.Mirror,org.nutz.lang.Mirror_ESTest,272,0,False
928,NPEX,Nutz-87a4b212,0,51c52b49f270411bb5f3e4a5354d1adc,org.nutz.lang.Mirror,org.nutz.lang.Mirror_ESTest,284,0,False
929,NPEX,Nutz-87a4b212,0,ec3a4b0d75214e6099bd0f2e1ce8d78c,org.nutz.lang.Mirror,org.nutz.lang.Mirror_ESTest,272,0,False
930,NPEX,Nutz-87a4b212,0,6175f23756da4c00a7ceedae78241ab4,org.nutz.lang.Mirror,org.nutz.lang.Mirror_ESTest,266,0,False
931,NPEX,Nutz-87a4b212,0,6e3fe91d0d994dfebf7d0291bfa60fa5,org.nutz.lang.Mirror,org.nutz.lang.Mirror_ESTest,270,0,False
932,NPEX,Nutz-87a4b212,0,196a65dc42fb40bcbe4279c5a17f7124,org.nutz.lang.Mirror,org.nutz.lang.Mirror_ESTest,270,0,False
933,NPEX,Nutz-87a4b212,0,659c14f5f35643c28e7b22cb7869e1ae,org.nutz.lang.Mirror,org.nutz.lang.Mirror_ESTest,261,0,False
934,NPEX,OpenPDF-a89dfdf5,0,4406fa55cd8e4cf8b1213d01098aaaf5,com.lowagie.text.pdf.StandardDecryption,com.lowagie.text.pdf.StandardDecryption_ESTest,5,0,False
935,NPEX,OpenPDF-a89dfdf5,0,573d0385b4bf4745be0ef85bbde0018f,com.lowagie.text.pdf.StandardDecryption,com.lowagie.text.pdf.StandardDecryption_ESTest,5,0,False
936,NPEX,OpenPDF-a89dfdf5,0,83cb02c9b8274c4e9338437ef924df1a,com.lowagie.text.pdf.StandardDecryption,com.lowagie.text.pdf.StandardDecryption_ESTest,6,0,False
937,NPEX,OpenPDF-a89dfdf5,0,6099d77a62844d07a269aa9340638743,com.lowagie.text.pdf.StandardDecryption,com.lowagie.text.pdf.StandardDecryption_ESTest,3,0,False
938,NPEX,OpenPDF-a89dfdf5,0,a358d9cf98e64434b0f2cbab84d88138,com.lowagie.text.pdf.StandardDecryption,com.lowagie.text.pdf.StandardDecryption_ESTest,5,0,False
939,NPEX,OpenPDF-a89dfdf5,0,f15b6c9754b74448a6595fbd56bd9b37,com.lowagie.text.pdf.StandardDecryption,com.lowagie.text.pdf.StandardDecryption_ESTest,6,0,False
940,NPEX,OpenPDF-a89dfdf5,0,1be5494153f241fca9260b1ce82c496b,com.lowagie.text.pdf.StandardDecryption,com.lowagie.text.pdf.StandardDecryption_ESTest,5,0,False
941,NPEX,OpenPDF-a89dfdf5,0,c34c1813422a4c849cb962d5d4bd4421,com.lowagie.text.pdf.StandardDecryption,com.lowagie.text.pdf.StandardDecryption_ESTest,5,0,False
942,NPEX,OpenPDF-a89dfdf5,0,e20c2287511149d58413f182a3d9a7bc,com.lowagie.text.pdf.StandardDecryption,com.lowagie.text.pdf.StandardDecryption_ESTest,5,0,False
943,NPEX,OpenPDF-a89dfdf5,0,d05ae12501704a6ebd2843921080801f,com.lowagie.text.pdf.StandardDecryption,com.lowagie.text.pdf.StandardDecryption_ESTest,5,0,False
944,NPEX,OpenPDF-a89dfdf5,0,a59f34cd06024194b04f44b5a5776350,com.lowagie.text.pdf.StandardDecryption,com.lowagie.text.pdf.StandardDecryption_ESTest,8,0,False
945,NPEX,OpenPDF-a89dfdf5,0,c51ed8ac49cb46e49097bcc015f5ae9b,com.lowagie.text.pdf.StandardDecryption,com.lowagie.text.pdf.StandardDecryption_ESTest,5,0,False
946,NPEX,OpenPDF-a89dfdf5,0,23b4f7ce9bc84ab78a347e06b04aea5b,com.lowagie.text.pdf.StandardDecryption,com.lowagie.text.pdf.StandardDecryption_ESTest,7,0,False
947,NPEX,OpenPDF-a89dfdf5,0,616b08a10d374b56bae54993497218c5,com.lowagie.text.pdf.StandardDecryption,com.lowagie.text.pdf.StandardDecryption_ESTest,6,0,False
948,NPEX,OpenPDF-a89dfdf5,0,f128fa7dcd0e485eb5f884b7e9e698b4,com.lowagie.text.pdf.StandardDecryption,com.lowagie.text.pdf.StandardDecryption_ESTest,6,0,False
949,NPEX,OpenPDF-a89dfdf5,0,6d811bfc8d4b40ac86c25f756341a7f7,com.lowagie.text.pdf.StandardDecryption,com.lowagie.text.pdf.StandardDecryption_ESTest,5,0,False
950,NPEX,ActiveMQ_Artemis-586abba9,0,1df1d1ea05ab4d538bcf5b617c1d9e8e,org.apache.activemq.artemis.selector.filter.UnaryExpression,org.apache.activemq.artemis.selector.filter.UnaryExpression_ESTest,23,0,False
951,NPEX,ActiveMQ_Artemis-586abba9,0,caf954babc5c41ef9b2fa770cc56a60d,org.apache.activemq.artemis.selector.filter.UnaryExpression,org.apache.activemq.artemis.selector.filter.UnaryExpression_ESTest,24,0,False
952,NPEX,ActiveMQ_Artemis-586abba9,0,514996ec99d7432fb644dc1f14146a7d,org.apache.activemq.artemis.selector.filter.UnaryExpression,org.apache.activemq.artemis.selector.filter.UnaryExpression_ESTest,26,0,False
953,NPEX,ActiveMQ_Artemis-586abba9,0,07c62592f58b483cb44479c5fd006007,org.apache.activemq.artemis.selector.filter.UnaryExpression,org.apache.activemq.artemis.selector.filter.UnaryExpression_ESTest,25,0,False
954,NPEX,ActiveMQ_Artemis-586abba9,0,82a40c6d90f842d08115e8bb9306d44c,org.apache.activemq.artemis.selector.filter.UnaryExpression,org.apache.activemq.artemis.selector.filter.UnaryExpression_ESTest,29,0,False
955,NPEX,ActiveMQ_Artemis-586abba9,0,c9fa2d413f5b4dbd96c88a1ea140322d,org.apache.activemq.artemis.selector.filter.UnaryExpression,org.apache.activemq.artemis.selector.filter.UnaryExpression_ESTest,25,0,False
956,NPEX,ActiveMQ_Artemis-586abba9,0,d4f5f65a7e6a4c52bbb9fa502bf3c449,org.apache.activemq.artemis.selector.filter.UnaryExpression,org.apache.activemq.artemis.selector.filter.UnaryExpression_ESTest,25,0,False
957,NPEX,ActiveMQ_Artemis-586abba9,0,e9ba09a94a2b459a8b419576636bfc5c,org.apache.activemq.artemis.selector.filter.UnaryExpression,org.apache.activemq.artemis.selector.filter.UnaryExpression_ESTest,24,0,False
958,NPEX,ActiveMQ_Artemis-586abba9,0,a315bf26ca6c4f69af035c489512e657,org.apache.activemq.artemis.selector.filter.UnaryExpression,org.apache.activemq.artemis.selector.filter.UnaryExpression_ESTest,24,0,False
959,NPEX,ActiveMQ_Artemis-586abba9,0,ba15ef80b84b429c998369d5d25a54f1,org.apache.activemq.artemis.selector.filter.UnaryExpression,org.apache.activemq.artemis.selector.filter.UnaryExpression_ESTest,25,0,False
960,NPEX,ActiveMQ_Artemis-586abba9,0,41da536dae814da8ab56f2f1d58075f3,org.apache.activemq.artemis.selector.filter.UnaryExpression,org.apache.activemq.artemis.selector.filter.UnaryExpression_ESTest,22,0,False
961,NPEX,ActiveMQ_Artemis-586abba9,0,0f4a99e300be46e3bfe2815d985fb299,org.apache.activemq.artemis.selector.filter.UnaryExpression,org.apache.activemq.artemis.selector.filter.UnaryExpression_ESTest,25,0,False
962,NPEX,ActiveMQ_Artemis-586abba9,0,44995a56e77e4262bb25bf108d5f9c1a,org.apache.activemq.artemis.selector.filter.UnaryExpression,org.apache.activemq.artemis.selector.filter.UnaryExpression_ESTest,24,0,False
963,NPEX,ActiveMQ_Artemis-586abba9,0,78665c57fa6545ed8634f5d59b4c8427,org.apache.activemq.artemis.selector.filter.UnaryExpression,org.apache.activemq.artemis.selector.filter.UnaryExpression_ESTest,23,0,False
964,NPEX,ActiveMQ_Artemis-586abba9,0,a301566180c646f387807420810cefb2,org.apache.activemq.artemis.selector.filter.UnaryExpression,org.apache.activemq.artemis.selector.filter.UnaryExpression_ESTest,25,0,False
965,NPEX,ActiveMQ_Artemis-586abba9,0,49fbd2a4bf8e47268868e95b0131650f,org.apache.activemq.artemis.selector.filter.UnaryExpression,org.apache.activemq.artemis.selector.filter.UnaryExpression_ESTest,26,0,False
966,NPEX,ActiveMQ_Artemis-586abba9,0,0d12fd13ba0e4251935f89c705def080,org.apache.activemq.artemis.selector.filter.UnaryExpression,org.apache.activemq.artemis.selector.filter.UnaryExpression_ESTest,24,0,False
967,NPEX,ActiveMQ_Artemis-586abba9,0,f9517b3f818549f19004197294780e62,org.apache.activemq.artemis.selector.filter.UnaryExpression,org.apache.activemq.artemis.selector.filter.UnaryExpression_ESTest,26,0,False
968,NPEX,ActiveMQ_Artemis-586abba9,0,8f9dade206b24499bce7d3794cc001d3,org.apache.activemq.artemis.selector.filter.UnaryExpression,org.apache.activemq.artemis.selector.filter.UnaryExpression_ESTest,26,0,False
969,NPEX,ActiveMQ_Artemis-586abba9,0,a6328d2aa11d4bb287031fd386a1f122,org.apache.activemq.artemis.selector.filter.UnaryExpression,org.apache.activemq.artemis.selector.filter.UnaryExpression_ESTest,25,0,False
970,NPEX,ShardingSphere-82b1b9d5,0,b6aab644185a4f7485e31e4113c769ef,org.apache.shardingsphere.infra.executor.sql.context.ExecutionContextBuilder,org.apache.shardingsphere.infra.executor.sql.context.ExecutionContextBuilder_ESTest,0,0,False
971,NPEX,ShardingSphere-82b1b9d5,0,f4c07bc7a1f840f19ff5622d129b2f1a,org.apache.shardingsphere.infra.executor.sql.context.ExecutionContextBuilder,org.apache.shardingsphere.infra.executor.sql.context.ExecutionContextBuilder_ESTest,0,0,False
972,NPEX,ShardingSphere-82b1b9d5,0,034c6ad508da445c9594c627e7f2e33f,org.apache.shardingsphere.infra.executor.sql.context.ExecutionContextBuilder,org.apache.shardingsphere.infra.executor.sql.context.ExecutionContextBuilder_ESTest,0,0,False
973,NPEX,ShardingSphere-82b1b9d5,0,772e1db90b7244e5a29ac6887967c017,org.apache.shardingsphere.infra.executor.sql.context.ExecutionContextBuilder,org.apache.shardingsphere.infra.executor.sql.context.ExecutionContextBuilder_ESTest,0,0,False
974,NPEX,ShardingSphere-82b1b9d5,0,ea71e0fb255a4f8c85583d990df43b95,org.apache.shardingsphere.infra.executor.sql.context.ExecutionContextBuilder,org.apache.shardingsphere.infra.executor.sql.context.ExecutionContextBuilder_ESTest,0,0,False
975,NPEX,ShardingSphere-82b1b9d5,0,284ae0030cec4fe4b84e067a5b8dcacd,org.apache.shardingsphere.infra.executor.sql.context.ExecutionContextBuilder,org.apache.shardingsphere.infra.executor.sql.context.ExecutionContextBuilder_ESTest,0,0,False
976,NPEX,ShardingSphere-82b1b9d5,0,0397912a133b46459082b1657a602208,org.apache.shardingsphere.infra.executor.sql.context.ExecutionContextBuilder,org.apache.shardingsphere.infra.executor.sql.context.ExecutionContextBuilder_ESTest,0,0,False
977,NPEX,ShardingSphere-82b1b9d5,0,ace1806ed28f49bd9f6a3a37961aecbc,org.apache.shardingsphere.infra.executor.sql.context.ExecutionContextBuilder,org.apache.shardingsphere.infra.executor.sql.context.ExecutionContextBuilder_ESTest,0,0,False
978,NPEX,ShardingSphere-82b1b9d5,0,e70cd3b94db744159ddc31e63e857949,org.apache.shardingsphere.infra.executor.sql.context.ExecutionContextBuilder,org.apache.shardingsphere.infra.executor.sql.context.ExecutionContextBuilder_ESTest,0,0,False
979,NPEX,ShardingSphere-82b1b9d5,0,8a984d15e0624d76b21b10650c6a1b98,org.apache.shardingsphere.infra.executor.sql.context.ExecutionContextBuilder,org.apache.shardingsphere.infra.executor.sql.context.ExecutionContextBuilder_ESTest,0,0,False
980,NPEX,ShardingSphere-82b1b9d5,0,24bec364b39b412db60bd3ef898ee25f,org.apache.shardingsphere.infra.executor.sql.context.ExecutionContextBuilder,org.apache.shardingsphere.infra.executor.sql.context.ExecutionContextBuilder_ESTest,0,0,False
981,NPEX,ShardingSphere-82b1b9d5,0,3a2f86127c1e4c88be1c11d367120e44,org.apache.shardingsphere.infra.executor.sql.context.ExecutionContextBuilder,org.apache.shardingsphere.infra.executor.sql.context.ExecutionContextBuilder_ESTest,0,0,False
982,NPEX,ShardingSphere-82b1b9d5,0,6a47ac3201a341e1b303c6f432353423,org.apache.shardingsphere.infra.executor.sql.context.ExecutionContextBuilder,org.apache.shardingsphere.infra.executor.sql.context.ExecutionContextBuilder_ESTest,0,0,False
983,NPEX,ShardingSphere-82b1b9d5,0,bd72a0572eeb4cd298b5c8970d8c8047,org.apache.shardingsphere.infra.executor.sql.context.ExecutionContextBuilder,org.apache.shardingsphere.infra.executor.sql.context.ExecutionContextBuilder_ESTest,0,0,False
984,NPEX,ShardingSphere-82b1b9d5,0,43d494339a9240f4a45a8e04bfb70c98,org.apache.shardingsphere.infra.executor.sql.context.ExecutionContextBuilder,org.apache.shardingsphere.infra.executor.sql.context.ExecutionContextBuilder_ESTest,0,0,False
985,NPEX,ShardingSphere-82b1b9d5,0,bf5d8b9714ad400eb177af49ec54890e,org.apache.shardingsphere.infra.executor.sql.context.ExecutionContextBuilder,org.apache.shardingsphere.infra.executor.sql.context.ExecutionContextBuilder_ESTest,0,0,False
986,NPEX,ShardingSphere-82b1b9d5,0,3a7e695524654997ae6ce2184a76d29c,org.apache.shardingsphere.infra.executor.sql.context.ExecutionContextBuilder,org.apache.shardingsphere.infra.executor.sql.context.ExecutionContextBuilder_ESTest,0,0,False
987,NPEX,ShardingSphere-82b1b9d5,0,9f38446cea774bd5976f2feeed779ff0,org.apache.shardingsphere.infra.executor.sql.context.ExecutionContextBuilder,org.apache.shardingsphere.infra.executor.sql.context.ExecutionContextBuilder_ESTest,0,0,False
988,NPEX,ShardingSphere-82b1b9d5,0,513afbe59ce24493b4431c14449cd900,org.apache.shardingsphere.infra.executor.sql.context.ExecutionContextBuilder,org.apache.shardingsphere.infra.executor.sql.context.ExecutionContextBuilder_ESTest,0,0,False
989,NPEX,ShardingSphere-82b1b9d5,0,38347e5d196d4d95afb5340365f9244a,org.apache.shardingsphere.infra.executor.sql.context.ExecutionContextBuilder,org.apache.shardingsphere.infra.executor.sql.context.ExecutionContextBuilder_ESTest,0,0,False
990,NPEX,FOP-10e0d1c2,0,dc43f9791fd74bbb9d880eb4255574db,org.apache.fop.fonts.SingleByteFont,org.apache.fop.fonts.SingleByteFont_ESTest,89,0,False
991,NPEX,FOP-10e0d1c2,0,779d2a1199fc4e1dbb8926202b1c6731,org.apache.fop.fonts.SingleByteFont,org.apache.fop.fonts.SingleByteFont_ESTest,87,0,True
992,NPEX,FOP-10e0d1c2,0,016b81bff63a40a2a1913ba7c079665a,org.apache.fop.fonts.SingleByteFont,org.apache.fop.fonts.SingleByteFont_ESTest,88,0,True
993,NPEX,FOP-10e0d1c2,0,47f52da59d244c94beaf77845e674a13,org.apache.fop.fonts.SingleByteFont,org.apache.fop.fonts.SingleByteFont_ESTest,81,0,True
994,NPEX,FOP-10e0d1c2,0,bf0353285a1240768333255f42a6b067,org.apache.fop.fonts.SingleByteFont,org.apache.fop.fonts.SingleByteFont_ESTest,78,0,True
995,NPEX,FOP-10e0d1c2,0,747abeae343143e7a07dbbad97169954,org.apache.fop.fonts.SingleByteFont,org.apache.fop.fonts.SingleByteFont_ESTest,82,0,True
996,NPEX,FOP-10e0d1c2,0,db0d6cd731e7440499d4278f1cce1702,org.apache.fop.fonts.SingleByteFont,org.apache.fop.fonts.SingleByteFont_ESTest,82,0,True
997,NPEX,FOP-10e0d1c2,0,e18b0b728fe04b039ac68e55ad0463a1,org.apache.fop.fonts.SingleByteFont,org.apache.fop.fonts.SingleByteFont_ESTest,85,0,True
998,NPEX,FOP-10e0d1c2,0,12f9607d9b7e404288593f3b50eb85a8,org.apache.fop.fonts.SingleByteFont,org.apache.fop.fonts.SingleByteFont_ESTest,84,0,True
999,NPEX,FOP-10e0d1c2,0,8621dfaf612f47b786c5af0220bce0ce,org.apache.fop.fonts.SingleByteFont,org.apache.fop.fonts.SingleByteFont_ESTest,80,0,True
1000,NPEX,FOP-10e0d1c2,0,59f950801030453b8cd5ac6891b238b7,org.apache.fop.fonts.SingleByteFont,org.apache.fop.fonts.SingleByteFont_ESTest,92,0,False
1001,NPEX,FOP-10e0d1c2,0,ed0fff5767934f8f8ea7e2ed0c7c8ad9,org.apache.fop.fonts.SingleByteFont,org.apache.fop.fonts.SingleByteFont_ESTest,79,0,True
1002,NPEX,FOP-10e0d1c2,0,e99cee576f1e4ac19c4c527e59a4462c,org.apache.fop.fonts.SingleByteFont,org.apache.fop.fonts.SingleByteFont_ESTest,96,0,True
1003,NPEX,FOP-10e0d1c2,0,bd76850f4e6f48c2b6abd40292b4e4e9,org.apache.fop.fonts.SingleByteFont,org.apache.fop.fonts.SingleByteFont_ESTest,84,0,False
1004,NPEX,FOP-10e0d1c2,0,2788b954dd544946a4f9f336e1fe6bc8,org.apache.fop.fonts.SingleByteFont,org.apache.fop.fonts.SingleByteFont_ESTest,86,0,True
1005,NPEX,FOP-10e0d1c2,0,48526ed0fb034f97b9c3a0bf99940fc5,org.apache.fop.fonts.SingleByteFont,org.apache.fop.fonts.SingleByteFont_ESTest,86,0,True
1006,NPEX,Log4j_2-85661de7,0,bfd344c2012f451fa4065a4e0ce522a1,org.apache.logging.log4j.spi.AbstractLogger,org.apache.logging.log4j.spi.AbstractLogger_ESTest,249,0,False
1007,NPEX,Log4j_2-85661de7,0,1fb0575ce8af47bf95e5b55b9f61b805,org.apache.logging.log4j.spi.AbstractLogger,org.apache.logging.log4j.spi.AbstractLogger_ESTest,15,0,False
1008,NPEX,Log4j_2-85661de7,0,b7609a9efb984024b09fea4c4eb3ef84,org.apache.logging.log4j.spi.AbstractLogger,org.apache.logging.log4j.spi.AbstractLogger_ESTest,302,0,False
1009,NPEX,Log4j_2-85661de7,0,25a4eee2bf934497afc3810c7e1091fc,org.apache.logging.log4j.spi.AbstractLogger,org.apache.logging.log4j.spi.AbstractLogger_ESTest,211,0,False
1010,NPEX,Log4j_2-85661de7,0,137d1ad083e1439496d469469f23fcd9,org.apache.logging.log4j.spi.AbstractLogger,org.apache.logging.log4j.spi.AbstractLogger_ESTest,346,0,False
1011,NPEX,Log4j_2-85661de7,0,7a9aaae4854e45958ba859b9df65e472,org.apache.logging.log4j.spi.AbstractLogger,org.apache.logging.log4j.spi.AbstractLogger_ESTest,202,0,False
1012,NPEX,Log4j_2-85661de7,0,ecd7447d0626410ebd806bc59062f22f,org.apache.logging.log4j.spi.AbstractLogger,org.apache.logging.log4j.spi.AbstractLogger_ESTest,253,0,False
1013,NPEX,Log4j_2-85661de7,0,f2801b7266074595a1bd5c2cdb1fc85a,org.apache.logging.log4j.spi.AbstractLogger,org.apache.logging.log4j.spi.AbstractLogger_ESTest,300,0,False
1014,NPEX,Log4j_2-85661de7,0,1af1d4be902549db85e9f4529f85b664,org.apache.logging.log4j.spi.AbstractLogger,org.apache.logging.log4j.spi.AbstractLogger_ESTest,241,0,False
1015,NPEX,Log4j_2-85661de7,0,46221cf9434246b8b7cb8584d68ddfd1,org.apache.logging.log4j.spi.AbstractLogger,org.apache.logging.log4j.spi.AbstractLogger_ESTest,367,0,False
1016,NPEX,Log4j_2-85661de7,0,6d184f943aea410abc70ff7721827589,org.apache.logging.log4j.spi.AbstractLogger,org.apache.logging.log4j.spi.AbstractLogger_ESTest,272,0,False
1017,NPEX,Log4j_2-85661de7,0,84b27ec4526e4c88b35c8651bc561d29,org.apache.logging.log4j.spi.AbstractLogger,org.apache.logging.log4j.spi.AbstractLogger_ESTest,264,0,False
1018,NPEX,Log4j_2-85661de7,0,ca6644ab6973454dbcf81af648b4a299,org.apache.logging.log4j.spi.AbstractLogger,org.apache.logging.log4j.spi.AbstractLogger_ESTest,302,0,False
1019,NPEX,Log4j_2-85661de7,0,9c0d4d9862404cdaad5240287d7a2d6a,org.apache.logging.log4j.spi.AbstractLogger,org.apache.logging.log4j.spi.AbstractLogger_ESTest,212,0,False
1020,NPEX,Log4j_2-85661de7,0,dda5c9bad2ea4de4b67bb3cc145d1979,org.apache.logging.log4j.spi.AbstractLogger,org.apache.logging.log4j.spi.AbstractLogger_ESTest,240,0,False
1021,NPEX,Log4j_2-85661de7,0,f23a71a8ccfa44c4b3a3d8a5c15cfa51,org.apache.logging.log4j.spi.AbstractLogger,org.apache.logging.log4j.spi.AbstractLogger_ESTest,13,0,False
1022,NPEX,Log4j_2-85661de7,0,8ffe057ff71442a897e8f23843f07c6c,org.apache.logging.log4j.spi.AbstractLogger,org.apache.logging.log4j.spi.AbstractLogger_ESTest,248,0,False
1023,NPEX,Log4j_2-85661de7,0,44d11767395d4a43bf309ca89434cf66,org.apache.logging.log4j.spi.AbstractLogger,org.apache.logging.log4j.spi.AbstractLogger_ESTest,276,0,False
1024,NPEX,Log4j_2-85661de7,0,b2df18bb7c274c508ce2584894361ed5,org.apache.logging.log4j.spi.AbstractLogger,org.apache.logging.log4j.spi.AbstractLogger_ESTest,226,0,False
1025,NPEX,Log4j_2-85661de7,0,f8c7b5eaf4384f1da1ba8bddb743159e,org.apache.logging.log4j.spi.AbstractLogger,org.apache.logging.log4j.spi.AbstractLogger_ESTest,257,0,False
1026,NPEX,Commons_Configuration-a76a3a65,0,ded528329e9242d39332fff1a1961849,org.apache.commons.configuration2.XMLConfiguration,org.apache.commons.configuration2.XMLConfiguration_ESTest,30,0,False
1027,NPEX,Commons_Configuration-a76a3a65,0,ff7ad9c4f91b4152abaf4d0ba61d8a32,org.apache.commons.configuration2.XMLConfiguration,org.apache.commons.configuration2.XMLConfiguration_ESTest,28,0,False
1028,NPEX,Commons_Configuration-a76a3a65,0,52e3dcd9f365433bb04b7f7b7c762e2b,org.apache.commons.configuration2.XMLConfiguration,org.apache.commons.configuration2.XMLConfiguration_ESTest,32,0,False
1029,NPEX,Commons_Configuration-a76a3a65,0,4d48cff5605f403e90b79fe7b93b45f5,org.apache.commons.configuration2.XMLConfiguration,org.apache.commons.configuration2.XMLConfiguration_ESTest,31,0,False
1030,NPEX,Commons_Configuration-a76a3a65,0,69a48103a22d42899fb114444217baca,org.apache.commons.configuration2.XMLConfiguration,org.apache.commons.configuration2.XMLConfiguration_ESTest,34,0,False
1031,NPEX,Commons_Configuration-a76a3a65,0,b0fd07814d02454eb64151ee4c8de023,org.apache.commons.configuration2.XMLConfiguration,org.apache.commons.configuration2.XMLConfiguration_ESTest,29,0,False
1032,NPEX,Commons_Configuration-a76a3a65,0,fa60c8bb5f2d4f0081bb9d4d02f09d3c,org.apache.commons.configuration2.XMLConfiguration,org.apache.commons.configuration2.XMLConfiguration_ESTest,30,0,False
1033,NPEX,Commons_Configuration-a76a3a65,0,241fb5b4e8ba4937897a587fff504938,org.apache.commons.configuration2.XMLConfiguration,org.apache.commons.configuration2.XMLConfiguration_ESTest,33,0,False
1034,NPEX,Commons_Configuration-a76a3a65,0,0115f17969d942369c9a6d7a24e1f6d3,org.apache.commons.configuration2.XMLConfiguration,org.apache.commons.configuration2.XMLConfiguration_ESTest,33,0,False
1035,NPEX,Commons_Configuration-a76a3a65,0,ffb522ee6c5b4ca193e42b5d751073fe,org.apache.commons.configuration2.XMLConfiguration,org.apache.commons.configuration2.XMLConfiguration_ESTest,30,0,False
1036,NPEX,Commons_Configuration-a76a3a65,0,6b6a315ca9504e5d8d3e4d49ab5859ef,org.apache.commons.configuration2.XMLConfiguration,org.apache.commons.configuration2.XMLConfiguration_ESTest,31,0,False
1037,NPEX,Commons_Configuration-a76a3a65,0,387f7aadbd57420d8bbf7c8c80818efd,org.apache.commons.configuration2.XMLConfiguration,org.apache.commons.configuration2.XMLConfiguration_ESTest,30,0,False
1038,NPEX,Commons_Configuration-a76a3a65,0,7cbc725add4b41e9bf8bfc79d451fb41,org.apache.commons.configuration2.XMLConfiguration,org.apache.commons.configuration2.XMLConfiguration_ESTest,33,0,False
1039,NPEX,Commons_Configuration-a76a3a65,0,f2b9f291bbb0433ea1869d98ee7829e4,org.apache.commons.configuration2.XMLConfiguration,org.apache.commons.configuration2.XMLConfiguration_ESTest,31,0,False
1040,NPEX,Commons_Configuration-a76a3a65,0,2e559c5da30845b38bf2b06c84d2cc4f,org.apache.commons.configuration2.XMLConfiguration,org.apache.commons.configuration2.XMLConfiguration_ESTest,31,0,False
1041,NPEX,Commons_Configuration-a76a3a65,0,baa6eca110f04a55ba3d29753c1f16f1,org.apache.commons.configuration2.XMLConfiguration,org.apache.commons.configuration2.XMLConfiguration_ESTest,32,0,False
1042,NPEX,Commons_Configuration-a76a3a65,0,1a8affca039d4d3f9c68bb3e70300c0d,org.apache.commons.configuration2.XMLConfiguration,org.apache.commons.configuration2.XMLConfiguration_ESTest,30,0,False
1043,NPEX,Commons_Collections-796114ea,0,58dc2bb2b8274c45bbcfbddde50cc4fb,org.apache.commons.collections4.trie.AbstractPatriciaTrie,org.apache.commons.collections4.trie.AbstractPatriciaTrie_ESTest,115,0,False
1044,NPEX,Commons_Collections-796114ea,0,0695bfdddd7d473286b0b710975e429b,org.apache.commons.collections4.trie.AbstractPatriciaTrie,org.apache.commons.collections4.trie.AbstractPatriciaTrie_ESTest,117,0,False
1045,NPEX,Commons_Collections-796114ea,0,9d4302c19cf449d88ca63284cdd31367,org.apache.commons.collections4.trie.AbstractPatriciaTrie,org.apache.commons.collections4.trie.AbstractPatriciaTrie_ESTest,111,0,False
1046,NPEX,Commons_Collections-796114ea,0,1999cf1ac74740d2bc8ec355cfe0bf00,org.apache.commons.collections4.trie.AbstractPatriciaTrie,org.apache.commons.collections4.trie.AbstractPatriciaTrie_ESTest,118,0,False
1047,NPEX,Commons_Collections-796114ea,0,5056b5dfd0804107be75d9249b70fe37,org.apache.commons.collections4.trie.AbstractPatriciaTrie,org.apache.commons.collections4.trie.AbstractPatriciaTrie_ESTest,109,0,False
1048,NPEX,Commons_Collections-796114ea,0,fdff29f1afb64828af3270a06504e18b,org.apache.commons.collections4.trie.AbstractPatriciaTrie,org.apache.commons.collections4.trie.AbstractPatriciaTrie_ESTest,109,0,False
1049,NPEX,Commons_Collections-796114ea,0,6d38209d3e3846bfaacd349cfe006ead,org.apache.commons.collections4.trie.AbstractPatriciaTrie,org.apache.commons.collections4.trie.AbstractPatriciaTrie_ESTest,113,0,False
1050,NPEX,Commons_Collections-796114ea,0,ed8f8914a5074c5ead54d239f11c5387,org.apache.commons.collections4.trie.AbstractPatriciaTrie,org.apache.commons.collections4.trie.AbstractPatriciaTrie_ESTest,114,0,False
1051,NPEX,Commons_Collections-796114ea,0,8f8e35a9759d4c6983571368f6063720,org.apache.commons.collections4.trie.AbstractPatriciaTrie,org.apache.commons.collections4.trie.AbstractPatriciaTrie_ESTest,115,0,False
1052,NPEX,Commons_Collections-796114ea,0,62589b978ae84d4495f24a79ee1f3c13,org.apache.commons.collections4.trie.AbstractPatriciaTrie,org.apache.commons.collections4.trie.AbstractPatriciaTrie_ESTest,113,0,False
1053,NPEX,Commons_Collections-796114ea,0,37f10831a4aa4ace9718f4e12889f632,org.apache.commons.collections4.trie.AbstractPatriciaTrie,org.apache.commons.collections4.trie.AbstractPatriciaTrie_ESTest,117,0,False
1054,NPEX,Commons_Collections-796114ea,0,7cd1242a36b846b9ae634675ea453cbf,org.apache.commons.collections4.trie.AbstractPatriciaTrie,org.apache.commons.collections4.trie.AbstractPatriciaTrie_ESTest,112,0,False
1055,NPEX,Commons_Collections-796114ea,0,a5b3e948d5784457ad1884b608af6f20,org.apache.commons.collections4.trie.AbstractPatriciaTrie,org.apache.commons.collections4.trie.AbstractPatriciaTrie_ESTest,115,0,False
1056,NPEX,Commons_Collections-796114ea,0,58771ee3649144158729aa8ec327f20f,org.apache.commons.collections4.trie.AbstractPatriciaTrie,org.apache.commons.collections4.trie.AbstractPatriciaTrie_ESTest,114,0,False
1057,NPEX,Commons_Collections-796114ea,0,11fa4c29fd134181ba79852cd0f789b8,org.apache.commons.collections4.trie.AbstractPatriciaTrie,org.apache.commons.collections4.trie.AbstractPatriciaTrie_ESTest,112,0,False
1058,NPEX,Commons_Collections-796114ea,0,b00325ba8fce49729cb988ff041f1ed7,org.apache.commons.collections4.trie.AbstractPatriciaTrie,org.apache.commons.collections4.trie.AbstractPatriciaTrie_ESTest,112,0,False
1059,NPEX,Commons_Collections-796114ea,0,bb3abcff9190492db34c7c8c0eb917a8,org.apache.commons.collections4.trie.AbstractPatriciaTrie,org.apache.commons.collections4.trie.AbstractPatriciaTrie_ESTest,117,0,False
1060,NPEX,Commons_Collections-796114ea,0,eb8d251d9f2f4a74be57af5b29dd74e6,org.apache.commons.collections4.trie.AbstractPatriciaTrie,org.apache.commons.collections4.trie.AbstractPatriciaTrie_ESTest,114,0,False
1061,NPEX,Commons_Collections-796114ea,0,fc84d57776bf4a99a209902babf41bd2,org.apache.commons.collections4.trie.AbstractPatriciaTrie,org.apache.commons.collections4.trie.AbstractPatriciaTrie_ESTest,119,0,False
1062,NPEX,Commons_Collections-796114ea,0,5db03c2eb512431597e43051c9a73f0f,org.apache.commons.collections4.trie.AbstractPatriciaTrie,org.apache.commons.collections4.trie.AbstractPatriciaTrie_ESTest,114,0,False
1063,NPEX,Picocli-06283710,0,fe5c842185de432ba8d1d5468ffe9411,picocli.CommandLine,picocli.CommandLine_ESTest,51,0,False
1064,NPEX,Picocli-06283710,0,5e9ca43223544bc6b47c88a81b3931fd,picocli.CommandLine,picocli.CommandLine_ESTest,41,0,False
1065,NPEX,Picocli-06283710,0,79c34ec2366d4063a8707d705eeebef8,picocli.CommandLine,picocli.CommandLine_ESTest,96,0,False
1066,NPEX,Picocli-06283710,0,6b07cbb9785e414697c6b92eb370bf5e,picocli.CommandLine,picocli.CommandLine_ESTest$1,31,0,False
1067,NPEX,Picocli-06283710,0,6b07cbb9785e414697c6b92eb370bf5e,picocli.CommandLine,picocli.CommandLine_ESTest,31,0,False
1068,NPEX,Picocli-06283710,0,5cd22c86a70c44f1a3d57a9ee84ab0ee,picocli.CommandLine,picocli.CommandLine_ESTest,56,0,False
1069,NPEX,Picocli-06283710,0,aaa3594cc1334123b5be79846085e8b8,picocli.CommandLine,picocli.CommandLine_ESTest$1,60,0,False
1070,NPEX,Picocli-06283710,0,aaa3594cc1334123b5be79846085e8b8,picocli.CommandLine,picocli.CommandLine_ESTest,60,0,False
1071,NPEX,Picocli-06283710,0,3042b9cfbae8484585526068f92288f5,picocli.CommandLine,picocli.CommandLine_ESTest,86,0,False
1072,NPEX,Picocli-06283710,0,1bbab0cbaad147dbb18d3884906d2639,picocli.CommandLine,picocli.CommandLine_ESTest,104,0,False
1073,NPEX,Picocli-06283710,0,e59b26b0139b4e1fb3bfe48951e1fb28,picocli.CommandLine,picocli.CommandLine_ESTest,32,0,False
1074,NPEX,Picocli-06283710,0,c89b361dcb254dbd96a17609bf3d8fce,picocli.CommandLine,picocli.CommandLine_ESTest,103,0,False
1075,NPEX,Picocli-06283710,0,94fd68dae65141bd94c2fee126afdf6e,picocli.CommandLine,picocli.CommandLine_ESTest,96,0,False
1076,NPEX,Picocli-06283710,0,252a3553017e4c1aa71947f7009e37f9,picocli.CommandLine,picocli.CommandLine_ESTest,102,0,False
1077,NPEX,Picocli-06283710,0,a3f73689d4cc4efd9e99d644413e842f,picocli.CommandLine,picocli.CommandLine_ESTest,44,0,False
1078,NPEX,Picocli-06283710,0,22b272581eac4330b94d66a3cbdd5da2,picocli.CommandLine,picocli.CommandLine_ESTest,68,0,False
1079,NPEX,Picocli-06283710,0,a46c3d1fffb04875b8d8a4a27d4ee1af,picocli.CommandLine,picocli.CommandLine_ESTest,85,0,False
1080,NPEX,Picocli-06283710,0,1c9ad8c46fc24deda17edfe2e5f74e9b,picocli.CommandLine,picocli.CommandLine_ESTest,40,0,False
1081,NPEX,Picocli-06283710,0,ee5fcb761a30469d90644d0070e4835b,picocli.CommandLine,picocli.CommandLine_ESTest,103,0,False
1082,NPEX,Picocli-06283710,0,8fe6986d9a1e482ca1ac8f482d4f91c0,picocli.CommandLine,picocli.CommandLine_ESTest,107,0,False
1083,NPEX,Picocli-06283710,0,08341438f13f408786129b6446e05b2b,picocli.CommandLine,picocli.CommandLine_ESTest,34,0,False
1084,NPEX,Picocli-06283710,0,c902f4f06a0f4b11a0798a0a506d6f10,picocli.CommandLine,picocli.CommandLine_ESTest,67,0,False
1085,NPEX,Feign-9c5a52d6,0,54c4a837e006400996ede209f03ff4dd,feign.Response,feign.Response_ESTest,17,0,False
1086,NPEX,Feign-9c5a52d6,0,6521530ee667424e82bd020a94d21849,feign.Response,feign.Response_ESTest,16,0,False
1087,NPEX,Feign-9c5a52d6,0,f67e1d3497054da3b895d5fc304eb6d8,feign.Response,feign.Response_ESTest,18,0,False
1088,NPEX,Feign-9c5a52d6,0,5fee06727010459e8eae68bc2c1bdc82,feign.Response,feign.Response_ESTest,18,0,False
1089,NPEX,Feign-9c5a52d6,0,f3dbcc4d14f746c69f66c2ec645d59b7,feign.Response,feign.Response_ESTest,17,0,False
1090,NPEX,Feign-9c5a52d6,0,8e9e5976a6c14e44a6f83ab3ec0cd053,feign.Response,feign.Response_ESTest,18,0,False
1091,NPEX,Feign-9c5a52d6,0,a2fe2752aa6e4cdebb8537b26a769260,feign.Response,feign.Response_ESTest,17,0,False
1092,NPEX,Feign-9c5a52d6,0,774bb926864a453293b231832196df7e,feign.Response,feign.Response_ESTest,18,0,False
1093,NPEX,Feign-9c5a52d6,0,a28e291665c94cf7a38b0b7fea2306d8,feign.Response,feign.Response_ESTest,18,0,False
1094,NPEX,Feign-9c5a52d6,0,d0ce38e5d36d4210b462aedb89471632,feign.Response,feign.Response_ESTest,20,0,False
1095,NPEX,Feign-9c5a52d6,0,ced23cd55d044bc3b2f155c59c38dd95,feign.Response,feign.Response_ESTest,18,0,False
1096,NPEX,Feign-9c5a52d6,0,79559f9f05f34b1db6eb08278fcd5ed7,feign.Response,feign.Response_ESTest,18,0,False
1097,NPEX,Feign-9c5a52d6,0,0a731785004d4bbe91deb17ae46985db,feign.Response,feign.Response_ESTest,17,0,False
1098,NPEX,Feign-9c5a52d6,0,b5597ad117794ccf88b91e255b46bf0c,feign.Response,feign.Response_ESTest,18,0,False
1099,NPEX,Feign-9c5a52d6,0,e9481f901fb94bfc9e95c1cb8901a8ca,feign.Response,feign.Response_ESTest,17,0,False
1100,NPEX,Feign-9c5a52d6,0,7109b160d1da43e18bd737a2f057c77f,feign.Response,feign.Response_ESTest,16,0,False
1101,NPEX,Feign-9c5a52d6,0,f832e1069ceb404d9b300cc5bd104383,feign.Response,feign.Response_ESTest,18,0,False
1102,NPEX,Feign-9c5a52d6,0,04510591e2534912a20ff7738fa2c40d,feign.Response,feign.Response_ESTest,17,0,False
1103,NPEX,Feign-9c5a52d6,0,2e161decc1344d2bb2ba190efcb3ee42,feign.Response,feign.Response_ESTest,17,0,False
1104,NPEX,Feign-9c5a52d6,0,ec239346786b4622bff51f3ab382dc65,feign.Response,feign.Response_ESTest,18,0,False
1105,NPEX,Commons_DBCP-2ee3c53e,0,791841362a454fe7aa2260ee0f98191b,org.apache.commons.dbcp2.cpdsadapter.DriverAdapterCPDS,org.apache.commons.dbcp2.cpdsadapter.DriverAdapterCPDS_ESTest,56,0,False
1106,NPEX,Commons_DBCP-2ee3c53e,0,ab4d2620da6647c3acd1a3932b675278,org.apache.commons.dbcp2.cpdsadapter.DriverAdapterCPDS,org.apache.commons.dbcp2.cpdsadapter.DriverAdapterCPDS_ESTest,54,0,False
1107,NPEX,Commons_DBCP-2ee3c53e,0,9d4c503eb9294171a19fe9ec1b139168,org.apache.commons.dbcp2.cpdsadapter.DriverAdapterCPDS,org.apache.commons.dbcp2.cpdsadapter.DriverAdapterCPDS_ESTest,53,0,False
1108,NPEX,Commons_DBCP-2ee3c53e,0,7c5576eeb82245298b9112e3c85fe97b,org.apache.commons.dbcp2.cpdsadapter.DriverAdapterCPDS,org.apache.commons.dbcp2.cpdsadapter.DriverAdapterCPDS_ESTest,57,0,False
1109,NPEX,Commons_DBCP-2ee3c53e,0,10293f1fd4cb41eda0d1817483882733,org.apache.commons.dbcp2.cpdsadapter.DriverAdapterCPDS,org.apache.commons.dbcp2.cpdsadapter.DriverAdapterCPDS_ESTest,57,0,False
1110,NPEX,Commons_DBCP-2ee3c53e,0,d4ee4ec091c74c52b75ba0a3fdaf6eee,org.apache.commons.dbcp2.cpdsadapter.DriverAdapterCPDS,org.apache.commons.dbcp2.cpdsadapter.DriverAdapterCPDS_ESTest,51,0,False
1111,NPEX,Commons_DBCP-2ee3c53e,0,044d013d510947e7a61876e09507fe3c,org.apache.commons.dbcp2.cpdsadapter.DriverAdapterCPDS,org.apache.commons.dbcp2.cpdsadapter.DriverAdapterCPDS_ESTest,57,0,False
1112,NPEX,Commons_DBCP-2ee3c53e,0,df566bce711d495a80ea1b6573dfbf5c,org.apache.commons.dbcp2.cpdsadapter.DriverAdapterCPDS,org.apache.commons.dbcp2.cpdsadapter.DriverAdapterCPDS_ESTest,59,0,False
1113,NPEX,Commons_DBCP-2ee3c53e,0,135f06b9049944c68429eda396bf28de,org.apache.commons.dbcp2.cpdsadapter.DriverAdapterCPDS,org.apache.commons.dbcp2.cpdsadapter.DriverAdapterCPDS_ESTest,57,0,False
1114,NPEX,Commons_DBCP-2ee3c53e,0,e8f2a957510c43f597d6762f35ab0893,org.apache.commons.dbcp2.cpdsadapter.DriverAdapterCPDS,org.apache.commons.dbcp2.cpdsadapter.DriverAdapterCPDS_ESTest,56,0,False
1115,NPEX,Commons_DBCP-2ee3c53e,0,f55230b0133a403697b6f9addea359b7,org.apache.commons.dbcp2.cpdsadapter.DriverAdapterCPDS,org.apache.commons.dbcp2.cpdsadapter.DriverAdapterCPDS_ESTest,54,0,False
1116,NPEX,Commons_DBCP-2ee3c53e,0,09c2c5c6988f49ad881961141e0aea6e,org.apache.commons.dbcp2.cpdsadapter.DriverAdapterCPDS,org.apache.commons.dbcp2.cpdsadapter.DriverAdapterCPDS_ESTest,53,0,False
1117,NPEX,Commons_DBCP-2ee3c53e,0,e4e28235dc3b470e94c6c5fd96371bb8,org.apache.commons.dbcp2.cpdsadapter.DriverAdapterCPDS,org.apache.commons.dbcp2.cpdsadapter.DriverAdapterCPDS_ESTest,55,0,False
1118,NPEX,Commons_DBCP-2ee3c53e,0,170191a9f032415a9c7ea4f009ae2ea9,org.apache.commons.dbcp2.cpdsadapter.DriverAdapterCPDS,org.apache.commons.dbcp2.cpdsadapter.DriverAdapterCPDS_ESTest,55,0,False
1119,NPEX,Commons_DBCP-2ee3c53e,0,1a9dd90b00514c888f88448195797fce,org.apache.commons.dbcp2.cpdsadapter.DriverAdapterCPDS,org.apache.commons.dbcp2.cpdsadapter.DriverAdapterCPDS_ESTest,54,0,False
1120,NPEX,Commons_DBCP-2ee3c53e,0,cccc221d49a94f0380e5cbfc65badb66,org.apache.commons.dbcp2.cpdsadapter.DriverAdapterCPDS,org.apache.commons.dbcp2.cpdsadapter.DriverAdapterCPDS_ESTest,57,0,False
1121,NPEX,Commons_DBCP-2ee3c53e,0,d4f39c41b0644ff087580cf652095ba5,org.apache.commons.dbcp2.cpdsadapter.DriverAdapterCPDS,org.apache.commons.dbcp2.cpdsadapter.DriverAdapterCPDS_ESTest,62,0,False
1122,NPEX,Commons_DBCP-2ee3c53e,0,fce45aaba55f4802a1626a02b9bb689f,org.apache.commons.dbcp2.cpdsadapter.DriverAdapterCPDS,org.apache.commons.dbcp2.cpdsadapter.DriverAdapterCPDS_ESTest,54,0,False
1123,NPEX,Commons_DBCP-2ee3c53e,0,7bdb7959efc744fc9608e1333e5d7463,org.apache.commons.dbcp2.cpdsadapter.DriverAdapterCPDS,org.apache.commons.dbcp2.cpdsadapter.DriverAdapterCPDS_ESTest,55,0,False
1124,NPEX,Commons_DBCP-2ee3c53e,0,62be5ae0b4b64874bd574fd2c7033a1d,org.apache.commons.dbcp2.cpdsadapter.DriverAdapterCPDS,org.apache.commons.dbcp2.cpdsadapter.DriverAdapterCPDS_ESTest,56,0,False
1125,NPEX,Java_WebSocket-a2b35482,0,3db9cb5ba8d344ed9cb441178b7a6ee3,org.java_websocket.server.WebSocketServer,org.java_websocket.server.WebSocketServer_ESTest,0,0,False
1126,NPEX,Java_WebSocket-a2b35482,0,8a41dd6398eb483481c55faad2e598c3,org.java_websocket.server.WebSocketServer,org.java_websocket.server.WebSocketServer_ESTest,0,0,False
1127,NPEX,Java_WebSocket-a2b35482,0,0fba91eed0cd41aeab91ca46a53ae03f,org.java_websocket.server.WebSocketServer,org.java_websocket.server.WebSocketServer_ESTest,0,0,False
1128,NPEX,Java_WebSocket-a2b35482,0,6dd5fba8a0cf4c8db371d56285af135e,org.java_websocket.server.WebSocketServer,org.java_websocket.server.WebSocketServer_ESTest,0,0,False
1129,NPEX,Java_WebSocket-a2b35482,0,eaacbab8e61547478cd9cff072a80406,org.java_websocket.server.WebSocketServer,org.java_websocket.server.WebSocketServer_ESTest,0,0,False
1130,NPEX,Java_WebSocket-a2b35482,0,69bb874b6d57455995e5b7080d025a37,org.java_websocket.server.WebSocketServer,org.java_websocket.server.WebSocketServer_ESTest,0,0,False
1131,NPEX,Java_WebSocket-a2b35482,0,a8a2578bc62349e28f07eb9752c91542,org.java_websocket.server.WebSocketServer,org.java_websocket.server.WebSocketServer_ESTest,0,0,False
1132,NPEX,Java_WebSocket-a2b35482,0,f7f5c08571fa40d3a6b6d4c5519c1ac9,org.java_websocket.server.WebSocketServer,org.java_websocket.server.WebSocketServer_ESTest,0,0,False
1133,NPEX,Java_WebSocket-a2b35482,0,25befa32276547deb09b9f3a2601ce6f,org.java_websocket.server.WebSocketServer,org.java_websocket.server.WebSocketServer_ESTest,0,0,False
1134,NPEX,Java_WebSocket-a2b35482,0,bc93947be0034092bbce58c4b6c52d49,org.java_websocket.server.WebSocketServer,org.java_websocket.server.WebSocketServer_ESTest,0,0,False
1135,NPEX,Java_WebSocket-a2b35482,0,05e1ffeb5a734f8d96b7a50ff4851412,org.java_websocket.server.WebSocketServer,org.java_websocket.server.WebSocketServer_ESTest,0,0,False
1136,NPEX,Java_WebSocket-a2b35482,0,4e140025ddaf47efa5a650b7a2f37b72,org.java_websocket.server.WebSocketServer,org.java_websocket.server.WebSocketServer_ESTest,0,0,False
1137,NPEX,Java_WebSocket-a2b35482,0,30bf61d47f044a0ca51c6ab5e99f0314,org.java_websocket.server.WebSocketServer,org.java_websocket.server.WebSocketServer_ESTest,0,0,False
1138,NPEX,Java_WebSocket-a2b35482,0,45c9237f4c7745348b760a1f7975fb34,org.java_websocket.server.WebSocketServer,org.java_websocket.server.WebSocketServer_ESTest,0,0,False
1139,NPEX,Java_WebSocket-a2b35482,0,9a9521f6d6994f11b436f3b911eb53d8,org.java_websocket.server.WebSocketServer,org.java_websocket.server.WebSocketServer_ESTest,0,0,False
1140,NPEX,Java_WebSocket-a2b35482,0,5d27cc117d4b4e77a8001beaaf151327,org.java_websocket.server.WebSocketServer,org.java_websocket.server.WebSocketServer_ESTest,0,0,False
1141,NPEX,Java_WebSocket-a2b35482,0,328d00fc58144fc094115877eecf3ecb,org.java_websocket.server.WebSocketServer,org.java_websocket.server.WebSocketServer_ESTest,0,0,False
1142,NPEX,Java_WebSocket-a2b35482,0,50bd51f8f9ac4ea3b52a5195f922897b,org.java_websocket.server.WebSocketServer,org.java_websocket.server.WebSocketServer_ESTest,0,0,False
1143,NPEX,Java_WebSocket-a2b35482,0,a07f1b18823e4ed4b64b7fb4f782b347,org.java_websocket.server.WebSocketServer,org.java_websocket.server.WebSocketServer_ESTest,0,0,False
1144,NPEX,Java_WebSocket-a2b35482,0,49610a13147545699dabec5d6333d96a,org.java_websocket.server.WebSocketServer,org.java_websocket.server.WebSocketServer_ESTest,0,0,False
1145,NPEX,JSqlParser-66e44c95,0,f38e345c62b945f18b9f2ac49156a4c9,net.sf.jsqlparser.expression.ExpressionVisitorAdapter,net.sf.jsqlparser.expression.ExpressionVisitorAdapter_ESTest,39,0,False
1146,NPEX,JSqlParser-66e44c95,0,1018e40bf68d4711aa4617bdb5abb48c,net.sf.jsqlparser.expression.ExpressionVisitorAdapter,net.sf.jsqlparser.expression.ExpressionVisitorAdapter_ESTest,38,0,False
1147,NPEX,JSqlParser-66e44c95,0,6fc0b095744a4695b48537412fa21c2a,net.sf.jsqlparser.expression.ExpressionVisitorAdapter,net.sf.jsqlparser.expression.ExpressionVisitorAdapter_ESTest,35,0,False
1148,NPEX,JSqlParser-66e44c95,0,dc0d4dd3fa7649bbaa8dbd79d6580af0,net.sf.jsqlparser.expression.ExpressionVisitorAdapter,net.sf.jsqlparser.expression.ExpressionVisitorAdapter_ESTest,35,0,False
1149,NPEX,JSqlParser-66e44c95,0,1f26931d84db44f0a6ae0793b6c0fc1b,net.sf.jsqlparser.expression.ExpressionVisitorAdapter,net.sf.jsqlparser.expression.ExpressionVisitorAdapter_ESTest,34,0,False
1150,NPEX,JSqlParser-66e44c95,0,112a1db617f34092aec3a44d35fd08b4,net.sf.jsqlparser.expression.ExpressionVisitorAdapter,net.sf.jsqlparser.expression.ExpressionVisitorAdapter_ESTest,36,0,False
1151,NPEX,JSqlParser-66e44c95,0,3380ad93b1ec490c837a3b279f447fd5,net.sf.jsqlparser.expression.ExpressionVisitorAdapter,net.sf.jsqlparser.expression.ExpressionVisitorAdapter_ESTest,34,0,False
1152,NPEX,JSqlParser-66e44c95,0,bdc99614ec0240e5a92c589e266f5801,net.sf.jsqlparser.expression.ExpressionVisitorAdapter,net.sf.jsqlparser.expression.ExpressionVisitorAdapter_ESTest,35,0,False
1153,NPEX,JSqlParser-66e44c95,0,50142b771c5040f9b1d6e460fb1adef3,net.sf.jsqlparser.expression.ExpressionVisitorAdapter,net.sf.jsqlparser.expression.ExpressionVisitorAdapter_ESTest,36,0,False
1154,NPEX,JSqlParser-66e44c95,0,37810289655d48fe962a1b69d416cfbf,net.sf.jsqlparser.expression.ExpressionVisitorAdapter,net.sf.jsqlparser.expression.ExpressionVisitorAdapter_ESTest,40,0,False
1155,NPEX,JSqlParser-66e44c95,0,b6f9e9f4972c492696b2198b3c6ac9b4,net.sf.jsqlparser.expression.ExpressionVisitorAdapter,net.sf.jsqlparser.expression.ExpressionVisitorAdapter_ESTest,38,0,False
1156,NPEX,JSqlParser-66e44c95,0,fc5cdfe175514a72bfeabd951fd6edde,net.sf.jsqlparser.expression.ExpressionVisitorAdapter,net.sf.jsqlparser.expression.ExpressionVisitorAdapter_ESTest,39,0,False
1157,NPEX,JSqlParser-66e44c95,0,4340921a07124597a3ccfcf441104c27,net.sf.jsqlparser.expression.ExpressionVisitorAdapter,net.sf.jsqlparser.expression.ExpressionVisitorAdapter_ESTest,37,0,False
1158,NPEX,JSqlParser-66e44c95,0,404ae9773f0f413aaf2bfa543207d6c1,net.sf.jsqlparser.expression.ExpressionVisitorAdapter,net.sf.jsqlparser.expression.ExpressionVisitorAdapter_ESTest,37,0,False
1159,NPEX,JSqlParser-66e44c95,0,026bf4696a6e4a509782c16045edb509,net.sf.jsqlparser.expression.ExpressionVisitorAdapter,net.sf.jsqlparser.expression.ExpressionVisitorAdapter_ESTest,36,0,False
1160,NPEX,JSqlParser-66e44c95,0,0c6c53a9b1b14095aafba442adecfac3,net.sf.jsqlparser.expression.ExpressionVisitorAdapter,net.sf.jsqlparser.expression.ExpressionVisitorAdapter_ESTest,35,0,False
1161,NPEX,JSqlParser-66e44c95,0,3670d139dfe344289bf30234481715b3,net.sf.jsqlparser.expression.ExpressionVisitorAdapter,net.sf.jsqlparser.expression.ExpressionVisitorAdapter_ESTest,36,0,False
1162,NPEX,JSqlParser-66e44c95,0,c891f4748d13472aaab6b4dd8180aa52,net.sf.jsqlparser.expression.ExpressionVisitorAdapter,net.sf.jsqlparser.expression.ExpressionVisitorAdapter_ESTest,36,0,False
1163,NPEX,JSqlParser-66e44c95,0,926f5cc4f15c450599c92c77e7d73c3b,net.sf.jsqlparser.expression.ExpressionVisitorAdapter,net.sf.jsqlparser.expression.ExpressionVisitorAdapter_ESTest,38,0,False
1164,NPEX,JSqlParser-66e44c95,0,addf8a2941dc4f24a4b91ffdabbb92db,net.sf.jsqlparser.expression.ExpressionVisitorAdapter,net.sf.jsqlparser.expression.ExpressionVisitorAdapter_ESTest,35,0,False
1165,NPEX,ShardingSphere-c08f4f18,0,8a95d65f644348158643cd647c922841,org.apache.shardingsphere.proxy.frontend.postgresql.auth.PostgreSQLAuthenticationEngine,org.apache.shardingsphere.proxy.frontend.postgresql.auth.PostgreSQLAuthenticationEngine_ESTest,1,0,False
1166,NPEX,ShardingSphere-c08f4f18,0,2f99e4457d754055a8e2abe4aac1def4,org.apache.shardingsphere.proxy.frontend.postgresql.auth.PostgreSQLAuthenticationEngine,org.apache.shardingsphere.proxy.frontend.postgresql.auth.PostgreSQLAuthenticationEngine_ESTest,1,0,False
1167,NPEX,ShardingSphere-c08f4f18,0,4c157dbb74a649169102fd1ee5e7f18d,org.apache.shardingsphere.proxy.frontend.postgresql.auth.PostgreSQLAuthenticationEngine,org.apache.shardingsphere.proxy.frontend.postgresql.auth.PostgreSQLAuthenticationEngine_ESTest,1,0,False
1168,NPEX,ShardingSphere-c08f4f18,0,c6ceb9d123864772a9577a316ac2e01c,org.apache.shardingsphere.proxy.frontend.postgresql.auth.PostgreSQLAuthenticationEngine,org.apache.shardingsphere.proxy.frontend.postgresql.auth.PostgreSQLAuthenticationEngine_ESTest,1,0,False
1169,NPEX,ShardingSphere-c08f4f18,0,e7d85c7940d74ff69254c89258e18ee1,org.apache.shardingsphere.proxy.frontend.postgresql.auth.PostgreSQLAuthenticationEngine,org.apache.shardingsphere.proxy.frontend.postgresql.auth.PostgreSQLAuthenticationEngine_ESTest,1,0,False
1170,NPEX,ShardingSphere-c08f4f18,0,ccf6053f066949a794ae506dc2fbd809,org.apache.shardingsphere.proxy.frontend.postgresql.auth.PostgreSQLAuthenticationEngine,org.apache.shardingsphere.proxy.frontend.postgresql.auth.PostgreSQLAuthenticationEngine_ESTest,1,0,False
1171,NPEX,ShardingSphere-c08f4f18,0,93b7906bc8974e1e8e88ce2548950a74,org.apache.shardingsphere.proxy.frontend.postgresql.auth.PostgreSQLAuthenticationEngine,org.apache.shardingsphere.proxy.frontend.postgresql.auth.PostgreSQLAuthenticationEngine_ESTest,1,0,False
1172,NPEX,ShardingSphere-c08f4f18,0,bff48363649f47cda5c19de9d88d7150,org.apache.shardingsphere.proxy.frontend.postgresql.auth.PostgreSQLAuthenticationEngine,org.apache.shardingsphere.proxy.frontend.postgresql.auth.PostgreSQLAuthenticationEngine_ESTest,1,0,False
1173,NPEX,jsoup-8b837a43,0,b4d1c018c5b5470693d3530598e02c6a,org.jsoup.nodes.Attribute,org.jsoup.nodes.Attribute_ESTest,38,0,False
1174,NPEX,jsoup-8b837a43,0,f47d142aa1684b1f928e07e020cffa40,org.jsoup.nodes.Attribute,org.jsoup.nodes.Attribute_ESTest,41,0,False
1175,NPEX,jsoup-8b837a43,0,e9e9b961e32049c5835eb6066dc93ecb,org.jsoup.nodes.Attribute,org.jsoup.nodes.Attribute_ESTest,39,0,False
1176,NPEX,jsoup-8b837a43,0,2ed8767bb1714f05a736f29614505782,org.jsoup.nodes.Attribute,org.jsoup.nodes.Attribute_ESTest,38,0,False
1177,NPEX,jsoup-8b837a43,0,ca50cc621bfd4c95a27e008ea853dfbd,org.jsoup.nodes.Attribute,org.jsoup.nodes.Attribute_ESTest,39,0,False
1178,NPEX,jsoup-8b837a43,0,38b048f43b114414bb035c13129e0fee,org.jsoup.nodes.Attribute,org.jsoup.nodes.Attribute_ESTest,38,0,False
1179,NPEX,jsoup-8b837a43,0,d59559b0d39d4eb3a9e6c27277fd03c1,org.jsoup.nodes.Attribute,org.jsoup.nodes.Attribute_ESTest,39,0,False
1180,NPEX,jsoup-8b837a43,0,0aacb81fe9364c37a04e677b26c16a8d,org.jsoup.nodes.Attribute,org.jsoup.nodes.Attribute_ESTest,40,0,False
1181,NPEX,jsoup-8b837a43,0,6123a9167a334d9192c3f947b57dc713,org.jsoup.nodes.Attribute,org.jsoup.nodes.Attribute_ESTest,39,0,False
1182,NPEX,jsoup-8b837a43,0,ce1661a0fe134e4ca949929a657f78a0,org.jsoup.nodes.Attribute,org.jsoup.nodes.Attribute_ESTest,39,0,False
1183,NPEX,jsoup-8b837a43,0,9108a7599b5443138f5adcc7b84c6f23,org.jsoup.nodes.Attribute,org.jsoup.nodes.Attribute_ESTest,40,0,False
1184,NPEX,jsoup-8b837a43,0,234dbfe3079f4089a6445866960e2aec,org.jsoup.nodes.Attribute,org.jsoup.nodes.Attribute_ESTest,39,0,False
1185,NPEX,jsoup-8b837a43,0,d2025de540054ac9a4882fe55e8057b0,org.jsoup.nodes.Attribute,org.jsoup.nodes.Attribute_ESTest,39,0,False
1186,NPEX,jsoup-8b837a43,0,091c385b59284b0fb4d95a16f24d1e6f,org.jsoup.nodes.Attribute,org.jsoup.nodes.Attribute_ESTest,40,0,False
1187,NPEX,jsoup-8b837a43,0,1b788d949e1e4e6480cf236e84c99874,org.jsoup.nodes.Attribute,org.jsoup.nodes.Attribute_ESTest,36,0,False
1188,NPEX,jsoup-8b837a43,0,e41a1b4cb9ef49ab836046fbcc32dca1,org.jsoup.nodes.Attribute,org.jsoup.nodes.Attribute_ESTest,40,0,False
1189,NPEX,jsoup-8b837a43,0,d238a32cd53247c0b7cc6494613cc504,org.jsoup.nodes.Attribute,org.jsoup.nodes.Attribute_ESTest,39,0,False
1190,NPEX,jsoup-8b837a43,0,41bf70a945db4e33a397e5c6b7db1183,org.jsoup.nodes.Attribute,org.jsoup.nodes.Attribute_ESTest,39,0,False
1191,NPEX,jsoup-8b837a43,0,e088af6537694f26bb3bd595f351eb01,org.jsoup.nodes.Attribute,org.jsoup.nodes.Attribute_ESTest,37,0,False
1192,NPEX,jsoup-8b837a43,0,16ee72ea8fe945ce938e2d88056e6105,org.jsoup.nodes.Attribute,org.jsoup.nodes.Attribute_ESTest,40,0,False
1193,NPEX,Sling_Pipes-81059025,0,f76acc89078f48f0951db7c175ad6b70,org.apache.sling.pipes.PipeBindings,org.apache.sling.pipes.PipeBindings_ESTest,0,0,False
1194,NPEX,Sling_Pipes-81059025,0,87f5499188e8454b8d863369dd8869bc,org.apache.sling.pipes.PipeBindings,org.apache.sling.pipes.PipeBindings_ESTest,0,0,False
1195,NPEX,Sling_Pipes-81059025,0,ed3bae4c111b4d37b11a58871c66e49f,org.apache.sling.pipes.PipeBindings,org.apache.sling.pipes.PipeBindings_ESTest,0,0,False
1196,NPEX,Sling_Pipes-81059025,0,6f1e19e176c34ffe8b2180d2b5f23f22,org.apache.sling.pipes.PipeBindings,org.apache.sling.pipes.PipeBindings_ESTest,0,0,False
1197,NPEX,Sling_Pipes-81059025,0,b8aecfd96f144b5da4d858cb23f14ed4,org.apache.sling.pipes.PipeBindings,org.apache.sling.pipes.PipeBindings_ESTest,0,0,False
1198,NPEX,Sling_Pipes-81059025,0,8ffcc7d7190043429fc6d9689507f32b,org.apache.sling.pipes.PipeBindings,org.apache.sling.pipes.PipeBindings_ESTest,0,0,False
1199,NPEX,Sling_Pipes-81059025,0,c84946ffd1714e73817bf8c56aa5fae2,org.apache.sling.pipes.PipeBindings,org.apache.sling.pipes.PipeBindings_ESTest,0,0,False
1200,NPEX,Sling_Pipes-81059025,0,c5cd8c30679f452a8bb7afcd2f908117,org.apache.sling.pipes.PipeBindings,org.apache.sling.pipes.PipeBindings_ESTest,0,0,False
1201,NPEX,Sling_Pipes-81059025,0,db59e57f5390411099fa989f3d21815b,org.apache.sling.pipes.PipeBindings,org.apache.sling.pipes.PipeBindings_ESTest,0,0,False
1202,NPEX,Sling_Pipes-81059025,0,64e29d499f6a491aa5d37d33b14f208f,org.apache.sling.pipes.PipeBindings,org.apache.sling.pipes.PipeBindings_ESTest,0,0,False
1203,NPEX,Sling_Pipes-81059025,0,34eff2da349a47b2a5a90fd3cb836ee9,org.apache.sling.pipes.PipeBindings,org.apache.sling.pipes.PipeBindings_ESTest,0,0,False
1204,NPEX,Sling_Pipes-81059025,0,a4ec2b3b45f0475ea13636af01e4d5c1,org.apache.sling.pipes.PipeBindings,org.apache.sling.pipes.PipeBindings_ESTest,0,0,False
1205,NPEX,Sling_Pipes-81059025,0,7ba957ffbf2049778d89750977bf3122,org.apache.sling.pipes.PipeBindings,org.apache.sling.pipes.PipeBindings_ESTest,0,0,False
1206,NPEX,Sling_Pipes-81059025,0,99bbbf825d8044e399211c08042de1d4,org.apache.sling.pipes.PipeBindings,org.apache.sling.pipes.PipeBindings_ESTest,0,0,False
1207,NPEX,Sling_Pipes-81059025,0,5c77803f477742afbd552340c035582b,org.apache.sling.pipes.PipeBindings,org.apache.sling.pipes.PipeBindings_ESTest,0,0,False
1208,NPEX,Sling_Pipes-81059025,0,88ec9779a9c247768b013a606b212ec1,org.apache.sling.pipes.PipeBindings,org.apache.sling.pipes.PipeBindings_ESTest,0,0,False
1209,NPEX,Sling_Pipes-81059025,0,2ba9b714c17043278070770b0d24f356,org.apache.sling.pipes.PipeBindings,org.apache.sling.pipes.PipeBindings_ESTest,0,0,False
1210,NPEX,Sling_Pipes-81059025,0,c6136db5c59940f0bd2cd6259cce8792,org.apache.sling.pipes.PipeBindings,org.apache.sling.pipes.PipeBindings_ESTest,0,0,False
1211,NPEX,Sling_Pipes-81059025,0,5c902665b3d74f26963a6354ca3c42d7,org.apache.sling.pipes.PipeBindings,org.apache.sling.pipes.PipeBindings_ESTest,0,0,False
1212,NPEX,Sling_Pipes-81059025,0,3b8f823041b14b148a4072d709506766,org.apache.sling.pipes.PipeBindings,org.apache.sling.pipes.PipeBindings_ESTest,0,0,False
1213,NPEX,OpenNLP-60792b8f,0,29283b8d0e574fc1a9d039b03c5f9203,opennlp.tools.lemmatizer.DictionaryLemmatizer,opennlp.tools.lemmatizer.DictionaryLemmatizer_ESTest,3,0,False
1214,NPEX,OpenNLP-60792b8f,0,e507321187f54388a7fa2c2313493212,opennlp.tools.lemmatizer.DictionaryLemmatizer,opennlp.tools.lemmatizer.DictionaryLemmatizer_ESTest,3,0,False
1215,NPEX,OpenNLP-60792b8f,0,6068023894b94efeb0620f4e498e86d0,opennlp.tools.lemmatizer.DictionaryLemmatizer,opennlp.tools.lemmatizer.DictionaryLemmatizer_ESTest,2,0,False
1216,NPEX,OpenNLP-60792b8f,0,dd1a6016ee1d42ba898bc27d4747869b,opennlp.tools.lemmatizer.DictionaryLemmatizer,opennlp.tools.lemmatizer.DictionaryLemmatizer_ESTest,3,0,False
1217,NPEX,OpenNLP-60792b8f,0,cd377ed52b544e4a89d4002f03af628d,opennlp.tools.lemmatizer.DictionaryLemmatizer,opennlp.tools.lemmatizer.DictionaryLemmatizer_ESTest,4,0,False
1218,NPEX,OpenNLP-60792b8f,0,9d4e3f72c0ad43859740a3208912e6c2,opennlp.tools.lemmatizer.DictionaryLemmatizer,opennlp.tools.lemmatizer.DictionaryLemmatizer_ESTest,4,0,False
1219,NPEX,OpenNLP-60792b8f,0,ea8c7bd0926041b3afd1c12e3c6c9e6f,opennlp.tools.lemmatizer.DictionaryLemmatizer,opennlp.tools.lemmatizer.DictionaryLemmatizer_ESTest,3,0,False
1220,NPEX,OpenNLP-60792b8f,0,35493ca28df94529a5e71ee7e561a735,opennlp.tools.lemmatizer.DictionaryLemmatizer,opennlp.tools.lemmatizer.DictionaryLemmatizer_ESTest,4,0,False
1221,NPEX,OpenNLP-60792b8f,0,7508d7ff04bb442892415b901ba9269d,opennlp.tools.lemmatizer.DictionaryLemmatizer,opennlp.tools.lemmatizer.DictionaryLemmatizer_ESTest,4,0,False
1222,NPEX,OpenNLP-60792b8f,0,e95f670efc5044b28df3da2298ef35b7,opennlp.tools.lemmatizer.DictionaryLemmatizer,opennlp.tools.lemmatizer.DictionaryLemmatizer_ESTest,3,0,False
1223,NPEX,OpenNLP-60792b8f,0,f61f891a21dc456f912bd7e72ab91203,opennlp.tools.lemmatizer.DictionaryLemmatizer,opennlp.tools.lemmatizer.DictionaryLemmatizer_ESTest,3,0,False
1224,NPEX,OpenNLP-60792b8f,0,e977c0699ef84cdd879992c53cb496de,opennlp.tools.lemmatizer.DictionaryLemmatizer,opennlp.tools.lemmatizer.DictionaryLemmatizer_ESTest,3,0,False
1225,NPEX,OpenNLP-60792b8f,0,b515f6721df64b5a99cb5c130241b633,opennlp.tools.lemmatizer.DictionaryLemmatizer,opennlp.tools.lemmatizer.DictionaryLemmatizer_ESTest,3,0,False
1226,NPEX,OpenNLP-60792b8f,0,081356feae0e47c49a762622a65e1194,opennlp.tools.lemmatizer.DictionaryLemmatizer,opennlp.tools.lemmatizer.DictionaryLemmatizer_ESTest,4,0,False
1227,NPEX,OpenNLP-60792b8f,0,cffb030daf7c457ab92053f46f893822,opennlp.tools.lemmatizer.DictionaryLemmatizer,opennlp.tools.lemmatizer.DictionaryLemmatizer_ESTest,4,0,False
1228,NPEX,OpenNLP-60792b8f,0,c4ea378a153c4b7793e220c6beba8b37,opennlp.tools.lemmatizer.DictionaryLemmatizer,opennlp.tools.lemmatizer.DictionaryLemmatizer_ESTest,3,0,False
1229,NPEX,OpenNLP-60792b8f,0,a8134f4d77d74e28973225da82048e67,opennlp.tools.lemmatizer.DictionaryLemmatizer,opennlp.tools.lemmatizer.DictionaryLemmatizer_ESTest,3,0,False
1230,NPEX,OpenNLP-60792b8f,0,2162dc26fad046d2a4c42cafd4162689,opennlp.tools.lemmatizer.DictionaryLemmatizer,opennlp.tools.lemmatizer.DictionaryLemmatizer_ESTest,3,0,False
1231,NPEX,OpenNLP-60792b8f,0,46060a1c87bd4fd5910574addce025d6,opennlp.tools.lemmatizer.DictionaryLemmatizer,opennlp.tools.lemmatizer.DictionaryLemmatizer_ESTest,8,0,False
1232,NPEX,OpenNLP-60792b8f,0,7d1ae26d824c4196bc02fdd227ec56ce,opennlp.tools.lemmatizer.DictionaryLemmatizer,opennlp.tools.lemmatizer.DictionaryLemmatizer_ESTest,4,0,False
1233,NPEX,Hessian_Lite-c5c017dc,0,a234750068434ad6acb21d14c4011cd4,com.alibaba.dubbo.common.URL,com.alibaba.dubbo.common.URL_ESTest,433,0,True
1234,NPEX,Hessian_Lite-c5c017dc,0,a5a7670c62f843829eb59976dc162173,com.alibaba.dubbo.common.URL,com.alibaba.dubbo.common.URL_ESTest,428,0,True
1235,NPEX,Hessian_Lite-c5c017dc,0,def6438a7e444838974b320d5e9c1d21,com.alibaba.dubbo.common.URL,com.alibaba.dubbo.common.URL_ESTest,374,0,True
1236,NPEX,Hessian_Lite-c5c017dc,0,3fef581d084a4e6c8bd9da8f13175709,com.alibaba.dubbo.common.URL,com.alibaba.dubbo.common.URL_ESTest,414,0,True
1237,NPEX,Hessian_Lite-c5c017dc,0,5ca60f4352df41f99eb88be67c3f4add,com.alibaba.dubbo.common.URL,com.alibaba.dubbo.common.URL_ESTest,405,0,False
1238,NPEX,Hessian_Lite-c5c017dc,0,bb50621db6264a3b8327288f690a95f4,com.alibaba.dubbo.common.URL,com.alibaba.dubbo.common.URL_ESTest,420,0,False
1239,NPEX,Hessian_Lite-c5c017dc,0,aa1bf68335864bbabca6c979dbdf715f,com.alibaba.dubbo.common.URL,com.alibaba.dubbo.common.URL_ESTest,418,0,False
1240,NPEX,Hessian_Lite-c5c017dc,0,a016fef7eb8a4c3388dda96af753534a,com.alibaba.dubbo.common.URL,com.alibaba.dubbo.common.URL_ESTest,419,0,True
1241,NPEX,Hessian_Lite-c5c017dc,0,37445c3b285f4f30a4addac8cb983316,com.alibaba.dubbo.common.URL,com.alibaba.dubbo.common.URL_ESTest,409,0,True
1242,NPEX,Hessian_Lite-c5c017dc,0,1dc97a72d7cf4a07b2ed69996e6b80f6,com.alibaba.dubbo.common.URL,com.alibaba.dubbo.common.URL_ESTest,421,0,True
1243,NPEX,Hessian_Lite-c5c017dc,0,441656e2bb304b239e2cf9056834b055,com.alibaba.dubbo.common.URL,com.alibaba.dubbo.common.URL_ESTest,438,0,True
1244,NPEX,Hessian_Lite-c5c017dc,0,db98a9232d714b5187b45eac49a8c24e,com.alibaba.dubbo.common.URL,com.alibaba.dubbo.common.URL_ESTest,406,0,False
1245,NPEX,Hessian_Lite-c5c017dc,0,1f32a96ba62b4d8fb11306080db813ba,com.alibaba.dubbo.common.URL,com.alibaba.dubbo.common.URL_ESTest,381,0,False
1246,NPEX,Hessian_Lite-c5c017dc,0,1d303072a965459c950e75e8d3c7331a,com.alibaba.dubbo.common.URL,com.alibaba.dubbo.common.URL_ESTest,401,0,True
1247,NPEX,Hessian_Lite-c5c017dc,0,53f5cd57262146ed8623a7b20f466c94,com.alibaba.dubbo.common.URL,com.alibaba.dubbo.common.URL_ESTest,430,0,True
1248,NPEX,Hessian_Lite-c5c017dc,0,62a89521376041d182e4110513b1d244,com.alibaba.dubbo.common.URL,com.alibaba.dubbo.common.URL_ESTest,432,0,True
1249,NPEX,Hessian_Lite-c5c017dc,0,2986d6f6f44d4f3f950527bb114fb619,com.alibaba.dubbo.common.URL,com.alibaba.dubbo.common.URL_ESTest,418,0,True
1250,NPEX,Hessian_Lite-c5c017dc,0,e151e3f21c5e445992c140f90d0b6abc,com.alibaba.dubbo.common.URL,com.alibaba.dubbo.common.URL_ESTest,431,0,True
1251,NPEX,Hessian_Lite-c5c017dc,0,401af9dc7ae0499b93ca28c46eccd120,com.alibaba.dubbo.common.URL,com.alibaba.dubbo.common.URL_ESTest,438,0,True
1252,NPEX,Hessian_Lite-c5c017dc,0,ede1c614f8164bbea35f78fbb9863c4e,com.alibaba.dubbo.common.URL,com.alibaba.dubbo.common.URL_ESTest,430,0,False
1253,NPEX,ZooKeeper-ef3649f5,0,4676bfee4e604e8d804483a2205364fe,org.apache.zookeeper.server.ZooKeeperServer,org.apache.zookeeper.server.ZooKeeperServer_ESTest,228,0,False
1254,NPEX,ZooKeeper-ef3649f5,0,4676bfee4e604e8d804483a2205364fe,org.apache.zookeeper.server.ZooKeeperServer,org.apache.zookeeper.server.ZooKeeperServer_ESTest$1,228,0,False
1255,NPEX,ZooKeeper-ef3649f5,0,4676bfee4e604e8d804483a2205364fe,org.apache.zookeeper.server.ZooKeeperServer,org.apache.zookeeper.server.ZooKeeperServer_ESTest$6,228,0,False
1256,NPEX,ZooKeeper-ef3649f5,0,4676bfee4e604e8d804483a2205364fe,org.apache.zookeeper.server.ZooKeeperServer,org.apache.zookeeper.server.ZooKeeperServer_ESTest$5,228,0,False
1257,NPEX,ZooKeeper-ef3649f5,0,4676bfee4e604e8d804483a2205364fe,org.apache.zookeeper.server.ZooKeeperServer,org.apache.zookeeper.server.ZooKeeperServer_ESTest$2,228,0,False
1258,NPEX,ZooKeeper-ef3649f5,0,4676bfee4e604e8d804483a2205364fe,org.apache.zookeeper.server.ZooKeeperServer,org.apache.zookeeper.server.ZooKeeperServer_ESTest$4,228,0,False
1259,NPEX,ZooKeeper-ef3649f5,0,4676bfee4e604e8d804483a2205364fe,org.apache.zookeeper.server.ZooKeeperServer,org.apache.zookeeper.server.ZooKeeperServer_ESTest$3,228,0,False
1260,NPEX,ZooKeeper-ef3649f5,0,f7d304cece2e49f48123028454b425a0,org.apache.zookeeper.server.ZooKeeperServer,org.apache.zookeeper.server.ZooKeeperServer_ESTest,239,0,False
1261,NPEX,ZooKeeper-ef3649f5,0,f7d304cece2e49f48123028454b425a0,org.apache.zookeeper.server.ZooKeeperServer,org.apache.zookeeper.server.ZooKeeperServer_ESTest$1,239,0,False
1262,NPEX,ZooKeeper-ef3649f5,0,f7d304cece2e49f48123028454b425a0,org.apache.zookeeper.server.ZooKeeperServer,org.apache.zookeeper.server.ZooKeeperServer_ESTest$5,239,0,False
1263,NPEX,ZooKeeper-ef3649f5,0,f7d304cece2e49f48123028454b425a0,org.apache.zookeeper.server.ZooKeeperServer,org.apache.zookeeper.server.ZooKeeperServer_ESTest$2,239,0,False
1264,NPEX,ZooKeeper-ef3649f5,0,f7d304cece2e49f48123028454b425a0,org.apache.zookeeper.server.ZooKeeperServer,org.apache.zookeeper.server.ZooKeeperServer_ESTest$4,239,0,False
1265,NPEX,ZooKeeper-ef3649f5,0,f7d304cece2e49f48123028454b425a0,org.apache.zookeeper.server.ZooKeeperServer,org.apache.zookeeper.server.ZooKeeperServer_ESTest$3,239,0,False
1266,NPEX,ZooKeeper-ef3649f5,0,1ec92f00c2a14aabb386008a356cd0c6,org.apache.zookeeper.server.ZooKeeperServer,org.apache.zookeeper.server.ZooKeeperServer_ESTest,164,0,True
1267,NPEX,ZooKeeper-ef3649f5,0,1ec92f00c2a14aabb386008a356cd0c6,org.apache.zookeeper.server.ZooKeeperServer,org.apache.zookeeper.server.ZooKeeperServer_ESTest$1,164,0,True
1268,NPEX,ZooKeeper-ef3649f5,0,1ec92f00c2a14aabb386008a356cd0c6,org.apache.zookeeper.server.ZooKeeperServer,org.apache.zookeeper.server.ZooKeeperServer_ESTest$2,164,0,True
1269,NPEX,ZooKeeper-ef3649f5,0,6245cb40b1dc4167befb7407f6d5bc6d,org.apache.zookeeper.server.ZooKeeperServer,org.apache.zookeeper.server.ZooKeeperServer_ESTest,260,0,False
1270,NPEX,ZooKeeper-ef3649f5,0,6245cb40b1dc4167befb7407f6d5bc6d,org.apache.zookeeper.server.ZooKeeperServer,org.apache.zookeeper.server.ZooKeeperServer_ESTest$1,260,0,False
1271,NPEX,ZooKeeper-ef3649f5,0,6245cb40b1dc4167befb7407f6d5bc6d,org.apache.zookeeper.server.ZooKeeperServer,org.apache.zookeeper.server.ZooKeeperServer_ESTest$6,260,0,False
1272,NPEX,ZooKeeper-ef3649f5,0,6245cb40b1dc4167befb7407f6d5bc6d,org.apache.zookeeper.server.ZooKeeperServer,org.apache.zookeeper.server.ZooKeeperServer_ESTest$5,260,0,False
1273,NPEX,ZooKeeper-ef3649f5,0,6245cb40b1dc4167befb7407f6d5bc6d,org.apache.zookeeper.server.ZooKeeperServer,org.apache.zookeeper.server.ZooKeeperServer_ESTest$2,260,0,False
1274,NPEX,ZooKeeper-ef3649f5,0,6245cb40b1dc4167befb7407f6d5bc6d,org.apache.zookeeper.server.ZooKeeperServer,org.apache.zookeeper.server.ZooKeeperServer_ESTest$4,260,0,False
1275,NPEX,ZooKeeper-ef3649f5,0,6245cb40b1dc4167befb7407f6d5bc6d,org.apache.zookeeper.server.ZooKeeperServer,org.apache.zookeeper.server.ZooKeeperServer_ESTest$3,260,0,False
1276,NPEX,ZooKeeper-ef3649f5,0,ddd96c6ce31c40d8b71ebf6c42c95399,org.apache.zookeeper.server.ZooKeeperServer,org.apache.zookeeper.server.ZooKeeperServer_ESTest,217,0,False
1277,NPEX,ZooKeeper-ef3649f5,0,ddd96c6ce31c40d8b71ebf6c42c95399,org.apache.zookeeper.server.ZooKeeperServer,org.apache.zookeeper.server.ZooKeeperServer_ESTest$1,217,0,False
1278,NPEX,ZooKeeper-ef3649f5,0,ddd96c6ce31c40d8b71ebf6c42c95399,org.apache.zookeeper.server.ZooKeeperServer,org.apache.zookeeper.server.ZooKeeperServer_ESTest$2,217,0,False
1279,NPEX,ZooKeeper-ef3649f5,0,ddd96c6ce31c40d8b71ebf6c42c95399,org.apache.zookeeper.server.ZooKeeperServer,org.apache.zookeeper.server.ZooKeeperServer_ESTest$4,217,0,False
1280,NPEX,ZooKeeper-ef3649f5,0,ddd96c6ce31c40d8b71ebf6c42c95399,org.apache.zookeeper.server.ZooKeeperServer,org.apache.zookeeper.server.ZooKeeperServer_ESTest$3,217,0,False
1281,NPEX,ZooKeeper-ef3649f5,0,f88b542b9c2f441db6dadc7cb85097e8,org.apache.zookeeper.server.ZooKeeperServer,org.apache.zookeeper.server.ZooKeeperServer_ESTest,172,0,False
1282,NPEX,ZooKeeper-ef3649f5,0,f88b542b9c2f441db6dadc7cb85097e8,org.apache.zookeeper.server.ZooKeeperServer,org.apache.zookeeper.server.ZooKeeperServer_ESTest$1,172,0,False
1283,NPEX,ZooKeeper-ef3649f5,0,f88b542b9c2f441db6dadc7cb85097e8,org.apache.zookeeper.server.ZooKeeperServer,org.apache.zookeeper.server.ZooKeeperServer_ESTest$2,172,0,False
1284,NPEX,ZooKeeper-ef3649f5,0,ed4380aac2324a98bb49ebbcdeca1a03,org.apache.zookeeper.server.ZooKeeperServer,org.apache.zookeeper.server.ZooKeeperServer_ESTest,249,0,False
1285,NPEX,ZooKeeper-ef3649f5,0,ed4380aac2324a98bb49ebbcdeca1a03,org.apache.zookeeper.server.ZooKeeperServer,org.apache.zookeeper.server.ZooKeeperServer_ESTest$1,249,0,False
1286,NPEX,ZooKeeper-ef3649f5,0,ed4380aac2324a98bb49ebbcdeca1a03,org.apache.zookeeper.server.ZooKeeperServer,org.apache.zookeeper.server.ZooKeeperServer_ESTest$2,249,0,False
1287,NPEX,ZooKeeper-ef3649f5,0,ed4380aac2324a98bb49ebbcdeca1a03,org.apache.zookeeper.server.ZooKeeperServer,org.apache.zookeeper.server.ZooKeeperServer_ESTest$4,249,0,False
1288,NPEX,ZooKeeper-ef3649f5,0,ed4380aac2324a98bb49ebbcdeca1a03,org.apache.zookeeper.server.ZooKeeperServer,org.apache.zookeeper.server.ZooKeeperServer_ESTest$3,249,0,False
1289,NPEX,ZooKeeper-ef3649f5,0,2ef0ae5946c14de69768236dbf4ee880,org.apache.zookeeper.server.ZooKeeperServer,org.apache.zookeeper.server.ZooKeeperServer_ESTest,155,0,False
1290,NPEX,ZooKeeper-ef3649f5,0,2ef0ae5946c14de69768236dbf4ee880,org.apache.zookeeper.server.ZooKeeperServer,org.apache.zookeeper.server.ZooKeeperServer_ESTest$1,155,0,False
1291,NPEX,ZooKeeper-ef3649f5,0,2ef0ae5946c14de69768236dbf4ee880,org.apache.zookeeper.server.ZooKeeperServer,org.apache.zookeeper.server.ZooKeeperServer_ESTest$2,155,0,False
1292,NPEX,ZooKeeper-ef3649f5,0,28818c9acd4d4a4ea2586c856f28c906,org.apache.zookeeper.server.ZooKeeperServer,org.apache.zookeeper.server.ZooKeeperServer_ESTest,258,0,True
1293,NPEX,ZooKeeper-ef3649f5,0,28818c9acd4d4a4ea2586c856f28c906,org.apache.zookeeper.server.ZooKeeperServer,org.apache.zookeeper.server.ZooKeeperServer_ESTest$1,258,0,True
1294,NPEX,ZooKeeper-ef3649f5,0,28818c9acd4d4a4ea2586c856f28c906,org.apache.zookeeper.server.ZooKeeperServer,org.apache.zookeeper.server.ZooKeeperServer_ESTest$2,258,0,True
1295,NPEX,ZooKeeper-ef3649f5,0,28818c9acd4d4a4ea2586c856f28c906,org.apache.zookeeper.server.ZooKeeperServer,org.apache.zookeeper.server.ZooKeeperServer_ESTest$4,258,0,True
1296,NPEX,ZooKeeper-ef3649f5,0,28818c9acd4d4a4ea2586c856f28c906,org.apache.zookeeper.server.ZooKeeperServer,org.apache.zookeeper.server.ZooKeeperServer_ESTest$3,258,0,True
1297,NPEX,ZooKeeper-ef3649f5,0,9dcdc13bf9e147b0bc15db01b9053346,org.apache.zookeeper.server.ZooKeeperServer,org.apache.zookeeper.server.ZooKeeperServer_ESTest,157,0,True
1298,NPEX,ZooKeeper-ef3649f5,0,9dcdc13bf9e147b0bc15db01b9053346,org.apache.zookeeper.server.ZooKeeperServer,org.apache.zookeeper.server.ZooKeeperServer_ESTest$1,157,0,True
1299,NPEX,ZooKeeper-ef3649f5,0,9dcdc13bf9e147b0bc15db01b9053346,org.apache.zookeeper.server.ZooKeeperServer,org.apache.zookeeper.server.ZooKeeperServer_ESTest$2,157,0,True
1300,NPEX,ZooKeeper-ef3649f5,0,4207dc8b500b49deb1efe36adf0ad16b,org.apache.zookeeper.server.ZooKeeperServer,org.apache.zookeeper.server.ZooKeeperServer_ESTest,156,0,True
1301,NPEX,ZooKeeper-ef3649f5,0,4207dc8b500b49deb1efe36adf0ad16b,org.apache.zookeeper.server.ZooKeeperServer,org.apache.zookeeper.server.ZooKeeperServer_ESTest$1,156,0,True
1302,NPEX,ZooKeeper-ef3649f5,0,4207dc8b500b49deb1efe36adf0ad16b,org.apache.zookeeper.server.ZooKeeperServer,org.apache.zookeeper.server.ZooKeeperServer_ESTest$2,156,0,True
1303,NPEX,ZooKeeper-ef3649f5,0,b6ca237bc0f74a10ae4b6c3e870ad437,org.apache.zookeeper.server.ZooKeeperServer,org.apache.zookeeper.server.ZooKeeperServer_ESTest,177,0,False
1304,NPEX,ZooKeeper-ef3649f5,0,b6ca237bc0f74a10ae4b6c3e870ad437,org.apache.zookeeper.server.ZooKeeperServer,org.apache.zookeeper.server.ZooKeeperServer_ESTest$1,177,0,False
1305,NPEX,ZooKeeper-ef3649f5,0,b6ca237bc0f74a10ae4b6c3e870ad437,org.apache.zookeeper.server.ZooKeeperServer,org.apache.zookeeper.server.ZooKeeperServer_ESTest$2,177,0,False
1306,NPEX,ZooKeeper-ef3649f5,0,a8e74bb24f5e4a26a9119f49c752a93b,org.apache.zookeeper.server.ZooKeeperServer,org.apache.zookeeper.server.ZooKeeperServer_ESTest,230,0,True
1307,NPEX,ZooKeeper-ef3649f5,0,a8e74bb24f5e4a26a9119f49c752a93b,org.apache.zookeeper.server.ZooKeeperServer,org.apache.zookeeper.server.ZooKeeperServer_ESTest$1,230,0,True
1308,NPEX,ZooKeeper-ef3649f5,0,a8e74bb24f5e4a26a9119f49c752a93b,org.apache.zookeeper.server.ZooKeeperServer,org.apache.zookeeper.server.ZooKeeperServer_ESTest$6,230,0,True
1309,NPEX,ZooKeeper-ef3649f5,0,a8e74bb24f5e4a26a9119f49c752a93b,org.apache.zookeeper.server.ZooKeeperServer,org.apache.zookeeper.server.ZooKeeperServer_ESTest$5,230,0,True
1310,NPEX,ZooKeeper-ef3649f5,0,a8e74bb24f5e4a26a9119f49c752a93b,org.apache.zookeeper.server.ZooKeeperServer,org.apache.zookeeper.server.ZooKeeperServer_ESTest$9,230,0,True
1311,NPEX,ZooKeeper-ef3649f5,0,a8e74bb24f5e4a26a9119f49c752a93b,org.apache.zookeeper.server.ZooKeeperServer,org.apache.zookeeper.server.ZooKeeperServer_ESTest$2,230,0,True
1312,NPEX,ZooKeeper-ef3649f5,0,a8e74bb24f5e4a26a9119f49c752a93b,org.apache.zookeeper.server.ZooKeeperServer,org.apache.zookeeper.server.ZooKeeperServer_ESTest$7,230,0,True
1313,NPEX,ZooKeeper-ef3649f5,0,a8e74bb24f5e4a26a9119f49c752a93b,org.apache.zookeeper.server.ZooKeeperServer,org.apache.zookeeper.server.ZooKeeperServer_ESTest$4,230,0,True
1314,NPEX,ZooKeeper-ef3649f5,0,a8e74bb24f5e4a26a9119f49c752a93b,org.apache.zookeeper.server.ZooKeeperServer,org.apache.zookeeper.server.ZooKeeperServer_ESTest$8,230,0,True
1315,NPEX,ZooKeeper-ef3649f5,0,a8e74bb24f5e4a26a9119f49c752a93b,org.apache.zookeeper.server.ZooKeeperServer,org.apache.zookeeper.server.ZooKeeperServer_ESTest$10,230,0,True
1316,NPEX,ZooKeeper-ef3649f5,0,a8e74bb24f5e4a26a9119f49c752a93b,org.apache.zookeeper.server.ZooKeeperServer,org.apache.zookeeper.server.ZooKeeperServer_ESTest$3,230,0,True
1317,NPEX,ZooKeeper-ef3649f5,0,470dbe8aa76b4896b8c0642925c5b5b7,org.apache.zookeeper.server.ZooKeeperServer,org.apache.zookeeper.server.ZooKeeperServer_ESTest,231,0,False
1318,NPEX,ZooKeeper-ef3649f5,0,470dbe8aa76b4896b8c0642925c5b5b7,org.apache.zookeeper.server.ZooKeeperServer,org.apache.zookeeper.server.ZooKeeperServer_ESTest$1,231,0,False
1319,NPEX,ZooKeeper-ef3649f5,0,470dbe8aa76b4896b8c0642925c5b5b7,org.apache.zookeeper.server.ZooKeeperServer,org.apache.zookeeper.server.ZooKeeperServer_ESTest$6,231,0,False
1320,NPEX,ZooKeeper-ef3649f5,0,470dbe8aa76b4896b8c0642925c5b5b7,org.apache.zookeeper.server.ZooKeeperServer,org.apache.zookeeper.server.ZooKeeperServer_ESTest$5,231,0,False
1321,NPEX,ZooKeeper-ef3649f5,0,470dbe8aa76b4896b8c0642925c5b5b7,org.apache.zookeeper.server.ZooKeeperServer,org.apache.zookeeper.server.ZooKeeperServer_ESTest$2,231,0,False
1322,NPEX,ZooKeeper-ef3649f5,0,470dbe8aa76b4896b8c0642925c5b5b7,org.apache.zookeeper.server.ZooKeeperServer,org.apache.zookeeper.server.ZooKeeperServer_ESTest$7,231,0,False
1323,NPEX,ZooKeeper-ef3649f5,0,470dbe8aa76b4896b8c0642925c5b5b7,org.apache.zookeeper.server.ZooKeeperServer,org.apache.zookeeper.server.ZooKeeperServer_ESTest$4,231,0,False
1324,NPEX,ZooKeeper-ef3649f5,0,470dbe8aa76b4896b8c0642925c5b5b7,org.apache.zookeeper.server.ZooKeeperServer,org.apache.zookeeper.server.ZooKeeperServer_ESTest$3,231,0,False
1325,NPEX,ZooKeeper-ef3649f5,0,2ec3038f3d6a4a43bcd00160b9e67f63,org.apache.zookeeper.server.ZooKeeperServer,org.apache.zookeeper.server.ZooKeeperServer_ESTest,176,0,False
1326,NPEX,ZooKeeper-ef3649f5,0,2ec3038f3d6a4a43bcd00160b9e67f63,org.apache.zookeeper.server.ZooKeeperServer,org.apache.zookeeper.server.ZooKeeperServer_ESTest$1,176,0,False
1327,NPEX,ZooKeeper-ef3649f5,0,2ec3038f3d6a4a43bcd00160b9e67f63,org.apache.zookeeper.server.ZooKeeperServer,org.apache.zookeeper.server.ZooKeeperServer_ESTest$2,176,0,False
1328,NPEX,ZooKeeper-ef3649f5,0,36044ef80e104477a7625b7db8dc312b,org.apache.zookeeper.server.ZooKeeperServer,org.apache.zookeeper.server.ZooKeeperServer_ESTest,262,0,False
1329,NPEX,ZooKeeper-ef3649f5,0,36044ef80e104477a7625b7db8dc312b,org.apache.zookeeper.server.ZooKeeperServer,org.apache.zookeeper.server.ZooKeeperServer_ESTest$1,262,0,False
1330,NPEX,ZooKeeper-ef3649f5,0,36044ef80e104477a7625b7db8dc312b,org.apache.zookeeper.server.ZooKeeperServer,org.apache.zookeeper.server.ZooKeeperServer_ESTest$6,262,0,False
1331,NPEX,ZooKeeper-ef3649f5,0,36044ef80e104477a7625b7db8dc312b,org.apache.zookeeper.server.ZooKeeperServer,org.apache.zookeeper.server.ZooKeeperServer_ESTest$5,262,0,False
1332,NPEX,ZooKeeper-ef3649f5,0,36044ef80e104477a7625b7db8dc312b,org.apache.zookeeper.server.ZooKeeperServer,org.apache.zookeeper.server.ZooKeeperServer_ESTest$2,262,0,False
1333,NPEX,ZooKeeper-ef3649f5,0,36044ef80e104477a7625b7db8dc312b,org.apache.zookeeper.server.ZooKeeperServer,org.apache.zookeeper.server.ZooKeeperServer_ESTest$7,262,0,False
1334,NPEX,ZooKeeper-ef3649f5,0,36044ef80e104477a7625b7db8dc312b,org.apache.zookeeper.server.ZooKeeperServer,org.apache.zookeeper.server.ZooKeeperServer_ESTest$4,262,0,False
1335,NPEX,ZooKeeper-ef3649f5,0,36044ef80e104477a7625b7db8dc312b,org.apache.zookeeper.server.ZooKeeperServer,org.apache.zookeeper.server.ZooKeeperServer_ESTest$3,262,0,False
1336,NPEX,ZooKeeper-ef3649f5,0,7c525ec643f4494e911fc5b519d341b2,org.apache.zookeeper.server.ZooKeeperServer,org.apache.zookeeper.server.ZooKeeperServer_ESTest,166,0,False
1337,NPEX,ZooKeeper-ef3649f5,0,7c525ec643f4494e911fc5b519d341b2,org.apache.zookeeper.server.ZooKeeperServer,org.apache.zookeeper.server.ZooKeeperServer_ESTest$1,166,0,False
1338,NPEX,ZooKeeper-ef3649f5,0,7c525ec643f4494e911fc5b519d341b2,org.apache.zookeeper.server.ZooKeeperServer,org.apache.zookeeper.server.ZooKeeperServer_ESTest$2,166,0,False
1339,NPEX,ZooKeeper-ef3649f5,0,35c2e3f9f75e48a5bea1b33825f5f67b,org.apache.zookeeper.server.ZooKeeperServer,org.apache.zookeeper.server.ZooKeeperServer_ESTest,223,0,False
1340,NPEX,ZooKeeper-ef3649f5,0,35c2e3f9f75e48a5bea1b33825f5f67b,org.apache.zookeeper.server.ZooKeeperServer,org.apache.zookeeper.server.ZooKeeperServer_ESTest$1,223,0,False
1341,NPEX,ZooKeeper-ef3649f5,0,35c2e3f9f75e48a5bea1b33825f5f67b,org.apache.zookeeper.server.ZooKeeperServer,org.apache.zookeeper.server.ZooKeeperServer_ESTest$5,223,0,False
1342,NPEX,ZooKeeper-ef3649f5,0,35c2e3f9f75e48a5bea1b33825f5f67b,org.apache.zookeeper.server.ZooKeeperServer,org.apache.zookeeper.server.ZooKeeperServer_ESTest$2,223,0,False
1343,NPEX,ZooKeeper-ef3649f5,0,35c2e3f9f75e48a5bea1b33825f5f67b,org.apache.zookeeper.server.ZooKeeperServer,org.apache.zookeeper.server.ZooKeeperServer_ESTest$4,223,0,False
1344,NPEX,ZooKeeper-ef3649f5,0,35c2e3f9f75e48a5bea1b33825f5f67b,org.apache.zookeeper.server.ZooKeeperServer,org.apache.zookeeper.server.ZooKeeperServer_ESTest$3,223,0,False
1345,NPEX,ZooKeeper-ef3649f5,0,1239cc760e384c34801816ce6cf68c42,org.apache.zookeeper.server.ZooKeeperServer,org.apache.zookeeper.server.ZooKeeperServer_ESTest,225,0,True
1346,NPEX,ZooKeeper-ef3649f5,0,1239cc760e384c34801816ce6cf68c42,org.apache.zookeeper.server.ZooKeeperServer,org.apache.zookeeper.server.ZooKeeperServer_ESTest$11,225,0,True
1347,NPEX,ZooKeeper-ef3649f5,0,1239cc760e384c34801816ce6cf68c42,org.apache.zookeeper.server.ZooKeeperServer,org.apache.zookeeper.server.ZooKeeperServer_ESTest$1,225,0,True
1348,NPEX,ZooKeeper-ef3649f5,0,1239cc760e384c34801816ce6cf68c42,org.apache.zookeeper.server.ZooKeeperServer,org.apache.zookeeper.server.ZooKeeperServer_ESTest$6,225,0,True
1349,NPEX,ZooKeeper-ef3649f5,0,1239cc760e384c34801816ce6cf68c42,org.apache.zookeeper.server.ZooKeeperServer,org.apache.zookeeper.server.ZooKeeperServer_ESTest$5,225,0,True
1350,NPEX,ZooKeeper-ef3649f5,0,1239cc760e384c34801816ce6cf68c42,org.apache.zookeeper.server.ZooKeeperServer,org.apache.zookeeper.server.ZooKeeperServer_ESTest$9,225,0,True
1351,NPEX,ZooKeeper-ef3649f5,0,1239cc760e384c34801816ce6cf68c42,org.apache.zookeeper.server.ZooKeeperServer,org.apache.zookeeper.server.ZooKeeperServer_ESTest$2,225,0,True
1352,NPEX,ZooKeeper-ef3649f5,0,1239cc760e384c34801816ce6cf68c42,org.apache.zookeeper.server.ZooKeeperServer,org.apache.zookeeper.server.ZooKeeperServer_ESTest$7,225,0,True
1353,NPEX,ZooKeeper-ef3649f5,0,1239cc760e384c34801816ce6cf68c42,org.apache.zookeeper.server.ZooKeeperServer,org.apache.zookeeper.server.ZooKeeperServer_ESTest$4,225,0,True
1354,NPEX,ZooKeeper-ef3649f5,0,1239cc760e384c34801816ce6cf68c42,org.apache.zookeeper.server.ZooKeeperServer,org.apache.zookeeper.server.ZooKeeperServer_ESTest$8,225,0,True
1355,NPEX,ZooKeeper-ef3649f5,0,1239cc760e384c34801816ce6cf68c42,org.apache.zookeeper.server.ZooKeeperServer,org.apache.zookeeper.server.ZooKeeperServer_ESTest$13,225,0,True
1356,NPEX,ZooKeeper-ef3649f5,0,1239cc760e384c34801816ce6cf68c42,org.apache.zookeeper.server.ZooKeeperServer,org.apache.zookeeper.server.ZooKeeperServer_ESTest$10,225,0,True
1357,NPEX,ZooKeeper-ef3649f5,0,1239cc760e384c34801816ce6cf68c42,org.apache.zookeeper.server.ZooKeeperServer,org.apache.zookeeper.server.ZooKeeperServer_ESTest$12,225,0,True
1358,NPEX,ZooKeeper-ef3649f5,0,1239cc760e384c34801816ce6cf68c42,org.apache.zookeeper.server.ZooKeeperServer,org.apache.zookeeper.server.ZooKeeperServer_ESTest$3,225,0,True
1359,NPEX,ZooKeeper-ef3649f5,0,1239cc760e384c34801816ce6cf68c42,org.apache.zookeeper.server.ZooKeeperServer,org.apache.zookeeper.server.ZooKeeperServer_ESTest$14,225,0,True
1360,NPEX,Log4j_2-5b7b75d5,0,4fe9279b59b64e5f97f33eda81efba82,org.apache.logging.log4j.core.config.composite.DefaultMergeStrategy,org.apache.logging.log4j.core.config.composite.DefaultMergeStrategy_ESTest,2,0,False
1361,NPEX,Log4j_2-5b7b75d5,0,3571ad7ab7de49398a1786b6af84f28a,org.apache.logging.log4j.core.config.composite.DefaultMergeStrategy,org.apache.logging.log4j.core.config.composite.DefaultMergeStrategy_ESTest,2,0,False
1362,NPEX,Log4j_2-5b7b75d5,0,2643a4a72ff547d782615242c498a9ff,org.apache.logging.log4j.core.config.composite.DefaultMergeStrategy,org.apache.logging.log4j.core.config.composite.DefaultMergeStrategy_ESTest,2,0,False
1363,NPEX,Log4j_2-5b7b75d5,0,41bf804898d04b48be04259d8e818733,org.apache.logging.log4j.core.config.composite.DefaultMergeStrategy,org.apache.logging.log4j.core.config.composite.DefaultMergeStrategy_ESTest,2,0,False
1364,NPEX,Log4j_2-5b7b75d5,0,bb441a4155114d538e26f0725475d50a,org.apache.logging.log4j.core.config.composite.DefaultMergeStrategy,org.apache.logging.log4j.core.config.composite.DefaultMergeStrategy_ESTest,2,0,False
1365,NPEX,Log4j_2-5b7b75d5,0,9d0d7266c52646f1a15ee0a94ec3a7a9,org.apache.logging.log4j.core.config.composite.DefaultMergeStrategy,org.apache.logging.log4j.core.config.composite.DefaultMergeStrategy_ESTest,2,0,False
1366,NPEX,Log4j_2-5b7b75d5,0,47f5cfc8e3254c718ecf308cb7d6db00,org.apache.logging.log4j.core.config.composite.DefaultMergeStrategy,org.apache.logging.log4j.core.config.composite.DefaultMergeStrategy_ESTest,2,0,False
1367,NPEX,Log4j_2-5b7b75d5,0,bfbe9c9d02cc4196b410486333c3cd31,org.apache.logging.log4j.core.config.composite.DefaultMergeStrategy,org.apache.logging.log4j.core.config.composite.DefaultMergeStrategy_ESTest,2,0,False
1368,NPEX,Log4j_2-5b7b75d5,0,b169d872c4ad423f8c901d476dee0bc9,org.apache.logging.log4j.core.config.composite.DefaultMergeStrategy,org.apache.logging.log4j.core.config.composite.DefaultMergeStrategy_ESTest,2,0,False
1369,NPEX,Log4j_2-5b7b75d5,0,eb89aaaa66904ea998485124765f0ea8,org.apache.logging.log4j.core.config.composite.DefaultMergeStrategy,org.apache.logging.log4j.core.config.composite.DefaultMergeStrategy_ESTest,2,0,False
1370,NPEX,Log4j_2-5b7b75d5,0,a951b36870f54c589496706d3ac4a348,org.apache.logging.log4j.core.config.composite.DefaultMergeStrategy,org.apache.logging.log4j.core.config.composite.DefaultMergeStrategy_ESTest,2,0,False
1371,NPEX,Log4j_2-5b7b75d5,0,7c7e3cdba571426ba17a142ce548fd75,org.apache.logging.log4j.core.config.composite.DefaultMergeStrategy,org.apache.logging.log4j.core.config.composite.DefaultMergeStrategy_ESTest,2,0,False
1372,NPEX,Log4j_2-5b7b75d5,0,21b94664109849b5acde82b7800f5f7e,org.apache.logging.log4j.core.config.composite.DefaultMergeStrategy,org.apache.logging.log4j.core.config.composite.DefaultMergeStrategy_ESTest,2,0,False
1373,NPEX,Log4j_2-5b7b75d5,0,c810e844733d49f685172ca11d3371b1,org.apache.logging.log4j.core.config.composite.DefaultMergeStrategy,org.apache.logging.log4j.core.config.composite.DefaultMergeStrategy_ESTest,2,0,False
1374,NPEX,Log4j_2-5b7b75d5,0,ab52ed9e35184859b386f5abd4a55ec7,org.apache.logging.log4j.core.config.composite.DefaultMergeStrategy,org.apache.logging.log4j.core.config.composite.DefaultMergeStrategy_ESTest,2,0,False
1375,NPEX,Log4j_2-5b7b75d5,0,2ddc26e3ab3f46dd98415f92e018d640,org.apache.logging.log4j.core.config.composite.DefaultMergeStrategy,org.apache.logging.log4j.core.config.composite.DefaultMergeStrategy_ESTest,2,0,False
1376,NPEX,Log4j_2-5b7b75d5,0,17782aa92ece4c808882b0a9977094a0,org.apache.logging.log4j.core.config.composite.DefaultMergeStrategy,org.apache.logging.log4j.core.config.composite.DefaultMergeStrategy_ESTest,2,0,False
1377,NPEX,Log4j_2-5b7b75d5,0,0d0a44ba1d294a7eb98aeb5a670a0e05,org.apache.logging.log4j.core.config.composite.DefaultMergeStrategy,org.apache.logging.log4j.core.config.composite.DefaultMergeStrategy_ESTest,2,0,False
1378,NPEX,Log4j_2-5b7b75d5,0,0d3433764aae47a4bd348b2b86cbf9c3,org.apache.logging.log4j.core.config.composite.DefaultMergeStrategy,org.apache.logging.log4j.core.config.composite.DefaultMergeStrategy_ESTest,2,0,False
1379,NPEX,Karaf-b92dd7e4,0,310dc22712764613be7bfff2d9d20b4b,org.apache.karaf.shell.impl.console.commands.help.wikidoc.WikiParser,org.apache.karaf.shell.impl.console.commands.help.wikidoc.WikiParser_ESTest,11,0,False
1380,NPEX,Karaf-b92dd7e4,0,86f5f6fb489f496e8b30da97362cc2f3,org.apache.karaf.shell.impl.console.commands.help.wikidoc.WikiParser,org.apache.karaf.shell.impl.console.commands.help.wikidoc.WikiParser_ESTest,11,0,False
1381,NPEX,Karaf-b92dd7e4,0,b2708fb76bfd4b42ae29d07b0acf6545,org.apache.karaf.shell.impl.console.commands.help.wikidoc.WikiParser,org.apache.karaf.shell.impl.console.commands.help.wikidoc.WikiParser_ESTest,15,0,False
1382,NPEX,Karaf-b92dd7e4,0,838ec5ce9cbb4854a7cfb101479304e2,org.apache.karaf.shell.impl.console.commands.help.wikidoc.WikiParser,org.apache.karaf.shell.impl.console.commands.help.wikidoc.WikiParser_ESTest,12,0,False
1383,NPEX,Karaf-b92dd7e4,0,60e4e705d6584bfa81ec4c9990ca6b5f,org.apache.karaf.shell.impl.console.commands.help.wikidoc.WikiParser,org.apache.karaf.shell.impl.console.commands.help.wikidoc.WikiParser_ESTest,11,0,False
1384,NPEX,Karaf-b92dd7e4,0,b37ca54ff1bd4ddf9292e8bc08703681,org.apache.karaf.shell.impl.console.commands.help.wikidoc.WikiParser,org.apache.karaf.shell.impl.console.commands.help.wikidoc.WikiParser_ESTest,15,0,False
1385,NPEX,Karaf-b92dd7e4,0,61ce9a7ac7084f0c8aaabb59a04a0127,org.apache.karaf.shell.impl.console.commands.help.wikidoc.WikiParser,org.apache.karaf.shell.impl.console.commands.help.wikidoc.WikiParser_ESTest,12,0,False
1386,NPEX,Karaf-b92dd7e4,0,5833398d3265404b8e677bf96a84dc0f,org.apache.karaf.shell.impl.console.commands.help.wikidoc.WikiParser,org.apache.karaf.shell.impl.console.commands.help.wikidoc.WikiParser_ESTest,9,0,False
1387,NPEX,Karaf-b92dd7e4,0,3dd942ad8e7840218c55e3bb8f8451f6,org.apache.karaf.shell.impl.console.commands.help.wikidoc.WikiParser,org.apache.karaf.shell.impl.console.commands.help.wikidoc.WikiParser_ESTest,10,0,False
1388,NPEX,Karaf-b92dd7e4,0,de4d2b2b7f7c4fe5bdf8da706a31df9b,org.apache.karaf.shell.impl.console.commands.help.wikidoc.WikiParser,org.apache.karaf.shell.impl.console.commands.help.wikidoc.WikiParser_ESTest,9,0,False
1389,NPEX,Karaf-b92dd7e4,0,3fe73ce4f1eb43d99bbac63def8383ed,org.apache.karaf.shell.impl.console.commands.help.wikidoc.WikiParser,org.apache.karaf.shell.impl.console.commands.help.wikidoc.WikiParser_ESTest,11,0,False
1390,NPEX,Karaf-b92dd7e4,0,b91915f2152440c698f235dbb573a123,org.apache.karaf.shell.impl.console.commands.help.wikidoc.WikiParser,org.apache.karaf.shell.impl.console.commands.help.wikidoc.WikiParser_ESTest,12,0,False
1391,NPEX,Karaf-b92dd7e4,0,fd4b31238a32446a94f463a1ff9df501,org.apache.karaf.shell.impl.console.commands.help.wikidoc.WikiParser,org.apache.karaf.shell.impl.console.commands.help.wikidoc.WikiParser_ESTest,11,0,False
1392,NPEX,jsoup-b8411990,0,d8df358c2e704b2392462694ea837945,org.jsoup.internal.Normalizer,org.jsoup.internal.Normalizer_ESTest,5,0,False
1393,NPEX,jsoup-b8411990,0,4151d10179d746e1a7dc5cab92c80220,org.jsoup.internal.Normalizer,org.jsoup.internal.Normalizer_ESTest,5,0,False
1394,NPEX,jsoup-b8411990,0,44059d95e257444489592de5b18b911a,org.jsoup.internal.Normalizer,org.jsoup.internal.Normalizer_ESTest,5,0,False
1395,NPEX,jsoup-b8411990,0,a7533bf119054d5cbd2a9a258e1c62eb,org.jsoup.internal.Normalizer,org.jsoup.internal.Normalizer_ESTest,5,0,False
1396,NPEX,jsoup-b8411990,0,405c9e5fbac94125873f10e1e6811f8e,org.jsoup.internal.Normalizer,org.jsoup.internal.Normalizer_ESTest,5,0,False
1397,NPEX,jsoup-b8411990,0,c42846cc24954139a5b93bff161d6f91,org.jsoup.internal.Normalizer,org.jsoup.internal.Normalizer_ESTest,5,0,False
1398,NPEX,jsoup-b8411990,0,cbbf96816064427daff94ac800b5b74d,org.jsoup.internal.Normalizer,org.jsoup.internal.Normalizer_ESTest,5,0,False
1399,NPEX,jsoup-b8411990,0,55bf873e2c314b31bb269212d6807473,org.jsoup.internal.Normalizer,org.jsoup.internal.Normalizer_ESTest,5,0,False
1400,NPEX,jsoup-b8411990,0,1505c4f2afa045dca342b120bf7eb6e4,org.jsoup.internal.Normalizer,org.jsoup.internal.Normalizer_ESTest,5,0,False
1401,NPEX,jsoup-b8411990,0,14cba696ae424b65951e2b4f28575fd0,org.jsoup.internal.Normalizer,org.jsoup.internal.Normalizer_ESTest,5,0,False
1402,NPEX,jsoup-b8411990,0,f2a570b9192f44949efab4188adba18c,org.jsoup.internal.Normalizer,org.jsoup.internal.Normalizer_ESTest,5,0,False
1403,NPEX,jsoup-b8411990,0,96d8a7c002da44459f433ea697fa4274,org.jsoup.internal.Normalizer,org.jsoup.internal.Normalizer_ESTest,5,0,False
1404,NPEX,jsoup-b8411990,0,d659922c89ce43da8113c87dc254e089,org.jsoup.internal.Normalizer,org.jsoup.internal.Normalizer_ESTest,5,0,False
1405,NPEX,jsoup-b8411990,0,345f5af4384f4419858e29d2db7ac72d,org.jsoup.internal.Normalizer,org.jsoup.internal.Normalizer_ESTest,5,0,False
1406,NPEX,jsoup-b8411990,0,d4dea80caafd4ec9af98708a67951b03,org.jsoup.internal.Normalizer,org.jsoup.internal.Normalizer_ESTest,5,0,False
1407,NPEX,jsoup-b8411990,0,dd7521abbc9945878a5998990b9cbc07,org.jsoup.internal.Normalizer,org.jsoup.internal.Normalizer_ESTest,5,0,False
1408,NPEX,jsoup-b8411990,0,d14c54804adb4d1ea600383434b013fc,org.jsoup.internal.Normalizer,org.jsoup.internal.Normalizer_ESTest,5,0,False
1409,NPEX,jsoup-b8411990,0,acb7f843084f4275a9946695e781c53b,org.jsoup.internal.Normalizer,org.jsoup.internal.Normalizer_ESTest,5,0,False
1410,NPEX,jsoup-b8411990,0,2d6e15bb7a9b4259bfe3868b16627e5c,org.jsoup.internal.Normalizer,org.jsoup.internal.Normalizer_ESTest,5,0,False
1411,NPEX,jsoup-b8411990,0,2e5c6998c8a74f638d7c37705782e7be,org.jsoup.internal.Normalizer,org.jsoup.internal.Normalizer_ESTest,5,0,False
1412,NPEX,Qpid_Proton__j-0c27d5ff,0,45211df70b94413bbbcf09c362e965b0,org.apache.qpid.proton.engine.impl.TransportImpl,org.apache.qpid.proton.engine.impl.TransportImpl_ESTest,103,0,False
1413,NPEX,Qpid_Proton__j-0c27d5ff,0,994b4bfe0e4c46f9ba4542343d7efe9d,org.apache.qpid.proton.engine.impl.TransportImpl,org.apache.qpid.proton.engine.impl.TransportImpl_ESTest,104,0,False
1414,NPEX,Qpid_Proton__j-0c27d5ff,0,ab09737a74ff4bc39967f7a128107aec,org.apache.qpid.proton.engine.impl.TransportImpl,org.apache.qpid.proton.engine.impl.TransportImpl_ESTest,103,0,False
1415,NPEX,Qpid_Proton__j-0c27d5ff,0,ab8ad27d27e04cf4860211b5c904a6d9,org.apache.qpid.proton.engine.impl.TransportImpl,org.apache.qpid.proton.engine.impl.TransportImpl_ESTest,94,0,False
1416,NPEX,Qpid_Proton__j-0c27d5ff,0,8cda49afd15445ce861430bc81974b12,org.apache.qpid.proton.engine.impl.TransportImpl,org.apache.qpid.proton.engine.impl.TransportImpl_ESTest,96,0,False
1417,NPEX,Qpid_Proton__j-0c27d5ff,0,fde64bdaf3ab42ff89020153eb41a562,org.apache.qpid.proton.engine.impl.TransportImpl,org.apache.qpid.proton.engine.impl.TransportImpl_ESTest,102,0,False
1418,NPEX,Qpid_Proton__j-0c27d5ff,0,4a248828eea048e6a3c7c5cf22ab8b50,org.apache.qpid.proton.engine.impl.TransportImpl,org.apache.qpid.proton.engine.impl.TransportImpl_ESTest,96,0,False
1419,NPEX,Qpid_Proton__j-0c27d5ff,0,962f1a66f85840ee8930e23d589bcf70,org.apache.qpid.proton.engine.impl.TransportImpl,org.apache.qpid.proton.engine.impl.TransportImpl_ESTest,101,0,False
1420,NPEX,Commons_Pool-11521c1f,0,cc47ba62aec249d18ce0adfc1bd4bed6,org.apache.commons.pool2.impl.GenericKeyedObjectPool,org.apache.commons.pool2.impl.GenericKeyedObjectPool_ESTest,0,0,False
1421,NPEX,Commons_Pool-11521c1f,0,bbbbb110ac4e457f87b70c07fefd529d,org.apache.commons.pool2.impl.GenericKeyedObjectPool,org.apache.commons.pool2.impl.GenericKeyedObjectPool_ESTest,0,0,False
1422,NPEX,Commons_Pool-11521c1f,0,778775f006c7477590dd38107f44b38e,org.apache.commons.pool2.impl.GenericKeyedObjectPool,org.apache.commons.pool2.impl.GenericKeyedObjectPool_ESTest,0,0,False
1423,NPEX,Commons_Pool-11521c1f,0,343a6292cbc747e081e3da92e6e4093f,org.apache.commons.pool2.impl.GenericKeyedObjectPool,org.apache.commons.pool2.impl.GenericKeyedObjectPool_ESTest,0,0,False
1424,NPEX,Commons_Pool-11521c1f,0,ae7af47b3e004b32b8e8c3da1fe71f2f,org.apache.commons.pool2.impl.GenericKeyedObjectPool,org.apache.commons.pool2.impl.GenericKeyedObjectPool_ESTest,0,0,False
1425,NPEX,Commons_Pool-11521c1f,0,2eac7ace874f492bb71db30bb3be73e1,org.apache.commons.pool2.impl.GenericKeyedObjectPool,org.apache.commons.pool2.impl.GenericKeyedObjectPool_ESTest,0,0,False
1426,NPEX,Commons_Pool-11521c1f,0,9e023b81386a45f581c13f3f14f95708,org.apache.commons.pool2.impl.GenericKeyedObjectPool,org.apache.commons.pool2.impl.GenericKeyedObjectPool_ESTest,0,0,False
1427,NPEX,Commons_Pool-11521c1f,0,503edd3be28c4ccbb7099e7daee19188,org.apache.commons.pool2.impl.GenericKeyedObjectPool,org.apache.commons.pool2.impl.GenericKeyedObjectPool_ESTest,0,0,False
1428,NPEX,Commons_Pool-11521c1f,0,82d2c8f25c174ea693051037c2dc476a,org.apache.commons.pool2.impl.GenericKeyedObjectPool,org.apache.commons.pool2.impl.GenericKeyedObjectPool_ESTest,0,0,False
1429,NPEX,Commons_Pool-11521c1f,0,1de9082562e9470aad0b0ef073ad9bd4,org.apache.commons.pool2.impl.GenericKeyedObjectPool,org.apache.commons.pool2.impl.GenericKeyedObjectPool_ESTest,0,0,False
1430,NPEX,Commons_Pool-11521c1f,0,40602304834c4c0a9cb4623b078b3f5a,org.apache.commons.pool2.impl.GenericKeyedObjectPool,org.apache.commons.pool2.impl.GenericKeyedObjectPool_ESTest,0,0,False
1431,NPEX,Commons_Pool-11521c1f,0,eec54008f5894096b7b25221dd2627cd,org.apache.commons.pool2.impl.GenericKeyedObjectPool,org.apache.commons.pool2.impl.GenericKeyedObjectPool_ESTest,0,0,False
1432,NPEX,Commons_Pool-11521c1f,0,68fb17810148408aacfa150d0a9dbcf1,org.apache.commons.pool2.impl.GenericKeyedObjectPool,org.apache.commons.pool2.impl.GenericKeyedObjectPool_ESTest,0,0,False
1433,NPEX,Commons_Pool-11521c1f,0,e6cd0fd130424afe94674d6b6b03e51c,org.apache.commons.pool2.impl.GenericKeyedObjectPool,org.apache.commons.pool2.impl.GenericKeyedObjectPool_ESTest,0,0,False
1434,NPEX,Commons_Pool-11521c1f,0,9d1bc580b3d741e2950004d2d06bfa59,org.apache.commons.pool2.impl.GenericKeyedObjectPool,org.apache.commons.pool2.impl.GenericKeyedObjectPool_ESTest,0,0,False
1435,NPEX,Commons_Pool-11521c1f,0,6ea84ee61eac444a8afcb836e2b38c5d,org.apache.commons.pool2.impl.GenericKeyedObjectPool,org.apache.commons.pool2.impl.GenericKeyedObjectPool_ESTest,0,0,False
1436,NPEX,Commons_Pool-11521c1f,0,bea3a7ec295445fda31666c973108244,org.apache.commons.pool2.impl.GenericKeyedObjectPool,org.apache.commons.pool2.impl.GenericKeyedObjectPool_ESTest,0,0,False
1437,NPEX,Commons_Pool-11521c1f,0,d3722159e6264b2b804a8580c826ae29,org.apache.commons.pool2.impl.GenericKeyedObjectPool,org.apache.commons.pool2.impl.GenericKeyedObjectPool_ESTest,0,0,False
1438,NPEX,Commons_Pool-11521c1f,0,cb0d1703d3ab4b52883c98d9f26f7501,org.apache.commons.pool2.impl.GenericKeyedObjectPool,org.apache.commons.pool2.impl.GenericKeyedObjectPool_ESTest,0,0,False
1439,NPEX,Commons_Pool-11521c1f,0,598990522e554093a4518d4ed24b3c20,org.apache.commons.pool2.impl.GenericKeyedObjectPool,org.apache.commons.pool2.impl.GenericKeyedObjectPool_ESTest,0,0,False
1440,NPEX,Log4j_2-7441d3c3,0,e780e392cdb34d06ac01ecf72f881686,org.apache.logging.log4j.core.config.ConfigurationScheduler,org.apache.logging.log4j.core.config.ConfigurationScheduler_ESTest,11,0,False
1441,NPEX,Log4j_2-7441d3c3,0,1fcb196e39dc499cb0ff4ef41147732d,org.apache.logging.log4j.core.config.ConfigurationScheduler,org.apache.logging.log4j.core.config.ConfigurationScheduler_ESTest,13,0,False
1442,NPEX,Log4j_2-7441d3c3,0,340a43b46f1e47908d0d02ac0b5d62ad,org.apache.logging.log4j.core.config.ConfigurationScheduler,org.apache.logging.log4j.core.config.ConfigurationScheduler_ESTest,12,0,False
1443,NPEX,Log4j_2-7441d3c3,0,8091824509d64b23a39eac201ad16ca0,org.apache.logging.log4j.core.config.ConfigurationScheduler,org.apache.logging.log4j.core.config.ConfigurationScheduler_ESTest,10,0,False
1444,NPEX,Log4j_2-7441d3c3,0,82f21b29fae142f5be78abe531c1ad5f,org.apache.logging.log4j.core.config.ConfigurationScheduler,org.apache.logging.log4j.core.config.ConfigurationScheduler_ESTest,11,0,False
1445,NPEX,Log4j_2-7441d3c3,0,6afc3a6c1fb24e94aaf9278b42343a8d,org.apache.logging.log4j.core.config.ConfigurationScheduler,org.apache.logging.log4j.core.config.ConfigurationScheduler_ESTest,12,0,False
1446,NPEX,Log4j_2-7441d3c3,0,c208edd99d154621bd6ba310cfe16837,org.apache.logging.log4j.core.config.ConfigurationScheduler,org.apache.logging.log4j.core.config.ConfigurationScheduler_ESTest,11,0,False
1447,NPEX,Log4j_2-7441d3c3,0,7e783b25a3f147e0942d5dae9840a285,org.apache.logging.log4j.core.config.ConfigurationScheduler,org.apache.logging.log4j.core.config.ConfigurationScheduler_ESTest,11,0,False
1448,NPEX,Log4j_2-7441d3c3,0,adf8f67a99d744ce93c19844f720dc05,org.apache.logging.log4j.core.config.ConfigurationScheduler,org.apache.logging.log4j.core.config.ConfigurationScheduler_ESTest,12,0,False
1449,NPEX,Log4j_2-7441d3c3,0,b4b3d34111da49f6a002513b1754f747,org.apache.logging.log4j.core.config.ConfigurationScheduler,org.apache.logging.log4j.core.config.ConfigurationScheduler_ESTest,11,0,False
1450,NPEX,Log4j_2-7441d3c3,0,89d6b4cac9dd41b9bcca6cc36affbbba,org.apache.logging.log4j.core.config.ConfigurationScheduler,org.apache.logging.log4j.core.config.ConfigurationScheduler_ESTest,13,0,False
1451,NPEX,Log4j_2-7441d3c3,0,ab3ede3c28d24db2b2b82b224fe8de85,org.apache.logging.log4j.core.config.ConfigurationScheduler,org.apache.logging.log4j.core.config.ConfigurationScheduler_ESTest,11,0,False
1452,NPEX,Log4j_2-7441d3c3,0,0a7248b83a5a42e082ed4421f84474fd,org.apache.logging.log4j.core.config.ConfigurationScheduler,org.apache.logging.log4j.core.config.ConfigurationScheduler_ESTest,13,0,False
1453,NPEX,Log4j_2-7441d3c3,0,190fc5114b574a388b7dda86478c6203,org.apache.logging.log4j.core.config.ConfigurationScheduler,org.apache.logging.log4j.core.config.ConfigurationScheduler_ESTest,11,0,False
1454,NPEX,Log4j_2-7441d3c3,0,8679a3b3dd9a4ff38851c06ef85584b7,org.apache.logging.log4j.core.config.ConfigurationScheduler,org.apache.logging.log4j.core.config.ConfigurationScheduler_ESTest,11,0,False
1455,NPEX,Log4j_2-7441d3c3,0,772d3db91beb4edc8a6efe7593b22986,org.apache.logging.log4j.core.config.ConfigurationScheduler,org.apache.logging.log4j.core.config.ConfigurationScheduler_ESTest,12,0,False
1456,NPEX,Log4j_2-7441d3c3,0,935f034919cb4c2f9c01459133521122,org.apache.logging.log4j.core.config.ConfigurationScheduler,org.apache.logging.log4j.core.config.ConfigurationScheduler_ESTest,13,0,False
1457,NPEX,Log4j_2-7441d3c3,0,8cd6227d4f0c465ebb0ee816e4319875,org.apache.logging.log4j.core.config.ConfigurationScheduler,org.apache.logging.log4j.core.config.ConfigurationScheduler_ESTest,13,0,False
1458,NPEX,Log4j_2-7441d3c3,0,79b4c3cd981e45b492473368ada1852c,org.apache.logging.log4j.core.config.ConfigurationScheduler,org.apache.logging.log4j.core.config.ConfigurationScheduler_ESTest,12,0,False
1459,NPEX,Log4j_2-7441d3c3,0,224486f1e1564e7fa9eb68c5f9501498,org.apache.logging.log4j.core.config.ConfigurationScheduler,org.apache.logging.log4j.core.config.ConfigurationScheduler_ESTest,12,0,False
1460,NPEX,Commons_BCEL-a46d927b,0,ad4c7209a62941c7ac74a8ddc2c9e30f,org.apache.bcel.generic.MethodGen,org.apache.bcel.generic.MethodGen_ESTest,116,0,False
1461,NPEX,Commons_BCEL-a46d927b,0,e440d83691d7483da3d70e9dd0d09e0b,org.apache.bcel.generic.MethodGen,org.apache.bcel.generic.MethodGen_ESTest,134,0,False
1462,NPEX,Commons_BCEL-a46d927b,0,d322f6c04c9744c992563e4dc49c4340,org.apache.bcel.generic.MethodGen,org.apache.bcel.generic.MethodGen_ESTest,110,0,False
1463,NPEX,Commons_BCEL-a46d927b,0,e7731c75987b457892e804c900f81a00,org.apache.bcel.generic.MethodGen,org.apache.bcel.generic.MethodGen_ESTest,103,0,False
1464,NPEX,Commons_BCEL-a46d927b,0,14e45b37717147f789764b8f4a47e4f2,org.apache.bcel.generic.MethodGen,org.apache.bcel.generic.MethodGen_ESTest,107,0,False
1465,NPEX,Commons_BCEL-a46d927b,0,37100be047d348189f8d007d91f9af68,org.apache.bcel.generic.MethodGen,org.apache.bcel.generic.MethodGen_ESTest,120,0,False
1466,NPEX,Commons_BCEL-a46d927b,0,bf9f42db6aee435d8f63a65f9b18c1f7,org.apache.bcel.generic.MethodGen,org.apache.bcel.generic.MethodGen_ESTest,112,0,False
1467,NPEX,Commons_BCEL-a46d927b,0,c20ec59d430a4c47880a3d7a7e7a72fc,org.apache.bcel.generic.MethodGen,org.apache.bcel.generic.MethodGen_ESTest,118,0,False
1468,NPEX,Commons_BCEL-a46d927b,0,3b5ab2222cd74bbfb0e848607b4f6ebc,org.apache.bcel.generic.MethodGen,org.apache.bcel.generic.MethodGen_ESTest,123,0,False
1469,NPEX,Commons_BCEL-a46d927b,0,5a1eacfef8bb4da19e56cde10113c91d,org.apache.bcel.generic.MethodGen,org.apache.bcel.generic.MethodGen_ESTest,109,0,False
1470,NPEX,Commons_BCEL-a46d927b,0,2c07e1ab632f4b0781421244fa2d9afd,org.apache.bcel.generic.MethodGen,org.apache.bcel.generic.MethodGen_ESTest,112,0,False
1471,NPEX,Commons_BCEL-a46d927b,0,858ab2a5235e4cf780671e83bca2e9bb,org.apache.bcel.generic.MethodGen,org.apache.bcel.generic.MethodGen_ESTest,106,0,False
1472,NPEX,Commons_BCEL-a46d927b,0,e30d8391f66748938b719e198cacc80e,org.apache.bcel.generic.MethodGen,org.apache.bcel.generic.MethodGen_ESTest,103,0,False
1473,NPEX,Commons_BCEL-a46d927b,0,ece7ea2da554404a80690f0b5dd6e28f,org.apache.bcel.generic.MethodGen,org.apache.bcel.generic.MethodGen_ESTest,115,0,False
1474,NPEX,Commons_BCEL-a46d927b,0,c3adc1de6452426384073f405b4cb5db,org.apache.bcel.generic.MethodGen,org.apache.bcel.generic.MethodGen_ESTest,114,0,False
1475,NPEX,Commons_BCEL-a46d927b,0,665cb87021da4ffaaf533883e22c6cf7,org.apache.bcel.generic.MethodGen,org.apache.bcel.generic.MethodGen_ESTest,107,0,False
1476,NPEX,Commons_BCEL-a46d927b,0,cb72b267d6da4ddea7b7774cf39e7e77,org.apache.bcel.generic.MethodGen,org.apache.bcel.generic.MethodGen_ESTest,105,0,False
1477,NPEX,Commons_BCEL-a46d927b,0,d2e0dc93c53545d1b4a1fe6d15660f51,org.apache.bcel.generic.MethodGen,org.apache.bcel.generic.MethodGen_ESTest,142,0,False
1478,NPEX,Commons_BCEL-a46d927b,0,0279c57d6bfe4d0f8068a4059b7bf66a,org.apache.bcel.generic.MethodGen,org.apache.bcel.generic.MethodGen_ESTest,113,0,False
1479,NPEX,Commons_BCEL-a46d927b,0,16fde0ca07284125a095594261542acf,org.apache.bcel.generic.MethodGen,org.apache.bcel.generic.MethodGen_ESTest,116,0,False
1480,NPEX,Jest-f34fa45e,0,673f8b89891d4bb4ac9f759b99f9ca05,io.searchbox.client.config.discovery.NodeChecker,io.searchbox.client.config.discovery.NodeChecker_ESTest,0,0,False
1481,NPEX,Jest-f34fa45e,0,218994fcc54d4eac90e3ee728d6c1ce3,io.searchbox.client.config.discovery.NodeChecker,io.searchbox.client.config.discovery.NodeChecker_ESTest,0,0,False
1482,NPEX,Jest-f34fa45e,0,9a6980c129e24f62a34f3efbf3fcf71c,io.searchbox.client.config.discovery.NodeChecker,io.searchbox.client.config.discovery.NodeChecker_ESTest,0,0,False
1483,NPEX,Jest-f34fa45e,0,1298be200f4a4d8fa7bfaf612a5580b3,io.searchbox.client.config.discovery.NodeChecker,io.searchbox.client.config.discovery.NodeChecker_ESTest,0,0,False
1484,NPEX,Jest-f34fa45e,0,56d75827f8224ac7ba3a3cf01b3c3613,io.searchbox.client.config.discovery.NodeChecker,io.searchbox.client.config.discovery.NodeChecker_ESTest,0,0,False
1485,NPEX,Jest-f34fa45e,0,8f9ce497bc364e57b5bab4fc61c9a119,io.searchbox.client.config.discovery.NodeChecker,io.searchbox.client.config.discovery.NodeChecker_ESTest,0,0,False
1486,NPEX,Jest-f34fa45e,0,add8e9847e22463284ee13b236aef6c3,io.searchbox.client.config.discovery.NodeChecker,io.searchbox.client.config.discovery.NodeChecker_ESTest,0,0,False
1487,NPEX,Jest-f34fa45e,0,63181e376d7b44d6b98c1edf37a5ec92,io.searchbox.client.config.discovery.NodeChecker,io.searchbox.client.config.discovery.NodeChecker_ESTest,0,0,False
1488,NPEX,Jest-f34fa45e,0,6326b64198e84ecab4262be13dce0aa7,io.searchbox.client.config.discovery.NodeChecker,io.searchbox.client.config.discovery.NodeChecker_ESTest,0,0,False
1489,NPEX,Jest-f34fa45e,0,8406b95a04364bfe91426112b04122a1,io.searchbox.client.config.discovery.NodeChecker,io.searchbox.client.config.discovery.NodeChecker_ESTest,0,0,False
1490,NPEX,Jest-f34fa45e,0,7d795334858d41adbd54069537002d39,io.searchbox.client.config.discovery.NodeChecker,io.searchbox.client.config.discovery.NodeChecker_ESTest,0,0,False
1491,NPEX,Jest-f34fa45e,0,1f08d913655d4136a659e48764174a97,io.searchbox.client.config.discovery.NodeChecker,io.searchbox.client.config.discovery.NodeChecker_ESTest,0,0,False
1492,NPEX,Jest-f34fa45e,0,c2fc63232c16499fbfe31ceaaaae38fd,io.searchbox.client.config.discovery.NodeChecker,io.searchbox.client.config.discovery.NodeChecker_ESTest,0,0,False
1493,NPEX,Jest-f34fa45e,0,2609a84e87cf427bae98f8f57c14d6ec,io.searchbox.client.config.discovery.NodeChecker,io.searchbox.client.config.discovery.NodeChecker_ESTest,0,0,False
1494,NPEX,Jest-f34fa45e,0,7e8d03f951ed4021a8ddc0d3b7938e90,io.searchbox.client.config.discovery.NodeChecker,io.searchbox.client.config.discovery.NodeChecker_ESTest,0,0,False
1495,NPEX,Jest-f34fa45e,0,4587680a3c86412289220c1d7e8b53ce,io.searchbox.client.config.discovery.NodeChecker,io.searchbox.client.config.discovery.NodeChecker_ESTest,0,0,False
1496,NPEX,Jest-f34fa45e,0,09ec256cfbb94b79aa7a7be868cfc43c,io.searchbox.client.config.discovery.NodeChecker,io.searchbox.client.config.discovery.NodeChecker_ESTest,0,0,False
1497,NPEX,Jest-f34fa45e,0,079dd3ae2f994637946b8a4691018715,io.searchbox.client.config.discovery.NodeChecker,io.searchbox.client.config.discovery.NodeChecker_ESTest,0,0,False
1498,NPEX,Jest-f34fa45e,0,2ec9404ffa244415ab743714c46d03ab,io.searchbox.client.config.discovery.NodeChecker,io.searchbox.client.config.discovery.NodeChecker_ESTest,0,0,False
1499,NPEX,Jest-f34fa45e,0,0a5c16dcc0e145ae916aca738b868b2f,io.searchbox.client.config.discovery.NodeChecker,io.searchbox.client.config.discovery.NodeChecker_ESTest,0,0,False
1500,NPEX,Qpid_Proton__j-02998b38,0,622b373d9b8047ab858ad9b8058912c7,org.apache.qpid.proton.codec.MapType,org.apache.qpid.proton.codec.MapType_ESTest,3,0,False
1501,NPEX,Qpid_Proton__j-02998b38,0,a99919702b784599a42c259d34662d43,org.apache.qpid.proton.codec.MapType,org.apache.qpid.proton.codec.MapType_ESTest,4,0,False
1502,NPEX,Qpid_Proton__j-02998b38,0,17be79a3b08047afb5024bc088f812a3,org.apache.qpid.proton.codec.MapType,org.apache.qpid.proton.codec.MapType_ESTest,5,0,False
1503,NPEX,Qpid_Proton__j-02998b38,0,df824551d0c941208ca54e31fa42e10d,org.apache.qpid.proton.codec.MapType,org.apache.qpid.proton.codec.MapType_ESTest,3,0,False
1504,NPEX,Qpid_Proton__j-02998b38,0,bcce4556e8904b6c8df4034bd498f52a,org.apache.qpid.proton.codec.MapType,org.apache.qpid.proton.codec.MapType_ESTest,3,0,False
1505,NPEX,Qpid_Proton__j-02998b38,0,7481f0f2c5b34f92b0daf99301aa0dcf,org.apache.qpid.proton.codec.MapType,org.apache.qpid.proton.codec.MapType_ESTest,3,0,False
1506,NPEX,Qpid_Proton__j-02998b38,0,f2941e2ac05a4388a11eafde2f5427ab,org.apache.qpid.proton.codec.MapType,org.apache.qpid.proton.codec.MapType_ESTest,4,0,False
1507,NPEX,Qpid_Proton__j-02998b38,0,72115d1fdb384477a0ab98092726b13a,org.apache.qpid.proton.codec.MapType,org.apache.qpid.proton.codec.MapType_ESTest,4,0,False
1508,NPEX,Qpid_Proton__j-02998b38,0,cd95a4a1ed514d5a9224faa6617e2123,org.apache.qpid.proton.codec.MapType,org.apache.qpid.proton.codec.MapType_ESTest,4,0,False
1509,NPEX,Qpid_Proton__j-02998b38,0,a06a238bbf7a4559a8b71110052b271c,org.apache.qpid.proton.codec.MapType,org.apache.qpid.proton.codec.MapType_ESTest,4,0,False
1510,NPEX,Qpid_Proton__j-02998b38,0,ec3e3e312a9b497b96f4fc0c14277799,org.apache.qpid.proton.codec.MapType,org.apache.qpid.proton.codec.MapType_ESTest,3,0,False
1511,NPEX,Qpid_Proton__j-02998b38,0,8525c2359ead40ef93305e2d1edc1ad1,org.apache.qpid.proton.codec.MapType,org.apache.qpid.proton.codec.MapType_ESTest,3,0,False
1512,NPEX,Qpid_Proton__j-02998b38,0,9277a18a4c954c9ea3fd52700ae5ac0a,org.apache.qpid.proton.codec.MapType,org.apache.qpid.proton.codec.MapType_ESTest,3,0,False
1513,NPEX,Qpid_Proton__j-02998b38,0,cc81829c9a6e4366a8d6bb1192e78875,org.apache.qpid.proton.codec.MapType,org.apache.qpid.proton.codec.MapType_ESTest,3,0,False
1514,NPEX,Qpid_Proton__j-02998b38,0,e52cb21a73f048da817f798003f829a2,org.apache.qpid.proton.codec.MapType,org.apache.qpid.proton.codec.MapType_ESTest,4,0,False
1515,NPEX,Qpid_Proton__j-02998b38,0,d1f6e08a19194d7c82466df6bbdcff07,org.apache.qpid.proton.codec.MapType,org.apache.qpid.proton.codec.MapType_ESTest,5,0,False
1516,NPEX,Qpid_Proton__j-02998b38,0,049e5b5c3ade48dcb83fba3d99ace2b3,org.apache.qpid.proton.codec.MapType,org.apache.qpid.proton.codec.MapType_ESTest,4,0,False
1517,NPEX,Qpid_Proton__j-02998b38,0,15be7018fc5b40f98c7dbc54288f1ebb,org.apache.qpid.proton.codec.MapType,org.apache.qpid.proton.codec.MapType_ESTest,5,0,False
1518,NPEX,Qpid_Proton__j-02998b38,0,74e110e8950d48c7a32374547bedb28c,org.apache.qpid.proton.codec.MapType,org.apache.qpid.proton.codec.MapType_ESTest,3,0,False
1519,NPEX,Qpid_Proton__j-02998b38,0,95732e5b6b5c4e83b86813117bd75004,org.apache.qpid.proton.codec.MapType,org.apache.qpid.proton.codec.MapType_ESTest,4,0,False
1520,NPEX,Qpid_Proton__j-02998b38,1,622b373d9b8047ab858ad9b8058912c7,org.apache.qpid.proton.codec.MapType,org.apache.qpid.proton.codec.MapType_ESTest,3,0,False
1521,NPEX,Qpid_Proton__j-02998b38,1,a99919702b784599a42c259d34662d43,org.apache.qpid.proton.codec.MapType,org.apache.qpid.proton.codec.MapType_ESTest,4,0,False
1522,NPEX,Qpid_Proton__j-02998b38,1,17be79a3b08047afb5024bc088f812a3,org.apache.qpid.proton.codec.MapType,org.apache.qpid.proton.codec.MapType_ESTest,5,0,False
1523,NPEX,Qpid_Proton__j-02998b38,1,df824551d0c941208ca54e31fa42e10d,org.apache.qpid.proton.codec.MapType,org.apache.qpid.proton.codec.MapType_ESTest,3,0,False
1524,NPEX,Qpid_Proton__j-02998b38,1,bcce4556e8904b6c8df4034bd498f52a,org.apache.qpid.proton.codec.MapType,org.apache.qpid.proton.codec.MapType_ESTest,3,0,False
1525,NPEX,Qpid_Proton__j-02998b38,1,7481f0f2c5b34f92b0daf99301aa0dcf,org.apache.qpid.proton.codec.MapType,org.apache.qpid.proton.codec.MapType_ESTest,3,0,False
1526,NPEX,Qpid_Proton__j-02998b38,1,f2941e2ac05a4388a11eafde2f5427ab,org.apache.qpid.proton.codec.MapType,org.apache.qpid.proton.codec.MapType_ESTest,4,0,False
1527,NPEX,Qpid_Proton__j-02998b38,1,72115d1fdb384477a0ab98092726b13a,org.apache.qpid.proton.codec.MapType,org.apache.qpid.proton.codec.MapType_ESTest,4,0,False
1528,NPEX,Qpid_Proton__j-02998b38,1,cd95a4a1ed514d5a9224faa6617e2123,org.apache.qpid.proton.codec.MapType,org.apache.qpid.proton.codec.MapType_ESTest,4,0,False
1529,NPEX,Qpid_Proton__j-02998b38,1,a06a238bbf7a4559a8b71110052b271c,org.apache.qpid.proton.codec.MapType,org.apache.qpid.proton.codec.MapType_ESTest,4,0,False
1530,NPEX,Qpid_Proton__j-02998b38,1,ec3e3e312a9b497b96f4fc0c14277799,org.apache.qpid.proton.codec.MapType,org.apache.qpid.proton.codec.MapType_ESTest,3,0,False
1531,NPEX,Qpid_Proton__j-02998b38,1,8525c2359ead40ef93305e2d1edc1ad1,org.apache.qpid.proton.codec.MapType,org.apache.qpid.proton.codec.MapType_ESTest,3,0,False
1532,NPEX,Qpid_Proton__j-02998b38,1,9277a18a4c954c9ea3fd52700ae5ac0a,org.apache.qpid.proton.codec.MapType,org.apache.qpid.proton.codec.MapType_ESTest,3,0,False
1533,NPEX,Qpid_Proton__j-02998b38,1,cc81829c9a6e4366a8d6bb1192e78875,org.apache.qpid.proton.codec.MapType,org.apache.qpid.proton.codec.MapType_ESTest,3,0,False
1534,NPEX,Qpid_Proton__j-02998b38,1,e52cb21a73f048da817f798003f829a2,org.apache.qpid.proton.codec.MapType,org.apache.qpid.proton.codec.MapType_ESTest,4,0,False
1535,NPEX,Qpid_Proton__j-02998b38,1,d1f6e08a19194d7c82466df6bbdcff07,org.apache.qpid.proton.codec.MapType,org.apache.qpid.proton.codec.MapType_ESTest,5,0,False
1536,NPEX,Qpid_Proton__j-02998b38,1,049e5b5c3ade48dcb83fba3d99ace2b3,org.apache.qpid.proton.codec.MapType,org.apache.qpid.proton.codec.MapType_ESTest,4,0,False
1537,NPEX,Qpid_Proton__j-02998b38,1,15be7018fc5b40f98c7dbc54288f1ebb,org.apache.qpid.proton.codec.MapType,org.apache.qpid.proton.codec.MapType_ESTest,5,0,False
1538,NPEX,Qpid_Proton__j-02998b38,1,74e110e8950d48c7a32374547bedb28c,org.apache.qpid.proton.codec.MapType,org.apache.qpid.proton.codec.MapType_ESTest,3,0,False
1539,NPEX,Qpid_Proton__j-02998b38,1,95732e5b6b5c4e83b86813117bd75004,org.apache.qpid.proton.codec.MapType,org.apache.qpid.proton.codec.MapType_ESTest,4,0,False
1540,NPEX,Avro-a3e05bee,0,cfd71322c4f74755a68d59f103289bea,org.apache.avro.Schema,org.apache.avro.Schema_ESTest,187,0,True
1541,NPEX,Avro-a3e05bee,0,981c6f3efabd49189a82c78a67346841,org.apache.avro.Schema,org.apache.avro.Schema_ESTest,199,0,True
1542,NPEX,Avro-a3e05bee,0,9938e3be980543f29e084e2b97d6c4d0,org.apache.avro.Schema,org.apache.avro.Schema_ESTest,206,0,True
1543,NPEX,Avro-a3e05bee,0,ea690f54e8b94c05b7e5d867da3c2088,org.apache.avro.Schema,org.apache.avro.Schema_ESTest,190,0,True
1544,NPEX,Avro-a3e05bee,0,fa2b382a7eef4ee889e9e7a77f8cb232,org.apache.avro.Schema,org.apache.avro.Schema_ESTest,204,0,True
1545,NPEX,Avro-a3e05bee,0,241646655f57482fa5f92d51158ceaa7,org.apache.avro.Schema,org.apache.avro.Schema_ESTest,186,0,True
1546,NPEX,Avro-a3e05bee,0,511c8d73034849c687f0b6a9b065a77b,org.apache.avro.Schema,org.apache.avro.Schema_ESTest,205,0,True
1547,NPEX,Avro-a3e05bee,0,58852b1cd55347d592e364f3e960d3eb,org.apache.avro.Schema,org.apache.avro.Schema_ESTest,200,0,True
1548,NPEX,Avro-a3e05bee,0,15e3330f41c341ab8d458751121217f8,org.apache.avro.Schema,org.apache.avro.Schema_ESTest,197,0,True
1549,NPEX,Avro-a3e05bee,0,3226bbe412474abbae7b6e4ac25cb012,org.apache.avro.Schema,org.apache.avro.Schema_ESTest,172,0,True
1550,NPEX,Avro-a3e05bee,0,5b35b918ab2347548ce535789b5213f7,org.apache.avro.Schema,org.apache.avro.Schema_ESTest,196,0,True
1551,NPEX,Avro-a3e05bee,0,2969028a07b6447394c9ef13419f2697,org.apache.avro.Schema,org.apache.avro.Schema_ESTest,208,0,True
1552,NPEX,Avro-a3e05bee,0,d0c75e8f3d314a80addc2145c3b1341f,org.apache.avro.Schema,org.apache.avro.Schema_ESTest,193,0,True
1553,NPEX,Avro-a3e05bee,0,989f31c546dd4bb0ace66edfe1c2a595,org.apache.avro.Schema,org.apache.avro.Schema_ESTest,198,0,True
1554,NPEX,Avro-a3e05bee,0,b58c7946d8ce498f8b53d22715a3fb6b,org.apache.avro.Schema,org.apache.avro.Schema_ESTest,193,0,True
1555,NPEX,Async_Http_Client-fbc6d486,0,a2896a1ba2d2473ab7f7f3191a54a771,org.asynchttpclient.RequestBuilderBase,org.asynchttpclient.RequestBuilderBase_ESTest,1,0,False
1556,NPEX,Async_Http_Client-fbc6d486,0,481164a98e744e75a9d3dcf1a77fbded,org.asynchttpclient.RequestBuilderBase,org.asynchttpclient.RequestBuilderBase_ESTest,1,0,False
1557,NPEX,Async_Http_Client-fbc6d486,0,c252642e3bba4585858c77a712cf4789,org.asynchttpclient.RequestBuilderBase,org.asynchttpclient.RequestBuilderBase_ESTest,1,0,False
1558,NPEX,Async_Http_Client-fbc6d486,0,ad5b14abe80543ba8edde6844780c0c5,org.asynchttpclient.RequestBuilderBase,org.asynchttpclient.RequestBuilderBase_ESTest,1,0,False
1559,NPEX,Async_Http_Client-fbc6d486,0,16dc9b7b82a441e59a1909b3ba3280c4,org.asynchttpclient.RequestBuilderBase,org.asynchttpclient.RequestBuilderBase_ESTest,1,0,False
1560,NPEX,Async_Http_Client-fbc6d486,0,3aa0eae27c4c4116896729decdd2f83a,org.asynchttpclient.RequestBuilderBase,org.asynchttpclient.RequestBuilderBase_ESTest,1,0,False
1561,NPEX,Async_Http_Client-fbc6d486,0,b94b1ce20ad246028ad0b9cd861ba451,org.asynchttpclient.RequestBuilderBase,org.asynchttpclient.RequestBuilderBase_ESTest,1,0,False
1562,NPEX,Async_Http_Client-fbc6d486,0,bcc93944a20d42f798ce360ffb91cebe,org.asynchttpclient.RequestBuilderBase,org.asynchttpclient.RequestBuilderBase_ESTest,1,0,False
1563,NPEX,Async_Http_Client-fbc6d486,0,355e781affcb470fb6dddd0c7d742847,org.asynchttpclient.RequestBuilderBase,org.asynchttpclient.RequestBuilderBase_ESTest,1,0,False
1564,NPEX,Async_Http_Client-fbc6d486,0,9f23cc2c41f74d99bf28bf6f0f7db698,org.asynchttpclient.RequestBuilderBase,org.asynchttpclient.RequestBuilderBase_ESTest,1,0,False
1565,NPEX,Async_Http_Client-fbc6d486,0,cecc8c18d7014e82b4253bd04798588f,org.asynchttpclient.RequestBuilderBase,org.asynchttpclient.RequestBuilderBase_ESTest,1,0,False
1566,NPEX,Async_Http_Client-fbc6d486,0,f75252a6f724429a9f437e9eb5b988e4,org.asynchttpclient.RequestBuilderBase,org.asynchttpclient.RequestBuilderBase_ESTest,1,0,False
1567,NPEX,Async_Http_Client-fbc6d486,0,219b17fc52644f0f9bc1240148e7b961,org.asynchttpclient.RequestBuilderBase,org.asynchttpclient.RequestBuilderBase_ESTest,1,0,False
1568,NPEX,Async_Http_Client-fbc6d486,0,25e43ee645a94a5ca29c4c1a11a2cd98,org.asynchttpclient.RequestBuilderBase,org.asynchttpclient.RequestBuilderBase_ESTest,1,0,False
1569,NPEX,Async_Http_Client-fbc6d486,0,c4e9a8a825d340a49ee683a75d83d207,org.asynchttpclient.RequestBuilderBase,org.asynchttpclient.RequestBuilderBase_ESTest,1,0,False
1570,NPEX,Async_Http_Client-fbc6d486,0,814cb18e89194cb9a9f7d28b20186659,org.asynchttpclient.RequestBuilderBase,org.asynchttpclient.RequestBuilderBase_ESTest,1,0,False
1571,NPEX,Async_Http_Client-fbc6d486,0,f858c749d63e490b85f8992dae0a83ee,org.asynchttpclient.RequestBuilderBase,org.asynchttpclient.RequestBuilderBase_ESTest,1,0,False
1572,NPEX,Async_Http_Client-fbc6d486,0,4bf2b1aa826d4b1e9b25a441e22708c4,org.asynchttpclient.RequestBuilderBase,org.asynchttpclient.RequestBuilderBase_ESTest,1,0,False
1573,NPEX,Async_Http_Client-fbc6d486,0,1ca38817f6ad45849ba57d8ffed2fb3d,org.asynchttpclient.RequestBuilderBase,org.asynchttpclient.RequestBuilderBase_ESTest,1,0,False
1574,NPEX,Async_Http_Client-fbc6d486,0,1552fe0c076e4cbbb03963a52af30e6e,org.asynchttpclient.RequestBuilderBase,org.asynchttpclient.RequestBuilderBase_ESTest,1,0,False
1575,NPEX,ShardingSphere-9833fb9a,0,bb084f7c45984b7db8845b12da006159,org.apache.shardingsphere.governance.core.yaml.swapper.SchemaYamlSwapper,org.apache.shardingsphere.governance.core.yaml.swapper.SchemaYamlSwapper_ESTest,3,0,False
1576,NPEX,ShardingSphere-9833fb9a,0,80af856a69b042c997f9b498f8319a3f,org.apache.shardingsphere.governance.core.yaml.swapper.SchemaYamlSwapper,org.apache.shardingsphere.governance.core.yaml.swapper.SchemaYamlSwapper_ESTest,3,0,False
1577,NPEX,ShardingSphere-9833fb9a,0,02b50eb11bfa4737a83d12e3ebb9b64e,org.apache.shardingsphere.governance.core.yaml.swapper.SchemaYamlSwapper,org.apache.shardingsphere.governance.core.yaml.swapper.SchemaYamlSwapper_ESTest,3,0,False
1578,NPEX,ShardingSphere-9833fb9a,0,929accf089674537bf0e08ae4072a914,org.apache.shardingsphere.governance.core.yaml.swapper.SchemaYamlSwapper,org.apache.shardingsphere.governance.core.yaml.swapper.SchemaYamlSwapper_ESTest,3,0,False
1579,NPEX,ShardingSphere-9833fb9a,0,8792a917b83f489e8e0c99c4b334879c,org.apache.shardingsphere.governance.core.yaml.swapper.SchemaYamlSwapper,org.apache.shardingsphere.governance.core.yaml.swapper.SchemaYamlSwapper_ESTest,3,0,False
1580,NPEX,ShardingSphere-9833fb9a,0,b60e098bcb744a21871b03a65b6ded5d,org.apache.shardingsphere.governance.core.yaml.swapper.SchemaYamlSwapper,org.apache.shardingsphere.governance.core.yaml.swapper.SchemaYamlSwapper_ESTest,3,0,False
1581,NPEX,ShardingSphere-9833fb9a,0,7a4b895052664f5980cb5aab575faea2,org.apache.shardingsphere.governance.core.yaml.swapper.SchemaYamlSwapper,org.apache.shardingsphere.governance.core.yaml.swapper.SchemaYamlSwapper_ESTest,3,0,False
1582,NPEX,ShardingSphere-9833fb9a,0,07f38c986e8f41d382c3d4f96ddcdaf6,org.apache.shardingsphere.governance.core.yaml.swapper.SchemaYamlSwapper,org.apache.shardingsphere.governance.core.yaml.swapper.SchemaYamlSwapper_ESTest,3,0,False
1583,NPEX,ShardingSphere-9833fb9a,0,7ee58e117d124960b0c81c14b7c01ef8,org.apache.shardingsphere.governance.core.yaml.swapper.SchemaYamlSwapper,org.apache.shardingsphere.governance.core.yaml.swapper.SchemaYamlSwapper_ESTest,3,0,False
1584,NPEX,ShardingSphere-9833fb9a,0,68ff9f2be12d4a52a304c9393b6eb435,org.apache.shardingsphere.governance.core.yaml.swapper.SchemaYamlSwapper,org.apache.shardingsphere.governance.core.yaml.swapper.SchemaYamlSwapper_ESTest,3,0,False
1585,NPEX,ShardingSphere-9833fb9a,0,b57281f1bca244c081d0f8fc110052f1,org.apache.shardingsphere.governance.core.yaml.swapper.SchemaYamlSwapper,org.apache.shardingsphere.governance.core.yaml.swapper.SchemaYamlSwapper_ESTest,3,0,False
1586,NPEX,ShardingSphere-9833fb9a,0,d91c642ee18b43f385f7226985740d8a,org.apache.shardingsphere.governance.core.yaml.swapper.SchemaYamlSwapper,org.apache.shardingsphere.governance.core.yaml.swapper.SchemaYamlSwapper_ESTest,3,0,False
1587,NPEX,ShardingSphere-9833fb9a,0,ce5ee1cc6a3547cb8bb1ff5b5b8babdf,org.apache.shardingsphere.governance.core.yaml.swapper.SchemaYamlSwapper,org.apache.shardingsphere.governance.core.yaml.swapper.SchemaYamlSwapper_ESTest,2,0,False
1588,NPEX,ShardingSphere-9833fb9a,0,aa502c7378fa4b77839854aa0690e6b7,org.apache.shardingsphere.governance.core.yaml.swapper.SchemaYamlSwapper,org.apache.shardingsphere.governance.core.yaml.swapper.SchemaYamlSwapper_ESTest,3,0,False
1589,NPEX,ShardingSphere-9833fb9a,0,a570fca90abb470588685f472c8cdbed,org.apache.shardingsphere.governance.core.yaml.swapper.SchemaYamlSwapper,org.apache.shardingsphere.governance.core.yaml.swapper.SchemaYamlSwapper_ESTest,2,0,False
1590,NPEX,ShardingSphere-9833fb9a,0,98a1bce2cf044097af3ea2f44afa208a,org.apache.shardingsphere.governance.core.yaml.swapper.SchemaYamlSwapper,org.apache.shardingsphere.governance.core.yaml.swapper.SchemaYamlSwapper_ESTest,3,0,False
1591,NPEX,ShardingSphere-9833fb9a,0,d8c06efe992047ee8be3f0ec863ff193,org.apache.shardingsphere.governance.core.yaml.swapper.SchemaYamlSwapper,org.apache.shardingsphere.governance.core.yaml.swapper.SchemaYamlSwapper_ESTest,3,0,False
1592,NPEX,ShardingSphere-9833fb9a,0,3d2b3b2aac3346ab87d46651afa9fdbc,org.apache.shardingsphere.governance.core.yaml.swapper.SchemaYamlSwapper,org.apache.shardingsphere.governance.core.yaml.swapper.SchemaYamlSwapper_ESTest,3,0,False
1593,NPEX,ShardingSphere-9833fb9a,0,8c6bbff29f97474298b1b0368b710ac8,org.apache.shardingsphere.governance.core.yaml.swapper.SchemaYamlSwapper,org.apache.shardingsphere.governance.core.yaml.swapper.SchemaYamlSwapper_ESTest,3,0,False
1594,NPEX,Easy_Rules-d5385af5,0,27fcfdcdeecf49efafff4ee852801b95,org.jeasy.rules.mvel.MVELRuleDefinitionReader,org.jeasy.rules.mvel.MVELRuleDefinitionReader_ESTest,1,0,False
1595,NPEX,Easy_Rules-d5385af5,0,2a13fdc4bc8c4e35ae98013494f10c92,org.jeasy.rules.mvel.MVELRuleDefinitionReader,org.jeasy.rules.mvel.MVELRuleDefinitionReader_ESTest,1,0,False
1596,NPEX,Easy_Rules-d5385af5,0,452bc2f3fd0d4744a0da8dfbdd68c7bb,org.jeasy.rules.mvel.MVELRuleDefinitionReader,org.jeasy.rules.mvel.MVELRuleDefinitionReader_ESTest,1,0,False
1597,NPEX,Easy_Rules-d5385af5,0,5afa2938533d4761925be7a06a718b14,org.jeasy.rules.mvel.MVELRuleDefinitionReader,org.jeasy.rules.mvel.MVELRuleDefinitionReader_ESTest,1,0,False
1598,NPEX,Easy_Rules-d5385af5,0,63bd2cd8b692490195b98d701ba2a081,org.jeasy.rules.mvel.MVELRuleDefinitionReader,org.jeasy.rules.mvel.MVELRuleDefinitionReader_ESTest,1,0,False
1599,NPEX,Easy_Rules-d5385af5,0,58856e19e8a844c7b3257cb653dde06e,org.jeasy.rules.mvel.MVELRuleDefinitionReader,org.jeasy.rules.mvel.MVELRuleDefinitionReader_ESTest,1,0,False
1600,NPEX,Easy_Rules-d5385af5,0,dcc4c62ed5664ef7a020b779644e639d,org.jeasy.rules.mvel.MVELRuleDefinitionReader,org.jeasy.rules.mvel.MVELRuleDefinitionReader_ESTest,1,0,False
1601,NPEX,Easy_Rules-d5385af5,0,baa9e9afbb0c4e179d8d44de3e26c770,org.jeasy.rules.mvel.MVELRuleDefinitionReader,org.jeasy.rules.mvel.MVELRuleDefinitionReader_ESTest,1,0,False
1602,NPEX,Easy_Rules-d5385af5,0,8c0b995ef6c24c0f9b139e736a8b05a9,org.jeasy.rules.mvel.MVELRuleDefinitionReader,org.jeasy.rules.mvel.MVELRuleDefinitionReader_ESTest,1,0,False
1603,NPEX,Easy_Rules-d5385af5,0,bbbcd97ce47f43b29bf0a030f593aff2,org.jeasy.rules.mvel.MVELRuleDefinitionReader,org.jeasy.rules.mvel.MVELRuleDefinitionReader_ESTest,1,0,False
1604,NPEX,Easy_Rules-d5385af5,0,613ffb4e42834410b1a929cdd69d0a9b,org.jeasy.rules.mvel.MVELRuleDefinitionReader,org.jeasy.rules.mvel.MVELRuleDefinitionReader_ESTest,1,0,False
1605,NPEX,Easy_Rules-d5385af5,0,c961b3e3c04845da9c52ce4cb7e759e9,org.jeasy.rules.mvel.MVELRuleDefinitionReader,org.jeasy.rules.mvel.MVELRuleDefinitionReader_ESTest,1,0,False
1606,NPEX,Easy_Rules-d5385af5,0,8353546e62ab473ca4ca934a7508759d,org.jeasy.rules.mvel.MVELRuleDefinitionReader,org.jeasy.rules.mvel.MVELRuleDefinitionReader_ESTest,1,0,False
1607,NPEX,Easy_Rules-d5385af5,0,b91eafaf6e2e42d5b64766cc83aaa30c,org.jeasy.rules.mvel.MVELRuleDefinitionReader,org.jeasy.rules.mvel.MVELRuleDefinitionReader_ESTest,1,0,False
1608,NPEX,Easy_Rules-d5385af5,0,0a981f91afc24a0fbfed7a05e3bcdaff,org.jeasy.rules.mvel.MVELRuleDefinitionReader,org.jeasy.rules.mvel.MVELRuleDefinitionReader_ESTest,1,0,False
1609,NPEX,Easy_Rules-d5385af5,0,e2e41e25d03749e0ac212bc0190e8455,org.jeasy.rules.mvel.MVELRuleDefinitionReader,org.jeasy.rules.mvel.MVELRuleDefinitionReader_ESTest,1,0,False
1610,NPEX,Easy_Rules-d5385af5,0,4a5f4c7dd1a6440fbe0db2bd558e385e,org.jeasy.rules.mvel.MVELRuleDefinitionReader,org.jeasy.rules.mvel.MVELRuleDefinitionReader_ESTest,1,0,False
1611,NPEX,Easy_Rules-d5385af5,0,c6ccf31376024962b7c640bedf8f25d7,org.jeasy.rules.mvel.MVELRuleDefinitionReader,org.jeasy.rules.mvel.MVELRuleDefinitionReader_ESTest,1,0,False
1612,NPEX,Easy_Rules-d5385af5,0,511a0419e07347f6b3c945e704f70f05,org.jeasy.rules.mvel.MVELRuleDefinitionReader,org.jeasy.rules.mvel.MVELRuleDefinitionReader_ESTest,1,0,False
1613,NPEX,Easy_Rules-d5385af5,0,fe17261eb6004798a3773436ba222e2b,org.jeasy.rules.mvel.MVELRuleDefinitionReader,org.jeasy.rules.mvel.MVELRuleDefinitionReader_ESTest,1,0,False
1614,NPEX,IoTDB-9bced7b6,0,f7d9350ee1594c00bed3ab308d1d8587,org.apache.iotdb.db.metadata.MTree,org.apache.iotdb.db.metadata.MTree_ESTest,209,0,False
1615,NPEX,IoTDB-9bced7b6,0,a997015303b74fc4839f945ace22774c,org.apache.iotdb.db.metadata.MTree,org.apache.iotdb.db.metadata.MTree_ESTest,196,0,False
1616,NPEX,IoTDB-9bced7b6,0,8af4ecef67a146c9bcca605e18f3aaa8,org.apache.iotdb.db.metadata.MTree,org.apache.iotdb.db.metadata.MTree_ESTest,204,0,False
1617,NPEX,IoTDB-9bced7b6,0,0732cf8b2e44420689a4879d7c80c286,org.apache.iotdb.db.metadata.MTree,org.apache.iotdb.db.metadata.MTree_ESTest,204,0,False
1618,NPEX,IoTDB-9bced7b6,0,49477eb9860245b49aa0bfca85d126aa,org.apache.iotdb.db.metadata.MTree,org.apache.iotdb.db.metadata.MTree_ESTest,211,0,False
1619,NPEX,IoTDB-9bced7b6,0,ef547d82dce748338b00a9bb342a016e,org.apache.iotdb.db.metadata.MTree,org.apache.iotdb.db.metadata.MTree_ESTest,210,0,False
1620,NPEX,IoTDB-9bced7b6,0,ec97b4e061a74459b4ae27050b862db7,org.apache.iotdb.db.metadata.MTree,org.apache.iotdb.db.metadata.MTree_ESTest,205,0,False
1621,NPEX,IoTDB-9bced7b6,0,cbd15c8e00df4c79b5d23a16d9997b69,org.apache.iotdb.db.metadata.MTree,org.apache.iotdb.db.metadata.MTree_ESTest,189,0,False
1622,NPEX,IoTDB-9bced7b6,0,29d0d2938c92468da896cd2db05427d0,org.apache.iotdb.db.metadata.MTree,org.apache.iotdb.db.metadata.MTree_ESTest,204,0,False
1623,NPEX,IoTDB-9bced7b6,0,048cac8921de46c88b090e9d0dac74f1,org.apache.iotdb.db.metadata.MTree,org.apache.iotdb.db.metadata.MTree_ESTest,193,0,False
1624,NPEX,IoTDB-9bced7b6,0,522dc00dceb2407e9d8c0cdd88c17edd,org.apache.iotdb.db.metadata.MTree,org.apache.iotdb.db.metadata.MTree_ESTest,194,0,True
1625,NPEX,IoTDB-9bced7b6,0,16cbb8ad8e024937af6bc4844a6962b1,org.apache.iotdb.db.metadata.MTree,org.apache.iotdb.db.metadata.MTree_ESTest,210,0,False
1626,NPEX,IoTDB-9bced7b6,0,337cfeb426964d9a9cabc7e3655e5e67,org.apache.iotdb.db.metadata.MTree,org.apache.iotdb.db.metadata.MTree_ESTest,203,0,False
1627,NPEX,IoTDB-9bced7b6,0,3e3b9c5d9e644a5da36136837bf18604,org.apache.iotdb.db.metadata.MTree,org.apache.iotdb.db.metadata.MTree_ESTest,206,0,False
1628,NPEX,IoTDB-9bced7b6,0,0686a4219e0d4905bfaf96e5ae98a79f,org.apache.iotdb.db.metadata.MTree,org.apache.iotdb.db.metadata.MTree_ESTest,210,0,False
1629,NPEX,IoTDB-9bced7b6,0,d03c421de4ef47ab8afe8332fa65f279,org.apache.iotdb.db.metadata.MTree,org.apache.iotdb.db.metadata.MTree_ESTest,197,0,False
1630,NPEX,IoTDB-9bced7b6,0,465edb68876e4652907e2369ec22844c,org.apache.iotdb.db.metadata.MTree,org.apache.iotdb.db.metadata.MTree_ESTest,197,0,False
1631,NPEX,IoTDB-9bced7b6,0,04602d2779b44dd3861590b6326f5ea6,org.apache.iotdb.db.metadata.MTree,org.apache.iotdb.db.metadata.MTree_ESTest,194,0,False
1632,NPEX,IoTDB-9bced7b6,0,c2da939db3ff47808dfe6e39d26685e0,org.apache.iotdb.db.metadata.MTree,org.apache.iotdb.db.metadata.MTree_ESTest,188,0,False
1633,NPEX,IoTDB-9bced7b6,0,ec55ac48913f40bc9767a7bb0e87a01e,org.apache.iotdb.db.metadata.MTree,org.apache.iotdb.db.metadata.MTree_ESTest,205,0,True
1634,Bears,Bears-88,0,db584173ae5c464799f8eb815766751a,org.springframework.data.repository.config.RepositoryBeanNameGenerator,org.springframework.data.repository.config.RepositoryBeanNameGenerator_ESTest,2,0,False
1635,Bears,Bears-88,0,bd8232e24c904f4195c7c97f7ebf4001,org.springframework.data.repository.config.RepositoryBeanNameGenerator,org.springframework.data.repository.config.RepositoryBeanNameGenerator_ESTest,2,0,False
1636,Bears,Bears-88,0,068407610e1e4d91be59d851817f10df,org.springframework.data.repository.config.RepositoryBeanNameGenerator,org.springframework.data.repository.config.RepositoryBeanNameGenerator_ESTest,2,0,False
1637,Bears,Bears-88,0,ced11d497ee1400bb471705897d84ccc,org.springframework.data.repository.config.RepositoryBeanNameGenerator,org.springframework.data.repository.config.RepositoryBeanNameGenerator_ESTest,2,0,False
1638,Bears,Bears-88,0,3d9ea605489b4927a5c2cf09b0d49b96,org.springframework.data.repository.config.RepositoryBeanNameGenerator,org.springframework.data.repository.config.RepositoryBeanNameGenerator_ESTest,2,0,False
1639,Bears,Bears-88,0,b802cf56e356485e89e720815219f78f,org.springframework.data.repository.config.RepositoryBeanNameGenerator,org.springframework.data.repository.config.RepositoryBeanNameGenerator_ESTest,2,0,False
1640,Bears,Bears-222,0,fc451cd711c84ba58cf8f66e52b8e2b1,org.jgrapht.generate.WattsStrogatzGraphGenerator,org.jgrapht.generate.WattsStrogatzGraphGenerator_ESTest,1,0,False
1641,Bears,Bears-222,0,fd3042e9b1db40c495e5273a58695fa5,org.jgrapht.generate.WattsStrogatzGraphGenerator,org.jgrapht.generate.WattsStrogatzGraphGenerator_ESTest,2,0,False
1642,Bears,Bears-222,0,58a35d1c93d1476a8b6693216e2d6015,org.jgrapht.generate.WattsStrogatzGraphGenerator,org.jgrapht.generate.WattsStrogatzGraphGenerator_ESTest,2,0,False
1643,Bears,Bears-222,0,064e17b9c9374511af28652e432e3a86,org.jgrapht.generate.WattsStrogatzGraphGenerator,org.jgrapht.generate.WattsStrogatzGraphGenerator_ESTest,1,0,False
1644,Bears,Bears-222,0,1e8b205efebc4d128acfd11adf277a08,org.jgrapht.generate.WattsStrogatzGraphGenerator,org.jgrapht.generate.WattsStrogatzGraphGenerator_ESTest,2,0,False
1645,Bears,Bears-222,0,a4cd5f82abd34822bbbb088881df03f8,org.jgrapht.generate.WattsStrogatzGraphGenerator,org.jgrapht.generate.WattsStrogatzGraphGenerator_ESTest,2,0,False
1646,Bears,Bears-56,0,c836086644e044079d8f33708426db5a,spoon.reflect.visitor.ImportScannerImpl,spoon.reflect.visitor.ImportScannerImpl_ESTest,20,0,False
1647,Bears,Bears-56,0,15a99384f6e84c05a30bd2015704275a,spoon.reflect.visitor.ImportScannerImpl,spoon.reflect.visitor.ImportScannerImpl_ESTest,22,0,False
1648,Bears,Bears-56,0,fdad7b0489ef4021abc07e4117cec198,spoon.reflect.visitor.ImportScannerImpl,spoon.reflect.visitor.ImportScannerImpl_ESTest,25,0,False
1649,Bears,Bears-56,0,f6b8519d020d4a70a1d5a591dfc208ab,spoon.reflect.visitor.ImportScannerImpl,spoon.reflect.visitor.ImportScannerImpl_ESTest,23,0,False
1650,Bears,Bears-56,0,484af6396e5741ea912ec1b6e883c2d0,spoon.reflect.visitor.ImportScannerImpl,spoon.reflect.visitor.ImportScannerImpl_ESTest,28,0,False
1651,Bears,Bears-56,0,cdfa219d35fb4e7a8e4d3fcef9f9a8e0,spoon.reflect.visitor.ImportScannerImpl,spoon.reflect.visitor.ImportScannerImpl_ESTest,23,0,False
1652,Bears,Bears-56,0,127fa1c9791946db81c71111ac4bede4,spoon.reflect.visitor.ImportScannerImpl,spoon.reflect.visitor.ImportScannerImpl_ESTest,25,0,False
1653,Bears,Bears-56,0,c7b330ba770f49c4bb118256ed1dd6e8,spoon.reflect.visitor.ImportScannerImpl,spoon.reflect.visitor.ImportScannerImpl_ESTest,24,0,False
1654,Bears,Bears-56,0,30c2ae5e2e0e4fba93c6eb2f636b7640,spoon.reflect.visitor.ImportScannerImpl,spoon.reflect.visitor.ImportScannerImpl_ESTest,22,0,False
1655,Bears,Bears-56,0,0dff055a424e4ae98e425691b02f34cf,spoon.reflect.visitor.ImportScannerImpl,spoon.reflect.visitor.ImportScannerImpl_ESTest,21,0,False
1656,Bears,Bears-56,0,39fa9ae1f9be4edeaa0e5638907fd647,spoon.reflect.visitor.ImportScannerImpl,spoon.reflect.visitor.ImportScannerImpl_ESTest,22,0,False
1657,Bears,Bears-56,0,7b624b6b42034f068bb4471eb6cb4d24,spoon.reflect.visitor.ImportScannerImpl,spoon.reflect.visitor.ImportScannerImpl_ESTest,21,0,False
1658,Bears,Bears-56,0,f82c58f09f194d90b9847f86fa54034e,spoon.reflect.visitor.ImportScannerImpl,spoon.reflect.visitor.ImportScannerImpl_ESTest,18,0,False
1659,Bears,Bears-56,0,2b87357574d84a8b9f9ba345068724f3,spoon.reflect.visitor.ImportScannerImpl,spoon.reflect.visitor.ImportScannerImpl_ESTest,43,0,True
1660,Bears,Bears-56,0,36b753b519f14b8aa89b9f235a9f5d43,spoon.reflect.visitor.ImportScannerImpl,spoon.reflect.visitor.ImportScannerImpl_ESTest,26,0,False
1661,Bears,Bears-56,0,bb7461dbb9894e9f8a72b949f7ccf14c,spoon.reflect.visitor.ImportScannerImpl,spoon.reflect.visitor.ImportScannerImpl_ESTest,23,0,False
1662,Bears,Bears-72,0,b30ced6f49094331bfacf4756024cb39,spoon.reflect.visitor.DefaultJavaPrettyPrinter,spoon.reflect.visitor.DefaultJavaPrettyPrinter_ESTest,147,0,False
1663,Bears,Bears-72,0,f5ef54de6b864293ae4d62dd692b4717,spoon.reflect.visitor.DefaultJavaPrettyPrinter,spoon.reflect.visitor.DefaultJavaPrettyPrinter_ESTest,125,0,False
1664,Bears,Bears-72,0,b326970e912748ea9767b499564957a5,spoon.reflect.visitor.DefaultJavaPrettyPrinter,spoon.reflect.visitor.DefaultJavaPrettyPrinter_ESTest,184,0,False
1665,Bears,Bears-72,0,c1d57fc1b6e943cdaaf326a7be5ca90d,spoon.reflect.visitor.DefaultJavaPrettyPrinter,spoon.reflect.visitor.DefaultJavaPrettyPrinter_ESTest,143,0,False
1666,Bears,Bears-72,0,401cfc10cbbf4aa590e52a86d091056d,spoon.reflect.visitor.DefaultJavaPrettyPrinter,spoon.reflect.visitor.DefaultJavaPrettyPrinter_ESTest,109,0,False
1667,Bears,Bears-72,0,f356621a2a5a4ed997ffcfbc58922739,spoon.reflect.visitor.DefaultJavaPrettyPrinter,spoon.reflect.visitor.DefaultJavaPrettyPrinter_ESTest,164,0,False
1668,Bears,Bears-72,0,a892edf6751149cd827e00123e970d3d,spoon.reflect.visitor.DefaultJavaPrettyPrinter,spoon.reflect.visitor.DefaultJavaPrettyPrinter_ESTest,103,0,False
1669,Bears,Bears-72,0,73631c91d4184e7a83c70a13b890f099,spoon.reflect.visitor.DefaultJavaPrettyPrinter,spoon.reflect.visitor.DefaultJavaPrettyPrinter_ESTest,135,0,False
1670,Bears,Bears-72,0,364bfc2116fe4affb9174fb1517934c6,spoon.reflect.visitor.DefaultJavaPrettyPrinter,spoon.reflect.visitor.DefaultJavaPrettyPrinter_ESTest,224,0,False
1671,Bears,Bears-72,0,f409f06fe7424c91900b142595029a7c,spoon.reflect.visitor.DefaultJavaPrettyPrinter,spoon.reflect.visitor.DefaultJavaPrettyPrinter_ESTest,197,0,False
1672,Bears,Bears-72,0,b09b7118ef714ca4bb543d91f1d93582,spoon.reflect.visitor.DefaultJavaPrettyPrinter,spoon.reflect.visitor.DefaultJavaPrettyPrinter_ESTest,145,0,False
1673,Bears,Bears-72,0,19875ed231b94b8781b25b65fdb1c1df,spoon.reflect.visitor.DefaultJavaPrettyPrinter,spoon.reflect.visitor.DefaultJavaPrettyPrinter_ESTest,148,0,False
1674,Bears,Bears-72,0,c328fca105c341108f63350723a1bd84,spoon.reflect.visitor.DefaultJavaPrettyPrinter,spoon.reflect.visitor.DefaultJavaPrettyPrinter_ESTest,142,0,False
1675,Bears,Bears-72,0,abf52461f2ac4b289eb05ca04c6389e4,spoon.reflect.visitor.DefaultJavaPrettyPrinter,spoon.reflect.visitor.DefaultJavaPrettyPrinter_ESTest,148,0,False
1676,Bears,Bears-72,0,4ffa2349aa534695b9c36e49f7c4c29b,spoon.reflect.visitor.DefaultJavaPrettyPrinter,spoon.reflect.visitor.DefaultJavaPrettyPrinter_ESTest,155,0,False
1677,Bears,Bears-72,0,e8ec3d5859824518a5e11112a0f6a2eb,spoon.reflect.visitor.DefaultJavaPrettyPrinter,spoon.reflect.visitor.DefaultJavaPrettyPrinter_ESTest,143,0,False
1678,Bears,Bears-72,0,f6e903a529e843d18313c648d87c7b16,spoon.reflect.visitor.DefaultJavaPrettyPrinter,spoon.reflect.visitor.DefaultJavaPrettyPrinter_ESTest,148,0,False
1679,Bears,Bears-72,0,6c732e7148da41a784c7d5112bf43d71,spoon.reflect.visitor.DefaultJavaPrettyPrinter,spoon.reflect.visitor.DefaultJavaPrettyPrinter_ESTest,146,0,False
1680,Bears,Bears-72,0,b73e0bade1574692951d3f67ebfa86ad,spoon.reflect.visitor.DefaultJavaPrettyPrinter,spoon.reflect.visitor.DefaultJavaPrettyPrinter_ESTest,157,0,False
1681,Bears,Bears-189,0,cc40b85207b649e9871f3ab107b97d21,hu.oe.nik.szfmv.detector.classes.Detector,hu.oe.nik.szfmv.detector.classes.Detector_ESTest,5,0,False
1682,Bears,Bears-189,0,20c65afdd44846d481505b2a9d33adb1,hu.oe.nik.szfmv.detector.classes.Detector,hu.oe.nik.szfmv.detector.classes.Detector_ESTest,5,0,False
1683,Bears,Bears-189,0,2bb1f14d0f3f4604bbcfa77fa821117e,hu.oe.nik.szfmv.detector.classes.Detector,hu.oe.nik.szfmv.detector.classes.Detector_ESTest,5,0,False
1684,Bears,Bears-189,0,3bfa6ef9c61048d2b5abe2fdaf396345,hu.oe.nik.szfmv.detector.classes.Detector,hu.oe.nik.szfmv.detector.classes.Detector_ESTest,5,0,False
1685,Bears,Bears-189,0,3fa6878ab3054aa5aa760e7fd223f613,hu.oe.nik.szfmv.detector.classes.Detector,hu.oe.nik.szfmv.detector.classes.Detector_ESTest,5,0,False
1686,Bears,Bears-189,0,8fe7950fc982468098de2364b9f6a6da,hu.oe.nik.szfmv.detector.classes.Detector,hu.oe.nik.szfmv.detector.classes.Detector_ESTest,5,0,False
1687,Bears,Bears-189,0,43423217f756461db9a0b8e916b1ff25,hu.oe.nik.szfmv.detector.classes.Detector,hu.oe.nik.szfmv.detector.classes.Detector_ESTest,5,0,False
1688,Bears,Bears-189,0,066fdc755ce84867b85b8e8265cc0eaf,hu.oe.nik.szfmv.detector.classes.Detector,hu.oe.nik.szfmv.detector.classes.Detector_ESTest,5,0,False
1689,Bears,Bears-189,0,776e1cf632184218a582f5b46e8bfe06,hu.oe.nik.szfmv.detector.classes.Detector,hu.oe.nik.szfmv.detector.classes.Detector_ESTest,5,0,False
1690,Bears,Bears-189,0,77a9d84bf6164f2fb16c4a78f97b9eac,hu.oe.nik.szfmv.detector.classes.Detector,hu.oe.nik.szfmv.detector.classes.Detector_ESTest,5,0,False
1691,Bears,Bears-189,0,b60b0a257be54a059128df01d192c937,hu.oe.nik.szfmv.detector.classes.Detector,hu.oe.nik.szfmv.detector.classes.Detector_ESTest,5,0,False
1692,Bears,Bears-189,0,869e7436be5448169b13afad101ebf15,hu.oe.nik.szfmv.detector.classes.Detector,hu.oe.nik.szfmv.detector.classes.Detector_ESTest,6,0,False
1693,Bears,Bears-189,0,46ec4b10eb67431a9413fd564fc639ce,hu.oe.nik.szfmv.detector.classes.Detector,hu.oe.nik.szfmv.detector.classes.Detector_ESTest,5,0,False
1694,Bears,Bears-189,0,c8531cc706f34e26a78296cb3223360c,hu.oe.nik.szfmv.detector.classes.Detector,hu.oe.nik.szfmv.detector.classes.Detector_ESTest,5,0,False
1695,Bears,Bears-189,0,f012385b32ab47208caceb33ba13663f,hu.oe.nik.szfmv.detector.classes.Detector,hu.oe.nik.szfmv.detector.classes.Detector_ESTest,5,0,False
1696,Bears,Bears-189,0,09d9524b7fe5411aae5965d63c1f4727,hu.oe.nik.szfmv.detector.classes.Detector,hu.oe.nik.szfmv.detector.classes.Detector_ESTest,5,0,False
1697,Bears,Bears-189,0,64f5739ac13a4f978d70c4a4171fb866,hu.oe.nik.szfmv.detector.classes.Detector,hu.oe.nik.szfmv.detector.classes.Detector_ESTest,5,0,False
1698,Bears,Bears-189,0,34b878285af640cdba35bea3ece4e122,hu.oe.nik.szfmv.detector.classes.Detector,hu.oe.nik.szfmv.detector.classes.Detector_ESTest,6,0,False
1699,Bears,Bears-189,0,3b313b2aa6f94dd1a570167ec30bcac9,hu.oe.nik.szfmv.detector.classes.Detector,hu.oe.nik.szfmv.detector.classes.Detector_ESTest,6,0,False
1700,Bears,Bears-189,0,d024104c83c84972a572284b638c750d,hu.oe.nik.szfmv.detector.classes.Detector,hu.oe.nik.szfmv.detector.classes.Detector_ESTest,5,0,False
1701,Bears,Bears-46,0,4417b7d003cd4478bef348fc59db18ee,spoon.support.reflect.declaration.CtElementImpl,spoon.support.reflect.declaration.CtElementImpl_ESTest,41,0,False
1702,Bears,Bears-46,0,f9f58e7fe92d445d86ab633610d59074,spoon.support.reflect.declaration.CtElementImpl,spoon.support.reflect.declaration.CtElementImpl_ESTest,38,0,False
1703,Bears,Bears-46,0,e4f2168863254b3ebe84ddfdffacaf94,spoon.support.reflect.declaration.CtElementImpl,spoon.support.reflect.declaration.CtElementImpl_ESTest,29,0,False
1704,Bears,Bears-46,0,1f6d1e913174435eacb6d1ebda562d39,spoon.support.reflect.declaration.CtElementImpl,spoon.support.reflect.declaration.CtElementImpl_ESTest,27,0,False
1705,Bears,Bears-46,0,913b0904143142f582f65713f53dab12,spoon.support.reflect.declaration.CtElementImpl,spoon.support.reflect.declaration.CtElementImpl_ESTest,34,0,False
1706,Bears,Bears-46,0,1d172b2918c64872afd05755fb17c930,spoon.support.reflect.declaration.CtElementImpl,spoon.support.reflect.declaration.CtElementImpl_ESTest,37,0,False
1707,Bears,Bears-46,0,2a86df5e330f4120b543341e659be849,spoon.support.reflect.declaration.CtElementImpl,spoon.support.reflect.declaration.CtElementImpl_ESTest,30,0,False
1708,Bears,Bears-46,0,cef0968dd2b04d2689c1600d6b260ebf,spoon.support.reflect.declaration.CtElementImpl,spoon.support.reflect.declaration.CtElementImpl_ESTest,37,0,False
1709,Bears,Bears-46,0,a80ea67bd9994fc097a7f9335c85c361,spoon.support.reflect.declaration.CtElementImpl,spoon.support.reflect.declaration.CtElementImpl_ESTest,35,0,False
1710,Bears,Bears-46,0,5f34ba705a4148b2a2aadaf4480d51e4,spoon.support.reflect.declaration.CtElementImpl,spoon.support.reflect.declaration.CtElementImpl_ESTest,33,0,False
1711,Bears,Bears-46,0,ec828172dcec4b6f8fdefa4e900b0571,spoon.support.reflect.declaration.CtElementImpl,spoon.support.reflect.declaration.CtElementImpl_ESTest,42,0,False
1712,Bears,Bears-46,0,5d673a9b9f9c46a4ab546fb7b00261c0,spoon.support.reflect.declaration.CtElementImpl,spoon.support.reflect.declaration.CtElementImpl_ESTest,39,0,False
1713,Bears,Bears-46,0,6f6019ff39fa41609899db4cd9f63805,spoon.support.reflect.declaration.CtElementImpl,spoon.support.reflect.declaration.CtElementImpl_ESTest,30,0,False
1714,Bears,Bears-46,0,b4f65627c94c44049c3ae8788a6ea207,spoon.support.reflect.declaration.CtElementImpl,spoon.support.reflect.declaration.CtElementImpl_ESTest,40,0,False
1715,Bears,Bears-46,0,e340cbc1e98a4cbc98849ac82dbb6a60,spoon.support.reflect.declaration.CtElementImpl,spoon.support.reflect.declaration.CtElementImpl_ESTest,28,0,False
1716,Bears,Bears-46,0,876f9db523814246b54790f2561f5bf7,spoon.support.reflect.declaration.CtElementImpl,spoon.support.reflect.declaration.CtElementImpl_ESTest,33,0,False
1717,Bears,Bears-46,0,b121510f0f1b4c18bc1feee54c8d536f,spoon.support.reflect.declaration.CtElementImpl,spoon.support.reflect.declaration.CtElementImpl_ESTest,31,0,False
1718,Bears,Bears-46,0,506d232c82304fc997558be8e743b473,spoon.support.reflect.declaration.CtElementImpl,spoon.support.reflect.declaration.CtElementImpl_ESTest,25,0,False
1719,Bears,Bears-46,0,8bafb83de4d346b09a47fb38d84ef869,spoon.support.reflect.declaration.CtElementImpl,spoon.support.reflect.declaration.CtElementImpl_ESTest,30,0,False
1720,Bears,Bears-70,0,66334853a633456881d64428f8a88271,spoon.support.compiler.jdt.ContextBuilder,spoon.support.compiler.jdt.ContextBuilder_ESTest,16,0,False
1721,Bears,Bears-70,0,d6e00c82f89f43dcab248eb4d4fa7a96,spoon.support.compiler.jdt.ContextBuilder,spoon.support.compiler.jdt.ContextBuilder_ESTest,8,0,False
1722,Bears,Bears-70,0,f89ccc5c4f9b47a694a3cc3e7b29c7e3,spoon.support.compiler.jdt.ContextBuilder,spoon.support.compiler.jdt.ContextBuilder_ESTest,12,0,False
1723,Bears,Bears-70,0,ff08a9bb940041b3aa1f3a2ff6f9837f,spoon.support.compiler.jdt.ContextBuilder,spoon.support.compiler.jdt.ContextBuilder_ESTest,11,0,False
1724,Bears,Bears-70,0,68a8efb464df4bcbbaede82f8abc72a5,spoon.support.compiler.jdt.ContextBuilder,spoon.support.compiler.jdt.ContextBuilder_ESTest,8,0,False
1725,Bears,Bears-70,0,f71905c29e154f829f2d6be1e62233cd,spoon.support.compiler.jdt.ContextBuilder,spoon.support.compiler.jdt.ContextBuilder_ESTest,16,0,False
1726,Bears,Bears-70,0,855897ffa428460e97905d6cd307437d,spoon.support.compiler.jdt.ContextBuilder,spoon.support.compiler.jdt.ContextBuilder_ESTest,14,0,False
1727,Bears,Bears-70,0,e046e29d80284b96aea4c92ac2436298,spoon.support.compiler.jdt.ContextBuilder,spoon.support.compiler.jdt.ContextBuilder_ESTest,11,0,False
1728,Bears,Bears-70,0,d837587a01dc4bb99fa57b1af0c22760,spoon.support.compiler.jdt.ContextBuilder,spoon.support.compiler.jdt.ContextBuilder_ESTest,11,0,False
1729,Bears,Bears-70,0,3445e34b8b04482ebeaaae9079fbe9f0,spoon.support.compiler.jdt.ContextBuilder,spoon.support.compiler.jdt.ContextBuilder_ESTest,8,0,False
1730,Bears,Bears-70,0,11a0170db14043cca2e23805aad18f80,spoon.support.compiler.jdt.ContextBuilder,spoon.support.compiler.jdt.ContextBuilder_ESTest,9,0,False
1731,Bears,Bears-70,0,d45ab596dc084957b6b0c89dc836b819,spoon.support.compiler.jdt.ContextBuilder,spoon.support.compiler.jdt.ContextBuilder_ESTest,9,0,False
