,benchmark_group,benchmark_name,npe_label,experiment_id,input_class,replayed_testsuite,compiled_tests,commented_tests,npe_reproduced
0,BugSwarm,Universal_G__Code_Sender-172454077,0,52d49cbf172444e4ac1dcb7a41e7b8ba,com.willwinder.universalgcodesender.GrblController,com.willwinder.universalgcodesender.GrblController_ESTest,46,0,True
1,BugSwarm,Universal_G__Code_Sender-172454077,1,52d49cbf172444e4ac1dcb7a41e7b8ba,com.willwinder.universalgcodesender.GrblController,com.willwinder.universalgcodesender.GrblController_ESTest,46,0,True
2,BugSwarm,Petergeneric__Stdlib-290369132,0,c0de85e02ba14360a9da09475228f529,com.peterphi.std.guice.hibernate.webquery.impl.jpa.JPASearchExecutor,com.peterphi.std.guice.hibernate.webquery.impl.jpa.JPASearchExecutor_ESTest,3,0,True
3,BugSwarm,Petergeneric__Stdlib-290369132,0,6ba813dfcff44771a9ff8a7f200102f5,com.peterphi.std.guice.hibernate.webquery.impl.jpa.JPASearchExecutor,com.peterphi.std.guice.hibernate.webquery.impl.jpa.JPASearchExecutor_ESTest,1,0,False
4,BugSwarm,Petergeneric__Stdlib-290369132,0,73501664be6b448ca44699c43d639abb,com.peterphi.std.guice.hibernate.webquery.impl.jpa.JPASearchExecutor,com.peterphi.std.guice.hibernate.webquery.impl.jpa.JPASearchExecutor_ESTest,2,0,True
5,BugSwarm,Petergeneric__Stdlib-290369132,0,8c3bb70242d5434589d57fa0ee246031,com.peterphi.std.guice.hibernate.webquery.impl.jpa.JPASearchExecutor,com.peterphi.std.guice.hibernate.webquery.impl.jpa.JPASearchExecutor_ESTest,3,0,True
6,BugSwarm,Atomix-298262068,0,c5ce100298f94fedbe4e00dfd07a394a,io.atomix.primitives.leadership.impl.RaftLeaderElectorService,io.atomix.primitives.leadership.impl.RaftLeaderElectorService_ESTest,19,0,False
7,BugSwarm,Atomix-298262068,0,73fc61b335bd4c7da7ce72e136e7c9f9,io.atomix.primitives.leadership.impl.RaftLeaderElectorService,io.atomix.primitives.leadership.impl.RaftLeaderElectorService_ESTest,19,0,False
8,BugSwarm,Atomix-298262068,0,ebda4950b09d4ccfbe41a779c83b57cb,io.atomix.primitives.leadership.impl.RaftLeaderElectorService,io.atomix.primitives.leadership.impl.RaftLeaderElectorService_ESTest,16,0,False
9,BugSwarm,Atomix-298262068,0,a813dd525d5a41cf95169947f875f31b,io.atomix.primitives.leadership.impl.RaftLeaderElectorService,io.atomix.primitives.leadership.impl.RaftLeaderElectorService_ESTest,20,0,False
10,BugSwarm,Atomix-298262068,0,a3cfaba96d1f4142995db9e87ca56dd2,io.atomix.primitives.leadership.impl.RaftLeaderElectorService,io.atomix.primitives.leadership.impl.RaftLeaderElectorService_ESTest,32,0,False
11,BugSwarm,Atomix-298262068,0,30457b4a9da04666870dd7bf53c8af7d,io.atomix.primitives.leadership.impl.RaftLeaderElectorService,io.atomix.primitives.leadership.impl.RaftLeaderElectorService_ESTest,19,0,False
12,BugSwarm,Jannovar-249719464,0,0184a4a5ccd44deca30627beba24ad90,de.charite.compbio.jannovar.cmd.annotate_vcf.JannovarAnnotateVCFOptions,de.charite.compbio.jannovar.cmd.annotate_vcf.JannovarAnnotateVCFOptions_ESTest,132,0,False
13,BugSwarm,Jannovar-249719464,0,c399627fa60d4b109620f854eb43c875,de.charite.compbio.jannovar.cmd.annotate_vcf.JannovarAnnotateVCFOptions,de.charite.compbio.jannovar.cmd.annotate_vcf.JannovarAnnotateVCFOptions_ESTest,131,0,False
14,BugSwarm,Jannovar-249719464,0,faf9f9e2d345495ebaaf8289cc1aa9e3,de.charite.compbio.jannovar.cmd.annotate_vcf.JannovarAnnotateVCFOptions,de.charite.compbio.jannovar.cmd.annotate_vcf.JannovarAnnotateVCFOptions_ESTest,129,0,False
15,BugSwarm,Jannovar-249719464,0,7acb30b2b9604e3abb9c35fc7dfabd07,de.charite.compbio.jannovar.cmd.annotate_vcf.JannovarAnnotateVCFOptions,de.charite.compbio.jannovar.cmd.annotate_vcf.JannovarAnnotateVCFOptions_ESTest,131,0,False
16,BugSwarm,Jannovar-249719464,0,71dad8e3c8a24d4ebb8a5709138cabf1,de.charite.compbio.jannovar.cmd.annotate_vcf.JannovarAnnotateVCFOptions,de.charite.compbio.jannovar.cmd.annotate_vcf.JannovarAnnotateVCFOptions_ESTest,126,0,False
17,BugSwarm,Jannovar-249719464,0,2e6aebb9631342aeb5bfb39de1d92b08,de.charite.compbio.jannovar.cmd.annotate_vcf.JannovarAnnotateVCFOptions,de.charite.compbio.jannovar.cmd.annotate_vcf.JannovarAnnotateVCFOptions_ESTest,127,0,False
18,BugSwarm,Jannovar-249719464,0,ae319cd7967a4d9db49fd9b418afb095,de.charite.compbio.jannovar.cmd.annotate_vcf.JannovarAnnotateVCFOptions,de.charite.compbio.jannovar.cmd.annotate_vcf.JannovarAnnotateVCFOptions_ESTest,128,0,False
19,BugSwarm,Jannovar-249719464,0,5e6b6aae136043c5ae4a9d2c38d70024,de.charite.compbio.jannovar.cmd.annotate_vcf.JannovarAnnotateVCFOptions,de.charite.compbio.jannovar.cmd.annotate_vcf.JannovarAnnotateVCFOptions_ESTest,168,0,False
20,BugSwarm,Jannovar-249719464,0,d159a803de954cc18ef12524a9225abc,de.charite.compbio.jannovar.cmd.annotate_vcf.JannovarAnnotateVCFOptions,de.charite.compbio.jannovar.cmd.annotate_vcf.JannovarAnnotateVCFOptions_ESTest,129,0,False
21,BugSwarm,Jannovar-249719464,0,b93b7c5173724347aca5a307db31338d,de.charite.compbio.jannovar.cmd.annotate_vcf.JannovarAnnotateVCFOptions,de.charite.compbio.jannovar.cmd.annotate_vcf.JannovarAnnotateVCFOptions_ESTest,130,0,False
22,BugSwarm,Jannovar-249719464,0,a0bb4127a5fe4b1ab952b9e6e361d75c,de.charite.compbio.jannovar.cmd.annotate_vcf.JannovarAnnotateVCFOptions,de.charite.compbio.jannovar.cmd.annotate_vcf.JannovarAnnotateVCFOptions_ESTest,128,0,False
23,BugSwarm,Jannovar-249719464,0,bf917815b4b44304b27247940805d158,de.charite.compbio.jannovar.cmd.annotate_vcf.JannovarAnnotateVCFOptions,de.charite.compbio.jannovar.cmd.annotate_vcf.JannovarAnnotateVCFOptions_ESTest,128,0,False
24,BugSwarm,Jannovar-249719464,0,d15db0c478ec4743a91921862a330c6e,de.charite.compbio.jannovar.cmd.annotate_vcf.JannovarAnnotateVCFOptions,de.charite.compbio.jannovar.cmd.annotate_vcf.JannovarAnnotateVCFOptions_ESTest,129,0,False
25,BugSwarm,Jannovar-249719464,0,0de4adfb9c524132a3c69ac285cf0a73,de.charite.compbio.jannovar.cmd.annotate_vcf.JannovarAnnotateVCFOptions,de.charite.compbio.jannovar.cmd.annotate_vcf.JannovarAnnotateVCFOptions_ESTest,130,0,False
26,BugSwarm,Jannovar-249719464,0,b60fe9938ea5447582a0ef855221a493,de.charite.compbio.jannovar.cmd.annotate_vcf.JannovarAnnotateVCFOptions,de.charite.compbio.jannovar.cmd.annotate_vcf.JannovarAnnotateVCFOptions_ESTest,129,0,False
27,BugSwarm,Jannovar-249719464,0,41b98494089c4885ae38fa1622130683,de.charite.compbio.jannovar.cmd.annotate_vcf.JannovarAnnotateVCFOptions,de.charite.compbio.jannovar.cmd.annotate_vcf.JannovarAnnotateVCFOptions_ESTest,130,0,False
28,BugSwarm,Jannovar-249719464,0,dd1a9b9cc1a64d8b93dd521059753d73,de.charite.compbio.jannovar.cmd.annotate_vcf.JannovarAnnotateVCFOptions,de.charite.compbio.jannovar.cmd.annotate_vcf.JannovarAnnotateVCFOptions_ESTest,130,0,False
29,BugSwarm,Jannovar-249719464,0,7420fcb109824dc3945be64547399594,de.charite.compbio.jannovar.cmd.annotate_vcf.JannovarAnnotateVCFOptions,de.charite.compbio.jannovar.cmd.annotate_vcf.JannovarAnnotateVCFOptions_ESTest,127,0,False
30,BugSwarm,Jannovar-249719464,0,46961ab980f749dbbf17133a81b983da,de.charite.compbio.jannovar.cmd.annotate_vcf.JannovarAnnotateVCFOptions,de.charite.compbio.jannovar.cmd.annotate_vcf.JannovarAnnotateVCFOptions_ESTest,131,0,False
31,BugSwarm,Jannovar-249719464,0,ba696acae6ff40f98f532cf0beb5f6e5,de.charite.compbio.jannovar.cmd.annotate_vcf.JannovarAnnotateVCFOptions,de.charite.compbio.jannovar.cmd.annotate_vcf.JannovarAnnotateVCFOptions_ESTest,131,0,False
32,BugSwarm,Jannovar-249719464,0,97959394bf764f4f9c6cd1ac7895ffea,de.charite.compbio.jannovar.cmd.annotate_vcf.JannovarAnnotateVCFOptions,de.charite.compbio.jannovar.cmd.annotate_vcf.JannovarAnnotateVCFOptions_ESTest,128,0,False
33,BugSwarm,Jannovar-249719464,0,f9779f7146534b588b278403719a0403,de.charite.compbio.jannovar.cmd.annotate_vcf.JannovarAnnotateVCFOptions,de.charite.compbio.jannovar.cmd.annotate_vcf.JannovarAnnotateVCFOptions_ESTest,130,0,False
34,BugSwarm,Jannovar-249719464,0,9efdf7e5288e431cbc325075e58dcab2,de.charite.compbio.jannovar.cmd.annotate_vcf.JannovarAnnotateVCFOptions,de.charite.compbio.jannovar.cmd.annotate_vcf.JannovarAnnotateVCFOptions_ESTest,130,0,False
35,BugSwarm,Jannovar-249719464,0,505b6d3db33948ceb4ae8b3a8038caa7,de.charite.compbio.jannovar.cmd.annotate_vcf.JannovarAnnotateVCFOptions,de.charite.compbio.jannovar.cmd.annotate_vcf.JannovarAnnotateVCFOptions_ESTest,128,0,False
36,BugSwarm,Jannovar-249719464,0,3f9a9491016447c3a407d53907581027,de.charite.compbio.jannovar.cmd.annotate_vcf.JannovarAnnotateVCFOptions,de.charite.compbio.jannovar.cmd.annotate_vcf.JannovarAnnotateVCFOptions_ESTest,127,0,False
37,BugSwarm,Jannovar-249719464,0,f5e34f45834d416badc2dfd23080d0ba,de.charite.compbio.jannovar.cmd.annotate_vcf.JannovarAnnotateVCFOptions,de.charite.compbio.jannovar.cmd.annotate_vcf.JannovarAnnotateVCFOptions_ESTest,127,0,False
38,BugSwarm,Jannovar-249719464,0,9528cbf004c8439ba7e2227b18b60c43,de.charite.compbio.jannovar.cmd.annotate_vcf.JannovarAnnotateVCFOptions,de.charite.compbio.jannovar.cmd.annotate_vcf.JannovarAnnotateVCFOptions_ESTest,132,0,False
39,BugSwarm,Jannovar-249719464,0,1d47f3b7addf453ab3514c5a89798c3c,de.charite.compbio.jannovar.cmd.annotate_vcf.JannovarAnnotateVCFOptions,de.charite.compbio.jannovar.cmd.annotate_vcf.JannovarAnnotateVCFOptions_ESTest,130,0,False
40,BugSwarm,Jannovar-249719464,0,f0e51a869a4e4846ae5939c985cfdc37,de.charite.compbio.jannovar.cmd.annotate_vcf.JannovarAnnotateVCFOptions,de.charite.compbio.jannovar.cmd.annotate_vcf.JannovarAnnotateVCFOptions_ESTest,129,0,False
41,BugSwarm,Jannovar-249719464,0,caa1a2f19eac4ec783e530aff52b4097,de.charite.compbio.jannovar.cmd.annotate_vcf.JannovarAnnotateVCFOptions,de.charite.compbio.jannovar.cmd.annotate_vcf.JannovarAnnotateVCFOptions_ESTest,130,0,False
42,BugSwarm,Jannovar-249719464,0,9c205768d6d04426a2bebce757adaea3,de.charite.compbio.jannovar.cmd.annotate_vcf.JannovarAnnotateVCFOptions,de.charite.compbio.jannovar.cmd.annotate_vcf.JannovarAnnotateVCFOptions_ESTest,129,0,False
43,BugSwarm,ACS_AEM_Commons-461893214,0,ff2d5177572241f5a9a4631c5fe7d77c,com.adobe.acs.commons.mcp.impl.processes.asset.FileAssetIngestor,com.adobe.acs.commons.mcp.impl.processes.asset.FileAssetIngestor_ESTest,40,0,False
44,BugSwarm,ACS_AEM_Commons-461893214,0,26dbe9df179d4f75bf984d00a05d4bf6,com.adobe.acs.commons.mcp.impl.processes.asset.FileAssetIngestor,com.adobe.acs.commons.mcp.impl.processes.asset.FileAssetIngestor_ESTest,41,0,False
45,BugSwarm,ACS_AEM_Commons-461893214,0,2b20af63fe794cf58c4b33920fa17c05,com.adobe.acs.commons.mcp.impl.processes.asset.FileAssetIngestor,com.adobe.acs.commons.mcp.impl.processes.asset.FileAssetIngestor_ESTest,40,0,False
46,BugSwarm,ACS_AEM_Commons-461893214,0,5d6e08dc0fd24ca89d126b458856b866,com.adobe.acs.commons.mcp.impl.processes.asset.FileAssetIngestor,com.adobe.acs.commons.mcp.impl.processes.asset.FileAssetIngestor_ESTest,41,0,False
47,BugSwarm,ACS_AEM_Commons-461893214,0,854d578444eb410f86681eaf99a745ed,com.adobe.acs.commons.mcp.impl.processes.asset.FileAssetIngestor,com.adobe.acs.commons.mcp.impl.processes.asset.FileAssetIngestor_ESTest,42,0,False
48,BugSwarm,ACS_AEM_Commons-461893214,0,2cf8161272dc407d8e6affde969f39b9,com.adobe.acs.commons.mcp.impl.processes.asset.FileAssetIngestor,com.adobe.acs.commons.mcp.impl.processes.asset.FileAssetIngestor_ESTest,40,0,False
49,BugSwarm,ACS_AEM_Commons-461893214,0,b375f786d1744a43a55e5529ae262592,com.adobe.acs.commons.mcp.impl.processes.asset.FileAssetIngestor,com.adobe.acs.commons.mcp.impl.processes.asset.FileAssetIngestor_ESTest,39,0,False
50,BugSwarm,ACS_AEM_Commons-461893214,1,ff2d5177572241f5a9a4631c5fe7d77c,com.adobe.acs.commons.mcp.impl.processes.asset.FileAssetIngestor,com.adobe.acs.commons.mcp.impl.processes.asset.FileAssetIngestor_ESTest,40,0,False
51,BugSwarm,ACS_AEM_Commons-461893214,1,26dbe9df179d4f75bf984d00a05d4bf6,com.adobe.acs.commons.mcp.impl.processes.asset.FileAssetIngestor,com.adobe.acs.commons.mcp.impl.processes.asset.FileAssetIngestor_ESTest,41,0,False
52,BugSwarm,ACS_AEM_Commons-461893214,1,2b20af63fe794cf58c4b33920fa17c05,com.adobe.acs.commons.mcp.impl.processes.asset.FileAssetIngestor,com.adobe.acs.commons.mcp.impl.processes.asset.FileAssetIngestor_ESTest,40,0,False
53,BugSwarm,ACS_AEM_Commons-461893214,1,5d6e08dc0fd24ca89d126b458856b866,com.adobe.acs.commons.mcp.impl.processes.asset.FileAssetIngestor,com.adobe.acs.commons.mcp.impl.processes.asset.FileAssetIngestor_ESTest,41,0,False
54,BugSwarm,ACS_AEM_Commons-461893214,1,854d578444eb410f86681eaf99a745ed,com.adobe.acs.commons.mcp.impl.processes.asset.FileAssetIngestor,com.adobe.acs.commons.mcp.impl.processes.asset.FileAssetIngestor_ESTest,42,0,False
55,BugSwarm,ACS_AEM_Commons-461893214,1,2cf8161272dc407d8e6affde969f39b9,com.adobe.acs.commons.mcp.impl.processes.asset.FileAssetIngestor,com.adobe.acs.commons.mcp.impl.processes.asset.FileAssetIngestor_ESTest,40,0,False
56,BugSwarm,ACS_AEM_Commons-461893214,1,b375f786d1744a43a55e5529ae262592,com.adobe.acs.commons.mcp.impl.processes.asset.FileAssetIngestor,com.adobe.acs.commons.mcp.impl.processes.asset.FileAssetIngestor_ESTest,39,0,False
57,BugSwarm,Byte_Buddy-95795967,0,a7c39f856ea3463cbb2d11d84702cd32,net.bytebuddy.dynamic.ClassFileLocator,net.bytebuddy.dynamic.ClassFileLocator_ESTest,76,0,True
58,BugSwarm,Byte_Buddy-95795967,0,154b70f7f598453bb7db6a949bb39447,net.bytebuddy.dynamic.ClassFileLocator,net.bytebuddy.dynamic.ClassFileLocator_ESTest,77,0,True
59,BugSwarm,Byte_Buddy-95795967,0,ea2a259d1218486fb8906cd58064b559,net.bytebuddy.dynamic.ClassFileLocator,net.bytebuddy.dynamic.ClassFileLocator_ESTest,82,0,True
60,BugSwarm,Byte_Buddy-95795967,0,6ead4bcb5fdd4f2d8570a96a1b2e2db8,net.bytebuddy.dynamic.ClassFileLocator,net.bytebuddy.dynamic.ClassFileLocator_ESTest,84,0,True
61,BugSwarm,Byte_Buddy-95795967,0,e69e779c0a314823b4e5911340fc59df,net.bytebuddy.dynamic.ClassFileLocator,net.bytebuddy.dynamic.ClassFileLocator_ESTest,90,0,True
62,BugSwarm,Byte_Buddy-95795967,0,2e5b4ff487884c71a6f78c32f0f73184,net.bytebuddy.dynamic.ClassFileLocator,net.bytebuddy.dynamic.ClassFileLocator_ESTest,81,0,True
63,BugSwarm,Byte_Buddy-95795967,0,c2fe4e80fca44e589066624706ef574b,net.bytebuddy.dynamic.ClassFileLocator,net.bytebuddy.dynamic.ClassFileLocator_ESTest,86,0,True
64,BugSwarm,Byte_Buddy-95795967,0,6be0225e8c8b40258ace918015b37479,net.bytebuddy.dynamic.ClassFileLocator,net.bytebuddy.dynamic.ClassFileLocator_ESTest,80,0,True
65,BugSwarm,Byte_Buddy-95795967,0,6380c2c483484b05a0456b5a76405093,net.bytebuddy.dynamic.ClassFileLocator,net.bytebuddy.dynamic.ClassFileLocator_ESTest,83,0,True
66,BugSwarm,Byte_Buddy-95795967,0,266972758d8f4129a99e57c66cb1e17f,net.bytebuddy.dynamic.ClassFileLocator,net.bytebuddy.dynamic.ClassFileLocator_ESTest,83,0,True
67,BugSwarm,Byte_Buddy-95795967,0,3744bf22dab94656b0b2d6338f0a2799,net.bytebuddy.dynamic.ClassFileLocator,net.bytebuddy.dynamic.ClassFileLocator_ESTest,82,0,True
68,BugSwarm,Byte_Buddy-95795967,0,ebf9678fe07f4909b66dafcd4c551a51,net.bytebuddy.dynamic.ClassFileLocator,net.bytebuddy.dynamic.ClassFileLocator_ESTest,78,0,True
69,BugSwarm,Byte_Buddy-95795967,0,80df222216ac4023b086740e2204c4e7,net.bytebuddy.dynamic.ClassFileLocator,net.bytebuddy.dynamic.ClassFileLocator_ESTest,84,0,True
70,BugSwarm,Byte_Buddy-95795967,0,30717cfb2bb849309e8de4a3673b9127,net.bytebuddy.dynamic.ClassFileLocator,net.bytebuddy.dynamic.ClassFileLocator_ESTest,80,0,True
71,BugSwarm,Byte_Buddy-95795967,0,7176eb147f3645cab23e580d63bf7880,net.bytebuddy.dynamic.ClassFileLocator,net.bytebuddy.dynamic.ClassFileLocator_ESTest,82,0,True
72,BugSwarm,Byte_Buddy-95795967,0,4aa7884ff65f4b47924ce697708b04cd,net.bytebuddy.dynamic.ClassFileLocator,net.bytebuddy.dynamic.ClassFileLocator_ESTest,85,0,True
73,BugSwarm,Byte_Buddy-95795967,0,b716168db64e44009fe7ca65e2b07888,net.bytebuddy.dynamic.ClassFileLocator,net.bytebuddy.dynamic.ClassFileLocator_ESTest,79,0,True
74,BugSwarm,Byte_Buddy-95795967,0,8572e80dd5ab467288d34e05724542a9,net.bytebuddy.dynamic.ClassFileLocator,net.bytebuddy.dynamic.ClassFileLocator_ESTest,87,0,True
75,BugSwarm,Byte_Buddy-95795967,0,f2e2a87836cd4d8b8fa1a06edcb3d69b,net.bytebuddy.dynamic.ClassFileLocator,net.bytebuddy.dynamic.ClassFileLocator_ESTest,83,0,True
76,BugSwarm,Byte_Buddy-140517155,0,6fecb0717b94409195f270606110c7f7,net.bytebuddy.dynamic.ClassFileLocator,net.bytebuddy.dynamic.ClassFileLocator_ESTest,92,0,True
77,BugSwarm,Byte_Buddy-140517155,0,f9150c73ac3e45ca85ba287779097c02,net.bytebuddy.dynamic.ClassFileLocator,net.bytebuddy.dynamic.ClassFileLocator_ESTest,96,0,True
78,BugSwarm,Byte_Buddy-140517155,0,2884f7ed605a4a15984776d830ad249a,net.bytebuddy.dynamic.ClassFileLocator,net.bytebuddy.dynamic.ClassFileLocator_ESTest,101,0,True
79,BugSwarm,Byte_Buddy-140517155,0,04e8e2c5917443e1b7b3a9d7f08eebc5,net.bytebuddy.dynamic.ClassFileLocator,net.bytebuddy.dynamic.ClassFileLocator_ESTest,95,0,True
80,BugSwarm,Byte_Buddy-140517155,0,a275e53510a8402da2230ff27a542b1b,net.bytebuddy.dynamic.ClassFileLocator,net.bytebuddy.dynamic.ClassFileLocator_ESTest,96,0,True
81,BugSwarm,Byte_Buddy-140517155,0,74196a88ef924e23bf6a43e06428aede,net.bytebuddy.dynamic.ClassFileLocator,net.bytebuddy.dynamic.ClassFileLocator_ESTest,93,0,True
82,BugSwarm,Byte_Buddy-140517155,0,10feafcbffa04c5386d6d31c82042e59,net.bytebuddy.dynamic.ClassFileLocator,net.bytebuddy.dynamic.ClassFileLocator_ESTest,98,0,True
83,BugSwarm,Byte_Buddy-140517155,0,f39a70492616409eb16b10ac907dbd0f,net.bytebuddy.dynamic.ClassFileLocator,net.bytebuddy.dynamic.ClassFileLocator_ESTest,95,0,True
84,BugSwarm,Byte_Buddy-140517155,0,14c3327443e348cba729dc5bd91bb019,net.bytebuddy.dynamic.ClassFileLocator,net.bytebuddy.dynamic.ClassFileLocator_ESTest,91,0,True
85,BugSwarm,Byte_Buddy-140517155,0,3f3af2ac57004f0d891645b307679e1d,net.bytebuddy.dynamic.ClassFileLocator,net.bytebuddy.dynamic.ClassFileLocator_ESTest,90,0,True
86,BugSwarm,Byte_Buddy-140517155,0,622d3349c9aa457683b80140d34fc005,net.bytebuddy.dynamic.ClassFileLocator,net.bytebuddy.dynamic.ClassFileLocator_ESTest,99,0,True
87,BugSwarm,Byte_Buddy-140517155,0,6fe899d02c774bf5b79872a4d167fb77,net.bytebuddy.dynamic.ClassFileLocator,net.bytebuddy.dynamic.ClassFileLocator_ESTest,97,0,True
88,BugSwarm,Byte_Buddy-140517155,0,975f295f719d4027a6d10db61d4a05e0,net.bytebuddy.dynamic.ClassFileLocator,net.bytebuddy.dynamic.ClassFileLocator_ESTest,101,0,True
89,BugSwarm,Byte_Buddy-140517155,0,672ffc9b205c4d758ddf553a5893dcd0,net.bytebuddy.dynamic.ClassFileLocator,net.bytebuddy.dynamic.ClassFileLocator_ESTest,89,0,True
90,BugSwarm,Byte_Buddy-140517155,0,34038b79788940b7a74adee395065c30,net.bytebuddy.dynamic.ClassFileLocator,net.bytebuddy.dynamic.ClassFileLocator_ESTest,100,0,True
91,BugSwarm,Byte_Buddy-140517155,0,5cd0315371844366a5b1313f7f8b3607,net.bytebuddy.dynamic.ClassFileLocator,net.bytebuddy.dynamic.ClassFileLocator_ESTest,96,0,True
92,BugSwarm,Byte_Buddy-140517155,0,105ecefde4de45719a29533ed1406215,net.bytebuddy.dynamic.ClassFileLocator,net.bytebuddy.dynamic.ClassFileLocator_ESTest,100,0,True
93,BugSwarm,Byte_Buddy-140517155,0,0f8446e6297f4143909069f6a76995a2,net.bytebuddy.dynamic.ClassFileLocator,net.bytebuddy.dynamic.ClassFileLocator_ESTest,90,0,True
94,BugSwarm,Byte_Buddy-140517155,0,691d2f3bf8e04a16843eee29e365648c,net.bytebuddy.dynamic.ClassFileLocator,net.bytebuddy.dynamic.ClassFileLocator_ESTest,97,0,True
95,BugSwarm,Byte_Buddy-140517155,0,34124a516f254227a60baa235ff7b6da,net.bytebuddy.dynamic.ClassFileLocator,net.bytebuddy.dynamic.ClassFileLocator_ESTest,98,0,True
96,BugSwarm,Byte_Buddy-140517155,0,d0d3e449cece4c62a503ef71694c6c52,net.bytebuddy.dynamic.ClassFileLocator,net.bytebuddy.dynamic.ClassFileLocator_ESTest,95,0,True
97,BugSwarm,OkHttp-93618854,0,48abf2bb6be445b398773998f99e46aa,com.squareup.okhttp.internal.http.StreamAllocation,com.squareup.okhttp.internal.http.StreamAllocation_ESTest,21,0,True
98,BugSwarm,OkHttp-93618854,0,27724762659c4bf38d1ee408f1107678,com.squareup.okhttp.internal.http.StreamAllocation,com.squareup.okhttp.internal.http.StreamAllocation_ESTest,22,0,True
99,BugSwarm,OkHttp-93618854,0,1d96843ff4bc491c8afc076fee7f0412,com.squareup.okhttp.internal.http.StreamAllocation,com.squareup.okhttp.internal.http.StreamAllocation_ESTest,22,0,True
100,BugSwarm,OkHttp-93618854,0,e071598358ff47c1b31daf836cdef40e,com.squareup.okhttp.internal.http.StreamAllocation,com.squareup.okhttp.internal.http.StreamAllocation_ESTest,24,0,True
101,BugSwarm,OkHttp-93618854,0,dc62640e91bd4a8aa0957cf7ffc23fa9,com.squareup.okhttp.internal.http.StreamAllocation,com.squareup.okhttp.internal.http.StreamAllocation_ESTest,21,0,True
102,BugSwarm,OkHttp-93618854,0,6f9b01d7ac0b4221adf58a99e4f0b064,com.squareup.okhttp.internal.http.StreamAllocation,com.squareup.okhttp.internal.http.StreamAllocation_ESTest,21,0,True
103,BugSwarm,OkHttp-93618854,0,6495747307174fe3abc2bc1070dade14,com.squareup.okhttp.internal.http.StreamAllocation,com.squareup.okhttp.internal.http.StreamAllocation_ESTest,22,0,True
104,BugSwarm,OkHttp-93618854,0,3eb1ecceb0a74ebf837cb45b3ca2997b,com.squareup.okhttp.internal.http.StreamAllocation,com.squareup.okhttp.internal.http.StreamAllocation_ESTest,23,0,True
105,BugSwarm,OkHttp-93618854,0,fe726e37d5a1434b8e58b285f49461fa,com.squareup.okhttp.internal.http.StreamAllocation,com.squareup.okhttp.internal.http.StreamAllocation_ESTest,25,0,True
106,BugSwarm,OkHttp-93618854,0,9f0cb030aa5848c1a601f3562ec4c5d4,com.squareup.okhttp.internal.http.StreamAllocation,com.squareup.okhttp.internal.http.StreamAllocation_ESTest,22,0,True
107,BugSwarm,OkHttp-93618854,0,a357a5008aed462eafcbb8ed0a25bf58,com.squareup.okhttp.internal.http.StreamAllocation,com.squareup.okhttp.internal.http.StreamAllocation_ESTest,23,0,True
108,BugSwarm,OkHttp-93618854,0,e8895565fa4548388190cc5f23a3f426,com.squareup.okhttp.internal.http.StreamAllocation,com.squareup.okhttp.internal.http.StreamAllocation_ESTest,23,0,True
109,BugSwarm,OkHttp-93618854,0,37942bbffec94112b0cf58967e61ba24,com.squareup.okhttp.internal.http.StreamAllocation,com.squareup.okhttp.internal.http.StreamAllocation_ESTest,22,0,True
110,BugSwarm,OkHttp-93618854,0,0abc7c2131e244f5b9442dfbd14bfc01,com.squareup.okhttp.internal.http.StreamAllocation,com.squareup.okhttp.internal.http.StreamAllocation_ESTest,20,0,True
111,BugSwarm,OkHttp-93618854,0,bf825baccd184e7387bcfee17e6cfa73,com.squareup.okhttp.internal.http.StreamAllocation,com.squareup.okhttp.internal.http.StreamAllocation_ESTest,25,0,True
112,BugSwarm,OkHttp-93618854,0,21d2256ff8634a53843d592c93266a93,com.squareup.okhttp.internal.http.StreamAllocation,com.squareup.okhttp.internal.http.StreamAllocation_ESTest,18,0,True
113,BugSwarm,OkHttp-93618854,0,fcc0574be1b542adafe4ffc38f1c6105,com.squareup.okhttp.internal.http.StreamAllocation,com.squareup.okhttp.internal.http.StreamAllocation_ESTest,27,0,True
114,BugSwarm,OkHttp-93618854,0,ff88c11c402b49dca29aca9b6deb1a3f,com.squareup.okhttp.internal.http.StreamAllocation,com.squareup.okhttp.internal.http.StreamAllocation_ESTest,22,0,True
115,BugSwarm,OkHttp-93618854,0,6e457589e4124e128848e063c8e89776,com.squareup.okhttp.internal.http.StreamAllocation,com.squareup.okhttp.internal.http.StreamAllocation_ESTest,22,0,True
116,BugSwarm,OkHttp-93618854,0,9e58eba33f8a479b9f06808eade9a90d,com.squareup.okhttp.internal.http.StreamAllocation,com.squareup.okhttp.internal.http.StreamAllocation_ESTest,21,0,True
117,BugSwarm,OkHttp-93618854,0,9a00a88f3693458aa6ad64bd94096f93,com.squareup.okhttp.internal.http.StreamAllocation,com.squareup.okhttp.internal.http.StreamAllocation_ESTest,24,0,True
118,BugSwarm,OkHttp-93618854,0,973489dee7db4db48630ec02665d1942,com.squareup.okhttp.internal.http.StreamAllocation,com.squareup.okhttp.internal.http.StreamAllocation_ESTest,28,0,True
119,BugSwarm,OkHttp-93618854,0,f1c019a9469e4c6cb47f139d1dbeb3d6,com.squareup.okhttp.internal.http.StreamAllocation,com.squareup.okhttp.internal.http.StreamAllocation_ESTest,22,0,True
120,BugSwarm,OkHttp-93618854,0,bf3b30cefe8542f3bf8f7d1daa91297a,com.squareup.okhttp.internal.http.StreamAllocation,com.squareup.okhttp.internal.http.StreamAllocation_ESTest,20,0,True
121,BugSwarm,OkHttp-93618854,0,a3efbf6c30524d39829cac214c9b19b3,com.squareup.okhttp.internal.http.StreamAllocation,com.squareup.okhttp.internal.http.StreamAllocation_ESTest,22,0,True
122,BugSwarm,OkHttp-93618854,1,48abf2bb6be445b398773998f99e46aa,com.squareup.okhttp.internal.http.StreamAllocation,com.squareup.okhttp.internal.http.StreamAllocation_ESTest,21,0,True
123,BugSwarm,OkHttp-93618854,1,27724762659c4bf38d1ee408f1107678,com.squareup.okhttp.internal.http.StreamAllocation,com.squareup.okhttp.internal.http.StreamAllocation_ESTest,22,0,True
124,BugSwarm,OkHttp-93618854,1,1d96843ff4bc491c8afc076fee7f0412,com.squareup.okhttp.internal.http.StreamAllocation,com.squareup.okhttp.internal.http.StreamAllocation_ESTest,22,0,True
125,BugSwarm,OkHttp-93618854,1,e071598358ff47c1b31daf836cdef40e,com.squareup.okhttp.internal.http.StreamAllocation,com.squareup.okhttp.internal.http.StreamAllocation_ESTest,24,0,True
126,BugSwarm,OkHttp-93618854,1,dc62640e91bd4a8aa0957cf7ffc23fa9,com.squareup.okhttp.internal.http.StreamAllocation,com.squareup.okhttp.internal.http.StreamAllocation_ESTest,21,0,True
127,BugSwarm,OkHttp-93618854,1,6f9b01d7ac0b4221adf58a99e4f0b064,com.squareup.okhttp.internal.http.StreamAllocation,com.squareup.okhttp.internal.http.StreamAllocation_ESTest,21,0,True
128,BugSwarm,OkHttp-93618854,1,6495747307174fe3abc2bc1070dade14,com.squareup.okhttp.internal.http.StreamAllocation,com.squareup.okhttp.internal.http.StreamAllocation_ESTest,22,0,True
129,BugSwarm,OkHttp-93618854,1,3eb1ecceb0a74ebf837cb45b3ca2997b,com.squareup.okhttp.internal.http.StreamAllocation,com.squareup.okhttp.internal.http.StreamAllocation_ESTest,23,0,True
130,BugSwarm,OkHttp-93618854,1,fe726e37d5a1434b8e58b285f49461fa,com.squareup.okhttp.internal.http.StreamAllocation,com.squareup.okhttp.internal.http.StreamAllocation_ESTest,25,0,True
131,BugSwarm,OkHttp-93618854,1,9f0cb030aa5848c1a601f3562ec4c5d4,com.squareup.okhttp.internal.http.StreamAllocation,com.squareup.okhttp.internal.http.StreamAllocation_ESTest,22,0,True
132,BugSwarm,OkHttp-93618854,1,a357a5008aed462eafcbb8ed0a25bf58,com.squareup.okhttp.internal.http.StreamAllocation,com.squareup.okhttp.internal.http.StreamAllocation_ESTest,23,0,True
133,BugSwarm,OkHttp-93618854,1,e8895565fa4548388190cc5f23a3f426,com.squareup.okhttp.internal.http.StreamAllocation,com.squareup.okhttp.internal.http.StreamAllocation_ESTest,23,0,True
134,BugSwarm,OkHttp-93618854,1,37942bbffec94112b0cf58967e61ba24,com.squareup.okhttp.internal.http.StreamAllocation,com.squareup.okhttp.internal.http.StreamAllocation_ESTest,22,0,True
135,BugSwarm,OkHttp-93618854,1,0abc7c2131e244f5b9442dfbd14bfc01,com.squareup.okhttp.internal.http.StreamAllocation,com.squareup.okhttp.internal.http.StreamAllocation_ESTest,20,0,True
136,BugSwarm,OkHttp-93618854,1,bf825baccd184e7387bcfee17e6cfa73,com.squareup.okhttp.internal.http.StreamAllocation,com.squareup.okhttp.internal.http.StreamAllocation_ESTest,25,0,True
137,BugSwarm,OkHttp-93618854,1,21d2256ff8634a53843d592c93266a93,com.squareup.okhttp.internal.http.StreamAllocation,com.squareup.okhttp.internal.http.StreamAllocation_ESTest,18,0,True
138,BugSwarm,OkHttp-93618854,1,fcc0574be1b542adafe4ffc38f1c6105,com.squareup.okhttp.internal.http.StreamAllocation,com.squareup.okhttp.internal.http.StreamAllocation_ESTest,27,0,True
139,BugSwarm,OkHttp-93618854,1,ff88c11c402b49dca29aca9b6deb1a3f,com.squareup.okhttp.internal.http.StreamAllocation,com.squareup.okhttp.internal.http.StreamAllocation_ESTest,22,0,True
140,BugSwarm,OkHttp-93618854,1,6e457589e4124e128848e063c8e89776,com.squareup.okhttp.internal.http.StreamAllocation,com.squareup.okhttp.internal.http.StreamAllocation_ESTest,22,0,True
141,BugSwarm,OkHttp-93618854,1,9e58eba33f8a479b9f06808eade9a90d,com.squareup.okhttp.internal.http.StreamAllocation,com.squareup.okhttp.internal.http.StreamAllocation_ESTest,21,0,True
142,BugSwarm,OkHttp-93618854,1,9a00a88f3693458aa6ad64bd94096f93,com.squareup.okhttp.internal.http.StreamAllocation,com.squareup.okhttp.internal.http.StreamAllocation_ESTest,24,0,True
143,BugSwarm,OkHttp-93618854,1,973489dee7db4db48630ec02665d1942,com.squareup.okhttp.internal.http.StreamAllocation,com.squareup.okhttp.internal.http.StreamAllocation_ESTest,28,0,True
144,BugSwarm,OkHttp-93618854,1,f1c019a9469e4c6cb47f139d1dbeb3d6,com.squareup.okhttp.internal.http.StreamAllocation,com.squareup.okhttp.internal.http.StreamAllocation_ESTest,22,0,True
145,BugSwarm,OkHttp-93618854,1,bf3b30cefe8542f3bf8f7d1daa91297a,com.squareup.okhttp.internal.http.StreamAllocation,com.squareup.okhttp.internal.http.StreamAllocation_ESTest,20,0,True
146,BugSwarm,OkHttp-93618854,1,a3efbf6c30524d39829cac214c9b19b3,com.squareup.okhttp.internal.http.StreamAllocation,com.squareup.okhttp.internal.http.StreamAllocation_ESTest,22,0,True
147,BugSwarm,Artemis__odb-71816517,0,84661bdb62a7422dabfa906ae1e477ff,com.artemis.EntityEditPool,com.artemis.EntityEditPool_ESTest,20,0,True
148,BugSwarm,Artemis__odb-71816517,0,cdc6febf59df4ccd9d10bfd3d6179be7,com.artemis.EntityEditPool,com.artemis.EntityEditPool_ESTest,19,0,True
149,BugSwarm,Artemis__odb-71816517,0,4f3ea17c7c9e4f06ad8e2d80215cd042,com.artemis.EntityEditPool,com.artemis.EntityEditPool_ESTest,19,0,True
150,BugSwarm,Artemis__odb-71816517,0,e8af220182f34bfc8bb4125cc26d27e2,com.artemis.EntityEditPool,com.artemis.EntityEditPool_ESTest,19,0,True
151,BugSwarm,Artemis__odb-71816517,0,62c60e9a2e5b469c836a3f869d904189,com.artemis.EntityEditPool,com.artemis.EntityEditPool_ESTest,19,0,True
152,BugSwarm,Artemis__odb-71816517,0,7ae661ad58a44b97b149eb1621c75a5b,com.artemis.EntityEditPool,com.artemis.EntityEditPool_ESTest,19,0,True
153,BugSwarm,Artemis__odb-71816517,0,90078486929343acabae384b88d79a48,com.artemis.EntityEditPool,com.artemis.EntityEditPool_ESTest,19,0,True
154,BugSwarm,Artemis__odb-71816517,0,7c047c78ce754d01a634d08a866a82dd,com.artemis.EntityEditPool,com.artemis.EntityEditPool_ESTest,19,0,True
155,BugSwarm,Artemis__odb-71816517,0,d5e7a56fa2974a9798e1c6ad587144de,com.artemis.EntityEditPool,com.artemis.EntityEditPool_ESTest,19,0,True
156,BugSwarm,Artemis__odb-71816517,0,7119fe87589348ea893aa3b65254c591,com.artemis.EntityEditPool,com.artemis.EntityEditPool_ESTest,20,0,True
157,BugSwarm,Artemis__odb-71816517,0,844c448fe8594cb0b40cae338c1a7b2b,com.artemis.EntityEditPool,com.artemis.EntityEditPool_ESTest,19,0,True
158,BugSwarm,Artemis__odb-71816517,0,83b4fdeb8f3045f596f7b0a735cb6cf4,com.artemis.EntityEditPool,com.artemis.EntityEditPool_ESTest,20,0,True
159,BugSwarm,Artemis__odb-71816517,0,5137682ff32d419a954637fe13f32ee6,com.artemis.EntityEditPool,com.artemis.EntityEditPool_ESTest,19,0,True
160,BugSwarm,Artemis__odb-71816517,0,e37d7959b2bd4cd09703ac5fcdce19f3,com.artemis.EntityEditPool,com.artemis.EntityEditPool_ESTest,20,0,True
161,BugSwarm,Artemis__odb-71816517,0,c08bf3451bf543629636c12cab7e3352,com.artemis.EntityEditPool,com.artemis.EntityEditPool_ESTest,20,0,True
162,BugSwarm,Artemis__odb-71816517,0,01b1839257ce41a7b6b7d227d78abba7,com.artemis.EntityEditPool,com.artemis.EntityEditPool_ESTest,21,0,True
163,BugSwarm,Artemis__odb-71816517,0,646e3042ba784b2197df0edc2ca8a732,com.artemis.EntityEditPool,com.artemis.EntityEditPool_ESTest,19,0,True
164,BugSwarm,Artemis__odb-71816517,0,85a87ffe4c224353a9af82e8883b6b31,com.artemis.EntityEditPool,com.artemis.EntityEditPool_ESTest,19,0,True
165,BugSwarm,Artemis__odb-71816517,0,37206d4f80e441d197a4c271cb08fd12,com.artemis.EntityEditPool,com.artemis.EntityEditPool_ESTest,20,0,True
166,BugSwarm,Artemis__odb-71816517,0,a0065b1c83dd4f188513059a9ae807d9,com.artemis.EntityEditPool,com.artemis.EntityEditPool_ESTest,19,0,True
167,BugSwarm,Artemis__odb-71816517,0,660d1ae4c0df49ed817f18ed9751e9ca,com.artemis.EntityEditPool,com.artemis.EntityEditPool_ESTest,19,0,True
168,BugSwarm,Artemis__odb-71816517,0,c09e7df362c940eeb230af653ce5ce88,com.artemis.EntityEditPool,com.artemis.EntityEditPool_ESTest,20,0,True
169,BugSwarm,Artemis__odb-71816517,0,f1b645e674394ae186c7a93c4c830e0f,com.artemis.EntityEditPool,com.artemis.EntityEditPool_ESTest,19,0,True
170,BugSwarm,Artemis__odb-71816517,0,5b1571c9fcce446ea42bcb7f3ec72bc5,com.artemis.EntityEditPool,com.artemis.EntityEditPool_ESTest,19,0,True
171,BugSwarm,Artemis__odb-71816517,0,d0a9fc9d1d0949c7bfcb1a700f24650f,com.artemis.EntityEditPool,com.artemis.EntityEditPool_ESTest,18,0,True
172,BugSwarm,Artemis__odb-71816517,0,37ff67e69cd94d3c9b005b3b7b61b148,com.artemis.EntityEditPool,com.artemis.EntityEditPool_ESTest,19,0,True
173,BugSwarm,Artemis__odb-71816517,0,0055810ba81d4613968457d9f0ff48d2,com.artemis.EntityEditPool,com.artemis.EntityEditPool_ESTest,19,0,True
174,BugSwarm,Artemis__odb-71816517,0,55f50b3dc4e94e0f84e4c71633469968,com.artemis.EntityEditPool,com.artemis.EntityEditPool_ESTest,19,0,True
175,BugSwarm,Artemis__odb-71816517,0,f86cc163c25e4b4492e663ff01b05ae3,com.artemis.EntityEditPool,com.artemis.EntityEditPool_ESTest,18,0,True
176,BugSwarm,Artemis__odb-71816517,0,82eb26f2ac314836a0ed2b052e18d1b4,com.artemis.EntityEditPool,com.artemis.EntityEditPool_ESTest,18,0,True
177,BugSwarm,Artemis__odb-71816517,0,d5748701991b432bbc64940ff76de14e,com.artemis.EntityEditPool,com.artemis.EntityEditPool_ESTest,19,0,True
178,BugSwarm,Artemis__odb-71816517,0,fa0f287a8dbc4b64b188e3e41db356df,com.artemis.EntityEditPool,com.artemis.EntityEditPool_ESTest,20,0,True
179,BugSwarm,ACS_AEM_Commons-374231969,0,ac2442c46f0d4ba9b6a482553bc1c1b6,com.adobe.acs.commons.mcp.impl.processes.asset.UrlAssetImport,com.adobe.acs.commons.mcp.impl.processes.asset.UrlAssetImport_ESTest,11,0,False
180,BugSwarm,ACS_AEM_Commons-374231969,0,be5e5336df754be3b974ccefdf3da429,com.adobe.acs.commons.mcp.impl.processes.asset.UrlAssetImport,com.adobe.acs.commons.mcp.impl.processes.asset.UrlAssetImport_ESTest,12,0,False
181,BugSwarm,ACS_AEM_Commons-374231969,0,7d957f57b12e4b17b3269596da113c65,com.adobe.acs.commons.mcp.impl.processes.asset.UrlAssetImport,com.adobe.acs.commons.mcp.impl.processes.asset.UrlAssetImport_ESTest,12,0,False
182,BugSwarm,ACS_AEM_Commons-374231969,0,61c787060de544728c81326b1a0050a6,com.adobe.acs.commons.mcp.impl.processes.asset.UrlAssetImport,com.adobe.acs.commons.mcp.impl.processes.asset.UrlAssetImport_ESTest,11,0,False
183,BugSwarm,ACS_AEM_Commons-374231969,0,f301becaca9a48cd9c95f417de210943,com.adobe.acs.commons.mcp.impl.processes.asset.UrlAssetImport,com.adobe.acs.commons.mcp.impl.processes.asset.UrlAssetImport_ESTest,12,0,False
184,BugSwarm,ACS_AEM_Commons-374231969,0,742c3987bd6d4d7ab2d9c1d4af551316,com.adobe.acs.commons.mcp.impl.processes.asset.UrlAssetImport,com.adobe.acs.commons.mcp.impl.processes.asset.UrlAssetImport_ESTest,11,0,False
185,BugSwarm,ACS_AEM_Commons-374231969,0,4a1fd28e0ff74027929218f778e30353,com.adobe.acs.commons.mcp.impl.processes.asset.UrlAssetImport,com.adobe.acs.commons.mcp.impl.processes.asset.UrlAssetImport_ESTest,11,0,False
186,BugSwarm,ACS_AEM_Commons-374231969,0,eebfd75e99cc41538a017a7bcd84e602,com.adobe.acs.commons.mcp.impl.processes.asset.UrlAssetImport,com.adobe.acs.commons.mcp.impl.processes.asset.UrlAssetImport_ESTest,12,0,False
187,BugSwarm,ACS_AEM_Commons-374231969,0,ad4de32794f14689b55aa50c30aad381,com.adobe.acs.commons.mcp.impl.processes.asset.UrlAssetImport,com.adobe.acs.commons.mcp.impl.processes.asset.UrlAssetImport_ESTest,11,0,False
188,BugSwarm,ACS_AEM_Commons-374231969,0,692aee9a9973435391f4cdcbfaaa63b0,com.adobe.acs.commons.mcp.impl.processes.asset.UrlAssetImport,com.adobe.acs.commons.mcp.impl.processes.asset.UrlAssetImport_ESTest,11,0,False
189,BugSwarm,ACS_AEM_Commons-374231969,0,2fc19b3e9e5c4eeaaf245c55178f7532,com.adobe.acs.commons.mcp.impl.processes.asset.UrlAssetImport,com.adobe.acs.commons.mcp.impl.processes.asset.UrlAssetImport_ESTest,11,0,False
190,BugSwarm,ACS_AEM_Commons-374231969,0,c97bd072b7c3467c9fd02323b3f11968,com.adobe.acs.commons.mcp.impl.processes.asset.UrlAssetImport,com.adobe.acs.commons.mcp.impl.processes.asset.UrlAssetImport_ESTest,12,0,False
191,BugSwarm,ACS_AEM_Commons-374231969,0,38444ec93d5e4e14a33dffd89d74f0e2,com.adobe.acs.commons.mcp.impl.processes.asset.UrlAssetImport,com.adobe.acs.commons.mcp.impl.processes.asset.UrlAssetImport_ESTest,10,0,False
192,BugSwarm,ACS_AEM_Commons-374231969,0,0baacde95337490b99f85ba1abdbc67b,com.adobe.acs.commons.mcp.impl.processes.asset.UrlAssetImport,com.adobe.acs.commons.mcp.impl.processes.asset.UrlAssetImport_ESTest,11,0,False
193,BugSwarm,ACS_AEM_Commons-374231969,0,91cab6a70f65458f8d67ffcaf8e939ad,com.adobe.acs.commons.mcp.impl.processes.asset.UrlAssetImport,com.adobe.acs.commons.mcp.impl.processes.asset.UrlAssetImport_ESTest,11,0,False
194,BugSwarm,ACS_AEM_Commons-374231969,0,1cdbc93adfc54a19aed3e8eea109fa3f,com.adobe.acs.commons.mcp.impl.processes.asset.UrlAssetImport,com.adobe.acs.commons.mcp.impl.processes.asset.UrlAssetImport_ESTest,12,0,False
195,BugSwarm,BungeeCord-130330788,0,065e8ba4ceac46b0875d73374837703c,net.md_5.bungee.ConnectionThrottle,net.md_5.bungee.ConnectionThrottle_ESTest,3,0,True
196,BugSwarm,BungeeCord-130330788,0,903d9875d64f4c468ac8ed60ba48b58c,net.md_5.bungee.ConnectionThrottle,net.md_5.bungee.ConnectionThrottle_ESTest,3,0,True
197,BugSwarm,BungeeCord-130330788,0,c0bb967b66eb439b93c217a350f06aca,net.md_5.bungee.ConnectionThrottle,net.md_5.bungee.ConnectionThrottle_ESTest,3,0,True
198,BugSwarm,BungeeCord-130330788,0,326388be7094454285dc8bc3b14513b0,net.md_5.bungee.ConnectionThrottle,net.md_5.bungee.ConnectionThrottle_ESTest,3,0,True
199,BugSwarm,BungeeCord-130330788,0,89426787d80246b9a70d8a1a3da9225e,net.md_5.bungee.ConnectionThrottle,net.md_5.bungee.ConnectionThrottle_ESTest,3,0,True
200,BugSwarm,BungeeCord-130330788,0,4eb908177b09458c909c5f2a1be1bfd7,net.md_5.bungee.ConnectionThrottle,net.md_5.bungee.ConnectionThrottle_ESTest,3,0,True
201,BugSwarm,BungeeCord-130330788,0,f0d0ab73ef664d4aad9dc77d080bfaf2,net.md_5.bungee.ConnectionThrottle,net.md_5.bungee.ConnectionThrottle_ESTest,3,0,True
202,BugSwarm,BungeeCord-130330788,0,95e6199ddc6a41f0a83ffdc75bd21000,net.md_5.bungee.ConnectionThrottle,net.md_5.bungee.ConnectionThrottle_ESTest,3,0,True
203,BugSwarm,BungeeCord-130330788,0,c86f72f6992344d9aa45f7fcb8aff62a,net.md_5.bungee.ConnectionThrottle,net.md_5.bungee.ConnectionThrottle_ESTest,3,0,True
204,BugSwarm,BungeeCord-130330788,0,e45d7b4521754783aa5eb6b09e873cf4,net.md_5.bungee.ConnectionThrottle,net.md_5.bungee.ConnectionThrottle_ESTest,3,0,True
205,BugSwarm,BungeeCord-130330788,0,48fc35139dcc4114abe702e603c57935,net.md_5.bungee.ConnectionThrottle,net.md_5.bungee.ConnectionThrottle_ESTest,3,0,True
206,BugSwarm,BungeeCord-130330788,0,ed0d51f96ad9491d9a1ef71aff6133a9,net.md_5.bungee.ConnectionThrottle,net.md_5.bungee.ConnectionThrottle_ESTest,3,0,True
207,BugSwarm,BungeeCord-130330788,0,8620918b41134bfb99331e9dace03296,net.md_5.bungee.ConnectionThrottle,net.md_5.bungee.ConnectionThrottle_ESTest,3,0,True
208,BugSwarm,BungeeCord-130330788,0,94e9a5da83be459c9283ca1095b2d26b,net.md_5.bungee.ConnectionThrottle,net.md_5.bungee.ConnectionThrottle_ESTest,3,0,True
209,BugSwarm,BungeeCord-130330788,0,d474d31f636c4880a4b930d8724d07c0,net.md_5.bungee.ConnectionThrottle,net.md_5.bungee.ConnectionThrottle_ESTest,3,0,True
210,BugSwarm,BungeeCord-130330788,0,3b8520f80dea4bd4b28113b7ddfefa08,net.md_5.bungee.ConnectionThrottle,net.md_5.bungee.ConnectionThrottle_ESTest,3,0,True
211,BugSwarm,BungeeCord-130330788,0,c05f786d2cbc409b8d17a75d0fe3cd5f,net.md_5.bungee.ConnectionThrottle,net.md_5.bungee.ConnectionThrottle_ESTest,3,0,True
212,BugSwarm,BungeeCord-130330788,0,dbb2e3acbefb44199dc4ad52e4c01936,net.md_5.bungee.ConnectionThrottle,net.md_5.bungee.ConnectionThrottle_ESTest,3,0,True
213,BugSwarm,BungeeCord-130330788,0,91af139ccf194a50a1d788fea7268a64,net.md_5.bungee.ConnectionThrottle,net.md_5.bungee.ConnectionThrottle_ESTest,3,0,True
214,BugSwarm,BungeeCord-130330788,0,c11d065d61e543b7ac1a597138db769e,net.md_5.bungee.ConnectionThrottle,net.md_5.bungee.ConnectionThrottle_ESTest,3,0,True
215,BugSwarm,BungeeCord-130330788,0,7215cf6eb30c412297fe9b4a18329e5a,net.md_5.bungee.ConnectionThrottle,net.md_5.bungee.ConnectionThrottle_ESTest,3,0,True
216,BugSwarm,BungeeCord-130330788,0,a531c9c07c894ac9ac756f98af227711,net.md_5.bungee.ConnectionThrottle,net.md_5.bungee.ConnectionThrottle_ESTest,3,0,True
217,BugSwarm,BungeeCord-130330788,0,bc2241e624cb4d1ab0f913326492b395,net.md_5.bungee.ConnectionThrottle,net.md_5.bungee.ConnectionThrottle_ESTest,3,0,True
218,BugSwarm,BungeeCord-130330788,0,56367dc6e82c430bb8be8d41c2ac1b4c,net.md_5.bungee.ConnectionThrottle,net.md_5.bungee.ConnectionThrottle_ESTest,3,0,True
219,BugSwarm,BungeeCord-130330788,0,3325be82bb1b4000b2260bfe0dd226c6,net.md_5.bungee.ConnectionThrottle,net.md_5.bungee.ConnectionThrottle_ESTest,3,0,True
220,BugSwarm,BungeeCord-130330788,0,5fdf5cbd59c44c24aa366b3eedefb2c2,net.md_5.bungee.ConnectionThrottle,net.md_5.bungee.ConnectionThrottle_ESTest,3,0,True
221,BugSwarm,BungeeCord-130330788,0,7aac3e7370d04e4c88999618a4602039,net.md_5.bungee.ConnectionThrottle,net.md_5.bungee.ConnectionThrottle_ESTest,3,0,True
222,BugSwarm,BungeeCord-130330788,0,a9d906f06341433da7af9b3d63d24da8,net.md_5.bungee.ConnectionThrottle,net.md_5.bungee.ConnectionThrottle_ESTest,3,0,True
223,BugSwarm,BungeeCord-130330788,0,4f13e52b45e84d33ab66f8d78b514ff6,net.md_5.bungee.ConnectionThrottle,net.md_5.bungee.ConnectionThrottle_ESTest,3,0,True
224,BugSwarm,BungeeCord-130330788,0,67dc3eae8d404403b8d3d911bc110f3c,net.md_5.bungee.ConnectionThrottle,net.md_5.bungee.ConnectionThrottle_ESTest,3,0,True
225,BugSwarm,BungeeCord-130330788,0,3c31bfad697f4753a5df9874734eb9fd,net.md_5.bungee.ConnectionThrottle,net.md_5.bungee.ConnectionThrottle_ESTest,3,0,True
226,BugSwarm,BungeeCord-130330788,0,c6c7091c43fe42279eef9adf16de78b7,net.md_5.bungee.ConnectionThrottle,net.md_5.bungee.ConnectionThrottle_ESTest,3,0,True
227,BugSwarm,Yamcs-186324159,0,2e732720fab8429cbe7f8a22d20e8daa,org.yamcs.xtce.SpreadsheetLoader,org.yamcs.xtce.SpreadsheetLoader_ESTest,51,0,True
228,BugSwarm,Yamcs-186324159,0,da832a191ab34ce0aa94a2559520e8da,org.yamcs.xtce.SpreadsheetLoader,org.yamcs.xtce.SpreadsheetLoader_ESTest,50,0,True
229,BugSwarm,Yamcs-186324159,0,c28f9c8da1674f53b4f8e3a751f85d8d,org.yamcs.xtce.SpreadsheetLoader,org.yamcs.xtce.SpreadsheetLoader_ESTest,50,0,True
230,BugSwarm,Yamcs-186324159,0,79e40a4911cf4e968b3a3ea04de30863,org.yamcs.xtce.SpreadsheetLoader,org.yamcs.xtce.SpreadsheetLoader_ESTest,48,0,True
231,BugSwarm,Yamcs-186324159,0,f9f5e24c025d4b769ee6ac5956b4772b,org.yamcs.xtce.SpreadsheetLoader,org.yamcs.xtce.SpreadsheetLoader_ESTest,49,0,True
232,BugSwarm,Yamcs-186324159,0,c22749f7b38f497183a7f563515c35ab,org.yamcs.xtce.SpreadsheetLoader,org.yamcs.xtce.SpreadsheetLoader_ESTest,50,0,True
233,BugSwarm,Yamcs-186324159,0,ad5985408427482b99be2b06b1bc7c34,org.yamcs.xtce.SpreadsheetLoader,org.yamcs.xtce.SpreadsheetLoader_ESTest,49,0,True
234,BugSwarm,Yamcs-186324159,0,bdc10e709d6949b68916c565f745fa21,org.yamcs.xtce.SpreadsheetLoader,org.yamcs.xtce.SpreadsheetLoader_ESTest,49,0,True
235,BugSwarm,Yamcs-186324159,0,8e5db477463b4e3a9bf6e4621a0feffe,org.yamcs.xtce.SpreadsheetLoader,org.yamcs.xtce.SpreadsheetLoader_ESTest,50,0,True
236,BugSwarm,Yamcs-186324159,0,9ec872b5ead54b8d9f424a34aa26819c,org.yamcs.xtce.SpreadsheetLoader,org.yamcs.xtce.SpreadsheetLoader_ESTest,49,0,True
237,BugSwarm,Yamcs-186324159,0,46a4951bfa5a4085a705185b3d081fcf,org.yamcs.xtce.SpreadsheetLoader,org.yamcs.xtce.SpreadsheetLoader_ESTest,50,0,True
238,BugSwarm,Yamcs-186324159,0,b394ddd9a7ad4153a1e44ca5e3ab24a3,org.yamcs.xtce.SpreadsheetLoader,org.yamcs.xtce.SpreadsheetLoader_ESTest,50,0,True
239,BugSwarm,REST_Countries-207869551,0,4e6279f8bdc441ecad02bce61b3d29a8,fayder.restcountries.rest.CountryServiceHelper,fayder.restcountries.rest.CountryServiceHelper_ESTest,41,0,False
240,BugSwarm,REST_Countries-207869551,0,0886311c61154e62a86422908e2b4a27,fayder.restcountries.rest.CountryServiceHelper,fayder.restcountries.rest.CountryServiceHelper_ESTest,40,0,True
241,BugSwarm,REST_Countries-207869551,0,207b91d956ae48e7b0e52e6d6b424225,fayder.restcountries.rest.CountryServiceHelper,fayder.restcountries.rest.CountryServiceHelper_ESTest,39,0,False
242,BugSwarm,REST_Countries-207869551,0,b046a70c74e74f3a831a4cc7e9c57d46,fayder.restcountries.rest.CountryServiceHelper,fayder.restcountries.rest.CountryServiceHelper_ESTest,41,0,True
243,BugSwarm,REST_Countries-207869551,0,692f2df5473044e399abcc2cc5733abe,fayder.restcountries.rest.CountryServiceHelper,fayder.restcountries.rest.CountryServiceHelper_ESTest,35,0,True
244,BugSwarm,REST_Countries-207869551,0,686046afe7a14ecba61ea30230f70652,fayder.restcountries.rest.CountryServiceHelper,fayder.restcountries.rest.CountryServiceHelper_ESTest,36,0,True
245,BugSwarm,REST_Countries-207869551,0,30974c45beed4bd685651ad16ee86f56,fayder.restcountries.rest.CountryServiceHelper,fayder.restcountries.rest.CountryServiceHelper_ESTest,42,0,True
246,BugSwarm,REST_Countries-207869551,0,b21686821ff24dcc97b29b494d876e61,fayder.restcountries.rest.CountryServiceHelper,fayder.restcountries.rest.CountryServiceHelper_ESTest,42,0,True
247,BugSwarm,REST_Countries-207869551,0,adddffd403ce4414b31f60dcb2e6a18e,fayder.restcountries.rest.CountryServiceHelper,fayder.restcountries.rest.CountryServiceHelper_ESTest,36,0,False
248,BugSwarm,REST_Countries-207869551,0,b6633ce3599044889db0b04626fc237d,fayder.restcountries.rest.CountryServiceHelper,fayder.restcountries.rest.CountryServiceHelper_ESTest,39,0,False
249,BugSwarm,REST_Countries-207869551,0,8cbdb1bd2136451cbcaf0c1eb97ea56a,fayder.restcountries.rest.CountryServiceHelper,fayder.restcountries.rest.CountryServiceHelper_ESTest,36,0,True
250,BugSwarm,REST_Countries-207869551,0,c37db90fce2149ce83e963b5de206373,fayder.restcountries.rest.CountryServiceHelper,fayder.restcountries.rest.CountryServiceHelper_ESTest,40,0,False
251,BugSwarm,REST_Countries-207869551,0,34b70a8e9bb24017b8f34cc8088a75ad,fayder.restcountries.rest.CountryServiceHelper,fayder.restcountries.rest.CountryServiceHelper_ESTest,41,0,True
252,BugSwarm,REST_Countries-207869551,0,ea6f023d485544899d2f5af5a3a4fea1,fayder.restcountries.rest.CountryServiceHelper,fayder.restcountries.rest.CountryServiceHelper_ESTest,41,0,False
253,BugSwarm,REST_Countries-207869551,0,55700e2bc186439ebbe59329740da342,fayder.restcountries.rest.CountryServiceHelper,fayder.restcountries.rest.CountryServiceHelper_ESTest,42,0,True
254,BugSwarm,REST_Countries-207869551,0,3019d1f41c8e436799a10c32aece71d4,fayder.restcountries.rest.CountryServiceHelper,fayder.restcountries.rest.CountryServiceHelper_ESTest,39,0,False
255,BugSwarm,REST_Countries-207869551,0,de939d4dac42451585cc432b709088b3,fayder.restcountries.rest.CountryServiceHelper,fayder.restcountries.rest.CountryServiceHelper_ESTest,41,0,False
256,BugSwarm,REST_Countries-207869551,0,73a50d75cab04ec4860bee25178c67af,fayder.restcountries.rest.CountryServiceHelper,fayder.restcountries.rest.CountryServiceHelper_ESTest,35,0,False
257,BugSwarm,REST_Countries-207869551,0,b0273564ef944253a8cd3c111890dd4d,fayder.restcountries.rest.CountryServiceHelper,fayder.restcountries.rest.CountryServiceHelper_ESTest,35,0,False
258,BugSwarm,REST_Countries-207869551,0,6a02550065dd424090eef03db665139b,fayder.restcountries.rest.CountryServiceHelper,fayder.restcountries.rest.CountryServiceHelper_ESTest,40,0,True
259,BugSwarm,REST_Countries-207869551,0,a996dc0f404443aa8a72a2cb6ecc2a3d,fayder.restcountries.rest.CountryServiceHelper,fayder.restcountries.rest.CountryServiceHelper_ESTest,37,0,True
260,BugSwarm,REST_Countries-207869551,0,a10c5e0349d44aa5a6c5a81f2dfe69b0,fayder.restcountries.rest.CountryServiceHelper,fayder.restcountries.rest.CountryServiceHelper_ESTest,36,0,False
261,BugSwarm,REST_Countries-207869551,0,0f40941a54c143f8b6f0b52eff69141e,fayder.restcountries.rest.CountryServiceHelper,fayder.restcountries.rest.CountryServiceHelper_ESTest,37,0,False
262,BugSwarm,REST_Countries-207869551,0,f0d4d304e162435a8514e426551092a3,fayder.restcountries.rest.CountryServiceHelper,fayder.restcountries.rest.CountryServiceHelper_ESTest,41,0,False
263,BugSwarm,REST_Countries-207869551,0,44df028177654f458cc37b331baf2f32,fayder.restcountries.rest.CountryServiceHelper,fayder.restcountries.rest.CountryServiceHelper_ESTest,41,0,False
264,BugSwarm,REST_Countries-207869551,0,b481ea14fa3b4f1ba6531c1167e1eaac,fayder.restcountries.rest.CountryServiceHelper,fayder.restcountries.rest.CountryServiceHelper_ESTest,41,0,True
265,BugSwarm,REST_Countries-207869551,0,9a185e78c75d46089ecf238cb8e24160,fayder.restcountries.rest.CountryServiceHelper,fayder.restcountries.rest.CountryServiceHelper_ESTest,42,0,True
266,BugSwarm,REST_Countries-207869551,0,e5962002f53344609498ba80c5a27165,fayder.restcountries.rest.CountryServiceHelper,fayder.restcountries.rest.CountryServiceHelper_ESTest,37,0,True
267,BugSwarm,REST_Countries-207869551,0,6e23fbe448d4424c9b3650ce1f81814e,fayder.restcountries.rest.CountryServiceHelper,fayder.restcountries.rest.CountryServiceHelper_ESTest,38,0,False
268,BugSwarm,REST_Countries-207869551,0,12e1c06792454a5f93f0e11d92b58b05,fayder.restcountries.rest.CountryServiceHelper,fayder.restcountries.rest.CountryServiceHelper_ESTest,40,0,False
269,BugSwarm,Dubbo-416671625,0,02482691e86e4c78a04d9ecb43dbd684,org.apache.dubbo.rpc.protocol.hessian.HttpClientConnectionFactory,org.apache.dubbo.rpc.protocol.hessian.HttpClientConnectionFactory_ESTest,2,0,True
270,BugSwarm,Dubbo-416671625,0,995037d45b2049288613a7e838a5fb49,org.apache.dubbo.rpc.protocol.hessian.HttpClientConnectionFactory,org.apache.dubbo.rpc.protocol.hessian.HttpClientConnectionFactory_ESTest,2,0,True
271,BugSwarm,Dubbo-416671625,0,bce2ae1d68b244678679eacaf9b44587,org.apache.dubbo.rpc.protocol.hessian.HttpClientConnectionFactory,org.apache.dubbo.rpc.protocol.hessian.HttpClientConnectionFactory_ESTest,2,0,True
272,BugSwarm,REST_Countries-154683750,0,e099e576bb134d93bf39f0dbce0bea80,fayder.restcountries.v1.rest.CountryService,fayder.restcountries.v1.rest.CountryService_ESTest,23,0,True
273,BugSwarm,REST_Countries-154683750,0,ff467efef93e43989ac8dd3c0bef5138,fayder.restcountries.v1.rest.CountryService,fayder.restcountries.v1.rest.CountryService_ESTest,23,0,True
274,BugSwarm,REST_Countries-154683750,0,4d6e1e2e2f9d409798717d8fcbe9a605,fayder.restcountries.v1.rest.CountryService,fayder.restcountries.v1.rest.CountryService_ESTest,26,0,True
275,BugSwarm,REST_Countries-154683750,0,4764cc7a2d514e0e9771f94218121cdd,fayder.restcountries.v1.rest.CountryService,fayder.restcountries.v1.rest.CountryService_ESTest,24,0,True
276,BugSwarm,REST_Countries-154683750,0,01dcdc247cab474eb7ae003a94b8ae05,fayder.restcountries.v1.rest.CountryService,fayder.restcountries.v1.rest.CountryService_ESTest,23,0,True
277,BugSwarm,REST_Countries-154683750,0,30c603f0056f46df9a3286c1149db5a8,fayder.restcountries.v1.rest.CountryService,fayder.restcountries.v1.rest.CountryService_ESTest,24,0,True
278,BugSwarm,REST_Countries-154683750,0,35eed99d985e4aff8803c68355ad081c,fayder.restcountries.v1.rest.CountryService,fayder.restcountries.v1.rest.CountryService_ESTest,23,0,True
279,BugSwarm,REST_Countries-154683750,0,861c0f0aeff84156a12b7581a4b82eb0,fayder.restcountries.v1.rest.CountryService,fayder.restcountries.v1.rest.CountryService_ESTest,24,0,True
280,BugSwarm,REST_Countries-154683750,0,3c087447684f4180a450566a93ed2ea3,fayder.restcountries.v1.rest.CountryService,fayder.restcountries.v1.rest.CountryService_ESTest,23,0,True
281,BugSwarm,REST_Countries-154683750,0,dfe96a56b09745cda97946eea526f23b,fayder.restcountries.v1.rest.CountryService,fayder.restcountries.v1.rest.CountryService_ESTest,24,0,True
282,BugSwarm,REST_Countries-154683750,0,28866687b8924465a979969d1c95f769,fayder.restcountries.v1.rest.CountryService,fayder.restcountries.v1.rest.CountryService_ESTest,24,0,True
283,BugSwarm,REST_Countries-154683750,0,89f52bd266664467a48fb1b6d82ad0a8,fayder.restcountries.v1.rest.CountryService,fayder.restcountries.v1.rest.CountryService_ESTest,23,0,True
284,BugSwarm,REST_Countries-154683750,0,9544539099ae483a81167e19c4a74cc8,fayder.restcountries.v1.rest.CountryService,fayder.restcountries.v1.rest.CountryService_ESTest,23,0,True
285,BugSwarm,REST_Countries-154683750,0,d525ae984365443f9d7725922cc3f0b8,fayder.restcountries.v1.rest.CountryService,fayder.restcountries.v1.rest.CountryService_ESTest,23,0,True
286,BugSwarm,REST_Countries-154683750,0,534b2ecd9809423d9a1a20bf1c41f52c,fayder.restcountries.v1.rest.CountryService,fayder.restcountries.v1.rest.CountryService_ESTest,23,0,True
287,BugSwarm,REST_Countries-154683750,0,d3ffb156fa284e84a0d8aaeb1a330022,fayder.restcountries.v1.rest.CountryService,fayder.restcountries.v1.rest.CountryService_ESTest,24,0,True
288,BugSwarm,REST_Countries-154683750,0,2a984bbf98df49e59fd1350bd8002cb3,fayder.restcountries.v1.rest.CountryService,fayder.restcountries.v1.rest.CountryService_ESTest,24,0,True
289,BugSwarm,REST_Countries-154683750,0,327f5c31042549d3b07bc0b66ae92f6a,fayder.restcountries.v1.rest.CountryService,fayder.restcountries.v1.rest.CountryService_ESTest,25,0,True
290,BugSwarm,REST_Countries-154683750,0,8084d7b3ac0e4c28abc543a5bd11fb1a,fayder.restcountries.v1.rest.CountryService,fayder.restcountries.v1.rest.CountryService_ESTest,23,0,True
291,BugSwarm,REST_Countries-154683750,0,5efe011706a14fbe88fa17a451b325a5,fayder.restcountries.v1.rest.CountryService,fayder.restcountries.v1.rest.CountryService_ESTest,23,0,True
292,BugSwarm,REST_Countries-154683750,0,4cfc11ae882641bb9af641c82396443c,fayder.restcountries.v1.rest.CountryService,fayder.restcountries.v1.rest.CountryService_ESTest,24,0,True
293,BugSwarm,REST_Countries-154683750,0,d80ee7835228416a86b39ce058caaf84,fayder.restcountries.v1.rest.CountryService,fayder.restcountries.v1.rest.CountryService_ESTest,25,0,True
294,BugSwarm,REST_Countries-154683750,0,b45683b9b7664db2bb2ffef8767f1755,fayder.restcountries.v1.rest.CountryService,fayder.restcountries.v1.rest.CountryService_ESTest,23,0,True
295,BugSwarm,REST_Countries-154683750,0,f194b0ace4764065995cfcedae436633,fayder.restcountries.v1.rest.CountryService,fayder.restcountries.v1.rest.CountryService_ESTest,22,0,True
296,BugSwarm,REST_Countries-154683750,0,c9417eb7b6704f62bf0d9892ed106c15,fayder.restcountries.v1.rest.CountryService,fayder.restcountries.v1.rest.CountryService_ESTest,25,0,True
297,BugSwarm,REST_Countries-154683750,0,18d9beb7a7ac4aa1abf60a3194b2b849,fayder.restcountries.v1.rest.CountryService,fayder.restcountries.v1.rest.CountryService_ESTest,24,0,True
298,BugSwarm,REST_Countries-154683750,0,9c5bde42a51f45608b5ac1eb00a38f8c,fayder.restcountries.v1.rest.CountryService,fayder.restcountries.v1.rest.CountryService_ESTest,25,0,True
299,BugSwarm,REST_Countries-154683750,0,27d4eb3e0d024dafb3dba474ec76dfef,fayder.restcountries.v1.rest.CountryService,fayder.restcountries.v1.rest.CountryService_ESTest,23,0,True
300,BugSwarm,REST_Countries-154683750,0,67a3ab2eb0ed4628b2d236776503a5e7,fayder.restcountries.v1.rest.CountryService,fayder.restcountries.v1.rest.CountryService_ESTest,23,0,True
301,BugSwarm,REST_Countries-154683750,0,7b879db8e6d3442fbb9af6a329c02285,fayder.restcountries.v1.rest.CountryService,fayder.restcountries.v1.rest.CountryService_ESTest,23,0,True
302,BugSwarm,REST_Countries-154683750,1,e099e576bb134d93bf39f0dbce0bea80,fayder.restcountries.v1.rest.CountryService,fayder.restcountries.v1.rest.CountryService_ESTest,23,0,True
303,BugSwarm,REST_Countries-154683750,1,ff467efef93e43989ac8dd3c0bef5138,fayder.restcountries.v1.rest.CountryService,fayder.restcountries.v1.rest.CountryService_ESTest,23,0,True
304,BugSwarm,REST_Countries-154683750,1,4d6e1e2e2f9d409798717d8fcbe9a605,fayder.restcountries.v1.rest.CountryService,fayder.restcountries.v1.rest.CountryService_ESTest,26,0,True
305,BugSwarm,REST_Countries-154683750,1,4764cc7a2d514e0e9771f94218121cdd,fayder.restcountries.v1.rest.CountryService,fayder.restcountries.v1.rest.CountryService_ESTest,24,0,True
306,BugSwarm,REST_Countries-154683750,1,01dcdc247cab474eb7ae003a94b8ae05,fayder.restcountries.v1.rest.CountryService,fayder.restcountries.v1.rest.CountryService_ESTest,23,0,True
307,BugSwarm,REST_Countries-154683750,1,30c603f0056f46df9a3286c1149db5a8,fayder.restcountries.v1.rest.CountryService,fayder.restcountries.v1.rest.CountryService_ESTest,24,0,True
308,BugSwarm,REST_Countries-154683750,1,35eed99d985e4aff8803c68355ad081c,fayder.restcountries.v1.rest.CountryService,fayder.restcountries.v1.rest.CountryService_ESTest,23,0,True
309,BugSwarm,REST_Countries-154683750,1,861c0f0aeff84156a12b7581a4b82eb0,fayder.restcountries.v1.rest.CountryService,fayder.restcountries.v1.rest.CountryService_ESTest,24,0,True
310,BugSwarm,REST_Countries-154683750,1,3c087447684f4180a450566a93ed2ea3,fayder.restcountries.v1.rest.CountryService,fayder.restcountries.v1.rest.CountryService_ESTest,23,0,True
311,BugSwarm,REST_Countries-154683750,1,dfe96a56b09745cda97946eea526f23b,fayder.restcountries.v1.rest.CountryService,fayder.restcountries.v1.rest.CountryService_ESTest,24,0,True
312,BugSwarm,REST_Countries-154683750,1,28866687b8924465a979969d1c95f769,fayder.restcountries.v1.rest.CountryService,fayder.restcountries.v1.rest.CountryService_ESTest,24,0,True
313,BugSwarm,REST_Countries-154683750,1,89f52bd266664467a48fb1b6d82ad0a8,fayder.restcountries.v1.rest.CountryService,fayder.restcountries.v1.rest.CountryService_ESTest,23,0,True
314,BugSwarm,REST_Countries-154683750,1,9544539099ae483a81167e19c4a74cc8,fayder.restcountries.v1.rest.CountryService,fayder.restcountries.v1.rest.CountryService_ESTest,23,0,True
315,BugSwarm,REST_Countries-154683750,1,d525ae984365443f9d7725922cc3f0b8,fayder.restcountries.v1.rest.CountryService,fayder.restcountries.v1.rest.CountryService_ESTest,23,0,True
316,BugSwarm,REST_Countries-154683750,1,534b2ecd9809423d9a1a20bf1c41f52c,fayder.restcountries.v1.rest.CountryService,fayder.restcountries.v1.rest.CountryService_ESTest,23,0,True
317,BugSwarm,REST_Countries-154683750,1,d3ffb156fa284e84a0d8aaeb1a330022,fayder.restcountries.v1.rest.CountryService,fayder.restcountries.v1.rest.CountryService_ESTest,24,0,True
318,BugSwarm,REST_Countries-154683750,1,2a984bbf98df49e59fd1350bd8002cb3,fayder.restcountries.v1.rest.CountryService,fayder.restcountries.v1.rest.CountryService_ESTest,24,0,True
319,BugSwarm,REST_Countries-154683750,1,327f5c31042549d3b07bc0b66ae92f6a,fayder.restcountries.v1.rest.CountryService,fayder.restcountries.v1.rest.CountryService_ESTest,25,0,True
320,BugSwarm,REST_Countries-154683750,1,8084d7b3ac0e4c28abc543a5bd11fb1a,fayder.restcountries.v1.rest.CountryService,fayder.restcountries.v1.rest.CountryService_ESTest,23,0,True
321,BugSwarm,REST_Countries-154683750,1,5efe011706a14fbe88fa17a451b325a5,fayder.restcountries.v1.rest.CountryService,fayder.restcountries.v1.rest.CountryService_ESTest,23,0,True
322,BugSwarm,REST_Countries-154683750,1,4cfc11ae882641bb9af641c82396443c,fayder.restcountries.v1.rest.CountryService,fayder.restcountries.v1.rest.CountryService_ESTest,24,0,True
323,BugSwarm,REST_Countries-154683750,1,d80ee7835228416a86b39ce058caaf84,fayder.restcountries.v1.rest.CountryService,fayder.restcountries.v1.rest.CountryService_ESTest,25,0,True
324,BugSwarm,REST_Countries-154683750,1,b45683b9b7664db2bb2ffef8767f1755,fayder.restcountries.v1.rest.CountryService,fayder.restcountries.v1.rest.CountryService_ESTest,23,0,True
325,BugSwarm,REST_Countries-154683750,1,f194b0ace4764065995cfcedae436633,fayder.restcountries.v1.rest.CountryService,fayder.restcountries.v1.rest.CountryService_ESTest,22,0,True
326,BugSwarm,REST_Countries-154683750,1,c9417eb7b6704f62bf0d9892ed106c15,fayder.restcountries.v1.rest.CountryService,fayder.restcountries.v1.rest.CountryService_ESTest,25,0,True
327,BugSwarm,REST_Countries-154683750,1,18d9beb7a7ac4aa1abf60a3194b2b849,fayder.restcountries.v1.rest.CountryService,fayder.restcountries.v1.rest.CountryService_ESTest,24,0,True
328,BugSwarm,REST_Countries-154683750,1,9c5bde42a51f45608b5ac1eb00a38f8c,fayder.restcountries.v1.rest.CountryService,fayder.restcountries.v1.rest.CountryService_ESTest,25,0,True
329,BugSwarm,REST_Countries-154683750,1,27d4eb3e0d024dafb3dba474ec76dfef,fayder.restcountries.v1.rest.CountryService,fayder.restcountries.v1.rest.CountryService_ESTest,23,0,True
330,BugSwarm,REST_Countries-154683750,1,67a3ab2eb0ed4628b2d236776503a5e7,fayder.restcountries.v1.rest.CountryService,fayder.restcountries.v1.rest.CountryService_ESTest,23,0,True
331,BugSwarm,REST_Countries-154683750,1,7b879db8e6d3442fbb9af6a329c02285,fayder.restcountries.v1.rest.CountryService,fayder.restcountries.v1.rest.CountryService_ESTest,23,0,True
332,BugSwarm,REST_Countries-154683750,2,e099e576bb134d93bf39f0dbce0bea80,fayder.restcountries.v1.rest.CountryService,fayder.restcountries.v1.rest.CountryService_ESTest,23,0,True
333,BugSwarm,REST_Countries-154683750,2,ff467efef93e43989ac8dd3c0bef5138,fayder.restcountries.v1.rest.CountryService,fayder.restcountries.v1.rest.CountryService_ESTest,23,0,True
334,BugSwarm,REST_Countries-154683750,2,4d6e1e2e2f9d409798717d8fcbe9a605,fayder.restcountries.v1.rest.CountryService,fayder.restcountries.v1.rest.CountryService_ESTest,26,0,True
335,BugSwarm,REST_Countries-154683750,2,4764cc7a2d514e0e9771f94218121cdd,fayder.restcountries.v1.rest.CountryService,fayder.restcountries.v1.rest.CountryService_ESTest,24,0,True
336,BugSwarm,REST_Countries-154683750,2,01dcdc247cab474eb7ae003a94b8ae05,fayder.restcountries.v1.rest.CountryService,fayder.restcountries.v1.rest.CountryService_ESTest,23,0,True
337,BugSwarm,REST_Countries-154683750,2,30c603f0056f46df9a3286c1149db5a8,fayder.restcountries.v1.rest.CountryService,fayder.restcountries.v1.rest.CountryService_ESTest,24,0,True
338,BugSwarm,REST_Countries-154683750,2,35eed99d985e4aff8803c68355ad081c,fayder.restcountries.v1.rest.CountryService,fayder.restcountries.v1.rest.CountryService_ESTest,23,0,True
339,BugSwarm,REST_Countries-154683750,2,861c0f0aeff84156a12b7581a4b82eb0,fayder.restcountries.v1.rest.CountryService,fayder.restcountries.v1.rest.CountryService_ESTest,24,0,True
340,BugSwarm,REST_Countries-154683750,2,3c087447684f4180a450566a93ed2ea3,fayder.restcountries.v1.rest.CountryService,fayder.restcountries.v1.rest.CountryService_ESTest,23,0,True
341,BugSwarm,REST_Countries-154683750,2,dfe96a56b09745cda97946eea526f23b,fayder.restcountries.v1.rest.CountryService,fayder.restcountries.v1.rest.CountryService_ESTest,24,0,True
342,BugSwarm,REST_Countries-154683750,2,28866687b8924465a979969d1c95f769,fayder.restcountries.v1.rest.CountryService,fayder.restcountries.v1.rest.CountryService_ESTest,24,0,True
343,BugSwarm,REST_Countries-154683750,2,89f52bd266664467a48fb1b6d82ad0a8,fayder.restcountries.v1.rest.CountryService,fayder.restcountries.v1.rest.CountryService_ESTest,23,0,True
344,BugSwarm,REST_Countries-154683750,2,9544539099ae483a81167e19c4a74cc8,fayder.restcountries.v1.rest.CountryService,fayder.restcountries.v1.rest.CountryService_ESTest,23,0,True
345,BugSwarm,REST_Countries-154683750,2,d525ae984365443f9d7725922cc3f0b8,fayder.restcountries.v1.rest.CountryService,fayder.restcountries.v1.rest.CountryService_ESTest,23,0,True
346,BugSwarm,REST_Countries-154683750,2,534b2ecd9809423d9a1a20bf1c41f52c,fayder.restcountries.v1.rest.CountryService,fayder.restcountries.v1.rest.CountryService_ESTest,23,0,True
347,BugSwarm,REST_Countries-154683750,2,d3ffb156fa284e84a0d8aaeb1a330022,fayder.restcountries.v1.rest.CountryService,fayder.restcountries.v1.rest.CountryService_ESTest,24,0,True
348,BugSwarm,REST_Countries-154683750,2,2a984bbf98df49e59fd1350bd8002cb3,fayder.restcountries.v1.rest.CountryService,fayder.restcountries.v1.rest.CountryService_ESTest,24,0,True
349,BugSwarm,REST_Countries-154683750,2,327f5c31042549d3b07bc0b66ae92f6a,fayder.restcountries.v1.rest.CountryService,fayder.restcountries.v1.rest.CountryService_ESTest,25,0,True
350,BugSwarm,REST_Countries-154683750,2,8084d7b3ac0e4c28abc543a5bd11fb1a,fayder.restcountries.v1.rest.CountryService,fayder.restcountries.v1.rest.CountryService_ESTest,23,0,True
351,BugSwarm,REST_Countries-154683750,2,5efe011706a14fbe88fa17a451b325a5,fayder.restcountries.v1.rest.CountryService,fayder.restcountries.v1.rest.CountryService_ESTest,23,0,True
352,BugSwarm,REST_Countries-154683750,2,4cfc11ae882641bb9af641c82396443c,fayder.restcountries.v1.rest.CountryService,fayder.restcountries.v1.rest.CountryService_ESTest,24,0,True
353,BugSwarm,REST_Countries-154683750,2,d80ee7835228416a86b39ce058caaf84,fayder.restcountries.v1.rest.CountryService,fayder.restcountries.v1.rest.CountryService_ESTest,25,0,True
354,BugSwarm,REST_Countries-154683750,2,b45683b9b7664db2bb2ffef8767f1755,fayder.restcountries.v1.rest.CountryService,fayder.restcountries.v1.rest.CountryService_ESTest,23,0,True
355,BugSwarm,REST_Countries-154683750,2,f194b0ace4764065995cfcedae436633,fayder.restcountries.v1.rest.CountryService,fayder.restcountries.v1.rest.CountryService_ESTest,22,0,True
356,BugSwarm,REST_Countries-154683750,2,c9417eb7b6704f62bf0d9892ed106c15,fayder.restcountries.v1.rest.CountryService,fayder.restcountries.v1.rest.CountryService_ESTest,25,0,True
357,BugSwarm,REST_Countries-154683750,2,18d9beb7a7ac4aa1abf60a3194b2b849,fayder.restcountries.v1.rest.CountryService,fayder.restcountries.v1.rest.CountryService_ESTest,24,0,True
358,BugSwarm,REST_Countries-154683750,2,9c5bde42a51f45608b5ac1eb00a38f8c,fayder.restcountries.v1.rest.CountryService,fayder.restcountries.v1.rest.CountryService_ESTest,25,0,True
359,BugSwarm,REST_Countries-154683750,2,27d4eb3e0d024dafb3dba474ec76dfef,fayder.restcountries.v1.rest.CountryService,fayder.restcountries.v1.rest.CountryService_ESTest,23,0,True
360,BugSwarm,REST_Countries-154683750,2,67a3ab2eb0ed4628b2d236776503a5e7,fayder.restcountries.v1.rest.CountryService,fayder.restcountries.v1.rest.CountryService_ESTest,23,0,True
361,BugSwarm,REST_Countries-154683750,2,7b879db8e6d3442fbb9af6a329c02285,fayder.restcountries.v1.rest.CountryService,fayder.restcountries.v1.rest.CountryService_ESTest,23,0,True
362,BugSwarm,REST_Countries-154683750,3,e099e576bb134d93bf39f0dbce0bea80,fayder.restcountries.v1.rest.CountryService,fayder.restcountries.v1.rest.CountryService_ESTest,23,0,True
363,BugSwarm,REST_Countries-154683750,3,ff467efef93e43989ac8dd3c0bef5138,fayder.restcountries.v1.rest.CountryService,fayder.restcountries.v1.rest.CountryService_ESTest,23,0,True
364,BugSwarm,REST_Countries-154683750,3,4d6e1e2e2f9d409798717d8fcbe9a605,fayder.restcountries.v1.rest.CountryService,fayder.restcountries.v1.rest.CountryService_ESTest,26,0,True
365,BugSwarm,REST_Countries-154683750,3,4764cc7a2d514e0e9771f94218121cdd,fayder.restcountries.v1.rest.CountryService,fayder.restcountries.v1.rest.CountryService_ESTest,24,0,True
366,BugSwarm,REST_Countries-154683750,3,01dcdc247cab474eb7ae003a94b8ae05,fayder.restcountries.v1.rest.CountryService,fayder.restcountries.v1.rest.CountryService_ESTest,23,0,True
367,BugSwarm,REST_Countries-154683750,3,30c603f0056f46df9a3286c1149db5a8,fayder.restcountries.v1.rest.CountryService,fayder.restcountries.v1.rest.CountryService_ESTest,24,0,True
368,BugSwarm,REST_Countries-154683750,3,35eed99d985e4aff8803c68355ad081c,fayder.restcountries.v1.rest.CountryService,fayder.restcountries.v1.rest.CountryService_ESTest,23,0,True
369,BugSwarm,REST_Countries-154683750,3,861c0f0aeff84156a12b7581a4b82eb0,fayder.restcountries.v1.rest.CountryService,fayder.restcountries.v1.rest.CountryService_ESTest,24,0,True
370,BugSwarm,REST_Countries-154683750,3,3c087447684f4180a450566a93ed2ea3,fayder.restcountries.v1.rest.CountryService,fayder.restcountries.v1.rest.CountryService_ESTest,23,0,True
371,BugSwarm,REST_Countries-154683750,3,dfe96a56b09745cda97946eea526f23b,fayder.restcountries.v1.rest.CountryService,fayder.restcountries.v1.rest.CountryService_ESTest,24,0,True
372,BugSwarm,REST_Countries-154683750,3,28866687b8924465a979969d1c95f769,fayder.restcountries.v1.rest.CountryService,fayder.restcountries.v1.rest.CountryService_ESTest,24,0,True
373,BugSwarm,REST_Countries-154683750,3,89f52bd266664467a48fb1b6d82ad0a8,fayder.restcountries.v1.rest.CountryService,fayder.restcountries.v1.rest.CountryService_ESTest,23,0,True
374,BugSwarm,REST_Countries-154683750,3,9544539099ae483a81167e19c4a74cc8,fayder.restcountries.v1.rest.CountryService,fayder.restcountries.v1.rest.CountryService_ESTest,23,0,True
375,BugSwarm,REST_Countries-154683750,3,d525ae984365443f9d7725922cc3f0b8,fayder.restcountries.v1.rest.CountryService,fayder.restcountries.v1.rest.CountryService_ESTest,23,0,True
376,BugSwarm,REST_Countries-154683750,3,534b2ecd9809423d9a1a20bf1c41f52c,fayder.restcountries.v1.rest.CountryService,fayder.restcountries.v1.rest.CountryService_ESTest,23,0,True
377,BugSwarm,REST_Countries-154683750,3,d3ffb156fa284e84a0d8aaeb1a330022,fayder.restcountries.v1.rest.CountryService,fayder.restcountries.v1.rest.CountryService_ESTest,24,0,True
378,BugSwarm,REST_Countries-154683750,3,2a984bbf98df49e59fd1350bd8002cb3,fayder.restcountries.v1.rest.CountryService,fayder.restcountries.v1.rest.CountryService_ESTest,24,0,True
379,BugSwarm,REST_Countries-154683750,3,327f5c31042549d3b07bc0b66ae92f6a,fayder.restcountries.v1.rest.CountryService,fayder.restcountries.v1.rest.CountryService_ESTest,25,0,True
380,BugSwarm,REST_Countries-154683750,3,8084d7b3ac0e4c28abc543a5bd11fb1a,fayder.restcountries.v1.rest.CountryService,fayder.restcountries.v1.rest.CountryService_ESTest,23,0,True
381,BugSwarm,REST_Countries-154683750,3,5efe011706a14fbe88fa17a451b325a5,fayder.restcountries.v1.rest.CountryService,fayder.restcountries.v1.rest.CountryService_ESTest,23,0,True
382,BugSwarm,REST_Countries-154683750,3,4cfc11ae882641bb9af641c82396443c,fayder.restcountries.v1.rest.CountryService,fayder.restcountries.v1.rest.CountryService_ESTest,24,0,True
383,BugSwarm,REST_Countries-154683750,3,d80ee7835228416a86b39ce058caaf84,fayder.restcountries.v1.rest.CountryService,fayder.restcountries.v1.rest.CountryService_ESTest,25,0,True
384,BugSwarm,REST_Countries-154683750,3,b45683b9b7664db2bb2ffef8767f1755,fayder.restcountries.v1.rest.CountryService,fayder.restcountries.v1.rest.CountryService_ESTest,23,0,True
385,BugSwarm,REST_Countries-154683750,3,f194b0ace4764065995cfcedae436633,fayder.restcountries.v1.rest.CountryService,fayder.restcountries.v1.rest.CountryService_ESTest,22,0,True
386,BugSwarm,REST_Countries-154683750,3,c9417eb7b6704f62bf0d9892ed106c15,fayder.restcountries.v1.rest.CountryService,fayder.restcountries.v1.rest.CountryService_ESTest,25,0,True
387,BugSwarm,REST_Countries-154683750,3,18d9beb7a7ac4aa1abf60a3194b2b849,fayder.restcountries.v1.rest.CountryService,fayder.restcountries.v1.rest.CountryService_ESTest,24,0,True
388,BugSwarm,REST_Countries-154683750,3,9c5bde42a51f45608b5ac1eb00a38f8c,fayder.restcountries.v1.rest.CountryService,fayder.restcountries.v1.rest.CountryService_ESTest,25,0,True
389,BugSwarm,REST_Countries-154683750,3,27d4eb3e0d024dafb3dba474ec76dfef,fayder.restcountries.v1.rest.CountryService,fayder.restcountries.v1.rest.CountryService_ESTest,23,0,True
390,BugSwarm,REST_Countries-154683750,3,67a3ab2eb0ed4628b2d236776503a5e7,fayder.restcountries.v1.rest.CountryService,fayder.restcountries.v1.rest.CountryService_ESTest,23,0,True
391,BugSwarm,REST_Countries-154683750,3,7b879db8e6d3442fbb9af6a329c02285,fayder.restcountries.v1.rest.CountryService,fayder.restcountries.v1.rest.CountryService_ESTest,23,0,True
392,BugSwarm,REST_Countries-154683750,4,e099e576bb134d93bf39f0dbce0bea80,fayder.restcountries.v1.rest.CountryService,fayder.restcountries.v1.rest.CountryService_ESTest,23,0,True
393,BugSwarm,REST_Countries-154683750,4,ff467efef93e43989ac8dd3c0bef5138,fayder.restcountries.v1.rest.CountryService,fayder.restcountries.v1.rest.CountryService_ESTest,23,0,True
394,BugSwarm,REST_Countries-154683750,4,4d6e1e2e2f9d409798717d8fcbe9a605,fayder.restcountries.v1.rest.CountryService,fayder.restcountries.v1.rest.CountryService_ESTest,26,0,True
395,BugSwarm,REST_Countries-154683750,4,4764cc7a2d514e0e9771f94218121cdd,fayder.restcountries.v1.rest.CountryService,fayder.restcountries.v1.rest.CountryService_ESTest,24,0,True
396,BugSwarm,REST_Countries-154683750,4,01dcdc247cab474eb7ae003a94b8ae05,fayder.restcountries.v1.rest.CountryService,fayder.restcountries.v1.rest.CountryService_ESTest,23,0,True
397,BugSwarm,REST_Countries-154683750,4,30c603f0056f46df9a3286c1149db5a8,fayder.restcountries.v1.rest.CountryService,fayder.restcountries.v1.rest.CountryService_ESTest,24,0,True
398,BugSwarm,REST_Countries-154683750,4,35eed99d985e4aff8803c68355ad081c,fayder.restcountries.v1.rest.CountryService,fayder.restcountries.v1.rest.CountryService_ESTest,23,0,True
399,BugSwarm,REST_Countries-154683750,4,861c0f0aeff84156a12b7581a4b82eb0,fayder.restcountries.v1.rest.CountryService,fayder.restcountries.v1.rest.CountryService_ESTest,24,0,True
400,BugSwarm,REST_Countries-154683750,4,3c087447684f4180a450566a93ed2ea3,fayder.restcountries.v1.rest.CountryService,fayder.restcountries.v1.rest.CountryService_ESTest,23,0,True
401,BugSwarm,REST_Countries-154683750,4,dfe96a56b09745cda97946eea526f23b,fayder.restcountries.v1.rest.CountryService,fayder.restcountries.v1.rest.CountryService_ESTest,24,0,True
402,BugSwarm,REST_Countries-154683750,4,28866687b8924465a979969d1c95f769,fayder.restcountries.v1.rest.CountryService,fayder.restcountries.v1.rest.CountryService_ESTest,24,0,True
403,BugSwarm,REST_Countries-154683750,4,89f52bd266664467a48fb1b6d82ad0a8,fayder.restcountries.v1.rest.CountryService,fayder.restcountries.v1.rest.CountryService_ESTest,23,0,True
404,BugSwarm,REST_Countries-154683750,4,9544539099ae483a81167e19c4a74cc8,fayder.restcountries.v1.rest.CountryService,fayder.restcountries.v1.rest.CountryService_ESTest,23,0,True
405,BugSwarm,REST_Countries-154683750,4,d525ae984365443f9d7725922cc3f0b8,fayder.restcountries.v1.rest.CountryService,fayder.restcountries.v1.rest.CountryService_ESTest,23,0,True
406,BugSwarm,REST_Countries-154683750,4,534b2ecd9809423d9a1a20bf1c41f52c,fayder.restcountries.v1.rest.CountryService,fayder.restcountries.v1.rest.CountryService_ESTest,23,0,True
407,BugSwarm,REST_Countries-154683750,4,d3ffb156fa284e84a0d8aaeb1a330022,fayder.restcountries.v1.rest.CountryService,fayder.restcountries.v1.rest.CountryService_ESTest,24,0,True
408,BugSwarm,REST_Countries-154683750,4,2a984bbf98df49e59fd1350bd8002cb3,fayder.restcountries.v1.rest.CountryService,fayder.restcountries.v1.rest.CountryService_ESTest,24,0,True
409,BugSwarm,REST_Countries-154683750,4,327f5c31042549d3b07bc0b66ae92f6a,fayder.restcountries.v1.rest.CountryService,fayder.restcountries.v1.rest.CountryService_ESTest,25,0,True
410,BugSwarm,REST_Countries-154683750,4,8084d7b3ac0e4c28abc543a5bd11fb1a,fayder.restcountries.v1.rest.CountryService,fayder.restcountries.v1.rest.CountryService_ESTest,23,0,True
411,BugSwarm,REST_Countries-154683750,4,5efe011706a14fbe88fa17a451b325a5,fayder.restcountries.v1.rest.CountryService,fayder.restcountries.v1.rest.CountryService_ESTest,23,0,True
412,BugSwarm,REST_Countries-154683750,4,4cfc11ae882641bb9af641c82396443c,fayder.restcountries.v1.rest.CountryService,fayder.restcountries.v1.rest.CountryService_ESTest,24,0,True
413,BugSwarm,REST_Countries-154683750,4,d80ee7835228416a86b39ce058caaf84,fayder.restcountries.v1.rest.CountryService,fayder.restcountries.v1.rest.CountryService_ESTest,25,0,True
414,BugSwarm,REST_Countries-154683750,4,b45683b9b7664db2bb2ffef8767f1755,fayder.restcountries.v1.rest.CountryService,fayder.restcountries.v1.rest.CountryService_ESTest,23,0,True
415,BugSwarm,REST_Countries-154683750,4,f194b0ace4764065995cfcedae436633,fayder.restcountries.v1.rest.CountryService,fayder.restcountries.v1.rest.CountryService_ESTest,22,0,True
416,BugSwarm,REST_Countries-154683750,4,c9417eb7b6704f62bf0d9892ed106c15,fayder.restcountries.v1.rest.CountryService,fayder.restcountries.v1.rest.CountryService_ESTest,25,0,True
417,BugSwarm,REST_Countries-154683750,4,18d9beb7a7ac4aa1abf60a3194b2b849,fayder.restcountries.v1.rest.CountryService,fayder.restcountries.v1.rest.CountryService_ESTest,24,0,True
418,BugSwarm,REST_Countries-154683750,4,9c5bde42a51f45608b5ac1eb00a38f8c,fayder.restcountries.v1.rest.CountryService,fayder.restcountries.v1.rest.CountryService_ESTest,25,0,True
419,BugSwarm,REST_Countries-154683750,4,27d4eb3e0d024dafb3dba474ec76dfef,fayder.restcountries.v1.rest.CountryService,fayder.restcountries.v1.rest.CountryService_ESTest,23,0,True
420,BugSwarm,REST_Countries-154683750,4,67a3ab2eb0ed4628b2d236776503a5e7,fayder.restcountries.v1.rest.CountryService,fayder.restcountries.v1.rest.CountryService_ESTest,23,0,True
421,BugSwarm,REST_Countries-154683750,4,7b879db8e6d3442fbb9af6a329c02285,fayder.restcountries.v1.rest.CountryService,fayder.restcountries.v1.rest.CountryService_ESTest,23,0,True
422,Genesis,JavaPoet-aee5f128,0,2e088f09edc64f12adcfb7b0076221e0,com.squareup.javapoet.TypeName,com.squareup.javapoet.TypeName_ESTest,21,0,True
423,Genesis,JavaPoet-aee5f128,0,cbfd015137ad4f7db11e99a64c999063,com.squareup.javapoet.TypeName,com.squareup.javapoet.TypeName_ESTest,21,0,True
424,Genesis,JavaPoet-aee5f128,0,7711c04451ef4ee3914363ea8ec256f6,com.squareup.javapoet.TypeName,com.squareup.javapoet.TypeName_ESTest,21,0,True
425,Genesis,JavaPoet-aee5f128,0,967c11fca8df41eabac1699ddfa0cfc9,com.squareup.javapoet.TypeName,com.squareup.javapoet.TypeName_ESTest,21,0,True
426,Genesis,JavaPoet-aee5f128,0,5cf236ff1add4fd1954a4c627effb7be,com.squareup.javapoet.TypeName,com.squareup.javapoet.TypeName_ESTest,21,0,True
427,Genesis,JavaPoet-aee5f128,0,c00f225408544d60aab6c45c1d83ce06,com.squareup.javapoet.TypeName,com.squareup.javapoet.TypeName_ESTest,21,0,True
428,Genesis,JavaPoet-aee5f128,0,829cb39fd47e4e20a9722d66d55f10d1,com.squareup.javapoet.TypeName,com.squareup.javapoet.TypeName_ESTest,21,0,True
429,Genesis,JavaPoet-aee5f128,0,7f82f7f5d34343368e86572f373e2c7b,com.squareup.javapoet.TypeName,com.squareup.javapoet.TypeName_ESTest,20,0,True
430,Genesis,JavaPoet-aee5f128,0,b3815f3e512f4d669576ddad239d6e0c,com.squareup.javapoet.TypeName,com.squareup.javapoet.TypeName_ESTest,21,0,True
431,Genesis,JavaPoet-aee5f128,0,8f7805af0ec14ce4b3bac76fe599d58e,com.squareup.javapoet.TypeName,com.squareup.javapoet.TypeName_ESTest,21,0,True
432,Genesis,JavaPoet-aee5f128,0,fbc89fbaf30c4ff4a2d45903bbb7eaee,com.squareup.javapoet.TypeName,com.squareup.javapoet.TypeName_ESTest,21,0,True
433,Genesis,JavaPoet-aee5f128,0,d0c6877d10c4404bb150731ac4973180,com.squareup.javapoet.TypeName,com.squareup.javapoet.TypeName_ESTest,20,0,True
434,Genesis,JavaPoet-aee5f128,0,985c566ab9d44c11a998f6f8aed792cc,com.squareup.javapoet.TypeName,com.squareup.javapoet.TypeName_ESTest,20,0,True
435,Genesis,JavaPoet-aee5f128,0,9537f4816086458ab7f5992f6234841c,com.squareup.javapoet.TypeName,com.squareup.javapoet.TypeName_ESTest,21,0,True
436,Genesis,JavaPoet-aee5f128,0,9ce372bb2225418bb5d3dda03f2e5880,com.squareup.javapoet.TypeName,com.squareup.javapoet.TypeName_ESTest,20,0,True
437,Genesis,JavaPoet-aee5f128,0,593f42782e2b48479b486e70659494fd,com.squareup.javapoet.TypeName,com.squareup.javapoet.TypeName_ESTest,21,0,True
438,Genesis,JavaPoet-aee5f128,0,067b9ac0607e4e2abd48ce0ad34b6035,com.squareup.javapoet.TypeName,com.squareup.javapoet.TypeName_ESTest,21,0,True
439,Genesis,JavaPoet-aee5f128,0,61663841d31d4551982e63ae240720e3,com.squareup.javapoet.TypeName,com.squareup.javapoet.TypeName_ESTest,21,0,True
440,Genesis,JavaPoet-aee5f128,0,f4f8808feec34cd49b430775cede84cb,com.squareup.javapoet.TypeName,com.squareup.javapoet.TypeName_ESTest,21,0,True
441,Genesis,JavaPoet-aee5f128,0,44df813412e14e2bbcb30533debd0c59,com.squareup.javapoet.TypeName,com.squareup.javapoet.TypeName_ESTest,21,0,True
442,Genesis,JavaPoet-aee5f128,0,48fda53d0d194c76bbab4a1e1f50b9c8,com.squareup.javapoet.TypeName,com.squareup.javapoet.TypeName_ESTest,21,0,True
443,Genesis,JavaPoet-aee5f128,0,fd2cdcf42846417985da720cc2b39346,com.squareup.javapoet.TypeName,com.squareup.javapoet.TypeName_ESTest,20,0,True
444,Genesis,JavaPoet-aee5f128,0,e98f76b9c78144539d56a1e190e3e63a,com.squareup.javapoet.TypeName,com.squareup.javapoet.TypeName_ESTest,21,0,True
445,Genesis,JavaPoet-aee5f128,0,016510ac55024140b4ad34387aa33330,com.squareup.javapoet.TypeName,com.squareup.javapoet.TypeName_ESTest,20,0,True
446,Genesis,JavaPoet-aee5f128,0,a487a3b399de46f192e1c35e4797d170,com.squareup.javapoet.TypeName,com.squareup.javapoet.TypeName_ESTest,21,0,True
447,Genesis,JavaPoet-aee5f128,0,665de2c7a6b84fa5950f89eb028d1279,com.squareup.javapoet.TypeName,com.squareup.javapoet.TypeName_ESTest,21,0,True
448,Genesis,JavaPoet-aee5f128,0,ced29185f1f4416486332f692e588dda,com.squareup.javapoet.TypeName,com.squareup.javapoet.TypeName_ESTest,21,0,True
449,Genesis,JavaPoet-aee5f128,0,50a8aa71807f48819d23872224b82d3a,com.squareup.javapoet.TypeName,com.squareup.javapoet.TypeName_ESTest,21,0,True
450,Genesis,JavaPoet-aee5f128,0,a040a9c1179142a29e3cf40754dcef81,com.squareup.javapoet.TypeName,com.squareup.javapoet.TypeName_ESTest,20,0,True
451,Genesis,JavaPoet-aee5f128,0,42bb70d0412541e1b8b08b13a8e5afd9,com.squareup.javapoet.TypeName,com.squareup.javapoet.TypeName_ESTest,21,0,True
452,Genesis,JavaPoet-aee5f128,0,8615af5399b144938ed5de2754a7789f,com.squareup.javapoet.TypeName,com.squareup.javapoet.TypeName_ESTest,21,0,True
453,Genesis,JavaPoet-aee5f128,0,f8ab3fac06344d35ba11af5cfd173802,com.squareup.javapoet.TypeName,com.squareup.javapoet.TypeName_ESTest,20,0,True
454,Genesis,Checkstyle-4f73fffd,0,57c6cf99017d4fe9b95b2bcbbbe1e132,com.puppycrawl.tools.checkstyle.checks.blocks.NeedBracesCheck,com.puppycrawl.tools.checkstyle.checks.blocks.NeedBracesCheck_ESTest,41,0,True
455,Genesis,Checkstyle-4f73fffd,0,a07a369785824fe3bdffb4cfbdd0ac37,com.puppycrawl.tools.checkstyle.checks.blocks.NeedBracesCheck,com.puppycrawl.tools.checkstyle.checks.blocks.NeedBracesCheck_ESTest,34,0,True
456,Genesis,Checkstyle-4f73fffd,0,23068fef58074ed0be5b1b83d4eede60,com.puppycrawl.tools.checkstyle.checks.blocks.NeedBracesCheck,com.puppycrawl.tools.checkstyle.checks.blocks.NeedBracesCheck_ESTest,40,0,True
457,Genesis,Checkstyle-4f73fffd,0,05fad2ee1df2401eb07c0acae0f6115b,com.puppycrawl.tools.checkstyle.checks.blocks.NeedBracesCheck,com.puppycrawl.tools.checkstyle.checks.blocks.NeedBracesCheck_ESTest,43,0,True
458,Genesis,Checkstyle-4f73fffd,0,6c184ff88c9e40ab8f9562435234a968,com.puppycrawl.tools.checkstyle.checks.blocks.NeedBracesCheck,com.puppycrawl.tools.checkstyle.checks.blocks.NeedBracesCheck_ESTest,39,0,False
459,Genesis,Checkstyle-4f73fffd,0,8ee3f806df4649b6b93623bd69448ee4,com.puppycrawl.tools.checkstyle.checks.blocks.NeedBracesCheck,com.puppycrawl.tools.checkstyle.checks.blocks.NeedBracesCheck_ESTest,43,0,True
460,Genesis,Checkstyle-4f73fffd,0,da0171ceb1874c52a959928f54306e1b,com.puppycrawl.tools.checkstyle.checks.blocks.NeedBracesCheck,com.puppycrawl.tools.checkstyle.checks.blocks.NeedBracesCheck_ESTest,37,0,True
461,Genesis,Checkstyle-4f73fffd,0,a35abe1a544643f688589b4ab9eb176b,com.puppycrawl.tools.checkstyle.checks.blocks.NeedBracesCheck,com.puppycrawl.tools.checkstyle.checks.blocks.NeedBracesCheck_ESTest,40,0,True
462,Genesis,Checkstyle-4f73fffd,0,ae821fad5121448493c533ab2c963017,com.puppycrawl.tools.checkstyle.checks.blocks.NeedBracesCheck,com.puppycrawl.tools.checkstyle.checks.blocks.NeedBracesCheck_ESTest,44,0,True
463,Genesis,Checkstyle-4f73fffd,0,a6e09b835f6f47839f2081a9753261d9,com.puppycrawl.tools.checkstyle.checks.blocks.NeedBracesCheck,com.puppycrawl.tools.checkstyle.checks.blocks.NeedBracesCheck_ESTest,40,0,True
464,Genesis,Checkstyle-4f73fffd,0,634339de7f0e46f18617651a2ed3b853,com.puppycrawl.tools.checkstyle.checks.blocks.NeedBracesCheck,com.puppycrawl.tools.checkstyle.checks.blocks.NeedBracesCheck_ESTest,40,0,True
465,Genesis,Checkstyle-4f73fffd,0,f6db1c41bc7f4f8bb1d00e65e13644f6,com.puppycrawl.tools.checkstyle.checks.blocks.NeedBracesCheck,com.puppycrawl.tools.checkstyle.checks.blocks.NeedBracesCheck_ESTest,40,0,True
466,Genesis,Checkstyle-4f73fffd,0,bae19eee1c304ccaaf73da01ec0570c8,com.puppycrawl.tools.checkstyle.checks.blocks.NeedBracesCheck,com.puppycrawl.tools.checkstyle.checks.blocks.NeedBracesCheck_ESTest,41,0,True
467,Genesis,Checkstyle-4f73fffd,0,4269d7b9fc9a40d794e6787dc5c90b9f,com.puppycrawl.tools.checkstyle.checks.blocks.NeedBracesCheck,com.puppycrawl.tools.checkstyle.checks.blocks.NeedBracesCheck_ESTest,39,0,True
468,Genesis,Checkstyle-4f73fffd,0,76d049c750994863a61614eedb102f3b,com.puppycrawl.tools.checkstyle.checks.blocks.NeedBracesCheck,com.puppycrawl.tools.checkstyle.checks.blocks.NeedBracesCheck_ESTest,38,0,True
469,Genesis,Checkstyle-4f73fffd,0,a77acfb924a6489ab671d1b5688ef141,com.puppycrawl.tools.checkstyle.checks.blocks.NeedBracesCheck,com.puppycrawl.tools.checkstyle.checks.blocks.NeedBracesCheck_ESTest,36,0,True
470,Genesis,Checkstyle-4f73fffd,0,d58479d195c24e889f4a780fef95d7d5,com.puppycrawl.tools.checkstyle.checks.blocks.NeedBracesCheck,com.puppycrawl.tools.checkstyle.checks.blocks.NeedBracesCheck_ESTest,35,0,False
471,Genesis,Checkstyle-4f73fffd,0,7e134aeb5569411c915d67cbcd8e5bca,com.puppycrawl.tools.checkstyle.checks.blocks.NeedBracesCheck,com.puppycrawl.tools.checkstyle.checks.blocks.NeedBracesCheck_ESTest,40,0,False
472,Genesis,Checkstyle-4f73fffd,0,1a73271a869341be8c5fadf2c14696c5,com.puppycrawl.tools.checkstyle.checks.blocks.NeedBracesCheck,com.puppycrawl.tools.checkstyle.checks.blocks.NeedBracesCheck_ESTest,40,0,True
473,Genesis,Checkstyle-4f73fffd,0,314293ae5b2a4041adddb48e4a328ab8,com.puppycrawl.tools.checkstyle.checks.blocks.NeedBracesCheck,com.puppycrawl.tools.checkstyle.checks.blocks.NeedBracesCheck_ESTest,40,0,True
474,Genesis,Checkstyle-4f73fffd,0,e8d49cdcc78b47a39c71cad65697c8a0,com.puppycrawl.tools.checkstyle.checks.blocks.NeedBracesCheck,com.puppycrawl.tools.checkstyle.checks.blocks.NeedBracesCheck_ESTest,37,0,False
475,Genesis,Checkstyle-4f73fffd,0,f672e4b63b5f41cea67aa671f3e54f18,com.puppycrawl.tools.checkstyle.checks.blocks.NeedBracesCheck,com.puppycrawl.tools.checkstyle.checks.blocks.NeedBracesCheck_ESTest,47,0,True
476,Genesis,Checkstyle-4f73fffd,0,5b8785b6e495453d8409ec4298b3a984,com.puppycrawl.tools.checkstyle.checks.blocks.NeedBracesCheck,com.puppycrawl.tools.checkstyle.checks.blocks.NeedBracesCheck_ESTest,47,0,True
477,Genesis,Checkstyle-4f73fffd,0,8ba59f81ea1545de9c24a6734b4d35ee,com.puppycrawl.tools.checkstyle.checks.blocks.NeedBracesCheck,com.puppycrawl.tools.checkstyle.checks.blocks.NeedBracesCheck_ESTest,40,0,True
478,Genesis,Checkstyle-4f73fffd,0,5fae2ce933644eebb3fd509516544001,com.puppycrawl.tools.checkstyle.checks.blocks.NeedBracesCheck,com.puppycrawl.tools.checkstyle.checks.blocks.NeedBracesCheck_ESTest,39,0,True
479,Genesis,Checkstyle-4f73fffd,0,59d420b478a748c79bdbb4f2e84c2ace,com.puppycrawl.tools.checkstyle.checks.blocks.NeedBracesCheck,com.puppycrawl.tools.checkstyle.checks.blocks.NeedBracesCheck_ESTest,46,0,True
480,Genesis,Checkstyle-4f73fffd,0,2933be586c07478f8799bf197ee7dd48,com.puppycrawl.tools.checkstyle.checks.blocks.NeedBracesCheck,com.puppycrawl.tools.checkstyle.checks.blocks.NeedBracesCheck_ESTest,43,0,True
481,Genesis,Checkstyle-4f73fffd,0,d270d38c3ed94ddd8962c77caf62f723,com.puppycrawl.tools.checkstyle.checks.blocks.NeedBracesCheck,com.puppycrawl.tools.checkstyle.checks.blocks.NeedBracesCheck_ESTest,41,0,True
482,Genesis,Checkstyle-91e10c29,0,de23aefde0764d78b98c14123b3ca910,com.puppycrawl.tools.checkstyle.checks.SuppressWarningsHolder,com.puppycrawl.tools.checkstyle.checks.SuppressWarningsHolder_ESTest,23,0,False
483,Genesis,Checkstyle-91e10c29,0,1da910dfd7de4a4fab43c6dbd341b76d,com.puppycrawl.tools.checkstyle.checks.SuppressWarningsHolder,com.puppycrawl.tools.checkstyle.checks.SuppressWarningsHolder_ESTest,23,0,False
484,Genesis,Checkstyle-91e10c29,0,b0b58d9ff86f4a56b04261091664805e,com.puppycrawl.tools.checkstyle.checks.SuppressWarningsHolder,com.puppycrawl.tools.checkstyle.checks.SuppressWarningsHolder_ESTest,20,0,False
485,Genesis,Checkstyle-91e10c29,0,1ac867fdf2184070a5a10d85234e0d66,com.puppycrawl.tools.checkstyle.checks.SuppressWarningsHolder,com.puppycrawl.tools.checkstyle.checks.SuppressWarningsHolder_ESTest,22,0,False
486,Genesis,Checkstyle-16493bfb,0,6393f1ee0bf84f7cadec131299be972c,com.puppycrawl.tools.checkstyle.checks.coding.ModifiedControlVariableCheck,com.puppycrawl.tools.checkstyle.checks.coding.ModifiedControlVariableCheck_ESTest,51,0,False
487,Genesis,Checkstyle-be8a60a4,0,e45bb1ef32304259a605f9c513906d81,com.puppycrawl.tools.checkstyle.checks.naming.ParameterNameCheck,com.puppycrawl.tools.checkstyle.checks.naming.ParameterNameCheck_ESTest,9,0,False
488,Genesis,Javaslang-0dab3ed3,0,e681bdeaaf354a5cbf9b296bf838e9f4,javaslang.Tuples,javaslang.Tuples_ESTest,114,0,True
489,Genesis,Activiti-31c8ea16,0,bbd23aa8f1ad4fd38ce9e850bdb851f3,org.activiti.engine.impl.event.AbstractEventHandler,org.activiti.engine.impl.event.AbstractEventHandler_ESTest,2,0,True
490,Genesis,Activiti-31c8ea16,0,aafdd50ec9ac49b0965694cfd93db08a,org.activiti.engine.impl.event.AbstractEventHandler,org.activiti.engine.impl.event.AbstractEventHandler_ESTest,2,0,True
491,Genesis,Activiti-31c8ea16,0,9898d6df097e423aaab1ac90a40ac15b,org.activiti.engine.impl.event.AbstractEventHandler,org.activiti.engine.impl.event.AbstractEventHandler_ESTest,2,0,True
492,Genesis,Activiti-31c8ea16,0,52692e301210460baa5e949ae23d3581,org.activiti.engine.impl.event.AbstractEventHandler,org.activiti.engine.impl.event.AbstractEventHandler_ESTest,2,0,True
493,Genesis,Activiti-31c8ea16,0,b9cb23bfd5da4eaba904fe1c010a426c,org.activiti.engine.impl.event.AbstractEventHandler,org.activiti.engine.impl.event.AbstractEventHandler_ESTest,2,0,True
494,Genesis,Activiti-31c8ea16,0,3bd52cc116014a7d973d22cb4a0ba10a,org.activiti.engine.impl.event.AbstractEventHandler,org.activiti.engine.impl.event.AbstractEventHandler_ESTest,2,0,True
495,Genesis,Activiti-31c8ea16,0,69ac875fce4f47b1960d3e11bade9a4f,org.activiti.engine.impl.event.AbstractEventHandler,org.activiti.engine.impl.event.AbstractEventHandler_ESTest,2,0,True
496,Genesis,Activiti-31c8ea16,0,3443bf63a8b9462098e9020fa2f5360f,org.activiti.engine.impl.event.AbstractEventHandler,org.activiti.engine.impl.event.AbstractEventHandler_ESTest,2,0,True
497,Genesis,Activiti-31c8ea16,0,599fb4d5e7084bc48e1ce17fc3c682fb,org.activiti.engine.impl.event.AbstractEventHandler,org.activiti.engine.impl.event.AbstractEventHandler_ESTest,2,0,True
498,Genesis,Activiti-31c8ea16,0,2ffc9d1459d44340a9775386aa264c40,org.activiti.engine.impl.event.AbstractEventHandler,org.activiti.engine.impl.event.AbstractEventHandler_ESTest,2,0,True
499,Genesis,Activiti-31c8ea16,0,80f3172b799e43a5ab703a489459b0c3,org.activiti.engine.impl.event.AbstractEventHandler,org.activiti.engine.impl.event.AbstractEventHandler_ESTest,2,0,True
500,Genesis,Activiti-31c8ea16,0,37c8bfe0dca041a1a8bd57bcd9f2fbcc,org.activiti.engine.impl.event.AbstractEventHandler,org.activiti.engine.impl.event.AbstractEventHandler_ESTest,4,0,True
501,Genesis,Activiti-31c8ea16,0,538f443003024e5e965fd49323c8dcd6,org.activiti.engine.impl.event.AbstractEventHandler,org.activiti.engine.impl.event.AbstractEventHandler_ESTest,2,0,True
502,Genesis,Activiti-31c8ea16,0,3ebe374eebdb4dadbc0b37cc6ce280ca,org.activiti.engine.impl.event.AbstractEventHandler,org.activiti.engine.impl.event.AbstractEventHandler_ESTest,2,0,True
503,Genesis,Activiti-31c8ea16,0,6c43543deca14f0cb4724ed8ec997305,org.activiti.engine.impl.event.AbstractEventHandler,org.activiti.engine.impl.event.AbstractEventHandler_ESTest,2,0,True
504,Genesis,Activiti-31c8ea16,0,7cf3926733f748618eabd7041ff1196c,org.activiti.engine.impl.event.AbstractEventHandler,org.activiti.engine.impl.event.AbstractEventHandler_ESTest,2,0,True
505,Genesis,Activiti-31c8ea16,0,a1f52d091753455ba46027a92935cc01,org.activiti.engine.impl.event.AbstractEventHandler,org.activiti.engine.impl.event.AbstractEventHandler_ESTest,6,0,False
506,Genesis,Activiti-31c8ea16,0,d7083d4898664d6fa165b6a33bf5705b,org.activiti.engine.impl.event.AbstractEventHandler,org.activiti.engine.impl.event.AbstractEventHandler_ESTest,2,0,True
507,Genesis,Activiti-31c8ea16,0,45f367ec0d6541758437a7de963ff911,org.activiti.engine.impl.event.AbstractEventHandler,org.activiti.engine.impl.event.AbstractEventHandler_ESTest,2,0,True
508,Genesis,Activiti-31c8ea16,0,8a8a58b5117e40c298702df288050a8d,org.activiti.engine.impl.event.AbstractEventHandler,org.activiti.engine.impl.event.AbstractEventHandler_ESTest,5,0,False
509,Genesis,Activiti-31c8ea16,0,582e296ac44b4f44b8532d7bc50e6c9d,org.activiti.engine.impl.event.AbstractEventHandler,org.activiti.engine.impl.event.AbstractEventHandler_ESTest,2,0,True
510,Genesis,Activiti-31c8ea16,0,426bc6468c9d4ac4bb5129634e4bf54d,org.activiti.engine.impl.event.AbstractEventHandler,org.activiti.engine.impl.event.AbstractEventHandler_ESTest,2,0,True
511,Genesis,Activiti-31c8ea16,0,0fd3da514b33433ca88f75f061f26c1b,org.activiti.engine.impl.event.AbstractEventHandler,org.activiti.engine.impl.event.AbstractEventHandler_ESTest,2,0,True
512,Genesis,Activiti-31c8ea16,0,fa77cacf52db41c9a923ba7b09eefc66,org.activiti.engine.impl.event.AbstractEventHandler,org.activiti.engine.impl.event.AbstractEventHandler_ESTest,6,0,False
513,Genesis,Activiti-31c8ea16,0,acd7cacd087348e6b24cc7bf417a0c9d,org.activiti.engine.impl.event.AbstractEventHandler,org.activiti.engine.impl.event.AbstractEventHandler_ESTest,2,0,True
514,Genesis,Activiti-31c8ea16,0,7765cc44df1d4268b1a614c738514672,org.activiti.engine.impl.event.AbstractEventHandler,org.activiti.engine.impl.event.AbstractEventHandler_ESTest,2,0,True
515,Genesis,Activiti-31c8ea16,0,51c8653a72b443ad83b53c9ef0633196,org.activiti.engine.impl.event.AbstractEventHandler,org.activiti.engine.impl.event.AbstractEventHandler_ESTest,2,0,True
516,Genesis,Activiti-31c8ea16,0,9660fe3ebe8742ecbb435c2e48237f99,org.activiti.engine.impl.event.AbstractEventHandler,org.activiti.engine.impl.event.AbstractEventHandler_ESTest,2,0,True
517,Genesis,Activiti-31c8ea16,0,e057393b7faa4f5fb6c1c57e4064bb3a,org.activiti.engine.impl.event.AbstractEventHandler,org.activiti.engine.impl.event.AbstractEventHandler_ESTest,2,0,True
518,Genesis,Activiti-31c8ea16,0,81585528bdb943c7abb82b36d2543059,org.activiti.engine.impl.event.AbstractEventHandler,org.activiti.engine.impl.event.AbstractEventHandler_ESTest,2,0,True
519,Genesis,Activiti-31c8ea16,0,7e6ce93a536e4678a8a5b49943279d74,org.activiti.engine.impl.event.AbstractEventHandler,org.activiti.engine.impl.event.AbstractEventHandler_ESTest,2,0,True
520,Defects4J,Csv-9,0,7f7d0b912f534ceeb626e7e178c084d4,org.apache.commons.csv.CSVRecord,org.apache.commons.csv.CSVRecord_ESTest,43,0,True
521,Defects4J,Csv-9,0,10a10a83ac4a4d0cb209a024ae31b2a0,org.apache.commons.csv.CSVRecord,org.apache.commons.csv.CSVRecord_ESTest,42,0,True
522,Defects4J,Csv-9,0,1053d5ebc8344a1aadfc55f5452ff08d,org.apache.commons.csv.CSVRecord,org.apache.commons.csv.CSVRecord_ESTest,43,0,True
523,Defects4J,Csv-9,0,621b3456ed5a45499d06eaa8a2f61ef0,org.apache.commons.csv.CSVRecord,org.apache.commons.csv.CSVRecord_ESTest,42,0,True
524,Defects4J,Csv-9,0,ffeb5bf7b7e94a099e3efbf91ba83c61,org.apache.commons.csv.CSVRecord,org.apache.commons.csv.CSVRecord_ESTest,41,0,True
525,Defects4J,Csv-9,0,b9ac597ff9e64bc5b86c6c540089ce8c,org.apache.commons.csv.CSVRecord,org.apache.commons.csv.CSVRecord_ESTest,42,0,True
526,Defects4J,Csv-9,0,aa40a5a81ef8420caf52e250c28b0fbc,org.apache.commons.csv.CSVRecord,org.apache.commons.csv.CSVRecord_ESTest,42,0,True
527,Defects4J,Csv-9,0,98a514a54add4850a36dcd5451314048,org.apache.commons.csv.CSVRecord,org.apache.commons.csv.CSVRecord_ESTest,42,0,True
528,Defects4J,Csv-9,0,34f5dfbb7bc240cbbfa2f0fb9280bdd6,org.apache.commons.csv.CSVRecord,org.apache.commons.csv.CSVRecord_ESTest,42,0,True
529,Defects4J,Csv-9,0,f6c670216b93490bad6285942e2354c7,org.apache.commons.csv.CSVRecord,org.apache.commons.csv.CSVRecord_ESTest,42,0,True
530,Defects4J,Csv-9,0,5d39f3964efd41ffa436f78c77a481cd,org.apache.commons.csv.CSVRecord,org.apache.commons.csv.CSVRecord_ESTest,41,0,True
531,Defects4J,Csv-9,0,77c0dc39031143088add289bc144c0d9,org.apache.commons.csv.CSVRecord,org.apache.commons.csv.CSVRecord_ESTest,42,0,True
532,Defects4J,Csv-9,0,ba3eca1b42f84341bf5640e6c86a216f,org.apache.commons.csv.CSVRecord,org.apache.commons.csv.CSVRecord_ESTest,41,0,True
533,Defects4J,Csv-9,0,caf346ec9ff948dc9c36bd5e86a1a926,org.apache.commons.csv.CSVRecord,org.apache.commons.csv.CSVRecord_ESTest,42,0,True
534,Defects4J,Csv-9,0,1b701bb16e374e73a03ccbd1c47536b1,org.apache.commons.csv.CSVRecord,org.apache.commons.csv.CSVRecord_ESTest,42,0,True
535,Defects4J,Csv-9,0,88c5194c11cb4c44853dfbae48ba44e6,org.apache.commons.csv.CSVRecord,org.apache.commons.csv.CSVRecord_ESTest,43,0,True
536,Defects4J,Csv-9,0,c8d07f1bc1024b1f884358efe0de9786,org.apache.commons.csv.CSVRecord,org.apache.commons.csv.CSVRecord_ESTest,42,0,True
537,Defects4J,Csv-9,0,b0c41f658b704113b7e3062b3be9c980,org.apache.commons.csv.CSVRecord,org.apache.commons.csv.CSVRecord_ESTest,41,0,True
538,Defects4J,Csv-9,0,fe6e299ba7c24177b7d91d5bc30ac15d,org.apache.commons.csv.CSVRecord,org.apache.commons.csv.CSVRecord_ESTest,42,0,True
539,Defects4J,Csv-9,0,6c8c56e6318d4cb292b926c89a1c956e,org.apache.commons.csv.CSVRecord,org.apache.commons.csv.CSVRecord_ESTest,42,0,True
540,Defects4J,Csv-9,0,ac4464acff13469b961471ab5f1196c7,org.apache.commons.csv.CSVRecord,org.apache.commons.csv.CSVRecord_ESTest,43,0,False
541,Defects4J,Csv-9,0,4255156cc898416a9fbecd7db478649c,org.apache.commons.csv.CSVRecord,org.apache.commons.csv.CSVRecord_ESTest,42,0,True
542,Defects4J,Csv-9,0,58bb2ec2310f48eb91971f1ce8077b4b,org.apache.commons.csv.CSVRecord,org.apache.commons.csv.CSVRecord_ESTest,42,0,True
543,Defects4J,Csv-9,0,fffbf2969e4742688cb7e462efe6a336,org.apache.commons.csv.CSVRecord,org.apache.commons.csv.CSVRecord_ESTest,42,0,True
544,Defects4J,Csv-9,0,65f4b2a8ae8f4d30a72bc728ddc52c26,org.apache.commons.csv.CSVRecord,org.apache.commons.csv.CSVRecord_ESTest,41,0,True
545,Defects4J,Csv-9,0,638788b318ad470da710df415773c125,org.apache.commons.csv.CSVRecord,org.apache.commons.csv.CSVRecord_ESTest,40,0,True
546,Defects4J,Csv-9,0,dfa11ee7fd2b48349ce821dd83dd9bca,org.apache.commons.csv.CSVRecord,org.apache.commons.csv.CSVRecord_ESTest,43,0,True
547,Defects4J,Csv-9,0,cd1e6b59ea854855a94d566e7778b72f,org.apache.commons.csv.CSVRecord,org.apache.commons.csv.CSVRecord_ESTest,41,0,True
548,Defects4J,Csv-9,0,9c2738da9285424aacf1467fa4c40408,org.apache.commons.csv.CSVRecord,org.apache.commons.csv.CSVRecord_ESTest,42,0,True
549,Defects4J,Csv-9,0,1e06195b5cb84320bd777b3b8b541968,org.apache.commons.csv.CSVRecord,org.apache.commons.csv.CSVRecord_ESTest,42,0,True
550,Defects4J,Csv-9,0,208f9b71d0894f4785a42cdc442318b9,org.apache.commons.csv.CSVRecord,org.apache.commons.csv.CSVRecord_ESTest,41,0,True
551,Defects4J,Csv-9,0,84f1007830834bd382ae7958267c0b61,org.apache.commons.csv.CSVRecord,org.apache.commons.csv.CSVRecord_ESTest,42,0,True
552,Defects4J,Math-70,0,4025fdf747174653a14d8f83411a448d,org.apache.commons.math.analysis.solvers.BisectionSolver,org.apache.commons.math.analysis.solvers.BisectionSolver_ESTest,34,0,True
553,Defects4J,Math-70,0,0b773ff70d704d04ae9820db3cf8ba1f,org.apache.commons.math.analysis.solvers.BisectionSolver,org.apache.commons.math.analysis.solvers.BisectionSolver_ESTest,33,0,True
554,Defects4J,Math-70,0,62d1d77da22446118a13fb80790729d4,org.apache.commons.math.analysis.solvers.BisectionSolver,org.apache.commons.math.analysis.solvers.BisectionSolver_ESTest,31,0,True
555,Defects4J,Math-70,0,b3942aafdc954942973225f1a102fc65,org.apache.commons.math.analysis.solvers.BisectionSolver,org.apache.commons.math.analysis.solvers.BisectionSolver_ESTest,33,0,True
556,Defects4J,Math-70,0,5fc31fc00d364c51a296caa99c26af21,org.apache.commons.math.analysis.solvers.BisectionSolver,org.apache.commons.math.analysis.solvers.BisectionSolver_ESTest,30,0,True
557,Defects4J,Math-70,0,fafe50351cfe47818d24eb42afa1a700,org.apache.commons.math.analysis.solvers.BisectionSolver,org.apache.commons.math.analysis.solvers.BisectionSolver_ESTest,33,0,True
558,Defects4J,Math-70,0,5290793e52314d1a9143f0f02bc47818,org.apache.commons.math.analysis.solvers.BisectionSolver,org.apache.commons.math.analysis.solvers.BisectionSolver_ESTest,34,0,True
559,Defects4J,Math-70,0,1cdd5de56e7d4753896f6a3fe90c0a29,org.apache.commons.math.analysis.solvers.BisectionSolver,org.apache.commons.math.analysis.solvers.BisectionSolver_ESTest,30,0,True
560,Defects4J,Math-70,0,ea12f6d1f621407997dc912249618bf5,org.apache.commons.math.analysis.solvers.BisectionSolver,org.apache.commons.math.analysis.solvers.BisectionSolver_ESTest,35,0,True
561,Defects4J,Math-70,0,1b1ef113bd2d4d4997bdd54894474e96,org.apache.commons.math.analysis.solvers.BisectionSolver,org.apache.commons.math.analysis.solvers.BisectionSolver_ESTest,33,0,True
562,Defects4J,Math-70,0,280e7f3533a14d5daf1f564c38cbb927,org.apache.commons.math.analysis.solvers.BisectionSolver,org.apache.commons.math.analysis.solvers.BisectionSolver_ESTest,30,0,True
563,Defects4J,Math-70,0,685e9d1c8c5b4b61bfd822ca8eadb517,org.apache.commons.math.analysis.solvers.BisectionSolver,org.apache.commons.math.analysis.solvers.BisectionSolver_ESTest,34,0,True
564,Defects4J,Math-70,0,8f466629f4bc4ac0b777bb4fcce184df,org.apache.commons.math.analysis.solvers.BisectionSolver,org.apache.commons.math.analysis.solvers.BisectionSolver_ESTest,29,0,True
565,Defects4J,Math-70,0,c1c54d03bd164d49877df6c461a181bd,org.apache.commons.math.analysis.solvers.BisectionSolver,org.apache.commons.math.analysis.solvers.BisectionSolver_ESTest,31,0,True
566,Defects4J,Math-70,0,762f1a11ea404bda913e102f4bfc0168,org.apache.commons.math.analysis.solvers.BisectionSolver,org.apache.commons.math.analysis.solvers.BisectionSolver_ESTest,33,0,True
567,Defects4J,Math-70,0,982541c81e944b378544b7db0d533d17,org.apache.commons.math.analysis.solvers.BisectionSolver,org.apache.commons.math.analysis.solvers.BisectionSolver_ESTest,33,0,True
568,Defects4J,Math-70,0,689d4024fd6a4e159ab7787d79439ab9,org.apache.commons.math.analysis.solvers.BisectionSolver,org.apache.commons.math.analysis.solvers.BisectionSolver_ESTest,34,0,True
569,Defects4J,Math-70,0,b36153d03a5a456bb91e7110569a0574,org.apache.commons.math.analysis.solvers.BisectionSolver,org.apache.commons.math.analysis.solvers.BisectionSolver_ESTest,37,0,True
570,Defects4J,Math-70,0,05e6e3d8cb62459b967f1e13100a37f7,org.apache.commons.math.analysis.solvers.BisectionSolver,org.apache.commons.math.analysis.solvers.BisectionSolver_ESTest,37,0,True
571,Defects4J,Math-70,0,7a51ba6af10d45d4add969b24da5446f,org.apache.commons.math.analysis.solvers.BisectionSolver,org.apache.commons.math.analysis.solvers.BisectionSolver_ESTest,33,0,True
572,Defects4J,Math-70,0,b1041fd6d3194491a8f4a104f24bb409,org.apache.commons.math.analysis.solvers.BisectionSolver,org.apache.commons.math.analysis.solvers.BisectionSolver_ESTest,33,0,True
573,Defects4J,Math-70,0,e588d53e36fa4d75b8912d08f07d3e85,org.apache.commons.math.analysis.solvers.BisectionSolver,org.apache.commons.math.analysis.solvers.BisectionSolver_ESTest,34,0,True
574,Defects4J,Math-70,0,1cb3b15196a34634ac99bea010dd2b0d,org.apache.commons.math.analysis.solvers.BisectionSolver,org.apache.commons.math.analysis.solvers.BisectionSolver_ESTest,33,0,True
575,Defects4J,Math-70,0,49256ededa874028a1d2943d95209aaf,org.apache.commons.math.analysis.solvers.BisectionSolver,org.apache.commons.math.analysis.solvers.BisectionSolver_ESTest,30,0,True
576,Defects4J,Math-70,0,555c98ad8ef846bb9c981f41093a5abf,org.apache.commons.math.analysis.solvers.BisectionSolver,org.apache.commons.math.analysis.solvers.BisectionSolver_ESTest,34,0,True
577,Defects4J,Math-70,0,4fc1fe37c9e74d9f8de34cc2bf00d4a5,org.apache.commons.math.analysis.solvers.BisectionSolver,org.apache.commons.math.analysis.solvers.BisectionSolver_ESTest,32,0,True
578,Defects4J,Math-70,0,ea7e26bf9b2440b5a2ee0306871eb0ca,org.apache.commons.math.analysis.solvers.BisectionSolver,org.apache.commons.math.analysis.solvers.BisectionSolver_ESTest,34,0,True
579,Defects4J,Math-70,0,a5752bd405b049b2ba34a10d05800e93,org.apache.commons.math.analysis.solvers.BisectionSolver,org.apache.commons.math.analysis.solvers.BisectionSolver_ESTest,33,0,True
580,Defects4J,Math-70,0,f44992d436c9493196d200deffa51b73,org.apache.commons.math.analysis.solvers.BisectionSolver,org.apache.commons.math.analysis.solvers.BisectionSolver_ESTest,31,0,True
581,Defects4J,Math-70,0,a76d471ce2884d8c87081cc82ca5a6a9,org.apache.commons.math.analysis.solvers.BisectionSolver,org.apache.commons.math.analysis.solvers.BisectionSolver_ESTest,33,0,True
582,Defects4J,Math-70,0,ee912ba54b9f423e90e8440eb3738589,org.apache.commons.math.analysis.solvers.BisectionSolver,org.apache.commons.math.analysis.solvers.BisectionSolver_ESTest,33,0,True
583,Defects4J,Math-70,0,a3821420c664420caa237721460f551d,org.apache.commons.math.analysis.solvers.BisectionSolver,org.apache.commons.math.analysis.solvers.BisectionSolver_ESTest,31,0,True
584,Defects4J,Math-79,0,4c6de213df01453a936e86b14af4f187,org.apache.commons.math.stat.clustering.KMeansPlusPlusClusterer,org.apache.commons.math.stat.clustering.KMeansPlusPlusClusterer_ESTest,8,0,True
585,Defects4J,Math-79,0,9456a2d0f8f04a20a4f39f4c2bfa4eb8,org.apache.commons.math.stat.clustering.KMeansPlusPlusClusterer,org.apache.commons.math.stat.clustering.KMeansPlusPlusClusterer_ESTest,8,0,True
586,Defects4J,Math-79,0,e8436cfbdf6a4b52a4baa46b027ba446,org.apache.commons.math.stat.clustering.KMeansPlusPlusClusterer,org.apache.commons.math.stat.clustering.KMeansPlusPlusClusterer_ESTest,8,0,True
587,Defects4J,Math-79,0,6dc4d3aeb48243eab277e4864dc333c5,org.apache.commons.math.stat.clustering.KMeansPlusPlusClusterer,org.apache.commons.math.stat.clustering.KMeansPlusPlusClusterer_ESTest,9,0,True
588,Defects4J,Math-79,0,8b2683a31a214f5fbc39ffdac6a18dea,org.apache.commons.math.stat.clustering.KMeansPlusPlusClusterer,org.apache.commons.math.stat.clustering.KMeansPlusPlusClusterer_ESTest,11,0,True
589,Defects4J,Math-79,0,98cb64cd08d341519669d369b0f4dfcb,org.apache.commons.math.stat.clustering.KMeansPlusPlusClusterer,org.apache.commons.math.stat.clustering.KMeansPlusPlusClusterer_ESTest,7,0,True
590,Defects4J,Math-79,0,10b9aa7d8a634ecc8186f5b234f1ec06,org.apache.commons.math.stat.clustering.KMeansPlusPlusClusterer,org.apache.commons.math.stat.clustering.KMeansPlusPlusClusterer_ESTest,10,0,True
591,Defects4J,Math-79,0,14f7f2b3b19e48528325724cedffa2f4,org.apache.commons.math.stat.clustering.KMeansPlusPlusClusterer,org.apache.commons.math.stat.clustering.KMeansPlusPlusClusterer_ESTest,8,0,True
592,Defects4J,Math-79,0,fb27ae388bc64d9cbac91fc7fad1c289,org.apache.commons.math.stat.clustering.KMeansPlusPlusClusterer,org.apache.commons.math.stat.clustering.KMeansPlusPlusClusterer_ESTest,9,0,True
593,Defects4J,Math-79,0,73a5e72072bf4a928e2411a2b39b4afb,org.apache.commons.math.stat.clustering.KMeansPlusPlusClusterer,org.apache.commons.math.stat.clustering.KMeansPlusPlusClusterer_ESTest,9,0,True
594,Defects4J,Math-79,0,00380607208a4b77988504c0aebf4d75,org.apache.commons.math.stat.clustering.KMeansPlusPlusClusterer,org.apache.commons.math.stat.clustering.KMeansPlusPlusClusterer_ESTest,9,0,True
595,Defects4J,Math-79,0,3e63151a650c4458b3472917d856d5b0,org.apache.commons.math.stat.clustering.KMeansPlusPlusClusterer,org.apache.commons.math.stat.clustering.KMeansPlusPlusClusterer_ESTest,8,0,True
596,Defects4J,Math-79,0,3f39a82db4af4a5da8054fbb7dd764b0,org.apache.commons.math.stat.clustering.KMeansPlusPlusClusterer,org.apache.commons.math.stat.clustering.KMeansPlusPlusClusterer_ESTest,10,0,True
597,Defects4J,Math-79,0,ab6c320e076c4492b57524d74114c7fb,org.apache.commons.math.stat.clustering.KMeansPlusPlusClusterer,org.apache.commons.math.stat.clustering.KMeansPlusPlusClusterer_ESTest,10,0,True
598,Defects4J,Math-79,0,fed05889b78e46988752393a7b62c4a2,org.apache.commons.math.stat.clustering.KMeansPlusPlusClusterer,org.apache.commons.math.stat.clustering.KMeansPlusPlusClusterer_ESTest,8,0,True
599,Defects4J,Math-79,0,504d3b665c114891bb3337dab61d7757,org.apache.commons.math.stat.clustering.KMeansPlusPlusClusterer,org.apache.commons.math.stat.clustering.KMeansPlusPlusClusterer_ESTest,8,0,True
600,Defects4J,Math-79,0,af996af3341f4d72b738bb25c2434794,org.apache.commons.math.stat.clustering.KMeansPlusPlusClusterer,org.apache.commons.math.stat.clustering.KMeansPlusPlusClusterer_ESTest,10,0,True
601,Defects4J,Math-79,0,67b9cdf362e342b89b2e60b6769b96a0,org.apache.commons.math.stat.clustering.KMeansPlusPlusClusterer,org.apache.commons.math.stat.clustering.KMeansPlusPlusClusterer_ESTest,8,0,False
602,Defects4J,Math-79,0,d523ed69904d45ada86f9bff3569c527,org.apache.commons.math.stat.clustering.KMeansPlusPlusClusterer,org.apache.commons.math.stat.clustering.KMeansPlusPlusClusterer_ESTest,9,0,True
603,Defects4J,Math-79,0,676ec64747374e44bb20637c2089b9b9,org.apache.commons.math.stat.clustering.KMeansPlusPlusClusterer,org.apache.commons.math.stat.clustering.KMeansPlusPlusClusterer_ESTest,10,0,True
604,Defects4J,Math-79,0,fa3a3ae4357e47acb51c92b219347785,org.apache.commons.math.stat.clustering.KMeansPlusPlusClusterer,org.apache.commons.math.stat.clustering.KMeansPlusPlusClusterer_ESTest,10,0,True
605,Defects4J,Math-79,0,3edd1e1f07d54450b4929ceccf9a2237,org.apache.commons.math.stat.clustering.KMeansPlusPlusClusterer,org.apache.commons.math.stat.clustering.KMeansPlusPlusClusterer_ESTest,8,0,True
606,Defects4J,Math-79,0,88ba6c1f358046a08cfcd6749a0572be,org.apache.commons.math.stat.clustering.KMeansPlusPlusClusterer,org.apache.commons.math.stat.clustering.KMeansPlusPlusClusterer_ESTest,9,0,True
607,Defects4J,Math-79,0,340fbbe579e7438fbd06274ac5d7eb4f,org.apache.commons.math.stat.clustering.KMeansPlusPlusClusterer,org.apache.commons.math.stat.clustering.KMeansPlusPlusClusterer_ESTest,8,0,True
608,Defects4J,Math-79,0,c7d8a4ac5e754cab9ba11335b3b697eb,org.apache.commons.math.stat.clustering.KMeansPlusPlusClusterer,org.apache.commons.math.stat.clustering.KMeansPlusPlusClusterer_ESTest,8,0,True
609,Defects4J,Math-79,0,1275ef13ef5b4c8cbbd1eec6bf54afae,org.apache.commons.math.stat.clustering.KMeansPlusPlusClusterer,org.apache.commons.math.stat.clustering.KMeansPlusPlusClusterer_ESTest,9,0,True
610,Defects4J,Math-79,0,8c02e6211113488299ba3b0d68dbb241,org.apache.commons.math.stat.clustering.KMeansPlusPlusClusterer,org.apache.commons.math.stat.clustering.KMeansPlusPlusClusterer_ESTest,8,0,True
611,Defects4J,Math-79,0,6ca9db53cc62454eb7b9bf578d81c83f,org.apache.commons.math.stat.clustering.KMeansPlusPlusClusterer,org.apache.commons.math.stat.clustering.KMeansPlusPlusClusterer_ESTest,8,0,False
612,Defects4J,Math-79,0,56db3317afef4613a9453d3ee6babe1a,org.apache.commons.math.stat.clustering.KMeansPlusPlusClusterer,org.apache.commons.math.stat.clustering.KMeansPlusPlusClusterer_ESTest,8,0,True
613,Defects4J,Cli-30,0,2982e0e5eabf45c0b1d8f39500ed6546,org.apache.commons.cli.DefaultParser,org.apache.commons.cli.DefaultParser_ESTest,48,0,False
614,Defects4J,Cli-30,0,b3cfbaaedf1a4642a0dd162ad5fcd77c,org.apache.commons.cli.DefaultParser,org.apache.commons.cli.DefaultParser_ESTest,44,0,False
615,Defects4J,Cli-30,0,e92f1472a5624f9f95689737baccdafb,org.apache.commons.cli.DefaultParser,org.apache.commons.cli.DefaultParser_ESTest,42,0,False
616,Defects4J,Cli-30,0,f019d25248354852864bad07a19a6740,org.apache.commons.cli.DefaultParser,org.apache.commons.cli.DefaultParser_ESTest,52,0,False
617,Defects4J,Cli-30,0,4fcad7ee904749e7a50e84577a37dc98,org.apache.commons.cli.DefaultParser,org.apache.commons.cli.DefaultParser_ESTest,44,0,False
618,Defects4J,Cli-30,0,9adc7fe0ecb142038bc4ddf825edbe9a,org.apache.commons.cli.DefaultParser,org.apache.commons.cli.DefaultParser_ESTest,45,0,False
619,Defects4J,Cli-30,0,e62b0af75b1443b290d2296a7e5b374f,org.apache.commons.cli.DefaultParser,org.apache.commons.cli.DefaultParser_ESTest,48,0,False
620,Defects4J,Cli-30,0,a218736d80e248279b0f023305c14235,org.apache.commons.cli.DefaultParser,org.apache.commons.cli.DefaultParser_ESTest,53,0,False
621,Defects4J,Cli-30,0,052328564efb4da3b1bffb31ffc7e1b9,org.apache.commons.cli.DefaultParser,org.apache.commons.cli.DefaultParser_ESTest,43,0,False
622,Defects4J,Cli-30,0,49d5178302c54e8e967d25d4bfc6da4e,org.apache.commons.cli.DefaultParser,org.apache.commons.cli.DefaultParser_ESTest,42,0,False
623,Defects4J,Cli-30,0,35d777405b28451d96f62ba46cbf3816,org.apache.commons.cli.DefaultParser,org.apache.commons.cli.DefaultParser_ESTest,42,0,False
624,Defects4J,Cli-30,0,b1cff26b047c4e789983b7c2d0850e07,org.apache.commons.cli.DefaultParser,org.apache.commons.cli.DefaultParser_ESTest,42,0,False
625,Defects4J,Cli-30,0,d533c364b87948eeb9e7c612a1fbd590,org.apache.commons.cli.DefaultParser,org.apache.commons.cli.DefaultParser_ESTest,43,0,False
626,Defects4J,Cli-30,0,fdb6da8a18644cdaa586f90d4e09036b,org.apache.commons.cli.DefaultParser,org.apache.commons.cli.DefaultParser_ESTest,44,0,False
627,Defects4J,Cli-30,0,ba2bfe09f5b8416ab4594d32f003c452,org.apache.commons.cli.DefaultParser,org.apache.commons.cli.DefaultParser_ESTest,45,0,False
628,Defects4J,Cli-30,1,2982e0e5eabf45c0b1d8f39500ed6546,org.apache.commons.cli.DefaultParser,org.apache.commons.cli.DefaultParser_ESTest,48,0,True
629,Defects4J,Cli-30,1,b3cfbaaedf1a4642a0dd162ad5fcd77c,org.apache.commons.cli.DefaultParser,org.apache.commons.cli.DefaultParser_ESTest,44,0,True
630,Defects4J,Cli-30,1,e92f1472a5624f9f95689737baccdafb,org.apache.commons.cli.DefaultParser,org.apache.commons.cli.DefaultParser_ESTest,42,0,True
631,Defects4J,Cli-30,1,f019d25248354852864bad07a19a6740,org.apache.commons.cli.DefaultParser,org.apache.commons.cli.DefaultParser_ESTest,52,0,True
632,Defects4J,Cli-30,1,4fcad7ee904749e7a50e84577a37dc98,org.apache.commons.cli.DefaultParser,org.apache.commons.cli.DefaultParser_ESTest,44,0,True
633,Defects4J,Cli-30,1,9adc7fe0ecb142038bc4ddf825edbe9a,org.apache.commons.cli.DefaultParser,org.apache.commons.cli.DefaultParser_ESTest,45,0,True
634,Defects4J,Cli-30,1,e62b0af75b1443b290d2296a7e5b374f,org.apache.commons.cli.DefaultParser,org.apache.commons.cli.DefaultParser_ESTest,48,0,True
635,Defects4J,Cli-30,1,a218736d80e248279b0f023305c14235,org.apache.commons.cli.DefaultParser,org.apache.commons.cli.DefaultParser_ESTest,53,0,True
636,Defects4J,Cli-30,1,052328564efb4da3b1bffb31ffc7e1b9,org.apache.commons.cli.DefaultParser,org.apache.commons.cli.DefaultParser_ESTest,43,0,True
637,Defects4J,Cli-30,1,49d5178302c54e8e967d25d4bfc6da4e,org.apache.commons.cli.DefaultParser,org.apache.commons.cli.DefaultParser_ESTest,42,0,True
638,Defects4J,Cli-30,1,35d777405b28451d96f62ba46cbf3816,org.apache.commons.cli.DefaultParser,org.apache.commons.cli.DefaultParser_ESTest,42,0,True
639,Defects4J,Cli-30,1,b1cff26b047c4e789983b7c2d0850e07,org.apache.commons.cli.DefaultParser,org.apache.commons.cli.DefaultParser_ESTest,42,0,True
640,Defects4J,Cli-30,1,d533c364b87948eeb9e7c612a1fbd590,org.apache.commons.cli.DefaultParser,org.apache.commons.cli.DefaultParser_ESTest,43,0,True
641,Defects4J,Cli-30,1,fdb6da8a18644cdaa586f90d4e09036b,org.apache.commons.cli.DefaultParser,org.apache.commons.cli.DefaultParser_ESTest,44,0,True
642,Defects4J,Cli-30,1,ba2bfe09f5b8416ab4594d32f003c452,org.apache.commons.cli.DefaultParser,org.apache.commons.cli.DefaultParser_ESTest,45,0,True
643,NPEX,Log4j_2-6a233016,0,0043bdb118434bb7a9022ea99b311f50,org.apache.logging.log4j.core.async.RingBufferLogEvent,org.apache.logging.log4j.core.async.RingBufferLogEvent_ESTest,125,0,True
644,NPEX,Ninja-16aa9c14,0,fedc8e9de46148118a87fb3be40ea89a,ninja.Route,ninja.Route_ESTest,24,0,False
645,NPEX,Ninja-16aa9c14,0,e6fc3d575a6a47bb8bd0c7c5148b7d1c,ninja.Route,ninja.Route_ESTest,26,0,True
646,NPEX,Ninja-16aa9c14,0,9de1d43729f142328140c52dafddf0a8,ninja.Route,ninja.Route_ESTest,26,0,True
647,NPEX,Ninja-16aa9c14,0,9261d013d83542849767d3100bacd693,ninja.Route,ninja.Route_ESTest,26,0,True
648,NPEX,Ninja-16aa9c14,0,c6abebaa83de46ecb7dc1c0200a95ee6,ninja.Route,ninja.Route_ESTest,25,0,True
649,NPEX,Ninja-16aa9c14,0,6fb822a3b7d247bbad6fd7bd45d034de,ninja.Route,ninja.Route_ESTest,25,0,True
650,NPEX,Ninja-16aa9c14,0,03c1210d18464caebb1d680d6a7aeae9,ninja.Route,ninja.Route_ESTest,27,0,False
651,NPEX,Ninja-16aa9c14,0,30352429ef424f3f9efa56cb001085e7,ninja.Route,ninja.Route_ESTest,26,0,True
652,NPEX,Ninja-16aa9c14,0,94ab20aaada34ea8af6f1ae49b2bfceb,ninja.Route,ninja.Route_ESTest,26,0,True
653,NPEX,Ninja-16aa9c14,0,7ab405bd8d8b4757896ff6d4d415a72c,ninja.Route,ninja.Route_ESTest,25,0,False
654,NPEX,Ninja-16aa9c14,0,cf58b8fd7fd2490d8b923b4e3bca9449,ninja.Route,ninja.Route_ESTest,26,0,True
655,NPEX,Ninja-16aa9c14,0,c1a5a4f4d19c481c9b7567880476e2dc,ninja.Route,ninja.Route_ESTest,26,0,True
656,NPEX,Ninja-16aa9c14,0,94a178d9063c4cbd9990f8327aa73c98,ninja.Route,ninja.Route_ESTest,23,0,False
657,NPEX,Ninja-16aa9c14,0,869fe787b57749df8aed0e7c4fcbe85b,ninja.Route,ninja.Route_ESTest,26,0,True
658,NPEX,Ninja-16aa9c14,0,1ac9e6ed1dc94592bdc0bc73501feafe,ninja.Route,ninja.Route_ESTest,26,0,True
659,NPEX,Ninja-16aa9c14,0,aa8c633277d448d0932e3fb314fa9808,ninja.Route,ninja.Route_ESTest,25,0,True
660,NPEX,Ninja-16aa9c14,0,feddb23ddafb4d08aa4ae1683f6cbe52,ninja.Route,ninja.Route_ESTest,26,0,False
661,NPEX,Ninja-16aa9c14,0,2510911d37b74bd2bbfea3aa2c2d88c4,ninja.Route,ninja.Route_ESTest,25,0,False
662,NPEX,Ninja-16aa9c14,0,4671bda9286a436992dc38246da449c6,ninja.Route,ninja.Route_ESTest,26,0,True
663,NPEX,Ninja-16aa9c14,0,24ae753e5d054382981118a8fee4454f,ninja.Route,ninja.Route_ESTest,24,0,True
664,NPEX,Ninja-16aa9c14,0,c344b2d6ff164157a509cff3cc4b9440,ninja.Route,ninja.Route_ESTest,25,0,True
665,NPEX,Ninja-16aa9c14,0,c918a4eb17574040b4b7cf9b0315dfd9,ninja.Route,ninja.Route_ESTest,24,0,True
666,NPEX,Ninja-16aa9c14,0,0bd028b0239b4255a25af6fb67d63af5,ninja.Route,ninja.Route_ESTest,26,0,False
667,NPEX,Ninja-16aa9c14,0,a86483f620ef4e5b958e2f49762f7030,ninja.Route,ninja.Route_ESTest,25,0,True
668,NPEX,Ninja-16aa9c14,0,1e843a38d397426a92cff89c77c11dd4,ninja.Route,ninja.Route_ESTest,26,0,True
669,NPEX,Ninja-16aa9c14,0,9f5610c2dba54edca3b4efae6bb2497d,ninja.Route,ninja.Route_ESTest,23,0,True
670,NPEX,Ninja-16aa9c14,0,fcf7b951117d4442a59dc6aff4a87adf,ninja.Route,ninja.Route_ESTest,26,0,True
671,NPEX,Ninja-16aa9c14,0,c962878f5fed4e57a8c28d24da69fcdb,ninja.Route,ninja.Route_ESTest,25,0,True
672,NPEX,Ninja-16aa9c14,0,20ab700ca6c745089f4b679dbb7cbe69,ninja.Route,ninja.Route_ESTest,27,0,True
673,NPEX,Ninja-16aa9c14,0,7f3271b5b9184bff9697226b95c4a324,ninja.Route,ninja.Route_ESTest,24,0,False
674,NPEX,Ninja-16aa9c14,0,7791bb95580544eb982efe6a3100895d,ninja.Route,ninja.Route_ESTest,24,0,True
675,NPEX,Ninja-16aa9c14,0,3b3b662d85ac4086aa01ba1a035f5197,ninja.Route,ninja.Route_ESTest,26,0,True
676,NPEX,Aries_JPA-97cb979d,0,b940bce9f87147c5af6096f5a090254b,org.apache.aries.jpa.blueprint.impl.AnnotationScanner,org.apache.aries.jpa.blueprint.impl.AnnotationScanner_ESTest,4,0,False
677,NPEX,Aries_JPA-97cb979d,0,e1ed4dd0b27e4c73afa8eba8ac2d2767,org.apache.aries.jpa.blueprint.impl.AnnotationScanner,org.apache.aries.jpa.blueprint.impl.AnnotationScanner_ESTest,4,0,False
678,NPEX,Aries_JPA-97cb979d,0,af2ed95b56e34b7ebfa2818c871cc636,org.apache.aries.jpa.blueprint.impl.AnnotationScanner,org.apache.aries.jpa.blueprint.impl.AnnotationScanner_ESTest,4,0,False
679,NPEX,Aries_JPA-97cb979d,0,5adb3d0f6ca0407ab618a5b942a54753,org.apache.aries.jpa.blueprint.impl.AnnotationScanner,org.apache.aries.jpa.blueprint.impl.AnnotationScanner_ESTest,4,0,False
680,NPEX,Aries_JPA-97cb979d,0,c8aabf1be7e0497b8be0d6f43d4bc088,org.apache.aries.jpa.blueprint.impl.AnnotationScanner,org.apache.aries.jpa.blueprint.impl.AnnotationScanner_ESTest,4,0,False
681,NPEX,Aries_JPA-97cb979d,0,b6280ed3f0d04cc6a147c521ae71c598,org.apache.aries.jpa.blueprint.impl.AnnotationScanner,org.apache.aries.jpa.blueprint.impl.AnnotationScanner_ESTest,4,0,False
682,NPEX,Aries_JPA-97cb979d,0,8cba3699df2c4cadabe389838d99a503,org.apache.aries.jpa.blueprint.impl.AnnotationScanner,org.apache.aries.jpa.blueprint.impl.AnnotationScanner_ESTest,4,0,False
683,NPEX,Aries_JPA-97cb979d,0,2f8f184e6ea44f77b658a5b5e4856601,org.apache.aries.jpa.blueprint.impl.AnnotationScanner,org.apache.aries.jpa.blueprint.impl.AnnotationScanner_ESTest,4,0,False
684,NPEX,Aries_JPA-97cb979d,0,b9f160db635b486b8801dc5e73680324,org.apache.aries.jpa.blueprint.impl.AnnotationScanner,org.apache.aries.jpa.blueprint.impl.AnnotationScanner_ESTest,4,0,False
685,NPEX,Aries_JPA-97cb979d,0,3f16ca49055b425b900eb8ff50a01088,org.apache.aries.jpa.blueprint.impl.AnnotationScanner,org.apache.aries.jpa.blueprint.impl.AnnotationScanner_ESTest,4,0,False
686,NPEX,Aries_JPA-97cb979d,0,e023054599fd414dbff2417b8ab351fd,org.apache.aries.jpa.blueprint.impl.AnnotationScanner,org.apache.aries.jpa.blueprint.impl.AnnotationScanner_ESTest,4,0,False
687,NPEX,Aries_JPA-97cb979d,0,f3e4badb57d643d6b68cc9835d86c4c4,org.apache.aries.jpa.blueprint.impl.AnnotationScanner,org.apache.aries.jpa.blueprint.impl.AnnotationScanner_ESTest,4,0,False
688,NPEX,Aries_JPA-97cb979d,0,732485ac90ac4cff851417390b5f4bb7,org.apache.aries.jpa.blueprint.impl.AnnotationScanner,org.apache.aries.jpa.blueprint.impl.AnnotationScanner_ESTest,4,0,False
689,NPEX,Aries_JPA-97cb979d,0,68897d40273740f9bfd3f5980c1938d9,org.apache.aries.jpa.blueprint.impl.AnnotationScanner,org.apache.aries.jpa.blueprint.impl.AnnotationScanner_ESTest,4,0,False
690,NPEX,Aries_JPA-97cb979d,0,dfeae86c02074d51846ea83d3adcd078,org.apache.aries.jpa.blueprint.impl.AnnotationScanner,org.apache.aries.jpa.blueprint.impl.AnnotationScanner_ESTest,4,0,False
691,NPEX,Aries_JPA-97cb979d,0,24f266cc4c254e589350f9665c50d29d,org.apache.aries.jpa.blueprint.impl.AnnotationScanner,org.apache.aries.jpa.blueprint.impl.AnnotationScanner_ESTest,4,0,False
692,NPEX,Aries_JPA-97cb979d,0,52bd21a38bac46059724907d546d2629,org.apache.aries.jpa.blueprint.impl.AnnotationScanner,org.apache.aries.jpa.blueprint.impl.AnnotationScanner_ESTest,4,0,False
693,NPEX,Aries_JPA-97cb979d,0,398d414cff8e475cae1707e049b2a82e,org.apache.aries.jpa.blueprint.impl.AnnotationScanner,org.apache.aries.jpa.blueprint.impl.AnnotationScanner_ESTest,4,0,False
694,NPEX,Aries_JPA-97cb979d,0,13821f5b13bf417ba5ef8c84ce460fda,org.apache.aries.jpa.blueprint.impl.AnnotationScanner,org.apache.aries.jpa.blueprint.impl.AnnotationScanner_ESTest,4,0,False
695,NPEX,Aries_JPA-97cb979d,0,f36317b658484010b0ed00b7bcf26c2e,org.apache.aries.jpa.blueprint.impl.AnnotationScanner,org.apache.aries.jpa.blueprint.impl.AnnotationScanner_ESTest,4,0,False
696,NPEX,Aries_JPA-97cb979d,0,8df89864f5c34f0a8dd1ee9e301c4aa4,org.apache.aries.jpa.blueprint.impl.AnnotationScanner,org.apache.aries.jpa.blueprint.impl.AnnotationScanner_ESTest,4,0,False
697,NPEX,Aries_JPA-97cb979d,0,359d341cac7f42839630b5f7359093d2,org.apache.aries.jpa.blueprint.impl.AnnotationScanner,org.apache.aries.jpa.blueprint.impl.AnnotationScanner_ESTest,4,0,False
698,NPEX,Aries_JPA-97cb979d,0,ed1a2e45b0494b6d884059e800a06b26,org.apache.aries.jpa.blueprint.impl.AnnotationScanner,org.apache.aries.jpa.blueprint.impl.AnnotationScanner_ESTest,4,0,False
699,NPEX,Aries_JPA-97cb979d,0,63c4b8185a1e428abe9173b37fd94037,org.apache.aries.jpa.blueprint.impl.AnnotationScanner,org.apache.aries.jpa.blueprint.impl.AnnotationScanner_ESTest,4,0,False
700,NPEX,Aries_JPA-97cb979d,0,7d1b30dafe7d4c9ea7a5890da6fa442f,org.apache.aries.jpa.blueprint.impl.AnnotationScanner,org.apache.aries.jpa.blueprint.impl.AnnotationScanner_ESTest,5,0,False
701,NPEX,Aries_JPA-97cb979d,0,7606df72ce9e45ac82dbc71462fcbdae,org.apache.aries.jpa.blueprint.impl.AnnotationScanner,org.apache.aries.jpa.blueprint.impl.AnnotationScanner_ESTest,4,0,False
702,NPEX,Aries_JPA-97cb979d,0,afef93f20b9641ababf467672b529977,org.apache.aries.jpa.blueprint.impl.AnnotationScanner,org.apache.aries.jpa.blueprint.impl.AnnotationScanner_ESTest,4,0,False
703,NPEX,Aries_JPA-97cb979d,0,ead0fe317e194ed7857108f666242a6b,org.apache.aries.jpa.blueprint.impl.AnnotationScanner,org.apache.aries.jpa.blueprint.impl.AnnotationScanner_ESTest,4,0,False
704,NPEX,Aries_JPA-97cb979d,0,96f834f654824763929aa3ac72d6cd53,org.apache.aries.jpa.blueprint.impl.AnnotationScanner,org.apache.aries.jpa.blueprint.impl.AnnotationScanner_ESTest,4,0,False
705,NPEX,Aries_JPA-97cb979d,0,7cf67b7c03ed4253b5525ae8a9b25733,org.apache.aries.jpa.blueprint.impl.AnnotationScanner,org.apache.aries.jpa.blueprint.impl.AnnotationScanner_ESTest,4,0,False
706,NPEX,Aries_JPA-97cb979d,0,09fed7fd0c114c509af5342d0f8388b8,org.apache.aries.jpa.blueprint.impl.AnnotationScanner,org.apache.aries.jpa.blueprint.impl.AnnotationScanner_ESTest,4,0,False
707,NPEX,Aries_JPA-97cb979d,0,5ff73e8961c342a7bd85f2bc00903da6,org.apache.aries.jpa.blueprint.impl.AnnotationScanner,org.apache.aries.jpa.blueprint.impl.AnnotationScanner_ESTest,4,0,False
708,NPEX,Activiti-c45d6c3c,0,3149dc9c64d7474cb968b949214c9bea,org.activiti.engine.impl.variable.JPAEntityMappings,org.activiti.engine.impl.variable.JPAEntityMappings_ESTest,31,0,False
709,NPEX,Activiti-c45d6c3c,0,d5cbe5a3583649a19975903c806d4627,org.activiti.engine.impl.variable.JPAEntityMappings,org.activiti.engine.impl.variable.JPAEntityMappings_ESTest,31,0,False
710,NPEX,Activiti-c45d6c3c,0,493c2cc07c064b66b636185b372e8b5f,org.activiti.engine.impl.variable.JPAEntityMappings,org.activiti.engine.impl.variable.JPAEntityMappings_ESTest,31,0,False
711,NPEX,Activiti-c45d6c3c,0,3a5872111ac14b608229c09306b86ab3,org.activiti.engine.impl.variable.JPAEntityMappings,org.activiti.engine.impl.variable.JPAEntityMappings_ESTest,31,0,False
712,NPEX,Activiti-c45d6c3c,0,2fcac9d1c26a453197a2e3913e0bd3a4,org.activiti.engine.impl.variable.JPAEntityMappings,org.activiti.engine.impl.variable.JPAEntityMappings_ESTest,31,0,False
713,NPEX,Activiti-c45d6c3c,0,dfd1313a0819489a8ab5dffd2bcc7005,org.activiti.engine.impl.variable.JPAEntityMappings,org.activiti.engine.impl.variable.JPAEntityMappings_ESTest,31,0,False
714,NPEX,Activiti-c45d6c3c,0,68e22af3480c4af7a46393ccf5950125,org.activiti.engine.impl.variable.JPAEntityMappings,org.activiti.engine.impl.variable.JPAEntityMappings_ESTest,31,0,False
715,NPEX,Activiti-c45d6c3c,0,a427f226455c466bb67bc2f395ad8a9e,org.activiti.engine.impl.variable.JPAEntityMappings,org.activiti.engine.impl.variable.JPAEntityMappings_ESTest,31,0,False
716,NPEX,Activiti-c45d6c3c,0,296918a3f2354daeae50b4b00924642c,org.activiti.engine.impl.variable.JPAEntityMappings,org.activiti.engine.impl.variable.JPAEntityMappings_ESTest,31,0,False
717,NPEX,Activiti-c45d6c3c,0,ab7fa3adc73345ccac9ae01f66f83e54,org.activiti.engine.impl.variable.JPAEntityMappings,org.activiti.engine.impl.variable.JPAEntityMappings_ESTest,31,0,False
718,NPEX,Activiti-c45d6c3c,0,6faa5f83b04a43a8913c3e42a2215a6a,org.activiti.engine.impl.variable.JPAEntityMappings,org.activiti.engine.impl.variable.JPAEntityMappings_ESTest,31,0,False
719,NPEX,Activiti-c45d6c3c,0,2833ad067c3e4504a3ab6fd46f55ca37,org.activiti.engine.impl.variable.JPAEntityMappings,org.activiti.engine.impl.variable.JPAEntityMappings_ESTest,31,0,False
720,NPEX,Activiti-c45d6c3c,0,8e700c1c9a954212a7dc9552d1145916,org.activiti.engine.impl.variable.JPAEntityMappings,org.activiti.engine.impl.variable.JPAEntityMappings_ESTest,31,0,False
721,NPEX,Activiti-c45d6c3c,0,673f976e443346568057602bcbe28510,org.activiti.engine.impl.variable.JPAEntityMappings,org.activiti.engine.impl.variable.JPAEntityMappings_ESTest,31,0,False
722,NPEX,Activiti-c45d6c3c,0,aba68d0a620b4b52b10fb083abc1162d,org.activiti.engine.impl.variable.JPAEntityMappings,org.activiti.engine.impl.variable.JPAEntityMappings_ESTest,27,0,False
723,NPEX,Activiti-c45d6c3c,0,6067b06089e344fbaf06b98b203610a7,org.activiti.engine.impl.variable.JPAEntityMappings,org.activiti.engine.impl.variable.JPAEntityMappings_ESTest,31,0,False
724,NPEX,Activiti-c45d6c3c,0,47f48c36373e42268e25e1f38833a49b,org.activiti.engine.impl.variable.JPAEntityMappings,org.activiti.engine.impl.variable.JPAEntityMappings_ESTest,31,0,False
725,NPEX,Activiti-c45d6c3c,0,b97102efcd6c4ad8b501a720b88cbe0a,org.activiti.engine.impl.variable.JPAEntityMappings,org.activiti.engine.impl.variable.JPAEntityMappings_ESTest,31,0,False
726,NPEX,Activiti-c45d6c3c,0,da75a39f60af4302887a372336dbd99d,org.activiti.engine.impl.variable.JPAEntityMappings,org.activiti.engine.impl.variable.JPAEntityMappings_ESTest,31,0,False
727,NPEX,Activiti-c45d6c3c,0,992bd344e3b144ec8516714699dd9b77,org.activiti.engine.impl.variable.JPAEntityMappings,org.activiti.engine.impl.variable.JPAEntityMappings_ESTest,31,0,False
728,NPEX,Activiti-c45d6c3c,0,d975c66243a44b98ba94b2cc2d4c7d56,org.activiti.engine.impl.variable.JPAEntityMappings,org.activiti.engine.impl.variable.JPAEntityMappings_ESTest,31,0,False
729,NPEX,Activiti-c45d6c3c,0,8673a6624770432dbfa35dbb84a77ba9,org.activiti.engine.impl.variable.JPAEntityMappings,org.activiti.engine.impl.variable.JPAEntityMappings_ESTest,31,0,False
730,NPEX,Activiti-c45d6c3c,0,8d538ffdf625440b82550d806d0acd07,org.activiti.engine.impl.variable.JPAEntityMappings,org.activiti.engine.impl.variable.JPAEntityMappings_ESTest,31,0,False
731,NPEX,Activiti-c45d6c3c,0,a30291a55e434d31a56f1abd1abe9e84,org.activiti.engine.impl.variable.JPAEntityMappings,org.activiti.engine.impl.variable.JPAEntityMappings_ESTest,31,0,False
732,NPEX,Activiti-c45d6c3c,0,0dc01d234fa0418b947fb79157fa6831,org.activiti.engine.impl.variable.JPAEntityMappings,org.activiti.engine.impl.variable.JPAEntityMappings_ESTest,31,0,False
733,NPEX,Activiti-c45d6c3c,0,5592c99f58b84e01b5b893b18bafd350,org.activiti.engine.impl.variable.JPAEntityMappings,org.activiti.engine.impl.variable.JPAEntityMappings_ESTest,31,0,False
734,NPEX,Activiti-c45d6c3c,0,addd83f001fd4a0591bfdf26b7525670,org.activiti.engine.impl.variable.JPAEntityMappings,org.activiti.engine.impl.variable.JPAEntityMappings_ESTest,31,0,False
735,NPEX,Activiti-c45d6c3c,0,379c11a206714069b2f1052839f8b289,org.activiti.engine.impl.variable.JPAEntityMappings,org.activiti.engine.impl.variable.JPAEntityMappings_ESTest,31,0,False
736,NPEX,Activiti-c45d6c3c,0,58f01c799e67418a81383dd7c7bc25a2,org.activiti.engine.impl.variable.JPAEntityMappings,org.activiti.engine.impl.variable.JPAEntityMappings_ESTest,31,0,False
737,NPEX,Activiti-c45d6c3c,0,b236378f5345453cbd4c6dabbfb0ad53,org.activiti.engine.impl.variable.JPAEntityMappings,org.activiti.engine.impl.variable.JPAEntityMappings_ESTest,31,0,False
738,NPEX,Activiti-c45d6c3c,0,29e349be16af41cfa779bf1656ab9021,org.activiti.engine.impl.variable.JPAEntityMappings,org.activiti.engine.impl.variable.JPAEntityMappings_ESTest,31,0,False
739,NPEX,ActiveMQ_Artemis-586abba9,0,9ad14b1425464afca2366e064b8a352f,org.apache.activemq.artemis.selector.filter.UnaryExpression,org.apache.activemq.artemis.selector.filter.UnaryExpression_ESTest,36,0,False
740,NPEX,ActiveMQ_Artemis-586abba9,0,5a37f8c3082f4a06ba55dfa09b060e54,org.apache.activemq.artemis.selector.filter.UnaryExpression,org.apache.activemq.artemis.selector.filter.UnaryExpression_ESTest,37,0,False
741,NPEX,ActiveMQ_Artemis-586abba9,0,0fea0c06ba7d4304add45d33b5a7d7e5,org.apache.activemq.artemis.selector.filter.UnaryExpression,org.apache.activemq.artemis.selector.filter.UnaryExpression_ESTest,37,0,False
742,NPEX,ActiveMQ_Artemis-586abba9,0,c5d79d0c49fc4c04a7fb3b21842890c5,org.apache.activemq.artemis.selector.filter.UnaryExpression,org.apache.activemq.artemis.selector.filter.UnaryExpression_ESTest,37,0,False
743,NPEX,ActiveMQ_Artemis-586abba9,0,6d58e70695a44695bf24fd323670fb80,org.apache.activemq.artemis.selector.filter.UnaryExpression,org.apache.activemq.artemis.selector.filter.UnaryExpression_ESTest,37,0,False
744,NPEX,ActiveMQ_Artemis-586abba9,0,4eae7729b0d1462a9696690f965a4ca6,org.apache.activemq.artemis.selector.filter.UnaryExpression,org.apache.activemq.artemis.selector.filter.UnaryExpression_ESTest,36,0,False
745,NPEX,ActiveMQ_Artemis-586abba9,0,9f7e6f024fa844daaf147d9bfeb2831b,org.apache.activemq.artemis.selector.filter.UnaryExpression,org.apache.activemq.artemis.selector.filter.UnaryExpression_ESTest,34,0,False
746,NPEX,ActiveMQ_Artemis-586abba9,0,638ca5d5876f44e0b20d46dda044113b,org.apache.activemq.artemis.selector.filter.UnaryExpression,org.apache.activemq.artemis.selector.filter.UnaryExpression_ESTest,34,0,False
747,NPEX,ActiveMQ_Artemis-586abba9,0,0b6e4665a9d14c88a972ac19b84a3ba2,org.apache.activemq.artemis.selector.filter.UnaryExpression,org.apache.activemq.artemis.selector.filter.UnaryExpression_ESTest,33,0,False
748,NPEX,ActiveMQ_Artemis-586abba9,0,d2b92cb6120a4b1983ca3913fd9d4449,org.apache.activemq.artemis.selector.filter.UnaryExpression,org.apache.activemq.artemis.selector.filter.UnaryExpression_ESTest,34,0,False
749,NPEX,ActiveMQ_Artemis-586abba9,0,5639e8bb76f24e29ae162c65171919ab,org.apache.activemq.artemis.selector.filter.UnaryExpression,org.apache.activemq.artemis.selector.filter.UnaryExpression_ESTest,36,0,False
750,NPEX,ActiveMQ_Artemis-586abba9,0,4b4569bc0eed4786b684dcc50a3b89b6,org.apache.activemq.artemis.selector.filter.UnaryExpression,org.apache.activemq.artemis.selector.filter.UnaryExpression_ESTest,34,0,False
751,NPEX,ActiveMQ_Artemis-586abba9,0,4987eb744b50454baec86d3645068af6,org.apache.activemq.artemis.selector.filter.UnaryExpression,org.apache.activemq.artemis.selector.filter.UnaryExpression_ESTest,35,0,False
752,NPEX,ActiveMQ_Artemis-586abba9,0,fe1de206b8f24324895a3c0b6e010ef2,org.apache.activemq.artemis.selector.filter.UnaryExpression,org.apache.activemq.artemis.selector.filter.UnaryExpression_ESTest,35,0,False
753,NPEX,ActiveMQ_Artemis-586abba9,0,6191c37c7a94420e9cd360c347c411a3,org.apache.activemq.artemis.selector.filter.UnaryExpression,org.apache.activemq.artemis.selector.filter.UnaryExpression_ESTest,35,0,False
754,NPEX,ActiveMQ_Artemis-586abba9,0,a1f0fb2869584d50b5b332454bd01125,org.apache.activemq.artemis.selector.filter.UnaryExpression,org.apache.activemq.artemis.selector.filter.UnaryExpression_ESTest,36,0,False
755,NPEX,ActiveMQ_Artemis-586abba9,0,fdd275e4993644f2ba9b28e7082cc8b2,org.apache.activemq.artemis.selector.filter.UnaryExpression,org.apache.activemq.artemis.selector.filter.UnaryExpression_ESTest,39,0,False
756,NPEX,ActiveMQ_Artemis-586abba9,0,41bca87c44ed4242bee9d7830b72c23d,org.apache.activemq.artemis.selector.filter.UnaryExpression,org.apache.activemq.artemis.selector.filter.UnaryExpression_ESTest,37,0,False
757,NPEX,ActiveMQ_Artemis-586abba9,0,e210bbd69bbb4856ab51c4cb5c2291e8,org.apache.activemq.artemis.selector.filter.UnaryExpression,org.apache.activemq.artemis.selector.filter.UnaryExpression_ESTest,34,0,False
758,NPEX,ActiveMQ_Artemis-586abba9,0,da4ccf88e45a49bca7d3819adb3db8be,org.apache.activemq.artemis.selector.filter.UnaryExpression,org.apache.activemq.artemis.selector.filter.UnaryExpression_ESTest,34,0,False
759,NPEX,ActiveMQ_Artemis-586abba9,0,cab8bcaf644e45edb637ceccc9efe378,org.apache.activemq.artemis.selector.filter.UnaryExpression,org.apache.activemq.artemis.selector.filter.UnaryExpression_ESTest,36,0,False
760,NPEX,ActiveMQ_Artemis-586abba9,0,98b8de16405a4fcbbf5accb71cd8e710,org.apache.activemq.artemis.selector.filter.UnaryExpression,org.apache.activemq.artemis.selector.filter.UnaryExpression_ESTest,36,0,False
761,NPEX,ActiveMQ_Artemis-586abba9,0,4638163d39d54535ba48c98ec1762848,org.apache.activemq.artemis.selector.filter.UnaryExpression,org.apache.activemq.artemis.selector.filter.UnaryExpression_ESTest,34,0,False
762,NPEX,ActiveMQ_Artemis-586abba9,0,3ff26ed0de064c3083277806a2e28dc8,org.apache.activemq.artemis.selector.filter.UnaryExpression,org.apache.activemq.artemis.selector.filter.UnaryExpression_ESTest,35,0,False
763,NPEX,ActiveMQ_Artemis-586abba9,0,37589e69e7ce474fbdaa71be8b5dfdff,org.apache.activemq.artemis.selector.filter.UnaryExpression,org.apache.activemq.artemis.selector.filter.UnaryExpression_ESTest,38,0,False
764,NPEX,ActiveMQ_Artemis-586abba9,0,2efc2837707f420a89211f6aa95c99d2,org.apache.activemq.artemis.selector.filter.UnaryExpression,org.apache.activemq.artemis.selector.filter.UnaryExpression_ESTest,36,0,False
765,NPEX,ActiveMQ_Artemis-586abba9,0,f1e1295201e94347a1d9fd5c6f412fa8,org.apache.activemq.artemis.selector.filter.UnaryExpression,org.apache.activemq.artemis.selector.filter.UnaryExpression_ESTest,37,0,False
766,NPEX,ActiveMQ_Artemis-586abba9,0,9d94f4ce56ad4440b42c42ced82ea878,org.apache.activemq.artemis.selector.filter.UnaryExpression,org.apache.activemq.artemis.selector.filter.UnaryExpression_ESTest,36,0,False
767,NPEX,ActiveMQ_Artemis-586abba9,0,eb5a7976f20b4de4ae3043728b37e83d,org.apache.activemq.artemis.selector.filter.UnaryExpression,org.apache.activemq.artemis.selector.filter.UnaryExpression_ESTest,35,0,False
768,NPEX,ActiveMQ_Artemis-586abba9,0,18ae1ca557864488b1ef43351fbf8bd6,org.apache.activemq.artemis.selector.filter.UnaryExpression,org.apache.activemq.artemis.selector.filter.UnaryExpression_ESTest,35,0,False
769,NPEX,ShardingSphere-82b1b9d5,0,cf731e0570c443bbb7634e37d688ff33,org.apache.shardingsphere.infra.executor.sql.context.ExecutionContextBuilder,org.apache.shardingsphere.infra.executor.sql.context.ExecutionContextBuilder_ESTest,0,0,False
770,NPEX,ShardingSphere-82b1b9d5,0,0d86866b902b409389063c235749d88e,org.apache.shardingsphere.infra.executor.sql.context.ExecutionContextBuilder,org.apache.shardingsphere.infra.executor.sql.context.ExecutionContextBuilder_ESTest,0,0,False
771,NPEX,ShardingSphere-82b1b9d5,0,98f74aed53554ef39d0db6a014c20866,org.apache.shardingsphere.infra.executor.sql.context.ExecutionContextBuilder,org.apache.shardingsphere.infra.executor.sql.context.ExecutionContextBuilder_ESTest,0,0,False
772,NPEX,ShardingSphere-82b1b9d5,0,9f372103269a4f8a85ebff4cd4f427f9,org.apache.shardingsphere.infra.executor.sql.context.ExecutionContextBuilder,org.apache.shardingsphere.infra.executor.sql.context.ExecutionContextBuilder_ESTest,0,0,False
773,NPEX,ShardingSphere-82b1b9d5,0,4125f9365ad64f55972ca25eacdd08f8,org.apache.shardingsphere.infra.executor.sql.context.ExecutionContextBuilder,org.apache.shardingsphere.infra.executor.sql.context.ExecutionContextBuilder_ESTest,0,0,False
774,NPEX,ShardingSphere-82b1b9d5,0,cccd6e3937eb4c39a87c636f9de14b19,org.apache.shardingsphere.infra.executor.sql.context.ExecutionContextBuilder,org.apache.shardingsphere.infra.executor.sql.context.ExecutionContextBuilder_ESTest,0,0,False
775,NPEX,ShardingSphere-82b1b9d5,0,3a0239ed83c54f6aa35165d32bb0c9f6,org.apache.shardingsphere.infra.executor.sql.context.ExecutionContextBuilder,org.apache.shardingsphere.infra.executor.sql.context.ExecutionContextBuilder_ESTest,0,0,False
776,NPEX,ShardingSphere-82b1b9d5,0,49644ee3e3a142d48adbeb842d084a3e,org.apache.shardingsphere.infra.executor.sql.context.ExecutionContextBuilder,org.apache.shardingsphere.infra.executor.sql.context.ExecutionContextBuilder_ESTest,0,0,False
777,NPEX,ShardingSphere-82b1b9d5,0,49b720e76b8949f9a5fd1aaeabd241f9,org.apache.shardingsphere.infra.executor.sql.context.ExecutionContextBuilder,org.apache.shardingsphere.infra.executor.sql.context.ExecutionContextBuilder_ESTest,0,0,False
778,NPEX,ShardingSphere-82b1b9d5,0,c42d88b277934dfcbc2ec522fd23db66,org.apache.shardingsphere.infra.executor.sql.context.ExecutionContextBuilder,org.apache.shardingsphere.infra.executor.sql.context.ExecutionContextBuilder_ESTest,0,0,False
779,NPEX,ShardingSphere-82b1b9d5,0,935108cd31454575afb300ce0df94408,org.apache.shardingsphere.infra.executor.sql.context.ExecutionContextBuilder,org.apache.shardingsphere.infra.executor.sql.context.ExecutionContextBuilder_ESTest,0,0,False
780,NPEX,ShardingSphere-82b1b9d5,0,f81d865a90a34b54a4863fd51efb82c2,org.apache.shardingsphere.infra.executor.sql.context.ExecutionContextBuilder,org.apache.shardingsphere.infra.executor.sql.context.ExecutionContextBuilder_ESTest,0,0,False
781,NPEX,ShardingSphere-82b1b9d5,0,239b3cb2056f40cc8632ef830c16addb,org.apache.shardingsphere.infra.executor.sql.context.ExecutionContextBuilder,org.apache.shardingsphere.infra.executor.sql.context.ExecutionContextBuilder_ESTest,0,0,False
782,NPEX,ShardingSphere-82b1b9d5,0,c9852316882d4288b3a979649f26cee5,org.apache.shardingsphere.infra.executor.sql.context.ExecutionContextBuilder,org.apache.shardingsphere.infra.executor.sql.context.ExecutionContextBuilder_ESTest,0,0,False
783,NPEX,ShardingSphere-82b1b9d5,0,0518dec1cc3242cba5bc8c09cce37c18,org.apache.shardingsphere.infra.executor.sql.context.ExecutionContextBuilder,org.apache.shardingsphere.infra.executor.sql.context.ExecutionContextBuilder_ESTest,0,0,False
784,NPEX,ShardingSphere-82b1b9d5,0,e5ab0f4fd5bd4392a6a0a96c38fbb0a0,org.apache.shardingsphere.infra.executor.sql.context.ExecutionContextBuilder,org.apache.shardingsphere.infra.executor.sql.context.ExecutionContextBuilder_ESTest,0,0,False
785,NPEX,ShardingSphere-82b1b9d5,0,1bb65729963843969ac83f181a67882e,org.apache.shardingsphere.infra.executor.sql.context.ExecutionContextBuilder,org.apache.shardingsphere.infra.executor.sql.context.ExecutionContextBuilder_ESTest,0,0,False
786,NPEX,ShardingSphere-82b1b9d5,0,5132cf8c6b9b4aab9989397dd03129b9,org.apache.shardingsphere.infra.executor.sql.context.ExecutionContextBuilder,org.apache.shardingsphere.infra.executor.sql.context.ExecutionContextBuilder_ESTest,0,0,False
787,NPEX,ShardingSphere-82b1b9d5,0,676656513a0b42b69dbc1913e7628617,org.apache.shardingsphere.infra.executor.sql.context.ExecutionContextBuilder,org.apache.shardingsphere.infra.executor.sql.context.ExecutionContextBuilder_ESTest,0,0,False
788,NPEX,ShardingSphere-82b1b9d5,0,00904f75ea2b4fa78d72d27617001a07,org.apache.shardingsphere.infra.executor.sql.context.ExecutionContextBuilder,org.apache.shardingsphere.infra.executor.sql.context.ExecutionContextBuilder_ESTest,0,0,False
789,NPEX,ShardingSphere-82b1b9d5,0,b4ce1be3de524b3db2b888de56cc8db8,org.apache.shardingsphere.infra.executor.sql.context.ExecutionContextBuilder,org.apache.shardingsphere.infra.executor.sql.context.ExecutionContextBuilder_ESTest,0,0,False
790,NPEX,ShardingSphere-82b1b9d5,0,918d3a940eb1419ab6c298a20c000136,org.apache.shardingsphere.infra.executor.sql.context.ExecutionContextBuilder,org.apache.shardingsphere.infra.executor.sql.context.ExecutionContextBuilder_ESTest,0,0,False
791,NPEX,ShardingSphere-82b1b9d5,0,710c6794abe3499e95ea91ddeada70d3,org.apache.shardingsphere.infra.executor.sql.context.ExecutionContextBuilder,org.apache.shardingsphere.infra.executor.sql.context.ExecutionContextBuilder_ESTest,0,0,False
792,NPEX,ShardingSphere-82b1b9d5,0,becfb5d4a04145ac8fde4d5e7a42c2e7,org.apache.shardingsphere.infra.executor.sql.context.ExecutionContextBuilder,org.apache.shardingsphere.infra.executor.sql.context.ExecutionContextBuilder_ESTest,0,0,False
793,NPEX,ShardingSphere-82b1b9d5,0,ffe2078f0a394d088e1b6d6eac525dc3,org.apache.shardingsphere.infra.executor.sql.context.ExecutionContextBuilder,org.apache.shardingsphere.infra.executor.sql.context.ExecutionContextBuilder_ESTest,0,0,False
794,NPEX,ShardingSphere-82b1b9d5,0,42758d4cc8db4eafafdbdc6c3c762d44,org.apache.shardingsphere.infra.executor.sql.context.ExecutionContextBuilder,org.apache.shardingsphere.infra.executor.sql.context.ExecutionContextBuilder_ESTest,0,0,False
795,NPEX,ShardingSphere-82b1b9d5,0,9b76e47680004316b3725636426d894d,org.apache.shardingsphere.infra.executor.sql.context.ExecutionContextBuilder,org.apache.shardingsphere.infra.executor.sql.context.ExecutionContextBuilder_ESTest,0,0,False
796,NPEX,ShardingSphere-82b1b9d5,0,b86f04ff98d44930b799bc69ad0687d9,org.apache.shardingsphere.infra.executor.sql.context.ExecutionContextBuilder,org.apache.shardingsphere.infra.executor.sql.context.ExecutionContextBuilder_ESTest,0,0,False
797,NPEX,ShardingSphere-82b1b9d5,0,1e6c63ae9dcf41378380c8689960b872,org.apache.shardingsphere.infra.executor.sql.context.ExecutionContextBuilder,org.apache.shardingsphere.infra.executor.sql.context.ExecutionContextBuilder_ESTest,0,0,False
798,NPEX,CXF-7cfc8d07,0,e4f49e7c2103478d889def6654899ef5,org.apache.cxf.rs.security.jose.jws.JwsUtils,org.apache.cxf.rs.security.jose.jws.JwsUtils_ESTest,82,0,False
799,NPEX,CXF-7cfc8d07,0,55a25953bd314a69b839b75dfc53ce27,org.apache.cxf.rs.security.jose.jws.JwsUtils,org.apache.cxf.rs.security.jose.jws.JwsUtils_ESTest,107,0,False
800,NPEX,CXF-7cfc8d07,0,08c2142185f847389632e29aca9d411d,org.apache.cxf.rs.security.jose.jws.JwsUtils,org.apache.cxf.rs.security.jose.jws.JwsUtils_ESTest,155,0,False
801,NPEX,CXF-7cfc8d07,0,696ecddb7bf446cdbd0f5e77f6771687,org.apache.cxf.rs.security.jose.jws.JwsUtils,org.apache.cxf.rs.security.jose.jws.JwsUtils_ESTest,101,0,False
802,NPEX,CXF-7cfc8d07,0,5034cacfb6e14d09a2a651ee88f09167,org.apache.cxf.rs.security.jose.jws.JwsUtils,org.apache.cxf.rs.security.jose.jws.JwsUtils_ESTest,176,0,False
803,NPEX,CXF-7cfc8d07,0,024abc92debc4d159a4dfd799e8165c1,org.apache.cxf.rs.security.jose.jws.JwsUtils,org.apache.cxf.rs.security.jose.jws.JwsUtils_ESTest,166,0,False
804,NPEX,CXF-7cfc8d07,0,5a3dda57e4654cde9ca0e5af353972fe,org.apache.cxf.rs.security.jose.jws.JwsUtils,org.apache.cxf.rs.security.jose.jws.JwsUtils_ESTest,170,0,False
805,NPEX,CXF-7cfc8d07,0,8ef96c04741a437fbb3158d12eeae66a,org.apache.cxf.rs.security.jose.jws.JwsUtils,org.apache.cxf.rs.security.jose.jws.JwsUtils_ESTest,178,0,False
806,NPEX,CXF-7cfc8d07,0,0e3391c74c5d40a8a54b0730e91cf073,org.apache.cxf.rs.security.jose.jws.JwsUtils,org.apache.cxf.rs.security.jose.jws.JwsUtils_ESTest,144,0,False
807,NPEX,CXF-7cfc8d07,0,6393d5eee8f34355b21f6b2853287f11,org.apache.cxf.rs.security.jose.jws.JwsUtils,org.apache.cxf.rs.security.jose.jws.JwsUtils_ESTest,153,0,False
808,NPEX,CXF-7cfc8d07,0,b2eadf507d254420a92ed441392c1cce,org.apache.cxf.rs.security.jose.jws.JwsUtils,org.apache.cxf.rs.security.jose.jws.JwsUtils_ESTest,102,0,False
809,NPEX,CXF-7cfc8d07,0,e192fdb157bb473a938357a015a4a195,org.apache.cxf.rs.security.jose.jws.JwsUtils,org.apache.cxf.rs.security.jose.jws.JwsUtils_ESTest,168,0,False
810,NPEX,CXF-7cfc8d07,0,45542c4129fa4579977ec9c5719e2f93,org.apache.cxf.rs.security.jose.jws.JwsUtils,org.apache.cxf.rs.security.jose.jws.JwsUtils_ESTest,111,0,False
811,NPEX,CXF-7cfc8d07,0,3392b63c878545d89744b46bbead2f54,org.apache.cxf.rs.security.jose.jws.JwsUtils,org.apache.cxf.rs.security.jose.jws.JwsUtils_ESTest,161,0,False
812,NPEX,CXF-7cfc8d07,0,beaa642846c1442989f193ec201e00d6,org.apache.cxf.rs.security.jose.jws.JwsUtils,org.apache.cxf.rs.security.jose.jws.JwsUtils_ESTest,173,0,False
813,NPEX,CXF-7cfc8d07,0,55148db82c104261a00b6fd87336314f,org.apache.cxf.rs.security.jose.jws.JwsUtils,org.apache.cxf.rs.security.jose.jws.JwsUtils_ESTest,170,0,False
814,NPEX,CXF-7cfc8d07,0,38bc3050c76b42d89a0502f187cb632d,org.apache.cxf.rs.security.jose.jws.JwsUtils,org.apache.cxf.rs.security.jose.jws.JwsUtils_ESTest,92,0,False
815,NPEX,CXF-7cfc8d07,0,bbacf920606a488da10b5ac364ad1f30,org.apache.cxf.rs.security.jose.jws.JwsUtils,org.apache.cxf.rs.security.jose.jws.JwsUtils_ESTest,168,0,False
816,NPEX,CXF-7cfc8d07,0,fea9ac168c06412f95dc5b26efd0fac1,org.apache.cxf.rs.security.jose.jws.JwsUtils,org.apache.cxf.rs.security.jose.jws.JwsUtils_ESTest,169,0,False
817,NPEX,CXF-7cfc8d07,0,b329699a7d364caca8f0a84b69967ef9,org.apache.cxf.rs.security.jose.jws.JwsUtils,org.apache.cxf.rs.security.jose.jws.JwsUtils_ESTest,83,0,False
818,NPEX,CXF-7cfc8d07,0,f96dbe0b0fb64249a047af3fdaeadeb8,org.apache.cxf.rs.security.jose.jws.JwsUtils,org.apache.cxf.rs.security.jose.jws.JwsUtils_ESTest,151,0,False
819,NPEX,Fastjson-650a300f,0,37811b28837843bba0b9b51a79bcafda,com.alibaba.fastjson.parser.deserializer.DefaultFieldDeserializer,com.alibaba.fastjson.parser.deserializer.DefaultFieldDeserializer_ESTest,20,0,False
820,NPEX,Log4j_2-85661de7,0,55de8e066af14f3e97d76336894b331c,org.apache.logging.log4j.spi.AbstractLogger,org.apache.logging.log4j.spi.AbstractLogger_ESTest,303,0,False
821,NPEX,Log4j_2-85661de7,0,19667135c14d495b8672267cb594f75c,org.apache.logging.log4j.spi.AbstractLogger,org.apache.logging.log4j.spi.AbstractLogger_ESTest,565,0,False
822,NPEX,Log4j_2-85661de7,0,74f5decdc07046858c36a49b20fa5792,org.apache.logging.log4j.spi.AbstractLogger,org.apache.logging.log4j.spi.AbstractLogger_ESTest,575,0,False
823,NPEX,Log4j_2-85661de7,0,e8a481d540494b7b9530a822cb4c5353,org.apache.logging.log4j.spi.AbstractLogger,org.apache.logging.log4j.spi.AbstractLogger_ESTest,560,0,False
824,NPEX,Log4j_2-85661de7,0,132b7b5b204746b5b8e0e9822ec572d8,org.apache.logging.log4j.spi.AbstractLogger,org.apache.logging.log4j.spi.AbstractLogger_ESTest,312,0,False
825,NPEX,Log4j_2-85661de7,0,651b6c6d23ba4748bfbddf15858225a0,org.apache.logging.log4j.spi.AbstractLogger,org.apache.logging.log4j.spi.AbstractLogger_ESTest,316,0,False
826,NPEX,Log4j_2-85661de7,0,363e3ba60faa4794b032a956ce8d5d3e,org.apache.logging.log4j.spi.AbstractLogger,org.apache.logging.log4j.spi.AbstractLogger_ESTest,299,0,False
827,NPEX,Log4j_2-85661de7,0,e69e86e8ffb04dcc90b911f7ef9cfb8a,org.apache.logging.log4j.spi.AbstractLogger,org.apache.logging.log4j.spi.AbstractLogger_ESTest,565,0,False
828,NPEX,Log4j_2-85661de7,0,a81ecf537378497bbafb4c3b72f22de0,org.apache.logging.log4j.spi.AbstractLogger,org.apache.logging.log4j.spi.AbstractLogger_ESTest,563,0,False
829,NPEX,Log4j_2-85661de7,0,8f9dd4c30d044963aefd07df25dd88c1,org.apache.logging.log4j.spi.AbstractLogger,org.apache.logging.log4j.spi.AbstractLogger_ESTest,297,0,False
830,NPEX,Log4j_2-85661de7,0,9d27567b54c24747970b33dfd422dcbd,org.apache.logging.log4j.spi.AbstractLogger,org.apache.logging.log4j.spi.AbstractLogger_ESTest,570,0,False
831,NPEX,Log4j_2-85661de7,0,e1f8b4fb582a4dec878429c1ccb019f2,org.apache.logging.log4j.spi.AbstractLogger,org.apache.logging.log4j.spi.AbstractLogger_ESTest,575,0,False
832,NPEX,Log4j_2-85661de7,0,df713d3aa4a642788ba931467c1e8ff2,org.apache.logging.log4j.spi.AbstractLogger,org.apache.logging.log4j.spi.AbstractLogger_ESTest,567,0,False
833,NPEX,Log4j_2-85661de7,0,d937d809a62c4f4abeed9b12bd136fc8,org.apache.logging.log4j.spi.AbstractLogger,org.apache.logging.log4j.spi.AbstractLogger_ESTest,307,0,False
834,NPEX,Log4j_2-85661de7,0,82e694b9c3f6441689853321b58b83ae,org.apache.logging.log4j.spi.AbstractLogger,org.apache.logging.log4j.spi.AbstractLogger_ESTest,560,0,False
835,NPEX,Log4j_2-85661de7,0,8103bdb4e9a3443492e052a2f6dec9f0,org.apache.logging.log4j.spi.AbstractLogger,org.apache.logging.log4j.spi.AbstractLogger_ESTest,560,0,False
836,NPEX,Log4j_2-85661de7,0,a7da26cab265432382298d7d1dd7af76,org.apache.logging.log4j.spi.AbstractLogger,org.apache.logging.log4j.spi.AbstractLogger_ESTest,316,0,False
837,NPEX,Log4j_2-85661de7,0,9311525a5b5040308cd2f99277124289,org.apache.logging.log4j.spi.AbstractLogger,org.apache.logging.log4j.spi.AbstractLogger_ESTest,566,0,False
838,NPEX,Log4j_2-85661de7,0,ab40f8de71564858b83149095f0d4eed,org.apache.logging.log4j.spi.AbstractLogger,org.apache.logging.log4j.spi.AbstractLogger_ESTest,300,0,False
839,NPEX,Log4j_2-85661de7,0,f6936275d7fd49de8e11b06ae33e8d6a,org.apache.logging.log4j.spi.AbstractLogger,org.apache.logging.log4j.spi.AbstractLogger_ESTest,564,0,False
840,NPEX,Log4j_2-85661de7,0,852c3303de2a48c2baa3a63280160520,org.apache.logging.log4j.spi.AbstractLogger,org.apache.logging.log4j.spi.AbstractLogger_ESTest,564,0,False
841,NPEX,Log4j_2-85661de7,0,2ccc8827b4cf4b0799153f0824c3d516,org.apache.logging.log4j.spi.AbstractLogger,org.apache.logging.log4j.spi.AbstractLogger_ESTest,556,0,False
842,NPEX,Log4j_2-85661de7,0,01307bea222440b298ecab8d151ca642,org.apache.logging.log4j.spi.AbstractLogger,org.apache.logging.log4j.spi.AbstractLogger_ESTest,560,0,False
843,NPEX,Log4j_2-85661de7,0,b2b2a9ee2aed4a53845298d2ba71d70f,org.apache.logging.log4j.spi.AbstractLogger,org.apache.logging.log4j.spi.AbstractLogger_ESTest,556,0,False
844,NPEX,Log4j_2-85661de7,0,dd42b5a0e37f49cc9caa67a7658b99f9,org.apache.logging.log4j.spi.AbstractLogger,org.apache.logging.log4j.spi.AbstractLogger_ESTest,561,0,False
845,NPEX,Log4j_2-85661de7,0,e78cfde79b534a38ad850edf3c1067cd,org.apache.logging.log4j.spi.AbstractLogger,org.apache.logging.log4j.spi.AbstractLogger_ESTest,561,0,False
846,NPEX,Log4j_2-85661de7,0,ff79696538f74f5ead7c60828b57611c,org.apache.logging.log4j.spi.AbstractLogger,org.apache.logging.log4j.spi.AbstractLogger_ESTest,564,0,False
847,NPEX,Log4j_2-85661de7,0,d1852458747c4086b6e5c681ec18c5cb,org.apache.logging.log4j.spi.AbstractLogger,org.apache.logging.log4j.spi.AbstractLogger_ESTest,555,0,False
848,NPEX,Log4j_2-85661de7,0,42ccc85ac7ba460eb8744705e229f439,org.apache.logging.log4j.spi.AbstractLogger,org.apache.logging.log4j.spi.AbstractLogger_ESTest,564,0,False
849,NPEX,Log4j_2-85661de7,0,93b0278a915b493eba5a98844e5b9ad5,org.apache.logging.log4j.spi.AbstractLogger,org.apache.logging.log4j.spi.AbstractLogger_ESTest,302,0,False
850,NPEX,Log4j_2-85661de7,0,a395a90792004149863bbbaf65f42d47,org.apache.logging.log4j.spi.AbstractLogger,org.apache.logging.log4j.spi.AbstractLogger_ESTest,298,0,False
851,NPEX,Log4j_2-85661de7,0,c5b86e9a19e7466e9216a9dbb66d1418,org.apache.logging.log4j.spi.AbstractLogger,org.apache.logging.log4j.spi.AbstractLogger_ESTest,562,0,False
852,NPEX,HttpComponents_Client-1026a1e5,0,7fcca0a698f743b191bfc5b1576b5e7a,org.apache.hc.client5.http.impl.classic.MinimalHttpClient,org.apache.hc.client5.http.impl.classic.MinimalHttpClient_ESTest,1,0,False
853,NPEX,HttpComponents_Client-1026a1e5,0,a389ae29a3a2487a8e7b4cc37949f497,org.apache.hc.client5.http.impl.classic.MinimalHttpClient,org.apache.hc.client5.http.impl.classic.MinimalHttpClient_ESTest,1,0,False
854,NPEX,HttpComponents_Client-1026a1e5,0,ad1356ef132b4974bcd9037b48a90624,org.apache.hc.client5.http.impl.classic.MinimalHttpClient,org.apache.hc.client5.http.impl.classic.MinimalHttpClient_ESTest,1,0,False
855,NPEX,HttpComponents_Client-1026a1e5,0,a571e1b0933f46e2a2b383e14a176443,org.apache.hc.client5.http.impl.classic.MinimalHttpClient,org.apache.hc.client5.http.impl.classic.MinimalHttpClient_ESTest,1,0,False
856,NPEX,HttpComponents_Client-1026a1e5,0,6df885808e524f0a9bccb2e8be1d45d1,org.apache.hc.client5.http.impl.classic.MinimalHttpClient,org.apache.hc.client5.http.impl.classic.MinimalHttpClient_ESTest,1,0,False
857,NPEX,HttpComponents_Client-1026a1e5,0,d85ffafcb11f4852b285d79f6fc69a5e,org.apache.hc.client5.http.impl.classic.MinimalHttpClient,org.apache.hc.client5.http.impl.classic.MinimalHttpClient_ESTest,1,0,False
858,NPEX,HttpComponents_Client-1026a1e5,0,ab1941d7a1a742fd806923f4c3c3b506,org.apache.hc.client5.http.impl.classic.MinimalHttpClient,org.apache.hc.client5.http.impl.classic.MinimalHttpClient_ESTest,1,0,False
859,NPEX,HttpComponents_Client-1026a1e5,0,daec87d6167f41a7824b14c374170fe4,org.apache.hc.client5.http.impl.classic.MinimalHttpClient,org.apache.hc.client5.http.impl.classic.MinimalHttpClient_ESTest,1,0,False
860,NPEX,HttpComponents_Client-1026a1e5,0,a1bb2cc353044893ac169275f14a23b7,org.apache.hc.client5.http.impl.classic.MinimalHttpClient,org.apache.hc.client5.http.impl.classic.MinimalHttpClient_ESTest,1,0,False
861,NPEX,HttpComponents_Client-1026a1e5,0,5b6763e09456443daf44ada7303f96b0,org.apache.hc.client5.http.impl.classic.MinimalHttpClient,org.apache.hc.client5.http.impl.classic.MinimalHttpClient_ESTest,1,0,False
862,NPEX,HttpComponents_Client-1026a1e5,0,4226bbeb3d2f4f7e9f3aced4d348467a,org.apache.hc.client5.http.impl.classic.MinimalHttpClient,org.apache.hc.client5.http.impl.classic.MinimalHttpClient_ESTest,1,0,False
863,NPEX,HttpComponents_Client-1026a1e5,0,3723366d067549a19152ecbad26ea18c,org.apache.hc.client5.http.impl.classic.MinimalHttpClient,org.apache.hc.client5.http.impl.classic.MinimalHttpClient_ESTest,1,0,False
864,NPEX,HttpComponents_Client-1026a1e5,0,46c8737515bb42b29faa044be8cb7eaa,org.apache.hc.client5.http.impl.classic.MinimalHttpClient,org.apache.hc.client5.http.impl.classic.MinimalHttpClient_ESTest,1,0,False
865,NPEX,HttpComponents_Client-1026a1e5,0,a959500fb4ca416d8ca478766b28d8ce,org.apache.hc.client5.http.impl.classic.MinimalHttpClient,org.apache.hc.client5.http.impl.classic.MinimalHttpClient_ESTest,1,0,False
866,NPEX,HttpComponents_Client-1026a1e5,0,5cca6ba00dae4395b29acef3c5c26cd9,org.apache.hc.client5.http.impl.classic.MinimalHttpClient,org.apache.hc.client5.http.impl.classic.MinimalHttpClient_ESTest,1,0,False
867,NPEX,HttpComponents_Client-1026a1e5,0,3967bce054a848e5868690b9ba301531,org.apache.hc.client5.http.impl.classic.MinimalHttpClient,org.apache.hc.client5.http.impl.classic.MinimalHttpClient_ESTest,1,0,False
868,NPEX,HttpComponents_Client-1026a1e5,0,6579e2281b6b4aa8b8185099fe0f5f8c,org.apache.hc.client5.http.impl.classic.MinimalHttpClient,org.apache.hc.client5.http.impl.classic.MinimalHttpClient_ESTest,1,0,False
869,NPEX,HttpComponents_Client-1026a1e5,0,2b2ba16e79e0489bb3b1ae88a95ce130,org.apache.hc.client5.http.impl.classic.MinimalHttpClient,org.apache.hc.client5.http.impl.classic.MinimalHttpClient_ESTest,1,0,False
870,NPEX,HttpComponents_Client-1026a1e5,0,61743ccf50b846e8867360f0c1330bd5,org.apache.hc.client5.http.impl.classic.MinimalHttpClient,org.apache.hc.client5.http.impl.classic.MinimalHttpClient_ESTest,1,0,False
871,NPEX,HttpComponents_Client-1026a1e5,0,b7292c6fd32b4c72bfa713869724ce19,org.apache.hc.client5.http.impl.classic.MinimalHttpClient,org.apache.hc.client5.http.impl.classic.MinimalHttpClient_ESTest,1,0,False
872,NPEX,HttpComponents_Client-1026a1e5,0,627e901a79cc4e12ab064893665282cb,org.apache.hc.client5.http.impl.classic.MinimalHttpClient,org.apache.hc.client5.http.impl.classic.MinimalHttpClient_ESTest,1,0,False
873,NPEX,HttpComponents_Client-1026a1e5,0,db7c59623f7541c3be643bcb28100dab,org.apache.hc.client5.http.impl.classic.MinimalHttpClient,org.apache.hc.client5.http.impl.classic.MinimalHttpClient_ESTest,1,0,False
874,NPEX,HttpComponents_Client-1026a1e5,0,a92f18e029d14e7cb738b8b8b97e314c,org.apache.hc.client5.http.impl.classic.MinimalHttpClient,org.apache.hc.client5.http.impl.classic.MinimalHttpClient_ESTest,1,0,False
875,NPEX,HttpComponents_Client-1026a1e5,0,3e2f01d9eef749ae85690bf5a19bf64a,org.apache.hc.client5.http.impl.classic.MinimalHttpClient,org.apache.hc.client5.http.impl.classic.MinimalHttpClient_ESTest,1,0,False
876,NPEX,HttpComponents_Client-1026a1e5,0,0f0d1cf08e24407bbbcc60ac6680870f,org.apache.hc.client5.http.impl.classic.MinimalHttpClient,org.apache.hc.client5.http.impl.classic.MinimalHttpClient_ESTest,1,0,False
877,NPEX,HttpComponents_Client-1026a1e5,0,25d2427346554f95bc4750416e19ec76,org.apache.hc.client5.http.impl.classic.MinimalHttpClient,org.apache.hc.client5.http.impl.classic.MinimalHttpClient_ESTest,1,0,False
878,NPEX,HttpComponents_Client-1026a1e5,0,3953bd53912046c5a1a556f9f2233c31,org.apache.hc.client5.http.impl.classic.MinimalHttpClient,org.apache.hc.client5.http.impl.classic.MinimalHttpClient_ESTest,1,0,False
879,NPEX,HttpComponents_Client-1026a1e5,0,447dab56f1734ca6b634f23be149f21b,org.apache.hc.client5.http.impl.classic.MinimalHttpClient,org.apache.hc.client5.http.impl.classic.MinimalHttpClient_ESTest,1,0,False
880,NPEX,HttpComponents_Client-1026a1e5,0,47c5f2c140484704aa10e3cd0b943b45,org.apache.hc.client5.http.impl.classic.MinimalHttpClient,org.apache.hc.client5.http.impl.classic.MinimalHttpClient_ESTest,1,0,False
881,NPEX,HttpComponents_Client-1026a1e5,0,7178edd786bb496482a1bfcbcccaea31,org.apache.hc.client5.http.impl.classic.MinimalHttpClient,org.apache.hc.client5.http.impl.classic.MinimalHttpClient_ESTest,1,0,False
882,NPEX,HttpComponents_Client-1026a1e5,0,36432b43d18342e8b216bd2377c19130,org.apache.hc.client5.http.impl.classic.MinimalHttpClient,org.apache.hc.client5.http.impl.classic.MinimalHttpClient_ESTest,1,0,False
883,NPEX,HttpComponents_Client-1026a1e5,0,c4da919936724233aaa76a2be501626b,org.apache.hc.client5.http.impl.classic.MinimalHttpClient,org.apache.hc.client5.http.impl.classic.MinimalHttpClient_ESTest,1,0,False
884,NPEX,Commons_Collections-796114ea,0,84e9e70d336d41c98ab3a761cea895b2,org.apache.commons.collections4.trie.AbstractPatriciaTrie,org.apache.commons.collections4.trie.AbstractPatriciaTrie_ESTest,151,0,False
885,NPEX,JSPWiki-d5bcff78,0,cdf4f07555344fcba1ec0eef50ff8689,org.apache.wiki.util.HttpUtil,org.apache.wiki.util.HttpUtil_ESTest,23,0,False
886,NPEX,JSPWiki-d5bcff78,0,73ca59b08ef04a7885fc819709254380,org.apache.wiki.util.HttpUtil,org.apache.wiki.util.HttpUtil_ESTest,24,0,False
887,NPEX,JSPWiki-d5bcff78,0,33d4b92f2f714016a9144552b2796376,org.apache.wiki.util.HttpUtil,org.apache.wiki.util.HttpUtil_ESTest,25,0,False
888,NPEX,JSPWiki-d5bcff78,0,21de36355e024ac19d8886eecceb82e2,org.apache.wiki.util.HttpUtil,org.apache.wiki.util.HttpUtil_ESTest,24,0,False
889,NPEX,JSPWiki-d5bcff78,0,41dce94113d8470eb133018d385283c4,org.apache.wiki.util.HttpUtil,org.apache.wiki.util.HttpUtil_ESTest,23,0,False
890,NPEX,JSPWiki-d5bcff78,0,2088285f9bbb4719afa0d08cfa5f4335,org.apache.wiki.util.HttpUtil,org.apache.wiki.util.HttpUtil_ESTest,24,0,False
891,NPEX,JSPWiki-d5bcff78,0,058b3b30713544a78439aeff603eea3a,org.apache.wiki.util.HttpUtil,org.apache.wiki.util.HttpUtil_ESTest,24,0,False
892,NPEX,JSPWiki-d5bcff78,0,b3bd9bd09a9b406b829731d31ace8635,org.apache.wiki.util.HttpUtil,org.apache.wiki.util.HttpUtil_ESTest,24,0,False
893,NPEX,JSPWiki-d5bcff78,0,68c2b9c65b764a8e8bec8e47c02ac7fc,org.apache.wiki.util.HttpUtil,org.apache.wiki.util.HttpUtil_ESTest,23,0,False
894,NPEX,JSPWiki-d5bcff78,0,1f1a069ea6134de49826ee4cedfd2a92,org.apache.wiki.util.HttpUtil,org.apache.wiki.util.HttpUtil_ESTest,23,0,False
895,NPEX,JSPWiki-d5bcff78,0,a5fe26b9094c4a43938828c6894612e5,org.apache.wiki.util.HttpUtil,org.apache.wiki.util.HttpUtil_ESTest,24,0,False
896,NPEX,JSPWiki-d5bcff78,0,e1029d801f6a4321b341a6682b0e82ae,org.apache.wiki.util.HttpUtil,org.apache.wiki.util.HttpUtil_ESTest,24,0,False
897,NPEX,JSPWiki-d5bcff78,0,c18a3199a4504fb7b7609c0440e29737,org.apache.wiki.util.HttpUtil,org.apache.wiki.util.HttpUtil_ESTest,23,0,False
898,NPEX,JSPWiki-d5bcff78,0,d6ea77ff6f344e2cac0df220656dead8,org.apache.wiki.util.HttpUtil,org.apache.wiki.util.HttpUtil_ESTest,25,0,False
899,NPEX,JSPWiki-d5bcff78,0,24e1d6af1097415c8e033c76b902e0c2,org.apache.wiki.util.HttpUtil,org.apache.wiki.util.HttpUtil_ESTest,23,0,False
900,NPEX,JSPWiki-d5bcff78,0,78813af2f86e4cd783d81068681b55ca,org.apache.wiki.util.HttpUtil,org.apache.wiki.util.HttpUtil_ESTest,25,0,False
901,NPEX,JSPWiki-d5bcff78,0,d0ff1ef1c3894d039f5242ec7ae28e90,org.apache.wiki.util.HttpUtil,org.apache.wiki.util.HttpUtil_ESTest,24,0,False
902,NPEX,JSPWiki-d5bcff78,0,fe131f3b285749cea0228f402d609b33,org.apache.wiki.util.HttpUtil,org.apache.wiki.util.HttpUtil_ESTest,23,0,False
903,NPEX,JSPWiki-d5bcff78,0,a8f10fe07b864753926e6cda2a43e504,org.apache.wiki.util.HttpUtil,org.apache.wiki.util.HttpUtil_ESTest,25,0,False
904,NPEX,JSPWiki-d5bcff78,0,125e59db1b014cc28288bd1c77a72191,org.apache.wiki.util.HttpUtil,org.apache.wiki.util.HttpUtil_ESTest,24,0,False
905,NPEX,JSPWiki-d5bcff78,0,ea5604786eb9413cb37df2a3ad9965a0,org.apache.wiki.util.HttpUtil,org.apache.wiki.util.HttpUtil_ESTest,25,0,False
906,NPEX,JSPWiki-d5bcff78,0,fc733162f5054d3594f16e9b11bb994e,org.apache.wiki.util.HttpUtil,org.apache.wiki.util.HttpUtil_ESTest,24,0,False
907,NPEX,JSPWiki-d5bcff78,0,4a7743b5c9a54fa68d609f4340f63e03,org.apache.wiki.util.HttpUtil,org.apache.wiki.util.HttpUtil_ESTest,23,0,False
908,NPEX,JSPWiki-d5bcff78,0,806449a45b6d4199befe7f5a6beca334,org.apache.wiki.util.HttpUtil,org.apache.wiki.util.HttpUtil_ESTest,23,0,False
909,NPEX,JSPWiki-d5bcff78,0,41785b699d0747d8abb116fdb661e055,org.apache.wiki.util.HttpUtil,org.apache.wiki.util.HttpUtil_ESTest,23,0,False
910,NPEX,JSPWiki-d5bcff78,0,724e90cfba274be296da58f2ea66deb1,org.apache.wiki.util.HttpUtil,org.apache.wiki.util.HttpUtil_ESTest,25,0,False
911,NPEX,JSPWiki-d5bcff78,0,e3bc0e8e87fb4d738aa0d2b91bd104ca,org.apache.wiki.util.HttpUtil,org.apache.wiki.util.HttpUtil_ESTest,23,0,False
912,NPEX,JSPWiki-d5bcff78,0,96b73ba25ac44933a7c507cf8aa973e5,org.apache.wiki.util.HttpUtil,org.apache.wiki.util.HttpUtil_ESTest,25,0,False
913,NPEX,Picocli-06283710,0,fee3d48ea1b0433487dad929ef43044d,picocli.CommandLine,picocli.CommandLine_ESTest,310,0,False
914,NPEX,Picocli-06283710,0,f1078af0e8fd41cbb61ce7e53ab31c2e,picocli.CommandLine,picocli.CommandLine_ESTest,160,0,False
915,NPEX,Picocli-06283710,0,cf4ce6e4cfe740cf9091a1c21e1ecc8b,picocli.CommandLine,picocli.CommandLine_ESTest,165,0,False
916,NPEX,Picocli-06283710,0,861ace48fcf84677ac7d9288c0cc62e7,picocli.CommandLine,picocli.CommandLine_ESTest,292,0,False
917,NPEX,Picocli-06283710,0,89b2c5395bc44ebd97fa510a285a40d7,picocli.CommandLine,picocli.CommandLine_ESTest,160,0,False
918,NPEX,Picocli-06283710,0,878b68e1fd334613b6922e095b8d5d06,picocli.CommandLine,picocli.CommandLine_ESTest,298,0,False
919,NPEX,Picocli-06283710,0,761ddd083f854c58a7fb9cc18ac060df,picocli.CommandLine,picocli.CommandLine_ESTest,286,0,False
920,NPEX,Picocli-06283710,0,f3e5ff2d278a4067ad922b7bee1615ea,picocli.CommandLine,picocli.CommandLine_ESTest,162,0,False
921,NPEX,Picocli-06283710,0,354c1abb7dc243d883fe5b6ae01a39a7,picocli.CommandLine,picocli.CommandLine_ESTest,296,0,False
922,NPEX,Picocli-06283710,0,66c68bb04a04476ca9aab9ab1ca15617,picocli.CommandLine,picocli.CommandLine_ESTest,163,0,False
923,NPEX,Picocli-06283710,0,7879f852a51a4a20a2c220e35f5bc0a7,picocli.CommandLine,picocli.CommandLine_ESTest,156,0,False
924,NPEX,Picocli-06283710,0,cdc808b0866842efa46d291de5ad95a2,picocli.CommandLine,picocli.CommandLine_ESTest,290,0,False
925,NPEX,Feign-9c5a52d6,0,68e895fe66744b3e905921e5db04c01a,feign.Response,feign.Response_ESTest,20,0,False
926,NPEX,Feign-9c5a52d6,0,f2249c3bb025473a8142ee1db9d8ad56,feign.Response,feign.Response_ESTest,21,0,False
927,NPEX,Feign-9c5a52d6,0,c3e98f9beaf44c52bebecdf7b1aafde8,feign.Response,feign.Response_ESTest,21,0,False
928,NPEX,Feign-9c5a52d6,0,d6b09a85144e42eaa2b1ae4d8f7842da,feign.Response,feign.Response_ESTest,21,0,False
929,NPEX,Feign-9c5a52d6,0,8144b28dbbdd4a3d85ab2081fe06f0fb,feign.Response,feign.Response_ESTest,22,0,False
930,NPEX,Feign-9c5a52d6,0,50a2a8591f4643399585d8bcb7c58390,feign.Response,feign.Response_ESTest,22,0,False
931,NPEX,Feign-9c5a52d6,0,f606eec300ed411f881552b08ad9af25,feign.Response,feign.Response_ESTest,21,0,False
932,NPEX,Feign-9c5a52d6,0,7258189ca66c47d1b3bb44fd8ffc79cc,feign.Response,feign.Response_ESTest,20,0,False
933,NPEX,Feign-9c5a52d6,0,2e6f7271d6154a54a0bb366ef139adfb,feign.Response,feign.Response_ESTest,22,0,False
934,NPEX,Feign-9c5a52d6,0,5fb59ca4c63a4a65bfce189ca42b2a1a,feign.Response,feign.Response_ESTest,20,0,False
935,NPEX,Feign-9c5a52d6,0,35695c36ae8345009f5ee845b484f4f9,feign.Response,feign.Response_ESTest,21,0,False
936,NPEX,Feign-9c5a52d6,0,dc9fcc440df24dd8875aee2f8ea46438,feign.Response,feign.Response_ESTest,21,0,False
937,NPEX,Feign-9c5a52d6,0,ff7e1b0c8bab4fc2bf13cfa007a93b14,feign.Response,feign.Response_ESTest,21,0,False
938,NPEX,Feign-9c5a52d6,0,6839a06c21b44416834afe13fb7b6f76,feign.Response,feign.Response_ESTest,20,0,False
939,NPEX,Feign-9c5a52d6,0,5ae84acce8ed4dbaaa33b0e888972b47,feign.Response,feign.Response_ESTest,20,0,False
940,NPEX,Feign-9c5a52d6,0,486f10ad077743b485456ecd381fe057,feign.Response,feign.Response_ESTest,20,0,False
941,NPEX,Feign-9c5a52d6,0,52b790ef2eb746e58c5191dcbf66341e,feign.Response,feign.Response_ESTest,20,0,False
942,NPEX,Feign-9c5a52d6,0,9870c00ce4d74e00ae0475f2c3463f01,feign.Response,feign.Response_ESTest,21,0,False
943,NPEX,Feign-9c5a52d6,0,7c4904c564624e9d95a5049a85b42f94,feign.Response,feign.Response_ESTest,20,0,False
944,NPEX,Feign-9c5a52d6,0,2d81a2cd4fbb493e9552124ee844c74c,feign.Response,feign.Response_ESTest,20,0,False
945,NPEX,Feign-9c5a52d6,0,8a184e6e41614893a9cde8db9b19e373,feign.Response,feign.Response_ESTest,21,0,False
946,NPEX,Feign-9c5a52d6,0,d49a20b613354e5baf3af69b71e7b73a,feign.Response,feign.Response_ESTest,20,0,False
947,NPEX,Feign-9c5a52d6,0,a05c1d65c3ca4e6b8777f920b1535853,feign.Response,feign.Response_ESTest,21,0,False
948,NPEX,Feign-9c5a52d6,0,7449a065f15141f68cccc4550804f9d7,feign.Response,feign.Response_ESTest,20,0,False
949,NPEX,Feign-9c5a52d6,0,50b639c12d0044acb9026ce7f9c736ae,feign.Response,feign.Response_ESTest,20,0,False
950,NPEX,Feign-9c5a52d6,0,6e4893c4e78d403483937864be6b8f97,feign.Response,feign.Response_ESTest,20,0,False
951,NPEX,CXF-209407e0,0,f077668397e74672a29dd6481673d136,org.apache.cxf.jaxrs.utils.JAXRSUtils,org.apache.cxf.jaxrs.utils.JAXRSUtils_ESTest,239,0,True
952,NPEX,CXF-209407e0,0,d0e190a5538c49539b3b75a486c774c7,org.apache.cxf.jaxrs.utils.JAXRSUtils,org.apache.cxf.jaxrs.utils.JAXRSUtils_ESTest,229,0,False
953,NPEX,CXF-209407e0,0,a999cc2ca3804aff8cf23d59cdf5bb62,org.apache.cxf.jaxrs.utils.JAXRSUtils,org.apache.cxf.jaxrs.utils.JAXRSUtils_ESTest,228,0,False
954,NPEX,CXF-209407e0,0,b6f808f9ef8f4214905a4a6e64d3e917,org.apache.cxf.jaxrs.utils.JAXRSUtils,org.apache.cxf.jaxrs.utils.JAXRSUtils_ESTest,238,0,True
955,NPEX,CXF-209407e0,0,b9bf454a06f84e01bb1b66d06b61319e,org.apache.cxf.jaxrs.utils.JAXRSUtils,org.apache.cxf.jaxrs.utils.JAXRSUtils_ESTest,239,0,True
956,NPEX,CXF-209407e0,0,81e5a6bce81740fb840321929bc4e719,org.apache.cxf.jaxrs.utils.JAXRSUtils,org.apache.cxf.jaxrs.utils.JAXRSUtils_ESTest,228,0,True
957,NPEX,CXF-209407e0,0,2caf4cf7eb9b4147aa3356be0539255f,org.apache.cxf.jaxrs.utils.JAXRSUtils,org.apache.cxf.jaxrs.utils.JAXRSUtils_ESTest,226,0,True
958,NPEX,CXF-209407e0,0,f3e49d53823e47e2af7ff98fb610fd8d,org.apache.cxf.jaxrs.utils.JAXRSUtils,org.apache.cxf.jaxrs.utils.JAXRSUtils_ESTest,222,0,False
959,NPEX,CXF-209407e0,0,66d41e7ac31f4f0a8340a809fbe87adc,org.apache.cxf.jaxrs.utils.JAXRSUtils,org.apache.cxf.jaxrs.utils.JAXRSUtils_ESTest,225,0,True
960,NPEX,CXF-209407e0,0,0adb52508a334cd4aa7d971c2628432c,org.apache.cxf.jaxrs.utils.JAXRSUtils,org.apache.cxf.jaxrs.utils.JAXRSUtils_ESTest,227,0,False
961,NPEX,CXF-209407e0,0,181d15ddb328403f9c6c538941b455b9,org.apache.cxf.jaxrs.utils.JAXRSUtils,org.apache.cxf.jaxrs.utils.JAXRSUtils_ESTest,228,0,False
962,NPEX,CXF-209407e0,0,68d95fd608a54556bb8dd535887cef77,org.apache.cxf.jaxrs.utils.JAXRSUtils,org.apache.cxf.jaxrs.utils.JAXRSUtils_ESTest,234,0,True
963,NPEX,CXF-209407e0,0,e211ec3c05cd4c9fa3194a16d9aee716,org.apache.cxf.jaxrs.utils.JAXRSUtils,org.apache.cxf.jaxrs.utils.JAXRSUtils_ESTest,226,0,False
964,NPEX,CXF-209407e0,0,f52945a1a65b4786a1ba3ddefd6f6fb0,org.apache.cxf.jaxrs.utils.JAXRSUtils,org.apache.cxf.jaxrs.utils.JAXRSUtils_ESTest,226,0,True
965,NPEX,Java_WebSocket-a2b35482,0,b29e7444679e439c84ff17577c475f9b,org.java_websocket.server.WebSocketServer,org.java_websocket.server.WebSocketServer_ESTest,0,0,False
966,NPEX,Java_WebSocket-a2b35482,0,87d095a488974b3680e2f4f5da701cdd,org.java_websocket.server.WebSocketServer,org.java_websocket.server.WebSocketServer_ESTest,0,0,False
967,NPEX,Java_WebSocket-a2b35482,0,4f9036b183b741df807a059d434574c8,org.java_websocket.server.WebSocketServer,org.java_websocket.server.WebSocketServer_ESTest,0,0,False
968,NPEX,Java_WebSocket-a2b35482,0,4d17f2a95aa340669de88c576e96ec04,org.java_websocket.server.WebSocketServer,org.java_websocket.server.WebSocketServer_ESTest,0,0,False
969,NPEX,Java_WebSocket-a2b35482,0,5188857c0d1a44a1ba9eb1b2c73bad69,org.java_websocket.server.WebSocketServer,org.java_websocket.server.WebSocketServer_ESTest,0,0,False
970,NPEX,Java_WebSocket-a2b35482,0,d712c74a5f504bb1af27d3615d7e0057,org.java_websocket.server.WebSocketServer,org.java_websocket.server.WebSocketServer_ESTest,0,0,False
971,NPEX,Java_WebSocket-a2b35482,0,9863c4dee4be4b88bac6048ed49280d4,org.java_websocket.server.WebSocketServer,org.java_websocket.server.WebSocketServer_ESTest,0,0,False
972,NPEX,Java_WebSocket-a2b35482,0,2dcd5572b6e4411eaf7969f83f458628,org.java_websocket.server.WebSocketServer,org.java_websocket.server.WebSocketServer_ESTest,0,0,False
973,NPEX,Java_WebSocket-a2b35482,0,b656fae5cc764f88b643762363986977,org.java_websocket.server.WebSocketServer,org.java_websocket.server.WebSocketServer_ESTest,0,0,False
974,NPEX,Java_WebSocket-a2b35482,0,0bbc5a958de248a481e9c2f41f662000,org.java_websocket.server.WebSocketServer,org.java_websocket.server.WebSocketServer_ESTest,0,0,False
975,NPEX,Java_WebSocket-a2b35482,0,6249d2898e48454bbe01dfcc94fcf1e6,org.java_websocket.server.WebSocketServer,org.java_websocket.server.WebSocketServer_ESTest,0,0,False
976,NPEX,Java_WebSocket-a2b35482,0,7db99dfc62f24060b7bd6f62100bd56d,org.java_websocket.server.WebSocketServer,org.java_websocket.server.WebSocketServer_ESTest,0,0,False
977,NPEX,Java_WebSocket-a2b35482,0,35e72c60c03140faa51fc888c3ae0da0,org.java_websocket.server.WebSocketServer,org.java_websocket.server.WebSocketServer_ESTest,0,0,False
978,NPEX,Java_WebSocket-a2b35482,0,bfd6f30d60cd4f3480afde0637b56ce4,org.java_websocket.server.WebSocketServer,org.java_websocket.server.WebSocketServer_ESTest,0,0,False
979,NPEX,Java_WebSocket-a2b35482,0,51a5c7d90209460c9fa1328bc73da809,org.java_websocket.server.WebSocketServer,org.java_websocket.server.WebSocketServer_ESTest,0,0,False
980,NPEX,Java_WebSocket-a2b35482,0,1176881cb55a426b899bc3e49c4b0c4e,org.java_websocket.server.WebSocketServer,org.java_websocket.server.WebSocketServer_ESTest,0,0,False
981,NPEX,Java_WebSocket-a2b35482,0,0bc30394b1d340a2a6bc30731e658967,org.java_websocket.server.WebSocketServer,org.java_websocket.server.WebSocketServer_ESTest,0,0,False
982,NPEX,Java_WebSocket-a2b35482,0,549bd6dd61194e50bbd3eca4989caf3a,org.java_websocket.server.WebSocketServer,org.java_websocket.server.WebSocketServer_ESTest,0,0,False
983,NPEX,Java_WebSocket-a2b35482,0,3dcb28c1dc2d45cfb3b3a4bd816d708f,org.java_websocket.server.WebSocketServer,org.java_websocket.server.WebSocketServer_ESTest,0,0,False
984,NPEX,Java_WebSocket-a2b35482,0,e93fb96697914dc1a1ebf618e640feb3,org.java_websocket.server.WebSocketServer,org.java_websocket.server.WebSocketServer_ESTest,0,0,False
985,NPEX,Java_WebSocket-a2b35482,0,4f1f44b8d95743139c11ef2c98768641,org.java_websocket.server.WebSocketServer,org.java_websocket.server.WebSocketServer_ESTest,0,0,False
986,NPEX,Java_WebSocket-a2b35482,0,0c60d8adabfb4db6aa21226877156c5d,org.java_websocket.server.WebSocketServer,org.java_websocket.server.WebSocketServer_ESTest,0,0,False
987,NPEX,Java_WebSocket-a2b35482,0,eee8d66996d54bfaac9668066f9e6926,org.java_websocket.server.WebSocketServer,org.java_websocket.server.WebSocketServer_ESTest,0,0,False
988,NPEX,Java_WebSocket-a2b35482,0,ffa8b38ed42242ddb91052365f5e0e3a,org.java_websocket.server.WebSocketServer,org.java_websocket.server.WebSocketServer_ESTest,0,0,False
989,NPEX,Java_WebSocket-a2b35482,0,90c6f316e9d54421bc588e372d2af6c0,org.java_websocket.server.WebSocketServer,org.java_websocket.server.WebSocketServer_ESTest,0,0,False
990,NPEX,Java_WebSocket-a2b35482,0,c9deeb3c8f8e4974b5529f42f8ea8a6f,org.java_websocket.server.WebSocketServer,org.java_websocket.server.WebSocketServer_ESTest,0,0,False
991,NPEX,Java_WebSocket-a2b35482,0,dedee59825274bc481ec6fbfa4ca6146,org.java_websocket.server.WebSocketServer,org.java_websocket.server.WebSocketServer_ESTest,0,0,False
992,NPEX,Java_WebSocket-a2b35482,0,8decd5922afb4e20babd75a4d1a33912,org.java_websocket.server.WebSocketServer,org.java_websocket.server.WebSocketServer_ESTest,0,0,False
993,NPEX,Java_WebSocket-a2b35482,0,d4f49cd1842c435c865c31dbb0979855,org.java_websocket.server.WebSocketServer,org.java_websocket.server.WebSocketServer_ESTest,0,0,False
994,NPEX,RocketMQ-f5a119f1,0,4ff4328eb89d49109f89932a6f91703f,org.apache.rocketmq.client.impl.factory.MQClientInstance,org.apache.rocketmq.client.impl.factory.MQClientInstance_ESTest,17,0,False
995,NPEX,RocketMQ-f5a119f1,0,4279f1de68bf409e8ab402a336f1348f,org.apache.rocketmq.client.impl.factory.MQClientInstance,org.apache.rocketmq.client.impl.factory.MQClientInstance_ESTest,18,0,False
996,NPEX,RocketMQ-f5a119f1,0,d851f0a07a9c498fbe4d099d680b34fa,org.apache.rocketmq.client.impl.factory.MQClientInstance,org.apache.rocketmq.client.impl.factory.MQClientInstance_ESTest,17,0,False
997,NPEX,RocketMQ-f5a119f1,0,65ce06a15395436ba2c117eb6a48b709,org.apache.rocketmq.client.impl.factory.MQClientInstance,org.apache.rocketmq.client.impl.factory.MQClientInstance_ESTest,35,0,False
998,NPEX,RocketMQ-f5a119f1,0,49ba128d508b4945a544ac7037f89c3f,org.apache.rocketmq.client.impl.factory.MQClientInstance,org.apache.rocketmq.client.impl.factory.MQClientInstance_ESTest,19,0,False
999,NPEX,RocketMQ-f5a119f1,0,6be7d4ab43f741ce95c5931f6ddc8c49,org.apache.rocketmq.client.impl.factory.MQClientInstance,org.apache.rocketmq.client.impl.factory.MQClientInstance_ESTest,19,0,False
1000,NPEX,RocketMQ-f5a119f1,0,c05a964c102b45a286c962623597300f,org.apache.rocketmq.client.impl.factory.MQClientInstance,org.apache.rocketmq.client.impl.factory.MQClientInstance_ESTest,14,0,False
1001,NPEX,RocketMQ-f5a119f1,0,e6615356fe834e609779666fe8684701,org.apache.rocketmq.client.impl.factory.MQClientInstance,org.apache.rocketmq.client.impl.factory.MQClientInstance_ESTest,15,0,False
1002,NPEX,RocketMQ-f5a119f1,0,9061e70076824d929794ba36cc93a199,org.apache.rocketmq.client.impl.factory.MQClientInstance,org.apache.rocketmq.client.impl.factory.MQClientInstance_ESTest,16,0,False
1003,NPEX,RocketMQ-f5a119f1,0,a12ff26ca51245eea58f7ea5a09d8f1e,org.apache.rocketmq.client.impl.factory.MQClientInstance,org.apache.rocketmq.client.impl.factory.MQClientInstance_ESTest,17,0,False
1004,NPEX,RocketMQ-f5a119f1,0,9a377646b0f3492cb3e61f448ae6100a,org.apache.rocketmq.client.impl.factory.MQClientInstance,org.apache.rocketmq.client.impl.factory.MQClientInstance_ESTest,17,0,False
1005,NPEX,RocketMQ-f5a119f1,0,9048adbba7574be4b61230deda7d5491,org.apache.rocketmq.client.impl.factory.MQClientInstance,org.apache.rocketmq.client.impl.factory.MQClientInstance_ESTest,17,0,False
1006,NPEX,RocketMQ-f5a119f1,0,e13f20d1bd4f4b149bd262272fddc728,org.apache.rocketmq.client.impl.factory.MQClientInstance,org.apache.rocketmq.client.impl.factory.MQClientInstance_ESTest,15,0,False
1007,NPEX,RocketMQ-f5a119f1,0,5658e10a73104e5aada16f8d59ee3bc3,org.apache.rocketmq.client.impl.factory.MQClientInstance,org.apache.rocketmq.client.impl.factory.MQClientInstance_ESTest,16,0,False
1008,NPEX,RocketMQ-f5a119f1,0,53437294a9b84cec8b4cbc9a9e511eed,org.apache.rocketmq.client.impl.factory.MQClientInstance,org.apache.rocketmq.client.impl.factory.MQClientInstance_ESTest,19,0,False
1009,NPEX,RocketMQ-f5a119f1,0,b4c84a8f12184312a0ea0df6e7f83ef6,org.apache.rocketmq.client.impl.factory.MQClientInstance,org.apache.rocketmq.client.impl.factory.MQClientInstance_ESTest,13,0,False
1010,NPEX,RocketMQ-f5a119f1,0,2c914bf23eec4d4696ebf5177fd1b3fc,org.apache.rocketmq.client.impl.factory.MQClientInstance,org.apache.rocketmq.client.impl.factory.MQClientInstance_ESTest,16,0,False
1011,NPEX,RocketMQ-f5a119f1,0,8a8bb56855a84bc2a4875525dcca1e99,org.apache.rocketmq.client.impl.factory.MQClientInstance,org.apache.rocketmq.client.impl.factory.MQClientInstance_ESTest,19,0,False
1012,NPEX,RocketMQ-f5a119f1,0,5ab96cd2e9ee49f6884604787920debb,org.apache.rocketmq.client.impl.factory.MQClientInstance,org.apache.rocketmq.client.impl.factory.MQClientInstance_ESTest,19,0,False
1013,NPEX,RocketMQ-f5a119f1,0,7daf70aeb3354ab8b870b97e61547d6a,org.apache.rocketmq.client.impl.factory.MQClientInstance,org.apache.rocketmq.client.impl.factory.MQClientInstance_ESTest,18,0,False
1014,NPEX,RocketMQ-f5a119f1,0,17c003de6d5c401eb7b9cc0fee0b40ea,org.apache.rocketmq.client.impl.factory.MQClientInstance,org.apache.rocketmq.client.impl.factory.MQClientInstance_ESTest,19,0,False
1015,NPEX,RocketMQ-f5a119f1,0,76213cda6ab4440b853df8c268639076,org.apache.rocketmq.client.impl.factory.MQClientInstance,org.apache.rocketmq.client.impl.factory.MQClientInstance_ESTest,15,0,False
1016,NPEX,RocketMQ-f5a119f1,0,d5d4be7fb2ad4a62a44f520da9f0ed0a,org.apache.rocketmq.client.impl.factory.MQClientInstance,org.apache.rocketmq.client.impl.factory.MQClientInstance_ESTest,13,0,False
1017,NPEX,RocketMQ-f5a119f1,0,56ecee6cead64759a640e69ea0689325,org.apache.rocketmq.client.impl.factory.MQClientInstance,org.apache.rocketmq.client.impl.factory.MQClientInstance_ESTest,15,0,False
1018,NPEX,JSqlParser-66e44c95,0,23cbc36f67f54ef4b8c0d3ff317d5bd3,net.sf.jsqlparser.expression.ExpressionVisitorAdapter,net.sf.jsqlparser.expression.ExpressionVisitorAdapter_ESTest,98,0,False
1019,NPEX,JSqlParser-66e44c95,0,b569c1048fe147af90200f8785377be6,net.sf.jsqlparser.expression.ExpressionVisitorAdapter,net.sf.jsqlparser.expression.ExpressionVisitorAdapter_ESTest,96,0,False
1020,NPEX,JSqlParser-66e44c95,0,b2149fe755394d7e8af0943881353f81,net.sf.jsqlparser.expression.ExpressionVisitorAdapter,net.sf.jsqlparser.expression.ExpressionVisitorAdapter_ESTest,90,0,False
1021,NPEX,JSqlParser-66e44c95,0,681bc03ffc564e6a9b97c65be9544002,net.sf.jsqlparser.expression.ExpressionVisitorAdapter,net.sf.jsqlparser.expression.ExpressionVisitorAdapter_ESTest,91,0,True
1022,NPEX,jsoup-8b837a43,0,bb42f50da48448a3bfb9af688e9625e1,org.jsoup.nodes.Attribute,org.jsoup.nodes.Attribute_ESTest,58,0,True
1023,NPEX,jsoup-8b837a43,0,06bcd6f315f14644917561d387dc17d0,org.jsoup.nodes.Attribute,org.jsoup.nodes.Attribute_ESTest,57,0,True
1024,NPEX,jsoup-8b837a43,0,4e878fc89a894aa395061fa87096da1f,org.jsoup.nodes.Attribute,org.jsoup.nodes.Attribute_ESTest,57,0,True
1025,NPEX,jsoup-8b837a43,0,568a06e24e954110883fa8a10930cca2,org.jsoup.nodes.Attribute,org.jsoup.nodes.Attribute_ESTest,57,0,True
1026,NPEX,jsoup-8b837a43,0,0b2f8e4fd1a34ab2b5bcbfdf6ea1bfe0,org.jsoup.nodes.Attribute,org.jsoup.nodes.Attribute_ESTest,59,0,True
1027,NPEX,jsoup-8b837a43,0,5927df8c53ee40f8a95ce8d7cc988cca,org.jsoup.nodes.Attribute,org.jsoup.nodes.Attribute_ESTest,58,0,True
1028,NPEX,jsoup-8b837a43,0,1b00e20edc5342f88e337e189c2967a8,org.jsoup.nodes.Attribute,org.jsoup.nodes.Attribute_ESTest,56,0,True
1029,NPEX,Directory_LDAP_API-1aea113c,0,7be0e7380942462794e4b4c57be96963,org.apache.directory.api.ldap.model.entry.Value,org.apache.directory.api.ldap.model.entry.Value_ESTest,164,0,True
1030,NPEX,Directory_LDAP_API-1aea113c,0,0882f026428f414fa047c6b4e201ab5f,org.apache.directory.api.ldap.model.entry.Value,org.apache.directory.api.ldap.model.entry.Value_ESTest,140,0,True
1031,NPEX,Directory_LDAP_API-1aea113c,0,eed3d060c94d43a8997c3d2431a86daf,org.apache.directory.api.ldap.model.entry.Value,org.apache.directory.api.ldap.model.entry.Value_ESTest,317,0,True
1032,NPEX,Directory_LDAP_API-1aea113c,0,5f7b40a1832a444689e10fe6493a5e3b,org.apache.directory.api.ldap.model.entry.Value,org.apache.directory.api.ldap.model.entry.Value_ESTest,145,0,True
1033,NPEX,Directory_LDAP_API-1aea113c,0,a20d38b1675d4dff8e819a125752ae17,org.apache.directory.api.ldap.model.entry.Value,org.apache.directory.api.ldap.model.entry.Value_ESTest,147,0,True
1034,NPEX,Directory_LDAP_API-1aea113c,0,540a4072980b4ebb8ab1b02975cee823,org.apache.directory.api.ldap.model.entry.Value,org.apache.directory.api.ldap.model.entry.Value_ESTest,269,0,True
1035,NPEX,Directory_LDAP_API-1aea113c,0,641c6643c3d146b3b718319a53805ffa,org.apache.directory.api.ldap.model.entry.Value,org.apache.directory.api.ldap.model.entry.Value_ESTest,162,0,True
1036,NPEX,Directory_LDAP_API-1aea113c,0,0e54a064af024a3d94640ee0d4b129a8,org.apache.directory.api.ldap.model.entry.Value,org.apache.directory.api.ldap.model.entry.Value_ESTest,261,0,True
1037,NPEX,Directory_LDAP_API-1aea113c,0,0e54a064af024a3d94640ee0d4b129a8,org.apache.directory.api.ldap.model.entry.Value,org.apache.directory.api.ldap.model.entry.Value_ESTest$1,261,0,True
1038,NPEX,Directory_LDAP_API-1aea113c,0,68c441697bfa4d2bab46dffd79dea9c5,org.apache.directory.api.ldap.model.entry.Value,org.apache.directory.api.ldap.model.entry.Value_ESTest,292,0,True
1039,NPEX,Directory_LDAP_API-1aea113c,0,f1f17e5d33624c49bd3646a58edb5d4c,org.apache.directory.api.ldap.model.entry.Value,org.apache.directory.api.ldap.model.entry.Value_ESTest,144,0,True
1040,NPEX,Directory_LDAP_API-1aea113c,0,f3921b269d7a4fd8b867148e44f599ab,org.apache.directory.api.ldap.model.entry.Value,org.apache.directory.api.ldap.model.entry.Value_ESTest,143,0,True
1041,NPEX,Directory_LDAP_API-1aea113c,0,d659a783dea84f3fb841ea83ede1d0dc,org.apache.directory.api.ldap.model.entry.Value,org.apache.directory.api.ldap.model.entry.Value_ESTest,269,0,True
1042,NPEX,Directory_LDAP_API-1aea113c,0,028cbad8565c4215824b37f366917d0b,org.apache.directory.api.ldap.model.entry.Value,org.apache.directory.api.ldap.model.entry.Value_ESTest,263,0,True
1043,NPEX,Directory_LDAP_API-1aea113c,0,d46e008bcd324da5b1dd8db3a8289319,org.apache.directory.api.ldap.model.entry.Value,org.apache.directory.api.ldap.model.entry.Value_ESTest,248,0,True
1044,NPEX,Directory_LDAP_API-1aea113c,0,f1f6fde361444c078c7bfd57131d9113,org.apache.directory.api.ldap.model.entry.Value,org.apache.directory.api.ldap.model.entry.Value_ESTest,244,0,True
1045,NPEX,Directory_LDAP_API-1aea113c,0,ed42b325fc604ccd988776c50e8c42cf,org.apache.directory.api.ldap.model.entry.Value,org.apache.directory.api.ldap.model.entry.Value_ESTest,227,0,True
1046,NPEX,Directory_LDAP_API-1aea113c,0,8438231f7ce641199ac59b0b14294ebb,org.apache.directory.api.ldap.model.entry.Value,org.apache.directory.api.ldap.model.entry.Value_ESTest,154,0,True
1047,NPEX,Directory_LDAP_API-1aea113c,0,376e49daea5d4f22861abcf2aa8a78d7,org.apache.directory.api.ldap.model.entry.Value,org.apache.directory.api.ldap.model.entry.Value_ESTest,146,0,True
1048,NPEX,Directory_LDAP_API-1aea113c,0,fc7e5dec7920429fa258fa4830377b31,org.apache.directory.api.ldap.model.entry.Value,org.apache.directory.api.ldap.model.entry.Value_ESTest,265,0,True
1049,NPEX,Directory_LDAP_API-1aea113c,0,122d573af3194e599b8503a087814337,org.apache.directory.api.ldap.model.entry.Value,org.apache.directory.api.ldap.model.entry.Value_ESTest,126,0,True
1050,NPEX,Directory_LDAP_API-1aea113c,0,346b756a8b4940afa1f998d4a3440a10,org.apache.directory.api.ldap.model.entry.Value,org.apache.directory.api.ldap.model.entry.Value_ESTest,274,0,False
1051,NPEX,Directory_LDAP_API-1aea113c,0,2e3a31610c30449cb13e325f24c06fd6,org.apache.directory.api.ldap.model.entry.Value,org.apache.directory.api.ldap.model.entry.Value_ESTest,156,0,True
1052,NPEX,Directory_LDAP_API-1aea113c,0,9710951b8cf24ccebd92bdbc1074b402,org.apache.directory.api.ldap.model.entry.Value,org.apache.directory.api.ldap.model.entry.Value_ESTest,141,0,True
1053,NPEX,Directory_LDAP_API-1aea113c,0,0da6c6049e094352b28c7efe1682db18,org.apache.directory.api.ldap.model.entry.Value,org.apache.directory.api.ldap.model.entry.Value_ESTest,151,0,True
1054,NPEX,Directory_LDAP_API-1aea113c,0,a6616f4ab17c47978800ed500708e0d0,org.apache.directory.api.ldap.model.entry.Value,org.apache.directory.api.ldap.model.entry.Value_ESTest,152,0,True
1055,NPEX,Directory_LDAP_API-1aea113c,0,4b6d76acc49c40789a98630c01b6d5ae,org.apache.directory.api.ldap.model.entry.Value,org.apache.directory.api.ldap.model.entry.Value_ESTest,272,0,True
1056,NPEX,Directory_LDAP_API-1aea113c,0,8aa75c33620f48079f25fe8a5990ec44,org.apache.directory.api.ldap.model.entry.Value,org.apache.directory.api.ldap.model.entry.Value_ESTest,254,0,True
1057,NPEX,Directory_LDAP_API-1aea113c,0,6f785357705547e8a3987e847775cd04,org.apache.directory.api.ldap.model.entry.Value,org.apache.directory.api.ldap.model.entry.Value_ESTest,280,0,False
1058,NPEX,Directory_LDAP_API-1aea113c,0,245f5eb072ef4ef48e3f725258eee70d,org.apache.directory.api.ldap.model.entry.Value,org.apache.directory.api.ldap.model.entry.Value_ESTest,288,0,True
1059,NPEX,Directory_LDAP_API-1aea113c,0,e54a7c6d21a142da8dc9a5c70ba52b4b,org.apache.directory.api.ldap.model.entry.Value,org.apache.directory.api.ldap.model.entry.Value_ESTest,290,0,True
1060,NPEX,Directory_LDAP_API-1aea113c,0,e54a7c6d21a142da8dc9a5c70ba52b4b,org.apache.directory.api.ldap.model.entry.Value,org.apache.directory.api.ldap.model.entry.Value_ESTest$1,290,0,True
1061,NPEX,Directory_LDAP_API-1aea113c,0,b12c87bde94b4ba39c2ad967ce8aea88,org.apache.directory.api.ldap.model.entry.Value,org.apache.directory.api.ldap.model.entry.Value_ESTest,146,0,True
1062,NPEX,Sling_Pipes-81059025,0,2aba1a09fabd45928d7c2bd682bb4916,org.apache.sling.pipes.PipeBindings,org.apache.sling.pipes.PipeBindings_ESTest$1,1,0,False
1063,NPEX,Sling_Pipes-81059025,0,2aba1a09fabd45928d7c2bd682bb4916,org.apache.sling.pipes.PipeBindings,org.apache.sling.pipes.PipeBindings_ESTest,1,0,False
1064,NPEX,Sling_Pipes-81059025,0,bc8a320d56ae42b5aebe1be63759a98c,org.apache.sling.pipes.PipeBindings,org.apache.sling.pipes.PipeBindings_ESTest$1,1,0,False
1065,NPEX,Sling_Pipes-81059025,0,bc8a320d56ae42b5aebe1be63759a98c,org.apache.sling.pipes.PipeBindings,org.apache.sling.pipes.PipeBindings_ESTest,1,0,False
1066,NPEX,Sling_Pipes-81059025,0,f9edd53bafab45fab2e8b4b503901e15,org.apache.sling.pipes.PipeBindings,org.apache.sling.pipes.PipeBindings_ESTest$1,1,0,False
1067,NPEX,Sling_Pipes-81059025,0,f9edd53bafab45fab2e8b4b503901e15,org.apache.sling.pipes.PipeBindings,org.apache.sling.pipes.PipeBindings_ESTest,1,0,False
1068,NPEX,Sling_Pipes-81059025,0,131faf904cb34e3c83790a7e7bc4b240,org.apache.sling.pipes.PipeBindings,org.apache.sling.pipes.PipeBindings_ESTest$1,1,0,False
1069,NPEX,Sling_Pipes-81059025,0,131faf904cb34e3c83790a7e7bc4b240,org.apache.sling.pipes.PipeBindings,org.apache.sling.pipes.PipeBindings_ESTest,1,0,False
1070,NPEX,Sling_Pipes-81059025,0,79449569e64c42c898e7b2026ef85fbf,org.apache.sling.pipes.PipeBindings,org.apache.sling.pipes.PipeBindings_ESTest$1,1,0,False
1071,NPEX,Sling_Pipes-81059025,0,79449569e64c42c898e7b2026ef85fbf,org.apache.sling.pipes.PipeBindings,org.apache.sling.pipes.PipeBindings_ESTest,1,0,False
1072,NPEX,Sling_Pipes-81059025,0,47cd123363cb4420a34fd820cec3694f,org.apache.sling.pipes.PipeBindings,org.apache.sling.pipes.PipeBindings_ESTest$1,1,0,False
1073,NPEX,Sling_Pipes-81059025,0,47cd123363cb4420a34fd820cec3694f,org.apache.sling.pipes.PipeBindings,org.apache.sling.pipes.PipeBindings_ESTest,1,0,False
1074,NPEX,Sling_Pipes-81059025,0,988fe5a03b5d4f9d81f6665330aa7d10,org.apache.sling.pipes.PipeBindings,org.apache.sling.pipes.PipeBindings_ESTest$1,1,0,False
1075,NPEX,Sling_Pipes-81059025,0,988fe5a03b5d4f9d81f6665330aa7d10,org.apache.sling.pipes.PipeBindings,org.apache.sling.pipes.PipeBindings_ESTest,1,0,False
1076,NPEX,Sling_Pipes-81059025,0,10694d2566e8452c8242b074f793acde,org.apache.sling.pipes.PipeBindings,org.apache.sling.pipes.PipeBindings_ESTest$1,1,0,False
1077,NPEX,Sling_Pipes-81059025,0,10694d2566e8452c8242b074f793acde,org.apache.sling.pipes.PipeBindings,org.apache.sling.pipes.PipeBindings_ESTest,1,0,False
1078,NPEX,Sling_Pipes-81059025,0,c846ac3fabfc427e9bf2f7e543bf9e3c,org.apache.sling.pipes.PipeBindings,org.apache.sling.pipes.PipeBindings_ESTest$1,1,0,False
1079,NPEX,Sling_Pipes-81059025,0,c846ac3fabfc427e9bf2f7e543bf9e3c,org.apache.sling.pipes.PipeBindings,org.apache.sling.pipes.PipeBindings_ESTest,1,0,False
1080,NPEX,Sling_Pipes-81059025,0,c5fce43719974f3cbff3754832e403a1,org.apache.sling.pipes.PipeBindings,org.apache.sling.pipes.PipeBindings_ESTest$1,1,0,False
1081,NPEX,Sling_Pipes-81059025,0,c5fce43719974f3cbff3754832e403a1,org.apache.sling.pipes.PipeBindings,org.apache.sling.pipes.PipeBindings_ESTest,1,0,False
1082,NPEX,Sling_Pipes-81059025,0,0be0cf727fd942a085f1220fa39802d8,org.apache.sling.pipes.PipeBindings,org.apache.sling.pipes.PipeBindings_ESTest$1,1,0,False
1083,NPEX,Sling_Pipes-81059025,0,0be0cf727fd942a085f1220fa39802d8,org.apache.sling.pipes.PipeBindings,org.apache.sling.pipes.PipeBindings_ESTest,1,0,False
1084,NPEX,Sling_Pipes-81059025,0,24eb19bb25e84fca97ab66e3258698a1,org.apache.sling.pipes.PipeBindings,org.apache.sling.pipes.PipeBindings_ESTest$1,1,0,False
1085,NPEX,Sling_Pipes-81059025,0,24eb19bb25e84fca97ab66e3258698a1,org.apache.sling.pipes.PipeBindings,org.apache.sling.pipes.PipeBindings_ESTest,1,0,False
1086,NPEX,Sling_Pipes-81059025,0,15c89d3277f246f790d269f18aa3ae7c,org.apache.sling.pipes.PipeBindings,org.apache.sling.pipes.PipeBindings_ESTest$1,1,0,False
1087,NPEX,Sling_Pipes-81059025,0,15c89d3277f246f790d269f18aa3ae7c,org.apache.sling.pipes.PipeBindings,org.apache.sling.pipes.PipeBindings_ESTest,1,0,False
1088,NPEX,Sling_Pipes-81059025,0,d7c9e6deb9a9409ebf44d22149b6b017,org.apache.sling.pipes.PipeBindings,org.apache.sling.pipes.PipeBindings_ESTest$1,1,0,False
1089,NPEX,Sling_Pipes-81059025,0,d7c9e6deb9a9409ebf44d22149b6b017,org.apache.sling.pipes.PipeBindings,org.apache.sling.pipes.PipeBindings_ESTest,1,0,False
1090,NPEX,Sling_Pipes-81059025,0,db2bf7f0abfc4b7b9234f44fafcfbb0b,org.apache.sling.pipes.PipeBindings,org.apache.sling.pipes.PipeBindings_ESTest$1,1,0,False
1091,NPEX,Sling_Pipes-81059025,0,db2bf7f0abfc4b7b9234f44fafcfbb0b,org.apache.sling.pipes.PipeBindings,org.apache.sling.pipes.PipeBindings_ESTest,1,0,False
1092,NPEX,Sling_Pipes-81059025,0,99b42a20f7ea42dca358eb680e9232b8,org.apache.sling.pipes.PipeBindings,org.apache.sling.pipes.PipeBindings_ESTest$1,1,0,False
1093,NPEX,Sling_Pipes-81059025,0,99b42a20f7ea42dca358eb680e9232b8,org.apache.sling.pipes.PipeBindings,org.apache.sling.pipes.PipeBindings_ESTest,1,0,False
1094,NPEX,Sling_Pipes-81059025,0,b41d4900d576466e80464d6856910080,org.apache.sling.pipes.PipeBindings,org.apache.sling.pipes.PipeBindings_ESTest$1,1,0,False
1095,NPEX,Sling_Pipes-81059025,0,b41d4900d576466e80464d6856910080,org.apache.sling.pipes.PipeBindings,org.apache.sling.pipes.PipeBindings_ESTest,1,0,False
1096,NPEX,Sling_Pipes-81059025,0,57604e57cd034dce90b6fe1c1796363a,org.apache.sling.pipes.PipeBindings,org.apache.sling.pipes.PipeBindings_ESTest$1,1,0,False
1097,NPEX,Sling_Pipes-81059025,0,57604e57cd034dce90b6fe1c1796363a,org.apache.sling.pipes.PipeBindings,org.apache.sling.pipes.PipeBindings_ESTest,1,0,False
1098,NPEX,Sling_Pipes-81059025,0,9e67f48effd74fc8972acadc43297f4b,org.apache.sling.pipes.PipeBindings,org.apache.sling.pipes.PipeBindings_ESTest$1,1,0,False
1099,NPEX,Sling_Pipes-81059025,0,9e67f48effd74fc8972acadc43297f4b,org.apache.sling.pipes.PipeBindings,org.apache.sling.pipes.PipeBindings_ESTest,1,0,False
1100,NPEX,Sling_Pipes-81059025,0,e742a154bac84af58549496937cf756a,org.apache.sling.pipes.PipeBindings,org.apache.sling.pipes.PipeBindings_ESTest$1,1,0,False
1101,NPEX,Sling_Pipes-81059025,0,e742a154bac84af58549496937cf756a,org.apache.sling.pipes.PipeBindings,org.apache.sling.pipes.PipeBindings_ESTest,1,0,False
1102,NPEX,Sling_Pipes-81059025,0,8c4e74537b14414ab027d4b5913de689,org.apache.sling.pipes.PipeBindings,org.apache.sling.pipes.PipeBindings_ESTest$1,1,0,False
1103,NPEX,Sling_Pipes-81059025,0,8c4e74537b14414ab027d4b5913de689,org.apache.sling.pipes.PipeBindings,org.apache.sling.pipes.PipeBindings_ESTest,1,0,False
1104,NPEX,Sling_Pipes-81059025,0,36587cee52134a01a200a3c1f55d76b5,org.apache.sling.pipes.PipeBindings,org.apache.sling.pipes.PipeBindings_ESTest$1,1,0,False
1105,NPEX,Sling_Pipes-81059025,0,36587cee52134a01a200a3c1f55d76b5,org.apache.sling.pipes.PipeBindings,org.apache.sling.pipes.PipeBindings_ESTest,1,0,False
1106,NPEX,Sling_Pipes-81059025,0,a832bc41c3694b888bf8f75ae1e9577b,org.apache.sling.pipes.PipeBindings,org.apache.sling.pipes.PipeBindings_ESTest$1,1,0,False
1107,NPEX,Sling_Pipes-81059025,0,a832bc41c3694b888bf8f75ae1e9577b,org.apache.sling.pipes.PipeBindings,org.apache.sling.pipes.PipeBindings_ESTest,1,0,False
1108,NPEX,Sling_Pipes-81059025,0,369c46f8797c448180ed2163c096f330,org.apache.sling.pipes.PipeBindings,org.apache.sling.pipes.PipeBindings_ESTest$1,1,0,False
1109,NPEX,Sling_Pipes-81059025,0,369c46f8797c448180ed2163c096f330,org.apache.sling.pipes.PipeBindings,org.apache.sling.pipes.PipeBindings_ESTest,1,0,False
1110,NPEX,Sling_Pipes-81059025,0,ae48cb71f81a4cd48fddfafac2fa97e2,org.apache.sling.pipes.PipeBindings,org.apache.sling.pipes.PipeBindings_ESTest$1,1,0,False
1111,NPEX,Sling_Pipes-81059025,0,ae48cb71f81a4cd48fddfafac2fa97e2,org.apache.sling.pipes.PipeBindings,org.apache.sling.pipes.PipeBindings_ESTest,1,0,False
1112,NPEX,Sling_Pipes-81059025,0,5278601d01d14264a264a9b5775a615e,org.apache.sling.pipes.PipeBindings,org.apache.sling.pipes.PipeBindings_ESTest$1,1,0,False
1113,NPEX,Sling_Pipes-81059025,0,5278601d01d14264a264a9b5775a615e,org.apache.sling.pipes.PipeBindings,org.apache.sling.pipes.PipeBindings_ESTest,1,0,False
1114,NPEX,Sling_Pipes-81059025,0,d76bf575e3324829b171c76cdfd69482,org.apache.sling.pipes.PipeBindings,org.apache.sling.pipes.PipeBindings_ESTest$1,1,0,False
1115,NPEX,Sling_Pipes-81059025,0,d76bf575e3324829b171c76cdfd69482,org.apache.sling.pipes.PipeBindings,org.apache.sling.pipes.PipeBindings_ESTest,1,0,False
1116,NPEX,Sling_Pipes-81059025,0,c3113861c16c4166a205be7fe474c82f,org.apache.sling.pipes.PipeBindings,org.apache.sling.pipes.PipeBindings_ESTest$1,1,0,False
1117,NPEX,Sling_Pipes-81059025,0,c3113861c16c4166a205be7fe474c82f,org.apache.sling.pipes.PipeBindings,org.apache.sling.pipes.PipeBindings_ESTest,1,0,False
1118,NPEX,Sling_Pipes-81059025,0,f5c2d3e8776943ec982a30b3465375f3,org.apache.sling.pipes.PipeBindings,org.apache.sling.pipes.PipeBindings_ESTest$1,1,0,False
1119,NPEX,Sling_Pipes-81059025,0,f5c2d3e8776943ec982a30b3465375f3,org.apache.sling.pipes.PipeBindings,org.apache.sling.pipes.PipeBindings_ESTest,1,0,False
1120,NPEX,OpenNLP-60792b8f,0,25f44fd0d6494a1bb3d3b65d25e29fc4,opennlp.tools.lemmatizer.DictionaryLemmatizer,opennlp.tools.lemmatizer.DictionaryLemmatizer_ESTest,11,0,True
1121,NPEX,OpenNLP-60792b8f,0,89a5055f01a34af0b4032004b1d2f2b0,opennlp.tools.lemmatizer.DictionaryLemmatizer,opennlp.tools.lemmatizer.DictionaryLemmatizer_ESTest,11,0,True
1122,NPEX,OpenNLP-60792b8f,0,ea00096a29674c25b62f9db30c6d97e4,opennlp.tools.lemmatizer.DictionaryLemmatizer,opennlp.tools.lemmatizer.DictionaryLemmatizer_ESTest,12,0,True
1123,NPEX,OpenNLP-60792b8f,0,e62dd646019846daa0e5e34964419b4f,opennlp.tools.lemmatizer.DictionaryLemmatizer,opennlp.tools.lemmatizer.DictionaryLemmatizer_ESTest,12,0,True
1124,NPEX,OpenNLP-60792b8f,0,6749e66bfcc94a4386c113a0f53db317,opennlp.tools.lemmatizer.DictionaryLemmatizer,opennlp.tools.lemmatizer.DictionaryLemmatizer_ESTest,11,0,True
1125,NPEX,OpenNLP-60792b8f,0,8bf579c38ba14cac9c7be8bae4defaf8,opennlp.tools.lemmatizer.DictionaryLemmatizer,opennlp.tools.lemmatizer.DictionaryLemmatizer_ESTest,10,0,True
1126,NPEX,OpenNLP-60792b8f,0,74aa05954dc94ea7ba6130bb471574fb,opennlp.tools.lemmatizer.DictionaryLemmatizer,opennlp.tools.lemmatizer.DictionaryLemmatizer_ESTest,12,0,True
1127,NPEX,OpenNLP-60792b8f,0,47a0167dbc5845f09eb090b120486bfc,opennlp.tools.lemmatizer.DictionaryLemmatizer,opennlp.tools.lemmatizer.DictionaryLemmatizer_ESTest,13,0,True
1128,NPEX,OpenNLP-60792b8f,0,cdfd15d2f02149b6acb1f702e5caedee,opennlp.tools.lemmatizer.DictionaryLemmatizer,opennlp.tools.lemmatizer.DictionaryLemmatizer_ESTest,13,0,True
1129,NPEX,OpenNLP-60792b8f,0,50080fb828a844c992f89c842ea9ace7,opennlp.tools.lemmatizer.DictionaryLemmatizer,opennlp.tools.lemmatizer.DictionaryLemmatizer_ESTest,12,0,True
1130,NPEX,OpenNLP-60792b8f,0,82407ebcbf974d1385159733850537b6,opennlp.tools.lemmatizer.DictionaryLemmatizer,opennlp.tools.lemmatizer.DictionaryLemmatizer_ESTest,11,0,True
1131,NPEX,OpenNLP-60792b8f,0,a79e9b6548a948b8af0f698c47b5266d,opennlp.tools.lemmatizer.DictionaryLemmatizer,opennlp.tools.lemmatizer.DictionaryLemmatizer_ESTest,11,0,True
1132,NPEX,OpenNLP-60792b8f,0,ff916d4aa17e497db34e26db35c1e0aa,opennlp.tools.lemmatizer.DictionaryLemmatizer,opennlp.tools.lemmatizer.DictionaryLemmatizer_ESTest,11,0,True
1133,NPEX,OpenNLP-60792b8f,0,d79ef41152c34496b2892154fd3a4fce,opennlp.tools.lemmatizer.DictionaryLemmatizer,opennlp.tools.lemmatizer.DictionaryLemmatizer_ESTest,11,0,True
1134,NPEX,OpenNLP-60792b8f,0,560c2aabdb95482b9a9efabd42bd91f0,opennlp.tools.lemmatizer.DictionaryLemmatizer,opennlp.tools.lemmatizer.DictionaryLemmatizer_ESTest,13,0,True
1135,NPEX,OpenNLP-60792b8f,0,e1085d8def834881bb00b6a0225ebba6,opennlp.tools.lemmatizer.DictionaryLemmatizer,opennlp.tools.lemmatizer.DictionaryLemmatizer_ESTest,13,0,True
1136,NPEX,OpenNLP-60792b8f,0,59f7501a00364f5ea0d6a710761a5bb5,opennlp.tools.lemmatizer.DictionaryLemmatizer,opennlp.tools.lemmatizer.DictionaryLemmatizer_ESTest,11,0,True
1137,NPEX,OpenNLP-60792b8f,0,fa5284bb1ea1497b8eb90cbf5f8088d8,opennlp.tools.lemmatizer.DictionaryLemmatizer,opennlp.tools.lemmatizer.DictionaryLemmatizer_ESTest,11,0,True
1138,NPEX,OpenNLP-60792b8f,0,c31070409d57478ba4eecb18b4cf1e7e,opennlp.tools.lemmatizer.DictionaryLemmatizer,opennlp.tools.lemmatizer.DictionaryLemmatizer_ESTest,12,0,True
1139,NPEX,OpenNLP-60792b8f,0,589ef182ec074352991c547f706726d9,opennlp.tools.lemmatizer.DictionaryLemmatizer,opennlp.tools.lemmatizer.DictionaryLemmatizer_ESTest,11,0,True
1140,NPEX,OpenNLP-60792b8f,0,8bd1da2f3ddb4bd5aeac7c0e929d8cc9,opennlp.tools.lemmatizer.DictionaryLemmatizer,opennlp.tools.lemmatizer.DictionaryLemmatizer_ESTest,11,0,True
1141,NPEX,OpenNLP-60792b8f,0,9fecd12b8bfa4c36b0a54a89cbe545ce,opennlp.tools.lemmatizer.DictionaryLemmatizer,opennlp.tools.lemmatizer.DictionaryLemmatizer_ESTest,13,0,True
1142,NPEX,OpenNLP-60792b8f,0,f31878013ba34a30a68e75602985296f,opennlp.tools.lemmatizer.DictionaryLemmatizer,opennlp.tools.lemmatizer.DictionaryLemmatizer_ESTest,11,0,True
1143,NPEX,OpenNLP-60792b8f,0,099ec17ea9b44fae9b7dc0a36d4c4404,opennlp.tools.lemmatizer.DictionaryLemmatizer,opennlp.tools.lemmatizer.DictionaryLemmatizer_ESTest,11,0,True
1144,NPEX,OpenNLP-60792b8f,0,db5d47bd47514dd78eea15cc9ce178b2,opennlp.tools.lemmatizer.DictionaryLemmatizer,opennlp.tools.lemmatizer.DictionaryLemmatizer_ESTest,12,0,True
1145,NPEX,OpenNLP-60792b8f,0,1c192e8c7b514fa0bd44838ae2bf2d5f,opennlp.tools.lemmatizer.DictionaryLemmatizer,opennlp.tools.lemmatizer.DictionaryLemmatizer_ESTest,12,0,True
1146,NPEX,OpenNLP-60792b8f,0,ee0dcf3dc57e42ac98afe0f60ea3fd55,opennlp.tools.lemmatizer.DictionaryLemmatizer,opennlp.tools.lemmatizer.DictionaryLemmatizer_ESTest,10,0,True
1147,NPEX,OpenNLP-60792b8f,0,c931f3ae668e4410b01867aca0a4081f,opennlp.tools.lemmatizer.DictionaryLemmatizer,opennlp.tools.lemmatizer.DictionaryLemmatizer_ESTest,11,0,True
1148,NPEX,OpenNLP-60792b8f,0,acaee7ecc9084c008d6f51b3e76826ae,opennlp.tools.lemmatizer.DictionaryLemmatizer,opennlp.tools.lemmatizer.DictionaryLemmatizer_ESTest,11,0,True
1149,NPEX,OpenNLP-60792b8f,0,7e5abea1413541b5a79d6f59840ef104,opennlp.tools.lemmatizer.DictionaryLemmatizer,opennlp.tools.lemmatizer.DictionaryLemmatizer_ESTest,13,0,True
1150,NPEX,OpenNLP-60792b8f,0,efddcb3f1712455fbaa496718db54061,opennlp.tools.lemmatizer.DictionaryLemmatizer,opennlp.tools.lemmatizer.DictionaryLemmatizer_ESTest,11,0,True
1151,NPEX,OpenNLP-60792b8f,0,a650c2d1cfdc44eca195d26458912063,opennlp.tools.lemmatizer.DictionaryLemmatizer,opennlp.tools.lemmatizer.DictionaryLemmatizer_ESTest,11,0,True
1152,NPEX,Hessian_Lite-c5c017dc,0,c0ece8d396ae4d47a2d063a813b68a52,com.alibaba.dubbo.common.URL,com.alibaba.dubbo.common.URL_ESTest,487,0,True
1153,NPEX,Hessian_Lite-c5c017dc,0,46bdcd40f33d4aa1bdbc987d6d08575c,com.alibaba.dubbo.common.URL,com.alibaba.dubbo.common.URL_ESTest,491,0,True
1154,NPEX,Hessian_Lite-c5c017dc,0,4363d4572d3f47808af0774d77b6fc5d,com.alibaba.dubbo.common.URL,com.alibaba.dubbo.common.URL_ESTest,497,0,True
1155,NPEX,Hessian_Lite-c5c017dc,0,c9e8ecbe0a1a4f7da360feda692dc9ab,com.alibaba.dubbo.common.URL,com.alibaba.dubbo.common.URL_ESTest,481,0,True
1156,NPEX,Hessian_Lite-c5c017dc,0,fe93bef8ea0b4d5ca40a27d3e80c4ccd,com.alibaba.dubbo.common.URL,com.alibaba.dubbo.common.URL_ESTest,495,0,True
1157,NPEX,Hessian_Lite-c5c017dc,0,c871300fc887451f990b7b49de0edabd,com.alibaba.dubbo.common.URL,com.alibaba.dubbo.common.URL_ESTest,483,0,True
1158,NPEX,ZooKeeper-ef3649f5,0,091f3f8705bb408a9137932327dd1aed,org.apache.zookeeper.server.ZooKeeperServer,org.apache.zookeeper.server.ZooKeeperServer_ESTest,323,0,True
1159,NPEX,ZooKeeper-ef3649f5,0,091f3f8705bb408a9137932327dd1aed,org.apache.zookeeper.server.ZooKeeperServer,org.apache.zookeeper.server.ZooKeeperServer_ESTest$1,323,0,True
1160,NPEX,ZooKeeper-ef3649f5,0,091f3f8705bb408a9137932327dd1aed,org.apache.zookeeper.server.ZooKeeperServer,org.apache.zookeeper.server.ZooKeeperServer_ESTest$2,323,0,True
1161,NPEX,ZooKeeper-ef3649f5,0,091f3f8705bb408a9137932327dd1aed,org.apache.zookeeper.server.ZooKeeperServer,org.apache.zookeeper.server.ZooKeeperServer_ESTest$4,323,0,True
1162,NPEX,ZooKeeper-ef3649f5,0,091f3f8705bb408a9137932327dd1aed,org.apache.zookeeper.server.ZooKeeperServer,org.apache.zookeeper.server.ZooKeeperServer_ESTest$3,323,0,True
1163,NPEX,ZooKeeper-ef3649f5,0,8511b26b26714a89bd303c23fe05318a,org.apache.zookeeper.server.ZooKeeperServer,org.apache.zookeeper.server.ZooKeeperServer_ESTest,344,0,True
1164,NPEX,ZooKeeper-ef3649f5,0,8511b26b26714a89bd303c23fe05318a,org.apache.zookeeper.server.ZooKeeperServer,org.apache.zookeeper.server.ZooKeeperServer_ESTest$11,344,0,True
1165,NPEX,ZooKeeper-ef3649f5,0,8511b26b26714a89bd303c23fe05318a,org.apache.zookeeper.server.ZooKeeperServer,org.apache.zookeeper.server.ZooKeeperServer_ESTest$1,344,0,True
1166,NPEX,ZooKeeper-ef3649f5,0,8511b26b26714a89bd303c23fe05318a,org.apache.zookeeper.server.ZooKeeperServer,org.apache.zookeeper.server.ZooKeeperServer_ESTest$6,344,0,True
1167,NPEX,ZooKeeper-ef3649f5,0,8511b26b26714a89bd303c23fe05318a,org.apache.zookeeper.server.ZooKeeperServer,org.apache.zookeeper.server.ZooKeeperServer_ESTest$5,344,0,True
1168,NPEX,ZooKeeper-ef3649f5,0,8511b26b26714a89bd303c23fe05318a,org.apache.zookeeper.server.ZooKeeperServer,org.apache.zookeeper.server.ZooKeeperServer_ESTest$9,344,0,True
1169,NPEX,ZooKeeper-ef3649f5,0,8511b26b26714a89bd303c23fe05318a,org.apache.zookeeper.server.ZooKeeperServer,org.apache.zookeeper.server.ZooKeeperServer_ESTest$2,344,0,True
1170,NPEX,ZooKeeper-ef3649f5,0,8511b26b26714a89bd303c23fe05318a,org.apache.zookeeper.server.ZooKeeperServer,org.apache.zookeeper.server.ZooKeeperServer_ESTest$7,344,0,True
1171,NPEX,ZooKeeper-ef3649f5,0,8511b26b26714a89bd303c23fe05318a,org.apache.zookeeper.server.ZooKeeperServer,org.apache.zookeeper.server.ZooKeeperServer_ESTest$4,344,0,True
1172,NPEX,ZooKeeper-ef3649f5,0,8511b26b26714a89bd303c23fe05318a,org.apache.zookeeper.server.ZooKeeperServer,org.apache.zookeeper.server.ZooKeeperServer_ESTest$8,344,0,True
1173,NPEX,ZooKeeper-ef3649f5,0,8511b26b26714a89bd303c23fe05318a,org.apache.zookeeper.server.ZooKeeperServer,org.apache.zookeeper.server.ZooKeeperServer_ESTest$10,344,0,True
1174,NPEX,ZooKeeper-ef3649f5,0,8511b26b26714a89bd303c23fe05318a,org.apache.zookeeper.server.ZooKeeperServer,org.apache.zookeeper.server.ZooKeeperServer_ESTest$3,344,0,True
1175,NPEX,ZooKeeper-ef3649f5,0,1da005234d714604b6eb26bfc57775dc,org.apache.zookeeper.server.ZooKeeperServer,org.apache.zookeeper.server.ZooKeeperServer_ESTest,312,0,False
1176,NPEX,ZooKeeper-ef3649f5,0,1da005234d714604b6eb26bfc57775dc,org.apache.zookeeper.server.ZooKeeperServer,org.apache.zookeeper.server.ZooKeeperServer_ESTest$1,312,0,False
1177,NPEX,ZooKeeper-ef3649f5,0,1da005234d714604b6eb26bfc57775dc,org.apache.zookeeper.server.ZooKeeperServer,org.apache.zookeeper.server.ZooKeeperServer_ESTest$5,312,0,False
1178,NPEX,ZooKeeper-ef3649f5,0,1da005234d714604b6eb26bfc57775dc,org.apache.zookeeper.server.ZooKeeperServer,org.apache.zookeeper.server.ZooKeeperServer_ESTest$2,312,0,False
1179,NPEX,ZooKeeper-ef3649f5,0,1da005234d714604b6eb26bfc57775dc,org.apache.zookeeper.server.ZooKeeperServer,org.apache.zookeeper.server.ZooKeeperServer_ESTest$4,312,0,False
1180,NPEX,ZooKeeper-ef3649f5,0,1da005234d714604b6eb26bfc57775dc,org.apache.zookeeper.server.ZooKeeperServer,org.apache.zookeeper.server.ZooKeeperServer_ESTest$3,312,0,False
1181,NPEX,ZooKeeper-ef3649f5,0,dba44c0714a74d3ca74288f6117002c2,org.apache.zookeeper.server.ZooKeeperServer,org.apache.zookeeper.server.ZooKeeperServer_ESTest,314,0,True
1182,NPEX,ZooKeeper-ef3649f5,0,dba44c0714a74d3ca74288f6117002c2,org.apache.zookeeper.server.ZooKeeperServer,org.apache.zookeeper.server.ZooKeeperServer_ESTest$1,314,0,True
1183,NPEX,ZooKeeper-ef3649f5,0,dba44c0714a74d3ca74288f6117002c2,org.apache.zookeeper.server.ZooKeeperServer,org.apache.zookeeper.server.ZooKeeperServer_ESTest$6,314,0,True
1184,NPEX,ZooKeeper-ef3649f5,0,dba44c0714a74d3ca74288f6117002c2,org.apache.zookeeper.server.ZooKeeperServer,org.apache.zookeeper.server.ZooKeeperServer_ESTest$5,314,0,True
1185,NPEX,ZooKeeper-ef3649f5,0,dba44c0714a74d3ca74288f6117002c2,org.apache.zookeeper.server.ZooKeeperServer,org.apache.zookeeper.server.ZooKeeperServer_ESTest$2,314,0,True
1186,NPEX,ZooKeeper-ef3649f5,0,dba44c0714a74d3ca74288f6117002c2,org.apache.zookeeper.server.ZooKeeperServer,org.apache.zookeeper.server.ZooKeeperServer_ESTest$7,314,0,True
1187,NPEX,ZooKeeper-ef3649f5,0,dba44c0714a74d3ca74288f6117002c2,org.apache.zookeeper.server.ZooKeeperServer,org.apache.zookeeper.server.ZooKeeperServer_ESTest$4,314,0,True
1188,NPEX,ZooKeeper-ef3649f5,0,dba44c0714a74d3ca74288f6117002c2,org.apache.zookeeper.server.ZooKeeperServer,org.apache.zookeeper.server.ZooKeeperServer_ESTest$3,314,0,True
1189,NPEX,ZooKeeper-ef3649f5,0,fd16a7f9c6234d3689e5a322511dc0ac,org.apache.zookeeper.server.ZooKeeperServer,org.apache.zookeeper.server.ZooKeeperServer_ESTest,323,0,True
1190,NPEX,ZooKeeper-ef3649f5,0,fd16a7f9c6234d3689e5a322511dc0ac,org.apache.zookeeper.server.ZooKeeperServer,org.apache.zookeeper.server.ZooKeeperServer_ESTest$1,323,0,True
1191,NPEX,ZooKeeper-ef3649f5,0,fd16a7f9c6234d3689e5a322511dc0ac,org.apache.zookeeper.server.ZooKeeperServer,org.apache.zookeeper.server.ZooKeeperServer_ESTest$6,323,0,True
1192,NPEX,ZooKeeper-ef3649f5,0,fd16a7f9c6234d3689e5a322511dc0ac,org.apache.zookeeper.server.ZooKeeperServer,org.apache.zookeeper.server.ZooKeeperServer_ESTest$5,323,0,True
1193,NPEX,ZooKeeper-ef3649f5,0,fd16a7f9c6234d3689e5a322511dc0ac,org.apache.zookeeper.server.ZooKeeperServer,org.apache.zookeeper.server.ZooKeeperServer_ESTest$9,323,0,True
1194,NPEX,ZooKeeper-ef3649f5,0,fd16a7f9c6234d3689e5a322511dc0ac,org.apache.zookeeper.server.ZooKeeperServer,org.apache.zookeeper.server.ZooKeeperServer_ESTest$2,323,0,True
1195,NPEX,ZooKeeper-ef3649f5,0,fd16a7f9c6234d3689e5a322511dc0ac,org.apache.zookeeper.server.ZooKeeperServer,org.apache.zookeeper.server.ZooKeeperServer_ESTest$7,323,0,True
1196,NPEX,ZooKeeper-ef3649f5,0,fd16a7f9c6234d3689e5a322511dc0ac,org.apache.zookeeper.server.ZooKeeperServer,org.apache.zookeeper.server.ZooKeeperServer_ESTest$4,323,0,True
1197,NPEX,ZooKeeper-ef3649f5,0,fd16a7f9c6234d3689e5a322511dc0ac,org.apache.zookeeper.server.ZooKeeperServer,org.apache.zookeeper.server.ZooKeeperServer_ESTest$8,323,0,True
1198,NPEX,ZooKeeper-ef3649f5,0,fd16a7f9c6234d3689e5a322511dc0ac,org.apache.zookeeper.server.ZooKeeperServer,org.apache.zookeeper.server.ZooKeeperServer_ESTest$3,323,0,True
1199,NPEX,ZooKeeper-ef3649f5,0,dbefb814c28f42ff927e46697409d383,org.apache.zookeeper.server.ZooKeeperServer,org.apache.zookeeper.server.ZooKeeperServer_ESTest,340,0,False
1200,NPEX,ZooKeeper-ef3649f5,0,dbefb814c28f42ff927e46697409d383,org.apache.zookeeper.server.ZooKeeperServer,org.apache.zookeeper.server.ZooKeeperServer_ESTest$1,340,0,False
1201,NPEX,ZooKeeper-ef3649f5,0,dbefb814c28f42ff927e46697409d383,org.apache.zookeeper.server.ZooKeeperServer,org.apache.zookeeper.server.ZooKeeperServer_ESTest$6,340,0,False
1202,NPEX,ZooKeeper-ef3649f5,0,dbefb814c28f42ff927e46697409d383,org.apache.zookeeper.server.ZooKeeperServer,org.apache.zookeeper.server.ZooKeeperServer_ESTest$5,340,0,False
1203,NPEX,ZooKeeper-ef3649f5,0,dbefb814c28f42ff927e46697409d383,org.apache.zookeeper.server.ZooKeeperServer,org.apache.zookeeper.server.ZooKeeperServer_ESTest$2,340,0,False
1204,NPEX,ZooKeeper-ef3649f5,0,dbefb814c28f42ff927e46697409d383,org.apache.zookeeper.server.ZooKeeperServer,org.apache.zookeeper.server.ZooKeeperServer_ESTest$4,340,0,False
1205,NPEX,ZooKeeper-ef3649f5,0,dbefb814c28f42ff927e46697409d383,org.apache.zookeeper.server.ZooKeeperServer,org.apache.zookeeper.server.ZooKeeperServer_ESTest$3,340,0,False
1206,NPEX,ZooKeeper-ef3649f5,0,f570f35059fb4291b838d9ec17977d10,org.apache.zookeeper.server.ZooKeeperServer,org.apache.zookeeper.server.ZooKeeperServer_ESTest,316,0,False
1207,NPEX,ZooKeeper-ef3649f5,0,f570f35059fb4291b838d9ec17977d10,org.apache.zookeeper.server.ZooKeeperServer,org.apache.zookeeper.server.ZooKeeperServer_ESTest$1,316,0,False
1208,NPEX,ZooKeeper-ef3649f5,0,f570f35059fb4291b838d9ec17977d10,org.apache.zookeeper.server.ZooKeeperServer,org.apache.zookeeper.server.ZooKeeperServer_ESTest$5,316,0,False
1209,NPEX,ZooKeeper-ef3649f5,0,f570f35059fb4291b838d9ec17977d10,org.apache.zookeeper.server.ZooKeeperServer,org.apache.zookeeper.server.ZooKeeperServer_ESTest$2,316,0,False
1210,NPEX,ZooKeeper-ef3649f5,0,f570f35059fb4291b838d9ec17977d10,org.apache.zookeeper.server.ZooKeeperServer,org.apache.zookeeper.server.ZooKeeperServer_ESTest$4,316,0,False
1211,NPEX,ZooKeeper-ef3649f5,0,f570f35059fb4291b838d9ec17977d10,org.apache.zookeeper.server.ZooKeeperServer,org.apache.zookeeper.server.ZooKeeperServer_ESTest$3,316,0,False
1212,NPEX,ZooKeeper-ef3649f5,0,84313b005aa345c98dcd38f8b35067c4,org.apache.zookeeper.server.ZooKeeperServer,org.apache.zookeeper.server.ZooKeeperServer_ESTest,301,0,True
1213,NPEX,ZooKeeper-ef3649f5,0,84313b005aa345c98dcd38f8b35067c4,org.apache.zookeeper.server.ZooKeeperServer,org.apache.zookeeper.server.ZooKeeperServer_ESTest$1,301,0,True
1214,NPEX,ZooKeeper-ef3649f5,0,84313b005aa345c98dcd38f8b35067c4,org.apache.zookeeper.server.ZooKeeperServer,org.apache.zookeeper.server.ZooKeeperServer_ESTest$6,301,0,True
1215,NPEX,ZooKeeper-ef3649f5,0,84313b005aa345c98dcd38f8b35067c4,org.apache.zookeeper.server.ZooKeeperServer,org.apache.zookeeper.server.ZooKeeperServer_ESTest$5,301,0,True
1216,NPEX,ZooKeeper-ef3649f5,0,84313b005aa345c98dcd38f8b35067c4,org.apache.zookeeper.server.ZooKeeperServer,org.apache.zookeeper.server.ZooKeeperServer_ESTest$2,301,0,True
1217,NPEX,ZooKeeper-ef3649f5,0,84313b005aa345c98dcd38f8b35067c4,org.apache.zookeeper.server.ZooKeeperServer,org.apache.zookeeper.server.ZooKeeperServer_ESTest$4,301,0,True
1218,NPEX,ZooKeeper-ef3649f5,0,84313b005aa345c98dcd38f8b35067c4,org.apache.zookeeper.server.ZooKeeperServer,org.apache.zookeeper.server.ZooKeeperServer_ESTest$3,301,0,True
1219,NPEX,ZooKeeper-ef3649f5,0,31d4e0f0e0fa4eaa9b868268876afdf2,org.apache.zookeeper.server.ZooKeeperServer,org.apache.zookeeper.server.ZooKeeperServer_ESTest,339,0,False
1220,NPEX,ZooKeeper-ef3649f5,0,31d4e0f0e0fa4eaa9b868268876afdf2,org.apache.zookeeper.server.ZooKeeperServer,org.apache.zookeeper.server.ZooKeeperServer_ESTest$11,339,0,False
1221,NPEX,ZooKeeper-ef3649f5,0,31d4e0f0e0fa4eaa9b868268876afdf2,org.apache.zookeeper.server.ZooKeeperServer,org.apache.zookeeper.server.ZooKeeperServer_ESTest$1,339,0,False
1222,NPEX,ZooKeeper-ef3649f5,0,31d4e0f0e0fa4eaa9b868268876afdf2,org.apache.zookeeper.server.ZooKeeperServer,org.apache.zookeeper.server.ZooKeeperServer_ESTest$6,339,0,False
1223,NPEX,ZooKeeper-ef3649f5,0,31d4e0f0e0fa4eaa9b868268876afdf2,org.apache.zookeeper.server.ZooKeeperServer,org.apache.zookeeper.server.ZooKeeperServer_ESTest$5,339,0,False
1224,NPEX,ZooKeeper-ef3649f5,0,31d4e0f0e0fa4eaa9b868268876afdf2,org.apache.zookeeper.server.ZooKeeperServer,org.apache.zookeeper.server.ZooKeeperServer_ESTest$9,339,0,False
1225,NPEX,ZooKeeper-ef3649f5,0,31d4e0f0e0fa4eaa9b868268876afdf2,org.apache.zookeeper.server.ZooKeeperServer,org.apache.zookeeper.server.ZooKeeperServer_ESTest$2,339,0,False
1226,NPEX,ZooKeeper-ef3649f5,0,31d4e0f0e0fa4eaa9b868268876afdf2,org.apache.zookeeper.server.ZooKeeperServer,org.apache.zookeeper.server.ZooKeeperServer_ESTest$7,339,0,False
1227,NPEX,ZooKeeper-ef3649f5,0,31d4e0f0e0fa4eaa9b868268876afdf2,org.apache.zookeeper.server.ZooKeeperServer,org.apache.zookeeper.server.ZooKeeperServer_ESTest$4,339,0,False
1228,NPEX,ZooKeeper-ef3649f5,0,31d4e0f0e0fa4eaa9b868268876afdf2,org.apache.zookeeper.server.ZooKeeperServer,org.apache.zookeeper.server.ZooKeeperServer_ESTest$8,339,0,False
1229,NPEX,ZooKeeper-ef3649f5,0,31d4e0f0e0fa4eaa9b868268876afdf2,org.apache.zookeeper.server.ZooKeeperServer,org.apache.zookeeper.server.ZooKeeperServer_ESTest$10,339,0,False
1230,NPEX,ZooKeeper-ef3649f5,0,31d4e0f0e0fa4eaa9b868268876afdf2,org.apache.zookeeper.server.ZooKeeperServer,org.apache.zookeeper.server.ZooKeeperServer_ESTest$3,339,0,False
1231,NPEX,ZooKeeper-ef3649f5,0,6832ee8425734aa586dc0e89aabe3fa8,org.apache.zookeeper.server.ZooKeeperServer,org.apache.zookeeper.server.ZooKeeperServer_ESTest,322,0,True
1232,NPEX,ZooKeeper-ef3649f5,0,6832ee8425734aa586dc0e89aabe3fa8,org.apache.zookeeper.server.ZooKeeperServer,org.apache.zookeeper.server.ZooKeeperServer_ESTest$1,322,0,True
1233,NPEX,ZooKeeper-ef3649f5,0,6832ee8425734aa586dc0e89aabe3fa8,org.apache.zookeeper.server.ZooKeeperServer,org.apache.zookeeper.server.ZooKeeperServer_ESTest$6,322,0,True
1234,NPEX,ZooKeeper-ef3649f5,0,6832ee8425734aa586dc0e89aabe3fa8,org.apache.zookeeper.server.ZooKeeperServer,org.apache.zookeeper.server.ZooKeeperServer_ESTest$5,322,0,True
1235,NPEX,ZooKeeper-ef3649f5,0,6832ee8425734aa586dc0e89aabe3fa8,org.apache.zookeeper.server.ZooKeeperServer,org.apache.zookeeper.server.ZooKeeperServer_ESTest$2,322,0,True
1236,NPEX,ZooKeeper-ef3649f5,0,6832ee8425734aa586dc0e89aabe3fa8,org.apache.zookeeper.server.ZooKeeperServer,org.apache.zookeeper.server.ZooKeeperServer_ESTest$7,322,0,True
1237,NPEX,ZooKeeper-ef3649f5,0,6832ee8425734aa586dc0e89aabe3fa8,org.apache.zookeeper.server.ZooKeeperServer,org.apache.zookeeper.server.ZooKeeperServer_ESTest$4,322,0,True
1238,NPEX,ZooKeeper-ef3649f5,0,6832ee8425734aa586dc0e89aabe3fa8,org.apache.zookeeper.server.ZooKeeperServer,org.apache.zookeeper.server.ZooKeeperServer_ESTest$3,322,0,True
1239,NPEX,ZooKeeper-ef3649f5,0,71eb1764f4a64e1c9443ba13587eda1a,org.apache.zookeeper.server.ZooKeeperServer,org.apache.zookeeper.server.ZooKeeperServer_ESTest,311,0,False
1240,NPEX,ZooKeeper-ef3649f5,0,71eb1764f4a64e1c9443ba13587eda1a,org.apache.zookeeper.server.ZooKeeperServer,org.apache.zookeeper.server.ZooKeeperServer_ESTest$1,311,0,False
1241,NPEX,ZooKeeper-ef3649f5,0,71eb1764f4a64e1c9443ba13587eda1a,org.apache.zookeeper.server.ZooKeeperServer,org.apache.zookeeper.server.ZooKeeperServer_ESTest$6,311,0,False
1242,NPEX,ZooKeeper-ef3649f5,0,71eb1764f4a64e1c9443ba13587eda1a,org.apache.zookeeper.server.ZooKeeperServer,org.apache.zookeeper.server.ZooKeeperServer_ESTest$5,311,0,False
1243,NPEX,ZooKeeper-ef3649f5,0,71eb1764f4a64e1c9443ba13587eda1a,org.apache.zookeeper.server.ZooKeeperServer,org.apache.zookeeper.server.ZooKeeperServer_ESTest$2,311,0,False
1244,NPEX,ZooKeeper-ef3649f5,0,71eb1764f4a64e1c9443ba13587eda1a,org.apache.zookeeper.server.ZooKeeperServer,org.apache.zookeeper.server.ZooKeeperServer_ESTest$7,311,0,False
1245,NPEX,ZooKeeper-ef3649f5,0,71eb1764f4a64e1c9443ba13587eda1a,org.apache.zookeeper.server.ZooKeeperServer,org.apache.zookeeper.server.ZooKeeperServer_ESTest$4,311,0,False
1246,NPEX,ZooKeeper-ef3649f5,0,71eb1764f4a64e1c9443ba13587eda1a,org.apache.zookeeper.server.ZooKeeperServer,org.apache.zookeeper.server.ZooKeeperServer_ESTest$3,311,0,False
1247,NPEX,ZooKeeper-ef3649f5,0,e6e2d03a56e641688654460e2533d607,org.apache.zookeeper.server.ZooKeeperServer,org.apache.zookeeper.server.ZooKeeperServer_ESTest,314,0,True
1248,NPEX,ZooKeeper-ef3649f5,0,e6e2d03a56e641688654460e2533d607,org.apache.zookeeper.server.ZooKeeperServer,org.apache.zookeeper.server.ZooKeeperServer_ESTest$11,314,0,True
1249,NPEX,ZooKeeper-ef3649f5,0,e6e2d03a56e641688654460e2533d607,org.apache.zookeeper.server.ZooKeeperServer,org.apache.zookeeper.server.ZooKeeperServer_ESTest$1,314,0,True
1250,NPEX,ZooKeeper-ef3649f5,0,e6e2d03a56e641688654460e2533d607,org.apache.zookeeper.server.ZooKeeperServer,org.apache.zookeeper.server.ZooKeeperServer_ESTest$6,314,0,True
1251,NPEX,ZooKeeper-ef3649f5,0,e6e2d03a56e641688654460e2533d607,org.apache.zookeeper.server.ZooKeeperServer,org.apache.zookeeper.server.ZooKeeperServer_ESTest$5,314,0,True
1252,NPEX,ZooKeeper-ef3649f5,0,e6e2d03a56e641688654460e2533d607,org.apache.zookeeper.server.ZooKeeperServer,org.apache.zookeeper.server.ZooKeeperServer_ESTest$9,314,0,True
1253,NPEX,ZooKeeper-ef3649f5,0,e6e2d03a56e641688654460e2533d607,org.apache.zookeeper.server.ZooKeeperServer,org.apache.zookeeper.server.ZooKeeperServer_ESTest$2,314,0,True
1254,NPEX,ZooKeeper-ef3649f5,0,e6e2d03a56e641688654460e2533d607,org.apache.zookeeper.server.ZooKeeperServer,org.apache.zookeeper.server.ZooKeeperServer_ESTest$7,314,0,True
1255,NPEX,ZooKeeper-ef3649f5,0,e6e2d03a56e641688654460e2533d607,org.apache.zookeeper.server.ZooKeeperServer,org.apache.zookeeper.server.ZooKeeperServer_ESTest$4,314,0,True
1256,NPEX,ZooKeeper-ef3649f5,0,e6e2d03a56e641688654460e2533d607,org.apache.zookeeper.server.ZooKeeperServer,org.apache.zookeeper.server.ZooKeeperServer_ESTest$8,314,0,True
1257,NPEX,ZooKeeper-ef3649f5,0,e6e2d03a56e641688654460e2533d607,org.apache.zookeeper.server.ZooKeeperServer,org.apache.zookeeper.server.ZooKeeperServer_ESTest$10,314,0,True
1258,NPEX,ZooKeeper-ef3649f5,0,e6e2d03a56e641688654460e2533d607,org.apache.zookeeper.server.ZooKeeperServer,org.apache.zookeeper.server.ZooKeeperServer_ESTest$3,314,0,True
1259,NPEX,jsoup-b8411990,0,a4a0629275254a448e301e66aca9e1b6,org.jsoup.internal.Normalizer,org.jsoup.internal.Normalizer_ESTest,7,0,True
1260,NPEX,jsoup-b8411990,0,15414c4493864b63b0d9200ce24b65e2,org.jsoup.internal.Normalizer,org.jsoup.internal.Normalizer_ESTest,7,0,True
1261,NPEX,jsoup-b8411990,0,c8a582b3fe3d4302be8ae6d43c022f21,org.jsoup.internal.Normalizer,org.jsoup.internal.Normalizer_ESTest,7,0,True
1262,NPEX,jsoup-b8411990,0,f02f2e28181142b885a53b2e91be5e18,org.jsoup.internal.Normalizer,org.jsoup.internal.Normalizer_ESTest,7,0,True
1263,NPEX,jsoup-b8411990,0,bff597f8d3f942219777da76cd6cbdd5,org.jsoup.internal.Normalizer,org.jsoup.internal.Normalizer_ESTest,7,0,True
1264,NPEX,jsoup-b8411990,0,7d6c8213c51b4ea7b15a5bea90475a0c,org.jsoup.internal.Normalizer,org.jsoup.internal.Normalizer_ESTest,7,0,True
1265,NPEX,jsoup-b8411990,0,6e5cb09b7ed24e17b352ef55e4a86604,org.jsoup.internal.Normalizer,org.jsoup.internal.Normalizer_ESTest,7,0,True
1266,NPEX,jsoup-b8411990,0,9cc69699bcc64b729645cdc63b62d9da,org.jsoup.internal.Normalizer,org.jsoup.internal.Normalizer_ESTest,7,0,True
1267,NPEX,jsoup-b8411990,0,dff46b800138402b860d1a43e4b399f2,org.jsoup.internal.Normalizer,org.jsoup.internal.Normalizer_ESTest,7,0,True
1268,NPEX,jsoup-b8411990,0,63d977ce738d480f8877dc5b417dd8f1,org.jsoup.internal.Normalizer,org.jsoup.internal.Normalizer_ESTest,7,0,True
1269,NPEX,jsoup-b8411990,0,549db26c263b4b6aa4ba20663dbc5e34,org.jsoup.internal.Normalizer,org.jsoup.internal.Normalizer_ESTest,7,0,True
1270,NPEX,jsoup-b8411990,0,b464cb66bf854f20b63675b6b09cdadc,org.jsoup.internal.Normalizer,org.jsoup.internal.Normalizer_ESTest,7,0,True
1271,NPEX,jsoup-b8411990,0,cddac36a28c449b3a0bef960dd556af2,org.jsoup.internal.Normalizer,org.jsoup.internal.Normalizer_ESTest,7,0,True
1272,NPEX,jsoup-b8411990,0,a0b0a5aeea6146a08946568c6e2e2107,org.jsoup.internal.Normalizer,org.jsoup.internal.Normalizer_ESTest,7,0,True
1273,NPEX,jsoup-b8411990,0,b42d9143de2c47569ee93085422c42dd,org.jsoup.internal.Normalizer,org.jsoup.internal.Normalizer_ESTest,7,0,True
1274,NPEX,jsoup-b8411990,0,b63e9cbcce004087af986b02ab01d824,org.jsoup.internal.Normalizer,org.jsoup.internal.Normalizer_ESTest,7,0,True
1275,NPEX,jsoup-b8411990,0,6e78b66113c44a67bef1440c20d65ff4,org.jsoup.internal.Normalizer,org.jsoup.internal.Normalizer_ESTest,7,0,True
1276,NPEX,jsoup-b8411990,0,1f9e0c33ad04494b9a8db3087fba389a,org.jsoup.internal.Normalizer,org.jsoup.internal.Normalizer_ESTest,7,0,True
1277,NPEX,jsoup-b8411990,0,0dc8d736f6a84322b24fb6c2a9a78987,org.jsoup.internal.Normalizer,org.jsoup.internal.Normalizer_ESTest,7,0,True
1278,NPEX,jsoup-b8411990,0,417b5640325c411c9590b7365d0a9341,org.jsoup.internal.Normalizer,org.jsoup.internal.Normalizer_ESTest,7,0,True
1279,NPEX,jsoup-b8411990,0,b96f43c9876d41e3a12061db0d8a653f,org.jsoup.internal.Normalizer,org.jsoup.internal.Normalizer_ESTest,7,0,True
1280,NPEX,jsoup-b8411990,0,b8d0262e18954732a8f2f9b836decf43,org.jsoup.internal.Normalizer,org.jsoup.internal.Normalizer_ESTest,7,0,True
1281,NPEX,jsoup-b8411990,0,4bbe399f46e54e7a910e6502a16760a1,org.jsoup.internal.Normalizer,org.jsoup.internal.Normalizer_ESTest,7,0,True
1282,NPEX,jsoup-b8411990,0,76350dc6342044dea320c1941d1fb982,org.jsoup.internal.Normalizer,org.jsoup.internal.Normalizer_ESTest,7,0,True
1283,NPEX,jsoup-b8411990,0,b8fafb5a88b9467c8f65644c2e35064a,org.jsoup.internal.Normalizer,org.jsoup.internal.Normalizer_ESTest,7,0,True
1284,NPEX,jsoup-b8411990,0,ea5a0d6947454654a982196673a9c1bc,org.jsoup.internal.Normalizer,org.jsoup.internal.Normalizer_ESTest,7,0,True
1285,NPEX,jsoup-b8411990,0,7c2ec970a5f34e88a315d1653b2c2e73,org.jsoup.internal.Normalizer,org.jsoup.internal.Normalizer_ESTest,7,0,True
1286,NPEX,jsoup-b8411990,0,0ac8df53630f4b8f93992b24ed281845,org.jsoup.internal.Normalizer,org.jsoup.internal.Normalizer_ESTest,7,0,True
1287,NPEX,jsoup-b8411990,0,a6d3d5f1c50d48708cfdf2d59a39773e,org.jsoup.internal.Normalizer,org.jsoup.internal.Normalizer_ESTest,7,0,True
1288,NPEX,jsoup-b8411990,0,96c4e3a4da1f4ae3b4e97890b8411db0,org.jsoup.internal.Normalizer,org.jsoup.internal.Normalizer_ESTest,7,0,True
1289,NPEX,jsoup-b8411990,0,dc595812a4394e4db215d77f4e9ed19d,org.jsoup.internal.Normalizer,org.jsoup.internal.Normalizer_ESTest,7,0,True
1290,NPEX,jsoup-b8411990,0,d39dc549d91d47f19c92698dfb30d3f4,org.jsoup.internal.Normalizer,org.jsoup.internal.Normalizer_ESTest,7,0,True
1291,NPEX,Commons_Pool-11521c1f,0,f652ae53360d42488abdfa20e6566fa6,org.apache.commons.pool2.impl.GenericKeyedObjectPool,org.apache.commons.pool2.impl.GenericKeyedObjectPool_ESTest,2,0,False
1292,NPEX,Commons_Pool-11521c1f,0,2fa5834a7ca8446a902c86b4024638e1,org.apache.commons.pool2.impl.GenericKeyedObjectPool,org.apache.commons.pool2.impl.GenericKeyedObjectPool_ESTest,2,0,False
1293,NPEX,Commons_Pool-11521c1f,0,ed999bee54a2420ca7fb1710544aeb75,org.apache.commons.pool2.impl.GenericKeyedObjectPool,org.apache.commons.pool2.impl.GenericKeyedObjectPool_ESTest,2,0,False
1294,NPEX,Commons_Pool-11521c1f,0,80679c9dae3d44b68bfc71bf935d1183,org.apache.commons.pool2.impl.GenericKeyedObjectPool,org.apache.commons.pool2.impl.GenericKeyedObjectPool_ESTest,2,0,False
1295,NPEX,Commons_Pool-11521c1f,0,fea40ba3204f43dd914f1a181c38318e,org.apache.commons.pool2.impl.GenericKeyedObjectPool,org.apache.commons.pool2.impl.GenericKeyedObjectPool_ESTest,2,0,False
1296,NPEX,Commons_Pool-11521c1f,0,02f0cb55c55046478b627a3baecc5607,org.apache.commons.pool2.impl.GenericKeyedObjectPool,org.apache.commons.pool2.impl.GenericKeyedObjectPool_ESTest,2,0,False
1297,NPEX,Commons_Pool-11521c1f,0,68f9e071c75f4327924310582835b156,org.apache.commons.pool2.impl.GenericKeyedObjectPool,org.apache.commons.pool2.impl.GenericKeyedObjectPool_ESTest,2,0,False
1298,NPEX,Commons_Pool-11521c1f,0,bd27876e179941b6851c540c6c97241a,org.apache.commons.pool2.impl.GenericKeyedObjectPool,org.apache.commons.pool2.impl.GenericKeyedObjectPool_ESTest,2,0,False
1299,NPEX,Commons_Pool-11521c1f,0,571b972e43fc454c81981edd36b64354,org.apache.commons.pool2.impl.GenericKeyedObjectPool,org.apache.commons.pool2.impl.GenericKeyedObjectPool_ESTest,2,0,False
1300,NPEX,Commons_Pool-11521c1f,0,0dd54579cb9e4a11a981c27de7318fbe,org.apache.commons.pool2.impl.GenericKeyedObjectPool,org.apache.commons.pool2.impl.GenericKeyedObjectPool_ESTest,2,0,False
1301,NPEX,Commons_Pool-11521c1f,0,050dd9f685954d37b0bb0147a7471298,org.apache.commons.pool2.impl.GenericKeyedObjectPool,org.apache.commons.pool2.impl.GenericKeyedObjectPool_ESTest,2,0,False
1302,NPEX,Commons_Pool-11521c1f,0,4ba318fee288496db094633f660f4b47,org.apache.commons.pool2.impl.GenericKeyedObjectPool,org.apache.commons.pool2.impl.GenericKeyedObjectPool_ESTest,2,0,False
1303,NPEX,Log4j_2-7441d3c3,0,14fd75b3f550419ca51c9649b384af8f,org.apache.logging.log4j.core.config.ConfigurationScheduler,org.apache.logging.log4j.core.config.ConfigurationScheduler_ESTest,23,0,True
1304,NPEX,Log4j_2-7441d3c3,0,165d8ba64d9c4ce4a081d5a013128314,org.apache.logging.log4j.core.config.ConfigurationScheduler,org.apache.logging.log4j.core.config.ConfigurationScheduler_ESTest,24,0,True
1305,NPEX,Log4j_2-7441d3c3,0,aec2823fc08a40579e51003f146b910d,org.apache.logging.log4j.core.config.ConfigurationScheduler,org.apache.logging.log4j.core.config.ConfigurationScheduler_ESTest,25,0,True
1306,NPEX,Log4j_2-7441d3c3,0,c9f73986c1b4478e951792454b71ad5c,org.apache.logging.log4j.core.config.ConfigurationScheduler,org.apache.logging.log4j.core.config.ConfigurationScheduler_ESTest,25,0,True
1307,NPEX,Log4j_2-7441d3c3,0,e3442a44046c4272ab492a4308cc8971,org.apache.logging.log4j.core.config.ConfigurationScheduler,org.apache.logging.log4j.core.config.ConfigurationScheduler_ESTest,24,0,True
1308,NPEX,Log4j_2-7441d3c3,0,99c01e1fa7a043d9aa01e8861bac56c4,org.apache.logging.log4j.core.config.ConfigurationScheduler,org.apache.logging.log4j.core.config.ConfigurationScheduler_ESTest,22,0,True
1309,NPEX,Log4j_2-7441d3c3,0,1ebf7610a0254220b6c89be0427019bf,org.apache.logging.log4j.core.config.ConfigurationScheduler,org.apache.logging.log4j.core.config.ConfigurationScheduler_ESTest,25,0,True
1310,NPEX,Log4j_2-7441d3c3,0,4263bbb379d44548b371c6275e364b52,org.apache.logging.log4j.core.config.ConfigurationScheduler,org.apache.logging.log4j.core.config.ConfigurationScheduler_ESTest,25,0,True
1311,NPEX,Log4j_2-7441d3c3,0,06f78979e57e43da9bfa855298d0b969,org.apache.logging.log4j.core.config.ConfigurationScheduler,org.apache.logging.log4j.core.config.ConfigurationScheduler_ESTest,22,0,True
1312,NPEX,Log4j_2-7441d3c3,0,ca0a0114c698421f9d8bc92b9270d72c,org.apache.logging.log4j.core.config.ConfigurationScheduler,org.apache.logging.log4j.core.config.ConfigurationScheduler_ESTest,24,0,True
1313,NPEX,Log4j_2-7441d3c3,0,f1e9ec347813427db0e488fd9d2b43da,org.apache.logging.log4j.core.config.ConfigurationScheduler,org.apache.logging.log4j.core.config.ConfigurationScheduler_ESTest,24,0,True
1314,NPEX,Log4j_2-7441d3c3,0,6c821d4f514d4e7dbfce03883aeff4b1,org.apache.logging.log4j.core.config.ConfigurationScheduler,org.apache.logging.log4j.core.config.ConfigurationScheduler_ESTest,22,0,True
1315,NPEX,Log4j_2-7441d3c3,0,0832682e8ce8411d93e07e8ebe6d48c3,org.apache.logging.log4j.core.config.ConfigurationScheduler,org.apache.logging.log4j.core.config.ConfigurationScheduler_ESTest,24,0,True
1316,NPEX,Log4j_2-7441d3c3,0,88e8e396b0f346f890194ae58f701a1a,org.apache.logging.log4j.core.config.ConfigurationScheduler,org.apache.logging.log4j.core.config.ConfigurationScheduler_ESTest,24,0,True
1317,NPEX,Log4j_2-7441d3c3,0,28aef90c1141452ca0bbeaf25bd2fff7,org.apache.logging.log4j.core.config.ConfigurationScheduler,org.apache.logging.log4j.core.config.ConfigurationScheduler_ESTest,26,0,True
1318,NPEX,Log4j_2-7441d3c3,0,73a5f9c3d87d44f498dbb3ee8fd2d3db,org.apache.logging.log4j.core.config.ConfigurationScheduler,org.apache.logging.log4j.core.config.ConfigurationScheduler_ESTest,23,0,True
1319,NPEX,Log4j_2-7441d3c3,0,d0ea2ab30e83469c914271b136857546,org.apache.logging.log4j.core.config.ConfigurationScheduler,org.apache.logging.log4j.core.config.ConfigurationScheduler_ESTest,24,0,True
1320,NPEX,Log4j_2-7441d3c3,0,111ec317ce2043b69d02cc9fc7f9f5cd,org.apache.logging.log4j.core.config.ConfigurationScheduler,org.apache.logging.log4j.core.config.ConfigurationScheduler_ESTest,23,0,True
1321,NPEX,Log4j_2-7441d3c3,0,1710f1e962a64106ba4ba61ef09bf64f,org.apache.logging.log4j.core.config.ConfigurationScheduler,org.apache.logging.log4j.core.config.ConfigurationScheduler_ESTest,24,0,True
1322,NPEX,Log4j_2-7441d3c3,0,9eb55caa46ce4623bb38d2bd7007fb7d,org.apache.logging.log4j.core.config.ConfigurationScheduler,org.apache.logging.log4j.core.config.ConfigurationScheduler_ESTest,22,0,True
1323,NPEX,Log4j_2-7441d3c3,0,7e9a120b53304f1db9216784d675f712,org.apache.logging.log4j.core.config.ConfigurationScheduler,org.apache.logging.log4j.core.config.ConfigurationScheduler_ESTest,24,0,True
1324,NPEX,Log4j_2-7441d3c3,0,578afa1fb96e4af6b76b930d328e0681,org.apache.logging.log4j.core.config.ConfigurationScheduler,org.apache.logging.log4j.core.config.ConfigurationScheduler_ESTest,25,0,True
1325,NPEX,Log4j_2-7441d3c3,0,26953c1cc0f148548ca50b9c0fd77e37,org.apache.logging.log4j.core.config.ConfigurationScheduler,org.apache.logging.log4j.core.config.ConfigurationScheduler_ESTest,25,0,True
1326,NPEX,Log4j_2-7441d3c3,0,ce37dc1ca0c94e449149678c3615b9b4,org.apache.logging.log4j.core.config.ConfigurationScheduler,org.apache.logging.log4j.core.config.ConfigurationScheduler_ESTest,23,0,True
1327,NPEX,Log4j_2-7441d3c3,0,13d08d4239ae40c49443bc62a78aeca3,org.apache.logging.log4j.core.config.ConfigurationScheduler,org.apache.logging.log4j.core.config.ConfigurationScheduler_ESTest,24,0,True
1328,NPEX,Log4j_2-7441d3c3,0,7548738c45674b33a1dd2ecd0c276280,org.apache.logging.log4j.core.config.ConfigurationScheduler,org.apache.logging.log4j.core.config.ConfigurationScheduler_ESTest,24,0,True
1329,NPEX,Log4j_2-7441d3c3,0,12f8b7414b994c7a99b46a7cf9dd1e04,org.apache.logging.log4j.core.config.ConfigurationScheduler,org.apache.logging.log4j.core.config.ConfigurationScheduler_ESTest,24,0,True
1330,NPEX,Log4j_2-7441d3c3,0,3cac4706bcfc49dcb7817d9950bc4aa1,org.apache.logging.log4j.core.config.ConfigurationScheduler,org.apache.logging.log4j.core.config.ConfigurationScheduler_ESTest,24,0,True
1331,NPEX,Log4j_2-7441d3c3,0,fa6d42d8385349238e3be1e34ab2f9c4,org.apache.logging.log4j.core.config.ConfigurationScheduler,org.apache.logging.log4j.core.config.ConfigurationScheduler_ESTest,25,0,True
1332,NPEX,Log4j_2-7441d3c3,0,d694f92052eb4b26aef701c978ab38d6,org.apache.logging.log4j.core.config.ConfigurationScheduler,org.apache.logging.log4j.core.config.ConfigurationScheduler_ESTest,24,0,True
1333,NPEX,Log4j_2-7441d3c3,0,b29e6e98cb1548f59caacf637bf78f24,org.apache.logging.log4j.core.config.ConfigurationScheduler,org.apache.logging.log4j.core.config.ConfigurationScheduler_ESTest,24,0,True
1334,NPEX,Log4j_2-7441d3c3,0,46ffabb1f2934af5bf17541a48f95f7c,org.apache.logging.log4j.core.config.ConfigurationScheduler,org.apache.logging.log4j.core.config.ConfigurationScheduler_ESTest,22,0,True
1335,NPEX,Commons_BCEL-a46d927b,0,ef2ae56d5a204993951b07f043bd1e2d,org.apache.bcel.generic.MethodGen,org.apache.bcel.generic.MethodGen_ESTest,168,0,False
1336,NPEX,Commons_BCEL-a46d927b,0,9d80b6f5cc814fce8259d65d45106ebf,org.apache.bcel.generic.MethodGen,org.apache.bcel.generic.MethodGen_ESTest,182,0,False
1337,NPEX,Commons_BCEL-a46d927b,0,2bbbc6ca362c45bea098448581f94c8d,org.apache.bcel.generic.MethodGen,org.apache.bcel.generic.MethodGen_ESTest,180,0,False
1338,NPEX,Commons_BCEL-a46d927b,0,a2f12ada82c24a23abe92b6ea936bc3a,org.apache.bcel.generic.MethodGen,org.apache.bcel.generic.MethodGen_ESTest,182,0,False
1339,NPEX,Commons_BCEL-a46d927b,0,9849d23b2cfe4c23a72b6e45e258b25e,org.apache.bcel.generic.MethodGen,org.apache.bcel.generic.MethodGen_ESTest,167,0,False
1340,NPEX,Commons_BCEL-a46d927b,0,aa3d7ec6983f471eb7ef4d19303d2aee,org.apache.bcel.generic.MethodGen,org.apache.bcel.generic.MethodGen_ESTest,180,0,False
1341,NPEX,Commons_BCEL-a46d927b,0,9b07431e66094ab9b8e85c4b54b68216,org.apache.bcel.generic.MethodGen,org.apache.bcel.generic.MethodGen_ESTest,178,0,False
1342,NPEX,Commons_BCEL-a46d927b,0,b4eb800371ce450c96bdda48964446cd,org.apache.bcel.generic.MethodGen,org.apache.bcel.generic.MethodGen_ESTest,194,0,False
1343,NPEX,Commons_BCEL-a46d927b,0,247d53628c33451999c98f637756e3b4,org.apache.bcel.generic.MethodGen,org.apache.bcel.generic.MethodGen_ESTest,186,0,False
1344,NPEX,Commons_BCEL-a46d927b,0,bc2beae8cfb043e2b3b85ea4d1e19430,org.apache.bcel.generic.MethodGen,org.apache.bcel.generic.MethodGen_ESTest,182,0,False
1345,NPEX,Commons_BCEL-a46d927b,0,c58089e59a7a4801885c30de11b43420,org.apache.bcel.generic.MethodGen,org.apache.bcel.generic.MethodGen_ESTest,195,0,False
1346,NPEX,Commons_BCEL-a46d927b,0,c6871abfba824c7891d9ab6bb3045f3e,org.apache.bcel.generic.MethodGen,org.apache.bcel.generic.MethodGen_ESTest,195,0,False
1347,NPEX,Commons_BCEL-a46d927b,0,5b4c97dff78741b9aa70eed7302ffa63,org.apache.bcel.generic.MethodGen,org.apache.bcel.generic.MethodGen_ESTest,175,0,False
1348,NPEX,Commons_BCEL-a46d927b,0,d0b8ac2681b94524b80838c20ac56dc0,org.apache.bcel.generic.MethodGen,org.apache.bcel.generic.MethodGen_ESTest,194,0,False
1349,NPEX,Commons_BCEL-a46d927b,0,9b3b93bf27124581b696f51405f68deb,org.apache.bcel.generic.MethodGen,org.apache.bcel.generic.MethodGen_ESTest,185,0,False
1350,NPEX,Commons_BCEL-a46d927b,0,353ba16f28394a819cb2bf8ab2152aed,org.apache.bcel.generic.MethodGen,org.apache.bcel.generic.MethodGen_ESTest,192,0,False
1351,NPEX,Commons_BCEL-a46d927b,0,040412854e9d4528b1129905fd79eb80,org.apache.bcel.generic.MethodGen,org.apache.bcel.generic.MethodGen_ESTest,197,0,False
1352,NPEX,Commons_BCEL-a46d927b,0,52ad21716bf34fcca8d9eacd4eb7fca6,org.apache.bcel.generic.MethodGen,org.apache.bcel.generic.MethodGen_ESTest,192,0,False
1353,NPEX,Commons_BCEL-a46d927b,0,747caebff4f54c76ace1171a9a065a61,org.apache.bcel.generic.MethodGen,org.apache.bcel.generic.MethodGen_ESTest,169,0,False
1354,NPEX,Commons_BCEL-a46d927b,0,b6a2b506a423423ba7c75ea40fa008f3,org.apache.bcel.generic.MethodGen,org.apache.bcel.generic.MethodGen_ESTest,197,0,False
1355,NPEX,Commons_BCEL-a46d927b,0,7798ff1aab3a4605ade0794188e5ed9c,org.apache.bcel.generic.MethodGen,org.apache.bcel.generic.MethodGen_ESTest,188,0,False
1356,NPEX,Commons_BCEL-a46d927b,0,2f43c7542f1d4f4a834afdb2936e9fd8,org.apache.bcel.generic.MethodGen,org.apache.bcel.generic.MethodGen_ESTest,193,0,False
1357,NPEX,Commons_BCEL-a46d927b,0,6036d931fe2f4e63b9e614a7aa6dd2b6,org.apache.bcel.generic.MethodGen,org.apache.bcel.generic.MethodGen_ESTest,171,0,False
1358,NPEX,Commons_BCEL-a46d927b,0,0e8fa22508cc43b686c538069e0cfff9,org.apache.bcel.generic.MethodGen,org.apache.bcel.generic.MethodGen_ESTest,191,0,False
1359,NPEX,Commons_BCEL-a46d927b,0,01ed2835ee5a4b0e8613cd41f446f673,org.apache.bcel.generic.MethodGen,org.apache.bcel.generic.MethodGen_ESTest,188,0,False
1360,NPEX,Commons_BCEL-a46d927b,0,250db77db3bf4519ab97cfba006054f5,org.apache.bcel.generic.MethodGen,org.apache.bcel.generic.MethodGen_ESTest,176,0,False
1361,NPEX,Commons_BCEL-a46d927b,0,660dde2c2e2744868c648cf637fdbc69,org.apache.bcel.generic.MethodGen,org.apache.bcel.generic.MethodGen_ESTest,189,0,False
1362,NPEX,Commons_BCEL-a46d927b,0,18e1d10ea38145bca5128aa3c36005ee,org.apache.bcel.generic.MethodGen,org.apache.bcel.generic.MethodGen_ESTest,183,0,False
1363,NPEX,Commons_BCEL-a46d927b,0,f8beacd4a5d84995aa8dde4be7142973,org.apache.bcel.generic.MethodGen,org.apache.bcel.generic.MethodGen_ESTest,183,0,False
1364,NPEX,Jest-f34fa45e,0,41553fffc57046969e9c68504d43c050,io.searchbox.client.config.discovery.NodeChecker,io.searchbox.client.config.discovery.NodeChecker_ESTest,1,0,False
1365,NPEX,Jest-f34fa45e,0,702c6c6ab6c04890872df69ea46806d8,io.searchbox.client.config.discovery.NodeChecker,io.searchbox.client.config.discovery.NodeChecker_ESTest,1,0,False
1366,NPEX,Jest-f34fa45e,0,1b135ea1a9784868b919e68210c19b65,io.searchbox.client.config.discovery.NodeChecker,io.searchbox.client.config.discovery.NodeChecker_ESTest,1,0,False
1367,NPEX,Jest-f34fa45e,0,ee1416c412164681a797da7af55ad586,io.searchbox.client.config.discovery.NodeChecker,io.searchbox.client.config.discovery.NodeChecker_ESTest,1,0,False
1368,NPEX,Jest-f34fa45e,0,73db923f3c3142839c796f99562d2924,io.searchbox.client.config.discovery.NodeChecker,io.searchbox.client.config.discovery.NodeChecker_ESTest,1,0,False
1369,NPEX,Jest-f34fa45e,0,0222ab9ff6f54a16b6830dcec93e7dfe,io.searchbox.client.config.discovery.NodeChecker,io.searchbox.client.config.discovery.NodeChecker_ESTest,1,0,False
1370,NPEX,Jest-f34fa45e,0,6cb26bfa9f244a31804f604c7871aab5,io.searchbox.client.config.discovery.NodeChecker,io.searchbox.client.config.discovery.NodeChecker_ESTest,1,0,False
1371,NPEX,Jest-f34fa45e,0,45896b8b297545e0910148182d0f8a05,io.searchbox.client.config.discovery.NodeChecker,io.searchbox.client.config.discovery.NodeChecker_ESTest,1,0,False
1372,NPEX,Jest-f34fa45e,0,0c67d049519042a88ea3efb0165caf6e,io.searchbox.client.config.discovery.NodeChecker,io.searchbox.client.config.discovery.NodeChecker_ESTest,1,0,False
1373,NPEX,Jest-f34fa45e,0,8a95537d66184682b98e349fb89b5bb5,io.searchbox.client.config.discovery.NodeChecker,io.searchbox.client.config.discovery.NodeChecker_ESTest,1,0,False
1374,NPEX,Jest-f34fa45e,0,685c4d266561460badc0000fb3515e5e,io.searchbox.client.config.discovery.NodeChecker,io.searchbox.client.config.discovery.NodeChecker_ESTest,1,0,False
1375,NPEX,Jest-f34fa45e,0,86a2e6c8e0f9472a8b47cc6330be2cb3,io.searchbox.client.config.discovery.NodeChecker,io.searchbox.client.config.discovery.NodeChecker_ESTest,1,0,False
1376,NPEX,Jest-f34fa45e,0,1d39f303e5c64d5b806e2f3adc18e012,io.searchbox.client.config.discovery.NodeChecker,io.searchbox.client.config.discovery.NodeChecker_ESTest,1,0,False
1377,NPEX,Jest-f34fa45e,0,4f5b95605aa4420ab956cae141773afe,io.searchbox.client.config.discovery.NodeChecker,io.searchbox.client.config.discovery.NodeChecker_ESTest,1,0,False
1378,NPEX,Jest-f34fa45e,0,5d17dcd9cc2e4e07bcb200317edd3ed8,io.searchbox.client.config.discovery.NodeChecker,io.searchbox.client.config.discovery.NodeChecker_ESTest,1,0,False
1379,NPEX,Jest-f34fa45e,0,67c2a1a6c4c344a1977bdf618207d084,io.searchbox.client.config.discovery.NodeChecker,io.searchbox.client.config.discovery.NodeChecker_ESTest,1,0,False
1380,NPEX,Jest-f34fa45e,0,f2244e00d6dc4b918c4651b160e3b6f5,io.searchbox.client.config.discovery.NodeChecker,io.searchbox.client.config.discovery.NodeChecker_ESTest,1,0,False
1381,NPEX,Jest-f34fa45e,0,87d696635fb241a9b3c65a91db159480,io.searchbox.client.config.discovery.NodeChecker,io.searchbox.client.config.discovery.NodeChecker_ESTest,1,0,False
1382,NPEX,Jest-f34fa45e,0,7e69a9e3e4b346cf8bc7f48f5779ec9b,io.searchbox.client.config.discovery.NodeChecker,io.searchbox.client.config.discovery.NodeChecker_ESTest,1,0,False
1383,NPEX,Jest-f34fa45e,0,1fb165b8136d448e873eb3971bba159b,io.searchbox.client.config.discovery.NodeChecker,io.searchbox.client.config.discovery.NodeChecker_ESTest,1,0,False
1384,NPEX,Jest-f34fa45e,0,c99af00b9e624cd096319b84765b29e2,io.searchbox.client.config.discovery.NodeChecker,io.searchbox.client.config.discovery.NodeChecker_ESTest,1,0,False
1385,NPEX,Jest-f34fa45e,0,b0c5ffac7aab4772963115a53b55276c,io.searchbox.client.config.discovery.NodeChecker,io.searchbox.client.config.discovery.NodeChecker_ESTest,1,0,False
1386,NPEX,Jest-f34fa45e,0,317fe267cee045ccb33d4d8c0ff177c8,io.searchbox.client.config.discovery.NodeChecker,io.searchbox.client.config.discovery.NodeChecker_ESTest,1,0,False
1387,NPEX,Jest-f34fa45e,0,fc928ca18b824c47be4e9a5c090102aa,io.searchbox.client.config.discovery.NodeChecker,io.searchbox.client.config.discovery.NodeChecker_ESTest,1,0,False
1388,NPEX,Jest-f34fa45e,0,dd6a085b55044abea2fe85fc47e799f7,io.searchbox.client.config.discovery.NodeChecker,io.searchbox.client.config.discovery.NodeChecker_ESTest,1,0,False
1389,NPEX,Jest-f34fa45e,0,c30293b115aa4154b4b9df703ee4c00e,io.searchbox.client.config.discovery.NodeChecker,io.searchbox.client.config.discovery.NodeChecker_ESTest,1,0,False
1390,NPEX,Jest-f34fa45e,0,7323b5606b1a4ef6b9b9d8f416e062f9,io.searchbox.client.config.discovery.NodeChecker,io.searchbox.client.config.discovery.NodeChecker_ESTest,1,0,False
1391,NPEX,Jest-f34fa45e,0,deb27bc022a540f085ba2ed643a515a7,io.searchbox.client.config.discovery.NodeChecker,io.searchbox.client.config.discovery.NodeChecker_ESTest,1,0,False
1392,NPEX,Jest-f34fa45e,0,aef18410b6e04ff588140621e88e2615,io.searchbox.client.config.discovery.NodeChecker,io.searchbox.client.config.discovery.NodeChecker_ESTest,1,0,False
1393,NPEX,Jest-f34fa45e,0,6a58ecd2da014341a802bacbe12db1f1,io.searchbox.client.config.discovery.NodeChecker,io.searchbox.client.config.discovery.NodeChecker_ESTest,1,0,False
1394,NPEX,Jest-f34fa45e,0,dd826b431705424aaf5c35ee75c62da2,io.searchbox.client.config.discovery.NodeChecker,io.searchbox.client.config.discovery.NodeChecker_ESTest,1,0,False
1395,NPEX,Jest-f34fa45e,0,45aab05b68894b718e32208dffa797ca,io.searchbox.client.config.discovery.NodeChecker,io.searchbox.client.config.discovery.NodeChecker_ESTest,1,0,False
1396,NPEX,Qpid_Proton__j-02998b38,0,06a1cbbf402e4e41a50ef74041e81ff6,org.apache.qpid.proton.codec.MapType,org.apache.qpid.proton.codec.MapType_ESTest,8,0,False
1397,NPEX,Qpid_Proton__j-02998b38,0,ca7deba67271449ba589ff69f85c196b,org.apache.qpid.proton.codec.MapType,org.apache.qpid.proton.codec.MapType_ESTest,10,0,False
1398,NPEX,Qpid_Proton__j-02998b38,0,7841d49d78ca4cec9415c4b4e246e166,org.apache.qpid.proton.codec.MapType,org.apache.qpid.proton.codec.MapType_ESTest,15,0,False
1399,NPEX,Qpid_Proton__j-02998b38,0,7d8f3df0224f4e5f8cd38a85ad8b67c7,org.apache.qpid.proton.codec.MapType,org.apache.qpid.proton.codec.MapType_ESTest,7,0,False
1400,NPEX,Qpid_Proton__j-02998b38,0,02bfd30ad05744e3b152bbb69bf4bc78,org.apache.qpid.proton.codec.MapType,org.apache.qpid.proton.codec.MapType_ESTest,21,0,False
1401,NPEX,Qpid_Proton__j-02998b38,0,491fea6bd4a74953b782ec20800f5903,org.apache.qpid.proton.codec.MapType,org.apache.qpid.proton.codec.MapType_ESTest,7,0,False
1402,NPEX,Qpid_Proton__j-02998b38,0,9e7699ff39dc49c9ad879d178750c5e3,org.apache.qpid.proton.codec.MapType,org.apache.qpid.proton.codec.MapType_ESTest,9,0,False
1403,NPEX,Qpid_Proton__j-02998b38,0,8a10f7e9bc404c639e5e60e0c6856837,org.apache.qpid.proton.codec.MapType,org.apache.qpid.proton.codec.MapType_ESTest,25,0,False
1404,NPEX,Qpid_Proton__j-02998b38,0,12e0f146f6c64536a40852b43f0ccaa2,org.apache.qpid.proton.codec.MapType,org.apache.qpid.proton.codec.MapType_ESTest,21,0,False
1405,NPEX,Qpid_Proton__j-02998b38,0,2c19bc052d1a4a67bb521e1ed5149bbe,org.apache.qpid.proton.codec.MapType,org.apache.qpid.proton.codec.MapType_ESTest,9,0,False
1406,NPEX,Qpid_Proton__j-02998b38,0,acfb4b5459e345ba9bf55f86b4c196c0,org.apache.qpid.proton.codec.MapType,org.apache.qpid.proton.codec.MapType_ESTest,9,0,False
1407,NPEX,Qpid_Proton__j-02998b38,0,06bb8727ffc14cd48d960557ce02819d,org.apache.qpid.proton.codec.MapType,org.apache.qpid.proton.codec.MapType_ESTest,7,0,False
1408,NPEX,Qpid_Proton__j-02998b38,0,0d4a93b4f7f94d8cba27aeb7c98c7eaf,org.apache.qpid.proton.codec.MapType,org.apache.qpid.proton.codec.MapType_ESTest,6,0,False
1409,NPEX,Qpid_Proton__j-02998b38,0,799caf78a7e94360bdde57954b514f0e,org.apache.qpid.proton.codec.MapType,org.apache.qpid.proton.codec.MapType_ESTest,7,0,False
1410,NPEX,Qpid_Proton__j-02998b38,0,3bb2f962b71d4b3fbb5d605d8bf8239f,org.apache.qpid.proton.codec.MapType,org.apache.qpid.proton.codec.MapType_ESTest,7,0,False
1411,NPEX,Qpid_Proton__j-02998b38,0,5ced7c94c5ee48099980b4f096fce964,org.apache.qpid.proton.codec.MapType,org.apache.qpid.proton.codec.MapType_ESTest,28,0,False
1412,NPEX,Qpid_Proton__j-02998b38,0,09cc092a6f4c42feb2be1f66b72167d3,org.apache.qpid.proton.codec.MapType,org.apache.qpid.proton.codec.MapType_ESTest,8,0,False
1413,NPEX,Qpid_Proton__j-02998b38,0,80d223c1227a44ceb03c3e04193e756b,org.apache.qpid.proton.codec.MapType,org.apache.qpid.proton.codec.MapType_ESTest,9,0,False
1414,NPEX,Qpid_Proton__j-02998b38,0,4b0fef8aa242409a9d9b448e6cf6db36,org.apache.qpid.proton.codec.MapType,org.apache.qpid.proton.codec.MapType_ESTest,7,0,False
1415,NPEX,Qpid_Proton__j-02998b38,0,80d6934efb934a6ea85fdf907ee64d62,org.apache.qpid.proton.codec.MapType,org.apache.qpid.proton.codec.MapType_ESTest,9,0,False
1416,NPEX,Qpid_Proton__j-02998b38,0,ee6c684df6fc464a896708abb4c0d363,org.apache.qpid.proton.codec.MapType,org.apache.qpid.proton.codec.MapType_ESTest,6,0,False
1417,NPEX,Qpid_Proton__j-02998b38,0,07a6b303bf074cd394ab64555fa328e3,org.apache.qpid.proton.codec.MapType,org.apache.qpid.proton.codec.MapType_ESTest,22,0,False
1418,NPEX,Qpid_Proton__j-02998b38,0,42d87c3361724771875734ae62a37477,org.apache.qpid.proton.codec.MapType,org.apache.qpid.proton.codec.MapType_ESTest,6,0,False
1419,NPEX,Qpid_Proton__j-02998b38,0,98162c258540447786d4979e4c43c1b4,org.apache.qpid.proton.codec.MapType,org.apache.qpid.proton.codec.MapType_ESTest,7,0,False
1420,NPEX,Qpid_Proton__j-02998b38,1,06a1cbbf402e4e41a50ef74041e81ff6,org.apache.qpid.proton.codec.MapType,org.apache.qpid.proton.codec.MapType_ESTest,8,0,False
1421,NPEX,Qpid_Proton__j-02998b38,1,ca7deba67271449ba589ff69f85c196b,org.apache.qpid.proton.codec.MapType,org.apache.qpid.proton.codec.MapType_ESTest,10,0,False
1422,NPEX,Qpid_Proton__j-02998b38,1,7841d49d78ca4cec9415c4b4e246e166,org.apache.qpid.proton.codec.MapType,org.apache.qpid.proton.codec.MapType_ESTest,15,0,False
1423,NPEX,Qpid_Proton__j-02998b38,1,7d8f3df0224f4e5f8cd38a85ad8b67c7,org.apache.qpid.proton.codec.MapType,org.apache.qpid.proton.codec.MapType_ESTest,7,0,False
1424,NPEX,Qpid_Proton__j-02998b38,1,02bfd30ad05744e3b152bbb69bf4bc78,org.apache.qpid.proton.codec.MapType,org.apache.qpid.proton.codec.MapType_ESTest,21,0,False
1425,NPEX,Qpid_Proton__j-02998b38,1,491fea6bd4a74953b782ec20800f5903,org.apache.qpid.proton.codec.MapType,org.apache.qpid.proton.codec.MapType_ESTest,7,0,False
1426,NPEX,Qpid_Proton__j-02998b38,1,9e7699ff39dc49c9ad879d178750c5e3,org.apache.qpid.proton.codec.MapType,org.apache.qpid.proton.codec.MapType_ESTest,9,0,False
1427,NPEX,Qpid_Proton__j-02998b38,1,8a10f7e9bc404c639e5e60e0c6856837,org.apache.qpid.proton.codec.MapType,org.apache.qpid.proton.codec.MapType_ESTest,25,0,False
1428,NPEX,Qpid_Proton__j-02998b38,1,12e0f146f6c64536a40852b43f0ccaa2,org.apache.qpid.proton.codec.MapType,org.apache.qpid.proton.codec.MapType_ESTest,21,0,False
1429,NPEX,Qpid_Proton__j-02998b38,1,2c19bc052d1a4a67bb521e1ed5149bbe,org.apache.qpid.proton.codec.MapType,org.apache.qpid.proton.codec.MapType_ESTest,9,0,False
1430,NPEX,Qpid_Proton__j-02998b38,1,acfb4b5459e345ba9bf55f86b4c196c0,org.apache.qpid.proton.codec.MapType,org.apache.qpid.proton.codec.MapType_ESTest,9,0,False
1431,NPEX,Qpid_Proton__j-02998b38,1,06bb8727ffc14cd48d960557ce02819d,org.apache.qpid.proton.codec.MapType,org.apache.qpid.proton.codec.MapType_ESTest,7,0,False
1432,NPEX,Qpid_Proton__j-02998b38,1,0d4a93b4f7f94d8cba27aeb7c98c7eaf,org.apache.qpid.proton.codec.MapType,org.apache.qpid.proton.codec.MapType_ESTest,6,0,False
1433,NPEX,Qpid_Proton__j-02998b38,1,799caf78a7e94360bdde57954b514f0e,org.apache.qpid.proton.codec.MapType,org.apache.qpid.proton.codec.MapType_ESTest,7,0,False
1434,NPEX,Qpid_Proton__j-02998b38,1,3bb2f962b71d4b3fbb5d605d8bf8239f,org.apache.qpid.proton.codec.MapType,org.apache.qpid.proton.codec.MapType_ESTest,7,0,False
1435,NPEX,Qpid_Proton__j-02998b38,1,5ced7c94c5ee48099980b4f096fce964,org.apache.qpid.proton.codec.MapType,org.apache.qpid.proton.codec.MapType_ESTest,28,0,False
1436,NPEX,Qpid_Proton__j-02998b38,1,09cc092a6f4c42feb2be1f66b72167d3,org.apache.qpid.proton.codec.MapType,org.apache.qpid.proton.codec.MapType_ESTest,8,0,False
1437,NPEX,Qpid_Proton__j-02998b38,1,80d223c1227a44ceb03c3e04193e756b,org.apache.qpid.proton.codec.MapType,org.apache.qpid.proton.codec.MapType_ESTest,9,0,False
1438,NPEX,Qpid_Proton__j-02998b38,1,4b0fef8aa242409a9d9b448e6cf6db36,org.apache.qpid.proton.codec.MapType,org.apache.qpid.proton.codec.MapType_ESTest,7,0,False
1439,NPEX,Qpid_Proton__j-02998b38,1,80d6934efb934a6ea85fdf907ee64d62,org.apache.qpid.proton.codec.MapType,org.apache.qpid.proton.codec.MapType_ESTest,9,0,False
1440,NPEX,Qpid_Proton__j-02998b38,1,ee6c684df6fc464a896708abb4c0d363,org.apache.qpid.proton.codec.MapType,org.apache.qpid.proton.codec.MapType_ESTest,6,0,False
1441,NPEX,Qpid_Proton__j-02998b38,1,07a6b303bf074cd394ab64555fa328e3,org.apache.qpid.proton.codec.MapType,org.apache.qpid.proton.codec.MapType_ESTest,22,0,False
1442,NPEX,Qpid_Proton__j-02998b38,1,42d87c3361724771875734ae62a37477,org.apache.qpid.proton.codec.MapType,org.apache.qpid.proton.codec.MapType_ESTest,6,0,False
1443,NPEX,Qpid_Proton__j-02998b38,1,98162c258540447786d4979e4c43c1b4,org.apache.qpid.proton.codec.MapType,org.apache.qpid.proton.codec.MapType_ESTest,7,0,False
1444,NPEX,HttpComponents_Client-f6333a50,0,5ef6ff9d450c4d3aae4a38df3b85405f,org.apache.hc.client5.http.impl.async.HttpAsyncClientBuilder,org.apache.hc.client5.http.impl.async.HttpAsyncClientBuilder_ESTest,63,0,False
1445,NPEX,HttpComponents_Client-f6333a50,0,5ef6ff9d450c4d3aae4a38df3b85405f,org.apache.hc.client5.http.impl.async.H2AsyncClientBuilder,org.apache.hc.client5.http.impl.async.H2AsyncClientBuilder_ESTest,0,0,False
1446,NPEX,HttpComponents_Client-f6333a50,0,4a40f0b7f610403fa1a143be3024b461,org.apache.hc.client5.http.impl.async.HttpAsyncClientBuilder,org.apache.hc.client5.http.impl.async.HttpAsyncClientBuilder_ESTest,62,0,False
1447,NPEX,HttpComponents_Client-f6333a50,0,8514b881fe304ad5945978f6a8815799,org.apache.hc.client5.http.impl.async.HttpAsyncClientBuilder,org.apache.hc.client5.http.impl.async.HttpAsyncClientBuilder_ESTest,62,0,False
1448,NPEX,HttpComponents_Client-f6333a50,0,8514b881fe304ad5945978f6a8815799,org.apache.hc.client5.http.impl.async.H2AsyncClientBuilder,org.apache.hc.client5.http.impl.async.H2AsyncClientBuilder_ESTest,0,0,False
1449,NPEX,HttpComponents_Client-f6333a50,0,1e8c25c52c5542b395196508c67ff835,org.apache.hc.client5.http.impl.async.HttpAsyncClientBuilder,org.apache.hc.client5.http.impl.async.HttpAsyncClientBuilder_ESTest,61,0,False
1450,NPEX,HttpComponents_Client-f6333a50,0,f2476e07fcb544c88ee73880f163a5ac,org.apache.hc.client5.http.impl.async.HttpAsyncClientBuilder,org.apache.hc.client5.http.impl.async.HttpAsyncClientBuilder_ESTest,63,0,False
1451,NPEX,HttpComponents_Client-f6333a50,0,2ef2de05070240159cf8ba3fde04f377,org.apache.hc.client5.http.impl.async.HttpAsyncClientBuilder,org.apache.hc.client5.http.impl.async.HttpAsyncClientBuilder_ESTest,62,0,False
1452,NPEX,HttpComponents_Client-f6333a50,0,2ef2de05070240159cf8ba3fde04f377,org.apache.hc.client5.http.impl.async.H2AsyncClientBuilder,org.apache.hc.client5.http.impl.async.H2AsyncClientBuilder_ESTest,0,0,False
1453,NPEX,HttpComponents_Client-f6333a50,0,fa146f542c934c6c8b6bea1157704305,org.apache.hc.client5.http.impl.async.HttpAsyncClientBuilder,org.apache.hc.client5.http.impl.async.HttpAsyncClientBuilder_ESTest,63,0,False
1454,NPEX,HttpComponents_Client-f6333a50,0,8808bb2415854ef58f1dd11222dda912,org.apache.hc.client5.http.impl.async.HttpAsyncClientBuilder,org.apache.hc.client5.http.impl.async.HttpAsyncClientBuilder_ESTest,64,0,False
1455,NPEX,HttpComponents_Client-f6333a50,0,8808bb2415854ef58f1dd11222dda912,org.apache.hc.client5.http.impl.async.H2AsyncClientBuilder,org.apache.hc.client5.http.impl.async.H2AsyncClientBuilder_ESTest,0,0,False
1456,NPEX,HttpComponents_Client-f6333a50,0,05d220ac3d33482f81a2bed3d5bc7c82,org.apache.hc.client5.http.impl.async.HttpAsyncClientBuilder,org.apache.hc.client5.http.impl.async.HttpAsyncClientBuilder_ESTest,45,0,False
1457,NPEX,HttpComponents_Client-f6333a50,0,05d220ac3d33482f81a2bed3d5bc7c82,org.apache.hc.client5.http.impl.async.H2AsyncClientBuilder,org.apache.hc.client5.http.impl.async.H2AsyncClientBuilder_ESTest,0,0,False
1458,NPEX,HttpComponents_Client-f6333a50,0,6028f75c77944a42a96114b8ec5f7235,org.apache.hc.client5.http.impl.async.HttpAsyncClientBuilder,org.apache.hc.client5.http.impl.async.HttpAsyncClientBuilder_ESTest,60,0,False
1459,NPEX,HttpComponents_Client-f6333a50,0,6028f75c77944a42a96114b8ec5f7235,org.apache.hc.client5.http.impl.async.H2AsyncClientBuilder,org.apache.hc.client5.http.impl.async.H2AsyncClientBuilder_ESTest,0,0,False
1460,NPEX,HttpComponents_Client-f6333a50,0,22670a99e5264090819aa81c6365df9e,org.apache.hc.client5.http.impl.async.HttpAsyncClientBuilder,org.apache.hc.client5.http.impl.async.HttpAsyncClientBuilder_ESTest,62,0,False
1461,NPEX,HttpComponents_Client-f6333a50,0,2bda56e1a7784845b46ca0feeec0c275,org.apache.hc.client5.http.impl.async.HttpAsyncClientBuilder,org.apache.hc.client5.http.impl.async.HttpAsyncClientBuilder_ESTest,63,0,False
1462,NPEX,HttpComponents_Client-f6333a50,0,e03affb5c43d40fbb7cd3b7d821521ba,org.apache.hc.client5.http.impl.async.HttpAsyncClientBuilder,org.apache.hc.client5.http.impl.async.HttpAsyncClientBuilder_ESTest,60,0,False
1463,NPEX,HttpComponents_Client-f6333a50,0,903d81ad2e9c4530bc18a02af84f88dd,org.apache.hc.client5.http.impl.async.HttpAsyncClientBuilder,org.apache.hc.client5.http.impl.async.HttpAsyncClientBuilder_ESTest,97,0,False
1464,NPEX,HttpComponents_Client-f6333a50,0,a99f0b58953e4637b01eadcd7bed8d50,org.apache.hc.client5.http.impl.async.HttpAsyncClientBuilder,org.apache.hc.client5.http.impl.async.HttpAsyncClientBuilder_ESTest,64,0,False
1465,NPEX,HttpComponents_Client-f6333a50,0,95a35f617d8d4a8ba9845aa5c6a90995,org.apache.hc.client5.http.impl.async.HttpAsyncClientBuilder,org.apache.hc.client5.http.impl.async.HttpAsyncClientBuilder_ESTest,62,0,False
1466,NPEX,HttpComponents_Client-f6333a50,0,95a35f617d8d4a8ba9845aa5c6a90995,org.apache.hc.client5.http.impl.async.H2AsyncClientBuilder,org.apache.hc.client5.http.impl.async.H2AsyncClientBuilder_ESTest,0,0,False
1467,NPEX,HttpComponents_Client-f6333a50,0,c9d0b721659246a38b6079f44ff59076,org.apache.hc.client5.http.impl.async.HttpAsyncClientBuilder,org.apache.hc.client5.http.impl.async.HttpAsyncClientBuilder_ESTest,63,0,False
1468,NPEX,HttpComponents_Client-f6333a50,0,c9d0b721659246a38b6079f44ff59076,org.apache.hc.client5.http.impl.async.H2AsyncClientBuilder,org.apache.hc.client5.http.impl.async.H2AsyncClientBuilder_ESTest,0,0,False
1469,NPEX,HttpComponents_Client-f6333a50,0,ffa731534fb542269dd1dff4da2ac8e0,org.apache.hc.client5.http.impl.async.HttpAsyncClientBuilder,org.apache.hc.client5.http.impl.async.HttpAsyncClientBuilder_ESTest,63,0,False
1470,NPEX,HttpComponents_Client-f6333a50,0,ffa731534fb542269dd1dff4da2ac8e0,org.apache.hc.client5.http.impl.async.H2AsyncClientBuilder,org.apache.hc.client5.http.impl.async.H2AsyncClientBuilder_ESTest,0,0,False
1471,NPEX,HttpComponents_Client-f6333a50,0,d09270a418a64e55a61a765901e1516d,org.apache.hc.client5.http.impl.async.HttpAsyncClientBuilder,org.apache.hc.client5.http.impl.async.HttpAsyncClientBuilder_ESTest,62,0,False
1472,NPEX,HttpComponents_Client-f6333a50,0,d09270a418a64e55a61a765901e1516d,org.apache.hc.client5.http.impl.async.H2AsyncClientBuilder,org.apache.hc.client5.http.impl.async.H2AsyncClientBuilder_ESTest,0,0,False
1473,NPEX,HttpComponents_Client-f6333a50,0,79954cf6e38d48c0b4f3948162648b0d,org.apache.hc.client5.http.impl.async.HttpAsyncClientBuilder,org.apache.hc.client5.http.impl.async.HttpAsyncClientBuilder_ESTest,37,0,False
1474,NPEX,HttpComponents_Client-f6333a50,0,c96ec5eb2a9943c49b60b3e8b890be05,org.apache.hc.client5.http.impl.async.HttpAsyncClientBuilder,org.apache.hc.client5.http.impl.async.HttpAsyncClientBuilder_ESTest,36,0,False
1475,NPEX,HttpComponents_Client-f6333a50,0,0d46d584b37d4c39bc77cbe8f6795c7c,org.apache.hc.client5.http.impl.async.HttpAsyncClientBuilder,org.apache.hc.client5.http.impl.async.HttpAsyncClientBuilder_ESTest,63,0,False
1476,NPEX,HttpComponents_Client-f6333a50,0,fd57adaab2024e9a9311d2135995611e,org.apache.hc.client5.http.impl.async.HttpAsyncClientBuilder,org.apache.hc.client5.http.impl.async.HttpAsyncClientBuilder_ESTest,61,0,False
1477,NPEX,HttpComponents_Client-f6333a50,0,cc93596644f64f69a89018ead42fe5cf,org.apache.hc.client5.http.impl.async.HttpAsyncClientBuilder,org.apache.hc.client5.http.impl.async.HttpAsyncClientBuilder_ESTest,63,0,False
1478,NPEX,HttpComponents_Client-f6333a50,0,f36324e8ca2c41c5b913f38602ef64af,org.apache.hc.client5.http.impl.async.HttpAsyncClientBuilder,org.apache.hc.client5.http.impl.async.HttpAsyncClientBuilder_ESTest,62,0,False
1479,NPEX,HttpComponents_Client-f6333a50,0,f36324e8ca2c41c5b913f38602ef64af,org.apache.hc.client5.http.impl.async.H2AsyncClientBuilder,org.apache.hc.client5.http.impl.async.H2AsyncClientBuilder_ESTest,0,0,False
1480,NPEX,HttpComponents_Client-f6333a50,0,33de6f6fd6bc472aab61b227e1b353b6,org.apache.hc.client5.http.impl.async.HttpAsyncClientBuilder,org.apache.hc.client5.http.impl.async.HttpAsyncClientBuilder_ESTest,62,0,False
1481,NPEX,HttpComponents_Client-f6333a50,0,6909473f614f44d3a1e559a4a30a1692,org.apache.hc.client5.http.impl.async.HttpAsyncClientBuilder,org.apache.hc.client5.http.impl.async.HttpAsyncClientBuilder_ESTest,63,0,False
1482,NPEX,HttpComponents_Client-f6333a50,0,7356d7d15ba5400a8cbc2470adc75d94,org.apache.hc.client5.http.impl.async.HttpAsyncClientBuilder,org.apache.hc.client5.http.impl.async.HttpAsyncClientBuilder_ESTest,63,0,False
1483,NPEX,HttpComponents_Client-f6333a50,0,484ee180a8f046c49326b2c42af074da,org.apache.hc.client5.http.impl.async.HttpAsyncClientBuilder,org.apache.hc.client5.http.impl.async.HttpAsyncClientBuilder_ESTest,61,0,False
1484,NPEX,HttpComponents_Client-f6333a50,1,5ef6ff9d450c4d3aae4a38df3b85405f,org.apache.hc.client5.http.impl.async.HttpAsyncClientBuilder,org.apache.hc.client5.http.impl.async.HttpAsyncClientBuilder_ESTest,63,0,False
1485,NPEX,HttpComponents_Client-f6333a50,1,5ef6ff9d450c4d3aae4a38df3b85405f,org.apache.hc.client5.http.impl.async.H2AsyncClientBuilder,org.apache.hc.client5.http.impl.async.H2AsyncClientBuilder_ESTest,0,0,False
1486,NPEX,HttpComponents_Client-f6333a50,1,4a40f0b7f610403fa1a143be3024b461,org.apache.hc.client5.http.impl.async.HttpAsyncClientBuilder,org.apache.hc.client5.http.impl.async.HttpAsyncClientBuilder_ESTest,62,0,False
1487,NPEX,HttpComponents_Client-f6333a50,1,8514b881fe304ad5945978f6a8815799,org.apache.hc.client5.http.impl.async.HttpAsyncClientBuilder,org.apache.hc.client5.http.impl.async.HttpAsyncClientBuilder_ESTest,62,0,False
1488,NPEX,HttpComponents_Client-f6333a50,1,8514b881fe304ad5945978f6a8815799,org.apache.hc.client5.http.impl.async.H2AsyncClientBuilder,org.apache.hc.client5.http.impl.async.H2AsyncClientBuilder_ESTest,0,0,False
1489,NPEX,HttpComponents_Client-f6333a50,1,1e8c25c52c5542b395196508c67ff835,org.apache.hc.client5.http.impl.async.HttpAsyncClientBuilder,org.apache.hc.client5.http.impl.async.HttpAsyncClientBuilder_ESTest,61,0,False
1490,NPEX,HttpComponents_Client-f6333a50,1,f2476e07fcb544c88ee73880f163a5ac,org.apache.hc.client5.http.impl.async.HttpAsyncClientBuilder,org.apache.hc.client5.http.impl.async.HttpAsyncClientBuilder_ESTest,63,0,False
1491,NPEX,HttpComponents_Client-f6333a50,1,2ef2de05070240159cf8ba3fde04f377,org.apache.hc.client5.http.impl.async.HttpAsyncClientBuilder,org.apache.hc.client5.http.impl.async.HttpAsyncClientBuilder_ESTest,62,0,False
1492,NPEX,HttpComponents_Client-f6333a50,1,2ef2de05070240159cf8ba3fde04f377,org.apache.hc.client5.http.impl.async.H2AsyncClientBuilder,org.apache.hc.client5.http.impl.async.H2AsyncClientBuilder_ESTest,0,0,False
1493,NPEX,HttpComponents_Client-f6333a50,1,fa146f542c934c6c8b6bea1157704305,org.apache.hc.client5.http.impl.async.HttpAsyncClientBuilder,org.apache.hc.client5.http.impl.async.HttpAsyncClientBuilder_ESTest,63,0,False
1494,NPEX,HttpComponents_Client-f6333a50,1,8808bb2415854ef58f1dd11222dda912,org.apache.hc.client5.http.impl.async.HttpAsyncClientBuilder,org.apache.hc.client5.http.impl.async.HttpAsyncClientBuilder_ESTest,64,0,False
1495,NPEX,HttpComponents_Client-f6333a50,1,8808bb2415854ef58f1dd11222dda912,org.apache.hc.client5.http.impl.async.H2AsyncClientBuilder,org.apache.hc.client5.http.impl.async.H2AsyncClientBuilder_ESTest,0,0,False
1496,NPEX,HttpComponents_Client-f6333a50,1,05d220ac3d33482f81a2bed3d5bc7c82,org.apache.hc.client5.http.impl.async.HttpAsyncClientBuilder,org.apache.hc.client5.http.impl.async.HttpAsyncClientBuilder_ESTest,45,0,False
1497,NPEX,HttpComponents_Client-f6333a50,1,05d220ac3d33482f81a2bed3d5bc7c82,org.apache.hc.client5.http.impl.async.H2AsyncClientBuilder,org.apache.hc.client5.http.impl.async.H2AsyncClientBuilder_ESTest,0,0,False
1498,NPEX,HttpComponents_Client-f6333a50,1,6028f75c77944a42a96114b8ec5f7235,org.apache.hc.client5.http.impl.async.HttpAsyncClientBuilder,org.apache.hc.client5.http.impl.async.HttpAsyncClientBuilder_ESTest,60,0,False
1499,NPEX,HttpComponents_Client-f6333a50,1,6028f75c77944a42a96114b8ec5f7235,org.apache.hc.client5.http.impl.async.H2AsyncClientBuilder,org.apache.hc.client5.http.impl.async.H2AsyncClientBuilder_ESTest,0,0,False
1500,NPEX,HttpComponents_Client-f6333a50,1,22670a99e5264090819aa81c6365df9e,org.apache.hc.client5.http.impl.async.HttpAsyncClientBuilder,org.apache.hc.client5.http.impl.async.HttpAsyncClientBuilder_ESTest,62,0,False
1501,NPEX,HttpComponents_Client-f6333a50,1,2bda56e1a7784845b46ca0feeec0c275,org.apache.hc.client5.http.impl.async.HttpAsyncClientBuilder,org.apache.hc.client5.http.impl.async.HttpAsyncClientBuilder_ESTest,63,0,False
1502,NPEX,HttpComponents_Client-f6333a50,1,e03affb5c43d40fbb7cd3b7d821521ba,org.apache.hc.client5.http.impl.async.HttpAsyncClientBuilder,org.apache.hc.client5.http.impl.async.HttpAsyncClientBuilder_ESTest,60,0,False
1503,NPEX,HttpComponents_Client-f6333a50,1,903d81ad2e9c4530bc18a02af84f88dd,org.apache.hc.client5.http.impl.async.HttpAsyncClientBuilder,org.apache.hc.client5.http.impl.async.HttpAsyncClientBuilder_ESTest,97,0,False
1504,NPEX,HttpComponents_Client-f6333a50,1,a99f0b58953e4637b01eadcd7bed8d50,org.apache.hc.client5.http.impl.async.HttpAsyncClientBuilder,org.apache.hc.client5.http.impl.async.HttpAsyncClientBuilder_ESTest,64,0,False
1505,NPEX,HttpComponents_Client-f6333a50,1,95a35f617d8d4a8ba9845aa5c6a90995,org.apache.hc.client5.http.impl.async.HttpAsyncClientBuilder,org.apache.hc.client5.http.impl.async.HttpAsyncClientBuilder_ESTest,62,0,False
1506,NPEX,HttpComponents_Client-f6333a50,1,95a35f617d8d4a8ba9845aa5c6a90995,org.apache.hc.client5.http.impl.async.H2AsyncClientBuilder,org.apache.hc.client5.http.impl.async.H2AsyncClientBuilder_ESTest,0,0,False
1507,NPEX,HttpComponents_Client-f6333a50,1,c9d0b721659246a38b6079f44ff59076,org.apache.hc.client5.http.impl.async.HttpAsyncClientBuilder,org.apache.hc.client5.http.impl.async.HttpAsyncClientBuilder_ESTest,63,0,False
1508,NPEX,HttpComponents_Client-f6333a50,1,c9d0b721659246a38b6079f44ff59076,org.apache.hc.client5.http.impl.async.H2AsyncClientBuilder,org.apache.hc.client5.http.impl.async.H2AsyncClientBuilder_ESTest,0,0,False
1509,NPEX,HttpComponents_Client-f6333a50,1,ffa731534fb542269dd1dff4da2ac8e0,org.apache.hc.client5.http.impl.async.HttpAsyncClientBuilder,org.apache.hc.client5.http.impl.async.HttpAsyncClientBuilder_ESTest,63,0,False
1510,NPEX,HttpComponents_Client-f6333a50,1,ffa731534fb542269dd1dff4da2ac8e0,org.apache.hc.client5.http.impl.async.H2AsyncClientBuilder,org.apache.hc.client5.http.impl.async.H2AsyncClientBuilder_ESTest,0,0,False
1511,NPEX,HttpComponents_Client-f6333a50,1,d09270a418a64e55a61a765901e1516d,org.apache.hc.client5.http.impl.async.HttpAsyncClientBuilder,org.apache.hc.client5.http.impl.async.HttpAsyncClientBuilder_ESTest,62,0,False
1512,NPEX,HttpComponents_Client-f6333a50,1,d09270a418a64e55a61a765901e1516d,org.apache.hc.client5.http.impl.async.H2AsyncClientBuilder,org.apache.hc.client5.http.impl.async.H2AsyncClientBuilder_ESTest,0,0,False
1513,NPEX,HttpComponents_Client-f6333a50,1,79954cf6e38d48c0b4f3948162648b0d,org.apache.hc.client5.http.impl.async.HttpAsyncClientBuilder,org.apache.hc.client5.http.impl.async.HttpAsyncClientBuilder_ESTest,37,0,False
1514,NPEX,HttpComponents_Client-f6333a50,1,c96ec5eb2a9943c49b60b3e8b890be05,org.apache.hc.client5.http.impl.async.HttpAsyncClientBuilder,org.apache.hc.client5.http.impl.async.HttpAsyncClientBuilder_ESTest,36,0,False
1515,NPEX,HttpComponents_Client-f6333a50,1,0d46d584b37d4c39bc77cbe8f6795c7c,org.apache.hc.client5.http.impl.async.HttpAsyncClientBuilder,org.apache.hc.client5.http.impl.async.HttpAsyncClientBuilder_ESTest,63,0,False
1516,NPEX,HttpComponents_Client-f6333a50,1,fd57adaab2024e9a9311d2135995611e,org.apache.hc.client5.http.impl.async.HttpAsyncClientBuilder,org.apache.hc.client5.http.impl.async.HttpAsyncClientBuilder_ESTest,61,0,False
1517,NPEX,HttpComponents_Client-f6333a50,1,cc93596644f64f69a89018ead42fe5cf,org.apache.hc.client5.http.impl.async.HttpAsyncClientBuilder,org.apache.hc.client5.http.impl.async.HttpAsyncClientBuilder_ESTest,63,0,False
1518,NPEX,HttpComponents_Client-f6333a50,1,f36324e8ca2c41c5b913f38602ef64af,org.apache.hc.client5.http.impl.async.HttpAsyncClientBuilder,org.apache.hc.client5.http.impl.async.HttpAsyncClientBuilder_ESTest,62,0,False
1519,NPEX,HttpComponents_Client-f6333a50,1,f36324e8ca2c41c5b913f38602ef64af,org.apache.hc.client5.http.impl.async.H2AsyncClientBuilder,org.apache.hc.client5.http.impl.async.H2AsyncClientBuilder_ESTest,0,0,False
1520,NPEX,HttpComponents_Client-f6333a50,1,33de6f6fd6bc472aab61b227e1b353b6,org.apache.hc.client5.http.impl.async.HttpAsyncClientBuilder,org.apache.hc.client5.http.impl.async.HttpAsyncClientBuilder_ESTest,62,0,False
1521,NPEX,HttpComponents_Client-f6333a50,1,6909473f614f44d3a1e559a4a30a1692,org.apache.hc.client5.http.impl.async.HttpAsyncClientBuilder,org.apache.hc.client5.http.impl.async.HttpAsyncClientBuilder_ESTest,63,0,False
1522,NPEX,HttpComponents_Client-f6333a50,1,7356d7d15ba5400a8cbc2470adc75d94,org.apache.hc.client5.http.impl.async.HttpAsyncClientBuilder,org.apache.hc.client5.http.impl.async.HttpAsyncClientBuilder_ESTest,63,0,False
1523,NPEX,HttpComponents_Client-f6333a50,1,484ee180a8f046c49326b2c42af074da,org.apache.hc.client5.http.impl.async.HttpAsyncClientBuilder,org.apache.hc.client5.http.impl.async.HttpAsyncClientBuilder_ESTest,61,0,False
1524,NPEX,HttpComponents_Client-f6333a50,2,5ef6ff9d450c4d3aae4a38df3b85405f,org.apache.hc.client5.http.impl.async.HttpAsyncClientBuilder,org.apache.hc.client5.http.impl.async.HttpAsyncClientBuilder_ESTest,63,0,True
1525,NPEX,HttpComponents_Client-f6333a50,2,5ef6ff9d450c4d3aae4a38df3b85405f,org.apache.hc.client5.http.impl.async.H2AsyncClientBuilder,org.apache.hc.client5.http.impl.async.H2AsyncClientBuilder_ESTest,0,0,False
1526,NPEX,HttpComponents_Client-f6333a50,2,4a40f0b7f610403fa1a143be3024b461,org.apache.hc.client5.http.impl.async.HttpAsyncClientBuilder,org.apache.hc.client5.http.impl.async.HttpAsyncClientBuilder_ESTest,62,0,True
1527,NPEX,HttpComponents_Client-f6333a50,2,8514b881fe304ad5945978f6a8815799,org.apache.hc.client5.http.impl.async.HttpAsyncClientBuilder,org.apache.hc.client5.http.impl.async.HttpAsyncClientBuilder_ESTest,62,0,True
1528,NPEX,HttpComponents_Client-f6333a50,2,8514b881fe304ad5945978f6a8815799,org.apache.hc.client5.http.impl.async.H2AsyncClientBuilder,org.apache.hc.client5.http.impl.async.H2AsyncClientBuilder_ESTest,0,0,False
1529,NPEX,HttpComponents_Client-f6333a50,2,1e8c25c52c5542b395196508c67ff835,org.apache.hc.client5.http.impl.async.HttpAsyncClientBuilder,org.apache.hc.client5.http.impl.async.HttpAsyncClientBuilder_ESTest,61,0,True
1530,NPEX,HttpComponents_Client-f6333a50,2,f2476e07fcb544c88ee73880f163a5ac,org.apache.hc.client5.http.impl.async.HttpAsyncClientBuilder,org.apache.hc.client5.http.impl.async.HttpAsyncClientBuilder_ESTest,63,0,True
1531,NPEX,HttpComponents_Client-f6333a50,2,2ef2de05070240159cf8ba3fde04f377,org.apache.hc.client5.http.impl.async.HttpAsyncClientBuilder,org.apache.hc.client5.http.impl.async.HttpAsyncClientBuilder_ESTest,62,0,True
1532,NPEX,HttpComponents_Client-f6333a50,2,2ef2de05070240159cf8ba3fde04f377,org.apache.hc.client5.http.impl.async.H2AsyncClientBuilder,org.apache.hc.client5.http.impl.async.H2AsyncClientBuilder_ESTest,0,0,False
1533,NPEX,HttpComponents_Client-f6333a50,2,fa146f542c934c6c8b6bea1157704305,org.apache.hc.client5.http.impl.async.HttpAsyncClientBuilder,org.apache.hc.client5.http.impl.async.HttpAsyncClientBuilder_ESTest,63,0,True
1534,NPEX,HttpComponents_Client-f6333a50,2,8808bb2415854ef58f1dd11222dda912,org.apache.hc.client5.http.impl.async.HttpAsyncClientBuilder,org.apache.hc.client5.http.impl.async.HttpAsyncClientBuilder_ESTest,64,0,True
1535,NPEX,HttpComponents_Client-f6333a50,2,8808bb2415854ef58f1dd11222dda912,org.apache.hc.client5.http.impl.async.H2AsyncClientBuilder,org.apache.hc.client5.http.impl.async.H2AsyncClientBuilder_ESTest,0,0,False
1536,NPEX,HttpComponents_Client-f6333a50,2,05d220ac3d33482f81a2bed3d5bc7c82,org.apache.hc.client5.http.impl.async.HttpAsyncClientBuilder,org.apache.hc.client5.http.impl.async.HttpAsyncClientBuilder_ESTest,45,0,True
1537,NPEX,HttpComponents_Client-f6333a50,2,05d220ac3d33482f81a2bed3d5bc7c82,org.apache.hc.client5.http.impl.async.H2AsyncClientBuilder,org.apache.hc.client5.http.impl.async.H2AsyncClientBuilder_ESTest,0,0,False
1538,NPEX,HttpComponents_Client-f6333a50,2,6028f75c77944a42a96114b8ec5f7235,org.apache.hc.client5.http.impl.async.HttpAsyncClientBuilder,org.apache.hc.client5.http.impl.async.HttpAsyncClientBuilder_ESTest,60,0,True
1539,NPEX,HttpComponents_Client-f6333a50,2,6028f75c77944a42a96114b8ec5f7235,org.apache.hc.client5.http.impl.async.H2AsyncClientBuilder,org.apache.hc.client5.http.impl.async.H2AsyncClientBuilder_ESTest,0,0,False
1540,NPEX,HttpComponents_Client-f6333a50,2,22670a99e5264090819aa81c6365df9e,org.apache.hc.client5.http.impl.async.HttpAsyncClientBuilder,org.apache.hc.client5.http.impl.async.HttpAsyncClientBuilder_ESTest,62,0,True
1541,NPEX,HttpComponents_Client-f6333a50,2,2bda56e1a7784845b46ca0feeec0c275,org.apache.hc.client5.http.impl.async.HttpAsyncClientBuilder,org.apache.hc.client5.http.impl.async.HttpAsyncClientBuilder_ESTest,63,0,True
1542,NPEX,HttpComponents_Client-f6333a50,2,e03affb5c43d40fbb7cd3b7d821521ba,org.apache.hc.client5.http.impl.async.HttpAsyncClientBuilder,org.apache.hc.client5.http.impl.async.HttpAsyncClientBuilder_ESTest,60,0,True
1543,NPEX,HttpComponents_Client-f6333a50,2,903d81ad2e9c4530bc18a02af84f88dd,org.apache.hc.client5.http.impl.async.HttpAsyncClientBuilder,org.apache.hc.client5.http.impl.async.HttpAsyncClientBuilder_ESTest,97,0,True
1544,NPEX,HttpComponents_Client-f6333a50,2,a99f0b58953e4637b01eadcd7bed8d50,org.apache.hc.client5.http.impl.async.HttpAsyncClientBuilder,org.apache.hc.client5.http.impl.async.HttpAsyncClientBuilder_ESTest,64,0,True
1545,NPEX,HttpComponents_Client-f6333a50,2,95a35f617d8d4a8ba9845aa5c6a90995,org.apache.hc.client5.http.impl.async.HttpAsyncClientBuilder,org.apache.hc.client5.http.impl.async.HttpAsyncClientBuilder_ESTest,62,0,True
1546,NPEX,HttpComponents_Client-f6333a50,2,95a35f617d8d4a8ba9845aa5c6a90995,org.apache.hc.client5.http.impl.async.H2AsyncClientBuilder,org.apache.hc.client5.http.impl.async.H2AsyncClientBuilder_ESTest,0,0,False
1547,NPEX,HttpComponents_Client-f6333a50,2,c9d0b721659246a38b6079f44ff59076,org.apache.hc.client5.http.impl.async.HttpAsyncClientBuilder,org.apache.hc.client5.http.impl.async.HttpAsyncClientBuilder_ESTest,63,0,True
1548,NPEX,HttpComponents_Client-f6333a50,2,c9d0b721659246a38b6079f44ff59076,org.apache.hc.client5.http.impl.async.H2AsyncClientBuilder,org.apache.hc.client5.http.impl.async.H2AsyncClientBuilder_ESTest,0,0,False
1549,NPEX,HttpComponents_Client-f6333a50,2,ffa731534fb542269dd1dff4da2ac8e0,org.apache.hc.client5.http.impl.async.HttpAsyncClientBuilder,org.apache.hc.client5.http.impl.async.HttpAsyncClientBuilder_ESTest,63,0,True
1550,NPEX,HttpComponents_Client-f6333a50,2,ffa731534fb542269dd1dff4da2ac8e0,org.apache.hc.client5.http.impl.async.H2AsyncClientBuilder,org.apache.hc.client5.http.impl.async.H2AsyncClientBuilder_ESTest,0,0,False
1551,NPEX,HttpComponents_Client-f6333a50,2,d09270a418a64e55a61a765901e1516d,org.apache.hc.client5.http.impl.async.HttpAsyncClientBuilder,org.apache.hc.client5.http.impl.async.HttpAsyncClientBuilder_ESTest,62,0,True
1552,NPEX,HttpComponents_Client-f6333a50,2,d09270a418a64e55a61a765901e1516d,org.apache.hc.client5.http.impl.async.H2AsyncClientBuilder,org.apache.hc.client5.http.impl.async.H2AsyncClientBuilder_ESTest,0,0,False
1553,NPEX,HttpComponents_Client-f6333a50,2,79954cf6e38d48c0b4f3948162648b0d,org.apache.hc.client5.http.impl.async.HttpAsyncClientBuilder,org.apache.hc.client5.http.impl.async.HttpAsyncClientBuilder_ESTest,37,0,True
1554,NPEX,HttpComponents_Client-f6333a50,2,c96ec5eb2a9943c49b60b3e8b890be05,org.apache.hc.client5.http.impl.async.HttpAsyncClientBuilder,org.apache.hc.client5.http.impl.async.HttpAsyncClientBuilder_ESTest,36,0,True
1555,NPEX,HttpComponents_Client-f6333a50,2,0d46d584b37d4c39bc77cbe8f6795c7c,org.apache.hc.client5.http.impl.async.HttpAsyncClientBuilder,org.apache.hc.client5.http.impl.async.HttpAsyncClientBuilder_ESTest,63,0,True
1556,NPEX,HttpComponents_Client-f6333a50,2,fd57adaab2024e9a9311d2135995611e,org.apache.hc.client5.http.impl.async.HttpAsyncClientBuilder,org.apache.hc.client5.http.impl.async.HttpAsyncClientBuilder_ESTest,61,0,True
1557,NPEX,HttpComponents_Client-f6333a50,2,cc93596644f64f69a89018ead42fe5cf,org.apache.hc.client5.http.impl.async.HttpAsyncClientBuilder,org.apache.hc.client5.http.impl.async.HttpAsyncClientBuilder_ESTest,63,0,True
1558,NPEX,HttpComponents_Client-f6333a50,2,f36324e8ca2c41c5b913f38602ef64af,org.apache.hc.client5.http.impl.async.HttpAsyncClientBuilder,org.apache.hc.client5.http.impl.async.HttpAsyncClientBuilder_ESTest,62,0,True
1559,NPEX,HttpComponents_Client-f6333a50,2,f36324e8ca2c41c5b913f38602ef64af,org.apache.hc.client5.http.impl.async.H2AsyncClientBuilder,org.apache.hc.client5.http.impl.async.H2AsyncClientBuilder_ESTest,0,0,False
1560,NPEX,HttpComponents_Client-f6333a50,2,33de6f6fd6bc472aab61b227e1b353b6,org.apache.hc.client5.http.impl.async.HttpAsyncClientBuilder,org.apache.hc.client5.http.impl.async.HttpAsyncClientBuilder_ESTest,62,0,True
1561,NPEX,HttpComponents_Client-f6333a50,2,6909473f614f44d3a1e559a4a30a1692,org.apache.hc.client5.http.impl.async.HttpAsyncClientBuilder,org.apache.hc.client5.http.impl.async.HttpAsyncClientBuilder_ESTest,63,0,True
1562,NPEX,HttpComponents_Client-f6333a50,2,7356d7d15ba5400a8cbc2470adc75d94,org.apache.hc.client5.http.impl.async.HttpAsyncClientBuilder,org.apache.hc.client5.http.impl.async.HttpAsyncClientBuilder_ESTest,63,0,True
1563,NPEX,HttpComponents_Client-f6333a50,2,484ee180a8f046c49326b2c42af074da,org.apache.hc.client5.http.impl.async.HttpAsyncClientBuilder,org.apache.hc.client5.http.impl.async.HttpAsyncClientBuilder_ESTest,61,0,True
1564,NPEX,HttpComponents_Client-f6333a50,3,5ef6ff9d450c4d3aae4a38df3b85405f,org.apache.hc.client5.http.impl.async.HttpAsyncClientBuilder,org.apache.hc.client5.http.impl.async.HttpAsyncClientBuilder_ESTest,63,0,True
1565,NPEX,HttpComponents_Client-f6333a50,3,5ef6ff9d450c4d3aae4a38df3b85405f,org.apache.hc.client5.http.impl.async.H2AsyncClientBuilder,org.apache.hc.client5.http.impl.async.H2AsyncClientBuilder_ESTest,0,0,False
1566,NPEX,HttpComponents_Client-f6333a50,3,4a40f0b7f610403fa1a143be3024b461,org.apache.hc.client5.http.impl.async.HttpAsyncClientBuilder,org.apache.hc.client5.http.impl.async.HttpAsyncClientBuilder_ESTest,62,0,True
1567,NPEX,HttpComponents_Client-f6333a50,3,8514b881fe304ad5945978f6a8815799,org.apache.hc.client5.http.impl.async.HttpAsyncClientBuilder,org.apache.hc.client5.http.impl.async.HttpAsyncClientBuilder_ESTest,62,0,True
1568,NPEX,HttpComponents_Client-f6333a50,3,8514b881fe304ad5945978f6a8815799,org.apache.hc.client5.http.impl.async.H2AsyncClientBuilder,org.apache.hc.client5.http.impl.async.H2AsyncClientBuilder_ESTest,0,0,False
1569,NPEX,HttpComponents_Client-f6333a50,3,1e8c25c52c5542b395196508c67ff835,org.apache.hc.client5.http.impl.async.HttpAsyncClientBuilder,org.apache.hc.client5.http.impl.async.HttpAsyncClientBuilder_ESTest,61,0,True
1570,NPEX,HttpComponents_Client-f6333a50,3,f2476e07fcb544c88ee73880f163a5ac,org.apache.hc.client5.http.impl.async.HttpAsyncClientBuilder,org.apache.hc.client5.http.impl.async.HttpAsyncClientBuilder_ESTest,63,0,True
1571,NPEX,HttpComponents_Client-f6333a50,3,2ef2de05070240159cf8ba3fde04f377,org.apache.hc.client5.http.impl.async.HttpAsyncClientBuilder,org.apache.hc.client5.http.impl.async.HttpAsyncClientBuilder_ESTest,62,0,True
1572,NPEX,HttpComponents_Client-f6333a50,3,2ef2de05070240159cf8ba3fde04f377,org.apache.hc.client5.http.impl.async.H2AsyncClientBuilder,org.apache.hc.client5.http.impl.async.H2AsyncClientBuilder_ESTest,0,0,False
1573,NPEX,HttpComponents_Client-f6333a50,3,fa146f542c934c6c8b6bea1157704305,org.apache.hc.client5.http.impl.async.HttpAsyncClientBuilder,org.apache.hc.client5.http.impl.async.HttpAsyncClientBuilder_ESTest,63,0,True
1574,NPEX,HttpComponents_Client-f6333a50,3,8808bb2415854ef58f1dd11222dda912,org.apache.hc.client5.http.impl.async.HttpAsyncClientBuilder,org.apache.hc.client5.http.impl.async.HttpAsyncClientBuilder_ESTest,64,0,True
1575,NPEX,HttpComponents_Client-f6333a50,3,8808bb2415854ef58f1dd11222dda912,org.apache.hc.client5.http.impl.async.H2AsyncClientBuilder,org.apache.hc.client5.http.impl.async.H2AsyncClientBuilder_ESTest,0,0,False
1576,NPEX,HttpComponents_Client-f6333a50,3,05d220ac3d33482f81a2bed3d5bc7c82,org.apache.hc.client5.http.impl.async.HttpAsyncClientBuilder,org.apache.hc.client5.http.impl.async.HttpAsyncClientBuilder_ESTest,45,0,True
1577,NPEX,HttpComponents_Client-f6333a50,3,05d220ac3d33482f81a2bed3d5bc7c82,org.apache.hc.client5.http.impl.async.H2AsyncClientBuilder,org.apache.hc.client5.http.impl.async.H2AsyncClientBuilder_ESTest,0,0,False
1578,NPEX,HttpComponents_Client-f6333a50,3,6028f75c77944a42a96114b8ec5f7235,org.apache.hc.client5.http.impl.async.HttpAsyncClientBuilder,org.apache.hc.client5.http.impl.async.HttpAsyncClientBuilder_ESTest,60,0,True
1579,NPEX,HttpComponents_Client-f6333a50,3,6028f75c77944a42a96114b8ec5f7235,org.apache.hc.client5.http.impl.async.H2AsyncClientBuilder,org.apache.hc.client5.http.impl.async.H2AsyncClientBuilder_ESTest,0,0,False
1580,NPEX,HttpComponents_Client-f6333a50,3,22670a99e5264090819aa81c6365df9e,org.apache.hc.client5.http.impl.async.HttpAsyncClientBuilder,org.apache.hc.client5.http.impl.async.HttpAsyncClientBuilder_ESTest,62,0,True
1581,NPEX,HttpComponents_Client-f6333a50,3,2bda56e1a7784845b46ca0feeec0c275,org.apache.hc.client5.http.impl.async.HttpAsyncClientBuilder,org.apache.hc.client5.http.impl.async.HttpAsyncClientBuilder_ESTest,63,0,True
1582,NPEX,HttpComponents_Client-f6333a50,3,e03affb5c43d40fbb7cd3b7d821521ba,org.apache.hc.client5.http.impl.async.HttpAsyncClientBuilder,org.apache.hc.client5.http.impl.async.HttpAsyncClientBuilder_ESTest,60,0,True
1583,NPEX,HttpComponents_Client-f6333a50,3,903d81ad2e9c4530bc18a02af84f88dd,org.apache.hc.client5.http.impl.async.HttpAsyncClientBuilder,org.apache.hc.client5.http.impl.async.HttpAsyncClientBuilder_ESTest,97,0,True
1584,NPEX,HttpComponents_Client-f6333a50,3,a99f0b58953e4637b01eadcd7bed8d50,org.apache.hc.client5.http.impl.async.HttpAsyncClientBuilder,org.apache.hc.client5.http.impl.async.HttpAsyncClientBuilder_ESTest,64,0,True
1585,NPEX,HttpComponents_Client-f6333a50,3,95a35f617d8d4a8ba9845aa5c6a90995,org.apache.hc.client5.http.impl.async.HttpAsyncClientBuilder,org.apache.hc.client5.http.impl.async.HttpAsyncClientBuilder_ESTest,62,0,True
1586,NPEX,HttpComponents_Client-f6333a50,3,95a35f617d8d4a8ba9845aa5c6a90995,org.apache.hc.client5.http.impl.async.H2AsyncClientBuilder,org.apache.hc.client5.http.impl.async.H2AsyncClientBuilder_ESTest,0,0,False
1587,NPEX,HttpComponents_Client-f6333a50,3,c9d0b721659246a38b6079f44ff59076,org.apache.hc.client5.http.impl.async.HttpAsyncClientBuilder,org.apache.hc.client5.http.impl.async.HttpAsyncClientBuilder_ESTest,63,0,True
1588,NPEX,HttpComponents_Client-f6333a50,3,c9d0b721659246a38b6079f44ff59076,org.apache.hc.client5.http.impl.async.H2AsyncClientBuilder,org.apache.hc.client5.http.impl.async.H2AsyncClientBuilder_ESTest,0,0,False
1589,NPEX,HttpComponents_Client-f6333a50,3,ffa731534fb542269dd1dff4da2ac8e0,org.apache.hc.client5.http.impl.async.HttpAsyncClientBuilder,org.apache.hc.client5.http.impl.async.HttpAsyncClientBuilder_ESTest,63,0,True
1590,NPEX,HttpComponents_Client-f6333a50,3,ffa731534fb542269dd1dff4da2ac8e0,org.apache.hc.client5.http.impl.async.H2AsyncClientBuilder,org.apache.hc.client5.http.impl.async.H2AsyncClientBuilder_ESTest,0,0,False
1591,NPEX,HttpComponents_Client-f6333a50,3,d09270a418a64e55a61a765901e1516d,org.apache.hc.client5.http.impl.async.HttpAsyncClientBuilder,org.apache.hc.client5.http.impl.async.HttpAsyncClientBuilder_ESTest,62,0,True
1592,NPEX,HttpComponents_Client-f6333a50,3,d09270a418a64e55a61a765901e1516d,org.apache.hc.client5.http.impl.async.H2AsyncClientBuilder,org.apache.hc.client5.http.impl.async.H2AsyncClientBuilder_ESTest,0,0,False
1593,NPEX,HttpComponents_Client-f6333a50,3,79954cf6e38d48c0b4f3948162648b0d,org.apache.hc.client5.http.impl.async.HttpAsyncClientBuilder,org.apache.hc.client5.http.impl.async.HttpAsyncClientBuilder_ESTest,37,0,True
1594,NPEX,HttpComponents_Client-f6333a50,3,c96ec5eb2a9943c49b60b3e8b890be05,org.apache.hc.client5.http.impl.async.HttpAsyncClientBuilder,org.apache.hc.client5.http.impl.async.HttpAsyncClientBuilder_ESTest,36,0,True
1595,NPEX,HttpComponents_Client-f6333a50,3,0d46d584b37d4c39bc77cbe8f6795c7c,org.apache.hc.client5.http.impl.async.HttpAsyncClientBuilder,org.apache.hc.client5.http.impl.async.HttpAsyncClientBuilder_ESTest,63,0,True
1596,NPEX,HttpComponents_Client-f6333a50,3,fd57adaab2024e9a9311d2135995611e,org.apache.hc.client5.http.impl.async.HttpAsyncClientBuilder,org.apache.hc.client5.http.impl.async.HttpAsyncClientBuilder_ESTest,61,0,True
1597,NPEX,HttpComponents_Client-f6333a50,3,cc93596644f64f69a89018ead42fe5cf,org.apache.hc.client5.http.impl.async.HttpAsyncClientBuilder,org.apache.hc.client5.http.impl.async.HttpAsyncClientBuilder_ESTest,63,0,True
1598,NPEX,HttpComponents_Client-f6333a50,3,f36324e8ca2c41c5b913f38602ef64af,org.apache.hc.client5.http.impl.async.HttpAsyncClientBuilder,org.apache.hc.client5.http.impl.async.HttpAsyncClientBuilder_ESTest,62,0,True
1599,NPEX,HttpComponents_Client-f6333a50,3,f36324e8ca2c41c5b913f38602ef64af,org.apache.hc.client5.http.impl.async.H2AsyncClientBuilder,org.apache.hc.client5.http.impl.async.H2AsyncClientBuilder_ESTest,0,0,False
1600,NPEX,HttpComponents_Client-f6333a50,3,33de6f6fd6bc472aab61b227e1b353b6,org.apache.hc.client5.http.impl.async.HttpAsyncClientBuilder,org.apache.hc.client5.http.impl.async.HttpAsyncClientBuilder_ESTest,62,0,True
1601,NPEX,HttpComponents_Client-f6333a50,3,6909473f614f44d3a1e559a4a30a1692,org.apache.hc.client5.http.impl.async.HttpAsyncClientBuilder,org.apache.hc.client5.http.impl.async.HttpAsyncClientBuilder_ESTest,63,0,True
1602,NPEX,HttpComponents_Client-f6333a50,3,7356d7d15ba5400a8cbc2470adc75d94,org.apache.hc.client5.http.impl.async.HttpAsyncClientBuilder,org.apache.hc.client5.http.impl.async.HttpAsyncClientBuilder_ESTest,63,0,True
1603,NPEX,HttpComponents_Client-f6333a50,3,484ee180a8f046c49326b2c42af074da,org.apache.hc.client5.http.impl.async.HttpAsyncClientBuilder,org.apache.hc.client5.http.impl.async.HttpAsyncClientBuilder_ESTest,61,0,True
1604,NPEX,Async_Http_Client-fbc6d486,0,151bc1f0253c42c7b575541c8bf057d9,org.asynchttpclient.RequestBuilderBase,org.asynchttpclient.RequestBuilderBase_ESTest,1,0,False
1605,NPEX,Async_Http_Client-fbc6d486,0,54f8bc5f7eea4064a8bd44f8c21bf2c9,org.asynchttpclient.RequestBuilderBase,org.asynchttpclient.RequestBuilderBase_ESTest,1,0,False
1606,NPEX,Async_Http_Client-fbc6d486,0,f86fe928c4b149b6b3e5a7651a4e3bb1,org.asynchttpclient.RequestBuilderBase,org.asynchttpclient.RequestBuilderBase_ESTest,1,0,False
1607,NPEX,Async_Http_Client-fbc6d486,0,061dd44073ff49df985f58fe4a154a20,org.asynchttpclient.RequestBuilderBase,org.asynchttpclient.RequestBuilderBase_ESTest,1,0,False
1608,NPEX,Async_Http_Client-fbc6d486,0,0ce4eea2e18048c1aee6a5b8af7d6d68,org.asynchttpclient.RequestBuilderBase,org.asynchttpclient.RequestBuilderBase_ESTest,1,0,False
1609,NPEX,Async_Http_Client-fbc6d486,0,303ebaede4fc4c8d8f4e7dc37e92e3e4,org.asynchttpclient.RequestBuilderBase,org.asynchttpclient.RequestBuilderBase_ESTest,1,0,False
1610,NPEX,Async_Http_Client-fbc6d486,0,a19a922c1d65466fa7501bbdf1a01e62,org.asynchttpclient.RequestBuilderBase,org.asynchttpclient.RequestBuilderBase_ESTest,1,0,False
1611,NPEX,Async_Http_Client-fbc6d486,0,3ae8dc82d7284d769ecea7690117f6ae,org.asynchttpclient.RequestBuilderBase,org.asynchttpclient.RequestBuilderBase_ESTest,1,0,False
1612,NPEX,Async_Http_Client-fbc6d486,0,8cb013d74e464245802a3d3b11bba7af,org.asynchttpclient.RequestBuilderBase,org.asynchttpclient.RequestBuilderBase_ESTest,1,0,False
1613,NPEX,Async_Http_Client-fbc6d486,0,11dbe6abf504438eaa5dada7dc9e762f,org.asynchttpclient.RequestBuilderBase,org.asynchttpclient.RequestBuilderBase_ESTest,1,0,False
1614,NPEX,Async_Http_Client-fbc6d486,0,13caa2ab92ca40f3b28ff1c146342904,org.asynchttpclient.RequestBuilderBase,org.asynchttpclient.RequestBuilderBase_ESTest,1,0,False
1615,NPEX,Async_Http_Client-fbc6d486,0,5528b7d2004a438aaadf46c63f928573,org.asynchttpclient.RequestBuilderBase,org.asynchttpclient.RequestBuilderBase_ESTest,1,0,False
1616,NPEX,Async_Http_Client-fbc6d486,0,930cce3753bb473db4332bf402e2ba5d,org.asynchttpclient.RequestBuilderBase,org.asynchttpclient.RequestBuilderBase_ESTest,1,0,False
1617,NPEX,Async_Http_Client-fbc6d486,0,acc8d8c36284426b9e617553317a1b0e,org.asynchttpclient.RequestBuilderBase,org.asynchttpclient.RequestBuilderBase_ESTest,1,0,False
1618,NPEX,Async_Http_Client-fbc6d486,0,60539e8e0a7e4bc2a75835c444f609b3,org.asynchttpclient.RequestBuilderBase,org.asynchttpclient.RequestBuilderBase_ESTest,1,0,False
1619,NPEX,Async_Http_Client-fbc6d486,0,0defd2bd97a24f8eada6a4bcc433833c,org.asynchttpclient.RequestBuilderBase,org.asynchttpclient.RequestBuilderBase_ESTest,1,0,False
1620,NPEX,Async_Http_Client-fbc6d486,0,e9800809e72044b78073519911e2c12b,org.asynchttpclient.RequestBuilderBase,org.asynchttpclient.RequestBuilderBase_ESTest,1,0,False
1621,NPEX,Async_Http_Client-fbc6d486,0,e427e4e75bd9483680dfe0d399c4cbdd,org.asynchttpclient.RequestBuilderBase,org.asynchttpclient.RequestBuilderBase_ESTest,1,0,False
1622,NPEX,Async_Http_Client-fbc6d486,0,4ad71204d5384856996f996288cdf8bd,org.asynchttpclient.RequestBuilderBase,org.asynchttpclient.RequestBuilderBase_ESTest,1,0,False
1623,NPEX,Async_Http_Client-fbc6d486,0,1e39995d0def46548298e6c5bc0589e6,org.asynchttpclient.RequestBuilderBase,org.asynchttpclient.RequestBuilderBase_ESTest,1,0,False
1624,NPEX,Async_Http_Client-fbc6d486,0,d81422e8e1f146b4b83ff8cd6115529b,org.asynchttpclient.RequestBuilderBase,org.asynchttpclient.RequestBuilderBase_ESTest,1,0,False
1625,NPEX,Async_Http_Client-fbc6d486,0,79d039c07f044c2e87cdccc1f5c92047,org.asynchttpclient.RequestBuilderBase,org.asynchttpclient.RequestBuilderBase_ESTest,1,0,False
1626,NPEX,Async_Http_Client-fbc6d486,0,5bac006eea954911b24fbbba5ca4db90,org.asynchttpclient.RequestBuilderBase,org.asynchttpclient.RequestBuilderBase_ESTest,1,0,False
1627,NPEX,Async_Http_Client-fbc6d486,0,db063cde34234954af3190175b5839b9,org.asynchttpclient.RequestBuilderBase,org.asynchttpclient.RequestBuilderBase_ESTest,1,0,False
1628,NPEX,Async_Http_Client-fbc6d486,0,8a2d4b0e858a44d7ad4bf0087b47220e,org.asynchttpclient.RequestBuilderBase,org.asynchttpclient.RequestBuilderBase_ESTest,1,0,False
1629,NPEX,Async_Http_Client-fbc6d486,0,1ab2eb1a4cbd41bd934f77d4a19128c1,org.asynchttpclient.RequestBuilderBase,org.asynchttpclient.RequestBuilderBase_ESTest,1,0,False
1630,NPEX,Async_Http_Client-fbc6d486,0,cd9547f35e054d12a8c1c072b0ae3fc4,org.asynchttpclient.RequestBuilderBase,org.asynchttpclient.RequestBuilderBase_ESTest,1,0,False
1631,NPEX,Async_Http_Client-fbc6d486,0,2f46f698bf0940c58661fdef98a8b730,org.asynchttpclient.RequestBuilderBase,org.asynchttpclient.RequestBuilderBase_ESTest,1,0,False
1632,NPEX,Async_Http_Client-fbc6d486,0,b66874d4c2e94391be050a8d149eef9c,org.asynchttpclient.RequestBuilderBase,org.asynchttpclient.RequestBuilderBase_ESTest,1,0,False
1633,NPEX,Async_Http_Client-fbc6d486,0,b05f86d66dc74023b62d56f02edef353,org.asynchttpclient.RequestBuilderBase,org.asynchttpclient.RequestBuilderBase_ESTest,1,0,False
1634,NPEX,Async_Http_Client-fbc6d486,0,97a30979c960494081aadca1984167e5,org.asynchttpclient.RequestBuilderBase,org.asynchttpclient.RequestBuilderBase_ESTest,1,0,False
1635,NPEX,Async_Http_Client-fbc6d486,0,eca987aa08dd4e23a8388125d597e262,org.asynchttpclient.RequestBuilderBase,org.asynchttpclient.RequestBuilderBase_ESTest,1,0,False
1636,NPEX,Easy_Rules-d5385af5,0,e0f7b62e264349b291151ab1aec052f4,org.jeasy.rules.mvel.MVELRuleDefinitionReader,org.jeasy.rules.mvel.MVELRuleDefinitionReader_ESTest,9,0,True
1637,NPEX,Easy_Rules-d5385af5,0,16eb4c43c31642c08db89af9c4f3482c,org.jeasy.rules.mvel.MVELRuleDefinitionReader,org.jeasy.rules.mvel.MVELRuleDefinitionReader_ESTest,11,0,True
1638,NPEX,Easy_Rules-d5385af5,0,46d430fe92e940348d663e646ea3152d,org.jeasy.rules.mvel.MVELRuleDefinitionReader,org.jeasy.rules.mvel.MVELRuleDefinitionReader_ESTest,13,0,True
1639,NPEX,Easy_Rules-d5385af5,0,0c8458ff8b374ff89aa03b77ea06ff1c,org.jeasy.rules.mvel.MVELRuleDefinitionReader,org.jeasy.rules.mvel.MVELRuleDefinitionReader_ESTest,10,0,True
1640,NPEX,Easy_Rules-d5385af5,0,6eda2d7d56214388808dde8474dd42e6,org.jeasy.rules.mvel.MVELRuleDefinitionReader,org.jeasy.rules.mvel.MVELRuleDefinitionReader_ESTest,10,0,True
1641,NPEX,Easy_Rules-d5385af5,0,767973cf519c44c58bdf852fb570edb8,org.jeasy.rules.mvel.MVELRuleDefinitionReader,org.jeasy.rules.mvel.MVELRuleDefinitionReader_ESTest,12,0,True
1642,NPEX,Easy_Rules-d5385af5,0,8f48c43e3227447189cc6f3b6e73f86a,org.jeasy.rules.mvel.MVELRuleDefinitionReader,org.jeasy.rules.mvel.MVELRuleDefinitionReader_ESTest,12,0,False
1643,NPEX,Easy_Rules-d5385af5,0,5c0ce0515e1d4ab6aaaefa82669531f9,org.jeasy.rules.mvel.MVELRuleDefinitionReader,org.jeasy.rules.mvel.MVELRuleDefinitionReader_ESTest,13,0,True
1644,NPEX,Easy_Rules-d5385af5,0,e36e51e216314f4081729c818706aa38,org.jeasy.rules.mvel.MVELRuleDefinitionReader,org.jeasy.rules.mvel.MVELRuleDefinitionReader_ESTest,13,0,True
1645,NPEX,Easy_Rules-d5385af5,0,0309bd9237a644139658f31f52de6c49,org.jeasy.rules.mvel.MVELRuleDefinitionReader,org.jeasy.rules.mvel.MVELRuleDefinitionReader_ESTest,12,0,True
1646,NPEX,Easy_Rules-d5385af5,0,c6ad667ad0b14eb6838c3ad3462781ed,org.jeasy.rules.mvel.MVELRuleDefinitionReader,org.jeasy.rules.mvel.MVELRuleDefinitionReader_ESTest,13,0,True
1647,NPEX,Easy_Rules-d5385af5,0,98fc191f9ae64e31ad56a896fc3b8357,org.jeasy.rules.mvel.MVELRuleDefinitionReader,org.jeasy.rules.mvel.MVELRuleDefinitionReader_ESTest,12,0,True
1648,NPEX,Easy_Rules-d5385af5,0,a951936bca5e458c8d7b5e43a31a6577,org.jeasy.rules.mvel.MVELRuleDefinitionReader,org.jeasy.rules.mvel.MVELRuleDefinitionReader_ESTest,9,0,True
1649,NPEX,Easy_Rules-d5385af5,0,de5d9fac586d4077a6d9e994db019b84,org.jeasy.rules.mvel.MVELRuleDefinitionReader,org.jeasy.rules.mvel.MVELRuleDefinitionReader_ESTest,12,0,True
1650,NPEX,Easy_Rules-d5385af5,0,d45fff8b164f48ae98af64e2ceea2146,org.jeasy.rules.mvel.MVELRuleDefinitionReader,org.jeasy.rules.mvel.MVELRuleDefinitionReader_ESTest,13,0,True
1651,NPEX,Easy_Rules-d5385af5,0,882ccce9dacf478e86ca76b074979a5a,org.jeasy.rules.mvel.MVELRuleDefinitionReader,org.jeasy.rules.mvel.MVELRuleDefinitionReader_ESTest,14,0,False
1652,NPEX,Easy_Rules-d5385af5,0,003283f925b64b329cc5f3e15d5faf11,org.jeasy.rules.mvel.MVELRuleDefinitionReader,org.jeasy.rules.mvel.MVELRuleDefinitionReader_ESTest,11,0,False
1653,NPEX,Easy_Rules-d5385af5,0,fb51d770f92c4b41a1799c2ac2b1a3ba,org.jeasy.rules.mvel.MVELRuleDefinitionReader,org.jeasy.rules.mvel.MVELRuleDefinitionReader_ESTest,14,0,True
1654,NPEX,Easy_Rules-d5385af5,0,77c9d0ea589146f3b4651af2ad298165,org.jeasy.rules.mvel.MVELRuleDefinitionReader,org.jeasy.rules.mvel.MVELRuleDefinitionReader_ESTest,13,0,False
1655,NPEX,Easy_Rules-d5385af5,0,a95ae8a52e58474691070b0d9388c1db,org.jeasy.rules.mvel.MVELRuleDefinitionReader,org.jeasy.rules.mvel.MVELRuleDefinitionReader_ESTest,12,0,False
1656,NPEX,Easy_Rules-d5385af5,0,07b4c8ce67ff404ab8ed7d4bfb60c65f,org.jeasy.rules.mvel.MVELRuleDefinitionReader,org.jeasy.rules.mvel.MVELRuleDefinitionReader_ESTest,12,0,True
1657,NPEX,Easy_Rules-d5385af5,0,5296d9370d84482ba17caa996ee3d39b,org.jeasy.rules.mvel.MVELRuleDefinitionReader,org.jeasy.rules.mvel.MVELRuleDefinitionReader_ESTest,12,0,True
1658,NPEX,Easy_Rules-d5385af5,0,1a517c80808443e79db3da93e43eb67b,org.jeasy.rules.mvel.MVELRuleDefinitionReader,org.jeasy.rules.mvel.MVELRuleDefinitionReader_ESTest,13,0,True
1659,NPEX,Easy_Rules-d5385af5,0,26dff075c5384f2dae1b7146134ec9bb,org.jeasy.rules.mvel.MVELRuleDefinitionReader,org.jeasy.rules.mvel.MVELRuleDefinitionReader_ESTest,12,0,False
1660,NPEX,Easy_Rules-d5385af5,0,541a4a66600046b0a59bb662f518f1b5,org.jeasy.rules.mvel.MVELRuleDefinitionReader,org.jeasy.rules.mvel.MVELRuleDefinitionReader_ESTest,12,0,True
1661,NPEX,Easy_Rules-d5385af5,0,2d154e42c4014bef8cd09685c2bac06a,org.jeasy.rules.mvel.MVELRuleDefinitionReader,org.jeasy.rules.mvel.MVELRuleDefinitionReader_ESTest,13,0,False
1662,NPEX,Easy_Rules-d5385af5,0,fa0fa3b2ba8f48fd894686433daf015c,org.jeasy.rules.mvel.MVELRuleDefinitionReader,org.jeasy.rules.mvel.MVELRuleDefinitionReader_ESTest,11,0,False
1663,NPEX,Easy_Rules-d5385af5,0,ff1dfb1404d84c418d02a8a8ad73d040,org.jeasy.rules.mvel.MVELRuleDefinitionReader,org.jeasy.rules.mvel.MVELRuleDefinitionReader_ESTest,12,0,False
1664,NPEX,Easy_Rules-d5385af5,0,190331d89d8343ceb71d6b5165124cde,org.jeasy.rules.mvel.MVELRuleDefinitionReader,org.jeasy.rules.mvel.MVELRuleDefinitionReader_ESTest,13,0,True
1665,NPEX,Easy_Rules-d5385af5,0,0d818e676b0944a5b0f7b21c19e3537c,org.jeasy.rules.mvel.MVELRuleDefinitionReader,org.jeasy.rules.mvel.MVELRuleDefinitionReader_ESTest,12,0,True
1666,NPEX,Easy_Rules-d5385af5,0,0b396b9328174db78af6e23f50b323fd,org.jeasy.rules.mvel.MVELRuleDefinitionReader,org.jeasy.rules.mvel.MVELRuleDefinitionReader_ESTest,12,0,True
1667,NPEX,Easy_Rules-d5385af5,0,9f5f3f046f3543eaad64325f68065bf0,org.jeasy.rules.mvel.MVELRuleDefinitionReader,org.jeasy.rules.mvel.MVELRuleDefinitionReader_ESTest,13,0,True
1668,NPEX,IoTDB-9bced7b6,0,611eb617fadd4404ba083b0b68632ca1,org.apache.iotdb.db.metadata.MTree,org.apache.iotdb.db.metadata.MTree_ESTest,224,0,False
1669,NPEX,IoTDB-9bced7b6,0,bc04e361488248b3bb5c051245558b6d,org.apache.iotdb.db.metadata.MTree,org.apache.iotdb.db.metadata.MTree_ESTest,226,0,False
1670,NPEX,IoTDB-9bced7b6,0,965c9834878e4a69976b45e2431aabed,org.apache.iotdb.db.metadata.MTree,org.apache.iotdb.db.metadata.MTree_ESTest,223,0,False
1671,NPEX,IoTDB-9bced7b6,0,7c9be02cacd247e4bb728f18b34572c3,org.apache.iotdb.db.metadata.MTree,org.apache.iotdb.db.metadata.MTree_ESTest,226,0,False
1672,NPEX,IoTDB-9bced7b6,0,86d7594750eb432085c600e47ede22cd,org.apache.iotdb.db.metadata.MTree,org.apache.iotdb.db.metadata.MTree_ESTest,224,0,False
1673,NPEX,IoTDB-9bced7b6,0,cd01d1481dbd4943b81da1511c410286,org.apache.iotdb.db.metadata.MTree,org.apache.iotdb.db.metadata.MTree_ESTest,225,0,False
1674,NPEX,IoTDB-9bced7b6,0,c80d7d1305084b289d93d164ac3bd26b,org.apache.iotdb.db.metadata.MTree,org.apache.iotdb.db.metadata.MTree_ESTest,224,0,False
1675,NPEX,IoTDB-9bced7b6,0,390c851ae8e7403dbb7d4ba384a87481,org.apache.iotdb.db.metadata.MTree,org.apache.iotdb.db.metadata.MTree_ESTest,223,0,False
1676,NPEX,IoTDB-9bced7b6,0,b11f2361df644576a9ddf11e97fc9f7b,org.apache.iotdb.db.metadata.MTree,org.apache.iotdb.db.metadata.MTree_ESTest,218,0,False
1677,NPEX,IoTDB-9bced7b6,0,3d84078be6b2434989c458df6401472e,org.apache.iotdb.db.metadata.MTree,org.apache.iotdb.db.metadata.MTree_ESTest,220,0,False
1678,NPEX,IoTDB-9bced7b6,0,0ff95f95ca65466b8cf70ed7919d3416,org.apache.iotdb.db.metadata.MTree,org.apache.iotdb.db.metadata.MTree_ESTest,225,0,False
1679,NPEX,IoTDB-9bced7b6,0,c178a4daccd0425590f2abfb4bacc857,org.apache.iotdb.db.metadata.MTree,org.apache.iotdb.db.metadata.MTree_ESTest,222,0,False
1680,NPEX,IoTDB-9bced7b6,0,6aac26cf69864a118ad13dd3ba7de398,org.apache.iotdb.db.metadata.MTree,org.apache.iotdb.db.metadata.MTree_ESTest,223,0,False
1681,NPEX,IoTDB-9bced7b6,0,c7aee030a6e94c158333c9aed12c7423,org.apache.iotdb.db.metadata.MTree,org.apache.iotdb.db.metadata.MTree_ESTest,222,0,False
1682,NPEX,IoTDB-9bced7b6,0,b38620ba664d4272925e2b56b5333bb8,org.apache.iotdb.db.metadata.MTree,org.apache.iotdb.db.metadata.MTree_ESTest,229,0,False
1683,Bears,Bears-189,0,323a23ab75c646d89a0747c213945aaf,hu.oe.nik.szfmv.detector.classes.Detector,hu.oe.nik.szfmv.detector.classes.Detector_ESTest,10,0,True
1684,Bears,Bears-189,0,9c6bdcbca4bb4efa886283482f6b2dfe,hu.oe.nik.szfmv.detector.classes.Detector,hu.oe.nik.szfmv.detector.classes.Detector_ESTest,8,0,True
1685,Bears,Bears-189,0,958fcd7104104556bfbdf3b4ac4d123d,hu.oe.nik.szfmv.detector.classes.Detector,hu.oe.nik.szfmv.detector.classes.Detector_ESTest,8,0,True
1686,Bears,Bears-189,0,b5b3262803b04becb5020576fb2051aa,hu.oe.nik.szfmv.detector.classes.Detector,hu.oe.nik.szfmv.detector.classes.Detector_ESTest,7,0,False
1687,Bears,Bears-189,0,c5351b1402b041c29550be4a99bc3a86,hu.oe.nik.szfmv.detector.classes.Detector,hu.oe.nik.szfmv.detector.classes.Detector_ESTest,8,0,True
1688,Bears,Bears-189,0,a293afe118984b71abfd640c59b622e2,hu.oe.nik.szfmv.detector.classes.Detector,hu.oe.nik.szfmv.detector.classes.Detector_ESTest,8,0,True
1689,Bears,Bears-189,0,ef340bc35a624199bba7f62dde2e16ee,hu.oe.nik.szfmv.detector.classes.Detector,hu.oe.nik.szfmv.detector.classes.Detector_ESTest,8,0,True
1690,Bears,Bears-189,0,8cc7498cc35745b18fe3d4ec4f8a5d13,hu.oe.nik.szfmv.detector.classes.Detector,hu.oe.nik.szfmv.detector.classes.Detector_ESTest,8,0,True
1691,Bears,Bears-189,0,df64a0c961564252b5e46a749f41c1c3,hu.oe.nik.szfmv.detector.classes.Detector,hu.oe.nik.szfmv.detector.classes.Detector_ESTest,8,0,True
1692,Bears,Bears-189,0,d68e22082cde4e5daf8f455726c8a6ce,hu.oe.nik.szfmv.detector.classes.Detector,hu.oe.nik.szfmv.detector.classes.Detector_ESTest,8,0,True
1693,Bears,Bears-189,0,55e1db8acbae4839b920e5a8638d41a6,hu.oe.nik.szfmv.detector.classes.Detector,hu.oe.nik.szfmv.detector.classes.Detector_ESTest,8,0,True
1694,Bears,Bears-189,0,5fd7f52e466f40538e32466b4812104c,hu.oe.nik.szfmv.detector.classes.Detector,hu.oe.nik.szfmv.detector.classes.Detector_ESTest,8,0,True
1695,Bears,Bears-189,0,b7644837b6f34b49873423a941f912ca,hu.oe.nik.szfmv.detector.classes.Detector,hu.oe.nik.szfmv.detector.classes.Detector_ESTest,10,0,True
1696,Bears,Bears-189,0,a5a16730204443149be7812f67d69ba6,hu.oe.nik.szfmv.detector.classes.Detector,hu.oe.nik.szfmv.detector.classes.Detector_ESTest,8,0,True
1697,Bears,Bears-189,0,944c92d39f1b4971b20e12dfc6bd445a,hu.oe.nik.szfmv.detector.classes.Detector,hu.oe.nik.szfmv.detector.classes.Detector_ESTest,8,0,True
1698,Bears,Bears-189,0,804f77ff711146ffb213438ba825c96f,hu.oe.nik.szfmv.detector.classes.Detector,hu.oe.nik.szfmv.detector.classes.Detector_ESTest,7,0,True
1699,Bears,Bears-189,0,bf712c33d94e4b7c99272ea2771f63cd,hu.oe.nik.szfmv.detector.classes.Detector,hu.oe.nik.szfmv.detector.classes.Detector_ESTest,8,0,True
1700,Bears,Bears-189,0,26f22cb37a6f4bae830396b34606a4f7,hu.oe.nik.szfmv.detector.classes.Detector,hu.oe.nik.szfmv.detector.classes.Detector_ESTest,8,0,True
1701,Bears,Bears-189,0,48041d9dca794c05bd4e425bc54baf77,hu.oe.nik.szfmv.detector.classes.Detector,hu.oe.nik.szfmv.detector.classes.Detector_ESTest,8,0,True
1702,Bears,Bears-189,0,05cde9e5bc314c6bbe6a9001fc829dd2,hu.oe.nik.szfmv.detector.classes.Detector,hu.oe.nik.szfmv.detector.classes.Detector_ESTest,8,0,True
1703,Bears,Bears-189,0,6fdba14dc89f46aea8eea96e64bf23ff,hu.oe.nik.szfmv.detector.classes.Detector,hu.oe.nik.szfmv.detector.classes.Detector_ESTest,8,0,True
1704,Bears,Bears-189,0,e0394a166a9743d796870398d4bfd5a5,hu.oe.nik.szfmv.detector.classes.Detector,hu.oe.nik.szfmv.detector.classes.Detector_ESTest,7,0,True
1705,Bears,Bears-189,0,b1715632cfb141c4b28b174d5e7434c9,hu.oe.nik.szfmv.detector.classes.Detector,hu.oe.nik.szfmv.detector.classes.Detector_ESTest,8,0,True
1706,Bears,Bears-189,0,323f64bbc9ea42cbb574aa0431425ba6,hu.oe.nik.szfmv.detector.classes.Detector,hu.oe.nik.szfmv.detector.classes.Detector_ESTest,8,0,True
1707,Bears,Bears-189,0,b7f62175c750475aa937e0f1f6f68890,hu.oe.nik.szfmv.detector.classes.Detector,hu.oe.nik.szfmv.detector.classes.Detector_ESTest,8,0,True
1708,Bears,Bears-189,0,e05e5605281f4718a4c974a61285d7c6,hu.oe.nik.szfmv.detector.classes.Detector,hu.oe.nik.szfmv.detector.classes.Detector_ESTest,8,0,True
1709,Bears,Bears-189,0,374acd73e7844928a447fe1987c3101e,hu.oe.nik.szfmv.detector.classes.Detector,hu.oe.nik.szfmv.detector.classes.Detector_ESTest,8,0,True
1710,Bears,Bears-189,0,26eeea4bd72c4318826e4443a7ca6333,hu.oe.nik.szfmv.detector.classes.Detector,hu.oe.nik.szfmv.detector.classes.Detector_ESTest,8,0,True
1711,Bears,Bears-189,0,7fceabdd6ff64fb89615e56f6a6296a6,hu.oe.nik.szfmv.detector.classes.Detector,hu.oe.nik.szfmv.detector.classes.Detector_ESTest,8,0,True
1712,Bears,Bears-189,0,d6810ddc40c1455f82817fa3153e2a74,hu.oe.nik.szfmv.detector.classes.Detector,hu.oe.nik.szfmv.detector.classes.Detector_ESTest,10,0,True
1713,Bears,Bears-189,0,b0db9a2b9ab641678b3a13b49a7ac4d7,hu.oe.nik.szfmv.detector.classes.Detector,hu.oe.nik.szfmv.detector.classes.Detector_ESTest,8,0,True
1714,Bears,Bears-189,0,7325d99a57f8416a95ce8a33a4edca29,hu.oe.nik.szfmv.detector.classes.Detector,hu.oe.nik.szfmv.detector.classes.Detector_ESTest,8,0,True
