,benchmark_group,benchmark_name,npe_label,experiment_id,input_class,replayed_testsuite,compiled_tests,commented_tests,npe_reproduced
0,BugSwarm,Universal_G__Code_Sender-172454077,0,e281376c388941b3b48ce523166cd694,com.willwinder.universalgcodesender.GrblController,com.willwinder.universalgcodesender.GrblController_ESTest,29,0,False
1,BugSwarm,Universal_G__Code_Sender-172454077,0,420c988e163d4c558335df8bd9216fff,com.willwinder.universalgcodesender.GrblController,com.willwinder.universalgcodesender.GrblController_ESTest,30,0,False
2,BugSwarm,Universal_G__Code_Sender-172454077,0,04d5ecf1b2734769a7f9720783aefbcd,com.willwinder.universalgcodesender.GrblController,com.willwinder.universalgcodesender.GrblController_ESTest,30,0,False
3,BugSwarm,Universal_G__Code_Sender-172454077,0,48a9e76f7ace460ba2c31fe22277ec76,com.willwinder.universalgcodesender.GrblController,com.willwinder.universalgcodesender.GrblController_ESTest,33,0,False
4,BugSwarm,Universal_G__Code_Sender-172454077,0,324de462945048f7917ae1c7d4bcdd3a,com.willwinder.universalgcodesender.GrblController,com.willwinder.universalgcodesender.GrblController_ESTest,33,0,False
5,BugSwarm,Universal_G__Code_Sender-172454077,0,ea36a01d0f1b4c598530a0d19fc6299c,com.willwinder.universalgcodesender.GrblController,com.willwinder.universalgcodesender.GrblController_ESTest,31,0,False
6,BugSwarm,Universal_G__Code_Sender-172454077,0,90eca26be83e4988ab4f28110d33caa2,com.willwinder.universalgcodesender.GrblController,com.willwinder.universalgcodesender.GrblController_ESTest,31,0,False
7,BugSwarm,Universal_G__Code_Sender-172454077,0,15976fa6b8754dd0a2c239a1b96980aa,com.willwinder.universalgcodesender.GrblController,com.willwinder.universalgcodesender.GrblController_ESTest,29,0,False
8,BugSwarm,Universal_G__Code_Sender-172454077,0,546aea4dbbd142db98e47385fe72ed97,com.willwinder.universalgcodesender.GrblController,com.willwinder.universalgcodesender.GrblController_ESTest,29,0,False
9,BugSwarm,Universal_G__Code_Sender-172454077,0,687832593263448f8669b707cf020285,com.willwinder.universalgcodesender.GrblController,com.willwinder.universalgcodesender.GrblController_ESTest,37,0,False
10,BugSwarm,Universal_G__Code_Sender-172454077,0,f87a2638f42d45e4aa320df385b72792,com.willwinder.universalgcodesender.GrblController,com.willwinder.universalgcodesender.GrblController_ESTest,33,0,False
11,BugSwarm,Universal_G__Code_Sender-172454077,0,3565ff24f99341088671141e3fa6a664,com.willwinder.universalgcodesender.GrblController,com.willwinder.universalgcodesender.GrblController_ESTest,33,0,False
12,BugSwarm,Universal_G__Code_Sender-172454077,0,b1600f294dd549cca10cd57992c12068,com.willwinder.universalgcodesender.GrblController,com.willwinder.universalgcodesender.GrblController_ESTest,31,0,False
13,BugSwarm,Universal_G__Code_Sender-172454077,0,868db0b131b94f74b1055b26cb552c36,com.willwinder.universalgcodesender.GrblController,com.willwinder.universalgcodesender.GrblController_ESTest,29,0,False
14,BugSwarm,Universal_G__Code_Sender-172454077,0,50198718eeb74909a5de4f3ff41055f0,com.willwinder.universalgcodesender.GrblController,com.willwinder.universalgcodesender.GrblController_ESTest,30,0,False
15,BugSwarm,Universal_G__Code_Sender-172454077,0,3867fdd6ee12435a96d4137ad87c6642,com.willwinder.universalgcodesender.GrblController,com.willwinder.universalgcodesender.GrblController_ESTest,33,0,False
16,BugSwarm,Universal_G__Code_Sender-172454077,0,f9f5fd7e9b6649caa9403bbd7cb27667,com.willwinder.universalgcodesender.GrblController,com.willwinder.universalgcodesender.GrblController_ESTest,32,0,False
17,BugSwarm,Universal_G__Code_Sender-172454077,0,cf6287e1b1b943ffba52ab4810d2c1a3,com.willwinder.universalgcodesender.GrblController,com.willwinder.universalgcodesender.GrblController_ESTest,32,0,False
18,BugSwarm,Universal_G__Code_Sender-172454077,0,592452df48b9459fba8bd3e059794f3e,com.willwinder.universalgcodesender.GrblController,com.willwinder.universalgcodesender.GrblController_ESTest,38,0,False
19,BugSwarm,Universal_G__Code_Sender-172454077,0,63919b3c46bc4383a83cfb1962d744f7,com.willwinder.universalgcodesender.GrblController,com.willwinder.universalgcodesender.GrblController_ESTest,33,0,False
20,BugSwarm,Universal_G__Code_Sender-172454077,0,257770c089414e3f8af77b2d2d51ec79,com.willwinder.universalgcodesender.GrblController,com.willwinder.universalgcodesender.GrblController_ESTest,31,0,False
21,BugSwarm,Universal_G__Code_Sender-172454077,0,1d63e6c2e4284111b2e5950cb98e3232,com.willwinder.universalgcodesender.GrblController,com.willwinder.universalgcodesender.GrblController_ESTest,33,0,False
22,BugSwarm,Universal_G__Code_Sender-172454077,0,4f70244cf6bc45bca66097bec64c088a,com.willwinder.universalgcodesender.GrblController,com.willwinder.universalgcodesender.GrblController_ESTest,31,0,False
23,BugSwarm,Universal_G__Code_Sender-172454077,0,dbd70de4ad514509962ff12b59befd98,com.willwinder.universalgcodesender.GrblController,com.willwinder.universalgcodesender.GrblController_ESTest,32,0,False
24,BugSwarm,Universal_G__Code_Sender-172454077,0,958006b0975c443ebdeef59ab782d9db,com.willwinder.universalgcodesender.GrblController,com.willwinder.universalgcodesender.GrblController_ESTest,31,0,False
25,BugSwarm,Universal_G__Code_Sender-172454077,1,e281376c388941b3b48ce523166cd694,com.willwinder.universalgcodesender.GrblController,com.willwinder.universalgcodesender.GrblController_ESTest,29,0,False
26,BugSwarm,Universal_G__Code_Sender-172454077,1,420c988e163d4c558335df8bd9216fff,com.willwinder.universalgcodesender.GrblController,com.willwinder.universalgcodesender.GrblController_ESTest,30,0,False
27,BugSwarm,Universal_G__Code_Sender-172454077,1,04d5ecf1b2734769a7f9720783aefbcd,com.willwinder.universalgcodesender.GrblController,com.willwinder.universalgcodesender.GrblController_ESTest,30,0,False
28,BugSwarm,Universal_G__Code_Sender-172454077,1,48a9e76f7ace460ba2c31fe22277ec76,com.willwinder.universalgcodesender.GrblController,com.willwinder.universalgcodesender.GrblController_ESTest,33,0,False
29,BugSwarm,Universal_G__Code_Sender-172454077,1,324de462945048f7917ae1c7d4bcdd3a,com.willwinder.universalgcodesender.GrblController,com.willwinder.universalgcodesender.GrblController_ESTest,33,0,False
30,BugSwarm,Universal_G__Code_Sender-172454077,1,ea36a01d0f1b4c598530a0d19fc6299c,com.willwinder.universalgcodesender.GrblController,com.willwinder.universalgcodesender.GrblController_ESTest,31,0,False
31,BugSwarm,Universal_G__Code_Sender-172454077,1,90eca26be83e4988ab4f28110d33caa2,com.willwinder.universalgcodesender.GrblController,com.willwinder.universalgcodesender.GrblController_ESTest,31,0,False
32,BugSwarm,Universal_G__Code_Sender-172454077,1,15976fa6b8754dd0a2c239a1b96980aa,com.willwinder.universalgcodesender.GrblController,com.willwinder.universalgcodesender.GrblController_ESTest,29,0,False
33,BugSwarm,Universal_G__Code_Sender-172454077,1,546aea4dbbd142db98e47385fe72ed97,com.willwinder.universalgcodesender.GrblController,com.willwinder.universalgcodesender.GrblController_ESTest,29,0,False
34,BugSwarm,Universal_G__Code_Sender-172454077,1,687832593263448f8669b707cf020285,com.willwinder.universalgcodesender.GrblController,com.willwinder.universalgcodesender.GrblController_ESTest,37,0,False
35,BugSwarm,Universal_G__Code_Sender-172454077,1,f87a2638f42d45e4aa320df385b72792,com.willwinder.universalgcodesender.GrblController,com.willwinder.universalgcodesender.GrblController_ESTest,33,0,False
36,BugSwarm,Universal_G__Code_Sender-172454077,1,3565ff24f99341088671141e3fa6a664,com.willwinder.universalgcodesender.GrblController,com.willwinder.universalgcodesender.GrblController_ESTest,33,0,False
37,BugSwarm,Universal_G__Code_Sender-172454077,1,b1600f294dd549cca10cd57992c12068,com.willwinder.universalgcodesender.GrblController,com.willwinder.universalgcodesender.GrblController_ESTest,31,0,False
38,BugSwarm,Universal_G__Code_Sender-172454077,1,868db0b131b94f74b1055b26cb552c36,com.willwinder.universalgcodesender.GrblController,com.willwinder.universalgcodesender.GrblController_ESTest,29,0,False
39,BugSwarm,Universal_G__Code_Sender-172454077,1,50198718eeb74909a5de4f3ff41055f0,com.willwinder.universalgcodesender.GrblController,com.willwinder.universalgcodesender.GrblController_ESTest,30,0,False
40,BugSwarm,Universal_G__Code_Sender-172454077,1,3867fdd6ee12435a96d4137ad87c6642,com.willwinder.universalgcodesender.GrblController,com.willwinder.universalgcodesender.GrblController_ESTest,33,0,False
41,BugSwarm,Universal_G__Code_Sender-172454077,1,f9f5fd7e9b6649caa9403bbd7cb27667,com.willwinder.universalgcodesender.GrblController,com.willwinder.universalgcodesender.GrblController_ESTest,32,0,False
42,BugSwarm,Universal_G__Code_Sender-172454077,1,cf6287e1b1b943ffba52ab4810d2c1a3,com.willwinder.universalgcodesender.GrblController,com.willwinder.universalgcodesender.GrblController_ESTest,32,0,False
43,BugSwarm,Universal_G__Code_Sender-172454077,1,592452df48b9459fba8bd3e059794f3e,com.willwinder.universalgcodesender.GrblController,com.willwinder.universalgcodesender.GrblController_ESTest,38,0,False
44,BugSwarm,Universal_G__Code_Sender-172454077,1,63919b3c46bc4383a83cfb1962d744f7,com.willwinder.universalgcodesender.GrblController,com.willwinder.universalgcodesender.GrblController_ESTest,33,0,False
45,BugSwarm,Universal_G__Code_Sender-172454077,1,257770c089414e3f8af77b2d2d51ec79,com.willwinder.universalgcodesender.GrblController,com.willwinder.universalgcodesender.GrblController_ESTest,31,0,False
46,BugSwarm,Universal_G__Code_Sender-172454077,1,1d63e6c2e4284111b2e5950cb98e3232,com.willwinder.universalgcodesender.GrblController,com.willwinder.universalgcodesender.GrblController_ESTest,33,0,False
47,BugSwarm,Universal_G__Code_Sender-172454077,1,4f70244cf6bc45bca66097bec64c088a,com.willwinder.universalgcodesender.GrblController,com.willwinder.universalgcodesender.GrblController_ESTest,31,0,False
48,BugSwarm,Universal_G__Code_Sender-172454077,1,dbd70de4ad514509962ff12b59befd98,com.willwinder.universalgcodesender.GrblController,com.willwinder.universalgcodesender.GrblController_ESTest,32,0,False
49,BugSwarm,Universal_G__Code_Sender-172454077,1,958006b0975c443ebdeef59ab782d9db,com.willwinder.universalgcodesender.GrblController,com.willwinder.universalgcodesender.GrblController_ESTest,31,0,False
50,BugSwarm,deadcode4j-131735009,0,5d7668c6c9be419e834a71248e181ed9,org.sbolstandard.core2.ComponentDefinition,org.sbolstandard.core2.ComponentDefinition_ESTest,25,0,False
51,BugSwarm,deadcode4j-131735009,0,03c51976f72748cda6c49f6816d4dbd2,org.sbolstandard.core2.ComponentDefinition,org.sbolstandard.core2.ComponentDefinition_ESTest,21,0,False
52,BugSwarm,deadcode4j-131735009,0,29194e4949f14cdc96587733ca633045,org.sbolstandard.core2.ComponentDefinition,org.sbolstandard.core2.ComponentDefinition_ESTest,20,0,False
53,BugSwarm,deadcode4j-131735009,0,f28c5d8559d045049bc69ec7512ceda7,org.sbolstandard.core2.ComponentDefinition,org.sbolstandard.core2.ComponentDefinition_ESTest,30,0,False
54,BugSwarm,deadcode4j-131735009,0,7329a48e2d524993b32c4b98d38c7baa,org.sbolstandard.core2.ComponentDefinition,org.sbolstandard.core2.ComponentDefinition_ESTest,25,0,False
55,BugSwarm,deadcode4j-131735009,0,0877feaf34a64f5b851f84d92e96a4a8,org.sbolstandard.core2.ComponentDefinition,org.sbolstandard.core2.ComponentDefinition_ESTest,21,0,False
56,BugSwarm,deadcode4j-131735009,0,b2d43130ce1c420ab083fdb766e2eb2b,org.sbolstandard.core2.ComponentDefinition,org.sbolstandard.core2.ComponentDefinition_ESTest,40,0,False
57,BugSwarm,deadcode4j-131735009,0,cd632382d1034ec9a8ca246d39461554,org.sbolstandard.core2.ComponentDefinition,org.sbolstandard.core2.ComponentDefinition_ESTest,33,0,False
58,BugSwarm,deadcode4j-131735009,0,b786793c3fb04ed8b7e0f2f75aa7ab96,org.sbolstandard.core2.ComponentDefinition,org.sbolstandard.core2.ComponentDefinition_ESTest,31,0,False
59,BugSwarm,deadcode4j-131735009,0,5be3dbba8d834b7dad64d1c8ec53d866,org.sbolstandard.core2.ComponentDefinition,org.sbolstandard.core2.ComponentDefinition_ESTest,30,0,False
60,BugSwarm,deadcode4j-131735009,0,ff50af4a69d146098ce2d617367bd4a8,org.sbolstandard.core2.ComponentDefinition,org.sbolstandard.core2.ComponentDefinition_ESTest,31,0,False
61,BugSwarm,deadcode4j-131735009,0,ad419c83a90c4a0889ab97e80f31073f,org.sbolstandard.core2.ComponentDefinition,org.sbolstandard.core2.ComponentDefinition_ESTest,27,0,False
62,BugSwarm,deadcode4j-131735009,0,78f004c1caca43bb9c43c1fa6144fd5f,org.sbolstandard.core2.ComponentDefinition,org.sbolstandard.core2.ComponentDefinition_ESTest,28,0,False
63,BugSwarm,deadcode4j-131735009,0,8b6c192444824950a3c493483c8751fc,org.sbolstandard.core2.ComponentDefinition,org.sbolstandard.core2.ComponentDefinition_ESTest,39,0,False
64,BugSwarm,deadcode4j-131735009,0,4ca2545a78d64dfa8cce94bb5fc16215,org.sbolstandard.core2.ComponentDefinition,org.sbolstandard.core2.ComponentDefinition_ESTest,24,0,False
65,BugSwarm,deadcode4j-131735009,0,3b5d832ce02149b0b9a67c0d6c7b857e,org.sbolstandard.core2.ComponentDefinition,org.sbolstandard.core2.ComponentDefinition_ESTest,39,0,False
66,BugSwarm,deadcode4j-131735009,0,a2c67b18cdb24521a441a5015ac5dc18,org.sbolstandard.core2.ComponentDefinition,org.sbolstandard.core2.ComponentDefinition_ESTest,14,0,False
67,BugSwarm,deadcode4j-131735009,0,662f5a7f280948d7a1bf63d04c18bfa3,org.sbolstandard.core2.ComponentDefinition,org.sbolstandard.core2.ComponentDefinition_ESTest,30,0,False
68,BugSwarm,deadcode4j-131735009,0,62a2b05d27324954b26b362527a60057,org.sbolstandard.core2.ComponentDefinition,org.sbolstandard.core2.ComponentDefinition_ESTest,18,0,False
69,BugSwarm,deadcode4j-131735009,0,0377c53c2f204d479badf3758a0a8c47,org.sbolstandard.core2.ComponentDefinition,org.sbolstandard.core2.ComponentDefinition_ESTest,41,0,False
70,BugSwarm,deadcode4j-131735009,0,a889baaa0fa5470eb37e31ebaa5e0b8e,org.sbolstandard.core2.ComponentDefinition,org.sbolstandard.core2.ComponentDefinition_ESTest,27,0,False
71,BugSwarm,deadcode4j-131735009,0,0224b16bc38049f7979c6560d977365e,org.sbolstandard.core2.ComponentDefinition,org.sbolstandard.core2.ComponentDefinition_ESTest,31,0,False
72,BugSwarm,deadcode4j-131735009,0,a099b95f552d41d8b93eed6985d6a95a,org.sbolstandard.core2.ComponentDefinition,org.sbolstandard.core2.ComponentDefinition_ESTest,14,0,False
73,BugSwarm,deadcode4j-131735009,0,e7a4d4fb4e8c4d1dbbeb7da381d63655,org.sbolstandard.core2.ComponentDefinition,org.sbolstandard.core2.ComponentDefinition_ESTest,25,0,False
74,BugSwarm,deadcode4j-131735009,0,fe93c3a22d0e43d6820f829d5a5ee198,org.sbolstandard.core2.ComponentDefinition,org.sbolstandard.core2.ComponentDefinition_ESTest,19,0,False
75,BugSwarm,deadcode4j-131735009,0,e8ddc4ddf959491e97c332c43768dc7a,org.sbolstandard.core2.ComponentDefinition,org.sbolstandard.core2.ComponentDefinition_ESTest,15,0,False
76,BugSwarm,deadcode4j-131735009,0,dec71e1cfef54a0eb7661029557d9132,org.sbolstandard.core2.ComponentDefinition,org.sbolstandard.core2.ComponentDefinition_ESTest,10,0,False
77,BugSwarm,deadcode4j-131735009,0,ba207fac49ea4a86a58d8d556e3cdaac,org.sbolstandard.core2.ComponentDefinition,org.sbolstandard.core2.ComponentDefinition_ESTest,34,0,False
78,BugSwarm,deadcode4j-131735009,0,fe0a612a80cd40d98b517aa0afcda860,org.sbolstandard.core2.ComponentDefinition,org.sbolstandard.core2.ComponentDefinition_ESTest,38,0,False
79,BugSwarm,deadcode4j-131735009,0,fd87c66cdaea4a18875aff7987c842db,org.sbolstandard.core2.ComponentDefinition,org.sbolstandard.core2.ComponentDefinition_ESTest,23,0,False
80,BugSwarm,Sonar_Java-295864289,0,e8fc756df81a4f0fb4882d4720cbc67a,org.sonar.java.bytecode.se.BytecodeEGWalker,org.sonar.java.bytecode.se.BytecodeEGWalker_ESTest,6,0,False
81,BugSwarm,Sonar_Java-295864289,0,7d2e14c13b2b455cb7d8cb8348c37ca2,org.sonar.java.bytecode.se.BytecodeEGWalker,org.sonar.java.bytecode.se.BytecodeEGWalker_ESTest,7,0,False
82,BugSwarm,Sonar_Java-295864289,0,4265e75361b94739a6506324c73fc28c,org.sonar.java.bytecode.se.BytecodeEGWalker,org.sonar.java.bytecode.se.BytecodeEGWalker_ESTest,7,0,False
83,BugSwarm,Sonar_Java-295864289,0,8252d5c3fb9b4f6bb5101b7f001af941,org.sonar.java.bytecode.se.BytecodeEGWalker,org.sonar.java.bytecode.se.BytecodeEGWalker_ESTest,6,0,False
84,BugSwarm,Sonar_Java-295864289,0,34a728328e234e50bf4d0c1853d60419,org.sonar.java.bytecode.se.BytecodeEGWalker,org.sonar.java.bytecode.se.BytecodeEGWalker_ESTest,6,0,False
85,BugSwarm,Sonar_Java-295864289,0,fb7c3d19908c4f9c913499abf0de0f28,org.sonar.java.bytecode.se.BytecodeEGWalker,org.sonar.java.bytecode.se.BytecodeEGWalker_ESTest,6,0,False
86,BugSwarm,Sonar_Java-295864289,0,06e581dae81e4ceea8b23b1587e58a37,org.sonar.java.bytecode.se.BytecodeEGWalker,org.sonar.java.bytecode.se.BytecodeEGWalker_ESTest,6,0,False
87,BugSwarm,Sonar_Java-295864289,0,75680041910a4ec286df419bf6bf3a4c,org.sonar.java.bytecode.se.BytecodeEGWalker,org.sonar.java.bytecode.se.BytecodeEGWalker_ESTest,6,0,False
88,BugSwarm,Sonar_Java-295864289,0,3f47d59532da4cceb80c2c9ff1aad104,org.sonar.java.bytecode.se.BytecodeEGWalker,org.sonar.java.bytecode.se.BytecodeEGWalker_ESTest,6,0,False
89,BugSwarm,Sonar_Java-295864289,0,7c821b5defa84d9789504eda39be39fe,org.sonar.java.bytecode.se.BytecodeEGWalker,org.sonar.java.bytecode.se.BytecodeEGWalker_ESTest,7,0,False
90,BugSwarm,Sonar_Java-295864289,0,44bd2604f5224c67a2ef66d755a08524,org.sonar.java.bytecode.se.BytecodeEGWalker,org.sonar.java.bytecode.se.BytecodeEGWalker_ESTest,7,0,False
91,BugSwarm,Sonar_Java-295864289,0,011c9daf8560438383c1d847b30db9fb,org.sonar.java.bytecode.se.BytecodeEGWalker,org.sonar.java.bytecode.se.BytecodeEGWalker_ESTest,6,0,False
92,BugSwarm,Sonar_Java-295864289,0,4caf3d67bd5c4ead9a18d25793c1b666,org.sonar.java.bytecode.se.BytecodeEGWalker,org.sonar.java.bytecode.se.BytecodeEGWalker_ESTest,6,0,False
93,BugSwarm,Sonar_Java-295864289,0,09cb8d9dc8ea4d34b97aa2b701f06675,org.sonar.java.bytecode.se.BytecodeEGWalker,org.sonar.java.bytecode.se.BytecodeEGWalker_ESTest,7,0,False
94,BugSwarm,Sonar_Java-295864289,0,1d2ed62e9bd64ce9b72b73bfbc664267,org.sonar.java.bytecode.se.BytecodeEGWalker,org.sonar.java.bytecode.se.BytecodeEGWalker_ESTest,7,0,False
95,BugSwarm,Sonar_Java-295864289,0,a78621aa803a4b12b3809a17943e9073,org.sonar.java.bytecode.se.BytecodeEGWalker,org.sonar.java.bytecode.se.BytecodeEGWalker_ESTest,6,0,False
96,BugSwarm,Sonar_Java-295864289,0,3bd02d76bc154b96b288619af699c95b,org.sonar.java.bytecode.se.BytecodeEGWalker,org.sonar.java.bytecode.se.BytecodeEGWalker_ESTest,6,0,False
97,BugSwarm,Sonar_Java-295864289,0,413049830e6d4954b2110fd19aa0f06b,org.sonar.java.bytecode.se.BytecodeEGWalker,org.sonar.java.bytecode.se.BytecodeEGWalker_ESTest,6,0,False
98,BugSwarm,Sonar_Java-295864289,0,16eedc0b6e834e75abc41bab6223e7bb,org.sonar.java.bytecode.se.BytecodeEGWalker,org.sonar.java.bytecode.se.BytecodeEGWalker_ESTest,7,0,False
99,BugSwarm,Sonar_Java-295864289,0,f419e3c8040d442ab87ce910b4fbc85f,org.sonar.java.bytecode.se.BytecodeEGWalker,org.sonar.java.bytecode.se.BytecodeEGWalker_ESTest,7,0,False
100,BugSwarm,Sonar_Java-295864289,0,14008033f0674d89a111aaf62f39ac59,org.sonar.java.bytecode.se.BytecodeEGWalker,org.sonar.java.bytecode.se.BytecodeEGWalker_ESTest,6,0,False
101,BugSwarm,Sonar_Java-295864289,0,9559ac2fbd4243f0a9a032187c862212,org.sonar.java.bytecode.se.BytecodeEGWalker,org.sonar.java.bytecode.se.BytecodeEGWalker_ESTest,7,0,False
102,BugSwarm,Sonar_Java-295864289,0,2f144ddbedec420d9801e8e2975de7a3,org.sonar.java.bytecode.se.BytecodeEGWalker,org.sonar.java.bytecode.se.BytecodeEGWalker_ESTest,6,0,False
103,BugSwarm,Sonar_Java-295864289,0,2ae41fcba6974407bc1b65cb451e9b95,org.sonar.java.bytecode.se.BytecodeEGWalker,org.sonar.java.bytecode.se.BytecodeEGWalker_ESTest,6,0,False
104,BugSwarm,Sonar_Java-295864289,0,34bbd4054d244af686c29b014d38fb00,org.sonar.java.bytecode.se.BytecodeEGWalker,org.sonar.java.bytecode.se.BytecodeEGWalker_ESTest,6,0,False
105,BugSwarm,Sonar_Java-295864289,0,9644bfa7ac1740c6b19beb93e0954d8c,org.sonar.java.bytecode.se.BytecodeEGWalker,org.sonar.java.bytecode.se.BytecodeEGWalker_ESTest,6,0,False
106,BugSwarm,Sonar_Java-295864289,0,ea096c65a18d4e599be68559b173c2c8,org.sonar.java.bytecode.se.BytecodeEGWalker,org.sonar.java.bytecode.se.BytecodeEGWalker_ESTest,6,0,False
107,BugSwarm,Sonar_Java-295864289,0,5b3dd15ff8a64eea98e7eb605ad8f389,org.sonar.java.bytecode.se.BytecodeEGWalker,org.sonar.java.bytecode.se.BytecodeEGWalker_ESTest,6,0,False
108,BugSwarm,Sonar_Java-295864289,0,6b2c60bb8a994a7e91b36747950934e1,org.sonar.java.bytecode.se.BytecodeEGWalker,org.sonar.java.bytecode.se.BytecodeEGWalker_ESTest,7,0,False
109,BugSwarm,Petergeneric__Stdlib-290369132,0,2610e50bc1c8451fbc0f614d3a7313bc,com.peterphi.std.guice.hibernate.webquery.impl.jpa.JPASearchExecutor,com.peterphi.std.guice.hibernate.webquery.impl.jpa.JPASearchExecutor_ESTest,0,0,False
110,BugSwarm,Petergeneric__Stdlib-290369132,0,7480aba51c174d95bbfca0f7e23bf697,com.peterphi.std.guice.hibernate.webquery.impl.jpa.JPASearchExecutor,com.peterphi.std.guice.hibernate.webquery.impl.jpa.JPASearchExecutor_ESTest,0,0,False
111,BugSwarm,Petergeneric__Stdlib-290369132,0,7171f49063f04e5a89e383137ebffafb,com.peterphi.std.guice.hibernate.webquery.impl.jpa.JPASearchExecutor,com.peterphi.std.guice.hibernate.webquery.impl.jpa.JPASearchExecutor_ESTest,0,0,False
112,BugSwarm,Petergeneric__Stdlib-290369132,0,4fccddeb35b74ffaa92a63522d065e10,com.peterphi.std.guice.hibernate.webquery.impl.jpa.JPASearchExecutor,com.peterphi.std.guice.hibernate.webquery.impl.jpa.JPASearchExecutor_ESTest,0,0,False
113,BugSwarm,Petergeneric__Stdlib-290369132,0,bb499426c35f422987e5dcb450f40a26,com.peterphi.std.guice.hibernate.webquery.impl.jpa.JPASearchExecutor,com.peterphi.std.guice.hibernate.webquery.impl.jpa.JPASearchExecutor_ESTest,0,0,False
114,BugSwarm,Petergeneric__Stdlib-290369132,0,be5bf4f2f6404dc4be915684b599e219,com.peterphi.std.guice.hibernate.webquery.impl.jpa.JPASearchExecutor,com.peterphi.std.guice.hibernate.webquery.impl.jpa.JPASearchExecutor_ESTest,0,0,False
115,BugSwarm,Petergeneric__Stdlib-290369132,0,e2f5e65d02d047148d42493696b2c784,com.peterphi.std.guice.hibernate.webquery.impl.jpa.JPASearchExecutor,com.peterphi.std.guice.hibernate.webquery.impl.jpa.JPASearchExecutor_ESTest,0,0,False
116,BugSwarm,Petergeneric__Stdlib-290369132,0,14bb8f9ec98c4753933f370e5120a700,com.peterphi.std.guice.hibernate.webquery.impl.jpa.JPASearchExecutor,com.peterphi.std.guice.hibernate.webquery.impl.jpa.JPASearchExecutor_ESTest,0,0,False
117,BugSwarm,Petergeneric__Stdlib-290369132,0,c58a9ea71c524ce5820f611628d40097,com.peterphi.std.guice.hibernate.webquery.impl.jpa.JPASearchExecutor,com.peterphi.std.guice.hibernate.webquery.impl.jpa.JPASearchExecutor_ESTest,0,0,False
118,BugSwarm,Petergeneric__Stdlib-290369132,0,a0a9f611fd374cf3825ad518701fe531,com.peterphi.std.guice.hibernate.webquery.impl.jpa.JPASearchExecutor,com.peterphi.std.guice.hibernate.webquery.impl.jpa.JPASearchExecutor_ESTest,0,0,False
119,BugSwarm,Petergeneric__Stdlib-290369132,0,180a0c25683a4b71a7e86c1de915a6aa,com.peterphi.std.guice.hibernate.webquery.impl.jpa.JPASearchExecutor,com.peterphi.std.guice.hibernate.webquery.impl.jpa.JPASearchExecutor_ESTest,0,0,False
120,BugSwarm,Petergeneric__Stdlib-290369132,0,47047453ecd64f989870bc33acb72c32,com.peterphi.std.guice.hibernate.webquery.impl.jpa.JPASearchExecutor,com.peterphi.std.guice.hibernate.webquery.impl.jpa.JPASearchExecutor_ESTest,0,0,False
121,BugSwarm,Petergeneric__Stdlib-290369132,0,5974769eea1e4f2384a3da3ddf9f02c1,com.peterphi.std.guice.hibernate.webquery.impl.jpa.JPASearchExecutor,com.peterphi.std.guice.hibernate.webquery.impl.jpa.JPASearchExecutor_ESTest,0,0,False
122,BugSwarm,Atomix-298262068,0,5290c88fc345476ab67501a712722563,io.atomix.primitives.leadership.impl.RaftLeaderElectorService,io.atomix.primitives.leadership.impl.RaftLeaderElectorService_ESTest,8,0,False
123,BugSwarm,Atomix-298262068,0,8ec7cbd0e7d5411fbe8d4e16fd21ca23,io.atomix.primitives.leadership.impl.RaftLeaderElectorService,io.atomix.primitives.leadership.impl.RaftLeaderElectorService_ESTest,8,0,False
124,BugSwarm,Atomix-298262068,0,40de34c7747a44b38b4f6eeaddf52bb6,io.atomix.primitives.leadership.impl.RaftLeaderElectorService,io.atomix.primitives.leadership.impl.RaftLeaderElectorService_ESTest,8,0,False
125,BugSwarm,Atomix-298262068,0,419078064b234c4c8c0eb55d040040e2,io.atomix.primitives.leadership.impl.RaftLeaderElectorService,io.atomix.primitives.leadership.impl.RaftLeaderElectorService_ESTest,8,0,False
126,BugSwarm,Atomix-298262068,0,75bbdc0b92ae45e4833df5b58e1cb215,io.atomix.primitives.leadership.impl.RaftLeaderElectorService,io.atomix.primitives.leadership.impl.RaftLeaderElectorService_ESTest,8,0,False
127,BugSwarm,Atomix-298262068,0,aefb9c00092948338f2c1c4635bb41de,io.atomix.primitives.leadership.impl.RaftLeaderElectorService,io.atomix.primitives.leadership.impl.RaftLeaderElectorService_ESTest,8,0,False
128,BugSwarm,Atomix-298262068,0,1b83e4e64cb041ffb082a36232b3597d,io.atomix.primitives.leadership.impl.RaftLeaderElectorService,io.atomix.primitives.leadership.impl.RaftLeaderElectorService_ESTest,8,0,False
129,BugSwarm,Atomix-298262068,0,010984a275934610aee712b0eac5f80b,io.atomix.primitives.leadership.impl.RaftLeaderElectorService,io.atomix.primitives.leadership.impl.RaftLeaderElectorService_ESTest,8,0,False
130,BugSwarm,Atomix-298262068,0,687778c5124a4994867507ff1f41a3d4,io.atomix.primitives.leadership.impl.RaftLeaderElectorService,io.atomix.primitives.leadership.impl.RaftLeaderElectorService_ESTest,8,0,False
131,BugSwarm,Atomix-298262068,0,d6862fbab3fd4d20b8c6c3a299dd1e58,io.atomix.primitives.leadership.impl.RaftLeaderElectorService,io.atomix.primitives.leadership.impl.RaftLeaderElectorService_ESTest,8,0,False
132,BugSwarm,Atomix-298262068,0,1568bad3611e4b0ab4626374793f0627,io.atomix.primitives.leadership.impl.RaftLeaderElectorService,io.atomix.primitives.leadership.impl.RaftLeaderElectorService_ESTest,8,0,False
133,BugSwarm,Atomix-298262068,0,b3bd6d93579b443b9a597e4fa40c447d,io.atomix.primitives.leadership.impl.RaftLeaderElectorService,io.atomix.primitives.leadership.impl.RaftLeaderElectorService_ESTest,3,0,False
134,BugSwarm,Atomix-298262068,0,86163722ff5945a58fd09b3c532bca5e,io.atomix.primitives.leadership.impl.RaftLeaderElectorService,io.atomix.primitives.leadership.impl.RaftLeaderElectorService_ESTest,8,0,False
135,BugSwarm,Atomix-298262068,0,727edf9c23c448fbb436be5df2d8e6b0,io.atomix.primitives.leadership.impl.RaftLeaderElectorService,io.atomix.primitives.leadership.impl.RaftLeaderElectorService_ESTest,8,0,False
136,BugSwarm,Atomix-298262068,0,aadc03aae77d496481eb7d8b7f65b71e,io.atomix.primitives.leadership.impl.RaftLeaderElectorService,io.atomix.primitives.leadership.impl.RaftLeaderElectorService_ESTest,8,0,False
137,BugSwarm,Atomix-298262068,0,239ad7e34c614832bc12690eabbe1ab2,io.atomix.primitives.leadership.impl.RaftLeaderElectorService,io.atomix.primitives.leadership.impl.RaftLeaderElectorService_ESTest,8,0,False
138,BugSwarm,Atomix-298262068,0,edacd47977424a6ead8bc8267e4cd352,io.atomix.primitives.leadership.impl.RaftLeaderElectorService,io.atomix.primitives.leadership.impl.RaftLeaderElectorService_ESTest,8,0,False
139,BugSwarm,Atomix-298262068,0,58a62cdd5e0f45029da4f6051ae80b1f,io.atomix.primitives.leadership.impl.RaftLeaderElectorService,io.atomix.primitives.leadership.impl.RaftLeaderElectorService_ESTest,8,0,False
140,BugSwarm,Atomix-298262068,0,cc08158a1e7547ceb8ffea0d3924ff9f,io.atomix.primitives.leadership.impl.RaftLeaderElectorService,io.atomix.primitives.leadership.impl.RaftLeaderElectorService_ESTest,8,0,False
141,BugSwarm,Atomix-298262068,0,717f9548ebf748938ba3ae4b1aaecb27,io.atomix.primitives.leadership.impl.RaftLeaderElectorService,io.atomix.primitives.leadership.impl.RaftLeaderElectorService_ESTest,8,0,False
142,BugSwarm,Atomix-298262068,0,cea4820d79d0436db2eeab247207b39b,io.atomix.primitives.leadership.impl.RaftLeaderElectorService,io.atomix.primitives.leadership.impl.RaftLeaderElectorService_ESTest,8,0,False
143,BugSwarm,Atomix-298262068,0,a27ebae398d042d2b8cc0a6b30101292,io.atomix.primitives.leadership.impl.RaftLeaderElectorService,io.atomix.primitives.leadership.impl.RaftLeaderElectorService_ESTest,8,0,False
144,BugSwarm,Atomix-298262068,0,272d7a8639004f89a562fcb3c4057fe6,io.atomix.primitives.leadership.impl.RaftLeaderElectorService,io.atomix.primitives.leadership.impl.RaftLeaderElectorService_ESTest,8,0,False
145,BugSwarm,Atomix-298262068,0,ef8356e6eff649e18748b53c7be7fa20,io.atomix.primitives.leadership.impl.RaftLeaderElectorService,io.atomix.primitives.leadership.impl.RaftLeaderElectorService_ESTest,8,0,False
146,BugSwarm,Atomix-298262068,0,9d94705083b148e9b7657369884117f4,io.atomix.primitives.leadership.impl.RaftLeaderElectorService,io.atomix.primitives.leadership.impl.RaftLeaderElectorService_ESTest,8,0,False
147,BugSwarm,Atomix-298262068,0,ebc402c377464e7c9fa6ddd2ea66d5ac,io.atomix.primitives.leadership.impl.RaftLeaderElectorService,io.atomix.primitives.leadership.impl.RaftLeaderElectorService_ESTest,8,0,False
148,BugSwarm,Atomix-298262068,0,6ef0dcf27eec4a23af9fd8b334600313,io.atomix.primitives.leadership.impl.RaftLeaderElectorService,io.atomix.primitives.leadership.impl.RaftLeaderElectorService_ESTest,8,0,False
149,BugSwarm,Atomix-298262068,0,288945e7ce604df588a91a4f8b774277,io.atomix.primitives.leadership.impl.RaftLeaderElectorService,io.atomix.primitives.leadership.impl.RaftLeaderElectorService_ESTest,7,0,False
150,BugSwarm,Atomix-298262068,0,2a1066a2daaa4355932f718f4cf901f5,io.atomix.primitives.leadership.impl.RaftLeaderElectorService,io.atomix.primitives.leadership.impl.RaftLeaderElectorService_ESTest,8,0,False
151,BugSwarm,nFlow-197273853,0,e589e9553e10439d91996bf5a0a8b7a9,io.nflow.engine.internal.dao.WorkflowInstanceDao,io.nflow.engine.internal.dao.WorkflowInstanceDao_ESTest,11,0,False
152,BugSwarm,nFlow-197273853,0,90fbf770d7b3480fb6a9e8fc205a3e3b,io.nflow.engine.internal.dao.WorkflowInstanceDao,io.nflow.engine.internal.dao.WorkflowInstanceDao_ESTest,13,0,False
153,BugSwarm,nFlow-197273853,0,b3fd64199c9142ee98d94133f9ae5eae,io.nflow.engine.internal.dao.WorkflowInstanceDao,io.nflow.engine.internal.dao.WorkflowInstanceDao_ESTest,13,0,False
154,BugSwarm,nFlow-197273853,0,a66f0dfdbe864876885320f2272f73c8,io.nflow.engine.internal.dao.WorkflowInstanceDao,io.nflow.engine.internal.dao.WorkflowInstanceDao_ESTest,11,0,False
155,BugSwarm,nFlow-197273853,0,0535c7466f0841cb82c10b9aa476d450,io.nflow.engine.internal.dao.WorkflowInstanceDao,io.nflow.engine.internal.dao.WorkflowInstanceDao_ESTest,12,0,False
156,BugSwarm,nFlow-197273853,0,7b70f783e74f42dfa4168208227a2fe3,io.nflow.engine.internal.dao.WorkflowInstanceDao,io.nflow.engine.internal.dao.WorkflowInstanceDao_ESTest,21,0,False
157,BugSwarm,nFlow-197273853,0,eb8fb158c174405fbbc7c7ece027dd1b,io.nflow.engine.internal.dao.WorkflowInstanceDao,io.nflow.engine.internal.dao.WorkflowInstanceDao_ESTest,12,0,False
158,BugSwarm,nFlow-197273853,0,949105606d364650b3d1b776a0bf8a65,io.nflow.engine.internal.dao.WorkflowInstanceDao,io.nflow.engine.internal.dao.WorkflowInstanceDao_ESTest,12,0,False
159,BugSwarm,nFlow-197273853,0,ebedda6089d34660add2a9b492525c6f,io.nflow.engine.internal.dao.WorkflowInstanceDao,io.nflow.engine.internal.dao.WorkflowInstanceDao_ESTest,11,0,False
160,BugSwarm,nFlow-197273853,0,864f5bb34bf14d289a4c44ee68389be3,io.nflow.engine.internal.dao.WorkflowInstanceDao,io.nflow.engine.internal.dao.WorkflowInstanceDao_ESTest,10,0,False
161,BugSwarm,nFlow-197273853,0,f2d88f710a4b4b3883e163e00c3fd8d1,io.nflow.engine.internal.dao.WorkflowInstanceDao,io.nflow.engine.internal.dao.WorkflowInstanceDao_ESTest,12,0,False
162,BugSwarm,nFlow-197273853,0,2e85d76422374b19a0b07c08e7a25e27,io.nflow.engine.internal.dao.WorkflowInstanceDao,io.nflow.engine.internal.dao.WorkflowInstanceDao_ESTest,12,0,False
163,BugSwarm,nFlow-197273853,0,f3a001e89069462d856efbd220372d0b,io.nflow.engine.internal.dao.WorkflowInstanceDao,io.nflow.engine.internal.dao.WorkflowInstanceDao_ESTest,12,0,False
164,BugSwarm,Jannovar-249719464,0,88eafda8930c43f89060387e0f86b5ce,de.charite.compbio.jannovar.cmd.annotate_vcf.JannovarAnnotateVCFOptions,de.charite.compbio.jannovar.cmd.annotate_vcf.JannovarAnnotateVCFOptions_ESTest,126,0,False
165,BugSwarm,Jannovar-249719464,0,6b649dc07204424b8e7098bbd5c02c6e,de.charite.compbio.jannovar.cmd.annotate_vcf.JannovarAnnotateVCFOptions,de.charite.compbio.jannovar.cmd.annotate_vcf.JannovarAnnotateVCFOptions_ESTest,117,0,False
166,BugSwarm,Jannovar-249719464,0,6640f93cad3645eba51950d5b9ec606b,de.charite.compbio.jannovar.cmd.annotate_vcf.JannovarAnnotateVCFOptions,de.charite.compbio.jannovar.cmd.annotate_vcf.JannovarAnnotateVCFOptions_ESTest,122,0,False
167,BugSwarm,Jannovar-249719464,0,8567421e0fdc46c89b42db8b419cf57c,de.charite.compbio.jannovar.cmd.annotate_vcf.JannovarAnnotateVCFOptions,de.charite.compbio.jannovar.cmd.annotate_vcf.JannovarAnnotateVCFOptions_ESTest,124,0,False
168,BugSwarm,Jannovar-249719464,0,851bf15d15db4375a900823afeb933f4,de.charite.compbio.jannovar.cmd.annotate_vcf.JannovarAnnotateVCFOptions,de.charite.compbio.jannovar.cmd.annotate_vcf.JannovarAnnotateVCFOptions_ESTest,123,0,False
169,BugSwarm,Jannovar-249719464,0,c136748bf6394139973afa15c59eb6d0,de.charite.compbio.jannovar.cmd.annotate_vcf.JannovarAnnotateVCFOptions,de.charite.compbio.jannovar.cmd.annotate_vcf.JannovarAnnotateVCFOptions_ESTest,123,0,False
170,BugSwarm,Jannovar-249719464,0,763b11507aff4ad897c1fbb6c20c4ffe,de.charite.compbio.jannovar.cmd.annotate_vcf.JannovarAnnotateVCFOptions,de.charite.compbio.jannovar.cmd.annotate_vcf.JannovarAnnotateVCFOptions_ESTest,123,0,False
171,BugSwarm,Jannovar-249719464,0,5bf9c3f0c45c454f938a50b2c4649cc0,de.charite.compbio.jannovar.cmd.annotate_vcf.JannovarAnnotateVCFOptions,de.charite.compbio.jannovar.cmd.annotate_vcf.JannovarAnnotateVCFOptions_ESTest,119,0,False
172,BugSwarm,Jannovar-249719464,0,5613a0022ce240738041de0d463016b4,de.charite.compbio.jannovar.cmd.annotate_vcf.JannovarAnnotateVCFOptions,de.charite.compbio.jannovar.cmd.annotate_vcf.JannovarAnnotateVCFOptions_ESTest,124,0,False
173,BugSwarm,Jannovar-249719464,0,fcf687684225424fac099dc49155a71f,de.charite.compbio.jannovar.cmd.annotate_vcf.JannovarAnnotateVCFOptions,de.charite.compbio.jannovar.cmd.annotate_vcf.JannovarAnnotateVCFOptions_ESTest,122,0,False
174,BugSwarm,Jannovar-249719464,0,fa12b065f6b14a8987c23e127c557719,de.charite.compbio.jannovar.cmd.annotate_vcf.JannovarAnnotateVCFOptions,de.charite.compbio.jannovar.cmd.annotate_vcf.JannovarAnnotateVCFOptions_ESTest,119,0,False
175,BugSwarm,Jannovar-249719464,0,7a19237db60947e1898fb96cb28ec81d,de.charite.compbio.jannovar.cmd.annotate_vcf.JannovarAnnotateVCFOptions,de.charite.compbio.jannovar.cmd.annotate_vcf.JannovarAnnotateVCFOptions_ESTest,118,0,False
176,BugSwarm,Jannovar-249719464,0,10b581226f974d1e8ad8594c571a285b,de.charite.compbio.jannovar.cmd.annotate_vcf.JannovarAnnotateVCFOptions,de.charite.compbio.jannovar.cmd.annotate_vcf.JannovarAnnotateVCFOptions_ESTest,118,0,False
177,BugSwarm,Jannovar-249719464,0,94c95f230a8b4bb1a6dc2cf4d3119808,de.charite.compbio.jannovar.cmd.annotate_vcf.JannovarAnnotateVCFOptions,de.charite.compbio.jannovar.cmd.annotate_vcf.JannovarAnnotateVCFOptions_ESTest,122,0,False
178,BugSwarm,Jannovar-249719464,0,69026ecb08f242c9b1f79f3506e47533,de.charite.compbio.jannovar.cmd.annotate_vcf.JannovarAnnotateVCFOptions,de.charite.compbio.jannovar.cmd.annotate_vcf.JannovarAnnotateVCFOptions_ESTest,125,0,False
179,BugSwarm,Jannovar-249719464,0,a0e8f2d08cc54941a69e13106fa96f94,de.charite.compbio.jannovar.cmd.annotate_vcf.JannovarAnnotateVCFOptions,de.charite.compbio.jannovar.cmd.annotate_vcf.JannovarAnnotateVCFOptions_ESTest,123,0,False
180,BugSwarm,Jannovar-249719464,0,71f525108fe74ba880a632c8cb5cad79,de.charite.compbio.jannovar.cmd.annotate_vcf.JannovarAnnotateVCFOptions,de.charite.compbio.jannovar.cmd.annotate_vcf.JannovarAnnotateVCFOptions_ESTest,118,0,False
181,BugSwarm,Jannovar-249719464,0,35e7531f781e4c99b6b639abd143ff96,de.charite.compbio.jannovar.cmd.annotate_vcf.JannovarAnnotateVCFOptions,de.charite.compbio.jannovar.cmd.annotate_vcf.JannovarAnnotateVCFOptions_ESTest,118,0,False
182,BugSwarm,Jannovar-249719464,0,90cf2d8819cd4dd1b09d9ebbcd4243ae,de.charite.compbio.jannovar.cmd.annotate_vcf.JannovarAnnotateVCFOptions,de.charite.compbio.jannovar.cmd.annotate_vcf.JannovarAnnotateVCFOptions_ESTest,118,0,False
183,BugSwarm,Jannovar-249719464,0,c0bab8b4057c4a30a6ac428bde3037cd,de.charite.compbio.jannovar.cmd.annotate_vcf.JannovarAnnotateVCFOptions,de.charite.compbio.jannovar.cmd.annotate_vcf.JannovarAnnotateVCFOptions_ESTest,124,0,False
184,BugSwarm,Jannovar-249719464,0,6dc1d0646346486aa65cc631e70f8d78,de.charite.compbio.jannovar.cmd.annotate_vcf.JannovarAnnotateVCFOptions,de.charite.compbio.jannovar.cmd.annotate_vcf.JannovarAnnotateVCFOptions_ESTest,122,0,False
185,BugSwarm,Jannovar-249719464,0,65b4222cafc64a76af11f64243bde715,de.charite.compbio.jannovar.cmd.annotate_vcf.JannovarAnnotateVCFOptions,de.charite.compbio.jannovar.cmd.annotate_vcf.JannovarAnnotateVCFOptions_ESTest,125,0,False
186,BugSwarm,Jannovar-249719464,0,2e236a33a61c474090d48555ff587e61,de.charite.compbio.jannovar.cmd.annotate_vcf.JannovarAnnotateVCFOptions,de.charite.compbio.jannovar.cmd.annotate_vcf.JannovarAnnotateVCFOptions_ESTest,118,0,False
187,BugSwarm,Jannovar-249719464,0,f48f5c13525b4e98840622f6e97db0a0,de.charite.compbio.jannovar.cmd.annotate_vcf.JannovarAnnotateVCFOptions,de.charite.compbio.jannovar.cmd.annotate_vcf.JannovarAnnotateVCFOptions_ESTest,118,0,False
188,BugSwarm,Jannovar-249719464,0,f86a44300b9f48fc9e62ea439f386696,de.charite.compbio.jannovar.cmd.annotate_vcf.JannovarAnnotateVCFOptions,de.charite.compbio.jannovar.cmd.annotate_vcf.JannovarAnnotateVCFOptions_ESTest,117,0,False
189,BugSwarm,Jannovar-249719464,0,c8a623269dad4c4985f5d3e224128be2,de.charite.compbio.jannovar.cmd.annotate_vcf.JannovarAnnotateVCFOptions,de.charite.compbio.jannovar.cmd.annotate_vcf.JannovarAnnotateVCFOptions_ESTest,119,0,False
190,BugSwarm,Jannovar-249719464,0,38dc2d86764d4e55b26efe52e27d3c2a,de.charite.compbio.jannovar.cmd.annotate_vcf.JannovarAnnotateVCFOptions,de.charite.compbio.jannovar.cmd.annotate_vcf.JannovarAnnotateVCFOptions_ESTest,127,0,False
191,BugSwarm,Jannovar-249719464,0,d7f25319c47a46ea9277ca0c63c38b89,de.charite.compbio.jannovar.cmd.annotate_vcf.JannovarAnnotateVCFOptions,de.charite.compbio.jannovar.cmd.annotate_vcf.JannovarAnnotateVCFOptions_ESTest,123,0,False
192,BugSwarm,Jannovar-249719464,0,150078531f404314bcadc9e1d099eb0d,de.charite.compbio.jannovar.cmd.annotate_vcf.JannovarAnnotateVCFOptions,de.charite.compbio.jannovar.cmd.annotate_vcf.JannovarAnnotateVCFOptions_ESTest,120,0,False
193,BugSwarm,Jannovar-249719464,0,1ca03d8113984b5c97d33c2682a01e06,de.charite.compbio.jannovar.cmd.annotate_vcf.JannovarAnnotateVCFOptions,de.charite.compbio.jannovar.cmd.annotate_vcf.JannovarAnnotateVCFOptions_ESTest,123,0,False
194,BugSwarm,ACS_AEM_Commons-461893214,0,ea2fdad6291047ab9991e9bbec49d379,com.adobe.acs.commons.mcp.impl.processes.asset.FileAssetIngestor,com.adobe.acs.commons.mcp.impl.processes.asset.FileAssetIngestor_ESTest,34,0,False
195,BugSwarm,ACS_AEM_Commons-461893214,0,df00c94c924842208b2df4e2af910914,com.adobe.acs.commons.mcp.impl.processes.asset.FileAssetIngestor,com.adobe.acs.commons.mcp.impl.processes.asset.FileAssetIngestor_ESTest,31,0,False
196,BugSwarm,ACS_AEM_Commons-461893214,0,904cfd3b730a42a8b6787f31a914046c,com.adobe.acs.commons.mcp.impl.processes.asset.FileAssetIngestor,com.adobe.acs.commons.mcp.impl.processes.asset.FileAssetIngestor_ESTest,37,0,False
197,BugSwarm,ACS_AEM_Commons-461893214,0,82f885f9cfdc4a8b8cb49833229ab657,com.adobe.acs.commons.mcp.impl.processes.asset.FileAssetIngestor,com.adobe.acs.commons.mcp.impl.processes.asset.FileAssetIngestor_ESTest,35,0,False
198,BugSwarm,ACS_AEM_Commons-461893214,0,4b3dbfceccb243ce9bcb48d1c7004308,com.adobe.acs.commons.mcp.impl.processes.asset.FileAssetIngestor,com.adobe.acs.commons.mcp.impl.processes.asset.FileAssetIngestor_ESTest,37,0,False
199,BugSwarm,ACS_AEM_Commons-461893214,0,ced1907be32a48ff8b80e8876fbfc1ec,com.adobe.acs.commons.mcp.impl.processes.asset.FileAssetIngestor,com.adobe.acs.commons.mcp.impl.processes.asset.FileAssetIngestor_ESTest,35,0,False
200,BugSwarm,ACS_AEM_Commons-461893214,0,ced1907be32a48ff8b80e8876fbfc1ec,com.adobe.acs.commons.mcp.impl.processes.asset.FileAssetIngestor,com.adobe.acs.commons.mcp.impl.processes.asset.FileAssetIngestor_ESTest$1,35,0,False
201,BugSwarm,ACS_AEM_Commons-461893214,0,bf19c8764908489380574b58f3058203,com.adobe.acs.commons.mcp.impl.processes.asset.FileAssetIngestor,com.adobe.acs.commons.mcp.impl.processes.asset.FileAssetIngestor_ESTest,35,0,False
202,BugSwarm,ACS_AEM_Commons-461893214,0,8026b3ba4492432bb07ea17c407e6828,com.adobe.acs.commons.mcp.impl.processes.asset.FileAssetIngestor,com.adobe.acs.commons.mcp.impl.processes.asset.FileAssetIngestor_ESTest,36,0,False
203,BugSwarm,ACS_AEM_Commons-461893214,0,ba570183095a4d7d80a604bcda8863c9,com.adobe.acs.commons.mcp.impl.processes.asset.FileAssetIngestor,com.adobe.acs.commons.mcp.impl.processes.asset.FileAssetIngestor_ESTest,28,0,False
204,BugSwarm,ACS_AEM_Commons-461893214,0,9dee3e62d5f843b39a0e2546aa9181d2,com.adobe.acs.commons.mcp.impl.processes.asset.FileAssetIngestor,com.adobe.acs.commons.mcp.impl.processes.asset.FileAssetIngestor_ESTest,33,0,False
205,BugSwarm,ACS_AEM_Commons-461893214,0,90c167af89534672b2bf51a861c98006,com.adobe.acs.commons.mcp.impl.processes.asset.FileAssetIngestor,com.adobe.acs.commons.mcp.impl.processes.asset.FileAssetIngestor_ESTest,31,0,False
206,BugSwarm,ACS_AEM_Commons-461893214,0,b7626b2f603f4d9090b42431775c28a7,com.adobe.acs.commons.mcp.impl.processes.asset.FileAssetIngestor,com.adobe.acs.commons.mcp.impl.processes.asset.FileAssetIngestor_ESTest,31,0,False
207,BugSwarm,ACS_AEM_Commons-461893214,0,0daae9aa17f048ddb4a08746e4f712f2,com.adobe.acs.commons.mcp.impl.processes.asset.FileAssetIngestor,com.adobe.acs.commons.mcp.impl.processes.asset.FileAssetIngestor_ESTest,34,0,False
208,BugSwarm,ACS_AEM_Commons-461893214,0,fa0db019a25c4aeb8bf175059f044ff5,com.adobe.acs.commons.mcp.impl.processes.asset.FileAssetIngestor,com.adobe.acs.commons.mcp.impl.processes.asset.FileAssetIngestor_ESTest,35,0,False
209,BugSwarm,ACS_AEM_Commons-461893214,0,62090f7b1f174631a809a49554d34582,com.adobe.acs.commons.mcp.impl.processes.asset.FileAssetIngestor,com.adobe.acs.commons.mcp.impl.processes.asset.FileAssetIngestor_ESTest,33,0,False
210,BugSwarm,ACS_AEM_Commons-461893214,0,c42ffe9ec71e476197ad2957c2525e94,com.adobe.acs.commons.mcp.impl.processes.asset.FileAssetIngestor,com.adobe.acs.commons.mcp.impl.processes.asset.FileAssetIngestor_ESTest,39,0,False
211,BugSwarm,ACS_AEM_Commons-461893214,0,d65152ebd5d44037823475d769b529d8,com.adobe.acs.commons.mcp.impl.processes.asset.FileAssetIngestor,com.adobe.acs.commons.mcp.impl.processes.asset.FileAssetIngestor_ESTest,34,0,False
212,BugSwarm,ACS_AEM_Commons-461893214,0,e777e0dc80f74ab08284d5fa567c73a0,com.adobe.acs.commons.mcp.impl.processes.asset.FileAssetIngestor,com.adobe.acs.commons.mcp.impl.processes.asset.FileAssetIngestor_ESTest,32,0,False
213,BugSwarm,ACS_AEM_Commons-461893214,0,ab16ce4af6c74d4f972344e8bf72be80,com.adobe.acs.commons.mcp.impl.processes.asset.FileAssetIngestor,com.adobe.acs.commons.mcp.impl.processes.asset.FileAssetIngestor_ESTest,35,0,False
214,BugSwarm,ACS_AEM_Commons-461893214,0,1c972689fe1943b5b78f7d8b9c75210c,com.adobe.acs.commons.mcp.impl.processes.asset.FileAssetIngestor,com.adobe.acs.commons.mcp.impl.processes.asset.FileAssetIngestor_ESTest,35,0,False
215,BugSwarm,ACS_AEM_Commons-461893214,0,b67886591b444c78a4a986f39bf538c2,com.adobe.acs.commons.mcp.impl.processes.asset.FileAssetIngestor,com.adobe.acs.commons.mcp.impl.processes.asset.FileAssetIngestor_ESTest,34,0,False
216,BugSwarm,ACS_AEM_Commons-461893214,0,50f804199285405396ff7a025b3040fe,com.adobe.acs.commons.mcp.impl.processes.asset.FileAssetIngestor,com.adobe.acs.commons.mcp.impl.processes.asset.FileAssetIngestor_ESTest,35,0,False
217,BugSwarm,ACS_AEM_Commons-461893214,0,039a918aabe3404b9a692aba83ffae43,com.adobe.acs.commons.mcp.impl.processes.asset.FileAssetIngestor,com.adobe.acs.commons.mcp.impl.processes.asset.FileAssetIngestor_ESTest,32,0,False
218,BugSwarm,ACS_AEM_Commons-461893214,0,48ac756db72143e19cc2f468e0edeb37,com.adobe.acs.commons.mcp.impl.processes.asset.FileAssetIngestor,com.adobe.acs.commons.mcp.impl.processes.asset.FileAssetIngestor_ESTest,33,0,False
219,BugSwarm,ACS_AEM_Commons-461893214,0,ab3d0a53635c4f51b543e3a82a8c20bb,com.adobe.acs.commons.mcp.impl.processes.asset.FileAssetIngestor,com.adobe.acs.commons.mcp.impl.processes.asset.FileAssetIngestor_ESTest,31,0,False
220,BugSwarm,ACS_AEM_Commons-461893214,0,92fd16c801b6484ab73cc308f3471421,com.adobe.acs.commons.mcp.impl.processes.asset.FileAssetIngestor,com.adobe.acs.commons.mcp.impl.processes.asset.FileAssetIngestor_ESTest,32,0,False
221,BugSwarm,ACS_AEM_Commons-461893214,0,dfacb1a215b54db6a4eeca8b1dcee7be,com.adobe.acs.commons.mcp.impl.processes.asset.FileAssetIngestor,com.adobe.acs.commons.mcp.impl.processes.asset.FileAssetIngestor_ESTest,35,0,False
222,BugSwarm,ACS_AEM_Commons-461893214,0,c95e1b788fa247b99fe7dae99f51fb4f,com.adobe.acs.commons.mcp.impl.processes.asset.FileAssetIngestor,com.adobe.acs.commons.mcp.impl.processes.asset.FileAssetIngestor_ESTest,31,0,False
223,BugSwarm,ACS_AEM_Commons-461893214,0,ad1cf69f65244f558b8bc9dc1cb4533d,com.adobe.acs.commons.mcp.impl.processes.asset.FileAssetIngestor,com.adobe.acs.commons.mcp.impl.processes.asset.FileAssetIngestor_ESTest,38,0,False
224,BugSwarm,ACS_AEM_Commons-461893214,1,ea2fdad6291047ab9991e9bbec49d379,com.adobe.acs.commons.mcp.impl.processes.asset.FileAssetIngestor,com.adobe.acs.commons.mcp.impl.processes.asset.FileAssetIngestor_ESTest,34,0,False
225,BugSwarm,ACS_AEM_Commons-461893214,1,df00c94c924842208b2df4e2af910914,com.adobe.acs.commons.mcp.impl.processes.asset.FileAssetIngestor,com.adobe.acs.commons.mcp.impl.processes.asset.FileAssetIngestor_ESTest,31,0,False
226,BugSwarm,ACS_AEM_Commons-461893214,1,904cfd3b730a42a8b6787f31a914046c,com.adobe.acs.commons.mcp.impl.processes.asset.FileAssetIngestor,com.adobe.acs.commons.mcp.impl.processes.asset.FileAssetIngestor_ESTest,37,0,False
227,BugSwarm,ACS_AEM_Commons-461893214,1,82f885f9cfdc4a8b8cb49833229ab657,com.adobe.acs.commons.mcp.impl.processes.asset.FileAssetIngestor,com.adobe.acs.commons.mcp.impl.processes.asset.FileAssetIngestor_ESTest,35,0,False
228,BugSwarm,ACS_AEM_Commons-461893214,1,4b3dbfceccb243ce9bcb48d1c7004308,com.adobe.acs.commons.mcp.impl.processes.asset.FileAssetIngestor,com.adobe.acs.commons.mcp.impl.processes.asset.FileAssetIngestor_ESTest,37,0,False
229,BugSwarm,ACS_AEM_Commons-461893214,1,ced1907be32a48ff8b80e8876fbfc1ec,com.adobe.acs.commons.mcp.impl.processes.asset.FileAssetIngestor,com.adobe.acs.commons.mcp.impl.processes.asset.FileAssetIngestor_ESTest,35,0,False
230,BugSwarm,ACS_AEM_Commons-461893214,1,ced1907be32a48ff8b80e8876fbfc1ec,com.adobe.acs.commons.mcp.impl.processes.asset.FileAssetIngestor,com.adobe.acs.commons.mcp.impl.processes.asset.FileAssetIngestor_ESTest$1,35,0,False
231,BugSwarm,ACS_AEM_Commons-461893214,1,bf19c8764908489380574b58f3058203,com.adobe.acs.commons.mcp.impl.processes.asset.FileAssetIngestor,com.adobe.acs.commons.mcp.impl.processes.asset.FileAssetIngestor_ESTest,35,0,False
232,BugSwarm,ACS_AEM_Commons-461893214,1,8026b3ba4492432bb07ea17c407e6828,com.adobe.acs.commons.mcp.impl.processes.asset.FileAssetIngestor,com.adobe.acs.commons.mcp.impl.processes.asset.FileAssetIngestor_ESTest,36,0,False
233,BugSwarm,ACS_AEM_Commons-461893214,1,ba570183095a4d7d80a604bcda8863c9,com.adobe.acs.commons.mcp.impl.processes.asset.FileAssetIngestor,com.adobe.acs.commons.mcp.impl.processes.asset.FileAssetIngestor_ESTest,28,0,False
234,BugSwarm,ACS_AEM_Commons-461893214,1,9dee3e62d5f843b39a0e2546aa9181d2,com.adobe.acs.commons.mcp.impl.processes.asset.FileAssetIngestor,com.adobe.acs.commons.mcp.impl.processes.asset.FileAssetIngestor_ESTest,33,0,False
235,BugSwarm,ACS_AEM_Commons-461893214,1,90c167af89534672b2bf51a861c98006,com.adobe.acs.commons.mcp.impl.processes.asset.FileAssetIngestor,com.adobe.acs.commons.mcp.impl.processes.asset.FileAssetIngestor_ESTest,31,0,False
236,BugSwarm,ACS_AEM_Commons-461893214,1,b7626b2f603f4d9090b42431775c28a7,com.adobe.acs.commons.mcp.impl.processes.asset.FileAssetIngestor,com.adobe.acs.commons.mcp.impl.processes.asset.FileAssetIngestor_ESTest,31,0,False
237,BugSwarm,ACS_AEM_Commons-461893214,1,0daae9aa17f048ddb4a08746e4f712f2,com.adobe.acs.commons.mcp.impl.processes.asset.FileAssetIngestor,com.adobe.acs.commons.mcp.impl.processes.asset.FileAssetIngestor_ESTest,34,0,False
238,BugSwarm,ACS_AEM_Commons-461893214,1,fa0db019a25c4aeb8bf175059f044ff5,com.adobe.acs.commons.mcp.impl.processes.asset.FileAssetIngestor,com.adobe.acs.commons.mcp.impl.processes.asset.FileAssetIngestor_ESTest,35,0,False
239,BugSwarm,ACS_AEM_Commons-461893214,1,62090f7b1f174631a809a49554d34582,com.adobe.acs.commons.mcp.impl.processes.asset.FileAssetIngestor,com.adobe.acs.commons.mcp.impl.processes.asset.FileAssetIngestor_ESTest,33,0,False
240,BugSwarm,ACS_AEM_Commons-461893214,1,c42ffe9ec71e476197ad2957c2525e94,com.adobe.acs.commons.mcp.impl.processes.asset.FileAssetIngestor,com.adobe.acs.commons.mcp.impl.processes.asset.FileAssetIngestor_ESTest,39,0,False
241,BugSwarm,ACS_AEM_Commons-461893214,1,d65152ebd5d44037823475d769b529d8,com.adobe.acs.commons.mcp.impl.processes.asset.FileAssetIngestor,com.adobe.acs.commons.mcp.impl.processes.asset.FileAssetIngestor_ESTest,34,0,False
242,BugSwarm,ACS_AEM_Commons-461893214,1,e777e0dc80f74ab08284d5fa567c73a0,com.adobe.acs.commons.mcp.impl.processes.asset.FileAssetIngestor,com.adobe.acs.commons.mcp.impl.processes.asset.FileAssetIngestor_ESTest,32,0,False
243,BugSwarm,ACS_AEM_Commons-461893214,1,ab16ce4af6c74d4f972344e8bf72be80,com.adobe.acs.commons.mcp.impl.processes.asset.FileAssetIngestor,com.adobe.acs.commons.mcp.impl.processes.asset.FileAssetIngestor_ESTest,35,0,False
244,BugSwarm,ACS_AEM_Commons-461893214,1,1c972689fe1943b5b78f7d8b9c75210c,com.adobe.acs.commons.mcp.impl.processes.asset.FileAssetIngestor,com.adobe.acs.commons.mcp.impl.processes.asset.FileAssetIngestor_ESTest,35,0,False
245,BugSwarm,ACS_AEM_Commons-461893214,1,b67886591b444c78a4a986f39bf538c2,com.adobe.acs.commons.mcp.impl.processes.asset.FileAssetIngestor,com.adobe.acs.commons.mcp.impl.processes.asset.FileAssetIngestor_ESTest,34,0,False
246,BugSwarm,ACS_AEM_Commons-461893214,1,50f804199285405396ff7a025b3040fe,com.adobe.acs.commons.mcp.impl.processes.asset.FileAssetIngestor,com.adobe.acs.commons.mcp.impl.processes.asset.FileAssetIngestor_ESTest,35,0,False
247,BugSwarm,ACS_AEM_Commons-461893214,1,039a918aabe3404b9a692aba83ffae43,com.adobe.acs.commons.mcp.impl.processes.asset.FileAssetIngestor,com.adobe.acs.commons.mcp.impl.processes.asset.FileAssetIngestor_ESTest,32,0,False
248,BugSwarm,ACS_AEM_Commons-461893214,1,48ac756db72143e19cc2f468e0edeb37,com.adobe.acs.commons.mcp.impl.processes.asset.FileAssetIngestor,com.adobe.acs.commons.mcp.impl.processes.asset.FileAssetIngestor_ESTest,33,0,False
249,BugSwarm,ACS_AEM_Commons-461893214,1,ab3d0a53635c4f51b543e3a82a8c20bb,com.adobe.acs.commons.mcp.impl.processes.asset.FileAssetIngestor,com.adobe.acs.commons.mcp.impl.processes.asset.FileAssetIngestor_ESTest,31,0,False
250,BugSwarm,ACS_AEM_Commons-461893214,1,92fd16c801b6484ab73cc308f3471421,com.adobe.acs.commons.mcp.impl.processes.asset.FileAssetIngestor,com.adobe.acs.commons.mcp.impl.processes.asset.FileAssetIngestor_ESTest,32,0,False
251,BugSwarm,ACS_AEM_Commons-461893214,1,dfacb1a215b54db6a4eeca8b1dcee7be,com.adobe.acs.commons.mcp.impl.processes.asset.FileAssetIngestor,com.adobe.acs.commons.mcp.impl.processes.asset.FileAssetIngestor_ESTest,35,0,False
252,BugSwarm,ACS_AEM_Commons-461893214,1,c95e1b788fa247b99fe7dae99f51fb4f,com.adobe.acs.commons.mcp.impl.processes.asset.FileAssetIngestor,com.adobe.acs.commons.mcp.impl.processes.asset.FileAssetIngestor_ESTest,31,0,False
253,BugSwarm,ACS_AEM_Commons-461893214,1,ad1cf69f65244f558b8bc9dc1cb4533d,com.adobe.acs.commons.mcp.impl.processes.asset.FileAssetIngestor,com.adobe.acs.commons.mcp.impl.processes.asset.FileAssetIngestor_ESTest,38,0,False
254,BugSwarm,Byte_Buddy-95795967,0,f4a977f085ba49dfafbd4a8358ae0ff3,net.bytebuddy.dynamic.ClassFileLocator,net.bytebuddy.dynamic.ClassFileLocator_ESTest,51,0,False
255,BugSwarm,Byte_Buddy-95795967,0,c7ffe6b3bf8e4238981e5f9b9647a2ce,net.bytebuddy.dynamic.ClassFileLocator,net.bytebuddy.dynamic.ClassFileLocator_ESTest,52,0,False
256,BugSwarm,Byte_Buddy-95795967,0,516fffdb428049a393149f4381ebf43d,net.bytebuddy.dynamic.ClassFileLocator,net.bytebuddy.dynamic.ClassFileLocator_ESTest,49,0,False
257,BugSwarm,Byte_Buddy-95795967,0,58fcc6cd9543421f92c17da36dba46c6,net.bytebuddy.dynamic.ClassFileLocator,net.bytebuddy.dynamic.ClassFileLocator_ESTest,49,0,False
258,BugSwarm,Byte_Buddy-95795967,0,c2155347a4e8452791484b9b872c9c9c,net.bytebuddy.dynamic.ClassFileLocator,net.bytebuddy.dynamic.ClassFileLocator_ESTest,51,0,False
259,BugSwarm,Byte_Buddy-95795967,0,ebee5062caca40caba9feda720b12259,net.bytebuddy.dynamic.ClassFileLocator,net.bytebuddy.dynamic.ClassFileLocator_ESTest,49,0,False
260,BugSwarm,Byte_Buddy-95795967,0,560a4486d6be46f0ac2aa4781f2af77b,net.bytebuddy.dynamic.ClassFileLocator,net.bytebuddy.dynamic.ClassFileLocator_ESTest,49,0,False
261,BugSwarm,Byte_Buddy-95795967,0,b96f0b20759a4fa1b654eaf6a3f24141,net.bytebuddy.dynamic.ClassFileLocator,net.bytebuddy.dynamic.ClassFileLocator_ESTest,51,0,False
262,BugSwarm,Byte_Buddy-95795967,0,61280d6721d147089ef037bfaf7683f7,net.bytebuddy.dynamic.ClassFileLocator,net.bytebuddy.dynamic.ClassFileLocator_ESTest,52,0,False
263,BugSwarm,Byte_Buddy-95795967,0,ac0d6c8bb1f14144b68642d619633528,net.bytebuddy.dynamic.ClassFileLocator,net.bytebuddy.dynamic.ClassFileLocator_ESTest,50,0,False
264,BugSwarm,Byte_Buddy-95795967,0,6bad1b8eb4a547978e1b6326ccd7c741,net.bytebuddy.dynamic.ClassFileLocator,net.bytebuddy.dynamic.ClassFileLocator_ESTest,49,0,False
265,BugSwarm,Byte_Buddy-95795967,0,90a5ea102f1e44b382f6975abbf5976b,net.bytebuddy.dynamic.ClassFileLocator,net.bytebuddy.dynamic.ClassFileLocator_ESTest,51,0,False
266,BugSwarm,Byte_Buddy-95795967,0,fcb82ddb798f4515a9d1a340aa357932,net.bytebuddy.dynamic.ClassFileLocator,net.bytebuddy.dynamic.ClassFileLocator_ESTest,49,0,False
267,BugSwarm,Byte_Buddy-95795967,0,5600796dcfad455091de59e68ff8806f,net.bytebuddy.dynamic.ClassFileLocator,net.bytebuddy.dynamic.ClassFileLocator_ESTest,51,0,False
268,BugSwarm,Byte_Buddy-95795967,0,278a165567ce456389534c62d374252b,net.bytebuddy.dynamic.ClassFileLocator,net.bytebuddy.dynamic.ClassFileLocator_ESTest,51,0,False
269,BugSwarm,Byte_Buddy-95795967,0,861d56421fe7406fbabb6075d95d64c8,net.bytebuddy.dynamic.ClassFileLocator,net.bytebuddy.dynamic.ClassFileLocator_ESTest,53,0,False
270,BugSwarm,Byte_Buddy-95795967,0,203576b8adb34226bb42f95bf9737b8d,net.bytebuddy.dynamic.ClassFileLocator,net.bytebuddy.dynamic.ClassFileLocator_ESTest,49,0,False
271,BugSwarm,Byte_Buddy-95795967,0,f56036f0dee8421ca62fa25cb20a247e,net.bytebuddy.dynamic.ClassFileLocator,net.bytebuddy.dynamic.ClassFileLocator_ESTest,54,0,False
272,BugSwarm,Byte_Buddy-95795967,0,5b295dc839454c1abcaa2f62f651ca77,net.bytebuddy.dynamic.ClassFileLocator,net.bytebuddy.dynamic.ClassFileLocator_ESTest,47,0,False
273,BugSwarm,Byte_Buddy-95795967,0,cd0e0a248adf4d7c97c8763183807b92,net.bytebuddy.dynamic.ClassFileLocator,net.bytebuddy.dynamic.ClassFileLocator_ESTest,50,0,False
274,BugSwarm,Byte_Buddy-95795967,0,b7497d761f6b4ce5b1477be74e7b81a4,net.bytebuddy.dynamic.ClassFileLocator,net.bytebuddy.dynamic.ClassFileLocator_ESTest,53,0,False
275,BugSwarm,Byte_Buddy-95795967,0,1ce3434b4da8400cb8a84033683ee46e,net.bytebuddy.dynamic.ClassFileLocator,net.bytebuddy.dynamic.ClassFileLocator_ESTest,50,0,False
276,BugSwarm,Byte_Buddy-95795967,0,9efb0ae4dcac4c659faf238b44683fae,net.bytebuddy.dynamic.ClassFileLocator,net.bytebuddy.dynamic.ClassFileLocator_ESTest,53,0,False
277,BugSwarm,Byte_Buddy-95795967,0,2ceab4d2a3164e8586520bc7917ae1be,net.bytebuddy.dynamic.ClassFileLocator,net.bytebuddy.dynamic.ClassFileLocator_ESTest,47,0,False
278,BugSwarm,Byte_Buddy-95795967,0,4359cb066b404a61bbfea6fa65925d35,net.bytebuddy.dynamic.ClassFileLocator,net.bytebuddy.dynamic.ClassFileLocator_ESTest,53,0,False
279,BugSwarm,Byte_Buddy-95795967,0,dcf083d88d8142589c6d800435b4a1f4,net.bytebuddy.dynamic.ClassFileLocator,net.bytebuddy.dynamic.ClassFileLocator_ESTest,48,0,False
280,BugSwarm,Byte_Buddy-95795967,0,4771c583824d4ee88172a88e47ee3a5f,net.bytebuddy.dynamic.ClassFileLocator,net.bytebuddy.dynamic.ClassFileLocator_ESTest,51,0,False
281,BugSwarm,Byte_Buddy-95795967,0,0ba55a71c15840229a7b6f0aaa70b3ef,net.bytebuddy.dynamic.ClassFileLocator,net.bytebuddy.dynamic.ClassFileLocator_ESTest,50,0,False
282,BugSwarm,Byte_Buddy-95795967,0,9843d9b5048f47bca11a6828100e892e,net.bytebuddy.dynamic.ClassFileLocator,net.bytebuddy.dynamic.ClassFileLocator_ESTest,53,0,False
283,BugSwarm,Byte_Buddy-95795967,0,29410d4529d64f958f1b5beb0ab1b7fd,net.bytebuddy.dynamic.ClassFileLocator,net.bytebuddy.dynamic.ClassFileLocator_ESTest,50,0,False
284,BugSwarm,Byte_Buddy-140517155,0,0f2a90bf06f94a29922a30985d63cfc6,net.bytebuddy.dynamic.ClassFileLocator,net.bytebuddy.dynamic.ClassFileLocator_ESTest,59,0,False
285,BugSwarm,Byte_Buddy-140517155,0,a0bc262804b247b1b1119e2ee372275a,net.bytebuddy.dynamic.ClassFileLocator,net.bytebuddy.dynamic.ClassFileLocator_ESTest,57,0,False
286,BugSwarm,Byte_Buddy-140517155,0,754da3a1294b4e05bd6b7d91ee610f7b,net.bytebuddy.dynamic.ClassFileLocator,net.bytebuddy.dynamic.ClassFileLocator_ESTest,60,0,False
287,BugSwarm,Byte_Buddy-140517155,0,22704b28cb5c488cb40aaa5639d05ed3,net.bytebuddy.dynamic.ClassFileLocator,net.bytebuddy.dynamic.ClassFileLocator_ESTest,59,0,False
288,BugSwarm,Byte_Buddy-140517155,0,01b3417ca87b48ae9c8f84f7bdde6cc0,net.bytebuddy.dynamic.ClassFileLocator,net.bytebuddy.dynamic.ClassFileLocator_ESTest,55,0,False
289,BugSwarm,Byte_Buddy-140517155,0,0ba13fc923314d0197bcbef9c00f493a,net.bytebuddy.dynamic.ClassFileLocator,net.bytebuddy.dynamic.ClassFileLocator_ESTest,59,0,False
290,BugSwarm,Byte_Buddy-140517155,0,d3b5399593a845b4b66745ddd28a9a95,net.bytebuddy.dynamic.ClassFileLocator,net.bytebuddy.dynamic.ClassFileLocator_ESTest,62,0,False
291,BugSwarm,Byte_Buddy-140517155,0,f36ca90394b94cc8bdba7ebaa55ba993,net.bytebuddy.dynamic.ClassFileLocator,net.bytebuddy.dynamic.ClassFileLocator_ESTest,57,0,False
292,BugSwarm,Byte_Buddy-140517155,0,47fe4e7204864c7a9f1d2d5336181555,net.bytebuddy.dynamic.ClassFileLocator,net.bytebuddy.dynamic.ClassFileLocator_ESTest,55,0,False
293,BugSwarm,Byte_Buddy-140517155,0,d049e987e0e346dd8cb7619565312015,net.bytebuddy.dynamic.ClassFileLocator,net.bytebuddy.dynamic.ClassFileLocator_ESTest,63,0,False
294,BugSwarm,Byte_Buddy-140517155,0,e5819b57a7654d5aa7cb30af3dbb46c0,net.bytebuddy.dynamic.ClassFileLocator,net.bytebuddy.dynamic.ClassFileLocator_ESTest,59,0,False
295,BugSwarm,Byte_Buddy-140517155,0,4af9e0bc82504b7093ee4d75877e88cc,net.bytebuddy.dynamic.ClassFileLocator,net.bytebuddy.dynamic.ClassFileLocator_ESTest,59,0,False
296,BugSwarm,Byte_Buddy-140517155,0,c9572a1fe5b54d0b960f3f65deddc761,net.bytebuddy.dynamic.ClassFileLocator,net.bytebuddy.dynamic.ClassFileLocator_ESTest,62,0,False
297,BugSwarm,Byte_Buddy-140517155,0,fb01e5dce1d248479419ba3e193739a0,net.bytebuddy.dynamic.ClassFileLocator,net.bytebuddy.dynamic.ClassFileLocator_ESTest,53,0,False
298,BugSwarm,Byte_Buddy-140517155,0,fdd7d98de5dd488db9ecf19609240942,net.bytebuddy.dynamic.ClassFileLocator,net.bytebuddy.dynamic.ClassFileLocator_ESTest,55,0,False
299,BugSwarm,Byte_Buddy-140517155,0,556b2d836a884fbb8e55e57ebf6d456d,net.bytebuddy.dynamic.ClassFileLocator,net.bytebuddy.dynamic.ClassFileLocator_ESTest,62,0,False
300,BugSwarm,Byte_Buddy-140517155,0,e173830266dd49d7bd5cd3bc910ce781,net.bytebuddy.dynamic.ClassFileLocator,net.bytebuddy.dynamic.ClassFileLocator_ESTest,62,0,False
301,BugSwarm,Byte_Buddy-140517155,0,5106f88cb6b947728ae4b17174c7bcb8,net.bytebuddy.dynamic.ClassFileLocator,net.bytebuddy.dynamic.ClassFileLocator_ESTest,56,0,False
302,BugSwarm,Byte_Buddy-140517155,0,5596e8afd78049178f9c5dff2efed7e0,net.bytebuddy.dynamic.ClassFileLocator,net.bytebuddy.dynamic.ClassFileLocator_ESTest,58,0,False
303,BugSwarm,Byte_Buddy-140517155,0,31ab7ba3057a43159ec3f471765a02bc,net.bytebuddy.dynamic.ClassFileLocator,net.bytebuddy.dynamic.ClassFileLocator_ESTest,60,0,False
304,BugSwarm,Byte_Buddy-140517155,0,9c01fa88c5bd4d62a347eef4c5dc14ad,net.bytebuddy.dynamic.ClassFileLocator,net.bytebuddy.dynamic.ClassFileLocator_ESTest,55,0,False
305,BugSwarm,Byte_Buddy-140517155,0,fb5ca75f39b441189c134a6939ad8b2d,net.bytebuddy.dynamic.ClassFileLocator,net.bytebuddy.dynamic.ClassFileLocator_ESTest,58,0,False
306,BugSwarm,Byte_Buddy-140517155,0,98427ec6e9f2479d8dc18412ab962bf3,net.bytebuddy.dynamic.ClassFileLocator,net.bytebuddy.dynamic.ClassFileLocator_ESTest,59,0,False
307,BugSwarm,Byte_Buddy-140517155,0,55e80bd111204c3da906a700f3d71ddc,net.bytebuddy.dynamic.ClassFileLocator,net.bytebuddy.dynamic.ClassFileLocator_ESTest,58,0,False
308,BugSwarm,Byte_Buddy-140517155,0,7c09c2a17d4147ec94e5c6e1940623ed,net.bytebuddy.dynamic.ClassFileLocator,net.bytebuddy.dynamic.ClassFileLocator_ESTest,62,0,False
309,BugSwarm,Byte_Buddy-140517155,0,2fa40d1195a74ef59e688474c75bfe1a,net.bytebuddy.dynamic.ClassFileLocator,net.bytebuddy.dynamic.ClassFileLocator_ESTest,59,0,False
310,BugSwarm,Byte_Buddy-140517155,0,bec3f2f9fd534361aa5b76233372bd5a,net.bytebuddy.dynamic.ClassFileLocator,net.bytebuddy.dynamic.ClassFileLocator_ESTest,64,0,False
311,BugSwarm,Byte_Buddy-140517155,0,d2982b35bd374121bccd38a74529fcaf,net.bytebuddy.dynamic.ClassFileLocator,net.bytebuddy.dynamic.ClassFileLocator_ESTest,58,0,False
312,BugSwarm,OkHttp-93618854,0,06f17f00e45a4c9b876f783fed050727,com.squareup.okhttp.internal.http.StreamAllocation,com.squareup.okhttp.internal.http.StreamAllocation_ESTest,12,0,False
313,BugSwarm,OkHttp-93618854,0,0925c73675fa4abea2c3c3c498a3d29d,com.squareup.okhttp.internal.http.StreamAllocation,com.squareup.okhttp.internal.http.StreamAllocation_ESTest,12,0,False
314,BugSwarm,OkHttp-93618854,0,2108b465937a49cda19e084d63ff3b65,com.squareup.okhttp.internal.http.StreamAllocation,com.squareup.okhttp.internal.http.StreamAllocation_ESTest,13,0,False
315,BugSwarm,OkHttp-93618854,0,68dff5a064554ab9b2ae12d3dd8b4b40,com.squareup.okhttp.internal.http.StreamAllocation,com.squareup.okhttp.internal.http.StreamAllocation_ESTest,12,0,False
316,BugSwarm,OkHttp-93618854,0,5bcd3bf52631469bb26cc2b7c583ca40,com.squareup.okhttp.internal.http.StreamAllocation,com.squareup.okhttp.internal.http.StreamAllocation_ESTest,13,0,False
317,BugSwarm,OkHttp-93618854,0,34e4e1bc0d634235895faf7cbd5696e0,com.squareup.okhttp.internal.http.StreamAllocation,com.squareup.okhttp.internal.http.StreamAllocation_ESTest,13,0,False
318,BugSwarm,OkHttp-93618854,0,01f9347638604377b2d21fa49422f573,com.squareup.okhttp.internal.http.StreamAllocation,com.squareup.okhttp.internal.http.StreamAllocation_ESTest,12,0,False
319,BugSwarm,OkHttp-93618854,0,5bcfef12736e441d90900d4e98ba68c4,com.squareup.okhttp.internal.http.StreamAllocation,com.squareup.okhttp.internal.http.StreamAllocation_ESTest,12,0,False
320,BugSwarm,OkHttp-93618854,0,6d0506af9bdb482fbfac9ae8bd24c84d,com.squareup.okhttp.internal.http.StreamAllocation,com.squareup.okhttp.internal.http.StreamAllocation_ESTest,12,0,False
321,BugSwarm,OkHttp-93618854,0,e254208483e34c16bdd2fb9db541e3ed,com.squareup.okhttp.internal.http.StreamAllocation,com.squareup.okhttp.internal.http.StreamAllocation_ESTest,13,0,False
322,BugSwarm,OkHttp-93618854,0,6e8a8784a6c248da821434c168991077,com.squareup.okhttp.internal.http.StreamAllocation,com.squareup.okhttp.internal.http.StreamAllocation_ESTest,13,0,False
323,BugSwarm,OkHttp-93618854,0,ca1dcbbf243142b3961f9cc02d94ad24,com.squareup.okhttp.internal.http.StreamAllocation,com.squareup.okhttp.internal.http.StreamAllocation_ESTest,14,0,False
324,BugSwarm,OkHttp-93618854,0,8128936f68ce44cc80fd7f1f0ec1bf6a,com.squareup.okhttp.internal.http.StreamAllocation,com.squareup.okhttp.internal.http.StreamAllocation_ESTest,12,0,False
325,BugSwarm,OkHttp-93618854,0,d473d8675d564937969b162318475a40,com.squareup.okhttp.internal.http.StreamAllocation,com.squareup.okhttp.internal.http.StreamAllocation_ESTest,13,0,False
326,BugSwarm,OkHttp-93618854,0,0d04888751b444a8934ce30c7380e7f7,com.squareup.okhttp.internal.http.StreamAllocation,com.squareup.okhttp.internal.http.StreamAllocation_ESTest,13,0,False
327,BugSwarm,OkHttp-93618854,0,233cdde83de34bdd9f5533fa584861df,com.squareup.okhttp.internal.http.StreamAllocation,com.squareup.okhttp.internal.http.StreamAllocation_ESTest,13,0,False
328,BugSwarm,OkHttp-93618854,0,b61f38d39ea741c195dbeed556d56c1f,com.squareup.okhttp.internal.http.StreamAllocation,com.squareup.okhttp.internal.http.StreamAllocation_ESTest,12,0,False
329,BugSwarm,OkHttp-93618854,0,dee892bdd14a4de68766cd0be40ea4c4,com.squareup.okhttp.internal.http.StreamAllocation,com.squareup.okhttp.internal.http.StreamAllocation_ESTest,13,0,False
330,BugSwarm,OkHttp-93618854,0,2053f942f9934b29bee3a8de224e4139,com.squareup.okhttp.internal.http.StreamAllocation,com.squareup.okhttp.internal.http.StreamAllocation_ESTest,13,0,False
331,BugSwarm,OkHttp-93618854,0,fe8955bf2fda45f785680ae416401e74,com.squareup.okhttp.internal.http.StreamAllocation,com.squareup.okhttp.internal.http.StreamAllocation_ESTest,12,0,False
332,BugSwarm,OkHttp-93618854,0,6d6437c9786b4c95bcc826a851afd4d4,com.squareup.okhttp.internal.http.StreamAllocation,com.squareup.okhttp.internal.http.StreamAllocation_ESTest,12,0,False
333,BugSwarm,OkHttp-93618854,0,aaa374fceaf64bb0bb8d6a16d361c274,com.squareup.okhttp.internal.http.StreamAllocation,com.squareup.okhttp.internal.http.StreamAllocation_ESTest,12,0,False
334,BugSwarm,OkHttp-93618854,0,a615792cd92040fcbcc2d82240a0a5e5,com.squareup.okhttp.internal.http.StreamAllocation,com.squareup.okhttp.internal.http.StreamAllocation_ESTest,12,0,False
335,BugSwarm,OkHttp-93618854,0,17078573745546cd9d8cc6fb76bf6e1b,com.squareup.okhttp.internal.http.StreamAllocation,com.squareup.okhttp.internal.http.StreamAllocation_ESTest,12,0,False
336,BugSwarm,OkHttp-93618854,0,e70b8d5d0b3749f183583d456bad68c2,com.squareup.okhttp.internal.http.StreamAllocation,com.squareup.okhttp.internal.http.StreamAllocation_ESTest,13,0,False
337,BugSwarm,OkHttp-93618854,0,c562a4d049954694abcfca795798b4b6,com.squareup.okhttp.internal.http.StreamAllocation,com.squareup.okhttp.internal.http.StreamAllocation_ESTest,12,0,False
338,BugSwarm,OkHttp-93618854,0,d5ffebd67459407eb8ca343ee248f0c1,com.squareup.okhttp.internal.http.StreamAllocation,com.squareup.okhttp.internal.http.StreamAllocation_ESTest,14,0,False
339,BugSwarm,OkHttp-93618854,0,13bc80f511fc487b9120ab1ff8edc1e3,com.squareup.okhttp.internal.http.StreamAllocation,com.squareup.okhttp.internal.http.StreamAllocation_ESTest,12,0,False
340,BugSwarm,OkHttp-93618854,0,cedbd2caeec143628a99e6a4cd88b0ac,com.squareup.okhttp.internal.http.StreamAllocation,com.squareup.okhttp.internal.http.StreamAllocation_ESTest,13,0,False
341,BugSwarm,OkHttp-93618854,0,2806b779d145489a97a8a82c0d99f911,com.squareup.okhttp.internal.http.StreamAllocation,com.squareup.okhttp.internal.http.StreamAllocation_ESTest,7,0,False
342,BugSwarm,OkHttp-93618854,1,06f17f00e45a4c9b876f783fed050727,com.squareup.okhttp.internal.http.StreamAllocation,com.squareup.okhttp.internal.http.StreamAllocation_ESTest,12,0,False
343,BugSwarm,OkHttp-93618854,1,0925c73675fa4abea2c3c3c498a3d29d,com.squareup.okhttp.internal.http.StreamAllocation,com.squareup.okhttp.internal.http.StreamAllocation_ESTest,12,0,False
344,BugSwarm,OkHttp-93618854,1,2108b465937a49cda19e084d63ff3b65,com.squareup.okhttp.internal.http.StreamAllocation,com.squareup.okhttp.internal.http.StreamAllocation_ESTest,13,0,False
345,BugSwarm,OkHttp-93618854,1,68dff5a064554ab9b2ae12d3dd8b4b40,com.squareup.okhttp.internal.http.StreamAllocation,com.squareup.okhttp.internal.http.StreamAllocation_ESTest,12,0,False
346,BugSwarm,OkHttp-93618854,1,5bcd3bf52631469bb26cc2b7c583ca40,com.squareup.okhttp.internal.http.StreamAllocation,com.squareup.okhttp.internal.http.StreamAllocation_ESTest,13,0,False
347,BugSwarm,OkHttp-93618854,1,34e4e1bc0d634235895faf7cbd5696e0,com.squareup.okhttp.internal.http.StreamAllocation,com.squareup.okhttp.internal.http.StreamAllocation_ESTest,13,0,False
348,BugSwarm,OkHttp-93618854,1,01f9347638604377b2d21fa49422f573,com.squareup.okhttp.internal.http.StreamAllocation,com.squareup.okhttp.internal.http.StreamAllocation_ESTest,12,0,False
349,BugSwarm,OkHttp-93618854,1,5bcfef12736e441d90900d4e98ba68c4,com.squareup.okhttp.internal.http.StreamAllocation,com.squareup.okhttp.internal.http.StreamAllocation_ESTest,12,0,False
350,BugSwarm,OkHttp-93618854,1,6d0506af9bdb482fbfac9ae8bd24c84d,com.squareup.okhttp.internal.http.StreamAllocation,com.squareup.okhttp.internal.http.StreamAllocation_ESTest,12,0,False
351,BugSwarm,OkHttp-93618854,1,e254208483e34c16bdd2fb9db541e3ed,com.squareup.okhttp.internal.http.StreamAllocation,com.squareup.okhttp.internal.http.StreamAllocation_ESTest,13,0,False
352,BugSwarm,OkHttp-93618854,1,6e8a8784a6c248da821434c168991077,com.squareup.okhttp.internal.http.StreamAllocation,com.squareup.okhttp.internal.http.StreamAllocation_ESTest,13,0,False
353,BugSwarm,OkHttp-93618854,1,ca1dcbbf243142b3961f9cc02d94ad24,com.squareup.okhttp.internal.http.StreamAllocation,com.squareup.okhttp.internal.http.StreamAllocation_ESTest,14,0,False
354,BugSwarm,OkHttp-93618854,1,8128936f68ce44cc80fd7f1f0ec1bf6a,com.squareup.okhttp.internal.http.StreamAllocation,com.squareup.okhttp.internal.http.StreamAllocation_ESTest,12,0,False
355,BugSwarm,OkHttp-93618854,1,d473d8675d564937969b162318475a40,com.squareup.okhttp.internal.http.StreamAllocation,com.squareup.okhttp.internal.http.StreamAllocation_ESTest,13,0,False
356,BugSwarm,OkHttp-93618854,1,0d04888751b444a8934ce30c7380e7f7,com.squareup.okhttp.internal.http.StreamAllocation,com.squareup.okhttp.internal.http.StreamAllocation_ESTest,13,0,False
357,BugSwarm,OkHttp-93618854,1,233cdde83de34bdd9f5533fa584861df,com.squareup.okhttp.internal.http.StreamAllocation,com.squareup.okhttp.internal.http.StreamAllocation_ESTest,13,0,False
358,BugSwarm,OkHttp-93618854,1,b61f38d39ea741c195dbeed556d56c1f,com.squareup.okhttp.internal.http.StreamAllocation,com.squareup.okhttp.internal.http.StreamAllocation_ESTest,12,0,False
359,BugSwarm,OkHttp-93618854,1,dee892bdd14a4de68766cd0be40ea4c4,com.squareup.okhttp.internal.http.StreamAllocation,com.squareup.okhttp.internal.http.StreamAllocation_ESTest,13,0,False
360,BugSwarm,OkHttp-93618854,1,2053f942f9934b29bee3a8de224e4139,com.squareup.okhttp.internal.http.StreamAllocation,com.squareup.okhttp.internal.http.StreamAllocation_ESTest,13,0,False
361,BugSwarm,OkHttp-93618854,1,fe8955bf2fda45f785680ae416401e74,com.squareup.okhttp.internal.http.StreamAllocation,com.squareup.okhttp.internal.http.StreamAllocation_ESTest,12,0,False
362,BugSwarm,OkHttp-93618854,1,6d6437c9786b4c95bcc826a851afd4d4,com.squareup.okhttp.internal.http.StreamAllocation,com.squareup.okhttp.internal.http.StreamAllocation_ESTest,12,0,False
363,BugSwarm,OkHttp-93618854,1,aaa374fceaf64bb0bb8d6a16d361c274,com.squareup.okhttp.internal.http.StreamAllocation,com.squareup.okhttp.internal.http.StreamAllocation_ESTest,12,0,False
364,BugSwarm,OkHttp-93618854,1,a615792cd92040fcbcc2d82240a0a5e5,com.squareup.okhttp.internal.http.StreamAllocation,com.squareup.okhttp.internal.http.StreamAllocation_ESTest,12,0,False
365,BugSwarm,OkHttp-93618854,1,17078573745546cd9d8cc6fb76bf6e1b,com.squareup.okhttp.internal.http.StreamAllocation,com.squareup.okhttp.internal.http.StreamAllocation_ESTest,12,0,False
366,BugSwarm,OkHttp-93618854,1,e70b8d5d0b3749f183583d456bad68c2,com.squareup.okhttp.internal.http.StreamAllocation,com.squareup.okhttp.internal.http.StreamAllocation_ESTest,13,0,False
367,BugSwarm,OkHttp-93618854,1,c562a4d049954694abcfca795798b4b6,com.squareup.okhttp.internal.http.StreamAllocation,com.squareup.okhttp.internal.http.StreamAllocation_ESTest,12,0,False
368,BugSwarm,OkHttp-93618854,1,d5ffebd67459407eb8ca343ee248f0c1,com.squareup.okhttp.internal.http.StreamAllocation,com.squareup.okhttp.internal.http.StreamAllocation_ESTest,14,0,False
369,BugSwarm,OkHttp-93618854,1,13bc80f511fc487b9120ab1ff8edc1e3,com.squareup.okhttp.internal.http.StreamAllocation,com.squareup.okhttp.internal.http.StreamAllocation_ESTest,12,0,False
370,BugSwarm,OkHttp-93618854,1,cedbd2caeec143628a99e6a4cd88b0ac,com.squareup.okhttp.internal.http.StreamAllocation,com.squareup.okhttp.internal.http.StreamAllocation_ESTest,13,0,False
371,BugSwarm,OkHttp-93618854,1,2806b779d145489a97a8a82c0d99f911,com.squareup.okhttp.internal.http.StreamAllocation,com.squareup.okhttp.internal.http.StreamAllocation_ESTest,7,0,False
372,BugSwarm,Artemis__odb-71816517,0,e0bb7b433262476a843af0aec86ac26b,com.artemis.EntityEditPool,com.artemis.EntityEditPool_ESTest,8,0,False
373,BugSwarm,Artemis__odb-71816517,0,db86811f1ac44489b3ddd7b9013788cf,com.artemis.EntityEditPool,com.artemis.EntityEditPool_ESTest,7,0,False
374,BugSwarm,Artemis__odb-71816517,0,ed6709541a2e4ecab79bf88302d1a645,com.artemis.EntityEditPool,com.artemis.EntityEditPool_ESTest,7,0,False
375,BugSwarm,Artemis__odb-71816517,0,2b876eb246164ffe8feb3d4b17b9ecfa,com.artemis.EntityEditPool,com.artemis.EntityEditPool_ESTest,7,0,False
376,BugSwarm,Artemis__odb-71816517,0,e746734db3814d78971eaff93638abf0,com.artemis.EntityEditPool,com.artemis.EntityEditPool_ESTest,10,0,False
377,BugSwarm,Artemis__odb-71816517,0,290200263aa84722a50c2028650f0b6d,com.artemis.EntityEditPool,com.artemis.EntityEditPool_ESTest,8,0,False
378,BugSwarm,Artemis__odb-71816517,0,87985e51bdd44e2981f56b6965599da5,com.artemis.EntityEditPool,com.artemis.EntityEditPool_ESTest,8,0,False
379,BugSwarm,Artemis__odb-71816517,0,fa7461f6fa3c43af9abd1097255f1a73,com.artemis.EntityEditPool,com.artemis.EntityEditPool_ESTest,8,0,False
380,BugSwarm,Artemis__odb-71816517,0,364c7e8adc3e4473b9bb9a52405c400f,com.artemis.EntityEditPool,com.artemis.EntityEditPool_ESTest,7,0,False
381,BugSwarm,Artemis__odb-71816517,0,8cc9d9409bd04a498a51e52eaa7ca8e3,com.artemis.EntityEditPool,com.artemis.EntityEditPool_ESTest,8,0,False
382,BugSwarm,Artemis__odb-71816517,0,92c3fa1203124aee9ab649954297972a,com.artemis.EntityEditPool,com.artemis.EntityEditPool_ESTest,8,0,False
383,BugSwarm,Artemis__odb-71816517,0,86780aab075449e19f3fac2ac5180e13,com.artemis.EntityEditPool,com.artemis.EntityEditPool_ESTest,7,0,False
384,BugSwarm,Artemis__odb-71816517,0,cc2e4aa8ec32414fb6601398701f1787,com.artemis.EntityEditPool,com.artemis.EntityEditPool_ESTest,8,0,False
385,BugSwarm,Artemis__odb-71816517,0,bdaa9c5d47a342a88a0a371a5f3e1ab8,com.artemis.EntityEditPool,com.artemis.EntityEditPool_ESTest,9,0,False
386,BugSwarm,Artemis__odb-71816517,0,6e2b6e56c4cb4f8cac8460b265e53b0d,com.artemis.EntityEditPool,com.artemis.EntityEditPool_ESTest,9,0,False
387,BugSwarm,Artemis__odb-71816517,0,83aa86d543194b04a351929a803eb7aa,com.artemis.EntityEditPool,com.artemis.EntityEditPool_ESTest,7,0,False
388,BugSwarm,Artemis__odb-71816517,0,74bb4d6ba2724b26878a3c9758367a5c,com.artemis.EntityEditPool,com.artemis.EntityEditPool_ESTest,7,0,False
389,BugSwarm,Artemis__odb-71816517,0,79cdd79675924453a523b91231a7c288,com.artemis.EntityEditPool,com.artemis.EntityEditPool_ESTest,7,0,False
390,BugSwarm,Artemis__odb-71816517,0,fe25edc79f6a47869d17f2b56f8c754c,com.artemis.EntityEditPool,com.artemis.EntityEditPool_ESTest,9,0,False
391,BugSwarm,Artemis__odb-71816517,0,01340ac1a01546d48c61efd183c67998,com.artemis.EntityEditPool,com.artemis.EntityEditPool_ESTest,8,0,False
392,BugSwarm,Artemis__odb-71816517,0,b20e956f6a55436e8db8e75c2f646ad2,com.artemis.EntityEditPool,com.artemis.EntityEditPool_ESTest,9,0,False
393,BugSwarm,Artemis__odb-71816517,0,3ff47178ee7445e59e19e9dda6750f03,com.artemis.EntityEditPool,com.artemis.EntityEditPool_ESTest,8,0,False
394,BugSwarm,Artemis__odb-71816517,0,3a6649f116b543a7886cb9ff8a15196e,com.artemis.EntityEditPool,com.artemis.EntityEditPool_ESTest,9,0,False
395,BugSwarm,Artemis__odb-71816517,0,c0162db17b464c4eb66a9444b032d072,com.artemis.EntityEditPool,com.artemis.EntityEditPool_ESTest,8,0,False
396,BugSwarm,Artemis__odb-71816517,0,4fd99feb799d45e9ada8b9330c0ec866,com.artemis.EntityEditPool,com.artemis.EntityEditPool_ESTest,8,0,False
397,BugSwarm,Artemis__odb-71816517,0,5ff3c17699204a328346be91ba1fa0a2,com.artemis.EntityEditPool,com.artemis.EntityEditPool_ESTest,9,0,False
398,BugSwarm,Artemis__odb-71816517,0,83d96e9a327d432a80117ded470d4adb,com.artemis.EntityEditPool,com.artemis.EntityEditPool_ESTest,8,0,False
399,BugSwarm,Artemis__odb-71816517,0,a8eb951bab5944b1b207792da79fad57,com.artemis.EntityEditPool,com.artemis.EntityEditPool_ESTest,8,0,False
400,BugSwarm,Artemis__odb-71816517,0,08e2b117cb8b4cff946bbf756f31022b,com.artemis.EntityEditPool,com.artemis.EntityEditPool_ESTest,8,0,False
401,BugSwarm,Artemis__odb-71816517,0,0a01c05f724f45bf81d7ebf5b167eb95,com.artemis.EntityEditPool,com.artemis.EntityEditPool_ESTest,8,0,False
402,BugSwarm,ACS_AEM_Commons-374231969,0,46b5a2d1dbe84274b5b2d6f3984d718d,com.adobe.acs.commons.mcp.impl.processes.asset.UrlAssetImport,com.adobe.acs.commons.mcp.impl.processes.asset.UrlAssetImport_ESTest,4,0,False
403,BugSwarm,ACS_AEM_Commons-374231969,0,d3db4526c8714001a071473e5bf8d8e2,com.adobe.acs.commons.mcp.impl.processes.asset.UrlAssetImport,com.adobe.acs.commons.mcp.impl.processes.asset.UrlAssetImport_ESTest,3,0,False
404,BugSwarm,ACS_AEM_Commons-374231969,0,f9f2fedc5b3744bbae947bd598717fde,com.adobe.acs.commons.mcp.impl.processes.asset.UrlAssetImport,com.adobe.acs.commons.mcp.impl.processes.asset.UrlAssetImport_ESTest,4,0,False
405,BugSwarm,ACS_AEM_Commons-374231969,0,b8c227251a71478d90e4f8b2470efacb,com.adobe.acs.commons.mcp.impl.processes.asset.UrlAssetImport,com.adobe.acs.commons.mcp.impl.processes.asset.UrlAssetImport_ESTest,3,0,False
406,BugSwarm,ACS_AEM_Commons-374231969,0,f2a685c36ae54e7e8e6a58085fba845b,com.adobe.acs.commons.mcp.impl.processes.asset.UrlAssetImport,com.adobe.acs.commons.mcp.impl.processes.asset.UrlAssetImport_ESTest,4,0,False
407,BugSwarm,ACS_AEM_Commons-374231969,0,28bd0c86ca2b4e9fa60c3b0da173e6f7,com.adobe.acs.commons.mcp.impl.processes.asset.UrlAssetImport,com.adobe.acs.commons.mcp.impl.processes.asset.UrlAssetImport_ESTest,4,0,False
408,BugSwarm,ACS_AEM_Commons-374231969,0,57faea273f594050beef5612d0df8254,com.adobe.acs.commons.mcp.impl.processes.asset.UrlAssetImport,com.adobe.acs.commons.mcp.impl.processes.asset.UrlAssetImport_ESTest,3,0,False
409,BugSwarm,ACS_AEM_Commons-374231969,0,06eccc5a612643f584b4e0ff72c57c78,com.adobe.acs.commons.mcp.impl.processes.asset.UrlAssetImport,com.adobe.acs.commons.mcp.impl.processes.asset.UrlAssetImport_ESTest,3,0,False
410,BugSwarm,ACS_AEM_Commons-374231969,0,4f73c323ddfe42f5b4e805da4896cf12,com.adobe.acs.commons.mcp.impl.processes.asset.UrlAssetImport,com.adobe.acs.commons.mcp.impl.processes.asset.UrlAssetImport_ESTest,4,0,False
411,BugSwarm,ACS_AEM_Commons-374231969,0,f9a98c0ce90e4f8a8023f6f3ee8d8d41,com.adobe.acs.commons.mcp.impl.processes.asset.UrlAssetImport,com.adobe.acs.commons.mcp.impl.processes.asset.UrlAssetImport_ESTest,2,0,False
412,BugSwarm,ACS_AEM_Commons-374231969,0,3111109c61ca4401a607cc1a36b447bf,com.adobe.acs.commons.mcp.impl.processes.asset.UrlAssetImport,com.adobe.acs.commons.mcp.impl.processes.asset.UrlAssetImport_ESTest,4,0,False
413,BugSwarm,ACS_AEM_Commons-374231969,0,3fedc5d8f2db4156a516ebf61bcf7aa4,com.adobe.acs.commons.mcp.impl.processes.asset.UrlAssetImport,com.adobe.acs.commons.mcp.impl.processes.asset.UrlAssetImport_ESTest,4,0,False
414,BugSwarm,ACS_AEM_Commons-374231969,0,161e09614044414aaa3bf6ecf85d588b,com.adobe.acs.commons.mcp.impl.processes.asset.UrlAssetImport,com.adobe.acs.commons.mcp.impl.processes.asset.UrlAssetImport_ESTest,3,0,False
415,BugSwarm,ACS_AEM_Commons-374231969,0,47bd5435e29f442089f87f5a22d7dfa5,com.adobe.acs.commons.mcp.impl.processes.asset.UrlAssetImport,com.adobe.acs.commons.mcp.impl.processes.asset.UrlAssetImport_ESTest,4,0,False
416,BugSwarm,ACS_AEM_Commons-374231969,0,f1f6382cb28841b894b11a49b4c4903e,com.adobe.acs.commons.mcp.impl.processes.asset.UrlAssetImport,com.adobe.acs.commons.mcp.impl.processes.asset.UrlAssetImport_ESTest,5,0,False
417,BugSwarm,ACS_AEM_Commons-374231969,0,5f0fbe3b5b174a8297cb3d639efdbd89,com.adobe.acs.commons.mcp.impl.processes.asset.UrlAssetImport,com.adobe.acs.commons.mcp.impl.processes.asset.UrlAssetImport_ESTest,3,0,False
418,BugSwarm,ACS_AEM_Commons-374231969,0,7ad6cc60f1bc4980a2b8f74f2310cf0e,com.adobe.acs.commons.mcp.impl.processes.asset.UrlAssetImport,com.adobe.acs.commons.mcp.impl.processes.asset.UrlAssetImport_ESTest,5,0,False
419,BugSwarm,ACS_AEM_Commons-374231969,0,6125c5b1d640427f885f0aa39252c41a,com.adobe.acs.commons.mcp.impl.processes.asset.UrlAssetImport,com.adobe.acs.commons.mcp.impl.processes.asset.UrlAssetImport_ESTest,4,0,False
420,BugSwarm,ACS_AEM_Commons-374231969,0,0a9f09543ee44108827effca06bce653,com.adobe.acs.commons.mcp.impl.processes.asset.UrlAssetImport,com.adobe.acs.commons.mcp.impl.processes.asset.UrlAssetImport_ESTest,3,0,False
421,BugSwarm,ACS_AEM_Commons-374231969,0,d66cd0c3edbf47e3842ccec960370bc7,com.adobe.acs.commons.mcp.impl.processes.asset.UrlAssetImport,com.adobe.acs.commons.mcp.impl.processes.asset.UrlAssetImport_ESTest,3,0,False
422,BugSwarm,ACS_AEM_Commons-374231969,0,776ad1b7b98c47e8bf42b0c0196f9a55,com.adobe.acs.commons.mcp.impl.processes.asset.UrlAssetImport,com.adobe.acs.commons.mcp.impl.processes.asset.UrlAssetImport_ESTest,4,0,False
423,BugSwarm,ACS_AEM_Commons-374231969,0,4a4289e10ddb40208b219f9fbcd379db,com.adobe.acs.commons.mcp.impl.processes.asset.UrlAssetImport,com.adobe.acs.commons.mcp.impl.processes.asset.UrlAssetImport_ESTest,3,0,False
424,BugSwarm,ACS_AEM_Commons-374231969,0,5fefa974485f43aa8f1279f20b47276e,com.adobe.acs.commons.mcp.impl.processes.asset.UrlAssetImport,com.adobe.acs.commons.mcp.impl.processes.asset.UrlAssetImport_ESTest,4,0,False
425,BugSwarm,ACS_AEM_Commons-374231969,0,1310433dfeaa4b3a81a3bcde947d9b8a,com.adobe.acs.commons.mcp.impl.processes.asset.UrlAssetImport,com.adobe.acs.commons.mcp.impl.processes.asset.UrlAssetImport_ESTest,5,0,False
426,BugSwarm,ACS_AEM_Commons-374231969,0,d5e6ea3f292f4083879ab9614479caea,com.adobe.acs.commons.mcp.impl.processes.asset.UrlAssetImport,com.adobe.acs.commons.mcp.impl.processes.asset.UrlAssetImport_ESTest,3,0,False
427,BugSwarm,ACS_AEM_Commons-374231969,0,2961846336204bc3953416698ee0e4f1,com.adobe.acs.commons.mcp.impl.processes.asset.UrlAssetImport,com.adobe.acs.commons.mcp.impl.processes.asset.UrlAssetImport_ESTest,4,0,False
428,BugSwarm,BungeeCord-130330788,0,dd955ec0b3a3451e8df4cc5c7c547944,net.md_5.bungee.ConnectionThrottle,net.md_5.bungee.ConnectionThrottle_ESTest,0,0,False
429,BugSwarm,BungeeCord-130330788,0,ed0bc8ff1cf4440088552e95d34c0e98,net.md_5.bungee.ConnectionThrottle,net.md_5.bungee.ConnectionThrottle_ESTest,0,0,False
430,BugSwarm,BungeeCord-130330788,0,43c528676fac44fdb4017022946a0cfa,net.md_5.bungee.ConnectionThrottle,net.md_5.bungee.ConnectionThrottle_ESTest,0,0,False
431,BugSwarm,BungeeCord-130330788,0,3a0907971025498c80ac5502d8516c11,net.md_5.bungee.ConnectionThrottle,net.md_5.bungee.ConnectionThrottle_ESTest,0,0,False
432,BugSwarm,BungeeCord-130330788,0,83714dac96634f03b98539c0b3ac86cd,net.md_5.bungee.ConnectionThrottle,net.md_5.bungee.ConnectionThrottle_ESTest,0,0,False
433,BugSwarm,BungeeCord-130330788,0,440b219207764a4bb0c726a33f638f82,net.md_5.bungee.ConnectionThrottle,net.md_5.bungee.ConnectionThrottle_ESTest,0,0,False
434,BugSwarm,BungeeCord-130330788,0,a0fd43846e43490aad0ef9c21c1e32d4,net.md_5.bungee.ConnectionThrottle,net.md_5.bungee.ConnectionThrottle_ESTest,0,0,False
435,BugSwarm,BungeeCord-130330788,0,3741eb1bef66479195dcb3d5ef61aac1,net.md_5.bungee.ConnectionThrottle,net.md_5.bungee.ConnectionThrottle_ESTest,0,0,False
436,BugSwarm,BungeeCord-130330788,0,a8bd3c62806747dbaeb6a9e3a6a52983,net.md_5.bungee.ConnectionThrottle,net.md_5.bungee.ConnectionThrottle_ESTest,0,0,False
437,BugSwarm,BungeeCord-130330788,0,34562d87aa514216b960c0862f48ada5,net.md_5.bungee.ConnectionThrottle,net.md_5.bungee.ConnectionThrottle_ESTest,0,0,False
438,BugSwarm,BungeeCord-130330788,0,c4d0cb0732a747cda53110f18338a792,net.md_5.bungee.ConnectionThrottle,net.md_5.bungee.ConnectionThrottle_ESTest,0,0,False
439,BugSwarm,BungeeCord-130330788,0,347f7b7de8854480855e2d22fd18a32c,net.md_5.bungee.ConnectionThrottle,net.md_5.bungee.ConnectionThrottle_ESTest,0,0,False
440,BugSwarm,BungeeCord-130330788,0,52ae1efc94024abf86ed7b4e77662d63,net.md_5.bungee.ConnectionThrottle,net.md_5.bungee.ConnectionThrottle_ESTest,0,0,False
441,BugSwarm,BungeeCord-130330788,0,a55b4636612e4adaad42cea1a0a23d9f,net.md_5.bungee.ConnectionThrottle,net.md_5.bungee.ConnectionThrottle_ESTest,0,0,False
442,BugSwarm,BungeeCord-130330788,0,15407c25698b4683823636ef8f42f91a,net.md_5.bungee.ConnectionThrottle,net.md_5.bungee.ConnectionThrottle_ESTest,0,0,False
443,BugSwarm,BungeeCord-130330788,0,14c1800ae4094ccb841e3ea0d81dc0ef,net.md_5.bungee.ConnectionThrottle,net.md_5.bungee.ConnectionThrottle_ESTest,0,0,False
444,BugSwarm,BungeeCord-130330788,0,3ed1061f4d0846a69d3ba7a44145a3be,net.md_5.bungee.ConnectionThrottle,net.md_5.bungee.ConnectionThrottle_ESTest,0,0,False
445,BugSwarm,BungeeCord-130330788,0,de3b6fdd1bde4b829fac95ac00e6dce3,net.md_5.bungee.ConnectionThrottle,net.md_5.bungee.ConnectionThrottle_ESTest,0,0,False
446,BugSwarm,BungeeCord-130330788,0,17424f0bb6e74a1b85ea392614a6f586,net.md_5.bungee.ConnectionThrottle,net.md_5.bungee.ConnectionThrottle_ESTest,0,0,False
447,BugSwarm,BungeeCord-130330788,0,85e493202e9e4b028a4fd7cd9059e72b,net.md_5.bungee.ConnectionThrottle,net.md_5.bungee.ConnectionThrottle_ESTest,0,0,False
448,BugSwarm,BungeeCord-130330788,0,f0b8eeb1a7fb473fa5036af6d9b689f7,net.md_5.bungee.ConnectionThrottle,net.md_5.bungee.ConnectionThrottle_ESTest,0,0,False
449,BugSwarm,BungeeCord-130330788,0,dbb7c51a3f9d4efb867e8d8b45949f2f,net.md_5.bungee.ConnectionThrottle,net.md_5.bungee.ConnectionThrottle_ESTest,0,0,False
450,BugSwarm,BungeeCord-130330788,0,4f6a340cfc124d1d89d95b0e866efd08,net.md_5.bungee.ConnectionThrottle,net.md_5.bungee.ConnectionThrottle_ESTest,0,0,False
451,BugSwarm,BungeeCord-130330788,0,5699d36830914b78926226c68425c9b8,net.md_5.bungee.ConnectionThrottle,net.md_5.bungee.ConnectionThrottle_ESTest,0,0,False
452,BugSwarm,BungeeCord-130330788,0,94b5911d2ff94680a9812c4b9aac2dfb,net.md_5.bungee.ConnectionThrottle,net.md_5.bungee.ConnectionThrottle_ESTest,0,0,False
453,BugSwarm,BungeeCord-130330788,0,e54503ae81e7498ba9f3aa015429273d,net.md_5.bungee.ConnectionThrottle,net.md_5.bungee.ConnectionThrottle_ESTest,0,0,False
454,BugSwarm,BungeeCord-130330788,0,1f7cd37cd310483c87114371012db039,net.md_5.bungee.ConnectionThrottle,net.md_5.bungee.ConnectionThrottle_ESTest,0,0,False
455,BugSwarm,BungeeCord-130330788,0,7e23d6ec78214f92bee8979d9b3206b4,net.md_5.bungee.ConnectionThrottle,net.md_5.bungee.ConnectionThrottle_ESTest,0,0,False
456,BugSwarm,BungeeCord-130330788,0,bd9b39762f96466d9b34ab9fba5dbb80,net.md_5.bungee.ConnectionThrottle,net.md_5.bungee.ConnectionThrottle_ESTest,0,0,False
457,BugSwarm,BungeeCord-130330788,0,80d3bbf15f68462ea35014fc02f85b92,net.md_5.bungee.ConnectionThrottle,net.md_5.bungee.ConnectionThrottle_ESTest,0,0,False
458,BugSwarm,Yamcs-186324159,0,4d5e2b0d37544a45810ce6f637d53cf1,org.yamcs.xtce.SpreadsheetLoader,org.yamcs.xtce.SpreadsheetLoader_ESTest,9,0,False
459,BugSwarm,Yamcs-186324159,0,aab983a00e164a7e8777034b90df64b3,org.yamcs.xtce.SpreadsheetLoader,org.yamcs.xtce.SpreadsheetLoader_ESTest,14,0,False
460,BugSwarm,Yamcs-186324159,0,920300aaa579446e9eddaac450f314b2,org.yamcs.xtce.SpreadsheetLoader,org.yamcs.xtce.SpreadsheetLoader_ESTest,10,0,False
461,BugSwarm,Yamcs-186324159,0,639d48e6049547789ca3f7767f62e9df,org.yamcs.xtce.SpreadsheetLoader,org.yamcs.xtce.SpreadsheetLoader_ESTest,6,0,False
462,BugSwarm,Yamcs-186324159,0,2d287138f5f94dfc8a7c1e6d0f929333,org.yamcs.xtce.SpreadsheetLoader,org.yamcs.xtce.SpreadsheetLoader_ESTest,8,0,False
463,BugSwarm,Yamcs-186324159,0,f51f6aac5c1d4276a9bc7ac5cba96eee,org.yamcs.xtce.SpreadsheetLoader,org.yamcs.xtce.SpreadsheetLoader_ESTest,11,0,False
464,BugSwarm,Yamcs-186324159,0,d36265fd25004db6b1e798d31f4d04d6,org.yamcs.xtce.SpreadsheetLoader,org.yamcs.xtce.SpreadsheetLoader_ESTest,10,0,False
465,BugSwarm,Yamcs-186324159,0,eaf769d46f124e17a053b813e3a63fd2,org.yamcs.xtce.SpreadsheetLoader,org.yamcs.xtce.SpreadsheetLoader_ESTest,12,0,False
466,BugSwarm,Yamcs-186324159,0,e0b57b43a8b0410e8ba2dae188458bc5,org.yamcs.xtce.SpreadsheetLoader,org.yamcs.xtce.SpreadsheetLoader_ESTest,11,0,False
467,BugSwarm,Yamcs-186324159,0,3c679575299c4a708f55c8841489605e,org.yamcs.xtce.SpreadsheetLoader,org.yamcs.xtce.SpreadsheetLoader_ESTest,9,0,False
468,BugSwarm,Yamcs-186324159,0,1253babb2bbc4b768f4c6293e89b8bb5,org.yamcs.xtce.SpreadsheetLoader,org.yamcs.xtce.SpreadsheetLoader_ESTest,8,0,False
469,BugSwarm,Yamcs-186324159,0,1e1acd6d3630404fbae1f6925c92a2e8,org.yamcs.xtce.SpreadsheetLoader,org.yamcs.xtce.SpreadsheetLoader_ESTest,27,0,False
470,BugSwarm,Yamcs-186324159,0,4533869da2ec421d9fc3ae47c15570e0,org.yamcs.xtce.SpreadsheetLoader,org.yamcs.xtce.SpreadsheetLoader_ESTest,10,0,False
471,BugSwarm,Yamcs-186324159,0,8dfac3b71f674c4f8505b2d2f9093084,org.yamcs.xtce.SpreadsheetLoader,org.yamcs.xtce.SpreadsheetLoader_ESTest,8,0,False
472,BugSwarm,Yamcs-186324159,0,583f773f8d164fbf927487e2b73df391,org.yamcs.xtce.SpreadsheetLoader,org.yamcs.xtce.SpreadsheetLoader_ESTest,8,0,False
473,BugSwarm,Yamcs-186324159,0,b7d87f1ca74c4fc086dd3fada4ff1d87,org.yamcs.xtce.SpreadsheetLoader,org.yamcs.xtce.SpreadsheetLoader_ESTest,6,0,False
474,BugSwarm,Yamcs-186324159,0,7e050fa5d2754d87bb50c88b4764e4bd,org.yamcs.xtce.SpreadsheetLoader,org.yamcs.xtce.SpreadsheetLoader_ESTest,8,0,False
475,BugSwarm,Yamcs-186324159,0,9e72b279fa2546369b064c7b9a9e4c40,org.yamcs.xtce.SpreadsheetLoader,org.yamcs.xtce.SpreadsheetLoader_ESTest,7,0,False
476,BugSwarm,Yamcs-186324159,0,2f9766dabe5b41d5a01915c4b89bca38,org.yamcs.xtce.SpreadsheetLoader,org.yamcs.xtce.SpreadsheetLoader_ESTest,9,0,False
477,BugSwarm,Yamcs-186324159,0,17032e0e4bf1444aaa9c3aa282e0ad5e,org.yamcs.xtce.SpreadsheetLoader,org.yamcs.xtce.SpreadsheetLoader_ESTest,7,0,False
478,BugSwarm,Yamcs-186324159,0,00a7345409484c49984ba9ba69a31ae6,org.yamcs.xtce.SpreadsheetLoader,org.yamcs.xtce.SpreadsheetLoader_ESTest,9,0,False
479,BugSwarm,Yamcs-186324159,0,4d00d281979b437c8d6138c99cd5c6df,org.yamcs.xtce.SpreadsheetLoader,org.yamcs.xtce.SpreadsheetLoader_ESTest,10,0,False
480,BugSwarm,Yamcs-186324159,0,11b01b46ae65444187c6d89ce197580a,org.yamcs.xtce.SpreadsheetLoader,org.yamcs.xtce.SpreadsheetLoader_ESTest,9,0,False
481,BugSwarm,Yamcs-186324159,0,3259d359335a44cb8e293f7e3d86be9a,org.yamcs.xtce.SpreadsheetLoader,org.yamcs.xtce.SpreadsheetLoader_ESTest,10,0,False
482,BugSwarm,Yamcs-186324159,0,d7b619f3cf504cf998f3a352ce9623dd,org.yamcs.xtce.SpreadsheetLoader,org.yamcs.xtce.SpreadsheetLoader_ESTest,10,0,False
483,BugSwarm,Yamcs-186324159,0,ae9440a9785c4b96b8adaa6c4209f12b,org.yamcs.xtce.SpreadsheetLoader,org.yamcs.xtce.SpreadsheetLoader_ESTest,11,0,False
484,BugSwarm,Yamcs-186324159,0,c957eee775994fb6a7ea49306fa7de06,org.yamcs.xtce.SpreadsheetLoader,org.yamcs.xtce.SpreadsheetLoader_ESTest,7,0,False
485,BugSwarm,Yamcs-186324159,0,0dbbb9280f8d4f28b5e32ec11c25eb43,org.yamcs.xtce.SpreadsheetLoader,org.yamcs.xtce.SpreadsheetLoader_ESTest,8,0,False
486,BugSwarm,Yamcs-186324159,0,806fff8ba5fc44b3a87b1f76b3d35b24,org.yamcs.xtce.SpreadsheetLoader,org.yamcs.xtce.SpreadsheetLoader_ESTest,9,0,False
487,BugSwarm,REST_Countries-207869551,0,0fb2cd7ba85f475b9d07125b85a1be1e,fayder.restcountries.rest.CountryServiceHelper,fayder.restcountries.rest.CountryServiceHelper_ESTest,21,0,False
488,BugSwarm,REST_Countries-207869551,0,6bf69133bc90485292dd23487ae02992,fayder.restcountries.rest.CountryServiceHelper,fayder.restcountries.rest.CountryServiceHelper_ESTest,19,0,False
489,BugSwarm,REST_Countries-207869551,0,936350feeb43499e9b3a19932fefce68,fayder.restcountries.rest.CountryServiceHelper,fayder.restcountries.rest.CountryServiceHelper_ESTest,17,0,False
490,BugSwarm,REST_Countries-207869551,0,07d85d45e3ab41c6900fc850a10e5767,fayder.restcountries.rest.CountryServiceHelper,fayder.restcountries.rest.CountryServiceHelper_ESTest,19,0,False
491,BugSwarm,REST_Countries-207869551,0,ca078ea4ad49472798585c3bb21537cc,fayder.restcountries.rest.CountryServiceHelper,fayder.restcountries.rest.CountryServiceHelper_ESTest,20,0,False
492,BugSwarm,REST_Countries-207869551,0,87061558c7a3437988e420ec100bcb21,fayder.restcountries.rest.CountryServiceHelper,fayder.restcountries.rest.CountryServiceHelper_ESTest,18,0,False
493,BugSwarm,REST_Countries-207869551,0,3b7ef3dae67b4174b38bade4b72b6d71,fayder.restcountries.rest.CountryServiceHelper,fayder.restcountries.rest.CountryServiceHelper_ESTest,17,0,False
494,BugSwarm,REST_Countries-207869551,0,b82821b080a647c9a6e41935d1710b65,fayder.restcountries.rest.CountryServiceHelper,fayder.restcountries.rest.CountryServiceHelper_ESTest,17,0,False
495,BugSwarm,REST_Countries-207869551,0,74bec40e94f243cc9689cf2e883205fb,fayder.restcountries.rest.CountryServiceHelper,fayder.restcountries.rest.CountryServiceHelper_ESTest,20,0,False
496,BugSwarm,REST_Countries-207869551,0,48e2bf0fdc2f4f529e71b0cb65686e5f,fayder.restcountries.rest.CountryServiceHelper,fayder.restcountries.rest.CountryServiceHelper_ESTest,17,0,False
497,BugSwarm,REST_Countries-207869551,0,7a17daf3a0fa47528f41dca9f30564b3,fayder.restcountries.rest.CountryServiceHelper,fayder.restcountries.rest.CountryServiceHelper_ESTest,19,0,False
498,BugSwarm,REST_Countries-207869551,0,82a0c56ac484406da51bfaf5087fc912,fayder.restcountries.rest.CountryServiceHelper,fayder.restcountries.rest.CountryServiceHelper_ESTest,19,0,False
499,BugSwarm,REST_Countries-207869551,0,6ad90a8a2b5b48ab91ee1b6c4a3f3816,fayder.restcountries.rest.CountryServiceHelper,fayder.restcountries.rest.CountryServiceHelper_ESTest,19,0,False
500,BugSwarm,REST_Countries-207869551,0,6710e56b3a674c2ea0c7e32c083bf270,fayder.restcountries.rest.CountryServiceHelper,fayder.restcountries.rest.CountryServiceHelper_ESTest,18,0,False
501,BugSwarm,REST_Countries-207869551,0,2897e914581f436eb0189a3d47365f30,fayder.restcountries.rest.CountryServiceHelper,fayder.restcountries.rest.CountryServiceHelper_ESTest,19,0,False
502,BugSwarm,REST_Countries-207869551,0,0504a09b2d314ec592c8710fa318982a,fayder.restcountries.rest.CountryServiceHelper,fayder.restcountries.rest.CountryServiceHelper_ESTest,17,0,False
503,BugSwarm,REST_Countries-207869551,0,cfc912a532344cc9bb6054166596e6ed,fayder.restcountries.rest.CountryServiceHelper,fayder.restcountries.rest.CountryServiceHelper_ESTest,16,0,False
504,BugSwarm,REST_Countries-207869551,0,9efe1e28dd2b4a88adc00513247e8066,fayder.restcountries.rest.CountryServiceHelper,fayder.restcountries.rest.CountryServiceHelper_ESTest,20,0,False
505,BugSwarm,REST_Countries-207869551,0,f9aec0d6b4ab4ece80773a4d3c3beff4,fayder.restcountries.rest.CountryServiceHelper,fayder.restcountries.rest.CountryServiceHelper_ESTest,18,0,False
506,BugSwarm,REST_Countries-207869551,0,274d3d8935c342ccbb1e6bb27242f32c,fayder.restcountries.rest.CountryServiceHelper,fayder.restcountries.rest.CountryServiceHelper_ESTest,19,0,False
507,BugSwarm,REST_Countries-207869551,0,bc71695e02f74676811e98c472326869,fayder.restcountries.rest.CountryServiceHelper,fayder.restcountries.rest.CountryServiceHelper_ESTest,16,0,False
508,BugSwarm,REST_Countries-207869551,0,df36d4686f814b1fb4f7b819aaf41bb5,fayder.restcountries.rest.CountryServiceHelper,fayder.restcountries.rest.CountryServiceHelper_ESTest,21,0,False
509,BugSwarm,REST_Countries-207869551,0,8a8ef0fdbbf342adbfb01e8fa53a3e34,fayder.restcountries.rest.CountryServiceHelper,fayder.restcountries.rest.CountryServiceHelper_ESTest,21,0,False
510,BugSwarm,REST_Countries-207869551,0,5cf621d7240b4342a2a6b1ccee5a314c,fayder.restcountries.rest.CountryServiceHelper,fayder.restcountries.rest.CountryServiceHelper_ESTest,19,0,False
511,BugSwarm,REST_Countries-207869551,0,13dfca85420f4daebc96bd48f246e1d3,fayder.restcountries.rest.CountryServiceHelper,fayder.restcountries.rest.CountryServiceHelper_ESTest,21,0,False
512,BugSwarm,REST_Countries-207869551,0,e5a89dee5b654c54ac131a3388eb82f7,fayder.restcountries.rest.CountryServiceHelper,fayder.restcountries.rest.CountryServiceHelper_ESTest,20,0,False
513,BugSwarm,REST_Countries-207869551,0,2123812615af47469b4aace02ce0e7c0,fayder.restcountries.rest.CountryServiceHelper,fayder.restcountries.rest.CountryServiceHelper_ESTest,18,0,False
514,BugSwarm,REST_Countries-207869551,0,a0e80a0db90043d783f5e62331c53f35,fayder.restcountries.rest.CountryServiceHelper,fayder.restcountries.rest.CountryServiceHelper_ESTest,16,0,False
515,BugSwarm,REST_Countries-207869551,0,a09b30a59e6b4ddc9d4158742d89dc70,fayder.restcountries.rest.CountryServiceHelper,fayder.restcountries.rest.CountryServiceHelper_ESTest,19,0,False
516,BugSwarm,REST_Countries-207869551,0,d50563779396414bbb692285d1d36202,fayder.restcountries.rest.CountryServiceHelper,fayder.restcountries.rest.CountryServiceHelper_ESTest,18,0,False
517,BugSwarm,Dubbo-416671625,0,63bc9924054f45a18987138b6dd9b69a,org.apache.dubbo.rpc.protocol.hessian.HttpClientConnectionFactory,org.apache.dubbo.rpc.protocol.hessian.HttpClientConnectionFactory_ESTest,1,0,False
518,BugSwarm,Dubbo-416671625,0,02de8fe501644cbc9d21d21803a178d2,org.apache.dubbo.rpc.protocol.hessian.HttpClientConnectionFactory,org.apache.dubbo.rpc.protocol.hessian.HttpClientConnectionFactory_ESTest,1,0,False
519,BugSwarm,Dubbo-416671625,0,94246ad58f864c84910cd2a51d6592fb,org.apache.dubbo.rpc.protocol.hessian.HttpClientConnectionFactory,org.apache.dubbo.rpc.protocol.hessian.HttpClientConnectionFactory_ESTest,1,0,False
520,BugSwarm,Dubbo-416671625,0,ee4b6a807a0f4e4e96e28bbf55fc36d6,org.apache.dubbo.rpc.protocol.hessian.HttpClientConnectionFactory,org.apache.dubbo.rpc.protocol.hessian.HttpClientConnectionFactory_ESTest,1,0,False
521,BugSwarm,Dubbo-416671625,0,4952ef7da54e4e4699fbb98af3e72840,org.apache.dubbo.rpc.protocol.hessian.HttpClientConnectionFactory,org.apache.dubbo.rpc.protocol.hessian.HttpClientConnectionFactory_ESTest,1,0,False
522,BugSwarm,Dubbo-416671625,0,658d87bd260243df884c74e7d37b32c5,org.apache.dubbo.rpc.protocol.hessian.HttpClientConnectionFactory,org.apache.dubbo.rpc.protocol.hessian.HttpClientConnectionFactory_ESTest,1,0,False
523,BugSwarm,Dubbo-416671625,0,a22aafcdf6094e40af9ddd0f8ddbd9da,org.apache.dubbo.rpc.protocol.hessian.HttpClientConnectionFactory,org.apache.dubbo.rpc.protocol.hessian.HttpClientConnectionFactory_ESTest,1,0,False
524,BugSwarm,Dubbo-416671625,0,a8632a605f9a46b7a44d99cacf2c1519,org.apache.dubbo.rpc.protocol.hessian.HttpClientConnectionFactory,org.apache.dubbo.rpc.protocol.hessian.HttpClientConnectionFactory_ESTest,1,0,False
525,BugSwarm,Dubbo-416671625,0,59fde9d75b6d4088a2b4c2ef0ac2ea86,org.apache.dubbo.rpc.protocol.hessian.HttpClientConnectionFactory,org.apache.dubbo.rpc.protocol.hessian.HttpClientConnectionFactory_ESTest,1,0,False
526,BugSwarm,Dubbo-416671625,0,ae22e7c68bf24b9c95d20924fefeb13b,org.apache.dubbo.rpc.protocol.hessian.HttpClientConnectionFactory,org.apache.dubbo.rpc.protocol.hessian.HttpClientConnectionFactory_ESTest,1,0,False
527,BugSwarm,Dubbo-416671625,0,02febb7035c24145a75947545306bd1f,org.apache.dubbo.rpc.protocol.hessian.HttpClientConnectionFactory,org.apache.dubbo.rpc.protocol.hessian.HttpClientConnectionFactory_ESTest,1,0,False
528,BugSwarm,Dubbo-416671625,0,0f741f0c47b3445db19b47417040b827,org.apache.dubbo.rpc.protocol.hessian.HttpClientConnectionFactory,org.apache.dubbo.rpc.protocol.hessian.HttpClientConnectionFactory_ESTest,1,0,False
529,BugSwarm,Dubbo-416671625,0,e15c41eff811498daaaff43ce8254f83,org.apache.dubbo.rpc.protocol.hessian.HttpClientConnectionFactory,org.apache.dubbo.rpc.protocol.hessian.HttpClientConnectionFactory_ESTest,1,0,False
530,BugSwarm,Dubbo-416671625,0,59cdf82630c441afb5863784504f8477,org.apache.dubbo.rpc.protocol.hessian.HttpClientConnectionFactory,org.apache.dubbo.rpc.protocol.hessian.HttpClientConnectionFactory_ESTest,1,0,False
531,BugSwarm,Dubbo-416671625,0,c6bfd7f88dca4de384a9f97044fbaa2d,org.apache.dubbo.rpc.protocol.hessian.HttpClientConnectionFactory,org.apache.dubbo.rpc.protocol.hessian.HttpClientConnectionFactory_ESTest,1,0,False
532,BugSwarm,Dubbo-416671625,0,53dee943ac4f44ce88ed0c6f0419f913,org.apache.dubbo.rpc.protocol.hessian.HttpClientConnectionFactory,org.apache.dubbo.rpc.protocol.hessian.HttpClientConnectionFactory_ESTest,1,0,False
533,BugSwarm,Dubbo-416671625,0,c9756b089e794b96b4df315b68316c20,org.apache.dubbo.rpc.protocol.hessian.HttpClientConnectionFactory,org.apache.dubbo.rpc.protocol.hessian.HttpClientConnectionFactory_ESTest,1,0,False
534,BugSwarm,Dubbo-416671625,0,32ab21b2b2954321832942a9b78661cc,org.apache.dubbo.rpc.protocol.hessian.HttpClientConnectionFactory,org.apache.dubbo.rpc.protocol.hessian.HttpClientConnectionFactory_ESTest,1,0,False
535,BugSwarm,Dubbo-416671625,0,76451a10862144aeb07aa7e0e6f0c1f4,org.apache.dubbo.rpc.protocol.hessian.HttpClientConnectionFactory,org.apache.dubbo.rpc.protocol.hessian.HttpClientConnectionFactory_ESTest,1,0,False
536,BugSwarm,Dubbo-416671625,0,0b3c0e5551d84736a46ff16377904c32,org.apache.dubbo.rpc.protocol.hessian.HttpClientConnectionFactory,org.apache.dubbo.rpc.protocol.hessian.HttpClientConnectionFactory_ESTest,1,0,False
537,BugSwarm,Dubbo-416671625,0,4e331f828c8c47999ea430591c3504e0,org.apache.dubbo.rpc.protocol.hessian.HttpClientConnectionFactory,org.apache.dubbo.rpc.protocol.hessian.HttpClientConnectionFactory_ESTest,1,0,False
538,BugSwarm,Dubbo-416671625,0,0dc89d44987145818ed8e8f3b7e5caef,org.apache.dubbo.rpc.protocol.hessian.HttpClientConnectionFactory,org.apache.dubbo.rpc.protocol.hessian.HttpClientConnectionFactory_ESTest,1,0,False
539,BugSwarm,Dubbo-416671625,0,0bac440bce0942e68b0d1455a03533f0,org.apache.dubbo.rpc.protocol.hessian.HttpClientConnectionFactory,org.apache.dubbo.rpc.protocol.hessian.HttpClientConnectionFactory_ESTest,1,0,False
540,BugSwarm,Dubbo-416671625,0,561b6d60f94e4e2eacd38861057ec288,org.apache.dubbo.rpc.protocol.hessian.HttpClientConnectionFactory,org.apache.dubbo.rpc.protocol.hessian.HttpClientConnectionFactory_ESTest,1,0,False
541,BugSwarm,Dubbo-416671625,0,d9384087dd714df6828c8c10b494d4e7,org.apache.dubbo.rpc.protocol.hessian.HttpClientConnectionFactory,org.apache.dubbo.rpc.protocol.hessian.HttpClientConnectionFactory_ESTest,1,0,False
542,BugSwarm,Dubbo-416671625,0,15bb47bb4b4c46bd85f23b6e8169e585,org.apache.dubbo.rpc.protocol.hessian.HttpClientConnectionFactory,org.apache.dubbo.rpc.protocol.hessian.HttpClientConnectionFactory_ESTest,1,0,False
543,BugSwarm,Dubbo-416671625,0,8098de9c6f7749e9bbecc42b3de17ee7,org.apache.dubbo.rpc.protocol.hessian.HttpClientConnectionFactory,org.apache.dubbo.rpc.protocol.hessian.HttpClientConnectionFactory_ESTest,1,0,False
544,BugSwarm,Dubbo-416671625,0,43cbc487d3504793a826185e68ffb5d0,org.apache.dubbo.rpc.protocol.hessian.HttpClientConnectionFactory,org.apache.dubbo.rpc.protocol.hessian.HttpClientConnectionFactory_ESTest,1,0,False
545,BugSwarm,Dubbo-416671625,0,b8b4039c7f8b4943b1c0fe38c702017c,org.apache.dubbo.rpc.protocol.hessian.HttpClientConnectionFactory,org.apache.dubbo.rpc.protocol.hessian.HttpClientConnectionFactory_ESTest,1,0,False
546,BugSwarm,Dubbo-416671625,0,da257075124844a3aa316d64b7b06a75,org.apache.dubbo.rpc.protocol.hessian.HttpClientConnectionFactory,org.apache.dubbo.rpc.protocol.hessian.HttpClientConnectionFactory_ESTest,1,0,False
547,BugSwarm,Universal_G__Code_Sender-676666184,0,91e2b4d851024ff890b30e8ae21e2515,com.willwinder.universalgcodesender.utils.GcodeStreamReader,com.willwinder.universalgcodesender.utils.GcodeStreamReader_ESTest,1,0,False
548,BugSwarm,Universal_G__Code_Sender-676666184,0,278362ec90b44d95ad17b45e9bc86a0e,com.willwinder.universalgcodesender.utils.GcodeStreamReader,com.willwinder.universalgcodesender.utils.GcodeStreamReader_ESTest,1,0,False
549,BugSwarm,Universal_G__Code_Sender-676666184,0,82dc1d506cae42cc83660f6bb4c151fa,com.willwinder.universalgcodesender.utils.GcodeStreamReader,com.willwinder.universalgcodesender.utils.GcodeStreamReader_ESTest,1,0,False
550,BugSwarm,Universal_G__Code_Sender-676666184,0,8822b0ffa6aa4df3a9d466c6dc71f81d,com.willwinder.universalgcodesender.utils.GcodeStreamReader,com.willwinder.universalgcodesender.utils.GcodeStreamReader_ESTest,1,0,False
551,BugSwarm,Universal_G__Code_Sender-676666184,0,323362a7be864e8ea3897c215d9ff1bb,com.willwinder.universalgcodesender.utils.GcodeStreamReader,com.willwinder.universalgcodesender.utils.GcodeStreamReader_ESTest,1,0,False
552,BugSwarm,Universal_G__Code_Sender-676666184,0,e99a521b6d2147789cb6b73e4adc3a68,com.willwinder.universalgcodesender.utils.GcodeStreamReader,com.willwinder.universalgcodesender.utils.GcodeStreamReader_ESTest,1,0,False
553,BugSwarm,Universal_G__Code_Sender-676666184,0,7ba7d277c5ed4d758db82642ed5f2c99,com.willwinder.universalgcodesender.utils.GcodeStreamReader,com.willwinder.universalgcodesender.utils.GcodeStreamReader_ESTest,1,0,False
554,BugSwarm,Universal_G__Code_Sender-676666184,0,6a5bf3ac6dfa49e1a80067bc9969e2ed,com.willwinder.universalgcodesender.utils.GcodeStreamReader,com.willwinder.universalgcodesender.utils.GcodeStreamReader_ESTest,1,0,False
555,BugSwarm,Universal_G__Code_Sender-676666184,0,c4d16951fad84a46b9365e3d25630b3d,com.willwinder.universalgcodesender.utils.GcodeStreamReader,com.willwinder.universalgcodesender.utils.GcodeStreamReader_ESTest,1,0,False
556,BugSwarm,Universal_G__Code_Sender-676666184,0,c57055b1bd064c82bfa332e1532fbf8f,com.willwinder.universalgcodesender.utils.GcodeStreamReader,com.willwinder.universalgcodesender.utils.GcodeStreamReader_ESTest,1,0,False
557,BugSwarm,Universal_G__Code_Sender-676666184,0,2fe0fca7c90e44aa9a5dc826bc59ae82,com.willwinder.universalgcodesender.utils.GcodeStreamReader,com.willwinder.universalgcodesender.utils.GcodeStreamReader_ESTest,1,0,False
558,BugSwarm,Universal_G__Code_Sender-676666184,0,fdd706aea9f446cba3699b5c5086fb80,com.willwinder.universalgcodesender.utils.GcodeStreamReader,com.willwinder.universalgcodesender.utils.GcodeStreamReader_ESTest,1,0,False
559,BugSwarm,Universal_G__Code_Sender-676666184,0,9e869948996745fb8f3988a7f8a5fe42,com.willwinder.universalgcodesender.utils.GcodeStreamReader,com.willwinder.universalgcodesender.utils.GcodeStreamReader_ESTest,1,0,False
560,BugSwarm,Universal_G__Code_Sender-676666184,0,3f86d745249d4686a3de57f4e8a8e451,com.willwinder.universalgcodesender.utils.GcodeStreamReader,com.willwinder.universalgcodesender.utils.GcodeStreamReader_ESTest,1,0,False
561,BugSwarm,Universal_G__Code_Sender-676666184,0,3316ed70385e4103a3b9e275854892c0,com.willwinder.universalgcodesender.utils.GcodeStreamReader,com.willwinder.universalgcodesender.utils.GcodeStreamReader_ESTest,1,0,False
562,BugSwarm,Universal_G__Code_Sender-676666184,0,aed18bef54aa4474b5428faf28a5fb07,com.willwinder.universalgcodesender.utils.GcodeStreamReader,com.willwinder.universalgcodesender.utils.GcodeStreamReader_ESTest,1,0,False
563,BugSwarm,GraphHopper-210124629,0,b40c9fe078574cea9dc02a27c8685c95,com.graphhopper.routing.util.DataFlagEncoder,com.graphhopper.routing.util.DataFlagEncoder_ESTest,48,0,False
564,BugSwarm,GraphHopper-210124629,0,0095869010384d31a9aac22441e9e5df,com.graphhopper.routing.util.DataFlagEncoder,com.graphhopper.routing.util.DataFlagEncoder_ESTest,51,0,False
565,BugSwarm,GraphHopper-210124629,0,3bffffb55fca4d589608cd8835062258,com.graphhopper.routing.util.DataFlagEncoder,com.graphhopper.routing.util.DataFlagEncoder_ESTest,50,0,False
566,BugSwarm,GraphHopper-210124629,0,b5eb832fce8747adbc48384bbba54a90,com.graphhopper.routing.util.DataFlagEncoder,com.graphhopper.routing.util.DataFlagEncoder_ESTest,47,0,False
567,BugSwarm,GraphHopper-210124629,0,1323fbf8dc654db6ba997a9f8c218745,com.graphhopper.routing.util.DataFlagEncoder,com.graphhopper.routing.util.DataFlagEncoder_ESTest,49,0,False
568,BugSwarm,GraphHopper-210124629,0,9547d7832f6a40868cf30199d7203961,com.graphhopper.routing.util.DataFlagEncoder,com.graphhopper.routing.util.DataFlagEncoder_ESTest,43,0,False
569,BugSwarm,GraphHopper-210124629,0,9969fe85fa844c3a866ba8d2af754213,com.graphhopper.routing.util.DataFlagEncoder,com.graphhopper.routing.util.DataFlagEncoder_ESTest,53,0,False
570,BugSwarm,GraphHopper-210124629,0,7a48e9ec1ef2499c9c69f53ec58987dd,com.graphhopper.routing.util.DataFlagEncoder,com.graphhopper.routing.util.DataFlagEncoder_ESTest,43,0,False
571,BugSwarm,GraphHopper-210124629,0,2659c7b1ae894e3d90ae512637782740,com.graphhopper.routing.util.DataFlagEncoder,com.graphhopper.routing.util.DataFlagEncoder_ESTest,50,0,False
572,BugSwarm,GraphHopper-210124629,0,179f4e93a6404ab4bdb06d81d4bd0efe,com.graphhopper.routing.util.DataFlagEncoder,com.graphhopper.routing.util.DataFlagEncoder_ESTest,48,0,False
573,BugSwarm,GraphHopper-210124629,0,b6dfe8c1f22a4981a73b9759c7365652,com.graphhopper.routing.util.DataFlagEncoder,com.graphhopper.routing.util.DataFlagEncoder_ESTest,45,0,False
574,BugSwarm,GraphHopper-210124629,0,e5ea714905bc4e17add98697925d333b,com.graphhopper.routing.util.DataFlagEncoder,com.graphhopper.routing.util.DataFlagEncoder_ESTest,49,0,False
575,BugSwarm,GraphHopper-210124629,0,6b8a99439e9045e3875d1996ea2fea7b,com.graphhopper.routing.util.DataFlagEncoder,com.graphhopper.routing.util.DataFlagEncoder_ESTest,51,0,False
576,BugSwarm,GraphHopper-210124629,0,3f90d42d47944c54a24dc62e7d6c967a,com.graphhopper.routing.util.DataFlagEncoder,com.graphhopper.routing.util.DataFlagEncoder_ESTest,51,0,False
577,BugSwarm,GraphHopper-210124629,0,039dccfd8ef04d298ca96804ca9cb896,com.graphhopper.routing.util.DataFlagEncoder,com.graphhopper.routing.util.DataFlagEncoder_ESTest,52,0,False
578,BugSwarm,GraphHopper-210124629,0,ae2f16993681489b990c10c4411013b7,com.graphhopper.routing.util.DataFlagEncoder,com.graphhopper.routing.util.DataFlagEncoder_ESTest,46,0,False
579,BugSwarm,GraphHopper-210124629,0,e2f2331f82934087bc7ab0d70a8ca13f,com.graphhopper.routing.util.DataFlagEncoder,com.graphhopper.routing.util.DataFlagEncoder_ESTest,50,0,False
580,BugSwarm,GraphHopper-210124629,0,996b8849352c42fabdbb9316d4833681,com.graphhopper.routing.util.DataFlagEncoder,com.graphhopper.routing.util.DataFlagEncoder_ESTest,50,0,False
581,BugSwarm,GraphHopper-210124629,0,2c53fbfcfe654ff697c82c2ee544e23f,com.graphhopper.routing.util.DataFlagEncoder,com.graphhopper.routing.util.DataFlagEncoder_ESTest,47,0,False
582,BugSwarm,GraphHopper-210124629,0,6d9af827d2594a29bc481bb8f26420f8,com.graphhopper.routing.util.DataFlagEncoder,com.graphhopper.routing.util.DataFlagEncoder_ESTest,49,0,False
583,BugSwarm,GraphHopper-210124629,0,f541c09674eb41a197def407b158bb8b,com.graphhopper.routing.util.DataFlagEncoder,com.graphhopper.routing.util.DataFlagEncoder_ESTest,53,0,False
584,BugSwarm,GraphHopper-210124629,0,37b84113491c41d596918b53585c963b,com.graphhopper.routing.util.DataFlagEncoder,com.graphhopper.routing.util.DataFlagEncoder_ESTest,50,0,False
585,BugSwarm,GraphHopper-210124629,0,fbd6342404e5486786f1fcc165f8cd39,com.graphhopper.routing.util.DataFlagEncoder,com.graphhopper.routing.util.DataFlagEncoder_ESTest,54,0,False
586,BugSwarm,GraphHopper-210124629,0,2bd9ce412e4c49afaa00ec9faa98d779,com.graphhopper.routing.util.DataFlagEncoder,com.graphhopper.routing.util.DataFlagEncoder_ESTest,51,0,False
587,BugSwarm,GraphHopper-210124629,0,a567889847574b538f8f0d1717aff62f,com.graphhopper.routing.util.DataFlagEncoder,com.graphhopper.routing.util.DataFlagEncoder_ESTest,48,0,False
588,BugSwarm,GraphHopper-210124629,0,f79264f0234f4fbbb5d69a72326f567c,com.graphhopper.routing.util.DataFlagEncoder,com.graphhopper.routing.util.DataFlagEncoder_ESTest,49,0,False
589,BugSwarm,GraphHopper-210124629,0,4048cead24534c37bc5ca29d1470a2a3,com.graphhopper.routing.util.DataFlagEncoder,com.graphhopper.routing.util.DataFlagEncoder_ESTest,50,0,False
590,BugSwarm,GraphHopper-210124629,0,69d8d59cc5cf489e89087dd24cd0c396,com.graphhopper.routing.util.DataFlagEncoder,com.graphhopper.routing.util.DataFlagEncoder_ESTest,48,0,False
591,BugSwarm,GraphHopper-210124629,0,4cea3ee468d94510ae8d1c9132080836,com.graphhopper.routing.util.DataFlagEncoder,com.graphhopper.routing.util.DataFlagEncoder_ESTest,49,0,False
592,BugSwarm,REST_Countries-154683750,0,b55969cd8f6d4989b89d424e1a82c46f,fayder.restcountries.v1.rest.CountryService,fayder.restcountries.v1.rest.CountryService_ESTest,13,0,False
593,BugSwarm,REST_Countries-154683750,0,1e7408d6ded842f9bf6a7a3581ed2a46,fayder.restcountries.v1.rest.CountryService,fayder.restcountries.v1.rest.CountryService_ESTest,13,0,False
594,BugSwarm,REST_Countries-154683750,0,d05cf8aadf1041a19189165bdaa4c706,fayder.restcountries.v1.rest.CountryService,fayder.restcountries.v1.rest.CountryService_ESTest,15,0,False
595,BugSwarm,REST_Countries-154683750,0,556a6b00c8e34cd882364d53e8736adc,fayder.restcountries.v1.rest.CountryService,fayder.restcountries.v1.rest.CountryService_ESTest,14,0,False
596,BugSwarm,REST_Countries-154683750,0,fa0906df572e4c8295c02b634cfaba71,fayder.restcountries.v1.rest.CountryService,fayder.restcountries.v1.rest.CountryService_ESTest,14,0,False
597,BugSwarm,REST_Countries-154683750,0,bd65cc8e36b14fa08c71f743f9792ff2,fayder.restcountries.v1.rest.CountryService,fayder.restcountries.v1.rest.CountryService_ESTest,14,0,False
598,BugSwarm,REST_Countries-154683750,0,24e7a400c43b4e2fad44320baefc803d,fayder.restcountries.v1.rest.CountryService,fayder.restcountries.v1.rest.CountryService_ESTest,15,0,False
599,BugSwarm,REST_Countries-154683750,0,31dcc5d6dd834bd5801e481b167d0bf3,fayder.restcountries.v1.rest.CountryService,fayder.restcountries.v1.rest.CountryService_ESTest,13,0,False
600,BugSwarm,REST_Countries-154683750,0,555e953a7ced46b084325da6744eb660,fayder.restcountries.v1.rest.CountryService,fayder.restcountries.v1.rest.CountryService_ESTest,15,0,False
601,BugSwarm,REST_Countries-154683750,0,137e7bb90a8049ba9ea33f96b13549e7,fayder.restcountries.v1.rest.CountryService,fayder.restcountries.v1.rest.CountryService_ESTest,15,0,False
602,BugSwarm,REST_Countries-154683750,0,68b14854c592420f92961bce6bd4b232,fayder.restcountries.v1.rest.CountryService,fayder.restcountries.v1.rest.CountryService_ESTest,13,0,False
603,BugSwarm,REST_Countries-154683750,0,bdd8d6f1773d4e1aa3fea7d0e2ea7172,fayder.restcountries.v1.rest.CountryService,fayder.restcountries.v1.rest.CountryService_ESTest,14,0,False
604,BugSwarm,REST_Countries-154683750,0,20fe5ec084e94429a5e04f0829d4eb86,fayder.restcountries.v1.rest.CountryService,fayder.restcountries.v1.rest.CountryService_ESTest,14,0,False
605,BugSwarm,REST_Countries-154683750,0,4c3163125f6541d380bfdb4cfb678235,fayder.restcountries.v1.rest.CountryService,fayder.restcountries.v1.rest.CountryService_ESTest,13,0,False
606,BugSwarm,REST_Countries-154683750,0,f6f190d71f7445e1a2190ae309a893c5,fayder.restcountries.v1.rest.CountryService,fayder.restcountries.v1.rest.CountryService_ESTest,14,0,False
607,BugSwarm,REST_Countries-154683750,0,9bbc9c74dd3a4358a1d2136e53c0e112,fayder.restcountries.v1.rest.CountryService,fayder.restcountries.v1.rest.CountryService_ESTest,15,0,False
608,BugSwarm,REST_Countries-154683750,0,8a9bcb6dd7d64155bd5c73f671dba97d,fayder.restcountries.v1.rest.CountryService,fayder.restcountries.v1.rest.CountryService_ESTest,14,0,False
609,BugSwarm,REST_Countries-154683750,0,198111a4727645fab9fa7f1f007fab31,fayder.restcountries.v1.rest.CountryService,fayder.restcountries.v1.rest.CountryService_ESTest,15,0,False
610,BugSwarm,REST_Countries-154683750,0,805c5e0c76f14f48a9af2e62ef34f00a,fayder.restcountries.v1.rest.CountryService,fayder.restcountries.v1.rest.CountryService_ESTest,14,0,False
611,BugSwarm,REST_Countries-154683750,0,2d17514590184eb7a40fd4969d31b145,fayder.restcountries.v1.rest.CountryService,fayder.restcountries.v1.rest.CountryService_ESTest,15,0,False
612,BugSwarm,REST_Countries-154683750,0,e292029f1e044c6da38fe576811277c4,fayder.restcountries.v1.rest.CountryService,fayder.restcountries.v1.rest.CountryService_ESTest,14,0,False
613,BugSwarm,REST_Countries-154683750,0,ae054f27e14a4e8aac4d0b5934f58268,fayder.restcountries.v1.rest.CountryService,fayder.restcountries.v1.rest.CountryService_ESTest,14,0,False
614,BugSwarm,REST_Countries-154683750,0,24e0bef983304c729eb0a75e38c95cde,fayder.restcountries.v1.rest.CountryService,fayder.restcountries.v1.rest.CountryService_ESTest,13,0,False
615,BugSwarm,REST_Countries-154683750,0,302caddec9f040808fd1b4f2c0f087f2,fayder.restcountries.v1.rest.CountryService,fayder.restcountries.v1.rest.CountryService_ESTest,14,0,False
616,BugSwarm,REST_Countries-154683750,0,e6ef70eba32e49b990f2a0cd50f347f9,fayder.restcountries.v1.rest.CountryService,fayder.restcountries.v1.rest.CountryService_ESTest,13,0,False
617,BugSwarm,REST_Countries-154683750,0,830fcca53f4f40f5aa4d2d9f23f12523,fayder.restcountries.v1.rest.CountryService,fayder.restcountries.v1.rest.CountryService_ESTest,13,0,False
618,BugSwarm,REST_Countries-154683750,0,6f9fcccbc9de4b0cb6e78978510e39bd,fayder.restcountries.v1.rest.CountryService,fayder.restcountries.v1.rest.CountryService_ESTest,14,0,False
619,BugSwarm,REST_Countries-154683750,0,09ddd581de6742a4984cc9d7b30603ad,fayder.restcountries.v1.rest.CountryService,fayder.restcountries.v1.rest.CountryService_ESTest,14,0,False
620,BugSwarm,REST_Countries-154683750,0,fe1be2b2c68746f687c9a793e81fd561,fayder.restcountries.v1.rest.CountryService,fayder.restcountries.v1.rest.CountryService_ESTest,14,0,False
621,BugSwarm,REST_Countries-154683750,0,2200b991db514eaca9b697d2be1ad313,fayder.restcountries.v1.rest.CountryService,fayder.restcountries.v1.rest.CountryService_ESTest,13,0,False
622,BugSwarm,REST_Countries-154683750,1,b55969cd8f6d4989b89d424e1a82c46f,fayder.restcountries.v1.rest.CountryService,fayder.restcountries.v1.rest.CountryService_ESTest,13,0,False
623,BugSwarm,REST_Countries-154683750,1,1e7408d6ded842f9bf6a7a3581ed2a46,fayder.restcountries.v1.rest.CountryService,fayder.restcountries.v1.rest.CountryService_ESTest,13,0,False
624,BugSwarm,REST_Countries-154683750,1,d05cf8aadf1041a19189165bdaa4c706,fayder.restcountries.v1.rest.CountryService,fayder.restcountries.v1.rest.CountryService_ESTest,15,0,False
625,BugSwarm,REST_Countries-154683750,1,556a6b00c8e34cd882364d53e8736adc,fayder.restcountries.v1.rest.CountryService,fayder.restcountries.v1.rest.CountryService_ESTest,14,0,False
626,BugSwarm,REST_Countries-154683750,1,fa0906df572e4c8295c02b634cfaba71,fayder.restcountries.v1.rest.CountryService,fayder.restcountries.v1.rest.CountryService_ESTest,14,0,False
627,BugSwarm,REST_Countries-154683750,1,bd65cc8e36b14fa08c71f743f9792ff2,fayder.restcountries.v1.rest.CountryService,fayder.restcountries.v1.rest.CountryService_ESTest,14,0,False
628,BugSwarm,REST_Countries-154683750,1,24e7a400c43b4e2fad44320baefc803d,fayder.restcountries.v1.rest.CountryService,fayder.restcountries.v1.rest.CountryService_ESTest,15,0,False
629,BugSwarm,REST_Countries-154683750,1,31dcc5d6dd834bd5801e481b167d0bf3,fayder.restcountries.v1.rest.CountryService,fayder.restcountries.v1.rest.CountryService_ESTest,13,0,False
630,BugSwarm,REST_Countries-154683750,1,555e953a7ced46b084325da6744eb660,fayder.restcountries.v1.rest.CountryService,fayder.restcountries.v1.rest.CountryService_ESTest,15,0,False
631,BugSwarm,REST_Countries-154683750,1,137e7bb90a8049ba9ea33f96b13549e7,fayder.restcountries.v1.rest.CountryService,fayder.restcountries.v1.rest.CountryService_ESTest,15,0,False
632,BugSwarm,REST_Countries-154683750,1,68b14854c592420f92961bce6bd4b232,fayder.restcountries.v1.rest.CountryService,fayder.restcountries.v1.rest.CountryService_ESTest,13,0,False
633,BugSwarm,REST_Countries-154683750,1,bdd8d6f1773d4e1aa3fea7d0e2ea7172,fayder.restcountries.v1.rest.CountryService,fayder.restcountries.v1.rest.CountryService_ESTest,14,0,False
634,BugSwarm,REST_Countries-154683750,1,20fe5ec084e94429a5e04f0829d4eb86,fayder.restcountries.v1.rest.CountryService,fayder.restcountries.v1.rest.CountryService_ESTest,14,0,False
635,BugSwarm,REST_Countries-154683750,1,4c3163125f6541d380bfdb4cfb678235,fayder.restcountries.v1.rest.CountryService,fayder.restcountries.v1.rest.CountryService_ESTest,13,0,False
636,BugSwarm,REST_Countries-154683750,1,f6f190d71f7445e1a2190ae309a893c5,fayder.restcountries.v1.rest.CountryService,fayder.restcountries.v1.rest.CountryService_ESTest,14,0,False
637,BugSwarm,REST_Countries-154683750,1,9bbc9c74dd3a4358a1d2136e53c0e112,fayder.restcountries.v1.rest.CountryService,fayder.restcountries.v1.rest.CountryService_ESTest,15,0,False
638,BugSwarm,REST_Countries-154683750,1,8a9bcb6dd7d64155bd5c73f671dba97d,fayder.restcountries.v1.rest.CountryService,fayder.restcountries.v1.rest.CountryService_ESTest,14,0,False
639,BugSwarm,REST_Countries-154683750,1,198111a4727645fab9fa7f1f007fab31,fayder.restcountries.v1.rest.CountryService,fayder.restcountries.v1.rest.CountryService_ESTest,15,0,False
640,BugSwarm,REST_Countries-154683750,1,805c5e0c76f14f48a9af2e62ef34f00a,fayder.restcountries.v1.rest.CountryService,fayder.restcountries.v1.rest.CountryService_ESTest,14,0,False
641,BugSwarm,REST_Countries-154683750,1,2d17514590184eb7a40fd4969d31b145,fayder.restcountries.v1.rest.CountryService,fayder.restcountries.v1.rest.CountryService_ESTest,15,0,False
642,BugSwarm,REST_Countries-154683750,1,e292029f1e044c6da38fe576811277c4,fayder.restcountries.v1.rest.CountryService,fayder.restcountries.v1.rest.CountryService_ESTest,14,0,False
643,BugSwarm,REST_Countries-154683750,1,ae054f27e14a4e8aac4d0b5934f58268,fayder.restcountries.v1.rest.CountryService,fayder.restcountries.v1.rest.CountryService_ESTest,14,0,False
644,BugSwarm,REST_Countries-154683750,1,24e0bef983304c729eb0a75e38c95cde,fayder.restcountries.v1.rest.CountryService,fayder.restcountries.v1.rest.CountryService_ESTest,13,0,False
645,BugSwarm,REST_Countries-154683750,1,302caddec9f040808fd1b4f2c0f087f2,fayder.restcountries.v1.rest.CountryService,fayder.restcountries.v1.rest.CountryService_ESTest,14,0,False
646,BugSwarm,REST_Countries-154683750,1,e6ef70eba32e49b990f2a0cd50f347f9,fayder.restcountries.v1.rest.CountryService,fayder.restcountries.v1.rest.CountryService_ESTest,13,0,False
647,BugSwarm,REST_Countries-154683750,1,830fcca53f4f40f5aa4d2d9f23f12523,fayder.restcountries.v1.rest.CountryService,fayder.restcountries.v1.rest.CountryService_ESTest,13,0,False
648,BugSwarm,REST_Countries-154683750,1,6f9fcccbc9de4b0cb6e78978510e39bd,fayder.restcountries.v1.rest.CountryService,fayder.restcountries.v1.rest.CountryService_ESTest,14,0,False
649,BugSwarm,REST_Countries-154683750,1,09ddd581de6742a4984cc9d7b30603ad,fayder.restcountries.v1.rest.CountryService,fayder.restcountries.v1.rest.CountryService_ESTest,14,0,False
650,BugSwarm,REST_Countries-154683750,1,fe1be2b2c68746f687c9a793e81fd561,fayder.restcountries.v1.rest.CountryService,fayder.restcountries.v1.rest.CountryService_ESTest,14,0,False
651,BugSwarm,REST_Countries-154683750,1,2200b991db514eaca9b697d2be1ad313,fayder.restcountries.v1.rest.CountryService,fayder.restcountries.v1.rest.CountryService_ESTest,13,0,False
652,BugSwarm,REST_Countries-154683750,2,b55969cd8f6d4989b89d424e1a82c46f,fayder.restcountries.v1.rest.CountryService,fayder.restcountries.v1.rest.CountryService_ESTest,13,0,False
653,BugSwarm,REST_Countries-154683750,2,1e7408d6ded842f9bf6a7a3581ed2a46,fayder.restcountries.v1.rest.CountryService,fayder.restcountries.v1.rest.CountryService_ESTest,13,0,False
654,BugSwarm,REST_Countries-154683750,2,d05cf8aadf1041a19189165bdaa4c706,fayder.restcountries.v1.rest.CountryService,fayder.restcountries.v1.rest.CountryService_ESTest,15,0,False
655,BugSwarm,REST_Countries-154683750,2,556a6b00c8e34cd882364d53e8736adc,fayder.restcountries.v1.rest.CountryService,fayder.restcountries.v1.rest.CountryService_ESTest,14,0,False
656,BugSwarm,REST_Countries-154683750,2,fa0906df572e4c8295c02b634cfaba71,fayder.restcountries.v1.rest.CountryService,fayder.restcountries.v1.rest.CountryService_ESTest,14,0,False
657,BugSwarm,REST_Countries-154683750,2,bd65cc8e36b14fa08c71f743f9792ff2,fayder.restcountries.v1.rest.CountryService,fayder.restcountries.v1.rest.CountryService_ESTest,14,0,False
658,BugSwarm,REST_Countries-154683750,2,24e7a400c43b4e2fad44320baefc803d,fayder.restcountries.v1.rest.CountryService,fayder.restcountries.v1.rest.CountryService_ESTest,15,0,False
659,BugSwarm,REST_Countries-154683750,2,31dcc5d6dd834bd5801e481b167d0bf3,fayder.restcountries.v1.rest.CountryService,fayder.restcountries.v1.rest.CountryService_ESTest,13,0,False
660,BugSwarm,REST_Countries-154683750,2,555e953a7ced46b084325da6744eb660,fayder.restcountries.v1.rest.CountryService,fayder.restcountries.v1.rest.CountryService_ESTest,15,0,False
661,BugSwarm,REST_Countries-154683750,2,137e7bb90a8049ba9ea33f96b13549e7,fayder.restcountries.v1.rest.CountryService,fayder.restcountries.v1.rest.CountryService_ESTest,15,0,False
662,BugSwarm,REST_Countries-154683750,2,68b14854c592420f92961bce6bd4b232,fayder.restcountries.v1.rest.CountryService,fayder.restcountries.v1.rest.CountryService_ESTest,13,0,False
663,BugSwarm,REST_Countries-154683750,2,bdd8d6f1773d4e1aa3fea7d0e2ea7172,fayder.restcountries.v1.rest.CountryService,fayder.restcountries.v1.rest.CountryService_ESTest,14,0,False
664,BugSwarm,REST_Countries-154683750,2,20fe5ec084e94429a5e04f0829d4eb86,fayder.restcountries.v1.rest.CountryService,fayder.restcountries.v1.rest.CountryService_ESTest,14,0,False
665,BugSwarm,REST_Countries-154683750,2,4c3163125f6541d380bfdb4cfb678235,fayder.restcountries.v1.rest.CountryService,fayder.restcountries.v1.rest.CountryService_ESTest,13,0,False
666,BugSwarm,REST_Countries-154683750,2,f6f190d71f7445e1a2190ae309a893c5,fayder.restcountries.v1.rest.CountryService,fayder.restcountries.v1.rest.CountryService_ESTest,14,0,False
667,BugSwarm,REST_Countries-154683750,2,9bbc9c74dd3a4358a1d2136e53c0e112,fayder.restcountries.v1.rest.CountryService,fayder.restcountries.v1.rest.CountryService_ESTest,15,0,False
668,BugSwarm,REST_Countries-154683750,2,8a9bcb6dd7d64155bd5c73f671dba97d,fayder.restcountries.v1.rest.CountryService,fayder.restcountries.v1.rest.CountryService_ESTest,14,0,False
669,BugSwarm,REST_Countries-154683750,2,198111a4727645fab9fa7f1f007fab31,fayder.restcountries.v1.rest.CountryService,fayder.restcountries.v1.rest.CountryService_ESTest,15,0,False
670,BugSwarm,REST_Countries-154683750,2,805c5e0c76f14f48a9af2e62ef34f00a,fayder.restcountries.v1.rest.CountryService,fayder.restcountries.v1.rest.CountryService_ESTest,14,0,False
671,BugSwarm,REST_Countries-154683750,2,2d17514590184eb7a40fd4969d31b145,fayder.restcountries.v1.rest.CountryService,fayder.restcountries.v1.rest.CountryService_ESTest,15,0,False
672,BugSwarm,REST_Countries-154683750,2,e292029f1e044c6da38fe576811277c4,fayder.restcountries.v1.rest.CountryService,fayder.restcountries.v1.rest.CountryService_ESTest,14,0,False
673,BugSwarm,REST_Countries-154683750,2,ae054f27e14a4e8aac4d0b5934f58268,fayder.restcountries.v1.rest.CountryService,fayder.restcountries.v1.rest.CountryService_ESTest,14,0,False
674,BugSwarm,REST_Countries-154683750,2,24e0bef983304c729eb0a75e38c95cde,fayder.restcountries.v1.rest.CountryService,fayder.restcountries.v1.rest.CountryService_ESTest,13,0,False
675,BugSwarm,REST_Countries-154683750,2,302caddec9f040808fd1b4f2c0f087f2,fayder.restcountries.v1.rest.CountryService,fayder.restcountries.v1.rest.CountryService_ESTest,14,0,False
676,BugSwarm,REST_Countries-154683750,2,e6ef70eba32e49b990f2a0cd50f347f9,fayder.restcountries.v1.rest.CountryService,fayder.restcountries.v1.rest.CountryService_ESTest,13,0,False
677,BugSwarm,REST_Countries-154683750,2,830fcca53f4f40f5aa4d2d9f23f12523,fayder.restcountries.v1.rest.CountryService,fayder.restcountries.v1.rest.CountryService_ESTest,13,0,False
678,BugSwarm,REST_Countries-154683750,2,6f9fcccbc9de4b0cb6e78978510e39bd,fayder.restcountries.v1.rest.CountryService,fayder.restcountries.v1.rest.CountryService_ESTest,14,0,False
679,BugSwarm,REST_Countries-154683750,2,09ddd581de6742a4984cc9d7b30603ad,fayder.restcountries.v1.rest.CountryService,fayder.restcountries.v1.rest.CountryService_ESTest,14,0,False
680,BugSwarm,REST_Countries-154683750,2,fe1be2b2c68746f687c9a793e81fd561,fayder.restcountries.v1.rest.CountryService,fayder.restcountries.v1.rest.CountryService_ESTest,14,0,False
681,BugSwarm,REST_Countries-154683750,2,2200b991db514eaca9b697d2be1ad313,fayder.restcountries.v1.rest.CountryService,fayder.restcountries.v1.rest.CountryService_ESTest,13,0,False
682,BugSwarm,REST_Countries-154683750,3,b55969cd8f6d4989b89d424e1a82c46f,fayder.restcountries.v1.rest.CountryService,fayder.restcountries.v1.rest.CountryService_ESTest,13,0,False
683,BugSwarm,REST_Countries-154683750,3,1e7408d6ded842f9bf6a7a3581ed2a46,fayder.restcountries.v1.rest.CountryService,fayder.restcountries.v1.rest.CountryService_ESTest,13,0,False
684,BugSwarm,REST_Countries-154683750,3,d05cf8aadf1041a19189165bdaa4c706,fayder.restcountries.v1.rest.CountryService,fayder.restcountries.v1.rest.CountryService_ESTest,15,0,False
685,BugSwarm,REST_Countries-154683750,3,556a6b00c8e34cd882364d53e8736adc,fayder.restcountries.v1.rest.CountryService,fayder.restcountries.v1.rest.CountryService_ESTest,14,0,False
686,BugSwarm,REST_Countries-154683750,3,fa0906df572e4c8295c02b634cfaba71,fayder.restcountries.v1.rest.CountryService,fayder.restcountries.v1.rest.CountryService_ESTest,14,0,False
687,BugSwarm,REST_Countries-154683750,3,bd65cc8e36b14fa08c71f743f9792ff2,fayder.restcountries.v1.rest.CountryService,fayder.restcountries.v1.rest.CountryService_ESTest,14,0,False
688,BugSwarm,REST_Countries-154683750,3,24e7a400c43b4e2fad44320baefc803d,fayder.restcountries.v1.rest.CountryService,fayder.restcountries.v1.rest.CountryService_ESTest,15,0,False
689,BugSwarm,REST_Countries-154683750,3,31dcc5d6dd834bd5801e481b167d0bf3,fayder.restcountries.v1.rest.CountryService,fayder.restcountries.v1.rest.CountryService_ESTest,13,0,False
690,BugSwarm,REST_Countries-154683750,3,555e953a7ced46b084325da6744eb660,fayder.restcountries.v1.rest.CountryService,fayder.restcountries.v1.rest.CountryService_ESTest,15,0,False
691,BugSwarm,REST_Countries-154683750,3,137e7bb90a8049ba9ea33f96b13549e7,fayder.restcountries.v1.rest.CountryService,fayder.restcountries.v1.rest.CountryService_ESTest,15,0,False
692,BugSwarm,REST_Countries-154683750,3,68b14854c592420f92961bce6bd4b232,fayder.restcountries.v1.rest.CountryService,fayder.restcountries.v1.rest.CountryService_ESTest,13,0,False
693,BugSwarm,REST_Countries-154683750,3,bdd8d6f1773d4e1aa3fea7d0e2ea7172,fayder.restcountries.v1.rest.CountryService,fayder.restcountries.v1.rest.CountryService_ESTest,14,0,False
694,BugSwarm,REST_Countries-154683750,3,20fe5ec084e94429a5e04f0829d4eb86,fayder.restcountries.v1.rest.CountryService,fayder.restcountries.v1.rest.CountryService_ESTest,14,0,False
695,BugSwarm,REST_Countries-154683750,3,4c3163125f6541d380bfdb4cfb678235,fayder.restcountries.v1.rest.CountryService,fayder.restcountries.v1.rest.CountryService_ESTest,13,0,False
696,BugSwarm,REST_Countries-154683750,3,f6f190d71f7445e1a2190ae309a893c5,fayder.restcountries.v1.rest.CountryService,fayder.restcountries.v1.rest.CountryService_ESTest,14,0,False
697,BugSwarm,REST_Countries-154683750,3,9bbc9c74dd3a4358a1d2136e53c0e112,fayder.restcountries.v1.rest.CountryService,fayder.restcountries.v1.rest.CountryService_ESTest,15,0,False
698,BugSwarm,REST_Countries-154683750,3,8a9bcb6dd7d64155bd5c73f671dba97d,fayder.restcountries.v1.rest.CountryService,fayder.restcountries.v1.rest.CountryService_ESTest,14,0,False
699,BugSwarm,REST_Countries-154683750,3,198111a4727645fab9fa7f1f007fab31,fayder.restcountries.v1.rest.CountryService,fayder.restcountries.v1.rest.CountryService_ESTest,15,0,False
700,BugSwarm,REST_Countries-154683750,3,805c5e0c76f14f48a9af2e62ef34f00a,fayder.restcountries.v1.rest.CountryService,fayder.restcountries.v1.rest.CountryService_ESTest,14,0,False
701,BugSwarm,REST_Countries-154683750,3,2d17514590184eb7a40fd4969d31b145,fayder.restcountries.v1.rest.CountryService,fayder.restcountries.v1.rest.CountryService_ESTest,15,0,False
702,BugSwarm,REST_Countries-154683750,3,e292029f1e044c6da38fe576811277c4,fayder.restcountries.v1.rest.CountryService,fayder.restcountries.v1.rest.CountryService_ESTest,14,0,False
703,BugSwarm,REST_Countries-154683750,3,ae054f27e14a4e8aac4d0b5934f58268,fayder.restcountries.v1.rest.CountryService,fayder.restcountries.v1.rest.CountryService_ESTest,14,0,False
704,BugSwarm,REST_Countries-154683750,3,24e0bef983304c729eb0a75e38c95cde,fayder.restcountries.v1.rest.CountryService,fayder.restcountries.v1.rest.CountryService_ESTest,13,0,False
705,BugSwarm,REST_Countries-154683750,3,302caddec9f040808fd1b4f2c0f087f2,fayder.restcountries.v1.rest.CountryService,fayder.restcountries.v1.rest.CountryService_ESTest,14,0,False
706,BugSwarm,REST_Countries-154683750,3,e6ef70eba32e49b990f2a0cd50f347f9,fayder.restcountries.v1.rest.CountryService,fayder.restcountries.v1.rest.CountryService_ESTest,13,0,False
707,BugSwarm,REST_Countries-154683750,3,830fcca53f4f40f5aa4d2d9f23f12523,fayder.restcountries.v1.rest.CountryService,fayder.restcountries.v1.rest.CountryService_ESTest,13,0,False
708,BugSwarm,REST_Countries-154683750,3,6f9fcccbc9de4b0cb6e78978510e39bd,fayder.restcountries.v1.rest.CountryService,fayder.restcountries.v1.rest.CountryService_ESTest,14,0,False
709,BugSwarm,REST_Countries-154683750,3,09ddd581de6742a4984cc9d7b30603ad,fayder.restcountries.v1.rest.CountryService,fayder.restcountries.v1.rest.CountryService_ESTest,14,0,False
710,BugSwarm,REST_Countries-154683750,3,fe1be2b2c68746f687c9a793e81fd561,fayder.restcountries.v1.rest.CountryService,fayder.restcountries.v1.rest.CountryService_ESTest,14,0,False
711,BugSwarm,REST_Countries-154683750,3,2200b991db514eaca9b697d2be1ad313,fayder.restcountries.v1.rest.CountryService,fayder.restcountries.v1.rest.CountryService_ESTest,13,0,False
712,BugSwarm,REST_Countries-154683750,4,b55969cd8f6d4989b89d424e1a82c46f,fayder.restcountries.v1.rest.CountryService,fayder.restcountries.v1.rest.CountryService_ESTest,13,0,False
713,BugSwarm,REST_Countries-154683750,4,1e7408d6ded842f9bf6a7a3581ed2a46,fayder.restcountries.v1.rest.CountryService,fayder.restcountries.v1.rest.CountryService_ESTest,13,0,False
714,BugSwarm,REST_Countries-154683750,4,d05cf8aadf1041a19189165bdaa4c706,fayder.restcountries.v1.rest.CountryService,fayder.restcountries.v1.rest.CountryService_ESTest,15,0,False
715,BugSwarm,REST_Countries-154683750,4,556a6b00c8e34cd882364d53e8736adc,fayder.restcountries.v1.rest.CountryService,fayder.restcountries.v1.rest.CountryService_ESTest,14,0,False
716,BugSwarm,REST_Countries-154683750,4,fa0906df572e4c8295c02b634cfaba71,fayder.restcountries.v1.rest.CountryService,fayder.restcountries.v1.rest.CountryService_ESTest,14,0,False
717,BugSwarm,REST_Countries-154683750,4,bd65cc8e36b14fa08c71f743f9792ff2,fayder.restcountries.v1.rest.CountryService,fayder.restcountries.v1.rest.CountryService_ESTest,14,0,False
718,BugSwarm,REST_Countries-154683750,4,24e7a400c43b4e2fad44320baefc803d,fayder.restcountries.v1.rest.CountryService,fayder.restcountries.v1.rest.CountryService_ESTest,15,0,False
719,BugSwarm,REST_Countries-154683750,4,31dcc5d6dd834bd5801e481b167d0bf3,fayder.restcountries.v1.rest.CountryService,fayder.restcountries.v1.rest.CountryService_ESTest,13,0,False
720,BugSwarm,REST_Countries-154683750,4,555e953a7ced46b084325da6744eb660,fayder.restcountries.v1.rest.CountryService,fayder.restcountries.v1.rest.CountryService_ESTest,15,0,False
721,BugSwarm,REST_Countries-154683750,4,137e7bb90a8049ba9ea33f96b13549e7,fayder.restcountries.v1.rest.CountryService,fayder.restcountries.v1.rest.CountryService_ESTest,15,0,False
722,BugSwarm,REST_Countries-154683750,4,68b14854c592420f92961bce6bd4b232,fayder.restcountries.v1.rest.CountryService,fayder.restcountries.v1.rest.CountryService_ESTest,13,0,False
723,BugSwarm,REST_Countries-154683750,4,bdd8d6f1773d4e1aa3fea7d0e2ea7172,fayder.restcountries.v1.rest.CountryService,fayder.restcountries.v1.rest.CountryService_ESTest,14,0,False
724,BugSwarm,REST_Countries-154683750,4,20fe5ec084e94429a5e04f0829d4eb86,fayder.restcountries.v1.rest.CountryService,fayder.restcountries.v1.rest.CountryService_ESTest,14,0,False
725,BugSwarm,REST_Countries-154683750,4,4c3163125f6541d380bfdb4cfb678235,fayder.restcountries.v1.rest.CountryService,fayder.restcountries.v1.rest.CountryService_ESTest,13,0,False
726,BugSwarm,REST_Countries-154683750,4,f6f190d71f7445e1a2190ae309a893c5,fayder.restcountries.v1.rest.CountryService,fayder.restcountries.v1.rest.CountryService_ESTest,14,0,False
727,BugSwarm,REST_Countries-154683750,4,9bbc9c74dd3a4358a1d2136e53c0e112,fayder.restcountries.v1.rest.CountryService,fayder.restcountries.v1.rest.CountryService_ESTest,15,0,False
728,BugSwarm,REST_Countries-154683750,4,8a9bcb6dd7d64155bd5c73f671dba97d,fayder.restcountries.v1.rest.CountryService,fayder.restcountries.v1.rest.CountryService_ESTest,14,0,False
729,BugSwarm,REST_Countries-154683750,4,198111a4727645fab9fa7f1f007fab31,fayder.restcountries.v1.rest.CountryService,fayder.restcountries.v1.rest.CountryService_ESTest,15,0,False
730,BugSwarm,REST_Countries-154683750,4,805c5e0c76f14f48a9af2e62ef34f00a,fayder.restcountries.v1.rest.CountryService,fayder.restcountries.v1.rest.CountryService_ESTest,14,0,False
731,BugSwarm,REST_Countries-154683750,4,2d17514590184eb7a40fd4969d31b145,fayder.restcountries.v1.rest.CountryService,fayder.restcountries.v1.rest.CountryService_ESTest,15,0,False
732,BugSwarm,REST_Countries-154683750,4,e292029f1e044c6da38fe576811277c4,fayder.restcountries.v1.rest.CountryService,fayder.restcountries.v1.rest.CountryService_ESTest,14,0,False
733,BugSwarm,REST_Countries-154683750,4,ae054f27e14a4e8aac4d0b5934f58268,fayder.restcountries.v1.rest.CountryService,fayder.restcountries.v1.rest.CountryService_ESTest,14,0,False
734,BugSwarm,REST_Countries-154683750,4,24e0bef983304c729eb0a75e38c95cde,fayder.restcountries.v1.rest.CountryService,fayder.restcountries.v1.rest.CountryService_ESTest,13,0,False
735,BugSwarm,REST_Countries-154683750,4,302caddec9f040808fd1b4f2c0f087f2,fayder.restcountries.v1.rest.CountryService,fayder.restcountries.v1.rest.CountryService_ESTest,14,0,False
736,BugSwarm,REST_Countries-154683750,4,e6ef70eba32e49b990f2a0cd50f347f9,fayder.restcountries.v1.rest.CountryService,fayder.restcountries.v1.rest.CountryService_ESTest,13,0,False
737,BugSwarm,REST_Countries-154683750,4,830fcca53f4f40f5aa4d2d9f23f12523,fayder.restcountries.v1.rest.CountryService,fayder.restcountries.v1.rest.CountryService_ESTest,13,0,False
738,BugSwarm,REST_Countries-154683750,4,6f9fcccbc9de4b0cb6e78978510e39bd,fayder.restcountries.v1.rest.CountryService,fayder.restcountries.v1.rest.CountryService_ESTest,14,0,False
739,BugSwarm,REST_Countries-154683750,4,09ddd581de6742a4984cc9d7b30603ad,fayder.restcountries.v1.rest.CountryService,fayder.restcountries.v1.rest.CountryService_ESTest,14,0,False
740,BugSwarm,REST_Countries-154683750,4,fe1be2b2c68746f687c9a793e81fd561,fayder.restcountries.v1.rest.CountryService,fayder.restcountries.v1.rest.CountryService_ESTest,14,0,False
741,BugSwarm,REST_Countries-154683750,4,2200b991db514eaca9b697d2be1ad313,fayder.restcountries.v1.rest.CountryService,fayder.restcountries.v1.rest.CountryService_ESTest,13,0,False
742,Genesis,Jongo-97431a03,0,7ab41ee4dd1046df84a5867db864112b,org.jongo.marshall.jackson.JacksonObjectIdUpdater,org.jongo.marshall.jackson.JacksonObjectIdUpdater_ESTest,3,0,False
743,Genesis,Jongo-97431a03,0,d87b15b565024dd8bb7397fd378f8090,org.jongo.marshall.jackson.JacksonObjectIdUpdater,org.jongo.marshall.jackson.JacksonObjectIdUpdater_ESTest,3,0,False
744,Genesis,Jongo-97431a03,0,1fc27314f648481791c1d43af615ba57,org.jongo.marshall.jackson.JacksonObjectIdUpdater,org.jongo.marshall.jackson.JacksonObjectIdUpdater_ESTest,3,0,False
745,Genesis,Jongo-97431a03,0,d4f6a965c6c143ba975b9611d79ffc0b,org.jongo.marshall.jackson.JacksonObjectIdUpdater,org.jongo.marshall.jackson.JacksonObjectIdUpdater_ESTest,3,0,False
746,Genesis,Jongo-97431a03,0,53563e1efb6e4e75990049015bcfc504,org.jongo.marshall.jackson.JacksonObjectIdUpdater,org.jongo.marshall.jackson.JacksonObjectIdUpdater_ESTest,3,0,False
747,Genesis,Jongo-97431a03,0,05e5e979021345c69c7c2688de144db2,org.jongo.marshall.jackson.JacksonObjectIdUpdater,org.jongo.marshall.jackson.JacksonObjectIdUpdater_ESTest,4,0,False
748,Genesis,Jongo-97431a03,0,218a416b238342f2955669ee0cccd8b8,org.jongo.marshall.jackson.JacksonObjectIdUpdater,org.jongo.marshall.jackson.JacksonObjectIdUpdater_ESTest,3,0,False
749,Genesis,Jongo-97431a03,0,0b8f00eb91cb4a3f922c0cd650804007,org.jongo.marshall.jackson.JacksonObjectIdUpdater,org.jongo.marshall.jackson.JacksonObjectIdUpdater_ESTest,3,0,False
750,Genesis,Jongo-97431a03,0,15de737c96c842a1a157df92171b6d47,org.jongo.marshall.jackson.JacksonObjectIdUpdater,org.jongo.marshall.jackson.JacksonObjectIdUpdater_ESTest,3,0,False
751,Genesis,Jongo-97431a03,0,a2fbf458fe7b48adab87f83743268483,org.jongo.marshall.jackson.JacksonObjectIdUpdater,org.jongo.marshall.jackson.JacksonObjectIdUpdater_ESTest,3,0,False
752,Genesis,Jongo-97431a03,0,256986dacde84845809b5dbbbc641e4a,org.jongo.marshall.jackson.JacksonObjectIdUpdater,org.jongo.marshall.jackson.JacksonObjectIdUpdater_ESTest,3,0,False
753,Genesis,Jongo-97431a03,0,f31add268e7b495786c5fa616cf59251,org.jongo.marshall.jackson.JacksonObjectIdUpdater,org.jongo.marshall.jackson.JacksonObjectIdUpdater_ESTest,3,0,False
754,Genesis,Jongo-97431a03,0,a3b1356fa5a348c48f773a8f0f414826,org.jongo.marshall.jackson.JacksonObjectIdUpdater,org.jongo.marshall.jackson.JacksonObjectIdUpdater_ESTest,3,0,False
755,Genesis,Jongo-97431a03,0,b7e92edced114315b07a920f8bffe844,org.jongo.marshall.jackson.JacksonObjectIdUpdater,org.jongo.marshall.jackson.JacksonObjectIdUpdater_ESTest,1,0,False
756,Genesis,Jongo-97431a03,0,4524d1c7d81c4c1f8467a3b9f901cc3f,org.jongo.marshall.jackson.JacksonObjectIdUpdater,org.jongo.marshall.jackson.JacksonObjectIdUpdater_ESTest,3,0,False
757,Genesis,Jongo-97431a03,0,4132901b539745ccb2556afb5929b379,org.jongo.marshall.jackson.JacksonObjectIdUpdater,org.jongo.marshall.jackson.JacksonObjectIdUpdater_ESTest,3,0,False
758,Genesis,Jongo-97431a03,0,bffd2327f4b64ebc85e0e9495fc709b0,org.jongo.marshall.jackson.JacksonObjectIdUpdater,org.jongo.marshall.jackson.JacksonObjectIdUpdater_ESTest,3,0,False
759,Genesis,Jongo-97431a03,0,17e90d77c7964dc6828003afde4437be,org.jongo.marshall.jackson.JacksonObjectIdUpdater,org.jongo.marshall.jackson.JacksonObjectIdUpdater_ESTest,3,0,False
760,Genesis,Jongo-97431a03,0,96a7bddceba44f43a2a2017275747220,org.jongo.marshall.jackson.JacksonObjectIdUpdater,org.jongo.marshall.jackson.JacksonObjectIdUpdater_ESTest,3,0,False
761,Genesis,Jongo-97431a03,0,12779d4f5e774856a28aaefb324ba76d,org.jongo.marshall.jackson.JacksonObjectIdUpdater,org.jongo.marshall.jackson.JacksonObjectIdUpdater_ESTest,3,0,False
762,Genesis,Jongo-97431a03,0,35b25617862442ec80cf259f192ea303,org.jongo.marshall.jackson.JacksonObjectIdUpdater,org.jongo.marshall.jackson.JacksonObjectIdUpdater_ESTest,3,0,False
763,Genesis,Jongo-97431a03,0,f1ef60c20d64477eb77a087582c32713,org.jongo.marshall.jackson.JacksonObjectIdUpdater,org.jongo.marshall.jackson.JacksonObjectIdUpdater_ESTest,3,0,False
764,Genesis,Jongo-97431a03,0,45b07761e0af42f0927625b145941081,org.jongo.marshall.jackson.JacksonObjectIdUpdater,org.jongo.marshall.jackson.JacksonObjectIdUpdater_ESTest,3,0,False
765,Genesis,Jongo-97431a03,0,a3e44cee6f894ddfbc65571a4edea562,org.jongo.marshall.jackson.JacksonObjectIdUpdater,org.jongo.marshall.jackson.JacksonObjectIdUpdater_ESTest,3,0,False
766,Genesis,Jongo-97431a03,0,b368fda725074fe086ecc99bce08b90e,org.jongo.marshall.jackson.JacksonObjectIdUpdater,org.jongo.marshall.jackson.JacksonObjectIdUpdater_ESTest,3,0,False
767,Genesis,Jongo-97431a03,0,c950280c17274251894d02ee244c5477,org.jongo.marshall.jackson.JacksonObjectIdUpdater,org.jongo.marshall.jackson.JacksonObjectIdUpdater_ESTest,3,0,False
768,Genesis,Jongo-97431a03,0,cdba7ce792334bad93236429615f9247,org.jongo.marshall.jackson.JacksonObjectIdUpdater,org.jongo.marshall.jackson.JacksonObjectIdUpdater_ESTest,3,0,False
769,Genesis,Jongo-97431a03,0,b0a3b4da6334451a88d0546a3953d073,org.jongo.marshall.jackson.JacksonObjectIdUpdater,org.jongo.marshall.jackson.JacksonObjectIdUpdater_ESTest,3,0,False
770,Genesis,Jongo-97431a03,0,5193f44b1520431d994b22e7fb7cc8c3,org.jongo.marshall.jackson.JacksonObjectIdUpdater,org.jongo.marshall.jackson.JacksonObjectIdUpdater_ESTest,3,0,False
771,Genesis,JavaPoet-aee5f128,0,94190058d4ce45ec862c635e3ed1ebcd,com.squareup.javapoet.TypeName,com.squareup.javapoet.TypeName_ESTest,12,0,False
772,Genesis,JavaPoet-aee5f128,0,13aaa0de561f4b72b649003f8849b6f4,com.squareup.javapoet.TypeName,com.squareup.javapoet.TypeName_ESTest,12,0,False
773,Genesis,JavaPoet-aee5f128,0,8d8644a4f7894f0d9fdb633652287ea0,com.squareup.javapoet.TypeName,com.squareup.javapoet.TypeName_ESTest,12,0,False
774,Genesis,JavaPoet-aee5f128,0,c07169af888d4a6498e71ec9512de278,com.squareup.javapoet.TypeName,com.squareup.javapoet.TypeName_ESTest,12,0,False
775,Genesis,JavaPoet-aee5f128,0,71c4181bd1994a6189c196507393f9ab,com.squareup.javapoet.TypeName,com.squareup.javapoet.TypeName_ESTest,13,0,False
776,Genesis,JavaPoet-aee5f128,0,ad6725d72e5a40a5903f284edbe13aa3,com.squareup.javapoet.TypeName,com.squareup.javapoet.TypeName_ESTest,12,0,False
777,Genesis,JavaPoet-aee5f128,0,d31039ed070f44acbb28b331465bff27,com.squareup.javapoet.TypeName,com.squareup.javapoet.TypeName_ESTest,12,0,False
778,Genesis,JavaPoet-aee5f128,0,ae4ae11eb1af467892c7d5b9a171e31f,com.squareup.javapoet.TypeName,com.squareup.javapoet.TypeName_ESTest,12,0,False
779,Genesis,JavaPoet-aee5f128,0,143629a5947141e080957eaf6c668c54,com.squareup.javapoet.TypeName,com.squareup.javapoet.TypeName_ESTest,12,0,False
780,Genesis,JavaPoet-aee5f128,0,759711bb3d6e471aa5a659ddb3e03f1a,com.squareup.javapoet.TypeName,com.squareup.javapoet.TypeName_ESTest,12,0,False
781,Genesis,JavaPoet-aee5f128,0,25364846d2c540cb892ee25ef462e9e1,com.squareup.javapoet.TypeName,com.squareup.javapoet.TypeName_ESTest,12,0,False
782,Genesis,JavaPoet-aee5f128,0,cfd0df8632ab40aab615a21ca0f9f556,com.squareup.javapoet.TypeName,com.squareup.javapoet.TypeName_ESTest,12,0,False
783,Genesis,JavaPoet-aee5f128,0,05de9620a804432fa5afc9a361c2d3b3,com.squareup.javapoet.TypeName,com.squareup.javapoet.TypeName_ESTest$1,12,0,False
784,Genesis,JavaPoet-aee5f128,0,05de9620a804432fa5afc9a361c2d3b3,com.squareup.javapoet.TypeName,com.squareup.javapoet.TypeName_ESTest,12,0,False
785,Genesis,JavaPoet-aee5f128,0,d6e7e9c9a8eb4630b5d808dd0e84183f,com.squareup.javapoet.TypeName,com.squareup.javapoet.TypeName_ESTest,12,0,False
786,Genesis,JavaPoet-aee5f128,0,5df787ce7cc842e2b5c2d54d46cc4614,com.squareup.javapoet.TypeName,com.squareup.javapoet.TypeName_ESTest,11,0,False
787,Genesis,JavaPoet-aee5f128,0,4d3335fc2a3e497b97146de3e8f586ff,com.squareup.javapoet.TypeName,com.squareup.javapoet.TypeName_ESTest,12,0,False
788,Genesis,JavaPoet-aee5f128,0,6d24bfe3a7c84a2aa514c2ad7bc011f1,com.squareup.javapoet.TypeName,com.squareup.javapoet.TypeName_ESTest,12,0,False
789,Genesis,JavaPoet-aee5f128,0,783fa3bf798246bf88231836fc94448d,com.squareup.javapoet.TypeName,com.squareup.javapoet.TypeName_ESTest,12,0,False
790,Genesis,JavaPoet-aee5f128,0,d7b52d6217f445808307381a1a28c684,com.squareup.javapoet.TypeName,com.squareup.javapoet.TypeName_ESTest,12,0,False
791,Genesis,JavaPoet-aee5f128,0,7f59a136bc2e415aa6aeff1da53d2480,com.squareup.javapoet.TypeName,com.squareup.javapoet.TypeName_ESTest,12,0,False
792,Genesis,JavaPoet-aee5f128,0,48a9eb160b9c4396ab368b027ea88355,com.squareup.javapoet.TypeName,com.squareup.javapoet.TypeName_ESTest,12,0,False
793,Genesis,JavaPoet-aee5f128,0,39edb46971404af4bccc0049227a93f5,com.squareup.javapoet.TypeName,com.squareup.javapoet.TypeName_ESTest,12,0,False
794,Genesis,JavaPoet-aee5f128,0,5738e013751c4b93a327d5f15eba4a1b,com.squareup.javapoet.TypeName,com.squareup.javapoet.TypeName_ESTest,12,0,False
795,Genesis,JavaPoet-aee5f128,0,0cf819cd6ea945f48c69033fb255a5aa,com.squareup.javapoet.TypeName,com.squareup.javapoet.TypeName_ESTest,12,0,False
796,Genesis,JavaPoet-aee5f128,0,1ff0f423dfa341d3a7835234de457c8e,com.squareup.javapoet.TypeName,com.squareup.javapoet.TypeName_ESTest,12,0,False
797,Genesis,JavaPoet-aee5f128,0,868fcf7f0b274a60a83d66e9b0df548e,com.squareup.javapoet.TypeName,com.squareup.javapoet.TypeName_ESTest,12,0,False
798,Genesis,JavaPoet-aee5f128,0,5ec93ccc4ea34eb1bf1a1cc87eb13ac8,com.squareup.javapoet.TypeName,com.squareup.javapoet.TypeName_ESTest,12,0,False
799,Genesis,JavaPoet-aee5f128,0,113dc2b33bf44f85a96e0bf57b6377cc,com.squareup.javapoet.TypeName,com.squareup.javapoet.TypeName_ESTest,12,0,False
800,Genesis,JavaPoet-aee5f128,0,fe0f0c39a7e042e1aadbf9e436113c93,com.squareup.javapoet.TypeName,com.squareup.javapoet.TypeName_ESTest,12,0,False
801,Genesis,JavaPoet-aee5f128,0,58975b2cbd43491d93fcf2e25931b645,com.squareup.javapoet.TypeName,com.squareup.javapoet.TypeName_ESTest,12,0,False
802,Genesis,DataflowJavaSDK-f42c13c8,0,08912e48af7244159be41ef345a972d1,com.google.cloud.dataflow.sdk.transforms.join.CoGbkResult,com.google.cloud.dataflow.sdk.transforms.join.CoGbkResult_ESTest,21,0,False
803,Genesis,DataflowJavaSDK-f42c13c8,0,57d2928caf25477eb736995f4bd27d1a,com.google.cloud.dataflow.sdk.transforms.join.CoGbkResult,com.google.cloud.dataflow.sdk.transforms.join.CoGbkResult_ESTest,13,0,False
804,Genesis,DataflowJavaSDK-f42c13c8,0,068b22447440422a93bb30af95b38474,com.google.cloud.dataflow.sdk.transforms.join.CoGbkResult,com.google.cloud.dataflow.sdk.transforms.join.CoGbkResult_ESTest,18,0,False
805,Genesis,DataflowJavaSDK-f42c13c8,0,1807d74bc1ab47b2852a5bffcc3bc999,com.google.cloud.dataflow.sdk.transforms.join.CoGbkResult,com.google.cloud.dataflow.sdk.transforms.join.CoGbkResult_ESTest,17,0,False
806,Genesis,DataflowJavaSDK-f42c13c8,0,e85dad63522c46c9a150c52208096861,com.google.cloud.dataflow.sdk.transforms.join.CoGbkResult,com.google.cloud.dataflow.sdk.transforms.join.CoGbkResult_ESTest,20,0,False
807,Genesis,DataflowJavaSDK-f42c13c8,0,a9e37e75486b49f999295b11810055a7,com.google.cloud.dataflow.sdk.transforms.join.CoGbkResult,com.google.cloud.dataflow.sdk.transforms.join.CoGbkResult_ESTest,17,0,False
808,Genesis,Checkstyle-4f73fffd,0,92daa00306854283bc5505d8ed5eb412,com.puppycrawl.tools.checkstyle.checks.blocks.NeedBracesCheck,com.puppycrawl.tools.checkstyle.checks.blocks.NeedBracesCheck_ESTest,4,0,False
809,Genesis,Checkstyle-4f73fffd,0,b7833d8632574f4c81b6caaf782d0933,com.puppycrawl.tools.checkstyle.checks.blocks.NeedBracesCheck,com.puppycrawl.tools.checkstyle.checks.blocks.NeedBracesCheck_ESTest,4,0,False
810,Genesis,Checkstyle-4f73fffd,0,289a4934da7c492ab7f2322051a9b301,com.puppycrawl.tools.checkstyle.checks.blocks.NeedBracesCheck,com.puppycrawl.tools.checkstyle.checks.blocks.NeedBracesCheck_ESTest,4,0,False
811,Genesis,Checkstyle-4f73fffd,0,47ca2793652844a4a13bf00e9019e72f,com.puppycrawl.tools.checkstyle.checks.blocks.NeedBracesCheck,com.puppycrawl.tools.checkstyle.checks.blocks.NeedBracesCheck_ESTest,4,0,False
812,Genesis,Checkstyle-4f73fffd,0,960719152939405e9aabf845d5c94a1f,com.puppycrawl.tools.checkstyle.checks.blocks.NeedBracesCheck,com.puppycrawl.tools.checkstyle.checks.blocks.NeedBracesCheck_ESTest,4,0,False
813,Genesis,Checkstyle-4f73fffd,0,2ddbb6121b234254bc3e8b0196a5cd3c,com.puppycrawl.tools.checkstyle.checks.blocks.NeedBracesCheck,com.puppycrawl.tools.checkstyle.checks.blocks.NeedBracesCheck_ESTest,4,0,False
814,Genesis,Checkstyle-4f73fffd,0,dbd379ebef5d4203ad6e10b3f227d639,com.puppycrawl.tools.checkstyle.checks.blocks.NeedBracesCheck,com.puppycrawl.tools.checkstyle.checks.blocks.NeedBracesCheck_ESTest,4,0,False
815,Genesis,Checkstyle-4f73fffd,0,1249fb6858d04044977cf376362fe8d1,com.puppycrawl.tools.checkstyle.checks.blocks.NeedBracesCheck,com.puppycrawl.tools.checkstyle.checks.blocks.NeedBracesCheck_ESTest,4,0,False
816,Genesis,Checkstyle-4f73fffd,0,ca95043739d14209b2a09958de889df8,com.puppycrawl.tools.checkstyle.checks.blocks.NeedBracesCheck,com.puppycrawl.tools.checkstyle.checks.blocks.NeedBracesCheck_ESTest,4,0,False
817,Genesis,Checkstyle-4f73fffd,0,913eafc7f4ea433a8012aef2ac2bac77,com.puppycrawl.tools.checkstyle.checks.blocks.NeedBracesCheck,com.puppycrawl.tools.checkstyle.checks.blocks.NeedBracesCheck_ESTest,4,0,False
818,Genesis,Checkstyle-4f73fffd,0,42bfc4d94f8a47dfb101eb1d134f7035,com.puppycrawl.tools.checkstyle.checks.blocks.NeedBracesCheck,com.puppycrawl.tools.checkstyle.checks.blocks.NeedBracesCheck_ESTest,4,0,False
819,Genesis,Checkstyle-4f73fffd,0,e2685f26cd5a47049cd839033136b293,com.puppycrawl.tools.checkstyle.checks.blocks.NeedBracesCheck,com.puppycrawl.tools.checkstyle.checks.blocks.NeedBracesCheck_ESTest,4,0,False
820,Genesis,Checkstyle-4f73fffd,0,cfbbf58a62d542c097c7e7f5e1c8a165,com.puppycrawl.tools.checkstyle.checks.blocks.NeedBracesCheck,com.puppycrawl.tools.checkstyle.checks.blocks.NeedBracesCheck_ESTest,4,0,False
821,Genesis,Checkstyle-4f73fffd,0,5b1ae2563f844b6c9db54c416d4cadf0,com.puppycrawl.tools.checkstyle.checks.blocks.NeedBracesCheck,com.puppycrawl.tools.checkstyle.checks.blocks.NeedBracesCheck_ESTest,4,0,False
822,Genesis,Checkstyle-4f73fffd,0,68a264ca20cc43d5a4a957931a652f58,com.puppycrawl.tools.checkstyle.checks.blocks.NeedBracesCheck,com.puppycrawl.tools.checkstyle.checks.blocks.NeedBracesCheck_ESTest,4,0,False
823,Genesis,Checkstyle-4f73fffd,0,8e67418cf1df46bba709a523ae36f9ac,com.puppycrawl.tools.checkstyle.checks.blocks.NeedBracesCheck,com.puppycrawl.tools.checkstyle.checks.blocks.NeedBracesCheck_ESTest,4,0,False
824,Genesis,Checkstyle-4f73fffd,0,cfb942b3b0be4505b18e8c2f68d35931,com.puppycrawl.tools.checkstyle.checks.blocks.NeedBracesCheck,com.puppycrawl.tools.checkstyle.checks.blocks.NeedBracesCheck_ESTest,4,0,False
825,Genesis,Checkstyle-4f73fffd,0,07777d66484840a5b4ee0e642400fcd4,com.puppycrawl.tools.checkstyle.checks.blocks.NeedBracesCheck,com.puppycrawl.tools.checkstyle.checks.blocks.NeedBracesCheck_ESTest,4,0,False
826,Genesis,Checkstyle-4f73fffd,0,df556eee9410452b9a266e0af6d27b5d,com.puppycrawl.tools.checkstyle.checks.blocks.NeedBracesCheck,com.puppycrawl.tools.checkstyle.checks.blocks.NeedBracesCheck_ESTest,4,0,False
827,Genesis,Checkstyle-4f73fffd,0,16a1f7859d894bd7aa97d9b86e7e4e5d,com.puppycrawl.tools.checkstyle.checks.blocks.NeedBracesCheck,com.puppycrawl.tools.checkstyle.checks.blocks.NeedBracesCheck_ESTest,4,0,False
828,Genesis,Checkstyle-4f73fffd,0,3a8300b0d6de4a8ab7ea059dd80d14fe,com.puppycrawl.tools.checkstyle.checks.blocks.NeedBracesCheck,com.puppycrawl.tools.checkstyle.checks.blocks.NeedBracesCheck_ESTest,4,0,False
829,Genesis,Checkstyle-4f73fffd,0,097a3f88fe4c463ba5ee6a10f5bf1da8,com.puppycrawl.tools.checkstyle.checks.blocks.NeedBracesCheck,com.puppycrawl.tools.checkstyle.checks.blocks.NeedBracesCheck_ESTest,4,0,False
830,Genesis,Checkstyle-4f73fffd,0,5f8d2ac3698d4d7dbfb550a785e0c2dd,com.puppycrawl.tools.checkstyle.checks.blocks.NeedBracesCheck,com.puppycrawl.tools.checkstyle.checks.blocks.NeedBracesCheck_ESTest,4,0,False
831,Genesis,Checkstyle-4f73fffd,0,8778ea9cc6e14172a1f6404482199a25,com.puppycrawl.tools.checkstyle.checks.blocks.NeedBracesCheck,com.puppycrawl.tools.checkstyle.checks.blocks.NeedBracesCheck_ESTest,4,0,False
832,Genesis,Checkstyle-4f73fffd,0,f26ee0577b60410eb328c9c8cc162748,com.puppycrawl.tools.checkstyle.checks.blocks.NeedBracesCheck,com.puppycrawl.tools.checkstyle.checks.blocks.NeedBracesCheck_ESTest,4,0,False
833,Genesis,Checkstyle-4f73fffd,0,2ac61b289c5d4c5a926676a246b7f2d5,com.puppycrawl.tools.checkstyle.checks.blocks.NeedBracesCheck,com.puppycrawl.tools.checkstyle.checks.blocks.NeedBracesCheck_ESTest,4,0,False
834,Genesis,Checkstyle-4f73fffd,0,80a09cc92f6043f3a85bc0415a2d89c4,com.puppycrawl.tools.checkstyle.checks.blocks.NeedBracesCheck,com.puppycrawl.tools.checkstyle.checks.blocks.NeedBracesCheck_ESTest,4,0,False
835,Genesis,Checkstyle-4f73fffd,0,ad7b49d539434a55b518ebc2b0376747,com.puppycrawl.tools.checkstyle.checks.blocks.NeedBracesCheck,com.puppycrawl.tools.checkstyle.checks.blocks.NeedBracesCheck_ESTest,4,0,False
836,Genesis,Checkstyle-4f73fffd,0,5fc8404347964c39969c0db5d91dfdec,com.puppycrawl.tools.checkstyle.checks.blocks.NeedBracesCheck,com.puppycrawl.tools.checkstyle.checks.blocks.NeedBracesCheck_ESTest,4,0,False
837,Genesis,Checkstyle-4f73fffd,0,c034c89f97854bbe9a0fdb9a71ca3bfc,com.puppycrawl.tools.checkstyle.checks.blocks.NeedBracesCheck,com.puppycrawl.tools.checkstyle.checks.blocks.NeedBracesCheck_ESTest,4,0,False
838,Genesis,Checkstyle-91e10c29,0,2661dcd44de94042849f88a6e60153d5,com.puppycrawl.tools.checkstyle.checks.SuppressWarningsHolder,com.puppycrawl.tools.checkstyle.checks.SuppressWarningsHolder_ESTest,8,0,False
839,Genesis,Checkstyle-91e10c29,0,61d3106caff34b06aab59efed480915d,com.puppycrawl.tools.checkstyle.checks.SuppressWarningsHolder,com.puppycrawl.tools.checkstyle.checks.SuppressWarningsHolder_ESTest,10,0,False
840,Genesis,Checkstyle-91e10c29,0,dc20a6ecc95c473baa9d4ac480dbae69,com.puppycrawl.tools.checkstyle.checks.SuppressWarningsHolder,com.puppycrawl.tools.checkstyle.checks.SuppressWarningsHolder_ESTest,9,0,False
841,Genesis,Checkstyle-91e10c29,0,fbfb3e5a22614fa4a78ff9c4f6ae7a9a,com.puppycrawl.tools.checkstyle.checks.SuppressWarningsHolder,com.puppycrawl.tools.checkstyle.checks.SuppressWarningsHolder_ESTest,12,0,False
842,Genesis,Checkstyle-91e10c29,0,53ea89cfbf5547afba7bf8dbd6362657,com.puppycrawl.tools.checkstyle.checks.SuppressWarningsHolder,com.puppycrawl.tools.checkstyle.checks.SuppressWarningsHolder_ESTest,8,0,False
843,Genesis,Checkstyle-91e10c29,0,4bbc7c646ada4b26be502298933c37d0,com.puppycrawl.tools.checkstyle.checks.SuppressWarningsHolder,com.puppycrawl.tools.checkstyle.checks.SuppressWarningsHolder_ESTest,10,0,False
844,Genesis,Checkstyle-91e10c29,0,7c46484aa24d4cbd85dcfb9ae1030c6d,com.puppycrawl.tools.checkstyle.checks.SuppressWarningsHolder,com.puppycrawl.tools.checkstyle.checks.SuppressWarningsHolder_ESTest,10,0,False
845,Genesis,Checkstyle-91e10c29,0,f52dffed7190480fa2f5bcc8e16e64ab,com.puppycrawl.tools.checkstyle.checks.SuppressWarningsHolder,com.puppycrawl.tools.checkstyle.checks.SuppressWarningsHolder_ESTest,10,0,False
846,Genesis,Checkstyle-91e10c29,0,b95d88e586cc459ea0237f9b8cbb09f8,com.puppycrawl.tools.checkstyle.checks.SuppressWarningsHolder,com.puppycrawl.tools.checkstyle.checks.SuppressWarningsHolder_ESTest,9,0,False
847,Genesis,Checkstyle-91e10c29,0,2d1e31fdd2844c37a16115657ad3cbce,com.puppycrawl.tools.checkstyle.checks.SuppressWarningsHolder,com.puppycrawl.tools.checkstyle.checks.SuppressWarningsHolder_ESTest,10,0,False
848,Genesis,Checkstyle-91e10c29,0,ef1a46fcf66b4d9f8aec326252485b17,com.puppycrawl.tools.checkstyle.checks.SuppressWarningsHolder,com.puppycrawl.tools.checkstyle.checks.SuppressWarningsHolder_ESTest,8,0,False
849,Genesis,Checkstyle-91e10c29,0,ec634f9da2dc4bcb8a8c37060ac3a295,com.puppycrawl.tools.checkstyle.checks.SuppressWarningsHolder,com.puppycrawl.tools.checkstyle.checks.SuppressWarningsHolder_ESTest,9,0,False
850,Genesis,Checkstyle-91e10c29,0,457aad4e0974445897bd51625425ee0e,com.puppycrawl.tools.checkstyle.checks.SuppressWarningsHolder,com.puppycrawl.tools.checkstyle.checks.SuppressWarningsHolder_ESTest,10,0,False
851,Genesis,Checkstyle-91e10c29,0,bef676074fe643e19fabbeb4a8e23bfa,com.puppycrawl.tools.checkstyle.checks.SuppressWarningsHolder,com.puppycrawl.tools.checkstyle.checks.SuppressWarningsHolder_ESTest,10,0,False
852,Genesis,Checkstyle-91e10c29,0,9aa0de9fc82a41feb562ccdfbf3cb8b6,com.puppycrawl.tools.checkstyle.checks.SuppressWarningsHolder,com.puppycrawl.tools.checkstyle.checks.SuppressWarningsHolder_ESTest,9,0,False
853,Genesis,Checkstyle-91e10c29,0,ae07d8261c2b447b839dcf29d1c769ba,com.puppycrawl.tools.checkstyle.checks.SuppressWarningsHolder,com.puppycrawl.tools.checkstyle.checks.SuppressWarningsHolder_ESTest,9,0,False
854,Genesis,Checkstyle-91e10c29,0,50b2fa98ab0b41958c0de291310d1945,com.puppycrawl.tools.checkstyle.checks.SuppressWarningsHolder,com.puppycrawl.tools.checkstyle.checks.SuppressWarningsHolder_ESTest,9,0,False
855,Genesis,Checkstyle-91e10c29,0,c5f28ee2f2b147efb9d277e4df1b55e1,com.puppycrawl.tools.checkstyle.checks.SuppressWarningsHolder,com.puppycrawl.tools.checkstyle.checks.SuppressWarningsHolder_ESTest,10,0,False
856,Genesis,Checkstyle-91e10c29,0,2194e6c545c349fc8db21f2980859bf3,com.puppycrawl.tools.checkstyle.checks.SuppressWarningsHolder,com.puppycrawl.tools.checkstyle.checks.SuppressWarningsHolder_ESTest,10,0,False
857,Genesis,Checkstyle-91e10c29,0,a4e486488ce74d638b97598d9188c728,com.puppycrawl.tools.checkstyle.checks.SuppressWarningsHolder,com.puppycrawl.tools.checkstyle.checks.SuppressWarningsHolder_ESTest,8,0,False
858,Genesis,Checkstyle-91e10c29,0,2a32446102d44866a802b4b8b932901d,com.puppycrawl.tools.checkstyle.checks.SuppressWarningsHolder,com.puppycrawl.tools.checkstyle.checks.SuppressWarningsHolder_ESTest,10,0,False
859,Genesis,Checkstyle-91e10c29,0,bf33bea1fd7e4e0f885c766c09c6864e,com.puppycrawl.tools.checkstyle.checks.SuppressWarningsHolder,com.puppycrawl.tools.checkstyle.checks.SuppressWarningsHolder_ESTest,10,0,False
860,Genesis,Checkstyle-91e10c29,0,025a12a2408d4dfe980185d15ab33fc9,com.puppycrawl.tools.checkstyle.checks.SuppressWarningsHolder,com.puppycrawl.tools.checkstyle.checks.SuppressWarningsHolder_ESTest,10,0,False
861,Genesis,Checkstyle-91e10c29,0,657314014fa24df9a83d1b8942e36154,com.puppycrawl.tools.checkstyle.checks.SuppressWarningsHolder,com.puppycrawl.tools.checkstyle.checks.SuppressWarningsHolder_ESTest,9,0,False
862,Genesis,Checkstyle-91e10c29,0,2b729a9e2a304bc0b5529da9593aa65e,com.puppycrawl.tools.checkstyle.checks.SuppressWarningsHolder,com.puppycrawl.tools.checkstyle.checks.SuppressWarningsHolder_ESTest,11,0,False
863,Genesis,Checkstyle-91e10c29,0,7b2cb4bee893470c8a80ddce7a50d99c,com.puppycrawl.tools.checkstyle.checks.SuppressWarningsHolder,com.puppycrawl.tools.checkstyle.checks.SuppressWarningsHolder_ESTest,9,0,False
864,Genesis,Checkstyle-91e10c29,0,40c5a3db924c4bb299ba1b2306f3c7ab,com.puppycrawl.tools.checkstyle.checks.SuppressWarningsHolder,com.puppycrawl.tools.checkstyle.checks.SuppressWarningsHolder_ESTest,10,0,False
865,Genesis,Checkstyle-91e10c29,0,8e3d0f2c866f4dcbbdee1456cc85a71c,com.puppycrawl.tools.checkstyle.checks.SuppressWarningsHolder,com.puppycrawl.tools.checkstyle.checks.SuppressWarningsHolder_ESTest,9,0,False
866,Genesis,Checkstyle-91e10c29,0,234ec668f80f4580ac63305f5f1e7e81,com.puppycrawl.tools.checkstyle.checks.SuppressWarningsHolder,com.puppycrawl.tools.checkstyle.checks.SuppressWarningsHolder_ESTest,9,0,False
867,Genesis,Checkstyle-91e10c29,0,a4cd1d30e103450597606aa35cdccae4,com.puppycrawl.tools.checkstyle.checks.SuppressWarningsHolder,com.puppycrawl.tools.checkstyle.checks.SuppressWarningsHolder_ESTest,9,0,False
868,Genesis,Checkstyle-16493bfb,0,f915158307124dfea6e64aae97d3ce55,com.puppycrawl.tools.checkstyle.checks.coding.ModifiedControlVariableCheck,com.puppycrawl.tools.checkstyle.checks.coding.ModifiedControlVariableCheck_ESTest,8,0,False
869,Genesis,Checkstyle-16493bfb,0,4150918e961c4a529899bbc73b613301,com.puppycrawl.tools.checkstyle.checks.coding.ModifiedControlVariableCheck,com.puppycrawl.tools.checkstyle.checks.coding.ModifiedControlVariableCheck_ESTest,8,0,False
870,Genesis,Checkstyle-16493bfb,0,975b6a69d0db4a27aacac4bf833408e6,com.puppycrawl.tools.checkstyle.checks.coding.ModifiedControlVariableCheck,com.puppycrawl.tools.checkstyle.checks.coding.ModifiedControlVariableCheck_ESTest,8,0,False
871,Genesis,Checkstyle-16493bfb,0,c6870e58d5ec45ef8a55ef1eb89811e1,com.puppycrawl.tools.checkstyle.checks.coding.ModifiedControlVariableCheck,com.puppycrawl.tools.checkstyle.checks.coding.ModifiedControlVariableCheck_ESTest,13,0,False
872,Genesis,Checkstyle-16493bfb,0,e4734216a77a4ec489241bc9d5aed6bf,com.puppycrawl.tools.checkstyle.checks.coding.ModifiedControlVariableCheck,com.puppycrawl.tools.checkstyle.checks.coding.ModifiedControlVariableCheck_ESTest,10,0,False
873,Genesis,Checkstyle-16493bfb,0,dc47c0504de74b79b5c767d0e70569b2,com.puppycrawl.tools.checkstyle.checks.coding.ModifiedControlVariableCheck,com.puppycrawl.tools.checkstyle.checks.coding.ModifiedControlVariableCheck_ESTest,12,0,False
874,Genesis,Checkstyle-16493bfb,0,01ab2ef2496945a29acecda0a5e39d9f,com.puppycrawl.tools.checkstyle.checks.coding.ModifiedControlVariableCheck,com.puppycrawl.tools.checkstyle.checks.coding.ModifiedControlVariableCheck_ESTest,12,0,False
875,Genesis,Checkstyle-16493bfb,0,d24cef00204f40feae916b0f17791321,com.puppycrawl.tools.checkstyle.checks.coding.ModifiedControlVariableCheck,com.puppycrawl.tools.checkstyle.checks.coding.ModifiedControlVariableCheck_ESTest,10,0,False
876,Genesis,Checkstyle-16493bfb,0,62dc2e45992e4638bdb7a54611f667d8,com.puppycrawl.tools.checkstyle.checks.coding.ModifiedControlVariableCheck,com.puppycrawl.tools.checkstyle.checks.coding.ModifiedControlVariableCheck_ESTest,11,0,False
877,Genesis,Checkstyle-16493bfb,0,f15f1f0e03e646dc9907d07f1837eedf,com.puppycrawl.tools.checkstyle.checks.coding.ModifiedControlVariableCheck,com.puppycrawl.tools.checkstyle.checks.coding.ModifiedControlVariableCheck_ESTest,10,0,False
878,Genesis,Checkstyle-16493bfb,0,8a6513d49b584978b0fdc38ef44e217b,com.puppycrawl.tools.checkstyle.checks.coding.ModifiedControlVariableCheck,com.puppycrawl.tools.checkstyle.checks.coding.ModifiedControlVariableCheck_ESTest,9,0,False
879,Genesis,Checkstyle-16493bfb,0,0d3799dc2e624371bc1e2ed6166fd0a5,com.puppycrawl.tools.checkstyle.checks.coding.ModifiedControlVariableCheck,com.puppycrawl.tools.checkstyle.checks.coding.ModifiedControlVariableCheck_ESTest,8,0,False
880,Genesis,Checkstyle-16493bfb,0,ba00e4a205b74821856dcd2c258a938a,com.puppycrawl.tools.checkstyle.checks.coding.ModifiedControlVariableCheck,com.puppycrawl.tools.checkstyle.checks.coding.ModifiedControlVariableCheck_ESTest,10,0,False
881,Genesis,Checkstyle-16493bfb,0,eedc3f85c5e8487bbd045740bc83c8cc,com.puppycrawl.tools.checkstyle.checks.coding.ModifiedControlVariableCheck,com.puppycrawl.tools.checkstyle.checks.coding.ModifiedControlVariableCheck_ESTest,9,0,False
882,Genesis,Checkstyle-16493bfb,0,1b258d760db94519aa96ee616548d4e2,com.puppycrawl.tools.checkstyle.checks.coding.ModifiedControlVariableCheck,com.puppycrawl.tools.checkstyle.checks.coding.ModifiedControlVariableCheck_ESTest,11,0,False
883,Genesis,Checkstyle-16493bfb,0,35f78b59e4e24606866e695be147c57d,com.puppycrawl.tools.checkstyle.checks.coding.ModifiedControlVariableCheck,com.puppycrawl.tools.checkstyle.checks.coding.ModifiedControlVariableCheck_ESTest,11,0,False
884,Genesis,Checkstyle-16493bfb,0,b6174e1a7b6e4b74a18caba1ab4d7009,com.puppycrawl.tools.checkstyle.checks.coding.ModifiedControlVariableCheck,com.puppycrawl.tools.checkstyle.checks.coding.ModifiedControlVariableCheck_ESTest,14,0,False
885,Genesis,Checkstyle-16493bfb,0,706fdb7f5ee2414da547787c7ce3abbe,com.puppycrawl.tools.checkstyle.checks.coding.ModifiedControlVariableCheck,com.puppycrawl.tools.checkstyle.checks.coding.ModifiedControlVariableCheck_ESTest,17,0,False
886,Genesis,Checkstyle-16493bfb,0,160595309f484e20a11e4b1fa00f8ca1,com.puppycrawl.tools.checkstyle.checks.coding.ModifiedControlVariableCheck,com.puppycrawl.tools.checkstyle.checks.coding.ModifiedControlVariableCheck_ESTest,11,0,False
887,Genesis,Checkstyle-16493bfb,0,0330d17146e5474a9b3ae6bd60f54b9b,com.puppycrawl.tools.checkstyle.checks.coding.ModifiedControlVariableCheck,com.puppycrawl.tools.checkstyle.checks.coding.ModifiedControlVariableCheck_ESTest,11,0,False
888,Genesis,Checkstyle-16493bfb,0,9738ad27379344188166a200e67d4d75,com.puppycrawl.tools.checkstyle.checks.coding.ModifiedControlVariableCheck,com.puppycrawl.tools.checkstyle.checks.coding.ModifiedControlVariableCheck_ESTest,9,0,False
889,Genesis,Checkstyle-16493bfb,0,449c490d229c47538c623a3828f93c50,com.puppycrawl.tools.checkstyle.checks.coding.ModifiedControlVariableCheck,com.puppycrawl.tools.checkstyle.checks.coding.ModifiedControlVariableCheck_ESTest,11,0,False
890,Genesis,Checkstyle-16493bfb,0,3a0b4b5feea94e8bb665f6f36d3bb842,com.puppycrawl.tools.checkstyle.checks.coding.ModifiedControlVariableCheck,com.puppycrawl.tools.checkstyle.checks.coding.ModifiedControlVariableCheck_ESTest,8,0,False
891,Genesis,Checkstyle-16493bfb,0,d308a061db214b5fb39ebc861b36ba4e,com.puppycrawl.tools.checkstyle.checks.coding.ModifiedControlVariableCheck,com.puppycrawl.tools.checkstyle.checks.coding.ModifiedControlVariableCheck_ESTest,9,0,False
892,Genesis,Checkstyle-16493bfb,0,6a11f58d624940d4a1709d769fac23c1,com.puppycrawl.tools.checkstyle.checks.coding.ModifiedControlVariableCheck,com.puppycrawl.tools.checkstyle.checks.coding.ModifiedControlVariableCheck_ESTest,13,0,False
893,Genesis,Checkstyle-16493bfb,0,c15191a347fb425dabe364ac28ef93dc,com.puppycrawl.tools.checkstyle.checks.coding.ModifiedControlVariableCheck,com.puppycrawl.tools.checkstyle.checks.coding.ModifiedControlVariableCheck_ESTest,11,0,False
894,Genesis,Checkstyle-16493bfb,0,6d52e574b5524ec8a1d709d69d37899d,com.puppycrawl.tools.checkstyle.checks.coding.ModifiedControlVariableCheck,com.puppycrawl.tools.checkstyle.checks.coding.ModifiedControlVariableCheck_ESTest,10,0,False
895,Genesis,Checkstyle-16493bfb,0,eb11274b57e14fceb5476e7f19562751,com.puppycrawl.tools.checkstyle.checks.coding.ModifiedControlVariableCheck,com.puppycrawl.tools.checkstyle.checks.coding.ModifiedControlVariableCheck_ESTest,12,0,False
896,Genesis,Checkstyle-16493bfb,0,b0ec482635c942b79a17563326f57700,com.puppycrawl.tools.checkstyle.checks.coding.ModifiedControlVariableCheck,com.puppycrawl.tools.checkstyle.checks.coding.ModifiedControlVariableCheck_ESTest,9,0,False
897,Genesis,Checkstyle-16493bfb,0,a52746d82e434b95bfa1a4b3cb076b90,com.puppycrawl.tools.checkstyle.checks.coding.ModifiedControlVariableCheck,com.puppycrawl.tools.checkstyle.checks.coding.ModifiedControlVariableCheck_ESTest,8,0,False
898,Genesis,Checkstyle-be8a60a4,0,069482113fb0450490143596938b4f23,com.puppycrawl.tools.checkstyle.checks.naming.ParameterNameCheck,com.puppycrawl.tools.checkstyle.checks.naming.ParameterNameCheck_ESTest,6,0,False
899,Genesis,Checkstyle-be8a60a4,0,1fa68830b53a47b4baed03378c331d4c,com.puppycrawl.tools.checkstyle.checks.naming.ParameterNameCheck,com.puppycrawl.tools.checkstyle.checks.naming.ParameterNameCheck_ESTest,7,0,False
900,Genesis,Checkstyle-be8a60a4,0,922842ad50394c85aec551d67915d264,com.puppycrawl.tools.checkstyle.checks.naming.ParameterNameCheck,com.puppycrawl.tools.checkstyle.checks.naming.ParameterNameCheck_ESTest,4,0,False
901,Genesis,Checkstyle-be8a60a4,0,d6ac28b89cc0481b9343e19855b44ccf,com.puppycrawl.tools.checkstyle.checks.naming.ParameterNameCheck,com.puppycrawl.tools.checkstyle.checks.naming.ParameterNameCheck_ESTest,4,0,False
902,Genesis,Checkstyle-be8a60a4,0,455775f65bdf4e528368c05d503fdbad,com.puppycrawl.tools.checkstyle.checks.naming.ParameterNameCheck,com.puppycrawl.tools.checkstyle.checks.naming.ParameterNameCheck_ESTest,7,0,False
903,Genesis,Checkstyle-be8a60a4,0,bf2f082004c742d8999a0234d680a719,com.puppycrawl.tools.checkstyle.checks.naming.ParameterNameCheck,com.puppycrawl.tools.checkstyle.checks.naming.ParameterNameCheck_ESTest,5,0,False
904,Genesis,Checkstyle-be8a60a4,0,d9ac23bd41da4a1192032df7af086ad5,com.puppycrawl.tools.checkstyle.checks.naming.ParameterNameCheck,com.puppycrawl.tools.checkstyle.checks.naming.ParameterNameCheck_ESTest,5,0,False
905,Genesis,Checkstyle-be8a60a4,0,997d84cb82ef481b87f7e4332bd80c71,com.puppycrawl.tools.checkstyle.checks.naming.ParameterNameCheck,com.puppycrawl.tools.checkstyle.checks.naming.ParameterNameCheck_ESTest,7,0,False
906,Genesis,Checkstyle-be8a60a4,0,7150da909b844a088e5b323dd2b7705a,com.puppycrawl.tools.checkstyle.checks.naming.ParameterNameCheck,com.puppycrawl.tools.checkstyle.checks.naming.ParameterNameCheck_ESTest,4,0,False
907,Genesis,Checkstyle-be8a60a4,0,abed7e22213b4d049418c9fad140042b,com.puppycrawl.tools.checkstyle.checks.naming.ParameterNameCheck,com.puppycrawl.tools.checkstyle.checks.naming.ParameterNameCheck_ESTest,4,0,False
908,Genesis,Checkstyle-be8a60a4,0,ac815462efb94e21941d14bb853c2804,com.puppycrawl.tools.checkstyle.checks.naming.ParameterNameCheck,com.puppycrawl.tools.checkstyle.checks.naming.ParameterNameCheck_ESTest,5,0,False
909,Genesis,Checkstyle-be8a60a4,0,592d576a0c3541bc95ef2dd6cf0ed295,com.puppycrawl.tools.checkstyle.checks.naming.ParameterNameCheck,com.puppycrawl.tools.checkstyle.checks.naming.ParameterNameCheck_ESTest,5,0,False
910,Genesis,Checkstyle-be8a60a4,0,805978adef874f8292d8ec6250445102,com.puppycrawl.tools.checkstyle.checks.naming.ParameterNameCheck,com.puppycrawl.tools.checkstyle.checks.naming.ParameterNameCheck_ESTest,4,0,False
911,Genesis,Checkstyle-be8a60a4,0,4645943954fb4c03b377fa723039c72a,com.puppycrawl.tools.checkstyle.checks.naming.ParameterNameCheck,com.puppycrawl.tools.checkstyle.checks.naming.ParameterNameCheck_ESTest,5,0,False
912,Genesis,Checkstyle-be8a60a4,0,50bdb2d194494d4a819ab3d7e0c1b9a3,com.puppycrawl.tools.checkstyle.checks.naming.ParameterNameCheck,com.puppycrawl.tools.checkstyle.checks.naming.ParameterNameCheck_ESTest,6,0,False
913,Genesis,Checkstyle-be8a60a4,0,67da14cb3a1241fa928369af2ae65ce8,com.puppycrawl.tools.checkstyle.checks.naming.ParameterNameCheck,com.puppycrawl.tools.checkstyle.checks.naming.ParameterNameCheck_ESTest,7,0,False
914,Genesis,Checkstyle-be8a60a4,0,30a7245f03a644f8bf2de45091d63d17,com.puppycrawl.tools.checkstyle.checks.naming.ParameterNameCheck,com.puppycrawl.tools.checkstyle.checks.naming.ParameterNameCheck_ESTest,3,0,False
915,Genesis,Checkstyle-be8a60a4,0,5444ef4b48d34f59b9f773325e1ba3f4,com.puppycrawl.tools.checkstyle.checks.naming.ParameterNameCheck,com.puppycrawl.tools.checkstyle.checks.naming.ParameterNameCheck_ESTest,6,0,False
916,Genesis,Checkstyle-be8a60a4,0,0b24b72ea8f04c1da5b0da8fe65f3ae0,com.puppycrawl.tools.checkstyle.checks.naming.ParameterNameCheck,com.puppycrawl.tools.checkstyle.checks.naming.ParameterNameCheck_ESTest,6,0,False
917,Genesis,Checkstyle-be8a60a4,0,66c1011642ab44bea62569e36003e220,com.puppycrawl.tools.checkstyle.checks.naming.ParameterNameCheck,com.puppycrawl.tools.checkstyle.checks.naming.ParameterNameCheck_ESTest,5,0,False
918,Genesis,Checkstyle-be8a60a4,0,c8c86c3fd4864545b1c09b80a7459706,com.puppycrawl.tools.checkstyle.checks.naming.ParameterNameCheck,com.puppycrawl.tools.checkstyle.checks.naming.ParameterNameCheck_ESTest,6,0,False
919,Genesis,Checkstyle-be8a60a4,0,1b355d923cdc40958415e5a7f30d73dc,com.puppycrawl.tools.checkstyle.checks.naming.ParameterNameCheck,com.puppycrawl.tools.checkstyle.checks.naming.ParameterNameCheck_ESTest,4,0,False
920,Genesis,Checkstyle-be8a60a4,0,4d6f78ac4cc2416b88ecde0ec0032094,com.puppycrawl.tools.checkstyle.checks.naming.ParameterNameCheck,com.puppycrawl.tools.checkstyle.checks.naming.ParameterNameCheck_ESTest,5,0,False
921,Genesis,Checkstyle-be8a60a4,0,2161618702094ac29f4c80dd9e06aa60,com.puppycrawl.tools.checkstyle.checks.naming.ParameterNameCheck,com.puppycrawl.tools.checkstyle.checks.naming.ParameterNameCheck_ESTest,5,0,False
922,Genesis,Checkstyle-be8a60a4,0,143d1b57a3da4ed4be7e8b30cbdfc5fd,com.puppycrawl.tools.checkstyle.checks.naming.ParameterNameCheck,com.puppycrawl.tools.checkstyle.checks.naming.ParameterNameCheck_ESTest,4,0,False
923,Genesis,Checkstyle-be8a60a4,0,5bb49746808444ff8fab9d1831ebd177,com.puppycrawl.tools.checkstyle.checks.naming.ParameterNameCheck,com.puppycrawl.tools.checkstyle.checks.naming.ParameterNameCheck_ESTest,6,0,False
924,Genesis,Checkstyle-be8a60a4,0,d31ff6ce8f874f4382b22b3181a70719,com.puppycrawl.tools.checkstyle.checks.naming.ParameterNameCheck,com.puppycrawl.tools.checkstyle.checks.naming.ParameterNameCheck_ESTest,4,0,False
925,Genesis,Checkstyle-be8a60a4,0,91555f2034594ee39f4164f894f6a8d3,com.puppycrawl.tools.checkstyle.checks.naming.ParameterNameCheck,com.puppycrawl.tools.checkstyle.checks.naming.ParameterNameCheck_ESTest,6,0,False
926,Genesis,Checkstyle-be8a60a4,0,e8b18e5203394826951e7316cc014703,com.puppycrawl.tools.checkstyle.checks.naming.ParameterNameCheck,com.puppycrawl.tools.checkstyle.checks.naming.ParameterNameCheck_ESTest,4,0,False
927,Genesis,Checkstyle-be8a60a4,0,02333ddb808f4476aa909b220581a1aa,com.puppycrawl.tools.checkstyle.checks.naming.ParameterNameCheck,com.puppycrawl.tools.checkstyle.checks.naming.ParameterNameCheck_ESTest,6,0,False
928,Genesis,Javaslang-0dab3ed3,0,dc5dae82f10941258b8bd8c70a978784,javaslang.Tuples,javaslang.Tuples_ESTest,56,0,False
929,Genesis,Javaslang-0dab3ed3,0,3162c96effc54f4bb00ee948ae03d017,javaslang.Tuples,javaslang.Tuples_ESTest,57,0,False
930,Genesis,Javaslang-0dab3ed3,0,3237b2e34a0c4b64a09d8a51773d00da,javaslang.Tuples,javaslang.Tuples_ESTest,56,0,False
931,Genesis,Javaslang-0dab3ed3,0,d2b4a77599354182bedaf27918646bcf,javaslang.Tuples,javaslang.Tuples_ESTest,56,0,False
932,Genesis,Javaslang-0dab3ed3,0,aaa61c6f24a4476a99983d1bdff90d50,javaslang.Tuples,javaslang.Tuples_ESTest,57,0,False
933,Genesis,Javaslang-0dab3ed3,0,9be1f1f235ab4874ad11059c0aed2095,javaslang.Tuples,javaslang.Tuples_ESTest,58,0,False
934,Genesis,Javaslang-0dab3ed3,0,3d00c397c49c42d9b23ac81c1e1bc1c8,javaslang.Tuples,javaslang.Tuples_ESTest,58,0,False
935,Genesis,Javaslang-0dab3ed3,0,9ad5cd50c97546c7ac9c9d963a282ad0,javaslang.Tuples,javaslang.Tuples_ESTest,55,0,False
936,Genesis,Javaslang-0dab3ed3,0,588bc2d7012a4d3db4d4d80abad5eee6,javaslang.Tuples,javaslang.Tuples_ESTest,59,0,False
937,Genesis,Javaslang-0dab3ed3,0,aec69c06fd7e417fb876aacf8d52c643,javaslang.Tuples,javaslang.Tuples_ESTest,57,0,False
938,Genesis,Javaslang-0dab3ed3,0,cd72c9ff1a904c3a91032abd5cf2d80b,javaslang.Tuples,javaslang.Tuples_ESTest,58,0,False
939,Genesis,Javaslang-0dab3ed3,0,8468e7de9b6045518249b7ac6b0893df,javaslang.Tuples,javaslang.Tuples_ESTest,56,0,False
940,Genesis,Javaslang-0dab3ed3,0,994878184fa1401a9b2ea9f85ecc1b4e,javaslang.Tuples,javaslang.Tuples_ESTest,58,0,False
941,Genesis,Javaslang-0dab3ed3,0,feeba1e8dd0a4adbbfd01e42e17c3f07,javaslang.Tuples,javaslang.Tuples_ESTest,58,0,False
942,Genesis,Javaslang-0dab3ed3,0,74e36a5cfec448fc81158fedef4a2fe4,javaslang.Tuples,javaslang.Tuples_ESTest,56,0,False
943,Genesis,Javaslang-0dab3ed3,0,9cdeb95c68c54d6a9b9f1d8dbd4bf372,javaslang.Tuples,javaslang.Tuples_ESTest,58,0,False
944,Genesis,Javaslang-0dab3ed3,0,bbad5ba43ae24c60b72c0a30e4692c65,javaslang.Tuples,javaslang.Tuples_ESTest,59,0,False
945,Genesis,Javaslang-0dab3ed3,0,6a35156db2274f39aebf77fce45a2bfa,javaslang.Tuples,javaslang.Tuples_ESTest,57,0,False
946,Genesis,Javaslang-0dab3ed3,0,ad8158e3c6b14b129f0b799dda6b3890,javaslang.Tuples,javaslang.Tuples_ESTest,58,0,False
947,Genesis,Javaslang-0dab3ed3,0,665b743c99784a158a626dd0b30b511b,javaslang.Tuples,javaslang.Tuples_ESTest,59,0,False
948,Genesis,Javaslang-0dab3ed3,0,acaedde3ba7047eba50a32a8ece330f3,javaslang.Tuples,javaslang.Tuples_ESTest,55,0,False
949,Genesis,Javaslang-0dab3ed3,0,2a17770f3f4f4b9e9913d4641fc372be,javaslang.Tuples,javaslang.Tuples_ESTest,57,0,False
950,Genesis,Javaslang-0dab3ed3,0,47bc577e368c4435a1ce44ff1cf29088,javaslang.Tuples,javaslang.Tuples_ESTest,57,0,False
951,Genesis,Javaslang-0dab3ed3,0,7c5eecef2f18429ab7ddfbe0ea8d3486,javaslang.Tuples,javaslang.Tuples_ESTest,59,0,False
952,Genesis,Javaslang-0dab3ed3,0,9145c59693f446459dd2fb5edec4a9c5,javaslang.Tuples,javaslang.Tuples_ESTest,56,0,False
953,Genesis,Javaslang-0dab3ed3,0,38d85b8900e942909f998b5873a9c055,javaslang.Tuples,javaslang.Tuples_ESTest,55,0,False
954,Genesis,Javaslang-0dab3ed3,0,1879600ed0b5456aa53b652434411eaf,javaslang.Tuples,javaslang.Tuples_ESTest,57,0,False
955,Genesis,Javaslang-0dab3ed3,0,bc1079c158234a11a96b894ff4588e5b,javaslang.Tuples,javaslang.Tuples_ESTest,57,0,False
956,Genesis,Javaslang-0dab3ed3,0,bfc80ba90ccb4f799f9055dd8c1757ef,javaslang.Tuples,javaslang.Tuples_ESTest,57,0,False
957,Genesis,Javaslang-0dab3ed3,0,ea1b1eecc03245a4a4b9c76a9135812d,javaslang.Tuples,javaslang.Tuples_ESTest,59,0,False
958,Genesis,Activiti-31c8ea16,0,01f145a3cfed4c178ffad502f0aa7e23,org.activiti.engine.impl.event.AbstractEventHandler,org.activiti.engine.impl.event.AbstractEventHandler_ESTest,0,0,False
959,Genesis,Activiti-31c8ea16,0,bb889162a7474fdb94d51394b2b8770d,org.activiti.engine.impl.event.AbstractEventHandler,org.activiti.engine.impl.event.AbstractEventHandler_ESTest,0,0,False
960,Genesis,Activiti-31c8ea16,0,ba1b9cf57af94ddaba8dc9b97bf7e35e,org.activiti.engine.impl.event.AbstractEventHandler,org.activiti.engine.impl.event.AbstractEventHandler_ESTest,0,0,False
961,Genesis,Activiti-31c8ea16,0,e49f8e5818f44841be372f803ba16d85,org.activiti.engine.impl.event.AbstractEventHandler,org.activiti.engine.impl.event.AbstractEventHandler_ESTest,0,0,False
962,Genesis,Activiti-31c8ea16,0,78dc471f4b364e029a0ee40e6e39c566,org.activiti.engine.impl.event.AbstractEventHandler,org.activiti.engine.impl.event.AbstractEventHandler_ESTest,0,0,False
963,Genesis,Activiti-31c8ea16,0,024bed6f1cad43569ef4dd45b1776e5d,org.activiti.engine.impl.event.AbstractEventHandler,org.activiti.engine.impl.event.AbstractEventHandler_ESTest,0,0,False
964,Genesis,Activiti-31c8ea16,0,e7ea2de165394e05ab5f95ec6b91dcc7,org.activiti.engine.impl.event.AbstractEventHandler,org.activiti.engine.impl.event.AbstractEventHandler_ESTest,0,0,False
965,Genesis,Activiti-31c8ea16,0,86399b1dfb4445f19b993ce228086f60,org.activiti.engine.impl.event.AbstractEventHandler,org.activiti.engine.impl.event.AbstractEventHandler_ESTest,0,0,False
966,Genesis,Activiti-31c8ea16,0,d911f5f2c7204b6289c1bc664bc53bc5,org.activiti.engine.impl.event.AbstractEventHandler,org.activiti.engine.impl.event.AbstractEventHandler_ESTest,0,0,False
967,Genesis,Activiti-31c8ea16,0,1dc9f7e353ba44fbb0bdf8155c34a3b0,org.activiti.engine.impl.event.AbstractEventHandler,org.activiti.engine.impl.event.AbstractEventHandler_ESTest,0,0,False
968,Genesis,Activiti-31c8ea16,0,bf73ce13b9da4a7b893f7d23654e4987,org.activiti.engine.impl.event.AbstractEventHandler,org.activiti.engine.impl.event.AbstractEventHandler_ESTest,0,0,False
969,Genesis,Activiti-31c8ea16,0,dd7ef7adcc9b4a4a823b2bb376e9157a,org.activiti.engine.impl.event.AbstractEventHandler,org.activiti.engine.impl.event.AbstractEventHandler_ESTest,0,0,False
970,Genesis,Activiti-31c8ea16,0,ad4327829bdc4fa896c8c6c1958e442e,org.activiti.engine.impl.event.AbstractEventHandler,org.activiti.engine.impl.event.AbstractEventHandler_ESTest,0,0,False
971,Genesis,Activiti-31c8ea16,0,a47f20c7494d47c89c2c0c2e0b8ae008,org.activiti.engine.impl.event.AbstractEventHandler,org.activiti.engine.impl.event.AbstractEventHandler_ESTest,0,0,False
972,Genesis,Activiti-31c8ea16,0,6b4c244a230d4874a6941f799dc36474,org.activiti.engine.impl.event.AbstractEventHandler,org.activiti.engine.impl.event.AbstractEventHandler_ESTest,0,0,False
973,Genesis,Activiti-31c8ea16,0,217cf7d2c4b24740a83e34adc7b99d01,org.activiti.engine.impl.event.AbstractEventHandler,org.activiti.engine.impl.event.AbstractEventHandler_ESTest,0,0,False
974,Genesis,Activiti-31c8ea16,0,eac2ea6202214550ba9d16130bf41fe2,org.activiti.engine.impl.event.AbstractEventHandler,org.activiti.engine.impl.event.AbstractEventHandler_ESTest,0,0,False
975,Genesis,Activiti-31c8ea16,0,a7bb426ce42b4a87b80b6f89c78874dc,org.activiti.engine.impl.event.AbstractEventHandler,org.activiti.engine.impl.event.AbstractEventHandler_ESTest,0,0,False
976,Genesis,Activiti-31c8ea16,0,fe1a1dd3cbf14aeba34c10814490936d,org.activiti.engine.impl.event.AbstractEventHandler,org.activiti.engine.impl.event.AbstractEventHandler_ESTest,0,0,False
977,Genesis,Activiti-31c8ea16,0,cd9f74234d1b44c28c8cae77df97f4c0,org.activiti.engine.impl.event.AbstractEventHandler,org.activiti.engine.impl.event.AbstractEventHandler_ESTest,0,0,False
978,Genesis,Activiti-31c8ea16,0,c7d1ce93c02e459ca1cef3612919f272,org.activiti.engine.impl.event.AbstractEventHandler,org.activiti.engine.impl.event.AbstractEventHandler_ESTest,0,0,False
979,Genesis,Activiti-31c8ea16,0,d4f32dbe454541268301ac6fdbb05f3e,org.activiti.engine.impl.event.AbstractEventHandler,org.activiti.engine.impl.event.AbstractEventHandler_ESTest,0,0,False
980,Genesis,Activiti-31c8ea16,0,3f30b42c03084a17a97ce389386ad44e,org.activiti.engine.impl.event.AbstractEventHandler,org.activiti.engine.impl.event.AbstractEventHandler_ESTest,0,0,False
981,Genesis,Activiti-31c8ea16,0,39379584037f4fe4bd3ea40db88ff70a,org.activiti.engine.impl.event.AbstractEventHandler,org.activiti.engine.impl.event.AbstractEventHandler_ESTest,0,0,False
982,Genesis,Activiti-31c8ea16,0,e6f4c74470704a9ca212f292750920ce,org.activiti.engine.impl.event.AbstractEventHandler,org.activiti.engine.impl.event.AbstractEventHandler_ESTest,0,0,False
983,Genesis,Activiti-31c8ea16,0,4e8a31101ae44647990db1f086f54fa6,org.activiti.engine.impl.event.AbstractEventHandler,org.activiti.engine.impl.event.AbstractEventHandler_ESTest,0,0,False
984,Genesis,Activiti-31c8ea16,0,74bb21b1753943e6aa379f70e56fddd0,org.activiti.engine.impl.event.AbstractEventHandler,org.activiti.engine.impl.event.AbstractEventHandler_ESTest,0,0,False
985,Genesis,Activiti-31c8ea16,0,4bc105b774f841f6b235a4b92fc2028d,org.activiti.engine.impl.event.AbstractEventHandler,org.activiti.engine.impl.event.AbstractEventHandler_ESTest,0,0,False
986,Genesis,Activiti-31c8ea16,0,55c7cecb9dc749b0863180ea0ea77359,org.activiti.engine.impl.event.AbstractEventHandler,org.activiti.engine.impl.event.AbstractEventHandler_ESTest,0,0,False
987,Genesis,Activiti-31c8ea16,0,c6c8eb1eea0045a68eacd33999a8eac6,org.activiti.engine.impl.event.AbstractEventHandler,org.activiti.engine.impl.event.AbstractEventHandler_ESTest,0,0,False
988,Defects4J,Csv-9,0,ee87656535504b79b040539cf5c3256c,org.apache.commons.csv.CSVRecord,org.apache.commons.csv.CSVRecord_ESTest,34,0,False
989,Defects4J,Csv-9,0,c9e6b87e7ef5419292db1d739e85c2ed,org.apache.commons.csv.CSVRecord,org.apache.commons.csv.CSVRecord_ESTest,34,0,False
990,Defects4J,Csv-9,0,905b85fdb7974769b579f155e3bb1cf3,org.apache.commons.csv.CSVRecord,org.apache.commons.csv.CSVRecord_ESTest,34,0,False
991,Defects4J,Csv-9,0,57963a4ba32047b7b63b75b214b90124,org.apache.commons.csv.CSVRecord,org.apache.commons.csv.CSVRecord_ESTest,35,0,False
992,Defects4J,Csv-9,0,fff76bca333147e49c3754e70c0c53e8,org.apache.commons.csv.CSVRecord,org.apache.commons.csv.CSVRecord_ESTest,35,0,False
993,Defects4J,Csv-9,0,4cd672d868cc4c279f56e003b9845630,org.apache.commons.csv.CSVRecord,org.apache.commons.csv.CSVRecord_ESTest,35,0,False
994,Defects4J,Csv-9,0,0fcbf27f695540ad830b0c4e23ab3529,org.apache.commons.csv.CSVRecord,org.apache.commons.csv.CSVRecord_ESTest,34,0,False
995,Defects4J,Csv-9,0,e65ee7eef95b4af0a0390cd200cee9a3,org.apache.commons.csv.CSVRecord,org.apache.commons.csv.CSVRecord_ESTest,35,0,False
996,Defects4J,Csv-9,0,c1cc57c524994e908ce55cbcce9401fc,org.apache.commons.csv.CSVRecord,org.apache.commons.csv.CSVRecord_ESTest,34,0,False
997,Defects4J,Csv-9,0,e251b53dea2441e68c92b8c1558669ec,org.apache.commons.csv.CSVRecord,org.apache.commons.csv.CSVRecord_ESTest,35,0,False
998,Defects4J,Csv-9,0,a87fe556d2f34ad1a23c8fda898f9083,org.apache.commons.csv.CSVRecord,org.apache.commons.csv.CSVRecord_ESTest,33,0,False
999,Defects4J,Csv-9,0,c6c9b95cd6ae4babb5f49563533eae16,org.apache.commons.csv.CSVRecord,org.apache.commons.csv.CSVRecord_ESTest,34,0,False
1000,Defects4J,Csv-9,0,39f995fb0846481ebbda7c3c129174fe,org.apache.commons.csv.CSVRecord,org.apache.commons.csv.CSVRecord_ESTest,34,0,False
1001,Defects4J,Csv-9,0,8e98aca8f9c44184a17e2d14a6fc2f2b,org.apache.commons.csv.CSVRecord,org.apache.commons.csv.CSVRecord_ESTest,34,0,False
1002,Defects4J,Csv-9,0,96e13a078ce141c5a3994c84de33c678,org.apache.commons.csv.CSVRecord,org.apache.commons.csv.CSVRecord_ESTest,34,0,False
1003,Defects4J,Csv-9,0,fd4783131390496b91a6fc385541bddc,org.apache.commons.csv.CSVRecord,org.apache.commons.csv.CSVRecord_ESTest,33,0,False
1004,Defects4J,Csv-9,0,89ed9221d6c4433d9a505f0769f7ee3a,org.apache.commons.csv.CSVRecord,org.apache.commons.csv.CSVRecord_ESTest,34,0,False
1005,Defects4J,Csv-9,0,5aed91ab7198423d90ecd2f80a9b0cd3,org.apache.commons.csv.CSVRecord,org.apache.commons.csv.CSVRecord_ESTest,35,0,False
1006,Defects4J,Csv-9,0,8e0ad7296b3c4b7d90ff7260ed6419ff,org.apache.commons.csv.CSVRecord,org.apache.commons.csv.CSVRecord_ESTest,34,0,False
1007,Defects4J,Csv-9,0,c4ba575b8962423a8903c56d195d790c,org.apache.commons.csv.CSVRecord,org.apache.commons.csv.CSVRecord_ESTest,33,0,False
1008,Defects4J,Csv-9,0,1856a0c9dad947b5a67d751879449364,org.apache.commons.csv.CSVRecord,org.apache.commons.csv.CSVRecord_ESTest,34,0,False
1009,Defects4J,Csv-9,0,2851c96b0d7044a396d739362dd705d7,org.apache.commons.csv.CSVRecord,org.apache.commons.csv.CSVRecord_ESTest,34,0,False
1010,Defects4J,Csv-9,0,5865cf7030be473a817a2158ee54e643,org.apache.commons.csv.CSVRecord,org.apache.commons.csv.CSVRecord_ESTest,35,0,False
1011,Defects4J,Csv-9,0,8637ac93f5ec435aae0cd800e51b7370,org.apache.commons.csv.CSVRecord,org.apache.commons.csv.CSVRecord_ESTest,34,0,False
1012,Defects4J,Csv-9,0,a09ee447e3c94d8ca87b38bb9ec1d86a,org.apache.commons.csv.CSVRecord,org.apache.commons.csv.CSVRecord_ESTest,33,0,False
1013,Defects4J,Csv-9,0,f807707988e04e12b3631f6daf0f9e62,org.apache.commons.csv.CSVRecord,org.apache.commons.csv.CSVRecord_ESTest,34,0,False
1014,Defects4J,Csv-9,0,1d0c144501d64cd482f38c7c6fc74ac4,org.apache.commons.csv.CSVRecord,org.apache.commons.csv.CSVRecord_ESTest,33,0,False
1015,Defects4J,Csv-9,0,ded3a0f3e1d5415ab5cb7c637b8abdd2,org.apache.commons.csv.CSVRecord,org.apache.commons.csv.CSVRecord_ESTest,34,0,False
1016,Defects4J,Csv-9,0,067237e64b88467ebb5c0c0167e77198,org.apache.commons.csv.CSVRecord,org.apache.commons.csv.CSVRecord_ESTest,34,0,False
1017,Defects4J,Csv-9,0,82fbfba883f04f3ca50934b624337884,org.apache.commons.csv.CSVRecord,org.apache.commons.csv.CSVRecord_ESTest,35,0,False
1018,Defects4J,Math-70,0,353b29d82ec5492288de26141756bf86,org.apache.commons.math.analysis.solvers.BisectionSolver,org.apache.commons.math.analysis.solvers.BisectionSolver_ESTest,10,0,False
1019,Defects4J,Math-70,0,950100978f12495c8bb5ec3724db3e5c,org.apache.commons.math.analysis.solvers.BisectionSolver,org.apache.commons.math.analysis.solvers.BisectionSolver_ESTest,11,0,False
1020,Defects4J,Math-70,0,5260db0e93854c01a2fa96648c9254f9,org.apache.commons.math.analysis.solvers.BisectionSolver,org.apache.commons.math.analysis.solvers.BisectionSolver_ESTest,11,0,False
1021,Defects4J,Math-70,0,74e070367c94411ab073bd81c43513b6,org.apache.commons.math.analysis.solvers.BisectionSolver,org.apache.commons.math.analysis.solvers.BisectionSolver_ESTest,10,0,False
1022,Defects4J,Math-70,0,48c07f5e572a4578868e4062a27d897d,org.apache.commons.math.analysis.solvers.BisectionSolver,org.apache.commons.math.analysis.solvers.BisectionSolver_ESTest,10,0,False
1023,Defects4J,Math-70,0,e0c69e13fa1b410297e73ba5ee073390,org.apache.commons.math.analysis.solvers.BisectionSolver,org.apache.commons.math.analysis.solvers.BisectionSolver_ESTest,10,0,False
1024,Defects4J,Math-70,0,ca5d608790b441b2b0447ad8d461f400,org.apache.commons.math.analysis.solvers.BisectionSolver,org.apache.commons.math.analysis.solvers.BisectionSolver_ESTest,10,0,False
1025,Defects4J,Math-70,0,2ef53d6a57ea4c78a09a42f51dca5c97,org.apache.commons.math.analysis.solvers.BisectionSolver,org.apache.commons.math.analysis.solvers.BisectionSolver_ESTest,10,0,False
1026,Defects4J,Math-70,0,c940f74392e34f96a4dcbd107028d8f6,org.apache.commons.math.analysis.solvers.BisectionSolver,org.apache.commons.math.analysis.solvers.BisectionSolver_ESTest,10,0,False
1027,Defects4J,Math-70,0,0b82464eb3194435bf802b94d75f548c,org.apache.commons.math.analysis.solvers.BisectionSolver,org.apache.commons.math.analysis.solvers.BisectionSolver_ESTest,13,0,False
1028,Defects4J,Math-70,0,cd9ed9f5b4f54630a09519522ae8309f,org.apache.commons.math.analysis.solvers.BisectionSolver,org.apache.commons.math.analysis.solvers.BisectionSolver_ESTest,11,0,False
1029,Defects4J,Math-70,0,e171ee21743a4dd0b87f07ceeaf6c51c,org.apache.commons.math.analysis.solvers.BisectionSolver,org.apache.commons.math.analysis.solvers.BisectionSolver_ESTest,11,0,False
1030,Defects4J,Math-70,0,e143de31212947db9c3b0bb0b9d72942,org.apache.commons.math.analysis.solvers.BisectionSolver,org.apache.commons.math.analysis.solvers.BisectionSolver_ESTest,10,0,False
1031,Defects4J,Math-70,0,b4c9f1faf86745b9b1a184ed143c5b83,org.apache.commons.math.analysis.solvers.BisectionSolver,org.apache.commons.math.analysis.solvers.BisectionSolver_ESTest,10,0,False
1032,Defects4J,Math-70,0,14f13a0115524dff91fc7be20abd29bd,org.apache.commons.math.analysis.solvers.BisectionSolver,org.apache.commons.math.analysis.solvers.BisectionSolver_ESTest,12,0,False
1033,Defects4J,Math-70,0,49a5bdd441124e3c97f616288bce24e9,org.apache.commons.math.analysis.solvers.BisectionSolver,org.apache.commons.math.analysis.solvers.BisectionSolver_ESTest,12,0,False
1034,Defects4J,Math-70,0,63a10024671b45d58703c37672bd84ff,org.apache.commons.math.analysis.solvers.BisectionSolver,org.apache.commons.math.analysis.solvers.BisectionSolver_ESTest,12,0,False
1035,Defects4J,Math-70,0,2396193a21374aec8d7e332d4b8698d7,org.apache.commons.math.analysis.solvers.BisectionSolver,org.apache.commons.math.analysis.solvers.BisectionSolver_ESTest,11,0,False
1036,Defects4J,Math-70,0,524e33ceec2347ca90e83f2f2b5cea56,org.apache.commons.math.analysis.solvers.BisectionSolver,org.apache.commons.math.analysis.solvers.BisectionSolver_ESTest,12,0,False
1037,Defects4J,Math-70,0,824876f666e44695a3aafe855e2b1561,org.apache.commons.math.analysis.solvers.BisectionSolver,org.apache.commons.math.analysis.solvers.BisectionSolver_ESTest,12,0,False
1038,Defects4J,Math-70,0,5ff529acd9484e6fbeca93591d061336,org.apache.commons.math.analysis.solvers.BisectionSolver,org.apache.commons.math.analysis.solvers.BisectionSolver_ESTest,11,0,False
1039,Defects4J,Math-70,0,5b2a2c3e530d45228c7d5fea7d20126e,org.apache.commons.math.analysis.solvers.BisectionSolver,org.apache.commons.math.analysis.solvers.BisectionSolver_ESTest,11,0,False
1040,Defects4J,Math-70,0,9525c84311e74bd3b0d6ef1ba072139e,org.apache.commons.math.analysis.solvers.BisectionSolver,org.apache.commons.math.analysis.solvers.BisectionSolver_ESTest,12,0,False
1041,Defects4J,Math-70,0,845d3292e59f47ec8cc44249c02def5a,org.apache.commons.math.analysis.solvers.BisectionSolver,org.apache.commons.math.analysis.solvers.BisectionSolver_ESTest,11,0,False
1042,Defects4J,Math-70,0,dc4f173f077549d1a36fbf1e893b4cac,org.apache.commons.math.analysis.solvers.BisectionSolver,org.apache.commons.math.analysis.solvers.BisectionSolver_ESTest,10,0,False
1043,Defects4J,Math-70,0,0cb92b00b6ed4d6b82d854546434d04d,org.apache.commons.math.analysis.solvers.BisectionSolver,org.apache.commons.math.analysis.solvers.BisectionSolver_ESTest,11,0,False
1044,Defects4J,Math-70,0,556835160ea845a897b4e77abf523736,org.apache.commons.math.analysis.solvers.BisectionSolver,org.apache.commons.math.analysis.solvers.BisectionSolver_ESTest,11,0,False
1045,Defects4J,Math-70,0,939b15807f344a7597796035781c4dc8,org.apache.commons.math.analysis.solvers.BisectionSolver,org.apache.commons.math.analysis.solvers.BisectionSolver_ESTest,12,0,False
1046,Defects4J,Math-70,0,5312277150994e35b377065b47b4eb98,org.apache.commons.math.analysis.solvers.BisectionSolver,org.apache.commons.math.analysis.solvers.BisectionSolver_ESTest,12,0,False
1047,Defects4J,Math-70,0,5d48c03636bd44489f01470a7d5b6b04,org.apache.commons.math.analysis.solvers.BisectionSolver,org.apache.commons.math.analysis.solvers.BisectionSolver_ESTest,11,0,False
1048,Defects4J,Math-79,0,ef02fcf846354a7d86054310384a77c1,org.apache.commons.math.stat.clustering.KMeansPlusPlusClusterer,org.apache.commons.math.stat.clustering.KMeansPlusPlusClusterer_ESTest,5,0,False
1049,Defects4J,Math-79,0,bebc6bc544894d559601dec1446386bd,org.apache.commons.math.stat.clustering.KMeansPlusPlusClusterer,org.apache.commons.math.stat.clustering.KMeansPlusPlusClusterer_ESTest,4,0,False
1050,Defects4J,Math-79,0,7bbb259a7a574133bfc3c470f20a052d,org.apache.commons.math.stat.clustering.KMeansPlusPlusClusterer,org.apache.commons.math.stat.clustering.KMeansPlusPlusClusterer_ESTest,4,0,False
1051,Defects4J,Math-79,0,3980581e235d4bacbc6013968ae02f11,org.apache.commons.math.stat.clustering.KMeansPlusPlusClusterer,org.apache.commons.math.stat.clustering.KMeansPlusPlusClusterer_ESTest,5,0,False
1052,Defects4J,Math-79,0,de809f17775646a0bb8f85f8441ad786,org.apache.commons.math.stat.clustering.KMeansPlusPlusClusterer,org.apache.commons.math.stat.clustering.KMeansPlusPlusClusterer_ESTest,4,0,False
1053,Defects4J,Math-79,0,69acd3d5ed8d4e03aa1053e9b191e081,org.apache.commons.math.stat.clustering.KMeansPlusPlusClusterer,org.apache.commons.math.stat.clustering.KMeansPlusPlusClusterer_ESTest,4,0,False
1054,Defects4J,Math-79,0,0276283902c0439e90073dca8c951530,org.apache.commons.math.stat.clustering.KMeansPlusPlusClusterer,org.apache.commons.math.stat.clustering.KMeansPlusPlusClusterer_ESTest,6,0,False
1055,Defects4J,Math-79,0,6f780c4b2da3412c9f3c593556d50bc8,org.apache.commons.math.stat.clustering.KMeansPlusPlusClusterer,org.apache.commons.math.stat.clustering.KMeansPlusPlusClusterer_ESTest,4,0,False
1056,Defects4J,Math-79,0,14a198646e874ba293241f72041f38ad,org.apache.commons.math.stat.clustering.KMeansPlusPlusClusterer,org.apache.commons.math.stat.clustering.KMeansPlusPlusClusterer_ESTest,4,0,False
1057,Defects4J,Math-79,0,a03a7b80a25046e08a4a6db80ea4579a,org.apache.commons.math.stat.clustering.KMeansPlusPlusClusterer,org.apache.commons.math.stat.clustering.KMeansPlusPlusClusterer_ESTest,3,0,False
1058,Defects4J,Math-79,0,a2523d812c1c45a98f75b1559ddc39f2,org.apache.commons.math.stat.clustering.KMeansPlusPlusClusterer,org.apache.commons.math.stat.clustering.KMeansPlusPlusClusterer_ESTest,4,0,False
1059,Defects4J,Math-79,0,8acf8b7afb004d87abc53d95e0613bd4,org.apache.commons.math.stat.clustering.KMeansPlusPlusClusterer,org.apache.commons.math.stat.clustering.KMeansPlusPlusClusterer_ESTest,4,0,False
1060,Defects4J,Math-79,0,6e378af682284b4fad51ed3957ac1d45,org.apache.commons.math.stat.clustering.KMeansPlusPlusClusterer,org.apache.commons.math.stat.clustering.KMeansPlusPlusClusterer_ESTest,4,0,False
1061,Defects4J,Math-79,0,c7b61409964b48ff9f440694be5085b8,org.apache.commons.math.stat.clustering.KMeansPlusPlusClusterer,org.apache.commons.math.stat.clustering.KMeansPlusPlusClusterer_ESTest,4,0,False
1062,Defects4J,Math-79,0,b268773054b24e0695a3089642dea720,org.apache.commons.math.stat.clustering.KMeansPlusPlusClusterer,org.apache.commons.math.stat.clustering.KMeansPlusPlusClusterer_ESTest,4,0,False
1063,Defects4J,Math-79,0,a2d41e54e6874eb7813d3127865107ad,org.apache.commons.math.stat.clustering.KMeansPlusPlusClusterer,org.apache.commons.math.stat.clustering.KMeansPlusPlusClusterer_ESTest,5,0,False
1064,Defects4J,Math-79,0,4ea76d10c731467398e3994851d34043,org.apache.commons.math.stat.clustering.KMeansPlusPlusClusterer,org.apache.commons.math.stat.clustering.KMeansPlusPlusClusterer_ESTest,5,0,False
1065,Defects4J,Math-79,0,067bd0468bfa43699042030bdc780be9,org.apache.commons.math.stat.clustering.KMeansPlusPlusClusterer,org.apache.commons.math.stat.clustering.KMeansPlusPlusClusterer_ESTest,4,0,False
1066,Defects4J,Math-79,0,dabed71cab4041f699fef58c1fc98dbb,org.apache.commons.math.stat.clustering.KMeansPlusPlusClusterer,org.apache.commons.math.stat.clustering.KMeansPlusPlusClusterer_ESTest,4,0,False
1067,Defects4J,Math-79,0,4a41cd9a01b246cbb50eec47ddcf956b,org.apache.commons.math.stat.clustering.KMeansPlusPlusClusterer,org.apache.commons.math.stat.clustering.KMeansPlusPlusClusterer_ESTest,5,0,False
1068,Defects4J,Math-79,0,365d3964a5ad49b89202a89b23a7bd24,org.apache.commons.math.stat.clustering.KMeansPlusPlusClusterer,org.apache.commons.math.stat.clustering.KMeansPlusPlusClusterer_ESTest,4,0,False
1069,Defects4J,Math-79,0,f37a376847e04348ab371ae912fc2afb,org.apache.commons.math.stat.clustering.KMeansPlusPlusClusterer,org.apache.commons.math.stat.clustering.KMeansPlusPlusClusterer_ESTest,5,0,False
1070,Defects4J,Math-79,0,55aecc0a1b70400f8736b9c4eaed6d1e,org.apache.commons.math.stat.clustering.KMeansPlusPlusClusterer,org.apache.commons.math.stat.clustering.KMeansPlusPlusClusterer_ESTest,4,0,False
1071,Defects4J,Math-79,0,272779070a164d15a88c3ee787f48e33,org.apache.commons.math.stat.clustering.KMeansPlusPlusClusterer,org.apache.commons.math.stat.clustering.KMeansPlusPlusClusterer_ESTest,5,0,False
1072,Defects4J,Math-79,0,3d3be158af56420a8b228cf33ad90715,org.apache.commons.math.stat.clustering.KMeansPlusPlusClusterer,org.apache.commons.math.stat.clustering.KMeansPlusPlusClusterer_ESTest,4,0,False
1073,Defects4J,Math-79,0,d273358f3e2142c2a44a617b6800eb3d,org.apache.commons.math.stat.clustering.KMeansPlusPlusClusterer,org.apache.commons.math.stat.clustering.KMeansPlusPlusClusterer_ESTest,4,0,False
1074,Defects4J,Math-79,0,ebab25847016437fb10e1cdba06ed97e,org.apache.commons.math.stat.clustering.KMeansPlusPlusClusterer,org.apache.commons.math.stat.clustering.KMeansPlusPlusClusterer_ESTest,6,0,False
1075,Defects4J,Math-79,0,67a4d99f52f8484aa467af98b2b9be74,org.apache.commons.math.stat.clustering.KMeansPlusPlusClusterer,org.apache.commons.math.stat.clustering.KMeansPlusPlusClusterer_ESTest,5,0,False
1076,Defects4J,Math-79,0,8684c882b5e1440fb58313f9d8e7e539,org.apache.commons.math.stat.clustering.KMeansPlusPlusClusterer,org.apache.commons.math.stat.clustering.KMeansPlusPlusClusterer_ESTest,4,0,False
1077,Defects4J,Math-79,0,afdb0cf0c2e54e5eb143357f2b4f6aec,org.apache.commons.math.stat.clustering.KMeansPlusPlusClusterer,org.apache.commons.math.stat.clustering.KMeansPlusPlusClusterer_ESTest,4,0,False
1078,Defects4J,Csv-11,0,18b9afb949264436b0f90bf29f2143d8,org.apache.commons.csv.CSVParser,org.apache.commons.csv.CSVParser_ESTest,22,0,False
1079,Defects4J,Csv-11,0,9a79d84e71db483b816ee5334e253440,org.apache.commons.csv.CSVParser,org.apache.commons.csv.CSVParser_ESTest,20,0,False
1080,Defects4J,Csv-11,0,9555642406eb47a3bc37854da9b090ed,org.apache.commons.csv.CSVParser,org.apache.commons.csv.CSVParser_ESTest,19,0,False
1081,Defects4J,Csv-11,0,15608f31a8a14ee3bfbad17591310130,org.apache.commons.csv.CSVParser,org.apache.commons.csv.CSVParser_ESTest,20,0,False
1082,Defects4J,Csv-11,0,061166c071e24860923f7fb0718fdcab,org.apache.commons.csv.CSVParser,org.apache.commons.csv.CSVParser_ESTest,22,0,False
1083,Defects4J,Csv-11,0,228531415c4a44ff86d771f566be45e9,org.apache.commons.csv.CSVParser,org.apache.commons.csv.CSVParser_ESTest,19,0,False
1084,Defects4J,Csv-11,0,76111b25b600435bae51c7ab6b36414f,org.apache.commons.csv.CSVParser,org.apache.commons.csv.CSVParser_ESTest,21,0,False
1085,Defects4J,Csv-11,0,1b2cb2c62b114eba95f0496aed136ead,org.apache.commons.csv.CSVParser,org.apache.commons.csv.CSVParser_ESTest,22,0,False
1086,Defects4J,Csv-11,0,831773d65c12465ebf15728f739d5b67,org.apache.commons.csv.CSVParser,org.apache.commons.csv.CSVParser_ESTest,18,0,False
1087,Defects4J,Csv-11,0,8c68dbe3668f4642985243841b3fb44e,org.apache.commons.csv.CSVParser,org.apache.commons.csv.CSVParser_ESTest,20,0,False
1088,Defects4J,Csv-11,0,88d2416f93e54839baddb14d6e808d94,org.apache.commons.csv.CSVParser,org.apache.commons.csv.CSVParser_ESTest,18,0,False
1089,Defects4J,Csv-11,0,43f33e2c1c6240fb972d7391a96f55c6,org.apache.commons.csv.CSVParser,org.apache.commons.csv.CSVParser_ESTest,21,0,False
1090,Defects4J,Csv-11,0,fc491c99630e480796de40df02679bfc,org.apache.commons.csv.CSVParser,org.apache.commons.csv.CSVParser_ESTest,18,0,False
1091,Defects4J,Csv-11,0,c8d22e6da3b84c33bea003fe496eed62,org.apache.commons.csv.CSVParser,org.apache.commons.csv.CSVParser_ESTest,20,0,False
1092,Defects4J,Csv-11,0,efec05b2e0f149f4ab5b4b857836c68e,org.apache.commons.csv.CSVParser,org.apache.commons.csv.CSVParser_ESTest,22,0,False
1093,Defects4J,Csv-11,0,117c9f7a269347b2adc6ac64d478b878,org.apache.commons.csv.CSVParser,org.apache.commons.csv.CSVParser_ESTest,20,0,False
1094,Defects4J,Csv-11,0,b43f8826207f458c99f5b076a86a466f,org.apache.commons.csv.CSVParser,org.apache.commons.csv.CSVParser_ESTest,17,0,False
1095,Defects4J,Csv-11,0,6cd59d442b354b23ae0dea12530ded98,org.apache.commons.csv.CSVParser,org.apache.commons.csv.CSVParser_ESTest,22,0,False
1096,Defects4J,Cli-30,0,57c884f415474809b104b0bbe9fc48d2,org.apache.commons.cli.Parser,org.apache.commons.cli.Parser_ESTest,19,0,False
1097,Defects4J,Cli-30,0,57c884f415474809b104b0bbe9fc48d2,org.apache.commons.cli.DefaultParser,org.apache.commons.cli.DefaultParser_ESTest,16,0,False
1098,Defects4J,Cli-30,0,dd9dd8d5da7d43c8ba7b3a2153132a91,org.apache.commons.cli.Parser,org.apache.commons.cli.Parser_ESTest,18,0,False
1099,Defects4J,Cli-30,0,dd9dd8d5da7d43c8ba7b3a2153132a91,org.apache.commons.cli.DefaultParser,org.apache.commons.cli.DefaultParser_ESTest,17,0,False
1100,Defects4J,Cli-30,0,6f75b891f97242b7a090fd52a8ebc76f,org.apache.commons.cli.Parser,org.apache.commons.cli.Parser_ESTest,18,0,False
1101,Defects4J,Cli-30,0,6f75b891f97242b7a090fd52a8ebc76f,org.apache.commons.cli.DefaultParser,org.apache.commons.cli.DefaultParser_ESTest,15,0,False
1102,Defects4J,Cli-30,0,f8986499019c414a871819a17d393f54,org.apache.commons.cli.Parser,org.apache.commons.cli.Parser_ESTest,17,0,False
1103,Defects4J,Cli-30,0,f8986499019c414a871819a17d393f54,org.apache.commons.cli.DefaultParser,org.apache.commons.cli.DefaultParser_ESTest,14,0,False
1104,Defects4J,Cli-30,0,2f0f4c3391ae43de829f6a85a1cbf019,org.apache.commons.cli.Parser,org.apache.commons.cli.Parser_ESTest,20,0,False
1105,Defects4J,Cli-30,0,2f0f4c3391ae43de829f6a85a1cbf019,org.apache.commons.cli.DefaultParser,org.apache.commons.cli.DefaultParser_ESTest,14,0,False
1106,Defects4J,Cli-30,0,cf9a6bbe83fe4a36a7fbb39bd57ddbb5,org.apache.commons.cli.Parser,org.apache.commons.cli.Parser_ESTest,20,0,False
1107,Defects4J,Cli-30,0,cf9a6bbe83fe4a36a7fbb39bd57ddbb5,org.apache.commons.cli.DefaultParser,org.apache.commons.cli.DefaultParser_ESTest,16,0,False
1108,Defects4J,Cli-30,0,b7165424127a477287c665600a25977e,org.apache.commons.cli.Parser,org.apache.commons.cli.Parser_ESTest,22,0,False
1109,Defects4J,Cli-30,0,b7165424127a477287c665600a25977e,org.apache.commons.cli.DefaultParser,org.apache.commons.cli.DefaultParser_ESTest,15,0,False
1110,Defects4J,Cli-30,0,e2e0988351424c0a9dcd6c4b75d5de89,org.apache.commons.cli.Parser,org.apache.commons.cli.Parser_ESTest,20,0,False
1111,Defects4J,Cli-30,0,e2e0988351424c0a9dcd6c4b75d5de89,org.apache.commons.cli.DefaultParser,org.apache.commons.cli.DefaultParser_ESTest,13,0,False
1112,Defects4J,Cli-30,0,e25d8e770c774112a18835aefec9959b,org.apache.commons.cli.Parser,org.apache.commons.cli.Parser_ESTest,19,0,False
1113,Defects4J,Cli-30,0,e25d8e770c774112a18835aefec9959b,org.apache.commons.cli.DefaultParser,org.apache.commons.cli.DefaultParser_ESTest,15,0,False
1114,Defects4J,Cli-30,0,9c2ce8aea1d547b3bedb65c347f65047,org.apache.commons.cli.Parser,org.apache.commons.cli.Parser_ESTest,20,0,False
1115,Defects4J,Cli-30,0,9c2ce8aea1d547b3bedb65c347f65047,org.apache.commons.cli.DefaultParser,org.apache.commons.cli.DefaultParser_ESTest,15,0,False
1116,Defects4J,Cli-30,0,d7823fba15484fcb8b9bba5bc05ff4dc,org.apache.commons.cli.Parser,org.apache.commons.cli.Parser_ESTest,19,0,False
1117,Defects4J,Cli-30,0,d7823fba15484fcb8b9bba5bc05ff4dc,org.apache.commons.cli.DefaultParser,org.apache.commons.cli.DefaultParser_ESTest,17,0,False
1118,Defects4J,Cli-30,0,771a5bec5952402d9f37ef8cd0570f99,org.apache.commons.cli.Parser,org.apache.commons.cli.Parser_ESTest,18,0,False
1119,Defects4J,Cli-30,0,771a5bec5952402d9f37ef8cd0570f99,org.apache.commons.cli.DefaultParser,org.apache.commons.cli.DefaultParser_ESTest,15,0,False
1120,Defects4J,Cli-30,0,80e39cd04c6f4a8b9c01839e948eb50d,org.apache.commons.cli.Parser,org.apache.commons.cli.Parser_ESTest,18,0,False
1121,Defects4J,Cli-30,0,80e39cd04c6f4a8b9c01839e948eb50d,org.apache.commons.cli.DefaultParser,org.apache.commons.cli.DefaultParser_ESTest,18,0,False
1122,Defects4J,Cli-30,0,2c78729ba877452da421cb2caf6eb5cf,org.apache.commons.cli.Parser,org.apache.commons.cli.Parser_ESTest,19,0,False
1123,Defects4J,Cli-30,0,2c78729ba877452da421cb2caf6eb5cf,org.apache.commons.cli.DefaultParser,org.apache.commons.cli.DefaultParser_ESTest,17,0,False
1124,Defects4J,Cli-30,0,f107bc66a31d4ca2af353b7c4f06519f,org.apache.commons.cli.Parser,org.apache.commons.cli.Parser_ESTest,20,0,False
1125,Defects4J,Cli-30,0,f107bc66a31d4ca2af353b7c4f06519f,org.apache.commons.cli.DefaultParser,org.apache.commons.cli.DefaultParser_ESTest,13,0,False
1126,Defects4J,Cli-30,0,225e8ba1af5e4f06a387bda378036804,org.apache.commons.cli.Parser,org.apache.commons.cli.Parser_ESTest,19,0,False
1127,Defects4J,Cli-30,0,225e8ba1af5e4f06a387bda378036804,org.apache.commons.cli.DefaultParser,org.apache.commons.cli.DefaultParser_ESTest,15,0,False
1128,Defects4J,Cli-30,0,3c500bb684164fbb9aa01b5d111a4fba,org.apache.commons.cli.Parser,org.apache.commons.cli.Parser_ESTest,19,0,False
1129,Defects4J,Cli-30,0,3c500bb684164fbb9aa01b5d111a4fba,org.apache.commons.cli.DefaultParser,org.apache.commons.cli.DefaultParser_ESTest,16,0,False
1130,Defects4J,Cli-30,0,2e4419e6300b4ecb9582aa8935dee166,org.apache.commons.cli.Parser,org.apache.commons.cli.Parser_ESTest,21,0,False
1131,Defects4J,Cli-30,0,2e4419e6300b4ecb9582aa8935dee166,org.apache.commons.cli.DefaultParser,org.apache.commons.cli.DefaultParser_ESTest,16,0,False
1132,Defects4J,Cli-30,0,3e073c8c7b6041aa9e9339280f751aaf,org.apache.commons.cli.Parser,org.apache.commons.cli.Parser_ESTest,18,0,False
1133,Defects4J,Cli-30,0,3e073c8c7b6041aa9e9339280f751aaf,org.apache.commons.cli.DefaultParser,org.apache.commons.cli.DefaultParser_ESTest,15,0,False
1134,Defects4J,Cli-30,0,7a6bc6d1cce74901b341146b38c75c57,org.apache.commons.cli.Parser,org.apache.commons.cli.Parser_ESTest,21,0,False
1135,Defects4J,Cli-30,0,7a6bc6d1cce74901b341146b38c75c57,org.apache.commons.cli.DefaultParser,org.apache.commons.cli.DefaultParser_ESTest,13,0,False
1136,Defects4J,Cli-30,0,1b4571acd6d94651bd01586cfa634df7,org.apache.commons.cli.Parser,org.apache.commons.cli.Parser_ESTest,19,0,False
1137,Defects4J,Cli-30,0,1b4571acd6d94651bd01586cfa634df7,org.apache.commons.cli.DefaultParser,org.apache.commons.cli.DefaultParser_ESTest,16,0,False
1138,Defects4J,Cli-30,0,7a62313b02ad47b19c464c3bfeeb106e,org.apache.commons.cli.Parser,org.apache.commons.cli.Parser_ESTest,18,0,False
1139,Defects4J,Cli-30,0,7a62313b02ad47b19c464c3bfeeb106e,org.apache.commons.cli.DefaultParser,org.apache.commons.cli.DefaultParser_ESTest,16,0,False
1140,Defects4J,Cli-30,0,ffa9f90a587446d0a1a8f790f822e281,org.apache.commons.cli.Parser,org.apache.commons.cli.Parser_ESTest,19,0,False
1141,Defects4J,Cli-30,0,ffa9f90a587446d0a1a8f790f822e281,org.apache.commons.cli.DefaultParser,org.apache.commons.cli.DefaultParser_ESTest,16,0,False
1142,Defects4J,Cli-30,0,3fb31b8b4f0543ca828700b87d82a7df,org.apache.commons.cli.Parser,org.apache.commons.cli.Parser_ESTest,22,0,False
1143,Defects4J,Cli-30,0,3fb31b8b4f0543ca828700b87d82a7df,org.apache.commons.cli.DefaultParser,org.apache.commons.cli.DefaultParser_ESTest,14,0,False
1144,Defects4J,Cli-30,0,605d42ddc12249ec8d175d6995328f90,org.apache.commons.cli.Parser,org.apache.commons.cli.Parser_ESTest,16,0,False
1145,Defects4J,Cli-30,0,605d42ddc12249ec8d175d6995328f90,org.apache.commons.cli.DefaultParser,org.apache.commons.cli.DefaultParser_ESTest,18,0,False
1146,Defects4J,Cli-30,0,70514b564d9c4cea9625b1e03a3a4fe1,org.apache.commons.cli.Parser,org.apache.commons.cli.Parser_ESTest,20,0,False
1147,Defects4J,Cli-30,0,70514b564d9c4cea9625b1e03a3a4fe1,org.apache.commons.cli.DefaultParser,org.apache.commons.cli.DefaultParser_ESTest,15,0,False
1148,Defects4J,Cli-30,0,73146f7e89024c10b34a48935481d6a0,org.apache.commons.cli.Parser,org.apache.commons.cli.Parser_ESTest,22,0,False
1149,Defects4J,Cli-30,0,73146f7e89024c10b34a48935481d6a0,org.apache.commons.cli.DefaultParser,org.apache.commons.cli.DefaultParser_ESTest,15,0,False
1150,Defects4J,Cli-30,0,bd3b2483bf57441b8e1cc833942ce6c8,org.apache.commons.cli.Parser,org.apache.commons.cli.Parser_ESTest,20,0,False
1151,Defects4J,Cli-30,0,bd3b2483bf57441b8e1cc833942ce6c8,org.apache.commons.cli.DefaultParser,org.apache.commons.cli.DefaultParser_ESTest,16,0,False
1152,Defects4J,Cli-30,0,882f3a948b7e480c8d1788232ea842ae,org.apache.commons.cli.Parser,org.apache.commons.cli.Parser_ESTest,21,0,False
1153,Defects4J,Cli-30,0,882f3a948b7e480c8d1788232ea842ae,org.apache.commons.cli.DefaultParser,org.apache.commons.cli.DefaultParser_ESTest,16,0,False
1154,Defects4J,Cli-30,0,439a92b4673d42e18e3138040044f299,org.apache.commons.cli.Parser,org.apache.commons.cli.Parser_ESTest,19,0,False
1155,Defects4J,Cli-30,0,439a92b4673d42e18e3138040044f299,org.apache.commons.cli.DefaultParser,org.apache.commons.cli.DefaultParser_ESTest,13,0,False
1156,Defects4J,Cli-30,1,57c884f415474809b104b0bbe9fc48d2,org.apache.commons.cli.Parser,org.apache.commons.cli.Parser_ESTest,19,0,False
1157,Defects4J,Cli-30,1,57c884f415474809b104b0bbe9fc48d2,org.apache.commons.cli.DefaultParser,org.apache.commons.cli.DefaultParser_ESTest,16,0,False
1158,Defects4J,Cli-30,1,dd9dd8d5da7d43c8ba7b3a2153132a91,org.apache.commons.cli.Parser,org.apache.commons.cli.Parser_ESTest,18,0,False
1159,Defects4J,Cli-30,1,dd9dd8d5da7d43c8ba7b3a2153132a91,org.apache.commons.cli.DefaultParser,org.apache.commons.cli.DefaultParser_ESTest,17,0,False
1160,Defects4J,Cli-30,1,6f75b891f97242b7a090fd52a8ebc76f,org.apache.commons.cli.Parser,org.apache.commons.cli.Parser_ESTest,18,0,False
1161,Defects4J,Cli-30,1,6f75b891f97242b7a090fd52a8ebc76f,org.apache.commons.cli.DefaultParser,org.apache.commons.cli.DefaultParser_ESTest,15,0,False
1162,Defects4J,Cli-30,1,f8986499019c414a871819a17d393f54,org.apache.commons.cli.Parser,org.apache.commons.cli.Parser_ESTest,17,0,False
1163,Defects4J,Cli-30,1,f8986499019c414a871819a17d393f54,org.apache.commons.cli.DefaultParser,org.apache.commons.cli.DefaultParser_ESTest,14,0,False
1164,Defects4J,Cli-30,1,2f0f4c3391ae43de829f6a85a1cbf019,org.apache.commons.cli.Parser,org.apache.commons.cli.Parser_ESTest,20,0,False
1165,Defects4J,Cli-30,1,2f0f4c3391ae43de829f6a85a1cbf019,org.apache.commons.cli.DefaultParser,org.apache.commons.cli.DefaultParser_ESTest,14,0,False
1166,Defects4J,Cli-30,1,cf9a6bbe83fe4a36a7fbb39bd57ddbb5,org.apache.commons.cli.Parser,org.apache.commons.cli.Parser_ESTest,20,0,False
1167,Defects4J,Cli-30,1,cf9a6bbe83fe4a36a7fbb39bd57ddbb5,org.apache.commons.cli.DefaultParser,org.apache.commons.cli.DefaultParser_ESTest,16,0,False
1168,Defects4J,Cli-30,1,b7165424127a477287c665600a25977e,org.apache.commons.cli.Parser,org.apache.commons.cli.Parser_ESTest,22,0,False
1169,Defects4J,Cli-30,1,b7165424127a477287c665600a25977e,org.apache.commons.cli.DefaultParser,org.apache.commons.cli.DefaultParser_ESTest,15,0,False
1170,Defects4J,Cli-30,1,e2e0988351424c0a9dcd6c4b75d5de89,org.apache.commons.cli.Parser,org.apache.commons.cli.Parser_ESTest,20,0,False
1171,Defects4J,Cli-30,1,e2e0988351424c0a9dcd6c4b75d5de89,org.apache.commons.cli.DefaultParser,org.apache.commons.cli.DefaultParser_ESTest,13,0,False
1172,Defects4J,Cli-30,1,e25d8e770c774112a18835aefec9959b,org.apache.commons.cli.Parser,org.apache.commons.cli.Parser_ESTest,19,0,False
1173,Defects4J,Cli-30,1,e25d8e770c774112a18835aefec9959b,org.apache.commons.cli.DefaultParser,org.apache.commons.cli.DefaultParser_ESTest,15,0,False
1174,Defects4J,Cli-30,1,9c2ce8aea1d547b3bedb65c347f65047,org.apache.commons.cli.Parser,org.apache.commons.cli.Parser_ESTest,20,0,False
1175,Defects4J,Cli-30,1,9c2ce8aea1d547b3bedb65c347f65047,org.apache.commons.cli.DefaultParser,org.apache.commons.cli.DefaultParser_ESTest,15,0,False
1176,Defects4J,Cli-30,1,d7823fba15484fcb8b9bba5bc05ff4dc,org.apache.commons.cli.Parser,org.apache.commons.cli.Parser_ESTest,19,0,False
1177,Defects4J,Cli-30,1,d7823fba15484fcb8b9bba5bc05ff4dc,org.apache.commons.cli.DefaultParser,org.apache.commons.cli.DefaultParser_ESTest,17,0,False
1178,Defects4J,Cli-30,1,771a5bec5952402d9f37ef8cd0570f99,org.apache.commons.cli.Parser,org.apache.commons.cli.Parser_ESTest,18,0,False
1179,Defects4J,Cli-30,1,771a5bec5952402d9f37ef8cd0570f99,org.apache.commons.cli.DefaultParser,org.apache.commons.cli.DefaultParser_ESTest,15,0,False
1180,Defects4J,Cli-30,1,80e39cd04c6f4a8b9c01839e948eb50d,org.apache.commons.cli.Parser,org.apache.commons.cli.Parser_ESTest,18,0,False
1181,Defects4J,Cli-30,1,80e39cd04c6f4a8b9c01839e948eb50d,org.apache.commons.cli.DefaultParser,org.apache.commons.cli.DefaultParser_ESTest,18,0,False
1182,Defects4J,Cli-30,1,2c78729ba877452da421cb2caf6eb5cf,org.apache.commons.cli.Parser,org.apache.commons.cli.Parser_ESTest,19,0,False
1183,Defects4J,Cli-30,1,2c78729ba877452da421cb2caf6eb5cf,org.apache.commons.cli.DefaultParser,org.apache.commons.cli.DefaultParser_ESTest,17,0,False
1184,Defects4J,Cli-30,1,f107bc66a31d4ca2af353b7c4f06519f,org.apache.commons.cli.Parser,org.apache.commons.cli.Parser_ESTest,20,0,False
1185,Defects4J,Cli-30,1,f107bc66a31d4ca2af353b7c4f06519f,org.apache.commons.cli.DefaultParser,org.apache.commons.cli.DefaultParser_ESTest,13,0,False
1186,Defects4J,Cli-30,1,225e8ba1af5e4f06a387bda378036804,org.apache.commons.cli.Parser,org.apache.commons.cli.Parser_ESTest,19,0,False
1187,Defects4J,Cli-30,1,225e8ba1af5e4f06a387bda378036804,org.apache.commons.cli.DefaultParser,org.apache.commons.cli.DefaultParser_ESTest,15,0,False
1188,Defects4J,Cli-30,1,3c500bb684164fbb9aa01b5d111a4fba,org.apache.commons.cli.Parser,org.apache.commons.cli.Parser_ESTest,19,0,False
1189,Defects4J,Cli-30,1,3c500bb684164fbb9aa01b5d111a4fba,org.apache.commons.cli.DefaultParser,org.apache.commons.cli.DefaultParser_ESTest,16,0,False
1190,Defects4J,Cli-30,1,2e4419e6300b4ecb9582aa8935dee166,org.apache.commons.cli.Parser,org.apache.commons.cli.Parser_ESTest,21,0,False
1191,Defects4J,Cli-30,1,2e4419e6300b4ecb9582aa8935dee166,org.apache.commons.cli.DefaultParser,org.apache.commons.cli.DefaultParser_ESTest,16,0,False
1192,Defects4J,Cli-30,1,3e073c8c7b6041aa9e9339280f751aaf,org.apache.commons.cli.Parser,org.apache.commons.cli.Parser_ESTest,18,0,False
1193,Defects4J,Cli-30,1,3e073c8c7b6041aa9e9339280f751aaf,org.apache.commons.cli.DefaultParser,org.apache.commons.cli.DefaultParser_ESTest,15,0,False
1194,Defects4J,Cli-30,1,7a6bc6d1cce74901b341146b38c75c57,org.apache.commons.cli.Parser,org.apache.commons.cli.Parser_ESTest,21,0,False
1195,Defects4J,Cli-30,1,7a6bc6d1cce74901b341146b38c75c57,org.apache.commons.cli.DefaultParser,org.apache.commons.cli.DefaultParser_ESTest,13,0,False
1196,Defects4J,Cli-30,1,1b4571acd6d94651bd01586cfa634df7,org.apache.commons.cli.Parser,org.apache.commons.cli.Parser_ESTest,19,0,False
1197,Defects4J,Cli-30,1,1b4571acd6d94651bd01586cfa634df7,org.apache.commons.cli.DefaultParser,org.apache.commons.cli.DefaultParser_ESTest,16,0,False
1198,Defects4J,Cli-30,1,7a62313b02ad47b19c464c3bfeeb106e,org.apache.commons.cli.Parser,org.apache.commons.cli.Parser_ESTest,18,0,False
1199,Defects4J,Cli-30,1,7a62313b02ad47b19c464c3bfeeb106e,org.apache.commons.cli.DefaultParser,org.apache.commons.cli.DefaultParser_ESTest,16,0,False
1200,Defects4J,Cli-30,1,ffa9f90a587446d0a1a8f790f822e281,org.apache.commons.cli.Parser,org.apache.commons.cli.Parser_ESTest,19,0,False
1201,Defects4J,Cli-30,1,ffa9f90a587446d0a1a8f790f822e281,org.apache.commons.cli.DefaultParser,org.apache.commons.cli.DefaultParser_ESTest,16,0,False
1202,Defects4J,Cli-30,1,3fb31b8b4f0543ca828700b87d82a7df,org.apache.commons.cli.Parser,org.apache.commons.cli.Parser_ESTest,22,0,False
1203,Defects4J,Cli-30,1,3fb31b8b4f0543ca828700b87d82a7df,org.apache.commons.cli.DefaultParser,org.apache.commons.cli.DefaultParser_ESTest,14,0,False
1204,Defects4J,Cli-30,1,605d42ddc12249ec8d175d6995328f90,org.apache.commons.cli.Parser,org.apache.commons.cli.Parser_ESTest,16,0,False
1205,Defects4J,Cli-30,1,605d42ddc12249ec8d175d6995328f90,org.apache.commons.cli.DefaultParser,org.apache.commons.cli.DefaultParser_ESTest,18,0,False
1206,Defects4J,Cli-30,1,70514b564d9c4cea9625b1e03a3a4fe1,org.apache.commons.cli.Parser,org.apache.commons.cli.Parser_ESTest,20,0,False
1207,Defects4J,Cli-30,1,70514b564d9c4cea9625b1e03a3a4fe1,org.apache.commons.cli.DefaultParser,org.apache.commons.cli.DefaultParser_ESTest,15,0,False
1208,Defects4J,Cli-30,1,73146f7e89024c10b34a48935481d6a0,org.apache.commons.cli.Parser,org.apache.commons.cli.Parser_ESTest,22,0,False
1209,Defects4J,Cli-30,1,73146f7e89024c10b34a48935481d6a0,org.apache.commons.cli.DefaultParser,org.apache.commons.cli.DefaultParser_ESTest,15,0,False
1210,Defects4J,Cli-30,1,bd3b2483bf57441b8e1cc833942ce6c8,org.apache.commons.cli.Parser,org.apache.commons.cli.Parser_ESTest,20,0,False
1211,Defects4J,Cli-30,1,bd3b2483bf57441b8e1cc833942ce6c8,org.apache.commons.cli.DefaultParser,org.apache.commons.cli.DefaultParser_ESTest,16,0,False
1212,Defects4J,Cli-30,1,882f3a948b7e480c8d1788232ea842ae,org.apache.commons.cli.Parser,org.apache.commons.cli.Parser_ESTest,21,0,False
1213,Defects4J,Cli-30,1,882f3a948b7e480c8d1788232ea842ae,org.apache.commons.cli.DefaultParser,org.apache.commons.cli.DefaultParser_ESTest,16,0,False
1214,Defects4J,Cli-30,1,439a92b4673d42e18e3138040044f299,org.apache.commons.cli.Parser,org.apache.commons.cli.Parser_ESTest,19,0,False
1215,Defects4J,Cli-30,1,439a92b4673d42e18e3138040044f299,org.apache.commons.cli.DefaultParser,org.apache.commons.cli.DefaultParser_ESTest,13,0,False
1216,NPEX,PDFBox-55586aad,0,c8759d7ad2a14db8a0a5757275a9ac30,org.apache.pdfbox.pdmodel.interactive.action.PDActionURI,org.apache.pdfbox.pdmodel.interactive.action.PDActionURI_ESTest,4,0,False
1217,NPEX,PDFBox-55586aad,0,86989a5844c24c6ebb1f52204bb0a0b7,org.apache.pdfbox.pdmodel.interactive.action.PDActionURI,org.apache.pdfbox.pdmodel.interactive.action.PDActionURI_ESTest,5,0,False
1218,NPEX,PDFBox-55586aad,0,dfe9d2efa50b40bcb4569acb70200ec1,org.apache.pdfbox.pdmodel.interactive.action.PDActionURI,org.apache.pdfbox.pdmodel.interactive.action.PDActionURI_ESTest,4,0,False
1219,NPEX,PDFBox-55586aad,0,f079b46d8ba74025adb98d4d0abfb557,org.apache.pdfbox.pdmodel.interactive.action.PDActionURI,org.apache.pdfbox.pdmodel.interactive.action.PDActionURI_ESTest,4,0,False
1220,NPEX,Log4j_2-6a233016,0,00595c86bc964de0be3408ea36aa037c,org.apache.logging.log4j.core.async.RingBufferLogEvent,org.apache.logging.log4j.core.async.RingBufferLogEvent_ESTest,63,0,False
1221,NPEX,Log4j_2-6a233016,0,96a3c31a477a4577966d9ac2fbf6995d,org.apache.logging.log4j.core.async.RingBufferLogEvent,org.apache.logging.log4j.core.async.RingBufferLogEvent_ESTest,58,0,False
1222,NPEX,Log4j_2-6a233016,0,ed64a3d886a14c78aac322df0f8eacc1,org.apache.logging.log4j.core.async.RingBufferLogEvent,org.apache.logging.log4j.core.async.RingBufferLogEvent_ESTest,63,0,False
1223,NPEX,Log4j_2-6a233016,0,aa3ec9769d714cc7993fc9691ce763b4,org.apache.logging.log4j.core.async.RingBufferLogEvent,org.apache.logging.log4j.core.async.RingBufferLogEvent_ESTest,60,0,False
1224,NPEX,Log4j_2-6a233016,0,62a54a7216774b2c989a7be07a2ff841,org.apache.logging.log4j.core.async.RingBufferLogEvent,org.apache.logging.log4j.core.async.RingBufferLogEvent_ESTest,56,0,False
1225,NPEX,Log4j_2-6a233016,0,5f7bbcca48c940b3a5552f20210c6e28,org.apache.logging.log4j.core.async.RingBufferLogEvent,org.apache.logging.log4j.core.async.RingBufferLogEvent_ESTest,67,0,False
1226,NPEX,Log4j_2-6a233016,0,a4d9e4cb38ba462f8041c099120cfdab,org.apache.logging.log4j.core.async.RingBufferLogEvent,org.apache.logging.log4j.core.async.RingBufferLogEvent_ESTest,62,0,False
1227,NPEX,Log4j_2-6a233016,0,dc6e0fc3f2874266bc5052243e09a8d2,org.apache.logging.log4j.core.async.RingBufferLogEvent,org.apache.logging.log4j.core.async.RingBufferLogEvent_ESTest,56,0,False
1228,NPEX,Log4j_2-6a233016,0,6abee80a58654b49a5bafaa30ba02a7d,org.apache.logging.log4j.core.async.RingBufferLogEvent,org.apache.logging.log4j.core.async.RingBufferLogEvent_ESTest,46,0,False
1229,NPEX,Log4j_2-6a233016,0,6abee80a58654b49a5bafaa30ba02a7d,org.apache.logging.log4j.core.async.RingBufferLogEvent,org.apache.logging.log4j.core.async.RingBufferLogEvent_ESTest$1,46,0,False
1230,NPEX,Log4j_2-6a233016,0,a1ea46b007224b98b536487245cf375f,org.apache.logging.log4j.core.async.RingBufferLogEvent,org.apache.logging.log4j.core.async.RingBufferLogEvent_ESTest,34,0,False
1231,NPEX,Log4j_2-6a233016,0,a1ea46b007224b98b536487245cf375f,org.apache.logging.log4j.core.async.RingBufferLogEvent,org.apache.logging.log4j.core.async.RingBufferLogEvent_ESTest$1,34,0,False
1232,NPEX,Log4j_2-6a233016,0,e53dfc8ba05a4f43846cdf441e69ff75,org.apache.logging.log4j.core.async.RingBufferLogEvent,org.apache.logging.log4j.core.async.RingBufferLogEvent_ESTest,61,0,False
1233,NPEX,Log4j_2-6a233016,0,9ff20787468c469fb9396b4672d7f96f,org.apache.logging.log4j.core.async.RingBufferLogEvent,org.apache.logging.log4j.core.async.RingBufferLogEvent_ESTest,61,0,False
1234,NPEX,Log4j_2-6a233016,0,fa2cc6188cf8463d822dd70f1af88ab8,org.apache.logging.log4j.core.async.RingBufferLogEvent,org.apache.logging.log4j.core.async.RingBufferLogEvent_ESTest,65,0,False
1235,NPEX,Log4j_2-6a233016,0,45a2ec787fa542c3a680415548b66de2,org.apache.logging.log4j.core.async.RingBufferLogEvent,org.apache.logging.log4j.core.async.RingBufferLogEvent_ESTest,64,0,False
1236,NPEX,Log4j_2-6a233016,0,03302e30bc8840f79de797ab737b6105,org.apache.logging.log4j.core.async.RingBufferLogEvent,org.apache.logging.log4j.core.async.RingBufferLogEvent_ESTest,61,0,False
1237,NPEX,Log4j_2-6a233016,0,2419a598e4f2479da3183f7532989782,org.apache.logging.log4j.core.async.RingBufferLogEvent,org.apache.logging.log4j.core.async.RingBufferLogEvent_ESTest,47,0,True
1238,NPEX,Log4j_2-6a233016,0,532212e65b844cb783c0e3f6a6ca573e,org.apache.logging.log4j.core.async.RingBufferLogEvent,org.apache.logging.log4j.core.async.RingBufferLogEvent_ESTest,61,0,False
1239,NPEX,Log4j_2-6a233016,0,3d1a7cca621e45e4bf2cd88b7c0cf27e,org.apache.logging.log4j.core.async.RingBufferLogEvent,org.apache.logging.log4j.core.async.RingBufferLogEvent_ESTest,53,0,False
1240,NPEX,Log4j_2-6a233016,0,88fb083ffd4b46058a0c8486aad5f661,org.apache.logging.log4j.core.async.RingBufferLogEvent,org.apache.logging.log4j.core.async.RingBufferLogEvent_ESTest,63,0,False
1241,NPEX,Log4j_2-6a233016,0,84417c6da6ec462c95f055614e35434a,org.apache.logging.log4j.core.async.RingBufferLogEvent,org.apache.logging.log4j.core.async.RingBufferLogEvent_ESTest,63,0,False
1242,NPEX,Log4j_2-6a233016,0,521d82ab90a64f169417fab8b361c129,org.apache.logging.log4j.core.async.RingBufferLogEvent,org.apache.logging.log4j.core.async.RingBufferLogEvent_ESTest,61,0,False
1243,NPEX,Log4j_2-6a233016,0,fe69d6610de24614ad8e6de0c8ce8cc6,org.apache.logging.log4j.core.async.RingBufferLogEvent,org.apache.logging.log4j.core.async.RingBufferLogEvent_ESTest,37,0,True
1244,NPEX,Log4j_2-6a233016,0,fe69d6610de24614ad8e6de0c8ce8cc6,org.apache.logging.log4j.core.async.RingBufferLogEvent,org.apache.logging.log4j.core.async.RingBufferLogEvent_ESTest$1,37,0,True
1245,NPEX,Log4j_2-6a233016,0,215abacc36cb4091ad59cef83221a47f,org.apache.logging.log4j.core.async.RingBufferLogEvent,org.apache.logging.log4j.core.async.RingBufferLogEvent_ESTest,58,0,False
1246,NPEX,Log4j_2-6a233016,0,18f6499239e04544a00edb91789416f8,org.apache.logging.log4j.core.async.RingBufferLogEvent,org.apache.logging.log4j.core.async.RingBufferLogEvent_ESTest,44,0,True
1247,NPEX,Log4j_2-6a233016,0,4e06799f3bad43de94edd2b2f6dd56bb,org.apache.logging.log4j.core.async.RingBufferLogEvent,org.apache.logging.log4j.core.async.RingBufferLogEvent_ESTest,62,0,False
1248,NPEX,Log4j_2-6a233016,0,aef9d0919b1542158a726916b7e4498e,org.apache.logging.log4j.core.async.RingBufferLogEvent,org.apache.logging.log4j.core.async.RingBufferLogEvent_ESTest,54,0,False
1249,NPEX,Log4j_2-6a233016,0,daf49991cc8a4bbabe7376c158b850e8,org.apache.logging.log4j.core.async.RingBufferLogEvent,org.apache.logging.log4j.core.async.RingBufferLogEvent_ESTest,61,0,False
1250,NPEX,Log4j_2-6a233016,0,639d8ec838ea422f8b3ae45a55eb2ec7,org.apache.logging.log4j.core.async.RingBufferLogEvent,org.apache.logging.log4j.core.async.RingBufferLogEvent_ESTest,55,0,False
1251,NPEX,Log4j_2-6a233016,0,4a29ce7580fd419db92f043e9976422a,org.apache.logging.log4j.core.async.RingBufferLogEvent,org.apache.logging.log4j.core.async.RingBufferLogEvent_ESTest,56,0,False
1252,NPEX,Aries_JPA-97cb979d,0,406c58307fa748e3806e748759b68708,org.apache.aries.jpa.blueprint.impl.AnnotationScanner,org.apache.aries.jpa.blueprint.impl.AnnotationScanner_ESTest,1,0,False
1253,NPEX,Aries_JPA-97cb979d,0,50832fd53644448d9c40d02cdb2c420a,org.apache.aries.jpa.blueprint.impl.AnnotationScanner,org.apache.aries.jpa.blueprint.impl.AnnotationScanner_ESTest,1,0,False
1254,NPEX,Aries_JPA-97cb979d,0,308c03fefacf4a74a640195c8a78de48,org.apache.aries.jpa.blueprint.impl.AnnotationScanner,org.apache.aries.jpa.blueprint.impl.AnnotationScanner_ESTest,1,0,False
1255,NPEX,Aries_JPA-97cb979d,0,3382d2381d0a48eaab95c5754f3615e4,org.apache.aries.jpa.blueprint.impl.AnnotationScanner,org.apache.aries.jpa.blueprint.impl.AnnotationScanner_ESTest,1,0,False
1256,NPEX,Aries_JPA-97cb979d,0,cb00c80ad3ab413d998393fd523c30bd,org.apache.aries.jpa.blueprint.impl.AnnotationScanner,org.apache.aries.jpa.blueprint.impl.AnnotationScanner_ESTest,1,0,False
1257,NPEX,Aries_JPA-97cb979d,0,e09320f4c4bf4eae86d35de159b17a05,org.apache.aries.jpa.blueprint.impl.AnnotationScanner,org.apache.aries.jpa.blueprint.impl.AnnotationScanner_ESTest,1,0,False
1258,NPEX,Aries_JPA-97cb979d,0,3a49e9e428ac467aa7d896ab0d46b583,org.apache.aries.jpa.blueprint.impl.AnnotationScanner,org.apache.aries.jpa.blueprint.impl.AnnotationScanner_ESTest,1,0,False
1259,NPEX,Aries_JPA-97cb979d,0,5cbfc89f162a43d39fbaa2bcc5c09c45,org.apache.aries.jpa.blueprint.impl.AnnotationScanner,org.apache.aries.jpa.blueprint.impl.AnnotationScanner_ESTest,1,0,False
1260,NPEX,Aries_JPA-97cb979d,0,475983b200234731b05d506fd5212f0d,org.apache.aries.jpa.blueprint.impl.AnnotationScanner,org.apache.aries.jpa.blueprint.impl.AnnotationScanner_ESTest,1,0,False
1261,NPEX,Aries_JPA-97cb979d,0,f6392d1c58a54ed2a19fea03b38a04e6,org.apache.aries.jpa.blueprint.impl.AnnotationScanner,org.apache.aries.jpa.blueprint.impl.AnnotationScanner_ESTest,1,0,False
1262,NPEX,Aries_JPA-97cb979d,0,55b7c1faf2904d6b82f9656edd62f32d,org.apache.aries.jpa.blueprint.impl.AnnotationScanner,org.apache.aries.jpa.blueprint.impl.AnnotationScanner_ESTest,1,0,False
1263,NPEX,Aries_JPA-97cb979d,0,8a140deeb07a4c579ae64b90c0288855,org.apache.aries.jpa.blueprint.impl.AnnotationScanner,org.apache.aries.jpa.blueprint.impl.AnnotationScanner_ESTest,1,0,False
1264,NPEX,Aries_JPA-97cb979d,0,e7dd9744586a47a582ac6a164046eb4b,org.apache.aries.jpa.blueprint.impl.AnnotationScanner,org.apache.aries.jpa.blueprint.impl.AnnotationScanner_ESTest,1,0,False
1265,NPEX,Aries_JPA-97cb979d,0,94b8c04957194d12ae1ad339bbb80730,org.apache.aries.jpa.blueprint.impl.AnnotationScanner,org.apache.aries.jpa.blueprint.impl.AnnotationScanner_ESTest,1,0,False
1266,NPEX,Aries_JPA-97cb979d,0,386a5f60bd1d43dda0bf79775b279c1b,org.apache.aries.jpa.blueprint.impl.AnnotationScanner,org.apache.aries.jpa.blueprint.impl.AnnotationScanner_ESTest,1,0,False
1267,NPEX,Aries_JPA-97cb979d,0,9d0f6e1f812646ba9a5890678aca7d3a,org.apache.aries.jpa.blueprint.impl.AnnotationScanner,org.apache.aries.jpa.blueprint.impl.AnnotationScanner_ESTest,1,0,False
1268,NPEX,Aries_JPA-97cb979d,0,de82ab6538a949ff9e883667ee42dd15,org.apache.aries.jpa.blueprint.impl.AnnotationScanner,org.apache.aries.jpa.blueprint.impl.AnnotationScanner_ESTest,1,0,False
1269,NPEX,Aries_JPA-97cb979d,0,b03893511f874461a23ec8767b052a5b,org.apache.aries.jpa.blueprint.impl.AnnotationScanner,org.apache.aries.jpa.blueprint.impl.AnnotationScanner_ESTest,1,0,False
1270,NPEX,Aries_JPA-97cb979d,0,9aabf559d684436e93bc2fc2640dd803,org.apache.aries.jpa.blueprint.impl.AnnotationScanner,org.apache.aries.jpa.blueprint.impl.AnnotationScanner_ESTest,1,0,False
1271,NPEX,Aries_JPA-97cb979d,0,027c9a3b7a214274a777c86540c9c921,org.apache.aries.jpa.blueprint.impl.AnnotationScanner,org.apache.aries.jpa.blueprint.impl.AnnotationScanner_ESTest,1,0,False
1272,NPEX,Aries_JPA-97cb979d,0,bad52bd53cec425ca4f28a3ae09a4178,org.apache.aries.jpa.blueprint.impl.AnnotationScanner,org.apache.aries.jpa.blueprint.impl.AnnotationScanner_ESTest,1,0,False
1273,NPEX,Aries_JPA-97cb979d,0,a846dcfc2d2741fdad27e4139d2550a8,org.apache.aries.jpa.blueprint.impl.AnnotationScanner,org.apache.aries.jpa.blueprint.impl.AnnotationScanner_ESTest,1,0,False
1274,NPEX,Aries_JPA-97cb979d,0,779291379df047de8f76387f2e8e3577,org.apache.aries.jpa.blueprint.impl.AnnotationScanner,org.apache.aries.jpa.blueprint.impl.AnnotationScanner_ESTest,1,0,False
1275,NPEX,Aries_JPA-97cb979d,0,5558335ffbba4f7592e7a319a2db7e94,org.apache.aries.jpa.blueprint.impl.AnnotationScanner,org.apache.aries.jpa.blueprint.impl.AnnotationScanner_ESTest,1,0,False
1276,NPEX,Aries_JPA-97cb979d,0,ef06a5677af6410ab605ee05987f9a01,org.apache.aries.jpa.blueprint.impl.AnnotationScanner,org.apache.aries.jpa.blueprint.impl.AnnotationScanner_ESTest,1,0,False
1277,NPEX,Aries_JPA-97cb979d,0,9cfc790098534243b4e76cf5232ef76e,org.apache.aries.jpa.blueprint.impl.AnnotationScanner,org.apache.aries.jpa.blueprint.impl.AnnotationScanner_ESTest,1,0,False
1278,NPEX,Aries_JPA-97cb979d,0,0239ce595cbc4b77bdff2ee8899bd33e,org.apache.aries.jpa.blueprint.impl.AnnotationScanner,org.apache.aries.jpa.blueprint.impl.AnnotationScanner_ESTest,1,0,False
1279,NPEX,Aries_JPA-97cb979d,0,fb57dcb6700b4daeb392df4639ab9a28,org.apache.aries.jpa.blueprint.impl.AnnotationScanner,org.apache.aries.jpa.blueprint.impl.AnnotationScanner_ESTest,1,0,False
1280,NPEX,Aries_JPA-97cb979d,0,e67349bd55284dbebfd006b5bc342911,org.apache.aries.jpa.blueprint.impl.AnnotationScanner,org.apache.aries.jpa.blueprint.impl.AnnotationScanner_ESTest,1,0,False
1281,NPEX,Aries_JPA-97cb979d,0,666eccc73aed47a59cccc0b2b056b31d,org.apache.aries.jpa.blueprint.impl.AnnotationScanner,org.apache.aries.jpa.blueprint.impl.AnnotationScanner_ESTest,1,0,False
1282,NPEX,Activiti-c45d6c3c,0,7d108e985d5f48f7a2735e1205460309,org.activiti.engine.impl.variable.JPAEntityMappings,org.activiti.engine.impl.variable.JPAEntityMappings_ESTest,5,0,False
1283,NPEX,Activiti-c45d6c3c,0,89fe239658e5434e8e0fcd73301cc207,org.activiti.engine.impl.variable.JPAEntityMappings,org.activiti.engine.impl.variable.JPAEntityMappings_ESTest,5,0,False
1284,NPEX,Activiti-c45d6c3c,0,465bdacad98e4e76ad87ab5072ff7227,org.activiti.engine.impl.variable.JPAEntityMappings,org.activiti.engine.impl.variable.JPAEntityMappings_ESTest,5,0,False
1285,NPEX,Activiti-c45d6c3c,0,2fb3561c2127461da8affcc15aef0a7e,org.activiti.engine.impl.variable.JPAEntityMappings,org.activiti.engine.impl.variable.JPAEntityMappings_ESTest,5,0,False
1286,NPEX,Activiti-c45d6c3c,0,b598eaf1960e4a8b8a5b838cdabe25a7,org.activiti.engine.impl.variable.JPAEntityMappings,org.activiti.engine.impl.variable.JPAEntityMappings_ESTest,5,0,False
1287,NPEX,Activiti-c45d6c3c,0,fb98138077324440abfc44f0fd0e8e80,org.activiti.engine.impl.variable.JPAEntityMappings,org.activiti.engine.impl.variable.JPAEntityMappings_ESTest,6,0,False
1288,NPEX,Activiti-c45d6c3c,0,0a68a2fe0dff4aa19fa7ac8f34ed7f74,org.activiti.engine.impl.variable.JPAEntityMappings,org.activiti.engine.impl.variable.JPAEntityMappings_ESTest,5,0,False
1289,NPEX,Activiti-c45d6c3c,0,a3eef26dfe1445a580ad48bc770c7fcd,org.activiti.engine.impl.variable.JPAEntityMappings,org.activiti.engine.impl.variable.JPAEntityMappings_ESTest,5,0,False
1290,NPEX,Activiti-c45d6c3c,0,f176ce75ed0c469a82685d8b4ff8d0fe,org.activiti.engine.impl.variable.JPAEntityMappings,org.activiti.engine.impl.variable.JPAEntityMappings_ESTest,4,0,False
1291,NPEX,Activiti-c45d6c3c,0,1706bc404698484699d222a55021d215,org.activiti.engine.impl.variable.JPAEntityMappings,org.activiti.engine.impl.variable.JPAEntityMappings_ESTest,4,0,False
1292,NPEX,Activiti-c45d6c3c,0,d3d793326acf4610b28b797c655ea7ff,org.activiti.engine.impl.variable.JPAEntityMappings,org.activiti.engine.impl.variable.JPAEntityMappings_ESTest,5,0,False
1293,NPEX,Activiti-c45d6c3c,0,9011993a7ff04c648ec77c2f01271ca6,org.activiti.engine.impl.variable.JPAEntityMappings,org.activiti.engine.impl.variable.JPAEntityMappings_ESTest,6,0,False
1294,NPEX,Activiti-c45d6c3c,0,f26cedf1427948788c368e04c5698554,org.activiti.engine.impl.variable.JPAEntityMappings,org.activiti.engine.impl.variable.JPAEntityMappings_ESTest,5,0,False
1295,NPEX,Activiti-c45d6c3c,0,1bde2ad0894a4298815a818af4832bf3,org.activiti.engine.impl.variable.JPAEntityMappings,org.activiti.engine.impl.variable.JPAEntityMappings_ESTest,6,0,False
1296,NPEX,Activiti-c45d6c3c,0,11b76f14c30a463e9fdc122f4db1d7da,org.activiti.engine.impl.variable.JPAEntityMappings,org.activiti.engine.impl.variable.JPAEntityMappings_ESTest,6,0,False
1297,NPEX,Activiti-c45d6c3c,0,4e2d3f1fe34c4d0d93bc0b3280ae15aa,org.activiti.engine.impl.variable.JPAEntityMappings,org.activiti.engine.impl.variable.JPAEntityMappings_ESTest,4,0,False
1298,NPEX,Activiti-c45d6c3c,0,fe123e3fd81242caa72a38652f75f878,org.activiti.engine.impl.variable.JPAEntityMappings,org.activiti.engine.impl.variable.JPAEntityMappings_ESTest,6,0,False
1299,NPEX,Activiti-c45d6c3c,0,dc23219a7e944ef1a89312968b551792,org.activiti.engine.impl.variable.JPAEntityMappings,org.activiti.engine.impl.variable.JPAEntityMappings_ESTest,7,0,False
1300,NPEX,Activiti-c45d6c3c,0,3c34f94a24154634ab4a83f27ff22a81,org.activiti.engine.impl.variable.JPAEntityMappings,org.activiti.engine.impl.variable.JPAEntityMappings_ESTest,5,0,False
1301,NPEX,Activiti-c45d6c3c,0,576f7faf006c4c42b6c7ed841b4763e7,org.activiti.engine.impl.variable.JPAEntityMappings,org.activiti.engine.impl.variable.JPAEntityMappings_ESTest,4,0,False
1302,NPEX,Activiti-c45d6c3c,0,97002dc7fdec472daf34a7580b31f821,org.activiti.engine.impl.variable.JPAEntityMappings,org.activiti.engine.impl.variable.JPAEntityMappings_ESTest,7,0,False
1303,NPEX,Activiti-c45d6c3c,0,d044051aef364a6299f828b8949efa67,org.activiti.engine.impl.variable.JPAEntityMappings,org.activiti.engine.impl.variable.JPAEntityMappings_ESTest,7,0,False
1304,NPEX,Activiti-c45d6c3c,0,0e19a2259ebd42faa6907760ffb78719,org.activiti.engine.impl.variable.JPAEntityMappings,org.activiti.engine.impl.variable.JPAEntityMappings_ESTest,4,0,False
1305,NPEX,Activiti-c45d6c3c,0,0cbdcd3ab6474c27ab1f4fd672fad6c9,org.activiti.engine.impl.variable.JPAEntityMappings,org.activiti.engine.impl.variable.JPAEntityMappings_ESTest,7,0,False
1306,NPEX,Activiti-c45d6c3c,0,e08f03263ca44335960acb7971400750,org.activiti.engine.impl.variable.JPAEntityMappings,org.activiti.engine.impl.variable.JPAEntityMappings_ESTest,5,0,False
1307,NPEX,Activiti-c45d6c3c,0,aeb7c0f16c524ebda23c3a54b25df5b2,org.activiti.engine.impl.variable.JPAEntityMappings,org.activiti.engine.impl.variable.JPAEntityMappings_ESTest,6,0,False
1308,NPEX,Activiti-c45d6c3c,0,0ac479ed473a44468941c72a0a4bccb6,org.activiti.engine.impl.variable.JPAEntityMappings,org.activiti.engine.impl.variable.JPAEntityMappings_ESTest,6,0,False
1309,NPEX,Activiti-c45d6c3c,0,89784797f7cc4bb480659070f0b70a94,org.activiti.engine.impl.variable.JPAEntityMappings,org.activiti.engine.impl.variable.JPAEntityMappings_ESTest,5,0,False
1310,NPEX,Activiti-c45d6c3c,0,ba0c68ffc1444da0ad10209e1bb56aac,org.activiti.engine.impl.variable.JPAEntityMappings,org.activiti.engine.impl.variable.JPAEntityMappings_ESTest,5,0,False
1311,NPEX,Activiti-c45d6c3c,0,79d93bae139a4fa8ad4ddc54be8564bb,org.activiti.engine.impl.variable.JPAEntityMappings,org.activiti.engine.impl.variable.JPAEntityMappings_ESTest,5,0,False
1312,NPEX,Nutz-87a4b212,0,f25ddd0041a24bcb9e15d3a90e72ef18,org.nutz.lang.Mirror,org.nutz.lang.Mirror_ESTest,121,0,False
1313,NPEX,Nutz-87a4b212,0,c08485a5c6374e1d8d5384cd3022f8aa,org.nutz.lang.Mirror,org.nutz.lang.Mirror_ESTest,103,0,False
1314,NPEX,Nutz-87a4b212,0,eef147e3f21c42e1b5e7803f11c9e68f,org.nutz.lang.Mirror,org.nutz.lang.Mirror_ESTest,120,0,False
1315,NPEX,Nutz-87a4b212,0,3eebd4df0c48427c82eb0f342561cc7a,org.nutz.lang.Mirror,org.nutz.lang.Mirror_ESTest,122,0,False
1316,NPEX,Nutz-87a4b212,0,9926d5e3b80a40fca9c8c1fba5be8439,org.nutz.lang.Mirror,org.nutz.lang.Mirror_ESTest,128,0,True
1317,NPEX,Nutz-87a4b212,0,6971ebe6649c488e820f4f6c27376ed9,org.nutz.lang.Mirror,org.nutz.lang.Mirror_ESTest,119,0,False
1318,NPEX,Nutz-87a4b212,0,07a85999bf3f449c8df66c1b27474af2,org.nutz.lang.Mirror,org.nutz.lang.Mirror_ESTest,115,0,False
1319,NPEX,Nutz-87a4b212,0,330afa5d0d8b4e1e96ca8d09e3cc4972,org.nutz.lang.Mirror,org.nutz.lang.Mirror_ESTest,110,0,False
1320,NPEX,Nutz-87a4b212,0,84c2fd2ebd314b66a669e2ad4aad3c09,org.nutz.lang.Mirror,org.nutz.lang.Mirror_ESTest,120,0,False
1321,NPEX,Nutz-87a4b212,0,7b6474dc807b48c193caee06c849b8bf,org.nutz.lang.Mirror,org.nutz.lang.Mirror_ESTest,126,0,False
1322,NPEX,Nutz-87a4b212,0,e7539413b3da4afd8e70b6ba8bd3c23b,org.nutz.lang.Mirror,org.nutz.lang.Mirror_ESTest,132,0,False
1323,NPEX,Nutz-87a4b212,0,8a953ff1c4e0440f9b1e65972fbe0079,org.nutz.lang.Mirror,org.nutz.lang.Mirror_ESTest,110,0,False
1324,NPEX,Nutz-87a4b212,0,b5e403d4a05644d5894c44c1cf500bb4,org.nutz.lang.Mirror,org.nutz.lang.Mirror_ESTest,118,0,False
1325,NPEX,Nutz-87a4b212,0,f2fa79848ef24ae48c099bdfeedab4e8,org.nutz.lang.Mirror,org.nutz.lang.Mirror_ESTest,118,0,False
1326,NPEX,Nutz-87a4b212,0,7d07915566d048148598d7d21232e558,org.nutz.lang.Mirror,org.nutz.lang.Mirror_ESTest,133,0,False
1327,NPEX,Nutz-87a4b212,0,46bc602fcb1a4f6e9372032625c8ab86,org.nutz.lang.Mirror,org.nutz.lang.Mirror_ESTest,122,0,False
1328,NPEX,Nutz-87a4b212,0,684a5f7e667b4546b38f08d98eb1bd34,org.nutz.lang.Mirror,org.nutz.lang.Mirror_ESTest,128,0,False
1329,NPEX,Nutz-87a4b212,0,2713cccab0c347e7b7815d147df96d92,org.nutz.lang.Mirror,org.nutz.lang.Mirror_ESTest,122,0,False
1330,NPEX,Nutz-87a4b212,0,28f14c7528f64ba7ad364473aef5a632,org.nutz.lang.Mirror,org.nutz.lang.Mirror_ESTest,115,0,False
1331,NPEX,Nutz-87a4b212,0,7d9ec1ee65544bcfa20a697c8357e6e4,org.nutz.lang.Mirror,org.nutz.lang.Mirror_ESTest,123,0,False
1332,NPEX,Nutz-87a4b212,0,6dcc9a8ce67242829c02e38c00d269cb,org.nutz.lang.Mirror,org.nutz.lang.Mirror_ESTest,120,0,False
1333,NPEX,Nutz-87a4b212,0,8386a92fc2884411945f05d30bca26fc,org.nutz.lang.Mirror,org.nutz.lang.Mirror_ESTest,124,0,False
1334,NPEX,Nutz-87a4b212,0,64dcbbd894cd407aa902443ad653c9cc,org.nutz.lang.Mirror,org.nutz.lang.Mirror_ESTest,109,0,False
1335,NPEX,Nutz-87a4b212,0,64d7fbb533f04f319c58c928a7f69add,org.nutz.lang.Mirror,org.nutz.lang.Mirror_ESTest,122,0,False
1336,NPEX,Nutz-87a4b212,0,78431541c5264648b91fb80a98167573,org.nutz.lang.Mirror,org.nutz.lang.Mirror_ESTest,100,0,False
1337,NPEX,Nutz-87a4b212,0,7d43070efbbc40e3871bd3eb71c47998,org.nutz.lang.Mirror,org.nutz.lang.Mirror_ESTest,130,0,False
1338,NPEX,Nutz-87a4b212,0,2f57f25351514cf6b48de531f2119f68,org.nutz.lang.Mirror,org.nutz.lang.Mirror_ESTest,109,0,False
1339,NPEX,Nutz-87a4b212,0,61a2234defdd429facfb1bfe4c9a0994,org.nutz.lang.Mirror,org.nutz.lang.Mirror_ESTest,120,0,False
1340,NPEX,Nutz-87a4b212,0,44aef5a9f3a64d87940b62551a725d9e,org.nutz.lang.Mirror,org.nutz.lang.Mirror_ESTest,117,0,False
1341,NPEX,OpenPDF-a89dfdf5,0,6a1e19ab2d584e0a8a13683d86bd3531,com.lowagie.text.pdf.StandardDecryption,com.lowagie.text.pdf.StandardDecryption_ESTest,3,0,False
1342,NPEX,OpenPDF-a89dfdf5,0,718a08ad814e4f3e9000b709219a2770,com.lowagie.text.pdf.StandardDecryption,com.lowagie.text.pdf.StandardDecryption_ESTest,4,0,False
1343,NPEX,OpenPDF-a89dfdf5,0,a9e799e61509461eba6c4f5ae85b99e6,com.lowagie.text.pdf.StandardDecryption,com.lowagie.text.pdf.StandardDecryption_ESTest,3,0,False
1344,NPEX,OpenPDF-a89dfdf5,0,3c2f2fb4d4884271b2005ca0dcd53352,com.lowagie.text.pdf.StandardDecryption,com.lowagie.text.pdf.StandardDecryption_ESTest,4,0,False
1345,NPEX,OpenPDF-a89dfdf5,0,7a6ee91fb91f40acab975542797ecf64,com.lowagie.text.pdf.StandardDecryption,com.lowagie.text.pdf.StandardDecryption_ESTest,7,0,False
1346,NPEX,OpenPDF-a89dfdf5,0,1080b65759874cdb8da5f069b70e1787,com.lowagie.text.pdf.StandardDecryption,com.lowagie.text.pdf.StandardDecryption_ESTest,4,0,False
1347,NPEX,OpenPDF-a89dfdf5,0,f76764fdc56e478cb40f34ac885000e7,com.lowagie.text.pdf.StandardDecryption,com.lowagie.text.pdf.StandardDecryption_ESTest,3,0,False
1348,NPEX,OpenPDF-a89dfdf5,0,acf65e2a59e541caa8321e3e7fb63384,com.lowagie.text.pdf.StandardDecryption,com.lowagie.text.pdf.StandardDecryption_ESTest,3,0,False
1349,NPEX,OpenPDF-a89dfdf5,0,7ec1c68bc70d4f5d950539bd0a8e8c67,com.lowagie.text.pdf.StandardDecryption,com.lowagie.text.pdf.StandardDecryption_ESTest,4,0,False
1350,NPEX,OpenPDF-a89dfdf5,0,86667d70f1754da996fc9a0a5b531bcd,com.lowagie.text.pdf.StandardDecryption,com.lowagie.text.pdf.StandardDecryption_ESTest,4,0,False
1351,NPEX,OpenPDF-a89dfdf5,0,79f9d31117914499b0e183f161c9765d,com.lowagie.text.pdf.StandardDecryption,com.lowagie.text.pdf.StandardDecryption_ESTest,4,0,False
1352,NPEX,OpenPDF-a89dfdf5,0,bd7a41e179814dd3872da3b9fce14ea3,com.lowagie.text.pdf.StandardDecryption,com.lowagie.text.pdf.StandardDecryption_ESTest,4,0,False
1353,NPEX,OpenPDF-a89dfdf5,0,e95ccfd4ed70479b856da6f8746c3121,com.lowagie.text.pdf.StandardDecryption,com.lowagie.text.pdf.StandardDecryption_ESTest,5,0,False
1354,NPEX,OpenPDF-a89dfdf5,0,e6be6c39f6d046b9bd8221bebeda897b,com.lowagie.text.pdf.StandardDecryption,com.lowagie.text.pdf.StandardDecryption_ESTest,4,0,False
1355,NPEX,OpenPDF-a89dfdf5,0,8b497bf0d4cc4db0ac40ba671c489c6d,com.lowagie.text.pdf.StandardDecryption,com.lowagie.text.pdf.StandardDecryption_ESTest,4,0,False
1356,NPEX,OpenPDF-a89dfdf5,0,df8b0e083b674d7082912df3cea86c6c,com.lowagie.text.pdf.StandardDecryption,com.lowagie.text.pdf.StandardDecryption_ESTest,5,0,False
1357,NPEX,OpenPDF-a89dfdf5,0,b8455e75495741feac379e19c5264623,com.lowagie.text.pdf.StandardDecryption,com.lowagie.text.pdf.StandardDecryption_ESTest,4,0,False
1358,NPEX,OpenPDF-a89dfdf5,0,41045c32f9e04f2cb68e6f0c07011beb,com.lowagie.text.pdf.StandardDecryption,com.lowagie.text.pdf.StandardDecryption_ESTest,5,0,False
1359,NPEX,OpenPDF-a89dfdf5,0,6e7ad9783fbc40ea91b708b7ec5989a4,com.lowagie.text.pdf.StandardDecryption,com.lowagie.text.pdf.StandardDecryption_ESTest,4,0,False
1360,NPEX,OpenPDF-a89dfdf5,0,d7b0ba65379346fdb5cd40c5a5b9af69,com.lowagie.text.pdf.StandardDecryption,com.lowagie.text.pdf.StandardDecryption_ESTest,3,0,False
1361,NPEX,OpenPDF-a89dfdf5,0,8daeebfcfccc4c10a0e39759886af96f,com.lowagie.text.pdf.StandardDecryption,com.lowagie.text.pdf.StandardDecryption_ESTest,4,0,False
1362,NPEX,OpenPDF-a89dfdf5,0,2934549a2d95451fb6f659e61988be45,com.lowagie.text.pdf.StandardDecryption,com.lowagie.text.pdf.StandardDecryption_ESTest,4,0,False
1363,NPEX,OpenPDF-a89dfdf5,0,82b10f3d702c430d8bf4d4c787b98c12,com.lowagie.text.pdf.StandardDecryption,com.lowagie.text.pdf.StandardDecryption_ESTest,4,0,False
1364,NPEX,OpenPDF-a89dfdf5,0,f29feb80d29748c79ce949624a128d1f,com.lowagie.text.pdf.StandardDecryption,com.lowagie.text.pdf.StandardDecryption_ESTest,4,0,False
1365,NPEX,OpenPDF-a89dfdf5,0,a9619cffcc704ba789c32d43e1087114,com.lowagie.text.pdf.StandardDecryption,com.lowagie.text.pdf.StandardDecryption_ESTest,4,0,False
1366,NPEX,OpenPDF-a89dfdf5,0,2d60f927437842c59c0a3a0c5580f436,com.lowagie.text.pdf.StandardDecryption,com.lowagie.text.pdf.StandardDecryption_ESTest,3,0,False
1367,NPEX,OpenPDF-a89dfdf5,0,50bdf0642e384b19b9942e10e5c475b0,com.lowagie.text.pdf.StandardDecryption,com.lowagie.text.pdf.StandardDecryption_ESTest,5,0,False
1368,NPEX,OpenPDF-a89dfdf5,0,a147f5af6b72428aa722aa1e1b17031c,com.lowagie.text.pdf.StandardDecryption,com.lowagie.text.pdf.StandardDecryption_ESTest,4,0,False
1369,NPEX,OpenPDF-a89dfdf5,0,50206f39bf7c4ed69de9858d54961964,com.lowagie.text.pdf.StandardDecryption,com.lowagie.text.pdf.StandardDecryption_ESTest,4,0,False
1370,NPEX,OpenPDF-a89dfdf5,0,a85c4368cabd402389eb708daa836952,com.lowagie.text.pdf.StandardDecryption,com.lowagie.text.pdf.StandardDecryption_ESTest,3,0,False
1371,NPEX,ActiveMQ_Artemis-586abba9,0,3f066fb326f745e886b357dc75c79885,org.apache.activemq.artemis.selector.filter.UnaryExpression,org.apache.activemq.artemis.selector.filter.UnaryExpression_ESTest,20,0,False
1372,NPEX,ActiveMQ_Artemis-586abba9,0,45cdcc4f61d544bc8ed697b892004b4c,org.apache.activemq.artemis.selector.filter.UnaryExpression,org.apache.activemq.artemis.selector.filter.UnaryExpression_ESTest,20,0,False
1373,NPEX,ActiveMQ_Artemis-586abba9,0,24c25d52538c4c98967ddd178f36ebe6,org.apache.activemq.artemis.selector.filter.UnaryExpression,org.apache.activemq.artemis.selector.filter.UnaryExpression_ESTest,20,0,False
1374,NPEX,ActiveMQ_Artemis-586abba9,0,737b1fed808a444eaeefb58352804118,org.apache.activemq.artemis.selector.filter.UnaryExpression,org.apache.activemq.artemis.selector.filter.UnaryExpression_ESTest,19,0,False
1375,NPEX,ActiveMQ_Artemis-586abba9,0,834a08b7c8f24b7798248b72af31a5fe,org.apache.activemq.artemis.selector.filter.UnaryExpression,org.apache.activemq.artemis.selector.filter.UnaryExpression_ESTest,21,0,False
1376,NPEX,ActiveMQ_Artemis-586abba9,0,3f84b079698d40d294405762ad650e08,org.apache.activemq.artemis.selector.filter.UnaryExpression,org.apache.activemq.artemis.selector.filter.UnaryExpression_ESTest,19,0,False
1377,NPEX,ActiveMQ_Artemis-586abba9,0,be8c3708e1154216ae16f4b58583ffed,org.apache.activemq.artemis.selector.filter.UnaryExpression,org.apache.activemq.artemis.selector.filter.UnaryExpression_ESTest,22,0,False
1378,NPEX,ActiveMQ_Artemis-586abba9,0,c250eb21a38e4fe18eaf036e810aaae1,org.apache.activemq.artemis.selector.filter.UnaryExpression,org.apache.activemq.artemis.selector.filter.UnaryExpression_ESTest,21,0,False
1379,NPEX,ActiveMQ_Artemis-586abba9,0,7d2189eb9cba4fcb9b78646bb041d8a0,org.apache.activemq.artemis.selector.filter.UnaryExpression,org.apache.activemq.artemis.selector.filter.UnaryExpression_ESTest,21,0,False
1380,NPEX,ActiveMQ_Artemis-586abba9,0,6edcfddf3bec4fc5b34f3debbae790cb,org.apache.activemq.artemis.selector.filter.UnaryExpression,org.apache.activemq.artemis.selector.filter.UnaryExpression_ESTest,20,0,False
1381,NPEX,ActiveMQ_Artemis-586abba9,0,fed3251969744b74a66e8e1b75c9e800,org.apache.activemq.artemis.selector.filter.UnaryExpression,org.apache.activemq.artemis.selector.filter.UnaryExpression_ESTest,17,0,False
1382,NPEX,ActiveMQ_Artemis-586abba9,0,0d77454a21d540a7a28a8ca64e44655f,org.apache.activemq.artemis.selector.filter.UnaryExpression,org.apache.activemq.artemis.selector.filter.UnaryExpression_ESTest,17,0,False
1383,NPEX,ActiveMQ_Artemis-586abba9,0,f4f1f686b41e4c4b8601a42050725a12,org.apache.activemq.artemis.selector.filter.UnaryExpression,org.apache.activemq.artemis.selector.filter.UnaryExpression_ESTest,16,0,False
1384,NPEX,ActiveMQ_Artemis-586abba9,0,237ccac03f3849d18bf0f59ac97bd084,org.apache.activemq.artemis.selector.filter.UnaryExpression,org.apache.activemq.artemis.selector.filter.UnaryExpression_ESTest,20,0,False
1385,NPEX,ActiveMQ_Artemis-586abba9,0,fa4c3abeaf7743cdb8d45aa7a839c307,org.apache.activemq.artemis.selector.filter.UnaryExpression,org.apache.activemq.artemis.selector.filter.UnaryExpression_ESTest,18,0,False
1386,NPEX,ActiveMQ_Artemis-586abba9,0,f47e58eee7c1414c96ae2fed5725928e,org.apache.activemq.artemis.selector.filter.UnaryExpression,org.apache.activemq.artemis.selector.filter.UnaryExpression_ESTest,20,0,False
1387,NPEX,ActiveMQ_Artemis-586abba9,0,ba556d45fc034bd9891a3273ca52cb70,org.apache.activemq.artemis.selector.filter.UnaryExpression,org.apache.activemq.artemis.selector.filter.UnaryExpression_ESTest,20,0,False
1388,NPEX,ActiveMQ_Artemis-586abba9,0,a4f25129c7494435a03245cb0863ec06,org.apache.activemq.artemis.selector.filter.UnaryExpression,org.apache.activemq.artemis.selector.filter.UnaryExpression_ESTest,20,0,False
1389,NPEX,ActiveMQ_Artemis-586abba9,0,0b21f0553a3f471ea233a1ec10af901f,org.apache.activemq.artemis.selector.filter.UnaryExpression,org.apache.activemq.artemis.selector.filter.UnaryExpression_ESTest,17,0,False
1390,NPEX,ActiveMQ_Artemis-586abba9,0,0ea2eaddd22948cf9e70cf6a696d1985,org.apache.activemq.artemis.selector.filter.UnaryExpression,org.apache.activemq.artemis.selector.filter.UnaryExpression_ESTest,20,0,False
1391,NPEX,ActiveMQ_Artemis-586abba9,0,d671abfc8d94453696cd7c878db9be31,org.apache.activemq.artemis.selector.filter.UnaryExpression,org.apache.activemq.artemis.selector.filter.UnaryExpression_ESTest,18,0,False
1392,NPEX,ActiveMQ_Artemis-586abba9,0,1b8bcd151f704fa9b985dba1508dc458,org.apache.activemq.artemis.selector.filter.UnaryExpression,org.apache.activemq.artemis.selector.filter.UnaryExpression_ESTest,19,0,False
1393,NPEX,ActiveMQ_Artemis-586abba9,0,25bb37bcbf75481b8e2ef1ee5d7e64ec,org.apache.activemq.artemis.selector.filter.UnaryExpression,org.apache.activemq.artemis.selector.filter.UnaryExpression_ESTest,20,0,False
1394,NPEX,ActiveMQ_Artemis-586abba9,0,146d087fc83d45e4b230567a48c62d8e,org.apache.activemq.artemis.selector.filter.UnaryExpression,org.apache.activemq.artemis.selector.filter.UnaryExpression_ESTest,18,0,False
1395,NPEX,ActiveMQ_Artemis-586abba9,0,09d0cc2bcaf04bf19137d14fb5254f2b,org.apache.activemq.artemis.selector.filter.UnaryExpression,org.apache.activemq.artemis.selector.filter.UnaryExpression_ESTest,16,0,False
1396,NPEX,ActiveMQ_Artemis-586abba9,0,345eda7a25174cce9a985e6a82247b9b,org.apache.activemq.artemis.selector.filter.UnaryExpression,org.apache.activemq.artemis.selector.filter.UnaryExpression_ESTest,19,0,False
1397,NPEX,ActiveMQ_Artemis-586abba9,0,b5252f8ca2a0411b9e7cddeffc1b3f86,org.apache.activemq.artemis.selector.filter.UnaryExpression,org.apache.activemq.artemis.selector.filter.UnaryExpression_ESTest,18,0,False
1398,NPEX,ActiveMQ_Artemis-586abba9,0,34874d98e990417081a14b5c961c97cb,org.apache.activemq.artemis.selector.filter.UnaryExpression,org.apache.activemq.artemis.selector.filter.UnaryExpression_ESTest,21,0,False
1399,NPEX,ActiveMQ_Artemis-586abba9,0,2cb728ee308242e1b14d8e96b5c8333e,org.apache.activemq.artemis.selector.filter.UnaryExpression,org.apache.activemq.artemis.selector.filter.UnaryExpression_ESTest,18,0,False
1400,NPEX,ActiveMQ_Artemis-586abba9,0,09ed6207a64944d4b21d9c87cf8a092d,org.apache.activemq.artemis.selector.filter.UnaryExpression,org.apache.activemq.artemis.selector.filter.UnaryExpression_ESTest,20,0,False
1401,NPEX,ShardingSphere-82b1b9d5,0,7329c1a2f2584e43870da2c2f7a40c1b,org.apache.shardingsphere.infra.executor.sql.context.ExecutionContextBuilder,org.apache.shardingsphere.infra.executor.sql.context.ExecutionContextBuilder_ESTest,0,0,False
1402,NPEX,ShardingSphere-82b1b9d5,0,5d212e80a1a2423a990d24d844e6cb90,org.apache.shardingsphere.infra.executor.sql.context.ExecutionContextBuilder,org.apache.shardingsphere.infra.executor.sql.context.ExecutionContextBuilder_ESTest,0,0,False
1403,NPEX,ShardingSphere-82b1b9d5,0,7d1c465988544d2985333c202650585c,org.apache.shardingsphere.infra.executor.sql.context.ExecutionContextBuilder,org.apache.shardingsphere.infra.executor.sql.context.ExecutionContextBuilder_ESTest,0,0,False
1404,NPEX,ShardingSphere-82b1b9d5,0,02b1153ba9204256ac9c7ae408906587,org.apache.shardingsphere.infra.executor.sql.context.ExecutionContextBuilder,org.apache.shardingsphere.infra.executor.sql.context.ExecutionContextBuilder_ESTest,0,0,False
1405,NPEX,ShardingSphere-82b1b9d5,0,73e84d16fe894b41bb5fa4848d2ac32d,org.apache.shardingsphere.infra.executor.sql.context.ExecutionContextBuilder,org.apache.shardingsphere.infra.executor.sql.context.ExecutionContextBuilder_ESTest,0,0,False
1406,NPEX,ShardingSphere-82b1b9d5,0,3f7c843df246421db0436e57b0426712,org.apache.shardingsphere.infra.executor.sql.context.ExecutionContextBuilder,org.apache.shardingsphere.infra.executor.sql.context.ExecutionContextBuilder_ESTest,0,0,False
1407,NPEX,ShardingSphere-82b1b9d5,0,0b413965cdee4c02b3717de6e73ea226,org.apache.shardingsphere.infra.executor.sql.context.ExecutionContextBuilder,org.apache.shardingsphere.infra.executor.sql.context.ExecutionContextBuilder_ESTest,0,0,False
1408,NPEX,ShardingSphere-82b1b9d5,0,87a2a76a7cff4f4aa16f340a0a0e0fa4,org.apache.shardingsphere.infra.executor.sql.context.ExecutionContextBuilder,org.apache.shardingsphere.infra.executor.sql.context.ExecutionContextBuilder_ESTest,0,0,False
1409,NPEX,ShardingSphere-82b1b9d5,0,249d21b6698e476985e7990bea5f35d6,org.apache.shardingsphere.infra.executor.sql.context.ExecutionContextBuilder,org.apache.shardingsphere.infra.executor.sql.context.ExecutionContextBuilder_ESTest,0,0,False
1410,NPEX,ShardingSphere-82b1b9d5,0,54e7f69125bf4ee883ccfa9fd36b6bbf,org.apache.shardingsphere.infra.executor.sql.context.ExecutionContextBuilder,org.apache.shardingsphere.infra.executor.sql.context.ExecutionContextBuilder_ESTest,0,0,False
1411,NPEX,ShardingSphere-82b1b9d5,0,4fcae3138d2a43bfb1f542b4f8178a91,org.apache.shardingsphere.infra.executor.sql.context.ExecutionContextBuilder,org.apache.shardingsphere.infra.executor.sql.context.ExecutionContextBuilder_ESTest,0,0,False
1412,NPEX,ShardingSphere-82b1b9d5,0,e8ec6b589bdc4b939205d60d1cb81b2c,org.apache.shardingsphere.infra.executor.sql.context.ExecutionContextBuilder,org.apache.shardingsphere.infra.executor.sql.context.ExecutionContextBuilder_ESTest,0,0,False
1413,NPEX,ShardingSphere-82b1b9d5,0,57bdfaaad0a34d6e82cf8b7ccdd218a5,org.apache.shardingsphere.infra.executor.sql.context.ExecutionContextBuilder,org.apache.shardingsphere.infra.executor.sql.context.ExecutionContextBuilder_ESTest,0,0,False
1414,NPEX,ShardingSphere-82b1b9d5,0,48587516a32d4d079ed0fe943c72528c,org.apache.shardingsphere.infra.executor.sql.context.ExecutionContextBuilder,org.apache.shardingsphere.infra.executor.sql.context.ExecutionContextBuilder_ESTest,0,0,False
1415,NPEX,ShardingSphere-82b1b9d5,0,c7fb476042764a6885c2ffddc995c422,org.apache.shardingsphere.infra.executor.sql.context.ExecutionContextBuilder,org.apache.shardingsphere.infra.executor.sql.context.ExecutionContextBuilder_ESTest,0,0,False
1416,NPEX,ShardingSphere-82b1b9d5,0,78cda57bd92649d28aab2df8bd7cf796,org.apache.shardingsphere.infra.executor.sql.context.ExecutionContextBuilder,org.apache.shardingsphere.infra.executor.sql.context.ExecutionContextBuilder_ESTest,0,0,False
1417,NPEX,ShardingSphere-82b1b9d5,0,56d087ea1f1b46b6bfba5f21449e6d17,org.apache.shardingsphere.infra.executor.sql.context.ExecutionContextBuilder,org.apache.shardingsphere.infra.executor.sql.context.ExecutionContextBuilder_ESTest,0,0,False
1418,NPEX,ShardingSphere-82b1b9d5,0,e503875dde994d3cb71feb2617d5a542,org.apache.shardingsphere.infra.executor.sql.context.ExecutionContextBuilder,org.apache.shardingsphere.infra.executor.sql.context.ExecutionContextBuilder_ESTest,0,0,False
1419,NPEX,ShardingSphere-82b1b9d5,0,23912cbfdeb54ae7a53e8274a9ffb685,org.apache.shardingsphere.infra.executor.sql.context.ExecutionContextBuilder,org.apache.shardingsphere.infra.executor.sql.context.ExecutionContextBuilder_ESTest,0,0,False
1420,NPEX,ShardingSphere-82b1b9d5,0,81755f34f4124b1797819a4d790c47af,org.apache.shardingsphere.infra.executor.sql.context.ExecutionContextBuilder,org.apache.shardingsphere.infra.executor.sql.context.ExecutionContextBuilder_ESTest,0,0,False
1421,NPEX,ShardingSphere-82b1b9d5,0,554c21ceb155437aaaeb1c0494c7871a,org.apache.shardingsphere.infra.executor.sql.context.ExecutionContextBuilder,org.apache.shardingsphere.infra.executor.sql.context.ExecutionContextBuilder_ESTest,0,0,False
1422,NPEX,ShardingSphere-82b1b9d5,0,f35cf7c7a38e4d1dbcafd08736b2ef5a,org.apache.shardingsphere.infra.executor.sql.context.ExecutionContextBuilder,org.apache.shardingsphere.infra.executor.sql.context.ExecutionContextBuilder_ESTest,0,0,False
1423,NPEX,ShardingSphere-82b1b9d5,0,37ef5ae4175b47cda38c5df9cc604ef2,org.apache.shardingsphere.infra.executor.sql.context.ExecutionContextBuilder,org.apache.shardingsphere.infra.executor.sql.context.ExecutionContextBuilder_ESTest,0,0,False
1424,NPEX,ShardingSphere-82b1b9d5,0,9c534d0a156b41798cf719fe499b3885,org.apache.shardingsphere.infra.executor.sql.context.ExecutionContextBuilder,org.apache.shardingsphere.infra.executor.sql.context.ExecutionContextBuilder_ESTest,0,0,False
1425,NPEX,ShardingSphere-82b1b9d5,0,58343f060afa461a946b35dc4b56d359,org.apache.shardingsphere.infra.executor.sql.context.ExecutionContextBuilder,org.apache.shardingsphere.infra.executor.sql.context.ExecutionContextBuilder_ESTest,0,0,False
1426,NPEX,ShardingSphere-82b1b9d5,0,48a017ed791443d3968a65fd2f41a618,org.apache.shardingsphere.infra.executor.sql.context.ExecutionContextBuilder,org.apache.shardingsphere.infra.executor.sql.context.ExecutionContextBuilder_ESTest,0,0,False
1427,NPEX,ShardingSphere-82b1b9d5,0,2d7cab3d42fd42aea8ea89c29a389002,org.apache.shardingsphere.infra.executor.sql.context.ExecutionContextBuilder,org.apache.shardingsphere.infra.executor.sql.context.ExecutionContextBuilder_ESTest,0,0,False
1428,NPEX,ShardingSphere-82b1b9d5,0,e94d5a5673974378a6b410771bd6d5b7,org.apache.shardingsphere.infra.executor.sql.context.ExecutionContextBuilder,org.apache.shardingsphere.infra.executor.sql.context.ExecutionContextBuilder_ESTest,0,0,False
1429,NPEX,ShardingSphere-82b1b9d5,0,b55b06ece992473f90d9f04799beb6b2,org.apache.shardingsphere.infra.executor.sql.context.ExecutionContextBuilder,org.apache.shardingsphere.infra.executor.sql.context.ExecutionContextBuilder_ESTest,0,0,False
1430,NPEX,ShardingSphere-82b1b9d5,0,9106cd4ae0ae4a9291d01754ef8c5fd9,org.apache.shardingsphere.infra.executor.sql.context.ExecutionContextBuilder,org.apache.shardingsphere.infra.executor.sql.context.ExecutionContextBuilder_ESTest,0,0,False
1431,NPEX,FOP-10e0d1c2,0,08bc1d3ec9244ebd8c533e640d3f5d0f,org.apache.fop.fonts.SingleByteFont,org.apache.fop.fonts.SingleByteFont_ESTest,53,0,True
1432,NPEX,FOP-10e0d1c2,0,7b1fe9f0d55c4e42a3f595866cffe6a5,org.apache.fop.fonts.SingleByteFont,org.apache.fop.fonts.SingleByteFont_ESTest,55,0,True
1433,NPEX,FOP-10e0d1c2,0,ed642afb860f44a39facb143d5998e65,org.apache.fop.fonts.SingleByteFont,org.apache.fop.fonts.SingleByteFont_ESTest,54,0,True
1434,NPEX,FOP-10e0d1c2,0,adcb04c64ce04f3d9957ee48a60c3f4a,org.apache.fop.fonts.SingleByteFont,org.apache.fop.fonts.SingleByteFont_ESTest,54,0,True
1435,NPEX,FOP-10e0d1c2,0,0a18d429b8d34409823a5d47183a71ea,org.apache.fop.fonts.SingleByteFont,org.apache.fop.fonts.SingleByteFont_ESTest,52,0,True
1436,NPEX,FOP-10e0d1c2,0,b32d8e3ddaa04f8e98fc909f063f3c1b,org.apache.fop.fonts.SingleByteFont,org.apache.fop.fonts.SingleByteFont_ESTest,50,0,True
1437,NPEX,FOP-10e0d1c2,0,bb89a75a5e694d8086838f034b42e92b,org.apache.fop.fonts.SingleByteFont,org.apache.fop.fonts.SingleByteFont_ESTest,52,0,True
1438,NPEX,FOP-10e0d1c2,0,68adac6eb75048838d434d4332e7f355,org.apache.fop.fonts.SingleByteFont,org.apache.fop.fonts.SingleByteFont_ESTest,54,0,True
1439,NPEX,FOP-10e0d1c2,0,cca9157337be4dd49b67c26519f01ab1,org.apache.fop.fonts.SingleByteFont,org.apache.fop.fonts.SingleByteFont_ESTest,56,0,True
1440,NPEX,FOP-10e0d1c2,0,3575ab0ccfd648c098951ca88718fc5a,org.apache.fop.fonts.SingleByteFont,org.apache.fop.fonts.SingleByteFont_ESTest,50,0,True
1441,NPEX,FOP-10e0d1c2,0,dc3286eaee2746a0b2fb292b3d6fc0c0,org.apache.fop.fonts.SingleByteFont,org.apache.fop.fonts.SingleByteFont_ESTest,53,0,True
1442,NPEX,FOP-10e0d1c2,0,7882804015804ef0933a0091eeb45c06,org.apache.fop.fonts.SingleByteFont,org.apache.fop.fonts.SingleByteFont_ESTest,52,0,True
1443,NPEX,FOP-10e0d1c2,0,cb60d96e60c84cae9b07cec404e0e305,org.apache.fop.fonts.SingleByteFont,org.apache.fop.fonts.SingleByteFont_ESTest,50,0,True
1444,NPEX,FOP-10e0d1c2,0,5c4e612c5e724d6e857529397960dce9,org.apache.fop.fonts.SingleByteFont,org.apache.fop.fonts.SingleByteFont_ESTest,54,0,True
1445,NPEX,FOP-10e0d1c2,0,e068483422b949e591e45969325fd93e,org.apache.fop.fonts.SingleByteFont,org.apache.fop.fonts.SingleByteFont_ESTest,49,0,True
1446,NPEX,FOP-10e0d1c2,0,f8cfb89f0ef04aacabcecf197c32db8a,org.apache.fop.fonts.SingleByteFont,org.apache.fop.fonts.SingleByteFont_ESTest,50,0,True
1447,NPEX,FOP-10e0d1c2,0,0e54690791034aa29dcc232f21104bb4,org.apache.fop.fonts.SingleByteFont,org.apache.fop.fonts.SingleByteFont_ESTest,50,0,True
1448,NPEX,FOP-10e0d1c2,0,fbe6270ac1b44e2a9209cb90dd59a706,org.apache.fop.fonts.SingleByteFont,org.apache.fop.fonts.SingleByteFont_ESTest,53,0,True
1449,NPEX,FOP-10e0d1c2,0,58db4075475f4eddafc569f7695a0016,org.apache.fop.fonts.SingleByteFont,org.apache.fop.fonts.SingleByteFont_ESTest,52,0,True
1450,NPEX,FOP-10e0d1c2,0,b02edc4f8eb34b67a0227739b36c11e0,org.apache.fop.fonts.SingleByteFont,org.apache.fop.fonts.SingleByteFont_ESTest,50,0,True
1451,NPEX,FOP-10e0d1c2,0,e419e971188442cd894b5f29b1f2a8e1,org.apache.fop.fonts.SingleByteFont,org.apache.fop.fonts.SingleByteFont_ESTest,53,0,True
1452,NPEX,FOP-10e0d1c2,0,139b730368244d25a005e3506be8c0ca,org.apache.fop.fonts.SingleByteFont,org.apache.fop.fonts.SingleByteFont_ESTest,50,0,True
1453,NPEX,FOP-10e0d1c2,0,8af96c4c66994268a052fa83af56fbcd,org.apache.fop.fonts.SingleByteFont,org.apache.fop.fonts.SingleByteFont_ESTest,51,0,True
1454,NPEX,FOP-10e0d1c2,0,d92df78577124b8eb04fa2a66e551b38,org.apache.fop.fonts.SingleByteFont,org.apache.fop.fonts.SingleByteFont_ESTest,50,0,True
1455,NPEX,FOP-10e0d1c2,0,c117546f2b384473b0259902dde610b5,org.apache.fop.fonts.SingleByteFont,org.apache.fop.fonts.SingleByteFont_ESTest,45,0,True
1456,NPEX,FOP-10e0d1c2,0,353c36b61f9b4e5eb71829d315044e32,org.apache.fop.fonts.SingleByteFont,org.apache.fop.fonts.SingleByteFont_ESTest,55,0,True
1457,NPEX,FOP-10e0d1c2,0,e571cd0aecc84a609c1b6453e9ba4be4,org.apache.fop.fonts.SingleByteFont,org.apache.fop.fonts.SingleByteFont_ESTest,50,0,True
1458,NPEX,Log4j_2-85661de7,0,e0338a9c8eb847eab862995e22b896eb,org.apache.logging.log4j.spi.AbstractLogger,org.apache.logging.log4j.spi.AbstractLogger_ESTest,8,0,False
1459,NPEX,Log4j_2-85661de7,0,ff4c7f4b35214e6889a5ae2fddd91b13,org.apache.logging.log4j.spi.AbstractLogger,org.apache.logging.log4j.spi.AbstractLogger_ESTest,2,0,False
1460,NPEX,Log4j_2-85661de7,0,a6b589fbd212426992f353fb88751e0d,org.apache.logging.log4j.spi.AbstractLogger,org.apache.logging.log4j.spi.AbstractLogger_ESTest,1,0,False
1461,NPEX,Log4j_2-85661de7,0,ebea952d33604e2898b64cddf16501fa,org.apache.logging.log4j.spi.AbstractLogger,org.apache.logging.log4j.spi.AbstractLogger_ESTest,4,0,False
1462,NPEX,Log4j_2-85661de7,0,a4e3c1146edd4c4ca473a70de89ec26e,org.apache.logging.log4j.spi.AbstractLogger,org.apache.logging.log4j.spi.AbstractLogger_ESTest,6,0,False
1463,NPEX,Log4j_2-85661de7,0,6351202c2e704e31b8f83b35e3f35f5e,org.apache.logging.log4j.spi.AbstractLogger,org.apache.logging.log4j.spi.AbstractLogger_ESTest,2,0,False
1464,NPEX,Log4j_2-85661de7,0,7fdd499d17ac4deeb3b139e3225e603f,org.apache.logging.log4j.spi.AbstractLogger,org.apache.logging.log4j.spi.AbstractLogger_ESTest,3,0,False
1465,NPEX,Log4j_2-85661de7,0,b745c7cf6f7d46a8bde49ec897ee166b,org.apache.logging.log4j.spi.AbstractLogger,org.apache.logging.log4j.spi.AbstractLogger_ESTest,25,0,False
1466,NPEX,Log4j_2-85661de7,0,9b3c0555cf8e432a99e3803af6a12e14,org.apache.logging.log4j.spi.AbstractLogger,org.apache.logging.log4j.spi.AbstractLogger_ESTest,7,0,False
1467,NPEX,Log4j_2-85661de7,0,5a14bcd4457848b48b8a1febd7ed06eb,org.apache.logging.log4j.spi.AbstractLogger,org.apache.logging.log4j.spi.AbstractLogger_ESTest,2,0,False
1468,NPEX,Log4j_2-85661de7,0,6e9c311e7deb42b8a7a010c64f8c5f10,org.apache.logging.log4j.spi.AbstractLogger,org.apache.logging.log4j.spi.AbstractLogger_ESTest,2,0,False
1469,NPEX,Log4j_2-85661de7,0,a3bbbacbd2cf40278badca191aa4bccd,org.apache.logging.log4j.spi.AbstractLogger,org.apache.logging.log4j.spi.AbstractLogger_ESTest,6,0,False
1470,NPEX,Log4j_2-85661de7,0,6a443b3606ee41909fd6707d5ebad646,org.apache.logging.log4j.spi.AbstractLogger,org.apache.logging.log4j.spi.AbstractLogger_ESTest,4,0,False
1471,NPEX,Log4j_2-85661de7,0,b49e387d58a948ceb593d01b168156b4,org.apache.logging.log4j.spi.AbstractLogger,org.apache.logging.log4j.spi.AbstractLogger_ESTest,6,0,False
1472,NPEX,Log4j_2-85661de7,0,f3535368986d4daf9280353f6cdfc148,org.apache.logging.log4j.spi.AbstractLogger,org.apache.logging.log4j.spi.AbstractLogger_ESTest,2,0,False
1473,NPEX,Log4j_2-85661de7,0,40da7c072fba42ba83ee09b897d1613b,org.apache.logging.log4j.spi.AbstractLogger,org.apache.logging.log4j.spi.AbstractLogger_ESTest,6,0,False
1474,NPEX,Log4j_2-85661de7,0,0130b790da6949b2a0636877d430bf38,org.apache.logging.log4j.spi.AbstractLogger,org.apache.logging.log4j.spi.AbstractLogger_ESTest,3,0,False
1475,NPEX,Log4j_2-85661de7,0,b6698256d23746018d7ad58e6e425243,org.apache.logging.log4j.spi.AbstractLogger,org.apache.logging.log4j.spi.AbstractLogger_ESTest,1,0,False
1476,NPEX,Log4j_2-85661de7,0,addb2fb430464fb0bfc0b657004c839d,org.apache.logging.log4j.spi.AbstractLogger,org.apache.logging.log4j.spi.AbstractLogger_ESTest,5,0,False
1477,NPEX,Log4j_2-85661de7,0,c93177605d274a0eb2cd399d8e0d5d2f,org.apache.logging.log4j.spi.AbstractLogger,org.apache.logging.log4j.spi.AbstractLogger_ESTest,4,0,False
1478,NPEX,Log4j_2-85661de7,0,eb55ba9374f1458a8f6c51519a1b2ace,org.apache.logging.log4j.spi.AbstractLogger,org.apache.logging.log4j.spi.AbstractLogger_ESTest,7,0,False
1479,NPEX,Log4j_2-85661de7,0,0a8cfb3f5b254c0b9cbd6b4db03fe650,org.apache.logging.log4j.spi.AbstractLogger,org.apache.logging.log4j.spi.AbstractLogger_ESTest,5,0,False
1480,NPEX,Log4j_2-85661de7,0,53b4e3e39cd2483f9798366eb313a604,org.apache.logging.log4j.spi.AbstractLogger,org.apache.logging.log4j.spi.AbstractLogger_ESTest,2,0,False
1481,NPEX,Log4j_2-85661de7,0,df2ad661c9124d7c80d8c24b9deb3b65,org.apache.logging.log4j.spi.AbstractLogger,org.apache.logging.log4j.spi.AbstractLogger_ESTest,3,0,False
1482,NPEX,Log4j_2-85661de7,0,3371a2b25b0e4e2c955b878d30ddc549,org.apache.logging.log4j.spi.AbstractLogger,org.apache.logging.log4j.spi.AbstractLogger_ESTest,10,0,False
1483,NPEX,Log4j_2-85661de7,0,12b1feaa6a744140b28af6297877acfc,org.apache.logging.log4j.spi.AbstractLogger,org.apache.logging.log4j.spi.AbstractLogger_ESTest,3,0,False
1484,NPEX,Log4j_2-85661de7,0,984bc376840f441f8bea7a83ccf366f3,org.apache.logging.log4j.spi.AbstractLogger,org.apache.logging.log4j.spi.AbstractLogger_ESTest,6,0,False
1485,NPEX,Log4j_2-85661de7,0,125a0aecd2884199a078f399eb70c1c5,org.apache.logging.log4j.spi.AbstractLogger,org.apache.logging.log4j.spi.AbstractLogger_ESTest,4,0,False
1486,NPEX,Log4j_2-85661de7,0,79344c8516ae4a93a485a6a40656eb23,org.apache.logging.log4j.spi.AbstractLogger,org.apache.logging.log4j.spi.AbstractLogger_ESTest,4,0,False
1487,NPEX,Log4j_2-85661de7,0,4adbfc44008543abb94d20302952f0db,org.apache.logging.log4j.spi.AbstractLogger,org.apache.logging.log4j.spi.AbstractLogger_ESTest,2,0,False
1488,NPEX,Commons_Configuration-a76a3a65,0,08e7ba36e1f64d23925e7fcd568c5d93,org.apache.commons.configuration2.XMLConfiguration,org.apache.commons.configuration2.XMLConfiguration_ESTest,25,0,False
1489,NPEX,Commons_Configuration-a76a3a65,0,6a6a97f3086e4e6ab91eef0b8466dd11,org.apache.commons.configuration2.XMLConfiguration,org.apache.commons.configuration2.XMLConfiguration_ESTest,25,0,False
1490,NPEX,Commons_Configuration-a76a3a65,0,7fa76354a84844cdbf444897ee6c08f6,org.apache.commons.configuration2.XMLConfiguration,org.apache.commons.configuration2.XMLConfiguration_ESTest,26,0,False
1491,NPEX,Commons_Configuration-a76a3a65,0,a27cb6fa3ab74c7ebc6426f1935bf9db,org.apache.commons.configuration2.XMLConfiguration,org.apache.commons.configuration2.XMLConfiguration_ESTest,24,0,False
1492,NPEX,Commons_Configuration-a76a3a65,0,c73f806b826b46bca685dca9f8ff3a6c,org.apache.commons.configuration2.XMLConfiguration,org.apache.commons.configuration2.XMLConfiguration_ESTest,26,0,False
1493,NPEX,Commons_Configuration-a76a3a65,0,994cecb875a54ca8bd3cd708ca82af0f,org.apache.commons.configuration2.XMLConfiguration,org.apache.commons.configuration2.XMLConfiguration_ESTest,28,0,False
1494,NPEX,Commons_Configuration-a76a3a65,0,e7d643f72e3c4ecd917d18bcd1be27c7,org.apache.commons.configuration2.XMLConfiguration,org.apache.commons.configuration2.XMLConfiguration_ESTest,25,0,False
1495,NPEX,Commons_Configuration-a76a3a65,0,5d5ca0f46e6b44969a2aa4efb024f4af,org.apache.commons.configuration2.XMLConfiguration,org.apache.commons.configuration2.XMLConfiguration_ESTest,26,0,False
1496,NPEX,Commons_Configuration-a76a3a65,0,e69058c8600746d4a9f94ccdf5739025,org.apache.commons.configuration2.XMLConfiguration,org.apache.commons.configuration2.XMLConfiguration_ESTest,26,0,False
1497,NPEX,Commons_Configuration-a76a3a65,0,57d6335f79dc4734854fe56eb3b97cdf,org.apache.commons.configuration2.XMLConfiguration,org.apache.commons.configuration2.XMLConfiguration_ESTest,22,0,False
1498,NPEX,Commons_Configuration-a76a3a65,0,a25571b174da42fe9f5a19baa08e94ab,org.apache.commons.configuration2.XMLConfiguration,org.apache.commons.configuration2.XMLConfiguration_ESTest,27,0,False
1499,NPEX,Commons_Configuration-a76a3a65,0,98ede80cdea34979bd89aaea7bb742aa,org.apache.commons.configuration2.XMLConfiguration,org.apache.commons.configuration2.XMLConfiguration_ESTest,25,0,False
1500,NPEX,Commons_Configuration-a76a3a65,0,32a835fc33054660be663ee2f5899f52,org.apache.commons.configuration2.XMLConfiguration,org.apache.commons.configuration2.XMLConfiguration_ESTest,24,0,False
1501,NPEX,Commons_Configuration-a76a3a65,0,8360c2e38d9249548eb104b3bb31b5fa,org.apache.commons.configuration2.XMLConfiguration,org.apache.commons.configuration2.XMLConfiguration_ESTest,26,0,False
1502,NPEX,Commons_Configuration-a76a3a65,0,1f28ae338701435c89cd56dbcbf8fcdd,org.apache.commons.configuration2.XMLConfiguration,org.apache.commons.configuration2.XMLConfiguration_ESTest,23,0,False
1503,NPEX,Commons_Configuration-a76a3a65,0,d627eca3d8f94faca982c1758e59b18a,org.apache.commons.configuration2.XMLConfiguration,org.apache.commons.configuration2.XMLConfiguration_ESTest,27,0,False
1504,NPEX,Commons_Configuration-a76a3a65,0,87a95478f4094f848c17f785f81792d7,org.apache.commons.configuration2.XMLConfiguration,org.apache.commons.configuration2.XMLConfiguration_ESTest,26,0,False
1505,NPEX,Commons_Configuration-a76a3a65,0,8a6a2f9fa156439d8a4aff2e5de65100,org.apache.commons.configuration2.XMLConfiguration,org.apache.commons.configuration2.XMLConfiguration_ESTest,24,0,False
1506,NPEX,Commons_Configuration-a76a3a65,0,f8b89e5560fe47b8b8ac0b3538d1f967,org.apache.commons.configuration2.XMLConfiguration,org.apache.commons.configuration2.XMLConfiguration_ESTest,27,0,False
1507,NPEX,Commons_Configuration-a76a3a65,0,d3f1252e614f468e9a4ff174d72d6bd0,org.apache.commons.configuration2.XMLConfiguration,org.apache.commons.configuration2.XMLConfiguration_ESTest,26,0,False
1508,NPEX,Commons_Configuration-a76a3a65,0,2a4818b87b2c4364b355a097cec2cc62,org.apache.commons.configuration2.XMLConfiguration,org.apache.commons.configuration2.XMLConfiguration_ESTest,26,0,False
1509,NPEX,Commons_Configuration-a76a3a65,0,617ce827481b4e95b8f902e166dda75c,org.apache.commons.configuration2.XMLConfiguration,org.apache.commons.configuration2.XMLConfiguration_ESTest,24,0,False
1510,NPEX,Commons_Configuration-a76a3a65,0,b78126b1344c4ff1af9fd68c99a2c0a0,org.apache.commons.configuration2.XMLConfiguration,org.apache.commons.configuration2.XMLConfiguration_ESTest,24,0,False
1511,NPEX,Commons_Configuration-a76a3a65,0,76781d5782d142688ebf6b618ac30aad,org.apache.commons.configuration2.XMLConfiguration,org.apache.commons.configuration2.XMLConfiguration_ESTest,25,0,False
1512,NPEX,Commons_Configuration-a76a3a65,0,4c62ca6401664f248cd78c83c36f8c1e,org.apache.commons.configuration2.XMLConfiguration,org.apache.commons.configuration2.XMLConfiguration_ESTest,26,0,False
1513,NPEX,Commons_Configuration-a76a3a65,0,f12eabf8f0e24de6a9e223aba39892d9,org.apache.commons.configuration2.XMLConfiguration,org.apache.commons.configuration2.XMLConfiguration_ESTest,24,0,False
1514,NPEX,Commons_Configuration-a76a3a65,0,6c27142d71394b5397c397c52ee8e236,org.apache.commons.configuration2.XMLConfiguration,org.apache.commons.configuration2.XMLConfiguration_ESTest,25,0,False
1515,NPEX,Commons_Collections-796114ea,0,d387aaef691e4f2b916bf69562d276c9,org.apache.commons.collections4.trie.AbstractPatriciaTrie,org.apache.commons.collections4.trie.AbstractPatriciaTrie_ESTest,90,0,False
1516,NPEX,Commons_Collections-796114ea,0,01d67d17ee934927a512c09d88abd6c9,org.apache.commons.collections4.trie.AbstractPatriciaTrie,org.apache.commons.collections4.trie.AbstractPatriciaTrie_ESTest,97,0,False
1517,NPEX,Commons_Collections-796114ea,0,834241735e1a4e6698d8573b05418b2d,org.apache.commons.collections4.trie.AbstractPatriciaTrie,org.apache.commons.collections4.trie.AbstractPatriciaTrie_ESTest,86,0,False
1518,NPEX,Commons_Collections-796114ea,0,aee4ba5adf9741d7bd137dd5e770dd31,org.apache.commons.collections4.trie.AbstractPatriciaTrie,org.apache.commons.collections4.trie.AbstractPatriciaTrie_ESTest,91,0,False
1519,NPEX,Commons_Collections-796114ea,0,c0a7c69870fb423184e9d5e31d2b1209,org.apache.commons.collections4.trie.AbstractPatriciaTrie,org.apache.commons.collections4.trie.AbstractPatriciaTrie_ESTest,88,0,False
1520,NPEX,Commons_Collections-796114ea,0,fbfb2e1c461244bf8096a863359d40ce,org.apache.commons.collections4.trie.AbstractPatriciaTrie,org.apache.commons.collections4.trie.AbstractPatriciaTrie_ESTest,91,0,False
1521,NPEX,Commons_Collections-796114ea,0,04c207ab533d49bc9d0a7bc08e0bbd8b,org.apache.commons.collections4.trie.AbstractPatriciaTrie,org.apache.commons.collections4.trie.AbstractPatriciaTrie_ESTest,87,0,False
1522,NPEX,Commons_Collections-796114ea,0,45c1126c506248409823eb2fccbdd246,org.apache.commons.collections4.trie.AbstractPatriciaTrie,org.apache.commons.collections4.trie.AbstractPatriciaTrie_ESTest,91,0,False
1523,NPEX,Commons_Collections-796114ea,0,7b71acfd1e334d1fbedbbf39a6582d01,org.apache.commons.collections4.trie.AbstractPatriciaTrie,org.apache.commons.collections4.trie.AbstractPatriciaTrie_ESTest,87,0,False
1524,NPEX,Commons_Collections-796114ea,0,4c7640952dc6497399a6e6985cec4e69,org.apache.commons.collections4.trie.AbstractPatriciaTrie,org.apache.commons.collections4.trie.AbstractPatriciaTrie_ESTest,92,0,False
1525,NPEX,Commons_Collections-796114ea,0,9e6f5faaf8a44193b7f945b932411d6c,org.apache.commons.collections4.trie.AbstractPatriciaTrie,org.apache.commons.collections4.trie.AbstractPatriciaTrie_ESTest,92,0,False
1526,NPEX,Commons_Collections-796114ea,0,2d0e1766454b4eceb36b06b0b6ed99dd,org.apache.commons.collections4.trie.AbstractPatriciaTrie,org.apache.commons.collections4.trie.AbstractPatriciaTrie_ESTest,89,0,False
1527,NPEX,Commons_Collections-796114ea,0,a4ce534768cb4b5d9e81aa52c6622f6c,org.apache.commons.collections4.trie.AbstractPatriciaTrie,org.apache.commons.collections4.trie.AbstractPatriciaTrie_ESTest,84,0,False
1528,NPEX,Commons_Collections-796114ea,0,5d93defcf2bc46e8af9323bdbaf38140,org.apache.commons.collections4.trie.AbstractPatriciaTrie,org.apache.commons.collections4.trie.AbstractPatriciaTrie_ESTest,89,0,False
1529,NPEX,Commons_Collections-796114ea,0,822a9cda818f43cb91b2d3b7c18e20a8,org.apache.commons.collections4.trie.AbstractPatriciaTrie,org.apache.commons.collections4.trie.AbstractPatriciaTrie_ESTest,97,0,False
1530,NPEX,Commons_Collections-796114ea,0,363565cb3f1e433eb554895fc838e609,org.apache.commons.collections4.trie.AbstractPatriciaTrie,org.apache.commons.collections4.trie.AbstractPatriciaTrie_ESTest,98,0,False
1531,NPEX,Commons_Collections-796114ea,0,90ca4c08d2cf4366b88dd4df16a70628,org.apache.commons.collections4.trie.AbstractPatriciaTrie,org.apache.commons.collections4.trie.AbstractPatriciaTrie_ESTest,91,0,False
1532,NPEX,Commons_Collections-796114ea,0,ebe83012b495421c95e3440ec7c941ba,org.apache.commons.collections4.trie.AbstractPatriciaTrie,org.apache.commons.collections4.trie.AbstractPatriciaTrie_ESTest,96,0,False
1533,NPEX,Commons_Collections-796114ea,0,4581847f081e4f1a91f0e3d8b945fb64,org.apache.commons.collections4.trie.AbstractPatriciaTrie,org.apache.commons.collections4.trie.AbstractPatriciaTrie_ESTest,90,0,False
1534,NPEX,Commons_Collections-796114ea,0,2a64481f37964da3ba2a98705cb7f782,org.apache.commons.collections4.trie.AbstractPatriciaTrie,org.apache.commons.collections4.trie.AbstractPatriciaTrie_ESTest,91,0,False
1535,NPEX,Commons_Collections-796114ea,0,bca2aa4b8c904b63a82f5f2f95cdf461,org.apache.commons.collections4.trie.AbstractPatriciaTrie,org.apache.commons.collections4.trie.AbstractPatriciaTrie_ESTest,85,0,False
1536,NPEX,Commons_Collections-796114ea,0,40dc514e481c495b85522ce429fa9f3e,org.apache.commons.collections4.trie.AbstractPatriciaTrie,org.apache.commons.collections4.trie.AbstractPatriciaTrie_ESTest,84,0,False
1537,NPEX,Commons_Collections-796114ea,0,45319e8e16bf4062ba317099a8c84805,org.apache.commons.collections4.trie.AbstractPatriciaTrie,org.apache.commons.collections4.trie.AbstractPatriciaTrie_ESTest,85,0,False
1538,NPEX,Commons_Collections-796114ea,0,ec477fe8ee4a4af9ae9dcbb1c450df4d,org.apache.commons.collections4.trie.AbstractPatriciaTrie,org.apache.commons.collections4.trie.AbstractPatriciaTrie_ESTest,97,0,False
1539,NPEX,Commons_Collections-796114ea,0,31bc3e5107b6473884f3e2127424bf67,org.apache.commons.collections4.trie.AbstractPatriciaTrie,org.apache.commons.collections4.trie.AbstractPatriciaTrie_ESTest,88,0,False
1540,NPEX,Commons_Collections-796114ea,0,3e6b36fd12aa4a138cee4ee45d88e9fe,org.apache.commons.collections4.trie.AbstractPatriciaTrie,org.apache.commons.collections4.trie.AbstractPatriciaTrie_ESTest,85,0,False
1541,NPEX,Commons_Collections-796114ea,0,cdbb2f53a82441e8a66a63f3129ab654,org.apache.commons.collections4.trie.AbstractPatriciaTrie,org.apache.commons.collections4.trie.AbstractPatriciaTrie_ESTest,86,0,False
1542,NPEX,Commons_Collections-796114ea,0,e03465e089134fd3be1e5434c3da7ae4,org.apache.commons.collections4.trie.AbstractPatriciaTrie,org.apache.commons.collections4.trie.AbstractPatriciaTrie_ESTest,97,0,False
1543,NPEX,Commons_Collections-796114ea,0,394d89f1f9144cde87d4bbab038fb85f,org.apache.commons.collections4.trie.AbstractPatriciaTrie,org.apache.commons.collections4.trie.AbstractPatriciaTrie_ESTest,89,0,False
1544,NPEX,Commons_Collections-796114ea,0,f17cf6935f4649e5a58d32854a830a62,org.apache.commons.collections4.trie.AbstractPatriciaTrie,org.apache.commons.collections4.trie.AbstractPatriciaTrie_ESTest,92,0,False
1545,NPEX,Picocli-06283710,0,719743bdeea649ac8a2050044976c59d,picocli.CommandLine,picocli.CommandLine_ESTest,79,0,False
1546,NPEX,Picocli-06283710,0,d537a83471314c4cb53a5a4deb286274,picocli.CommandLine,picocli.CommandLine_ESTest,75,0,False
1547,NPEX,Picocli-06283710,0,8d581c58e0d3417a96535712050e0c60,picocli.CommandLine,picocli.CommandLine_ESTest,77,0,False
1548,NPEX,Picocli-06283710,0,0196aa04064349ca9977cb40ab7b1644,picocli.CommandLine,picocli.CommandLine_ESTest,73,0,False
1549,NPEX,Picocli-06283710,0,7388f25f2c5c4441b58727de428e803b,picocli.CommandLine,picocli.CommandLine_ESTest,20,0,False
1550,NPEX,Picocli-06283710,0,418249b8a278423ea366bba6084ef876,picocli.CommandLine,picocli.CommandLine_ESTest,76,0,False
1551,NPEX,Picocli-06283710,0,6b5e45ce936847dbb7f54093e34f721b,picocli.CommandLine,picocli.CommandLine_ESTest,73,0,False
1552,NPEX,Picocli-06283710,0,d5a672c520d84fde96029d5e68a52b8b,picocli.CommandLine,picocli.CommandLine_ESTest,65,0,False
1553,NPEX,Picocli-06283710,0,887f707dfd9d4aeb9a5ab5e1408801ca,picocli.CommandLine,picocli.CommandLine_ESTest,76,0,False
1554,NPEX,Picocli-06283710,0,edd7987229344a60b970e400f587b5c3,picocli.CommandLine,picocli.CommandLine_ESTest,69,0,False
1555,NPEX,Picocli-06283710,0,63f512c1c25c430299b7b115217586aa,picocli.CommandLine,picocli.CommandLine_ESTest,77,0,False
1556,NPEX,Picocli-06283710,0,21ebbe0d167a490484f6f7effb5296f5,picocli.CommandLine,picocli.CommandLine_ESTest,72,0,False
1557,NPEX,Picocli-06283710,0,5e52ab4360bf424f98202986b82758b2,picocli.CommandLine,picocli.CommandLine_ESTest,69,0,False
1558,NPEX,Picocli-06283710,0,559e8c90c985423c8b921d5416bd6200,picocli.CommandLine,picocli.CommandLine_ESTest,66,0,False
1559,NPEX,Picocli-06283710,0,50eacdea770d4630b1b67232c784cf6c,picocli.CommandLine,picocli.CommandLine_ESTest,74,0,False
1560,NPEX,Picocli-06283710,0,671d5a5559a647499d496f366b61c43d,picocli.CommandLine,picocli.CommandLine_ESTest,77,0,False
1561,NPEX,Picocli-06283710,0,1bb6cce2a24547a6a2b829b1956a94af,picocli.CommandLine,picocli.CommandLine_ESTest,75,0,False
1562,NPEX,Picocli-06283710,0,2f4790b43e094c75bce178a0bdd185f2,picocli.CommandLine,picocli.CommandLine_ESTest,74,0,False
1563,NPEX,Picocli-06283710,0,c15fd3d5001840c3981544dc897b8459,picocli.CommandLine,picocli.CommandLine_ESTest,70,0,False
1564,NPEX,Picocli-06283710,0,1763eb20439d4ac0ba9b0487fe98ccf4,picocli.CommandLine,picocli.CommandLine_ESTest,73,0,False
1565,NPEX,Picocli-06283710,0,a1e409a57a2b4246b710a0e53f3ef79a,picocli.CommandLine,picocli.CommandLine_ESTest,73,0,False
1566,NPEX,Picocli-06283710,0,c7aa1a137a2d4f4d8d0a9a9aeb14a2cc,picocli.CommandLine,picocli.CommandLine_ESTest,80,0,False
1567,NPEX,Picocli-06283710,0,a5313b48381c44c6940e8de4b9e84052,picocli.CommandLine,picocli.CommandLine_ESTest,73,0,False
1568,NPEX,Picocli-06283710,0,40ab829c4b214f7c833fa54a6c97c4c0,picocli.CommandLine,picocli.CommandLine_ESTest,74,0,False
1569,NPEX,Picocli-06283710,0,d8565083798e4077aafeca6ff030a2b0,picocli.CommandLine,picocli.CommandLine_ESTest,27,0,False
1570,NPEX,Picocli-06283710,0,f71f915e3cb746239f4fb763ed3690b0,picocli.CommandLine,picocli.CommandLine_ESTest,74,0,False
1571,NPEX,Picocli-06283710,0,2a721e1b59c1470dbfeca8220b61dc63,picocli.CommandLine,picocli.CommandLine_ESTest,72,0,False
1572,NPEX,Picocli-06283710,0,6075de2942f945b5836cc391680a0017,picocli.CommandLine,picocli.CommandLine_ESTest,78,0,False
1573,NPEX,Picocli-06283710,0,f5296c465e5d413b9a50cff2062999e9,picocli.CommandLine,picocli.CommandLine_ESTest,77,0,False
1574,NPEX,Picocli-06283710,0,60acf379b76548c18f0444324d13243e,picocli.CommandLine,picocli.CommandLine_ESTest,72,0,False
1575,NPEX,Feign-9c5a52d6,0,c43170651f8b43e58e8c8e1aad0124a0,feign.Response,feign.Response_ESTest,15,0,False
1576,NPEX,Feign-9c5a52d6,0,5319960c32aa4693954b71e2496b5fe4,feign.Response,feign.Response_ESTest,8,0,False
1577,NPEX,Feign-9c5a52d6,0,3eebb5c6d1f64d0cb27e61a7e3dfd050,feign.Response,feign.Response_ESTest,9,0,False
1578,NPEX,Feign-9c5a52d6,0,ee367ef9ca144b058cff0f00782a27b0,feign.Response,feign.Response_ESTest,11,0,False
1579,NPEX,Feign-9c5a52d6,0,14906057446a4a9eb86d4c27db9518d9,feign.Response,feign.Response_ESTest,18,0,False
1580,NPEX,Feign-9c5a52d6,0,93e20100d2e54d248ae468112e17b16e,feign.Response,feign.Response_ESTest,8,0,False
1581,NPEX,Feign-9c5a52d6,0,c5e1d75ee0214157bda3e13e9ed030f3,feign.Response,feign.Response_ESTest,9,0,False
1582,NPEX,Feign-9c5a52d6,0,90c6852ff2cb4abab775a2d64487a352,feign.Response,feign.Response_ESTest,10,0,False
1583,NPEX,Feign-9c5a52d6,0,3867fb9b5bed484691f5c330508ed942,feign.Response,feign.Response_ESTest,11,0,False
1584,NPEX,Feign-9c5a52d6,0,f969753389b444ff94dca7c8461a3176,feign.Response,feign.Response_ESTest,9,0,False
1585,NPEX,Feign-9c5a52d6,0,8b38bf19eec543ec86bafd74e94db03a,feign.Response,feign.Response_ESTest,10,0,False
1586,NPEX,Feign-9c5a52d6,0,e87eb80bca63437e865a9f9599ec61f5,feign.Response,feign.Response_ESTest,11,0,False
1587,NPEX,Feign-9c5a52d6,0,0ad97fd39f454267b7dee01a54ceae5d,feign.Response,feign.Response_ESTest,10,0,False
1588,NPEX,Feign-9c5a52d6,0,7bdee40731b04cafbf43bc789ed3b060,feign.Response,feign.Response_ESTest,10,0,False
1589,NPEX,Feign-9c5a52d6,0,ff8bd0b8972c43168ffd42b98454a0fe,feign.Response,feign.Response_ESTest,9,0,False
1590,NPEX,Feign-9c5a52d6,0,cd3a89882495408585a7f3ef2d1520f0,feign.Response,feign.Response_ESTest,8,0,False
1591,NPEX,Feign-9c5a52d6,0,b495d7a679324b0bb77aa53840b7b99d,feign.Response,feign.Response_ESTest,11,0,False
1592,NPEX,Feign-9c5a52d6,0,195e089995af42adaa251daac174e7f2,feign.Response,feign.Response_ESTest,9,0,False
1593,NPEX,Feign-9c5a52d6,0,c493e18b82214e549b145dd1a1978c45,feign.Response,feign.Response_ESTest,10,0,False
1594,NPEX,Feign-9c5a52d6,0,d2619d3238484c4fbda91c117d933483,feign.Response,feign.Response_ESTest,9,0,False
1595,NPEX,Feign-9c5a52d6,0,d061c469108042f48de3133693cec996,feign.Response,feign.Response_ESTest,8,0,False
1596,NPEX,Feign-9c5a52d6,0,72ab69d5dc3a4651ad23ff61fb116cb3,feign.Response,feign.Response_ESTest,10,0,False
1597,NPEX,Feign-9c5a52d6,0,75eea16425d44697b75a592bb2b72656,feign.Response,feign.Response_ESTest,10,0,False
1598,NPEX,Feign-9c5a52d6,0,a7ad105e961742aabd82014a6d557b64,feign.Response,feign.Response_ESTest,7,0,False
1599,NPEX,Feign-9c5a52d6,0,d6140b358b8a49a2bc0f0e7dc6364c0e,feign.Response,feign.Response_ESTest,8,0,False
1600,NPEX,Feign-9c5a52d6,0,1813163459b74e1588fac64db5322670,feign.Response,feign.Response_ESTest,9,0,False
1601,NPEX,Feign-9c5a52d6,0,855f82e3e4984ea4b0318c4e911a9c6e,feign.Response,feign.Response_ESTest,7,0,False
1602,NPEX,Feign-9c5a52d6,0,bdda0c392ae84a2696c2c616659638b5,feign.Response,feign.Response_ESTest,9,0,False
1603,NPEX,Feign-9c5a52d6,0,0ab8ffd2190f46fc87e66bf2158a95ab,feign.Response,feign.Response_ESTest,9,0,False
1604,NPEX,Feign-9c5a52d6,0,6613de3004ba40019ddf337805209215,feign.Response,feign.Response_ESTest,8,0,False
1605,NPEX,Commons_DBCP-2ee3c53e,0,5ad1617e19e94fd699f4721c82e07c54,org.apache.commons.dbcp2.cpdsadapter.DriverAdapterCPDS,org.apache.commons.dbcp2.cpdsadapter.DriverAdapterCPDS_ESTest,56,0,False
1606,NPEX,Commons_DBCP-2ee3c53e,0,90f10d62c764489b8a7e4654f846afc1,org.apache.commons.dbcp2.cpdsadapter.DriverAdapterCPDS,org.apache.commons.dbcp2.cpdsadapter.DriverAdapterCPDS_ESTest,56,0,False
1607,NPEX,Commons_DBCP-2ee3c53e,0,659dbebeb2c24112b24e95a3c5ad8fc7,org.apache.commons.dbcp2.cpdsadapter.DriverAdapterCPDS,org.apache.commons.dbcp2.cpdsadapter.DriverAdapterCPDS_ESTest,52,0,False
1608,NPEX,Commons_DBCP-2ee3c53e,0,086fe1860b7c46e38569965ab533825f,org.apache.commons.dbcp2.cpdsadapter.DriverAdapterCPDS,org.apache.commons.dbcp2.cpdsadapter.DriverAdapterCPDS_ESTest,46,0,False
1609,NPEX,Commons_DBCP-2ee3c53e,0,2a6f40a43a9f4bbb80f75a0b96a4e71b,org.apache.commons.dbcp2.cpdsadapter.DriverAdapterCPDS,org.apache.commons.dbcp2.cpdsadapter.DriverAdapterCPDS_ESTest,53,0,False
1610,NPEX,Commons_DBCP-2ee3c53e,0,3925fcfa8f174aaf9ded9b4bdb12fa2c,org.apache.commons.dbcp2.cpdsadapter.DriverAdapterCPDS,org.apache.commons.dbcp2.cpdsadapter.DriverAdapterCPDS_ESTest,57,0,False
1611,NPEX,Commons_DBCP-2ee3c53e,0,9d6af047df294947a666638846de30f3,org.apache.commons.dbcp2.cpdsadapter.DriverAdapterCPDS,org.apache.commons.dbcp2.cpdsadapter.DriverAdapterCPDS_ESTest,53,0,False
1612,NPEX,Commons_DBCP-2ee3c53e,0,4f2266f7fd6e4f288cac273d32f87bef,org.apache.commons.dbcp2.cpdsadapter.DriverAdapterCPDS,org.apache.commons.dbcp2.cpdsadapter.DriverAdapterCPDS_ESTest,53,0,False
1613,NPEX,Commons_DBCP-2ee3c53e,0,50f60c2e38e947bca351a8de8ee874f7,org.apache.commons.dbcp2.cpdsadapter.DriverAdapterCPDS,org.apache.commons.dbcp2.cpdsadapter.DriverAdapterCPDS_ESTest,38,0,False
1614,NPEX,Commons_DBCP-2ee3c53e,0,85997f2b2fab4c08ba712b0d6081d0ad,org.apache.commons.dbcp2.cpdsadapter.DriverAdapterCPDS,org.apache.commons.dbcp2.cpdsadapter.DriverAdapterCPDS_ESTest,52,0,False
1615,NPEX,Commons_DBCP-2ee3c53e,0,abde6d78b8f84e7cbb546fb05f23f2b6,org.apache.commons.dbcp2.cpdsadapter.DriverAdapterCPDS,org.apache.commons.dbcp2.cpdsadapter.DriverAdapterCPDS_ESTest,54,0,False
1616,NPEX,Commons_DBCP-2ee3c53e,0,15d93497748845e4a581950bd5b29095,org.apache.commons.dbcp2.cpdsadapter.DriverAdapterCPDS,org.apache.commons.dbcp2.cpdsadapter.DriverAdapterCPDS_ESTest,55,0,False
1617,NPEX,Commons_DBCP-2ee3c53e,0,3156c9e76d534580942b5e16969ac8aa,org.apache.commons.dbcp2.cpdsadapter.DriverAdapterCPDS,org.apache.commons.dbcp2.cpdsadapter.DriverAdapterCPDS_ESTest,53,0,False
1618,NPEX,Commons_DBCP-2ee3c53e,0,e22a93aec1e14eb081016ea70ec2bf1e,org.apache.commons.dbcp2.cpdsadapter.DriverAdapterCPDS,org.apache.commons.dbcp2.cpdsadapter.DriverAdapterCPDS_ESTest,51,0,False
1619,NPEX,Commons_DBCP-2ee3c53e,0,702f2afbc8f7449d9b5f5964403c1396,org.apache.commons.dbcp2.cpdsadapter.DriverAdapterCPDS,org.apache.commons.dbcp2.cpdsadapter.DriverAdapterCPDS_ESTest,54,0,False
1620,NPEX,Commons_DBCP-2ee3c53e,0,13e904d051db450e881ef76600404c19,org.apache.commons.dbcp2.cpdsadapter.DriverAdapterCPDS,org.apache.commons.dbcp2.cpdsadapter.DriverAdapterCPDS_ESTest,54,0,False
1621,NPEX,Commons_DBCP-2ee3c53e,0,2ca0c150bc024a7fb1507437ae73a5f8,org.apache.commons.dbcp2.cpdsadapter.DriverAdapterCPDS,org.apache.commons.dbcp2.cpdsadapter.DriverAdapterCPDS_ESTest,56,0,False
1622,NPEX,Commons_DBCP-2ee3c53e,0,739459c4c5f648199455a7557553854d,org.apache.commons.dbcp2.cpdsadapter.DriverAdapterCPDS,org.apache.commons.dbcp2.cpdsadapter.DriverAdapterCPDS_ESTest,41,0,False
1623,NPEX,Commons_DBCP-2ee3c53e,0,b7904dc7ded14487a8644bac37cff7e1,org.apache.commons.dbcp2.cpdsadapter.DriverAdapterCPDS,org.apache.commons.dbcp2.cpdsadapter.DriverAdapterCPDS_ESTest,52,0,False
1624,NPEX,Commons_DBCP-2ee3c53e,0,7e87355f518b4e4e8981f1e931edf3eb,org.apache.commons.dbcp2.cpdsadapter.DriverAdapterCPDS,org.apache.commons.dbcp2.cpdsadapter.DriverAdapterCPDS_ESTest,54,0,False
1625,NPEX,Commons_DBCP-2ee3c53e,0,fa22eb512b4e490d9877933b0d1ebfe8,org.apache.commons.dbcp2.cpdsadapter.DriverAdapterCPDS,org.apache.commons.dbcp2.cpdsadapter.DriverAdapterCPDS_ESTest,52,0,False
1626,NPEX,Commons_DBCP-2ee3c53e,0,ef904844e52e438c84c5af847908fe31,org.apache.commons.dbcp2.cpdsadapter.DriverAdapterCPDS,org.apache.commons.dbcp2.cpdsadapter.DriverAdapterCPDS_ESTest,55,0,False
1627,NPEX,Commons_DBCP-2ee3c53e,0,3cf02ce4bf7045069056d94f9e752a67,org.apache.commons.dbcp2.cpdsadapter.DriverAdapterCPDS,org.apache.commons.dbcp2.cpdsadapter.DriverAdapterCPDS_ESTest,55,0,False
1628,NPEX,Commons_DBCP-2ee3c53e,0,bbce8600ff244618948930064378131a,org.apache.commons.dbcp2.cpdsadapter.DriverAdapterCPDS,org.apache.commons.dbcp2.cpdsadapter.DriverAdapterCPDS_ESTest,52,0,False
1629,NPEX,Commons_DBCP-2ee3c53e,0,be87d5ea62da4cd584183ae114698b01,org.apache.commons.dbcp2.cpdsadapter.DriverAdapterCPDS,org.apache.commons.dbcp2.cpdsadapter.DriverAdapterCPDS_ESTest,55,0,False
1630,NPEX,Commons_DBCP-2ee3c53e,0,3a8af30539b04fa48cf4fb1e13cb74bd,org.apache.commons.dbcp2.cpdsadapter.DriverAdapterCPDS,org.apache.commons.dbcp2.cpdsadapter.DriverAdapterCPDS_ESTest,54,0,False
1631,NPEX,Java_WebSocket-a2b35482,0,fe66319dbdc8462ab50f0cb3487edc56,org.java_websocket.server.WebSocketServer,org.java_websocket.server.WebSocketServer_ESTest,0,0,False
1632,NPEX,Java_WebSocket-a2b35482,0,3f888fd172a54ca1b229b5aaac5a951e,org.java_websocket.server.WebSocketServer,org.java_websocket.server.WebSocketServer_ESTest,0,0,False
1633,NPEX,Java_WebSocket-a2b35482,0,797a9d5b63ce4b11a42876fffd51564e,org.java_websocket.server.WebSocketServer,org.java_websocket.server.WebSocketServer_ESTest,0,0,False
1634,NPEX,Java_WebSocket-a2b35482,0,16a6d712a24a4267966422023fe12b9b,org.java_websocket.server.WebSocketServer,org.java_websocket.server.WebSocketServer_ESTest,0,0,False
1635,NPEX,Java_WebSocket-a2b35482,0,c293a061b75d4dde866308508a15786c,org.java_websocket.server.WebSocketServer,org.java_websocket.server.WebSocketServer_ESTest,0,0,False
1636,NPEX,Java_WebSocket-a2b35482,0,30b9701198554810967181a493ae1a0c,org.java_websocket.server.WebSocketServer,org.java_websocket.server.WebSocketServer_ESTest,0,0,False
1637,NPEX,Java_WebSocket-a2b35482,0,a3f17b6d30984b4782d531e479ef96d8,org.java_websocket.server.WebSocketServer,org.java_websocket.server.WebSocketServer_ESTest,0,0,False
1638,NPEX,Java_WebSocket-a2b35482,0,f270bcaa7928480bbb652b92b0ba5ff9,org.java_websocket.server.WebSocketServer,org.java_websocket.server.WebSocketServer_ESTest,0,0,False
1639,NPEX,Java_WebSocket-a2b35482,0,fdc73f0026664babb774681b900c9f45,org.java_websocket.server.WebSocketServer,org.java_websocket.server.WebSocketServer_ESTest,0,0,False
1640,NPEX,Java_WebSocket-a2b35482,0,cb099f588ff2404db6b218f7411ca9eb,org.java_websocket.server.WebSocketServer,org.java_websocket.server.WebSocketServer_ESTest,0,0,False
1641,NPEX,Java_WebSocket-a2b35482,0,6901897223e64e8b963af1e269e79a8c,org.java_websocket.server.WebSocketServer,org.java_websocket.server.WebSocketServer_ESTest,0,0,False
1642,NPEX,Java_WebSocket-a2b35482,0,725e670736f04207af75d9363c1273c6,org.java_websocket.server.WebSocketServer,org.java_websocket.server.WebSocketServer_ESTest,0,0,False
1643,NPEX,Java_WebSocket-a2b35482,0,45aaaf9de0794f18a063b67522d6149f,org.java_websocket.server.WebSocketServer,org.java_websocket.server.WebSocketServer_ESTest,0,0,False
1644,NPEX,Java_WebSocket-a2b35482,0,bd565ba7dc6846e5987719f427200372,org.java_websocket.server.WebSocketServer,org.java_websocket.server.WebSocketServer_ESTest,0,0,False
1645,NPEX,Java_WebSocket-a2b35482,0,e89e774c43ad4ecfbee6e0de733af251,org.java_websocket.server.WebSocketServer,org.java_websocket.server.WebSocketServer_ESTest,0,0,False
1646,NPEX,Java_WebSocket-a2b35482,0,ca8dd95f914543c2a71efa406a863709,org.java_websocket.server.WebSocketServer,org.java_websocket.server.WebSocketServer_ESTest,0,0,False
1647,NPEX,Java_WebSocket-a2b35482,0,18ae7bba33a94870bbf7d0de3599b2be,org.java_websocket.server.WebSocketServer,org.java_websocket.server.WebSocketServer_ESTest,0,0,False
1648,NPEX,Java_WebSocket-a2b35482,0,d661284bb36441f8b7f40a9d87dc49ae,org.java_websocket.server.WebSocketServer,org.java_websocket.server.WebSocketServer_ESTest,0,0,False
1649,NPEX,Java_WebSocket-a2b35482,0,26e0f1f5bdc549a0926db37dc8d05be5,org.java_websocket.server.WebSocketServer,org.java_websocket.server.WebSocketServer_ESTest,0,0,False
1650,NPEX,Java_WebSocket-a2b35482,0,608cc7c1fd46498dbbb9b46e8710c7ae,org.java_websocket.server.WebSocketServer,org.java_websocket.server.WebSocketServer_ESTest,0,0,False
1651,NPEX,Java_WebSocket-a2b35482,0,d4627df0c8224c7d881aa65b15c32163,org.java_websocket.server.WebSocketServer,org.java_websocket.server.WebSocketServer_ESTest,0,0,False
1652,NPEX,Java_WebSocket-a2b35482,0,4c34b1a8f4274ebab4954d999080005a,org.java_websocket.server.WebSocketServer,org.java_websocket.server.WebSocketServer_ESTest,0,0,False
1653,NPEX,Java_WebSocket-a2b35482,0,20f0a565a18a4f0b9f4860e6e2bbffee,org.java_websocket.server.WebSocketServer,org.java_websocket.server.WebSocketServer_ESTest,1,0,False
1654,NPEX,Java_WebSocket-a2b35482,0,52f0fc03f7c8424bbeb0986c1b0338f9,org.java_websocket.server.WebSocketServer,org.java_websocket.server.WebSocketServer_ESTest,0,0,False
1655,NPEX,Java_WebSocket-a2b35482,0,e2f4593c86bd4c19a71d20c24c74f66f,org.java_websocket.server.WebSocketServer,org.java_websocket.server.WebSocketServer_ESTest,0,0,False
1656,NPEX,Java_WebSocket-a2b35482,0,6c0776204c3741e0ba09a0e2d9934f1b,org.java_websocket.server.WebSocketServer,org.java_websocket.server.WebSocketServer_ESTest,0,0,False
1657,NPEX,Java_WebSocket-a2b35482,0,f93d3bd647c740f5bb94eea45b0f131d,org.java_websocket.server.WebSocketServer,org.java_websocket.server.WebSocketServer_ESTest,0,0,False
1658,NPEX,Java_WebSocket-a2b35482,0,a2c34130101b45198f05169fefd30c8e,org.java_websocket.server.WebSocketServer,org.java_websocket.server.WebSocketServer_ESTest,0,0,False
1659,NPEX,Java_WebSocket-a2b35482,0,0c8cbd46060c48359d1a4a23b4a0ae45,org.java_websocket.server.WebSocketServer,org.java_websocket.server.WebSocketServer_ESTest,0,0,False
1660,NPEX,Java_WebSocket-a2b35482,0,7db6012c133e453bb69ab69825025dcd,org.java_websocket.server.WebSocketServer,org.java_websocket.server.WebSocketServer_ESTest,0,0,False
1661,NPEX,JSqlParser-66e44c95,0,01ca1232def949169f4e7fa6c0e5a495,net.sf.jsqlparser.expression.ExpressionVisitorAdapter,net.sf.jsqlparser.expression.ExpressionVisitorAdapter_ESTest,35,0,False
1662,NPEX,JSqlParser-66e44c95,0,b446bbf68eb14969ac17e30670f2e669,net.sf.jsqlparser.expression.ExpressionVisitorAdapter,net.sf.jsqlparser.expression.ExpressionVisitorAdapter_ESTest,36,0,False
1663,NPEX,JSqlParser-66e44c95,0,e150e41c119f4a579129cf1e2e961af8,net.sf.jsqlparser.expression.ExpressionVisitorAdapter,net.sf.jsqlparser.expression.ExpressionVisitorAdapter_ESTest,34,0,False
1664,NPEX,JSqlParser-66e44c95,0,a073aa8fa05d4693b92b2357044fe1de,net.sf.jsqlparser.expression.ExpressionVisitorAdapter,net.sf.jsqlparser.expression.ExpressionVisitorAdapter_ESTest,34,0,False
1665,NPEX,JSqlParser-66e44c95,0,600adce87039458b98ed82c84708a5fb,net.sf.jsqlparser.expression.ExpressionVisitorAdapter,net.sf.jsqlparser.expression.ExpressionVisitorAdapter_ESTest,35,0,False
1666,NPEX,JSqlParser-66e44c95,0,05b75b39b703448c907b37a89a968f41,net.sf.jsqlparser.expression.ExpressionVisitorAdapter,net.sf.jsqlparser.expression.ExpressionVisitorAdapter_ESTest,33,0,False
1667,NPEX,JSqlParser-66e44c95,0,7643cce12eac49aeb2f8a302a5c67442,net.sf.jsqlparser.expression.ExpressionVisitorAdapter,net.sf.jsqlparser.expression.ExpressionVisitorAdapter_ESTest,36,0,False
1668,NPEX,JSqlParser-66e44c95,0,27132cc0bd8042ac853678f426c81994,net.sf.jsqlparser.expression.ExpressionVisitorAdapter,net.sf.jsqlparser.expression.ExpressionVisitorAdapter_ESTest,33,0,False
1669,NPEX,JSqlParser-66e44c95,0,f1a225cd8e254ee1808ca800d4536949,net.sf.jsqlparser.expression.ExpressionVisitorAdapter,net.sf.jsqlparser.expression.ExpressionVisitorAdapter_ESTest,38,0,False
1670,NPEX,JSqlParser-66e44c95,0,d4efc77ac2464ea1bb65981ebec482ed,net.sf.jsqlparser.expression.ExpressionVisitorAdapter,net.sf.jsqlparser.expression.ExpressionVisitorAdapter_ESTest,33,0,False
1671,NPEX,JSqlParser-66e44c95,0,bb441a457e654ec9a55a9e3011318df5,net.sf.jsqlparser.expression.ExpressionVisitorAdapter,net.sf.jsqlparser.expression.ExpressionVisitorAdapter_ESTest,34,0,False
1672,NPEX,JSqlParser-66e44c95,0,9f52e104fa3a40ddb96143ff57be553f,net.sf.jsqlparser.expression.ExpressionVisitorAdapter,net.sf.jsqlparser.expression.ExpressionVisitorAdapter_ESTest,34,0,False
1673,NPEX,JSqlParser-66e44c95,0,3cb2a8be74984e95a7aa3a6c9dcaa347,net.sf.jsqlparser.expression.ExpressionVisitorAdapter,net.sf.jsqlparser.expression.ExpressionVisitorAdapter_ESTest,35,0,False
1674,NPEX,JSqlParser-66e44c95,0,a97bb08b2e6740529b176d35e802441f,net.sf.jsqlparser.expression.ExpressionVisitorAdapter,net.sf.jsqlparser.expression.ExpressionVisitorAdapter_ESTest,35,0,False
1675,NPEX,JSqlParser-66e44c95,0,79c212a0b04c47e095030b5a32772e49,net.sf.jsqlparser.expression.ExpressionVisitorAdapter,net.sf.jsqlparser.expression.ExpressionVisitorAdapter_ESTest,34,0,False
1676,NPEX,JSqlParser-66e44c95,0,4c5662dcce8246feb78ab94ff6b93392,net.sf.jsqlparser.expression.ExpressionVisitorAdapter,net.sf.jsqlparser.expression.ExpressionVisitorAdapter_ESTest,34,0,False
1677,NPEX,JSqlParser-66e44c95,0,3588eea5db2347178b5b0671c42ba1b0,net.sf.jsqlparser.expression.ExpressionVisitorAdapter,net.sf.jsqlparser.expression.ExpressionVisitorAdapter_ESTest,36,0,False
1678,NPEX,JSqlParser-66e44c95,0,7e516d08fd22421dafa1d77fe0ed6e35,net.sf.jsqlparser.expression.ExpressionVisitorAdapter,net.sf.jsqlparser.expression.ExpressionVisitorAdapter_ESTest,32,0,False
1679,NPEX,JSqlParser-66e44c95,0,73bae6483db3455f82d0ddd55dada2f5,net.sf.jsqlparser.expression.ExpressionVisitorAdapter,net.sf.jsqlparser.expression.ExpressionVisitorAdapter_ESTest,36,0,False
1680,NPEX,JSqlParser-66e44c95,0,f416f0e5de3f4b719910076b066effa7,net.sf.jsqlparser.expression.ExpressionVisitorAdapter,net.sf.jsqlparser.expression.ExpressionVisitorAdapter_ESTest,34,0,False
1681,NPEX,JSqlParser-66e44c95,0,304c2d70a0f9447db6c47ab5d0ef5b01,net.sf.jsqlparser.expression.ExpressionVisitorAdapter,net.sf.jsqlparser.expression.ExpressionVisitorAdapter_ESTest,36,0,False
1682,NPEX,JSqlParser-66e44c95,0,a79a3099d39645ecad42017b5bb1394b,net.sf.jsqlparser.expression.ExpressionVisitorAdapter,net.sf.jsqlparser.expression.ExpressionVisitorAdapter_ESTest,36,0,False
1683,NPEX,JSqlParser-66e44c95,0,5c593438e52d4727ae2bfd5232e4235e,net.sf.jsqlparser.expression.ExpressionVisitorAdapter,net.sf.jsqlparser.expression.ExpressionVisitorAdapter_ESTest,38,0,False
1684,NPEX,JSqlParser-66e44c95,0,c75b9aa7ddd342bbb2dbdbb17585ff9b,net.sf.jsqlparser.expression.ExpressionVisitorAdapter,net.sf.jsqlparser.expression.ExpressionVisitorAdapter_ESTest,37,0,False
1685,NPEX,JSqlParser-66e44c95,0,10289d1dd7414b8da69cc7cd19fc74cc,net.sf.jsqlparser.expression.ExpressionVisitorAdapter,net.sf.jsqlparser.expression.ExpressionVisitorAdapter_ESTest,35,0,False
1686,NPEX,JSqlParser-66e44c95,0,3a80af882b0e4daebbff72d9af19c226,net.sf.jsqlparser.expression.ExpressionVisitorAdapter,net.sf.jsqlparser.expression.ExpressionVisitorAdapter_ESTest,38,0,False
1687,NPEX,JSqlParser-66e44c95,0,197e844a9e00491492c446a57925902d,net.sf.jsqlparser.expression.ExpressionVisitorAdapter,net.sf.jsqlparser.expression.ExpressionVisitorAdapter_ESTest,35,0,False
1688,NPEX,JSqlParser-66e44c95,0,2ceb29f3797d475b996351976c1705d5,net.sf.jsqlparser.expression.ExpressionVisitorAdapter,net.sf.jsqlparser.expression.ExpressionVisitorAdapter_ESTest,31,0,False
1689,NPEX,JSqlParser-66e44c95,0,feb91986498e4904b2303a4413e8de79,net.sf.jsqlparser.expression.ExpressionVisitorAdapter,net.sf.jsqlparser.expression.ExpressionVisitorAdapter_ESTest,36,0,False
1690,NPEX,ShardingSphere-c08f4f18,0,bd15eaa88cfc40c197383e0993499bff,org.apache.shardingsphere.proxy.frontend.postgresql.auth.PostgreSQLAuthenticationEngine,org.apache.shardingsphere.proxy.frontend.postgresql.auth.PostgreSQLAuthenticationEngine_ESTest,1,0,False
1691,NPEX,jsoup-8b837a43,0,aaec43e9bec4491d84746671b43431b1,org.jsoup.nodes.Attribute,org.jsoup.nodes.Attribute_ESTest,35,0,False
1692,NPEX,jsoup-8b837a43,0,b892601aa31b4019bcd148f8ec4f3046,org.jsoup.nodes.Attribute,org.jsoup.nodes.Attribute_ESTest,37,0,False
1693,NPEX,jsoup-8b837a43,0,fbfaf290a41a46638c110b7834f4cd94,org.jsoup.nodes.Attribute,org.jsoup.nodes.Attribute_ESTest,33,0,False
1694,NPEX,jsoup-8b837a43,0,bcf2fb80506c4685b39847bcb794900b,org.jsoup.nodes.Attribute,org.jsoup.nodes.Attribute_ESTest,33,0,False
1695,NPEX,jsoup-8b837a43,0,df0a54ca60c84bdb9f5f5b9eefc6fb08,org.jsoup.nodes.Attribute,org.jsoup.nodes.Attribute_ESTest,34,0,False
1696,NPEX,jsoup-8b837a43,0,f1bf537886954547aed1efe1db6ab28d,org.jsoup.nodes.Attribute,org.jsoup.nodes.Attribute_ESTest,35,0,False
1697,NPEX,jsoup-8b837a43,0,36667b8a4e69458eb5ce4694e27fa7ae,org.jsoup.nodes.Attribute,org.jsoup.nodes.Attribute_ESTest,33,0,False
1698,NPEX,jsoup-8b837a43,0,f55db48fae08407f8b09ae8f8846e1e3,org.jsoup.nodes.Attribute,org.jsoup.nodes.Attribute_ESTest,36,0,False
1699,NPEX,jsoup-8b837a43,0,8402122b668e4b2d8c895cc6c65d64ee,org.jsoup.nodes.Attribute,org.jsoup.nodes.Attribute_ESTest,34,0,False
1700,NPEX,jsoup-8b837a43,0,52e9a9fddf5d407da8f96c5cc4cd629a,org.jsoup.nodes.Attribute,org.jsoup.nodes.Attribute_ESTest,35,0,False
1701,NPEX,jsoup-8b837a43,0,e57aa11499c24249b6f34acf8fc134dc,org.jsoup.nodes.Attribute,org.jsoup.nodes.Attribute_ESTest,34,0,False
1702,NPEX,jsoup-8b837a43,0,6adb110a47514877acd7b361f8e72407,org.jsoup.nodes.Attribute,org.jsoup.nodes.Attribute_ESTest,34,0,False
1703,NPEX,jsoup-8b837a43,0,083f062c9bf149c3ad7d603a9af84b53,org.jsoup.nodes.Attribute,org.jsoup.nodes.Attribute_ESTest,36,0,False
1704,NPEX,jsoup-8b837a43,0,ff75ac5ff3d444c1acd2d4f2d4309e31,org.jsoup.nodes.Attribute,org.jsoup.nodes.Attribute_ESTest,36,0,False
1705,NPEX,jsoup-8b837a43,0,3fbf1c8fb88a414b8286ff0f9f12360b,org.jsoup.nodes.Attribute,org.jsoup.nodes.Attribute_ESTest,34,0,False
1706,NPEX,jsoup-8b837a43,0,cecfc47ca9264f349e9743342b01a0d6,org.jsoup.nodes.Attribute,org.jsoup.nodes.Attribute_ESTest,35,0,False
1707,NPEX,jsoup-8b837a43,0,0cb42f0faeb6426f96ae6f845b5d9683,org.jsoup.nodes.Attribute,org.jsoup.nodes.Attribute_ESTest,35,0,False
1708,NPEX,jsoup-8b837a43,0,a1b08a0a2abd47989ee576ac42509239,org.jsoup.nodes.Attribute,org.jsoup.nodes.Attribute_ESTest,34,0,False
1709,NPEX,jsoup-8b837a43,0,3f4044a3021b4428864441f03c113e6c,org.jsoup.nodes.Attribute,org.jsoup.nodes.Attribute_ESTest,34,0,False
1710,NPEX,jsoup-8b837a43,0,f421077937c24366b75123091a35606c,org.jsoup.nodes.Attribute,org.jsoup.nodes.Attribute_ESTest,34,0,False
1711,NPEX,jsoup-8b837a43,0,44196c937fbc4eacaa8e89f8f358f684,org.jsoup.nodes.Attribute,org.jsoup.nodes.Attribute_ESTest,32,0,False
1712,NPEX,jsoup-8b837a43,0,fdc08872f08940d9b287aa79a683d6f9,org.jsoup.nodes.Attribute,org.jsoup.nodes.Attribute_ESTest,35,0,False
1713,NPEX,jsoup-8b837a43,0,a512fb1c4ad74c07aa6cfe6df0eb4ce7,org.jsoup.nodes.Attribute,org.jsoup.nodes.Attribute_ESTest,33,0,False
1714,NPEX,jsoup-8b837a43,0,eb7012da2a334b2abfc3c308280b3e7f,org.jsoup.nodes.Attribute,org.jsoup.nodes.Attribute_ESTest,35,0,False
1715,NPEX,jsoup-8b837a43,0,4f684fbe1b0c499fbec8cc3bdb4a494b,org.jsoup.nodes.Attribute,org.jsoup.nodes.Attribute_ESTest,35,0,False
1716,NPEX,jsoup-8b837a43,0,bcc366f3188c4265bf15273848373eef,org.jsoup.nodes.Attribute,org.jsoup.nodes.Attribute_ESTest,34,0,False
1717,NPEX,jsoup-8b837a43,0,f04cea68f64744c2954e2a971bf80857,org.jsoup.nodes.Attribute,org.jsoup.nodes.Attribute_ESTest,33,0,False
1718,NPEX,jsoup-8b837a43,0,59668bb760e8423997fca0f685b79d4f,org.jsoup.nodes.Attribute,org.jsoup.nodes.Attribute_ESTest,34,0,False
1719,NPEX,jsoup-8b837a43,0,50f60586c93243679b9e31cad27e30c1,org.jsoup.nodes.Attribute,org.jsoup.nodes.Attribute_ESTest,31,0,False
1720,NPEX,jsoup-8b837a43,0,e63df3d795654218a2253da39d6cda61,org.jsoup.nodes.Attribute,org.jsoup.nodes.Attribute_ESTest,35,0,False
1721,NPEX,Sling_Pipes-81059025,0,e32790c9c01043d8974cffc697407a59,org.apache.sling.pipes.PipeBindings,org.apache.sling.pipes.PipeBindings_ESTest,0,0,False
1722,NPEX,Sling_Pipes-81059025,0,59968f3f2ca441e29b990a0091c373ac,org.apache.sling.pipes.PipeBindings,org.apache.sling.pipes.PipeBindings_ESTest,0,0,False
1723,NPEX,Sling_Pipes-81059025,0,32b76a3b92f24fbcb5c1958bba9b4144,org.apache.sling.pipes.PipeBindings,org.apache.sling.pipes.PipeBindings_ESTest,0,0,False
1724,NPEX,Sling_Pipes-81059025,0,8c324ab5d4874a9e8406abd97e00a17d,org.apache.sling.pipes.PipeBindings,org.apache.sling.pipes.PipeBindings_ESTest,0,0,False
1725,NPEX,Sling_Pipes-81059025,0,524dfcf47e064ee38e7a167371852015,org.apache.sling.pipes.PipeBindings,org.apache.sling.pipes.PipeBindings_ESTest,0,0,False
1726,NPEX,Sling_Pipes-81059025,0,8d1fb74faaae47868342a59db474df18,org.apache.sling.pipes.PipeBindings,org.apache.sling.pipes.PipeBindings_ESTest,0,0,False
1727,NPEX,Sling_Pipes-81059025,0,eb9b42e07d174bcea3d2e211b25600ea,org.apache.sling.pipes.PipeBindings,org.apache.sling.pipes.PipeBindings_ESTest,0,0,False
1728,NPEX,Sling_Pipes-81059025,0,ac5019b4c55a48eeb959e77f465d4193,org.apache.sling.pipes.PipeBindings,org.apache.sling.pipes.PipeBindings_ESTest,0,0,False
1729,NPEX,Sling_Pipes-81059025,0,3a101dd625b84311b5e701a10e1f84d9,org.apache.sling.pipes.PipeBindings,org.apache.sling.pipes.PipeBindings_ESTest,0,0,False
1730,NPEX,Sling_Pipes-81059025,0,90e5e182ee7447fb818a5d91d43fdfa2,org.apache.sling.pipes.PipeBindings,org.apache.sling.pipes.PipeBindings_ESTest,0,0,False
1731,NPEX,Sling_Pipes-81059025,0,9141861396944988af9566f0cccc2951,org.apache.sling.pipes.PipeBindings,org.apache.sling.pipes.PipeBindings_ESTest,0,0,False
1732,NPEX,Sling_Pipes-81059025,0,6b9f83a312774658bfb426c670b59219,org.apache.sling.pipes.PipeBindings,org.apache.sling.pipes.PipeBindings_ESTest,0,0,False
1733,NPEX,Sling_Pipes-81059025,0,648c71e94f644e6ab3464f7788b979f0,org.apache.sling.pipes.PipeBindings,org.apache.sling.pipes.PipeBindings_ESTest,0,0,False
1734,NPEX,Sling_Pipes-81059025,0,27e01928f8664b35924196c513170627,org.apache.sling.pipes.PipeBindings,org.apache.sling.pipes.PipeBindings_ESTest,0,0,False
1735,NPEX,Sling_Pipes-81059025,0,03e051ced0af40c88144cb44049b0a25,org.apache.sling.pipes.PipeBindings,org.apache.sling.pipes.PipeBindings_ESTest,0,0,False
1736,NPEX,Sling_Pipes-81059025,0,1dd887d328ec4a54a5cf56c8eee59660,org.apache.sling.pipes.PipeBindings,org.apache.sling.pipes.PipeBindings_ESTest,0,0,False
1737,NPEX,Sling_Pipes-81059025,0,4c9fc8f1b94d4eb582b825b773b1564d,org.apache.sling.pipes.PipeBindings,org.apache.sling.pipes.PipeBindings_ESTest,0,0,False
1738,NPEX,Sling_Pipes-81059025,0,9453b89308e04cb9913c0e1dc2ece1f6,org.apache.sling.pipes.PipeBindings,org.apache.sling.pipes.PipeBindings_ESTest,0,0,False
1739,NPEX,Sling_Pipes-81059025,0,b1afb3e9a8b745c19057e97bac38a6a0,org.apache.sling.pipes.PipeBindings,org.apache.sling.pipes.PipeBindings_ESTest,0,0,False
1740,NPEX,Sling_Pipes-81059025,0,645955eda6f0407abaccc118ed56b481,org.apache.sling.pipes.PipeBindings,org.apache.sling.pipes.PipeBindings_ESTest,0,0,False
1741,NPEX,Sling_Pipes-81059025,0,735cebe0892f4d799e8044fb4a5f3749,org.apache.sling.pipes.PipeBindings,org.apache.sling.pipes.PipeBindings_ESTest,0,0,False
1742,NPEX,Sling_Pipes-81059025,0,07b3e69394d34c52b3b6c5af238adaf5,org.apache.sling.pipes.PipeBindings,org.apache.sling.pipes.PipeBindings_ESTest,0,0,False
1743,NPEX,Sling_Pipes-81059025,0,412b90a2d86d446e90e3d17278958666,org.apache.sling.pipes.PipeBindings,org.apache.sling.pipes.PipeBindings_ESTest,0,0,False
1744,NPEX,Sling_Pipes-81059025,0,5f9968ec9bda487b804a26b4f69e6fb6,org.apache.sling.pipes.PipeBindings,org.apache.sling.pipes.PipeBindings_ESTest,0,0,False
1745,NPEX,Sling_Pipes-81059025,0,25a3bd6b5012455e836f8920454f6218,org.apache.sling.pipes.PipeBindings,org.apache.sling.pipes.PipeBindings_ESTest,0,0,False
1746,NPEX,Sling_Pipes-81059025,0,2cfbc1fb69c44a1fac07db01776be755,org.apache.sling.pipes.PipeBindings,org.apache.sling.pipes.PipeBindings_ESTest,0,0,False
1747,NPEX,Sling_Pipes-81059025,0,46610a2e2c004f50a8d047bc503128a9,org.apache.sling.pipes.PipeBindings,org.apache.sling.pipes.PipeBindings_ESTest,0,0,False
1748,NPEX,Sling_Pipes-81059025,0,e61c2af041704ba5ac47257b326ec81f,org.apache.sling.pipes.PipeBindings,org.apache.sling.pipes.PipeBindings_ESTest,0,0,False
1749,NPEX,Sling_Pipes-81059025,0,4b62714a29ac49f183251e44006ef614,org.apache.sling.pipes.PipeBindings,org.apache.sling.pipes.PipeBindings_ESTest,0,0,False
1750,NPEX,Sling_Pipes-81059025,0,083ef7232b194f7c8402bbfefd742684,org.apache.sling.pipes.PipeBindings,org.apache.sling.pipes.PipeBindings_ESTest,0,0,False
1751,NPEX,OpenNLP-60792b8f,0,0efab00423be45a29d4f80e3e8e2e751,opennlp.tools.lemmatizer.DictionaryLemmatizer,opennlp.tools.lemmatizer.DictionaryLemmatizer_ESTest,4,0,False
1752,NPEX,OpenNLP-60792b8f,0,b8feaf8686e641a7a6ba056cbeae5ce8,opennlp.tools.lemmatizer.DictionaryLemmatizer,opennlp.tools.lemmatizer.DictionaryLemmatizer_ESTest,3,0,False
1753,NPEX,OpenNLP-60792b8f,0,0ee3dc96666d451eb49f51d5e46149a4,opennlp.tools.lemmatizer.DictionaryLemmatizer,opennlp.tools.lemmatizer.DictionaryLemmatizer_ESTest,2,0,False
1754,NPEX,OpenNLP-60792b8f,0,574b9720ff1a409e866554abf6abcd25,opennlp.tools.lemmatizer.DictionaryLemmatizer,opennlp.tools.lemmatizer.DictionaryLemmatizer_ESTest,3,0,False
1755,NPEX,OpenNLP-60792b8f,0,03d999bb23cf44e88d2c4b5fce7b4d8b,opennlp.tools.lemmatizer.DictionaryLemmatizer,opennlp.tools.lemmatizer.DictionaryLemmatizer_ESTest,3,0,False
1756,NPEX,OpenNLP-60792b8f,0,09c4a80acc624780b9cccba156f29d76,opennlp.tools.lemmatizer.DictionaryLemmatizer,opennlp.tools.lemmatizer.DictionaryLemmatizer_ESTest,3,0,False
1757,NPEX,OpenNLP-60792b8f,0,c97cf5a616bf48f6bddbbdb760f66c35,opennlp.tools.lemmatizer.DictionaryLemmatizer,opennlp.tools.lemmatizer.DictionaryLemmatizer_ESTest,4,0,False
1758,NPEX,OpenNLP-60792b8f,0,e9e0c7116dea478ab9ddb2517131a22e,opennlp.tools.lemmatizer.DictionaryLemmatizer,opennlp.tools.lemmatizer.DictionaryLemmatizer_ESTest,4,0,False
1759,NPEX,OpenNLP-60792b8f,0,c46d8123bdf74cafb7b7ff663ab02473,opennlp.tools.lemmatizer.DictionaryLemmatizer,opennlp.tools.lemmatizer.DictionaryLemmatizer_ESTest,2,0,False
1760,NPEX,OpenNLP-60792b8f,0,81f0a5fba217486895bb9bd285ecca6b,opennlp.tools.lemmatizer.DictionaryLemmatizer,opennlp.tools.lemmatizer.DictionaryLemmatizer_ESTest,2,0,False
1761,NPEX,OpenNLP-60792b8f,0,8c2940c545b14f0a81d20eb701a33a5f,opennlp.tools.lemmatizer.DictionaryLemmatizer,opennlp.tools.lemmatizer.DictionaryLemmatizer_ESTest,3,0,False
1762,NPEX,OpenNLP-60792b8f,0,73b0fe9fa95640fcad04bfd1bf02e568,opennlp.tools.lemmatizer.DictionaryLemmatizer,opennlp.tools.lemmatizer.DictionaryLemmatizer_ESTest,3,0,False
1763,NPEX,OpenNLP-60792b8f,0,55740177ed6d46edb8cdd2c159aa7985,opennlp.tools.lemmatizer.DictionaryLemmatizer,opennlp.tools.lemmatizer.DictionaryLemmatizer_ESTest,3,0,False
1764,NPEX,OpenNLP-60792b8f,0,eeb1e90d05934912a8b03a7289b92fad,opennlp.tools.lemmatizer.DictionaryLemmatizer,opennlp.tools.lemmatizer.DictionaryLemmatizer_ESTest,4,0,False
1765,NPEX,OpenNLP-60792b8f,0,29ade45bce884da7965cd97dde285351,opennlp.tools.lemmatizer.DictionaryLemmatizer,opennlp.tools.lemmatizer.DictionaryLemmatizer_ESTest,3,0,False
1766,NPEX,OpenNLP-60792b8f,0,222d73d6a95a4c0c9e0ad8ff1ff485ee,opennlp.tools.lemmatizer.DictionaryLemmatizer,opennlp.tools.lemmatizer.DictionaryLemmatizer_ESTest,3,0,False
1767,NPEX,OpenNLP-60792b8f,0,1196433f316d4e04aac84d1f72f03142,opennlp.tools.lemmatizer.DictionaryLemmatizer,opennlp.tools.lemmatizer.DictionaryLemmatizer_ESTest,3,0,False
1768,NPEX,OpenNLP-60792b8f,0,1e4ac92fac41400484c80aa68dc9d628,opennlp.tools.lemmatizer.DictionaryLemmatizer,opennlp.tools.lemmatizer.DictionaryLemmatizer_ESTest,3,0,False
1769,NPEX,OpenNLP-60792b8f,0,8ed9c35a232f4d098ff427467fce28be,opennlp.tools.lemmatizer.DictionaryLemmatizer,opennlp.tools.lemmatizer.DictionaryLemmatizer_ESTest,4,0,False
1770,NPEX,OpenNLP-60792b8f,0,22c0f2df775d4c5cb593a983d9f6f2ff,opennlp.tools.lemmatizer.DictionaryLemmatizer,opennlp.tools.lemmatizer.DictionaryLemmatizer_ESTest,3,0,False
1771,NPEX,OpenNLP-60792b8f,0,330a89ba225d4ea2b53eaa7c21f8214f,opennlp.tools.lemmatizer.DictionaryLemmatizer,opennlp.tools.lemmatizer.DictionaryLemmatizer_ESTest,4,0,False
1772,NPEX,OpenNLP-60792b8f,0,90e9369cf91b4e31a9ba84ec53a2091a,opennlp.tools.lemmatizer.DictionaryLemmatizer,opennlp.tools.lemmatizer.DictionaryLemmatizer_ESTest,4,0,False
1773,NPEX,OpenNLP-60792b8f,0,148126e0bb34425f8e8993ca1306b02b,opennlp.tools.lemmatizer.DictionaryLemmatizer,opennlp.tools.lemmatizer.DictionaryLemmatizer_ESTest,2,0,False
1774,NPEX,OpenNLP-60792b8f,0,845d593da41149ddb77c44e4ea762ebe,opennlp.tools.lemmatizer.DictionaryLemmatizer,opennlp.tools.lemmatizer.DictionaryLemmatizer_ESTest,5,0,False
1775,NPEX,OpenNLP-60792b8f,0,c42f3dbae09240bdb5bbf81ef16984f7,opennlp.tools.lemmatizer.DictionaryLemmatizer,opennlp.tools.lemmatizer.DictionaryLemmatizer_ESTest,4,0,False
1776,NPEX,OpenNLP-60792b8f,0,c7a46abda5674e9c84d81aee3448646e,opennlp.tools.lemmatizer.DictionaryLemmatizer,opennlp.tools.lemmatizer.DictionaryLemmatizer_ESTest,3,0,False
1777,NPEX,OpenNLP-60792b8f,0,2843633835434dad8ed2a481e6f11f59,opennlp.tools.lemmatizer.DictionaryLemmatizer,opennlp.tools.lemmatizer.DictionaryLemmatizer_ESTest,4,0,False
1778,NPEX,OpenNLP-60792b8f,0,56b98ed8c21e458290faa091f24d54ac,opennlp.tools.lemmatizer.DictionaryLemmatizer,opennlp.tools.lemmatizer.DictionaryLemmatizer_ESTest,4,0,False
1779,NPEX,OpenNLP-60792b8f,0,c0c3e1d620ae4aa2b996f6936c0bbbbe,opennlp.tools.lemmatizer.DictionaryLemmatizer,opennlp.tools.lemmatizer.DictionaryLemmatizer_ESTest,3,0,False
1780,NPEX,OpenNLP-60792b8f,0,54a4392e844e4fba96180a95d00f9c89,opennlp.tools.lemmatizer.DictionaryLemmatizer,opennlp.tools.lemmatizer.DictionaryLemmatizer_ESTest,3,0,False
1781,NPEX,Hessian_Lite-c5c017dc,0,904fb82f0f85452bb7862f9fd726d9c4,com.alibaba.dubbo.common.URL,com.alibaba.dubbo.common.URL_ESTest,213,0,False
1782,NPEX,Hessian_Lite-c5c017dc,0,353b9fc074fb4080add8f0967ca9615b,com.alibaba.dubbo.common.URL,com.alibaba.dubbo.common.URL_ESTest,196,0,False
1783,NPEX,Hessian_Lite-c5c017dc,0,ed4e926c164242ed8bea2212002d0ac6,com.alibaba.dubbo.common.URL,com.alibaba.dubbo.common.URL_ESTest,194,0,False
1784,NPEX,Hessian_Lite-c5c017dc,0,d97f01daeec34cfdbeea6509f3beee28,com.alibaba.dubbo.common.URL,com.alibaba.dubbo.common.URL_ESTest,202,0,False
1785,NPEX,Hessian_Lite-c5c017dc,0,9f4c462baaa946aca9d0059e390c48a4,com.alibaba.dubbo.common.URL,com.alibaba.dubbo.common.URL_ESTest,202,0,False
1786,NPEX,Hessian_Lite-c5c017dc,0,a96973238cb4453cab16d3e80d2fd08c,com.alibaba.dubbo.common.URL,com.alibaba.dubbo.common.URL_ESTest,198,0,False
1787,NPEX,Hessian_Lite-c5c017dc,0,cc805a96492448b68fffec4f03fa328d,com.alibaba.dubbo.common.URL,com.alibaba.dubbo.common.URL_ESTest,199,0,False
1788,NPEX,Hessian_Lite-c5c017dc,0,316720a4ceab438eb17886152e479f7a,com.alibaba.dubbo.common.URL,com.alibaba.dubbo.common.URL_ESTest,181,0,False
1789,NPEX,Hessian_Lite-c5c017dc,0,afd07dda66cf4b79b1c5514be2339e1c,com.alibaba.dubbo.common.URL,com.alibaba.dubbo.common.URL_ESTest,198,0,False
1790,NPEX,Hessian_Lite-c5c017dc,0,bc266072deee4d34ab6f41b3822c2d2b,com.alibaba.dubbo.common.URL,com.alibaba.dubbo.common.URL_ESTest,206,0,False
1791,NPEX,Hessian_Lite-c5c017dc,0,eb70aba45abd475f9b75f3fabbf98bcd,com.alibaba.dubbo.common.URL,com.alibaba.dubbo.common.URL_ESTest,194,0,False
1792,NPEX,Hessian_Lite-c5c017dc,0,7f029d2d0bc24813831ef699eaf8a59b,com.alibaba.dubbo.common.URL,com.alibaba.dubbo.common.URL_ESTest,201,0,False
1793,NPEX,Hessian_Lite-c5c017dc,0,51a787dc86db44b9b46b76fa702013dc,com.alibaba.dubbo.common.URL,com.alibaba.dubbo.common.URL_ESTest,200,0,False
1794,NPEX,Hessian_Lite-c5c017dc,0,ec789c8277a044aeaed60ada5aea0846,com.alibaba.dubbo.common.URL,com.alibaba.dubbo.common.URL_ESTest,210,0,False
1795,NPEX,Hessian_Lite-c5c017dc,0,a3ffeef83d5d460f9e6a4a5457ffc578,com.alibaba.dubbo.common.URL,com.alibaba.dubbo.common.URL_ESTest,202,0,False
1796,NPEX,Hessian_Lite-c5c017dc,0,b7c2b999fb4d4e4e995ce72f8f526e3e,com.alibaba.dubbo.common.URL,com.alibaba.dubbo.common.URL_ESTest,194,0,False
1797,NPEX,Hessian_Lite-c5c017dc,0,5e1541297bcf4e41801557c9b291f6ee,com.alibaba.dubbo.common.URL,com.alibaba.dubbo.common.URL_ESTest,192,0,False
1798,NPEX,Hessian_Lite-c5c017dc,0,1339113838c24a90b2d5ed2dc6b83250,com.alibaba.dubbo.common.URL,com.alibaba.dubbo.common.URL_ESTest,208,0,False
1799,NPEX,Hessian_Lite-c5c017dc,0,0e4ef662fc644c9b8bae17817aaf4cb4,com.alibaba.dubbo.common.URL,com.alibaba.dubbo.common.URL_ESTest,200,0,False
1800,NPEX,Hessian_Lite-c5c017dc,0,8789c273edf7441a87bf696427f9f94f,com.alibaba.dubbo.common.URL,com.alibaba.dubbo.common.URL_ESTest,197,0,False
1801,NPEX,Hessian_Lite-c5c017dc,0,2d045d8649c445528963af839a887aa0,com.alibaba.dubbo.common.URL,com.alibaba.dubbo.common.URL_ESTest,188,0,False
1802,NPEX,Hessian_Lite-c5c017dc,0,0cec086c4d8c452297687ab07bbf7fe0,com.alibaba.dubbo.common.URL,com.alibaba.dubbo.common.URL_ESTest,199,0,False
1803,NPEX,Hessian_Lite-c5c017dc,0,42703b9ac58a4dadbd4d04c2c8bea564,com.alibaba.dubbo.common.URL,com.alibaba.dubbo.common.URL_ESTest,211,0,False
1804,NPEX,Hessian_Lite-c5c017dc,0,211d27a44cfb41529aa01ecd6c373198,com.alibaba.dubbo.common.URL,com.alibaba.dubbo.common.URL_ESTest,200,0,False
1805,NPEX,Hessian_Lite-c5c017dc,0,f284713446934af48f4009de211c7da3,com.alibaba.dubbo.common.URL,com.alibaba.dubbo.common.URL_ESTest,204,0,False
1806,NPEX,Hessian_Lite-c5c017dc,0,5ab9a10cc8b84e6fb8fd40ced39a4752,com.alibaba.dubbo.common.URL,com.alibaba.dubbo.common.URL_ESTest,208,0,False
1807,NPEX,Hessian_Lite-c5c017dc,0,006b372c4c9c4ae9b0e562b7b927940b,com.alibaba.dubbo.common.URL,com.alibaba.dubbo.common.URL_ESTest,198,0,False
1808,NPEX,Hessian_Lite-c5c017dc,0,6dd8cbe031454d93ab64ab69f679f17d,com.alibaba.dubbo.common.URL,com.alibaba.dubbo.common.URL_ESTest,204,0,False
1809,NPEX,Hessian_Lite-c5c017dc,0,315bc9256ad44a5598b33c520e7a252c,com.alibaba.dubbo.common.URL,com.alibaba.dubbo.common.URL_ESTest,206,0,False
1810,NPEX,Hessian_Lite-c5c017dc,0,ed8757f45cb64571ba623e751b4589ba,com.alibaba.dubbo.common.URL,com.alibaba.dubbo.common.URL_ESTest,213,0,False
1811,NPEX,ZooKeeper-ef3649f5,0,81835ea9ca974e67beb3c8a410625dad,org.apache.zookeeper.server.ZooKeeperServer,org.apache.zookeeper.server.ZooKeeperServer_ESTest,114,0,False
1812,NPEX,ZooKeeper-ef3649f5,0,81835ea9ca974e67beb3c8a410625dad,org.apache.zookeeper.server.ZooKeeperServer,org.apache.zookeeper.server.ZooKeeperServer_ESTest$1,114,0,False
1813,NPEX,ZooKeeper-ef3649f5,0,81835ea9ca974e67beb3c8a410625dad,org.apache.zookeeper.server.ZooKeeperServer,org.apache.zookeeper.server.ZooKeeperServer_ESTest$2,114,0,False
1814,NPEX,ZooKeeper-ef3649f5,0,36437fe18a874dd6a0eb554fbbcdabd6,org.apache.zookeeper.server.ZooKeeperServer,org.apache.zookeeper.server.ZooKeeperServer_ESTest,110,0,False
1815,NPEX,ZooKeeper-ef3649f5,0,36437fe18a874dd6a0eb554fbbcdabd6,org.apache.zookeeper.server.ZooKeeperServer,org.apache.zookeeper.server.ZooKeeperServer_ESTest$1,110,0,False
1816,NPEX,ZooKeeper-ef3649f5,0,36437fe18a874dd6a0eb554fbbcdabd6,org.apache.zookeeper.server.ZooKeeperServer,org.apache.zookeeper.server.ZooKeeperServer_ESTest$2,110,0,False
1817,NPEX,ZooKeeper-ef3649f5,0,0fabedca357f4abb990f494afb45ad73,org.apache.zookeeper.server.ZooKeeperServer,org.apache.zookeeper.server.ZooKeeperServer_ESTest,116,0,False
1818,NPEX,ZooKeeper-ef3649f5,0,0fabedca357f4abb990f494afb45ad73,org.apache.zookeeper.server.ZooKeeperServer,org.apache.zookeeper.server.ZooKeeperServer_ESTest$1,116,0,False
1819,NPEX,ZooKeeper-ef3649f5,0,0fabedca357f4abb990f494afb45ad73,org.apache.zookeeper.server.ZooKeeperServer,org.apache.zookeeper.server.ZooKeeperServer_ESTest$2,116,0,False
1820,NPEX,ZooKeeper-ef3649f5,0,684fca73eb5f42b8abf252ce831c9d49,org.apache.zookeeper.server.ZooKeeperServer,org.apache.zookeeper.server.ZooKeeperServer_ESTest,117,0,False
1821,NPEX,ZooKeeper-ef3649f5,0,684fca73eb5f42b8abf252ce831c9d49,org.apache.zookeeper.server.ZooKeeperServer,org.apache.zookeeper.server.ZooKeeperServer_ESTest$1,117,0,False
1822,NPEX,ZooKeeper-ef3649f5,0,c74adf02affc4b6c993e550c07ea5ae9,org.apache.zookeeper.server.ZooKeeperServer,org.apache.zookeeper.server.ZooKeeperServer_ESTest,109,0,False
1823,NPEX,ZooKeeper-ef3649f5,0,c74adf02affc4b6c993e550c07ea5ae9,org.apache.zookeeper.server.ZooKeeperServer,org.apache.zookeeper.server.ZooKeeperServer_ESTest$1,109,0,False
1824,NPEX,ZooKeeper-ef3649f5,0,c74adf02affc4b6c993e550c07ea5ae9,org.apache.zookeeper.server.ZooKeeperServer,org.apache.zookeeper.server.ZooKeeperServer_ESTest$2,109,0,False
1825,NPEX,ZooKeeper-ef3649f5,0,1135284578f04b3b8be13820dbcde5f6,org.apache.zookeeper.server.ZooKeeperServer,org.apache.zookeeper.server.ZooKeeperServer_ESTest,119,0,False
1826,NPEX,ZooKeeper-ef3649f5,0,1135284578f04b3b8be13820dbcde5f6,org.apache.zookeeper.server.ZooKeeperServer,org.apache.zookeeper.server.ZooKeeperServer_ESTest$1,119,0,False
1827,NPEX,ZooKeeper-ef3649f5,0,1135284578f04b3b8be13820dbcde5f6,org.apache.zookeeper.server.ZooKeeperServer,org.apache.zookeeper.server.ZooKeeperServer_ESTest$2,119,0,False
1828,NPEX,ZooKeeper-ef3649f5,0,1ee3c593ed204a1d943709f3d85bcc3f,org.apache.zookeeper.server.ZooKeeperServer,org.apache.zookeeper.server.ZooKeeperServer_ESTest,119,0,False
1829,NPEX,ZooKeeper-ef3649f5,0,1ee3c593ed204a1d943709f3d85bcc3f,org.apache.zookeeper.server.ZooKeeperServer,org.apache.zookeeper.server.ZooKeeperServer_ESTest$1,119,0,False
1830,NPEX,ZooKeeper-ef3649f5,0,1ee3c593ed204a1d943709f3d85bcc3f,org.apache.zookeeper.server.ZooKeeperServer,org.apache.zookeeper.server.ZooKeeperServer_ESTest$2,119,0,False
1831,NPEX,ZooKeeper-ef3649f5,0,dfebda3a315e4491bebf1c81ead4cd56,org.apache.zookeeper.server.ZooKeeperServer,org.apache.zookeeper.server.ZooKeeperServer_ESTest,115,0,False
1832,NPEX,ZooKeeper-ef3649f5,0,dfebda3a315e4491bebf1c81ead4cd56,org.apache.zookeeper.server.ZooKeeperServer,org.apache.zookeeper.server.ZooKeeperServer_ESTest$1,115,0,False
1833,NPEX,ZooKeeper-ef3649f5,0,dfebda3a315e4491bebf1c81ead4cd56,org.apache.zookeeper.server.ZooKeeperServer,org.apache.zookeeper.server.ZooKeeperServer_ESTest$2,115,0,False
1834,NPEX,ZooKeeper-ef3649f5,0,763d9c14313f48a5a60fa0ffe7d2defb,org.apache.zookeeper.server.ZooKeeperServer,org.apache.zookeeper.server.ZooKeeperServer_ESTest,113,0,False
1835,NPEX,ZooKeeper-ef3649f5,0,763d9c14313f48a5a60fa0ffe7d2defb,org.apache.zookeeper.server.ZooKeeperServer,org.apache.zookeeper.server.ZooKeeperServer_ESTest$1,113,0,False
1836,NPEX,ZooKeeper-ef3649f5,0,763d9c14313f48a5a60fa0ffe7d2defb,org.apache.zookeeper.server.ZooKeeperServer,org.apache.zookeeper.server.ZooKeeperServer_ESTest$2,113,0,False
1837,NPEX,ZooKeeper-ef3649f5,0,cb052ad1b58c43bdb5510f207d353dfb,org.apache.zookeeper.server.ZooKeeperServer,org.apache.zookeeper.server.ZooKeeperServer_ESTest,116,0,False
1838,NPEX,ZooKeeper-ef3649f5,0,cb052ad1b58c43bdb5510f207d353dfb,org.apache.zookeeper.server.ZooKeeperServer,org.apache.zookeeper.server.ZooKeeperServer_ESTest$1,116,0,False
1839,NPEX,ZooKeeper-ef3649f5,0,cb052ad1b58c43bdb5510f207d353dfb,org.apache.zookeeper.server.ZooKeeperServer,org.apache.zookeeper.server.ZooKeeperServer_ESTest$2,116,0,False
1840,NPEX,ZooKeeper-ef3649f5,0,c7b2906da3a3441a880891b2139b26ed,org.apache.zookeeper.server.ZooKeeperServer,org.apache.zookeeper.server.ZooKeeperServer_ESTest,108,0,False
1841,NPEX,ZooKeeper-ef3649f5,0,c7b2906da3a3441a880891b2139b26ed,org.apache.zookeeper.server.ZooKeeperServer,org.apache.zookeeper.server.ZooKeeperServer_ESTest$1,108,0,False
1842,NPEX,ZooKeeper-ef3649f5,0,c7b2906da3a3441a880891b2139b26ed,org.apache.zookeeper.server.ZooKeeperServer,org.apache.zookeeper.server.ZooKeeperServer_ESTest$2,108,0,False
1843,NPEX,ZooKeeper-ef3649f5,0,99e300bf8db64866acc5ee6f399f3dba,org.apache.zookeeper.server.ZooKeeperServer,org.apache.zookeeper.server.ZooKeeperServer_ESTest,116,0,False
1844,NPEX,ZooKeeper-ef3649f5,0,99e300bf8db64866acc5ee6f399f3dba,org.apache.zookeeper.server.ZooKeeperServer,org.apache.zookeeper.server.ZooKeeperServer_ESTest$1,116,0,False
1845,NPEX,ZooKeeper-ef3649f5,0,99e300bf8db64866acc5ee6f399f3dba,org.apache.zookeeper.server.ZooKeeperServer,org.apache.zookeeper.server.ZooKeeperServer_ESTest$2,116,0,False
1846,NPEX,ZooKeeper-ef3649f5,0,3b25b10b9fca46939d76de980831c08f,org.apache.zookeeper.server.ZooKeeperServer,org.apache.zookeeper.server.ZooKeeperServer_ESTest,114,0,False
1847,NPEX,ZooKeeper-ef3649f5,0,3b25b10b9fca46939d76de980831c08f,org.apache.zookeeper.server.ZooKeeperServer,org.apache.zookeeper.server.ZooKeeperServer_ESTest$1,114,0,False
1848,NPEX,ZooKeeper-ef3649f5,0,3b25b10b9fca46939d76de980831c08f,org.apache.zookeeper.server.ZooKeeperServer,org.apache.zookeeper.server.ZooKeeperServer_ESTest$2,114,0,False
1849,NPEX,ZooKeeper-ef3649f5,0,fd6c9356930644a490cc40db894fb294,org.apache.zookeeper.server.ZooKeeperServer,org.apache.zookeeper.server.ZooKeeperServer_ESTest,119,0,False
1850,NPEX,ZooKeeper-ef3649f5,0,fd6c9356930644a490cc40db894fb294,org.apache.zookeeper.server.ZooKeeperServer,org.apache.zookeeper.server.ZooKeeperServer_ESTest$1,119,0,False
1851,NPEX,ZooKeeper-ef3649f5,0,a62def083a3a4990af6bf02ae5544815,org.apache.zookeeper.server.ZooKeeperServer,org.apache.zookeeper.server.ZooKeeperServer_ESTest,101,0,False
1852,NPEX,ZooKeeper-ef3649f5,0,a62def083a3a4990af6bf02ae5544815,org.apache.zookeeper.server.ZooKeeperServer,org.apache.zookeeper.server.ZooKeeperServer_ESTest$1,101,0,False
1853,NPEX,ZooKeeper-ef3649f5,0,a62def083a3a4990af6bf02ae5544815,org.apache.zookeeper.server.ZooKeeperServer,org.apache.zookeeper.server.ZooKeeperServer_ESTest$2,101,0,False
1854,NPEX,ZooKeeper-ef3649f5,0,8272059ba25f4c80b5406cb0391220ea,org.apache.zookeeper.server.ZooKeeperServer,org.apache.zookeeper.server.ZooKeeperServer_ESTest,60,0,False
1855,NPEX,ZooKeeper-ef3649f5,0,8272059ba25f4c80b5406cb0391220ea,org.apache.zookeeper.server.ZooKeeperServer,org.apache.zookeeper.server.ZooKeeperServer_ESTest$1,60,0,False
1856,NPEX,ZooKeeper-ef3649f5,0,8272059ba25f4c80b5406cb0391220ea,org.apache.zookeeper.server.ZooKeeperServer,org.apache.zookeeper.server.ZooKeeperServer_ESTest$6,60,0,False
1857,NPEX,ZooKeeper-ef3649f5,0,8272059ba25f4c80b5406cb0391220ea,org.apache.zookeeper.server.ZooKeeperServer,org.apache.zookeeper.server.ZooKeeperServer_ESTest$5,60,0,False
1858,NPEX,ZooKeeper-ef3649f5,0,8272059ba25f4c80b5406cb0391220ea,org.apache.zookeeper.server.ZooKeeperServer,org.apache.zookeeper.server.ZooKeeperServer_ESTest$2,60,0,False
1859,NPEX,ZooKeeper-ef3649f5,0,8272059ba25f4c80b5406cb0391220ea,org.apache.zookeeper.server.ZooKeeperServer,org.apache.zookeeper.server.ZooKeeperServer_ESTest$4,60,0,False
1860,NPEX,ZooKeeper-ef3649f5,0,8272059ba25f4c80b5406cb0391220ea,org.apache.zookeeper.server.ZooKeeperServer,org.apache.zookeeper.server.ZooKeeperServer_ESTest$3,60,0,False
1861,NPEX,ZooKeeper-ef3649f5,0,acc73fe015e04749a881cc241653bd7d,org.apache.zookeeper.server.ZooKeeperServer,org.apache.zookeeper.server.ZooKeeperServer_ESTest,118,0,False
1862,NPEX,ZooKeeper-ef3649f5,0,acc73fe015e04749a881cc241653bd7d,org.apache.zookeeper.server.ZooKeeperServer,org.apache.zookeeper.server.ZooKeeperServer_ESTest$1,118,0,False
1863,NPEX,ZooKeeper-ef3649f5,0,acc73fe015e04749a881cc241653bd7d,org.apache.zookeeper.server.ZooKeeperServer,org.apache.zookeeper.server.ZooKeeperServer_ESTest$2,118,0,False
1864,NPEX,ZooKeeper-ef3649f5,0,bd72d29f13ed47f1a5a463d890172a10,org.apache.zookeeper.server.ZooKeeperServer,org.apache.zookeeper.server.ZooKeeperServer_ESTest,102,0,False
1865,NPEX,ZooKeeper-ef3649f5,0,bd72d29f13ed47f1a5a463d890172a10,org.apache.zookeeper.server.ZooKeeperServer,org.apache.zookeeper.server.ZooKeeperServer_ESTest$1,102,0,False
1866,NPEX,ZooKeeper-ef3649f5,0,bd72d29f13ed47f1a5a463d890172a10,org.apache.zookeeper.server.ZooKeeperServer,org.apache.zookeeper.server.ZooKeeperServer_ESTest$2,102,0,False
1867,NPEX,ZooKeeper-ef3649f5,0,f62493d9ae5b4cf3ba6c2d2917943c16,org.apache.zookeeper.server.ZooKeeperServer,org.apache.zookeeper.server.ZooKeeperServer_ESTest,114,0,False
1868,NPEX,ZooKeeper-ef3649f5,0,f62493d9ae5b4cf3ba6c2d2917943c16,org.apache.zookeeper.server.ZooKeeperServer,org.apache.zookeeper.server.ZooKeeperServer_ESTest$1,114,0,False
1869,NPEX,ZooKeeper-ef3649f5,0,f62493d9ae5b4cf3ba6c2d2917943c16,org.apache.zookeeper.server.ZooKeeperServer,org.apache.zookeeper.server.ZooKeeperServer_ESTest$2,114,0,False
1870,NPEX,ZooKeeper-ef3649f5,0,60210fcdbc03486dbde2d650b7cb984d,org.apache.zookeeper.server.ZooKeeperServer,org.apache.zookeeper.server.ZooKeeperServer_ESTest,102,0,False
1871,NPEX,ZooKeeper-ef3649f5,0,60210fcdbc03486dbde2d650b7cb984d,org.apache.zookeeper.server.ZooKeeperServer,org.apache.zookeeper.server.ZooKeeperServer_ESTest$1,102,0,False
1872,NPEX,ZooKeeper-ef3649f5,0,d0f7f68ace09466c89c23240f97b3f69,org.apache.zookeeper.server.ZooKeeperServer,org.apache.zookeeper.server.ZooKeeperServer_ESTest,105,0,True
1873,NPEX,ZooKeeper-ef3649f5,0,8a7a40d49a5c4d758f0261d85cda6ebb,org.apache.zookeeper.server.ZooKeeperServer,org.apache.zookeeper.server.ZooKeeperServer_ESTest,66,0,False
1874,NPEX,ZooKeeper-ef3649f5,0,8a7a40d49a5c4d758f0261d85cda6ebb,org.apache.zookeeper.server.ZooKeeperServer,org.apache.zookeeper.server.ZooKeeperServer_ESTest$1,66,0,False
1875,NPEX,ZooKeeper-ef3649f5,0,8a7a40d49a5c4d758f0261d85cda6ebb,org.apache.zookeeper.server.ZooKeeperServer,org.apache.zookeeper.server.ZooKeeperServer_ESTest$6,66,0,False
1876,NPEX,ZooKeeper-ef3649f5,0,8a7a40d49a5c4d758f0261d85cda6ebb,org.apache.zookeeper.server.ZooKeeperServer,org.apache.zookeeper.server.ZooKeeperServer_ESTest$5,66,0,False
1877,NPEX,ZooKeeper-ef3649f5,0,8a7a40d49a5c4d758f0261d85cda6ebb,org.apache.zookeeper.server.ZooKeeperServer,org.apache.zookeeper.server.ZooKeeperServer_ESTest$9,66,0,False
1878,NPEX,ZooKeeper-ef3649f5,0,8a7a40d49a5c4d758f0261d85cda6ebb,org.apache.zookeeper.server.ZooKeeperServer,org.apache.zookeeper.server.ZooKeeperServer_ESTest$2,66,0,False
1879,NPEX,ZooKeeper-ef3649f5,0,8a7a40d49a5c4d758f0261d85cda6ebb,org.apache.zookeeper.server.ZooKeeperServer,org.apache.zookeeper.server.ZooKeeperServer_ESTest$7,66,0,False
1880,NPEX,ZooKeeper-ef3649f5,0,8a7a40d49a5c4d758f0261d85cda6ebb,org.apache.zookeeper.server.ZooKeeperServer,org.apache.zookeeper.server.ZooKeeperServer_ESTest$4,66,0,False
1881,NPEX,ZooKeeper-ef3649f5,0,8a7a40d49a5c4d758f0261d85cda6ebb,org.apache.zookeeper.server.ZooKeeperServer,org.apache.zookeeper.server.ZooKeeperServer_ESTest$8,66,0,False
1882,NPEX,ZooKeeper-ef3649f5,0,8a7a40d49a5c4d758f0261d85cda6ebb,org.apache.zookeeper.server.ZooKeeperServer,org.apache.zookeeper.server.ZooKeeperServer_ESTest$3,66,0,False
1883,NPEX,ZooKeeper-ef3649f5,0,8c753846a0094312a0fc3841a88a6d23,org.apache.zookeeper.server.ZooKeeperServer,org.apache.zookeeper.server.ZooKeeperServer_ESTest,115,0,False
1884,NPEX,ZooKeeper-ef3649f5,0,8c753846a0094312a0fc3841a88a6d23,org.apache.zookeeper.server.ZooKeeperServer,org.apache.zookeeper.server.ZooKeeperServer_ESTest$1,115,0,False
1885,NPEX,ZooKeeper-ef3649f5,0,8c753846a0094312a0fc3841a88a6d23,org.apache.zookeeper.server.ZooKeeperServer,org.apache.zookeeper.server.ZooKeeperServer_ESTest$2,115,0,False
1886,NPEX,ZooKeeper-ef3649f5,0,9467069fd936453b95b4246526da8125,org.apache.zookeeper.server.ZooKeeperServer,org.apache.zookeeper.server.ZooKeeperServer_ESTest,116,0,False
1887,NPEX,ZooKeeper-ef3649f5,0,9467069fd936453b95b4246526da8125,org.apache.zookeeper.server.ZooKeeperServer,org.apache.zookeeper.server.ZooKeeperServer_ESTest$1,116,0,False
1888,NPEX,ZooKeeper-ef3649f5,0,5f412aed55054e6cb0fd9c8f36f05e21,org.apache.zookeeper.server.ZooKeeperServer,org.apache.zookeeper.server.ZooKeeperServer_ESTest,120,0,False
1889,NPEX,ZooKeeper-ef3649f5,0,5f412aed55054e6cb0fd9c8f36f05e21,org.apache.zookeeper.server.ZooKeeperServer,org.apache.zookeeper.server.ZooKeeperServer_ESTest$1,120,0,False
1890,NPEX,ZooKeeper-ef3649f5,0,5f412aed55054e6cb0fd9c8f36f05e21,org.apache.zookeeper.server.ZooKeeperServer,org.apache.zookeeper.server.ZooKeeperServer_ESTest$2,120,0,False
1891,NPEX,ZooKeeper-ef3649f5,0,740d47412019468f8f18820548c10b47,org.apache.zookeeper.server.ZooKeeperServer,org.apache.zookeeper.server.ZooKeeperServer_ESTest,111,0,False
1892,NPEX,ZooKeeper-ef3649f5,0,740d47412019468f8f18820548c10b47,org.apache.zookeeper.server.ZooKeeperServer,org.apache.zookeeper.server.ZooKeeperServer_ESTest$1,111,0,False
1893,NPEX,ZooKeeper-ef3649f5,0,f5ae273d7e5443f793523519668a3324,org.apache.zookeeper.server.ZooKeeperServer,org.apache.zookeeper.server.ZooKeeperServer_ESTest,103,0,False
1894,NPEX,ZooKeeper-ef3649f5,0,f5ae273d7e5443f793523519668a3324,org.apache.zookeeper.server.ZooKeeperServer,org.apache.zookeeper.server.ZooKeeperServer_ESTest$1,103,0,False
1895,NPEX,ZooKeeper-ef3649f5,0,49d9e7c38bf246e4a106061492fcb986,org.apache.zookeeper.server.ZooKeeperServer,org.apache.zookeeper.server.ZooKeeperServer_ESTest,113,0,False
1896,NPEX,ZooKeeper-ef3649f5,0,49d9e7c38bf246e4a106061492fcb986,org.apache.zookeeper.server.ZooKeeperServer,org.apache.zookeeper.server.ZooKeeperServer_ESTest$1,113,0,False
1897,NPEX,ZooKeeper-ef3649f5,0,49d9e7c38bf246e4a106061492fcb986,org.apache.zookeeper.server.ZooKeeperServer,org.apache.zookeeper.server.ZooKeeperServer_ESTest$2,113,0,False
1898,NPEX,ZooKeeper-ef3649f5,0,ce63362d34cd4473bc28b2c5c387e3f4,org.apache.zookeeper.server.ZooKeeperServer,org.apache.zookeeper.server.ZooKeeperServer_ESTest,118,0,False
1899,NPEX,ZooKeeper-ef3649f5,0,ce63362d34cd4473bc28b2c5c387e3f4,org.apache.zookeeper.server.ZooKeeperServer,org.apache.zookeeper.server.ZooKeeperServer_ESTest$1,118,0,False
1900,NPEX,ZooKeeper-ef3649f5,0,347bf3aa8a8243289d5aac5cdab57bc9,org.apache.zookeeper.server.ZooKeeperServer,org.apache.zookeeper.server.ZooKeeperServer_ESTest,110,0,False
1901,NPEX,ZooKeeper-ef3649f5,0,347bf3aa8a8243289d5aac5cdab57bc9,org.apache.zookeeper.server.ZooKeeperServer,org.apache.zookeeper.server.ZooKeeperServer_ESTest$1,110,0,False
1902,NPEX,ZooKeeper-ef3649f5,0,347bf3aa8a8243289d5aac5cdab57bc9,org.apache.zookeeper.server.ZooKeeperServer,org.apache.zookeeper.server.ZooKeeperServer_ESTest$2,110,0,False
1903,NPEX,Log4j_2-5b7b75d5,0,17ea9ef9575846e99c50fd525189808a,org.apache.logging.log4j.core.config.composite.DefaultMergeStrategy,org.apache.logging.log4j.core.config.composite.DefaultMergeStrategy_ESTest,2,0,False
1904,NPEX,Log4j_2-5b7b75d5,0,44bd70ab16204aaaa16ac9aaf587c246,org.apache.logging.log4j.core.config.composite.DefaultMergeStrategy,org.apache.logging.log4j.core.config.composite.DefaultMergeStrategy_ESTest,2,0,False
1905,NPEX,Log4j_2-5b7b75d5,0,14a5a581aba64715b5925aeb1dcca839,org.apache.logging.log4j.core.config.composite.DefaultMergeStrategy,org.apache.logging.log4j.core.config.composite.DefaultMergeStrategy_ESTest,2,0,False
1906,NPEX,Log4j_2-5b7b75d5,0,a5792f472def41abbfd6faae4c20fd08,org.apache.logging.log4j.core.config.composite.DefaultMergeStrategy,org.apache.logging.log4j.core.config.composite.DefaultMergeStrategy_ESTest,2,0,False
1907,NPEX,Log4j_2-5b7b75d5,0,20a53c79a6ba425abff1dc311b3bb50f,org.apache.logging.log4j.core.config.composite.DefaultMergeStrategy,org.apache.logging.log4j.core.config.composite.DefaultMergeStrategy_ESTest,2,0,False
1908,NPEX,Log4j_2-5b7b75d5,0,41c1868863074ee18ddb44dd98f33da6,org.apache.logging.log4j.core.config.composite.DefaultMergeStrategy,org.apache.logging.log4j.core.config.composite.DefaultMergeStrategy_ESTest,2,0,False
1909,NPEX,Log4j_2-5b7b75d5,0,5dfe829a81c64d6dbca873a99c58f085,org.apache.logging.log4j.core.config.composite.DefaultMergeStrategy,org.apache.logging.log4j.core.config.composite.DefaultMergeStrategy_ESTest,2,0,False
1910,NPEX,Log4j_2-5b7b75d5,0,c6a4b9f307ba46b9908e977b159b66df,org.apache.logging.log4j.core.config.composite.DefaultMergeStrategy,org.apache.logging.log4j.core.config.composite.DefaultMergeStrategy_ESTest,2,0,False
1911,NPEX,Log4j_2-5b7b75d5,0,306313872bdb4a8eb78bf783d2fc3966,org.apache.logging.log4j.core.config.composite.DefaultMergeStrategy,org.apache.logging.log4j.core.config.composite.DefaultMergeStrategy_ESTest,2,0,False
1912,NPEX,Log4j_2-5b7b75d5,0,dc4b566320a649ff8bc51bb4e6427099,org.apache.logging.log4j.core.config.composite.DefaultMergeStrategy,org.apache.logging.log4j.core.config.composite.DefaultMergeStrategy_ESTest,2,0,False
1913,NPEX,Log4j_2-5b7b75d5,0,77a887d77f3e4d04bd65fb6882467001,org.apache.logging.log4j.core.config.composite.DefaultMergeStrategy,org.apache.logging.log4j.core.config.composite.DefaultMergeStrategy_ESTest,2,0,False
1914,NPEX,Log4j_2-5b7b75d5,0,6506fd7e553a4e7080b85a02785f33f6,org.apache.logging.log4j.core.config.composite.DefaultMergeStrategy,org.apache.logging.log4j.core.config.composite.DefaultMergeStrategy_ESTest,2,0,False
1915,NPEX,Log4j_2-5b7b75d5,0,b32a325eda5f42dc8925319c561534d1,org.apache.logging.log4j.core.config.composite.DefaultMergeStrategy,org.apache.logging.log4j.core.config.composite.DefaultMergeStrategy_ESTest,2,0,False
1916,NPEX,Log4j_2-5b7b75d5,0,8d44b8996dce40dca46f8358c5655330,org.apache.logging.log4j.core.config.composite.DefaultMergeStrategy,org.apache.logging.log4j.core.config.composite.DefaultMergeStrategy_ESTest,2,0,False
1917,NPEX,Log4j_2-5b7b75d5,0,c00dfd7e479243de928665448877f647,org.apache.logging.log4j.core.config.composite.DefaultMergeStrategy,org.apache.logging.log4j.core.config.composite.DefaultMergeStrategy_ESTest,2,0,False
1918,NPEX,Log4j_2-5b7b75d5,0,60c832611cce49a3a247579e3259d006,org.apache.logging.log4j.core.config.composite.DefaultMergeStrategy,org.apache.logging.log4j.core.config.composite.DefaultMergeStrategy_ESTest,2,0,False
1919,NPEX,Log4j_2-5b7b75d5,0,c07705b23b6c4cbcb41281d06a4886c0,org.apache.logging.log4j.core.config.composite.DefaultMergeStrategy,org.apache.logging.log4j.core.config.composite.DefaultMergeStrategy_ESTest,2,0,False
1920,NPEX,Log4j_2-5b7b75d5,0,026ed264bdcd4f9d923aacdb4cad43bb,org.apache.logging.log4j.core.config.composite.DefaultMergeStrategy,org.apache.logging.log4j.core.config.composite.DefaultMergeStrategy_ESTest,2,0,False
1921,NPEX,Log4j_2-5b7b75d5,0,6456eed70d674e0babb3512268490143,org.apache.logging.log4j.core.config.composite.DefaultMergeStrategy,org.apache.logging.log4j.core.config.composite.DefaultMergeStrategy_ESTest,2,0,False
1922,NPEX,Log4j_2-5b7b75d5,0,9ed2c8e6f91249109cb75700206348e9,org.apache.logging.log4j.core.config.composite.DefaultMergeStrategy,org.apache.logging.log4j.core.config.composite.DefaultMergeStrategy_ESTest,2,0,False
1923,NPEX,Log4j_2-5b7b75d5,0,1878accde9ce43dfab73563fd7271b4b,org.apache.logging.log4j.core.config.composite.DefaultMergeStrategy,org.apache.logging.log4j.core.config.composite.DefaultMergeStrategy_ESTest,2,0,False
1924,NPEX,Karaf-b92dd7e4,0,97eee9d7b31044d48171878539c9440c,org.apache.karaf.shell.impl.console.commands.help.wikidoc.WikiParser,org.apache.karaf.shell.impl.console.commands.help.wikidoc.WikiParser_ESTest,13,0,False
1925,NPEX,Karaf-b92dd7e4,0,b8cf393d02da403993760ab6ab4ad338,org.apache.karaf.shell.impl.console.commands.help.wikidoc.WikiParser,org.apache.karaf.shell.impl.console.commands.help.wikidoc.WikiParser_ESTest,13,0,False
1926,NPEX,Karaf-b92dd7e4,0,5c19643784ba41adb10d5fb11dba1031,org.apache.karaf.shell.impl.console.commands.help.wikidoc.WikiParser,org.apache.karaf.shell.impl.console.commands.help.wikidoc.WikiParser_ESTest,13,0,False
1927,NPEX,Karaf-b92dd7e4,0,418468080a6349d68925e6df51ddbdd0,org.apache.karaf.shell.impl.console.commands.help.wikidoc.WikiParser,org.apache.karaf.shell.impl.console.commands.help.wikidoc.WikiParser_ESTest,14,0,False
1928,NPEX,Karaf-b92dd7e4,0,8e78a08583dc4c52940c1d85443f8498,org.apache.karaf.shell.impl.console.commands.help.wikidoc.WikiParser,org.apache.karaf.shell.impl.console.commands.help.wikidoc.WikiParser_ESTest,14,0,False
1929,NPEX,Karaf-b92dd7e4,0,8ffc5888da3a444cbfb5122895a257c6,org.apache.karaf.shell.impl.console.commands.help.wikidoc.WikiParser,org.apache.karaf.shell.impl.console.commands.help.wikidoc.WikiParser_ESTest,12,0,False
1930,NPEX,Karaf-b92dd7e4,0,9343d2f2a8f54823b86d0c642264dd8a,org.apache.karaf.shell.impl.console.commands.help.wikidoc.WikiParser,org.apache.karaf.shell.impl.console.commands.help.wikidoc.WikiParser_ESTest,10,0,False
1931,NPEX,Karaf-b92dd7e4,0,586513cae92c40979f42daf05e9bf910,org.apache.karaf.shell.impl.console.commands.help.wikidoc.WikiParser,org.apache.karaf.shell.impl.console.commands.help.wikidoc.WikiParser_ESTest,12,0,False
1932,NPEX,Karaf-b92dd7e4,0,17ff4cb22e5c4dd7aafcf29a8550eab9,org.apache.karaf.shell.impl.console.commands.help.wikidoc.WikiParser,org.apache.karaf.shell.impl.console.commands.help.wikidoc.WikiParser_ESTest,12,0,False
1933,NPEX,Karaf-b92dd7e4,0,b6dc5d65033a45ed9e667b0924c6af35,org.apache.karaf.shell.impl.console.commands.help.wikidoc.WikiParser,org.apache.karaf.shell.impl.console.commands.help.wikidoc.WikiParser_ESTest,12,0,False
1934,NPEX,Karaf-b92dd7e4,0,43db89a2292445029f784711188abc0b,org.apache.karaf.shell.impl.console.commands.help.wikidoc.WikiParser,org.apache.karaf.shell.impl.console.commands.help.wikidoc.WikiParser_ESTest,16,0,False
1935,NPEX,Karaf-b92dd7e4,0,e191ffae1d4e4389b5faac52afe30bbc,org.apache.karaf.shell.impl.console.commands.help.wikidoc.WikiParser,org.apache.karaf.shell.impl.console.commands.help.wikidoc.WikiParser_ESTest,15,0,False
1936,NPEX,Karaf-b92dd7e4,0,d01461d4ad2d45f19dee5035587fd78f,org.apache.karaf.shell.impl.console.commands.help.wikidoc.WikiParser,org.apache.karaf.shell.impl.console.commands.help.wikidoc.WikiParser_ESTest,14,0,False
1937,NPEX,Karaf-b92dd7e4,0,806d9098206b4af39eefe0ac635cc807,org.apache.karaf.shell.impl.console.commands.help.wikidoc.WikiParser,org.apache.karaf.shell.impl.console.commands.help.wikidoc.WikiParser_ESTest,14,0,False
1938,NPEX,Karaf-b92dd7e4,0,463c7716957e4eabaae24ff24b4760c0,org.apache.karaf.shell.impl.console.commands.help.wikidoc.WikiParser,org.apache.karaf.shell.impl.console.commands.help.wikidoc.WikiParser_ESTest,11,0,False
1939,NPEX,Karaf-b92dd7e4,0,e3e904e738df48dd88cf1e92920f1ffa,org.apache.karaf.shell.impl.console.commands.help.wikidoc.WikiParser,org.apache.karaf.shell.impl.console.commands.help.wikidoc.WikiParser_ESTest,12,0,False
1940,NPEX,Karaf-b92dd7e4,0,66922463ed8a4c3391b40efd537eb7d4,org.apache.karaf.shell.impl.console.commands.help.wikidoc.WikiParser,org.apache.karaf.shell.impl.console.commands.help.wikidoc.WikiParser_ESTest,14,0,False
1941,NPEX,Karaf-b92dd7e4,0,6dcae3d1e9b24a3eaa0540a49cdce330,org.apache.karaf.shell.impl.console.commands.help.wikidoc.WikiParser,org.apache.karaf.shell.impl.console.commands.help.wikidoc.WikiParser_ESTest,13,0,False
1942,NPEX,Karaf-b92dd7e4,0,bfa70da5f790419989c98f50e5f66dc5,org.apache.karaf.shell.impl.console.commands.help.wikidoc.WikiParser,org.apache.karaf.shell.impl.console.commands.help.wikidoc.WikiParser_ESTest,13,0,False
1943,NPEX,Karaf-b92dd7e4,0,d005649bec1e41ce8855ec3216487fa3,org.apache.karaf.shell.impl.console.commands.help.wikidoc.WikiParser,org.apache.karaf.shell.impl.console.commands.help.wikidoc.WikiParser_ESTest,14,0,False
1944,NPEX,Karaf-b92dd7e4,0,0b7440d3f7c94acf9dc61a11cc7a73dd,org.apache.karaf.shell.impl.console.commands.help.wikidoc.WikiParser,org.apache.karaf.shell.impl.console.commands.help.wikidoc.WikiParser_ESTest,12,0,False
1945,NPEX,Karaf-b92dd7e4,0,f52bd7f6953046418707aa809ab38091,org.apache.karaf.shell.impl.console.commands.help.wikidoc.WikiParser,org.apache.karaf.shell.impl.console.commands.help.wikidoc.WikiParser_ESTest,14,0,False
1946,NPEX,Karaf-b92dd7e4,0,c2ecc21239004894b9925d639c0c3120,org.apache.karaf.shell.impl.console.commands.help.wikidoc.WikiParser,org.apache.karaf.shell.impl.console.commands.help.wikidoc.WikiParser_ESTest,12,0,False
1947,NPEX,jsoup-b8411990,0,2fbce28014914da7a768f435c4d72c51,org.jsoup.internal.Normalizer,org.jsoup.internal.Normalizer_ESTest,5,0,False
1948,NPEX,jsoup-b8411990,0,e7a6650370d3462abab9002c6accef21,org.jsoup.internal.Normalizer,org.jsoup.internal.Normalizer_ESTest,5,0,False
1949,NPEX,jsoup-b8411990,0,03ee1fdbb4ca467f8fdb08929d7a748a,org.jsoup.internal.Normalizer,org.jsoup.internal.Normalizer_ESTest,5,0,False
1950,NPEX,jsoup-b8411990,0,b21947cdc6a440efb34e63303ea79f23,org.jsoup.internal.Normalizer,org.jsoup.internal.Normalizer_ESTest,5,0,False
1951,NPEX,jsoup-b8411990,0,61d3f0c48f2443aabfc9d4d2e57526bc,org.jsoup.internal.Normalizer,org.jsoup.internal.Normalizer_ESTest,5,0,False
1952,NPEX,jsoup-b8411990,0,65bf4f9e377a4534a7317b5ad5eac610,org.jsoup.internal.Normalizer,org.jsoup.internal.Normalizer_ESTest,5,0,False
1953,NPEX,jsoup-b8411990,0,f2d3e9dcf0bb4027ac5e451133cba342,org.jsoup.internal.Normalizer,org.jsoup.internal.Normalizer_ESTest,5,0,False
1954,NPEX,jsoup-b8411990,0,9ce1e38cc0e945e4a0cc054b7df9d33b,org.jsoup.internal.Normalizer,org.jsoup.internal.Normalizer_ESTest,5,0,False
1955,NPEX,jsoup-b8411990,0,052bf4acc730436ead43c5dc7645e22f,org.jsoup.internal.Normalizer,org.jsoup.internal.Normalizer_ESTest,5,0,False
1956,NPEX,jsoup-b8411990,0,2254e118ab7a433088aabf3236fad299,org.jsoup.internal.Normalizer,org.jsoup.internal.Normalizer_ESTest,5,0,False
1957,NPEX,jsoup-b8411990,0,5064fbcb2cf44fccb705e72a53c69018,org.jsoup.internal.Normalizer,org.jsoup.internal.Normalizer_ESTest,5,0,False
1958,NPEX,jsoup-b8411990,0,5333a2f636b243de8fe7260e6fdee003,org.jsoup.internal.Normalizer,org.jsoup.internal.Normalizer_ESTest,5,0,False
1959,NPEX,jsoup-b8411990,0,d5c652bf04114d1da3e694b79f2d2a55,org.jsoup.internal.Normalizer,org.jsoup.internal.Normalizer_ESTest,5,0,False
1960,NPEX,jsoup-b8411990,0,0cb96747d90944b5bd4e0c905aff9017,org.jsoup.internal.Normalizer,org.jsoup.internal.Normalizer_ESTest,5,0,False
1961,NPEX,jsoup-b8411990,0,afec73b1f21846debbff59818b661c49,org.jsoup.internal.Normalizer,org.jsoup.internal.Normalizer_ESTest,5,0,False
1962,NPEX,jsoup-b8411990,0,069d40245271438e844b9874771ff855,org.jsoup.internal.Normalizer,org.jsoup.internal.Normalizer_ESTest,5,0,False
1963,NPEX,jsoup-b8411990,0,2b90594d06664ad8ad7ba702ebe81923,org.jsoup.internal.Normalizer,org.jsoup.internal.Normalizer_ESTest,5,0,False
1964,NPEX,jsoup-b8411990,0,cb9985629d6e45aaa1507a59d0522e11,org.jsoup.internal.Normalizer,org.jsoup.internal.Normalizer_ESTest,5,0,False
1965,NPEX,jsoup-b8411990,0,70957db7e93c4efd9f012f68bcd2e2ae,org.jsoup.internal.Normalizer,org.jsoup.internal.Normalizer_ESTest,5,0,False
1966,NPEX,jsoup-b8411990,0,53625ed00eb744f28ada5378b668c490,org.jsoup.internal.Normalizer,org.jsoup.internal.Normalizer_ESTest,5,0,False
1967,NPEX,jsoup-b8411990,0,66333cf2d5034c0caeb18a048b9739aa,org.jsoup.internal.Normalizer,org.jsoup.internal.Normalizer_ESTest,5,0,False
1968,NPEX,jsoup-b8411990,0,17f0d69b202d46f6ad14df1561a37498,org.jsoup.internal.Normalizer,org.jsoup.internal.Normalizer_ESTest,5,0,False
1969,NPEX,jsoup-b8411990,0,1521a24463194ce4a0a3a3f8f81be5bd,org.jsoup.internal.Normalizer,org.jsoup.internal.Normalizer_ESTest,5,0,False
1970,NPEX,jsoup-b8411990,0,4b2aa3cf0d5d48b9803a1298cb62ae63,org.jsoup.internal.Normalizer,org.jsoup.internal.Normalizer_ESTest,5,0,False
1971,NPEX,jsoup-b8411990,0,55da2fddef454d3d9ee7019301a73d26,org.jsoup.internal.Normalizer,org.jsoup.internal.Normalizer_ESTest,5,0,False
1972,NPEX,jsoup-b8411990,0,29101b8e160a443184b9213c98276800,org.jsoup.internal.Normalizer,org.jsoup.internal.Normalizer_ESTest,5,0,False
1973,NPEX,jsoup-b8411990,0,318eada38b2445af8a5a34a248a43156,org.jsoup.internal.Normalizer,org.jsoup.internal.Normalizer_ESTest,5,0,False
1974,NPEX,jsoup-b8411990,0,bb6732cb2ca645d5b2e601164d320c95,org.jsoup.internal.Normalizer,org.jsoup.internal.Normalizer_ESTest,5,0,False
1975,NPEX,jsoup-b8411990,0,9a863e2780df46f2a938145b5e94692a,org.jsoup.internal.Normalizer,org.jsoup.internal.Normalizer_ESTest,5,0,False
1976,NPEX,jsoup-b8411990,0,603d638e400e49b78b3653f592d9e6d2,org.jsoup.internal.Normalizer,org.jsoup.internal.Normalizer_ESTest,5,0,False
1977,NPEX,Qpid_Proton__j-0c27d5ff,0,85c4b6e3b29148d9a7c519bcc934503f,org.apache.qpid.proton.engine.impl.TransportImpl,org.apache.qpid.proton.engine.impl.TransportImpl_ESTest,57,0,False
1978,NPEX,Qpid_Proton__j-0c27d5ff,0,dbdc210bfc514014a5436904ad5fcec6,org.apache.qpid.proton.engine.impl.TransportImpl,org.apache.qpid.proton.engine.impl.TransportImpl_ESTest,61,0,False
1979,NPEX,Qpid_Proton__j-0c27d5ff,0,c4d233b7d304459ca9495ba765d4ad4d,org.apache.qpid.proton.engine.impl.TransportImpl,org.apache.qpid.proton.engine.impl.TransportImpl_ESTest,66,0,False
1980,NPEX,Qpid_Proton__j-0c27d5ff,0,94096ad5aab24780a57ed3f45bb7905d,org.apache.qpid.proton.engine.impl.TransportImpl,org.apache.qpid.proton.engine.impl.TransportImpl_ESTest,60,0,False
1981,NPEX,Qpid_Proton__j-0c27d5ff,0,ad083f9dc5ca44afa90c90e67dac71fa,org.apache.qpid.proton.engine.impl.TransportImpl,org.apache.qpid.proton.engine.impl.TransportImpl_ESTest,61,0,False
1982,NPEX,Qpid_Proton__j-0c27d5ff,0,200a96e1bdf344fbb4a148f231effdf9,org.apache.qpid.proton.engine.impl.TransportImpl,org.apache.qpid.proton.engine.impl.TransportImpl_ESTest,54,0,False
1983,NPEX,Qpid_Proton__j-0c27d5ff,0,3ebd638433164474b7bf9410b868a945,org.apache.qpid.proton.engine.impl.TransportImpl,org.apache.qpid.proton.engine.impl.TransportImpl_ESTest,63,0,False
1984,NPEX,Qpid_Proton__j-0c27d5ff,0,5fa2844c91094a2ebecf131f60894b6f,org.apache.qpid.proton.engine.impl.TransportImpl,org.apache.qpid.proton.engine.impl.TransportImpl_ESTest,60,0,False
1985,NPEX,Qpid_Proton__j-0c27d5ff,0,cf8506ea9cb64494a795266db4113e70,org.apache.qpid.proton.engine.impl.TransportImpl,org.apache.qpid.proton.engine.impl.TransportImpl_ESTest,61,0,False
1986,NPEX,Qpid_Proton__j-0c27d5ff,0,c84cb740e305445a9b4b72a7bfebca24,org.apache.qpid.proton.engine.impl.TransportImpl,org.apache.qpid.proton.engine.impl.TransportImpl_ESTest,59,0,False
1987,NPEX,Qpid_Proton__j-0c27d5ff,0,4e4c23ff94dc4006bff09b399ff869cc,org.apache.qpid.proton.engine.impl.TransportImpl,org.apache.qpid.proton.engine.impl.TransportImpl_ESTest,61,0,False
1988,NPEX,Qpid_Proton__j-0c27d5ff,0,1c8f8602f466479eb573680c1896ada3,org.apache.qpid.proton.engine.impl.TransportImpl,org.apache.qpid.proton.engine.impl.TransportImpl_ESTest,56,0,False
1989,NPEX,Qpid_Proton__j-0c27d5ff,0,1872e340bbb24e0e82f63f7ec857cdf2,org.apache.qpid.proton.engine.impl.TransportImpl,org.apache.qpid.proton.engine.impl.TransportImpl_ESTest,60,0,False
1990,NPEX,Qpid_Proton__j-0c27d5ff,0,bbbadce872a94ab698ab89567a4aff5b,org.apache.qpid.proton.engine.impl.TransportImpl,org.apache.qpid.proton.engine.impl.TransportImpl_ESTest,55,0,False
1991,NPEX,Qpid_Proton__j-0c27d5ff,0,17689ba2091f4a53a8877bfa00d0fe8e,org.apache.qpid.proton.engine.impl.TransportImpl,org.apache.qpid.proton.engine.impl.TransportImpl_ESTest,57,0,False
1992,NPEX,Qpid_Proton__j-0c27d5ff,0,a5b52141047c4826b954235294eb31c6,org.apache.qpid.proton.engine.impl.TransportImpl,org.apache.qpid.proton.engine.impl.TransportImpl_ESTest,59,0,False
1993,NPEX,Qpid_Proton__j-0c27d5ff,0,144de0ac5147484ead5bd7eab96df027,org.apache.qpid.proton.engine.impl.TransportImpl,org.apache.qpid.proton.engine.impl.TransportImpl_ESTest,57,0,False
1994,NPEX,Qpid_Proton__j-0c27d5ff,0,9d3949a246ee49d997d1dddf2a93e996,org.apache.qpid.proton.engine.impl.TransportImpl,org.apache.qpid.proton.engine.impl.TransportImpl_ESTest,64,0,False
1995,NPEX,Qpid_Proton__j-0c27d5ff,0,7e4fa1b3a60843049691f2e6a8308509,org.apache.qpid.proton.engine.impl.TransportImpl,org.apache.qpid.proton.engine.impl.TransportImpl_ESTest,59,0,False
1996,NPEX,Qpid_Proton__j-0c27d5ff,0,4170cb26424c4664af6dc6e4b939638b,org.apache.qpid.proton.engine.impl.TransportImpl,org.apache.qpid.proton.engine.impl.TransportImpl_ESTest,58,0,False
1997,NPEX,Qpid_Proton__j-0c27d5ff,0,9a10dc70609344df83a8d391369ad40c,org.apache.qpid.proton.engine.impl.TransportImpl,org.apache.qpid.proton.engine.impl.TransportImpl_ESTest,57,0,False
1998,NPEX,Qpid_Proton__j-0c27d5ff,0,75b05db5fb4f44b495f8cfb860f3f3aa,org.apache.qpid.proton.engine.impl.TransportImpl,org.apache.qpid.proton.engine.impl.TransportImpl_ESTest,64,0,False
1999,NPEX,Qpid_Proton__j-0c27d5ff,0,35a003f61bc446dba5e12b3f8c77d506,org.apache.qpid.proton.engine.impl.TransportImpl,org.apache.qpid.proton.engine.impl.TransportImpl_ESTest,57,0,False
2000,NPEX,Commons_Pool-11521c1f,0,abe5bf2f9bb64e27b8bfc1372964344f,org.apache.commons.pool2.impl.GenericKeyedObjectPool,org.apache.commons.pool2.impl.GenericKeyedObjectPool_ESTest,0,0,False
2001,NPEX,Commons_Pool-11521c1f,0,cc800304754940fe881b1d88e443fe0b,org.apache.commons.pool2.impl.GenericKeyedObjectPool,org.apache.commons.pool2.impl.GenericKeyedObjectPool_ESTest,0,0,False
2002,NPEX,Commons_Pool-11521c1f,0,0f04e59813a74e8384228174e350e1cc,org.apache.commons.pool2.impl.GenericKeyedObjectPool,org.apache.commons.pool2.impl.GenericKeyedObjectPool_ESTest,0,0,False
2003,NPEX,Commons_Pool-11521c1f,0,2d1b01c4f8a2440eb33ac215840a8254,org.apache.commons.pool2.impl.GenericKeyedObjectPool,org.apache.commons.pool2.impl.GenericKeyedObjectPool_ESTest,0,0,False
2004,NPEX,Commons_Pool-11521c1f,0,d326eee31e91460c9117a6ebd2236e05,org.apache.commons.pool2.impl.GenericKeyedObjectPool,org.apache.commons.pool2.impl.GenericKeyedObjectPool_ESTest,0,0,False
2005,NPEX,Commons_Pool-11521c1f,0,dce9d63277ac4e15b57c284e90493915,org.apache.commons.pool2.impl.GenericKeyedObjectPool,org.apache.commons.pool2.impl.GenericKeyedObjectPool_ESTest,0,0,False
2006,NPEX,Commons_Pool-11521c1f,0,872fdae8c3ff43de9ef34c26305f14a5,org.apache.commons.pool2.impl.GenericKeyedObjectPool,org.apache.commons.pool2.impl.GenericKeyedObjectPool_ESTest,0,0,False
2007,NPEX,Commons_Pool-11521c1f,0,39ae8f20b94c41ec8c056e3894eb0746,org.apache.commons.pool2.impl.GenericKeyedObjectPool,org.apache.commons.pool2.impl.GenericKeyedObjectPool_ESTest,0,0,False
2008,NPEX,Commons_Pool-11521c1f,0,160fef05ae46428d9ffcb1b27223f4e5,org.apache.commons.pool2.impl.GenericKeyedObjectPool,org.apache.commons.pool2.impl.GenericKeyedObjectPool_ESTest,0,0,False
2009,NPEX,Commons_Pool-11521c1f,0,31e22b09ffeb4a84bcdff6ccf3690949,org.apache.commons.pool2.impl.GenericKeyedObjectPool,org.apache.commons.pool2.impl.GenericKeyedObjectPool_ESTest,0,0,False
2010,NPEX,Commons_Pool-11521c1f,0,a49f1ce548994bd0a96365f4eb9c32bc,org.apache.commons.pool2.impl.GenericKeyedObjectPool,org.apache.commons.pool2.impl.GenericKeyedObjectPool_ESTest,0,0,False
2011,NPEX,Commons_Pool-11521c1f,0,89fe9183b1174ca2a98b25e11d4a5f08,org.apache.commons.pool2.impl.GenericKeyedObjectPool,org.apache.commons.pool2.impl.GenericKeyedObjectPool_ESTest,0,0,False
2012,NPEX,Commons_Pool-11521c1f,0,7398a464dd094d0b844d5c65947c4fdd,org.apache.commons.pool2.impl.GenericKeyedObjectPool,org.apache.commons.pool2.impl.GenericKeyedObjectPool_ESTest,0,0,False
2013,NPEX,Commons_Pool-11521c1f,0,54116b66b6f64de19b340240309059f1,org.apache.commons.pool2.impl.GenericKeyedObjectPool,org.apache.commons.pool2.impl.GenericKeyedObjectPool_ESTest,0,0,False
2014,NPEX,Commons_Pool-11521c1f,0,121b522e10564ace82ae6978300628ba,org.apache.commons.pool2.impl.GenericKeyedObjectPool,org.apache.commons.pool2.impl.GenericKeyedObjectPool_ESTest,0,0,False
2015,NPEX,Commons_Pool-11521c1f,0,b7b8aca496854996850b47b96a71c456,org.apache.commons.pool2.impl.GenericKeyedObjectPool,org.apache.commons.pool2.impl.GenericKeyedObjectPool_ESTest,0,0,False
2016,NPEX,Commons_Pool-11521c1f,0,5d2424d3d9484311966a6c1b4d6bd5ae,org.apache.commons.pool2.impl.GenericKeyedObjectPool,org.apache.commons.pool2.impl.GenericKeyedObjectPool_ESTest,0,0,False
2017,NPEX,Commons_Pool-11521c1f,0,3bbac06681fc4274af6fbbc97938b6b8,org.apache.commons.pool2.impl.GenericKeyedObjectPool,org.apache.commons.pool2.impl.GenericKeyedObjectPool_ESTest,0,0,False
2018,NPEX,Commons_Pool-11521c1f,0,41cdbd482245402da77a5858d4edbebd,org.apache.commons.pool2.impl.GenericKeyedObjectPool,org.apache.commons.pool2.impl.GenericKeyedObjectPool_ESTest,0,0,False
2019,NPEX,Commons_Pool-11521c1f,0,ea05521a7a07488d841d90d7ab91ccbc,org.apache.commons.pool2.impl.GenericKeyedObjectPool,org.apache.commons.pool2.impl.GenericKeyedObjectPool_ESTest,0,0,False
2020,NPEX,Commons_Pool-11521c1f,0,0769a512eb6a4bd9a964632460587831,org.apache.commons.pool2.impl.GenericKeyedObjectPool,org.apache.commons.pool2.impl.GenericKeyedObjectPool_ESTest,0,0,False
2021,NPEX,Commons_Pool-11521c1f,0,a2e740c825b54ace87db18aff50a3a7e,org.apache.commons.pool2.impl.GenericKeyedObjectPool,org.apache.commons.pool2.impl.GenericKeyedObjectPool_ESTest,0,0,False
2022,NPEX,Commons_Pool-11521c1f,0,4faa8ad703cc417689fe75d7ee0b6ea7,org.apache.commons.pool2.impl.GenericKeyedObjectPool,org.apache.commons.pool2.impl.GenericKeyedObjectPool_ESTest,0,0,False
2023,NPEX,Commons_Pool-11521c1f,0,d0e135b4fdca48e8a2e92f877333b1a8,org.apache.commons.pool2.impl.GenericKeyedObjectPool,org.apache.commons.pool2.impl.GenericKeyedObjectPool_ESTest,0,0,False
2024,NPEX,Commons_Pool-11521c1f,0,deb23f15f8bc4dbd899f0c951f938e2f,org.apache.commons.pool2.impl.GenericKeyedObjectPool,org.apache.commons.pool2.impl.GenericKeyedObjectPool_ESTest,0,0,False
2025,NPEX,Commons_Pool-11521c1f,0,dcc9e1386e294a66ae072e85ae4c3b77,org.apache.commons.pool2.impl.GenericKeyedObjectPool,org.apache.commons.pool2.impl.GenericKeyedObjectPool_ESTest,0,0,False
2026,NPEX,Commons_Pool-11521c1f,0,3ac8c1a7691b4bdcb879d42206bccd97,org.apache.commons.pool2.impl.GenericKeyedObjectPool,org.apache.commons.pool2.impl.GenericKeyedObjectPool_ESTest,0,0,False
2027,NPEX,Commons_Pool-11521c1f,0,8b3aaa002e0a435ead1759c18ec8b391,org.apache.commons.pool2.impl.GenericKeyedObjectPool,org.apache.commons.pool2.impl.GenericKeyedObjectPool_ESTest,0,0,False
2028,NPEX,Commons_Pool-11521c1f,0,b7180799cb07471f91b854cd71861f2c,org.apache.commons.pool2.impl.GenericKeyedObjectPool,org.apache.commons.pool2.impl.GenericKeyedObjectPool_ESTest,0,0,False
2029,NPEX,Commons_Pool-11521c1f,0,683079218469427896caf3b99e4194e5,org.apache.commons.pool2.impl.GenericKeyedObjectPool,org.apache.commons.pool2.impl.GenericKeyedObjectPool_ESTest,0,0,False
2030,NPEX,Log4j_2-7441d3c3,0,3e12a75f8899475fb32b4cd42fc14141,org.apache.logging.log4j.core.config.ConfigurationScheduler,org.apache.logging.log4j.core.config.ConfigurationScheduler_ESTest,13,0,False
2031,NPEX,Log4j_2-7441d3c3,0,15035c4c62ac46bbb7740e8dd99f2e15,org.apache.logging.log4j.core.config.ConfigurationScheduler,org.apache.logging.log4j.core.config.ConfigurationScheduler_ESTest,13,0,False
2032,NPEX,Log4j_2-7441d3c3,0,c7243500ac6b41d49dd184d1b4104148,org.apache.logging.log4j.core.config.ConfigurationScheduler,org.apache.logging.log4j.core.config.ConfigurationScheduler_ESTest,13,0,False
2033,NPEX,Log4j_2-7441d3c3,0,1835a68cab4e416990bcf864ae2627c7,org.apache.logging.log4j.core.config.ConfigurationScheduler,org.apache.logging.log4j.core.config.ConfigurationScheduler_ESTest,11,0,False
2034,NPEX,Log4j_2-7441d3c3,0,d00ae84c992a49daaa2601f9d7fdad22,org.apache.logging.log4j.core.config.ConfigurationScheduler,org.apache.logging.log4j.core.config.ConfigurationScheduler_ESTest,13,0,False
2035,NPEX,Log4j_2-7441d3c3,0,2ceb6e8bbb62476b80ea045f9c651903,org.apache.logging.log4j.core.config.ConfigurationScheduler,org.apache.logging.log4j.core.config.ConfigurationScheduler_ESTest,13,0,False
2036,NPEX,Log4j_2-7441d3c3,0,6667b61615554c2e976a7f9853a4bca1,org.apache.logging.log4j.core.config.ConfigurationScheduler,org.apache.logging.log4j.core.config.ConfigurationScheduler_ESTest,13,0,False
2037,NPEX,Log4j_2-7441d3c3,0,75fbc6755a904a1eb816c91e595f4bd8,org.apache.logging.log4j.core.config.ConfigurationScheduler,org.apache.logging.log4j.core.config.ConfigurationScheduler_ESTest,12,0,False
2038,NPEX,Log4j_2-7441d3c3,0,efa1feaa48d94988a82dc950e3f87195,org.apache.logging.log4j.core.config.ConfigurationScheduler,org.apache.logging.log4j.core.config.ConfigurationScheduler_ESTest,12,0,False
2039,NPEX,Log4j_2-7441d3c3,0,c141e1c41d7d47f8b6296c8ee800943e,org.apache.logging.log4j.core.config.ConfigurationScheduler,org.apache.logging.log4j.core.config.ConfigurationScheduler_ESTest,13,0,False
2040,NPEX,Log4j_2-7441d3c3,0,2287cff0cf24424d98b1d2b47693a393,org.apache.logging.log4j.core.config.ConfigurationScheduler,org.apache.logging.log4j.core.config.ConfigurationScheduler_ESTest,13,0,False
2041,NPEX,Log4j_2-7441d3c3,0,f22660f5ddaf4dc7b9d6476e5ebe48c3,org.apache.logging.log4j.core.config.ConfigurationScheduler,org.apache.logging.log4j.core.config.ConfigurationScheduler_ESTest,12,0,False
2042,NPEX,Log4j_2-7441d3c3,0,9ac8bd6872654bf58ad6f4a808adcd7b,org.apache.logging.log4j.core.config.ConfigurationScheduler,org.apache.logging.log4j.core.config.ConfigurationScheduler_ESTest,13,0,False
2043,NPEX,Log4j_2-7441d3c3,0,e1ba9d207c5b4b45ac8b3ad4397b1095,org.apache.logging.log4j.core.config.ConfigurationScheduler,org.apache.logging.log4j.core.config.ConfigurationScheduler_ESTest,13,0,False
2044,NPEX,Log4j_2-7441d3c3,0,5929e213c4c848b5894657be59593b33,org.apache.logging.log4j.core.config.ConfigurationScheduler,org.apache.logging.log4j.core.config.ConfigurationScheduler_ESTest,13,0,False
2045,NPEX,Log4j_2-7441d3c3,0,0933e7dc51b14541822a8478930fdf6b,org.apache.logging.log4j.core.config.ConfigurationScheduler,org.apache.logging.log4j.core.config.ConfigurationScheduler_ESTest,12,0,False
2046,NPEX,Log4j_2-7441d3c3,0,9442929a890341d5935ef6416f1a88cf,org.apache.logging.log4j.core.config.ConfigurationScheduler,org.apache.logging.log4j.core.config.ConfigurationScheduler_ESTest,12,0,False
2047,NPEX,Log4j_2-7441d3c3,0,fb911e08ce384d75b1c0dff1c07bea91,org.apache.logging.log4j.core.config.ConfigurationScheduler,org.apache.logging.log4j.core.config.ConfigurationScheduler_ESTest,13,0,False
2048,NPEX,Log4j_2-7441d3c3,0,6a2a93a7da574532b35f9199541571f8,org.apache.logging.log4j.core.config.ConfigurationScheduler,org.apache.logging.log4j.core.config.ConfigurationScheduler_ESTest,13,0,False
2049,NPEX,Log4j_2-7441d3c3,0,cbf14712a0864b21a3a3d63bf4adfa71,org.apache.logging.log4j.core.config.ConfigurationScheduler,org.apache.logging.log4j.core.config.ConfigurationScheduler_ESTest,11,0,False
2050,NPEX,Log4j_2-7441d3c3,0,5c3f520da96b4d6ba820e1fbdd23e75a,org.apache.logging.log4j.core.config.ConfigurationScheduler,org.apache.logging.log4j.core.config.ConfigurationScheduler_ESTest,12,0,False
2051,NPEX,Log4j_2-7441d3c3,0,4abba36e67304d8282d96d7c8686ee9d,org.apache.logging.log4j.core.config.ConfigurationScheduler,org.apache.logging.log4j.core.config.ConfigurationScheduler_ESTest,14,0,False
2052,NPEX,Log4j_2-7441d3c3,0,efa7cc8faf9e446ead1a8b53884fa82a,org.apache.logging.log4j.core.config.ConfigurationScheduler,org.apache.logging.log4j.core.config.ConfigurationScheduler_ESTest,12,0,False
2053,NPEX,Log4j_2-7441d3c3,0,61c52b3735c04280ac3084d7a4eac069,org.apache.logging.log4j.core.config.ConfigurationScheduler,org.apache.logging.log4j.core.config.ConfigurationScheduler_ESTest,13,0,False
2054,NPEX,Log4j_2-7441d3c3,0,6d1cc028db474d358388a9d3812e5cae,org.apache.logging.log4j.core.config.ConfigurationScheduler,org.apache.logging.log4j.core.config.ConfigurationScheduler_ESTest,13,0,False
2055,NPEX,Log4j_2-7441d3c3,0,6d148657fb8d439186d766aec4d019f0,org.apache.logging.log4j.core.config.ConfigurationScheduler,org.apache.logging.log4j.core.config.ConfigurationScheduler_ESTest,13,0,False
2056,NPEX,Log4j_2-7441d3c3,0,f09ab071aef5499c86f2dffee66eb8bc,org.apache.logging.log4j.core.config.ConfigurationScheduler,org.apache.logging.log4j.core.config.ConfigurationScheduler_ESTest,13,0,False
2057,NPEX,Log4j_2-7441d3c3,0,7e7bba88a3dd4c1ebb38c2a81c81d80b,org.apache.logging.log4j.core.config.ConfigurationScheduler,org.apache.logging.log4j.core.config.ConfigurationScheduler_ESTest,13,0,False
2058,NPEX,Log4j_2-7441d3c3,0,57e1c7acdee84aeb8f2daac0e31e328a,org.apache.logging.log4j.core.config.ConfigurationScheduler,org.apache.logging.log4j.core.config.ConfigurationScheduler_ESTest,13,0,False
2059,NPEX,Log4j_2-7441d3c3,0,c51e0b5e0e4b42bcbacb9a48a6b9ddf1,org.apache.logging.log4j.core.config.ConfigurationScheduler,org.apache.logging.log4j.core.config.ConfigurationScheduler_ESTest,13,0,False
2060,NPEX,Commons_BCEL-a46d927b,0,74796ad4f0fa479b969a52182deda26d,org.apache.bcel.generic.MethodGen,org.apache.bcel.generic.MethodGen_ESTest,42,0,False
2061,NPEX,Commons_BCEL-a46d927b,0,8daa6903291e413ebc607a87f05baa73,org.apache.bcel.generic.MethodGen,org.apache.bcel.generic.MethodGen_ESTest,31,0,False
2062,NPEX,Commons_BCEL-a46d927b,0,51a84f5471054c618cceeda65275f386,org.apache.bcel.generic.MethodGen,org.apache.bcel.generic.MethodGen_ESTest,25,0,False
2063,NPEX,Commons_BCEL-a46d927b,0,3092937fc1d24a0eb6418304dff21ec1,org.apache.bcel.generic.MethodGen,org.apache.bcel.generic.MethodGen_ESTest,40,0,False
2064,NPEX,Commons_BCEL-a46d927b,0,94473ceb73ac431aaca9ea8801e8b2c7,org.apache.bcel.generic.MethodGen,org.apache.bcel.generic.MethodGen_ESTest,21,0,False
2065,NPEX,Commons_BCEL-a46d927b,0,609f000d0fd44998b445c7a354035f91,org.apache.bcel.generic.MethodGen,org.apache.bcel.generic.MethodGen_ESTest,38,0,False
2066,NPEX,Commons_BCEL-a46d927b,0,987311900dc04153a1480fab1263d30e,org.apache.bcel.generic.MethodGen,org.apache.bcel.generic.MethodGen_ESTest,31,0,False
2067,NPEX,Commons_BCEL-a46d927b,0,c233a99dc9074eaebeb6d0273c55ad14,org.apache.bcel.generic.MethodGen,org.apache.bcel.generic.MethodGen_ESTest,33,0,False
2068,NPEX,Commons_BCEL-a46d927b,0,4f414ff34c6c4225a66d2aee4630414c,org.apache.bcel.generic.MethodGen,org.apache.bcel.generic.MethodGen_ESTest,28,0,False
2069,NPEX,Commons_BCEL-a46d927b,0,95f626b4eecb42279841a4284f210219,org.apache.bcel.generic.MethodGen,org.apache.bcel.generic.MethodGen_ESTest,37,0,False
2070,NPEX,Commons_BCEL-a46d927b,0,f24fb58b8cfc483d9755e3214ca2565f,org.apache.bcel.generic.MethodGen,org.apache.bcel.generic.MethodGen_ESTest,45,0,False
2071,NPEX,Commons_BCEL-a46d927b,0,da497f137c9043e49e977291229f4af4,org.apache.bcel.generic.MethodGen,org.apache.bcel.generic.MethodGen_ESTest,39,0,False
2072,NPEX,Commons_BCEL-a46d927b,0,82d0b125d5934398b8be32c5e449cb94,org.apache.bcel.generic.MethodGen,org.apache.bcel.generic.MethodGen_ESTest,26,0,False
2073,NPEX,Commons_BCEL-a46d927b,0,6eff3d8e951f4b12bfda5f61fe785cb0,org.apache.bcel.generic.MethodGen,org.apache.bcel.generic.MethodGen_ESTest,19,0,False
2074,NPEX,Commons_BCEL-a46d927b,0,28abd8fec69947b5bc48d2d571c9bd82,org.apache.bcel.generic.MethodGen,org.apache.bcel.generic.MethodGen_ESTest,24,0,False
2075,NPEX,Commons_BCEL-a46d927b,0,f5227d7d63ae48b5bd3ea48fe1a65153,org.apache.bcel.generic.MethodGen,org.apache.bcel.generic.MethodGen_ESTest,43,0,False
2076,NPEX,Commons_BCEL-a46d927b,0,a54f81f561b747c6a660529507e1ac4e,org.apache.bcel.generic.MethodGen,org.apache.bcel.generic.MethodGen_ESTest,38,0,False
2077,NPEX,Commons_BCEL-a46d927b,0,0d61145211bc4572a150f493db8ba09f,org.apache.bcel.generic.MethodGen,org.apache.bcel.generic.MethodGen_ESTest,25,0,False
2078,NPEX,Commons_BCEL-a46d927b,0,d117f5ea6d7243e5a65ebb1ab7eb44e9,org.apache.bcel.generic.MethodGen,org.apache.bcel.generic.MethodGen_ESTest,37,0,False
2079,NPEX,Commons_BCEL-a46d927b,0,8e65dcca6aec4e05b9a13a5fc7711a49,org.apache.bcel.generic.MethodGen,org.apache.bcel.generic.MethodGen_ESTest,32,0,False
2080,NPEX,Commons_BCEL-a46d927b,0,6b7f595852224a4e9c0c6a059686ca9d,org.apache.bcel.generic.MethodGen,org.apache.bcel.generic.MethodGen_ESTest,34,0,False
2081,NPEX,Commons_BCEL-a46d927b,0,1d323970c24e4626837b1a8e07ffb08c,org.apache.bcel.generic.MethodGen,org.apache.bcel.generic.MethodGen_ESTest,32,0,False
2082,NPEX,Commons_BCEL-a46d927b,0,f5d89ae6f0804186ab7580d1075687a6,org.apache.bcel.generic.MethodGen,org.apache.bcel.generic.MethodGen_ESTest,31,0,False
2083,NPEX,Commons_BCEL-a46d927b,0,0f688d3629644a24aaab67b414efeb35,org.apache.bcel.generic.MethodGen,org.apache.bcel.generic.MethodGen_ESTest,36,0,False
2084,NPEX,Commons_BCEL-a46d927b,0,dc9b37c076f5463d9657ecc69ddb8e43,org.apache.bcel.generic.MethodGen,org.apache.bcel.generic.MethodGen_ESTest,33,0,False
2085,NPEX,Commons_BCEL-a46d927b,0,e265eb03281d4f7e930c53b7a6b78549,org.apache.bcel.generic.MethodGen,org.apache.bcel.generic.MethodGen_ESTest,41,0,False
2086,NPEX,Commons_BCEL-a46d927b,0,796b0557686b4750bf9f5047c9df8d8e,org.apache.bcel.generic.MethodGen,org.apache.bcel.generic.MethodGen_ESTest,27,0,False
2087,NPEX,Commons_BCEL-a46d927b,0,2d115f5660c5499fa3ea74d72f1c0b63,org.apache.bcel.generic.MethodGen,org.apache.bcel.generic.MethodGen_ESTest,40,0,False
2088,NPEX,Commons_BCEL-a46d927b,0,de3b1739e99043938c994a688501c166,org.apache.bcel.generic.MethodGen,org.apache.bcel.generic.MethodGen_ESTest,28,0,False
2089,NPEX,Commons_BCEL-a46d927b,0,c3a267fb24004c288b704effaf5bb2ee,org.apache.bcel.generic.MethodGen,org.apache.bcel.generic.MethodGen_ESTest,26,0,False
2090,NPEX,Jest-f34fa45e,0,4af612dc73c644519e5972cc08c9666b,io.searchbox.client.config.discovery.NodeChecker,io.searchbox.client.config.discovery.NodeChecker_ESTest,0,0,False
2091,NPEX,Jest-f34fa45e,0,89a90f17817b490085974a693a38af68,io.searchbox.client.config.discovery.NodeChecker,io.searchbox.client.config.discovery.NodeChecker_ESTest,0,0,False
2092,NPEX,Jest-f34fa45e,0,cfd8f4e478de49b9b451a045623cff38,io.searchbox.client.config.discovery.NodeChecker,io.searchbox.client.config.discovery.NodeChecker_ESTest,0,0,False
2093,NPEX,Jest-f34fa45e,0,3032e464f3344b0b95a2a6c53c230baa,io.searchbox.client.config.discovery.NodeChecker,io.searchbox.client.config.discovery.NodeChecker_ESTest,0,0,False
2094,NPEX,Jest-f34fa45e,0,95bab98ce1194dbdac5c612529ca6c59,io.searchbox.client.config.discovery.NodeChecker,io.searchbox.client.config.discovery.NodeChecker_ESTest,0,0,False
2095,NPEX,Jest-f34fa45e,0,943f400afb0b4de8900015622741974b,io.searchbox.client.config.discovery.NodeChecker,io.searchbox.client.config.discovery.NodeChecker_ESTest,0,0,False
2096,NPEX,Jest-f34fa45e,0,f466be77bb57475cac1fcc1fc7e7d37b,io.searchbox.client.config.discovery.NodeChecker,io.searchbox.client.config.discovery.NodeChecker_ESTest,0,0,False
2097,NPEX,Jest-f34fa45e,0,9ef938da9712433e8b82383e6e77f7c6,io.searchbox.client.config.discovery.NodeChecker,io.searchbox.client.config.discovery.NodeChecker_ESTest,0,0,False
2098,NPEX,Jest-f34fa45e,0,57bff0282015490a9c47558a1bbf3642,io.searchbox.client.config.discovery.NodeChecker,io.searchbox.client.config.discovery.NodeChecker_ESTest,0,0,False
2099,NPEX,Jest-f34fa45e,0,efe241150f9c4b39a92c6b8571ee528a,io.searchbox.client.config.discovery.NodeChecker,io.searchbox.client.config.discovery.NodeChecker_ESTest,0,0,False
2100,NPEX,Jest-f34fa45e,0,cf89ce177dcd41c29d48bba2594e8abc,io.searchbox.client.config.discovery.NodeChecker,io.searchbox.client.config.discovery.NodeChecker_ESTest,0,0,False
2101,NPEX,Jest-f34fa45e,0,fa3f6b8492754b7a9f4065f27b437a7f,io.searchbox.client.config.discovery.NodeChecker,io.searchbox.client.config.discovery.NodeChecker_ESTest,0,0,False
2102,NPEX,Jest-f34fa45e,0,b754168b31f940dcadfc0131bb3634e3,io.searchbox.client.config.discovery.NodeChecker,io.searchbox.client.config.discovery.NodeChecker_ESTest,0,0,False
2103,NPEX,Jest-f34fa45e,0,2d3b323f43c94a398e16f9b5ff7730bc,io.searchbox.client.config.discovery.NodeChecker,io.searchbox.client.config.discovery.NodeChecker_ESTest,0,0,False
2104,NPEX,Jest-f34fa45e,0,a248fc8e248e4a67bdb69567045cddca,io.searchbox.client.config.discovery.NodeChecker,io.searchbox.client.config.discovery.NodeChecker_ESTest,0,0,False
2105,NPEX,Jest-f34fa45e,0,ceb23f33d31847afb6dec4d31222c870,io.searchbox.client.config.discovery.NodeChecker,io.searchbox.client.config.discovery.NodeChecker_ESTest,0,0,False
2106,NPEX,Jest-f34fa45e,0,676d7d6f66474b568655d3092515e410,io.searchbox.client.config.discovery.NodeChecker,io.searchbox.client.config.discovery.NodeChecker_ESTest,0,0,False
2107,NPEX,Jest-f34fa45e,0,0c04d1a18b3a44c9b7d4b4769eb33b24,io.searchbox.client.config.discovery.NodeChecker,io.searchbox.client.config.discovery.NodeChecker_ESTest,0,0,False
2108,NPEX,Jest-f34fa45e,0,eceafe8fa45a44358e8b4aa2f3ba55ad,io.searchbox.client.config.discovery.NodeChecker,io.searchbox.client.config.discovery.NodeChecker_ESTest,0,0,False
2109,NPEX,Jest-f34fa45e,0,c484cbc7398146d69aeb39d0757668f0,io.searchbox.client.config.discovery.NodeChecker,io.searchbox.client.config.discovery.NodeChecker_ESTest,0,0,False
2110,NPEX,Jest-f34fa45e,0,8394758d6fa0468aa4a8504474dad2f8,io.searchbox.client.config.discovery.NodeChecker,io.searchbox.client.config.discovery.NodeChecker_ESTest,0,0,False
2111,NPEX,Jest-f34fa45e,0,cb04ccdc5a6c4b0c82be4d6fc1dcfd41,io.searchbox.client.config.discovery.NodeChecker,io.searchbox.client.config.discovery.NodeChecker_ESTest,0,0,False
2112,NPEX,Jest-f34fa45e,0,1569efc9a0894667be5f8d24e8891db4,io.searchbox.client.config.discovery.NodeChecker,io.searchbox.client.config.discovery.NodeChecker_ESTest,0,0,False
2113,NPEX,Jest-f34fa45e,0,f61e21dd264d498bb6952008193f8f0e,io.searchbox.client.config.discovery.NodeChecker,io.searchbox.client.config.discovery.NodeChecker_ESTest,0,0,False
2114,NPEX,Jest-f34fa45e,0,7806c150e9394442aeb7868e3a35914f,io.searchbox.client.config.discovery.NodeChecker,io.searchbox.client.config.discovery.NodeChecker_ESTest,0,0,False
2115,NPEX,Jest-f34fa45e,0,5cd14279a4184f389b0756969daedce8,io.searchbox.client.config.discovery.NodeChecker,io.searchbox.client.config.discovery.NodeChecker_ESTest,0,0,False
2116,NPEX,Jest-f34fa45e,0,64e46909a75645898afcd55976658bce,io.searchbox.client.config.discovery.NodeChecker,io.searchbox.client.config.discovery.NodeChecker_ESTest,0,0,False
2117,NPEX,Jest-f34fa45e,0,1925beeb9f8446cf83dad73879288934,io.searchbox.client.config.discovery.NodeChecker,io.searchbox.client.config.discovery.NodeChecker_ESTest,0,0,False
2118,NPEX,Jest-f34fa45e,0,5d06c10828fc496e84f6dbdb227c66fd,io.searchbox.client.config.discovery.NodeChecker,io.searchbox.client.config.discovery.NodeChecker_ESTest,0,0,False
2119,NPEX,Jest-f34fa45e,0,8b23f9b03b1a4fc981e098a5afe9c282,io.searchbox.client.config.discovery.NodeChecker,io.searchbox.client.config.discovery.NodeChecker_ESTest,0,0,False
2120,NPEX,Qpid_Proton__j-02998b38,0,43cf732bbc5845a0b0d7a9f62b4c212a,org.apache.qpid.proton.codec.MapType,org.apache.qpid.proton.codec.MapType_ESTest,3,0,False
2121,NPEX,Qpid_Proton__j-02998b38,0,11be18ac79d643219ca3e4ada7af756d,org.apache.qpid.proton.codec.MapType,org.apache.qpid.proton.codec.MapType_ESTest,3,0,False
2122,NPEX,Qpid_Proton__j-02998b38,0,7a1214711494409ca82ee8ed9883320b,org.apache.qpid.proton.codec.MapType,org.apache.qpid.proton.codec.MapType_ESTest,3,0,False
2123,NPEX,Qpid_Proton__j-02998b38,0,268b411fb5b94535a41f41c409d42c04,org.apache.qpid.proton.codec.MapType,org.apache.qpid.proton.codec.MapType_ESTest,2,0,False
2124,NPEX,Qpid_Proton__j-02998b38,0,4a7504f85e844ec9be4620aa70288e28,org.apache.qpid.proton.codec.MapType,org.apache.qpid.proton.codec.MapType_ESTest,2,0,False
2125,NPEX,Qpid_Proton__j-02998b38,0,b00378163d064def8f938a94b1490222,org.apache.qpid.proton.codec.MapType,org.apache.qpid.proton.codec.MapType_ESTest,1,0,False
2126,NPEX,Qpid_Proton__j-02998b38,0,dcbcffdea0554829aea9e560cc47dbf8,org.apache.qpid.proton.codec.MapType,org.apache.qpid.proton.codec.MapType_ESTest,2,0,False
2127,NPEX,Qpid_Proton__j-02998b38,0,3e8042cbd290471cbaf6ba7d36429cce,org.apache.qpid.proton.codec.MapType,org.apache.qpid.proton.codec.MapType_ESTest,3,0,False
2128,NPEX,Qpid_Proton__j-02998b38,0,d354383ac03947f5b9f5d7fabcaaaea4,org.apache.qpid.proton.codec.MapType,org.apache.qpid.proton.codec.MapType_ESTest,3,0,False
2129,NPEX,Qpid_Proton__j-02998b38,0,2fde94ad24c748879e87426936a7e86c,org.apache.qpid.proton.codec.MapType,org.apache.qpid.proton.codec.MapType_ESTest,3,0,False
2130,NPEX,Qpid_Proton__j-02998b38,0,5d4e9cc35b8a423ea1d1704c0ad26797,org.apache.qpid.proton.codec.MapType,org.apache.qpid.proton.codec.MapType_ESTest,4,0,False
2131,NPEX,Qpid_Proton__j-02998b38,0,fe7aae896268409e84423ecb12723ff6,org.apache.qpid.proton.codec.MapType,org.apache.qpid.proton.codec.MapType_ESTest,3,0,False
2132,NPEX,Qpid_Proton__j-02998b38,0,75841ba0a0284cc4a86673e79788563b,org.apache.qpid.proton.codec.MapType,org.apache.qpid.proton.codec.MapType_ESTest,2,0,False
2133,NPEX,Qpid_Proton__j-02998b38,0,8a786e0f7f11473ba34e228f755d221e,org.apache.qpid.proton.codec.MapType,org.apache.qpid.proton.codec.MapType_ESTest,3,0,False
2134,NPEX,Qpid_Proton__j-02998b38,0,9de364bc06e644139174482175758b05,org.apache.qpid.proton.codec.MapType,org.apache.qpid.proton.codec.MapType_ESTest,3,0,False
2135,NPEX,Qpid_Proton__j-02998b38,0,b2d204f95eeb490994008f4cf9b35ddb,org.apache.qpid.proton.codec.MapType,org.apache.qpid.proton.codec.MapType_ESTest,2,0,False
2136,NPEX,Qpid_Proton__j-02998b38,0,51a555ca60e8495d88880cb107b8089b,org.apache.qpid.proton.codec.MapType,org.apache.qpid.proton.codec.MapType_ESTest,2,0,False
2137,NPEX,Qpid_Proton__j-02998b38,0,b7f3fc7ae84142f582ad8a840c5d1661,org.apache.qpid.proton.codec.MapType,org.apache.qpid.proton.codec.MapType_ESTest,2,0,False
2138,NPEX,Qpid_Proton__j-02998b38,0,7fb14c91e71f437797cb91c70a9a3029,org.apache.qpid.proton.codec.MapType,org.apache.qpid.proton.codec.MapType_ESTest,3,0,False
2139,NPEX,Qpid_Proton__j-02998b38,0,ffd1133992b24d208c8fd4157f8706b0,org.apache.qpid.proton.codec.MapType,org.apache.qpid.proton.codec.MapType_ESTest,3,0,False
2140,NPEX,Qpid_Proton__j-02998b38,0,aac2acb7f20b42efbe4eb9b699a3439e,org.apache.qpid.proton.codec.MapType,org.apache.qpid.proton.codec.MapType_ESTest,3,0,False
2141,NPEX,Qpid_Proton__j-02998b38,0,6e9f2a20cb574c7c88efb23aa79d984d,org.apache.qpid.proton.codec.MapType,org.apache.qpid.proton.codec.MapType_ESTest,1,0,False
2142,NPEX,Qpid_Proton__j-02998b38,0,acf0f9600d474258846a27e16cdb91f2,org.apache.qpid.proton.codec.MapType,org.apache.qpid.proton.codec.MapType_ESTest,2,0,False
2143,NPEX,Qpid_Proton__j-02998b38,0,f92c297e7a8d44fc8fc92b4471f7ecf1,org.apache.qpid.proton.codec.MapType,org.apache.qpid.proton.codec.MapType_ESTest,2,0,False
2144,NPEX,Qpid_Proton__j-02998b38,0,fda90b17d1914d869f363831d5b217a4,org.apache.qpid.proton.codec.MapType,org.apache.qpid.proton.codec.MapType_ESTest,1,0,False
2145,NPEX,Qpid_Proton__j-02998b38,0,464c8502303e4128b045bd6cf3416c53,org.apache.qpid.proton.codec.MapType,org.apache.qpid.proton.codec.MapType_ESTest,2,0,False
2146,NPEX,Qpid_Proton__j-02998b38,0,1b4d5b91598f46deafe180ef1dd53852,org.apache.qpid.proton.codec.MapType,org.apache.qpid.proton.codec.MapType_ESTest,2,0,False
2147,NPEX,Qpid_Proton__j-02998b38,0,dbd40cbe6ab74423a477dd5c905cd11f,org.apache.qpid.proton.codec.MapType,org.apache.qpid.proton.codec.MapType_ESTest,3,0,False
2148,NPEX,Qpid_Proton__j-02998b38,0,b387f23c4084408e890d8c314a9e55b3,org.apache.qpid.proton.codec.MapType,org.apache.qpid.proton.codec.MapType_ESTest,3,0,False
2149,NPEX,Qpid_Proton__j-02998b38,0,524e8bdae144425296248d30da719887,org.apache.qpid.proton.codec.MapType,org.apache.qpid.proton.codec.MapType_ESTest,3,0,False
2150,NPEX,Qpid_Proton__j-02998b38,1,43cf732bbc5845a0b0d7a9f62b4c212a,org.apache.qpid.proton.codec.MapType,org.apache.qpid.proton.codec.MapType_ESTest,3,0,False
2151,NPEX,Qpid_Proton__j-02998b38,1,11be18ac79d643219ca3e4ada7af756d,org.apache.qpid.proton.codec.MapType,org.apache.qpid.proton.codec.MapType_ESTest,3,0,False
2152,NPEX,Qpid_Proton__j-02998b38,1,7a1214711494409ca82ee8ed9883320b,org.apache.qpid.proton.codec.MapType,org.apache.qpid.proton.codec.MapType_ESTest,3,0,False
2153,NPEX,Qpid_Proton__j-02998b38,1,268b411fb5b94535a41f41c409d42c04,org.apache.qpid.proton.codec.MapType,org.apache.qpid.proton.codec.MapType_ESTest,2,0,False
2154,NPEX,Qpid_Proton__j-02998b38,1,4a7504f85e844ec9be4620aa70288e28,org.apache.qpid.proton.codec.MapType,org.apache.qpid.proton.codec.MapType_ESTest,2,0,False
2155,NPEX,Qpid_Proton__j-02998b38,1,b00378163d064def8f938a94b1490222,org.apache.qpid.proton.codec.MapType,org.apache.qpid.proton.codec.MapType_ESTest,1,0,False
2156,NPEX,Qpid_Proton__j-02998b38,1,dcbcffdea0554829aea9e560cc47dbf8,org.apache.qpid.proton.codec.MapType,org.apache.qpid.proton.codec.MapType_ESTest,2,0,False
2157,NPEX,Qpid_Proton__j-02998b38,1,3e8042cbd290471cbaf6ba7d36429cce,org.apache.qpid.proton.codec.MapType,org.apache.qpid.proton.codec.MapType_ESTest,3,0,False
2158,NPEX,Qpid_Proton__j-02998b38,1,d354383ac03947f5b9f5d7fabcaaaea4,org.apache.qpid.proton.codec.MapType,org.apache.qpid.proton.codec.MapType_ESTest,3,0,False
2159,NPEX,Qpid_Proton__j-02998b38,1,2fde94ad24c748879e87426936a7e86c,org.apache.qpid.proton.codec.MapType,org.apache.qpid.proton.codec.MapType_ESTest,3,0,False
2160,NPEX,Qpid_Proton__j-02998b38,1,5d4e9cc35b8a423ea1d1704c0ad26797,org.apache.qpid.proton.codec.MapType,org.apache.qpid.proton.codec.MapType_ESTest,4,0,False
2161,NPEX,Qpid_Proton__j-02998b38,1,fe7aae896268409e84423ecb12723ff6,org.apache.qpid.proton.codec.MapType,org.apache.qpid.proton.codec.MapType_ESTest,3,0,False
2162,NPEX,Qpid_Proton__j-02998b38,1,75841ba0a0284cc4a86673e79788563b,org.apache.qpid.proton.codec.MapType,org.apache.qpid.proton.codec.MapType_ESTest,2,0,False
2163,NPEX,Qpid_Proton__j-02998b38,1,8a786e0f7f11473ba34e228f755d221e,org.apache.qpid.proton.codec.MapType,org.apache.qpid.proton.codec.MapType_ESTest,3,0,False
2164,NPEX,Qpid_Proton__j-02998b38,1,9de364bc06e644139174482175758b05,org.apache.qpid.proton.codec.MapType,org.apache.qpid.proton.codec.MapType_ESTest,3,0,False
2165,NPEX,Qpid_Proton__j-02998b38,1,b2d204f95eeb490994008f4cf9b35ddb,org.apache.qpid.proton.codec.MapType,org.apache.qpid.proton.codec.MapType_ESTest,2,0,False
2166,NPEX,Qpid_Proton__j-02998b38,1,51a555ca60e8495d88880cb107b8089b,org.apache.qpid.proton.codec.MapType,org.apache.qpid.proton.codec.MapType_ESTest,2,0,False
2167,NPEX,Qpid_Proton__j-02998b38,1,b7f3fc7ae84142f582ad8a840c5d1661,org.apache.qpid.proton.codec.MapType,org.apache.qpid.proton.codec.MapType_ESTest,2,0,False
2168,NPEX,Qpid_Proton__j-02998b38,1,7fb14c91e71f437797cb91c70a9a3029,org.apache.qpid.proton.codec.MapType,org.apache.qpid.proton.codec.MapType_ESTest,3,0,False
2169,NPEX,Qpid_Proton__j-02998b38,1,ffd1133992b24d208c8fd4157f8706b0,org.apache.qpid.proton.codec.MapType,org.apache.qpid.proton.codec.MapType_ESTest,3,0,False
2170,NPEX,Qpid_Proton__j-02998b38,1,aac2acb7f20b42efbe4eb9b699a3439e,org.apache.qpid.proton.codec.MapType,org.apache.qpid.proton.codec.MapType_ESTest,3,0,False
2171,NPEX,Qpid_Proton__j-02998b38,1,6e9f2a20cb574c7c88efb23aa79d984d,org.apache.qpid.proton.codec.MapType,org.apache.qpid.proton.codec.MapType_ESTest,1,0,False
2172,NPEX,Qpid_Proton__j-02998b38,1,acf0f9600d474258846a27e16cdb91f2,org.apache.qpid.proton.codec.MapType,org.apache.qpid.proton.codec.MapType_ESTest,2,0,False
2173,NPEX,Qpid_Proton__j-02998b38,1,f92c297e7a8d44fc8fc92b4471f7ecf1,org.apache.qpid.proton.codec.MapType,org.apache.qpid.proton.codec.MapType_ESTest,2,0,False
2174,NPEX,Qpid_Proton__j-02998b38,1,fda90b17d1914d869f363831d5b217a4,org.apache.qpid.proton.codec.MapType,org.apache.qpid.proton.codec.MapType_ESTest,1,0,False
2175,NPEX,Qpid_Proton__j-02998b38,1,464c8502303e4128b045bd6cf3416c53,org.apache.qpid.proton.codec.MapType,org.apache.qpid.proton.codec.MapType_ESTest,2,0,False
2176,NPEX,Qpid_Proton__j-02998b38,1,1b4d5b91598f46deafe180ef1dd53852,org.apache.qpid.proton.codec.MapType,org.apache.qpid.proton.codec.MapType_ESTest,2,0,False
2177,NPEX,Qpid_Proton__j-02998b38,1,dbd40cbe6ab74423a477dd5c905cd11f,org.apache.qpid.proton.codec.MapType,org.apache.qpid.proton.codec.MapType_ESTest,3,0,False
2178,NPEX,Qpid_Proton__j-02998b38,1,b387f23c4084408e890d8c314a9e55b3,org.apache.qpid.proton.codec.MapType,org.apache.qpid.proton.codec.MapType_ESTest,3,0,False
2179,NPEX,Qpid_Proton__j-02998b38,1,524e8bdae144425296248d30da719887,org.apache.qpid.proton.codec.MapType,org.apache.qpid.proton.codec.MapType_ESTest,3,0,False
2180,NPEX,Avro-a3e05bee,0,44a55d065ca14b77b889ec2da802fa23,org.apache.avro.Schema,org.apache.avro.Schema_ESTest,74,0,True
2181,NPEX,Avro-a3e05bee,0,003884d91f7747c2ad6d344ce14cd65b,org.apache.avro.Schema,org.apache.avro.Schema_ESTest,64,0,False
2182,NPEX,Avro-a3e05bee,0,fe2bee4bcf2e428b8411f94491ab1529,org.apache.avro.Schema,org.apache.avro.Schema_ESTest,54,0,False
2183,NPEX,Avro-a3e05bee,0,d435bb4fbfbc44419b836ef9fb71a26d,org.apache.avro.Schema,org.apache.avro.Schema_ESTest,61,0,True
2184,NPEX,Avro-a3e05bee,0,2e7b4dc4257144dc8a8766807ba307c6,org.apache.avro.Schema,org.apache.avro.Schema_ESTest,61,0,False
2185,NPEX,Avro-a3e05bee,0,db7ea4eabadc4bdc9fdebdfd6f4122cf,org.apache.avro.Schema,org.apache.avro.Schema_ESTest,59,0,False
2186,NPEX,Avro-a3e05bee,0,53cf0e6b614e4bb1803c53abdbf3db3f,org.apache.avro.Schema,org.apache.avro.Schema_ESTest,67,0,True
2187,NPEX,Avro-a3e05bee,0,7327321c84c1461282c0d5b97f2d55a6,org.apache.avro.Schema,org.apache.avro.Schema_ESTest,58,0,True
2188,NPEX,Avro-a3e05bee,0,518d82544b984f77b2b54e2b23ef076d,org.apache.avro.Schema,org.apache.avro.Schema_ESTest,58,0,True
2189,NPEX,Avro-a3e05bee,0,1e372bd6bf68447e9445ddb91b5c65d2,org.apache.avro.Schema,org.apache.avro.Schema_ESTest,55,0,True
2190,NPEX,Avro-a3e05bee,0,cdf6612e97a54c25b432f123df203d44,org.apache.avro.Schema,org.apache.avro.Schema_ESTest,64,0,True
2191,NPEX,Avro-a3e05bee,0,1e0ea178eda447f99e5ddfb172dfbbf1,org.apache.avro.Schema,org.apache.avro.Schema_ESTest,58,0,True
2192,NPEX,Avro-a3e05bee,0,7a19456117cf48e4868f540623b1ed13,org.apache.avro.Schema,org.apache.avro.Schema_ESTest,70,0,True
2193,NPEX,Avro-a3e05bee,0,fdf5a85738ad46e6ab331ceb7143d7f0,org.apache.avro.Schema,org.apache.avro.Schema_ESTest,70,0,True
2194,NPEX,Avro-a3e05bee,0,56713e5775f24eaa89c9e28489c7e7d2,org.apache.avro.Schema,org.apache.avro.Schema_ESTest,70,0,False
2195,NPEX,Avro-a3e05bee,0,299a83ebe2354178a12f56ad3a16b115,org.apache.avro.Schema,org.apache.avro.Schema_ESTest,62,0,True
2196,NPEX,Avro-a3e05bee,0,c44fcebe551b4cb5b7bb9e0e17de2900,org.apache.avro.Schema,org.apache.avro.Schema_ESTest,59,0,True
2197,NPEX,Avro-a3e05bee,0,858a488a758641a7bf78a59569ae3894,org.apache.avro.Schema,org.apache.avro.Schema_ESTest,78,0,True
2198,NPEX,Avro-a3e05bee,0,89d4975131764e54997bb668fdeae495,org.apache.avro.Schema,org.apache.avro.Schema_ESTest,69,0,True
2199,NPEX,Avro-a3e05bee,0,c7caed7858b643f286c45094f0aa0af3,org.apache.avro.Schema,org.apache.avro.Schema_ESTest,60,0,True
2200,NPEX,Avro-a3e05bee,0,53fe6ea097704c7cb34fd657bb904d94,org.apache.avro.Schema,org.apache.avro.Schema_ESTest,65,0,True
2201,NPEX,Avro-a3e05bee,0,1ce87b281aa6435bb1bb11deb65cc70e,org.apache.avro.Schema,org.apache.avro.Schema_ESTest,75,0,True
2202,NPEX,Avro-a3e05bee,0,1e035e1f43d848ff982439e7e2ef22b9,org.apache.avro.Schema,org.apache.avro.Schema_ESTest,70,0,True
2203,NPEX,Avro-a3e05bee,0,0d7b1ad001ce475b83ce5ee76aa656c0,org.apache.avro.Schema,org.apache.avro.Schema_ESTest,58,0,False
2204,NPEX,Avro-a3e05bee,0,76c116a7f80541a08ece8d54860cd590,org.apache.avro.Schema,org.apache.avro.Schema_ESTest,69,0,True
2205,NPEX,Avro-a3e05bee,0,2d3cd116ca21400cb2453169a7838544,org.apache.avro.Schema,org.apache.avro.Schema_ESTest,84,0,True
2206,NPEX,Avro-a3e05bee,0,f85f7405f02c483c83d481e4cb2ebaa5,org.apache.avro.Schema,org.apache.avro.Schema_ESTest,65,0,True
2207,NPEX,Avro-a3e05bee,0,c1cfa69eae494f26aa9c8c72599025e8,org.apache.avro.Schema,org.apache.avro.Schema_ESTest,76,0,True
2208,NPEX,Async_Http_Client-fbc6d486,0,dd61b177296b4b228b011cbb1a51f835,org.asynchttpclient.RequestBuilderBase,org.asynchttpclient.RequestBuilderBase_ESTest,1,0,False
2209,NPEX,Async_Http_Client-fbc6d486,0,37c1b9c2c9db45558078708f60a319e7,org.asynchttpclient.RequestBuilderBase,org.asynchttpclient.RequestBuilderBase_ESTest,1,0,False
2210,NPEX,Async_Http_Client-fbc6d486,0,8b2885a1073c4b54add4cbf0e89dd75e,org.asynchttpclient.RequestBuilderBase,org.asynchttpclient.RequestBuilderBase_ESTest,1,0,False
2211,NPEX,Async_Http_Client-fbc6d486,0,3399d5be969041359cedf1877ee17a0a,org.asynchttpclient.RequestBuilderBase,org.asynchttpclient.RequestBuilderBase_ESTest,1,0,False
2212,NPEX,Async_Http_Client-fbc6d486,0,e854fe948b9d4b85ac3cf2146e5c63ea,org.asynchttpclient.RequestBuilderBase,org.asynchttpclient.RequestBuilderBase_ESTest,1,0,False
2213,NPEX,Async_Http_Client-fbc6d486,0,0191f0d442dc415bbecb8345c1ca4480,org.asynchttpclient.RequestBuilderBase,org.asynchttpclient.RequestBuilderBase_ESTest,1,0,False
2214,NPEX,Async_Http_Client-fbc6d486,0,97a02e11aa96447d94503997447e0c2c,org.asynchttpclient.RequestBuilderBase,org.asynchttpclient.RequestBuilderBase_ESTest,1,0,False
2215,NPEX,Async_Http_Client-fbc6d486,0,51c8c97ca6304e3da5272b6662b1dcae,org.asynchttpclient.RequestBuilderBase,org.asynchttpclient.RequestBuilderBase_ESTest,1,0,False
2216,NPEX,Async_Http_Client-fbc6d486,0,9b679b50fa38468aa8116c6b2859d7dd,org.asynchttpclient.RequestBuilderBase,org.asynchttpclient.RequestBuilderBase_ESTest,1,0,False
2217,NPEX,Async_Http_Client-fbc6d486,0,a77d0b7fe5864c2bb887a3f023d44c2d,org.asynchttpclient.RequestBuilderBase,org.asynchttpclient.RequestBuilderBase_ESTest,1,0,False
2218,NPEX,Async_Http_Client-fbc6d486,0,8e7efbd3294e4fda9a0e68d3d07d5e34,org.asynchttpclient.RequestBuilderBase,org.asynchttpclient.RequestBuilderBase_ESTest,1,0,False
2219,NPEX,Async_Http_Client-fbc6d486,0,a0342decd4b54b7b90837af76e361a96,org.asynchttpclient.RequestBuilderBase,org.asynchttpclient.RequestBuilderBase_ESTest,1,0,False
2220,NPEX,Async_Http_Client-fbc6d486,0,2906c177dce14564a62f5ad1a88cc73e,org.asynchttpclient.RequestBuilderBase,org.asynchttpclient.RequestBuilderBase_ESTest,1,0,False
2221,NPEX,Async_Http_Client-fbc6d486,0,498ef8ca9f334b06b3c8cff17d17a75f,org.asynchttpclient.RequestBuilderBase,org.asynchttpclient.RequestBuilderBase_ESTest,1,0,False
2222,NPEX,Async_Http_Client-fbc6d486,0,01e349dc51934458b74460c6293e9215,org.asynchttpclient.RequestBuilderBase,org.asynchttpclient.RequestBuilderBase_ESTest,1,0,False
2223,NPEX,Async_Http_Client-fbc6d486,0,7b1d9bd53dd74a8b861dae0d67ee645b,org.asynchttpclient.RequestBuilderBase,org.asynchttpclient.RequestBuilderBase_ESTest,1,0,False
2224,NPEX,Async_Http_Client-fbc6d486,0,f3ebfe6435e448ab92ea8de2d440caa3,org.asynchttpclient.RequestBuilderBase,org.asynchttpclient.RequestBuilderBase_ESTest,1,0,False
2225,NPEX,Async_Http_Client-fbc6d486,0,5eadd20d99be40be8eeea1c40d172b7d,org.asynchttpclient.RequestBuilderBase,org.asynchttpclient.RequestBuilderBase_ESTest,1,0,False
2226,NPEX,Async_Http_Client-fbc6d486,0,ac430c2661b045a1a3ba749b36571860,org.asynchttpclient.RequestBuilderBase,org.asynchttpclient.RequestBuilderBase_ESTest,1,0,False
2227,NPEX,Async_Http_Client-fbc6d486,0,9c7277c50635456297882e8a2da51ae7,org.asynchttpclient.RequestBuilderBase,org.asynchttpclient.RequestBuilderBase_ESTest,1,0,False
2228,NPEX,Async_Http_Client-fbc6d486,0,b560e1ed5427408586495f5ffa5ec541,org.asynchttpclient.RequestBuilderBase,org.asynchttpclient.RequestBuilderBase_ESTest,1,0,False
2229,NPEX,Async_Http_Client-fbc6d486,0,5a25640b09fe4c2e845b363ff0a3f7a0,org.asynchttpclient.RequestBuilderBase,org.asynchttpclient.RequestBuilderBase_ESTest,1,0,False
2230,NPEX,Async_Http_Client-fbc6d486,0,23988e243c124c8bb86900d4a525db81,org.asynchttpclient.RequestBuilderBase,org.asynchttpclient.RequestBuilderBase_ESTest,1,0,False
2231,NPEX,Async_Http_Client-fbc6d486,0,cdc4387b73b34e208e77faf6e1c51119,org.asynchttpclient.RequestBuilderBase,org.asynchttpclient.RequestBuilderBase_ESTest,1,0,False
2232,NPEX,Async_Http_Client-fbc6d486,0,caadbd7040c84ca2b8a66e4243b8c4a0,org.asynchttpclient.RequestBuilderBase,org.asynchttpclient.RequestBuilderBase_ESTest,1,0,False
2233,NPEX,Async_Http_Client-fbc6d486,0,53e3b3d703b042998072009b8fc16ddd,org.asynchttpclient.RequestBuilderBase,org.asynchttpclient.RequestBuilderBase_ESTest,1,0,False
2234,NPEX,Async_Http_Client-fbc6d486,0,40c7baa8cbd449ecb9b07e10557f1c0e,org.asynchttpclient.RequestBuilderBase,org.asynchttpclient.RequestBuilderBase_ESTest,1,0,False
2235,NPEX,Async_Http_Client-fbc6d486,0,ed358aba5df6459f942569f2ce6f455a,org.asynchttpclient.RequestBuilderBase,org.asynchttpclient.RequestBuilderBase_ESTest,1,0,False
2236,NPEX,Async_Http_Client-fbc6d486,0,d426492d90454ee288638da0596fafb9,org.asynchttpclient.RequestBuilderBase,org.asynchttpclient.RequestBuilderBase_ESTest,1,0,False
2237,NPEX,Async_Http_Client-fbc6d486,0,4bb592ec33ac41949e5c985f0ba4d454,org.asynchttpclient.RequestBuilderBase,org.asynchttpclient.RequestBuilderBase_ESTest,1,0,False
2238,NPEX,ShardingSphere-9833fb9a,0,b786aaf2fbff4063a31db226d34c17ea,org.apache.shardingsphere.governance.core.yaml.swapper.SchemaYamlSwapper,org.apache.shardingsphere.governance.core.yaml.swapper.SchemaYamlSwapper_ESTest,2,0,False
2239,NPEX,ShardingSphere-9833fb9a,0,a3cc36f6476a4ad6808c258e71d3e8f6,org.apache.shardingsphere.governance.core.yaml.swapper.SchemaYamlSwapper,org.apache.shardingsphere.governance.core.yaml.swapper.SchemaYamlSwapper_ESTest,3,0,False
2240,NPEX,ShardingSphere-9833fb9a,0,9fb1ec615bce41b1b3a4f4a27b6aa381,org.apache.shardingsphere.governance.core.yaml.swapper.SchemaYamlSwapper,org.apache.shardingsphere.governance.core.yaml.swapper.SchemaYamlSwapper_ESTest,3,0,False
2241,NPEX,ShardingSphere-9833fb9a,0,c5ef6d6657f94c70959b7f5f68956267,org.apache.shardingsphere.governance.core.yaml.swapper.SchemaYamlSwapper,org.apache.shardingsphere.governance.core.yaml.swapper.SchemaYamlSwapper_ESTest,3,0,False
2242,NPEX,ShardingSphere-9833fb9a,0,af9487106e584ad683d68c17368338f3,org.apache.shardingsphere.governance.core.yaml.swapper.SchemaYamlSwapper,org.apache.shardingsphere.governance.core.yaml.swapper.SchemaYamlSwapper_ESTest,2,0,False
2243,NPEX,ShardingSphere-9833fb9a,0,1b322dc40d3848d6b7e00dbb169e4724,org.apache.shardingsphere.governance.core.yaml.swapper.SchemaYamlSwapper,org.apache.shardingsphere.governance.core.yaml.swapper.SchemaYamlSwapper_ESTest,3,0,False
2244,NPEX,ShardingSphere-9833fb9a,0,468f4ee0a86d4b50857714e3694526c4,org.apache.shardingsphere.governance.core.yaml.swapper.SchemaYamlSwapper,org.apache.shardingsphere.governance.core.yaml.swapper.SchemaYamlSwapper_ESTest,3,0,False
2245,NPEX,ShardingSphere-9833fb9a,0,fd176a663ef947d1a23f965a542988f4,org.apache.shardingsphere.governance.core.yaml.swapper.SchemaYamlSwapper,org.apache.shardingsphere.governance.core.yaml.swapper.SchemaYamlSwapper_ESTest,3,0,False
2246,NPEX,ShardingSphere-9833fb9a,0,36c95a232a6741ad8940fca657012440,org.apache.shardingsphere.governance.core.yaml.swapper.SchemaYamlSwapper,org.apache.shardingsphere.governance.core.yaml.swapper.SchemaYamlSwapper_ESTest,3,0,False
2247,NPEX,ShardingSphere-9833fb9a,0,8aaa1804ece14745bbcecaf37c84130d,org.apache.shardingsphere.governance.core.yaml.swapper.SchemaYamlSwapper,org.apache.shardingsphere.governance.core.yaml.swapper.SchemaYamlSwapper_ESTest,3,0,False
2248,NPEX,ShardingSphere-9833fb9a,0,301d0fc08a7746fd922678bfdb54d8c5,org.apache.shardingsphere.governance.core.yaml.swapper.SchemaYamlSwapper,org.apache.shardingsphere.governance.core.yaml.swapper.SchemaYamlSwapper_ESTest,3,0,False
2249,NPEX,ShardingSphere-9833fb9a,0,4548a68e8117484ca4cf57e70300f70a,org.apache.shardingsphere.governance.core.yaml.swapper.SchemaYamlSwapper,org.apache.shardingsphere.governance.core.yaml.swapper.SchemaYamlSwapper_ESTest,3,0,False
2250,NPEX,ShardingSphere-9833fb9a,0,cbbbf401165e48dba47de6b9760546ee,org.apache.shardingsphere.governance.core.yaml.swapper.SchemaYamlSwapper,org.apache.shardingsphere.governance.core.yaml.swapper.SchemaYamlSwapper_ESTest,3,0,False
2251,NPEX,ShardingSphere-9833fb9a,0,eaab86c582b3445db3a89e980e5492a2,org.apache.shardingsphere.governance.core.yaml.swapper.SchemaYamlSwapper,org.apache.shardingsphere.governance.core.yaml.swapper.SchemaYamlSwapper_ESTest,3,0,False
2252,NPEX,ShardingSphere-9833fb9a,0,5e5e0fba698e497cb59b796804da5881,org.apache.shardingsphere.governance.core.yaml.swapper.SchemaYamlSwapper,org.apache.shardingsphere.governance.core.yaml.swapper.SchemaYamlSwapper_ESTest,3,0,False
2253,NPEX,ShardingSphere-9833fb9a,0,5890e010edd54b289387a0523e9b8534,org.apache.shardingsphere.governance.core.yaml.swapper.SchemaYamlSwapper,org.apache.shardingsphere.governance.core.yaml.swapper.SchemaYamlSwapper_ESTest,3,0,False
2254,NPEX,ShardingSphere-9833fb9a,0,305413ba1bf149bf9022c544a9ec5ec4,org.apache.shardingsphere.governance.core.yaml.swapper.SchemaYamlSwapper,org.apache.shardingsphere.governance.core.yaml.swapper.SchemaYamlSwapper_ESTest,3,0,False
2255,NPEX,ShardingSphere-9833fb9a,0,2b5bc03292c844e0a3ee1050fa97e684,org.apache.shardingsphere.governance.core.yaml.swapper.SchemaYamlSwapper,org.apache.shardingsphere.governance.core.yaml.swapper.SchemaYamlSwapper_ESTest,3,0,False
2256,NPEX,Easy_Rules-d5385af5,0,99efd0a9ad3546a2b0b1d28cb113e8f7,org.jeasy.rules.mvel.MVELRuleDefinitionReader,org.jeasy.rules.mvel.MVELRuleDefinitionReader_ESTest,0,0,False
2257,NPEX,Easy_Rules-d5385af5,0,34dff7c518fa4fdc8d0b0f25aec41d5e,org.jeasy.rules.mvel.MVELRuleDefinitionReader,org.jeasy.rules.mvel.MVELRuleDefinitionReader_ESTest,1,0,False
2258,NPEX,Easy_Rules-d5385af5,0,99b14d90728b4f34ba5414e77793a3ff,org.jeasy.rules.mvel.MVELRuleDefinitionReader,org.jeasy.rules.mvel.MVELRuleDefinitionReader_ESTest,1,0,False
2259,NPEX,Easy_Rules-d5385af5,0,90ad73ba0e8f4f4a8e74c7f265a780b6,org.jeasy.rules.mvel.MVELRuleDefinitionReader,org.jeasy.rules.mvel.MVELRuleDefinitionReader_ESTest,1,0,False
2260,NPEX,Easy_Rules-d5385af5,0,09f4685ebb004f83ab5b577e7b6774ae,org.jeasy.rules.mvel.MVELRuleDefinitionReader,org.jeasy.rules.mvel.MVELRuleDefinitionReader_ESTest,1,0,False
2261,NPEX,Easy_Rules-d5385af5,0,75c2ada5819947508b5ce9ad95f5a7f9,org.jeasy.rules.mvel.MVELRuleDefinitionReader,org.jeasy.rules.mvel.MVELRuleDefinitionReader_ESTest,0,0,False
2262,NPEX,Easy_Rules-d5385af5,0,81990834544f40a38d14cd74333b905a,org.jeasy.rules.mvel.MVELRuleDefinitionReader,org.jeasy.rules.mvel.MVELRuleDefinitionReader_ESTest,1,0,False
2263,NPEX,Easy_Rules-d5385af5,0,758bcefe3bb34a08b59373508a06a798,org.jeasy.rules.mvel.MVELRuleDefinitionReader,org.jeasy.rules.mvel.MVELRuleDefinitionReader_ESTest,1,0,False
2264,NPEX,Easy_Rules-d5385af5,0,1f521455d94643a6a9e5cdd3d7071bed,org.jeasy.rules.mvel.MVELRuleDefinitionReader,org.jeasy.rules.mvel.MVELRuleDefinitionReader_ESTest,1,0,False
2265,NPEX,Easy_Rules-d5385af5,0,eafbd469ac2943c38507e0cb0ed76920,org.jeasy.rules.mvel.MVELRuleDefinitionReader,org.jeasy.rules.mvel.MVELRuleDefinitionReader_ESTest,1,0,False
2266,NPEX,Easy_Rules-d5385af5,0,dac1b912dd0d46528d46c17abb7ecd07,org.jeasy.rules.mvel.MVELRuleDefinitionReader,org.jeasy.rules.mvel.MVELRuleDefinitionReader_ESTest,0,0,False
2267,NPEX,Easy_Rules-d5385af5,0,545a273cb4194fdaaacba4b0fca2a7c3,org.jeasy.rules.mvel.MVELRuleDefinitionReader,org.jeasy.rules.mvel.MVELRuleDefinitionReader_ESTest,1,0,False
2268,NPEX,Easy_Rules-d5385af5,0,0f01de2e30fc47dcbf34bd72cab314a6,org.jeasy.rules.mvel.MVELRuleDefinitionReader,org.jeasy.rules.mvel.MVELRuleDefinitionReader_ESTest,0,0,False
2269,NPEX,Easy_Rules-d5385af5,0,fca3eedb00c54fbaa25bde0139ad591a,org.jeasy.rules.mvel.MVELRuleDefinitionReader,org.jeasy.rules.mvel.MVELRuleDefinitionReader_ESTest,1,0,False
2270,NPEX,Easy_Rules-d5385af5,0,e0dba24f63eb4a9896e7f4e2f87d6897,org.jeasy.rules.mvel.MVELRuleDefinitionReader,org.jeasy.rules.mvel.MVELRuleDefinitionReader_ESTest,1,0,False
2271,NPEX,Easy_Rules-d5385af5,0,8c5a8611ce8d4ac188173176e2c841d2,org.jeasy.rules.mvel.MVELRuleDefinitionReader,org.jeasy.rules.mvel.MVELRuleDefinitionReader_ESTest,1,0,False
2272,NPEX,Easy_Rules-d5385af5,0,4c3dc5103aec4e34807f8bf578944868,org.jeasy.rules.mvel.MVELRuleDefinitionReader,org.jeasy.rules.mvel.MVELRuleDefinitionReader_ESTest,1,0,False
2273,NPEX,Easy_Rules-d5385af5,0,bbb3d3951c9643fa8d10fd1d295bf7a6,org.jeasy.rules.mvel.MVELRuleDefinitionReader,org.jeasy.rules.mvel.MVELRuleDefinitionReader_ESTest,0,0,False
2274,NPEX,Easy_Rules-d5385af5,0,d0a48844ae28423bb05cccc437334c87,org.jeasy.rules.mvel.MVELRuleDefinitionReader,org.jeasy.rules.mvel.MVELRuleDefinitionReader_ESTest,1,0,False
2275,NPEX,Easy_Rules-d5385af5,0,299f9a952943467a808fce80461ddaf5,org.jeasy.rules.mvel.MVELRuleDefinitionReader,org.jeasy.rules.mvel.MVELRuleDefinitionReader_ESTest,1,0,False
2276,NPEX,Easy_Rules-d5385af5,0,fea300e0502243b2b7eb41fad367009d,org.jeasy.rules.mvel.MVELRuleDefinitionReader,org.jeasy.rules.mvel.MVELRuleDefinitionReader_ESTest,1,0,False
2277,NPEX,Easy_Rules-d5385af5,0,0d69c6001e4647a1873d3a62e6919241,org.jeasy.rules.mvel.MVELRuleDefinitionReader,org.jeasy.rules.mvel.MVELRuleDefinitionReader_ESTest,0,0,False
2278,NPEX,Easy_Rules-d5385af5,0,8d71ca54a8514c16b7f1699e9c25678a,org.jeasy.rules.mvel.MVELRuleDefinitionReader,org.jeasy.rules.mvel.MVELRuleDefinitionReader_ESTest,0,0,False
2279,NPEX,Easy_Rules-d5385af5,0,d44a9f2e9db841929ac03e5feb3f710f,org.jeasy.rules.mvel.MVELRuleDefinitionReader,org.jeasy.rules.mvel.MVELRuleDefinitionReader_ESTest,1,0,False
2280,NPEX,Easy_Rules-d5385af5,0,6fc3b822ec194b04859b4f968110eadd,org.jeasy.rules.mvel.MVELRuleDefinitionReader,org.jeasy.rules.mvel.MVELRuleDefinitionReader_ESTest,1,0,False
2281,NPEX,Easy_Rules-d5385af5,0,c7e8095968594285bb863ef8d85dc2e4,org.jeasy.rules.mvel.MVELRuleDefinitionReader,org.jeasy.rules.mvel.MVELRuleDefinitionReader_ESTest,0,0,False
2282,NPEX,Easy_Rules-d5385af5,0,53577a1b87334cc898f8346d59822a4f,org.jeasy.rules.mvel.MVELRuleDefinitionReader,org.jeasy.rules.mvel.MVELRuleDefinitionReader_ESTest,0,0,False
2283,NPEX,Easy_Rules-d5385af5,0,a544549ef7164c42b852c87b0b2d94a0,org.jeasy.rules.mvel.MVELRuleDefinitionReader,org.jeasy.rules.mvel.MVELRuleDefinitionReader_ESTest,0,0,False
2284,NPEX,Easy_Rules-d5385af5,0,86176267bf1f41daaaeca830f545c038,org.jeasy.rules.mvel.MVELRuleDefinitionReader,org.jeasy.rules.mvel.MVELRuleDefinitionReader_ESTest,1,0,False
2285,NPEX,Easy_Rules-d5385af5,0,0b3dd347bba94b7585f8870a38286891,org.jeasy.rules.mvel.MVELRuleDefinitionReader,org.jeasy.rules.mvel.MVELRuleDefinitionReader_ESTest,1,0,False
2286,NPEX,IoTDB-9bced7b6,0,3ede50a6bf2b45c0a02aead23f51e598,org.apache.iotdb.db.metadata.MTree,org.apache.iotdb.db.metadata.MTree_ESTest,66,0,False
2287,NPEX,IoTDB-9bced7b6,0,d77ea8ced1d04a9e8df37e4cadacfe8b,org.apache.iotdb.db.metadata.MTree,org.apache.iotdb.db.metadata.MTree_ESTest,69,0,False
2288,NPEX,IoTDB-9bced7b6,0,1e1802f900a04198b3405d6b65587a94,org.apache.iotdb.db.metadata.MTree,org.apache.iotdb.db.metadata.MTree_ESTest,66,0,False
2289,NPEX,IoTDB-9bced7b6,0,a324fa6371694a478c6378c3a94ad2da,org.apache.iotdb.db.metadata.MTree,org.apache.iotdb.db.metadata.MTree_ESTest,65,0,False
2290,NPEX,IoTDB-9bced7b6,0,cc2dcab916d6481986dd99b6b1dca0c7,org.apache.iotdb.db.metadata.MTree,org.apache.iotdb.db.metadata.MTree_ESTest,78,0,False
2291,NPEX,IoTDB-9bced7b6,0,ca520f9322174e7f9b9ebff3efeaf779,org.apache.iotdb.db.metadata.MTree,org.apache.iotdb.db.metadata.MTree_ESTest,63,0,False
2292,NPEX,IoTDB-9bced7b6,0,5d179bd2a25c47039df600fb3f14d306,org.apache.iotdb.db.metadata.MTree,org.apache.iotdb.db.metadata.MTree_ESTest,65,0,False
2293,NPEX,IoTDB-9bced7b6,0,948c6b1987704e1e8866404b741c43b4,org.apache.iotdb.db.metadata.MTree,org.apache.iotdb.db.metadata.MTree_ESTest,69,0,False
2294,NPEX,IoTDB-9bced7b6,0,8911030ed6d342099545fa3639d56e69,org.apache.iotdb.db.metadata.MTree,org.apache.iotdb.db.metadata.MTree_ESTest,71,0,False
2295,NPEX,IoTDB-9bced7b6,0,56c41fc7885b4da19ddd6ae5af796743,org.apache.iotdb.db.metadata.MTree,org.apache.iotdb.db.metadata.MTree_ESTest,63,0,False
2296,NPEX,IoTDB-9bced7b6,0,d5d72b3e2d364cfe9d1fc6cd7c8c0614,org.apache.iotdb.db.metadata.MTree,org.apache.iotdb.db.metadata.MTree_ESTest,68,0,False
2297,NPEX,IoTDB-9bced7b6,0,10032310004c4680b279152315ded123,org.apache.iotdb.db.metadata.MTree,org.apache.iotdb.db.metadata.MTree_ESTest,63,0,False
2298,NPEX,IoTDB-9bced7b6,0,0523995df45643afaa317dcaba09c7d0,org.apache.iotdb.db.metadata.MTree,org.apache.iotdb.db.metadata.MTree_ESTest,68,0,False
2299,NPEX,IoTDB-9bced7b6,0,9f499cfce7a64d40a691f2a14b77e3e3,org.apache.iotdb.db.metadata.MTree,org.apache.iotdb.db.metadata.MTree_ESTest,70,0,False
2300,NPEX,IoTDB-9bced7b6,0,fa769f6518b74570be8d8c724de03cf4,org.apache.iotdb.db.metadata.MTree,org.apache.iotdb.db.metadata.MTree_ESTest,61,0,False
2301,NPEX,IoTDB-9bced7b6,0,d16768168be74eaf971868b003dce08a,org.apache.iotdb.db.metadata.MTree,org.apache.iotdb.db.metadata.MTree_ESTest,57,0,False
2302,NPEX,IoTDB-9bced7b6,0,67a4ff9c901144a491bc5e44286e7025,org.apache.iotdb.db.metadata.MTree,org.apache.iotdb.db.metadata.MTree_ESTest,68,0,False
2303,NPEX,IoTDB-9bced7b6,0,dd21fe760b334291bf7c84adea7b038a,org.apache.iotdb.db.metadata.MTree,org.apache.iotdb.db.metadata.MTree_ESTest,64,0,False
2304,NPEX,IoTDB-9bced7b6,0,5eb8e7e4b6d844ba9bc2f4fee92f3101,org.apache.iotdb.db.metadata.MTree,org.apache.iotdb.db.metadata.MTree_ESTest,63,0,False
2305,NPEX,IoTDB-9bced7b6,0,b7b3db947d6a439eaf5a6ef6de2a2bb4,org.apache.iotdb.db.metadata.MTree,org.apache.iotdb.db.metadata.MTree_ESTest,65,0,False
2306,NPEX,IoTDB-9bced7b6,0,07aff626c67a4b11a951371cb5541a92,org.apache.iotdb.db.metadata.MTree,org.apache.iotdb.db.metadata.MTree_ESTest,66,0,False
2307,NPEX,IoTDB-9bced7b6,0,33c23c5f1aed44bca359759303fcece1,org.apache.iotdb.db.metadata.MTree,org.apache.iotdb.db.metadata.MTree_ESTest,66,0,False
2308,NPEX,IoTDB-9bced7b6,0,d7eccd64cdb349568ccd70b1e4af1fa7,org.apache.iotdb.db.metadata.MTree,org.apache.iotdb.db.metadata.MTree_ESTest,65,0,False
2309,NPEX,IoTDB-9bced7b6,0,2e7b56d51f384a96805697c9ad969dea,org.apache.iotdb.db.metadata.MTree,org.apache.iotdb.db.metadata.MTree_ESTest,74,0,False
2310,NPEX,IoTDB-9bced7b6,0,511e0835a9e544239095cb72bc42d45a,org.apache.iotdb.db.metadata.MTree,org.apache.iotdb.db.metadata.MTree_ESTest,62,0,False
2311,NPEX,IoTDB-9bced7b6,0,766f0a70ccbe470a95027b23a700be60,org.apache.iotdb.db.metadata.MTree,org.apache.iotdb.db.metadata.MTree_ESTest,71,0,False
2312,NPEX,IoTDB-9bced7b6,0,8f4a4d57e6d64e7880583b785beb3c9e,org.apache.iotdb.db.metadata.MTree,org.apache.iotdb.db.metadata.MTree_ESTest,70,0,False
2313,NPEX,IoTDB-9bced7b6,0,77a866b63c044df896884b667bd5a35d,org.apache.iotdb.db.metadata.MTree,org.apache.iotdb.db.metadata.MTree_ESTest,65,0,False
2314,NPEX,IoTDB-9bced7b6,0,ac688e2e02ed42be9ba984e2a12214e9,org.apache.iotdb.db.metadata.MTree,org.apache.iotdb.db.metadata.MTree_ESTest,68,0,False
2315,NPEX,IoTDB-9bced7b6,0,2917adef2d9341dea07cdafd3ed9fac3,org.apache.iotdb.db.metadata.MTree,org.apache.iotdb.db.metadata.MTree_ESTest,60,0,False
2316,Bears,Bears-88,0,255b5ce7292f410ea4f1c75bc28aadb4,org.springframework.data.repository.config.RepositoryBeanNameGenerator,org.springframework.data.repository.config.RepositoryBeanNameGenerator_ESTest,2,0,False
2317,Bears,Bears-88,0,b825e0396caf475c8652586cb66dde6a,org.springframework.data.repository.config.RepositoryBeanNameGenerator,org.springframework.data.repository.config.RepositoryBeanNameGenerator_ESTest,2,0,False
2318,Bears,Bears-88,0,8a4a4b3485fc42aa98486d83ef010390,org.springframework.data.repository.config.RepositoryBeanNameGenerator,org.springframework.data.repository.config.RepositoryBeanNameGenerator_ESTest,1,0,False
2319,Bears,Bears-88,0,5567325357854304a5e7453cd06ee83b,org.springframework.data.repository.config.RepositoryBeanNameGenerator,org.springframework.data.repository.config.RepositoryBeanNameGenerator_ESTest,2,0,False
2320,Bears,Bears-222,0,af7d0df0c4ea46188680ab87060a348c,org.jgrapht.generate.WattsStrogatzGraphGenerator,org.jgrapht.generate.WattsStrogatzGraphGenerator_ESTest,0,0,False
2321,Bears,Bears-222,0,967334ca70f64befad4138a9b5c0d1c3,org.jgrapht.generate.WattsStrogatzGraphGenerator,org.jgrapht.generate.WattsStrogatzGraphGenerator_ESTest,2,0,False
2322,Bears,Bears-222,0,16286945364d4453a78638a0f1633213,org.jgrapht.generate.WattsStrogatzGraphGenerator,org.jgrapht.generate.WattsStrogatzGraphGenerator_ESTest,2,0,False
2323,Bears,Bears-222,0,e632ef58e0ca47b5ac496767e6d3644c,org.jgrapht.generate.WattsStrogatzGraphGenerator,org.jgrapht.generate.WattsStrogatzGraphGenerator_ESTest,1,0,False
2324,Bears,Bears-222,0,47898fabe197431c8e0e5f606d3266fa,org.jgrapht.generate.WattsStrogatzGraphGenerator,org.jgrapht.generate.WattsStrogatzGraphGenerator_ESTest,2,0,False
2325,Bears,Bears-222,0,d500b7fb97dc481e8112a1061e66e1b1,org.jgrapht.generate.WattsStrogatzGraphGenerator,org.jgrapht.generate.WattsStrogatzGraphGenerator_ESTest,1,0,False
2326,Bears,Bears-222,0,fe69fd7d0bab42bfb6bbfe8cb946b77f,org.jgrapht.generate.WattsStrogatzGraphGenerator,org.jgrapht.generate.WattsStrogatzGraphGenerator_ESTest,2,0,False
2327,Bears,Bears-222,0,6a709b1cb3b64dbdb7dbf3d3561df31e,org.jgrapht.generate.WattsStrogatzGraphGenerator,org.jgrapht.generate.WattsStrogatzGraphGenerator_ESTest,0,0,False
2328,Bears,Bears-222,0,4c9b891a82694adb9c21a769ba0c0803,org.jgrapht.generate.WattsStrogatzGraphGenerator,org.jgrapht.generate.WattsStrogatzGraphGenerator_ESTest,2,0,False
2329,Bears,Bears-222,0,ac9f7a0986b2438784050fa2f6d5ed85,org.jgrapht.generate.WattsStrogatzGraphGenerator,org.jgrapht.generate.WattsStrogatzGraphGenerator_ESTest,1,0,False
2330,Bears,Bears-222,0,59f11be5ab3f4060add904879e0eb5f3,org.jgrapht.generate.WattsStrogatzGraphGenerator,org.jgrapht.generate.WattsStrogatzGraphGenerator_ESTest,1,0,False
2331,Bears,Bears-222,0,29922d0ab01f4d82a172c54378b6d5de,org.jgrapht.generate.WattsStrogatzGraphGenerator,org.jgrapht.generate.WattsStrogatzGraphGenerator_ESTest,0,0,False
2332,Bears,Bears-222,0,4a6abf1dc6814c1b87747995f48d39cc,org.jgrapht.generate.WattsStrogatzGraphGenerator,org.jgrapht.generate.WattsStrogatzGraphGenerator_ESTest,2,0,False
2333,Bears,Bears-222,0,8de1709e022b46249c4f0b8849ce495f,org.jgrapht.generate.WattsStrogatzGraphGenerator,org.jgrapht.generate.WattsStrogatzGraphGenerator_ESTest,1,0,False
2334,Bears,Bears-222,0,f4a43b8f63884e9aa82a6439c896cb54,org.jgrapht.generate.WattsStrogatzGraphGenerator,org.jgrapht.generate.WattsStrogatzGraphGenerator_ESTest,1,0,False
2335,Bears,Bears-222,0,66485f29a36f453bb040bc06976b5967,org.jgrapht.generate.WattsStrogatzGraphGenerator,org.jgrapht.generate.WattsStrogatzGraphGenerator_ESTest,1,0,False
2336,Bears,Bears-222,0,d87decf802db4afb9a35f31de498d798,org.jgrapht.generate.WattsStrogatzGraphGenerator,org.jgrapht.generate.WattsStrogatzGraphGenerator_ESTest,1,0,False
2337,Bears,Bears-222,0,eeab0d271eb543a6a209f474196eaa50,org.jgrapht.generate.WattsStrogatzGraphGenerator,org.jgrapht.generate.WattsStrogatzGraphGenerator_ESTest,2,0,False
2338,Bears,Bears-56,0,9e3086cdf2584ebbb2984297c8d91bb1,spoon.reflect.visitor.ImportScannerImpl,spoon.reflect.visitor.ImportScannerImpl_ESTest,16,0,False
2339,Bears,Bears-56,0,e2a64c04b1224245b337847e004455ce,spoon.reflect.visitor.ImportScannerImpl,spoon.reflect.visitor.ImportScannerImpl_ESTest,20,0,False
2340,Bears,Bears-56,0,6c71aafc517a42c3b033e90de282dd4b,spoon.reflect.visitor.ImportScannerImpl,spoon.reflect.visitor.ImportScannerImpl_ESTest,23,0,False
2341,Bears,Bears-56,0,9de049eae770448f93019b4193095243,spoon.reflect.visitor.ImportScannerImpl,spoon.reflect.visitor.ImportScannerImpl_ESTest,19,0,False
2342,Bears,Bears-56,0,4957d37e165a4c8dae020f315d6d4951,spoon.reflect.visitor.ImportScannerImpl,spoon.reflect.visitor.ImportScannerImpl_ESTest,19,0,False
2343,Bears,Bears-56,0,2e0725cfa174435a8af0ac61bcf68432,spoon.reflect.visitor.ImportScannerImpl,spoon.reflect.visitor.ImportScannerImpl_ESTest,22,0,False
2344,Bears,Bears-56,0,ad35e6a9a482404bbeebb4310d97dd8f,spoon.reflect.visitor.ImportScannerImpl,spoon.reflect.visitor.ImportScannerImpl_ESTest,22,0,False
2345,Bears,Bears-56,0,b895ad571b804a78b0b285f0d654006a,spoon.reflect.visitor.ImportScannerImpl,spoon.reflect.visitor.ImportScannerImpl_ESTest,21,0,False
2346,Bears,Bears-56,0,e60c76ed42b7418f9ce2b72667fae812,spoon.reflect.visitor.ImportScannerImpl,spoon.reflect.visitor.ImportScannerImpl_ESTest,23,0,False
2347,Bears,Bears-56,0,388ff896313b4844bcdc5d00bf394499,spoon.reflect.visitor.ImportScannerImpl,spoon.reflect.visitor.ImportScannerImpl_ESTest,19,0,False
2348,Bears,Bears-56,0,6343439990b0412580610be685012dec,spoon.reflect.visitor.ImportScannerImpl,spoon.reflect.visitor.ImportScannerImpl_ESTest,19,0,False
2349,Bears,Bears-56,0,9154c1fa628c4cd7aa8748cc2ce60d39,spoon.reflect.visitor.ImportScannerImpl,spoon.reflect.visitor.ImportScannerImpl_ESTest,22,0,False
2350,Bears,Bears-56,0,2fcef1c1847449d6b247d594fe52629d,spoon.reflect.visitor.ImportScannerImpl,spoon.reflect.visitor.ImportScannerImpl_ESTest,20,0,False
2351,Bears,Bears-56,0,31ac95351c3842cf9bbaf4c27e094f6f,spoon.reflect.visitor.ImportScannerImpl,spoon.reflect.visitor.ImportScannerImpl_ESTest,21,0,False
2352,Bears,Bears-56,0,fc956b319ec246f682c4c54a2a50945a,spoon.reflect.visitor.ImportScannerImpl,spoon.reflect.visitor.ImportScannerImpl_ESTest,15,0,False
2353,Bears,Bears-56,0,0dc9753dd56b4286a0520058e7c6a5db,spoon.reflect.visitor.ImportScannerImpl,spoon.reflect.visitor.ImportScannerImpl_ESTest,21,0,False
2354,Bears,Bears-56,0,ba6a2bd60f08411fa60afd4698a1af71,spoon.reflect.visitor.ImportScannerImpl,spoon.reflect.visitor.ImportScannerImpl_ESTest,19,0,False
2355,Bears,Bears-56,0,e0a2fdc5d5324c0794ffe62edc9f1b53,spoon.reflect.visitor.ImportScannerImpl,spoon.reflect.visitor.ImportScannerImpl_ESTest,22,0,False
2356,Bears,Bears-56,0,b1b78c0881c24a35a510a0c7e04806e7,spoon.reflect.visitor.ImportScannerImpl,spoon.reflect.visitor.ImportScannerImpl_ESTest,19,0,False
2357,Bears,Bears-56,0,28fe26e0d0f14ba3ae209769f85eeb6b,spoon.reflect.visitor.ImportScannerImpl,spoon.reflect.visitor.ImportScannerImpl_ESTest,22,0,False
2358,Bears,Bears-56,0,082b74738812403588fa6e6bfacdb5c3,spoon.reflect.visitor.ImportScannerImpl,spoon.reflect.visitor.ImportScannerImpl_ESTest,18,0,False
2359,Bears,Bears-56,0,18b5c742822e4016aefe8cd64206dd54,spoon.reflect.visitor.ImportScannerImpl,spoon.reflect.visitor.ImportScannerImpl_ESTest,23,0,False
2360,Bears,Bears-56,0,0dbb5859a76a42b6ace0bb823b1398e2,spoon.reflect.visitor.ImportScannerImpl,spoon.reflect.visitor.ImportScannerImpl_ESTest,16,0,False
2361,Bears,Bears-56,0,cdb327da9aaf4d93b5722e34140d335e,spoon.reflect.visitor.ImportScannerImpl,spoon.reflect.visitor.ImportScannerImpl_ESTest,17,0,False
2362,Bears,Bears-56,0,16a2cb50ec4a48fe9a85472a408e29de,spoon.reflect.visitor.ImportScannerImpl,spoon.reflect.visitor.ImportScannerImpl_ESTest,17,0,False
2363,Bears,Bears-56,0,e8351d67043d4e2b940dedcd7288ef0b,spoon.reflect.visitor.ImportScannerImpl,spoon.reflect.visitor.ImportScannerImpl_ESTest,19,0,False
2364,Bears,Bears-56,0,fe965a1dadb24656b15987ebd2746ac4,spoon.reflect.visitor.ImportScannerImpl,spoon.reflect.visitor.ImportScannerImpl_ESTest,17,0,False
2365,Bears,Bears-56,0,4ce0f14b252a43e4a4405461c77c53dd,spoon.reflect.visitor.ImportScannerImpl,spoon.reflect.visitor.ImportScannerImpl_ESTest,17,0,False
2366,Bears,Bears-72,0,ac073b06f01d4b2fb787313ac10a81f9,spoon.reflect.visitor.DefaultJavaPrettyPrinter,spoon.reflect.visitor.DefaultJavaPrettyPrinter_ESTest,70,0,False
2367,Bears,Bears-72,0,694cae0f89b24070b89b96aa1f2e8265,spoon.reflect.visitor.DefaultJavaPrettyPrinter,spoon.reflect.visitor.DefaultJavaPrettyPrinter_ESTest,61,0,False
2368,Bears,Bears-72,0,dd3fd2c82c86406d89dd5882ca6ec047,spoon.reflect.visitor.DefaultJavaPrettyPrinter,spoon.reflect.visitor.DefaultJavaPrettyPrinter_ESTest,64,0,False
2369,Bears,Bears-72,0,950ed1b77d7844c7a97141f4db002af5,spoon.reflect.visitor.DefaultJavaPrettyPrinter,spoon.reflect.visitor.DefaultJavaPrettyPrinter_ESTest,61,0,False
2370,Bears,Bears-72,0,37f65db1b1c14f2ba283a2b58635d02b,spoon.reflect.visitor.DefaultJavaPrettyPrinter,spoon.reflect.visitor.DefaultJavaPrettyPrinter_ESTest,18,0,False
2371,Bears,Bears-72,0,27dd981afb5d4a46a42b54f3bd1ac92f,spoon.reflect.visitor.DefaultJavaPrettyPrinter,spoon.reflect.visitor.DefaultJavaPrettyPrinter_ESTest,57,0,False
2372,Bears,Bears-72,0,533fabfd9fab4442a71a1057bccd7bce,spoon.reflect.visitor.DefaultJavaPrettyPrinter,spoon.reflect.visitor.DefaultJavaPrettyPrinter_ESTest,70,0,False
2373,Bears,Bears-72,0,a18622afe84f4aa28ce76fe6c7d2f063,spoon.reflect.visitor.DefaultJavaPrettyPrinter,spoon.reflect.visitor.DefaultJavaPrettyPrinter_ESTest,75,0,False
2374,Bears,Bears-72,0,f7261e1a6a674517837008f486576f09,spoon.reflect.visitor.DefaultJavaPrettyPrinter,spoon.reflect.visitor.DefaultJavaPrettyPrinter_ESTest,61,0,False
2375,Bears,Bears-72,0,3f36de044482412c944915fd54cd4c62,spoon.reflect.visitor.DefaultJavaPrettyPrinter,spoon.reflect.visitor.DefaultJavaPrettyPrinter_ESTest,80,0,False
2376,Bears,Bears-72,0,1099e953fc254413ae6a6193e9691686,spoon.reflect.visitor.DefaultJavaPrettyPrinter,spoon.reflect.visitor.DefaultJavaPrettyPrinter_ESTest,81,0,False
2377,Bears,Bears-72,0,d1b4c0faee14429cb16e4b1c4865a54d,spoon.reflect.visitor.DefaultJavaPrettyPrinter,spoon.reflect.visitor.DefaultJavaPrettyPrinter_ESTest,87,0,False
2378,Bears,Bears-72,0,8a456fd0698542599caee20883164351,spoon.reflect.visitor.DefaultJavaPrettyPrinter,spoon.reflect.visitor.DefaultJavaPrettyPrinter_ESTest,61,0,False
2379,Bears,Bears-72,0,3b83c6f84b9841e3b19816bac24be2e3,spoon.reflect.visitor.DefaultJavaPrettyPrinter,spoon.reflect.visitor.DefaultJavaPrettyPrinter_ESTest,58,0,False
2380,Bears,Bears-72,0,fa7be84335694e9e8387cf60af0b22b5,spoon.reflect.visitor.DefaultJavaPrettyPrinter,spoon.reflect.visitor.DefaultJavaPrettyPrinter_ESTest,68,0,False
2381,Bears,Bears-72,0,bce433a5a9b44eafb8868caa4784d520,spoon.reflect.visitor.DefaultJavaPrettyPrinter,spoon.reflect.visitor.DefaultJavaPrettyPrinter_ESTest,65,0,False
2382,Bears,Bears-72,0,ca0b3879150941319edf928aacce8d3c,spoon.reflect.visitor.DefaultJavaPrettyPrinter,spoon.reflect.visitor.DefaultJavaPrettyPrinter_ESTest,71,0,False
2383,Bears,Bears-72,0,a0e0442f8fa6413e99f0fe2e90a43548,spoon.reflect.visitor.DefaultJavaPrettyPrinter,spoon.reflect.visitor.DefaultJavaPrettyPrinter_ESTest,57,0,False
2384,Bears,Bears-72,0,5090a62b293e4dc08aef9c2cc4c64c38,spoon.reflect.visitor.DefaultJavaPrettyPrinter,spoon.reflect.visitor.DefaultJavaPrettyPrinter_ESTest,66,0,False
2385,Bears,Bears-72,0,76bba16c056d4026a236b477d0bdc04b,spoon.reflect.visitor.DefaultJavaPrettyPrinter,spoon.reflect.visitor.DefaultJavaPrettyPrinter_ESTest,68,0,False
2386,Bears,Bears-72,0,e526d950837643578feb508fbfcd2cff,spoon.reflect.visitor.DefaultJavaPrettyPrinter,spoon.reflect.visitor.DefaultJavaPrettyPrinter_ESTest,66,0,False
2387,Bears,Bears-72,0,aaf3d45d3b4f402eb55c74f7103269ff,spoon.reflect.visitor.DefaultJavaPrettyPrinter,spoon.reflect.visitor.DefaultJavaPrettyPrinter_ESTest,59,0,False
2388,Bears,Bears-72,0,c6f68619ffb64b72815947003fccc861,spoon.reflect.visitor.DefaultJavaPrettyPrinter,spoon.reflect.visitor.DefaultJavaPrettyPrinter_ESTest,59,0,False
2389,Bears,Bears-72,0,a3abec18716e4412a19c35d050c4bc87,spoon.reflect.visitor.DefaultJavaPrettyPrinter,spoon.reflect.visitor.DefaultJavaPrettyPrinter_ESTest,69,0,False
2390,Bears,Bears-72,0,a684490408324137a40849a1d8099d16,spoon.reflect.visitor.DefaultJavaPrettyPrinter,spoon.reflect.visitor.DefaultJavaPrettyPrinter_ESTest,62,0,False
2391,Bears,Bears-72,0,34a47c926caa48a3b2558a209acc0694,spoon.reflect.visitor.DefaultJavaPrettyPrinter,spoon.reflect.visitor.DefaultJavaPrettyPrinter_ESTest,69,0,False
2392,Bears,Bears-72,0,8c09314161314578b106fe2f02188f1c,spoon.reflect.visitor.DefaultJavaPrettyPrinter,spoon.reflect.visitor.DefaultJavaPrettyPrinter_ESTest,8,0,False
2393,Bears,Bears-72,0,2b2ac2de14bc456d8ec93bb931719bba,spoon.reflect.visitor.DefaultJavaPrettyPrinter,spoon.reflect.visitor.DefaultJavaPrettyPrinter_ESTest,63,0,False
2394,Bears,Bears-189,0,fa50b8978aa448fd992f673e256d126e,hu.oe.nik.szfmv.detector.classes.Detector,hu.oe.nik.szfmv.detector.classes.Detector_ESTest,5,0,False
2395,Bears,Bears-189,0,31894f405b214673adde44035bb8913f,hu.oe.nik.szfmv.detector.classes.Detector,hu.oe.nik.szfmv.detector.classes.Detector_ESTest,5,0,False
2396,Bears,Bears-189,0,b5d0e0bd33eb42e29882b65900a1c596,hu.oe.nik.szfmv.detector.classes.Detector,hu.oe.nik.szfmv.detector.classes.Detector_ESTest,5,0,False
2397,Bears,Bears-189,0,df4b9d91c4cc4437a4e3cb6b6f79b6eb,hu.oe.nik.szfmv.detector.classes.Detector,hu.oe.nik.szfmv.detector.classes.Detector_ESTest,5,0,False
2398,Bears,Bears-189,0,f84a59784594488ba11c61b500dacd2d,hu.oe.nik.szfmv.detector.classes.Detector,hu.oe.nik.szfmv.detector.classes.Detector_ESTest,5,0,False
2399,Bears,Bears-189,0,ce9da2491b6f4d199751b91402336ff8,hu.oe.nik.szfmv.detector.classes.Detector,hu.oe.nik.szfmv.detector.classes.Detector_ESTest,5,0,False
2400,Bears,Bears-189,0,ebaf9cd6288040eeae85b8309f376677,hu.oe.nik.szfmv.detector.classes.Detector,hu.oe.nik.szfmv.detector.classes.Detector_ESTest,5,0,False
2401,Bears,Bears-189,0,aec21c05280a477b8dbe5291c75d045a,hu.oe.nik.szfmv.detector.classes.Detector,hu.oe.nik.szfmv.detector.classes.Detector_ESTest,5,0,False
2402,Bears,Bears-189,0,a0e19f5ce22f4715ac2090b6671cd9a0,hu.oe.nik.szfmv.detector.classes.Detector,hu.oe.nik.szfmv.detector.classes.Detector_ESTest,5,0,False
2403,Bears,Bears-189,0,24b247089d334f94a534e2e251e25019,hu.oe.nik.szfmv.detector.classes.Detector,hu.oe.nik.szfmv.detector.classes.Detector_ESTest,5,0,False
2404,Bears,Bears-189,0,4959337998344169a9f5375f19393fe4,hu.oe.nik.szfmv.detector.classes.Detector,hu.oe.nik.szfmv.detector.classes.Detector_ESTest,5,0,False
2405,Bears,Bears-189,0,ea7eb05e72b549d6888a506c9cdb0ddd,hu.oe.nik.szfmv.detector.classes.Detector,hu.oe.nik.szfmv.detector.classes.Detector_ESTest,5,0,False
2406,Bears,Bears-189,0,026a44cc6dd544cba595593fbd2fb9ea,hu.oe.nik.szfmv.detector.classes.Detector,hu.oe.nik.szfmv.detector.classes.Detector_ESTest,5,0,False
2407,Bears,Bears-189,0,eb97a5d0440c44a59362661dca487237,hu.oe.nik.szfmv.detector.classes.Detector,hu.oe.nik.szfmv.detector.classes.Detector_ESTest,5,0,False
2408,Bears,Bears-189,0,62218dbeb209434cb193df3456baa065,hu.oe.nik.szfmv.detector.classes.Detector,hu.oe.nik.szfmv.detector.classes.Detector_ESTest,5,0,False
2409,Bears,Bears-189,0,5fdab6d628d14569acf7d511bdc8bf5f,hu.oe.nik.szfmv.detector.classes.Detector,hu.oe.nik.szfmv.detector.classes.Detector_ESTest,5,0,False
2410,Bears,Bears-189,0,9bffd3bc0d954eeea00414aa46555708,hu.oe.nik.szfmv.detector.classes.Detector,hu.oe.nik.szfmv.detector.classes.Detector_ESTest,5,0,False
2411,Bears,Bears-189,0,0a9496bc45ad44b49497d419e308d8c2,hu.oe.nik.szfmv.detector.classes.Detector,hu.oe.nik.szfmv.detector.classes.Detector_ESTest,5,0,False
2412,Bears,Bears-189,0,7c4810a0911845c7949efb5bde149ead,hu.oe.nik.szfmv.detector.classes.Detector,hu.oe.nik.szfmv.detector.classes.Detector_ESTest,5,0,False
2413,Bears,Bears-189,0,b67f9c8f2e9741478e0e788dfcb38173,hu.oe.nik.szfmv.detector.classes.Detector,hu.oe.nik.szfmv.detector.classes.Detector_ESTest,6,0,False
2414,Bears,Bears-189,0,521e591f1bcf4a2cb828b8344685c2af,hu.oe.nik.szfmv.detector.classes.Detector,hu.oe.nik.szfmv.detector.classes.Detector_ESTest,3,0,False
2415,Bears,Bears-189,0,ae96884ba3db466983d08df20f5c5ce3,hu.oe.nik.szfmv.detector.classes.Detector,hu.oe.nik.szfmv.detector.classes.Detector_ESTest,5,0,False
2416,Bears,Bears-189,0,568aa65ee055412c9218122e26a52f7f,hu.oe.nik.szfmv.detector.classes.Detector,hu.oe.nik.szfmv.detector.classes.Detector_ESTest,5,0,False
2417,Bears,Bears-189,0,7f0ce582d9cf4093b56a5a348ba025ee,hu.oe.nik.szfmv.detector.classes.Detector,hu.oe.nik.szfmv.detector.classes.Detector_ESTest,5,0,False
2418,Bears,Bears-189,0,103d57128e524fc7a150f852a636fd05,hu.oe.nik.szfmv.detector.classes.Detector,hu.oe.nik.szfmv.detector.classes.Detector_ESTest,5,0,False
2419,Bears,Bears-189,0,4fc1532b1dfc4476b4307c964a89f81a,hu.oe.nik.szfmv.detector.classes.Detector,hu.oe.nik.szfmv.detector.classes.Detector_ESTest,5,0,False
2420,Bears,Bears-189,0,f0aeebca4b2d4dbe9c0c2dd38ceacd62,hu.oe.nik.szfmv.detector.classes.Detector,hu.oe.nik.szfmv.detector.classes.Detector_ESTest,5,0,False
2421,Bears,Bears-189,0,011afdf839b54700bed7f9456e64d892,hu.oe.nik.szfmv.detector.classes.Detector,hu.oe.nik.szfmv.detector.classes.Detector_ESTest,5,0,False
2422,Bears,Bears-189,0,7a550b97669e4998bf23692aa66a4c2e,hu.oe.nik.szfmv.detector.classes.Detector,hu.oe.nik.szfmv.detector.classes.Detector_ESTest,5,0,False
2423,Bears,Bears-189,0,402af67fa8e84ac8b98c46570725cc6d,hu.oe.nik.szfmv.detector.classes.Detector,hu.oe.nik.szfmv.detector.classes.Detector_ESTest,5,0,False
2424,Bears,Bears-46,0,6a7a4f894ab64f6589882b32ec643ebe,spoon.support.reflect.declaration.CtElementImpl,spoon.support.reflect.declaration.CtElementImpl_ESTest,25,0,False
2425,Bears,Bears-46,0,b7613c79ef2d4540b5ed598b2f09c5b4,spoon.support.reflect.declaration.CtElementImpl,spoon.support.reflect.declaration.CtElementImpl_ESTest,28,0,False
2426,Bears,Bears-46,0,b9ba0b31a9814aa9a76533b7cbf87d0b,spoon.support.reflect.declaration.CtElementImpl,spoon.support.reflect.declaration.CtElementImpl_ESTest,27,0,False
2427,Bears,Bears-46,0,1466b575a05848d48f1daa6beb31dc23,spoon.support.reflect.declaration.CtElementImpl,spoon.support.reflect.declaration.CtElementImpl_ESTest,24,0,False
2428,Bears,Bears-46,0,aa97e8489ee842209abdf4f93d410a74,spoon.support.reflect.declaration.CtElementImpl,spoon.support.reflect.declaration.CtElementImpl_ESTest,32,0,False
2429,Bears,Bears-46,0,a9722bb58efe4c988eedfa968d7114e5,spoon.support.reflect.declaration.CtElementImpl,spoon.support.reflect.declaration.CtElementImpl_ESTest,28,0,False
2430,Bears,Bears-46,0,c3d1d11dcf764738b0b9f566796b8850,spoon.support.reflect.declaration.CtElementImpl,spoon.support.reflect.declaration.CtElementImpl_ESTest,22,0,False
2431,Bears,Bears-46,0,eb92b2118da448fbba0ea99aabfe421a,spoon.support.reflect.declaration.CtElementImpl,spoon.support.reflect.declaration.CtElementImpl_ESTest,25,0,False
2432,Bears,Bears-46,0,e111ac33b174489b9cc1114c731a8b6b,spoon.support.reflect.declaration.CtElementImpl,spoon.support.reflect.declaration.CtElementImpl_ESTest,34,0,False
2433,Bears,Bears-46,0,0a62b64de05b4551887ae3d0ec454def,spoon.support.reflect.declaration.CtElementImpl,spoon.support.reflect.declaration.CtElementImpl_ESTest,24,0,False
2434,Bears,Bears-46,0,953a82b4c48e4ddd830ac788cef1b3d1,spoon.support.reflect.declaration.CtElementImpl,spoon.support.reflect.declaration.CtElementImpl_ESTest,22,0,False
2435,Bears,Bears-46,0,c8f240440af84b21bd623bf109739e42,spoon.support.reflect.declaration.CtElementImpl,spoon.support.reflect.declaration.CtElementImpl_ESTest,29,0,False
2436,Bears,Bears-46,0,b1c93b2327d74aaa94178a07edfda4ae,spoon.support.reflect.declaration.CtElementImpl,spoon.support.reflect.declaration.CtElementImpl_ESTest,21,0,False
2437,Bears,Bears-46,0,6ffe204a47674f3bbff509340e0a66a6,spoon.support.reflect.declaration.CtElementImpl,spoon.support.reflect.declaration.CtElementImpl_ESTest,25,0,False
2438,Bears,Bears-46,0,ecadaa3101f74261ad26d32be04aeaf3,spoon.support.reflect.declaration.CtElementImpl,spoon.support.reflect.declaration.CtElementImpl_ESTest,32,0,False
2439,Bears,Bears-46,0,e105eade35804fc0a94b4d3e0d46a65c,spoon.support.reflect.declaration.CtElementImpl,spoon.support.reflect.declaration.CtElementImpl_ESTest,24,0,False
2440,Bears,Bears-46,0,72e5a7b2117f420d9624d65d9fb7eb10,spoon.support.reflect.declaration.CtElementImpl,spoon.support.reflect.declaration.CtElementImpl_ESTest,24,0,False
2441,Bears,Bears-46,0,6abd896838ef455baaa4c484a81e0abf,spoon.support.reflect.declaration.CtElementImpl,spoon.support.reflect.declaration.CtElementImpl_ESTest,27,0,False
2442,Bears,Bears-46,0,5766602993d74ea388071ec673b43565,spoon.support.reflect.declaration.CtElementImpl,spoon.support.reflect.declaration.CtElementImpl_ESTest,23,0,False
2443,Bears,Bears-46,0,492e79ed3a1d40839014ec5fc1a09ba8,spoon.support.reflect.declaration.CtElementImpl,spoon.support.reflect.declaration.CtElementImpl_ESTest,31,0,False
2444,Bears,Bears-46,0,ac751b92e568463b9e7c31d37c281975,spoon.support.reflect.declaration.CtElementImpl,spoon.support.reflect.declaration.CtElementImpl_ESTest,27,0,False
2445,Bears,Bears-46,0,a06717155f514be0b2c8d428f10182d7,spoon.support.reflect.declaration.CtElementImpl,spoon.support.reflect.declaration.CtElementImpl_ESTest,28,0,False
2446,Bears,Bears-46,0,aa981521773440cfbc43c218d5639ebb,spoon.support.reflect.declaration.CtElementImpl,spoon.support.reflect.declaration.CtElementImpl_ESTest,27,0,False
2447,Bears,Bears-46,0,7aac3b3f5e124cbd82345464fcdfd684,spoon.support.reflect.declaration.CtElementImpl,spoon.support.reflect.declaration.CtElementImpl_ESTest,34,0,False
2448,Bears,Bears-46,0,519e0620dff149fd82b46f4fd6a1741b,spoon.support.reflect.declaration.CtElementImpl,spoon.support.reflect.declaration.CtElementImpl_ESTest,31,0,False
2449,Bears,Bears-46,0,11584f7f495248d3805ad9d2326f75ff,spoon.support.reflect.declaration.CtElementImpl,spoon.support.reflect.declaration.CtElementImpl_ESTest,29,0,False
2450,Bears,Bears-46,0,3cba7f43406d40988cd005e6ef67faef,spoon.support.reflect.declaration.CtElementImpl,spoon.support.reflect.declaration.CtElementImpl_ESTest,36,0,False
2451,Bears,Bears-70,0,bdde0a04c2b74b488b6808b103ba88a9,spoon.support.compiler.jdt.ContextBuilder,spoon.support.compiler.jdt.ContextBuilder_ESTest,7,0,False
2452,Bears,Bears-70,0,46357a00fe5b4bed83218207423415e1,spoon.support.compiler.jdt.ContextBuilder,spoon.support.compiler.jdt.ContextBuilder_ESTest,4,0,False
2453,Bears,Bears-70,0,595c6d5769aa49c5bdfeefce50e2f058,spoon.support.compiler.jdt.ContextBuilder,spoon.support.compiler.jdt.ContextBuilder_ESTest,7,0,False
2454,Bears,Bears-70,0,e808129936c649a784188701fb91a173,spoon.support.compiler.jdt.ContextBuilder,spoon.support.compiler.jdt.ContextBuilder_ESTest,6,0,False
2455,Bears,Bears-70,0,1dfa11613ae543d98aba6b848d6b72d9,spoon.support.compiler.jdt.ContextBuilder,spoon.support.compiler.jdt.ContextBuilder_ESTest,7,0,False
2456,Bears,Bears-70,0,550bec1dfec24fc6a8938586da1533f1,spoon.support.compiler.jdt.ContextBuilder,spoon.support.compiler.jdt.ContextBuilder_ESTest,8,0,False
2457,Bears,Bears-70,0,78e74d38fcd94fe9a09673e9a3370e33,spoon.support.compiler.jdt.ContextBuilder,spoon.support.compiler.jdt.ContextBuilder_ESTest,7,0,False
2458,Bears,Bears-70,0,1ab3ad80ea3d4c4bb6598e386a0085c6,spoon.support.compiler.jdt.ContextBuilder,spoon.support.compiler.jdt.ContextBuilder_ESTest,6,0,False
2459,Bears,Bears-70,0,5d6ba8c7d9c649ac94aae26b9c39ec48,spoon.support.compiler.jdt.ContextBuilder,spoon.support.compiler.jdt.ContextBuilder_ESTest,6,0,False
2460,Bears,Bears-70,0,eebb6764763a42f78201c864485988e8,spoon.support.compiler.jdt.ContextBuilder,spoon.support.compiler.jdt.ContextBuilder_ESTest,5,0,False
2461,Bears,Bears-70,0,485c51133ef740afbf6dc78da82be8d0,spoon.support.compiler.jdt.ContextBuilder,spoon.support.compiler.jdt.ContextBuilder_ESTest,7,0,False
2462,Bears,Bears-70,0,607c0054338248f193937c7eee9a7f3b,spoon.support.compiler.jdt.ContextBuilder,spoon.support.compiler.jdt.ContextBuilder_ESTest,5,0,False
2463,Bears,Bears-70,0,8967f27d5c4a48c38bb66da181387e32,spoon.support.compiler.jdt.ContextBuilder,spoon.support.compiler.jdt.ContextBuilder_ESTest,5,0,False
2464,Bears,Bears-70,0,e74126e2cc7e4c069bb67d80f3c4483f,spoon.support.compiler.jdt.ContextBuilder,spoon.support.compiler.jdt.ContextBuilder_ESTest,6,0,False
2465,Bears,Bears-70,0,a9f89f7ebb154d5ba70a36539c99bd6b,spoon.support.compiler.jdt.ContextBuilder,spoon.support.compiler.jdt.ContextBuilder_ESTest,5,0,False
2466,Bears,Bears-70,0,277eeae953294e258ae77c06cc2d6edc,spoon.support.compiler.jdt.ContextBuilder,spoon.support.compiler.jdt.ContextBuilder_ESTest,6,0,False
2467,Bears,Bears-70,0,0f829ce5be5e40b998dc6edaf6a2fbe1,spoon.support.compiler.jdt.ContextBuilder,spoon.support.compiler.jdt.ContextBuilder_ESTest,5,0,False
2468,Bears,Bears-70,0,e3ac3c311196479a9821bc327b526f89,spoon.support.compiler.jdt.ContextBuilder,spoon.support.compiler.jdt.ContextBuilder_ESTest,6,0,False
2469,Bears,Bears-70,0,f03b264065884f2280b28ee8f7f6b8d8,spoon.support.compiler.jdt.ContextBuilder,spoon.support.compiler.jdt.ContextBuilder_ESTest,3,0,False
2470,Bears,Bears-70,0,3a35375a874f4e50ba8120d1ec38a10d,spoon.support.compiler.jdt.ContextBuilder,spoon.support.compiler.jdt.ContextBuilder_ESTest,7,0,False
2471,Bears,Bears-70,0,c867af882305473bb8284b672f7b2d7d,spoon.support.compiler.jdt.ContextBuilder,spoon.support.compiler.jdt.ContextBuilder_ESTest,7,0,False
2472,Bears,Bears-70,0,60bde1b7509c4c68baedef4c1294a014,spoon.support.compiler.jdt.ContextBuilder,spoon.support.compiler.jdt.ContextBuilder_ESTest,4,0,False
2473,Bears,Bears-70,0,3f0dd0580a574ece8cacdbb6abea228e,spoon.support.compiler.jdt.ContextBuilder,spoon.support.compiler.jdt.ContextBuilder_ESTest,4,0,False
