,benchmark_group,benchmark_name,npe_label,experiment_id,input_class,replayed_testsuite,compiled_tests,commented_tests,npe_reproduced
0,BugSwarm,Universal_G__Code_Sender-172454077,0,680419ddcabb499a8ce571f2209e9623,com.willwinder.universalgcodesender.GrblController,com.willwinder.universalgcodesender.GrblController_ESTest,36,0,False
1,BugSwarm,Universal_G__Code_Sender-172454077,0,8d9e3eec39784b108d3a61eec9a65222,com.willwinder.universalgcodesender.GrblController,com.willwinder.universalgcodesender.GrblController_ESTest,35,0,False
2,BugSwarm,Universal_G__Code_Sender-172454077,0,2c8731261f9446a2a1c1373b81868e98,com.willwinder.universalgcodesender.GrblController,com.willwinder.universalgcodesender.GrblController_ESTest,33,0,False
3,BugSwarm,Universal_G__Code_Sender-172454077,0,83ee5b05048f41999583736957def064,com.willwinder.universalgcodesender.GrblController,com.willwinder.universalgcodesender.GrblController_ESTest,32,0,False
4,BugSwarm,Universal_G__Code_Sender-172454077,0,85e3f9d0d4b14a8d9e8c2a45817ec7cb,com.willwinder.universalgcodesender.GrblController,com.willwinder.universalgcodesender.GrblController_ESTest,37,0,False
5,BugSwarm,Universal_G__Code_Sender-172454077,0,652ec9c816d4417a977845f8f502238c,com.willwinder.universalgcodesender.GrblController,com.willwinder.universalgcodesender.GrblController_ESTest,37,0,False
6,BugSwarm,Universal_G__Code_Sender-172454077,0,00fbf54be561414ca76b089975b54540,com.willwinder.universalgcodesender.GrblController,com.willwinder.universalgcodesender.GrblController_ESTest,30,0,False
7,BugSwarm,Universal_G__Code_Sender-172454077,0,b655f77d7eb5427c8ad60217f069fb40,com.willwinder.universalgcodesender.GrblController,com.willwinder.universalgcodesender.GrblController_ESTest,35,0,False
8,BugSwarm,Universal_G__Code_Sender-172454077,0,c10a9b46ebc4485ab43e7295ce515943,com.willwinder.universalgcodesender.GrblController,com.willwinder.universalgcodesender.GrblController_ESTest,33,0,False
9,BugSwarm,Universal_G__Code_Sender-172454077,0,1b5ec2377ee24efb9dfc6aeb1b853349,com.willwinder.universalgcodesender.GrblController,com.willwinder.universalgcodesender.GrblController_ESTest,36,0,False
10,BugSwarm,Universal_G__Code_Sender-172454077,0,f36229ba2f4b4d0eb2ea866f9ecc51af,com.willwinder.universalgcodesender.GrblController,com.willwinder.universalgcodesender.GrblController_ESTest,35,0,False
11,BugSwarm,Universal_G__Code_Sender-172454077,0,08b2f033f4b945f79baa47aed30beffa,com.willwinder.universalgcodesender.GrblController,com.willwinder.universalgcodesender.GrblController_ESTest,30,0,False
12,BugSwarm,Universal_G__Code_Sender-172454077,0,37dec03487d8422bb9a747834e66ee46,com.willwinder.universalgcodesender.GrblController,com.willwinder.universalgcodesender.GrblController_ESTest,34,0,False
13,BugSwarm,Universal_G__Code_Sender-172454077,0,d5cf4bb1d0454c73afcc8c730e4c6192,com.willwinder.universalgcodesender.GrblController,com.willwinder.universalgcodesender.GrblController_ESTest,35,0,False
14,BugSwarm,Universal_G__Code_Sender-172454077,0,5b3dca58a1b445eabd37a11469a7f2f1,com.willwinder.universalgcodesender.GrblController,com.willwinder.universalgcodesender.GrblController_ESTest,36,0,False
15,BugSwarm,Universal_G__Code_Sender-172454077,0,f752a30a732745abae1dc167b569428b,com.willwinder.universalgcodesender.GrblController,com.willwinder.universalgcodesender.GrblController_ESTest,30,0,False
16,BugSwarm,Universal_G__Code_Sender-172454077,0,33f6c222d5ed4c84b351ee33b9f6cd19,com.willwinder.universalgcodesender.GrblController,com.willwinder.universalgcodesender.GrblController_ESTest,36,0,False
17,BugSwarm,Universal_G__Code_Sender-172454077,0,28e8a266c2b740f9b7bb8e9b2798135e,com.willwinder.universalgcodesender.GrblController,com.willwinder.universalgcodesender.GrblController_ESTest,32,0,False
18,BugSwarm,Universal_G__Code_Sender-172454077,0,0cdfdbf3a9a1492aac7affe4afa64977,com.willwinder.universalgcodesender.GrblController,com.willwinder.universalgcodesender.GrblController_ESTest,34,0,False
19,BugSwarm,Universal_G__Code_Sender-172454077,0,f93c6c70972145bcb7c488c7f639df53,com.willwinder.universalgcodesender.GrblController,com.willwinder.universalgcodesender.GrblController_ESTest,36,0,False
20,BugSwarm,Universal_G__Code_Sender-172454077,0,db5763c54776401da87a0b82ef5e5362,com.willwinder.universalgcodesender.GrblController,com.willwinder.universalgcodesender.GrblController_ESTest,33,0,False
21,BugSwarm,Universal_G__Code_Sender-172454077,0,357336f8004048869c4f7d90f26302db,com.willwinder.universalgcodesender.GrblController,com.willwinder.universalgcodesender.GrblController_ESTest,37,0,False
22,BugSwarm,Universal_G__Code_Sender-172454077,0,81833f415e034574978917558bd622a0,com.willwinder.universalgcodesender.GrblController,com.willwinder.universalgcodesender.GrblController_ESTest,33,0,False
23,BugSwarm,Universal_G__Code_Sender-172454077,0,7a4a34a9e0b74b84b29b59c332ba7586,com.willwinder.universalgcodesender.GrblController,com.willwinder.universalgcodesender.GrblController_ESTest,28,0,False
24,BugSwarm,Universal_G__Code_Sender-172454077,0,a479812c93c44043bdceb5447b6b0dc2,com.willwinder.universalgcodesender.GrblController,com.willwinder.universalgcodesender.GrblController_ESTest,37,0,False
25,BugSwarm,Universal_G__Code_Sender-172454077,0,d8a7ea3a7e324028bac0ba2f32732f9b,com.willwinder.universalgcodesender.GrblController,com.willwinder.universalgcodesender.GrblController_ESTest,32,0,False
26,BugSwarm,Universal_G__Code_Sender-172454077,0,8abc0ab8bfe54866ba1a14d0fea4d8b6,com.willwinder.universalgcodesender.GrblController,com.willwinder.universalgcodesender.GrblController_ESTest,32,0,False
27,BugSwarm,Universal_G__Code_Sender-172454077,1,680419ddcabb499a8ce571f2209e9623,com.willwinder.universalgcodesender.GrblController,com.willwinder.universalgcodesender.GrblController_ESTest,36,0,False
28,BugSwarm,Universal_G__Code_Sender-172454077,1,8d9e3eec39784b108d3a61eec9a65222,com.willwinder.universalgcodesender.GrblController,com.willwinder.universalgcodesender.GrblController_ESTest,35,0,False
29,BugSwarm,Universal_G__Code_Sender-172454077,1,2c8731261f9446a2a1c1373b81868e98,com.willwinder.universalgcodesender.GrblController,com.willwinder.universalgcodesender.GrblController_ESTest,33,0,False
30,BugSwarm,Universal_G__Code_Sender-172454077,1,83ee5b05048f41999583736957def064,com.willwinder.universalgcodesender.GrblController,com.willwinder.universalgcodesender.GrblController_ESTest,32,0,False
31,BugSwarm,Universal_G__Code_Sender-172454077,1,85e3f9d0d4b14a8d9e8c2a45817ec7cb,com.willwinder.universalgcodesender.GrblController,com.willwinder.universalgcodesender.GrblController_ESTest,37,0,False
32,BugSwarm,Universal_G__Code_Sender-172454077,1,652ec9c816d4417a977845f8f502238c,com.willwinder.universalgcodesender.GrblController,com.willwinder.universalgcodesender.GrblController_ESTest,37,0,False
33,BugSwarm,Universal_G__Code_Sender-172454077,1,00fbf54be561414ca76b089975b54540,com.willwinder.universalgcodesender.GrblController,com.willwinder.universalgcodesender.GrblController_ESTest,30,0,False
34,BugSwarm,Universal_G__Code_Sender-172454077,1,b655f77d7eb5427c8ad60217f069fb40,com.willwinder.universalgcodesender.GrblController,com.willwinder.universalgcodesender.GrblController_ESTest,35,0,False
35,BugSwarm,Universal_G__Code_Sender-172454077,1,c10a9b46ebc4485ab43e7295ce515943,com.willwinder.universalgcodesender.GrblController,com.willwinder.universalgcodesender.GrblController_ESTest,33,0,False
36,BugSwarm,Universal_G__Code_Sender-172454077,1,1b5ec2377ee24efb9dfc6aeb1b853349,com.willwinder.universalgcodesender.GrblController,com.willwinder.universalgcodesender.GrblController_ESTest,36,0,False
37,BugSwarm,Universal_G__Code_Sender-172454077,1,f36229ba2f4b4d0eb2ea866f9ecc51af,com.willwinder.universalgcodesender.GrblController,com.willwinder.universalgcodesender.GrblController_ESTest,35,0,False
38,BugSwarm,Universal_G__Code_Sender-172454077,1,08b2f033f4b945f79baa47aed30beffa,com.willwinder.universalgcodesender.GrblController,com.willwinder.universalgcodesender.GrblController_ESTest,30,0,False
39,BugSwarm,Universal_G__Code_Sender-172454077,1,37dec03487d8422bb9a747834e66ee46,com.willwinder.universalgcodesender.GrblController,com.willwinder.universalgcodesender.GrblController_ESTest,34,0,False
40,BugSwarm,Universal_G__Code_Sender-172454077,1,d5cf4bb1d0454c73afcc8c730e4c6192,com.willwinder.universalgcodesender.GrblController,com.willwinder.universalgcodesender.GrblController_ESTest,35,0,False
41,BugSwarm,Universal_G__Code_Sender-172454077,1,5b3dca58a1b445eabd37a11469a7f2f1,com.willwinder.universalgcodesender.GrblController,com.willwinder.universalgcodesender.GrblController_ESTest,36,0,False
42,BugSwarm,Universal_G__Code_Sender-172454077,1,f752a30a732745abae1dc167b569428b,com.willwinder.universalgcodesender.GrblController,com.willwinder.universalgcodesender.GrblController_ESTest,30,0,False
43,BugSwarm,Universal_G__Code_Sender-172454077,1,33f6c222d5ed4c84b351ee33b9f6cd19,com.willwinder.universalgcodesender.GrblController,com.willwinder.universalgcodesender.GrblController_ESTest,36,0,False
44,BugSwarm,Universal_G__Code_Sender-172454077,1,28e8a266c2b740f9b7bb8e9b2798135e,com.willwinder.universalgcodesender.GrblController,com.willwinder.universalgcodesender.GrblController_ESTest,32,0,False
45,BugSwarm,Universal_G__Code_Sender-172454077,1,0cdfdbf3a9a1492aac7affe4afa64977,com.willwinder.universalgcodesender.GrblController,com.willwinder.universalgcodesender.GrblController_ESTest,34,0,False
46,BugSwarm,Universal_G__Code_Sender-172454077,1,f93c6c70972145bcb7c488c7f639df53,com.willwinder.universalgcodesender.GrblController,com.willwinder.universalgcodesender.GrblController_ESTest,36,0,False
47,BugSwarm,Universal_G__Code_Sender-172454077,1,db5763c54776401da87a0b82ef5e5362,com.willwinder.universalgcodesender.GrblController,com.willwinder.universalgcodesender.GrblController_ESTest,33,0,False
48,BugSwarm,Universal_G__Code_Sender-172454077,1,357336f8004048869c4f7d90f26302db,com.willwinder.universalgcodesender.GrblController,com.willwinder.universalgcodesender.GrblController_ESTest,37,0,False
49,BugSwarm,Universal_G__Code_Sender-172454077,1,81833f415e034574978917558bd622a0,com.willwinder.universalgcodesender.GrblController,com.willwinder.universalgcodesender.GrblController_ESTest,33,0,False
50,BugSwarm,Universal_G__Code_Sender-172454077,1,7a4a34a9e0b74b84b29b59c332ba7586,com.willwinder.universalgcodesender.GrblController,com.willwinder.universalgcodesender.GrblController_ESTest,28,0,False
51,BugSwarm,Universal_G__Code_Sender-172454077,1,a479812c93c44043bdceb5447b6b0dc2,com.willwinder.universalgcodesender.GrblController,com.willwinder.universalgcodesender.GrblController_ESTest,37,0,False
52,BugSwarm,Universal_G__Code_Sender-172454077,1,d8a7ea3a7e324028bac0ba2f32732f9b,com.willwinder.universalgcodesender.GrblController,com.willwinder.universalgcodesender.GrblController_ESTest,32,0,False
53,BugSwarm,Universal_G__Code_Sender-172454077,1,8abc0ab8bfe54866ba1a14d0fea4d8b6,com.willwinder.universalgcodesender.GrblController,com.willwinder.universalgcodesender.GrblController_ESTest,32,0,False
54,BugSwarm,deadcode4j-131735009,0,95790ac4c1e14abbb2b8d9d4806f54a4,org.sbolstandard.core2.ComponentDefinition,org.sbolstandard.core2.ComponentDefinition_ESTest,45,0,False
55,BugSwarm,deadcode4j-131735009,0,9e0f55a18609476a8fdbaf3ea63c6d7d,org.sbolstandard.core2.ComponentDefinition,org.sbolstandard.core2.ComponentDefinition_ESTest,39,0,False
56,BugSwarm,deadcode4j-131735009,0,4890dae4e9b34873ab7435ed0e52fa10,org.sbolstandard.core2.ComponentDefinition,org.sbolstandard.core2.ComponentDefinition_ESTest,25,0,False
57,BugSwarm,deadcode4j-131735009,0,a3835ed1976344039518b21e0bbed971,org.sbolstandard.core2.ComponentDefinition,org.sbolstandard.core2.ComponentDefinition_ESTest,36,0,False
58,BugSwarm,deadcode4j-131735009,0,45d660f5daae418b9f1481bf5524fe03,org.sbolstandard.core2.ComponentDefinition,org.sbolstandard.core2.ComponentDefinition_ESTest,39,0,False
59,BugSwarm,deadcode4j-131735009,0,9004fd0a0a914c8994d6f905f8fa14dc,org.sbolstandard.core2.ComponentDefinition,org.sbolstandard.core2.ComponentDefinition_ESTest,33,0,False
60,BugSwarm,deadcode4j-131735009,0,6d2ac46cb70243e8bf23b76d6e1f9475,org.sbolstandard.core2.ComponentDefinition,org.sbolstandard.core2.ComponentDefinition_ESTest,47,0,False
61,BugSwarm,deadcode4j-131735009,0,e7b428ef5de444d4b330be5f82916fad,org.sbolstandard.core2.ComponentDefinition,org.sbolstandard.core2.ComponentDefinition_ESTest,21,0,False
62,BugSwarm,deadcode4j-131735009,0,929e62e92c7247088cc31f96ee0852dc,org.sbolstandard.core2.ComponentDefinition,org.sbolstandard.core2.ComponentDefinition_ESTest,36,0,False
63,BugSwarm,deadcode4j-131735009,0,49bf73ec6de64675a902dfbd76e746db,org.sbolstandard.core2.ComponentDefinition,org.sbolstandard.core2.ComponentDefinition_ESTest,26,0,False
64,BugSwarm,deadcode4j-131735009,0,c9471c8ef36440088bae4b5d6a755a4d,org.sbolstandard.core2.ComponentDefinition,org.sbolstandard.core2.ComponentDefinition_ESTest,29,0,False
65,BugSwarm,deadcode4j-131735009,0,805776c195194842a025251cf8bd9265,org.sbolstandard.core2.ComponentDefinition,org.sbolstandard.core2.ComponentDefinition_ESTest,27,0,False
66,BugSwarm,deadcode4j-131735009,0,4e93a373dd674097a26871d50f77ef93,org.sbolstandard.core2.ComponentDefinition,org.sbolstandard.core2.ComponentDefinition_ESTest,43,0,False
67,BugSwarm,deadcode4j-131735009,0,bf15061390fa46b6b70c694a2d74de9b,org.sbolstandard.core2.ComponentDefinition,org.sbolstandard.core2.ComponentDefinition_ESTest,31,0,False
68,BugSwarm,deadcode4j-131735009,0,064ffdc74ad247339000284b625a8004,org.sbolstandard.core2.ComponentDefinition,org.sbolstandard.core2.ComponentDefinition_ESTest,29,0,False
69,BugSwarm,deadcode4j-131735009,0,2c33d023d46d4960a9d60f87ff478135,org.sbolstandard.core2.ComponentDefinition,org.sbolstandard.core2.ComponentDefinition_ESTest,17,0,False
70,BugSwarm,deadcode4j-131735009,0,f0fa853eac944ec4be3200088102f583,org.sbolstandard.core2.ComponentDefinition,org.sbolstandard.core2.ComponentDefinition_ESTest,26,0,False
71,BugSwarm,deadcode4j-131735009,0,e23719f48fe74c17af3bd0a544b0f2b1,org.sbolstandard.core2.ComponentDefinition,org.sbolstandard.core2.ComponentDefinition_ESTest,15,0,False
72,BugSwarm,deadcode4j-131735009,0,9c7da35193a7482982342d511c4fcb94,org.sbolstandard.core2.ComponentDefinition,org.sbolstandard.core2.ComponentDefinition_ESTest,22,0,False
73,BugSwarm,deadcode4j-131735009,0,72bd52514961411699ff17c54df7e604,org.sbolstandard.core2.ComponentDefinition,org.sbolstandard.core2.ComponentDefinition_ESTest,26,0,False
74,BugSwarm,deadcode4j-131735009,0,ebc49d7f2d134992adbd9d5cfc501774,org.sbolstandard.core2.ComponentDefinition,org.sbolstandard.core2.ComponentDefinition_ESTest,42,0,False
75,BugSwarm,deadcode4j-131735009,0,2bb9e0b5c27b40b5baaf6dafa3d62e25,org.sbolstandard.core2.ComponentDefinition,org.sbolstandard.core2.ComponentDefinition_ESTest,32,0,False
76,BugSwarm,deadcode4j-131735009,0,4b72c179c8b34537806414a3797d4827,org.sbolstandard.core2.ComponentDefinition,org.sbolstandard.core2.ComponentDefinition_ESTest,42,0,False
77,BugSwarm,deadcode4j-131735009,0,4e928932446a4e44b85139ee1465eaf2,org.sbolstandard.core2.ComponentDefinition,org.sbolstandard.core2.ComponentDefinition_ESTest,39,0,False
78,BugSwarm,deadcode4j-131735009,0,f1e73ec1edf54f1897df5a1f7f5d1507,org.sbolstandard.core2.ComponentDefinition,org.sbolstandard.core2.ComponentDefinition_ESTest,24,0,False
79,BugSwarm,deadcode4j-131735009,0,4b891e16839d4ad68165875610f18b13,org.sbolstandard.core2.ComponentDefinition,org.sbolstandard.core2.ComponentDefinition_ESTest,25,0,False
80,BugSwarm,deadcode4j-131735009,0,37b9a227e59e4b4187f65d0c80ec9aa4,org.sbolstandard.core2.ComponentDefinition,org.sbolstandard.core2.ComponentDefinition_ESTest,18,0,False
81,BugSwarm,deadcode4j-131735009,0,8599f27e551f4c77ba44481a05703755,org.sbolstandard.core2.ComponentDefinition,org.sbolstandard.core2.ComponentDefinition_ESTest,23,0,False
82,BugSwarm,deadcode4j-131735009,0,830bf36788844e229d83df526012822d,org.sbolstandard.core2.ComponentDefinition,org.sbolstandard.core2.ComponentDefinition_ESTest,47,0,False
83,BugSwarm,deadcode4j-131735009,0,5521e2e18e56442fb3db89ef1e6bdc97,org.sbolstandard.core2.ComponentDefinition,org.sbolstandard.core2.ComponentDefinition_ESTest,28,0,False
84,BugSwarm,Sonar_Java-295864289,0,d2994989188345e9a74b6eff17ada707,org.sonar.java.bytecode.se.BytecodeEGWalker,org.sonar.java.bytecode.se.BytecodeEGWalker_ESTest,16,0,False
85,BugSwarm,Sonar_Java-295864289,0,e27be33ca92d43c89b1d1804870ce7d3,org.sonar.java.bytecode.se.BytecodeEGWalker,org.sonar.java.bytecode.se.BytecodeEGWalker_ESTest,16,0,False
86,BugSwarm,Sonar_Java-295864289,0,e4a1198cf38342df9e408e40df38a0c9,org.sonar.java.bytecode.se.BytecodeEGWalker,org.sonar.java.bytecode.se.BytecodeEGWalker_ESTest,15,0,False
87,BugSwarm,Sonar_Java-295864289,0,8151fd16c03a4a628e81229ee0facacf,org.sonar.java.bytecode.se.BytecodeEGWalker,org.sonar.java.bytecode.se.BytecodeEGWalker_ESTest,13,0,False
88,BugSwarm,Sonar_Java-295864289,0,61069ca79c9649b3bd7c44bc991f7c2a,org.sonar.java.bytecode.se.BytecodeEGWalker,org.sonar.java.bytecode.se.BytecodeEGWalker_ESTest,18,0,False
89,BugSwarm,Sonar_Java-295864289,0,36209424819240afbbc40549b97f4ce0,org.sonar.java.bytecode.se.BytecodeEGWalker,org.sonar.java.bytecode.se.BytecodeEGWalker_ESTest,15,0,False
90,BugSwarm,Sonar_Java-295864289,0,26ea9e26102f43b89e350605ca00ac67,org.sonar.java.bytecode.se.BytecodeEGWalker,org.sonar.java.bytecode.se.BytecodeEGWalker_ESTest,16,0,False
91,BugSwarm,Sonar_Java-295864289,0,38bc4ffcef224e97aa2e8e51c80a30b6,org.sonar.java.bytecode.se.BytecodeEGWalker,org.sonar.java.bytecode.se.BytecodeEGWalker_ESTest,17,0,False
92,BugSwarm,Sonar_Java-295864289,0,73eae9279af44e69a7ad03891d5de8c9,org.sonar.java.bytecode.se.BytecodeEGWalker,org.sonar.java.bytecode.se.BytecodeEGWalker_ESTest,15,0,False
93,BugSwarm,Sonar_Java-295864289,0,d6c84916d9a84193adda577961d95e06,org.sonar.java.bytecode.se.BytecodeEGWalker,org.sonar.java.bytecode.se.BytecodeEGWalker_ESTest,16,0,False
94,BugSwarm,Sonar_Java-295864289,0,4af477f0d4f44e0abdbb8974574bacdc,org.sonar.java.bytecode.se.BytecodeEGWalker,org.sonar.java.bytecode.se.BytecodeEGWalker_ESTest,14,0,False
95,BugSwarm,Sonar_Java-295864289,0,c9bef9a586c04af88a406639dcf31d0c,org.sonar.java.bytecode.se.BytecodeEGWalker,org.sonar.java.bytecode.se.BytecodeEGWalker_ESTest,16,0,False
96,BugSwarm,Sonar_Java-295864289,0,ce9d44053d684b4d9e2eadc1570c97f2,org.sonar.java.bytecode.se.BytecodeEGWalker,org.sonar.java.bytecode.se.BytecodeEGWalker_ESTest,16,0,False
97,BugSwarm,Sonar_Java-295864289,0,69ac99f0e4bb4d069b77b605b2d3fd15,org.sonar.java.bytecode.se.BytecodeEGWalker,org.sonar.java.bytecode.se.BytecodeEGWalker_ESTest,14,0,False
98,BugSwarm,Sonar_Java-295864289,0,53dcc60a91f446c382be924bbe18952b,org.sonar.java.bytecode.se.BytecodeEGWalker,org.sonar.java.bytecode.se.BytecodeEGWalker_ESTest,14,0,False
99,BugSwarm,Sonar_Java-295864289,0,769431437b464edd90c8e281f091f4fc,org.sonar.java.bytecode.se.BytecodeEGWalker,org.sonar.java.bytecode.se.BytecodeEGWalker_ESTest,16,0,False
100,BugSwarm,Sonar_Java-295864289,0,26316543d6f24477ac3592f6f6b8222b,org.sonar.java.bytecode.se.BytecodeEGWalker,org.sonar.java.bytecode.se.BytecodeEGWalker_ESTest,16,0,False
101,BugSwarm,Sonar_Java-295864289,0,a14eaae06b664bdd9d47ee8934aeb7e1,org.sonar.java.bytecode.se.BytecodeEGWalker,org.sonar.java.bytecode.se.BytecodeEGWalker_ESTest,15,0,False
102,BugSwarm,Sonar_Java-295864289,0,0f62dd4041144797ac75fbec426bda5a,org.sonar.java.bytecode.se.BytecodeEGWalker,org.sonar.java.bytecode.se.BytecodeEGWalker_ESTest,16,0,False
103,BugSwarm,Sonar_Java-295864289,0,d66ba957f15e4ca194c190eab6c78764,org.sonar.java.bytecode.se.BytecodeEGWalker,org.sonar.java.bytecode.se.BytecodeEGWalker_ESTest,15,0,False
104,BugSwarm,Sonar_Java-295864289,0,280f3f8b800142c6b9f7094e4cf5b421,org.sonar.java.bytecode.se.BytecodeEGWalker,org.sonar.java.bytecode.se.BytecodeEGWalker_ESTest,17,0,False
105,BugSwarm,Sonar_Java-295864289,0,8158771f09404695a57946b0739ecba4,org.sonar.java.bytecode.se.BytecodeEGWalker,org.sonar.java.bytecode.se.BytecodeEGWalker_ESTest,17,0,False
106,BugSwarm,Sonar_Java-295864289,0,26c028a48d4e4e9ca56e512809dcb7fb,org.sonar.java.bytecode.se.BytecodeEGWalker,org.sonar.java.bytecode.se.BytecodeEGWalker_ESTest,17,0,False
107,BugSwarm,Sonar_Java-295864289,0,c8ad10bfd6c94c2db4e4557a81537292,org.sonar.java.bytecode.se.BytecodeEGWalker,org.sonar.java.bytecode.se.BytecodeEGWalker_ESTest,15,0,False
108,BugSwarm,Sonar_Java-295864289,0,487ffb644c5c48ba842f0da79aec9b22,org.sonar.java.bytecode.se.BytecodeEGWalker,org.sonar.java.bytecode.se.BytecodeEGWalker_ESTest,15,0,False
109,BugSwarm,Sonar_Java-295864289,0,fbc8604dd4d24978ac8246189e5adffc,org.sonar.java.bytecode.se.BytecodeEGWalker,org.sonar.java.bytecode.se.BytecodeEGWalker_ESTest,14,0,False
110,BugSwarm,Petergeneric__Stdlib-290369132,0,ab90a8bdc0da4557a2bad06bb35c3065,com.peterphi.std.guice.hibernate.webquery.impl.jpa.JPASearchExecutor,com.peterphi.std.guice.hibernate.webquery.impl.jpa.JPASearchExecutor_ESTest,2,0,True
111,BugSwarm,Petergeneric__Stdlib-290369132,0,0b3ae61a5a87490cbe0a32f73e4dec25,com.peterphi.std.guice.hibernate.webquery.impl.jpa.JPASearchExecutor,com.peterphi.std.guice.hibernate.webquery.impl.jpa.JPASearchExecutor_ESTest,3,0,True
112,BugSwarm,Petergeneric__Stdlib-290369132,0,73899b7818eb4b4da469cb19af27fdec,com.peterphi.std.guice.hibernate.webquery.impl.jpa.JPASearchExecutor,com.peterphi.std.guice.hibernate.webquery.impl.jpa.JPASearchExecutor_ESTest,2,0,True
113,BugSwarm,Petergeneric__Stdlib-290369132,0,956b70860255470a8c8990b2631dd709,com.peterphi.std.guice.hibernate.webquery.impl.jpa.JPASearchExecutor,com.peterphi.std.guice.hibernate.webquery.impl.jpa.JPASearchExecutor_ESTest,3,0,True
114,BugSwarm,Petergeneric__Stdlib-290369132,0,cddf8900c5e2470f8e59eccd86de37e5,com.peterphi.std.guice.hibernate.webquery.impl.jpa.JPASearchExecutor,com.peterphi.std.guice.hibernate.webquery.impl.jpa.JPASearchExecutor_ESTest,3,0,True
115,BugSwarm,Petergeneric__Stdlib-290369132,0,a8feb5eb0d824bb1aafaf9dcb019a95a,com.peterphi.std.guice.hibernate.webquery.impl.jpa.JPASearchExecutor,com.peterphi.std.guice.hibernate.webquery.impl.jpa.JPASearchExecutor_ESTest,3,0,True
116,BugSwarm,Petergeneric__Stdlib-290369132,0,9ab3c86d82ad4a889c20236196e890f0,com.peterphi.std.guice.hibernate.webquery.impl.jpa.JPASearchExecutor,com.peterphi.std.guice.hibernate.webquery.impl.jpa.JPASearchExecutor_ESTest,1,0,True
117,BugSwarm,Atomix-298262068,0,9dfc91634bdb4072a8bd19c0ebcb08de,io.atomix.primitives.leadership.impl.RaftLeaderElectorService,io.atomix.primitives.leadership.impl.RaftLeaderElectorService_ESTest,20,0,False
118,BugSwarm,Atomix-298262068,0,c3ef538a99934115bb1c4e8592496894,io.atomix.primitives.leadership.impl.RaftLeaderElectorService,io.atomix.primitives.leadership.impl.RaftLeaderElectorService_ESTest,20,0,False
119,BugSwarm,Atomix-298262068,0,6170af5cf24647f5909573fa6116828f,io.atomix.primitives.leadership.impl.RaftLeaderElectorService,io.atomix.primitives.leadership.impl.RaftLeaderElectorService_ESTest,20,0,False
120,BugSwarm,Atomix-298262068,0,2f3e5bf821e54aaa85581933a09529f3,io.atomix.primitives.leadership.impl.RaftLeaderElectorService,io.atomix.primitives.leadership.impl.RaftLeaderElectorService_ESTest,20,0,False
121,BugSwarm,Atomix-298262068,0,9d9c0011f3114c5698c6761474c99afb,io.atomix.primitives.leadership.impl.RaftLeaderElectorService,io.atomix.primitives.leadership.impl.RaftLeaderElectorService_ESTest,20,0,False
122,BugSwarm,Atomix-298262068,0,e8dd4ab35f6b43e1b2de1d4d48ab099e,io.atomix.primitives.leadership.impl.RaftLeaderElectorService,io.atomix.primitives.leadership.impl.RaftLeaderElectorService_ESTest,20,0,False
123,BugSwarm,Atomix-298262068,0,ec5705545f7a41d79a8b9b0e7b79b799,io.atomix.primitives.leadership.impl.RaftLeaderElectorService,io.atomix.primitives.leadership.impl.RaftLeaderElectorService_ESTest,20,0,False
124,BugSwarm,Atomix-298262068,0,0dbc05d32385448a93939397b95d6477,io.atomix.primitives.leadership.impl.RaftLeaderElectorService,io.atomix.primitives.leadership.impl.RaftLeaderElectorService_ESTest,20,0,False
125,BugSwarm,Atomix-298262068,0,114a6b0e02e246f5b6e05ffbb0904231,io.atomix.primitives.leadership.impl.RaftLeaderElectorService,io.atomix.primitives.leadership.impl.RaftLeaderElectorService_ESTest,16,0,False
126,BugSwarm,Atomix-298262068,0,8145fa4d09bd44889a650251d9808e17,io.atomix.primitives.leadership.impl.RaftLeaderElectorService,io.atomix.primitives.leadership.impl.RaftLeaderElectorService_ESTest,17,0,False
127,BugSwarm,Atomix-298262068,0,58d3047b4198469897d14504b1fe1dd4,io.atomix.primitives.leadership.impl.RaftLeaderElectorService,io.atomix.primitives.leadership.impl.RaftLeaderElectorService_ESTest,20,0,False
128,BugSwarm,Atomix-298262068,0,052872a6b00a44369dbb70a0528318f8,io.atomix.primitives.leadership.impl.RaftLeaderElectorService,io.atomix.primitives.leadership.impl.RaftLeaderElectorService_ESTest,20,0,False
129,BugSwarm,Atomix-298262068,0,391c41fb76f44749938c3cb70bdfc1aa,io.atomix.primitives.leadership.impl.RaftLeaderElectorService,io.atomix.primitives.leadership.impl.RaftLeaderElectorService_ESTest,20,0,False
130,BugSwarm,Atomix-298262068,0,7c529ded39304d99a1ddc8b271c6c06e,io.atomix.primitives.leadership.impl.RaftLeaderElectorService,io.atomix.primitives.leadership.impl.RaftLeaderElectorService_ESTest,20,0,False
131,BugSwarm,Atomix-298262068,0,67143f02fafe48eaab3fa47e141e75db,io.atomix.primitives.leadership.impl.RaftLeaderElectorService,io.atomix.primitives.leadership.impl.RaftLeaderElectorService_ESTest,20,0,False
132,BugSwarm,Atomix-298262068,0,55c6cccd2aa747de834a74f9f4d51b8d,io.atomix.primitives.leadership.impl.RaftLeaderElectorService,io.atomix.primitives.leadership.impl.RaftLeaderElectorService_ESTest,20,0,False
133,BugSwarm,Atomix-298262068,0,058d2d74bce6497187f463683982b6f4,io.atomix.primitives.leadership.impl.RaftLeaderElectorService,io.atomix.primitives.leadership.impl.RaftLeaderElectorService_ESTest,20,0,False
134,BugSwarm,Atomix-298262068,0,cfbdc00218d24f8dafb37e0d607235ce,io.atomix.primitives.leadership.impl.RaftLeaderElectorService,io.atomix.primitives.leadership.impl.RaftLeaderElectorService_ESTest,20,0,False
135,BugSwarm,Atomix-298262068,0,2bcb6778acaa477dbe28f4c16830ee38,io.atomix.primitives.leadership.impl.RaftLeaderElectorService,io.atomix.primitives.leadership.impl.RaftLeaderElectorService_ESTest,20,0,False
136,BugSwarm,Atomix-298262068,0,de0c470fc73c4824abc359b1fffe177e,io.atomix.primitives.leadership.impl.RaftLeaderElectorService,io.atomix.primitives.leadership.impl.RaftLeaderElectorService_ESTest,20,0,False
137,BugSwarm,Atomix-298262068,0,19c23ced38354d8791c43b460851e21c,io.atomix.primitives.leadership.impl.RaftLeaderElectorService,io.atomix.primitives.leadership.impl.RaftLeaderElectorService_ESTest,20,0,False
138,BugSwarm,Atomix-298262068,0,7546743afb794dff9a9840cef59eb535,io.atomix.primitives.leadership.impl.RaftLeaderElectorService,io.atomix.primitives.leadership.impl.RaftLeaderElectorService_ESTest,20,0,False
139,BugSwarm,Atomix-298262068,0,13f05a7fd5c44c34a8667c260cf20a14,io.atomix.primitives.leadership.impl.RaftLeaderElectorService,io.atomix.primitives.leadership.impl.RaftLeaderElectorService_ESTest,20,0,False
140,BugSwarm,Atomix-298262068,0,07a57cef438e4deabdfeee359d7c3f28,io.atomix.primitives.leadership.impl.RaftLeaderElectorService,io.atomix.primitives.leadership.impl.RaftLeaderElectorService_ESTest,18,0,False
141,BugSwarm,Atomix-298262068,0,4f207e2f132a447c807c2db359c9e5f3,io.atomix.primitives.leadership.impl.RaftLeaderElectorService,io.atomix.primitives.leadership.impl.RaftLeaderElectorService_ESTest,20,0,False
142,BugSwarm,Atomix-298262068,0,acb6b2c0b113452783edc953db40168f,io.atomix.primitives.leadership.impl.RaftLeaderElectorService,io.atomix.primitives.leadership.impl.RaftLeaderElectorService_ESTest,20,0,False
143,BugSwarm,Atomix-298262068,0,f76792d3302042aea44cbd94c1dfcd3b,io.atomix.primitives.leadership.impl.RaftLeaderElectorService,io.atomix.primitives.leadership.impl.RaftLeaderElectorService_ESTest,19,0,False
144,BugSwarm,Atomix-298262068,0,d1dfa21b9c2b4828966dfbb0a95747ad,io.atomix.primitives.leadership.impl.RaftLeaderElectorService,io.atomix.primitives.leadership.impl.RaftLeaderElectorService_ESTest,20,0,False
145,BugSwarm,Atomix-298262068,0,37f09134bc434f19ae39ce0613d2983c,io.atomix.primitives.leadership.impl.RaftLeaderElectorService,io.atomix.primitives.leadership.impl.RaftLeaderElectorService_ESTest,20,0,False
146,BugSwarm,Atomix-298262068,0,39c1511fabc84eabac4f1d86a680c921,io.atomix.primitives.leadership.impl.RaftLeaderElectorService,io.atomix.primitives.leadership.impl.RaftLeaderElectorService_ESTest,20,0,False
147,BugSwarm,nFlow-197273853,0,d0f236cbd3e64903b3ed3b28518b79d1,io.nflow.engine.internal.dao.WorkflowInstanceDao,io.nflow.engine.internal.dao.WorkflowInstanceDao_ESTest,29,0,False
148,BugSwarm,nFlow-197273853,0,bb31a5d0f31842929c18e2393e63e6dd,io.nflow.engine.internal.dao.WorkflowInstanceDao,io.nflow.engine.internal.dao.WorkflowInstanceDao_ESTest,29,0,False
149,BugSwarm,nFlow-197273853,0,6224adcb2a424771b5b0e3d97f5188a1,io.nflow.engine.internal.dao.WorkflowInstanceDao,io.nflow.engine.internal.dao.WorkflowInstanceDao_ESTest,30,0,False
150,BugSwarm,nFlow-197273853,0,7692771c925d4d16b3339be3639df6f5,io.nflow.engine.internal.dao.WorkflowInstanceDao,io.nflow.engine.internal.dao.WorkflowInstanceDao_ESTest,28,0,False
151,BugSwarm,nFlow-197273853,0,14b3a4b259aa4e1c9780f6b9bb0321ce,io.nflow.engine.internal.dao.WorkflowInstanceDao,io.nflow.engine.internal.dao.WorkflowInstanceDao_ESTest,27,0,False
152,BugSwarm,nFlow-197273853,0,4fd3236cabfc48ca976a3193306be16c,io.nflow.engine.internal.dao.WorkflowInstanceDao,io.nflow.engine.internal.dao.WorkflowInstanceDao_ESTest,28,0,False
153,BugSwarm,nFlow-197273853,0,be602061cd5b47858fc3e04ee0a65c25,io.nflow.engine.internal.dao.WorkflowInstanceDao,io.nflow.engine.internal.dao.WorkflowInstanceDao_ESTest,30,0,False
154,BugSwarm,Jannovar-249719464,0,80de8dd6035341ab942adae8458730a4,de.charite.compbio.jannovar.cmd.annotate_vcf.JannovarAnnotateVCFOptions,de.charite.compbio.jannovar.cmd.annotate_vcf.JannovarAnnotateVCFOptions_ESTest,121,0,False
155,BugSwarm,Jannovar-249719464,0,0fce54810ff84e37954e012f8d5b6c16,de.charite.compbio.jannovar.cmd.annotate_vcf.JannovarAnnotateVCFOptions,de.charite.compbio.jannovar.cmd.annotate_vcf.JannovarAnnotateVCFOptions_ESTest,125,0,False
156,BugSwarm,Jannovar-249719464,0,2138a8b925544b98a56a3b9bda9f39cd,de.charite.compbio.jannovar.cmd.annotate_vcf.JannovarAnnotateVCFOptions,de.charite.compbio.jannovar.cmd.annotate_vcf.JannovarAnnotateVCFOptions_ESTest,121,0,False
157,BugSwarm,Jannovar-249719464,0,30a806c2338f400397819a0dc5a96239,de.charite.compbio.jannovar.cmd.annotate_vcf.JannovarAnnotateVCFOptions,de.charite.compbio.jannovar.cmd.annotate_vcf.JannovarAnnotateVCFOptions_ESTest,124,0,False
158,BugSwarm,Jannovar-249719464,0,95b2c9fb598b4845b18b76cb7c96cad4,de.charite.compbio.jannovar.cmd.annotate_vcf.JannovarAnnotateVCFOptions,de.charite.compbio.jannovar.cmd.annotate_vcf.JannovarAnnotateVCFOptions_ESTest,123,0,False
159,BugSwarm,Jannovar-249719464,0,71cdbb04107d484db26a860bebef384d,de.charite.compbio.jannovar.cmd.annotate_vcf.JannovarAnnotateVCFOptions,de.charite.compbio.jannovar.cmd.annotate_vcf.JannovarAnnotateVCFOptions_ESTest,125,0,False
160,BugSwarm,Jannovar-249719464,0,b5ef685c2b874796a42bb1f4e05459e8,de.charite.compbio.jannovar.cmd.annotate_vcf.JannovarAnnotateVCFOptions,de.charite.compbio.jannovar.cmd.annotate_vcf.JannovarAnnotateVCFOptions_ESTest,124,0,False
161,BugSwarm,Jannovar-249719464,0,0824de83ad0b4abea9a021a604f2e285,de.charite.compbio.jannovar.cmd.annotate_vcf.JannovarAnnotateVCFOptions,de.charite.compbio.jannovar.cmd.annotate_vcf.JannovarAnnotateVCFOptions_ESTest,123,0,False
162,BugSwarm,Jannovar-249719464,0,511f25e562ec4697a9a76bf3afbbcae1,de.charite.compbio.jannovar.cmd.annotate_vcf.JannovarAnnotateVCFOptions,de.charite.compbio.jannovar.cmd.annotate_vcf.JannovarAnnotateVCFOptions_ESTest,119,0,False
163,BugSwarm,Jannovar-249719464,0,9e6b5e81858645bf82d6c49bd6411bb0,de.charite.compbio.jannovar.cmd.annotate_vcf.JannovarAnnotateVCFOptions,de.charite.compbio.jannovar.cmd.annotate_vcf.JannovarAnnotateVCFOptions_ESTest,122,0,False
164,BugSwarm,Jannovar-249719464,0,835e8f1ccfb3485bbff124f3e2801cf3,de.charite.compbio.jannovar.cmd.annotate_vcf.JannovarAnnotateVCFOptions,de.charite.compbio.jannovar.cmd.annotate_vcf.JannovarAnnotateVCFOptions_ESTest,125,0,False
165,BugSwarm,Jannovar-249719464,0,0b69c9d35f5a4f3891fa2277d79acbf5,de.charite.compbio.jannovar.cmd.annotate_vcf.JannovarAnnotateVCFOptions,de.charite.compbio.jannovar.cmd.annotate_vcf.JannovarAnnotateVCFOptions_ESTest,122,0,False
166,BugSwarm,Jannovar-249719464,0,6d294a4f9363447f823e2df461f9bef9,de.charite.compbio.jannovar.cmd.annotate_vcf.JannovarAnnotateVCFOptions,de.charite.compbio.jannovar.cmd.annotate_vcf.JannovarAnnotateVCFOptions_ESTest,128,0,False
167,BugSwarm,Jannovar-249719464,0,55df6b6897d54f8ea671b41f4d2b4600,de.charite.compbio.jannovar.cmd.annotate_vcf.JannovarAnnotateVCFOptions,de.charite.compbio.jannovar.cmd.annotate_vcf.JannovarAnnotateVCFOptions_ESTest,126,0,False
168,BugSwarm,Jannovar-249719464,0,c005ce2f18ba43608fa4d44e1fdddf34,de.charite.compbio.jannovar.cmd.annotate_vcf.JannovarAnnotateVCFOptions,de.charite.compbio.jannovar.cmd.annotate_vcf.JannovarAnnotateVCFOptions_ESTest,124,0,False
169,BugSwarm,Jannovar-249719464,0,33a755a0edd34b08bc5a3f6e81ea61ce,de.charite.compbio.jannovar.cmd.annotate_vcf.JannovarAnnotateVCFOptions,de.charite.compbio.jannovar.cmd.annotate_vcf.JannovarAnnotateVCFOptions_ESTest,120,0,False
170,BugSwarm,Jannovar-249719464,0,98e4a1345cce4c5c9e95a90cd7707889,de.charite.compbio.jannovar.cmd.annotate_vcf.JannovarAnnotateVCFOptions,de.charite.compbio.jannovar.cmd.annotate_vcf.JannovarAnnotateVCFOptions_ESTest,127,0,False
171,BugSwarm,Jannovar-249719464,0,7b84afd8b6fd4c40a2c38edce6d40351,de.charite.compbio.jannovar.cmd.annotate_vcf.JannovarAnnotateVCFOptions,de.charite.compbio.jannovar.cmd.annotate_vcf.JannovarAnnotateVCFOptions_ESTest,123,0,False
172,BugSwarm,Jannovar-249719464,0,b84dede6b47d43848bbe5f9b8dad3f24,de.charite.compbio.jannovar.cmd.annotate_vcf.JannovarAnnotateVCFOptions,de.charite.compbio.jannovar.cmd.annotate_vcf.JannovarAnnotateVCFOptions_ESTest,123,0,False
173,BugSwarm,Jannovar-249719464,0,0cf2bc7f1e5345c797a09395d6a6e93d,de.charite.compbio.jannovar.cmd.annotate_vcf.JannovarAnnotateVCFOptions,de.charite.compbio.jannovar.cmd.annotate_vcf.JannovarAnnotateVCFOptions_ESTest,121,0,False
174,BugSwarm,Jannovar-249719464,0,fb86aaf8efb643e880d8a4ac1a0024ce,de.charite.compbio.jannovar.cmd.annotate_vcf.JannovarAnnotateVCFOptions,de.charite.compbio.jannovar.cmd.annotate_vcf.JannovarAnnotateVCFOptions_ESTest,119,0,False
175,BugSwarm,Jannovar-249719464,0,ee85dccc2c724a8698713a235f33a012,de.charite.compbio.jannovar.cmd.annotate_vcf.JannovarAnnotateVCFOptions,de.charite.compbio.jannovar.cmd.annotate_vcf.JannovarAnnotateVCFOptions_ESTest,130,0,False
176,BugSwarm,Jannovar-249719464,0,e809bf323e28407ab8b7af8c395f39cf,de.charite.compbio.jannovar.cmd.annotate_vcf.JannovarAnnotateVCFOptions,de.charite.compbio.jannovar.cmd.annotate_vcf.JannovarAnnotateVCFOptions_ESTest,122,0,False
177,BugSwarm,Jannovar-249719464,0,0fb154c474ef44fd8bc5ccfa006434d2,de.charite.compbio.jannovar.cmd.annotate_vcf.JannovarAnnotateVCFOptions,de.charite.compbio.jannovar.cmd.annotate_vcf.JannovarAnnotateVCFOptions_ESTest,124,0,False
178,BugSwarm,Jannovar-249719464,0,a14cb91c7fe24f13af386ed2c16d02a4,de.charite.compbio.jannovar.cmd.annotate_vcf.JannovarAnnotateVCFOptions,de.charite.compbio.jannovar.cmd.annotate_vcf.JannovarAnnotateVCFOptions_ESTest,119,0,False
179,BugSwarm,Jannovar-249719464,0,9677e180559a419caeae64f27ac01dd0,de.charite.compbio.jannovar.cmd.annotate_vcf.JannovarAnnotateVCFOptions,de.charite.compbio.jannovar.cmd.annotate_vcf.JannovarAnnotateVCFOptions_ESTest,123,0,False
180,BugSwarm,Jannovar-249719464,0,d6a29596f1684d8ba9d801b36f4ad81c,de.charite.compbio.jannovar.cmd.annotate_vcf.JannovarAnnotateVCFOptions,de.charite.compbio.jannovar.cmd.annotate_vcf.JannovarAnnotateVCFOptions_ESTest,123,0,False
181,BugSwarm,Jannovar-249719464,0,e6c4606652cf4b158c41ce8f172ffcec,de.charite.compbio.jannovar.cmd.annotate_vcf.JannovarAnnotateVCFOptions,de.charite.compbio.jannovar.cmd.annotate_vcf.JannovarAnnotateVCFOptions_ESTest,123,0,False
182,BugSwarm,Jannovar-249719464,0,70e7aae254ec4aeaaf0a2c918a49ff59,de.charite.compbio.jannovar.cmd.annotate_vcf.JannovarAnnotateVCFOptions,de.charite.compbio.jannovar.cmd.annotate_vcf.JannovarAnnotateVCFOptions_ESTest,127,0,False
183,BugSwarm,Jannovar-249719464,0,3c095b99e76b46ac966b61cdfe9b9aaf,de.charite.compbio.jannovar.cmd.annotate_vcf.JannovarAnnotateVCFOptions,de.charite.compbio.jannovar.cmd.annotate_vcf.JannovarAnnotateVCFOptions_ESTest,119,0,False
184,BugSwarm,ACS_AEM_Commons-461893214,0,06d1bc847dd745cd8f68a912c16cb1c7,com.adobe.acs.commons.mcp.impl.processes.asset.FileAssetIngestor,com.adobe.acs.commons.mcp.impl.processes.asset.FileAssetIngestor_ESTest,35,0,False
185,BugSwarm,ACS_AEM_Commons-461893214,0,2ccb100100e8471a8fadcd5ba5621ac6,com.adobe.acs.commons.mcp.impl.processes.asset.FileAssetIngestor,com.adobe.acs.commons.mcp.impl.processes.asset.FileAssetIngestor_ESTest,35,0,False
186,BugSwarm,ACS_AEM_Commons-461893214,0,1c354c522dcb41a6aa05459de365669c,com.adobe.acs.commons.mcp.impl.processes.asset.FileAssetIngestor,com.adobe.acs.commons.mcp.impl.processes.asset.FileAssetIngestor_ESTest,37,0,False
187,BugSwarm,ACS_AEM_Commons-461893214,0,067b8a34bbda4d17aac908d484e1120a,com.adobe.acs.commons.mcp.impl.processes.asset.FileAssetIngestor,com.adobe.acs.commons.mcp.impl.processes.asset.FileAssetIngestor_ESTest,33,0,False
188,BugSwarm,ACS_AEM_Commons-461893214,0,03e999d138544eefa9fe19e5663dd3de,com.adobe.acs.commons.mcp.impl.processes.asset.FileAssetIngestor,com.adobe.acs.commons.mcp.impl.processes.asset.FileAssetIngestor_ESTest,33,0,False
189,BugSwarm,ACS_AEM_Commons-461893214,0,d37f3e61174148abbe3bf8ce594113ec,com.adobe.acs.commons.mcp.impl.processes.asset.FileAssetIngestor,com.adobe.acs.commons.mcp.impl.processes.asset.FileAssetIngestor_ESTest,36,0,False
190,BugSwarm,ACS_AEM_Commons-461893214,0,a3930e0812944cc5885cdabfc4fc89b0,com.adobe.acs.commons.mcp.impl.processes.asset.FileAssetIngestor,com.adobe.acs.commons.mcp.impl.processes.asset.FileAssetIngestor_ESTest,31,0,False
191,BugSwarm,ACS_AEM_Commons-461893214,0,6d84180dd0a84525baa465fee1e31ef7,com.adobe.acs.commons.mcp.impl.processes.asset.FileAssetIngestor,com.adobe.acs.commons.mcp.impl.processes.asset.FileAssetIngestor_ESTest,35,0,False
192,BugSwarm,ACS_AEM_Commons-461893214,0,7f4b0d6840094982a965dd64e42927d5,com.adobe.acs.commons.mcp.impl.processes.asset.FileAssetIngestor,com.adobe.acs.commons.mcp.impl.processes.asset.FileAssetIngestor_ESTest,36,0,False
193,BugSwarm,ACS_AEM_Commons-461893214,0,67cbeea6ee3a4f3fa35adfc3ec9fc149,com.adobe.acs.commons.mcp.impl.processes.asset.FileAssetIngestor,com.adobe.acs.commons.mcp.impl.processes.asset.FileAssetIngestor_ESTest,34,0,False
194,BugSwarm,ACS_AEM_Commons-461893214,0,00c76072b20c49ccaeba6d5340082cbb,com.adobe.acs.commons.mcp.impl.processes.asset.FileAssetIngestor,com.adobe.acs.commons.mcp.impl.processes.asset.FileAssetIngestor_ESTest,34,0,False
195,BugSwarm,ACS_AEM_Commons-461893214,0,7c79b182625a4b428d12ab66d6c6581f,com.adobe.acs.commons.mcp.impl.processes.asset.FileAssetIngestor,com.adobe.acs.commons.mcp.impl.processes.asset.FileAssetIngestor_ESTest,33,0,False
196,BugSwarm,ACS_AEM_Commons-461893214,0,f1ea08c890c4422b806554be6b289eaa,com.adobe.acs.commons.mcp.impl.processes.asset.FileAssetIngestor,com.adobe.acs.commons.mcp.impl.processes.asset.FileAssetIngestor_ESTest,34,0,False
197,BugSwarm,ACS_AEM_Commons-461893214,0,c35634541f594d749ca29a8299a5daab,com.adobe.acs.commons.mcp.impl.processes.asset.FileAssetIngestor,com.adobe.acs.commons.mcp.impl.processes.asset.FileAssetIngestor_ESTest,37,0,False
198,BugSwarm,ACS_AEM_Commons-461893214,0,5c04279838d640618ddb3aadfcd86f73,com.adobe.acs.commons.mcp.impl.processes.asset.FileAssetIngestor,com.adobe.acs.commons.mcp.impl.processes.asset.FileAssetIngestor_ESTest,36,0,False
199,BugSwarm,ACS_AEM_Commons-461893214,0,30ea11edef8c48478df20378a9ff40de,com.adobe.acs.commons.mcp.impl.processes.asset.FileAssetIngestor,com.adobe.acs.commons.mcp.impl.processes.asset.FileAssetIngestor_ESTest,33,0,False
200,BugSwarm,ACS_AEM_Commons-461893214,0,90cdd45e32b84eebad0a43c17d52e67a,com.adobe.acs.commons.mcp.impl.processes.asset.FileAssetIngestor,com.adobe.acs.commons.mcp.impl.processes.asset.FileAssetIngestor_ESTest,37,0,False
201,BugSwarm,ACS_AEM_Commons-461893214,0,fcc7e6d82d364ee09bd9dde7db76039d,com.adobe.acs.commons.mcp.impl.processes.asset.FileAssetIngestor,com.adobe.acs.commons.mcp.impl.processes.asset.FileAssetIngestor_ESTest,34,0,False
202,BugSwarm,ACS_AEM_Commons-461893214,0,184ddbc2fc9449a2bc9a0677ac73d433,com.adobe.acs.commons.mcp.impl.processes.asset.FileAssetIngestor,com.adobe.acs.commons.mcp.impl.processes.asset.FileAssetIngestor_ESTest,35,0,False
203,BugSwarm,ACS_AEM_Commons-461893214,0,475f5cc08ea143a8b2d8d067ac6bbdfb,com.adobe.acs.commons.mcp.impl.processes.asset.FileAssetIngestor,com.adobe.acs.commons.mcp.impl.processes.asset.FileAssetIngestor_ESTest,36,0,False
204,BugSwarm,ACS_AEM_Commons-461893214,0,2623564e59b3419d87d79b00c87edd81,com.adobe.acs.commons.mcp.impl.processes.asset.FileAssetIngestor,com.adobe.acs.commons.mcp.impl.processes.asset.FileAssetIngestor_ESTest,32,0,False
205,BugSwarm,ACS_AEM_Commons-461893214,0,e902df6c0f694238a2c656f7ea541b8d,com.adobe.acs.commons.mcp.impl.processes.asset.FileAssetIngestor,com.adobe.acs.commons.mcp.impl.processes.asset.FileAssetIngestor_ESTest,35,0,False
206,BugSwarm,ACS_AEM_Commons-461893214,0,86488910f3bb4857a44d62336904265e,com.adobe.acs.commons.mcp.impl.processes.asset.FileAssetIngestor,com.adobe.acs.commons.mcp.impl.processes.asset.FileAssetIngestor_ESTest,37,0,False
207,BugSwarm,ACS_AEM_Commons-461893214,0,cad958c77cc0402f8f63fd23f63f9ac7,com.adobe.acs.commons.mcp.impl.processes.asset.FileAssetIngestor,com.adobe.acs.commons.mcp.impl.processes.asset.FileAssetIngestor_ESTest,32,0,False
208,BugSwarm,ACS_AEM_Commons-461893214,0,5d4ed6e82510430cbe29381073499c91,com.adobe.acs.commons.mcp.impl.processes.asset.FileAssetIngestor,com.adobe.acs.commons.mcp.impl.processes.asset.FileAssetIngestor_ESTest,36,0,False
209,BugSwarm,ACS_AEM_Commons-461893214,0,e9972e4ed9154cfe951bf293846cc39b,com.adobe.acs.commons.mcp.impl.processes.asset.FileAssetIngestor,com.adobe.acs.commons.mcp.impl.processes.asset.FileAssetIngestor_ESTest,32,0,False
210,BugSwarm,ACS_AEM_Commons-461893214,0,131853f8449347b784b1399221423cb4,com.adobe.acs.commons.mcp.impl.processes.asset.FileAssetIngestor,com.adobe.acs.commons.mcp.impl.processes.asset.FileAssetIngestor_ESTest,34,0,False
211,BugSwarm,ACS_AEM_Commons-461893214,0,474f02c41104447f8def3b1f0ec012db,com.adobe.acs.commons.mcp.impl.processes.asset.FileAssetIngestor,com.adobe.acs.commons.mcp.impl.processes.asset.FileAssetIngestor_ESTest,37,0,False
212,BugSwarm,ACS_AEM_Commons-461893214,0,2811585a8ea9403a9a171aab83a77608,com.adobe.acs.commons.mcp.impl.processes.asset.FileAssetIngestor,com.adobe.acs.commons.mcp.impl.processes.asset.FileAssetIngestor_ESTest,32,0,False
213,BugSwarm,ACS_AEM_Commons-461893214,0,d32cca9fbb0846c19c9eb06618116a74,com.adobe.acs.commons.mcp.impl.processes.asset.FileAssetIngestor,com.adobe.acs.commons.mcp.impl.processes.asset.FileAssetIngestor_ESTest,35,0,False
214,BugSwarm,ACS_AEM_Commons-461893214,1,06d1bc847dd745cd8f68a912c16cb1c7,com.adobe.acs.commons.mcp.impl.processes.asset.FileAssetIngestor,com.adobe.acs.commons.mcp.impl.processes.asset.FileAssetIngestor_ESTest,35,0,False
215,BugSwarm,ACS_AEM_Commons-461893214,1,2ccb100100e8471a8fadcd5ba5621ac6,com.adobe.acs.commons.mcp.impl.processes.asset.FileAssetIngestor,com.adobe.acs.commons.mcp.impl.processes.asset.FileAssetIngestor_ESTest,35,0,False
216,BugSwarm,ACS_AEM_Commons-461893214,1,1c354c522dcb41a6aa05459de365669c,com.adobe.acs.commons.mcp.impl.processes.asset.FileAssetIngestor,com.adobe.acs.commons.mcp.impl.processes.asset.FileAssetIngestor_ESTest,37,0,False
217,BugSwarm,ACS_AEM_Commons-461893214,1,067b8a34bbda4d17aac908d484e1120a,com.adobe.acs.commons.mcp.impl.processes.asset.FileAssetIngestor,com.adobe.acs.commons.mcp.impl.processes.asset.FileAssetIngestor_ESTest,33,0,False
218,BugSwarm,ACS_AEM_Commons-461893214,1,03e999d138544eefa9fe19e5663dd3de,com.adobe.acs.commons.mcp.impl.processes.asset.FileAssetIngestor,com.adobe.acs.commons.mcp.impl.processes.asset.FileAssetIngestor_ESTest,33,0,False
219,BugSwarm,ACS_AEM_Commons-461893214,1,d37f3e61174148abbe3bf8ce594113ec,com.adobe.acs.commons.mcp.impl.processes.asset.FileAssetIngestor,com.adobe.acs.commons.mcp.impl.processes.asset.FileAssetIngestor_ESTest,36,0,False
220,BugSwarm,ACS_AEM_Commons-461893214,1,a3930e0812944cc5885cdabfc4fc89b0,com.adobe.acs.commons.mcp.impl.processes.asset.FileAssetIngestor,com.adobe.acs.commons.mcp.impl.processes.asset.FileAssetIngestor_ESTest,31,0,False
221,BugSwarm,ACS_AEM_Commons-461893214,1,6d84180dd0a84525baa465fee1e31ef7,com.adobe.acs.commons.mcp.impl.processes.asset.FileAssetIngestor,com.adobe.acs.commons.mcp.impl.processes.asset.FileAssetIngestor_ESTest,35,0,False
222,BugSwarm,ACS_AEM_Commons-461893214,1,7f4b0d6840094982a965dd64e42927d5,com.adobe.acs.commons.mcp.impl.processes.asset.FileAssetIngestor,com.adobe.acs.commons.mcp.impl.processes.asset.FileAssetIngestor_ESTest,36,0,False
223,BugSwarm,ACS_AEM_Commons-461893214,1,67cbeea6ee3a4f3fa35adfc3ec9fc149,com.adobe.acs.commons.mcp.impl.processes.asset.FileAssetIngestor,com.adobe.acs.commons.mcp.impl.processes.asset.FileAssetIngestor_ESTest,34,0,False
224,BugSwarm,ACS_AEM_Commons-461893214,1,00c76072b20c49ccaeba6d5340082cbb,com.adobe.acs.commons.mcp.impl.processes.asset.FileAssetIngestor,com.adobe.acs.commons.mcp.impl.processes.asset.FileAssetIngestor_ESTest,34,0,False
225,BugSwarm,ACS_AEM_Commons-461893214,1,7c79b182625a4b428d12ab66d6c6581f,com.adobe.acs.commons.mcp.impl.processes.asset.FileAssetIngestor,com.adobe.acs.commons.mcp.impl.processes.asset.FileAssetIngestor_ESTest,33,0,False
226,BugSwarm,ACS_AEM_Commons-461893214,1,f1ea08c890c4422b806554be6b289eaa,com.adobe.acs.commons.mcp.impl.processes.asset.FileAssetIngestor,com.adobe.acs.commons.mcp.impl.processes.asset.FileAssetIngestor_ESTest,34,0,False
227,BugSwarm,ACS_AEM_Commons-461893214,1,c35634541f594d749ca29a8299a5daab,com.adobe.acs.commons.mcp.impl.processes.asset.FileAssetIngestor,com.adobe.acs.commons.mcp.impl.processes.asset.FileAssetIngestor_ESTest,37,0,False
228,BugSwarm,ACS_AEM_Commons-461893214,1,5c04279838d640618ddb3aadfcd86f73,com.adobe.acs.commons.mcp.impl.processes.asset.FileAssetIngestor,com.adobe.acs.commons.mcp.impl.processes.asset.FileAssetIngestor_ESTest,36,0,False
229,BugSwarm,ACS_AEM_Commons-461893214,1,30ea11edef8c48478df20378a9ff40de,com.adobe.acs.commons.mcp.impl.processes.asset.FileAssetIngestor,com.adobe.acs.commons.mcp.impl.processes.asset.FileAssetIngestor_ESTest,33,0,False
230,BugSwarm,ACS_AEM_Commons-461893214,1,90cdd45e32b84eebad0a43c17d52e67a,com.adobe.acs.commons.mcp.impl.processes.asset.FileAssetIngestor,com.adobe.acs.commons.mcp.impl.processes.asset.FileAssetIngestor_ESTest,37,0,False
231,BugSwarm,ACS_AEM_Commons-461893214,1,fcc7e6d82d364ee09bd9dde7db76039d,com.adobe.acs.commons.mcp.impl.processes.asset.FileAssetIngestor,com.adobe.acs.commons.mcp.impl.processes.asset.FileAssetIngestor_ESTest,34,0,False
232,BugSwarm,ACS_AEM_Commons-461893214,1,184ddbc2fc9449a2bc9a0677ac73d433,com.adobe.acs.commons.mcp.impl.processes.asset.FileAssetIngestor,com.adobe.acs.commons.mcp.impl.processes.asset.FileAssetIngestor_ESTest,35,0,False
233,BugSwarm,ACS_AEM_Commons-461893214,1,475f5cc08ea143a8b2d8d067ac6bbdfb,com.adobe.acs.commons.mcp.impl.processes.asset.FileAssetIngestor,com.adobe.acs.commons.mcp.impl.processes.asset.FileAssetIngestor_ESTest,36,0,False
234,BugSwarm,ACS_AEM_Commons-461893214,1,2623564e59b3419d87d79b00c87edd81,com.adobe.acs.commons.mcp.impl.processes.asset.FileAssetIngestor,com.adobe.acs.commons.mcp.impl.processes.asset.FileAssetIngestor_ESTest,32,0,False
235,BugSwarm,ACS_AEM_Commons-461893214,1,e902df6c0f694238a2c656f7ea541b8d,com.adobe.acs.commons.mcp.impl.processes.asset.FileAssetIngestor,com.adobe.acs.commons.mcp.impl.processes.asset.FileAssetIngestor_ESTest,35,0,False
236,BugSwarm,ACS_AEM_Commons-461893214,1,86488910f3bb4857a44d62336904265e,com.adobe.acs.commons.mcp.impl.processes.asset.FileAssetIngestor,com.adobe.acs.commons.mcp.impl.processes.asset.FileAssetIngestor_ESTest,37,0,False
237,BugSwarm,ACS_AEM_Commons-461893214,1,cad958c77cc0402f8f63fd23f63f9ac7,com.adobe.acs.commons.mcp.impl.processes.asset.FileAssetIngestor,com.adobe.acs.commons.mcp.impl.processes.asset.FileAssetIngestor_ESTest,32,0,False
238,BugSwarm,ACS_AEM_Commons-461893214,1,5d4ed6e82510430cbe29381073499c91,com.adobe.acs.commons.mcp.impl.processes.asset.FileAssetIngestor,com.adobe.acs.commons.mcp.impl.processes.asset.FileAssetIngestor_ESTest,36,0,False
239,BugSwarm,ACS_AEM_Commons-461893214,1,e9972e4ed9154cfe951bf293846cc39b,com.adobe.acs.commons.mcp.impl.processes.asset.FileAssetIngestor,com.adobe.acs.commons.mcp.impl.processes.asset.FileAssetIngestor_ESTest,32,0,False
240,BugSwarm,ACS_AEM_Commons-461893214,1,131853f8449347b784b1399221423cb4,com.adobe.acs.commons.mcp.impl.processes.asset.FileAssetIngestor,com.adobe.acs.commons.mcp.impl.processes.asset.FileAssetIngestor_ESTest,34,0,False
241,BugSwarm,ACS_AEM_Commons-461893214,1,474f02c41104447f8def3b1f0ec012db,com.adobe.acs.commons.mcp.impl.processes.asset.FileAssetIngestor,com.adobe.acs.commons.mcp.impl.processes.asset.FileAssetIngestor_ESTest,37,0,False
242,BugSwarm,ACS_AEM_Commons-461893214,1,2811585a8ea9403a9a171aab83a77608,com.adobe.acs.commons.mcp.impl.processes.asset.FileAssetIngestor,com.adobe.acs.commons.mcp.impl.processes.asset.FileAssetIngestor_ESTest,32,0,False
243,BugSwarm,ACS_AEM_Commons-461893214,1,d32cca9fbb0846c19c9eb06618116a74,com.adobe.acs.commons.mcp.impl.processes.asset.FileAssetIngestor,com.adobe.acs.commons.mcp.impl.processes.asset.FileAssetIngestor_ESTest,35,0,False
244,BugSwarm,Byte_Buddy-95795967,0,927cb5501ccd469d85138ad8d767087d,net.bytebuddy.dynamic.ClassFileLocator,net.bytebuddy.dynamic.ClassFileLocator_ESTest,59,0,True
245,BugSwarm,Byte_Buddy-95795967,0,30aba84e3513446cb02b436f2f36172e,net.bytebuddy.dynamic.ClassFileLocator,net.bytebuddy.dynamic.ClassFileLocator_ESTest,57,0,False
246,BugSwarm,Byte_Buddy-95795967,0,436d6984274646d3b479ea74e6f9c062,net.bytebuddy.dynamic.ClassFileLocator,net.bytebuddy.dynamic.ClassFileLocator_ESTest,60,0,True
247,BugSwarm,Byte_Buddy-95795967,0,a603152f30bd4d0f9a1a643483cba141,net.bytebuddy.dynamic.ClassFileLocator,net.bytebuddy.dynamic.ClassFileLocator_ESTest,62,0,True
248,BugSwarm,Byte_Buddy-95795967,0,a32aa2b772b64893969bc67ed07d9aeb,net.bytebuddy.dynamic.ClassFileLocator,net.bytebuddy.dynamic.ClassFileLocator_ESTest,59,0,False
249,BugSwarm,Byte_Buddy-95795967,0,95903a26d2254667acd4c66e7b90a178,net.bytebuddy.dynamic.ClassFileLocator,net.bytebuddy.dynamic.ClassFileLocator_ESTest,62,0,True
250,BugSwarm,Byte_Buddy-95795967,0,278db4c777b846909a54129e7e776dd7,net.bytebuddy.dynamic.ClassFileLocator,net.bytebuddy.dynamic.ClassFileLocator_ESTest,60,0,True
251,BugSwarm,Byte_Buddy-95795967,0,620d77d824b9414e831513cb90734c64,net.bytebuddy.dynamic.ClassFileLocator,net.bytebuddy.dynamic.ClassFileLocator_ESTest,57,0,True
252,BugSwarm,Byte_Buddy-95795967,0,c98da4801b194b2eb170222222512c6a,net.bytebuddy.dynamic.ClassFileLocator,net.bytebuddy.dynamic.ClassFileLocator_ESTest,60,0,False
253,BugSwarm,Byte_Buddy-95795967,0,df330f3055af455ebad44a838b400c55,net.bytebuddy.dynamic.ClassFileLocator,net.bytebuddy.dynamic.ClassFileLocator_ESTest,62,0,True
254,BugSwarm,Byte_Buddy-95795967,0,7064079a88c043d6bf2d8de1ca1e184c,net.bytebuddy.dynamic.ClassFileLocator,net.bytebuddy.dynamic.ClassFileLocator_ESTest,60,0,True
255,BugSwarm,Byte_Buddy-95795967,0,d23a917890ab42b5bfd94d580af58359,net.bytebuddy.dynamic.ClassFileLocator,net.bytebuddy.dynamic.ClassFileLocator_ESTest,59,0,True
256,BugSwarm,Byte_Buddy-95795967,0,6ea9ae2e88aa49918dc88e20ea89c6ec,net.bytebuddy.dynamic.ClassFileLocator,net.bytebuddy.dynamic.ClassFileLocator_ESTest,62,0,True
257,BugSwarm,Byte_Buddy-95795967,0,0dcf1280dfd443da8ebe20d37d12b6f2,net.bytebuddy.dynamic.ClassFileLocator,net.bytebuddy.dynamic.ClassFileLocator_ESTest,60,0,False
258,BugSwarm,Byte_Buddy-95795967,0,6abc7acf28a34e1aaaee1cc639d8a979,net.bytebuddy.dynamic.ClassFileLocator,net.bytebuddy.dynamic.ClassFileLocator_ESTest,59,0,True
259,BugSwarm,Byte_Buddy-95795967,0,01317deb9d9d4e55a24e1b5a028bb1ca,net.bytebuddy.dynamic.ClassFileLocator,net.bytebuddy.dynamic.ClassFileLocator_ESTest,64,0,True
260,BugSwarm,Byte_Buddy-95795967,0,82ba699e2a414373b43705325b3227c8,net.bytebuddy.dynamic.ClassFileLocator,net.bytebuddy.dynamic.ClassFileLocator_ESTest,58,0,True
261,BugSwarm,Byte_Buddy-95795967,0,5d8fd15d391a433282e50a77ace78705,net.bytebuddy.dynamic.ClassFileLocator,net.bytebuddy.dynamic.ClassFileLocator_ESTest,61,0,True
262,BugSwarm,Byte_Buddy-95795967,0,9eef4151c3a94754bef53d74287e18df,net.bytebuddy.dynamic.ClassFileLocator,net.bytebuddy.dynamic.ClassFileLocator_ESTest,64,0,True
263,BugSwarm,Byte_Buddy-95795967,0,2cc12a0033214e91bffb5e15a73dac2b,net.bytebuddy.dynamic.ClassFileLocator,net.bytebuddy.dynamic.ClassFileLocator_ESTest,60,0,True
264,BugSwarm,Byte_Buddy-95795967,0,47e1c6832b7f44b2b6d7f667433fa7f3,net.bytebuddy.dynamic.ClassFileLocator,net.bytebuddy.dynamic.ClassFileLocator_ESTest,59,0,False
265,BugSwarm,Byte_Buddy-95795967,0,8ae67b712b4c4c6789df64287b0a0881,net.bytebuddy.dynamic.ClassFileLocator,net.bytebuddy.dynamic.ClassFileLocator_ESTest,58,0,True
266,BugSwarm,Byte_Buddy-95795967,0,aac608ab3ca34e5884a45041c5da2110,net.bytebuddy.dynamic.ClassFileLocator,net.bytebuddy.dynamic.ClassFileLocator_ESTest,61,0,True
267,BugSwarm,Byte_Buddy-95795967,0,27fa366bb7d44ebcad6fa70c20773145,net.bytebuddy.dynamic.ClassFileLocator,net.bytebuddy.dynamic.ClassFileLocator_ESTest,63,0,True
268,BugSwarm,Byte_Buddy-95795967,0,214ae4ecbeec4982b0ffc3dc1bb9f61a,net.bytebuddy.dynamic.ClassFileLocator,net.bytebuddy.dynamic.ClassFileLocator_ESTest,63,0,True
269,BugSwarm,Byte_Buddy-95795967,0,cbade78e8d8c488a870c9eb1662c9238,net.bytebuddy.dynamic.ClassFileLocator,net.bytebuddy.dynamic.ClassFileLocator_ESTest,61,0,True
270,BugSwarm,Byte_Buddy-95795967,0,76a8b499661f4321b1d9d23bbecf35e6,net.bytebuddy.dynamic.ClassFileLocator,net.bytebuddy.dynamic.ClassFileLocator_ESTest,57,0,True
271,BugSwarm,Byte_Buddy-95795967,0,0d4ba7d4173d47a18484f1922a4cd7db,net.bytebuddy.dynamic.ClassFileLocator,net.bytebuddy.dynamic.ClassFileLocator_ESTest,61,0,False
272,BugSwarm,Byte_Buddy-95795967,0,8af071d9ad2c478897b4754a5696a041,net.bytebuddy.dynamic.ClassFileLocator,net.bytebuddy.dynamic.ClassFileLocator_ESTest,62,0,True
273,BugSwarm,Byte_Buddy-95795967,0,3898d62f884e4d38ac13c33138c3e858,net.bytebuddy.dynamic.ClassFileLocator,net.bytebuddy.dynamic.ClassFileLocator_ESTest,63,0,True
274,BugSwarm,Byte_Buddy-140517155,0,9eac1f0d33d6470fb4354621542e1e1b,net.bytebuddy.dynamic.ClassFileLocator,net.bytebuddy.dynamic.ClassFileLocator_ESTest,68,0,True
275,BugSwarm,Byte_Buddy-140517155,0,87368c722d0842ec807b811566f1dcc2,net.bytebuddy.dynamic.ClassFileLocator,net.bytebuddy.dynamic.ClassFileLocator_ESTest,70,0,True
276,BugSwarm,Byte_Buddy-140517155,0,f64d920909924964a00beddb15114a5b,net.bytebuddy.dynamic.ClassFileLocator,net.bytebuddy.dynamic.ClassFileLocator_ESTest,73,0,True
277,BugSwarm,Byte_Buddy-140517155,0,2c8e056eff7f47879070306e36f9e7dd,net.bytebuddy.dynamic.ClassFileLocator,net.bytebuddy.dynamic.ClassFileLocator_ESTest,74,0,True
278,BugSwarm,Byte_Buddy-140517155,0,89311b781e244ee7a0b2ae78debcb4fd,net.bytebuddy.dynamic.ClassFileLocator,net.bytebuddy.dynamic.ClassFileLocator_ESTest,70,0,True
279,BugSwarm,Byte_Buddy-140517155,0,6afa6564217b4f07a46641a7f45df0bf,net.bytebuddy.dynamic.ClassFileLocator,net.bytebuddy.dynamic.ClassFileLocator_ESTest,67,0,True
280,BugSwarm,Byte_Buddy-140517155,0,4c0990e0984049bbb712c0720551e152,net.bytebuddy.dynamic.ClassFileLocator,net.bytebuddy.dynamic.ClassFileLocator_ESTest,71,0,True
281,BugSwarm,Byte_Buddy-140517155,0,d054bec8fa5343ea80251af573614d81,net.bytebuddy.dynamic.ClassFileLocator,net.bytebuddy.dynamic.ClassFileLocator_ESTest,69,0,True
282,BugSwarm,Byte_Buddy-140517155,0,49b077de257b42599a9eddaba90c5b96,net.bytebuddy.dynamic.ClassFileLocator,net.bytebuddy.dynamic.ClassFileLocator_ESTest,65,0,True
283,BugSwarm,Byte_Buddy-140517155,0,557292ca53044497a6f4b432e4df6a91,net.bytebuddy.dynamic.ClassFileLocator,net.bytebuddy.dynamic.ClassFileLocator_ESTest,68,0,True
284,BugSwarm,Byte_Buddy-140517155,0,b26d8a13fc37431f9a997f241ceda574,net.bytebuddy.dynamic.ClassFileLocator,net.bytebuddy.dynamic.ClassFileLocator_ESTest,67,0,True
285,BugSwarm,Byte_Buddy-140517155,0,9474db63679b476eb7608fcb37854ffb,net.bytebuddy.dynamic.ClassFileLocator,net.bytebuddy.dynamic.ClassFileLocator_ESTest,69,0,True
286,BugSwarm,Byte_Buddy-140517155,0,80d9bb679095473eb1a97c91c59127c2,net.bytebuddy.dynamic.ClassFileLocator,net.bytebuddy.dynamic.ClassFileLocator_ESTest,68,0,True
287,BugSwarm,Byte_Buddy-140517155,0,76f8caf5688a409aacb46e1ccfc08478,net.bytebuddy.dynamic.ClassFileLocator,net.bytebuddy.dynamic.ClassFileLocator_ESTest,65,0,True
288,BugSwarm,Byte_Buddy-140517155,0,4b40f4d02fe244de9d10cc6fda42d308,net.bytebuddy.dynamic.ClassFileLocator,net.bytebuddy.dynamic.ClassFileLocator_ESTest,66,0,True
289,BugSwarm,Byte_Buddy-140517155,0,07b34ae274fa41f38f2553ab190f74f2,net.bytebuddy.dynamic.ClassFileLocator,net.bytebuddy.dynamic.ClassFileLocator_ESTest,69,0,True
290,BugSwarm,Byte_Buddy-140517155,0,abeabd1300694be6be12c768449a16ec,net.bytebuddy.dynamic.ClassFileLocator,net.bytebuddy.dynamic.ClassFileLocator_ESTest,73,0,True
291,BugSwarm,Byte_Buddy-140517155,0,736dedd9fe554e0a899a048996308763,net.bytebuddy.dynamic.ClassFileLocator,net.bytebuddy.dynamic.ClassFileLocator_ESTest,71,0,True
292,BugSwarm,Byte_Buddy-140517155,0,107dd56a0c8b46b7bf3389185f9cbb58,net.bytebuddy.dynamic.ClassFileLocator,net.bytebuddy.dynamic.ClassFileLocator_ESTest,67,0,True
293,BugSwarm,Byte_Buddy-140517155,0,8ca604de2c184baaac372371edab3aaf,net.bytebuddy.dynamic.ClassFileLocator,net.bytebuddy.dynamic.ClassFileLocator_ESTest,69,0,True
294,BugSwarm,Byte_Buddy-140517155,0,ba6101d9a9de4374bce9fc16ed75215f,net.bytebuddy.dynamic.ClassFileLocator,net.bytebuddy.dynamic.ClassFileLocator_ESTest,67,0,True
295,BugSwarm,Byte_Buddy-140517155,0,7f9256b8b6fd48b49b60b60bd3e5cfdf,net.bytebuddy.dynamic.ClassFileLocator,net.bytebuddy.dynamic.ClassFileLocator_ESTest,73,0,True
296,BugSwarm,Byte_Buddy-140517155,0,617c25a50695417190b182fd547a9db9,net.bytebuddy.dynamic.ClassFileLocator,net.bytebuddy.dynamic.ClassFileLocator_ESTest,72,0,True
297,BugSwarm,Byte_Buddy-140517155,0,7fcfe3c6cecf4cf9af19f184ca500d78,net.bytebuddy.dynamic.ClassFileLocator,net.bytebuddy.dynamic.ClassFileLocator_ESTest,71,0,True
298,BugSwarm,Byte_Buddy-140517155,0,172c1c5da6f94e3bbca2772f9b4253ec,net.bytebuddy.dynamic.ClassFileLocator,net.bytebuddy.dynamic.ClassFileLocator_ESTest,71,0,True
299,BugSwarm,Byte_Buddy-140517155,0,a0845b2cd898447c8b947b6832267df4,net.bytebuddy.dynamic.ClassFileLocator,net.bytebuddy.dynamic.ClassFileLocator_ESTest,72,0,True
300,BugSwarm,Byte_Buddy-140517155,0,0b177f6686584d4c90eb6682d87a0fd5,net.bytebuddy.dynamic.ClassFileLocator,net.bytebuddy.dynamic.ClassFileLocator_ESTest,72,0,True
301,BugSwarm,Byte_Buddy-140517155,0,bef4e003478d4670b7736f24c94a990d,net.bytebuddy.dynamic.ClassFileLocator,net.bytebuddy.dynamic.ClassFileLocator_ESTest,72,0,True
302,BugSwarm,Byte_Buddy-140517155,0,94a1941f93e044c0a29c26af9c03dabf,net.bytebuddy.dynamic.ClassFileLocator,net.bytebuddy.dynamic.ClassFileLocator_ESTest,68,0,True
303,BugSwarm,Byte_Buddy-140517155,0,96cc8413b73c4cbcbf684a8da865160c,net.bytebuddy.dynamic.ClassFileLocator,net.bytebuddy.dynamic.ClassFileLocator_ESTest,70,0,True
304,BugSwarm,OkHttp-93618854,0,9c942c1734664f3096933e08fe86683a,com.squareup.okhttp.internal.http.StreamAllocation,com.squareup.okhttp.internal.http.StreamAllocation_ESTest,21,0,True
305,BugSwarm,OkHttp-93618854,0,fcdb5f7cb29541ed91e815d1a998781e,com.squareup.okhttp.internal.http.StreamAllocation,com.squareup.okhttp.internal.http.StreamAllocation_ESTest,19,0,True
306,BugSwarm,OkHttp-93618854,0,0ea19778be394c54a9ecb9b5147be197,com.squareup.okhttp.internal.http.StreamAllocation,com.squareup.okhttp.internal.http.StreamAllocation_ESTest,20,0,True
307,BugSwarm,OkHttp-93618854,0,c42944e6e98e4ace8437f4269ad0b8f4,com.squareup.okhttp.internal.http.StreamAllocation,com.squareup.okhttp.internal.http.StreamAllocation_ESTest,21,0,True
308,BugSwarm,OkHttp-93618854,0,fd3629cc868e469f897a82b8c197d507,com.squareup.okhttp.internal.http.StreamAllocation,com.squareup.okhttp.internal.http.StreamAllocation_ESTest,23,0,True
309,BugSwarm,OkHttp-93618854,0,1ed032ea178343d9a8221e9dde166f1a,com.squareup.okhttp.internal.http.StreamAllocation,com.squareup.okhttp.internal.http.StreamAllocation_ESTest,19,0,True
310,BugSwarm,OkHttp-93618854,0,9662e4e926004af29202551dd6adc44c,com.squareup.okhttp.internal.http.StreamAllocation,com.squareup.okhttp.internal.http.StreamAllocation_ESTest,23,0,True
311,BugSwarm,OkHttp-93618854,0,ae87951d928443fdb0264ed84320affb,com.squareup.okhttp.internal.http.StreamAllocation,com.squareup.okhttp.internal.http.StreamAllocation_ESTest,18,0,True
312,BugSwarm,OkHttp-93618854,0,e5410609c4c14745a2d5dc5340fa1760,com.squareup.okhttp.internal.http.StreamAllocation,com.squareup.okhttp.internal.http.StreamAllocation_ESTest,19,0,True
313,BugSwarm,OkHttp-93618854,0,cf3e5f5defd8433ea9a6f316cd7fbc52,com.squareup.okhttp.internal.http.StreamAllocation,com.squareup.okhttp.internal.http.StreamAllocation_ESTest,20,0,True
314,BugSwarm,OkHttp-93618854,0,07bc10f8ebc843278d991569641a6c16,com.squareup.okhttp.internal.http.StreamAllocation,com.squareup.okhttp.internal.http.StreamAllocation_ESTest,20,0,True
315,BugSwarm,OkHttp-93618854,0,00073bbc568d4f3696e266f988f25e37,com.squareup.okhttp.internal.http.StreamAllocation,com.squareup.okhttp.internal.http.StreamAllocation_ESTest,22,0,True
316,BugSwarm,OkHttp-93618854,0,3bb898febc4d4d49aa86f79250489d48,com.squareup.okhttp.internal.http.StreamAllocation,com.squareup.okhttp.internal.http.StreamAllocation_ESTest,19,0,True
317,BugSwarm,OkHttp-93618854,0,4556e17cca7a44ca8811d2e2d232d012,com.squareup.okhttp.internal.http.StreamAllocation,com.squareup.okhttp.internal.http.StreamAllocation_ESTest,16,0,True
318,BugSwarm,OkHttp-93618854,0,2c4b6fa9e96b4be6ad3805fe73b5fa16,com.squareup.okhttp.internal.http.StreamAllocation,com.squareup.okhttp.internal.http.StreamAllocation_ESTest,20,0,True
319,BugSwarm,OkHttp-93618854,0,d4a59309024e40f98e278af8bbcbf0b0,com.squareup.okhttp.internal.http.StreamAllocation,com.squareup.okhttp.internal.http.StreamAllocation_ESTest,19,0,True
320,BugSwarm,OkHttp-93618854,0,06e534edfe7f4380a5fc6c01a6505522,com.squareup.okhttp.internal.http.StreamAllocation,com.squareup.okhttp.internal.http.StreamAllocation_ESTest,21,0,True
321,BugSwarm,OkHttp-93618854,0,4203cac2bb5b4b039a5921ce8add1ac4,com.squareup.okhttp.internal.http.StreamAllocation,com.squareup.okhttp.internal.http.StreamAllocation_ESTest,22,0,True
322,BugSwarm,OkHttp-93618854,0,751e45dc3c864c8bb6b31a6dc95451a8,com.squareup.okhttp.internal.http.StreamAllocation,com.squareup.okhttp.internal.http.StreamAllocation_ESTest,19,0,True
323,BugSwarm,OkHttp-93618854,0,31d733be85334ad09112c4eca0a39469,com.squareup.okhttp.internal.http.StreamAllocation,com.squareup.okhttp.internal.http.StreamAllocation_ESTest,19,0,True
324,BugSwarm,OkHttp-93618854,0,1384fa5bbdd44301bf1bf5e2231d212d,com.squareup.okhttp.internal.http.StreamAllocation,com.squareup.okhttp.internal.http.StreamAllocation_ESTest,19,0,True
325,BugSwarm,OkHttp-93618854,0,bee6bd6ebdf74f4e828a9707071c9c28,com.squareup.okhttp.internal.http.StreamAllocation,com.squareup.okhttp.internal.http.StreamAllocation_ESTest,22,0,True
326,BugSwarm,OkHttp-93618854,0,e74b8ea0a3cb4ee990d05c9fea39bfca,com.squareup.okhttp.internal.http.StreamAllocation,com.squareup.okhttp.internal.http.StreamAllocation_ESTest,19,0,True
327,BugSwarm,OkHttp-93618854,0,5858f37ece804ba5a82faa5d772bd071,com.squareup.okhttp.internal.http.StreamAllocation,com.squareup.okhttp.internal.http.StreamAllocation_ESTest,19,0,True
328,BugSwarm,OkHttp-93618854,0,161a67c2bc5d4386ab4a73256d3a316b,com.squareup.okhttp.internal.http.StreamAllocation,com.squareup.okhttp.internal.http.StreamAllocation_ESTest,23,0,True
329,BugSwarm,OkHttp-93618854,0,53c8f82d0ed848a1ad39382c5da406c1,com.squareup.okhttp.internal.http.StreamAllocation,com.squareup.okhttp.internal.http.StreamAllocation_ESTest,19,0,True
330,BugSwarm,OkHttp-93618854,0,c86a7bf11c6b4ba38de6449732eeb41d,com.squareup.okhttp.internal.http.StreamAllocation,com.squareup.okhttp.internal.http.StreamAllocation_ESTest,21,0,True
331,BugSwarm,OkHttp-93618854,0,f5f42129395b440abce635c59e76e6c8,com.squareup.okhttp.internal.http.StreamAllocation,com.squareup.okhttp.internal.http.StreamAllocation_ESTest,21,0,True
332,BugSwarm,OkHttp-93618854,0,c4776cf60c0f402f98fedae17500263d,com.squareup.okhttp.internal.http.StreamAllocation,com.squareup.okhttp.internal.http.StreamAllocation_ESTest,22,0,True
333,BugSwarm,OkHttp-93618854,0,72522b8cfda34fa69353e8b0ce7ba240,com.squareup.okhttp.internal.http.StreamAllocation,com.squareup.okhttp.internal.http.StreamAllocation_ESTest,23,0,True
334,BugSwarm,OkHttp-93618854,1,9c942c1734664f3096933e08fe86683a,com.squareup.okhttp.internal.http.StreamAllocation,com.squareup.okhttp.internal.http.StreamAllocation_ESTest,21,0,True
335,BugSwarm,OkHttp-93618854,1,fcdb5f7cb29541ed91e815d1a998781e,com.squareup.okhttp.internal.http.StreamAllocation,com.squareup.okhttp.internal.http.StreamAllocation_ESTest,19,0,True
336,BugSwarm,OkHttp-93618854,1,0ea19778be394c54a9ecb9b5147be197,com.squareup.okhttp.internal.http.StreamAllocation,com.squareup.okhttp.internal.http.StreamAllocation_ESTest,20,0,True
337,BugSwarm,OkHttp-93618854,1,c42944e6e98e4ace8437f4269ad0b8f4,com.squareup.okhttp.internal.http.StreamAllocation,com.squareup.okhttp.internal.http.StreamAllocation_ESTest,21,0,True
338,BugSwarm,OkHttp-93618854,1,fd3629cc868e469f897a82b8c197d507,com.squareup.okhttp.internal.http.StreamAllocation,com.squareup.okhttp.internal.http.StreamAllocation_ESTest,23,0,True
339,BugSwarm,OkHttp-93618854,1,1ed032ea178343d9a8221e9dde166f1a,com.squareup.okhttp.internal.http.StreamAllocation,com.squareup.okhttp.internal.http.StreamAllocation_ESTest,19,0,True
340,BugSwarm,OkHttp-93618854,1,9662e4e926004af29202551dd6adc44c,com.squareup.okhttp.internal.http.StreamAllocation,com.squareup.okhttp.internal.http.StreamAllocation_ESTest,23,0,True
341,BugSwarm,OkHttp-93618854,1,ae87951d928443fdb0264ed84320affb,com.squareup.okhttp.internal.http.StreamAllocation,com.squareup.okhttp.internal.http.StreamAllocation_ESTest,18,0,True
342,BugSwarm,OkHttp-93618854,1,e5410609c4c14745a2d5dc5340fa1760,com.squareup.okhttp.internal.http.StreamAllocation,com.squareup.okhttp.internal.http.StreamAllocation_ESTest,19,0,True
343,BugSwarm,OkHttp-93618854,1,cf3e5f5defd8433ea9a6f316cd7fbc52,com.squareup.okhttp.internal.http.StreamAllocation,com.squareup.okhttp.internal.http.StreamAllocation_ESTest,20,0,True
344,BugSwarm,OkHttp-93618854,1,07bc10f8ebc843278d991569641a6c16,com.squareup.okhttp.internal.http.StreamAllocation,com.squareup.okhttp.internal.http.StreamAllocation_ESTest,20,0,True
345,BugSwarm,OkHttp-93618854,1,00073bbc568d4f3696e266f988f25e37,com.squareup.okhttp.internal.http.StreamAllocation,com.squareup.okhttp.internal.http.StreamAllocation_ESTest,22,0,True
346,BugSwarm,OkHttp-93618854,1,3bb898febc4d4d49aa86f79250489d48,com.squareup.okhttp.internal.http.StreamAllocation,com.squareup.okhttp.internal.http.StreamAllocation_ESTest,19,0,True
347,BugSwarm,OkHttp-93618854,1,4556e17cca7a44ca8811d2e2d232d012,com.squareup.okhttp.internal.http.StreamAllocation,com.squareup.okhttp.internal.http.StreamAllocation_ESTest,16,0,True
348,BugSwarm,OkHttp-93618854,1,2c4b6fa9e96b4be6ad3805fe73b5fa16,com.squareup.okhttp.internal.http.StreamAllocation,com.squareup.okhttp.internal.http.StreamAllocation_ESTest,20,0,True
349,BugSwarm,OkHttp-93618854,1,d4a59309024e40f98e278af8bbcbf0b0,com.squareup.okhttp.internal.http.StreamAllocation,com.squareup.okhttp.internal.http.StreamAllocation_ESTest,19,0,True
350,BugSwarm,OkHttp-93618854,1,06e534edfe7f4380a5fc6c01a6505522,com.squareup.okhttp.internal.http.StreamAllocation,com.squareup.okhttp.internal.http.StreamAllocation_ESTest,21,0,True
351,BugSwarm,OkHttp-93618854,1,4203cac2bb5b4b039a5921ce8add1ac4,com.squareup.okhttp.internal.http.StreamAllocation,com.squareup.okhttp.internal.http.StreamAllocation_ESTest,22,0,True
352,BugSwarm,OkHttp-93618854,1,751e45dc3c864c8bb6b31a6dc95451a8,com.squareup.okhttp.internal.http.StreamAllocation,com.squareup.okhttp.internal.http.StreamAllocation_ESTest,19,0,True
353,BugSwarm,OkHttp-93618854,1,31d733be85334ad09112c4eca0a39469,com.squareup.okhttp.internal.http.StreamAllocation,com.squareup.okhttp.internal.http.StreamAllocation_ESTest,19,0,True
354,BugSwarm,OkHttp-93618854,1,1384fa5bbdd44301bf1bf5e2231d212d,com.squareup.okhttp.internal.http.StreamAllocation,com.squareup.okhttp.internal.http.StreamAllocation_ESTest,19,0,True
355,BugSwarm,OkHttp-93618854,1,bee6bd6ebdf74f4e828a9707071c9c28,com.squareup.okhttp.internal.http.StreamAllocation,com.squareup.okhttp.internal.http.StreamAllocation_ESTest,22,0,True
356,BugSwarm,OkHttp-93618854,1,e74b8ea0a3cb4ee990d05c9fea39bfca,com.squareup.okhttp.internal.http.StreamAllocation,com.squareup.okhttp.internal.http.StreamAllocation_ESTest,19,0,True
357,BugSwarm,OkHttp-93618854,1,5858f37ece804ba5a82faa5d772bd071,com.squareup.okhttp.internal.http.StreamAllocation,com.squareup.okhttp.internal.http.StreamAllocation_ESTest,19,0,True
358,BugSwarm,OkHttp-93618854,1,161a67c2bc5d4386ab4a73256d3a316b,com.squareup.okhttp.internal.http.StreamAllocation,com.squareup.okhttp.internal.http.StreamAllocation_ESTest,23,0,True
359,BugSwarm,OkHttp-93618854,1,53c8f82d0ed848a1ad39382c5da406c1,com.squareup.okhttp.internal.http.StreamAllocation,com.squareup.okhttp.internal.http.StreamAllocation_ESTest,19,0,True
360,BugSwarm,OkHttp-93618854,1,c86a7bf11c6b4ba38de6449732eeb41d,com.squareup.okhttp.internal.http.StreamAllocation,com.squareup.okhttp.internal.http.StreamAllocation_ESTest,21,0,True
361,BugSwarm,OkHttp-93618854,1,f5f42129395b440abce635c59e76e6c8,com.squareup.okhttp.internal.http.StreamAllocation,com.squareup.okhttp.internal.http.StreamAllocation_ESTest,21,0,True
362,BugSwarm,OkHttp-93618854,1,c4776cf60c0f402f98fedae17500263d,com.squareup.okhttp.internal.http.StreamAllocation,com.squareup.okhttp.internal.http.StreamAllocation_ESTest,22,0,True
363,BugSwarm,OkHttp-93618854,1,72522b8cfda34fa69353e8b0ce7ba240,com.squareup.okhttp.internal.http.StreamAllocation,com.squareup.okhttp.internal.http.StreamAllocation_ESTest,23,0,True
364,BugSwarm,Artemis__odb-71816517,0,aff75ef3bfed4a949b4331e0b399e504,com.artemis.EntityEditPool,com.artemis.EntityEditPool_ESTest,13,0,False
365,BugSwarm,Artemis__odb-71816517,0,8f20244d872e4b4683232a6f6a6f30df,com.artemis.EntityEditPool,com.artemis.EntityEditPool_ESTest,15,0,True
366,BugSwarm,Artemis__odb-71816517,0,65f815dfe3e044a892b8972429651492,com.artemis.EntityEditPool,com.artemis.EntityEditPool_ESTest,14,0,True
367,BugSwarm,Artemis__odb-71816517,0,444ed6877a88404ebc203358d0e20709,com.artemis.EntityEditPool,com.artemis.EntityEditPool_ESTest,13,0,True
368,BugSwarm,Artemis__odb-71816517,0,d00d804531764c4cbcfe57141d109207,com.artemis.EntityEditPool,com.artemis.EntityEditPool_ESTest,14,0,True
369,BugSwarm,Artemis__odb-71816517,0,996cdb8f71ac4254ba2c1583ea591aeb,com.artemis.EntityEditPool,com.artemis.EntityEditPool_ESTest,13,0,False
370,BugSwarm,Artemis__odb-71816517,0,de25987e7ab1492ca645632e364bd818,com.artemis.EntityEditPool,com.artemis.EntityEditPool_ESTest,13,0,False
371,BugSwarm,Artemis__odb-71816517,0,4de8237c62e346d4851a0d840bd1eb68,com.artemis.EntityEditPool,com.artemis.EntityEditPool_ESTest,17,0,False
372,BugSwarm,Artemis__odb-71816517,0,ec7170e7cc5e426b877605605067447c,com.artemis.EntityEditPool,com.artemis.EntityEditPool_ESTest,17,0,True
373,BugSwarm,Artemis__odb-71816517,0,091dd5603ad0483d99fd79cb0f50bfc8,com.artemis.EntityEditPool,com.artemis.EntityEditPool_ESTest,12,0,False
374,BugSwarm,Artemis__odb-71816517,0,e6d33b47ae77463aa635fecb6eb7bc43,com.artemis.EntityEditPool,com.artemis.EntityEditPool_ESTest,13,0,False
375,BugSwarm,Artemis__odb-71816517,0,2f676d8f08d44c4e86a241deaad7d6e0,com.artemis.EntityEditPool,com.artemis.EntityEditPool_ESTest,17,0,True
376,BugSwarm,Artemis__odb-71816517,0,e5decf67a29440c8a5b98728ff427d8e,com.artemis.EntityEditPool,com.artemis.EntityEditPool_ESTest,11,0,False
377,BugSwarm,Artemis__odb-71816517,0,68b202f6fb30406c86c482c01e28b74e,com.artemis.EntityEditPool,com.artemis.EntityEditPool_ESTest,9,0,False
378,BugSwarm,Artemis__odb-71816517,0,8fddd4c21e6943e984bb99451d3cee3b,com.artemis.EntityEditPool,com.artemis.EntityEditPool_ESTest,13,0,True
379,BugSwarm,Artemis__odb-71816517,0,3c81c5e660aa422391dd5e874baf2722,com.artemis.EntityEditPool,com.artemis.EntityEditPool_ESTest,12,0,False
380,BugSwarm,Artemis__odb-71816517,0,68c53d339ad543a89729af2457b859bf,com.artemis.EntityEditPool,com.artemis.EntityEditPool_ESTest,12,0,False
381,BugSwarm,Artemis__odb-71816517,0,44140f2382614c0d86eeb69f68b8830f,com.artemis.EntityEditPool,com.artemis.EntityEditPool_ESTest,12,0,False
382,BugSwarm,Artemis__odb-71816517,0,a7c2748eb7c548949316450f9751dc1a,com.artemis.EntityEditPool,com.artemis.EntityEditPool_ESTest,14,0,False
383,BugSwarm,Artemis__odb-71816517,0,34dfac20c40c49388cef0687e95669fa,com.artemis.EntityEditPool,com.artemis.EntityEditPool_ESTest,14,0,False
384,BugSwarm,Artemis__odb-71816517,0,875bf12bfbc84489b69646610b51a59f,com.artemis.EntityEditPool,com.artemis.EntityEditPool_ESTest,13,0,False
385,BugSwarm,Artemis__odb-71816517,0,8dc32ea6e5b54462ac36d21d44dc669a,com.artemis.EntityEditPool,com.artemis.EntityEditPool_ESTest,10,0,False
386,BugSwarm,Artemis__odb-71816517,0,36558b54ebbf44dfadb858ee61048699,com.artemis.EntityEditPool,com.artemis.EntityEditPool_ESTest,11,0,False
387,BugSwarm,Artemis__odb-71816517,0,8ec1b7fa82ba419eab7575febee01129,com.artemis.EntityEditPool,com.artemis.EntityEditPool_ESTest,12,0,False
388,BugSwarm,Artemis__odb-71816517,0,4ffce5d0c2e841a8bb3b5cdf2c2ae579,com.artemis.EntityEditPool,com.artemis.EntityEditPool_ESTest,12,0,False
389,BugSwarm,Artemis__odb-71816517,0,a213b21494eb467cb2bb68a1b3644834,com.artemis.EntityEditPool,com.artemis.EntityEditPool_ESTest,13,0,False
390,BugSwarm,Artemis__odb-71816517,0,eea4bdb7c53d4140b0cf8c8715eed6e5,com.artemis.EntityEditPool,com.artemis.EntityEditPool_ESTest,15,0,False
391,BugSwarm,Artemis__odb-71816517,0,1a0c193163934798acf394e92ca1b7ad,com.artemis.EntityEditPool,com.artemis.EntityEditPool_ESTest,12,0,False
392,BugSwarm,Artemis__odb-71816517,0,22dcbdc888504395bd91a10a9b0318dd,com.artemis.EntityEditPool,com.artemis.EntityEditPool_ESTest,16,0,False
393,BugSwarm,Artemis__odb-71816517,0,313d307f2e954ef68c6909220dc6df3d,com.artemis.EntityEditPool,com.artemis.EntityEditPool_ESTest,16,0,False
394,BugSwarm,ACS_AEM_Commons-374231969,0,3d58df03e52c4e31ac5c09ab93f9b599,com.adobe.acs.commons.mcp.impl.processes.asset.UrlAssetImport,com.adobe.acs.commons.mcp.impl.processes.asset.UrlAssetImport_ESTest,9,0,False
395,BugSwarm,ACS_AEM_Commons-374231969,0,c94d3600e5004487b31ff837433abc6e,com.adobe.acs.commons.mcp.impl.processes.asset.UrlAssetImport,com.adobe.acs.commons.mcp.impl.processes.asset.UrlAssetImport_ESTest,9,0,False
396,BugSwarm,ACS_AEM_Commons-374231969,0,2f06ddb608a94db3abb4a8a684387b13,com.adobe.acs.commons.mcp.impl.processes.asset.UrlAssetImport,com.adobe.acs.commons.mcp.impl.processes.asset.UrlAssetImport_ESTest,9,0,False
397,BugSwarm,ACS_AEM_Commons-374231969,0,ab1e3d32be5542b9a42084bcc6c4daf3,com.adobe.acs.commons.mcp.impl.processes.asset.UrlAssetImport,com.adobe.acs.commons.mcp.impl.processes.asset.UrlAssetImport_ESTest,9,0,False
398,BugSwarm,ACS_AEM_Commons-374231969,0,abbb483e9112428c9ac346de6728306e,com.adobe.acs.commons.mcp.impl.processes.asset.UrlAssetImport,com.adobe.acs.commons.mcp.impl.processes.asset.UrlAssetImport_ESTest,9,0,False
399,BugSwarm,ACS_AEM_Commons-374231969,0,96adc675ff4b470d9a0db1ea1b8f34f9,com.adobe.acs.commons.mcp.impl.processes.asset.UrlAssetImport,com.adobe.acs.commons.mcp.impl.processes.asset.UrlAssetImport_ESTest,10,0,False
400,BugSwarm,ACS_AEM_Commons-374231969,0,a65259c9c82b42cdae332aa0bdb48345,com.adobe.acs.commons.mcp.impl.processes.asset.UrlAssetImport,com.adobe.acs.commons.mcp.impl.processes.asset.UrlAssetImport_ESTest,10,0,False
401,BugSwarm,ACS_AEM_Commons-374231969,0,15ff42bdf0aa40cab9afbd79132bf02a,com.adobe.acs.commons.mcp.impl.processes.asset.UrlAssetImport,com.adobe.acs.commons.mcp.impl.processes.asset.UrlAssetImport_ESTest,9,0,False
402,BugSwarm,ACS_AEM_Commons-374231969,0,0af0d892f7684541ac5b55887932c46c,com.adobe.acs.commons.mcp.impl.processes.asset.UrlAssetImport,com.adobe.acs.commons.mcp.impl.processes.asset.UrlAssetImport_ESTest,10,0,False
403,BugSwarm,ACS_AEM_Commons-374231969,0,62346a40ef45442698d05bbbff99c398,com.adobe.acs.commons.mcp.impl.processes.asset.UrlAssetImport,com.adobe.acs.commons.mcp.impl.processes.asset.UrlAssetImport_ESTest,9,0,False
404,BugSwarm,ACS_AEM_Commons-374231969,0,ed5efaa95527407fa16ca5d89a597a15,com.adobe.acs.commons.mcp.impl.processes.asset.UrlAssetImport,com.adobe.acs.commons.mcp.impl.processes.asset.UrlAssetImport_ESTest,9,0,False
405,BugSwarm,ACS_AEM_Commons-374231969,0,f6f991481a0242c2a0a1f81c8071b260,com.adobe.acs.commons.mcp.impl.processes.asset.UrlAssetImport,com.adobe.acs.commons.mcp.impl.processes.asset.UrlAssetImport_ESTest,9,0,False
406,BugSwarm,ACS_AEM_Commons-374231969,0,a4bbec89e30e45dda0d08e8f190c3550,com.adobe.acs.commons.mcp.impl.processes.asset.UrlAssetImport,com.adobe.acs.commons.mcp.impl.processes.asset.UrlAssetImport_ESTest,10,0,False
407,BugSwarm,ACS_AEM_Commons-374231969,0,d5724f3d016e4a1b9463fae1481a08e7,com.adobe.acs.commons.mcp.impl.processes.asset.UrlAssetImport,com.adobe.acs.commons.mcp.impl.processes.asset.UrlAssetImport_ESTest,9,0,False
408,BugSwarm,ACS_AEM_Commons-374231969,0,6276d37b49d0449f8938494de9aba4b2,com.adobe.acs.commons.mcp.impl.processes.asset.UrlAssetImport,com.adobe.acs.commons.mcp.impl.processes.asset.UrlAssetImport_ESTest,9,0,False
409,BugSwarm,ACS_AEM_Commons-374231969,0,7783a011bb964fa8be526115234ceea4,com.adobe.acs.commons.mcp.impl.processes.asset.UrlAssetImport,com.adobe.acs.commons.mcp.impl.processes.asset.UrlAssetImport_ESTest,10,0,False
410,BugSwarm,ACS_AEM_Commons-374231969,0,897f787058b040ae92160166c57f8036,com.adobe.acs.commons.mcp.impl.processes.asset.UrlAssetImport,com.adobe.acs.commons.mcp.impl.processes.asset.UrlAssetImport_ESTest,9,0,False
411,BugSwarm,ACS_AEM_Commons-374231969,0,a7acf763e1df4f9e9c674c77752b2e6b,com.adobe.acs.commons.mcp.impl.processes.asset.UrlAssetImport,com.adobe.acs.commons.mcp.impl.processes.asset.UrlAssetImport_ESTest,9,0,False
412,BugSwarm,ACS_AEM_Commons-374231969,0,4a118327efe244b9a1e9f61cff3b4faa,com.adobe.acs.commons.mcp.impl.processes.asset.UrlAssetImport,com.adobe.acs.commons.mcp.impl.processes.asset.UrlAssetImport_ESTest,9,0,False
413,BugSwarm,ACS_AEM_Commons-374231969,0,9beadc48a1614b2385a5dc04b3802369,com.adobe.acs.commons.mcp.impl.processes.asset.UrlAssetImport,com.adobe.acs.commons.mcp.impl.processes.asset.UrlAssetImport_ESTest,9,0,False
414,BugSwarm,ACS_AEM_Commons-374231969,0,cb10d63b507c4935bcdeb72266eb668a,com.adobe.acs.commons.mcp.impl.processes.asset.UrlAssetImport,com.adobe.acs.commons.mcp.impl.processes.asset.UrlAssetImport_ESTest,9,0,False
415,BugSwarm,ACS_AEM_Commons-374231969,0,2362e9f992b24eeeb1661f7929ddb61d,com.adobe.acs.commons.mcp.impl.processes.asset.UrlAssetImport,com.adobe.acs.commons.mcp.impl.processes.asset.UrlAssetImport_ESTest,9,0,False
416,BugSwarm,ACS_AEM_Commons-374231969,0,4fe2d167c4254b18b71174f2e3570a54,com.adobe.acs.commons.mcp.impl.processes.asset.UrlAssetImport,com.adobe.acs.commons.mcp.impl.processes.asset.UrlAssetImport_ESTest,9,0,False
417,BugSwarm,ACS_AEM_Commons-374231969,0,02d9e76d49d245e098dc079e2a1b0a15,com.adobe.acs.commons.mcp.impl.processes.asset.UrlAssetImport,com.adobe.acs.commons.mcp.impl.processes.asset.UrlAssetImport_ESTest,9,0,False
418,BugSwarm,ACS_AEM_Commons-374231969,0,21562b6e7543490f9d5a2a331bb26c4a,com.adobe.acs.commons.mcp.impl.processes.asset.UrlAssetImport,com.adobe.acs.commons.mcp.impl.processes.asset.UrlAssetImport_ESTest,9,0,False
419,BugSwarm,ACS_AEM_Commons-374231969,0,18c6a758482a41b2a5690f29caaa5990,com.adobe.acs.commons.mcp.impl.processes.asset.UrlAssetImport,com.adobe.acs.commons.mcp.impl.processes.asset.UrlAssetImport_ESTest,9,0,False
420,BugSwarm,ACS_AEM_Commons-374231969,0,54a31bb153054d47887609dbf294708c,com.adobe.acs.commons.mcp.impl.processes.asset.UrlAssetImport,com.adobe.acs.commons.mcp.impl.processes.asset.UrlAssetImport_ESTest,9,0,False
421,BugSwarm,BungeeCord-130330788,0,0eceff1245ab4e7f99b04b2618d53032,net.md_5.bungee.ConnectionThrottle,net.md_5.bungee.ConnectionThrottle_ESTest,1,0,True
422,BugSwarm,BungeeCord-130330788,0,8f11847d4c324ad797dcee8e5ec906fe,net.md_5.bungee.ConnectionThrottle,net.md_5.bungee.ConnectionThrottle_ESTest,2,0,True
423,BugSwarm,BungeeCord-130330788,0,10d91dc2a17d4c62afa396255a3183be,net.md_5.bungee.ConnectionThrottle,net.md_5.bungee.ConnectionThrottle_ESTest,1,0,True
424,BugSwarm,BungeeCord-130330788,0,3c63e2ed30804a5d8ee5eab82b8aece5,net.md_5.bungee.ConnectionThrottle,net.md_5.bungee.ConnectionThrottle_ESTest,1,0,True
425,BugSwarm,BungeeCord-130330788,0,74822b67baa5467f84d79ff576759a20,net.md_5.bungee.ConnectionThrottle,net.md_5.bungee.ConnectionThrottle_ESTest,1,0,True
426,BugSwarm,BungeeCord-130330788,0,2d3cc235406b400cbb3ea8444fc8621d,net.md_5.bungee.ConnectionThrottle,net.md_5.bungee.ConnectionThrottle_ESTest,1,0,True
427,BugSwarm,BungeeCord-130330788,0,9b6b5d7b83bf426399ac4c1f04598c2a,net.md_5.bungee.ConnectionThrottle,net.md_5.bungee.ConnectionThrottle_ESTest,2,0,True
428,BugSwarm,BungeeCord-130330788,0,a4c69d3fdb274022b9bf7abbff548094,net.md_5.bungee.ConnectionThrottle,net.md_5.bungee.ConnectionThrottle_ESTest,1,0,True
429,BugSwarm,BungeeCord-130330788,0,62388fb48891446ea61203f8efc7b735,net.md_5.bungee.ConnectionThrottle,net.md_5.bungee.ConnectionThrottle_ESTest,2,0,True
430,BugSwarm,BungeeCord-130330788,0,7fcd0c63151e4682bb7e9d67cfb4c25f,net.md_5.bungee.ConnectionThrottle,net.md_5.bungee.ConnectionThrottle_ESTest,1,0,True
431,BugSwarm,BungeeCord-130330788,0,b2dc0e6e03f64b28ac55ab36ed217173,net.md_5.bungee.ConnectionThrottle,net.md_5.bungee.ConnectionThrottle_ESTest,1,0,True
432,BugSwarm,BungeeCord-130330788,0,69ce0fa9f10345a8af53d51bb08352dd,net.md_5.bungee.ConnectionThrottle,net.md_5.bungee.ConnectionThrottle_ESTest,2,0,True
433,BugSwarm,BungeeCord-130330788,0,35ca999c670245ca8c9de97e50e95cb1,net.md_5.bungee.ConnectionThrottle,net.md_5.bungee.ConnectionThrottle_ESTest,1,0,True
434,BugSwarm,BungeeCord-130330788,0,69f86778fb384764bdbc11f63a654f8f,net.md_5.bungee.ConnectionThrottle,net.md_5.bungee.ConnectionThrottle_ESTest,1,0,True
435,BugSwarm,BungeeCord-130330788,0,c0935379b32343cb9ad5958d8e1885b6,net.md_5.bungee.ConnectionThrottle,net.md_5.bungee.ConnectionThrottle_ESTest,1,0,True
436,BugSwarm,BungeeCord-130330788,0,6581fa9050ce453a9d5993a97f3ac336,net.md_5.bungee.ConnectionThrottle,net.md_5.bungee.ConnectionThrottle_ESTest,2,0,True
437,BugSwarm,BungeeCord-130330788,0,6f1eef9966484fc18fcb1d2c1e98d947,net.md_5.bungee.ConnectionThrottle,net.md_5.bungee.ConnectionThrottle_ESTest,1,0,True
438,BugSwarm,BungeeCord-130330788,0,b0b4ab57eb6f4fb78e576c409b634813,net.md_5.bungee.ConnectionThrottle,net.md_5.bungee.ConnectionThrottle_ESTest,3,0,True
439,BugSwarm,BungeeCord-130330788,0,9ce353853d344aa48d074574680ef986,net.md_5.bungee.ConnectionThrottle,net.md_5.bungee.ConnectionThrottle_ESTest,2,0,True
440,BugSwarm,BungeeCord-130330788,0,b46cafc69b594147bbd7f921745a1ec5,net.md_5.bungee.ConnectionThrottle,net.md_5.bungee.ConnectionThrottle_ESTest,1,0,True
441,BugSwarm,BungeeCord-130330788,0,826e0c00a6ca4f89bfae91ef48bc65e9,net.md_5.bungee.ConnectionThrottle,net.md_5.bungee.ConnectionThrottle_ESTest,2,0,True
442,BugSwarm,BungeeCord-130330788,0,17e8462f7a0d43e8bc272d85607a6ad3,net.md_5.bungee.ConnectionThrottle,net.md_5.bungee.ConnectionThrottle_ESTest,1,0,True
443,BugSwarm,BungeeCord-130330788,0,372edce879a24573a0871951b802a15c,net.md_5.bungee.ConnectionThrottle,net.md_5.bungee.ConnectionThrottle_ESTest,1,0,True
444,BugSwarm,BungeeCord-130330788,0,d060b38ff1124c93953b4a65edd78c5e,net.md_5.bungee.ConnectionThrottle,net.md_5.bungee.ConnectionThrottle_ESTest,1,0,True
445,BugSwarm,BungeeCord-130330788,0,8f88a00dd2b44149983926e3670a6c24,net.md_5.bungee.ConnectionThrottle,net.md_5.bungee.ConnectionThrottle_ESTest,1,0,True
446,BugSwarm,BungeeCord-130330788,0,0ea6eb830c5b46888f5590d348e2d10c,net.md_5.bungee.ConnectionThrottle,net.md_5.bungee.ConnectionThrottle_ESTest,1,0,True
447,BugSwarm,BungeeCord-130330788,0,5200bc1d2f0649ed99b2d078eba7a6c9,net.md_5.bungee.ConnectionThrottle,net.md_5.bungee.ConnectionThrottle_ESTest,1,0,True
448,BugSwarm,BungeeCord-130330788,0,686c49ed0fea45d8ab975e8f0c7af12d,net.md_5.bungee.ConnectionThrottle,net.md_5.bungee.ConnectionThrottle_ESTest,1,0,True
449,BugSwarm,BungeeCord-130330788,0,4bac6d77f604409ca611f048f24ba007,net.md_5.bungee.ConnectionThrottle,net.md_5.bungee.ConnectionThrottle_ESTest,1,0,True
450,BugSwarm,BungeeCord-130330788,0,3b70e4b289f44558ac17beb1d7a81436,net.md_5.bungee.ConnectionThrottle,net.md_5.bungee.ConnectionThrottle_ESTest,1,0,True
451,BugSwarm,Yamcs-186324159,0,6839c1a24e724b87b09d3f6e7626cb24,org.yamcs.xtce.SpreadsheetLoader,org.yamcs.xtce.SpreadsheetLoader_ESTest,27,0,False
452,BugSwarm,Yamcs-186324159,0,730dcda2e3a14f2abc60af4357cf04e1,org.yamcs.xtce.SpreadsheetLoader,org.yamcs.xtce.SpreadsheetLoader_ESTest,28,0,False
453,BugSwarm,Yamcs-186324159,0,db29441a01444adaae3bad07bbbb07dc,org.yamcs.xtce.SpreadsheetLoader,org.yamcs.xtce.SpreadsheetLoader_ESTest,30,0,False
454,BugSwarm,Yamcs-186324159,0,97e3be847e8d4e95aeb238cfc00efa8b,org.yamcs.xtce.SpreadsheetLoader,org.yamcs.xtce.SpreadsheetLoader_ESTest,26,0,False
455,BugSwarm,Yamcs-186324159,0,2627be535dff418298b8b0a367c1bfda,org.yamcs.xtce.SpreadsheetLoader,org.yamcs.xtce.SpreadsheetLoader_ESTest,32,0,False
456,BugSwarm,Yamcs-186324159,0,32389fc5335246208c30ace8ea43193a,org.yamcs.xtce.SpreadsheetLoader,org.yamcs.xtce.SpreadsheetLoader_ESTest,29,0,False
457,BugSwarm,Yamcs-186324159,0,233ed3b9e63544fabf44af5f0756b147,org.yamcs.xtce.SpreadsheetLoader,org.yamcs.xtce.SpreadsheetLoader_ESTest,29,0,False
458,BugSwarm,Yamcs-186324159,0,d66fd83ca54449429d32d3cdf5776cfc,org.yamcs.xtce.SpreadsheetLoader,org.yamcs.xtce.SpreadsheetLoader_ESTest,30,0,False
459,BugSwarm,Yamcs-186324159,0,6e34fa081ebf4f31962b4a4d1ec0c609,org.yamcs.xtce.SpreadsheetLoader,org.yamcs.xtce.SpreadsheetLoader_ESTest,29,0,False
460,BugSwarm,Yamcs-186324159,0,0f95f4f5450d4d5aaecd2d72c67490e5,org.yamcs.xtce.SpreadsheetLoader,org.yamcs.xtce.SpreadsheetLoader_ESTest,30,0,True
461,BugSwarm,Yamcs-186324159,0,59000a6761be4d72b9ab32647499b346,org.yamcs.xtce.SpreadsheetLoader,org.yamcs.xtce.SpreadsheetLoader_ESTest,33,0,False
462,BugSwarm,Yamcs-186324159,0,d0c28b39a4ca439ca3acfcebdd5d8e3f,org.yamcs.xtce.SpreadsheetLoader,org.yamcs.xtce.SpreadsheetLoader_ESTest,27,0,False
463,BugSwarm,Yamcs-186324159,0,a8d846293bd340af8efebe57d47e758e,org.yamcs.xtce.SpreadsheetLoader,org.yamcs.xtce.SpreadsheetLoader_ESTest,26,0,False
464,BugSwarm,Yamcs-186324159,0,b2c9fd573c8d45bfb9608d56ecdc7468,org.yamcs.xtce.SpreadsheetLoader,org.yamcs.xtce.SpreadsheetLoader_ESTest,26,0,False
465,BugSwarm,Yamcs-186324159,0,f2bc17bb128349c582c1a6d014b323b2,org.yamcs.xtce.SpreadsheetLoader,org.yamcs.xtce.SpreadsheetLoader_ESTest,27,0,False
466,BugSwarm,Yamcs-186324159,0,9ae5476378b94a4e9efd22aa0fc59a95,org.yamcs.xtce.SpreadsheetLoader,org.yamcs.xtce.SpreadsheetLoader_ESTest,28,0,False
467,BugSwarm,Yamcs-186324159,0,4a1cc3621ec1422ca3f5369926958b84,org.yamcs.xtce.SpreadsheetLoader,org.yamcs.xtce.SpreadsheetLoader_ESTest,28,0,False
468,BugSwarm,Yamcs-186324159,0,4c54285fdcdb4815baf6a310584f3714,org.yamcs.xtce.SpreadsheetLoader,org.yamcs.xtce.SpreadsheetLoader_ESTest,27,0,False
469,BugSwarm,Yamcs-186324159,0,d62ec001fca440c9b65a351e43ca028f,org.yamcs.xtce.SpreadsheetLoader,org.yamcs.xtce.SpreadsheetLoader_ESTest,29,0,False
470,BugSwarm,Yamcs-186324159,0,d4923335bf5e470cb2869dcbf2540298,org.yamcs.xtce.SpreadsheetLoader,org.yamcs.xtce.SpreadsheetLoader_ESTest,27,0,False
471,BugSwarm,Yamcs-186324159,0,b22a0fbb42734c509644ff022f3a0b16,org.yamcs.xtce.SpreadsheetLoader,org.yamcs.xtce.SpreadsheetLoader_ESTest,26,0,False
472,BugSwarm,Yamcs-186324159,0,3ecc57cfd7c5414c9397e29e7e1bae09,org.yamcs.xtce.SpreadsheetLoader,org.yamcs.xtce.SpreadsheetLoader_ESTest,28,0,False
473,BugSwarm,Yamcs-186324159,0,280ec8efff6d40469059d30051828de8,org.yamcs.xtce.SpreadsheetLoader,org.yamcs.xtce.SpreadsheetLoader_ESTest,26,0,False
474,BugSwarm,Yamcs-186324159,0,ab51073b2bcb40c08d7762de192f4808,org.yamcs.xtce.SpreadsheetLoader,org.yamcs.xtce.SpreadsheetLoader_ESTest,28,0,True
475,BugSwarm,Yamcs-186324159,0,8912b0fdbc6e4c5ab06c9fd953739c6c,org.yamcs.xtce.SpreadsheetLoader,org.yamcs.xtce.SpreadsheetLoader_ESTest,30,0,False
476,BugSwarm,Yamcs-186324159,0,4cc821bac8934b74a31916b86068ae64,org.yamcs.xtce.SpreadsheetLoader,org.yamcs.xtce.SpreadsheetLoader_ESTest,28,0,False
477,BugSwarm,Yamcs-186324159,0,da3eae7f5fe34b368fe7fea51f77f8e7,org.yamcs.xtce.SpreadsheetLoader,org.yamcs.xtce.SpreadsheetLoader_ESTest,27,0,True
478,BugSwarm,Yamcs-186324159,0,64f06082a8664011af1348d042d5be6a,org.yamcs.xtce.SpreadsheetLoader,org.yamcs.xtce.SpreadsheetLoader_ESTest,27,0,False
479,BugSwarm,Yamcs-186324159,0,265e017f97a14d8a8d7d24092f1b1799,org.yamcs.xtce.SpreadsheetLoader,org.yamcs.xtce.SpreadsheetLoader_ESTest,28,0,False
480,BugSwarm,Yamcs-186324159,0,8924e3d2594245c9a02d62b0a3a34a06,org.yamcs.xtce.SpreadsheetLoader,org.yamcs.xtce.SpreadsheetLoader_ESTest,28,0,False
481,BugSwarm,REST_Countries-207869551,0,a2cb731cb64c42829cc64bce88e1e92c,fayder.restcountries.rest.CountryServiceHelper,fayder.restcountries.rest.CountryServiceHelper_ESTest,29,0,True
482,BugSwarm,REST_Countries-207869551,0,ec6a7038fd3e40138adec908da5f1b75,fayder.restcountries.rest.CountryServiceHelper,fayder.restcountries.rest.CountryServiceHelper_ESTest,31,0,False
483,BugSwarm,REST_Countries-207869551,0,40dfe0ee353d4b85b424041c4368cd6c,fayder.restcountries.rest.CountryServiceHelper,fayder.restcountries.rest.CountryServiceHelper_ESTest,29,0,True
484,BugSwarm,REST_Countries-207869551,0,8b0ceb00bd9e40bba82c42f29058bbdb,fayder.restcountries.rest.CountryServiceHelper,fayder.restcountries.rest.CountryServiceHelper_ESTest,28,0,True
485,BugSwarm,REST_Countries-207869551,0,bf6ae8c4cef44e738e17959e9bf8e7cc,fayder.restcountries.rest.CountryServiceHelper,fayder.restcountries.rest.CountryServiceHelper_ESTest,30,0,True
486,BugSwarm,REST_Countries-207869551,0,11010a24e2f64995aaf0e7dec3e2b7ab,fayder.restcountries.rest.CountryServiceHelper,fayder.restcountries.rest.CountryServiceHelper_ESTest,28,0,True
487,BugSwarm,REST_Countries-207869551,0,2f98f4345e6f41b9b10e615d3f5588d1,fayder.restcountries.rest.CountryServiceHelper,fayder.restcountries.rest.CountryServiceHelper_ESTest,30,0,True
488,BugSwarm,REST_Countries-207869551,0,342a987f52274201a70d85eb316fe5d6,fayder.restcountries.rest.CountryServiceHelper,fayder.restcountries.rest.CountryServiceHelper_ESTest,28,0,True
489,BugSwarm,REST_Countries-207869551,0,27e227f88eac49a184c05fc8eec9d779,fayder.restcountries.rest.CountryServiceHelper,fayder.restcountries.rest.CountryServiceHelper_ESTest,30,0,True
490,BugSwarm,REST_Countries-207869551,0,150e9b1e20cc4d3fbcf78453fc815348,fayder.restcountries.rest.CountryServiceHelper,fayder.restcountries.rest.CountryServiceHelper_ESTest,30,0,True
491,BugSwarm,REST_Countries-207869551,0,46c472eb8db345e6bfc41589343501ec,fayder.restcountries.rest.CountryServiceHelper,fayder.restcountries.rest.CountryServiceHelper_ESTest,30,0,True
492,BugSwarm,REST_Countries-207869551,0,30b97ef21cee452d820014b0aff00ab2,fayder.restcountries.rest.CountryServiceHelper,fayder.restcountries.rest.CountryServiceHelper_ESTest,29,0,True
493,BugSwarm,REST_Countries-207869551,0,7f5351e3455d4ba78b888b5f3ccc8c20,fayder.restcountries.rest.CountryServiceHelper,fayder.restcountries.rest.CountryServiceHelper_ESTest,26,0,False
494,BugSwarm,REST_Countries-207869551,0,03c16d0f34714f60bb790d4af8af02a8,fayder.restcountries.rest.CountryServiceHelper,fayder.restcountries.rest.CountryServiceHelper_ESTest,31,0,True
495,BugSwarm,REST_Countries-207869551,0,fa697b055ad54582be55cc93b3024821,fayder.restcountries.rest.CountryServiceHelper,fayder.restcountries.rest.CountryServiceHelper_ESTest,31,0,True
496,BugSwarm,REST_Countries-207869551,0,c51614d01c5244d3bd8e5395a2bc9ab1,fayder.restcountries.rest.CountryServiceHelper,fayder.restcountries.rest.CountryServiceHelper_ESTest,27,0,False
497,BugSwarm,REST_Countries-207869551,0,4ee0f15144474b23b7f9cfe9d6b61593,fayder.restcountries.rest.CountryServiceHelper,fayder.restcountries.rest.CountryServiceHelper_ESTest,32,0,False
498,BugSwarm,REST_Countries-207869551,0,261d411ab2c2453da728c1c52cf049f4,fayder.restcountries.rest.CountryServiceHelper,fayder.restcountries.rest.CountryServiceHelper_ESTest,31,0,True
499,BugSwarm,REST_Countries-207869551,0,f084923e2426463890d5880a5db8cde1,fayder.restcountries.rest.CountryServiceHelper,fayder.restcountries.rest.CountryServiceHelper_ESTest,31,0,True
500,BugSwarm,REST_Countries-207869551,0,87060bd160a4404ea7b1ca6e2e0349b8,fayder.restcountries.rest.CountryServiceHelper,fayder.restcountries.rest.CountryServiceHelper_ESTest,30,0,False
501,BugSwarm,REST_Countries-207869551,0,2f35aa0285d843caa25e16c7aaeb0a31,fayder.restcountries.rest.CountryServiceHelper,fayder.restcountries.rest.CountryServiceHelper_ESTest,29,0,True
502,BugSwarm,REST_Countries-207869551,0,5928e698f4f14a01ae5afe522dc41fb3,fayder.restcountries.rest.CountryServiceHelper,fayder.restcountries.rest.CountryServiceHelper_ESTest,30,0,True
503,BugSwarm,REST_Countries-207869551,0,e29c22c5a9b549618bbfa9d6bf487eb6,fayder.restcountries.rest.CountryServiceHelper,fayder.restcountries.rest.CountryServiceHelper_ESTest,28,0,False
504,BugSwarm,REST_Countries-207869551,0,1b1bb278e0074e469b0cb45eb3d31a73,fayder.restcountries.rest.CountryServiceHelper,fayder.restcountries.rest.CountryServiceHelper_ESTest,28,0,True
505,BugSwarm,REST_Countries-207869551,0,e39bd6c4902d47e693acd1f3ce3321c2,fayder.restcountries.rest.CountryServiceHelper,fayder.restcountries.rest.CountryServiceHelper_ESTest,28,0,True
506,BugSwarm,REST_Countries-207869551,0,71f1472dc9ab46dda70f37c2d911884f,fayder.restcountries.rest.CountryServiceHelper,fayder.restcountries.rest.CountryServiceHelper_ESTest,28,0,True
507,BugSwarm,REST_Countries-207869551,0,6b80f455637648389935d08e30f3b5dc,fayder.restcountries.rest.CountryServiceHelper,fayder.restcountries.rest.CountryServiceHelper_ESTest,30,0,True
508,BugSwarm,REST_Countries-207869551,0,bca28924be664932910bd8e52dde5a79,fayder.restcountries.rest.CountryServiceHelper,fayder.restcountries.rest.CountryServiceHelper_ESTest,29,0,False
509,BugSwarm,REST_Countries-207869551,0,bcd4d75bb69542979985a15d23ee6aa5,fayder.restcountries.rest.CountryServiceHelper,fayder.restcountries.rest.CountryServiceHelper_ESTest,29,0,True
510,BugSwarm,Dubbo-416671625,0,a29e119bb74a4f65b8a41e5ff19982b8,org.apache.dubbo.rpc.protocol.hessian.HttpClientConnectionFactory,org.apache.dubbo.rpc.protocol.hessian.HttpClientConnectionFactory_ESTest,1,0,False
511,BugSwarm,Dubbo-416671625,0,072865ed49844335a9407a8770caa103,org.apache.dubbo.rpc.protocol.hessian.HttpClientConnectionFactory,org.apache.dubbo.rpc.protocol.hessian.HttpClientConnectionFactory_ESTest,2,0,True
512,BugSwarm,Dubbo-416671625,0,1514ac3b8c164c849fbc25c42eda80d4,org.apache.dubbo.rpc.protocol.hessian.HttpClientConnectionFactory,org.apache.dubbo.rpc.protocol.hessian.HttpClientConnectionFactory_ESTest,2,0,True
513,BugSwarm,Dubbo-416671625,0,504505cd3803459a9bd09984c9630e7c,org.apache.dubbo.rpc.protocol.hessian.HttpClientConnectionFactory,org.apache.dubbo.rpc.protocol.hessian.HttpClientConnectionFactory_ESTest,2,0,True
514,BugSwarm,Dubbo-416671625,0,3a11e0a897ed406882c5df6c7fddffa2,org.apache.dubbo.rpc.protocol.hessian.HttpClientConnectionFactory,org.apache.dubbo.rpc.protocol.hessian.HttpClientConnectionFactory_ESTest,2,0,True
515,BugSwarm,Dubbo-416671625,0,eed5a64606594cc7b5df4541952d693f,org.apache.dubbo.rpc.protocol.hessian.HttpClientConnectionFactory,org.apache.dubbo.rpc.protocol.hessian.HttpClientConnectionFactory_ESTest,2,0,True
516,BugSwarm,Dubbo-416671625,0,13ed56ee987249b5a7c58f4c35928339,org.apache.dubbo.rpc.protocol.hessian.HttpClientConnectionFactory,org.apache.dubbo.rpc.protocol.hessian.HttpClientConnectionFactory_ESTest,2,0,True
517,BugSwarm,Dubbo-416671625,0,e8333c064cfb46b0938e7742f5815f38,org.apache.dubbo.rpc.protocol.hessian.HttpClientConnectionFactory,org.apache.dubbo.rpc.protocol.hessian.HttpClientConnectionFactory_ESTest,2,0,True
518,BugSwarm,Dubbo-416671625,0,6d47aa16e19c4522ad4ad673d0f84184,org.apache.dubbo.rpc.protocol.hessian.HttpClientConnectionFactory,org.apache.dubbo.rpc.protocol.hessian.HttpClientConnectionFactory_ESTest,2,0,True
519,BugSwarm,Dubbo-416671625,0,57bc99e11145495e873ffbffded863da,org.apache.dubbo.rpc.protocol.hessian.HttpClientConnectionFactory,org.apache.dubbo.rpc.protocol.hessian.HttpClientConnectionFactory_ESTest,2,0,True
520,BugSwarm,Dubbo-416671625,0,f3c3a7fa4b874b52877f255e0c293583,org.apache.dubbo.rpc.protocol.hessian.HttpClientConnectionFactory,org.apache.dubbo.rpc.protocol.hessian.HttpClientConnectionFactory_ESTest,2,0,True
521,BugSwarm,Dubbo-416671625,0,1d66e8687a204b349856fda4a3dac960,org.apache.dubbo.rpc.protocol.hessian.HttpClientConnectionFactory,org.apache.dubbo.rpc.protocol.hessian.HttpClientConnectionFactory_ESTest,2,0,True
522,BugSwarm,Dubbo-416671625,0,865798948e9d430eb626592ce3cad0a5,org.apache.dubbo.rpc.protocol.hessian.HttpClientConnectionFactory,org.apache.dubbo.rpc.protocol.hessian.HttpClientConnectionFactory_ESTest,2,0,True
523,BugSwarm,Dubbo-416671625,0,45c414de4fc94911b1be47996bcae59c,org.apache.dubbo.rpc.protocol.hessian.HttpClientConnectionFactory,org.apache.dubbo.rpc.protocol.hessian.HttpClientConnectionFactory_ESTest,1,0,False
524,BugSwarm,Dubbo-416671625,0,a15dccd3ed9543539f66ca53fc6e87dd,org.apache.dubbo.rpc.protocol.hessian.HttpClientConnectionFactory,org.apache.dubbo.rpc.protocol.hessian.HttpClientConnectionFactory_ESTest,2,0,True
525,BugSwarm,Dubbo-416671625,0,f2fc6204555846cc82af1127a28868e2,org.apache.dubbo.rpc.protocol.hessian.HttpClientConnectionFactory,org.apache.dubbo.rpc.protocol.hessian.HttpClientConnectionFactory_ESTest,2,0,True
526,BugSwarm,Dubbo-416671625,0,ab4b73ef3de14d2ebc54d958583c52d9,org.apache.dubbo.rpc.protocol.hessian.HttpClientConnectionFactory,org.apache.dubbo.rpc.protocol.hessian.HttpClientConnectionFactory_ESTest,2,0,True
527,BugSwarm,Dubbo-416671625,0,d2dab1409ab44eed88cc343a646692ec,org.apache.dubbo.rpc.protocol.hessian.HttpClientConnectionFactory,org.apache.dubbo.rpc.protocol.hessian.HttpClientConnectionFactory_ESTest,2,0,True
528,BugSwarm,Dubbo-416671625,0,03bc5dfcda594a8ba2afec7b2da8ea62,org.apache.dubbo.rpc.protocol.hessian.HttpClientConnectionFactory,org.apache.dubbo.rpc.protocol.hessian.HttpClientConnectionFactory_ESTest,1,0,False
529,BugSwarm,Dubbo-416671625,0,eb5d7613d30246f6a058ca7185f7853e,org.apache.dubbo.rpc.protocol.hessian.HttpClientConnectionFactory,org.apache.dubbo.rpc.protocol.hessian.HttpClientConnectionFactory_ESTest,2,0,True
530,BugSwarm,Dubbo-416671625,0,78b61e85ff2446acb5cc8cef8c1b694d,org.apache.dubbo.rpc.protocol.hessian.HttpClientConnectionFactory,org.apache.dubbo.rpc.protocol.hessian.HttpClientConnectionFactory_ESTest,2,0,True
531,BugSwarm,Dubbo-416671625,0,bf956aa4eacd49d28f94784a55f08fe8,org.apache.dubbo.rpc.protocol.hessian.HttpClientConnectionFactory,org.apache.dubbo.rpc.protocol.hessian.HttpClientConnectionFactory_ESTest,2,0,True
532,BugSwarm,Dubbo-416671625,0,4c531b980237429e946d030a5c237139,org.apache.dubbo.rpc.protocol.hessian.HttpClientConnectionFactory,org.apache.dubbo.rpc.protocol.hessian.HttpClientConnectionFactory_ESTest,1,0,False
533,BugSwarm,Dubbo-416671625,0,61efaac3cfc34aaaba5d64038e395f25,org.apache.dubbo.rpc.protocol.hessian.HttpClientConnectionFactory,org.apache.dubbo.rpc.protocol.hessian.HttpClientConnectionFactory_ESTest,1,0,False
534,BugSwarm,Universal_G__Code_Sender-676666184,0,c9f325bc6c9044918001beed1a483d00,com.willwinder.universalgcodesender.utils.GcodeStreamReader,com.willwinder.universalgcodesender.utils.GcodeStreamReader_ESTest,5,0,True
535,BugSwarm,Universal_G__Code_Sender-676666184,0,d06964550f9d48bd92612e48e599e738,com.willwinder.universalgcodesender.utils.GcodeStreamReader,com.willwinder.universalgcodesender.utils.GcodeStreamReader_ESTest,6,0,True
536,BugSwarm,Universal_G__Code_Sender-676666184,0,2386a38d43ef47b38ff98612bde560f5,com.willwinder.universalgcodesender.utils.GcodeStreamReader,com.willwinder.universalgcodesender.utils.GcodeStreamReader_ESTest,5,0,True
537,BugSwarm,Universal_G__Code_Sender-676666184,0,69ef374f0fe74351809a70f2c381e1a3,com.willwinder.universalgcodesender.utils.GcodeStreamReader,com.willwinder.universalgcodesender.utils.GcodeStreamReader_ESTest,5,0,True
538,BugSwarm,Universal_G__Code_Sender-676666184,0,e6a50d21fae843c7b361de76a022562e,com.willwinder.universalgcodesender.utils.GcodeStreamReader,com.willwinder.universalgcodesender.utils.GcodeStreamReader_ESTest,5,0,True
539,BugSwarm,Universal_G__Code_Sender-676666184,0,09e6944c7e6e4f3ea9d01c9b68c7bc3f,com.willwinder.universalgcodesender.utils.GcodeStreamReader,com.willwinder.universalgcodesender.utils.GcodeStreamReader_ESTest,5,0,True
540,BugSwarm,Universal_G__Code_Sender-676666184,0,6b1b12c661d2404c81f30c2afce0d0e2,com.willwinder.universalgcodesender.utils.GcodeStreamReader,com.willwinder.universalgcodesender.utils.GcodeStreamReader_ESTest,5,0,True
541,BugSwarm,Universal_G__Code_Sender-676666184,0,0c7b08e444494844a38512658892d099,com.willwinder.universalgcodesender.utils.GcodeStreamReader,com.willwinder.universalgcodesender.utils.GcodeStreamReader_ESTest,5,0,True
542,BugSwarm,GraphHopper-210124629,0,7c147f285d8b47b3a050734de9af729e,com.graphhopper.routing.util.DataFlagEncoder,com.graphhopper.routing.util.DataFlagEncoder_ESTest,84,0,False
543,BugSwarm,GraphHopper-210124629,0,d101721c09374911a01da69c0f67a3e0,com.graphhopper.routing.util.DataFlagEncoder,com.graphhopper.routing.util.DataFlagEncoder_ESTest,85,0,False
544,BugSwarm,GraphHopper-210124629,0,2901e26231a04655b0f5e9287d45203c,com.graphhopper.routing.util.DataFlagEncoder,com.graphhopper.routing.util.DataFlagEncoder_ESTest,82,0,False
545,BugSwarm,GraphHopper-210124629,0,46595d7ffdb84f91aba4a68fbd1ca111,com.graphhopper.routing.util.DataFlagEncoder,com.graphhopper.routing.util.DataFlagEncoder_ESTest,82,0,False
546,BugSwarm,GraphHopper-210124629,0,7e5116d575e04347939acf1bb9d0dd6e,com.graphhopper.routing.util.DataFlagEncoder,com.graphhopper.routing.util.DataFlagEncoder_ESTest,80,0,False
547,BugSwarm,GraphHopper-210124629,0,70bbb94e6d0b4e788ae5922da051cd82,com.graphhopper.routing.util.DataFlagEncoder,com.graphhopper.routing.util.DataFlagEncoder_ESTest,86,0,False
548,BugSwarm,GraphHopper-210124629,0,7292f15aa6944fb3beaf9cfdd984293a,com.graphhopper.routing.util.DataFlagEncoder,com.graphhopper.routing.util.DataFlagEncoder_ESTest,83,0,False
549,BugSwarm,GraphHopper-210124629,0,e3ec65a06c0d4b8296cafd637642be6d,com.graphhopper.routing.util.DataFlagEncoder,com.graphhopper.routing.util.DataFlagEncoder_ESTest,82,0,False
550,BugSwarm,GraphHopper-210124629,0,e45395e3208641428f5e6acdee0b0866,com.graphhopper.routing.util.DataFlagEncoder,com.graphhopper.routing.util.DataFlagEncoder_ESTest,83,0,False
551,BugSwarm,GraphHopper-210124629,0,7489839519f14d6c995f15b01aa6e834,com.graphhopper.routing.util.DataFlagEncoder,com.graphhopper.routing.util.DataFlagEncoder_ESTest,84,0,False
552,BugSwarm,GraphHopper-210124629,0,3fa0194b9ee94e1f9d5e9689a6834a7a,com.graphhopper.routing.util.DataFlagEncoder,com.graphhopper.routing.util.DataFlagEncoder_ESTest,83,0,False
553,BugSwarm,GraphHopper-210124629,0,cc3864159b5e4857afc9d164b5f15c50,com.graphhopper.routing.util.DataFlagEncoder,com.graphhopper.routing.util.DataFlagEncoder_ESTest,85,0,False
554,BugSwarm,GraphHopper-210124629,0,f34b77b64c434f888d5c02bc05b8036d,com.graphhopper.routing.util.DataFlagEncoder,com.graphhopper.routing.util.DataFlagEncoder_ESTest,78,0,False
555,BugSwarm,GraphHopper-210124629,0,8d8a8a96810a40d7b2f337414e4b937d,com.graphhopper.routing.util.DataFlagEncoder,com.graphhopper.routing.util.DataFlagEncoder_ESTest,89,0,False
556,BugSwarm,GraphHopper-210124629,0,6ea71927f4e04be1bac046136755bf5e,com.graphhopper.routing.util.DataFlagEncoder,com.graphhopper.routing.util.DataFlagEncoder_ESTest,80,0,False
557,BugSwarm,GraphHopper-210124629,0,c740bf79cd34466c9ce2276c83ed2a0c,com.graphhopper.routing.util.DataFlagEncoder,com.graphhopper.routing.util.DataFlagEncoder_ESTest,87,0,False
558,BugSwarm,GraphHopper-210124629,0,299a73b983ca4899b906fbf245257561,com.graphhopper.routing.util.DataFlagEncoder,com.graphhopper.routing.util.DataFlagEncoder_ESTest,86,0,False
559,BugSwarm,GraphHopper-210124629,0,5e59f12657af459184759a3127d3b856,com.graphhopper.routing.util.DataFlagEncoder,com.graphhopper.routing.util.DataFlagEncoder_ESTest,77,0,False
560,BugSwarm,GraphHopper-210124629,0,b8ab3e42f80f4922be80b5a5475e55b5,com.graphhopper.routing.util.DataFlagEncoder,com.graphhopper.routing.util.DataFlagEncoder_ESTest,84,0,False
561,BugSwarm,GraphHopper-210124629,0,ced5285714ad426186f602948e7a3fb8,com.graphhopper.routing.util.DataFlagEncoder,com.graphhopper.routing.util.DataFlagEncoder_ESTest,87,0,False
562,BugSwarm,GraphHopper-210124629,0,4aba3007210e4076aea6c85f5cf19d0c,com.graphhopper.routing.util.DataFlagEncoder,com.graphhopper.routing.util.DataFlagEncoder_ESTest,89,0,False
563,BugSwarm,GraphHopper-210124629,0,b8aac8d066bd40bd8371bb198b1605fd,com.graphhopper.routing.util.DataFlagEncoder,com.graphhopper.routing.util.DataFlagEncoder_ESTest,85,0,False
564,BugSwarm,GraphHopper-210124629,0,6d13abecd4b64676acfb26ca12bd18f7,com.graphhopper.routing.util.DataFlagEncoder,com.graphhopper.routing.util.DataFlagEncoder_ESTest,88,0,False
565,BugSwarm,GraphHopper-210124629,0,885b3ff4056a4c5396206e63bb521322,com.graphhopper.routing.util.DataFlagEncoder,com.graphhopper.routing.util.DataFlagEncoder_ESTest,84,0,False
566,BugSwarm,GraphHopper-210124629,0,ce24551f04904c18af7290bd5ea50600,com.graphhopper.routing.util.DataFlagEncoder,com.graphhopper.routing.util.DataFlagEncoder_ESTest,85,0,False
567,BugSwarm,GraphHopper-210124629,0,e5456c5d439d4f1a9d64b316964a76b1,com.graphhopper.routing.util.DataFlagEncoder,com.graphhopper.routing.util.DataFlagEncoder_ESTest,84,0,False
568,BugSwarm,GraphHopper-210124629,0,5b31b6a6fdf249cdb945ef97598414ab,com.graphhopper.routing.util.DataFlagEncoder,com.graphhopper.routing.util.DataFlagEncoder_ESTest,81,0,False
569,BugSwarm,REST_Countries-154683750,0,1cda2fbe62014e248c2e7d65afb40411,fayder.restcountries.v1.rest.CountryService,fayder.restcountries.v1.rest.CountryService_ESTest,21,0,True
570,BugSwarm,REST_Countries-154683750,0,249424ec7a284cb4a14d3b376875f20a,fayder.restcountries.v1.rest.CountryService,fayder.restcountries.v1.rest.CountryService_ESTest,20,0,True
571,BugSwarm,REST_Countries-154683750,0,a781eeab8c7b441e8fe359fd62b09a15,fayder.restcountries.v1.rest.CountryService,fayder.restcountries.v1.rest.CountryService_ESTest,23,0,True
572,BugSwarm,REST_Countries-154683750,0,ccfd987aa007430faa36e085f9a2dec4,fayder.restcountries.v1.rest.CountryService,fayder.restcountries.v1.rest.CountryService_ESTest,23,0,True
573,BugSwarm,REST_Countries-154683750,0,5fe7fdda7e7844e2b215a80d74449a07,fayder.restcountries.v1.rest.CountryService,fayder.restcountries.v1.rest.CountryService_ESTest,22,0,True
574,BugSwarm,REST_Countries-154683750,0,c800e0f8be04488cb2fc81301c9352cf,fayder.restcountries.v1.rest.CountryService,fayder.restcountries.v1.rest.CountryService_ESTest,20,0,True
575,BugSwarm,REST_Countries-154683750,0,af332efed394482da6462ff3df66fe8d,fayder.restcountries.v1.rest.CountryService,fayder.restcountries.v1.rest.CountryService_ESTest,21,0,True
576,BugSwarm,REST_Countries-154683750,0,1e97422d9b3943a0ac330eda87cce77a,fayder.restcountries.v1.rest.CountryService,fayder.restcountries.v1.rest.CountryService_ESTest,20,0,True
577,BugSwarm,REST_Countries-154683750,0,a4ee6dcd5d2d43de864c150f9c46723f,fayder.restcountries.v1.rest.CountryService,fayder.restcountries.v1.rest.CountryService_ESTest,22,0,True
578,BugSwarm,REST_Countries-154683750,0,ad23f749f6f34dffbb954b088b6eb4de,fayder.restcountries.v1.rest.CountryService,fayder.restcountries.v1.rest.CountryService_ESTest,22,0,True
579,BugSwarm,REST_Countries-154683750,0,ed255ac88cdc4a95b117adcee784383e,fayder.restcountries.v1.rest.CountryService,fayder.restcountries.v1.rest.CountryService_ESTest,22,0,True
580,BugSwarm,REST_Countries-154683750,0,7c2feb25a71e48ae9d645b6a633e51f5,fayder.restcountries.v1.rest.CountryService,fayder.restcountries.v1.rest.CountryService_ESTest,22,0,True
581,BugSwarm,REST_Countries-154683750,0,e4f17112a2214abfbe0073cd7baa5d01,fayder.restcountries.v1.rest.CountryService,fayder.restcountries.v1.rest.CountryService_ESTest,21,0,True
582,BugSwarm,REST_Countries-154683750,0,72114603b666460eab8bb6457345f13c,fayder.restcountries.v1.rest.CountryService,fayder.restcountries.v1.rest.CountryService_ESTest,20,0,True
583,BugSwarm,REST_Countries-154683750,0,b61c057ba4aa4c6e95506c770974a764,fayder.restcountries.v1.rest.CountryService,fayder.restcountries.v1.rest.CountryService_ESTest,22,0,True
584,BugSwarm,REST_Countries-154683750,0,ac8bb4f44a504200a067c0795f24a912,fayder.restcountries.v1.rest.CountryService,fayder.restcountries.v1.rest.CountryService_ESTest,22,0,True
585,BugSwarm,REST_Countries-154683750,0,14d854219f5044c98f44b832dca52205,fayder.restcountries.v1.rest.CountryService,fayder.restcountries.v1.rest.CountryService_ESTest,23,0,True
586,BugSwarm,REST_Countries-154683750,0,2a6d98324fdc40b096144e023f774b96,fayder.restcountries.v1.rest.CountryService,fayder.restcountries.v1.rest.CountryService_ESTest,24,0,True
587,BugSwarm,REST_Countries-154683750,0,362040891194446fb9d51d39fcd43b6f,fayder.restcountries.v1.rest.CountryService,fayder.restcountries.v1.rest.CountryService_ESTest,22,0,True
588,BugSwarm,REST_Countries-154683750,0,122a78c09d76423294908646898b730e,fayder.restcountries.v1.rest.CountryService,fayder.restcountries.v1.rest.CountryService_ESTest,22,0,True
589,BugSwarm,REST_Countries-154683750,0,6f430ca3302a40aeaa02d34c8e8385f1,fayder.restcountries.v1.rest.CountryService,fayder.restcountries.v1.rest.CountryService_ESTest,20,0,True
590,BugSwarm,REST_Countries-154683750,0,614fbd59f618427696109d0c84e44565,fayder.restcountries.v1.rest.CountryService,fayder.restcountries.v1.rest.CountryService_ESTest,22,0,True
591,BugSwarm,REST_Countries-154683750,0,e42ad2c4c50545428cd0a5466309fd3b,fayder.restcountries.v1.rest.CountryService,fayder.restcountries.v1.rest.CountryService_ESTest,23,0,True
592,BugSwarm,REST_Countries-154683750,0,f817b977972241b99c18a40fe49be738,fayder.restcountries.v1.rest.CountryService,fayder.restcountries.v1.rest.CountryService_ESTest,22,0,True
593,BugSwarm,REST_Countries-154683750,0,14bfd22cd7c341e2b17a316079ea7b58,fayder.restcountries.v1.rest.CountryService,fayder.restcountries.v1.rest.CountryService_ESTest,23,0,True
594,BugSwarm,REST_Countries-154683750,0,68024a5f5cec47259d8c681e414e44f3,fayder.restcountries.v1.rest.CountryService,fayder.restcountries.v1.rest.CountryService_ESTest,20,0,True
595,BugSwarm,REST_Countries-154683750,0,921c0c9eb01341578e59517cea13a3e2,fayder.restcountries.v1.rest.CountryService,fayder.restcountries.v1.rest.CountryService_ESTest,21,0,True
596,BugSwarm,REST_Countries-154683750,0,e4e1d603ff4841138cf9c245207e4b78,fayder.restcountries.v1.rest.CountryService,fayder.restcountries.v1.rest.CountryService_ESTest$1,23,0,True
597,BugSwarm,REST_Countries-154683750,0,e4e1d603ff4841138cf9c245207e4b78,fayder.restcountries.v1.rest.CountryService,fayder.restcountries.v1.rest.CountryService_ESTest,23,0,True
598,BugSwarm,REST_Countries-154683750,0,cf5067eb24ce452a92c2d90da837cd6e,fayder.restcountries.v1.rest.CountryService,fayder.restcountries.v1.rest.CountryService_ESTest,21,0,True
599,BugSwarm,REST_Countries-154683750,0,708317408bb043b5a99ce088a5f1efc9,fayder.restcountries.v1.rest.CountryService,fayder.restcountries.v1.rest.CountryService_ESTest,22,0,True
600,BugSwarm,REST_Countries-154683750,1,1cda2fbe62014e248c2e7d65afb40411,fayder.restcountries.v1.rest.CountryService,fayder.restcountries.v1.rest.CountryService_ESTest,21,0,True
601,BugSwarm,REST_Countries-154683750,1,249424ec7a284cb4a14d3b376875f20a,fayder.restcountries.v1.rest.CountryService,fayder.restcountries.v1.rest.CountryService_ESTest,20,0,True
602,BugSwarm,REST_Countries-154683750,1,a781eeab8c7b441e8fe359fd62b09a15,fayder.restcountries.v1.rest.CountryService,fayder.restcountries.v1.rest.CountryService_ESTest,23,0,True
603,BugSwarm,REST_Countries-154683750,1,ccfd987aa007430faa36e085f9a2dec4,fayder.restcountries.v1.rest.CountryService,fayder.restcountries.v1.rest.CountryService_ESTest,23,0,True
604,BugSwarm,REST_Countries-154683750,1,5fe7fdda7e7844e2b215a80d74449a07,fayder.restcountries.v1.rest.CountryService,fayder.restcountries.v1.rest.CountryService_ESTest,22,0,True
605,BugSwarm,REST_Countries-154683750,1,c800e0f8be04488cb2fc81301c9352cf,fayder.restcountries.v1.rest.CountryService,fayder.restcountries.v1.rest.CountryService_ESTest,20,0,False
606,BugSwarm,REST_Countries-154683750,1,af332efed394482da6462ff3df66fe8d,fayder.restcountries.v1.rest.CountryService,fayder.restcountries.v1.rest.CountryService_ESTest,21,0,True
607,BugSwarm,REST_Countries-154683750,1,1e97422d9b3943a0ac330eda87cce77a,fayder.restcountries.v1.rest.CountryService,fayder.restcountries.v1.rest.CountryService_ESTest,20,0,True
608,BugSwarm,REST_Countries-154683750,1,a4ee6dcd5d2d43de864c150f9c46723f,fayder.restcountries.v1.rest.CountryService,fayder.restcountries.v1.rest.CountryService_ESTest,22,0,True
609,BugSwarm,REST_Countries-154683750,1,ad23f749f6f34dffbb954b088b6eb4de,fayder.restcountries.v1.rest.CountryService,fayder.restcountries.v1.rest.CountryService_ESTest,22,0,True
610,BugSwarm,REST_Countries-154683750,1,ed255ac88cdc4a95b117adcee784383e,fayder.restcountries.v1.rest.CountryService,fayder.restcountries.v1.rest.CountryService_ESTest,22,0,True
611,BugSwarm,REST_Countries-154683750,1,7c2feb25a71e48ae9d645b6a633e51f5,fayder.restcountries.v1.rest.CountryService,fayder.restcountries.v1.rest.CountryService_ESTest,22,0,True
612,BugSwarm,REST_Countries-154683750,1,e4f17112a2214abfbe0073cd7baa5d01,fayder.restcountries.v1.rest.CountryService,fayder.restcountries.v1.rest.CountryService_ESTest,21,0,True
613,BugSwarm,REST_Countries-154683750,1,72114603b666460eab8bb6457345f13c,fayder.restcountries.v1.rest.CountryService,fayder.restcountries.v1.rest.CountryService_ESTest,20,0,True
614,BugSwarm,REST_Countries-154683750,1,b61c057ba4aa4c6e95506c770974a764,fayder.restcountries.v1.rest.CountryService,fayder.restcountries.v1.rest.CountryService_ESTest,22,0,True
615,BugSwarm,REST_Countries-154683750,1,ac8bb4f44a504200a067c0795f24a912,fayder.restcountries.v1.rest.CountryService,fayder.restcountries.v1.rest.CountryService_ESTest,22,0,True
616,BugSwarm,REST_Countries-154683750,1,14d854219f5044c98f44b832dca52205,fayder.restcountries.v1.rest.CountryService,fayder.restcountries.v1.rest.CountryService_ESTest,23,0,True
617,BugSwarm,REST_Countries-154683750,1,2a6d98324fdc40b096144e023f774b96,fayder.restcountries.v1.rest.CountryService,fayder.restcountries.v1.rest.CountryService_ESTest,24,0,True
618,BugSwarm,REST_Countries-154683750,1,362040891194446fb9d51d39fcd43b6f,fayder.restcountries.v1.rest.CountryService,fayder.restcountries.v1.rest.CountryService_ESTest,22,0,True
619,BugSwarm,REST_Countries-154683750,1,122a78c09d76423294908646898b730e,fayder.restcountries.v1.rest.CountryService,fayder.restcountries.v1.rest.CountryService_ESTest,22,0,True
620,BugSwarm,REST_Countries-154683750,1,6f430ca3302a40aeaa02d34c8e8385f1,fayder.restcountries.v1.rest.CountryService,fayder.restcountries.v1.rest.CountryService_ESTest,20,0,True
621,BugSwarm,REST_Countries-154683750,1,614fbd59f618427696109d0c84e44565,fayder.restcountries.v1.rest.CountryService,fayder.restcountries.v1.rest.CountryService_ESTest,22,0,True
622,BugSwarm,REST_Countries-154683750,1,e42ad2c4c50545428cd0a5466309fd3b,fayder.restcountries.v1.rest.CountryService,fayder.restcountries.v1.rest.CountryService_ESTest,23,0,True
623,BugSwarm,REST_Countries-154683750,1,f817b977972241b99c18a40fe49be738,fayder.restcountries.v1.rest.CountryService,fayder.restcountries.v1.rest.CountryService_ESTest,22,0,True
624,BugSwarm,REST_Countries-154683750,1,14bfd22cd7c341e2b17a316079ea7b58,fayder.restcountries.v1.rest.CountryService,fayder.restcountries.v1.rest.CountryService_ESTest,23,0,True
625,BugSwarm,REST_Countries-154683750,1,68024a5f5cec47259d8c681e414e44f3,fayder.restcountries.v1.rest.CountryService,fayder.restcountries.v1.rest.CountryService_ESTest,20,0,True
626,BugSwarm,REST_Countries-154683750,1,921c0c9eb01341578e59517cea13a3e2,fayder.restcountries.v1.rest.CountryService,fayder.restcountries.v1.rest.CountryService_ESTest,21,0,True
627,BugSwarm,REST_Countries-154683750,1,e4e1d603ff4841138cf9c245207e4b78,fayder.restcountries.v1.rest.CountryService,fayder.restcountries.v1.rest.CountryService_ESTest$1,23,0,True
628,BugSwarm,REST_Countries-154683750,1,e4e1d603ff4841138cf9c245207e4b78,fayder.restcountries.v1.rest.CountryService,fayder.restcountries.v1.rest.CountryService_ESTest,23,0,True
629,BugSwarm,REST_Countries-154683750,1,cf5067eb24ce452a92c2d90da837cd6e,fayder.restcountries.v1.rest.CountryService,fayder.restcountries.v1.rest.CountryService_ESTest,21,0,True
630,BugSwarm,REST_Countries-154683750,1,708317408bb043b5a99ce088a5f1efc9,fayder.restcountries.v1.rest.CountryService,fayder.restcountries.v1.rest.CountryService_ESTest,22,0,True
631,BugSwarm,REST_Countries-154683750,2,1cda2fbe62014e248c2e7d65afb40411,fayder.restcountries.v1.rest.CountryService,fayder.restcountries.v1.rest.CountryService_ESTest,21,0,True
632,BugSwarm,REST_Countries-154683750,2,249424ec7a284cb4a14d3b376875f20a,fayder.restcountries.v1.rest.CountryService,fayder.restcountries.v1.rest.CountryService_ESTest,20,0,True
633,BugSwarm,REST_Countries-154683750,2,a781eeab8c7b441e8fe359fd62b09a15,fayder.restcountries.v1.rest.CountryService,fayder.restcountries.v1.rest.CountryService_ESTest,23,0,True
634,BugSwarm,REST_Countries-154683750,2,ccfd987aa007430faa36e085f9a2dec4,fayder.restcountries.v1.rest.CountryService,fayder.restcountries.v1.rest.CountryService_ESTest,23,0,True
635,BugSwarm,REST_Countries-154683750,2,5fe7fdda7e7844e2b215a80d74449a07,fayder.restcountries.v1.rest.CountryService,fayder.restcountries.v1.rest.CountryService_ESTest,22,0,True
636,BugSwarm,REST_Countries-154683750,2,c800e0f8be04488cb2fc81301c9352cf,fayder.restcountries.v1.rest.CountryService,fayder.restcountries.v1.rest.CountryService_ESTest,20,0,True
637,BugSwarm,REST_Countries-154683750,2,af332efed394482da6462ff3df66fe8d,fayder.restcountries.v1.rest.CountryService,fayder.restcountries.v1.rest.CountryService_ESTest,21,0,True
638,BugSwarm,REST_Countries-154683750,2,1e97422d9b3943a0ac330eda87cce77a,fayder.restcountries.v1.rest.CountryService,fayder.restcountries.v1.rest.CountryService_ESTest,20,0,True
639,BugSwarm,REST_Countries-154683750,2,a4ee6dcd5d2d43de864c150f9c46723f,fayder.restcountries.v1.rest.CountryService,fayder.restcountries.v1.rest.CountryService_ESTest,22,0,True
640,BugSwarm,REST_Countries-154683750,2,ad23f749f6f34dffbb954b088b6eb4de,fayder.restcountries.v1.rest.CountryService,fayder.restcountries.v1.rest.CountryService_ESTest,22,0,True
641,BugSwarm,REST_Countries-154683750,2,ed255ac88cdc4a95b117adcee784383e,fayder.restcountries.v1.rest.CountryService,fayder.restcountries.v1.rest.CountryService_ESTest,22,0,True
642,BugSwarm,REST_Countries-154683750,2,7c2feb25a71e48ae9d645b6a633e51f5,fayder.restcountries.v1.rest.CountryService,fayder.restcountries.v1.rest.CountryService_ESTest,22,0,True
643,BugSwarm,REST_Countries-154683750,2,e4f17112a2214abfbe0073cd7baa5d01,fayder.restcountries.v1.rest.CountryService,fayder.restcountries.v1.rest.CountryService_ESTest,21,0,True
644,BugSwarm,REST_Countries-154683750,2,72114603b666460eab8bb6457345f13c,fayder.restcountries.v1.rest.CountryService,fayder.restcountries.v1.rest.CountryService_ESTest,20,0,True
645,BugSwarm,REST_Countries-154683750,2,b61c057ba4aa4c6e95506c770974a764,fayder.restcountries.v1.rest.CountryService,fayder.restcountries.v1.rest.CountryService_ESTest,22,0,True
646,BugSwarm,REST_Countries-154683750,2,ac8bb4f44a504200a067c0795f24a912,fayder.restcountries.v1.rest.CountryService,fayder.restcountries.v1.rest.CountryService_ESTest,22,0,True
647,BugSwarm,REST_Countries-154683750,2,14d854219f5044c98f44b832dca52205,fayder.restcountries.v1.rest.CountryService,fayder.restcountries.v1.rest.CountryService_ESTest,23,0,True
648,BugSwarm,REST_Countries-154683750,2,2a6d98324fdc40b096144e023f774b96,fayder.restcountries.v1.rest.CountryService,fayder.restcountries.v1.rest.CountryService_ESTest,24,0,True
649,BugSwarm,REST_Countries-154683750,2,362040891194446fb9d51d39fcd43b6f,fayder.restcountries.v1.rest.CountryService,fayder.restcountries.v1.rest.CountryService_ESTest,22,0,True
650,BugSwarm,REST_Countries-154683750,2,122a78c09d76423294908646898b730e,fayder.restcountries.v1.rest.CountryService,fayder.restcountries.v1.rest.CountryService_ESTest,22,0,True
651,BugSwarm,REST_Countries-154683750,2,6f430ca3302a40aeaa02d34c8e8385f1,fayder.restcountries.v1.rest.CountryService,fayder.restcountries.v1.rest.CountryService_ESTest,20,0,True
652,BugSwarm,REST_Countries-154683750,2,614fbd59f618427696109d0c84e44565,fayder.restcountries.v1.rest.CountryService,fayder.restcountries.v1.rest.CountryService_ESTest,22,0,True
653,BugSwarm,REST_Countries-154683750,2,e42ad2c4c50545428cd0a5466309fd3b,fayder.restcountries.v1.rest.CountryService,fayder.restcountries.v1.rest.CountryService_ESTest,23,0,True
654,BugSwarm,REST_Countries-154683750,2,f817b977972241b99c18a40fe49be738,fayder.restcountries.v1.rest.CountryService,fayder.restcountries.v1.rest.CountryService_ESTest,22,0,True
655,BugSwarm,REST_Countries-154683750,2,14bfd22cd7c341e2b17a316079ea7b58,fayder.restcountries.v1.rest.CountryService,fayder.restcountries.v1.rest.CountryService_ESTest,23,0,True
656,BugSwarm,REST_Countries-154683750,2,68024a5f5cec47259d8c681e414e44f3,fayder.restcountries.v1.rest.CountryService,fayder.restcountries.v1.rest.CountryService_ESTest,20,0,True
657,BugSwarm,REST_Countries-154683750,2,921c0c9eb01341578e59517cea13a3e2,fayder.restcountries.v1.rest.CountryService,fayder.restcountries.v1.rest.CountryService_ESTest,21,0,True
658,BugSwarm,REST_Countries-154683750,2,e4e1d603ff4841138cf9c245207e4b78,fayder.restcountries.v1.rest.CountryService,fayder.restcountries.v1.rest.CountryService_ESTest$1,23,0,True
659,BugSwarm,REST_Countries-154683750,2,e4e1d603ff4841138cf9c245207e4b78,fayder.restcountries.v1.rest.CountryService,fayder.restcountries.v1.rest.CountryService_ESTest,23,0,True
660,BugSwarm,REST_Countries-154683750,2,cf5067eb24ce452a92c2d90da837cd6e,fayder.restcountries.v1.rest.CountryService,fayder.restcountries.v1.rest.CountryService_ESTest,21,0,True
661,BugSwarm,REST_Countries-154683750,2,708317408bb043b5a99ce088a5f1efc9,fayder.restcountries.v1.rest.CountryService,fayder.restcountries.v1.rest.CountryService_ESTest,22,0,True
662,BugSwarm,REST_Countries-154683750,3,1cda2fbe62014e248c2e7d65afb40411,fayder.restcountries.v1.rest.CountryService,fayder.restcountries.v1.rest.CountryService_ESTest,21,0,True
663,BugSwarm,REST_Countries-154683750,3,249424ec7a284cb4a14d3b376875f20a,fayder.restcountries.v1.rest.CountryService,fayder.restcountries.v1.rest.CountryService_ESTest,20,0,True
664,BugSwarm,REST_Countries-154683750,3,a781eeab8c7b441e8fe359fd62b09a15,fayder.restcountries.v1.rest.CountryService,fayder.restcountries.v1.rest.CountryService_ESTest,23,0,True
665,BugSwarm,REST_Countries-154683750,3,ccfd987aa007430faa36e085f9a2dec4,fayder.restcountries.v1.rest.CountryService,fayder.restcountries.v1.rest.CountryService_ESTest,23,0,True
666,BugSwarm,REST_Countries-154683750,3,5fe7fdda7e7844e2b215a80d74449a07,fayder.restcountries.v1.rest.CountryService,fayder.restcountries.v1.rest.CountryService_ESTest,22,0,True
667,BugSwarm,REST_Countries-154683750,3,c800e0f8be04488cb2fc81301c9352cf,fayder.restcountries.v1.rest.CountryService,fayder.restcountries.v1.rest.CountryService_ESTest,20,0,True
668,BugSwarm,REST_Countries-154683750,3,af332efed394482da6462ff3df66fe8d,fayder.restcountries.v1.rest.CountryService,fayder.restcountries.v1.rest.CountryService_ESTest,21,0,True
669,BugSwarm,REST_Countries-154683750,3,1e97422d9b3943a0ac330eda87cce77a,fayder.restcountries.v1.rest.CountryService,fayder.restcountries.v1.rest.CountryService_ESTest,20,0,True
670,BugSwarm,REST_Countries-154683750,3,a4ee6dcd5d2d43de864c150f9c46723f,fayder.restcountries.v1.rest.CountryService,fayder.restcountries.v1.rest.CountryService_ESTest,22,0,True
671,BugSwarm,REST_Countries-154683750,3,ad23f749f6f34dffbb954b088b6eb4de,fayder.restcountries.v1.rest.CountryService,fayder.restcountries.v1.rest.CountryService_ESTest,22,0,True
672,BugSwarm,REST_Countries-154683750,3,ed255ac88cdc4a95b117adcee784383e,fayder.restcountries.v1.rest.CountryService,fayder.restcountries.v1.rest.CountryService_ESTest,22,0,True
673,BugSwarm,REST_Countries-154683750,3,7c2feb25a71e48ae9d645b6a633e51f5,fayder.restcountries.v1.rest.CountryService,fayder.restcountries.v1.rest.CountryService_ESTest,22,0,True
674,BugSwarm,REST_Countries-154683750,3,e4f17112a2214abfbe0073cd7baa5d01,fayder.restcountries.v1.rest.CountryService,fayder.restcountries.v1.rest.CountryService_ESTest,21,0,True
675,BugSwarm,REST_Countries-154683750,3,72114603b666460eab8bb6457345f13c,fayder.restcountries.v1.rest.CountryService,fayder.restcountries.v1.rest.CountryService_ESTest,20,0,True
676,BugSwarm,REST_Countries-154683750,3,b61c057ba4aa4c6e95506c770974a764,fayder.restcountries.v1.rest.CountryService,fayder.restcountries.v1.rest.CountryService_ESTest,22,0,True
677,BugSwarm,REST_Countries-154683750,3,ac8bb4f44a504200a067c0795f24a912,fayder.restcountries.v1.rest.CountryService,fayder.restcountries.v1.rest.CountryService_ESTest,22,0,True
678,BugSwarm,REST_Countries-154683750,3,14d854219f5044c98f44b832dca52205,fayder.restcountries.v1.rest.CountryService,fayder.restcountries.v1.rest.CountryService_ESTest,23,0,True
679,BugSwarm,REST_Countries-154683750,3,2a6d98324fdc40b096144e023f774b96,fayder.restcountries.v1.rest.CountryService,fayder.restcountries.v1.rest.CountryService_ESTest,24,0,True
680,BugSwarm,REST_Countries-154683750,3,362040891194446fb9d51d39fcd43b6f,fayder.restcountries.v1.rest.CountryService,fayder.restcountries.v1.rest.CountryService_ESTest,22,0,True
681,BugSwarm,REST_Countries-154683750,3,122a78c09d76423294908646898b730e,fayder.restcountries.v1.rest.CountryService,fayder.restcountries.v1.rest.CountryService_ESTest,22,0,True
682,BugSwarm,REST_Countries-154683750,3,6f430ca3302a40aeaa02d34c8e8385f1,fayder.restcountries.v1.rest.CountryService,fayder.restcountries.v1.rest.CountryService_ESTest,20,0,True
683,BugSwarm,REST_Countries-154683750,3,614fbd59f618427696109d0c84e44565,fayder.restcountries.v1.rest.CountryService,fayder.restcountries.v1.rest.CountryService_ESTest,22,0,True
684,BugSwarm,REST_Countries-154683750,3,e42ad2c4c50545428cd0a5466309fd3b,fayder.restcountries.v1.rest.CountryService,fayder.restcountries.v1.rest.CountryService_ESTest,23,0,True
685,BugSwarm,REST_Countries-154683750,3,f817b977972241b99c18a40fe49be738,fayder.restcountries.v1.rest.CountryService,fayder.restcountries.v1.rest.CountryService_ESTest,22,0,True
686,BugSwarm,REST_Countries-154683750,3,14bfd22cd7c341e2b17a316079ea7b58,fayder.restcountries.v1.rest.CountryService,fayder.restcountries.v1.rest.CountryService_ESTest,23,0,True
687,BugSwarm,REST_Countries-154683750,3,68024a5f5cec47259d8c681e414e44f3,fayder.restcountries.v1.rest.CountryService,fayder.restcountries.v1.rest.CountryService_ESTest,20,0,True
688,BugSwarm,REST_Countries-154683750,3,921c0c9eb01341578e59517cea13a3e2,fayder.restcountries.v1.rest.CountryService,fayder.restcountries.v1.rest.CountryService_ESTest,21,0,True
689,BugSwarm,REST_Countries-154683750,3,e4e1d603ff4841138cf9c245207e4b78,fayder.restcountries.v1.rest.CountryService,fayder.restcountries.v1.rest.CountryService_ESTest$1,23,0,True
690,BugSwarm,REST_Countries-154683750,3,e4e1d603ff4841138cf9c245207e4b78,fayder.restcountries.v1.rest.CountryService,fayder.restcountries.v1.rest.CountryService_ESTest,23,0,True
691,BugSwarm,REST_Countries-154683750,3,cf5067eb24ce452a92c2d90da837cd6e,fayder.restcountries.v1.rest.CountryService,fayder.restcountries.v1.rest.CountryService_ESTest,21,0,True
692,BugSwarm,REST_Countries-154683750,3,708317408bb043b5a99ce088a5f1efc9,fayder.restcountries.v1.rest.CountryService,fayder.restcountries.v1.rest.CountryService_ESTest,22,0,True
693,BugSwarm,REST_Countries-154683750,4,1cda2fbe62014e248c2e7d65afb40411,fayder.restcountries.v1.rest.CountryService,fayder.restcountries.v1.rest.CountryService_ESTest,21,0,True
694,BugSwarm,REST_Countries-154683750,4,249424ec7a284cb4a14d3b376875f20a,fayder.restcountries.v1.rest.CountryService,fayder.restcountries.v1.rest.CountryService_ESTest,20,0,True
695,BugSwarm,REST_Countries-154683750,4,a781eeab8c7b441e8fe359fd62b09a15,fayder.restcountries.v1.rest.CountryService,fayder.restcountries.v1.rest.CountryService_ESTest,23,0,True
696,BugSwarm,REST_Countries-154683750,4,ccfd987aa007430faa36e085f9a2dec4,fayder.restcountries.v1.rest.CountryService,fayder.restcountries.v1.rest.CountryService_ESTest,23,0,True
697,BugSwarm,REST_Countries-154683750,4,5fe7fdda7e7844e2b215a80d74449a07,fayder.restcountries.v1.rest.CountryService,fayder.restcountries.v1.rest.CountryService_ESTest,22,0,True
698,BugSwarm,REST_Countries-154683750,4,c800e0f8be04488cb2fc81301c9352cf,fayder.restcountries.v1.rest.CountryService,fayder.restcountries.v1.rest.CountryService_ESTest,20,0,True
699,BugSwarm,REST_Countries-154683750,4,af332efed394482da6462ff3df66fe8d,fayder.restcountries.v1.rest.CountryService,fayder.restcountries.v1.rest.CountryService_ESTest,21,0,True
700,BugSwarm,REST_Countries-154683750,4,1e97422d9b3943a0ac330eda87cce77a,fayder.restcountries.v1.rest.CountryService,fayder.restcountries.v1.rest.CountryService_ESTest,20,0,True
701,BugSwarm,REST_Countries-154683750,4,a4ee6dcd5d2d43de864c150f9c46723f,fayder.restcountries.v1.rest.CountryService,fayder.restcountries.v1.rest.CountryService_ESTest,22,0,True
702,BugSwarm,REST_Countries-154683750,4,ad23f749f6f34dffbb954b088b6eb4de,fayder.restcountries.v1.rest.CountryService,fayder.restcountries.v1.rest.CountryService_ESTest,22,0,True
703,BugSwarm,REST_Countries-154683750,4,ed255ac88cdc4a95b117adcee784383e,fayder.restcountries.v1.rest.CountryService,fayder.restcountries.v1.rest.CountryService_ESTest,22,0,True
704,BugSwarm,REST_Countries-154683750,4,7c2feb25a71e48ae9d645b6a633e51f5,fayder.restcountries.v1.rest.CountryService,fayder.restcountries.v1.rest.CountryService_ESTest,22,0,True
705,BugSwarm,REST_Countries-154683750,4,e4f17112a2214abfbe0073cd7baa5d01,fayder.restcountries.v1.rest.CountryService,fayder.restcountries.v1.rest.CountryService_ESTest,21,0,True
706,BugSwarm,REST_Countries-154683750,4,72114603b666460eab8bb6457345f13c,fayder.restcountries.v1.rest.CountryService,fayder.restcountries.v1.rest.CountryService_ESTest,20,0,True
707,BugSwarm,REST_Countries-154683750,4,b61c057ba4aa4c6e95506c770974a764,fayder.restcountries.v1.rest.CountryService,fayder.restcountries.v1.rest.CountryService_ESTest,22,0,True
708,BugSwarm,REST_Countries-154683750,4,ac8bb4f44a504200a067c0795f24a912,fayder.restcountries.v1.rest.CountryService,fayder.restcountries.v1.rest.CountryService_ESTest,22,0,True
709,BugSwarm,REST_Countries-154683750,4,14d854219f5044c98f44b832dca52205,fayder.restcountries.v1.rest.CountryService,fayder.restcountries.v1.rest.CountryService_ESTest,23,0,True
710,BugSwarm,REST_Countries-154683750,4,2a6d98324fdc40b096144e023f774b96,fayder.restcountries.v1.rest.CountryService,fayder.restcountries.v1.rest.CountryService_ESTest,24,0,True
711,BugSwarm,REST_Countries-154683750,4,362040891194446fb9d51d39fcd43b6f,fayder.restcountries.v1.rest.CountryService,fayder.restcountries.v1.rest.CountryService_ESTest,22,0,True
712,BugSwarm,REST_Countries-154683750,4,122a78c09d76423294908646898b730e,fayder.restcountries.v1.rest.CountryService,fayder.restcountries.v1.rest.CountryService_ESTest,22,0,True
713,BugSwarm,REST_Countries-154683750,4,6f430ca3302a40aeaa02d34c8e8385f1,fayder.restcountries.v1.rest.CountryService,fayder.restcountries.v1.rest.CountryService_ESTest,20,0,True
714,BugSwarm,REST_Countries-154683750,4,614fbd59f618427696109d0c84e44565,fayder.restcountries.v1.rest.CountryService,fayder.restcountries.v1.rest.CountryService_ESTest,22,0,True
715,BugSwarm,REST_Countries-154683750,4,e42ad2c4c50545428cd0a5466309fd3b,fayder.restcountries.v1.rest.CountryService,fayder.restcountries.v1.rest.CountryService_ESTest,23,0,True
716,BugSwarm,REST_Countries-154683750,4,f817b977972241b99c18a40fe49be738,fayder.restcountries.v1.rest.CountryService,fayder.restcountries.v1.rest.CountryService_ESTest,22,0,True
717,BugSwarm,REST_Countries-154683750,4,14bfd22cd7c341e2b17a316079ea7b58,fayder.restcountries.v1.rest.CountryService,fayder.restcountries.v1.rest.CountryService_ESTest,23,0,True
718,BugSwarm,REST_Countries-154683750,4,68024a5f5cec47259d8c681e414e44f3,fayder.restcountries.v1.rest.CountryService,fayder.restcountries.v1.rest.CountryService_ESTest,20,0,True
719,BugSwarm,REST_Countries-154683750,4,921c0c9eb01341578e59517cea13a3e2,fayder.restcountries.v1.rest.CountryService,fayder.restcountries.v1.rest.CountryService_ESTest,21,0,True
720,BugSwarm,REST_Countries-154683750,4,e4e1d603ff4841138cf9c245207e4b78,fayder.restcountries.v1.rest.CountryService,fayder.restcountries.v1.rest.CountryService_ESTest$1,23,0,True
721,BugSwarm,REST_Countries-154683750,4,e4e1d603ff4841138cf9c245207e4b78,fayder.restcountries.v1.rest.CountryService,fayder.restcountries.v1.rest.CountryService_ESTest,23,0,True
722,BugSwarm,REST_Countries-154683750,4,cf5067eb24ce452a92c2d90da837cd6e,fayder.restcountries.v1.rest.CountryService,fayder.restcountries.v1.rest.CountryService_ESTest,21,0,True
723,BugSwarm,REST_Countries-154683750,4,708317408bb043b5a99ce088a5f1efc9,fayder.restcountries.v1.rest.CountryService,fayder.restcountries.v1.rest.CountryService_ESTest,22,0,True
724,Genesis,Jongo-97431a03,0,b3f837f5d05a41a0bc7ab42d16854d60,org.jongo.marshall.jackson.JacksonObjectIdUpdater,org.jongo.marshall.jackson.JacksonObjectIdUpdater_ESTest,5,0,False
725,Genesis,Jongo-97431a03,0,aee9dd09d7b44cb7a555795b15599d91,org.jongo.marshall.jackson.JacksonObjectIdUpdater,org.jongo.marshall.jackson.JacksonObjectIdUpdater_ESTest,6,0,False
726,Genesis,Jongo-97431a03,0,5162aa9d974b42c38f8c3d4134d6eec2,org.jongo.marshall.jackson.JacksonObjectIdUpdater,org.jongo.marshall.jackson.JacksonObjectIdUpdater_ESTest,3,0,False
727,Genesis,Jongo-97431a03,0,c1b236740e72432cac8eb5ec7fef54c4,org.jongo.marshall.jackson.JacksonObjectIdUpdater,org.jongo.marshall.jackson.JacksonObjectIdUpdater_ESTest,5,0,False
728,Genesis,Jongo-97431a03,0,7fb3440916c048bf984fedb53622968e,org.jongo.marshall.jackson.JacksonObjectIdUpdater,org.jongo.marshall.jackson.JacksonObjectIdUpdater_ESTest,5,0,False
729,Genesis,Jongo-97431a03,0,9d03bec911ce49a19b595de097d494e6,org.jongo.marshall.jackson.JacksonObjectIdUpdater,org.jongo.marshall.jackson.JacksonObjectIdUpdater_ESTest,4,0,False
730,Genesis,Jongo-97431a03,0,9168fa6926a44b7da167e6ade7118b43,org.jongo.marshall.jackson.JacksonObjectIdUpdater,org.jongo.marshall.jackson.JacksonObjectIdUpdater_ESTest,5,0,False
731,Genesis,Jongo-97431a03,0,602bb5ed584d423498f46ea353cdb27a,org.jongo.marshall.jackson.JacksonObjectIdUpdater,org.jongo.marshall.jackson.JacksonObjectIdUpdater_ESTest,3,0,False
732,Genesis,Jongo-97431a03,0,f8324a15deed4036b8a0147e1713cbd8,org.jongo.marshall.jackson.JacksonObjectIdUpdater,org.jongo.marshall.jackson.JacksonObjectIdUpdater_ESTest,5,0,False
733,Genesis,Jongo-97431a03,0,6aa19b59f4804c96a10ca40d77295bcb,org.jongo.marshall.jackson.JacksonObjectIdUpdater,org.jongo.marshall.jackson.JacksonObjectIdUpdater_ESTest,5,0,False
734,Genesis,Jongo-97431a03,0,17d81f77e33849f5a8b0adf804ba2495,org.jongo.marshall.jackson.JacksonObjectIdUpdater,org.jongo.marshall.jackson.JacksonObjectIdUpdater_ESTest,5,0,False
735,Genesis,Jongo-97431a03,0,bdce6e231be647da84f6099ff2e9f5a5,org.jongo.marshall.jackson.JacksonObjectIdUpdater,org.jongo.marshall.jackson.JacksonObjectIdUpdater_ESTest,5,0,False
736,Genesis,Jongo-97431a03,0,700add602594437fbab8702e5ea88e42,org.jongo.marshall.jackson.JacksonObjectIdUpdater,org.jongo.marshall.jackson.JacksonObjectIdUpdater_ESTest,4,0,False
737,Genesis,Jongo-97431a03,0,0a0fd8dedf4d40279cc3675a197ce2c7,org.jongo.marshall.jackson.JacksonObjectIdUpdater,org.jongo.marshall.jackson.JacksonObjectIdUpdater_ESTest,4,0,False
738,Genesis,Jongo-97431a03,0,de14270ebf8a45cdae34420111964206,org.jongo.marshall.jackson.JacksonObjectIdUpdater,org.jongo.marshall.jackson.JacksonObjectIdUpdater_ESTest,5,0,False
739,Genesis,Jongo-97431a03,0,51c78d2cff044949a7189952096cbefe,org.jongo.marshall.jackson.JacksonObjectIdUpdater,org.jongo.marshall.jackson.JacksonObjectIdUpdater_ESTest,5,0,False
740,Genesis,Jongo-97431a03,0,ed848971c2984646a2f99d43ef7e2176,org.jongo.marshall.jackson.JacksonObjectIdUpdater,org.jongo.marshall.jackson.JacksonObjectIdUpdater_ESTest,4,0,False
741,Genesis,Jongo-97431a03,0,89b66987ecd94f2c9f2af87bd6b73317,org.jongo.marshall.jackson.JacksonObjectIdUpdater,org.jongo.marshall.jackson.JacksonObjectIdUpdater_ESTest,4,0,False
742,Genesis,Jongo-97431a03,0,2a5be8f4422e43c7ad8089da3caa3d7d,org.jongo.marshall.jackson.JacksonObjectIdUpdater,org.jongo.marshall.jackson.JacksonObjectIdUpdater_ESTest,5,0,False
743,Genesis,Jongo-97431a03,0,5f9e0c0e5d2a4337bd07a5a8f5c5dea5,org.jongo.marshall.jackson.JacksonObjectIdUpdater,org.jongo.marshall.jackson.JacksonObjectIdUpdater_ESTest,5,0,False
744,Genesis,Jongo-97431a03,0,fee3bb4350804058a73e18d3d2ae15c3,org.jongo.marshall.jackson.JacksonObjectIdUpdater,org.jongo.marshall.jackson.JacksonObjectIdUpdater_ESTest,6,0,False
745,Genesis,Jongo-97431a03,0,f4c0e88eaad2461491f96f7597a076be,org.jongo.marshall.jackson.JacksonObjectIdUpdater,org.jongo.marshall.jackson.JacksonObjectIdUpdater_ESTest,4,0,False
746,Genesis,Jongo-97431a03,0,3314442e00624eab812dfd3fa6cd9baa,org.jongo.marshall.jackson.JacksonObjectIdUpdater,org.jongo.marshall.jackson.JacksonObjectIdUpdater_ESTest,3,0,False
747,Genesis,Jongo-97431a03,0,e3e87b3bf8f548c3b47a0eb14df44e4c,org.jongo.marshall.jackson.JacksonObjectIdUpdater,org.jongo.marshall.jackson.JacksonObjectIdUpdater_ESTest,4,0,False
748,Genesis,Jongo-97431a03,0,135a0846d70a462d8551fea0cc714bac,org.jongo.marshall.jackson.JacksonObjectIdUpdater,org.jongo.marshall.jackson.JacksonObjectIdUpdater_ESTest,4,0,False
749,Genesis,Jongo-97431a03,0,b3edc78f5e6240ed941062eda2589768,org.jongo.marshall.jackson.JacksonObjectIdUpdater,org.jongo.marshall.jackson.JacksonObjectIdUpdater_ESTest,6,0,False
750,Genesis,Jongo-97431a03,0,b55af8bb75d348ffa30be031bbfd1150,org.jongo.marshall.jackson.JacksonObjectIdUpdater,org.jongo.marshall.jackson.JacksonObjectIdUpdater_ESTest,5,0,False
751,Genesis,Jongo-97431a03,0,5c7f66b8830b4ba48c9a5c53c7f475a0,org.jongo.marshall.jackson.JacksonObjectIdUpdater,org.jongo.marshall.jackson.JacksonObjectIdUpdater_ESTest,4,0,False
752,Genesis,Jongo-97431a03,0,7a5225f1a7d04b8586aabdfc4bec69a8,org.jongo.marshall.jackson.JacksonObjectIdUpdater,org.jongo.marshall.jackson.JacksonObjectIdUpdater_ESTest,4,0,False
753,Genesis,Jongo-97431a03,0,038fd81f83db4515a3fc5bf7d68ef5a4,org.jongo.marshall.jackson.JacksonObjectIdUpdater,org.jongo.marshall.jackson.JacksonObjectIdUpdater_ESTest,4,0,False
754,Genesis,JavaPoet-aee5f128,0,9ada4ff6d7ff43b583bf19e10fddbc2a,com.squareup.javapoet.TypeName,com.squareup.javapoet.TypeName_ESTest,16,0,True
755,Genesis,JavaPoet-aee5f128,0,167a0e6fb4874612af2717a117e50c8b,com.squareup.javapoet.TypeName,com.squareup.javapoet.TypeName_ESTest,16,0,True
756,Genesis,JavaPoet-aee5f128,0,7c9b1a7de04444b9a79edcb0e903c821,com.squareup.javapoet.TypeName,com.squareup.javapoet.TypeName_ESTest,15,0,True
757,Genesis,JavaPoet-aee5f128,0,0dabc6ff0b0c4e858024b341840a2093,com.squareup.javapoet.TypeName,com.squareup.javapoet.TypeName_ESTest,16,0,True
758,Genesis,JavaPoet-aee5f128,0,4f747088b27d4140afc5d0febe37acef,com.squareup.javapoet.TypeName,com.squareup.javapoet.TypeName_ESTest,16,0,True
759,Genesis,JavaPoet-aee5f128,0,148d01b1849a4e57893309cea5e3a24d,com.squareup.javapoet.TypeName,com.squareup.javapoet.TypeName_ESTest,17,0,True
760,Genesis,JavaPoet-aee5f128,0,9284a4854014496a8e21e2a1d558153a,com.squareup.javapoet.TypeName,com.squareup.javapoet.TypeName_ESTest,14,0,True
761,Genesis,JavaPoet-aee5f128,0,c8faf50c799d4d25a7eb288cd272ff54,com.squareup.javapoet.TypeName,com.squareup.javapoet.TypeName_ESTest,16,0,True
762,Genesis,JavaPoet-aee5f128,0,9a4f51b8676b49bf88b302a2fbd6d2a4,com.squareup.javapoet.TypeName,com.squareup.javapoet.TypeName_ESTest,16,0,True
763,Genesis,JavaPoet-aee5f128,0,30a550126ea14d97a8a46e2d5c549c28,com.squareup.javapoet.TypeName,com.squareup.javapoet.TypeName_ESTest,15,0,True
764,Genesis,JavaPoet-aee5f128,0,0441e41c037346a0a4c19387b2c04ebd,com.squareup.javapoet.TypeName,com.squareup.javapoet.TypeName_ESTest,17,0,True
765,Genesis,JavaPoet-aee5f128,0,9b6b8fff28b74ea79cf3ab4c3df92d83,com.squareup.javapoet.TypeName,com.squareup.javapoet.TypeName_ESTest,16,0,True
766,Genesis,JavaPoet-aee5f128,0,e7f6e73f5f6246ee829d45dec918b603,com.squareup.javapoet.TypeName,com.squareup.javapoet.TypeName_ESTest,16,0,True
767,Genesis,JavaPoet-aee5f128,0,b6ed657a61344fd6a478eeaec473a81d,com.squareup.javapoet.TypeName,com.squareup.javapoet.TypeName_ESTest,16,0,True
768,Genesis,JavaPoet-aee5f128,0,9fc5f0be749a4e8abe89d51bf56be56e,com.squareup.javapoet.TypeName,com.squareup.javapoet.TypeName_ESTest,16,0,True
769,Genesis,JavaPoet-aee5f128,0,2f41f9ec03a047a385fea3a5518320b9,com.squareup.javapoet.TypeName,com.squareup.javapoet.TypeName_ESTest,15,0,True
770,Genesis,JavaPoet-aee5f128,0,4d779ec474af4d8597398360130dc04d,com.squareup.javapoet.TypeName,com.squareup.javapoet.TypeName_ESTest,15,0,True
771,Genesis,JavaPoet-aee5f128,0,a2cd07f809d4417c983d4eb59c1ca49c,com.squareup.javapoet.TypeName,com.squareup.javapoet.TypeName_ESTest,16,0,True
772,Genesis,JavaPoet-aee5f128,0,606d34c289f24ec68ed9c011587880b7,com.squareup.javapoet.TypeName,com.squareup.javapoet.TypeName_ESTest,16,0,True
773,Genesis,JavaPoet-aee5f128,0,dc68982ba4a54ac0ac6b0fd59d40f4f5,com.squareup.javapoet.TypeName,com.squareup.javapoet.TypeName_ESTest,16,0,True
774,Genesis,JavaPoet-aee5f128,0,2634b70ea5104c068e3ab60c58c755cd,com.squareup.javapoet.TypeName,com.squareup.javapoet.TypeName_ESTest,16,0,True
775,Genesis,JavaPoet-aee5f128,0,4dc5f3794a88456a8abff21c2b6dd676,com.squareup.javapoet.TypeName,com.squareup.javapoet.TypeName_ESTest,16,0,True
776,Genesis,JavaPoet-aee5f128,0,1b2abc0e46fa4068bc5c309ee6e33446,com.squareup.javapoet.TypeName,com.squareup.javapoet.TypeName_ESTest,15,0,True
777,Genesis,JavaPoet-aee5f128,0,a20909e99e0240459e9156feace398a1,com.squareup.javapoet.TypeName,com.squareup.javapoet.TypeName_ESTest,17,0,True
778,Genesis,JavaPoet-aee5f128,0,3349f4a616044a3ea571b02950dd4141,com.squareup.javapoet.TypeName,com.squareup.javapoet.TypeName_ESTest,15,0,True
779,Genesis,JavaPoet-aee5f128,0,30d38b22c29c47bead034330eb8ab7fb,com.squareup.javapoet.TypeName,com.squareup.javapoet.TypeName_ESTest,16,0,True
780,Genesis,JavaPoet-aee5f128,0,353b298c723f475f83daa16bebc80974,com.squareup.javapoet.TypeName,com.squareup.javapoet.TypeName_ESTest$1,16,0,True
781,Genesis,JavaPoet-aee5f128,0,353b298c723f475f83daa16bebc80974,com.squareup.javapoet.TypeName,com.squareup.javapoet.TypeName_ESTest,16,0,True
782,Genesis,JavaPoet-aee5f128,0,d82bd83a28754082ba236c81499edab1,com.squareup.javapoet.TypeName,com.squareup.javapoet.TypeName_ESTest,17,0,True
783,Genesis,JavaPoet-aee5f128,0,4d4bb26c440040028045a1f5c80c4d52,com.squareup.javapoet.TypeName,com.squareup.javapoet.TypeName_ESTest,15,0,True
784,Genesis,JavaPoet-aee5f128,0,468e21b75472431087595e32c1797c92,com.squareup.javapoet.TypeName,com.squareup.javapoet.TypeName_ESTest,17,0,True
785,Genesis,DataflowJavaSDK-f42c13c8,0,e4d04216a56948f388b68a0a1fc8b205,com.google.cloud.dataflow.sdk.transforms.join.CoGbkResult,com.google.cloud.dataflow.sdk.transforms.join.CoGbkResult_ESTest,32,0,False
786,Genesis,DataflowJavaSDK-f42c13c8,0,a2836bfe23d34009adf2725ba6fccf8c,com.google.cloud.dataflow.sdk.transforms.join.CoGbkResult,com.google.cloud.dataflow.sdk.transforms.join.CoGbkResult_ESTest,27,0,False
787,Genesis,DataflowJavaSDK-f42c13c8,0,1abee0d8e379429a87a01b831dacd2dc,com.google.cloud.dataflow.sdk.transforms.join.CoGbkResult,com.google.cloud.dataflow.sdk.transforms.join.CoGbkResult_ESTest,31,0,False
788,Genesis,DataflowJavaSDK-f42c13c8,0,2d079b5d85ef4b2d83b15b4b015a5cdc,com.google.cloud.dataflow.sdk.transforms.join.CoGbkResult,com.google.cloud.dataflow.sdk.transforms.join.CoGbkResult_ESTest,31,0,False
789,Genesis,Checkstyle-4f73fffd,0,7c27d2ef314a457eb3984115d789a513,com.puppycrawl.tools.checkstyle.checks.blocks.NeedBracesCheck,com.puppycrawl.tools.checkstyle.checks.blocks.NeedBracesCheck_ESTest,8,0,False
790,Genesis,Checkstyle-4f73fffd,0,b5f268ee3ee6456dbaab27ac67e40416,com.puppycrawl.tools.checkstyle.checks.blocks.NeedBracesCheck,com.puppycrawl.tools.checkstyle.checks.blocks.NeedBracesCheck_ESTest,7,0,False
791,Genesis,Checkstyle-4f73fffd,0,0bc8e21dca7542f8b97e70dd16e8e8ab,com.puppycrawl.tools.checkstyle.checks.blocks.NeedBracesCheck,com.puppycrawl.tools.checkstyle.checks.blocks.NeedBracesCheck_ESTest,6,0,False
792,Genesis,Checkstyle-4f73fffd,0,919d6f917e384f2587a637ea3276e2d7,com.puppycrawl.tools.checkstyle.checks.blocks.NeedBracesCheck,com.puppycrawl.tools.checkstyle.checks.blocks.NeedBracesCheck_ESTest,8,0,False
793,Genesis,Checkstyle-4f73fffd,0,e216ec7760b14ac6b34dd79e65c3ff66,com.puppycrawl.tools.checkstyle.checks.blocks.NeedBracesCheck,com.puppycrawl.tools.checkstyle.checks.blocks.NeedBracesCheck_ESTest,7,0,False
794,Genesis,Checkstyle-4f73fffd,0,9aa24141f78d4cc4ba26515e7d0e8694,com.puppycrawl.tools.checkstyle.checks.blocks.NeedBracesCheck,com.puppycrawl.tools.checkstyle.checks.blocks.NeedBracesCheck_ESTest,7,0,False
795,Genesis,Checkstyle-4f73fffd,0,a72151fa28ec4f62a4d8e7c184c73718,com.puppycrawl.tools.checkstyle.checks.blocks.NeedBracesCheck,com.puppycrawl.tools.checkstyle.checks.blocks.NeedBracesCheck_ESTest,6,0,False
796,Genesis,Checkstyle-4f73fffd,0,62aa2a54b5574775a8a8e4d55b79faec,com.puppycrawl.tools.checkstyle.checks.blocks.NeedBracesCheck,com.puppycrawl.tools.checkstyle.checks.blocks.NeedBracesCheck_ESTest,7,0,False
797,Genesis,Checkstyle-4f73fffd,0,579f252eb8934e4cb63316aeb64afdb4,com.puppycrawl.tools.checkstyle.checks.blocks.NeedBracesCheck,com.puppycrawl.tools.checkstyle.checks.blocks.NeedBracesCheck_ESTest,6,0,False
798,Genesis,Checkstyle-4f73fffd,0,93b5f337b08c4baaa4ba249dbc50ebf1,com.puppycrawl.tools.checkstyle.checks.blocks.NeedBracesCheck,com.puppycrawl.tools.checkstyle.checks.blocks.NeedBracesCheck_ESTest,8,0,False
799,Genesis,Checkstyle-4f73fffd,0,44c4fcc7ed9b4dc698408e5f51122826,com.puppycrawl.tools.checkstyle.checks.blocks.NeedBracesCheck,com.puppycrawl.tools.checkstyle.checks.blocks.NeedBracesCheck_ESTest,9,0,False
800,Genesis,Checkstyle-4f73fffd,0,c28f4118cc1f422ca4190d1d11935f0f,com.puppycrawl.tools.checkstyle.checks.blocks.NeedBracesCheck,com.puppycrawl.tools.checkstyle.checks.blocks.NeedBracesCheck_ESTest,7,0,False
801,Genesis,Checkstyle-4f73fffd,0,8ed01ee8f4f343e49f33ebc25d17e2c5,com.puppycrawl.tools.checkstyle.checks.blocks.NeedBracesCheck,com.puppycrawl.tools.checkstyle.checks.blocks.NeedBracesCheck_ESTest,6,0,False
802,Genesis,Checkstyle-4f73fffd,0,7b29566c1d984eeea552250116914285,com.puppycrawl.tools.checkstyle.checks.blocks.NeedBracesCheck,com.puppycrawl.tools.checkstyle.checks.blocks.NeedBracesCheck_ESTest,6,0,False
803,Genesis,Checkstyle-4f73fffd,0,1e7e75995f224292acc6133f89beb5b5,com.puppycrawl.tools.checkstyle.checks.blocks.NeedBracesCheck,com.puppycrawl.tools.checkstyle.checks.blocks.NeedBracesCheck_ESTest,6,0,False
804,Genesis,Checkstyle-4f73fffd,0,7d5888d41c354fde8f6f3f83bdb7ecda,com.puppycrawl.tools.checkstyle.checks.blocks.NeedBracesCheck,com.puppycrawl.tools.checkstyle.checks.blocks.NeedBracesCheck_ESTest,7,0,False
805,Genesis,Checkstyle-4f73fffd,0,deaf0d26e91e4d74a66d150fba524df1,com.puppycrawl.tools.checkstyle.checks.blocks.NeedBracesCheck,com.puppycrawl.tools.checkstyle.checks.blocks.NeedBracesCheck_ESTest,8,0,False
806,Genesis,Checkstyle-4f73fffd,0,30421a6f91fd42f9bcac1a342cb8b884,com.puppycrawl.tools.checkstyle.checks.blocks.NeedBracesCheck,com.puppycrawl.tools.checkstyle.checks.blocks.NeedBracesCheck_ESTest,9,0,False
807,Genesis,Checkstyle-4f73fffd,0,b155b013545941c18b5bd3f78b5ebb03,com.puppycrawl.tools.checkstyle.checks.blocks.NeedBracesCheck,com.puppycrawl.tools.checkstyle.checks.blocks.NeedBracesCheck_ESTest,7,0,False
808,Genesis,Checkstyle-4f73fffd,0,8ffcad9a4cf640e880e8315e19ccd111,com.puppycrawl.tools.checkstyle.checks.blocks.NeedBracesCheck,com.puppycrawl.tools.checkstyle.checks.blocks.NeedBracesCheck_ESTest,7,0,False
809,Genesis,Checkstyle-4f73fffd,0,ee222ce73fe14ec7bf90a8453eea47ed,com.puppycrawl.tools.checkstyle.checks.blocks.NeedBracesCheck,com.puppycrawl.tools.checkstyle.checks.blocks.NeedBracesCheck_ESTest,9,0,False
810,Genesis,Checkstyle-4f73fffd,0,8a52cd143fb94aef95b0b4dfa2e67208,com.puppycrawl.tools.checkstyle.checks.blocks.NeedBracesCheck,com.puppycrawl.tools.checkstyle.checks.blocks.NeedBracesCheck_ESTest,8,0,False
811,Genesis,Checkstyle-4f73fffd,0,c96cf0c100da44c982abd7f13980023c,com.puppycrawl.tools.checkstyle.checks.blocks.NeedBracesCheck,com.puppycrawl.tools.checkstyle.checks.blocks.NeedBracesCheck_ESTest,7,0,False
812,Genesis,Checkstyle-4f73fffd,0,13559ef740a24d6fbb33f421097527e9,com.puppycrawl.tools.checkstyle.checks.blocks.NeedBracesCheck,com.puppycrawl.tools.checkstyle.checks.blocks.NeedBracesCheck_ESTest,6,0,False
813,Genesis,Checkstyle-4f73fffd,0,2a551a2a122740d18286cda062965a71,com.puppycrawl.tools.checkstyle.checks.blocks.NeedBracesCheck,com.puppycrawl.tools.checkstyle.checks.blocks.NeedBracesCheck_ESTest,7,0,False
814,Genesis,Checkstyle-4f73fffd,0,442c1da93fba4fada57a9927eff16cc6,com.puppycrawl.tools.checkstyle.checks.blocks.NeedBracesCheck,com.puppycrawl.tools.checkstyle.checks.blocks.NeedBracesCheck_ESTest,6,0,False
815,Genesis,Checkstyle-4f73fffd,0,20d5b7605a9a48a294b0f769ee502a12,com.puppycrawl.tools.checkstyle.checks.blocks.NeedBracesCheck,com.puppycrawl.tools.checkstyle.checks.blocks.NeedBracesCheck_ESTest,7,0,False
816,Genesis,Checkstyle-4f73fffd,0,a6bd42bd008f4417a65088af8a3888b5,com.puppycrawl.tools.checkstyle.checks.blocks.NeedBracesCheck,com.puppycrawl.tools.checkstyle.checks.blocks.NeedBracesCheck_ESTest,7,0,False
817,Genesis,Checkstyle-4f73fffd,0,9a40802220b94b649ca9689f62890ae9,com.puppycrawl.tools.checkstyle.checks.blocks.NeedBracesCheck,com.puppycrawl.tools.checkstyle.checks.blocks.NeedBracesCheck_ESTest,8,0,False
818,Genesis,Checkstyle-4f73fffd,0,8afef86629ab4552b7895f5f8645e54c,com.puppycrawl.tools.checkstyle.checks.blocks.NeedBracesCheck,com.puppycrawl.tools.checkstyle.checks.blocks.NeedBracesCheck_ESTest,6,0,False
819,Genesis,Checkstyle-91e10c29,0,94cb748a99564bb0b099087de3bc8764,com.puppycrawl.tools.checkstyle.checks.SuppressWarningsHolder,com.puppycrawl.tools.checkstyle.checks.SuppressWarningsHolder_ESTest,16,0,False
820,Genesis,Checkstyle-91e10c29,0,3e824eebb75d4274bd87788eea837b37,com.puppycrawl.tools.checkstyle.checks.SuppressWarningsHolder,com.puppycrawl.tools.checkstyle.checks.SuppressWarningsHolder_ESTest,15,0,False
821,Genesis,Checkstyle-91e10c29,0,012f516fda744f1091dcb4d6ff03e122,com.puppycrawl.tools.checkstyle.checks.SuppressWarningsHolder,com.puppycrawl.tools.checkstyle.checks.SuppressWarningsHolder_ESTest,18,0,False
822,Genesis,Checkstyle-91e10c29,0,56bf91b8c0474185a05fe0ce454d7a48,com.puppycrawl.tools.checkstyle.checks.SuppressWarningsHolder,com.puppycrawl.tools.checkstyle.checks.SuppressWarningsHolder_ESTest,14,0,False
823,Genesis,Checkstyle-91e10c29,0,fad44ec5091343af9e7c9f5b9022d4b2,com.puppycrawl.tools.checkstyle.checks.SuppressWarningsHolder,com.puppycrawl.tools.checkstyle.checks.SuppressWarningsHolder_ESTest,15,0,False
824,Genesis,Checkstyle-91e10c29,0,ab6fe1aa206c4890917a8ffcdcae4b19,com.puppycrawl.tools.checkstyle.checks.SuppressWarningsHolder,com.puppycrawl.tools.checkstyle.checks.SuppressWarningsHolder_ESTest,15,0,False
825,Genesis,Checkstyle-91e10c29,0,e8d4061a45be4b8faa5e2574b4cf345c,com.puppycrawl.tools.checkstyle.checks.SuppressWarningsHolder,com.puppycrawl.tools.checkstyle.checks.SuppressWarningsHolder_ESTest,14,0,False
826,Genesis,Checkstyle-91e10c29,0,2ac93b4b9b5a4639bf7e1c42206f3c01,com.puppycrawl.tools.checkstyle.checks.SuppressWarningsHolder,com.puppycrawl.tools.checkstyle.checks.SuppressWarningsHolder_ESTest,16,0,False
827,Genesis,Checkstyle-91e10c29,0,205388ab4d6e40ca8657605058ff9777,com.puppycrawl.tools.checkstyle.checks.SuppressWarningsHolder,com.puppycrawl.tools.checkstyle.checks.SuppressWarningsHolder_ESTest,16,0,False
828,Genesis,Checkstyle-91e10c29,0,29c7086832aa4d18a006bed268c239a5,com.puppycrawl.tools.checkstyle.checks.SuppressWarningsHolder,com.puppycrawl.tools.checkstyle.checks.SuppressWarningsHolder_ESTest,16,0,False
829,Genesis,Checkstyle-91e10c29,0,b1b0891be4b04b44b4163a07c87585ed,com.puppycrawl.tools.checkstyle.checks.SuppressWarningsHolder,com.puppycrawl.tools.checkstyle.checks.SuppressWarningsHolder_ESTest,14,0,False
830,Genesis,Checkstyle-91e10c29,0,7efe1a4299f949e2935390e99e0f5cef,com.puppycrawl.tools.checkstyle.checks.SuppressWarningsHolder,com.puppycrawl.tools.checkstyle.checks.SuppressWarningsHolder_ESTest,15,0,False
831,Genesis,Checkstyle-91e10c29,0,6ebee47246c244009b19eb02f7185732,com.puppycrawl.tools.checkstyle.checks.SuppressWarningsHolder,com.puppycrawl.tools.checkstyle.checks.SuppressWarningsHolder_ESTest,14,0,False
832,Genesis,Checkstyle-91e10c29,0,6db84623843d4f2aa0128365a29eaaf7,com.puppycrawl.tools.checkstyle.checks.SuppressWarningsHolder,com.puppycrawl.tools.checkstyle.checks.SuppressWarningsHolder_ESTest,13,0,False
833,Genesis,Checkstyle-91e10c29,0,b7c7b182e4934cbba56021f4cea945ca,com.puppycrawl.tools.checkstyle.checks.SuppressWarningsHolder,com.puppycrawl.tools.checkstyle.checks.SuppressWarningsHolder_ESTest,12,0,False
834,Genesis,Checkstyle-91e10c29,0,089f094b3cb345bbb6b17fdffa24838d,com.puppycrawl.tools.checkstyle.checks.SuppressWarningsHolder,com.puppycrawl.tools.checkstyle.checks.SuppressWarningsHolder_ESTest,14,0,False
835,Genesis,Checkstyle-91e10c29,0,d51fd5047b104f6b8c1c5519bbf2605a,com.puppycrawl.tools.checkstyle.checks.SuppressWarningsHolder,com.puppycrawl.tools.checkstyle.checks.SuppressWarningsHolder_ESTest,17,0,False
836,Genesis,Checkstyle-91e10c29,0,8d427325d307466f9c593af9caa94fbb,com.puppycrawl.tools.checkstyle.checks.SuppressWarningsHolder,com.puppycrawl.tools.checkstyle.checks.SuppressWarningsHolder_ESTest,15,0,False
837,Genesis,Checkstyle-91e10c29,0,49b732522b39492092cd7a55bf9a2185,com.puppycrawl.tools.checkstyle.checks.SuppressWarningsHolder,com.puppycrawl.tools.checkstyle.checks.SuppressWarningsHolder_ESTest,14,0,False
838,Genesis,Checkstyle-91e10c29,0,fbf1f416e06a468f8ac1e019f6d2cc57,com.puppycrawl.tools.checkstyle.checks.SuppressWarningsHolder,com.puppycrawl.tools.checkstyle.checks.SuppressWarningsHolder_ESTest,18,0,False
839,Genesis,Checkstyle-91e10c29,0,dbc2f2e1cede47d49687a4ec715f4f13,com.puppycrawl.tools.checkstyle.checks.SuppressWarningsHolder,com.puppycrawl.tools.checkstyle.checks.SuppressWarningsHolder_ESTest,16,0,False
840,Genesis,Checkstyle-91e10c29,0,8455c94dbe954742b2586157f059b835,com.puppycrawl.tools.checkstyle.checks.SuppressWarningsHolder,com.puppycrawl.tools.checkstyle.checks.SuppressWarningsHolder_ESTest,19,0,False
841,Genesis,Checkstyle-91e10c29,0,a06f75e139bd4d9fb6f848d4374c8ecf,com.puppycrawl.tools.checkstyle.checks.SuppressWarningsHolder,com.puppycrawl.tools.checkstyle.checks.SuppressWarningsHolder_ESTest,14,0,False
842,Genesis,Checkstyle-91e10c29,0,5d5098908d7b419687f4da032f3c9de2,com.puppycrawl.tools.checkstyle.checks.SuppressWarningsHolder,com.puppycrawl.tools.checkstyle.checks.SuppressWarningsHolder_ESTest,18,0,False
843,Genesis,Checkstyle-91e10c29,0,9d6be051ad2a49d0a1e076e67bb38920,com.puppycrawl.tools.checkstyle.checks.SuppressWarningsHolder,com.puppycrawl.tools.checkstyle.checks.SuppressWarningsHolder_ESTest,15,0,False
844,Genesis,Checkstyle-91e10c29,0,c138627d29614783a3f82fdb562fd7f1,com.puppycrawl.tools.checkstyle.checks.SuppressWarningsHolder,com.puppycrawl.tools.checkstyle.checks.SuppressWarningsHolder_ESTest,15,0,False
845,Genesis,Checkstyle-91e10c29,0,ca1b81e2149c456abb3c1a0d8898c059,com.puppycrawl.tools.checkstyle.checks.SuppressWarningsHolder,com.puppycrawl.tools.checkstyle.checks.SuppressWarningsHolder_ESTest,20,0,False
846,Genesis,Checkstyle-91e10c29,0,2631461f52b64c17812f94393026fb4c,com.puppycrawl.tools.checkstyle.checks.SuppressWarningsHolder,com.puppycrawl.tools.checkstyle.checks.SuppressWarningsHolder_ESTest,15,0,False
847,Genesis,Checkstyle-91e10c29,0,20e73ed7749d469193b0b6b95e4605eb,com.puppycrawl.tools.checkstyle.checks.SuppressWarningsHolder,com.puppycrawl.tools.checkstyle.checks.SuppressWarningsHolder_ESTest,15,0,False
848,Genesis,Checkstyle-91e10c29,0,6681424aeb6e4528be56761bcbd501d9,com.puppycrawl.tools.checkstyle.checks.SuppressWarningsHolder,com.puppycrawl.tools.checkstyle.checks.SuppressWarningsHolder_ESTest,17,0,False
849,Genesis,Checkstyle-16493bfb,0,bf5892bd69c442599cb154309cd4453f,com.puppycrawl.tools.checkstyle.checks.coding.ModifiedControlVariableCheck,com.puppycrawl.tools.checkstyle.checks.coding.ModifiedControlVariableCheck_ESTest,16,0,False
850,Genesis,Checkstyle-16493bfb,0,802a70e62aa6413aa6c41a41918a2a5a,com.puppycrawl.tools.checkstyle.checks.coding.ModifiedControlVariableCheck,com.puppycrawl.tools.checkstyle.checks.coding.ModifiedControlVariableCheck_ESTest,20,0,False
851,Genesis,Checkstyle-16493bfb,0,4b8323ab79fc463b9995c66ed17ef2ae,com.puppycrawl.tools.checkstyle.checks.coding.ModifiedControlVariableCheck,com.puppycrawl.tools.checkstyle.checks.coding.ModifiedControlVariableCheck_ESTest,16,0,False
852,Genesis,Checkstyle-16493bfb,0,006aa5e49dc54c3ca18e9a4fd635d825,com.puppycrawl.tools.checkstyle.checks.coding.ModifiedControlVariableCheck,com.puppycrawl.tools.checkstyle.checks.coding.ModifiedControlVariableCheck_ESTest,12,0,False
853,Genesis,Checkstyle-16493bfb,0,9a337d0e0c1c463280bd9590e6b739b5,com.puppycrawl.tools.checkstyle.checks.coding.ModifiedControlVariableCheck,com.puppycrawl.tools.checkstyle.checks.coding.ModifiedControlVariableCheck_ESTest,11,0,False
854,Genesis,Checkstyle-16493bfb,0,09e9fb04872f450eb0ecbd882482c53c,com.puppycrawl.tools.checkstyle.checks.coding.ModifiedControlVariableCheck,com.puppycrawl.tools.checkstyle.checks.coding.ModifiedControlVariableCheck_ESTest,26,0,False
855,Genesis,Checkstyle-16493bfb,0,c071ea19d43a42e4908d50d6f7c21654,com.puppycrawl.tools.checkstyle.checks.coding.ModifiedControlVariableCheck,com.puppycrawl.tools.checkstyle.checks.coding.ModifiedControlVariableCheck_ESTest,25,0,False
856,Genesis,Checkstyle-16493bfb,0,252aafaafeba4c23a807e3be336dc4cf,com.puppycrawl.tools.checkstyle.checks.coding.ModifiedControlVariableCheck,com.puppycrawl.tools.checkstyle.checks.coding.ModifiedControlVariableCheck_ESTest,20,0,False
857,Genesis,Checkstyle-16493bfb,0,4534be6e1f214b7f85893a4a7272b966,com.puppycrawl.tools.checkstyle.checks.coding.ModifiedControlVariableCheck,com.puppycrawl.tools.checkstyle.checks.coding.ModifiedControlVariableCheck_ESTest,19,0,False
858,Genesis,Checkstyle-16493bfb,0,2f3e0d2d1d4e4f5495eaedd5ef0da281,com.puppycrawl.tools.checkstyle.checks.coding.ModifiedControlVariableCheck,com.puppycrawl.tools.checkstyle.checks.coding.ModifiedControlVariableCheck_ESTest,27,0,False
859,Genesis,Checkstyle-16493bfb,0,cfd3398b0b33410daed5be1b428490bc,com.puppycrawl.tools.checkstyle.checks.coding.ModifiedControlVariableCheck,com.puppycrawl.tools.checkstyle.checks.coding.ModifiedControlVariableCheck_ESTest,23,0,False
860,Genesis,Checkstyle-16493bfb,0,312b3a036190410ba43d412d7d020e7b,com.puppycrawl.tools.checkstyle.checks.coding.ModifiedControlVariableCheck,com.puppycrawl.tools.checkstyle.checks.coding.ModifiedControlVariableCheck_ESTest,18,0,False
861,Genesis,Checkstyle-16493bfb,0,6c8c9b554b3a484dbaf02657ebc60434,com.puppycrawl.tools.checkstyle.checks.coding.ModifiedControlVariableCheck,com.puppycrawl.tools.checkstyle.checks.coding.ModifiedControlVariableCheck_ESTest,20,0,False
862,Genesis,Checkstyle-16493bfb,0,67246012f0cf40dba3f31c0a87dc6973,com.puppycrawl.tools.checkstyle.checks.coding.ModifiedControlVariableCheck,com.puppycrawl.tools.checkstyle.checks.coding.ModifiedControlVariableCheck_ESTest,21,0,False
863,Genesis,Checkstyle-16493bfb,0,bb7a152822d34063971b69dab55deea1,com.puppycrawl.tools.checkstyle.checks.coding.ModifiedControlVariableCheck,com.puppycrawl.tools.checkstyle.checks.coding.ModifiedControlVariableCheck_ESTest,16,0,False
864,Genesis,Checkstyle-16493bfb,0,9435fadf0fcd431ba5c5a493b55a5ccc,com.puppycrawl.tools.checkstyle.checks.coding.ModifiedControlVariableCheck,com.puppycrawl.tools.checkstyle.checks.coding.ModifiedControlVariableCheck_ESTest,14,0,False
865,Genesis,Checkstyle-16493bfb,0,397fef2a9ec4462aaa23c1c2a2f40e9f,com.puppycrawl.tools.checkstyle.checks.coding.ModifiedControlVariableCheck,com.puppycrawl.tools.checkstyle.checks.coding.ModifiedControlVariableCheck_ESTest,15,0,False
866,Genesis,Checkstyle-16493bfb,0,be31c709862a4a1fb3a964e35036053b,com.puppycrawl.tools.checkstyle.checks.coding.ModifiedControlVariableCheck,com.puppycrawl.tools.checkstyle.checks.coding.ModifiedControlVariableCheck_ESTest,23,0,False
867,Genesis,Checkstyle-16493bfb,0,759e0ad7b056408b85fe02bbde4150f2,com.puppycrawl.tools.checkstyle.checks.coding.ModifiedControlVariableCheck,com.puppycrawl.tools.checkstyle.checks.coding.ModifiedControlVariableCheck_ESTest,25,0,False
868,Genesis,Checkstyle-16493bfb,0,daf29b70e2894163a8ec95b02363ef19,com.puppycrawl.tools.checkstyle.checks.coding.ModifiedControlVariableCheck,com.puppycrawl.tools.checkstyle.checks.coding.ModifiedControlVariableCheck_ESTest,18,0,False
869,Genesis,Checkstyle-16493bfb,0,dbcc364ccdd140fe86f45167341533f4,com.puppycrawl.tools.checkstyle.checks.coding.ModifiedControlVariableCheck,com.puppycrawl.tools.checkstyle.checks.coding.ModifiedControlVariableCheck_ESTest,16,0,False
870,Genesis,Checkstyle-16493bfb,0,e2b3911465a24927a2b53fc6323d4604,com.puppycrawl.tools.checkstyle.checks.coding.ModifiedControlVariableCheck,com.puppycrawl.tools.checkstyle.checks.coding.ModifiedControlVariableCheck_ESTest,23,0,False
871,Genesis,Checkstyle-16493bfb,0,cd79d17f34ca48c3bf73b02554cb7804,com.puppycrawl.tools.checkstyle.checks.coding.ModifiedControlVariableCheck,com.puppycrawl.tools.checkstyle.checks.coding.ModifiedControlVariableCheck_ESTest,20,0,False
872,Genesis,Checkstyle-16493bfb,0,21dda86b63734070beedcb2645606f5e,com.puppycrawl.tools.checkstyle.checks.coding.ModifiedControlVariableCheck,com.puppycrawl.tools.checkstyle.checks.coding.ModifiedControlVariableCheck_ESTest,24,0,False
873,Genesis,Checkstyle-16493bfb,0,ecd65c94208648bd8780343f717002b1,com.puppycrawl.tools.checkstyle.checks.coding.ModifiedControlVariableCheck,com.puppycrawl.tools.checkstyle.checks.coding.ModifiedControlVariableCheck_ESTest,17,0,False
874,Genesis,Checkstyle-16493bfb,0,e6dddc3c579a4124996c088cde1a7325,com.puppycrawl.tools.checkstyle.checks.coding.ModifiedControlVariableCheck,com.puppycrawl.tools.checkstyle.checks.coding.ModifiedControlVariableCheck_ESTest,16,0,False
875,Genesis,Checkstyle-16493bfb,0,fe1205f59bf6489bb8ba998013437ee0,com.puppycrawl.tools.checkstyle.checks.coding.ModifiedControlVariableCheck,com.puppycrawl.tools.checkstyle.checks.coding.ModifiedControlVariableCheck_ESTest,23,0,False
876,Genesis,Checkstyle-16493bfb,0,c3d20913cf1b471890325cb944e6fb07,com.puppycrawl.tools.checkstyle.checks.coding.ModifiedControlVariableCheck,com.puppycrawl.tools.checkstyle.checks.coding.ModifiedControlVariableCheck_ESTest,14,0,False
877,Genesis,Checkstyle-16493bfb,0,eec5ad13ff4c493d91ea23723da3868c,com.puppycrawl.tools.checkstyle.checks.coding.ModifiedControlVariableCheck,com.puppycrawl.tools.checkstyle.checks.coding.ModifiedControlVariableCheck_ESTest,22,0,False
878,Genesis,Checkstyle-16493bfb,0,571f5e70a0d84a75b502c8a52ab2ce81,com.puppycrawl.tools.checkstyle.checks.coding.ModifiedControlVariableCheck,com.puppycrawl.tools.checkstyle.checks.coding.ModifiedControlVariableCheck_ESTest,21,0,False
879,Genesis,Checkstyle-be8a60a4,0,f74d107e40d74937b029a27bc2a3dd05,com.puppycrawl.tools.checkstyle.checks.naming.ParameterNameCheck,com.puppycrawl.tools.checkstyle.checks.naming.ParameterNameCheck_ESTest,6,0,True
880,Genesis,Checkstyle-be8a60a4,0,be0a9089650c4272b02dc9fb0ef7c0a9,com.puppycrawl.tools.checkstyle.checks.naming.ParameterNameCheck,com.puppycrawl.tools.checkstyle.checks.naming.ParameterNameCheck_ESTest,6,0,False
881,Genesis,Checkstyle-be8a60a4,0,9affff41a1f84594bbdbbd74a12ce2ac,com.puppycrawl.tools.checkstyle.checks.naming.ParameterNameCheck,com.puppycrawl.tools.checkstyle.checks.naming.ParameterNameCheck_ESTest,6,0,False
882,Genesis,Checkstyle-be8a60a4,0,3955a607e012473eb0b182da51ad7db3,com.puppycrawl.tools.checkstyle.checks.naming.ParameterNameCheck,com.puppycrawl.tools.checkstyle.checks.naming.ParameterNameCheck_ESTest,8,0,True
883,Genesis,Checkstyle-be8a60a4,0,77df85e10f8740488057e838b997f431,com.puppycrawl.tools.checkstyle.checks.naming.ParameterNameCheck,com.puppycrawl.tools.checkstyle.checks.naming.ParameterNameCheck_ESTest,5,0,False
884,Genesis,Checkstyle-be8a60a4,0,ca65d8c06cdc43be982501f63b50eb98,com.puppycrawl.tools.checkstyle.checks.naming.ParameterNameCheck,com.puppycrawl.tools.checkstyle.checks.naming.ParameterNameCheck_ESTest,6,0,True
885,Genesis,Checkstyle-be8a60a4,0,2b81a48c08114280bf880faf16203eca,com.puppycrawl.tools.checkstyle.checks.naming.ParameterNameCheck,com.puppycrawl.tools.checkstyle.checks.naming.ParameterNameCheck_ESTest,7,0,True
886,Genesis,Checkstyle-be8a60a4,0,72a01f495f8e47bd8ca59c76c502f14a,com.puppycrawl.tools.checkstyle.checks.naming.ParameterNameCheck,com.puppycrawl.tools.checkstyle.checks.naming.ParameterNameCheck_ESTest,7,0,False
887,Genesis,Checkstyle-be8a60a4,0,f9842475271f4907913d3ecf41f180db,com.puppycrawl.tools.checkstyle.checks.naming.ParameterNameCheck,com.puppycrawl.tools.checkstyle.checks.naming.ParameterNameCheck_ESTest,10,0,True
888,Genesis,Checkstyle-be8a60a4,0,c3e88538c8e24d69ba19c8aa43fec57c,com.puppycrawl.tools.checkstyle.checks.naming.ParameterNameCheck,com.puppycrawl.tools.checkstyle.checks.naming.ParameterNameCheck_ESTest,7,0,False
889,Genesis,Checkstyle-be8a60a4,0,33922b9ad5cf41c3a13b6902557be4a4,com.puppycrawl.tools.checkstyle.checks.naming.ParameterNameCheck,com.puppycrawl.tools.checkstyle.checks.naming.ParameterNameCheck_ESTest,6,0,False
890,Genesis,Checkstyle-be8a60a4,0,6bf80de80a8845ccac822d50cbf901f4,com.puppycrawl.tools.checkstyle.checks.naming.ParameterNameCheck,com.puppycrawl.tools.checkstyle.checks.naming.ParameterNameCheck_ESTest,7,0,True
891,Genesis,Checkstyle-be8a60a4,0,6e0c51b5f6f647f591124568804ef03f,com.puppycrawl.tools.checkstyle.checks.naming.ParameterNameCheck,com.puppycrawl.tools.checkstyle.checks.naming.ParameterNameCheck_ESTest,6,0,True
892,Genesis,Checkstyle-be8a60a4,0,f08c9ff18f314ed1818d013f64da8b60,com.puppycrawl.tools.checkstyle.checks.naming.ParameterNameCheck,com.puppycrawl.tools.checkstyle.checks.naming.ParameterNameCheck_ESTest,7,0,False
893,Genesis,Checkstyle-be8a60a4,0,19a15d4894904fd4aa825bae53216935,com.puppycrawl.tools.checkstyle.checks.naming.ParameterNameCheck,com.puppycrawl.tools.checkstyle.checks.naming.ParameterNameCheck_ESTest,8,0,False
894,Genesis,Checkstyle-be8a60a4,0,55fb29f0eff746339d34db4823ba8291,com.puppycrawl.tools.checkstyle.checks.naming.ParameterNameCheck,com.puppycrawl.tools.checkstyle.checks.naming.ParameterNameCheck_ESTest,7,0,False
895,Genesis,Checkstyle-be8a60a4,0,9443fb0f2d4f4eee8ac02da16392b96a,com.puppycrawl.tools.checkstyle.checks.naming.ParameterNameCheck,com.puppycrawl.tools.checkstyle.checks.naming.ParameterNameCheck_ESTest,5,0,False
896,Genesis,Checkstyle-be8a60a4,0,fb26cc49b9ef486da1363dcb6762813c,com.puppycrawl.tools.checkstyle.checks.naming.ParameterNameCheck,com.puppycrawl.tools.checkstyle.checks.naming.ParameterNameCheck_ESTest,8,0,True
897,Genesis,Checkstyle-be8a60a4,0,3f08bc4af8884a3b8b57f0bb18cf1a64,com.puppycrawl.tools.checkstyle.checks.naming.ParameterNameCheck,com.puppycrawl.tools.checkstyle.checks.naming.ParameterNameCheck_ESTest,8,0,False
898,Genesis,Checkstyle-be8a60a4,0,b9dce0e4fbdb437699a3799da830bb4d,com.puppycrawl.tools.checkstyle.checks.naming.ParameterNameCheck,com.puppycrawl.tools.checkstyle.checks.naming.ParameterNameCheck_ESTest,8,0,True
899,Genesis,Checkstyle-be8a60a4,0,6c1efe10fec945b9b2d990011b97e5f5,com.puppycrawl.tools.checkstyle.checks.naming.ParameterNameCheck,com.puppycrawl.tools.checkstyle.checks.naming.ParameterNameCheck_ESTest,8,0,False
900,Genesis,Checkstyle-be8a60a4,0,9a29bab38732459c9e9f066f0fe5779a,com.puppycrawl.tools.checkstyle.checks.naming.ParameterNameCheck,com.puppycrawl.tools.checkstyle.checks.naming.ParameterNameCheck_ESTest,6,0,False
901,Genesis,Checkstyle-be8a60a4,0,3d5672ad68d5432b9fb0e0bcefa3966b,com.puppycrawl.tools.checkstyle.checks.naming.ParameterNameCheck,com.puppycrawl.tools.checkstyle.checks.naming.ParameterNameCheck_ESTest,7,0,False
902,Genesis,Checkstyle-be8a60a4,0,a58cbbe52e4541f7ab09de93cb6e08a6,com.puppycrawl.tools.checkstyle.checks.naming.ParameterNameCheck,com.puppycrawl.tools.checkstyle.checks.naming.ParameterNameCheck_ESTest,7,0,True
903,Genesis,Checkstyle-be8a60a4,0,c7bf131a4150467890e1dfbf4267cd83,com.puppycrawl.tools.checkstyle.checks.naming.ParameterNameCheck,com.puppycrawl.tools.checkstyle.checks.naming.ParameterNameCheck_ESTest,6,0,True
904,Genesis,Checkstyle-be8a60a4,0,f5779269acb04cddad097859b35b9a4a,com.puppycrawl.tools.checkstyle.checks.naming.ParameterNameCheck,com.puppycrawl.tools.checkstyle.checks.naming.ParameterNameCheck_ESTest,6,0,True
905,Genesis,Checkstyle-be8a60a4,0,5f26742321c547979426f88ef3f36e7e,com.puppycrawl.tools.checkstyle.checks.naming.ParameterNameCheck,com.puppycrawl.tools.checkstyle.checks.naming.ParameterNameCheck_ESTest,7,0,False
906,Genesis,Checkstyle-be8a60a4,0,e0391f87b5744d239a80870dfc66aca9,com.puppycrawl.tools.checkstyle.checks.naming.ParameterNameCheck,com.puppycrawl.tools.checkstyle.checks.naming.ParameterNameCheck_ESTest,7,0,True
907,Genesis,Checkstyle-be8a60a4,0,996c14744cc9403dbbde4f2851c397aa,com.puppycrawl.tools.checkstyle.checks.naming.ParameterNameCheck,com.puppycrawl.tools.checkstyle.checks.naming.ParameterNameCheck_ESTest,9,0,True
908,Genesis,Checkstyle-be8a60a4,0,b2682dc452a943ac86cc92ca29f45d5a,com.puppycrawl.tools.checkstyle.checks.naming.ParameterNameCheck,com.puppycrawl.tools.checkstyle.checks.naming.ParameterNameCheck_ESTest,6,0,True
909,Genesis,Javaslang-0dab3ed3,0,fddd79862aef4462b75126668f36e189,javaslang.Tuples,javaslang.Tuples_ESTest,59,0,True
910,Genesis,Javaslang-0dab3ed3,0,b0f3128ee1734c96bfc24b4ec2e28e49,javaslang.Tuples,javaslang.Tuples_ESTest,60,0,True
911,Genesis,Javaslang-0dab3ed3,0,7528878d5476415198ac8576a3b7f0fb,javaslang.Tuples,javaslang.Tuples_ESTest,59,0,True
912,Genesis,Javaslang-0dab3ed3,0,05297ec639e14e5c9022040e228be4c7,javaslang.Tuples,javaslang.Tuples_ESTest,62,0,True
913,Genesis,Javaslang-0dab3ed3,0,df5d53edd68a496c81b7c7749af78870,javaslang.Tuples,javaslang.Tuples_ESTest,57,0,True
914,Genesis,Javaslang-0dab3ed3,0,25b9890aea4c4d68b862ac780bfdfd44,javaslang.Tuples,javaslang.Tuples_ESTest,58,0,True
915,Genesis,Javaslang-0dab3ed3,0,cb68924833f34e8a8257e83975bcc8e0,javaslang.Tuples,javaslang.Tuples_ESTest,58,0,True
916,Genesis,Javaslang-0dab3ed3,0,71f2c190bc3246acb63bb6abda3b5d3c,javaslang.Tuples,javaslang.Tuples_ESTest,57,0,True
917,Genesis,Javaslang-0dab3ed3,0,fe2b93836b0d4c2c9cdd51d1ace90070,javaslang.Tuples,javaslang.Tuples_ESTest,57,0,True
918,Genesis,Javaslang-0dab3ed3,0,265a92dad6a74d8098bca325f12b3afb,javaslang.Tuples,javaslang.Tuples_ESTest,58,0,True
919,Genesis,Javaslang-0dab3ed3,0,0b7942bb65884659b8d6d293a0043378,javaslang.Tuples,javaslang.Tuples_ESTest,58,0,True
920,Genesis,Javaslang-0dab3ed3,0,8f23f30f5ff5448e9e91dba5445be082,javaslang.Tuples,javaslang.Tuples_ESTest,56,0,True
921,Genesis,Javaslang-0dab3ed3,0,e941485a743d47a1a248beaf90dc1e3a,javaslang.Tuples,javaslang.Tuples_ESTest,60,0,True
922,Genesis,Javaslang-0dab3ed3,0,b32663473f17465a9c4a24f85b874bdd,javaslang.Tuples,javaslang.Tuples_ESTest,61,0,True
923,Genesis,Javaslang-0dab3ed3,0,849fd957d8a043c3894291260ad3b481,javaslang.Tuples,javaslang.Tuples_ESTest,58,0,True
924,Genesis,Javaslang-0dab3ed3,0,cd3192298e23452e9b061036e528f6f7,javaslang.Tuples,javaslang.Tuples_ESTest,60,0,True
925,Genesis,Javaslang-0dab3ed3,0,e308d80c1d3f40a98a2e3b8c3b66455f,javaslang.Tuples,javaslang.Tuples_ESTest,56,0,True
926,Genesis,Javaslang-0dab3ed3,0,af81e0e3e864407c9a12dea101b2ad50,javaslang.Tuples,javaslang.Tuples_ESTest,60,0,True
927,Genesis,Javaslang-0dab3ed3,0,1a2c223632b64a79808b36e0aa185d70,javaslang.Tuples,javaslang.Tuples_ESTest,57,0,True
928,Genesis,Javaslang-0dab3ed3,0,bef278024345485994b83b2ecd401571,javaslang.Tuples,javaslang.Tuples_ESTest,58,0,True
929,Genesis,Javaslang-0dab3ed3,0,f659d64679f346fa872db2c027f8b38c,javaslang.Tuples,javaslang.Tuples_ESTest,55,0,True
930,Genesis,Javaslang-0dab3ed3,0,b81ab4ab77434141823a67c62c3c459d,javaslang.Tuples,javaslang.Tuples_ESTest,58,0,True
931,Genesis,Javaslang-0dab3ed3,0,b696f7a259624289972f38bcaf16c540,javaslang.Tuples,javaslang.Tuples_ESTest,59,0,True
932,Genesis,Javaslang-0dab3ed3,0,25f881df77f247e7b2447fb97b99b737,javaslang.Tuples,javaslang.Tuples_ESTest,57,0,True
933,Genesis,Javaslang-0dab3ed3,0,60238432d26e4434a9e9b347264eefe8,javaslang.Tuples,javaslang.Tuples_ESTest,58,0,True
934,Genesis,Javaslang-0dab3ed3,0,130bdae558f648d8a15b1f58e2a69dbd,javaslang.Tuples,javaslang.Tuples_ESTest,58,0,True
935,Genesis,Javaslang-0dab3ed3,0,32b21a605cf14603b26a2736fa42f272,javaslang.Tuples,javaslang.Tuples_ESTest,59,0,True
936,Genesis,Javaslang-0dab3ed3,0,0f3eb2c6199e4d17a5dca1e396091ac2,javaslang.Tuples,javaslang.Tuples_ESTest,58,0,True
937,Genesis,Javaslang-0dab3ed3,0,77d28f4ebdcb47d2bda21293d5a1ab47,javaslang.Tuples,javaslang.Tuples_ESTest,59,0,True
938,Genesis,Activiti-31c8ea16,0,eaff67979be146e7bcfae0b58ed72148,org.activiti.engine.impl.event.AbstractEventHandler,org.activiti.engine.impl.event.AbstractEventHandler_ESTest,1,0,False
939,Genesis,Activiti-31c8ea16,0,c78ca9e2ce0a4f6ea18365462e974dcd,org.activiti.engine.impl.event.AbstractEventHandler,org.activiti.engine.impl.event.AbstractEventHandler_ESTest,4,0,True
940,Genesis,Activiti-31c8ea16,0,0f331c8077c94678ba8049217b554caa,org.activiti.engine.impl.event.AbstractEventHandler,org.activiti.engine.impl.event.AbstractEventHandler_ESTest,1,0,False
941,Genesis,Activiti-31c8ea16,0,b3c0c784c5334d9fb8420ec3bfc2ba2e,org.activiti.engine.impl.event.AbstractEventHandler,org.activiti.engine.impl.event.AbstractEventHandler_ESTest,3,0,False
942,Genesis,Activiti-31c8ea16,0,6c70a9c1717a4a07ba0b2d66310b1f47,org.activiti.engine.impl.event.AbstractEventHandler,org.activiti.engine.impl.event.AbstractEventHandler_ESTest,1,0,False
943,Genesis,Activiti-31c8ea16,0,33b6233b94d74a9bb95651e7b6ff74f6,org.activiti.engine.impl.event.AbstractEventHandler,org.activiti.engine.impl.event.AbstractEventHandler_ESTest,2,0,True
944,Genesis,Activiti-31c8ea16,0,bb769012a262414c9cd44378e5221625,org.activiti.engine.impl.event.AbstractEventHandler,org.activiti.engine.impl.event.AbstractEventHandler_ESTest,3,0,True
945,Genesis,Activiti-31c8ea16,0,ffda1bae1d144323847bd56d020e943f,org.activiti.engine.impl.event.AbstractEventHandler,org.activiti.engine.impl.event.AbstractEventHandler_ESTest,2,0,True
946,Genesis,Activiti-31c8ea16,0,3527b74788d5450eb596cbebea748428,org.activiti.engine.impl.event.AbstractEventHandler,org.activiti.engine.impl.event.AbstractEventHandler_ESTest,2,0,True
947,Genesis,Activiti-31c8ea16,0,b2c5e9c8a4ea41f49a1bb25aa39c9d44,org.activiti.engine.impl.event.AbstractEventHandler,org.activiti.engine.impl.event.AbstractEventHandler_ESTest,2,0,True
948,Genesis,Activiti-31c8ea16,0,501dc6aa5faa43c5b5b996704876fb82,org.activiti.engine.impl.event.AbstractEventHandler,org.activiti.engine.impl.event.AbstractEventHandler_ESTest,1,0,False
949,Genesis,Activiti-31c8ea16,0,93734dd7ca7843c7a71ddbd38e5f06f7,org.activiti.engine.impl.event.AbstractEventHandler,org.activiti.engine.impl.event.AbstractEventHandler_ESTest,2,0,True
950,Genesis,Activiti-31c8ea16,0,046e138293c447f9b36eb5e4b3bc961b,org.activiti.engine.impl.event.AbstractEventHandler,org.activiti.engine.impl.event.AbstractEventHandler_ESTest,2,0,True
951,Genesis,Activiti-31c8ea16,0,397edbeca9a542f689e14fab3df13a93,org.activiti.engine.impl.event.AbstractEventHandler,org.activiti.engine.impl.event.AbstractEventHandler_ESTest,1,0,False
952,Genesis,Activiti-31c8ea16,0,45c7f099529e4958b9e28e68c1a8c66a,org.activiti.engine.impl.event.AbstractEventHandler,org.activiti.engine.impl.event.AbstractEventHandler_ESTest,2,0,False
953,Genesis,Activiti-31c8ea16,0,04afa58b73224e118800f4179d58fe00,org.activiti.engine.impl.event.AbstractEventHandler,org.activiti.engine.impl.event.AbstractEventHandler_ESTest,1,0,False
954,Genesis,Activiti-31c8ea16,0,f265ec5fb1dd41e0bf87526594416f2d,org.activiti.engine.impl.event.AbstractEventHandler,org.activiti.engine.impl.event.AbstractEventHandler_ESTest,2,0,True
955,Genesis,Activiti-31c8ea16,0,fe43c004cb3343ed83a915b079463dc7,org.activiti.engine.impl.event.AbstractEventHandler,org.activiti.engine.impl.event.AbstractEventHandler_ESTest,2,0,True
956,Genesis,Activiti-31c8ea16,0,40aa4402e21646c2b19895d500f0ce61,org.activiti.engine.impl.event.AbstractEventHandler,org.activiti.engine.impl.event.AbstractEventHandler_ESTest,3,0,True
957,Genesis,Activiti-31c8ea16,0,a05e302f338345c5be16de2ced915b51,org.activiti.engine.impl.event.AbstractEventHandler,org.activiti.engine.impl.event.AbstractEventHandler_ESTest,2,0,True
958,Genesis,Activiti-31c8ea16,0,f98fc7fcbadd4e84a49d1ae63f458dab,org.activiti.engine.impl.event.AbstractEventHandler,org.activiti.engine.impl.event.AbstractEventHandler_ESTest,2,0,True
959,Genesis,Activiti-31c8ea16,0,b7884e2db2d24b57947ebfcc9882ae4f,org.activiti.engine.impl.event.AbstractEventHandler,org.activiti.engine.impl.event.AbstractEventHandler_ESTest,2,0,True
960,Genesis,Activiti-31c8ea16,0,2d79cb72efc1423d977c09fe688034cb,org.activiti.engine.impl.event.AbstractEventHandler,org.activiti.engine.impl.event.AbstractEventHandler_ESTest,4,0,True
961,Genesis,Activiti-31c8ea16,0,dc96672fc29a4f83b746f721e6b79ef5,org.activiti.engine.impl.event.AbstractEventHandler,org.activiti.engine.impl.event.AbstractEventHandler_ESTest,2,0,True
962,Genesis,Activiti-31c8ea16,0,12178e2bcc65401dacb74b1ccf474ac5,org.activiti.engine.impl.event.AbstractEventHandler,org.activiti.engine.impl.event.AbstractEventHandler_ESTest,3,0,True
963,Genesis,Activiti-31c8ea16,0,3f5761bced9647c0a78172fa0365dca9,org.activiti.engine.impl.event.AbstractEventHandler,org.activiti.engine.impl.event.AbstractEventHandler_ESTest,1,0,False
964,Genesis,Activiti-31c8ea16,0,f8faa93d2e484b28835e85654871e6ca,org.activiti.engine.impl.event.AbstractEventHandler,org.activiti.engine.impl.event.AbstractEventHandler_ESTest,3,0,True
965,Genesis,Activiti-31c8ea16,0,59ad290990584b6e821d35262a603b8b,org.activiti.engine.impl.event.AbstractEventHandler,org.activiti.engine.impl.event.AbstractEventHandler_ESTest,2,0,False
966,Genesis,Activiti-31c8ea16,0,bee2dc167adc4c33b9ad7ae3904632e1,org.activiti.engine.impl.event.AbstractEventHandler,org.activiti.engine.impl.event.AbstractEventHandler_ESTest,1,0,False
967,Genesis,Activiti-31c8ea16,0,fbdf94d0bec54bb6bee31f8ce5fbde91,org.activiti.engine.impl.event.AbstractEventHandler,org.activiti.engine.impl.event.AbstractEventHandler_ESTest,2,0,True
968,Defects4J,Csv-9,0,c5754e5d91524a61a8836cfd403ffe24,org.apache.commons.csv.CSVRecord,org.apache.commons.csv.CSVRecord_ESTest,41,0,False
969,Defects4J,Csv-9,0,de443c7a98004d568c86a98957dbd4d0,org.apache.commons.csv.CSVRecord,org.apache.commons.csv.CSVRecord_ESTest,41,0,False
970,Defects4J,Csv-9,0,792c026990ab48fbbeddc9a7d2acb62d,org.apache.commons.csv.CSVRecord,org.apache.commons.csv.CSVRecord_ESTest,40,0,True
971,Defects4J,Csv-9,0,b0416e762b65445683d2d9819daf8d98,org.apache.commons.csv.CSVRecord,org.apache.commons.csv.CSVRecord_ESTest,41,0,True
972,Defects4J,Csv-9,0,88ce48b6559b4ab69eec66f63c707f42,org.apache.commons.csv.CSVRecord,org.apache.commons.csv.CSVRecord_ESTest,41,0,False
973,Defects4J,Csv-9,0,aa94cf95b8b94c339eac38b1666e639a,org.apache.commons.csv.CSVRecord,org.apache.commons.csv.CSVRecord_ESTest,41,0,True
974,Defects4J,Csv-9,0,7965881657fc4a6cb856ba1de6f573a5,org.apache.commons.csv.CSVRecord,org.apache.commons.csv.CSVRecord_ESTest,42,0,False
975,Defects4J,Csv-9,0,7742174f3697433b8777e54145af5601,org.apache.commons.csv.CSVRecord,org.apache.commons.csv.CSVRecord_ESTest,39,0,True
976,Defects4J,Csv-9,0,e0d61b9c106646c1869efca0b1bd5706,org.apache.commons.csv.CSVRecord,org.apache.commons.csv.CSVRecord_ESTest,42,0,True
977,Defects4J,Csv-9,0,d665c86711fa4bc9ae5814d9925f08f1,org.apache.commons.csv.CSVRecord,org.apache.commons.csv.CSVRecord_ESTest,40,0,True
978,Defects4J,Csv-9,0,c6a91b0a755c4c6382288c71f0f0382d,org.apache.commons.csv.CSVRecord,org.apache.commons.csv.CSVRecord_ESTest,43,0,True
979,Defects4J,Csv-9,0,3fe98d5b8ee84f9681302763b82ab0b9,org.apache.commons.csv.CSVRecord,org.apache.commons.csv.CSVRecord_ESTest,43,0,True
980,Defects4J,Csv-9,0,fd9069657cd44128894bc633e095d0d1,org.apache.commons.csv.CSVRecord,org.apache.commons.csv.CSVRecord_ESTest,40,0,True
981,Defects4J,Csv-9,0,e745d86e3ca2483898334cd6e92c0cb7,org.apache.commons.csv.CSVRecord,org.apache.commons.csv.CSVRecord_ESTest,41,0,False
982,Defects4J,Csv-9,0,33cd7fc99c31472488ce04b2404086df,org.apache.commons.csv.CSVRecord,org.apache.commons.csv.CSVRecord_ESTest,42,0,True
983,Defects4J,Csv-9,0,6afc3ba3318a4d0d821c55e1e9c79832,org.apache.commons.csv.CSVRecord,org.apache.commons.csv.CSVRecord_ESTest,41,0,False
984,Defects4J,Csv-9,0,09a1a92b29e140cab81d852db9157122,org.apache.commons.csv.CSVRecord,org.apache.commons.csv.CSVRecord_ESTest,41,0,False
985,Defects4J,Csv-9,0,f08d607cf7b64d02a534953c2f10265d,org.apache.commons.csv.CSVRecord,org.apache.commons.csv.CSVRecord_ESTest,40,0,True
986,Defects4J,Csv-9,0,364bcf58ce1648718c4544655b136ed3,org.apache.commons.csv.CSVRecord,org.apache.commons.csv.CSVRecord_ESTest,42,0,True
987,Defects4J,Csv-9,0,d712564741ff4d2c9127f93fc1db91a0,org.apache.commons.csv.CSVRecord,org.apache.commons.csv.CSVRecord_ESTest,40,0,False
988,Defects4J,Csv-9,0,f2d7a5f85d6648859c70fbdea90d460f,org.apache.commons.csv.CSVRecord,org.apache.commons.csv.CSVRecord_ESTest,42,0,True
989,Defects4J,Csv-9,0,8ee50bbd3291416ea528bc1587a807cb,org.apache.commons.csv.CSVRecord,org.apache.commons.csv.CSVRecord_ESTest,41,0,False
990,Defects4J,Csv-9,0,cdbdd6709fb542c09b3c9c1140ef1aa4,org.apache.commons.csv.CSVRecord,org.apache.commons.csv.CSVRecord_ESTest,41,0,False
991,Defects4J,Csv-9,0,ec3e7f660d984c1d93880ae8d67b4dfa,org.apache.commons.csv.CSVRecord,org.apache.commons.csv.CSVRecord_ESTest,41,0,True
992,Defects4J,Csv-9,0,b254768f95ba4373b060f7daf3ba68ef,org.apache.commons.csv.CSVRecord,org.apache.commons.csv.CSVRecord_ESTest,41,0,True
993,Defects4J,Csv-9,0,4c364a8069994ea6867522af3e5e7f9c,org.apache.commons.csv.CSVRecord,org.apache.commons.csv.CSVRecord_ESTest,41,0,True
994,Defects4J,Csv-9,0,78f92c59917c46398b6e877414bdac29,org.apache.commons.csv.CSVRecord,org.apache.commons.csv.CSVRecord_ESTest,41,0,True
995,Defects4J,Csv-9,0,a31771a5d58a4333841157abf0b52148,org.apache.commons.csv.CSVRecord,org.apache.commons.csv.CSVRecord_ESTest,41,0,True
996,Defects4J,Csv-9,0,31a777090288427689b94d3f6e9f78e7,org.apache.commons.csv.CSVRecord,org.apache.commons.csv.CSVRecord_ESTest,40,0,False
997,Defects4J,Csv-9,0,8ff058cfe20d4b25a78beb1492427af3,org.apache.commons.csv.CSVRecord,org.apache.commons.csv.CSVRecord_ESTest,41,0,True
998,Defects4J,Math-70,0,ad9e69b0d2e14f9291f5760345475781,org.apache.commons.math.analysis.solvers.BisectionSolver,org.apache.commons.math.analysis.solvers.BisectionSolver_ESTest,18,0,True
999,Defects4J,Math-70,0,5097c641c8b24841ac38fda76790f65b,org.apache.commons.math.analysis.solvers.BisectionSolver,org.apache.commons.math.analysis.solvers.BisectionSolver_ESTest,15,0,True
1000,Defects4J,Math-70,0,d53d5aefdb104161803807713f506b6b,org.apache.commons.math.analysis.solvers.BisectionSolver,org.apache.commons.math.analysis.solvers.BisectionSolver_ESTest,17,0,True
1001,Defects4J,Math-70,0,46d74b3bcecc4257a94cb19e3a062d56,org.apache.commons.math.analysis.solvers.BisectionSolver,org.apache.commons.math.analysis.solvers.BisectionSolver_ESTest,17,0,True
1002,Defects4J,Math-70,0,25183cb608b240b598c13b4c98c900c7,org.apache.commons.math.analysis.solvers.BisectionSolver,org.apache.commons.math.analysis.solvers.BisectionSolver_ESTest,15,0,True
1003,Defects4J,Math-70,0,5e0864b9ffff4d3aae7d2f23a74fb655,org.apache.commons.math.analysis.solvers.BisectionSolver,org.apache.commons.math.analysis.solvers.BisectionSolver_ESTest,18,0,True
1004,Defects4J,Math-70,0,0b26e6b47ec448fbb19fdcdfc0aeb509,org.apache.commons.math.analysis.solvers.BisectionSolver,org.apache.commons.math.analysis.solvers.BisectionSolver_ESTest,18,0,True
1005,Defects4J,Math-70,0,7c5081cd9da4477393545789bd6e985e,org.apache.commons.math.analysis.solvers.BisectionSolver,org.apache.commons.math.analysis.solvers.BisectionSolver_ESTest,14,0,False
1006,Defects4J,Math-70,0,c187aa4dc2f6486db233c224752b8f50,org.apache.commons.math.analysis.solvers.BisectionSolver,org.apache.commons.math.analysis.solvers.BisectionSolver_ESTest,17,0,True
1007,Defects4J,Math-70,0,3cb1922c4725404195bd956d05557ab4,org.apache.commons.math.analysis.solvers.BisectionSolver,org.apache.commons.math.analysis.solvers.BisectionSolver_ESTest,17,0,True
1008,Defects4J,Math-70,0,6257cb4bb09d45d2b295d56d7bf58db2,org.apache.commons.math.analysis.solvers.BisectionSolver,org.apache.commons.math.analysis.solvers.BisectionSolver_ESTest,17,0,True
1009,Defects4J,Math-70,0,b26bd6b215714ca7bcfaa47bff187176,org.apache.commons.math.analysis.solvers.BisectionSolver,org.apache.commons.math.analysis.solvers.BisectionSolver_ESTest,17,0,True
1010,Defects4J,Math-70,0,2ea396437f3042c898a3e0c22c6770c0,org.apache.commons.math.analysis.solvers.BisectionSolver,org.apache.commons.math.analysis.solvers.BisectionSolver_ESTest,16,0,True
1011,Defects4J,Math-70,0,a8ea2dd179bb4623a6628e4612ddb82a,org.apache.commons.math.analysis.solvers.BisectionSolver,org.apache.commons.math.analysis.solvers.BisectionSolver_ESTest,19,0,True
1012,Defects4J,Math-70,0,63d3649e4b2c44e4bb98a11b817617e6,org.apache.commons.math.analysis.solvers.BisectionSolver,org.apache.commons.math.analysis.solvers.BisectionSolver_ESTest,17,0,True
1013,Defects4J,Math-70,0,2468acd228514f35bb8a6f80f368be5c,org.apache.commons.math.analysis.solvers.BisectionSolver,org.apache.commons.math.analysis.solvers.BisectionSolver_ESTest,18,0,True
1014,Defects4J,Math-70,0,0936fdcf0ac4473da8038ce71c002175,org.apache.commons.math.analysis.solvers.BisectionSolver,org.apache.commons.math.analysis.solvers.BisectionSolver_ESTest,17,0,True
1015,Defects4J,Math-70,0,53341927235641609e1855fe15fe2172,org.apache.commons.math.analysis.solvers.BisectionSolver,org.apache.commons.math.analysis.solvers.BisectionSolver_ESTest,18,0,True
1016,Defects4J,Math-70,0,59c748550e324787963698f2de1919bb,org.apache.commons.math.analysis.solvers.BisectionSolver,org.apache.commons.math.analysis.solvers.BisectionSolver_ESTest,18,0,True
1017,Defects4J,Math-70,0,bd287495babc4f24b939403c0c4afa80,org.apache.commons.math.analysis.solvers.BisectionSolver,org.apache.commons.math.analysis.solvers.BisectionSolver_ESTest,14,0,False
1018,Defects4J,Math-70,0,91e85319309345d3b7d19ca7c8362331,org.apache.commons.math.analysis.solvers.BisectionSolver,org.apache.commons.math.analysis.solvers.BisectionSolver_ESTest,18,0,True
1019,Defects4J,Math-70,0,ad023233d854477f9d46f90f34fe940c,org.apache.commons.math.analysis.solvers.BisectionSolver,org.apache.commons.math.analysis.solvers.BisectionSolver_ESTest,16,0,True
1020,Defects4J,Math-70,0,3ecc2f3843ef442abe8ae47fb4542f15,org.apache.commons.math.analysis.solvers.BisectionSolver,org.apache.commons.math.analysis.solvers.BisectionSolver_ESTest,17,0,True
1021,Defects4J,Math-70,0,d05c097fd6fe4a41b3eb8109b90b1bc9,org.apache.commons.math.analysis.solvers.BisectionSolver,org.apache.commons.math.analysis.solvers.BisectionSolver_ESTest,18,0,True
1022,Defects4J,Math-70,0,af3fa0b0a8f847c2b117173eec6eb378,org.apache.commons.math.analysis.solvers.BisectionSolver,org.apache.commons.math.analysis.solvers.BisectionSolver_ESTest,16,0,True
1023,Defects4J,Math-70,0,c02d7e4539c5484fb725d03467706e6c,org.apache.commons.math.analysis.solvers.BisectionSolver,org.apache.commons.math.analysis.solvers.BisectionSolver_ESTest,16,0,True
1024,Defects4J,Math-70,0,00ce158acc224f2884be6b7375e7c44a,org.apache.commons.math.analysis.solvers.BisectionSolver,org.apache.commons.math.analysis.solvers.BisectionSolver_ESTest,15,0,True
1025,Defects4J,Math-70,0,612be17c81fb4a009738a5da08d477fc,org.apache.commons.math.analysis.solvers.BisectionSolver,org.apache.commons.math.analysis.solvers.BisectionSolver_ESTest,19,0,True
1026,Defects4J,Math-70,0,aac0cdd56e53423c9d65dd0ec34f5381,org.apache.commons.math.analysis.solvers.BisectionSolver,org.apache.commons.math.analysis.solvers.BisectionSolver_ESTest,16,0,True
1027,Defects4J,Math-70,0,3f5f9823fdff415892adb24d1be966f2,org.apache.commons.math.analysis.solvers.BisectionSolver,org.apache.commons.math.analysis.solvers.BisectionSolver_ESTest,14,0,True
1028,Defects4J,Math-79,0,174cf83137ae45d2b69cc19ca4ce3c44,org.apache.commons.math.stat.clustering.KMeansPlusPlusClusterer,org.apache.commons.math.stat.clustering.KMeansPlusPlusClusterer_ESTest,5,0,False
1029,Defects4J,Math-79,0,9140a693b73b4a2cae895943f945cab1,org.apache.commons.math.stat.clustering.KMeansPlusPlusClusterer,org.apache.commons.math.stat.clustering.KMeansPlusPlusClusterer_ESTest,9,0,True
1030,Defects4J,Math-79,0,3b948c54e4e64020b421ef938e36ef8c,org.apache.commons.math.stat.clustering.KMeansPlusPlusClusterer,org.apache.commons.math.stat.clustering.KMeansPlusPlusClusterer_ESTest,7,0,True
1031,Defects4J,Math-79,0,e5f7d748f23a4a01b43bb168abfdc17f,org.apache.commons.math.stat.clustering.KMeansPlusPlusClusterer,org.apache.commons.math.stat.clustering.KMeansPlusPlusClusterer_ESTest,9,0,True
1032,Defects4J,Math-79,0,3442d19ae84643149dd6efeddbf5c641,org.apache.commons.math.stat.clustering.KMeansPlusPlusClusterer,org.apache.commons.math.stat.clustering.KMeansPlusPlusClusterer_ESTest,8,0,True
1033,Defects4J,Math-79,0,a06efa92bcc74fb5aeb1683c7a8700c5,org.apache.commons.math.stat.clustering.KMeansPlusPlusClusterer,org.apache.commons.math.stat.clustering.KMeansPlusPlusClusterer_ESTest,8,0,True
1034,Defects4J,Math-79,0,09fc18900fcf4259814d323b45e54c2b,org.apache.commons.math.stat.clustering.KMeansPlusPlusClusterer,org.apache.commons.math.stat.clustering.KMeansPlusPlusClusterer_ESTest,8,0,True
1035,Defects4J,Math-79,0,afa60715d33e4108b57c28b71ea367c5,org.apache.commons.math.stat.clustering.KMeansPlusPlusClusterer,org.apache.commons.math.stat.clustering.KMeansPlusPlusClusterer_ESTest,9,0,True
1036,Defects4J,Math-79,0,ab4ac21cbfba43ec9f7eea5b7a7d0bfa,org.apache.commons.math.stat.clustering.KMeansPlusPlusClusterer,org.apache.commons.math.stat.clustering.KMeansPlusPlusClusterer_ESTest,10,0,True
1037,Defects4J,Math-79,0,7ee99eb7a7ef42c8b0a64c14dac7f27d,org.apache.commons.math.stat.clustering.KMeansPlusPlusClusterer,org.apache.commons.math.stat.clustering.KMeansPlusPlusClusterer_ESTest,8,0,False
1038,Defects4J,Math-79,0,9cf1fd5104f342b7b7bb1cf05fe72b88,org.apache.commons.math.stat.clustering.KMeansPlusPlusClusterer,org.apache.commons.math.stat.clustering.KMeansPlusPlusClusterer_ESTest,9,0,True
1039,Defects4J,Math-79,0,388577ad674f4ca9bd840edbf06df8d3,org.apache.commons.math.stat.clustering.KMeansPlusPlusClusterer,org.apache.commons.math.stat.clustering.KMeansPlusPlusClusterer_ESTest,6,0,True
1040,Defects4J,Math-79,0,54dc4350beb8402bbd42afb9e4862a49,org.apache.commons.math.stat.clustering.KMeansPlusPlusClusterer,org.apache.commons.math.stat.clustering.KMeansPlusPlusClusterer_ESTest,9,0,True
1041,Defects4J,Math-79,0,e9bce71d103844379ada8ebbb7022528,org.apache.commons.math.stat.clustering.KMeansPlusPlusClusterer,org.apache.commons.math.stat.clustering.KMeansPlusPlusClusterer_ESTest,9,0,False
1042,Defects4J,Math-79,0,87de0233e3c34121a1bc1eca6160f5f7,org.apache.commons.math.stat.clustering.KMeansPlusPlusClusterer,org.apache.commons.math.stat.clustering.KMeansPlusPlusClusterer_ESTest,7,0,True
1043,Defects4J,Math-79,0,594c4ff89c48423ba78ed09caf9bd5d5,org.apache.commons.math.stat.clustering.KMeansPlusPlusClusterer,org.apache.commons.math.stat.clustering.KMeansPlusPlusClusterer_ESTest,8,0,False
1044,Defects4J,Math-79,0,29e2db279eb54ff493860d528287b94e,org.apache.commons.math.stat.clustering.KMeansPlusPlusClusterer,org.apache.commons.math.stat.clustering.KMeansPlusPlusClusterer_ESTest,9,0,True
1045,Defects4J,Math-79,0,86fccec94f8f4e1ea8024ef2cf01f6cb,org.apache.commons.math.stat.clustering.KMeansPlusPlusClusterer,org.apache.commons.math.stat.clustering.KMeansPlusPlusClusterer_ESTest,7,0,False
1046,Defects4J,Math-79,0,75ddeaaf63964daaa7bc8b43b0fd4bc4,org.apache.commons.math.stat.clustering.KMeansPlusPlusClusterer,org.apache.commons.math.stat.clustering.KMeansPlusPlusClusterer_ESTest,9,0,True
1047,Defects4J,Math-79,0,e6dfad6aa5fc484785e8413cc6d95f11,org.apache.commons.math.stat.clustering.KMeansPlusPlusClusterer,org.apache.commons.math.stat.clustering.KMeansPlusPlusClusterer_ESTest,9,0,True
1048,Defects4J,Math-79,0,03ebf655848c42f7be82d5cc0be78c93,org.apache.commons.math.stat.clustering.KMeansPlusPlusClusterer,org.apache.commons.math.stat.clustering.KMeansPlusPlusClusterer_ESTest,7,0,True
1049,Defects4J,Math-79,0,cc3ec8396c7f4117a66302e30e47d76a,org.apache.commons.math.stat.clustering.KMeansPlusPlusClusterer,org.apache.commons.math.stat.clustering.KMeansPlusPlusClusterer_ESTest,8,0,True
1050,Defects4J,Math-79,0,e54a7e05b3814adaa2c0f96778be6d42,org.apache.commons.math.stat.clustering.KMeansPlusPlusClusterer,org.apache.commons.math.stat.clustering.KMeansPlusPlusClusterer_ESTest,8,0,False
1051,Defects4J,Math-79,0,aa71ac5930c944a7b2197bf277dabd6a,org.apache.commons.math.stat.clustering.KMeansPlusPlusClusterer,org.apache.commons.math.stat.clustering.KMeansPlusPlusClusterer_ESTest,10,0,True
1052,Defects4J,Math-79,0,f4fb84f669da484ca8faab3cf7d3d1b1,org.apache.commons.math.stat.clustering.KMeansPlusPlusClusterer,org.apache.commons.math.stat.clustering.KMeansPlusPlusClusterer_ESTest,9,0,True
1053,Defects4J,Math-79,0,2c7effcc55774a24b30bf6493897cbdf,org.apache.commons.math.stat.clustering.KMeansPlusPlusClusterer,org.apache.commons.math.stat.clustering.KMeansPlusPlusClusterer_ESTest,9,0,True
1054,Defects4J,Math-79,0,a62ed2fb62b14ffeb4d4579f8d186871,org.apache.commons.math.stat.clustering.KMeansPlusPlusClusterer,org.apache.commons.math.stat.clustering.KMeansPlusPlusClusterer_ESTest,10,0,True
1055,Defects4J,Math-79,0,e0b9e7424d534abdac136ea99d42c2cc,org.apache.commons.math.stat.clustering.KMeansPlusPlusClusterer,org.apache.commons.math.stat.clustering.KMeansPlusPlusClusterer_ESTest,5,0,False
1056,Defects4J,Math-79,0,afc3fd6e5cec49e5a5ef1d2477754ff9,org.apache.commons.math.stat.clustering.KMeansPlusPlusClusterer,org.apache.commons.math.stat.clustering.KMeansPlusPlusClusterer_ESTest,8,0,True
1057,Defects4J,Math-79,0,2c4bbc41d59c4dfa9b5d16b3c467e432,org.apache.commons.math.stat.clustering.KMeansPlusPlusClusterer,org.apache.commons.math.stat.clustering.KMeansPlusPlusClusterer_ESTest,8,0,True
1058,Defects4J,Csv-11,0,5ea2219d356e4010811c87fc9a0e7125,org.apache.commons.csv.CSVParser,org.apache.commons.csv.CSVParser_ESTest,27,0,True
1059,Defects4J,Csv-11,0,4506bb89c3cc45549844bc90106c9f52,org.apache.commons.csv.CSVParser,org.apache.commons.csv.CSVParser_ESTest,26,0,False
1060,Defects4J,Csv-11,0,708cc462a75e4a61838f58b586baad0a,org.apache.commons.csv.CSVParser,org.apache.commons.csv.CSVParser_ESTest,27,0,True
1061,Defects4J,Csv-11,0,4305d5a0bbd64656b4abe142f2bfdde6,org.apache.commons.csv.CSVParser,org.apache.commons.csv.CSVParser_ESTest,24,0,True
1062,Defects4J,Csv-11,0,d2f6e05e6e034250b5ccb113676e380f,org.apache.commons.csv.CSVParser,org.apache.commons.csv.CSVParser_ESTest,23,0,False
1063,Defects4J,Csv-11,0,813a8d86a380447daf9db562aaa66630,org.apache.commons.csv.CSVParser,org.apache.commons.csv.CSVParser_ESTest,22,0,False
1064,Defects4J,Csv-11,0,d09bd0c5a99f4d74846185fdbdeb9984,org.apache.commons.csv.CSVParser,org.apache.commons.csv.CSVParser_ESTest,27,0,True
1065,Defects4J,Csv-11,0,f7488b66c9ac4e1d8b491aaa7177ac7e,org.apache.commons.csv.CSVParser,org.apache.commons.csv.CSVParser_ESTest,26,0,False
1066,Defects4J,Csv-11,0,125e57ff1e1e41a1a545d9b316672561,org.apache.commons.csv.CSVParser,org.apache.commons.csv.CSVParser_ESTest,25,0,True
1067,Defects4J,Csv-11,0,95eede4efa3744289d9d0d33e223a0d8,org.apache.commons.csv.CSVParser,org.apache.commons.csv.CSVParser_ESTest,22,0,False
1068,Defects4J,Csv-11,0,efe1176c83d042f0bc9ecc81e733cbd2,org.apache.commons.csv.CSVParser,org.apache.commons.csv.CSVParser_ESTest,24,0,True
1069,Defects4J,Csv-11,0,813d2591104c441aaee9a3766564e085,org.apache.commons.csv.CSVParser,org.apache.commons.csv.CSVParser_ESTest,24,0,True
1070,Defects4J,Csv-11,0,fdb9ab41703a437aa1e42c0e27b0d9ba,org.apache.commons.csv.CSVParser,org.apache.commons.csv.CSVParser_ESTest,26,0,False
1071,Defects4J,Csv-11,0,39ce8be9bf254e5891b5043b1c8abccb,org.apache.commons.csv.CSVParser,org.apache.commons.csv.CSVParser_ESTest,24,0,True
1072,Defects4J,Csv-11,0,45b779ab3d7f43e9ba0d24be1bd01cdc,org.apache.commons.csv.CSVParser,org.apache.commons.csv.CSVParser_ESTest,25,0,True
1073,Defects4J,Cli-30,0,4e231288bad4412681430e84fee450c8,org.apache.commons.cli.Parser,org.apache.commons.cli.Parser_ESTest,28,0,True
1074,Defects4J,Cli-30,0,4e231288bad4412681430e84fee450c8,org.apache.commons.cli.DefaultParser,org.apache.commons.cli.DefaultParser_ESTest,19,0,False
1075,Defects4J,Cli-30,0,7c1c362796f749cea62891438e10a9cc,org.apache.commons.cli.Parser,org.apache.commons.cli.Parser_ESTest,30,0,True
1076,Defects4J,Cli-30,0,7c1c362796f749cea62891438e10a9cc,org.apache.commons.cli.DefaultParser,org.apache.commons.cli.DefaultParser_ESTest,23,0,False
1077,Defects4J,Cli-30,0,24b9e20edb414e9183afc5a511a0edc7,org.apache.commons.cli.Parser,org.apache.commons.cli.Parser_ESTest,26,0,True
1078,Defects4J,Cli-30,0,24b9e20edb414e9183afc5a511a0edc7,org.apache.commons.cli.DefaultParser,org.apache.commons.cli.DefaultParser_ESTest,19,0,False
1079,Defects4J,Cli-30,0,42a09fede8f143699b6a8bc3c6447965,org.apache.commons.cli.Parser,org.apache.commons.cli.Parser_ESTest,30,0,True
1080,Defects4J,Cli-30,0,42a09fede8f143699b6a8bc3c6447965,org.apache.commons.cli.DefaultParser,org.apache.commons.cli.DefaultParser_ESTest,21,0,False
1081,Defects4J,Cli-30,0,8c4a94e30da9417780c9d52e1de90343,org.apache.commons.cli.Parser,org.apache.commons.cli.Parser_ESTest,24,0,True
1082,Defects4J,Cli-30,0,8c4a94e30da9417780c9d52e1de90343,org.apache.commons.cli.DefaultParser,org.apache.commons.cli.DefaultParser_ESTest,18,0,False
1083,Defects4J,Cli-30,0,4f4e58d11a864bfea6b4c29d5337fc00,org.apache.commons.cli.Parser,org.apache.commons.cli.Parser_ESTest,32,0,True
1084,Defects4J,Cli-30,0,4f4e58d11a864bfea6b4c29d5337fc00,org.apache.commons.cli.DefaultParser,org.apache.commons.cli.DefaultParser_ESTest,21,0,False
1085,Defects4J,Cli-30,0,ddda0db00d234d1a9c8db00769254f84,org.apache.commons.cli.Parser,org.apache.commons.cli.Parser_ESTest,28,0,True
1086,Defects4J,Cli-30,0,ddda0db00d234d1a9c8db00769254f84,org.apache.commons.cli.DefaultParser,org.apache.commons.cli.DefaultParser_ESTest,23,0,False
1087,Defects4J,Cli-30,0,bcf79901883049b993f4488e193e271b,org.apache.commons.cli.Parser,org.apache.commons.cli.Parser_ESTest,26,0,True
1088,Defects4J,Cli-30,0,bcf79901883049b993f4488e193e271b,org.apache.commons.cli.DefaultParser,org.apache.commons.cli.DefaultParser_ESTest,23,0,False
1089,Defects4J,Cli-30,0,0678012fbd9d4b38815b16607cf2feb0,org.apache.commons.cli.Parser,org.apache.commons.cli.Parser_ESTest,29,0,True
1090,Defects4J,Cli-30,0,0678012fbd9d4b38815b16607cf2feb0,org.apache.commons.cli.DefaultParser,org.apache.commons.cli.DefaultParser_ESTest,21,0,False
1091,Defects4J,Cli-30,0,40e98dd55f6c47d196dde1a4065d9952,org.apache.commons.cli.Parser,org.apache.commons.cli.Parser_ESTest,28,0,True
1092,Defects4J,Cli-30,0,40e98dd55f6c47d196dde1a4065d9952,org.apache.commons.cli.DefaultParser,org.apache.commons.cli.DefaultParser_ESTest,22,0,False
1093,Defects4J,Cli-30,0,20f53fa177a3407d9966f962ca1b3b18,org.apache.commons.cli.Parser,org.apache.commons.cli.Parser_ESTest,28,0,True
1094,Defects4J,Cli-30,0,20f53fa177a3407d9966f962ca1b3b18,org.apache.commons.cli.DefaultParser,org.apache.commons.cli.DefaultParser_ESTest,21,0,False
1095,Defects4J,Cli-30,0,b04ca74c38e443249cc50f4c3cf2bcd1,org.apache.commons.cli.Parser,org.apache.commons.cli.Parser_ESTest,28,0,True
1096,Defects4J,Cli-30,0,b04ca74c38e443249cc50f4c3cf2bcd1,org.apache.commons.cli.DefaultParser,org.apache.commons.cli.DefaultParser_ESTest,22,0,False
1097,Defects4J,Cli-30,0,f0812fe45c35436cadc6cdbb9d4f6faa,org.apache.commons.cli.Parser,org.apache.commons.cli.Parser_ESTest,28,0,True
1098,Defects4J,Cli-30,0,f0812fe45c35436cadc6cdbb9d4f6faa,org.apache.commons.cli.DefaultParser,org.apache.commons.cli.DefaultParser_ESTest,20,0,False
1099,Defects4J,Cli-30,0,76e22b7e20364f399ba5261195bb796a,org.apache.commons.cli.Parser,org.apache.commons.cli.Parser_ESTest,28,0,True
1100,Defects4J,Cli-30,0,76e22b7e20364f399ba5261195bb796a,org.apache.commons.cli.DefaultParser,org.apache.commons.cli.DefaultParser_ESTest,24,0,False
1101,Defects4J,Cli-30,0,313398310c4846fca674faa59834f921,org.apache.commons.cli.Parser,org.apache.commons.cli.Parser_ESTest,28,0,True
1102,Defects4J,Cli-30,0,313398310c4846fca674faa59834f921,org.apache.commons.cli.DefaultParser,org.apache.commons.cli.DefaultParser_ESTest,20,0,False
1103,Defects4J,Cli-30,0,9b244d8cc8c649efaafb5960027f0452,org.apache.commons.cli.Parser,org.apache.commons.cli.Parser_ESTest,28,0,True
1104,Defects4J,Cli-30,0,9b244d8cc8c649efaafb5960027f0452,org.apache.commons.cli.DefaultParser,org.apache.commons.cli.DefaultParser_ESTest,22,0,False
1105,Defects4J,Cli-30,0,b667c041969a44b6b69b6bf1a117a7df,org.apache.commons.cli.Parser,org.apache.commons.cli.Parser_ESTest,26,0,True
1106,Defects4J,Cli-30,0,b667c041969a44b6b69b6bf1a117a7df,org.apache.commons.cli.DefaultParser,org.apache.commons.cli.DefaultParser_ESTest,21,0,False
1107,Defects4J,Cli-30,0,e2fcfbd5668c457696d6735a400167f5,org.apache.commons.cli.Parser,org.apache.commons.cli.Parser_ESTest,26,0,True
1108,Defects4J,Cli-30,0,e2fcfbd5668c457696d6735a400167f5,org.apache.commons.cli.DefaultParser,org.apache.commons.cli.DefaultParser_ESTest,20,0,False
1109,Defects4J,Cli-30,0,313500a352d24c058a231b57b90dbe2f,org.apache.commons.cli.Parser,org.apache.commons.cli.Parser_ESTest,28,0,True
1110,Defects4J,Cli-30,0,313500a352d24c058a231b57b90dbe2f,org.apache.commons.cli.DefaultParser,org.apache.commons.cli.DefaultParser_ESTest,23,0,False
1111,Defects4J,Cli-30,0,11c9525201844f5f82fb7fd459d3d5e8,org.apache.commons.cli.Parser,org.apache.commons.cli.Parser_ESTest,30,0,True
1112,Defects4J,Cli-30,0,11c9525201844f5f82fb7fd459d3d5e8,org.apache.commons.cli.DefaultParser,org.apache.commons.cli.DefaultParser_ESTest,20,0,False
1113,Defects4J,Cli-30,0,2d8147d4a9424096871aedfb527287f1,org.apache.commons.cli.Parser,org.apache.commons.cli.Parser_ESTest,22,0,True
1114,Defects4J,Cli-30,0,2d8147d4a9424096871aedfb527287f1,org.apache.commons.cli.DefaultParser,org.apache.commons.cli.DefaultParser_ESTest,20,0,False
1115,Defects4J,Cli-30,0,2d1b829eac294f23a7e53bb12a920b04,org.apache.commons.cli.Parser,org.apache.commons.cli.Parser_ESTest,27,0,True
1116,Defects4J,Cli-30,0,2d1b829eac294f23a7e53bb12a920b04,org.apache.commons.cli.DefaultParser,org.apache.commons.cli.DefaultParser_ESTest,20,0,False
1117,Defects4J,Cli-30,0,ce57265a40d244f6bf462f83699f810a,org.apache.commons.cli.Parser,org.apache.commons.cli.Parser_ESTest,30,0,True
1118,Defects4J,Cli-30,0,ce57265a40d244f6bf462f83699f810a,org.apache.commons.cli.DefaultParser,org.apache.commons.cli.DefaultParser_ESTest,20,0,False
1119,Defects4J,Cli-30,0,249c96174193441fbf1a7c1a8362ad35,org.apache.commons.cli.Parser,org.apache.commons.cli.Parser_ESTest,30,0,True
1120,Defects4J,Cli-30,0,249c96174193441fbf1a7c1a8362ad35,org.apache.commons.cli.DefaultParser,org.apache.commons.cli.DefaultParser_ESTest,19,0,False
1121,Defects4J,Cli-30,0,71e1f9ef682d4b07bbc3c9194941972e,org.apache.commons.cli.Parser,org.apache.commons.cli.Parser_ESTest,29,0,True
1122,Defects4J,Cli-30,0,71e1f9ef682d4b07bbc3c9194941972e,org.apache.commons.cli.DefaultParser,org.apache.commons.cli.DefaultParser_ESTest,24,0,False
1123,Defects4J,Cli-30,0,eb638264206c4f1bb091e841c92a833c,org.apache.commons.cli.Parser,org.apache.commons.cli.Parser_ESTest,28,0,True
1124,Defects4J,Cli-30,0,eb638264206c4f1bb091e841c92a833c,org.apache.commons.cli.DefaultParser,org.apache.commons.cli.DefaultParser_ESTest,20,0,False
1125,Defects4J,Cli-30,0,a41137b0aef449aa80c1a8b0b6b4e984,org.apache.commons.cli.Parser,org.apache.commons.cli.Parser_ESTest,31,0,True
1126,Defects4J,Cli-30,0,a41137b0aef449aa80c1a8b0b6b4e984,org.apache.commons.cli.DefaultParser,org.apache.commons.cli.DefaultParser_ESTest,21,0,False
1127,Defects4J,Cli-30,0,6b09ba4997de479caa8226653c893382,org.apache.commons.cli.Parser,org.apache.commons.cli.Parser_ESTest,28,0,True
1128,Defects4J,Cli-30,0,6b09ba4997de479caa8226653c893382,org.apache.commons.cli.DefaultParser,org.apache.commons.cli.DefaultParser_ESTest,21,0,False
1129,Defects4J,Cli-30,0,ef5ef7c71c054ccdb5b5b6ce5cb1a2ba,org.apache.commons.cli.Parser,org.apache.commons.cli.Parser_ESTest,33,0,True
1130,Defects4J,Cli-30,0,ef5ef7c71c054ccdb5b5b6ce5cb1a2ba,org.apache.commons.cli.DefaultParser,org.apache.commons.cli.DefaultParser_ESTest,20,0,False
1131,Defects4J,Cli-30,0,33ed3c00872b41f49ab4bbd485440986,org.apache.commons.cli.Parser,org.apache.commons.cli.Parser_ESTest,26,0,True
1132,Defects4J,Cli-30,0,33ed3c00872b41f49ab4bbd485440986,org.apache.commons.cli.DefaultParser,org.apache.commons.cli.DefaultParser_ESTest,22,0,False
1133,Defects4J,Cli-30,1,4e231288bad4412681430e84fee450c8,org.apache.commons.cli.Parser,org.apache.commons.cli.Parser_ESTest,28,0,False
1134,Defects4J,Cli-30,1,4e231288bad4412681430e84fee450c8,org.apache.commons.cli.DefaultParser,org.apache.commons.cli.DefaultParser_ESTest,19,0,True
1135,Defects4J,Cli-30,1,7c1c362796f749cea62891438e10a9cc,org.apache.commons.cli.Parser,org.apache.commons.cli.Parser_ESTest,30,0,False
1136,Defects4J,Cli-30,1,7c1c362796f749cea62891438e10a9cc,org.apache.commons.cli.DefaultParser,org.apache.commons.cli.DefaultParser_ESTest,23,0,True
1137,Defects4J,Cli-30,1,24b9e20edb414e9183afc5a511a0edc7,org.apache.commons.cli.Parser,org.apache.commons.cli.Parser_ESTest,26,0,False
1138,Defects4J,Cli-30,1,24b9e20edb414e9183afc5a511a0edc7,org.apache.commons.cli.DefaultParser,org.apache.commons.cli.DefaultParser_ESTest,19,0,True
1139,Defects4J,Cli-30,1,42a09fede8f143699b6a8bc3c6447965,org.apache.commons.cli.Parser,org.apache.commons.cli.Parser_ESTest,30,0,False
1140,Defects4J,Cli-30,1,42a09fede8f143699b6a8bc3c6447965,org.apache.commons.cli.DefaultParser,org.apache.commons.cli.DefaultParser_ESTest,21,0,True
1141,Defects4J,Cli-30,1,8c4a94e30da9417780c9d52e1de90343,org.apache.commons.cli.Parser,org.apache.commons.cli.Parser_ESTest,24,0,False
1142,Defects4J,Cli-30,1,8c4a94e30da9417780c9d52e1de90343,org.apache.commons.cli.DefaultParser,org.apache.commons.cli.DefaultParser_ESTest,18,0,True
1143,Defects4J,Cli-30,1,4f4e58d11a864bfea6b4c29d5337fc00,org.apache.commons.cli.Parser,org.apache.commons.cli.Parser_ESTest,32,0,False
1144,Defects4J,Cli-30,1,4f4e58d11a864bfea6b4c29d5337fc00,org.apache.commons.cli.DefaultParser,org.apache.commons.cli.DefaultParser_ESTest,21,0,True
1145,Defects4J,Cli-30,1,ddda0db00d234d1a9c8db00769254f84,org.apache.commons.cli.Parser,org.apache.commons.cli.Parser_ESTest,28,0,False
1146,Defects4J,Cli-30,1,ddda0db00d234d1a9c8db00769254f84,org.apache.commons.cli.DefaultParser,org.apache.commons.cli.DefaultParser_ESTest,23,0,True
1147,Defects4J,Cli-30,1,bcf79901883049b993f4488e193e271b,org.apache.commons.cli.Parser,org.apache.commons.cli.Parser_ESTest,26,0,False
1148,Defects4J,Cli-30,1,bcf79901883049b993f4488e193e271b,org.apache.commons.cli.DefaultParser,org.apache.commons.cli.DefaultParser_ESTest,23,0,True
1149,Defects4J,Cli-30,1,0678012fbd9d4b38815b16607cf2feb0,org.apache.commons.cli.Parser,org.apache.commons.cli.Parser_ESTest,29,0,False
1150,Defects4J,Cli-30,1,0678012fbd9d4b38815b16607cf2feb0,org.apache.commons.cli.DefaultParser,org.apache.commons.cli.DefaultParser_ESTest,21,0,True
1151,Defects4J,Cli-30,1,40e98dd55f6c47d196dde1a4065d9952,org.apache.commons.cli.Parser,org.apache.commons.cli.Parser_ESTest,28,0,False
1152,Defects4J,Cli-30,1,40e98dd55f6c47d196dde1a4065d9952,org.apache.commons.cli.DefaultParser,org.apache.commons.cli.DefaultParser_ESTest,22,0,True
1153,Defects4J,Cli-30,1,20f53fa177a3407d9966f962ca1b3b18,org.apache.commons.cli.Parser,org.apache.commons.cli.Parser_ESTest,28,0,False
1154,Defects4J,Cli-30,1,20f53fa177a3407d9966f962ca1b3b18,org.apache.commons.cli.DefaultParser,org.apache.commons.cli.DefaultParser_ESTest,21,0,True
1155,Defects4J,Cli-30,1,b04ca74c38e443249cc50f4c3cf2bcd1,org.apache.commons.cli.Parser,org.apache.commons.cli.Parser_ESTest,28,0,False
1156,Defects4J,Cli-30,1,b04ca74c38e443249cc50f4c3cf2bcd1,org.apache.commons.cli.DefaultParser,org.apache.commons.cli.DefaultParser_ESTest,22,0,True
1157,Defects4J,Cli-30,1,f0812fe45c35436cadc6cdbb9d4f6faa,org.apache.commons.cli.Parser,org.apache.commons.cli.Parser_ESTest,28,0,False
1158,Defects4J,Cli-30,1,f0812fe45c35436cadc6cdbb9d4f6faa,org.apache.commons.cli.DefaultParser,org.apache.commons.cli.DefaultParser_ESTest,20,0,True
1159,Defects4J,Cli-30,1,76e22b7e20364f399ba5261195bb796a,org.apache.commons.cli.Parser,org.apache.commons.cli.Parser_ESTest,28,0,False
1160,Defects4J,Cli-30,1,76e22b7e20364f399ba5261195bb796a,org.apache.commons.cli.DefaultParser,org.apache.commons.cli.DefaultParser_ESTest,24,0,True
1161,Defects4J,Cli-30,1,313398310c4846fca674faa59834f921,org.apache.commons.cli.Parser,org.apache.commons.cli.Parser_ESTest,28,0,False
1162,Defects4J,Cli-30,1,313398310c4846fca674faa59834f921,org.apache.commons.cli.DefaultParser,org.apache.commons.cli.DefaultParser_ESTest,20,0,True
1163,Defects4J,Cli-30,1,9b244d8cc8c649efaafb5960027f0452,org.apache.commons.cli.Parser,org.apache.commons.cli.Parser_ESTest,28,0,False
1164,Defects4J,Cli-30,1,9b244d8cc8c649efaafb5960027f0452,org.apache.commons.cli.DefaultParser,org.apache.commons.cli.DefaultParser_ESTest,22,0,True
1165,Defects4J,Cli-30,1,b667c041969a44b6b69b6bf1a117a7df,org.apache.commons.cli.Parser,org.apache.commons.cli.Parser_ESTest,26,0,False
1166,Defects4J,Cli-30,1,b667c041969a44b6b69b6bf1a117a7df,org.apache.commons.cli.DefaultParser,org.apache.commons.cli.DefaultParser_ESTest,21,0,True
1167,Defects4J,Cli-30,1,e2fcfbd5668c457696d6735a400167f5,org.apache.commons.cli.Parser,org.apache.commons.cli.Parser_ESTest,26,0,False
1168,Defects4J,Cli-30,1,e2fcfbd5668c457696d6735a400167f5,org.apache.commons.cli.DefaultParser,org.apache.commons.cli.DefaultParser_ESTest,20,0,True
1169,Defects4J,Cli-30,1,313500a352d24c058a231b57b90dbe2f,org.apache.commons.cli.Parser,org.apache.commons.cli.Parser_ESTest,28,0,False
1170,Defects4J,Cli-30,1,313500a352d24c058a231b57b90dbe2f,org.apache.commons.cli.DefaultParser,org.apache.commons.cli.DefaultParser_ESTest,23,0,True
1171,Defects4J,Cli-30,1,11c9525201844f5f82fb7fd459d3d5e8,org.apache.commons.cli.Parser,org.apache.commons.cli.Parser_ESTest,30,0,False
1172,Defects4J,Cli-30,1,11c9525201844f5f82fb7fd459d3d5e8,org.apache.commons.cli.DefaultParser,org.apache.commons.cli.DefaultParser_ESTest,20,0,True
1173,Defects4J,Cli-30,1,2d8147d4a9424096871aedfb527287f1,org.apache.commons.cli.Parser,org.apache.commons.cli.Parser_ESTest,22,0,False
1174,Defects4J,Cli-30,1,2d8147d4a9424096871aedfb527287f1,org.apache.commons.cli.DefaultParser,org.apache.commons.cli.DefaultParser_ESTest,20,0,True
1175,Defects4J,Cli-30,1,2d1b829eac294f23a7e53bb12a920b04,org.apache.commons.cli.Parser,org.apache.commons.cli.Parser_ESTest,27,0,False
1176,Defects4J,Cli-30,1,2d1b829eac294f23a7e53bb12a920b04,org.apache.commons.cli.DefaultParser,org.apache.commons.cli.DefaultParser_ESTest,20,0,True
1177,Defects4J,Cli-30,1,ce57265a40d244f6bf462f83699f810a,org.apache.commons.cli.Parser,org.apache.commons.cli.Parser_ESTest,30,0,False
1178,Defects4J,Cli-30,1,ce57265a40d244f6bf462f83699f810a,org.apache.commons.cli.DefaultParser,org.apache.commons.cli.DefaultParser_ESTest,20,0,True
1179,Defects4J,Cli-30,1,249c96174193441fbf1a7c1a8362ad35,org.apache.commons.cli.Parser,org.apache.commons.cli.Parser_ESTest,30,0,False
1180,Defects4J,Cli-30,1,249c96174193441fbf1a7c1a8362ad35,org.apache.commons.cli.DefaultParser,org.apache.commons.cli.DefaultParser_ESTest,19,0,True
1181,Defects4J,Cli-30,1,71e1f9ef682d4b07bbc3c9194941972e,org.apache.commons.cli.Parser,org.apache.commons.cli.Parser_ESTest,29,0,False
1182,Defects4J,Cli-30,1,71e1f9ef682d4b07bbc3c9194941972e,org.apache.commons.cli.DefaultParser,org.apache.commons.cli.DefaultParser_ESTest,24,0,True
1183,Defects4J,Cli-30,1,eb638264206c4f1bb091e841c92a833c,org.apache.commons.cli.Parser,org.apache.commons.cli.Parser_ESTest,28,0,False
1184,Defects4J,Cli-30,1,eb638264206c4f1bb091e841c92a833c,org.apache.commons.cli.DefaultParser,org.apache.commons.cli.DefaultParser_ESTest,20,0,True
1185,Defects4J,Cli-30,1,a41137b0aef449aa80c1a8b0b6b4e984,org.apache.commons.cli.Parser,org.apache.commons.cli.Parser_ESTest,31,0,False
1186,Defects4J,Cli-30,1,a41137b0aef449aa80c1a8b0b6b4e984,org.apache.commons.cli.DefaultParser,org.apache.commons.cli.DefaultParser_ESTest,21,0,True
1187,Defects4J,Cli-30,1,6b09ba4997de479caa8226653c893382,org.apache.commons.cli.Parser,org.apache.commons.cli.Parser_ESTest,28,0,False
1188,Defects4J,Cli-30,1,6b09ba4997de479caa8226653c893382,org.apache.commons.cli.DefaultParser,org.apache.commons.cli.DefaultParser_ESTest,21,0,True
1189,Defects4J,Cli-30,1,ef5ef7c71c054ccdb5b5b6ce5cb1a2ba,org.apache.commons.cli.Parser,org.apache.commons.cli.Parser_ESTest,33,0,False
1190,Defects4J,Cli-30,1,ef5ef7c71c054ccdb5b5b6ce5cb1a2ba,org.apache.commons.cli.DefaultParser,org.apache.commons.cli.DefaultParser_ESTest,20,0,True
1191,Defects4J,Cli-30,1,33ed3c00872b41f49ab4bbd485440986,org.apache.commons.cli.Parser,org.apache.commons.cli.Parser_ESTest,26,0,False
1192,Defects4J,Cli-30,1,33ed3c00872b41f49ab4bbd485440986,org.apache.commons.cli.DefaultParser,org.apache.commons.cli.DefaultParser_ESTest,22,0,True
1193,NPEX,PDFBox-55586aad,0,86640238f6b24be080b3d318524d65df,org.apache.pdfbox.pdmodel.interactive.action.PDActionURI,org.apache.pdfbox.pdmodel.interactive.action.PDActionURI_ESTest,5,0,True
1194,NPEX,PDFBox-55586aad,0,20c9d262155e4bbaa6de3c5e82431430,org.apache.pdfbox.pdmodel.interactive.action.PDActionURI,org.apache.pdfbox.pdmodel.interactive.action.PDActionURI_ESTest,6,0,True
1195,NPEX,PDFBox-55586aad,0,44f81d1e002c48a685b72cc774c9373d,org.apache.pdfbox.pdmodel.interactive.action.PDActionURI,org.apache.pdfbox.pdmodel.interactive.action.PDActionURI_ESTest,5,0,True
1196,NPEX,PDFBox-55586aad,0,eb86a427a4e441db8ea72e4ed35db88f,org.apache.pdfbox.pdmodel.interactive.action.PDActionURI,org.apache.pdfbox.pdmodel.interactive.action.PDActionURI_ESTest,6,0,True
1197,NPEX,PDFBox-55586aad,0,c0f2e65b92ba4c56a15ddc243b44fbc1,org.apache.pdfbox.pdmodel.interactive.action.PDActionURI,org.apache.pdfbox.pdmodel.interactive.action.PDActionURI_ESTest,6,0,True
1198,NPEX,Log4j_2-6a233016,0,02d0f62c7cc4422ca39c6724253a8602,org.apache.logging.log4j.core.async.RingBufferLogEvent,org.apache.logging.log4j.core.async.RingBufferLogEvent_ESTest,61,0,True
1199,NPEX,Log4j_2-6a233016,0,05c55ed220b54bfe8e0328888450488c,org.apache.logging.log4j.core.async.RingBufferLogEvent,org.apache.logging.log4j.core.async.RingBufferLogEvent_ESTest,67,0,True
1200,NPEX,Log4j_2-6a233016,0,d53442eab85240458062eacac19ffb31,org.apache.logging.log4j.core.async.RingBufferLogEvent,org.apache.logging.log4j.core.async.RingBufferLogEvent_ESTest,67,0,True
1201,NPEX,Log4j_2-6a233016,0,2a8df79698e44cb980bf3b7f94f3f318,org.apache.logging.log4j.core.async.RingBufferLogEvent,org.apache.logging.log4j.core.async.RingBufferLogEvent_ESTest,67,0,True
1202,NPEX,Log4j_2-6a233016,0,f76c635bcca343fa9a6555ef31406c9e,org.apache.logging.log4j.core.async.RingBufferLogEvent,org.apache.logging.log4j.core.async.RingBufferLogEvent_ESTest,65,0,True
1203,NPEX,Log4j_2-6a233016,0,c431e80b930742cd95316f8e452299ba,org.apache.logging.log4j.core.async.RingBufferLogEvent,org.apache.logging.log4j.core.async.RingBufferLogEvent_ESTest,67,0,True
1204,NPEX,Log4j_2-6a233016,0,5af4cb8a17d248f0beb5819f68e61701,org.apache.logging.log4j.core.async.RingBufferLogEvent,org.apache.logging.log4j.core.async.RingBufferLogEvent_ESTest,61,0,True
1205,NPEX,Log4j_2-6a233016,0,fa6db3c299424669907dcf2ee0e81303,org.apache.logging.log4j.core.async.RingBufferLogEvent,org.apache.logging.log4j.core.async.RingBufferLogEvent_ESTest,68,0,True
1206,NPEX,Log4j_2-6a233016,0,92d0d54186f146219d0fe69d7234d9f7,org.apache.logging.log4j.core.async.RingBufferLogEvent,org.apache.logging.log4j.core.async.RingBufferLogEvent_ESTest,67,0,True
1207,NPEX,Log4j_2-6a233016,0,92d0d54186f146219d0fe69d7234d9f7,org.apache.logging.log4j.core.async.RingBufferLogEvent,org.apache.logging.log4j.core.async.RingBufferLogEvent_ESTest$1,67,0,True
1208,NPEX,Log4j_2-6a233016,0,3a186bcc5fa1487e8b2fae4291ddfaa0,org.apache.logging.log4j.core.async.RingBufferLogEvent,org.apache.logging.log4j.core.async.RingBufferLogEvent_ESTest,73,0,True
1209,NPEX,Log4j_2-6a233016,0,b7840cde877c4d6fa4c67e724ea29ed1,org.apache.logging.log4j.core.async.RingBufferLogEvent,org.apache.logging.log4j.core.async.RingBufferLogEvent_ESTest,71,0,True
1210,NPEX,Log4j_2-6a233016,0,f0be209be644493896daf2806e2dc317,org.apache.logging.log4j.core.async.RingBufferLogEvent,org.apache.logging.log4j.core.async.RingBufferLogEvent_ESTest,71,0,True
1211,NPEX,Log4j_2-6a233016,0,559d8a36295b4d19829a126db322115c,org.apache.logging.log4j.core.async.RingBufferLogEvent,org.apache.logging.log4j.core.async.RingBufferLogEvent_ESTest,65,0,True
1212,NPEX,Log4j_2-6a233016,0,9d0019cdbe3e44f5a4e1ba14a4ba5ae6,org.apache.logging.log4j.core.async.RingBufferLogEvent,org.apache.logging.log4j.core.async.RingBufferLogEvent_ESTest,64,0,True
1213,NPEX,Log4j_2-6a233016,0,9d48b933b892463ca1f434f696a185fa,org.apache.logging.log4j.core.async.RingBufferLogEvent,org.apache.logging.log4j.core.async.RingBufferLogEvent_ESTest,73,0,True
1214,NPEX,Log4j_2-6a233016,0,a91dc1059b744b228c1ab82c58ada505,org.apache.logging.log4j.core.async.RingBufferLogEvent,org.apache.logging.log4j.core.async.RingBufferLogEvent_ESTest,71,0,True
1215,NPEX,Log4j_2-6a233016,0,46598b8cf54a48aca08e80b41570b683,org.apache.logging.log4j.core.async.RingBufferLogEvent,org.apache.logging.log4j.core.async.RingBufferLogEvent_ESTest,62,0,True
1216,NPEX,Log4j_2-6a233016,0,b33421e4b8884460b81a5b7df8171b27,org.apache.logging.log4j.core.async.RingBufferLogEvent,org.apache.logging.log4j.core.async.RingBufferLogEvent_ESTest,70,0,True
1217,NPEX,Log4j_2-6a233016,0,579be8c5478f43d3b3a31e6bdb6ee019,org.apache.logging.log4j.core.async.RingBufferLogEvent,org.apache.logging.log4j.core.async.RingBufferLogEvent_ESTest,67,0,True
1218,NPEX,Log4j_2-6a233016,0,0406e79c56554ebfbdc591f9e06a9e84,org.apache.logging.log4j.core.async.RingBufferLogEvent,org.apache.logging.log4j.core.async.RingBufferLogEvent_ESTest,73,0,True
1219,NPEX,Log4j_2-6a233016,0,fd49847f1a0b40d691ecf0f991a72654,org.apache.logging.log4j.core.async.RingBufferLogEvent,org.apache.logging.log4j.core.async.RingBufferLogEvent_ESTest,73,0,True
1220,NPEX,Log4j_2-6a233016,0,487ac869a86a48758232c6a0259338b2,org.apache.logging.log4j.core.async.RingBufferLogEvent,org.apache.logging.log4j.core.async.RingBufferLogEvent_ESTest,64,0,True
1221,NPEX,Log4j_2-6a233016,0,2bae42d822fa4cbda8d8fc39c668f5d5,org.apache.logging.log4j.core.async.RingBufferLogEvent,org.apache.logging.log4j.core.async.RingBufferLogEvent_ESTest,67,0,True
1222,NPEX,Log4j_2-6a233016,0,ffd2a61773db480ea3d7aad8c6b19cc8,org.apache.logging.log4j.core.async.RingBufferLogEvent,org.apache.logging.log4j.core.async.RingBufferLogEvent_ESTest,73,0,True
1223,NPEX,Log4j_2-6a233016,0,7b72fae03f014f0c91a9eaf2c6e1602b,org.apache.logging.log4j.core.async.RingBufferLogEvent,org.apache.logging.log4j.core.async.RingBufferLogEvent_ESTest,69,0,True
1224,NPEX,Log4j_2-6a233016,0,08e50671e6094d0bbe34a81275ebf72a,org.apache.logging.log4j.core.async.RingBufferLogEvent,org.apache.logging.log4j.core.async.RingBufferLogEvent_ESTest,64,0,True
1225,NPEX,Log4j_2-6a233016,0,84dc065216024f629dc0d0b37ae4cf5a,org.apache.logging.log4j.core.async.RingBufferLogEvent,org.apache.logging.log4j.core.async.RingBufferLogEvent_ESTest,69,0,True
1226,NPEX,Log4j_2-6a233016,0,96c61b47325945a8b905eebc61b2a8a5,org.apache.logging.log4j.core.async.RingBufferLogEvent,org.apache.logging.log4j.core.async.RingBufferLogEvent_ESTest,66,0,True
1227,NPEX,Log4j_2-6a233016,0,3f9af4e67108498a97ca27ea10b5caa5,org.apache.logging.log4j.core.async.RingBufferLogEvent,org.apache.logging.log4j.core.async.RingBufferLogEvent_ESTest,69,0,True
1228,NPEX,Aries_JPA-97cb979d,0,391668d9f13d43db9f578dd1b39f0a70,org.apache.aries.jpa.blueprint.impl.AnnotationScanner,org.apache.aries.jpa.blueprint.impl.AnnotationScanner_ESTest,4,0,False
1229,NPEX,Aries_JPA-97cb979d,0,3f8e43868e8a462c8c26878860edf614,org.apache.aries.jpa.blueprint.impl.AnnotationScanner,org.apache.aries.jpa.blueprint.impl.AnnotationScanner_ESTest,4,0,False
1230,NPEX,Aries_JPA-97cb979d,0,8c5f29f1a20143769b1f119bfa2778ad,org.apache.aries.jpa.blueprint.impl.AnnotationScanner,org.apache.aries.jpa.blueprint.impl.AnnotationScanner_ESTest,3,0,False
1231,NPEX,Aries_JPA-97cb979d,0,02cd75f823814b3e9ec04cf32ae874ff,org.apache.aries.jpa.blueprint.impl.AnnotationScanner,org.apache.aries.jpa.blueprint.impl.AnnotationScanner_ESTest,3,0,False
1232,NPEX,Aries_JPA-97cb979d,0,db0f507d00c34015b3da71e89cf4fcfb,org.apache.aries.jpa.blueprint.impl.AnnotationScanner,org.apache.aries.jpa.blueprint.impl.AnnotationScanner_ESTest,4,0,False
1233,NPEX,Aries_JPA-97cb979d,0,a6e26a38107b4e52b9a68ed2be98dadb,org.apache.aries.jpa.blueprint.impl.AnnotationScanner,org.apache.aries.jpa.blueprint.impl.AnnotationScanner_ESTest,3,0,False
1234,NPEX,Aries_JPA-97cb979d,0,f1eb90aecb2d4b71937819b74c6af5a5,org.apache.aries.jpa.blueprint.impl.AnnotationScanner,org.apache.aries.jpa.blueprint.impl.AnnotationScanner_ESTest,3,0,False
1235,NPEX,Aries_JPA-97cb979d,0,96d851d604d44176bb64ce706ae2231f,org.apache.aries.jpa.blueprint.impl.AnnotationScanner,org.apache.aries.jpa.blueprint.impl.AnnotationScanner_ESTest,3,0,False
1236,NPEX,Aries_JPA-97cb979d,0,0325a3ee738b4c9f85f8ef5789c1f497,org.apache.aries.jpa.blueprint.impl.AnnotationScanner,org.apache.aries.jpa.blueprint.impl.AnnotationScanner_ESTest,3,0,False
1237,NPEX,Aries_JPA-97cb979d,0,6633989baca944a0a3e531112703362c,org.apache.aries.jpa.blueprint.impl.AnnotationScanner,org.apache.aries.jpa.blueprint.impl.AnnotationScanner_ESTest,3,0,False
1238,NPEX,Aries_JPA-97cb979d,0,ba174e7f8df7487987438a9db052e542,org.apache.aries.jpa.blueprint.impl.AnnotationScanner,org.apache.aries.jpa.blueprint.impl.AnnotationScanner_ESTest,4,0,False
1239,NPEX,Aries_JPA-97cb979d,0,5e88ac72161a4dc88045d32b67467d39,org.apache.aries.jpa.blueprint.impl.AnnotationScanner,org.apache.aries.jpa.blueprint.impl.AnnotationScanner_ESTest,3,0,False
1240,NPEX,Aries_JPA-97cb979d,0,eec438af485e4036ad2606db27a13152,org.apache.aries.jpa.blueprint.impl.AnnotationScanner,org.apache.aries.jpa.blueprint.impl.AnnotationScanner_ESTest,4,0,False
1241,NPEX,Aries_JPA-97cb979d,0,ac054b08b5c44a3daf5b07d19e15faf1,org.apache.aries.jpa.blueprint.impl.AnnotationScanner,org.apache.aries.jpa.blueprint.impl.AnnotationScanner_ESTest,3,0,False
1242,NPEX,Aries_JPA-97cb979d,0,ee632769e7934568b41ffbd23a133ac8,org.apache.aries.jpa.blueprint.impl.AnnotationScanner,org.apache.aries.jpa.blueprint.impl.AnnotationScanner_ESTest,4,0,False
1243,NPEX,Aries_JPA-97cb979d,0,abf95b2569e5463a94faf3d99b63feaf,org.apache.aries.jpa.blueprint.impl.AnnotationScanner,org.apache.aries.jpa.blueprint.impl.AnnotationScanner_ESTest,3,0,False
1244,NPEX,Aries_JPA-97cb979d,0,6df83cf955b740fc8a70651052805ef0,org.apache.aries.jpa.blueprint.impl.AnnotationScanner,org.apache.aries.jpa.blueprint.impl.AnnotationScanner_ESTest,3,0,False
1245,NPEX,Aries_JPA-97cb979d,0,355eeb074aaa43dcb62a83a150abcf1a,org.apache.aries.jpa.blueprint.impl.AnnotationScanner,org.apache.aries.jpa.blueprint.impl.AnnotationScanner_ESTest,3,0,False
1246,NPEX,Aries_JPA-97cb979d,0,03f9a250611844e4be1e30e8a992ce86,org.apache.aries.jpa.blueprint.impl.AnnotationScanner,org.apache.aries.jpa.blueprint.impl.AnnotationScanner_ESTest,4,0,False
1247,NPEX,Aries_JPA-97cb979d,0,3b42281e94eb437ea0aa2a189ee141d8,org.apache.aries.jpa.blueprint.impl.AnnotationScanner,org.apache.aries.jpa.blueprint.impl.AnnotationScanner_ESTest,3,0,False
1248,NPEX,Aries_JPA-97cb979d,0,ecb378c264104f7cab08abee71022570,org.apache.aries.jpa.blueprint.impl.AnnotationScanner,org.apache.aries.jpa.blueprint.impl.AnnotationScanner_ESTest,3,0,False
1249,NPEX,Aries_JPA-97cb979d,0,43d6761adbca4c74bb42edea61fe4bb1,org.apache.aries.jpa.blueprint.impl.AnnotationScanner,org.apache.aries.jpa.blueprint.impl.AnnotationScanner_ESTest,3,0,False
1250,NPEX,Aries_JPA-97cb979d,0,fc0069302dd34c1e86beec640e9eaf88,org.apache.aries.jpa.blueprint.impl.AnnotationScanner,org.apache.aries.jpa.blueprint.impl.AnnotationScanner_ESTest,4,0,False
1251,NPEX,Aries_JPA-97cb979d,0,8038d99ed426453cb5377fdc8713520b,org.apache.aries.jpa.blueprint.impl.AnnotationScanner,org.apache.aries.jpa.blueprint.impl.AnnotationScanner_ESTest,3,0,False
1252,NPEX,Aries_JPA-97cb979d,0,2cf15d6d240e4e66bf8ad94e428a619d,org.apache.aries.jpa.blueprint.impl.AnnotationScanner,org.apache.aries.jpa.blueprint.impl.AnnotationScanner_ESTest,3,0,False
1253,NPEX,Aries_JPA-97cb979d,0,46ef5b7e393843558e3c3b4cb986f7fc,org.apache.aries.jpa.blueprint.impl.AnnotationScanner,org.apache.aries.jpa.blueprint.impl.AnnotationScanner_ESTest,4,0,False
1254,NPEX,Aries_JPA-97cb979d,0,f9bd5e2b76a3443f8d8f88494e501319,org.apache.aries.jpa.blueprint.impl.AnnotationScanner,org.apache.aries.jpa.blueprint.impl.AnnotationScanner_ESTest,3,0,False
1255,NPEX,Aries_JPA-97cb979d,0,ca437c914c20429c8acea1fd79229ace,org.apache.aries.jpa.blueprint.impl.AnnotationScanner,org.apache.aries.jpa.blueprint.impl.AnnotationScanner_ESTest,4,0,False
1256,NPEX,Aries_JPA-97cb979d,0,00a61166061244c0af1a731a19e82b56,org.apache.aries.jpa.blueprint.impl.AnnotationScanner,org.apache.aries.jpa.blueprint.impl.AnnotationScanner_ESTest,4,0,False
1257,NPEX,Aries_JPA-97cb979d,0,ebd7efb8dde64a32a472d26a86bf8256,org.apache.aries.jpa.blueprint.impl.AnnotationScanner,org.apache.aries.jpa.blueprint.impl.AnnotationScanner_ESTest,3,0,False
1258,NPEX,Activiti-c45d6c3c,0,e3f063eda76a4e7c8e094031833e65c6,org.activiti.engine.impl.variable.JPAEntityMappings,org.activiti.engine.impl.variable.JPAEntityMappings_ESTest,15,0,False
1259,NPEX,Activiti-c45d6c3c,0,326f1b0fc7154f308581e5c4c9d4ae45,org.activiti.engine.impl.variable.JPAEntityMappings,org.activiti.engine.impl.variable.JPAEntityMappings_ESTest,17,0,False
1260,NPEX,Activiti-c45d6c3c,0,616bed9cd6744dc993a56f5740e80572,org.activiti.engine.impl.variable.JPAEntityMappings,org.activiti.engine.impl.variable.JPAEntityMappings_ESTest,17,0,False
1261,NPEX,Activiti-c45d6c3c,0,6e0f8eebfd464749bf5339fdb4a08e60,org.activiti.engine.impl.variable.JPAEntityMappings,org.activiti.engine.impl.variable.JPAEntityMappings_ESTest,17,0,False
1262,NPEX,Activiti-c45d6c3c,0,25a06c6bcc4f45939de1c328b43dc696,org.activiti.engine.impl.variable.JPAEntityMappings,org.activiti.engine.impl.variable.JPAEntityMappings_ESTest,17,0,False
1263,NPEX,Activiti-c45d6c3c,0,7625bd29ae564092a7a1a7d8df5fb4bf,org.activiti.engine.impl.variable.JPAEntityMappings,org.activiti.engine.impl.variable.JPAEntityMappings_ESTest,15,0,False
1264,NPEX,Activiti-c45d6c3c,0,da1a1f226d18423383420e9f28423f36,org.activiti.engine.impl.variable.JPAEntityMappings,org.activiti.engine.impl.variable.JPAEntityMappings_ESTest,15,0,False
1265,NPEX,Activiti-c45d6c3c,0,1945a452f4f0400dbee404878d83d0d9,org.activiti.engine.impl.variable.JPAEntityMappings,org.activiti.engine.impl.variable.JPAEntityMappings_ESTest,17,0,False
1266,NPEX,Activiti-c45d6c3c,0,e0c5e407fc4a496285d18e77e837510f,org.activiti.engine.impl.variable.JPAEntityMappings,org.activiti.engine.impl.variable.JPAEntityMappings_ESTest,18,0,False
1267,NPEX,Activiti-c45d6c3c,0,86dbcc2560b84b58b86e296ef551f039,org.activiti.engine.impl.variable.JPAEntityMappings,org.activiti.engine.impl.variable.JPAEntityMappings_ESTest,14,0,False
1268,NPEX,Activiti-c45d6c3c,0,b037653ba4f64d479cda0449d4a6bd89,org.activiti.engine.impl.variable.JPAEntityMappings,org.activiti.engine.impl.variable.JPAEntityMappings_ESTest,17,0,False
1269,NPEX,Activiti-c45d6c3c,0,92677b4bfa0644ef85fdaaa3f9e547fc,org.activiti.engine.impl.variable.JPAEntityMappings,org.activiti.engine.impl.variable.JPAEntityMappings_ESTest,17,0,False
1270,NPEX,Activiti-c45d6c3c,0,f637976a44d3447383874eabf10430d3,org.activiti.engine.impl.variable.JPAEntityMappings,org.activiti.engine.impl.variable.JPAEntityMappings_ESTest,16,0,False
1271,NPEX,Activiti-c45d6c3c,0,6e955af097d34de7a304a95eefa1d3db,org.activiti.engine.impl.variable.JPAEntityMappings,org.activiti.engine.impl.variable.JPAEntityMappings_ESTest,15,0,False
1272,NPEX,Activiti-c45d6c3c,0,900809d6588f429ca44a916868741062,org.activiti.engine.impl.variable.JPAEntityMappings,org.activiti.engine.impl.variable.JPAEntityMappings_ESTest,14,0,False
1273,NPEX,Activiti-c45d6c3c,0,5564308934a746639e7ebcdfb8599ed0,org.activiti.engine.impl.variable.JPAEntityMappings,org.activiti.engine.impl.variable.JPAEntityMappings_ESTest,16,0,False
1274,NPEX,Activiti-c45d6c3c,0,0204a4b651f64a0180fd3c607b2678db,org.activiti.engine.impl.variable.JPAEntityMappings,org.activiti.engine.impl.variable.JPAEntityMappings_ESTest,14,0,False
1275,NPEX,Activiti-c45d6c3c,0,b038ed5b39234bec87f7f749a37ebd2e,org.activiti.engine.impl.variable.JPAEntityMappings,org.activiti.engine.impl.variable.JPAEntityMappings_ESTest,17,0,False
1276,NPEX,Activiti-c45d6c3c,0,1254b1f5f7314f2facc873b1659acda1,org.activiti.engine.impl.variable.JPAEntityMappings,org.activiti.engine.impl.variable.JPAEntityMappings_ESTest,14,0,False
1277,NPEX,Activiti-c45d6c3c,0,c5aeaff36a8748cf82c7a27e0cf5f71b,org.activiti.engine.impl.variable.JPAEntityMappings,org.activiti.engine.impl.variable.JPAEntityMappings_ESTest,15,0,False
1278,NPEX,Activiti-c45d6c3c,0,6f763544767f48cb987dc99cddeb243e,org.activiti.engine.impl.variable.JPAEntityMappings,org.activiti.engine.impl.variable.JPAEntityMappings_ESTest,16,0,False
1279,NPEX,Activiti-c45d6c3c,0,5c991ef4062a475195a8c9b66f9ccf44,org.activiti.engine.impl.variable.JPAEntityMappings,org.activiti.engine.impl.variable.JPAEntityMappings_ESTest,16,0,False
1280,NPEX,Activiti-c45d6c3c,0,f782c855c9a54b059f3ae0b08a1a16bc,org.activiti.engine.impl.variable.JPAEntityMappings,org.activiti.engine.impl.variable.JPAEntityMappings_ESTest,14,0,False
1281,NPEX,Activiti-c45d6c3c,0,f1850b9e37f64b53bd7a6ff0e5574e72,org.activiti.engine.impl.variable.JPAEntityMappings,org.activiti.engine.impl.variable.JPAEntityMappings_ESTest,14,0,False
1282,NPEX,Activiti-c45d6c3c,0,aa6276ad4e9a4b3783e47c1281c2d0d6,org.activiti.engine.impl.variable.JPAEntityMappings,org.activiti.engine.impl.variable.JPAEntityMappings_ESTest,15,0,False
1283,NPEX,Activiti-c45d6c3c,0,9c32bf696ab64f579d5b1a80e9ec85b0,org.activiti.engine.impl.variable.JPAEntityMappings,org.activiti.engine.impl.variable.JPAEntityMappings_ESTest,15,0,False
1284,NPEX,Activiti-c45d6c3c,0,7d35364f46204e52aa94265ba8c811a3,org.activiti.engine.impl.variable.JPAEntityMappings,org.activiti.engine.impl.variable.JPAEntityMappings_ESTest,16,0,False
1285,NPEX,Activiti-c45d6c3c,0,d094b3b7342e4e63bfec59a0c6787957,org.activiti.engine.impl.variable.JPAEntityMappings,org.activiti.engine.impl.variable.JPAEntityMappings_ESTest,15,0,False
1286,NPEX,Activiti-c45d6c3c,0,26566d61bd6746669c10118291a9a3d0,org.activiti.engine.impl.variable.JPAEntityMappings,org.activiti.engine.impl.variable.JPAEntityMappings_ESTest,15,0,False
1287,NPEX,Activiti-c45d6c3c,0,c283c7169b7f4822ad9c8171e50b8fa5,org.activiti.engine.impl.variable.JPAEntityMappings,org.activiti.engine.impl.variable.JPAEntityMappings_ESTest,15,0,False
1288,NPEX,Nutz-87a4b212,0,06b450d545e8444fb2896f88139fb70c,org.nutz.lang.Mirror,org.nutz.lang.Mirror_ESTest,148,0,True
1289,NPEX,Nutz-87a4b212,0,1cd16d6d1a324233815b796735e10e0d,org.nutz.lang.Mirror,org.nutz.lang.Mirror_ESTest,135,0,True
1290,NPEX,Nutz-87a4b212,0,a38e8aa125534db0a069db48201ffb41,org.nutz.lang.Mirror,org.nutz.lang.Mirror_ESTest,141,0,True
1291,NPEX,Nutz-87a4b212,0,79d18979da5f471296c67603f498294a,org.nutz.lang.Mirror,org.nutz.lang.Mirror_ESTest,147,0,True
1292,NPEX,Nutz-87a4b212,0,79725117e6424aecada34695c9e2c2b6,org.nutz.lang.Mirror,org.nutz.lang.Mirror_ESTest,138,0,True
1293,NPEX,Nutz-87a4b212,0,63045f88bdf4404e9e6ff4be3e71a6a7,org.nutz.lang.Mirror,org.nutz.lang.Mirror_ESTest,143,0,True
1294,NPEX,Nutz-87a4b212,0,dea3638471bf4fe69dfe35beb404c1ff,org.nutz.lang.Mirror,org.nutz.lang.Mirror_ESTest,135,0,True
1295,NPEX,Nutz-87a4b212,0,2de0c89869ab45269319bef14debd99b,org.nutz.lang.Mirror,org.nutz.lang.Mirror_ESTest,143,0,True
1296,NPEX,Nutz-87a4b212,0,79bc2a81259c48719e1e64da91c8cec7,org.nutz.lang.Mirror,org.nutz.lang.Mirror_ESTest,137,0,False
1297,NPEX,Nutz-87a4b212,0,a7fc31a00b0842a5915ded1dea82c3f3,org.nutz.lang.Mirror,org.nutz.lang.Mirror_ESTest,140,0,True
1298,NPEX,Nutz-87a4b212,0,6c6ce62f21a94cf58613500d0bdf2ca2,org.nutz.lang.Mirror,org.nutz.lang.Mirror_ESTest,134,0,True
1299,NPEX,Nutz-87a4b212,0,0360f5e320964a6bb74ab6466c772598,org.nutz.lang.Mirror,org.nutz.lang.Mirror_ESTest,132,0,True
1300,NPEX,Nutz-87a4b212,0,2c0c013158e94b53abacbc0443bb50e9,org.nutz.lang.Mirror,org.nutz.lang.Mirror_ESTest,140,0,True
1301,NPEX,Nutz-87a4b212,0,d67db0bf35da401ba8bf96ead6b05c1a,org.nutz.lang.Mirror,org.nutz.lang.Mirror_ESTest,130,0,True
1302,NPEX,Nutz-87a4b212,0,3b4a7e36f63f45de9d4df2eab4e686bb,org.nutz.lang.Mirror,org.nutz.lang.Mirror_ESTest,138,0,True
1303,NPEX,Nutz-87a4b212,0,480d9517669b4d9a8697332b7f3137fe,org.nutz.lang.Mirror,org.nutz.lang.Mirror_ESTest,139,0,False
1304,NPEX,Nutz-87a4b212,0,caf99d9e09a843acbda501616b057e2a,org.nutz.lang.Mirror,org.nutz.lang.Mirror_ESTest,134,0,True
1305,NPEX,Nutz-87a4b212,0,795b017aff7e402783f67b1a81eac63d,org.nutz.lang.Mirror,org.nutz.lang.Mirror_ESTest,141,0,True
1306,NPEX,Nutz-87a4b212,0,2476e05059ed4728aeeb10a06098209c,org.nutz.lang.Mirror,org.nutz.lang.Mirror_ESTest,142,0,True
1307,NPEX,Nutz-87a4b212,0,29b13ccf771b4b2a9745e7fb63653708,org.nutz.lang.Mirror,org.nutz.lang.Mirror_ESTest,143,0,True
1308,NPEX,Nutz-87a4b212,0,d24ebbd70e4a43a2b0c0eb01e72e704a,org.nutz.lang.Mirror,org.nutz.lang.Mirror_ESTest,143,0,False
1309,NPEX,Nutz-87a4b212,0,0c536a6517ed43b6a0e81ed1c8d3e578,org.nutz.lang.Mirror,org.nutz.lang.Mirror_ESTest,148,0,True
1310,NPEX,Nutz-87a4b212,0,c1342d1f72224e318d14f4e5c66ac460,org.nutz.lang.Mirror,org.nutz.lang.Mirror_ESTest,143,0,True
1311,NPEX,Nutz-87a4b212,0,675fcc310acf489e93862df091d13658,org.nutz.lang.Mirror,org.nutz.lang.Mirror_ESTest,152,0,True
1312,NPEX,Nutz-87a4b212,0,343640ebf44e41019b84038205c1660b,org.nutz.lang.Mirror,org.nutz.lang.Mirror_ESTest,150,0,True
1313,NPEX,Nutz-87a4b212,0,09ec92efe65e4365bf8e2230b87ac4f6,org.nutz.lang.Mirror,org.nutz.lang.Mirror_ESTest,140,0,True
1314,NPEX,Nutz-87a4b212,0,2c30867c144a4a98ae083e90f2d8e951,org.nutz.lang.Mirror,org.nutz.lang.Mirror_ESTest,146,0,True
1315,NPEX,Nutz-87a4b212,0,a05a3b38b0e24096b66044e9715c20ad,org.nutz.lang.Mirror,org.nutz.lang.Mirror_ESTest,157,0,True
1316,NPEX,Nutz-87a4b212,0,8eb7a30ecbc54a60928e94ab1bd2c4f0,org.nutz.lang.Mirror,org.nutz.lang.Mirror_ESTest,143,0,True
1317,NPEX,OpenPDF-a89dfdf5,0,775635b60d464726868788d4c786009f,com.lowagie.text.pdf.StandardDecryption,com.lowagie.text.pdf.StandardDecryption_ESTest,9,0,True
1318,NPEX,OpenPDF-a89dfdf5,0,0b59af6b754c46b88e298fe6c1e82471,com.lowagie.text.pdf.StandardDecryption,com.lowagie.text.pdf.StandardDecryption_ESTest,11,0,True
1319,NPEX,OpenPDF-a89dfdf5,0,8cc1d33c9aee4adf859b64addfd183b2,com.lowagie.text.pdf.StandardDecryption,com.lowagie.text.pdf.StandardDecryption_ESTest,9,0,True
1320,NPEX,OpenPDF-a89dfdf5,0,d27d18f74c50456ebc2e7dc8ff99d91a,com.lowagie.text.pdf.StandardDecryption,com.lowagie.text.pdf.StandardDecryption_ESTest,8,0,True
1321,NPEX,OpenPDF-a89dfdf5,0,f8a774219c9b4c608c17d7d5d42de25c,com.lowagie.text.pdf.StandardDecryption,com.lowagie.text.pdf.StandardDecryption_ESTest,8,0,True
1322,NPEX,OpenPDF-a89dfdf5,0,e344e5e0b0704e01b048e51080866900,com.lowagie.text.pdf.StandardDecryption,com.lowagie.text.pdf.StandardDecryption_ESTest,8,0,True
1323,NPEX,OpenPDF-a89dfdf5,0,3ac0a09ff8494111810fb0bc4123ad9f,com.lowagie.text.pdf.StandardDecryption,com.lowagie.text.pdf.StandardDecryption_ESTest,9,0,True
1324,NPEX,OpenPDF-a89dfdf5,0,2530f781949940b5b583a6d2267e52de,com.lowagie.text.pdf.StandardDecryption,com.lowagie.text.pdf.StandardDecryption_ESTest,11,0,True
1325,NPEX,OpenPDF-a89dfdf5,0,be2d97d1e0144fd59d6707e07cd7d58c,com.lowagie.text.pdf.StandardDecryption,com.lowagie.text.pdf.StandardDecryption_ESTest,11,0,True
1326,NPEX,OpenPDF-a89dfdf5,0,f6ac58bfb67941f7a27fba01bf906554,com.lowagie.text.pdf.StandardDecryption,com.lowagie.text.pdf.StandardDecryption_ESTest,11,0,True
1327,NPEX,OpenPDF-a89dfdf5,0,48e137b11ddd4fe6ab483e9f68a257cb,com.lowagie.text.pdf.StandardDecryption,com.lowagie.text.pdf.StandardDecryption_ESTest,13,0,True
1328,NPEX,OpenPDF-a89dfdf5,0,08a7a940a8504ca793fe8ae66d014d77,com.lowagie.text.pdf.StandardDecryption,com.lowagie.text.pdf.StandardDecryption_ESTest,11,0,True
1329,NPEX,OpenPDF-a89dfdf5,0,c46de7b807064850a275e0fff2066387,com.lowagie.text.pdf.StandardDecryption,com.lowagie.text.pdf.StandardDecryption_ESTest,13,0,True
1330,NPEX,OpenPDF-a89dfdf5,0,94a9bc235ad24d80947f5ee13f2dbae6,com.lowagie.text.pdf.StandardDecryption,com.lowagie.text.pdf.StandardDecryption_ESTest,12,0,True
1331,NPEX,OpenPDF-a89dfdf5,0,8a4eb2233df24fa8a8e33a39759c0773,com.lowagie.text.pdf.StandardDecryption,com.lowagie.text.pdf.StandardDecryption_ESTest,12,0,True
1332,NPEX,OpenPDF-a89dfdf5,0,e910a5808ca24d3e996eb31c8c491da5,com.lowagie.text.pdf.StandardDecryption,com.lowagie.text.pdf.StandardDecryption_ESTest,10,0,True
1333,NPEX,OpenPDF-a89dfdf5,0,d63df82d416c48c3aa5f9307923995b7,com.lowagie.text.pdf.StandardDecryption,com.lowagie.text.pdf.StandardDecryption_ESTest,9,0,True
1334,NPEX,OpenPDF-a89dfdf5,0,d881811dc1054734b706d585de2a64c6,com.lowagie.text.pdf.StandardDecryption,com.lowagie.text.pdf.StandardDecryption_ESTest,11,0,True
1335,NPEX,OpenPDF-a89dfdf5,0,c9bea67d79a3448ca2e7051574420390,com.lowagie.text.pdf.StandardDecryption,com.lowagie.text.pdf.StandardDecryption_ESTest,7,0,True
1336,NPEX,OpenPDF-a89dfdf5,0,a9cedda269bb420e922d1c2336ae874a,com.lowagie.text.pdf.StandardDecryption,com.lowagie.text.pdf.StandardDecryption_ESTest,12,0,True
1337,NPEX,OpenPDF-a89dfdf5,0,d209f799c4c4461bb27cbbd8e6024cd6,com.lowagie.text.pdf.StandardDecryption,com.lowagie.text.pdf.StandardDecryption_ESTest,12,0,True
1338,NPEX,OpenPDF-a89dfdf5,0,ece208b878aa4aeb92b726dadec3a172,com.lowagie.text.pdf.StandardDecryption,com.lowagie.text.pdf.StandardDecryption_ESTest,9,0,True
1339,NPEX,OpenPDF-a89dfdf5,0,461fc26a9207475e9aa365cccd467089,com.lowagie.text.pdf.StandardDecryption,com.lowagie.text.pdf.StandardDecryption_ESTest,13,0,True
1340,NPEX,OpenPDF-a89dfdf5,0,be44d9c97e8a439589cc7b46aa1a2f8a,com.lowagie.text.pdf.StandardDecryption,com.lowagie.text.pdf.StandardDecryption_ESTest,11,0,True
1341,NPEX,OpenPDF-a89dfdf5,0,8d86d496c0254e77858e98434c9a11e3,com.lowagie.text.pdf.StandardDecryption,com.lowagie.text.pdf.StandardDecryption_ESTest,11,0,True
1342,NPEX,OpenPDF-a89dfdf5,0,7be1fd9474ab402a8018f9a6c4c3fa33,com.lowagie.text.pdf.StandardDecryption,com.lowagie.text.pdf.StandardDecryption_ESTest,12,0,True
1343,NPEX,OpenPDF-a89dfdf5,0,68bd38db31754f4987fa5927a82fcb81,com.lowagie.text.pdf.StandardDecryption,com.lowagie.text.pdf.StandardDecryption_ESTest,10,0,True
1344,NPEX,OpenPDF-a89dfdf5,0,5c97d4c6982f4b3abd4ce80996d47c0f,com.lowagie.text.pdf.StandardDecryption,com.lowagie.text.pdf.StandardDecryption_ESTest,7,0,True
1345,NPEX,OpenPDF-a89dfdf5,0,fa79200749ab465e9c3515a60eb8752c,com.lowagie.text.pdf.StandardDecryption,com.lowagie.text.pdf.StandardDecryption_ESTest,11,0,True
1346,NPEX,OpenPDF-a89dfdf5,0,063a19b3b39a47678c4db47dc6207bb6,com.lowagie.text.pdf.StandardDecryption,com.lowagie.text.pdf.StandardDecryption_ESTest,12,0,True
1347,NPEX,ActiveMQ_Artemis-586abba9,0,cace7440bc884a3197a477ea624ee082,org.apache.activemq.artemis.selector.filter.UnaryExpression,org.apache.activemq.artemis.selector.filter.UnaryExpression_ESTest,21,0,False
1348,NPEX,ActiveMQ_Artemis-586abba9,0,9b3a751452064c8e813b3b5fe8451fc6,org.apache.activemq.artemis.selector.filter.UnaryExpression,org.apache.activemq.artemis.selector.filter.UnaryExpression_ESTest,21,0,False
1349,NPEX,ActiveMQ_Artemis-586abba9,0,b5a477fd490b4ccd8673da0fbcacd81d,org.apache.activemq.artemis.selector.filter.UnaryExpression,org.apache.activemq.artemis.selector.filter.UnaryExpression_ESTest,20,0,False
1350,NPEX,ActiveMQ_Artemis-586abba9,0,594e61f166c04a5ea7421915303facc6,org.apache.activemq.artemis.selector.filter.UnaryExpression,org.apache.activemq.artemis.selector.filter.UnaryExpression_ESTest,20,0,False
1351,NPEX,ActiveMQ_Artemis-586abba9,0,3a2d89f4209d47c081054cc5445d8573,org.apache.activemq.artemis.selector.filter.UnaryExpression,org.apache.activemq.artemis.selector.filter.UnaryExpression_ESTest,20,0,False
1352,NPEX,ActiveMQ_Artemis-586abba9,0,afc1d6ed96494015b41352c1dc5105a0,org.apache.activemq.artemis.selector.filter.UnaryExpression,org.apache.activemq.artemis.selector.filter.UnaryExpression_ESTest,22,0,False
1353,NPEX,ActiveMQ_Artemis-586abba9,0,0524f13a553c405cb97a21344c557c0d,org.apache.activemq.artemis.selector.filter.UnaryExpression,org.apache.activemq.artemis.selector.filter.UnaryExpression_ESTest,21,0,False
1354,NPEX,ActiveMQ_Artemis-586abba9,0,89f72bb09698470ea752843092a6f68d,org.apache.activemq.artemis.selector.filter.UnaryExpression,org.apache.activemq.artemis.selector.filter.UnaryExpression_ESTest,23,0,False
1355,NPEX,ActiveMQ_Artemis-586abba9,0,ea4e889ac30741379cd57a0f68bbb665,org.apache.activemq.artemis.selector.filter.UnaryExpression,org.apache.activemq.artemis.selector.filter.UnaryExpression_ESTest,21,0,False
1356,NPEX,ActiveMQ_Artemis-586abba9,0,4797f5d0407f4c319873b5532f31e913,org.apache.activemq.artemis.selector.filter.UnaryExpression,org.apache.activemq.artemis.selector.filter.UnaryExpression_ESTest,16,0,False
1357,NPEX,ActiveMQ_Artemis-586abba9,0,5874b48b857448a1afda27185fdbd975,org.apache.activemq.artemis.selector.filter.UnaryExpression,org.apache.activemq.artemis.selector.filter.UnaryExpression_ESTest,20,0,False
1358,NPEX,ActiveMQ_Artemis-586abba9,0,aa790b2a804b4fdf99fae5f708693f60,org.apache.activemq.artemis.selector.filter.UnaryExpression,org.apache.activemq.artemis.selector.filter.UnaryExpression_ESTest,23,0,False
1359,NPEX,ActiveMQ_Artemis-586abba9,0,6a0900f913f94e3d95c0af107fecd219,org.apache.activemq.artemis.selector.filter.UnaryExpression,org.apache.activemq.artemis.selector.filter.UnaryExpression_ESTest,22,0,False
1360,NPEX,ActiveMQ_Artemis-586abba9,0,8ae78ab95a90482d97b115b16348185a,org.apache.activemq.artemis.selector.filter.UnaryExpression,org.apache.activemq.artemis.selector.filter.UnaryExpression_ESTest,21,0,False
1361,NPEX,ActiveMQ_Artemis-586abba9,0,fec0920489e64a4fb969a5b6addeeec7,org.apache.activemq.artemis.selector.filter.UnaryExpression,org.apache.activemq.artemis.selector.filter.UnaryExpression_ESTest,19,0,False
1362,NPEX,ActiveMQ_Artemis-586abba9,0,2080b5492f5d4d3ba46698b032823c09,org.apache.activemq.artemis.selector.filter.UnaryExpression,org.apache.activemq.artemis.selector.filter.UnaryExpression_ESTest,21,0,False
1363,NPEX,ActiveMQ_Artemis-586abba9,0,87e95cd53e4c4e54910f5487295a6731,org.apache.activemq.artemis.selector.filter.UnaryExpression,org.apache.activemq.artemis.selector.filter.UnaryExpression_ESTest,20,0,False
1364,NPEX,ActiveMQ_Artemis-586abba9,0,fe4466c7f26b48a4b62acd5ac12e1b65,org.apache.activemq.artemis.selector.filter.UnaryExpression,org.apache.activemq.artemis.selector.filter.UnaryExpression_ESTest,20,0,False
1365,NPEX,ActiveMQ_Artemis-586abba9,0,69cdcc3e6be54546a84034349a25a285,org.apache.activemq.artemis.selector.filter.UnaryExpression,org.apache.activemq.artemis.selector.filter.UnaryExpression_ESTest,21,0,False
1366,NPEX,ActiveMQ_Artemis-586abba9,0,160902b36eb94df59f22aa7fdab8aef2,org.apache.activemq.artemis.selector.filter.UnaryExpression,org.apache.activemq.artemis.selector.filter.UnaryExpression_ESTest,17,0,False
1367,NPEX,ActiveMQ_Artemis-586abba9,0,2e996c39bc814ec7bb6c4ef691c3560a,org.apache.activemq.artemis.selector.filter.UnaryExpression,org.apache.activemq.artemis.selector.filter.UnaryExpression_ESTest,20,0,False
1368,NPEX,ActiveMQ_Artemis-586abba9,0,b552d8ba56e4400981908c73e305ce8a,org.apache.activemq.artemis.selector.filter.UnaryExpression,org.apache.activemq.artemis.selector.filter.UnaryExpression_ESTest,21,0,False
1369,NPEX,ActiveMQ_Artemis-586abba9,0,2bcb5f4d9b4340519acd1618a5eec11d,org.apache.activemq.artemis.selector.filter.UnaryExpression,org.apache.activemq.artemis.selector.filter.UnaryExpression_ESTest,19,0,False
1370,NPEX,ActiveMQ_Artemis-586abba9,0,1645c92833bf434897a35bcca7e1249d,org.apache.activemq.artemis.selector.filter.UnaryExpression,org.apache.activemq.artemis.selector.filter.UnaryExpression_ESTest,24,0,False
1371,NPEX,ActiveMQ_Artemis-586abba9,0,3a5f77ddc7b34989a551c86b86ad199c,org.apache.activemq.artemis.selector.filter.UnaryExpression,org.apache.activemq.artemis.selector.filter.UnaryExpression_ESTest,20,0,False
1372,NPEX,ActiveMQ_Artemis-586abba9,0,1253f6e1d92848dfa3e8473ef2907fd4,org.apache.activemq.artemis.selector.filter.UnaryExpression,org.apache.activemq.artemis.selector.filter.UnaryExpression_ESTest,20,0,False
1373,NPEX,ActiveMQ_Artemis-586abba9,0,3ea5098a1ed34c51869b165ff612984a,org.apache.activemq.artemis.selector.filter.UnaryExpression,org.apache.activemq.artemis.selector.filter.UnaryExpression_ESTest,20,0,False
1374,NPEX,ActiveMQ_Artemis-586abba9,0,e57aa65aa838470b8d307d260a83d5c9,org.apache.activemq.artemis.selector.filter.UnaryExpression,org.apache.activemq.artemis.selector.filter.UnaryExpression_ESTest,22,0,False
1375,NPEX,ActiveMQ_Artemis-586abba9,0,6a5e0bc120b546af8392e0afee4766fb,org.apache.activemq.artemis.selector.filter.UnaryExpression,org.apache.activemq.artemis.selector.filter.UnaryExpression_ESTest,20,0,False
1376,NPEX,ActiveMQ_Artemis-586abba9,0,0b313b83a91645938e95bbe916ad66bf,org.apache.activemq.artemis.selector.filter.UnaryExpression,org.apache.activemq.artemis.selector.filter.UnaryExpression_ESTest,20,0,False
1377,NPEX,ShardingSphere-82b1b9d5,0,e8d37e5fedec4b46876afc5e0dbe29e0,org.apache.shardingsphere.infra.executor.sql.context.ExecutionContextBuilder,org.apache.shardingsphere.infra.executor.sql.context.ExecutionContextBuilder_ESTest,0,0,False
1378,NPEX,ShardingSphere-82b1b9d5,0,862a03e1416c4219881d7f447d5df567,org.apache.shardingsphere.infra.executor.sql.context.ExecutionContextBuilder,org.apache.shardingsphere.infra.executor.sql.context.ExecutionContextBuilder_ESTest,0,0,False
1379,NPEX,ShardingSphere-82b1b9d5,0,c5fe4b2dee41449cbe8149fc44773157,org.apache.shardingsphere.infra.executor.sql.context.ExecutionContextBuilder,org.apache.shardingsphere.infra.executor.sql.context.ExecutionContextBuilder_ESTest,0,0,False
1380,NPEX,ShardingSphere-82b1b9d5,0,f876570fca35484d9f93b9f8a1dabbf7,org.apache.shardingsphere.infra.executor.sql.context.ExecutionContextBuilder,org.apache.shardingsphere.infra.executor.sql.context.ExecutionContextBuilder_ESTest,0,0,False
1381,NPEX,ShardingSphere-82b1b9d5,0,8c1cc46363e44949bb60714ab2ae3ca6,org.apache.shardingsphere.infra.executor.sql.context.ExecutionContextBuilder,org.apache.shardingsphere.infra.executor.sql.context.ExecutionContextBuilder_ESTest,0,0,False
1382,NPEX,ShardingSphere-82b1b9d5,0,e518a1e8552e49c8bbd16407f8b7384d,org.apache.shardingsphere.infra.executor.sql.context.ExecutionContextBuilder,org.apache.shardingsphere.infra.executor.sql.context.ExecutionContextBuilder_ESTest,0,0,False
1383,NPEX,ShardingSphere-82b1b9d5,0,fcfd29b2e7954f90ad33abc89249dedf,org.apache.shardingsphere.infra.executor.sql.context.ExecutionContextBuilder,org.apache.shardingsphere.infra.executor.sql.context.ExecutionContextBuilder_ESTest,0,0,False
1384,NPEX,ShardingSphere-82b1b9d5,0,24bbcaac59a9485d92a08c541acb1bbb,org.apache.shardingsphere.infra.executor.sql.context.ExecutionContextBuilder,org.apache.shardingsphere.infra.executor.sql.context.ExecutionContextBuilder_ESTest,0,0,False
1385,NPEX,ShardingSphere-82b1b9d5,0,7e18df468eb1441ebd7ff2d96f87720e,org.apache.shardingsphere.infra.executor.sql.context.ExecutionContextBuilder,org.apache.shardingsphere.infra.executor.sql.context.ExecutionContextBuilder_ESTest,0,0,False
1386,NPEX,ShardingSphere-82b1b9d5,0,25318b103b4b4080982397107e531ab4,org.apache.shardingsphere.infra.executor.sql.context.ExecutionContextBuilder,org.apache.shardingsphere.infra.executor.sql.context.ExecutionContextBuilder_ESTest,0,0,False
1387,NPEX,ShardingSphere-82b1b9d5,0,cc94a21b12794fff9b1d26e13b58cc17,org.apache.shardingsphere.infra.executor.sql.context.ExecutionContextBuilder,org.apache.shardingsphere.infra.executor.sql.context.ExecutionContextBuilder_ESTest,0,0,False
1388,NPEX,ShardingSphere-82b1b9d5,0,be082d793b4643358f723e6e21ef7303,org.apache.shardingsphere.infra.executor.sql.context.ExecutionContextBuilder,org.apache.shardingsphere.infra.executor.sql.context.ExecutionContextBuilder_ESTest,0,0,False
1389,NPEX,ShardingSphere-82b1b9d5,0,02b7b6683ae141e8a50876b7dc7aac19,org.apache.shardingsphere.infra.executor.sql.context.ExecutionContextBuilder,org.apache.shardingsphere.infra.executor.sql.context.ExecutionContextBuilder_ESTest,0,0,False
1390,NPEX,ShardingSphere-82b1b9d5,0,7845b14108884f068b0f8e51f34e8309,org.apache.shardingsphere.infra.executor.sql.context.ExecutionContextBuilder,org.apache.shardingsphere.infra.executor.sql.context.ExecutionContextBuilder_ESTest,0,0,False
1391,NPEX,ShardingSphere-82b1b9d5,0,2a0f601ed3c043c187fb55ba9e532374,org.apache.shardingsphere.infra.executor.sql.context.ExecutionContextBuilder,org.apache.shardingsphere.infra.executor.sql.context.ExecutionContextBuilder_ESTest,0,0,False
1392,NPEX,ShardingSphere-82b1b9d5,0,4751c22c74544cd2a6832314f6abf177,org.apache.shardingsphere.infra.executor.sql.context.ExecutionContextBuilder,org.apache.shardingsphere.infra.executor.sql.context.ExecutionContextBuilder_ESTest,0,0,False
1393,NPEX,ShardingSphere-82b1b9d5,0,c7ed9fce63404abc8203cd10fd548440,org.apache.shardingsphere.infra.executor.sql.context.ExecutionContextBuilder,org.apache.shardingsphere.infra.executor.sql.context.ExecutionContextBuilder_ESTest,0,0,False
1394,NPEX,ShardingSphere-82b1b9d5,0,5a317128a89e4d1e841b9d70b3f22a32,org.apache.shardingsphere.infra.executor.sql.context.ExecutionContextBuilder,org.apache.shardingsphere.infra.executor.sql.context.ExecutionContextBuilder_ESTest,0,0,False
1395,NPEX,ShardingSphere-82b1b9d5,0,edaabd17750243019ee82becd709e48d,org.apache.shardingsphere.infra.executor.sql.context.ExecutionContextBuilder,org.apache.shardingsphere.infra.executor.sql.context.ExecutionContextBuilder_ESTest,0,0,False
1396,NPEX,ShardingSphere-82b1b9d5,0,e029f9f512194d1e8edb358c302e2aa0,org.apache.shardingsphere.infra.executor.sql.context.ExecutionContextBuilder,org.apache.shardingsphere.infra.executor.sql.context.ExecutionContextBuilder_ESTest,0,0,False
1397,NPEX,ShardingSphere-82b1b9d5,0,11a81a3569e6435aaed9a69ca0805024,org.apache.shardingsphere.infra.executor.sql.context.ExecutionContextBuilder,org.apache.shardingsphere.infra.executor.sql.context.ExecutionContextBuilder_ESTest,0,0,False
1398,NPEX,ShardingSphere-82b1b9d5,0,f639a0b8c19c435eb7cf86781ca262e8,org.apache.shardingsphere.infra.executor.sql.context.ExecutionContextBuilder,org.apache.shardingsphere.infra.executor.sql.context.ExecutionContextBuilder_ESTest,0,0,False
1399,NPEX,ShardingSphere-82b1b9d5,0,078ffb461f3c47548044ec93da11aeee,org.apache.shardingsphere.infra.executor.sql.context.ExecutionContextBuilder,org.apache.shardingsphere.infra.executor.sql.context.ExecutionContextBuilder_ESTest,0,0,False
1400,NPEX,ShardingSphere-82b1b9d5,0,fe6f4ca3134744fe90ab213908ffc549,org.apache.shardingsphere.infra.executor.sql.context.ExecutionContextBuilder,org.apache.shardingsphere.infra.executor.sql.context.ExecutionContextBuilder_ESTest,0,0,False
1401,NPEX,ShardingSphere-82b1b9d5,0,b760599cbd764056b70c93a3f59bed39,org.apache.shardingsphere.infra.executor.sql.context.ExecutionContextBuilder,org.apache.shardingsphere.infra.executor.sql.context.ExecutionContextBuilder_ESTest,0,0,False
1402,NPEX,ShardingSphere-82b1b9d5,0,a151af98ff6d45cf8902e982b7088b50,org.apache.shardingsphere.infra.executor.sql.context.ExecutionContextBuilder,org.apache.shardingsphere.infra.executor.sql.context.ExecutionContextBuilder_ESTest,0,0,False
1403,NPEX,ShardingSphere-82b1b9d5,0,58c7ffc82fe84d8583e13a2bc55e0d7e,org.apache.shardingsphere.infra.executor.sql.context.ExecutionContextBuilder,org.apache.shardingsphere.infra.executor.sql.context.ExecutionContextBuilder_ESTest,0,0,False
1404,NPEX,ShardingSphere-82b1b9d5,0,7805804f40184b79832c7923f9d6cede,org.apache.shardingsphere.infra.executor.sql.context.ExecutionContextBuilder,org.apache.shardingsphere.infra.executor.sql.context.ExecutionContextBuilder_ESTest,0,0,False
1405,NPEX,ShardingSphere-82b1b9d5,0,e0e63fd659544f999cd8bfeecf391276,org.apache.shardingsphere.infra.executor.sql.context.ExecutionContextBuilder,org.apache.shardingsphere.infra.executor.sql.context.ExecutionContextBuilder_ESTest,0,0,False
1406,NPEX,ShardingSphere-82b1b9d5,0,47b49efd613741c986d2369a19b6724c,org.apache.shardingsphere.infra.executor.sql.context.ExecutionContextBuilder,org.apache.shardingsphere.infra.executor.sql.context.ExecutionContextBuilder_ESTest,0,0,False
1407,NPEX,FOP-10e0d1c2,0,4295f2a5eabb44959f437b8ae61a1e6e,org.apache.fop.fonts.SingleByteFont,org.apache.fop.fonts.SingleByteFont_ESTest,50,0,True
1408,NPEX,FOP-10e0d1c2,0,7f4d43a0aa824061ad9a3d00606f3a56,org.apache.fop.fonts.SingleByteFont,org.apache.fop.fonts.SingleByteFont_ESTest,54,0,True
1409,NPEX,FOP-10e0d1c2,0,2a8d02a531fb47bbbafb3a6a79e12a3a,org.apache.fop.fonts.SingleByteFont,org.apache.fop.fonts.SingleByteFont_ESTest,53,0,True
1410,NPEX,FOP-10e0d1c2,0,cb7d86a34321440082c4f8463e071f48,org.apache.fop.fonts.SingleByteFont,org.apache.fop.fonts.SingleByteFont_ESTest,50,0,True
1411,NPEX,FOP-10e0d1c2,0,a3d46f7a36eb411ab743e74881b91488,org.apache.fop.fonts.SingleByteFont,org.apache.fop.fonts.SingleByteFont_ESTest,55,0,True
1412,NPEX,FOP-10e0d1c2,0,938bb7f208004c119ba5b0517127fcca,org.apache.fop.fonts.SingleByteFont,org.apache.fop.fonts.SingleByteFont_ESTest,56,0,True
1413,NPEX,FOP-10e0d1c2,0,5085f4bbbfdd473c9ee35053f208c2cf,org.apache.fop.fonts.SingleByteFont,org.apache.fop.fonts.SingleByteFont_ESTest,52,0,True
1414,NPEX,FOP-10e0d1c2,0,5df973de77914ca6a4189da11d5febb3,org.apache.fop.fonts.SingleByteFont,org.apache.fop.fonts.SingleByteFont_ESTest,55,0,True
1415,NPEX,FOP-10e0d1c2,0,046fd110b76b432386a4f8df5640c5b9,org.apache.fop.fonts.SingleByteFont,org.apache.fop.fonts.SingleByteFont_ESTest,53,0,True
1416,NPEX,FOP-10e0d1c2,0,39a7d7f4ca6c43f293c1e94f0432ff2d,org.apache.fop.fonts.SingleByteFont,org.apache.fop.fonts.SingleByteFont_ESTest,55,0,True
1417,NPEX,FOP-10e0d1c2,0,fc7b680522ed446ca992253f8d692278,org.apache.fop.fonts.SingleByteFont,org.apache.fop.fonts.SingleByteFont_ESTest,53,0,True
1418,NPEX,FOP-10e0d1c2,0,c196402596fb4159a179d9d156e33652,org.apache.fop.fonts.SingleByteFont,org.apache.fop.fonts.SingleByteFont_ESTest,52,0,True
1419,NPEX,FOP-10e0d1c2,0,edd6d19349374102ada52da3bdadd581,org.apache.fop.fonts.SingleByteFont,org.apache.fop.fonts.SingleByteFont_ESTest,53,0,True
1420,NPEX,FOP-10e0d1c2,0,f9e0ffcdf0d3418096bfce71ba64959d,org.apache.fop.fonts.SingleByteFont,org.apache.fop.fonts.SingleByteFont_ESTest,58,0,True
1421,NPEX,FOP-10e0d1c2,0,e036e21134d347eba7702a3f246ddec0,org.apache.fop.fonts.SingleByteFont,org.apache.fop.fonts.SingleByteFont_ESTest,57,0,True
1422,NPEX,FOP-10e0d1c2,0,ee30a408b4a24a9985dc4826e72b6ef9,org.apache.fop.fonts.SingleByteFont,org.apache.fop.fonts.SingleByteFont_ESTest,50,0,True
1423,NPEX,FOP-10e0d1c2,0,9842288061874d3a82a315c8e83f9631,org.apache.fop.fonts.SingleByteFont,org.apache.fop.fonts.SingleByteFont_ESTest,55,0,True
1424,NPEX,FOP-10e0d1c2,0,6582fe7af10f4b9bb7c78e201291cfec,org.apache.fop.fonts.SingleByteFont,org.apache.fop.fonts.SingleByteFont_ESTest,52,0,True
1425,NPEX,FOP-10e0d1c2,0,f9a14fee567640d5ae7fa519695f663d,org.apache.fop.fonts.SingleByteFont,org.apache.fop.fonts.SingleByteFont_ESTest,55,0,True
1426,NPEX,FOP-10e0d1c2,0,71842160b30f42e095928539fcd715b5,org.apache.fop.fonts.SingleByteFont,org.apache.fop.fonts.SingleByteFont_ESTest,53,0,True
1427,NPEX,FOP-10e0d1c2,0,ab4bc68098534296bbdba3cae73dbadf,org.apache.fop.fonts.SingleByteFont,org.apache.fop.fonts.SingleByteFont_ESTest,54,0,True
1428,NPEX,FOP-10e0d1c2,0,b84c491a89944e11bf667acc3032a8a7,org.apache.fop.fonts.SingleByteFont,org.apache.fop.fonts.SingleByteFont_ESTest,58,0,True
1429,NPEX,FOP-10e0d1c2,0,8c8113bdc2284258bbc65c39c6aa510f,org.apache.fop.fonts.SingleByteFont,org.apache.fop.fonts.SingleByteFont_ESTest,52,0,True
1430,NPEX,FOP-10e0d1c2,0,5c66cbdf967441f69b7b6c07ec6284b4,org.apache.fop.fonts.SingleByteFont,org.apache.fop.fonts.SingleByteFont_ESTest,53,0,True
1431,NPEX,FOP-10e0d1c2,0,ec9051c2b8d748a381da7b1bdc346a3f,org.apache.fop.fonts.SingleByteFont,org.apache.fop.fonts.SingleByteFont_ESTest,59,0,True
1432,NPEX,FOP-10e0d1c2,0,5322fcd9e95941a2812a44f68b7fdca6,org.apache.fop.fonts.SingleByteFont,org.apache.fop.fonts.SingleByteFont_ESTest,54,0,True
1433,NPEX,FOP-10e0d1c2,0,bfaff27c383a4de1a20345a09224508e,org.apache.fop.fonts.SingleByteFont,org.apache.fop.fonts.SingleByteFont_ESTest,53,0,True
1434,NPEX,FOP-10e0d1c2,0,772beee608a94d23a7f3b9bbb24b0b73,org.apache.fop.fonts.SingleByteFont,org.apache.fop.fonts.SingleByteFont_ESTest,54,0,True
1435,NPEX,Log4j_2-85661de7,0,0730052a21c146e3abb356287b561d81,org.apache.logging.log4j.spi.AbstractLogger,org.apache.logging.log4j.spi.AbstractLogger_ESTest,170,0,False
1436,NPEX,Log4j_2-85661de7,0,3214a119019e4c5dab827958899a955c,org.apache.logging.log4j.spi.AbstractLogger,org.apache.logging.log4j.spi.AbstractLogger_ESTest,158,0,False
1437,NPEX,Log4j_2-85661de7,0,b24ebb4451a74e77bf81b7841b812010,org.apache.logging.log4j.spi.AbstractLogger,org.apache.logging.log4j.spi.AbstractLogger_ESTest,164,0,False
1438,NPEX,Log4j_2-85661de7,0,5f005dc351e74d899f3768beb60472d0,org.apache.logging.log4j.spi.AbstractLogger,org.apache.logging.log4j.spi.AbstractLogger_ESTest,168,0,False
1439,NPEX,Log4j_2-85661de7,0,54c2833ce7c6415cad74b759e5932a4c,org.apache.logging.log4j.spi.AbstractLogger,org.apache.logging.log4j.spi.AbstractLogger_ESTest,155,0,False
1440,NPEX,Log4j_2-85661de7,0,d6641f84d1bd4865b783e1957f825179,org.apache.logging.log4j.spi.AbstractLogger,org.apache.logging.log4j.spi.AbstractLogger_ESTest,170,0,False
1441,NPEX,Log4j_2-85661de7,0,e8a1dcbae7b8405fbe566a8c2facc644,org.apache.logging.log4j.spi.AbstractLogger,org.apache.logging.log4j.spi.AbstractLogger_ESTest,164,0,False
1442,NPEX,Log4j_2-85661de7,0,ffa0fcfc275f4b07b4d41ae700f8c594,org.apache.logging.log4j.spi.AbstractLogger,org.apache.logging.log4j.spi.AbstractLogger_ESTest,157,0,False
1443,NPEX,Log4j_2-85661de7,0,f6d9f9ebcf0a4f659df9945070857b22,org.apache.logging.log4j.spi.AbstractLogger,org.apache.logging.log4j.spi.AbstractLogger_ESTest,166,0,False
1444,NPEX,Log4j_2-85661de7,0,3fb2e7ab4ebe4077a2ba835b2d7655c2,org.apache.logging.log4j.spi.AbstractLogger,org.apache.logging.log4j.spi.AbstractLogger_ESTest,161,0,False
1445,NPEX,Log4j_2-85661de7,0,3fb2e7ab4ebe4077a2ba835b2d7655c2,org.apache.logging.log4j.spi.AbstractLogger,org.apache.logging.log4j.spi.AbstractLogger_ESTest$1,161,0,False
1446,NPEX,Log4j_2-85661de7,0,907dc82d1bcc4be18703d93fd230f821,org.apache.logging.log4j.spi.AbstractLogger,org.apache.logging.log4j.spi.AbstractLogger_ESTest,158,0,False
1447,NPEX,Log4j_2-85661de7,0,c47b98e823c84405a9fedc75663394e3,org.apache.logging.log4j.spi.AbstractLogger,org.apache.logging.log4j.spi.AbstractLogger_ESTest,156,0,False
1448,NPEX,Log4j_2-85661de7,0,0da2989938d74e5d807b33fb8704f04c,org.apache.logging.log4j.spi.AbstractLogger,org.apache.logging.log4j.spi.AbstractLogger_ESTest,159,0,False
1449,NPEX,Log4j_2-85661de7,0,0ffa6e084d054df5b9ff7b5342cf84b2,org.apache.logging.log4j.spi.AbstractLogger,org.apache.logging.log4j.spi.AbstractLogger_ESTest,166,0,False
1450,NPEX,Log4j_2-85661de7,0,c6d29f292df546db9072ac13f0becd5b,org.apache.logging.log4j.spi.AbstractLogger,org.apache.logging.log4j.spi.AbstractLogger_ESTest,165,0,False
1451,NPEX,Log4j_2-85661de7,0,3fccbfc959434e07b1f81cdd11d91fc1,org.apache.logging.log4j.spi.AbstractLogger,org.apache.logging.log4j.spi.AbstractLogger_ESTest,171,0,False
1452,NPEX,Log4j_2-85661de7,0,3fccbfc959434e07b1f81cdd11d91fc1,org.apache.logging.log4j.spi.AbstractLogger,org.apache.logging.log4j.spi.AbstractLogger_ESTest$1,171,0,False
1453,NPEX,Log4j_2-85661de7,0,9b723c0dc9af40ad874928e21a2eff9e,org.apache.logging.log4j.spi.AbstractLogger,org.apache.logging.log4j.spi.AbstractLogger_ESTest,170,0,False
1454,NPEX,Log4j_2-85661de7,0,11e7f1f43f7b46f0b69d936e590aee5e,org.apache.logging.log4j.spi.AbstractLogger,org.apache.logging.log4j.spi.AbstractLogger_ESTest,169,0,False
1455,NPEX,Log4j_2-85661de7,0,aef88d0e49c74cf9b83b8a9adc01696c,org.apache.logging.log4j.spi.AbstractLogger,org.apache.logging.log4j.spi.AbstractLogger_ESTest,168,0,False
1456,NPEX,Log4j_2-85661de7,0,bcd639931eb24f3cb74fe5b5e903f163,org.apache.logging.log4j.spi.AbstractLogger,org.apache.logging.log4j.spi.AbstractLogger_ESTest,165,0,False
1457,NPEX,Log4j_2-85661de7,0,89706924fe28403b8b5e2e973f2c4c5b,org.apache.logging.log4j.spi.AbstractLogger,org.apache.logging.log4j.spi.AbstractLogger_ESTest,176,0,False
1458,NPEX,Log4j_2-85661de7,0,a85fb225384d4d7b8d1694c0ad04b843,org.apache.logging.log4j.spi.AbstractLogger,org.apache.logging.log4j.spi.AbstractLogger_ESTest,159,0,False
1459,NPEX,Log4j_2-85661de7,0,ecd0c6caceed447c85a2ea1db52ebda3,org.apache.logging.log4j.spi.AbstractLogger,org.apache.logging.log4j.spi.AbstractLogger_ESTest,173,0,False
1460,NPEX,Log4j_2-85661de7,0,90f6ea9ffb774547a00767f904004bde,org.apache.logging.log4j.spi.AbstractLogger,org.apache.logging.log4j.spi.AbstractLogger_ESTest,156,0,False
1461,NPEX,Log4j_2-85661de7,0,366e7cf0f5294e279c9d104dd68b86a3,org.apache.logging.log4j.spi.AbstractLogger,org.apache.logging.log4j.spi.AbstractLogger_ESTest,172,0,False
1462,NPEX,Log4j_2-85661de7,0,792e95c9e9c5400fa667d44002914d27,org.apache.logging.log4j.spi.AbstractLogger,org.apache.logging.log4j.spi.AbstractLogger_ESTest,165,0,False
1463,NPEX,Log4j_2-85661de7,0,a52a1eb674fc49cabe2f8068ade6e085,org.apache.logging.log4j.spi.AbstractLogger,org.apache.logging.log4j.spi.AbstractLogger_ESTest,175,0,False
1464,NPEX,Log4j_2-85661de7,0,fe6d1b9ab3ad4d4a92311cdc4c4385af,org.apache.logging.log4j.spi.AbstractLogger,org.apache.logging.log4j.spi.AbstractLogger_ESTest,166,0,False
1465,NPEX,Log4j_2-85661de7,0,8fddc4e83d1648dfa55100fbc648664e,org.apache.logging.log4j.spi.AbstractLogger,org.apache.logging.log4j.spi.AbstractLogger_ESTest,171,0,False
1466,NPEX,Log4j_2-85661de7,0,ea738299719a4057ae9e07800c33c8d4,org.apache.logging.log4j.spi.AbstractLogger,org.apache.logging.log4j.spi.AbstractLogger_ESTest,149,0,False
1467,NPEX,Commons_Configuration-a76a3a65,0,586be5e5b0f244fe991d3dcf1faacb15,org.apache.commons.configuration2.XMLConfiguration,org.apache.commons.configuration2.XMLConfiguration_ESTest,31,0,True
1468,NPEX,Commons_Configuration-a76a3a65,0,4804cd20c74a49eb83faad23bc982cde,org.apache.commons.configuration2.XMLConfiguration,org.apache.commons.configuration2.XMLConfiguration_ESTest,28,0,True
1469,NPEX,Commons_Configuration-a76a3a65,0,9cc69038bce74db382516a1823c9b2bc,org.apache.commons.configuration2.XMLConfiguration,org.apache.commons.configuration2.XMLConfiguration_ESTest,30,0,True
1470,NPEX,Commons_Configuration-a76a3a65,0,56bdce999bac48ee9260b9ae4b9f4cf0,org.apache.commons.configuration2.XMLConfiguration,org.apache.commons.configuration2.XMLConfiguration_ESTest,32,0,True
1471,NPEX,Commons_Configuration-a76a3a65,0,e9c1a4c2a35f4da190d2af317bef0ae7,org.apache.commons.configuration2.XMLConfiguration,org.apache.commons.configuration2.XMLConfiguration_ESTest,33,0,True
1472,NPEX,Commons_Configuration-a76a3a65,0,605c7e42676b46e59fe109d517b92053,org.apache.commons.configuration2.XMLConfiguration,org.apache.commons.configuration2.XMLConfiguration_ESTest,32,0,True
1473,NPEX,Commons_Configuration-a76a3a65,0,2d0d9f81ff234e5f805e24a51b1b8fd4,org.apache.commons.configuration2.XMLConfiguration,org.apache.commons.configuration2.XMLConfiguration_ESTest,30,0,True
1474,NPEX,Commons_Configuration-a76a3a65,0,76a9dc7ee72f43e3840869a5cf4fdfef,org.apache.commons.configuration2.XMLConfiguration,org.apache.commons.configuration2.XMLConfiguration_ESTest,33,0,True
1475,NPEX,Commons_Configuration-a76a3a65,0,c8abfe6a9e3f4feb9993b4b9e1f0d23c,org.apache.commons.configuration2.XMLConfiguration,org.apache.commons.configuration2.XMLConfiguration_ESTest,33,0,True
1476,NPEX,Commons_Configuration-a76a3a65,0,9b25486349a04dcd90c6f88b1a93333b,org.apache.commons.configuration2.XMLConfiguration,org.apache.commons.configuration2.XMLConfiguration_ESTest,28,0,True
1477,NPEX,Commons_Configuration-a76a3a65,0,09862367b82349f8a0b3813978d39dff,org.apache.commons.configuration2.XMLConfiguration,org.apache.commons.configuration2.XMLConfiguration_ESTest,31,0,True
1478,NPEX,Commons_Configuration-a76a3a65,0,f4c1b2352df7455f874b89b4f1737c37,org.apache.commons.configuration2.XMLConfiguration,org.apache.commons.configuration2.XMLConfiguration_ESTest,34,0,True
1479,NPEX,Commons_Configuration-a76a3a65,0,ab602db362994cd185d018a3917df20c,org.apache.commons.configuration2.XMLConfiguration,org.apache.commons.configuration2.XMLConfiguration_ESTest,33,0,True
1480,NPEX,Commons_Configuration-a76a3a65,0,e5b5f9d49d5943d989833e5fd134eaf6,org.apache.commons.configuration2.XMLConfiguration,org.apache.commons.configuration2.XMLConfiguration_ESTest,30,0,True
1481,NPEX,Commons_Configuration-a76a3a65,0,c71a4163c20f437f8a12351feba9a0cd,org.apache.commons.configuration2.XMLConfiguration,org.apache.commons.configuration2.XMLConfiguration_ESTest,32,0,True
1482,NPEX,Commons_Configuration-a76a3a65,0,ee7ca1a949214f3c9666ac58c60a42bb,org.apache.commons.configuration2.XMLConfiguration,org.apache.commons.configuration2.XMLConfiguration_ESTest,35,0,True
1483,NPEX,Commons_Configuration-a76a3a65,0,ba769fdd4ca845c693f34515f02022df,org.apache.commons.configuration2.XMLConfiguration,org.apache.commons.configuration2.XMLConfiguration_ESTest,30,0,True
1484,NPEX,Commons_Configuration-a76a3a65,0,8644437ca4e0437198bb38852ae58f93,org.apache.commons.configuration2.XMLConfiguration,org.apache.commons.configuration2.XMLConfiguration_ESTest,32,0,True
1485,NPEX,Commons_Configuration-a76a3a65,0,3afa614d1ed54a45a0e2a21065eb399c,org.apache.commons.configuration2.XMLConfiguration,org.apache.commons.configuration2.XMLConfiguration_ESTest,30,0,True
1486,NPEX,Commons_Configuration-a76a3a65,0,cf061e98a576423cb4c6c69f4f8dae73,org.apache.commons.configuration2.XMLConfiguration,org.apache.commons.configuration2.XMLConfiguration_ESTest,28,0,True
1487,NPEX,Commons_Configuration-a76a3a65,0,55b1bcf40abc46ed97734a1d04cba92d,org.apache.commons.configuration2.XMLConfiguration,org.apache.commons.configuration2.XMLConfiguration_ESTest,30,0,True
1488,NPEX,Commons_Configuration-a76a3a65,0,271dc36f39e5484d9bd8d7c23e1d0bc7,org.apache.commons.configuration2.XMLConfiguration,org.apache.commons.configuration2.XMLConfiguration_ESTest,30,0,True
1489,NPEX,Commons_Configuration-a76a3a65,0,d14a93384e414e31a8999b014eb6bdc9,org.apache.commons.configuration2.XMLConfiguration,org.apache.commons.configuration2.XMLConfiguration_ESTest,31,0,True
1490,NPEX,Commons_Configuration-a76a3a65,0,b8a1af14bdfe4c15ab346e641414ecd7,org.apache.commons.configuration2.XMLConfiguration,org.apache.commons.configuration2.XMLConfiguration_ESTest,32,0,True
1491,NPEX,Commons_Configuration-a76a3a65,0,58da9a561352494caba7c86232da9584,org.apache.commons.configuration2.XMLConfiguration,org.apache.commons.configuration2.XMLConfiguration_ESTest,30,0,True
1492,NPEX,Commons_Configuration-a76a3a65,0,243ef0422d2543189fc90dd4b2521aa5,org.apache.commons.configuration2.XMLConfiguration,org.apache.commons.configuration2.XMLConfiguration_ESTest,32,0,True
1493,NPEX,Commons_Collections-796114ea,0,34be0afcb7304a98bdaa6af7947efbb8,org.apache.commons.collections4.trie.AbstractPatriciaTrie,org.apache.commons.collections4.trie.AbstractPatriciaTrie_ESTest,107,0,False
1494,NPEX,Commons_Collections-796114ea,0,bb41b2461c3c4254916ec10deeb90855,org.apache.commons.collections4.trie.AbstractPatriciaTrie,org.apache.commons.collections4.trie.AbstractPatriciaTrie_ESTest,101,0,False
1495,NPEX,Commons_Collections-796114ea,0,774de3d7f33a4042b3ca0419007027a1,org.apache.commons.collections4.trie.AbstractPatriciaTrie,org.apache.commons.collections4.trie.AbstractPatriciaTrie_ESTest,112,0,False
1496,NPEX,Commons_Collections-796114ea,0,6bdc722977184d789a83f98d1a4d1dc8,org.apache.commons.collections4.trie.AbstractPatriciaTrie,org.apache.commons.collections4.trie.AbstractPatriciaTrie_ESTest,110,0,False
1497,NPEX,Commons_Collections-796114ea,0,dccaf1c14d1e406883dfe0f791c800b7,org.apache.commons.collections4.trie.AbstractPatriciaTrie,org.apache.commons.collections4.trie.AbstractPatriciaTrie_ESTest,109,0,False
1498,NPEX,Commons_Collections-796114ea,0,b1b071c54f4a4d65b57a3b820bc17cda,org.apache.commons.collections4.trie.AbstractPatriciaTrie,org.apache.commons.collections4.trie.AbstractPatriciaTrie_ESTest,97,0,False
1499,NPEX,Commons_Collections-796114ea,0,4d18b066b6b74c1790ade5481621cb3d,org.apache.commons.collections4.trie.AbstractPatriciaTrie,org.apache.commons.collections4.trie.AbstractPatriciaTrie_ESTest,114,0,False
1500,NPEX,Commons_Collections-796114ea,0,7fa64eba869a4b1f9c10630ab368e4f7,org.apache.commons.collections4.trie.AbstractPatriciaTrie,org.apache.commons.collections4.trie.AbstractPatriciaTrie_ESTest,110,0,False
1501,NPEX,Commons_Collections-796114ea,0,e27a485d3276441b857c1b3b96bd6fc3,org.apache.commons.collections4.trie.AbstractPatriciaTrie,org.apache.commons.collections4.trie.AbstractPatriciaTrie_ESTest,107,0,False
1502,NPEX,Commons_Collections-796114ea,0,924d4d0d9e9f49acaa0c9d63fb0a42f0,org.apache.commons.collections4.trie.AbstractPatriciaTrie,org.apache.commons.collections4.trie.AbstractPatriciaTrie_ESTest,115,0,False
1503,NPEX,Commons_Collections-796114ea,0,e652ed0279d44e75b43f32bbcf77ba90,org.apache.commons.collections4.trie.AbstractPatriciaTrie,org.apache.commons.collections4.trie.AbstractPatriciaTrie_ESTest,103,0,False
1504,NPEX,Commons_Collections-796114ea,0,48ab1658daf64b0381b73b489cc081a8,org.apache.commons.collections4.trie.AbstractPatriciaTrie,org.apache.commons.collections4.trie.AbstractPatriciaTrie_ESTest,106,0,False
1505,NPEX,Commons_Collections-796114ea,0,138bdbf671e94a1bb2c5e9600827d00e,org.apache.commons.collections4.trie.AbstractPatriciaTrie,org.apache.commons.collections4.trie.AbstractPatriciaTrie_ESTest,110,0,False
1506,NPEX,Commons_Collections-796114ea,0,20ca5968ec5e47fbaa2ce184295fea36,org.apache.commons.collections4.trie.AbstractPatriciaTrie,org.apache.commons.collections4.trie.AbstractPatriciaTrie_ESTest,112,0,False
1507,NPEX,Commons_Collections-796114ea,0,b01686661454451a9a081c8d37e612df,org.apache.commons.collections4.trie.AbstractPatriciaTrie,org.apache.commons.collections4.trie.AbstractPatriciaTrie_ESTest,102,0,False
1508,NPEX,Commons_Collections-796114ea,0,286863fb63be4f0cb8f86f18679a1431,org.apache.commons.collections4.trie.AbstractPatriciaTrie,org.apache.commons.collections4.trie.AbstractPatriciaTrie_ESTest,106,0,False
1509,NPEX,Commons_Collections-796114ea,0,d77ce817e9c74d038da4beda2370fb88,org.apache.commons.collections4.trie.AbstractPatriciaTrie,org.apache.commons.collections4.trie.AbstractPatriciaTrie_ESTest,106,0,False
1510,NPEX,Commons_Collections-796114ea,0,89756e4394224fa29ea72d6d08ce4eda,org.apache.commons.collections4.trie.AbstractPatriciaTrie,org.apache.commons.collections4.trie.AbstractPatriciaTrie_ESTest,110,0,False
1511,NPEX,Commons_Collections-796114ea,0,c67ea26a435f4bdb81c41b6609990313,org.apache.commons.collections4.trie.AbstractPatriciaTrie,org.apache.commons.collections4.trie.AbstractPatriciaTrie_ESTest,114,0,False
1512,NPEX,Commons_Collections-796114ea,0,a6416e3ce439408dad5f66a076a9e960,org.apache.commons.collections4.trie.AbstractPatriciaTrie,org.apache.commons.collections4.trie.AbstractPatriciaTrie_ESTest,107,0,False
1513,NPEX,Commons_Collections-796114ea,0,ddee162452f4443f918e0bebb39fd506,org.apache.commons.collections4.trie.AbstractPatriciaTrie,org.apache.commons.collections4.trie.AbstractPatriciaTrie_ESTest,96,0,False
1514,NPEX,Commons_Collections-796114ea,0,53799344410f4673a7c4530e093cdec0,org.apache.commons.collections4.trie.AbstractPatriciaTrie,org.apache.commons.collections4.trie.AbstractPatriciaTrie_ESTest,106,0,False
1515,NPEX,Commons_Collections-796114ea,0,1768a6b5ee1a47288b302da937956973,org.apache.commons.collections4.trie.AbstractPatriciaTrie,org.apache.commons.collections4.trie.AbstractPatriciaTrie_ESTest,106,0,False
1516,NPEX,Commons_Collections-796114ea,0,69a1861bed0d4cd8b5e9a24257628483,org.apache.commons.collections4.trie.AbstractPatriciaTrie,org.apache.commons.collections4.trie.AbstractPatriciaTrie_ESTest,110,0,False
1517,NPEX,Commons_Collections-796114ea,0,9fd1fc0927234fa6985d102ee1dd3af3,org.apache.commons.collections4.trie.AbstractPatriciaTrie,org.apache.commons.collections4.trie.AbstractPatriciaTrie_ESTest,112,0,False
1518,NPEX,Commons_Collections-796114ea,0,437a106f2f31400cadf00149e96a18f5,org.apache.commons.collections4.trie.AbstractPatriciaTrie,org.apache.commons.collections4.trie.AbstractPatriciaTrie_ESTest,108,0,False
1519,NPEX,Commons_Collections-796114ea,0,98fc475866cf442aa0c9a5f25722b95b,org.apache.commons.collections4.trie.AbstractPatriciaTrie,org.apache.commons.collections4.trie.AbstractPatriciaTrie_ESTest,104,0,False
1520,NPEX,Commons_Collections-796114ea,0,50ecc93672b74b8b9ff7f9d430f050ee,org.apache.commons.collections4.trie.AbstractPatriciaTrie,org.apache.commons.collections4.trie.AbstractPatriciaTrie_ESTest,112,0,False
1521,NPEX,Picocli-06283710,0,5962ce5c898b4fee943420022583273e,picocli.CommandLine,picocli.CommandLine_ESTest,87,0,False
1522,NPEX,Picocli-06283710,0,4c7da234bd27444bb0a963cd06451b20,picocli.CommandLine,picocli.CommandLine_ESTest,90,0,False
1523,NPEX,Picocli-06283710,0,87201cb8aa6a46aeb3ae72ccc3130c1e,picocli.CommandLine,picocli.CommandLine_ESTest,90,0,False
1524,NPEX,Picocli-06283710,0,72d449ffe92c4278aa7dc5905e5311c2,picocli.CommandLine,picocli.CommandLine_ESTest,96,0,False
1525,NPEX,Picocli-06283710,0,3edc30bf56904d378340db0e10198c64,picocli.CommandLine,picocli.CommandLine_ESTest,91,0,False
1526,NPEX,Picocli-06283710,0,203a3c4ff1b94d40bc2e86c8e30c12e3,picocli.CommandLine,picocli.CommandLine_ESTest,102,0,False
1527,NPEX,Picocli-06283710,0,2266eb70d28649bf897232afd07ab9dd,picocli.CommandLine,picocli.CommandLine_ESTest,107,0,False
1528,NPEX,Picocli-06283710,0,d3baf8832d764a9bba6e43f8c3f72953,picocli.CommandLine,picocli.CommandLine_ESTest,109,0,False
1529,NPEX,Picocli-06283710,0,c94eff3b67c84fffb0f7b2da69461d7f,picocli.CommandLine,picocli.CommandLine_ESTest,108,0,False
1530,NPEX,Picocli-06283710,0,6ed193c0aaed4cd88143a2cdb4963cac,picocli.CommandLine,picocli.CommandLine_ESTest,101,0,False
1531,NPEX,Picocli-06283710,0,b100644d1a8b4d70a82018e0500431ac,picocli.CommandLine,picocli.CommandLine_ESTest,102,0,False
1532,NPEX,Picocli-06283710,0,d161706347734328809814e68bb9aa39,picocli.CommandLine,picocli.CommandLine_ESTest,103,0,False
1533,NPEX,Picocli-06283710,0,78b2c22ec8c3448aa3be323fba56686e,picocli.CommandLine,picocli.CommandLine_ESTest,100,0,False
1534,NPEX,Picocli-06283710,0,22f667b7c33049aab6b4bb1e7971e847,picocli.CommandLine,picocli.CommandLine_ESTest,91,0,False
1535,NPEX,Picocli-06283710,0,843104aae8bd41c8af8724afd1d5a313,picocli.CommandLine,picocli.CommandLine_ESTest,103,0,False
1536,NPEX,Picocli-06283710,0,f1229d0e40094f9db0f3d15add3149a6,picocli.CommandLine,picocli.CommandLine_ESTest,105,0,False
1537,NPEX,Picocli-06283710,0,54916e9296104374abf93bd5b7edb25e,picocli.CommandLine,picocli.CommandLine_ESTest,100,0,False
1538,NPEX,Picocli-06283710,0,c922aa8a366944b7b99ac1388fc4479e,picocli.CommandLine,picocli.CommandLine_ESTest,104,0,False
1539,NPEX,Picocli-06283710,0,6b1d76eaf70c439baf6cfe86b87989fc,picocli.CommandLine,picocli.CommandLine_ESTest,111,0,False
1540,NPEX,Picocli-06283710,0,8a91eb0d59a54961a5953b72de783240,picocli.CommandLine,picocli.CommandLine_ESTest,105,0,False
1541,NPEX,Picocli-06283710,0,401ca4bd50554608b52a32342af46eea,picocli.CommandLine,picocli.CommandLine_ESTest,105,0,False
1542,NPEX,Picocli-06283710,0,1997a76edef440e2aa9f3b4ada8f8976,picocli.CommandLine,picocli.CommandLine_ESTest,100,0,False
1543,NPEX,Picocli-06283710,0,9ff673d6a53b4349bc9dcce5046ab159,picocli.CommandLine,picocli.CommandLine_ESTest,105,0,False
1544,NPEX,Picocli-06283710,0,155d726c28534f31b99d46664ce11911,picocli.CommandLine,picocli.CommandLine_ESTest,109,0,False
1545,NPEX,Picocli-06283710,0,12d47570b9f643beafbb07c8af674b90,picocli.CommandLine,picocli.CommandLine_ESTest,100,0,False
1546,NPEX,Picocli-06283710,0,0e806ea077e240a9a1ac86f85184d96e,picocli.CommandLine,picocli.CommandLine_ESTest,103,0,False
1547,NPEX,Picocli-06283710,0,816c6f644c8944d89b7ef4329bc2abee,picocli.CommandLine,picocli.CommandLine_ESTest,99,0,False
1548,NPEX,Picocli-06283710,0,a0d8a3b0d4824100aff2077a4ff6060d,picocli.CommandLine,picocli.CommandLine_ESTest,95,0,False
1549,NPEX,Picocli-06283710,0,92974b3df2e0411ba8c67e0acfc7ac90,picocli.CommandLine,picocli.CommandLine_ESTest,104,0,False
1550,NPEX,Feign-9c5a52d6,0,7aebd79331824a448ebc4742b2f286fd,feign.Response,feign.Response_ESTest,18,0,False
1551,NPEX,Feign-9c5a52d6,0,3c0d979085a542d0a869abc0c57af055,feign.Response,feign.Response_ESTest,13,0,False
1552,NPEX,Feign-9c5a52d6,0,62630eff5c924b4382eceeb326a031d4,feign.Response,feign.Response_ESTest,13,0,False
1553,NPEX,Feign-9c5a52d6,0,9d59b2f1b14b4dbb9a8740c456e9ef4f,feign.Response,feign.Response_ESTest,12,0,False
1554,NPEX,Feign-9c5a52d6,0,1400c9c879874ef9ac28166c44ae0df7,feign.Response,feign.Response_ESTest,12,0,False
1555,NPEX,Feign-9c5a52d6,0,5e6cb75c04f149458e95b94b102bf720,feign.Response,feign.Response_ESTest,19,0,False
1556,NPEX,Feign-9c5a52d6,0,37afccb11cd44ff99e30f1dad12c8130,feign.Response,feign.Response_ESTest,18,0,False
1557,NPEX,Feign-9c5a52d6,0,5111a4436d914d1580cfd780a99af1dd,feign.Response,feign.Response_ESTest,13,0,False
1558,NPEX,Feign-9c5a52d6,0,fa93fd00676845979253b30622d1f90d,feign.Response,feign.Response_ESTest,12,0,False
1559,NPEX,Feign-9c5a52d6,0,d80a908ab3854b00b272356fc5e5f73f,feign.Response,feign.Response_ESTest,14,0,False
1560,NPEX,Feign-9c5a52d6,0,83564f821f8f411aa9243f7ab4885ab3,feign.Response,feign.Response_ESTest,12,0,False
1561,NPEX,Feign-9c5a52d6,0,acc5f414130a4f09914ff52ce396b150,feign.Response,feign.Response_ESTest,12,0,False
1562,NPEX,Feign-9c5a52d6,0,a1649a4c73ef4e059906789f2875bcdd,feign.Response,feign.Response_ESTest,13,0,False
1563,NPEX,Feign-9c5a52d6,0,acda1067a35647449f4c56926483489b,feign.Response,feign.Response_ESTest,13,0,False
1564,NPEX,Feign-9c5a52d6,0,17c7b0b8747f4cfcb0226254eba808a8,feign.Response,feign.Response_ESTest,13,0,False
1565,NPEX,Feign-9c5a52d6,0,11df475c229941baa84e5a8fb65d98d3,feign.Response,feign.Response_ESTest,11,0,False
1566,NPEX,Feign-9c5a52d6,0,c505c19773dc475083b8bdb7bc5f12ca,feign.Response,feign.Response_ESTest,11,0,True
1567,NPEX,Feign-9c5a52d6,0,a39e556a1d4c4c659a84197ddbcc5da7,feign.Response,feign.Response_ESTest,12,0,False
1568,NPEX,Feign-9c5a52d6,0,2a89b48cb09c4cfb9f6b944c7459c3f4,feign.Response,feign.Response_ESTest,11,0,False
1569,NPEX,Feign-9c5a52d6,0,d3360b6e1ac243e98bec5e8cc9ee2745,feign.Response,feign.Response_ESTest,12,0,False
1570,NPEX,Feign-9c5a52d6,0,3a9ffea90d2c4037bd3c9be1fdcb6bce,feign.Response,feign.Response_ESTest,12,0,False
1571,NPEX,Feign-9c5a52d6,0,36e9fe7af3b449c882e32245b794da5f,feign.Response,feign.Response_ESTest,12,0,False
1572,NPEX,Feign-9c5a52d6,0,8714308ec3dd4e14972a99035efbe762,feign.Response,feign.Response_ESTest,13,0,True
1573,NPEX,Feign-9c5a52d6,0,58147944427e4975bea8cf88a0bbce2e,feign.Response,feign.Response_ESTest,12,0,False
1574,NPEX,Feign-9c5a52d6,0,0f2e97bce7b5462197b39d2a3babd08a,feign.Response,feign.Response_ESTest,12,0,False
1575,NPEX,Feign-9c5a52d6,0,f6f379efdee3442187141448080e4aa4,feign.Response,feign.Response_ESTest,14,0,False
1576,NPEX,Feign-9c5a52d6,0,3f329597f3534df0b2ec47a0e5cb3df2,feign.Response,feign.Response_ESTest,11,0,False
1577,NPEX,Feign-9c5a52d6,0,400c80986a6c4c479d53b0b8697d0c4c,feign.Response,feign.Response_ESTest,12,0,False
1578,NPEX,Feign-9c5a52d6,0,341d03b239a14eb6ae204195b6099d31,feign.Response,feign.Response_ESTest,13,0,False
1579,NPEX,Commons_DBCP-2ee3c53e,0,7763fd10371b4e9aa695f09f025d66ce,org.apache.commons.dbcp2.cpdsadapter.DriverAdapterCPDS,org.apache.commons.dbcp2.cpdsadapter.DriverAdapterCPDS_ESTest,57,0,True
1580,NPEX,Commons_DBCP-2ee3c53e,0,27fd417283fb4cfcb4041d6304000478,org.apache.commons.dbcp2.cpdsadapter.DriverAdapterCPDS,org.apache.commons.dbcp2.cpdsadapter.DriverAdapterCPDS_ESTest,54,0,True
1581,NPEX,Commons_DBCP-2ee3c53e,0,01ca0411ef8e48928eeed7c01b08ebb4,org.apache.commons.dbcp2.cpdsadapter.DriverAdapterCPDS,org.apache.commons.dbcp2.cpdsadapter.DriverAdapterCPDS_ESTest,55,0,True
1582,NPEX,Commons_DBCP-2ee3c53e,0,42cb731bc09a45baa5c1ad78a6d7ccde,org.apache.commons.dbcp2.cpdsadapter.DriverAdapterCPDS,org.apache.commons.dbcp2.cpdsadapter.DriverAdapterCPDS_ESTest,53,0,True
1583,NPEX,Commons_DBCP-2ee3c53e,0,9359c7afed234e7e9f925f08035c02b4,org.apache.commons.dbcp2.cpdsadapter.DriverAdapterCPDS,org.apache.commons.dbcp2.cpdsadapter.DriverAdapterCPDS_ESTest,57,0,True
1584,NPEX,Commons_DBCP-2ee3c53e,0,2a275e14be924b49be4ea328189485c7,org.apache.commons.dbcp2.cpdsadapter.DriverAdapterCPDS,org.apache.commons.dbcp2.cpdsadapter.DriverAdapterCPDS_ESTest,54,0,True
1585,NPEX,Commons_DBCP-2ee3c53e,0,b5022629af284000845149b77cc9bb45,org.apache.commons.dbcp2.cpdsadapter.DriverAdapterCPDS,org.apache.commons.dbcp2.cpdsadapter.DriverAdapterCPDS_ESTest,56,0,True
1586,NPEX,Commons_DBCP-2ee3c53e,0,eccf9bfb31cf46e6b9fa54cfc7045565,org.apache.commons.dbcp2.cpdsadapter.DriverAdapterCPDS,org.apache.commons.dbcp2.cpdsadapter.DriverAdapterCPDS_ESTest,56,0,True
1587,NPEX,Commons_DBCP-2ee3c53e,0,e18e4ea827944efebf6049b676c3b068,org.apache.commons.dbcp2.cpdsadapter.DriverAdapterCPDS,org.apache.commons.dbcp2.cpdsadapter.DriverAdapterCPDS_ESTest,52,0,True
1588,NPEX,Commons_DBCP-2ee3c53e,0,b93740b2bda64ee39c7aba20e43c60a5,org.apache.commons.dbcp2.cpdsadapter.DriverAdapterCPDS,org.apache.commons.dbcp2.cpdsadapter.DriverAdapterCPDS_ESTest,58,0,True
1589,NPEX,Commons_DBCP-2ee3c53e,0,95cd5dd340794768995c481e5c3278af,org.apache.commons.dbcp2.cpdsadapter.DriverAdapterCPDS,org.apache.commons.dbcp2.cpdsadapter.DriverAdapterCPDS_ESTest,54,0,True
1590,NPEX,Commons_DBCP-2ee3c53e,0,5f1032ef398843828673f06da30c6a09,org.apache.commons.dbcp2.cpdsadapter.DriverAdapterCPDS,org.apache.commons.dbcp2.cpdsadapter.DriverAdapterCPDS_ESTest,58,0,True
1591,NPEX,Commons_DBCP-2ee3c53e,0,9ff3b6786e4242ff94a7ec6c754defed,org.apache.commons.dbcp2.cpdsadapter.DriverAdapterCPDS,org.apache.commons.dbcp2.cpdsadapter.DriverAdapterCPDS_ESTest,50,0,True
1592,NPEX,Commons_DBCP-2ee3c53e,0,25e7dd6098fa4fa5b5ba8ee629021c67,org.apache.commons.dbcp2.cpdsadapter.DriverAdapterCPDS,org.apache.commons.dbcp2.cpdsadapter.DriverAdapterCPDS_ESTest,68,0,True
1593,NPEX,Commons_DBCP-2ee3c53e,0,308a698bf88b42c3adbef81c716afa4b,org.apache.commons.dbcp2.cpdsadapter.DriverAdapterCPDS,org.apache.commons.dbcp2.cpdsadapter.DriverAdapterCPDS_ESTest,53,0,True
1594,NPEX,Commons_DBCP-2ee3c53e,0,27614e3e67d64e41b9c0afe52c4384cf,org.apache.commons.dbcp2.cpdsadapter.DriverAdapterCPDS,org.apache.commons.dbcp2.cpdsadapter.DriverAdapterCPDS_ESTest,54,0,True
1595,NPEX,Commons_DBCP-2ee3c53e,0,cdbf650ee6bf4313b50ccd1d3ef99e9b,org.apache.commons.dbcp2.cpdsadapter.DriverAdapterCPDS,org.apache.commons.dbcp2.cpdsadapter.DriverAdapterCPDS_ESTest,54,0,True
1596,NPEX,Commons_DBCP-2ee3c53e,0,9e10f15e7c9044fbb5e1de201a7a842d,org.apache.commons.dbcp2.cpdsadapter.DriverAdapterCPDS,org.apache.commons.dbcp2.cpdsadapter.DriverAdapterCPDS_ESTest,54,0,True
1597,NPEX,Commons_DBCP-2ee3c53e,0,175753d9caaa459785b81aefc74a7a2c,org.apache.commons.dbcp2.cpdsadapter.DriverAdapterCPDS,org.apache.commons.dbcp2.cpdsadapter.DriverAdapterCPDS_ESTest,53,0,True
1598,NPEX,Commons_DBCP-2ee3c53e,0,165059064f5e4ce68e8fe6f28bdcd505,org.apache.commons.dbcp2.cpdsadapter.DriverAdapterCPDS,org.apache.commons.dbcp2.cpdsadapter.DriverAdapterCPDS_ESTest,53,0,True
1599,NPEX,Commons_DBCP-2ee3c53e,0,e0a6dfe57d3d4632a2ed3a5ffb0ed384,org.apache.commons.dbcp2.cpdsadapter.DriverAdapterCPDS,org.apache.commons.dbcp2.cpdsadapter.DriverAdapterCPDS_ESTest,58,0,True
1600,NPEX,Commons_DBCP-2ee3c53e,0,02e3d4bb2ee04054b9281d0cd193b940,org.apache.commons.dbcp2.cpdsadapter.DriverAdapterCPDS,org.apache.commons.dbcp2.cpdsadapter.DriverAdapterCPDS_ESTest,57,0,True
1601,NPEX,Java_WebSocket-a2b35482,0,8a4279c7d0f340ba846edcfdb65e5c2b,org.java_websocket.server.WebSocketServer,org.java_websocket.server.WebSocketServer_ESTest,0,0,False
1602,NPEX,Java_WebSocket-a2b35482,0,0902149f5b17446fb16d729fdeab8e55,org.java_websocket.server.WebSocketServer,org.java_websocket.server.WebSocketServer_ESTest,0,0,False
1603,NPEX,Java_WebSocket-a2b35482,0,d65bca0d100e4d2dae897d9036b025c4,org.java_websocket.server.WebSocketServer,org.java_websocket.server.WebSocketServer_ESTest,0,0,False
1604,NPEX,Java_WebSocket-a2b35482,0,3f490fc445f84927be3d547ffc7d7723,org.java_websocket.server.WebSocketServer,org.java_websocket.server.WebSocketServer_ESTest,0,0,False
1605,NPEX,Java_WebSocket-a2b35482,0,79792b7e7da542bf80bdebcbab0f8316,org.java_websocket.server.WebSocketServer,org.java_websocket.server.WebSocketServer_ESTest,0,0,False
1606,NPEX,Java_WebSocket-a2b35482,0,f42408d7a8b343a4b91ba77c54612f07,org.java_websocket.server.WebSocketServer,org.java_websocket.server.WebSocketServer_ESTest,0,0,False
1607,NPEX,Java_WebSocket-a2b35482,0,fa29c71e6ced48bba1de6325f4aad695,org.java_websocket.server.WebSocketServer,org.java_websocket.server.WebSocketServer_ESTest,0,0,False
1608,NPEX,Java_WebSocket-a2b35482,0,1006573763024070af0f8a42dec339dd,org.java_websocket.server.WebSocketServer,org.java_websocket.server.WebSocketServer_ESTest,0,0,False
1609,NPEX,Java_WebSocket-a2b35482,0,d0619a8e76ae48f69d86197ef5b899ce,org.java_websocket.server.WebSocketServer,org.java_websocket.server.WebSocketServer_ESTest,0,0,False
1610,NPEX,Java_WebSocket-a2b35482,0,74d9ccfdc16042baa1c6ff1aa377bcae,org.java_websocket.server.WebSocketServer,org.java_websocket.server.WebSocketServer_ESTest,0,0,False
1611,NPEX,Java_WebSocket-a2b35482,0,f84e367c0f534ee0a403df952f216afb,org.java_websocket.server.WebSocketServer,org.java_websocket.server.WebSocketServer_ESTest,0,0,False
1612,NPEX,Java_WebSocket-a2b35482,0,752dc61be51d49c289073cd3ec653335,org.java_websocket.server.WebSocketServer,org.java_websocket.server.WebSocketServer_ESTest,0,0,False
1613,NPEX,Java_WebSocket-a2b35482,0,98ee08f4d0bd44bc833568102cb3665b,org.java_websocket.server.WebSocketServer,org.java_websocket.server.WebSocketServer_ESTest,0,0,False
1614,NPEX,Java_WebSocket-a2b35482,0,b2448e40641a44febb6a6bd706436212,org.java_websocket.server.WebSocketServer,org.java_websocket.server.WebSocketServer_ESTest,0,0,False
1615,NPEX,Java_WebSocket-a2b35482,0,3cedb1803fce46ce92c97d109a132fb8,org.java_websocket.server.WebSocketServer,org.java_websocket.server.WebSocketServer_ESTest,0,0,False
1616,NPEX,Java_WebSocket-a2b35482,0,57a16228b92b4124a00f2f3bc81a6620,org.java_websocket.server.WebSocketServer,org.java_websocket.server.WebSocketServer_ESTest,0,0,False
1617,NPEX,Java_WebSocket-a2b35482,0,0481e66d50df4ee29f8c73edae333f51,org.java_websocket.server.WebSocketServer,org.java_websocket.server.WebSocketServer_ESTest,0,0,False
1618,NPEX,Java_WebSocket-a2b35482,0,af11fd89994a4be297097f73ab6d68fd,org.java_websocket.server.WebSocketServer,org.java_websocket.server.WebSocketServer_ESTest,0,0,False
1619,NPEX,Java_WebSocket-a2b35482,0,53ee86c0661045d5802f0a5f51e8461e,org.java_websocket.server.WebSocketServer,org.java_websocket.server.WebSocketServer_ESTest,0,0,False
1620,NPEX,Java_WebSocket-a2b35482,0,c3f3fa04c2674bcf975b031403d7e2d7,org.java_websocket.server.WebSocketServer,org.java_websocket.server.WebSocketServer_ESTest,0,0,False
1621,NPEX,Java_WebSocket-a2b35482,0,4e568854283946ddb18f58e5658b3447,org.java_websocket.server.WebSocketServer,org.java_websocket.server.WebSocketServer_ESTest,0,0,False
1622,NPEX,Java_WebSocket-a2b35482,0,72d1985b13574762be9104c77221c1ad,org.java_websocket.server.WebSocketServer,org.java_websocket.server.WebSocketServer_ESTest,0,0,False
1623,NPEX,Java_WebSocket-a2b35482,0,8d65feff3716401c8e588d49899c425e,org.java_websocket.server.WebSocketServer,org.java_websocket.server.WebSocketServer_ESTest,0,0,False
1624,NPEX,Java_WebSocket-a2b35482,0,3e437039471b4ba8a46523bdeab2d135,org.java_websocket.server.WebSocketServer,org.java_websocket.server.WebSocketServer_ESTest,0,0,False
1625,NPEX,Java_WebSocket-a2b35482,0,8a8e5607d7e540c389c2f299f17d4e7f,org.java_websocket.server.WebSocketServer,org.java_websocket.server.WebSocketServer_ESTest,0,0,False
1626,NPEX,Java_WebSocket-a2b35482,0,a16af9e5a4954ee488c2bee719363a75,org.java_websocket.server.WebSocketServer,org.java_websocket.server.WebSocketServer_ESTest,0,0,False
1627,NPEX,Java_WebSocket-a2b35482,0,dfd52b0a8a3842aeb76fdf18052a7e7c,org.java_websocket.server.WebSocketServer,org.java_websocket.server.WebSocketServer_ESTest,0,0,False
1628,NPEX,Java_WebSocket-a2b35482,0,470ce358abbc45ceb91c23e3c78c509e,org.java_websocket.server.WebSocketServer,org.java_websocket.server.WebSocketServer_ESTest,0,0,False
1629,NPEX,Java_WebSocket-a2b35482,0,904bb9abcabc48e3b68fb4d8b27ab17e,org.java_websocket.server.WebSocketServer,org.java_websocket.server.WebSocketServer_ESTest,0,0,False
1630,NPEX,Java_WebSocket-a2b35482,0,c54df36993f044ceb1c94333681ba5ab,org.java_websocket.server.WebSocketServer,org.java_websocket.server.WebSocketServer_ESTest,0,0,False
1631,NPEX,JSqlParser-66e44c95,0,6e4f284e2a6b45c99950614eb9f2a84e,net.sf.jsqlparser.expression.ExpressionVisitorAdapter,net.sf.jsqlparser.expression.ExpressionVisitorAdapter_ESTest,77,0,False
1632,NPEX,JSqlParser-66e44c95,0,58fcf71336154adeaff5205a40915445,net.sf.jsqlparser.expression.ExpressionVisitorAdapter,net.sf.jsqlparser.expression.ExpressionVisitorAdapter_ESTest,79,0,False
1633,NPEX,JSqlParser-66e44c95,0,57c09060d4474e7e9218608be4a059a5,net.sf.jsqlparser.expression.ExpressionVisitorAdapter,net.sf.jsqlparser.expression.ExpressionVisitorAdapter_ESTest,83,0,False
1634,NPEX,JSqlParser-66e44c95,0,4a2c747debad444da299ac5ac2c94208,net.sf.jsqlparser.expression.ExpressionVisitorAdapter,net.sf.jsqlparser.expression.ExpressionVisitorAdapter_ESTest,81,0,False
1635,NPEX,JSqlParser-66e44c95,0,c6f7a209436f4bb2bff8920b2ff2b3e3,net.sf.jsqlparser.expression.ExpressionVisitorAdapter,net.sf.jsqlparser.expression.ExpressionVisitorAdapter_ESTest,79,0,False
1636,NPEX,JSqlParser-66e44c95,0,0dee45ded67642b893c07b0b359d4246,net.sf.jsqlparser.expression.ExpressionVisitorAdapter,net.sf.jsqlparser.expression.ExpressionVisitorAdapter_ESTest,77,0,False
1637,NPEX,JSqlParser-66e44c95,0,b2274cbd1bf645e58925bd23b4726702,net.sf.jsqlparser.expression.ExpressionVisitorAdapter,net.sf.jsqlparser.expression.ExpressionVisitorAdapter_ESTest,83,0,False
1638,NPEX,JSqlParser-66e44c95,0,9130f5cb4e344f4a9e0801c5ab8f8303,net.sf.jsqlparser.expression.ExpressionVisitorAdapter,net.sf.jsqlparser.expression.ExpressionVisitorAdapter_ESTest,82,0,False
1639,NPEX,JSqlParser-66e44c95,0,187570b33d3e4bfebc2760e7010ca0f9,net.sf.jsqlparser.expression.ExpressionVisitorAdapter,net.sf.jsqlparser.expression.ExpressionVisitorAdapter_ESTest,83,0,False
1640,NPEX,JSqlParser-66e44c95,0,de79a80b9f404c48ad25f8f499966297,net.sf.jsqlparser.expression.ExpressionVisitorAdapter,net.sf.jsqlparser.expression.ExpressionVisitorAdapter_ESTest,80,0,False
1641,NPEX,JSqlParser-66e44c95,0,31f75c1e1d044d6fafa3462d77451682,net.sf.jsqlparser.expression.ExpressionVisitorAdapter,net.sf.jsqlparser.expression.ExpressionVisitorAdapter_ESTest,80,0,False
1642,NPEX,JSqlParser-66e44c95,0,736dc25a844c42fdbc41e87851bc1aff,net.sf.jsqlparser.expression.ExpressionVisitorAdapter,net.sf.jsqlparser.expression.ExpressionVisitorAdapter_ESTest,82,0,False
1643,NPEX,JSqlParser-66e44c95,0,5f7868894c4742e18c0d634873338eb9,net.sf.jsqlparser.expression.ExpressionVisitorAdapter,net.sf.jsqlparser.expression.ExpressionVisitorAdapter_ESTest,77,0,False
1644,NPEX,JSqlParser-66e44c95,0,61a6d86841aa4fab9541d7bb94a7a94a,net.sf.jsqlparser.expression.ExpressionVisitorAdapter,net.sf.jsqlparser.expression.ExpressionVisitorAdapter_ESTest,77,0,True
1645,NPEX,JSqlParser-66e44c95,0,2501a1c1c9344d93ad3e65ceda980afe,net.sf.jsqlparser.expression.ExpressionVisitorAdapter,net.sf.jsqlparser.expression.ExpressionVisitorAdapter_ESTest,85,0,False
1646,NPEX,JSqlParser-66e44c95,0,1b47513ecb264c479f7d7c4ecf30a303,net.sf.jsqlparser.expression.ExpressionVisitorAdapter,net.sf.jsqlparser.expression.ExpressionVisitorAdapter_ESTest,78,0,False
1647,NPEX,JSqlParser-66e44c95,0,ce823e6eb9eb4017abdfb9c39e4b55b4,net.sf.jsqlparser.expression.ExpressionVisitorAdapter,net.sf.jsqlparser.expression.ExpressionVisitorAdapter_ESTest,82,0,False
1648,NPEX,JSqlParser-66e44c95,0,55f194e186b441d387fe4a472933b26f,net.sf.jsqlparser.expression.ExpressionVisitorAdapter,net.sf.jsqlparser.expression.ExpressionVisitorAdapter_ESTest,84,0,False
1649,NPEX,JSqlParser-66e44c95,0,9539d16ce1cd4daaaf24dd2c77d7fb3a,net.sf.jsqlparser.expression.ExpressionVisitorAdapter,net.sf.jsqlparser.expression.ExpressionVisitorAdapter_ESTest,82,0,False
1650,NPEX,JSqlParser-66e44c95,0,153a7fc87a2f4be896b3c1b3d393f58f,net.sf.jsqlparser.expression.ExpressionVisitorAdapter,net.sf.jsqlparser.expression.ExpressionVisitorAdapter_ESTest,78,0,False
1651,NPEX,JSqlParser-66e44c95,0,1538104af7834335a4c5ebe79fc6bfa6,net.sf.jsqlparser.expression.ExpressionVisitorAdapter,net.sf.jsqlparser.expression.ExpressionVisitorAdapter_ESTest,77,0,False
1652,NPEX,JSqlParser-66e44c95,0,39113ff96ef741428699d6013d238b2c,net.sf.jsqlparser.expression.ExpressionVisitorAdapter,net.sf.jsqlparser.expression.ExpressionVisitorAdapter_ESTest,84,0,True
1653,NPEX,JSqlParser-66e44c95,0,48e31e84060c4c4eac2cdb1cf8ff6cfb,net.sf.jsqlparser.expression.ExpressionVisitorAdapter,net.sf.jsqlparser.expression.ExpressionVisitorAdapter_ESTest,81,0,False
1654,NPEX,JSqlParser-66e44c95,0,899f94a6e54d42368c6cd3a72f38dbdb,net.sf.jsqlparser.expression.ExpressionVisitorAdapter,net.sf.jsqlparser.expression.ExpressionVisitorAdapter_ESTest,82,0,False
1655,NPEX,JSqlParser-66e44c95,0,793f69a95ddb497d8fdb0f6d097f77a3,net.sf.jsqlparser.expression.ExpressionVisitorAdapter,net.sf.jsqlparser.expression.ExpressionVisitorAdapter_ESTest,79,0,False
1656,NPEX,JSqlParser-66e44c95,0,2da4f20c373f4af38ba6c64f444e293e,net.sf.jsqlparser.expression.ExpressionVisitorAdapter,net.sf.jsqlparser.expression.ExpressionVisitorAdapter_ESTest,82,0,False
1657,NPEX,JSqlParser-66e44c95,0,c274d031aee844ba8e3baf471e944fcc,net.sf.jsqlparser.expression.ExpressionVisitorAdapter,net.sf.jsqlparser.expression.ExpressionVisitorAdapter_ESTest,80,0,False
1658,NPEX,JSqlParser-66e44c95,0,91cbb42c7f814741bd9a11e987a52c09,net.sf.jsqlparser.expression.ExpressionVisitorAdapter,net.sf.jsqlparser.expression.ExpressionVisitorAdapter_ESTest,79,0,False
1659,NPEX,JSqlParser-66e44c95,0,ec3df566a28a4536a4517025d454f35c,net.sf.jsqlparser.expression.ExpressionVisitorAdapter,net.sf.jsqlparser.expression.ExpressionVisitorAdapter_ESTest,80,0,False
1660,NPEX,JSqlParser-66e44c95,0,8d01ed68651742aca7a7b4c645a62e6d,net.sf.jsqlparser.expression.ExpressionVisitorAdapter,net.sf.jsqlparser.expression.ExpressionVisitorAdapter_ESTest,78,0,False
1661,NPEX,jsoup-8b837a43,0,068496f941794a1cacaf3e20837f9f63,org.jsoup.nodes.Attribute,org.jsoup.nodes.Attribute_ESTest,42,0,True
1662,NPEX,jsoup-8b837a43,0,6a44a87793eb4a1a95fd0015c763856c,org.jsoup.nodes.Attribute,org.jsoup.nodes.Attribute_ESTest,45,0,True
1663,NPEX,jsoup-8b837a43,0,65fdc81986c6436582e46ba90e585dd7,org.jsoup.nodes.Attribute,org.jsoup.nodes.Attribute_ESTest,40,0,True
1664,NPEX,jsoup-8b837a43,0,b0b1d6bd7137490eb3ce3303eff7483a,org.jsoup.nodes.Attribute,org.jsoup.nodes.Attribute_ESTest,44,0,True
1665,NPEX,jsoup-8b837a43,0,29ed3f144b4a46c1b97fd97e8de7f4c4,org.jsoup.nodes.Attribute,org.jsoup.nodes.Attribute_ESTest,38,0,True
1666,NPEX,jsoup-8b837a43,0,70fad3e4594b4bdaa4685d40e4ea4397,org.jsoup.nodes.Attribute,org.jsoup.nodes.Attribute_ESTest,40,0,True
1667,NPEX,jsoup-8b837a43,0,92bc5424311a46e9b4c2267a21e9f56b,org.jsoup.nodes.Attribute,org.jsoup.nodes.Attribute_ESTest,40,0,True
1668,NPEX,jsoup-8b837a43,0,68a7f2e00fe44db0b72c8d6496bc6f32,org.jsoup.nodes.Attribute,org.jsoup.nodes.Attribute_ESTest,41,0,True
1669,NPEX,jsoup-8b837a43,0,7a932fe25a514c71aadcba46578bab67,org.jsoup.nodes.Attribute,org.jsoup.nodes.Attribute_ESTest,43,0,True
1670,NPEX,jsoup-8b837a43,0,5a3284cdae2c45edaa6a8c737b22b463,org.jsoup.nodes.Attribute,org.jsoup.nodes.Attribute_ESTest,43,0,True
1671,NPEX,jsoup-8b837a43,0,bd5ee124711345ccad705f4ef0e8fbc4,org.jsoup.nodes.Attribute,org.jsoup.nodes.Attribute_ESTest,42,0,True
1672,NPEX,jsoup-8b837a43,0,ce0f6f3f91864831a1c4d56e57fa4fa5,org.jsoup.nodes.Attribute,org.jsoup.nodes.Attribute_ESTest,43,0,True
1673,NPEX,jsoup-8b837a43,0,cac20265a7f14d36a49be1c0c76b637c,org.jsoup.nodes.Attribute,org.jsoup.nodes.Attribute_ESTest,44,0,True
1674,NPEX,jsoup-8b837a43,0,45655effdeee4512a882f919a6e4545a,org.jsoup.nodes.Attribute,org.jsoup.nodes.Attribute_ESTest,46,0,True
1675,NPEX,jsoup-8b837a43,0,f592bb1779b442459641c2959d5d2642,org.jsoup.nodes.Attribute,org.jsoup.nodes.Attribute_ESTest,38,0,True
1676,NPEX,jsoup-8b837a43,0,422dcbdccdac453fae14eb1fcd9440fe,org.jsoup.nodes.Attribute,org.jsoup.nodes.Attribute_ESTest,38,0,True
1677,NPEX,jsoup-8b837a43,0,762ad2e27b214da78216291c1639c7dc,org.jsoup.nodes.Attribute,org.jsoup.nodes.Attribute_ESTest,45,0,True
1678,NPEX,jsoup-8b837a43,0,93f15879301d414587dfbb3f3b3c38b2,org.jsoup.nodes.Attribute,org.jsoup.nodes.Attribute_ESTest,39,0,True
1679,NPEX,jsoup-8b837a43,0,e62611b41be244f898fc505cc4c9b764,org.jsoup.nodes.Attribute,org.jsoup.nodes.Attribute_ESTest,42,0,True
1680,NPEX,jsoup-8b837a43,0,f338a27c49934c3392e5b5c8cf68c499,org.jsoup.nodes.Attribute,org.jsoup.nodes.Attribute_ESTest,40,0,True
1681,NPEX,jsoup-8b837a43,0,106deac2b16349e78210abc2ad425fb8,org.jsoup.nodes.Attribute,org.jsoup.nodes.Attribute_ESTest,39,0,True
1682,NPEX,jsoup-8b837a43,0,e3197ea444014b689798ef46598d099b,org.jsoup.nodes.Attribute,org.jsoup.nodes.Attribute_ESTest,38,0,True
1683,NPEX,jsoup-8b837a43,0,6c56955f3eb1462dba3d8e877df7a063,org.jsoup.nodes.Attribute,org.jsoup.nodes.Attribute_ESTest,37,0,True
1684,NPEX,jsoup-8b837a43,0,4967fc35db0047dcaaca6daffd578283,org.jsoup.nodes.Attribute,org.jsoup.nodes.Attribute_ESTest,41,0,True
1685,NPEX,jsoup-8b837a43,0,320122b08735411cbb0b8d652927d962,org.jsoup.nodes.Attribute,org.jsoup.nodes.Attribute_ESTest,39,0,False
1686,NPEX,jsoup-8b837a43,0,870f1a50a47847a9a5ef38075c968fe6,org.jsoup.nodes.Attribute,org.jsoup.nodes.Attribute_ESTest,38,0,True
1687,NPEX,jsoup-8b837a43,0,5ec5479505ae40c58dcc9ee2407c7f1d,org.jsoup.nodes.Attribute,org.jsoup.nodes.Attribute_ESTest,43,0,True
1688,NPEX,jsoup-8b837a43,0,3ceeea8447dc4eecb91f77e18ea3215e,org.jsoup.nodes.Attribute,org.jsoup.nodes.Attribute_ESTest,42,0,True
1689,NPEX,jsoup-8b837a43,0,ba61bcdb61cc465a8d9a7c7f26c720e7,org.jsoup.nodes.Attribute,org.jsoup.nodes.Attribute_ESTest,45,0,True
1690,NPEX,jsoup-8b837a43,0,5b2dc4964252495995b2aaefc903ff89,org.jsoup.nodes.Attribute,org.jsoup.nodes.Attribute_ESTest,43,0,True
1691,NPEX,Sling_Pipes-81059025,0,50ceb38c64b44d8d822eb1b52b6a21b1,org.apache.sling.pipes.PipeBindings,org.apache.sling.pipes.PipeBindings_ESTest$1,1,0,False
1692,NPEX,Sling_Pipes-81059025,0,50ceb38c64b44d8d822eb1b52b6a21b1,org.apache.sling.pipes.PipeBindings,org.apache.sling.pipes.PipeBindings_ESTest,1,0,False
1693,NPEX,Sling_Pipes-81059025,0,ced3b55ee4084e958e6b68bd40caa9df,org.apache.sling.pipes.PipeBindings,org.apache.sling.pipes.PipeBindings_ESTest$1,1,0,False
1694,NPEX,Sling_Pipes-81059025,0,ced3b55ee4084e958e6b68bd40caa9df,org.apache.sling.pipes.PipeBindings,org.apache.sling.pipes.PipeBindings_ESTest,1,0,False
1695,NPEX,Sling_Pipes-81059025,0,82709447ce494ceebbc49f9e15c4b5a3,org.apache.sling.pipes.PipeBindings,org.apache.sling.pipes.PipeBindings_ESTest$1,1,0,False
1696,NPEX,Sling_Pipes-81059025,0,82709447ce494ceebbc49f9e15c4b5a3,org.apache.sling.pipes.PipeBindings,org.apache.sling.pipes.PipeBindings_ESTest,1,0,False
1697,NPEX,Sling_Pipes-81059025,0,596c8dd331cb4edd89af2293c71391c7,org.apache.sling.pipes.PipeBindings,org.apache.sling.pipes.PipeBindings_ESTest$1,1,0,False
1698,NPEX,Sling_Pipes-81059025,0,596c8dd331cb4edd89af2293c71391c7,org.apache.sling.pipes.PipeBindings,org.apache.sling.pipes.PipeBindings_ESTest,1,0,False
1699,NPEX,Sling_Pipes-81059025,0,db420a31a45341ce827f2135820e6bf4,org.apache.sling.pipes.PipeBindings,org.apache.sling.pipes.PipeBindings_ESTest$1,1,0,False
1700,NPEX,Sling_Pipes-81059025,0,db420a31a45341ce827f2135820e6bf4,org.apache.sling.pipes.PipeBindings,org.apache.sling.pipes.PipeBindings_ESTest,1,0,False
1701,NPEX,Sling_Pipes-81059025,0,a76233921456432aae493da1e3ffa012,org.apache.sling.pipes.PipeBindings,org.apache.sling.pipes.PipeBindings_ESTest$1,1,0,False
1702,NPEX,Sling_Pipes-81059025,0,a76233921456432aae493da1e3ffa012,org.apache.sling.pipes.PipeBindings,org.apache.sling.pipes.PipeBindings_ESTest,1,0,False
1703,NPEX,Sling_Pipes-81059025,0,ac2e1562b72c4627b3436a2ddf4844e6,org.apache.sling.pipes.PipeBindings,org.apache.sling.pipes.PipeBindings_ESTest$1,1,0,False
1704,NPEX,Sling_Pipes-81059025,0,ac2e1562b72c4627b3436a2ddf4844e6,org.apache.sling.pipes.PipeBindings,org.apache.sling.pipes.PipeBindings_ESTest,1,0,False
1705,NPEX,Sling_Pipes-81059025,0,6942eb7e30b64e06a2f1adc27351e631,org.apache.sling.pipes.PipeBindings,org.apache.sling.pipes.PipeBindings_ESTest$1,1,0,False
1706,NPEX,Sling_Pipes-81059025,0,6942eb7e30b64e06a2f1adc27351e631,org.apache.sling.pipes.PipeBindings,org.apache.sling.pipes.PipeBindings_ESTest,1,0,False
1707,NPEX,Sling_Pipes-81059025,0,daa19f7353f04d268856d60fc29c4e7d,org.apache.sling.pipes.PipeBindings,org.apache.sling.pipes.PipeBindings_ESTest$1,1,0,False
1708,NPEX,Sling_Pipes-81059025,0,daa19f7353f04d268856d60fc29c4e7d,org.apache.sling.pipes.PipeBindings,org.apache.sling.pipes.PipeBindings_ESTest,1,0,False
1709,NPEX,Sling_Pipes-81059025,0,21c5726cdef54608a5a40a539dc572b3,org.apache.sling.pipes.PipeBindings,org.apache.sling.pipes.PipeBindings_ESTest$1,1,0,False
1710,NPEX,Sling_Pipes-81059025,0,21c5726cdef54608a5a40a539dc572b3,org.apache.sling.pipes.PipeBindings,org.apache.sling.pipes.PipeBindings_ESTest,1,0,False
1711,NPEX,Sling_Pipes-81059025,0,2d69aed753b444a784850c230e31b8b5,org.apache.sling.pipes.PipeBindings,org.apache.sling.pipes.PipeBindings_ESTest$1,1,0,False
1712,NPEX,Sling_Pipes-81059025,0,2d69aed753b444a784850c230e31b8b5,org.apache.sling.pipes.PipeBindings,org.apache.sling.pipes.PipeBindings_ESTest,1,0,False
1713,NPEX,Sling_Pipes-81059025,0,e7a9df746edd4e4aaa5976f57c2adfa3,org.apache.sling.pipes.PipeBindings,org.apache.sling.pipes.PipeBindings_ESTest$1,1,0,False
1714,NPEX,Sling_Pipes-81059025,0,e7a9df746edd4e4aaa5976f57c2adfa3,org.apache.sling.pipes.PipeBindings,org.apache.sling.pipes.PipeBindings_ESTest,1,0,False
1715,NPEX,Sling_Pipes-81059025,0,01710a58009a46eb87672b3fb5f328d2,org.apache.sling.pipes.PipeBindings,org.apache.sling.pipes.PipeBindings_ESTest$1,1,0,False
1716,NPEX,Sling_Pipes-81059025,0,01710a58009a46eb87672b3fb5f328d2,org.apache.sling.pipes.PipeBindings,org.apache.sling.pipes.PipeBindings_ESTest,1,0,False
1717,NPEX,Sling_Pipes-81059025,0,532a3a71634249829f9ebd6d837b3a24,org.apache.sling.pipes.PipeBindings,org.apache.sling.pipes.PipeBindings_ESTest$1,1,0,False
1718,NPEX,Sling_Pipes-81059025,0,532a3a71634249829f9ebd6d837b3a24,org.apache.sling.pipes.PipeBindings,org.apache.sling.pipes.PipeBindings_ESTest,1,0,False
1719,NPEX,Sling_Pipes-81059025,0,bee97d38cabb43faa3c83b7d6fe3ecf4,org.apache.sling.pipes.PipeBindings,org.apache.sling.pipes.PipeBindings_ESTest$1,1,0,False
1720,NPEX,Sling_Pipes-81059025,0,bee97d38cabb43faa3c83b7d6fe3ecf4,org.apache.sling.pipes.PipeBindings,org.apache.sling.pipes.PipeBindings_ESTest,1,0,False
1721,NPEX,Sling_Pipes-81059025,0,2dc8458aba734911821a298a2abf2fb3,org.apache.sling.pipes.PipeBindings,org.apache.sling.pipes.PipeBindings_ESTest$1,1,0,False
1722,NPEX,Sling_Pipes-81059025,0,2dc8458aba734911821a298a2abf2fb3,org.apache.sling.pipes.PipeBindings,org.apache.sling.pipes.PipeBindings_ESTest,1,0,False
1723,NPEX,Sling_Pipes-81059025,0,af05ddfd7837433eb95b4c3af0f094d7,org.apache.sling.pipes.PipeBindings,org.apache.sling.pipes.PipeBindings_ESTest$1,1,0,False
1724,NPEX,Sling_Pipes-81059025,0,af05ddfd7837433eb95b4c3af0f094d7,org.apache.sling.pipes.PipeBindings,org.apache.sling.pipes.PipeBindings_ESTest,1,0,False
1725,NPEX,Sling_Pipes-81059025,0,f0d4b1a33d364a12b2c3b82c1cebae7f,org.apache.sling.pipes.PipeBindings,org.apache.sling.pipes.PipeBindings_ESTest$1,1,0,False
1726,NPEX,Sling_Pipes-81059025,0,f0d4b1a33d364a12b2c3b82c1cebae7f,org.apache.sling.pipes.PipeBindings,org.apache.sling.pipes.PipeBindings_ESTest,1,0,False
1727,NPEX,Sling_Pipes-81059025,0,22c9a6d8dc5c41d28ff9353ffbb93f3f,org.apache.sling.pipes.PipeBindings,org.apache.sling.pipes.PipeBindings_ESTest$1,1,0,False
1728,NPEX,Sling_Pipes-81059025,0,22c9a6d8dc5c41d28ff9353ffbb93f3f,org.apache.sling.pipes.PipeBindings,org.apache.sling.pipes.PipeBindings_ESTest,1,0,False
1729,NPEX,Sling_Pipes-81059025,0,4bf33c803e264a8780f7e6e22cf44372,org.apache.sling.pipes.PipeBindings,org.apache.sling.pipes.PipeBindings_ESTest$1,1,0,False
1730,NPEX,Sling_Pipes-81059025,0,4bf33c803e264a8780f7e6e22cf44372,org.apache.sling.pipes.PipeBindings,org.apache.sling.pipes.PipeBindings_ESTest,1,0,False
1731,NPEX,Sling_Pipes-81059025,0,0c345ec4fd8f4b9e9bb2eebd8c0881f8,org.apache.sling.pipes.PipeBindings,org.apache.sling.pipes.PipeBindings_ESTest$1,1,0,False
1732,NPEX,Sling_Pipes-81059025,0,0c345ec4fd8f4b9e9bb2eebd8c0881f8,org.apache.sling.pipes.PipeBindings,org.apache.sling.pipes.PipeBindings_ESTest,1,0,False
1733,NPEX,Sling_Pipes-81059025,0,a353490d3613456090d3a65b5489db7f,org.apache.sling.pipes.PipeBindings,org.apache.sling.pipes.PipeBindings_ESTest$1,1,0,False
1734,NPEX,Sling_Pipes-81059025,0,a353490d3613456090d3a65b5489db7f,org.apache.sling.pipes.PipeBindings,org.apache.sling.pipes.PipeBindings_ESTest,1,0,False
1735,NPEX,Sling_Pipes-81059025,0,ffd0d2a3adfe40e983082e939bd4c82d,org.apache.sling.pipes.PipeBindings,org.apache.sling.pipes.PipeBindings_ESTest$1,1,0,False
1736,NPEX,Sling_Pipes-81059025,0,ffd0d2a3adfe40e983082e939bd4c82d,org.apache.sling.pipes.PipeBindings,org.apache.sling.pipes.PipeBindings_ESTest,1,0,False
1737,NPEX,Sling_Pipes-81059025,0,1542ec50261f4537880d3ed0009c62af,org.apache.sling.pipes.PipeBindings,org.apache.sling.pipes.PipeBindings_ESTest$1,1,0,False
1738,NPEX,Sling_Pipes-81059025,0,1542ec50261f4537880d3ed0009c62af,org.apache.sling.pipes.PipeBindings,org.apache.sling.pipes.PipeBindings_ESTest,1,0,False
1739,NPEX,Sling_Pipes-81059025,0,77bea713b54c47bb9b6f5b845683ee27,org.apache.sling.pipes.PipeBindings,org.apache.sling.pipes.PipeBindings_ESTest$1,1,0,False
1740,NPEX,Sling_Pipes-81059025,0,77bea713b54c47bb9b6f5b845683ee27,org.apache.sling.pipes.PipeBindings,org.apache.sling.pipes.PipeBindings_ESTest,1,0,False
1741,NPEX,Sling_Pipes-81059025,0,fcf1d64c2b0342ba8d1739f89d1da5c4,org.apache.sling.pipes.PipeBindings,org.apache.sling.pipes.PipeBindings_ESTest$1,1,0,False
1742,NPEX,Sling_Pipes-81059025,0,fcf1d64c2b0342ba8d1739f89d1da5c4,org.apache.sling.pipes.PipeBindings,org.apache.sling.pipes.PipeBindings_ESTest,1,0,False
1743,NPEX,Sling_Pipes-81059025,0,2d94c77959954f1a820bf183f106dcad,org.apache.sling.pipes.PipeBindings,org.apache.sling.pipes.PipeBindings_ESTest$1,1,0,False
1744,NPEX,Sling_Pipes-81059025,0,2d94c77959954f1a820bf183f106dcad,org.apache.sling.pipes.PipeBindings,org.apache.sling.pipes.PipeBindings_ESTest,1,0,False
1745,NPEX,Sling_Pipes-81059025,0,e486de1084334b7593ef2e5d64a43cc1,org.apache.sling.pipes.PipeBindings,org.apache.sling.pipes.PipeBindings_ESTest$1,1,0,False
1746,NPEX,Sling_Pipes-81059025,0,e486de1084334b7593ef2e5d64a43cc1,org.apache.sling.pipes.PipeBindings,org.apache.sling.pipes.PipeBindings_ESTest,1,0,False
1747,NPEX,Sling_Pipes-81059025,0,5406f70ea1364b8b9b28b78bbc66ed7d,org.apache.sling.pipes.PipeBindings,org.apache.sling.pipes.PipeBindings_ESTest$1,1,0,False
1748,NPEX,Sling_Pipes-81059025,0,5406f70ea1364b8b9b28b78bbc66ed7d,org.apache.sling.pipes.PipeBindings,org.apache.sling.pipes.PipeBindings_ESTest,1,0,False
1749,NPEX,Sling_Pipes-81059025,0,2b0a3ec5a2ec4295809936f70c56a113,org.apache.sling.pipes.PipeBindings,org.apache.sling.pipes.PipeBindings_ESTest$1,1,0,False
1750,NPEX,Sling_Pipes-81059025,0,2b0a3ec5a2ec4295809936f70c56a113,org.apache.sling.pipes.PipeBindings,org.apache.sling.pipes.PipeBindings_ESTest,1,0,False
1751,NPEX,OpenNLP-60792b8f,0,b941299795df45a393c80a0f4a5beea1,opennlp.tools.lemmatizer.DictionaryLemmatizer,opennlp.tools.lemmatizer.DictionaryLemmatizer_ESTest,8,0,True
1752,NPEX,OpenNLP-60792b8f,0,52d727fffc83472b816cd409357186ff,opennlp.tools.lemmatizer.DictionaryLemmatizer,opennlp.tools.lemmatizer.DictionaryLemmatizer_ESTest,9,0,True
1753,NPEX,OpenNLP-60792b8f,0,ff7480dd8993422aa73e1f8cd2600cd0,opennlp.tools.lemmatizer.DictionaryLemmatizer,opennlp.tools.lemmatizer.DictionaryLemmatizer_ESTest,8,0,True
1754,NPEX,OpenNLP-60792b8f,0,381828c75023407394b82cf56dfc5bc9,opennlp.tools.lemmatizer.DictionaryLemmatizer,opennlp.tools.lemmatizer.DictionaryLemmatizer_ESTest,6,0,True
1755,NPEX,OpenNLP-60792b8f,0,b33e5956698b4290b1369dd7a0e4265b,opennlp.tools.lemmatizer.DictionaryLemmatizer,opennlp.tools.lemmatizer.DictionaryLemmatizer_ESTest,6,0,True
1756,NPEX,OpenNLP-60792b8f,0,bf160a00a1364f6bbdffb0dcb3ae23bf,opennlp.tools.lemmatizer.DictionaryLemmatizer,opennlp.tools.lemmatizer.DictionaryLemmatizer_ESTest,8,0,True
1757,NPEX,OpenNLP-60792b8f,0,5b4d2d90ddfa4fcb872c684463dd5d20,opennlp.tools.lemmatizer.DictionaryLemmatizer,opennlp.tools.lemmatizer.DictionaryLemmatizer_ESTest,7,0,True
1758,NPEX,OpenNLP-60792b8f,0,ed759f925a3e4342b74f0e59c61f0774,opennlp.tools.lemmatizer.DictionaryLemmatizer,opennlp.tools.lemmatizer.DictionaryLemmatizer_ESTest,8,0,True
1759,NPEX,OpenNLP-60792b8f,0,d753b5bbd4a543eab847132ddcb18330,opennlp.tools.lemmatizer.DictionaryLemmatizer,opennlp.tools.lemmatizer.DictionaryLemmatizer_ESTest,8,0,True
1760,NPEX,OpenNLP-60792b8f,0,3376ced750ea48bfbe08654617c5fdea,opennlp.tools.lemmatizer.DictionaryLemmatizer,opennlp.tools.lemmatizer.DictionaryLemmatizer_ESTest,8,0,True
1761,NPEX,OpenNLP-60792b8f,0,8186678156ab4f349a0e3c5bf843d927,opennlp.tools.lemmatizer.DictionaryLemmatizer,opennlp.tools.lemmatizer.DictionaryLemmatizer_ESTest,8,0,True
1762,NPEX,OpenNLP-60792b8f,0,78103c72dccd4096b8c159f0bc07180c,opennlp.tools.lemmatizer.DictionaryLemmatizer,opennlp.tools.lemmatizer.DictionaryLemmatizer_ESTest,7,0,True
1763,NPEX,OpenNLP-60792b8f,0,af434ab74ab84fe599bf66148df0da73,opennlp.tools.lemmatizer.DictionaryLemmatizer,opennlp.tools.lemmatizer.DictionaryLemmatizer_ESTest,8,0,True
1764,NPEX,OpenNLP-60792b8f,0,51b22b522c394da1bd5678f7c6474f9d,opennlp.tools.lemmatizer.DictionaryLemmatizer,opennlp.tools.lemmatizer.DictionaryLemmatizer_ESTest,8,0,True
1765,NPEX,OpenNLP-60792b8f,0,afb8237c0abb440f9dab73af4cc41d18,opennlp.tools.lemmatizer.DictionaryLemmatizer,opennlp.tools.lemmatizer.DictionaryLemmatizer_ESTest,8,0,True
1766,NPEX,OpenNLP-60792b8f,0,2998dab6030c4421a57c31c1d56cc763,opennlp.tools.lemmatizer.DictionaryLemmatizer,opennlp.tools.lemmatizer.DictionaryLemmatizer_ESTest,9,0,True
1767,NPEX,OpenNLP-60792b8f,0,5a39c6442404455eb2c112b314783233,opennlp.tools.lemmatizer.DictionaryLemmatizer,opennlp.tools.lemmatizer.DictionaryLemmatizer_ESTest,7,0,True
1768,NPEX,OpenNLP-60792b8f,0,e74905d035df4aa59cbad25d2e36d959,opennlp.tools.lemmatizer.DictionaryLemmatizer,opennlp.tools.lemmatizer.DictionaryLemmatizer_ESTest,7,0,True
1769,NPEX,OpenNLP-60792b8f,0,1643f9fe0fd6441f8c341142d05aba91,opennlp.tools.lemmatizer.DictionaryLemmatizer,opennlp.tools.lemmatizer.DictionaryLemmatizer_ESTest,8,0,True
1770,NPEX,OpenNLP-60792b8f,0,c471ae04520c447295959148ef68015e,opennlp.tools.lemmatizer.DictionaryLemmatizer,opennlp.tools.lemmatizer.DictionaryLemmatizer_ESTest,7,0,True
1771,NPEX,OpenNLP-60792b8f,0,09dc0b9beb4d4f1e8b5af6abc0566b75,opennlp.tools.lemmatizer.DictionaryLemmatizer,opennlp.tools.lemmatizer.DictionaryLemmatizer_ESTest,7,0,True
1772,NPEX,OpenNLP-60792b8f,0,3e3b48299ca54fe48a2ca65c65bd8065,opennlp.tools.lemmatizer.DictionaryLemmatizer,opennlp.tools.lemmatizer.DictionaryLemmatizer_ESTest,9,0,True
1773,NPEX,OpenNLP-60792b8f,0,f133a53780b64f21bcda9f1a2637054c,opennlp.tools.lemmatizer.DictionaryLemmatizer,opennlp.tools.lemmatizer.DictionaryLemmatizer_ESTest,7,0,True
1774,NPEX,OpenNLP-60792b8f,0,2bc4bfaf0bc84f2cad4a0e900c609c73,opennlp.tools.lemmatizer.DictionaryLemmatizer,opennlp.tools.lemmatizer.DictionaryLemmatizer_ESTest,9,0,True
1775,NPEX,OpenNLP-60792b8f,0,6adebfa63ffb466fa1084abd1326cc55,opennlp.tools.lemmatizer.DictionaryLemmatizer,opennlp.tools.lemmatizer.DictionaryLemmatizer_ESTest,7,0,True
1776,NPEX,OpenNLP-60792b8f,0,be5bb698004043219a1084fa611769bb,opennlp.tools.lemmatizer.DictionaryLemmatizer,opennlp.tools.lemmatizer.DictionaryLemmatizer_ESTest,7,0,True
1777,NPEX,OpenNLP-60792b8f,0,0b37a0464c934adba51a82136b40885e,opennlp.tools.lemmatizer.DictionaryLemmatizer,opennlp.tools.lemmatizer.DictionaryLemmatizer_ESTest,11,0,True
1778,NPEX,OpenNLP-60792b8f,0,7b38e9f58ae24854bf073ae0988e15a0,opennlp.tools.lemmatizer.DictionaryLemmatizer,opennlp.tools.lemmatizer.DictionaryLemmatizer_ESTest,8,0,True
1779,NPEX,OpenNLP-60792b8f,0,f62714d6e4fd4a0bb978638ae94aa3a3,opennlp.tools.lemmatizer.DictionaryLemmatizer,opennlp.tools.lemmatizer.DictionaryLemmatizer_ESTest,7,0,True
1780,NPEX,OpenNLP-60792b8f,0,16ff106676734b74a084666d1883ba33,opennlp.tools.lemmatizer.DictionaryLemmatizer,opennlp.tools.lemmatizer.DictionaryLemmatizer_ESTest,6,0,True
1781,NPEX,Hessian_Lite-c5c017dc,0,972057c7643d4084ba210b92729fbe02,com.alibaba.dubbo.common.URL,com.alibaba.dubbo.common.URL_ESTest,249,0,True
1782,NPEX,Hessian_Lite-c5c017dc,0,f225c0ff86d94260865fe9da1a8031ce,com.alibaba.dubbo.common.URL,com.alibaba.dubbo.common.URL_ESTest,241,0,True
1783,NPEX,Hessian_Lite-c5c017dc,0,075eedb85a02412882ef3de7be8515a1,com.alibaba.dubbo.common.URL,com.alibaba.dubbo.common.URL_ESTest,250,0,True
1784,NPEX,Hessian_Lite-c5c017dc,0,d979786a19b5495db0bb2f167044c311,com.alibaba.dubbo.common.URL,com.alibaba.dubbo.common.URL_ESTest,256,0,True
1785,NPEX,Hessian_Lite-c5c017dc,0,3bad1292f4264768ac7d45219a3f8e59,com.alibaba.dubbo.common.URL,com.alibaba.dubbo.common.URL_ESTest,247,0,True
1786,NPEX,Hessian_Lite-c5c017dc,0,51f12a4a5fd2404290950e4bc5761a08,com.alibaba.dubbo.common.URL,com.alibaba.dubbo.common.URL_ESTest,247,0,True
1787,NPEX,Hessian_Lite-c5c017dc,0,0ce2f9a906644b54838231c391ede3da,com.alibaba.dubbo.common.URL,com.alibaba.dubbo.common.URL_ESTest,263,0,True
1788,NPEX,Hessian_Lite-c5c017dc,0,baf8376219e84122925a8cdb0ccc77c8,com.alibaba.dubbo.common.URL,com.alibaba.dubbo.common.URL_ESTest,238,0,True
1789,NPEX,Hessian_Lite-c5c017dc,0,d7e5c0d79db0424f99f6eb3b26bae2f0,com.alibaba.dubbo.common.URL,com.alibaba.dubbo.common.URL_ESTest,253,0,False
1790,NPEX,Hessian_Lite-c5c017dc,0,82762435f6554d5082648017f8336144,com.alibaba.dubbo.common.URL,com.alibaba.dubbo.common.URL_ESTest,249,0,True
1791,NPEX,Hessian_Lite-c5c017dc,0,5f19028c30f847afb868009f8e41972d,com.alibaba.dubbo.common.URL,com.alibaba.dubbo.common.URL_ESTest,252,0,True
1792,NPEX,Hessian_Lite-c5c017dc,0,428ad6a43068493581a09c75301402d9,com.alibaba.dubbo.common.URL,com.alibaba.dubbo.common.URL_ESTest,255,0,True
1793,NPEX,Hessian_Lite-c5c017dc,0,989d83f985a64b1dba65392eec698016,com.alibaba.dubbo.common.URL,com.alibaba.dubbo.common.URL_ESTest,251,0,True
1794,NPEX,Hessian_Lite-c5c017dc,0,373381f6388a4c0ba7f646d8aa67a520,com.alibaba.dubbo.common.URL,com.alibaba.dubbo.common.URL_ESTest,248,0,True
1795,NPEX,Hessian_Lite-c5c017dc,0,481139655e62419784e9be12e463c467,com.alibaba.dubbo.common.URL,com.alibaba.dubbo.common.URL_ESTest,251,0,True
1796,NPEX,Hessian_Lite-c5c017dc,0,4583f4828e4d4285a051925663e845a4,com.alibaba.dubbo.common.URL,com.alibaba.dubbo.common.URL_ESTest,250,0,True
1797,NPEX,Hessian_Lite-c5c017dc,0,93a27bbef6ff4091ad3994cdc71da48a,com.alibaba.dubbo.common.URL,com.alibaba.dubbo.common.URL_ESTest,254,0,True
1798,NPEX,Hessian_Lite-c5c017dc,0,c8d2a9dd18bc4160b2997c5ac5030680,com.alibaba.dubbo.common.URL,com.alibaba.dubbo.common.URL_ESTest,243,0,True
1799,NPEX,Hessian_Lite-c5c017dc,0,fc09b84d209c44e3a0859f7cee2ef939,com.alibaba.dubbo.common.URL,com.alibaba.dubbo.common.URL_ESTest,255,0,True
1800,NPEX,Hessian_Lite-c5c017dc,0,89ea8fcd64a74121af79a6f347e43464,com.alibaba.dubbo.common.URL,com.alibaba.dubbo.common.URL_ESTest,258,0,True
1801,NPEX,Hessian_Lite-c5c017dc,0,7dace7b928ba4b34899c6ed868e9c9ab,com.alibaba.dubbo.common.URL,com.alibaba.dubbo.common.URL_ESTest,247,0,True
1802,NPEX,Hessian_Lite-c5c017dc,0,7323e181391d469ba9ad27048c028d91,com.alibaba.dubbo.common.URL,com.alibaba.dubbo.common.URL_ESTest,258,0,True
1803,NPEX,Hessian_Lite-c5c017dc,0,af215f02b3f4422c9959d5618efac4ef,com.alibaba.dubbo.common.URL,com.alibaba.dubbo.common.URL_ESTest,260,0,True
1804,NPEX,Hessian_Lite-c5c017dc,0,b9a648674610417bae89440d5d333e6d,com.alibaba.dubbo.common.URL,com.alibaba.dubbo.common.URL_ESTest,256,0,True
1805,NPEX,Hessian_Lite-c5c017dc,0,e4b127dc7f2e410c89a38d36ee6caa2f,com.alibaba.dubbo.common.URL,com.alibaba.dubbo.common.URL_ESTest,256,0,True
1806,NPEX,Hessian_Lite-c5c017dc,0,c2b574bfa43a452da028b74a60a589eb,com.alibaba.dubbo.common.URL,com.alibaba.dubbo.common.URL_ESTest,249,0,True
1807,NPEX,Hessian_Lite-c5c017dc,0,cf23483ad338400481532343cfc73107,com.alibaba.dubbo.common.URL,com.alibaba.dubbo.common.URL_ESTest,255,0,True
1808,NPEX,Hessian_Lite-c5c017dc,0,a90cde66becb4f9bb43b3e1173202858,com.alibaba.dubbo.common.URL,com.alibaba.dubbo.common.URL_ESTest,243,0,True
1809,NPEX,Hessian_Lite-c5c017dc,0,3a5361b59a8543f3b17aed5c960a5794,com.alibaba.dubbo.common.URL,com.alibaba.dubbo.common.URL_ESTest,262,0,True
1810,NPEX,ZooKeeper-ef3649f5,0,5f689f606b3247758f58ede0fbd174eb,org.apache.zookeeper.server.ZooKeeperServer,org.apache.zookeeper.server.ZooKeeperServer_ESTest,116,0,False
1811,NPEX,ZooKeeper-ef3649f5,0,5f689f606b3247758f58ede0fbd174eb,org.apache.zookeeper.server.ZooKeeperServer,org.apache.zookeeper.server.ZooKeeperServer_ESTest$1,116,0,False
1812,NPEX,ZooKeeper-ef3649f5,0,1777363a7f2746bab274b7a956845faa,org.apache.zookeeper.server.ZooKeeperServer,org.apache.zookeeper.server.ZooKeeperServer_ESTest,112,0,False
1813,NPEX,ZooKeeper-ef3649f5,0,1777363a7f2746bab274b7a956845faa,org.apache.zookeeper.server.ZooKeeperServer,org.apache.zookeeper.server.ZooKeeperServer_ESTest$1,112,0,False
1814,NPEX,ZooKeeper-ef3649f5,0,4f89cbbfb2854b03b2d8ec9244714469,org.apache.zookeeper.server.ZooKeeperServer,org.apache.zookeeper.server.ZooKeeperServer_ESTest,108,0,False
1815,NPEX,ZooKeeper-ef3649f5,0,4f89cbbfb2854b03b2d8ec9244714469,org.apache.zookeeper.server.ZooKeeperServer,org.apache.zookeeper.server.ZooKeeperServer_ESTest$1,108,0,False
1816,NPEX,ZooKeeper-ef3649f5,0,4f89cbbfb2854b03b2d8ec9244714469,org.apache.zookeeper.server.ZooKeeperServer,org.apache.zookeeper.server.ZooKeeperServer_ESTest$2,108,0,False
1817,NPEX,ZooKeeper-ef3649f5,0,a0fdedcf114a4734a81f2a4846d82c07,org.apache.zookeeper.server.ZooKeeperServer,org.apache.zookeeper.server.ZooKeeperServer_ESTest,110,0,False
1818,NPEX,ZooKeeper-ef3649f5,0,a0fdedcf114a4734a81f2a4846d82c07,org.apache.zookeeper.server.ZooKeeperServer,org.apache.zookeeper.server.ZooKeeperServer_ESTest$1,110,0,False
1819,NPEX,ZooKeeper-ef3649f5,0,a0fdedcf114a4734a81f2a4846d82c07,org.apache.zookeeper.server.ZooKeeperServer,org.apache.zookeeper.server.ZooKeeperServer_ESTest$2,110,0,False
1820,NPEX,ZooKeeper-ef3649f5,0,224df92937a64652b2e4e4446140e1dd,org.apache.zookeeper.server.ZooKeeperServer,org.apache.zookeeper.server.ZooKeeperServer_ESTest,115,0,False
1821,NPEX,ZooKeeper-ef3649f5,0,224df92937a64652b2e4e4446140e1dd,org.apache.zookeeper.server.ZooKeeperServer,org.apache.zookeeper.server.ZooKeeperServer_ESTest$1,115,0,False
1822,NPEX,ZooKeeper-ef3649f5,0,9a1a4b89c7054d929739d94fe139a4f8,org.apache.zookeeper.server.ZooKeeperServer,org.apache.zookeeper.server.ZooKeeperServer_ESTest,105,0,False
1823,NPEX,ZooKeeper-ef3649f5,0,9a1a4b89c7054d929739d94fe139a4f8,org.apache.zookeeper.server.ZooKeeperServer,org.apache.zookeeper.server.ZooKeeperServer_ESTest$1,105,0,False
1824,NPEX,ZooKeeper-ef3649f5,0,9a1a4b89c7054d929739d94fe139a4f8,org.apache.zookeeper.server.ZooKeeperServer,org.apache.zookeeper.server.ZooKeeperServer_ESTest$2,105,0,False
1825,NPEX,ZooKeeper-ef3649f5,0,9a1a4b89c7054d929739d94fe139a4f8,org.apache.zookeeper.server.ZooKeeperServer,org.apache.zookeeper.server.ZooKeeperServer_ESTest$3,105,0,False
1826,NPEX,ZooKeeper-ef3649f5,0,401ff49cf54649ca9c7250193f32eb2f,org.apache.zookeeper.server.ZooKeeperServer,org.apache.zookeeper.server.ZooKeeperServer_ESTest,113,0,False
1827,NPEX,ZooKeeper-ef3649f5,0,401ff49cf54649ca9c7250193f32eb2f,org.apache.zookeeper.server.ZooKeeperServer,org.apache.zookeeper.server.ZooKeeperServer_ESTest$1,113,0,False
1828,NPEX,ZooKeeper-ef3649f5,0,401ff49cf54649ca9c7250193f32eb2f,org.apache.zookeeper.server.ZooKeeperServer,org.apache.zookeeper.server.ZooKeeperServer_ESTest$2,113,0,False
1829,NPEX,ZooKeeper-ef3649f5,0,9ab278dfff0044ac8a692d0d5861a935,org.apache.zookeeper.server.ZooKeeperServer,org.apache.zookeeper.server.ZooKeeperServer_ESTest,82,0,False
1830,NPEX,ZooKeeper-ef3649f5,0,9ab278dfff0044ac8a692d0d5861a935,org.apache.zookeeper.server.ZooKeeperServer,org.apache.zookeeper.server.ZooKeeperServer_ESTest$1,82,0,False
1831,NPEX,ZooKeeper-ef3649f5,0,9ab278dfff0044ac8a692d0d5861a935,org.apache.zookeeper.server.ZooKeeperServer,org.apache.zookeeper.server.ZooKeeperServer_ESTest$5,82,0,False
1832,NPEX,ZooKeeper-ef3649f5,0,9ab278dfff0044ac8a692d0d5861a935,org.apache.zookeeper.server.ZooKeeperServer,org.apache.zookeeper.server.ZooKeeperServer_ESTest$2,82,0,False
1833,NPEX,ZooKeeper-ef3649f5,0,9ab278dfff0044ac8a692d0d5861a935,org.apache.zookeeper.server.ZooKeeperServer,org.apache.zookeeper.server.ZooKeeperServer_ESTest$4,82,0,False
1834,NPEX,ZooKeeper-ef3649f5,0,9ab278dfff0044ac8a692d0d5861a935,org.apache.zookeeper.server.ZooKeeperServer,org.apache.zookeeper.server.ZooKeeperServer_ESTest$3,82,0,False
1835,NPEX,ZooKeeper-ef3649f5,0,22c48481909e4511b86d3a9645704b0b,org.apache.zookeeper.server.ZooKeeperServer,org.apache.zookeeper.server.ZooKeeperServer_ESTest,125,0,False
1836,NPEX,ZooKeeper-ef3649f5,0,22c48481909e4511b86d3a9645704b0b,org.apache.zookeeper.server.ZooKeeperServer,org.apache.zookeeper.server.ZooKeeperServer_ESTest$1,125,0,False
1837,NPEX,ZooKeeper-ef3649f5,0,e63762f790044899ba2057a2b6b83ac6,org.apache.zookeeper.server.ZooKeeperServer,org.apache.zookeeper.server.ZooKeeperServer_ESTest,102,0,False
1838,NPEX,ZooKeeper-ef3649f5,0,e63762f790044899ba2057a2b6b83ac6,org.apache.zookeeper.server.ZooKeeperServer,org.apache.zookeeper.server.ZooKeeperServer_ESTest$1,102,0,False
1839,NPEX,ZooKeeper-ef3649f5,0,18c7ed18938045bc963075cc942dac17,org.apache.zookeeper.server.ZooKeeperServer,org.apache.zookeeper.server.ZooKeeperServer_ESTest,122,0,False
1840,NPEX,ZooKeeper-ef3649f5,0,18c7ed18938045bc963075cc942dac17,org.apache.zookeeper.server.ZooKeeperServer,org.apache.zookeeper.server.ZooKeeperServer_ESTest$1,122,0,False
1841,NPEX,ZooKeeper-ef3649f5,0,18c7ed18938045bc963075cc942dac17,org.apache.zookeeper.server.ZooKeeperServer,org.apache.zookeeper.server.ZooKeeperServer_ESTest$2,122,0,False
1842,NPEX,ZooKeeper-ef3649f5,0,3b84b2e8e6424efebdfef618c9d61d81,org.apache.zookeeper.server.ZooKeeperServer,org.apache.zookeeper.server.ZooKeeperServer_ESTest,112,0,False
1843,NPEX,ZooKeeper-ef3649f5,0,3b84b2e8e6424efebdfef618c9d61d81,org.apache.zookeeper.server.ZooKeeperServer,org.apache.zookeeper.server.ZooKeeperServer_ESTest$1,112,0,False
1844,NPEX,ZooKeeper-ef3649f5,0,3b84b2e8e6424efebdfef618c9d61d81,org.apache.zookeeper.server.ZooKeeperServer,org.apache.zookeeper.server.ZooKeeperServer_ESTest$2,112,0,False
1845,NPEX,ZooKeeper-ef3649f5,0,a78a701a22964ad6b1eb1f3d40d4b9e5,org.apache.zookeeper.server.ZooKeeperServer,org.apache.zookeeper.server.ZooKeeperServer_ESTest,118,0,False
1846,NPEX,ZooKeeper-ef3649f5,0,a78a701a22964ad6b1eb1f3d40d4b9e5,org.apache.zookeeper.server.ZooKeeperServer,org.apache.zookeeper.server.ZooKeeperServer_ESTest$1,118,0,False
1847,NPEX,ZooKeeper-ef3649f5,0,a78a701a22964ad6b1eb1f3d40d4b9e5,org.apache.zookeeper.server.ZooKeeperServer,org.apache.zookeeper.server.ZooKeeperServer_ESTest$2,118,0,False
1848,NPEX,ZooKeeper-ef3649f5,0,0ad3c6611518408496550c67ac8c82b4,org.apache.zookeeper.server.ZooKeeperServer,org.apache.zookeeper.server.ZooKeeperServer_ESTest,117,0,False
1849,NPEX,ZooKeeper-ef3649f5,0,0ad3c6611518408496550c67ac8c82b4,org.apache.zookeeper.server.ZooKeeperServer,org.apache.zookeeper.server.ZooKeeperServer_ESTest$1,117,0,False
1850,NPEX,ZooKeeper-ef3649f5,0,0ad3c6611518408496550c67ac8c82b4,org.apache.zookeeper.server.ZooKeeperServer,org.apache.zookeeper.server.ZooKeeperServer_ESTest$2,117,0,False
1851,NPEX,ZooKeeper-ef3649f5,0,2e899fc48c36412ab8dd003aabc2d7d0,org.apache.zookeeper.server.ZooKeeperServer,org.apache.zookeeper.server.ZooKeeperServer_ESTest,109,0,False
1852,NPEX,ZooKeeper-ef3649f5,0,2e899fc48c36412ab8dd003aabc2d7d0,org.apache.zookeeper.server.ZooKeeperServer,org.apache.zookeeper.server.ZooKeeperServer_ESTest$1,109,0,False
1853,NPEX,ZooKeeper-ef3649f5,0,85e8df7a1ca64b91a1c250de44bf5368,org.apache.zookeeper.server.ZooKeeperServer,org.apache.zookeeper.server.ZooKeeperServer_ESTest,112,0,False
1854,NPEX,ZooKeeper-ef3649f5,0,cc53f56b6b024ed7a60dee65bf53139f,org.apache.zookeeper.server.ZooKeeperServer,org.apache.zookeeper.server.ZooKeeperServer_ESTest,109,0,False
1855,NPEX,ZooKeeper-ef3649f5,0,cc53f56b6b024ed7a60dee65bf53139f,org.apache.zookeeper.server.ZooKeeperServer,org.apache.zookeeper.server.ZooKeeperServer_ESTest$1,109,0,False
1856,NPEX,ZooKeeper-ef3649f5,0,cc53f56b6b024ed7a60dee65bf53139f,org.apache.zookeeper.server.ZooKeeperServer,org.apache.zookeeper.server.ZooKeeperServer_ESTest$2,109,0,False
1857,NPEX,ZooKeeper-ef3649f5,0,9b75e82259794648b59933d43a135755,org.apache.zookeeper.server.ZooKeeperServer,org.apache.zookeeper.server.ZooKeeperServer_ESTest,123,0,False
1858,NPEX,ZooKeeper-ef3649f5,0,9b75e82259794648b59933d43a135755,org.apache.zookeeper.server.ZooKeeperServer,org.apache.zookeeper.server.ZooKeeperServer_ESTest$1,123,0,False
1859,NPEX,ZooKeeper-ef3649f5,0,9b75e82259794648b59933d43a135755,org.apache.zookeeper.server.ZooKeeperServer,org.apache.zookeeper.server.ZooKeeperServer_ESTest$2,123,0,False
1860,NPEX,ZooKeeper-ef3649f5,0,7363b8f927674bc79f11f66ef25733a8,org.apache.zookeeper.server.ZooKeeperServer,org.apache.zookeeper.server.ZooKeeperServer_ESTest,123,0,False
1861,NPEX,ZooKeeper-ef3649f5,0,7363b8f927674bc79f11f66ef25733a8,org.apache.zookeeper.server.ZooKeeperServer,org.apache.zookeeper.server.ZooKeeperServer_ESTest$1,123,0,False
1862,NPEX,ZooKeeper-ef3649f5,0,a44ef062773342efa216e54effbcc413,org.apache.zookeeper.server.ZooKeeperServer,org.apache.zookeeper.server.ZooKeeperServer_ESTest,120,0,False
1863,NPEX,ZooKeeper-ef3649f5,0,a44ef062773342efa216e54effbcc413,org.apache.zookeeper.server.ZooKeeperServer,org.apache.zookeeper.server.ZooKeeperServer_ESTest$1,120,0,False
1864,NPEX,ZooKeeper-ef3649f5,0,6806207ea6a148e8b7dede9d8488ad0c,org.apache.zookeeper.server.ZooKeeperServer,org.apache.zookeeper.server.ZooKeeperServer_ESTest,83,0,False
1865,NPEX,ZooKeeper-ef3649f5,0,6806207ea6a148e8b7dede9d8488ad0c,org.apache.zookeeper.server.ZooKeeperServer,org.apache.zookeeper.server.ZooKeeperServer_ESTest$1,83,0,False
1866,NPEX,ZooKeeper-ef3649f5,0,6806207ea6a148e8b7dede9d8488ad0c,org.apache.zookeeper.server.ZooKeeperServer,org.apache.zookeeper.server.ZooKeeperServer_ESTest$6,83,0,False
1867,NPEX,ZooKeeper-ef3649f5,0,6806207ea6a148e8b7dede9d8488ad0c,org.apache.zookeeper.server.ZooKeeperServer,org.apache.zookeeper.server.ZooKeeperServer_ESTest$5,83,0,False
1868,NPEX,ZooKeeper-ef3649f5,0,6806207ea6a148e8b7dede9d8488ad0c,org.apache.zookeeper.server.ZooKeeperServer,org.apache.zookeeper.server.ZooKeeperServer_ESTest$9,83,0,False
1869,NPEX,ZooKeeper-ef3649f5,0,6806207ea6a148e8b7dede9d8488ad0c,org.apache.zookeeper.server.ZooKeeperServer,org.apache.zookeeper.server.ZooKeeperServer_ESTest$2,83,0,False
1870,NPEX,ZooKeeper-ef3649f5,0,6806207ea6a148e8b7dede9d8488ad0c,org.apache.zookeeper.server.ZooKeeperServer,org.apache.zookeeper.server.ZooKeeperServer_ESTest$7,83,0,False
1871,NPEX,ZooKeeper-ef3649f5,0,6806207ea6a148e8b7dede9d8488ad0c,org.apache.zookeeper.server.ZooKeeperServer,org.apache.zookeeper.server.ZooKeeperServer_ESTest$4,83,0,False
1872,NPEX,ZooKeeper-ef3649f5,0,6806207ea6a148e8b7dede9d8488ad0c,org.apache.zookeeper.server.ZooKeeperServer,org.apache.zookeeper.server.ZooKeeperServer_ESTest$8,83,0,False
1873,NPEX,ZooKeeper-ef3649f5,0,6806207ea6a148e8b7dede9d8488ad0c,org.apache.zookeeper.server.ZooKeeperServer,org.apache.zookeeper.server.ZooKeeperServer_ESTest$3,83,0,False
1874,NPEX,ZooKeeper-ef3649f5,0,f27f29f0206648638611d8bb021a0dc2,org.apache.zookeeper.server.ZooKeeperServer,org.apache.zookeeper.server.ZooKeeperServer_ESTest,110,0,False
1875,NPEX,ZooKeeper-ef3649f5,0,f27f29f0206648638611d8bb021a0dc2,org.apache.zookeeper.server.ZooKeeperServer,org.apache.zookeeper.server.ZooKeeperServer_ESTest$1,110,0,False
1876,NPEX,ZooKeeper-ef3649f5,0,d0ae7cca1c5e4981871666ae00a01a9b,org.apache.zookeeper.server.ZooKeeperServer,org.apache.zookeeper.server.ZooKeeperServer_ESTest,111,0,False
1877,NPEX,ZooKeeper-ef3649f5,0,d0ae7cca1c5e4981871666ae00a01a9b,org.apache.zookeeper.server.ZooKeeperServer,org.apache.zookeeper.server.ZooKeeperServer_ESTest$1,111,0,False
1878,NPEX,ZooKeeper-ef3649f5,0,1c0293972a9c4a5f9959d57418b03659,org.apache.zookeeper.server.ZooKeeperServer,org.apache.zookeeper.server.ZooKeeperServer_ESTest,105,0,False
1879,NPEX,ZooKeeper-ef3649f5,0,1c0293972a9c4a5f9959d57418b03659,org.apache.zookeeper.server.ZooKeeperServer,org.apache.zookeeper.server.ZooKeeperServer_ESTest$1,105,0,False
1880,NPEX,ZooKeeper-ef3649f5,0,912934e40cd84926912ff17a6e61af7f,org.apache.zookeeper.server.ZooKeeperServer,org.apache.zookeeper.server.ZooKeeperServer_ESTest,118,0,False
1881,NPEX,ZooKeeper-ef3649f5,0,912934e40cd84926912ff17a6e61af7f,org.apache.zookeeper.server.ZooKeeperServer,org.apache.zookeeper.server.ZooKeeperServer_ESTest$1,118,0,False
1882,NPEX,ZooKeeper-ef3649f5,0,6e34207603414b8fb4f4efc0628fd7a4,org.apache.zookeeper.server.ZooKeeperServer,org.apache.zookeeper.server.ZooKeeperServer_ESTest,113,0,False
1883,NPEX,ZooKeeper-ef3649f5,0,6e34207603414b8fb4f4efc0628fd7a4,org.apache.zookeeper.server.ZooKeeperServer,org.apache.zookeeper.server.ZooKeeperServer_ESTest$1,113,0,False
1884,NPEX,ZooKeeper-ef3649f5,0,6e34207603414b8fb4f4efc0628fd7a4,org.apache.zookeeper.server.ZooKeeperServer,org.apache.zookeeper.server.ZooKeeperServer_ESTest$2,113,0,False
1885,NPEX,ZooKeeper-ef3649f5,0,9c1f71041cc64c2180fcafa0d0edc9aa,org.apache.zookeeper.server.ZooKeeperServer,org.apache.zookeeper.server.ZooKeeperServer_ESTest,117,0,False
1886,NPEX,ZooKeeper-ef3649f5,0,9c1f71041cc64c2180fcafa0d0edc9aa,org.apache.zookeeper.server.ZooKeeperServer,org.apache.zookeeper.server.ZooKeeperServer_ESTest$1,117,0,False
1887,NPEX,ZooKeeper-ef3649f5,0,9c1f71041cc64c2180fcafa0d0edc9aa,org.apache.zookeeper.server.ZooKeeperServer,org.apache.zookeeper.server.ZooKeeperServer_ESTest$2,117,0,False
1888,NPEX,ZooKeeper-ef3649f5,0,645ea75534294fe2b4c6fb04cf4b6b54,org.apache.zookeeper.server.ZooKeeperServer,org.apache.zookeeper.server.ZooKeeperServer_ESTest,114,0,False
1889,NPEX,ZooKeeper-ef3649f5,0,645ea75534294fe2b4c6fb04cf4b6b54,org.apache.zookeeper.server.ZooKeeperServer,org.apache.zookeeper.server.ZooKeeperServer_ESTest$1,114,0,False
1890,NPEX,ZooKeeper-ef3649f5,0,23c2d68c7df646809c5e7e72c9915040,org.apache.zookeeper.server.ZooKeeperServer,org.apache.zookeeper.server.ZooKeeperServer_ESTest,122,0,False
1891,NPEX,ZooKeeper-ef3649f5,0,23c2d68c7df646809c5e7e72c9915040,org.apache.zookeeper.server.ZooKeeperServer,org.apache.zookeeper.server.ZooKeeperServer_ESTest$1,122,0,False
1892,NPEX,ZooKeeper-ef3649f5,0,23c2d68c7df646809c5e7e72c9915040,org.apache.zookeeper.server.ZooKeeperServer,org.apache.zookeeper.server.ZooKeeperServer_ESTest$2,122,0,False
1893,NPEX,Log4j_2-5b7b75d5,0,f49053476bd843fc89b758d8edaff83c,org.apache.logging.log4j.core.config.composite.DefaultMergeStrategy,org.apache.logging.log4j.core.config.composite.DefaultMergeStrategy_ESTest,2,0,False
1894,NPEX,Log4j_2-5b7b75d5,0,da31f4cb3f74431fabf5d5af75d847a5,org.apache.logging.log4j.core.config.composite.DefaultMergeStrategy,org.apache.logging.log4j.core.config.composite.DefaultMergeStrategy_ESTest,2,0,False
1895,NPEX,Log4j_2-5b7b75d5,0,68db03b8461d44a8bcfd607bd06181f1,org.apache.logging.log4j.core.config.composite.DefaultMergeStrategy,org.apache.logging.log4j.core.config.composite.DefaultMergeStrategy_ESTest,3,0,False
1896,NPEX,Log4j_2-5b7b75d5,0,39d843762074434385ebffaf60f20e28,org.apache.logging.log4j.core.config.composite.DefaultMergeStrategy,org.apache.logging.log4j.core.config.composite.DefaultMergeStrategy_ESTest,2,0,False
1897,NPEX,Log4j_2-5b7b75d5,0,3585f6bbdb4f476aa20bb861e19ee8b9,org.apache.logging.log4j.core.config.composite.DefaultMergeStrategy,org.apache.logging.log4j.core.config.composite.DefaultMergeStrategy_ESTest,2,0,False
1898,NPEX,Log4j_2-5b7b75d5,0,1780d645a07d41d2be9ffaa8e81e37a2,org.apache.logging.log4j.core.config.composite.DefaultMergeStrategy,org.apache.logging.log4j.core.config.composite.DefaultMergeStrategy_ESTest,2,0,False
1899,NPEX,Log4j_2-5b7b75d5,0,95c9e89486e74607beb1a5c115555725,org.apache.logging.log4j.core.config.composite.DefaultMergeStrategy,org.apache.logging.log4j.core.config.composite.DefaultMergeStrategy_ESTest,2,0,False
1900,NPEX,Log4j_2-5b7b75d5,0,e91c5ef1369140cd9b4b2153c96f22b4,org.apache.logging.log4j.core.config.composite.DefaultMergeStrategy,org.apache.logging.log4j.core.config.composite.DefaultMergeStrategy_ESTest,3,0,False
1901,NPEX,Log4j_2-5b7b75d5,0,5d9d6a6d9d0a4959bf26d3bcbc0674ea,org.apache.logging.log4j.core.config.composite.DefaultMergeStrategy,org.apache.logging.log4j.core.config.composite.DefaultMergeStrategy_ESTest,3,0,False
1902,NPEX,Log4j_2-5b7b75d5,0,52ea7c9eb1c544aaa34dc8d1d40de4b1,org.apache.logging.log4j.core.config.composite.DefaultMergeStrategy,org.apache.logging.log4j.core.config.composite.DefaultMergeStrategy_ESTest,3,0,False
1903,NPEX,Log4j_2-5b7b75d5,0,bc81c838f7db4ac0baef663424eaa26f,org.apache.logging.log4j.core.config.composite.DefaultMergeStrategy,org.apache.logging.log4j.core.config.composite.DefaultMergeStrategy_ESTest,2,0,False
1904,NPEX,Log4j_2-5b7b75d5,0,9a7d02eecd334b01873da058ace6b60f,org.apache.logging.log4j.core.config.composite.DefaultMergeStrategy,org.apache.logging.log4j.core.config.composite.DefaultMergeStrategy_ESTest,3,0,False
1905,NPEX,Log4j_2-5b7b75d5,0,d7319b0c6aa94fdead0af4a03b2029ed,org.apache.logging.log4j.core.config.composite.DefaultMergeStrategy,org.apache.logging.log4j.core.config.composite.DefaultMergeStrategy_ESTest,3,0,False
1906,NPEX,Log4j_2-5b7b75d5,0,aecdc4aba21b487c90bc10e8233d9dd9,org.apache.logging.log4j.core.config.composite.DefaultMergeStrategy,org.apache.logging.log4j.core.config.composite.DefaultMergeStrategy_ESTest,2,0,False
1907,NPEX,Log4j_2-5b7b75d5,0,7d1794676781404bbd59f487c0ebafd8,org.apache.logging.log4j.core.config.composite.DefaultMergeStrategy,org.apache.logging.log4j.core.config.composite.DefaultMergeStrategy_ESTest,2,0,False
1908,NPEX,Log4j_2-5b7b75d5,0,7502ba42e2a84722b9b0ae452cd391f4,org.apache.logging.log4j.core.config.composite.DefaultMergeStrategy,org.apache.logging.log4j.core.config.composite.DefaultMergeStrategy_ESTest,3,0,False
1909,NPEX,Log4j_2-5b7b75d5,0,cd079a3cbf3c41e9a3745f0dbec1ebe3,org.apache.logging.log4j.core.config.composite.DefaultMergeStrategy,org.apache.logging.log4j.core.config.composite.DefaultMergeStrategy_ESTest,2,0,False
1910,NPEX,Log4j_2-5b7b75d5,0,dadfd08da669403e95ba0624f9cf0977,org.apache.logging.log4j.core.config.composite.DefaultMergeStrategy,org.apache.logging.log4j.core.config.composite.DefaultMergeStrategy_ESTest,4,0,False
1911,NPEX,Log4j_2-5b7b75d5,0,cdf3801439954af293ffd77bff269b0b,org.apache.logging.log4j.core.config.composite.DefaultMergeStrategy,org.apache.logging.log4j.core.config.composite.DefaultMergeStrategy_ESTest,2,0,False
1912,NPEX,Log4j_2-5b7b75d5,0,19335c4c67b24d5aa06acb377ea814d6,org.apache.logging.log4j.core.config.composite.DefaultMergeStrategy,org.apache.logging.log4j.core.config.composite.DefaultMergeStrategy_ESTest,2,0,False
1913,NPEX,Karaf-b92dd7e4,0,55eb831f03d445c1a0ca7ffaaf8cf351,org.apache.karaf.shell.impl.console.commands.help.wikidoc.WikiParser,org.apache.karaf.shell.impl.console.commands.help.wikidoc.WikiParser_ESTest,15,0,False
1914,NPEX,Karaf-b92dd7e4,0,4b55dfd6064a493ebaf5e94be8b6de3d,org.apache.karaf.shell.impl.console.commands.help.wikidoc.WikiParser,org.apache.karaf.shell.impl.console.commands.help.wikidoc.WikiParser_ESTest,16,0,False
1915,NPEX,Karaf-b92dd7e4,0,9d00341a4d2e45f1b6f1861b430bada8,org.apache.karaf.shell.impl.console.commands.help.wikidoc.WikiParser,org.apache.karaf.shell.impl.console.commands.help.wikidoc.WikiParser_ESTest,15,0,True
1916,NPEX,Karaf-b92dd7e4,0,ea1b08a92b3e4d0085fa7ea8d8a97404,org.apache.karaf.shell.impl.console.commands.help.wikidoc.WikiParser,org.apache.karaf.shell.impl.console.commands.help.wikidoc.WikiParser_ESTest,14,0,True
1917,NPEX,Karaf-b92dd7e4,0,9ca62bf9af0441d9b11b9dece0a83656,org.apache.karaf.shell.impl.console.commands.help.wikidoc.WikiParser,org.apache.karaf.shell.impl.console.commands.help.wikidoc.WikiParser_ESTest,15,0,False
1918,NPEX,Karaf-b92dd7e4,0,43633c4cfb2e4904b631571802f2be76,org.apache.karaf.shell.impl.console.commands.help.wikidoc.WikiParser,org.apache.karaf.shell.impl.console.commands.help.wikidoc.WikiParser_ESTest,14,0,False
1919,NPEX,Karaf-b92dd7e4,0,cc119ed1b8c4431996f886138f0740bb,org.apache.karaf.shell.impl.console.commands.help.wikidoc.WikiParser,org.apache.karaf.shell.impl.console.commands.help.wikidoc.WikiParser_ESTest,14,0,False
1920,NPEX,Karaf-b92dd7e4,0,58e674fbe4084d9eb7995db50d748c70,org.apache.karaf.shell.impl.console.commands.help.wikidoc.WikiParser,org.apache.karaf.shell.impl.console.commands.help.wikidoc.WikiParser_ESTest,17,0,False
1921,NPEX,Karaf-b92dd7e4,0,0f3217ef207844f4b9863b20e2c08958,org.apache.karaf.shell.impl.console.commands.help.wikidoc.WikiParser,org.apache.karaf.shell.impl.console.commands.help.wikidoc.WikiParser_ESTest,15,0,False
1922,NPEX,Karaf-b92dd7e4,0,e682ccc894c04a81b8210f12d87e8018,org.apache.karaf.shell.impl.console.commands.help.wikidoc.WikiParser,org.apache.karaf.shell.impl.console.commands.help.wikidoc.WikiParser_ESTest,16,0,False
1923,NPEX,Karaf-b92dd7e4,0,8d7eadff24ee4c2d9e52dac7a8a135c3,org.apache.karaf.shell.impl.console.commands.help.wikidoc.WikiParser,org.apache.karaf.shell.impl.console.commands.help.wikidoc.WikiParser_ESTest,17,0,False
1924,NPEX,Karaf-b92dd7e4,0,3098ecd0cb1948b88ca7271b8f29515c,org.apache.karaf.shell.impl.console.commands.help.wikidoc.WikiParser,org.apache.karaf.shell.impl.console.commands.help.wikidoc.WikiParser_ESTest,16,0,False
1925,NPEX,Karaf-b92dd7e4,0,6ac200787a9c41aa87fadeb27330a3c6,org.apache.karaf.shell.impl.console.commands.help.wikidoc.WikiParser,org.apache.karaf.shell.impl.console.commands.help.wikidoc.WikiParser_ESTest,15,0,False
1926,NPEX,Karaf-b92dd7e4,0,ffeb8eeccba341109ec64c556a8c2d60,org.apache.karaf.shell.impl.console.commands.help.wikidoc.WikiParser,org.apache.karaf.shell.impl.console.commands.help.wikidoc.WikiParser_ESTest,15,0,False
1927,NPEX,Karaf-b92dd7e4,0,d8bc812ff51f42bebd5169c9e630cd65,org.apache.karaf.shell.impl.console.commands.help.wikidoc.WikiParser,org.apache.karaf.shell.impl.console.commands.help.wikidoc.WikiParser_ESTest,14,0,False
1928,NPEX,Karaf-b92dd7e4,0,d1ad0609aeaf4f938c22b2eace9dc073,org.apache.karaf.shell.impl.console.commands.help.wikidoc.WikiParser,org.apache.karaf.shell.impl.console.commands.help.wikidoc.WikiParser_ESTest,15,0,False
1929,NPEX,Karaf-b92dd7e4,0,0136270af24945f9b06245030ed723ff,org.apache.karaf.shell.impl.console.commands.help.wikidoc.WikiParser,org.apache.karaf.shell.impl.console.commands.help.wikidoc.WikiParser_ESTest,14,0,False
1930,NPEX,Karaf-b92dd7e4,0,2b49b770447c4db8898c21f0011b7400,org.apache.karaf.shell.impl.console.commands.help.wikidoc.WikiParser,org.apache.karaf.shell.impl.console.commands.help.wikidoc.WikiParser_ESTest,16,0,False
1931,NPEX,Karaf-b92dd7e4,0,dc543b71700745b183ec6d2d009bffb0,org.apache.karaf.shell.impl.console.commands.help.wikidoc.WikiParser,org.apache.karaf.shell.impl.console.commands.help.wikidoc.WikiParser_ESTest,17,0,False
1932,NPEX,jsoup-b8411990,0,99faedd240ad4f98b282f3576d8cfa85,org.jsoup.internal.Normalizer,org.jsoup.internal.Normalizer_ESTest,7,0,True
1933,NPEX,jsoup-b8411990,0,bec0b0f620c240cfb71b29b83775ddee,org.jsoup.internal.Normalizer,org.jsoup.internal.Normalizer_ESTest,5,0,False
1934,NPEX,jsoup-b8411990,0,4a63d185d0df4d6db2e11a8847c3463d,org.jsoup.internal.Normalizer,org.jsoup.internal.Normalizer_ESTest,5,0,False
1935,NPEX,jsoup-b8411990,0,7973852b47e7472dbcdaa675eefcb419,org.jsoup.internal.Normalizer,org.jsoup.internal.Normalizer_ESTest,5,0,False
1936,NPEX,jsoup-b8411990,0,8d6e148bf11a429d954dd775697f1c56,org.jsoup.internal.Normalizer,org.jsoup.internal.Normalizer_ESTest,6,0,True
1937,NPEX,jsoup-b8411990,0,e379ab9d41ab4f3f8e8f6d9d4e39df0e,org.jsoup.internal.Normalizer,org.jsoup.internal.Normalizer_ESTest,6,0,True
1938,NPEX,jsoup-b8411990,0,0904fbcf8a704b979be7f694dfb5b006,org.jsoup.internal.Normalizer,org.jsoup.internal.Normalizer_ESTest,6,0,True
1939,NPEX,jsoup-b8411990,0,845d96ab85ed4e199276d910b3144887,org.jsoup.internal.Normalizer,org.jsoup.internal.Normalizer_ESTest,5,0,False
1940,NPEX,jsoup-b8411990,0,39df3137fd3d43339c93d5c02a0aaab9,org.jsoup.internal.Normalizer,org.jsoup.internal.Normalizer_ESTest,6,0,True
1941,NPEX,jsoup-b8411990,0,08002a5305d74b2fb83bea6e72153791,org.jsoup.internal.Normalizer,org.jsoup.internal.Normalizer_ESTest,5,0,False
1942,NPEX,jsoup-b8411990,0,d7c78aeb8e814578b1f1e98758e79f77,org.jsoup.internal.Normalizer,org.jsoup.internal.Normalizer_ESTest,6,0,True
1943,NPEX,jsoup-b8411990,0,172a5e64732e4206b4382dafed04b17a,org.jsoup.internal.Normalizer,org.jsoup.internal.Normalizer_ESTest,5,0,False
1944,NPEX,jsoup-b8411990,0,7eb9c7faec6840afa72d034773830a14,org.jsoup.internal.Normalizer,org.jsoup.internal.Normalizer_ESTest,6,0,True
1945,NPEX,jsoup-b8411990,0,efb94e73fe584157a538848f46df25ba,org.jsoup.internal.Normalizer,org.jsoup.internal.Normalizer_ESTest,5,0,False
1946,NPEX,jsoup-b8411990,0,e1e2990e67b64d5e80702043a109b48c,org.jsoup.internal.Normalizer,org.jsoup.internal.Normalizer_ESTest,5,0,False
1947,NPEX,jsoup-b8411990,0,2fb63437e3de471bbb481dc40d00bf7a,org.jsoup.internal.Normalizer,org.jsoup.internal.Normalizer_ESTest,6,0,True
1948,NPEX,jsoup-b8411990,0,2b15c586901d4d7abdb198bdf1f326da,org.jsoup.internal.Normalizer,org.jsoup.internal.Normalizer_ESTest,5,0,False
1949,NPEX,jsoup-b8411990,0,c810a19cdb1c4e018fc13067120a8cf4,org.jsoup.internal.Normalizer,org.jsoup.internal.Normalizer_ESTest,6,0,True
1950,NPEX,jsoup-b8411990,0,19102c5379a14cbcabcede20c3e2cab7,org.jsoup.internal.Normalizer,org.jsoup.internal.Normalizer_ESTest,6,0,True
1951,NPEX,jsoup-b8411990,0,f602e863b58e40f590287293eb138139,org.jsoup.internal.Normalizer,org.jsoup.internal.Normalizer_ESTest,6,0,True
1952,NPEX,jsoup-b8411990,0,c1b1ed8eac81402c8e3b80868959c4a2,org.jsoup.internal.Normalizer,org.jsoup.internal.Normalizer_ESTest,5,0,False
1953,NPEX,jsoup-b8411990,0,7018fa3ea59f4542bfcedaa37c986e76,org.jsoup.internal.Normalizer,org.jsoup.internal.Normalizer_ESTest,6,0,True
1954,NPEX,jsoup-b8411990,0,3de49d39f218481581322307c3252203,org.jsoup.internal.Normalizer,org.jsoup.internal.Normalizer_ESTest,6,0,True
1955,NPEX,jsoup-b8411990,0,049c80c25a3a49ea80e3f8ef03feb63d,org.jsoup.internal.Normalizer,org.jsoup.internal.Normalizer_ESTest,5,0,False
1956,NPEX,jsoup-b8411990,0,bc6e2ffb37634baa97fd48dc7fe0d839,org.jsoup.internal.Normalizer,org.jsoup.internal.Normalizer_ESTest,5,0,False
1957,NPEX,jsoup-b8411990,0,7fbc512ba81641c28a8911a791fe8dd6,org.jsoup.internal.Normalizer,org.jsoup.internal.Normalizer_ESTest,7,0,True
1958,NPEX,jsoup-b8411990,0,72775b56287a48dd9228a2273e3b8208,org.jsoup.internal.Normalizer,org.jsoup.internal.Normalizer_ESTest,5,0,False
1959,NPEX,jsoup-b8411990,0,e12aa1aa21ea47bc89c7d7fc8d9a8909,org.jsoup.internal.Normalizer,org.jsoup.internal.Normalizer_ESTest,7,0,True
1960,NPEX,jsoup-b8411990,0,b52c4462e53a46a695c54c8a6d3c2fca,org.jsoup.internal.Normalizer,org.jsoup.internal.Normalizer_ESTest,6,0,True
1961,NPEX,jsoup-b8411990,0,d50a148c9e6f4a02ae63802dc48b1a2b,org.jsoup.internal.Normalizer,org.jsoup.internal.Normalizer_ESTest,5,0,False
1962,NPEX,Qpid_Proton__j-0c27d5ff,0,7c5081a94d5d418581b69d9f31530dda,org.apache.qpid.proton.engine.impl.TransportImpl,org.apache.qpid.proton.engine.impl.TransportImpl_ESTest,76,0,False
1963,NPEX,Qpid_Proton__j-0c27d5ff,0,9ecdf29e2e3a4ee3a73b52827ef34abf,org.apache.qpid.proton.engine.impl.TransportImpl,org.apache.qpid.proton.engine.impl.TransportImpl_ESTest,81,0,False
1964,NPEX,Qpid_Proton__j-0c27d5ff,0,ed25c9bbdb6f440686ebc51764384c75,org.apache.qpid.proton.engine.impl.TransportImpl,org.apache.qpid.proton.engine.impl.TransportImpl_ESTest,84,0,False
1965,NPEX,Qpid_Proton__j-0c27d5ff,0,4e4f8acc1b624266ab3cd5da199b15eb,org.apache.qpid.proton.engine.impl.TransportImpl,org.apache.qpid.proton.engine.impl.TransportImpl_ESTest,86,0,False
1966,NPEX,Qpid_Proton__j-0c27d5ff,0,1c4aad3b0de64ed198aad3598b60b82a,org.apache.qpid.proton.engine.impl.TransportImpl,org.apache.qpid.proton.engine.impl.TransportImpl_ESTest,78,0,False
1967,NPEX,Qpid_Proton__j-0c27d5ff,0,6d78a8c3c7fe4ce5a973d6af051aaec1,org.apache.qpid.proton.engine.impl.TransportImpl,org.apache.qpid.proton.engine.impl.TransportImpl_ESTest,82,0,False
1968,NPEX,Qpid_Proton__j-0c27d5ff,0,a34a8288aecc42e8a5a65dfc13e6fa50,org.apache.qpid.proton.engine.impl.TransportImpl,org.apache.qpid.proton.engine.impl.TransportImpl_ESTest,84,0,False
1969,NPEX,Qpid_Proton__j-0c27d5ff,0,32145088b2f040149c7d5589b9d79bee,org.apache.qpid.proton.engine.impl.TransportImpl,org.apache.qpid.proton.engine.impl.TransportImpl_ESTest,80,0,False
1970,NPEX,Qpid_Proton__j-0c27d5ff,0,f128b59ce16e474689947e8781809f8f,org.apache.qpid.proton.engine.impl.TransportImpl,org.apache.qpid.proton.engine.impl.TransportImpl_ESTest,73,0,False
1971,NPEX,Qpid_Proton__j-0c27d5ff,0,442b50f4af874bb38dc945792a022965,org.apache.qpid.proton.engine.impl.TransportImpl,org.apache.qpid.proton.engine.impl.TransportImpl_ESTest,83,0,False
1972,NPEX,Qpid_Proton__j-0c27d5ff,0,0aed6e5d1c3a49b6ba58c1c616749977,org.apache.qpid.proton.engine.impl.TransportImpl,org.apache.qpid.proton.engine.impl.TransportImpl_ESTest,87,0,False
1973,NPEX,Qpid_Proton__j-0c27d5ff,0,816a8d4595134deb98dab91aa5b8d57f,org.apache.qpid.proton.engine.impl.TransportImpl,org.apache.qpid.proton.engine.impl.TransportImpl_ESTest,80,0,False
1974,NPEX,Qpid_Proton__j-0c27d5ff,0,1b2f837a8322471baaa1d2028b8dcdd7,org.apache.qpid.proton.engine.impl.TransportImpl,org.apache.qpid.proton.engine.impl.TransportImpl_ESTest,81,0,False
1975,NPEX,Qpid_Proton__j-0c27d5ff,0,5d2a0093013d4f848b48c9345a8844ca,org.apache.qpid.proton.engine.impl.TransportImpl,org.apache.qpid.proton.engine.impl.TransportImpl_ESTest,83,0,False
1976,NPEX,Qpid_Proton__j-0c27d5ff,0,e7d1496f1a854565bbe6abcbe584071a,org.apache.qpid.proton.engine.impl.TransportImpl,org.apache.qpid.proton.engine.impl.TransportImpl_ESTest,79,0,False
1977,NPEX,Qpid_Proton__j-0c27d5ff,0,876a406787a64ced986bf85a910a6ec7,org.apache.qpid.proton.engine.impl.TransportImpl,org.apache.qpid.proton.engine.impl.TransportImpl_ESTest,89,0,False
1978,NPEX,Qpid_Proton__j-0c27d5ff,0,3821f8958b5f46a7a84ac7c6f73a5369,org.apache.qpid.proton.engine.impl.TransportImpl,org.apache.qpid.proton.engine.impl.TransportImpl_ESTest,80,0,False
1979,NPEX,Qpid_Proton__j-0c27d5ff,0,e674d6e7587b43d0be7b4bd37727e301,org.apache.qpid.proton.engine.impl.TransportImpl,org.apache.qpid.proton.engine.impl.TransportImpl_ESTest,81,0,False
1980,NPEX,Qpid_Proton__j-0c27d5ff,0,755dba54797c4ab594e0a9c7cb6efe89,org.apache.qpid.proton.engine.impl.TransportImpl,org.apache.qpid.proton.engine.impl.TransportImpl_ESTest,77,0,False
1981,NPEX,Qpid_Proton__j-0c27d5ff,0,219094918d204876a8ef30822a10988c,org.apache.qpid.proton.engine.impl.TransportImpl,org.apache.qpid.proton.engine.impl.TransportImpl_ESTest,74,0,False
1982,NPEX,Qpid_Proton__j-0c27d5ff,0,fc451fd5a2ab48649b3352c6e313d8e3,org.apache.qpid.proton.engine.impl.TransportImpl,org.apache.qpid.proton.engine.impl.TransportImpl_ESTest,78,0,False
1983,NPEX,Qpid_Proton__j-0c27d5ff,0,07fd6fdbc20a4e18ab35ca12747f3cc1,org.apache.qpid.proton.engine.impl.TransportImpl,org.apache.qpid.proton.engine.impl.TransportImpl_ESTest,77,0,False
1984,NPEX,Qpid_Proton__j-0c27d5ff,0,cbc60f3c305e44658189021f6da1cedf,org.apache.qpid.proton.engine.impl.TransportImpl,org.apache.qpid.proton.engine.impl.TransportImpl_ESTest,82,0,False
1985,NPEX,Qpid_Proton__j-0c27d5ff,0,52507c9aa1f4485d8923e0dedf5a2d3d,org.apache.qpid.proton.engine.impl.TransportImpl,org.apache.qpid.proton.engine.impl.TransportImpl_ESTest,81,0,False
1986,NPEX,Qpid_Proton__j-0c27d5ff,0,efe475a9d59b4c6fb72c43d6db1157d4,org.apache.qpid.proton.engine.impl.TransportImpl,org.apache.qpid.proton.engine.impl.TransportImpl_ESTest,79,0,False
1987,NPEX,Qpid_Proton__j-0c27d5ff,0,578ab634d05f4a33984e242e644ef6b2,org.apache.qpid.proton.engine.impl.TransportImpl,org.apache.qpid.proton.engine.impl.TransportImpl_ESTest,74,0,False
1988,NPEX,Commons_Pool-11521c1f,0,5242d9a3e51847dea0434481c0b5ace8,org.apache.commons.pool2.impl.GenericKeyedObjectPool,org.apache.commons.pool2.impl.GenericKeyedObjectPool_ESTest,2,0,False
1989,NPEX,Commons_Pool-11521c1f,0,3249aea307fe458f80a70e7fc63f4b96,org.apache.commons.pool2.impl.GenericKeyedObjectPool,org.apache.commons.pool2.impl.GenericKeyedObjectPool_ESTest,2,0,False
1990,NPEX,Commons_Pool-11521c1f,0,1d9211277370460480e2c1932be90369,org.apache.commons.pool2.impl.GenericKeyedObjectPool,org.apache.commons.pool2.impl.GenericKeyedObjectPool_ESTest,2,0,False
1991,NPEX,Commons_Pool-11521c1f,0,4760590b0eb2471d9757d9f8bcd6a961,org.apache.commons.pool2.impl.GenericKeyedObjectPool,org.apache.commons.pool2.impl.GenericKeyedObjectPool_ESTest,2,0,False
1992,NPEX,Commons_Pool-11521c1f,0,fa4d13966a3c4b09a241e687023769d5,org.apache.commons.pool2.impl.GenericKeyedObjectPool,org.apache.commons.pool2.impl.GenericKeyedObjectPool_ESTest,2,0,False
1993,NPEX,Commons_Pool-11521c1f,0,93f7cd23b7f945a7a196e74bb50ef6c7,org.apache.commons.pool2.impl.GenericKeyedObjectPool,org.apache.commons.pool2.impl.GenericKeyedObjectPool_ESTest,2,0,False
1994,NPEX,Commons_Pool-11521c1f,0,85362a0f834345328ee38b0d4a4fedd6,org.apache.commons.pool2.impl.GenericKeyedObjectPool,org.apache.commons.pool2.impl.GenericKeyedObjectPool_ESTest,2,0,False
1995,NPEX,Commons_Pool-11521c1f,0,9a01f762a2c347058ed06e4b56a86a51,org.apache.commons.pool2.impl.GenericKeyedObjectPool,org.apache.commons.pool2.impl.GenericKeyedObjectPool_ESTest,3,0,False
1996,NPEX,Commons_Pool-11521c1f,0,131ebff0d2914f4eb4cd3cf815bf541a,org.apache.commons.pool2.impl.GenericKeyedObjectPool,org.apache.commons.pool2.impl.GenericKeyedObjectPool_ESTest,2,0,False
1997,NPEX,Commons_Pool-11521c1f,0,94cbac9a12a84b859bc5d052d93eee24,org.apache.commons.pool2.impl.GenericKeyedObjectPool,org.apache.commons.pool2.impl.GenericKeyedObjectPool_ESTest,2,0,False
1998,NPEX,Commons_Pool-11521c1f,0,6d09ece9c49f488d9fd6611e77e1a876,org.apache.commons.pool2.impl.GenericKeyedObjectPool,org.apache.commons.pool2.impl.GenericKeyedObjectPool_ESTest,2,0,False
1999,NPEX,Commons_Pool-11521c1f,0,5834f67c36934c3bb36dc624d87f3e1f,org.apache.commons.pool2.impl.GenericKeyedObjectPool,org.apache.commons.pool2.impl.GenericKeyedObjectPool_ESTest,2,0,False
2000,NPEX,Commons_Pool-11521c1f,0,fdea262fd2f0464a97ed3878a9fa8962,org.apache.commons.pool2.impl.GenericKeyedObjectPool,org.apache.commons.pool2.impl.GenericKeyedObjectPool_ESTest,2,0,False
2001,NPEX,Commons_Pool-11521c1f,0,77e7299bc9154f26923b2212e2fe671a,org.apache.commons.pool2.impl.GenericKeyedObjectPool,org.apache.commons.pool2.impl.GenericKeyedObjectPool_ESTest,2,0,False
2002,NPEX,Commons_Pool-11521c1f,0,1510c40a375e43a0b68828df7ea910cb,org.apache.commons.pool2.impl.GenericKeyedObjectPool,org.apache.commons.pool2.impl.GenericKeyedObjectPool_ESTest,2,0,False
2003,NPEX,Commons_Pool-11521c1f,0,e31cdcf1c6bc47cfa53056cab9e9e143,org.apache.commons.pool2.impl.GenericKeyedObjectPool,org.apache.commons.pool2.impl.GenericKeyedObjectPool_ESTest,2,0,False
2004,NPEX,Commons_Pool-11521c1f,0,ea528b4698db43c39b9fb134b006ab0d,org.apache.commons.pool2.impl.GenericKeyedObjectPool,org.apache.commons.pool2.impl.GenericKeyedObjectPool_ESTest,2,0,False
2005,NPEX,Commons_Pool-11521c1f,0,5c98e76a1f194f23ac7de6c0e6a8a525,org.apache.commons.pool2.impl.GenericKeyedObjectPool,org.apache.commons.pool2.impl.GenericKeyedObjectPool_ESTest,3,0,False
2006,NPEX,Commons_Pool-11521c1f,0,2cfea3617a5746dab52364ec69cb31a2,org.apache.commons.pool2.impl.GenericKeyedObjectPool,org.apache.commons.pool2.impl.GenericKeyedObjectPool_ESTest,2,0,False
2007,NPEX,Commons_Pool-11521c1f,0,56d0045297124c298d1463e669057232,org.apache.commons.pool2.impl.GenericKeyedObjectPool,org.apache.commons.pool2.impl.GenericKeyedObjectPool_ESTest,2,0,False
2008,NPEX,Commons_Pool-11521c1f,0,4632f68fc26b45448ba81b87bda50ed4,org.apache.commons.pool2.impl.GenericKeyedObjectPool,org.apache.commons.pool2.impl.GenericKeyedObjectPool_ESTest,2,0,False
2009,NPEX,Commons_Pool-11521c1f,0,ad21771095ca4e9db83ed574b58a7586,org.apache.commons.pool2.impl.GenericKeyedObjectPool,org.apache.commons.pool2.impl.GenericKeyedObjectPool_ESTest,2,0,False
2010,NPEX,Commons_Pool-11521c1f,0,a88bae081d4941e593ef70fed9e77a56,org.apache.commons.pool2.impl.GenericKeyedObjectPool,org.apache.commons.pool2.impl.GenericKeyedObjectPool_ESTest,2,0,False
2011,NPEX,Commons_Pool-11521c1f,0,7f544be76fc6495c82e885ccc77d22e7,org.apache.commons.pool2.impl.GenericKeyedObjectPool,org.apache.commons.pool2.impl.GenericKeyedObjectPool_ESTest,2,0,False
2012,NPEX,Commons_Pool-11521c1f,0,10bfe2f045c24067afe9b880bd1ab755,org.apache.commons.pool2.impl.GenericKeyedObjectPool,org.apache.commons.pool2.impl.GenericKeyedObjectPool_ESTest,2,0,False
2013,NPEX,Commons_Pool-11521c1f,0,0b77f6a3c86d46219a52715b917e8212,org.apache.commons.pool2.impl.GenericKeyedObjectPool,org.apache.commons.pool2.impl.GenericKeyedObjectPool_ESTest,2,0,False
2014,NPEX,Commons_Pool-11521c1f,0,5fbea2ac995747c7bbe69345cb82733d,org.apache.commons.pool2.impl.GenericKeyedObjectPool,org.apache.commons.pool2.impl.GenericKeyedObjectPool_ESTest,2,0,False
2015,NPEX,Commons_Pool-11521c1f,0,0ec4d9140e354effb107c1bfb0f95b2f,org.apache.commons.pool2.impl.GenericKeyedObjectPool,org.apache.commons.pool2.impl.GenericKeyedObjectPool_ESTest,2,0,False
2016,NPEX,Commons_Pool-11521c1f,0,64adab6eda3748f786d7b83e2b0756c0,org.apache.commons.pool2.impl.GenericKeyedObjectPool,org.apache.commons.pool2.impl.GenericKeyedObjectPool_ESTest,2,0,False
2017,NPEX,Commons_Pool-11521c1f,0,c29c4c4dd101403fa7732dfb17ac2e4e,org.apache.commons.pool2.impl.GenericKeyedObjectPool,org.apache.commons.pool2.impl.GenericKeyedObjectPool_ESTest,2,0,False
2018,NPEX,Log4j_2-7441d3c3,0,1af00d5cb2a7446ebee1611a46caee01,org.apache.logging.log4j.core.config.ConfigurationScheduler,org.apache.logging.log4j.core.config.ConfigurationScheduler_ESTest,21,0,True
2019,NPEX,Log4j_2-7441d3c3,0,4721b514929a4ee5afa299d88f91c45b,org.apache.logging.log4j.core.config.ConfigurationScheduler,org.apache.logging.log4j.core.config.ConfigurationScheduler_ESTest,19,0,True
2020,NPEX,Log4j_2-7441d3c3,0,eb047c2a222f46c4b56bd452e688db60,org.apache.logging.log4j.core.config.ConfigurationScheduler,org.apache.logging.log4j.core.config.ConfigurationScheduler_ESTest,20,0,True
2021,NPEX,Log4j_2-7441d3c3,0,9dbc54fda73a4b21bf68c66a3f68318d,org.apache.logging.log4j.core.config.ConfigurationScheduler,org.apache.logging.log4j.core.config.ConfigurationScheduler_ESTest,21,0,True
2022,NPEX,Log4j_2-7441d3c3,0,00d047049e2649759110d77f4b387ec0,org.apache.logging.log4j.core.config.ConfigurationScheduler,org.apache.logging.log4j.core.config.ConfigurationScheduler_ESTest,21,0,True
2023,NPEX,Log4j_2-7441d3c3,0,40db91e3872e4e909068f54b48b33d27,org.apache.logging.log4j.core.config.ConfigurationScheduler,org.apache.logging.log4j.core.config.ConfigurationScheduler_ESTest,21,0,True
2024,NPEX,Log4j_2-7441d3c3,0,91bc2e4699cb43858faf83c88d586aa2,org.apache.logging.log4j.core.config.ConfigurationScheduler,org.apache.logging.log4j.core.config.ConfigurationScheduler_ESTest,19,0,True
2025,NPEX,Log4j_2-7441d3c3,0,8d14cdd8856846aab04149c1ef4e22fe,org.apache.logging.log4j.core.config.ConfigurationScheduler,org.apache.logging.log4j.core.config.ConfigurationScheduler_ESTest,20,0,True
2026,NPEX,Log4j_2-7441d3c3,0,7e4b37aa61774cdc890dcf4ab49a3efe,org.apache.logging.log4j.core.config.ConfigurationScheduler,org.apache.logging.log4j.core.config.ConfigurationScheduler_ESTest,22,0,True
2027,NPEX,Log4j_2-7441d3c3,0,d1fda2f6ada34ff58b2aca9c144446b4,org.apache.logging.log4j.core.config.ConfigurationScheduler,org.apache.logging.log4j.core.config.ConfigurationScheduler_ESTest,20,0,True
2028,NPEX,Log4j_2-7441d3c3,0,fe7d6fe7655744828d112b1ba46f73f6,org.apache.logging.log4j.core.config.ConfigurationScheduler,org.apache.logging.log4j.core.config.ConfigurationScheduler_ESTest,21,0,True
2029,NPEX,Log4j_2-7441d3c3,0,47bdf419819841a08f0431062422334f,org.apache.logging.log4j.core.config.ConfigurationScheduler,org.apache.logging.log4j.core.config.ConfigurationScheduler_ESTest,20,0,True
2030,NPEX,Log4j_2-7441d3c3,0,4bf007ff0858423fa5c28d3287048511,org.apache.logging.log4j.core.config.ConfigurationScheduler,org.apache.logging.log4j.core.config.ConfigurationScheduler_ESTest,21,0,True
2031,NPEX,Log4j_2-7441d3c3,0,79df16408255487c9a5d99903a0bccd9,org.apache.logging.log4j.core.config.ConfigurationScheduler,org.apache.logging.log4j.core.config.ConfigurationScheduler_ESTest,20,0,True
2032,NPEX,Log4j_2-7441d3c3,0,bd3b26f155b54ce9aa82391f288f679f,org.apache.logging.log4j.core.config.ConfigurationScheduler,org.apache.logging.log4j.core.config.ConfigurationScheduler_ESTest,20,0,True
2033,NPEX,Log4j_2-7441d3c3,0,8a7bccba78f744e29032100bd8d97e7b,org.apache.logging.log4j.core.config.ConfigurationScheduler,org.apache.logging.log4j.core.config.ConfigurationScheduler_ESTest,19,0,True
2034,NPEX,Log4j_2-7441d3c3,0,a7dcd53037f4495cb7d63cfb7b753ab5,org.apache.logging.log4j.core.config.ConfigurationScheduler,org.apache.logging.log4j.core.config.ConfigurationScheduler_ESTest,22,0,True
2035,NPEX,Log4j_2-7441d3c3,0,b7862afbc2e94612985c9821851a12cd,org.apache.logging.log4j.core.config.ConfigurationScheduler,org.apache.logging.log4j.core.config.ConfigurationScheduler_ESTest,21,0,True
2036,NPEX,Log4j_2-7441d3c3,0,cb8eb50285a346c8856e6a763967fee7,org.apache.logging.log4j.core.config.ConfigurationScheduler,org.apache.logging.log4j.core.config.ConfigurationScheduler_ESTest,20,0,True
2037,NPEX,Log4j_2-7441d3c3,0,1352a89952394670990b50863d6f4826,org.apache.logging.log4j.core.config.ConfigurationScheduler,org.apache.logging.log4j.core.config.ConfigurationScheduler_ESTest,21,0,True
2038,NPEX,Log4j_2-7441d3c3,0,a022cdc9b59f44e8a322d575ebeeede0,org.apache.logging.log4j.core.config.ConfigurationScheduler,org.apache.logging.log4j.core.config.ConfigurationScheduler_ESTest,21,0,True
2039,NPEX,Log4j_2-7441d3c3,0,1137f015aafb4018a1403b3d456be85e,org.apache.logging.log4j.core.config.ConfigurationScheduler,org.apache.logging.log4j.core.config.ConfigurationScheduler_ESTest,22,0,True
2040,NPEX,Log4j_2-7441d3c3,0,7dffff02ebde471d9cd67a52dbd7c74c,org.apache.logging.log4j.core.config.ConfigurationScheduler,org.apache.logging.log4j.core.config.ConfigurationScheduler_ESTest,20,0,True
2041,NPEX,Log4j_2-7441d3c3,0,0128040d97994eb08e79e64d465e8c2a,org.apache.logging.log4j.core.config.ConfigurationScheduler,org.apache.logging.log4j.core.config.ConfigurationScheduler_ESTest,22,0,True
2042,NPEX,Log4j_2-7441d3c3,0,b09bf79cc9de4b43a783c0f60efdd203,org.apache.logging.log4j.core.config.ConfigurationScheduler,org.apache.logging.log4j.core.config.ConfigurationScheduler_ESTest,20,0,True
2043,NPEX,Log4j_2-7441d3c3,0,019152f2147e47578934d6111439ccd1,org.apache.logging.log4j.core.config.ConfigurationScheduler,org.apache.logging.log4j.core.config.ConfigurationScheduler_ESTest,21,0,True
2044,NPEX,Log4j_2-7441d3c3,0,8a180a377da04d67b9ff893c965b7564,org.apache.logging.log4j.core.config.ConfigurationScheduler,org.apache.logging.log4j.core.config.ConfigurationScheduler_ESTest,21,0,True
2045,NPEX,Log4j_2-7441d3c3,0,4b434abb63c943c98a4261a06f335b35,org.apache.logging.log4j.core.config.ConfigurationScheduler,org.apache.logging.log4j.core.config.ConfigurationScheduler_ESTest,21,0,True
2046,NPEX,Log4j_2-7441d3c3,0,df3735e0e3b142248a87fce4e82f758d,org.apache.logging.log4j.core.config.ConfigurationScheduler,org.apache.logging.log4j.core.config.ConfigurationScheduler_ESTest,20,0,True
2047,NPEX,Log4j_2-7441d3c3,0,3a8fdf6b11df41bd80667f7ec2f74f42,org.apache.logging.log4j.core.config.ConfigurationScheduler,org.apache.logging.log4j.core.config.ConfigurationScheduler_ESTest,22,0,True
2048,NPEX,Prometheus_JVM_Client-3d9a3302,0,07ca8ea3e7f545f380055ebc5ae4f500,io.prometheus.client.CollectorRegistry,io.prometheus.client.CollectorRegistry_ESTest,15,0,False
2049,NPEX,Commons_BCEL-a46d927b,0,cf634f4bf7864c039ac2bc08f348613b,org.apache.bcel.generic.MethodGen,org.apache.bcel.generic.MethodGen_ESTest,50,0,False
2050,NPEX,Commons_BCEL-a46d927b,0,9c7065c6290c4d6189dc23306eb920a3,org.apache.bcel.generic.MethodGen,org.apache.bcel.generic.MethodGen_ESTest,48,0,False
2051,NPEX,Commons_BCEL-a46d927b,0,267bd8a6e8344ea1a2635ab9bf77c28a,org.apache.bcel.generic.MethodGen,org.apache.bcel.generic.MethodGen_ESTest,38,0,False
2052,NPEX,Commons_BCEL-a46d927b,0,8c18740aa93f40c0a0411df18ad398e2,org.apache.bcel.generic.MethodGen,org.apache.bcel.generic.MethodGen_ESTest,40,0,False
2053,NPEX,Commons_BCEL-a46d927b,0,9ae2ff85c8cb4b1daa70bdbff44e6ede,org.apache.bcel.generic.MethodGen,org.apache.bcel.generic.MethodGen_ESTest,41,0,False
2054,NPEX,Commons_BCEL-a46d927b,0,fe26c623bcd5425a98b87abee884b91e,org.apache.bcel.generic.MethodGen,org.apache.bcel.generic.MethodGen_ESTest,48,0,False
2055,NPEX,Commons_BCEL-a46d927b,0,762a46ca02954519ade3105bccf9fdcb,org.apache.bcel.generic.MethodGen,org.apache.bcel.generic.MethodGen_ESTest,37,0,False
2056,NPEX,Commons_BCEL-a46d927b,0,753f725bb1b5448b82be65e084666ae5,org.apache.bcel.generic.MethodGen,org.apache.bcel.generic.MethodGen_ESTest,34,0,False
2057,NPEX,Commons_BCEL-a46d927b,0,e9ed3040e75e461f86c493e280da3513,org.apache.bcel.generic.MethodGen,org.apache.bcel.generic.MethodGen_ESTest,38,0,False
2058,NPEX,Commons_BCEL-a46d927b,0,b1e12bffe17c49808522151ec4bb5093,org.apache.bcel.generic.MethodGen,org.apache.bcel.generic.MethodGen_ESTest,34,0,False
2059,NPEX,Commons_BCEL-a46d927b,0,5dd6982e65c84b10b9d6896bb393559d,org.apache.bcel.generic.MethodGen,org.apache.bcel.generic.MethodGen_ESTest,43,0,False
2060,NPEX,Commons_BCEL-a46d927b,0,276c8f5712a846ac80195663ec86f7eb,org.apache.bcel.generic.MethodGen,org.apache.bcel.generic.MethodGen_ESTest,35,0,False
2061,NPEX,Commons_BCEL-a46d927b,0,2985d367761c456cad09d5987c1c44c5,org.apache.bcel.generic.MethodGen,org.apache.bcel.generic.MethodGen_ESTest,42,0,False
2062,NPEX,Commons_BCEL-a46d927b,0,d47254e9952a4da7bfbde75be4e6f77e,org.apache.bcel.generic.MethodGen,org.apache.bcel.generic.MethodGen_ESTest,53,0,False
2063,NPEX,Commons_BCEL-a46d927b,0,01a1c6033746490a9a9e1ccae8664ad9,org.apache.bcel.generic.MethodGen,org.apache.bcel.generic.MethodGen_ESTest,40,0,False
2064,NPEX,Commons_BCEL-a46d927b,0,07d81d511a8a41ada34b1029d81b5a89,org.apache.bcel.generic.MethodGen,org.apache.bcel.generic.MethodGen_ESTest,36,0,False
2065,NPEX,Commons_BCEL-a46d927b,0,7b321e12e61d40c2b93136af603fc966,org.apache.bcel.generic.MethodGen,org.apache.bcel.generic.MethodGen_ESTest,43,0,False
2066,NPEX,Commons_BCEL-a46d927b,0,220b1e5f5c864cefbafc0c1e0b96244c,org.apache.bcel.generic.MethodGen,org.apache.bcel.generic.MethodGen_ESTest,31,0,False
2067,NPEX,Commons_BCEL-a46d927b,0,d09c33d0c14944f593e715e4d0b84117,org.apache.bcel.generic.MethodGen,org.apache.bcel.generic.MethodGen_ESTest,51,0,False
2068,NPEX,Commons_BCEL-a46d927b,0,e55273442fe743d58f3b7b7a274d305e,org.apache.bcel.generic.MethodGen,org.apache.bcel.generic.MethodGen_ESTest,30,0,False
2069,NPEX,Commons_BCEL-a46d927b,0,2fedc9724ae8485f8d55b05274f6ba50,org.apache.bcel.generic.MethodGen,org.apache.bcel.generic.MethodGen_ESTest,43,0,False
2070,NPEX,Commons_BCEL-a46d927b,0,10c874b2dfe243af8595d7b6e65956a7,org.apache.bcel.generic.MethodGen,org.apache.bcel.generic.MethodGen_ESTest,48,0,False
2071,NPEX,Commons_BCEL-a46d927b,0,c3a3910af20c43ce92a4bb6b5f863354,org.apache.bcel.generic.MethodGen,org.apache.bcel.generic.MethodGen_ESTest,36,0,False
2072,NPEX,Commons_BCEL-a46d927b,0,14f41019cb744313b04f4e578ac42dbc,org.apache.bcel.generic.MethodGen,org.apache.bcel.generic.MethodGen_ESTest,39,0,False
2073,NPEX,Commons_BCEL-a46d927b,0,5030d2884b6949979077344d2404f419,org.apache.bcel.generic.MethodGen,org.apache.bcel.generic.MethodGen_ESTest,39,0,False
2074,NPEX,Commons_BCEL-a46d927b,0,edbafbb8d4eb4e21a58058888c1779c8,org.apache.bcel.generic.MethodGen,org.apache.bcel.generic.MethodGen_ESTest,45,0,False
2075,NPEX,Commons_BCEL-a46d927b,0,79867f4ad96c4181b9ef2fb616e3c219,org.apache.bcel.generic.MethodGen,org.apache.bcel.generic.MethodGen_ESTest,40,0,False
2076,NPEX,Commons_BCEL-a46d927b,0,910f7205be1f45bb935028db774c86c0,org.apache.bcel.generic.MethodGen,org.apache.bcel.generic.MethodGen_ESTest,39,0,False
2077,NPEX,Commons_BCEL-a46d927b,0,aadd2cde67504a14a814389bd096cec3,org.apache.bcel.generic.MethodGen,org.apache.bcel.generic.MethodGen_ESTest,44,0,False
2078,NPEX,Commons_BCEL-a46d927b,0,0835fded205a400b9b692cc57958ce44,org.apache.bcel.generic.MethodGen,org.apache.bcel.generic.MethodGen_ESTest,46,0,False
2079,NPEX,Jest-f34fa45e,0,e6966bbd32e4429dac51f071759ad4d9,io.searchbox.client.config.discovery.NodeChecker,io.searchbox.client.config.discovery.NodeChecker_ESTest,1,0,False
2080,NPEX,Jest-f34fa45e,0,55585de6ffd74257bc348ef8ac9ac96d,io.searchbox.client.config.discovery.NodeChecker,io.searchbox.client.config.discovery.NodeChecker_ESTest,1,0,False
2081,NPEX,Jest-f34fa45e,0,ccc484b097b34ed08b4a1a39cdd8bb3b,io.searchbox.client.config.discovery.NodeChecker,io.searchbox.client.config.discovery.NodeChecker_ESTest,1,0,False
2082,NPEX,Jest-f34fa45e,0,94f97813da0d44cf907ba457050b5b72,io.searchbox.client.config.discovery.NodeChecker,io.searchbox.client.config.discovery.NodeChecker_ESTest,1,0,False
2083,NPEX,Jest-f34fa45e,0,02dfc826572b426092a4d3f3a89ea5ff,io.searchbox.client.config.discovery.NodeChecker,io.searchbox.client.config.discovery.NodeChecker_ESTest,1,0,False
2084,NPEX,Jest-f34fa45e,0,34a457cf85864f17b37030c2499c595b,io.searchbox.client.config.discovery.NodeChecker,io.searchbox.client.config.discovery.NodeChecker_ESTest,1,0,False
2085,NPEX,Jest-f34fa45e,0,b81c69d32fc94e20865dc85e3f3467df,io.searchbox.client.config.discovery.NodeChecker,io.searchbox.client.config.discovery.NodeChecker_ESTest,1,0,False
2086,NPEX,Jest-f34fa45e,0,34e86d68f23749e6b3be7a5bba924e6b,io.searchbox.client.config.discovery.NodeChecker,io.searchbox.client.config.discovery.NodeChecker_ESTest,1,0,False
2087,NPEX,Jest-f34fa45e,0,4c2c21b8e9084b3797d3c3825c6cb5bc,io.searchbox.client.config.discovery.NodeChecker,io.searchbox.client.config.discovery.NodeChecker_ESTest,1,0,False
2088,NPEX,Jest-f34fa45e,0,a82fa54690d74bd78123b7a8d45ad599,io.searchbox.client.config.discovery.NodeChecker,io.searchbox.client.config.discovery.NodeChecker_ESTest,1,0,False
2089,NPEX,Jest-f34fa45e,0,09ceb2b23704443d9361f8326438c7bd,io.searchbox.client.config.discovery.NodeChecker,io.searchbox.client.config.discovery.NodeChecker_ESTest,1,0,False
2090,NPEX,Jest-f34fa45e,0,363997f0d3204a4b966bea0fd9bb4c89,io.searchbox.client.config.discovery.NodeChecker,io.searchbox.client.config.discovery.NodeChecker_ESTest,1,0,False
2091,NPEX,Jest-f34fa45e,0,4bd01c9273d8492da054291ae84f90bb,io.searchbox.client.config.discovery.NodeChecker,io.searchbox.client.config.discovery.NodeChecker_ESTest,1,0,False
2092,NPEX,Jest-f34fa45e,0,ed1fc3dcaea84e53a8a2455e37b73a33,io.searchbox.client.config.discovery.NodeChecker,io.searchbox.client.config.discovery.NodeChecker_ESTest,1,0,False
2093,NPEX,Jest-f34fa45e,0,0eb5e49fda3b4d95bdd0990d2465c694,io.searchbox.client.config.discovery.NodeChecker,io.searchbox.client.config.discovery.NodeChecker_ESTest,1,0,False
2094,NPEX,Jest-f34fa45e,0,00e109bea3534b48ae372f0197b440af,io.searchbox.client.config.discovery.NodeChecker,io.searchbox.client.config.discovery.NodeChecker_ESTest,1,0,False
2095,NPEX,Jest-f34fa45e,0,55a56d3ce7d6495699159be7de0dcddc,io.searchbox.client.config.discovery.NodeChecker,io.searchbox.client.config.discovery.NodeChecker_ESTest,1,0,False
2096,NPEX,Jest-f34fa45e,0,be44bb881f6c48d99a9f52861ccdb7d6,io.searchbox.client.config.discovery.NodeChecker,io.searchbox.client.config.discovery.NodeChecker_ESTest,1,0,False
2097,NPEX,Jest-f34fa45e,0,24914e2165b14c41aff8bc0b31899bec,io.searchbox.client.config.discovery.NodeChecker,io.searchbox.client.config.discovery.NodeChecker_ESTest,1,0,False
2098,NPEX,Jest-f34fa45e,0,6c0718e1e9af4e7cb59d27376ff60655,io.searchbox.client.config.discovery.NodeChecker,io.searchbox.client.config.discovery.NodeChecker_ESTest,1,0,False
2099,NPEX,Jest-f34fa45e,0,4c06a9e0bc4a45e1a2ef037724c986a9,io.searchbox.client.config.discovery.NodeChecker,io.searchbox.client.config.discovery.NodeChecker_ESTest,1,0,False
2100,NPEX,Jest-f34fa45e,0,7b228481fb4f4fa1ad2e965a31011afe,io.searchbox.client.config.discovery.NodeChecker,io.searchbox.client.config.discovery.NodeChecker_ESTest,1,0,False
2101,NPEX,Jest-f34fa45e,0,b9f3d9e181b7473298f4ac1f1ca1dfb1,io.searchbox.client.config.discovery.NodeChecker,io.searchbox.client.config.discovery.NodeChecker_ESTest,1,0,False
2102,NPEX,Jest-f34fa45e,0,0c7c823914de4464937af08f2c1276d9,io.searchbox.client.config.discovery.NodeChecker,io.searchbox.client.config.discovery.NodeChecker_ESTest,1,0,False
2103,NPEX,Jest-f34fa45e,0,8994d342fb224172ba7ba4899fa986d0,io.searchbox.client.config.discovery.NodeChecker,io.searchbox.client.config.discovery.NodeChecker_ESTest,1,0,False
2104,NPEX,Jest-f34fa45e,0,362b2b56c149406aa61adfd4519b54c3,io.searchbox.client.config.discovery.NodeChecker,io.searchbox.client.config.discovery.NodeChecker_ESTest,1,0,False
2105,NPEX,Jest-f34fa45e,0,0459853ab5ea45daa20bacac152499e4,io.searchbox.client.config.discovery.NodeChecker,io.searchbox.client.config.discovery.NodeChecker_ESTest,1,0,False
2106,NPEX,Jest-f34fa45e,0,bf636f5c60374fcea9df751c9664d646,io.searchbox.client.config.discovery.NodeChecker,io.searchbox.client.config.discovery.NodeChecker_ESTest,1,0,False
2107,NPEX,Jest-f34fa45e,0,ce8ae43547544bdb8444aa515c573331,io.searchbox.client.config.discovery.NodeChecker,io.searchbox.client.config.discovery.NodeChecker_ESTest,1,0,False
2108,NPEX,Jest-f34fa45e,0,5ae96f48c5f448f5ae91a084db227e83,io.searchbox.client.config.discovery.NodeChecker,io.searchbox.client.config.discovery.NodeChecker_ESTest,1,0,False
2109,NPEX,Qpid_Proton__j-02998b38,0,20eb3c5480d24bb3b94654e24812606e,org.apache.qpid.proton.codec.MapType,org.apache.qpid.proton.codec.MapType_ESTest,4,0,False
2110,NPEX,Qpid_Proton__j-02998b38,0,25086bb588974347bf6fcde1d3fe769e,org.apache.qpid.proton.codec.MapType,org.apache.qpid.proton.codec.MapType_ESTest,2,0,False
2111,NPEX,Qpid_Proton__j-02998b38,0,db24d6fe654f41d8aa69936114a32240,org.apache.qpid.proton.codec.MapType,org.apache.qpid.proton.codec.MapType_ESTest,4,0,True
2112,NPEX,Qpid_Proton__j-02998b38,0,346d35fc7f014c1c95e505e1a0636ae1,org.apache.qpid.proton.codec.MapType,org.apache.qpid.proton.codec.MapType_ESTest,3,0,False
2113,NPEX,Qpid_Proton__j-02998b38,0,7b0f3fdc80024a08ae62d3563fe9866d,org.apache.qpid.proton.codec.MapType,org.apache.qpid.proton.codec.MapType_ESTest,3,0,False
2114,NPEX,Qpid_Proton__j-02998b38,0,3a0850afac374be386fcfb24e5797394,org.apache.qpid.proton.codec.MapType,org.apache.qpid.proton.codec.MapType_ESTest,5,0,True
2115,NPEX,Qpid_Proton__j-02998b38,0,81c378792bdd4610a23ee47fd02508ee,org.apache.qpid.proton.codec.MapType,org.apache.qpid.proton.codec.MapType_ESTest,3,0,False
2116,NPEX,Qpid_Proton__j-02998b38,0,46a76df5fafd4775afc84d3a4260cacf,org.apache.qpid.proton.codec.MapType,org.apache.qpid.proton.codec.MapType_ESTest,3,0,False
2117,NPEX,Qpid_Proton__j-02998b38,0,ffadffcac77e41638258aed1d961d794,org.apache.qpid.proton.codec.MapType,org.apache.qpid.proton.codec.MapType_ESTest,7,0,True
2118,NPEX,Qpid_Proton__j-02998b38,0,67b65ef634884447899dc1fa8b59540e,org.apache.qpid.proton.codec.MapType,org.apache.qpid.proton.codec.MapType_ESTest,2,0,False
2119,NPEX,Qpid_Proton__j-02998b38,0,d6e895ac3e3b42dc989ac0c14fddaa35,org.apache.qpid.proton.codec.MapType,org.apache.qpid.proton.codec.MapType_ESTest,3,0,False
2120,NPEX,Qpid_Proton__j-02998b38,0,16846ce3f30448ccb41f2f090b473cbc,org.apache.qpid.proton.codec.MapType,org.apache.qpid.proton.codec.MapType_ESTest,4,0,True
2121,NPEX,Qpid_Proton__j-02998b38,0,59e29624aea14b37aee4a18f6542481c,org.apache.qpid.proton.codec.MapType,org.apache.qpid.proton.codec.MapType_ESTest,4,0,False
2122,NPEX,Qpid_Proton__j-02998b38,0,db33b80e897e4776a7d617089481ad1f,org.apache.qpid.proton.codec.MapType,org.apache.qpid.proton.codec.MapType_ESTest,5,0,False
2123,NPEX,Qpid_Proton__j-02998b38,0,3f58cf06393d41b3990ae13c8d56e913,org.apache.qpid.proton.codec.MapType,org.apache.qpid.proton.codec.MapType_ESTest,4,0,True
2124,NPEX,Qpid_Proton__j-02998b38,0,0beeab829dd9434a91ed3dd32a162868,org.apache.qpid.proton.codec.MapType,org.apache.qpid.proton.codec.MapType_ESTest,5,0,False
2125,NPEX,Qpid_Proton__j-02998b38,0,fbd87f3007ac40f2891d8f8e8d2e77d7,org.apache.qpid.proton.codec.MapType,org.apache.qpid.proton.codec.MapType_ESTest,4,0,True
2126,NPEX,Qpid_Proton__j-02998b38,0,89e3012903974419a38eea1f48d63f56,org.apache.qpid.proton.codec.MapType,org.apache.qpid.proton.codec.MapType_ESTest,5,0,False
2127,NPEX,Qpid_Proton__j-02998b38,0,4c3e5142a11448a488f1e14ba281b09e,org.apache.qpid.proton.codec.MapType,org.apache.qpid.proton.codec.MapType_ESTest,3,0,False
2128,NPEX,Qpid_Proton__j-02998b38,0,9432e74e90d64a15b74762e95ba0a87a,org.apache.qpid.proton.codec.MapType,org.apache.qpid.proton.codec.MapType_ESTest,6,0,False
2129,NPEX,Qpid_Proton__j-02998b38,0,132cc5ae6df2484db1d8e04b091d34db,org.apache.qpid.proton.codec.MapType,org.apache.qpid.proton.codec.MapType_ESTest,5,0,True
2130,NPEX,Qpid_Proton__j-02998b38,0,155e7f4e46d24970839dd7f038163a00,org.apache.qpid.proton.codec.MapType,org.apache.qpid.proton.codec.MapType_ESTest,5,0,False
2131,NPEX,Qpid_Proton__j-02998b38,0,70cc179c89da4661924c15f0e2a61ebc,org.apache.qpid.proton.codec.MapType,org.apache.qpid.proton.codec.MapType_ESTest,4,0,False
2132,NPEX,Qpid_Proton__j-02998b38,0,05d7860ca7ef4969bd416f54bc38ac2e,org.apache.qpid.proton.codec.MapType,org.apache.qpid.proton.codec.MapType_ESTest,4,0,False
2133,NPEX,Qpid_Proton__j-02998b38,0,01c20b7b5df2414d99886e840f5a3e2c,org.apache.qpid.proton.codec.MapType,org.apache.qpid.proton.codec.MapType_ESTest,3,0,True
2134,NPEX,Qpid_Proton__j-02998b38,0,b88b432aeaa048c4ac1eec8642eacf34,org.apache.qpid.proton.codec.MapType,org.apache.qpid.proton.codec.MapType_ESTest,2,0,False
2135,NPEX,Qpid_Proton__j-02998b38,0,b0d1e3eb98bd4e8ebdc623867168c8de,org.apache.qpid.proton.codec.MapType,org.apache.qpid.proton.codec.MapType_ESTest,4,0,True
2136,NPEX,Qpid_Proton__j-02998b38,0,89072f3ba9f24eb79ade718b40a574b8,org.apache.qpid.proton.codec.MapType,org.apache.qpid.proton.codec.MapType_ESTest,2,0,False
2137,NPEX,Qpid_Proton__j-02998b38,0,bc0e529ae79d4dfa8cbe3e6cc750071f,org.apache.qpid.proton.codec.MapType,org.apache.qpid.proton.codec.MapType_ESTest,3,0,False
2138,NPEX,Qpid_Proton__j-02998b38,0,f53aabb1b6484549b2d20d5e120c2356,org.apache.qpid.proton.codec.MapType,org.apache.qpid.proton.codec.MapType_ESTest,4,0,False
2139,NPEX,Qpid_Proton__j-02998b38,1,20eb3c5480d24bb3b94654e24812606e,org.apache.qpid.proton.codec.MapType,org.apache.qpid.proton.codec.MapType_ESTest,4,0,True
2140,NPEX,Qpid_Proton__j-02998b38,1,25086bb588974347bf6fcde1d3fe769e,org.apache.qpid.proton.codec.MapType,org.apache.qpid.proton.codec.MapType_ESTest,2,0,False
2141,NPEX,Qpid_Proton__j-02998b38,1,db24d6fe654f41d8aa69936114a32240,org.apache.qpid.proton.codec.MapType,org.apache.qpid.proton.codec.MapType_ESTest,4,0,False
2142,NPEX,Qpid_Proton__j-02998b38,1,346d35fc7f014c1c95e505e1a0636ae1,org.apache.qpid.proton.codec.MapType,org.apache.qpid.proton.codec.MapType_ESTest,3,0,False
2143,NPEX,Qpid_Proton__j-02998b38,1,7b0f3fdc80024a08ae62d3563fe9866d,org.apache.qpid.proton.codec.MapType,org.apache.qpid.proton.codec.MapType_ESTest,3,0,True
2144,NPEX,Qpid_Proton__j-02998b38,1,3a0850afac374be386fcfb24e5797394,org.apache.qpid.proton.codec.MapType,org.apache.qpid.proton.codec.MapType_ESTest,5,0,False
2145,NPEX,Qpid_Proton__j-02998b38,1,81c378792bdd4610a23ee47fd02508ee,org.apache.qpid.proton.codec.MapType,org.apache.qpid.proton.codec.MapType_ESTest,3,0,False
2146,NPEX,Qpid_Proton__j-02998b38,1,46a76df5fafd4775afc84d3a4260cacf,org.apache.qpid.proton.codec.MapType,org.apache.qpid.proton.codec.MapType_ESTest,3,0,False
2147,NPEX,Qpid_Proton__j-02998b38,1,ffadffcac77e41638258aed1d961d794,org.apache.qpid.proton.codec.MapType,org.apache.qpid.proton.codec.MapType_ESTest,7,0,False
2148,NPEX,Qpid_Proton__j-02998b38,1,67b65ef634884447899dc1fa8b59540e,org.apache.qpid.proton.codec.MapType,org.apache.qpid.proton.codec.MapType_ESTest,2,0,False
2149,NPEX,Qpid_Proton__j-02998b38,1,d6e895ac3e3b42dc989ac0c14fddaa35,org.apache.qpid.proton.codec.MapType,org.apache.qpid.proton.codec.MapType_ESTest,3,0,False
2150,NPEX,Qpid_Proton__j-02998b38,1,16846ce3f30448ccb41f2f090b473cbc,org.apache.qpid.proton.codec.MapType,org.apache.qpid.proton.codec.MapType_ESTest,4,0,False
2151,NPEX,Qpid_Proton__j-02998b38,1,59e29624aea14b37aee4a18f6542481c,org.apache.qpid.proton.codec.MapType,org.apache.qpid.proton.codec.MapType_ESTest,4,0,True
2152,NPEX,Qpid_Proton__j-02998b38,1,db33b80e897e4776a7d617089481ad1f,org.apache.qpid.proton.codec.MapType,org.apache.qpid.proton.codec.MapType_ESTest,5,0,True
2153,NPEX,Qpid_Proton__j-02998b38,1,3f58cf06393d41b3990ae13c8d56e913,org.apache.qpid.proton.codec.MapType,org.apache.qpid.proton.codec.MapType_ESTest,4,0,False
2154,NPEX,Qpid_Proton__j-02998b38,1,0beeab829dd9434a91ed3dd32a162868,org.apache.qpid.proton.codec.MapType,org.apache.qpid.proton.codec.MapType_ESTest,5,0,True
2155,NPEX,Qpid_Proton__j-02998b38,1,fbd87f3007ac40f2891d8f8e8d2e77d7,org.apache.qpid.proton.codec.MapType,org.apache.qpid.proton.codec.MapType_ESTest,4,0,False
2156,NPEX,Qpid_Proton__j-02998b38,1,89e3012903974419a38eea1f48d63f56,org.apache.qpid.proton.codec.MapType,org.apache.qpid.proton.codec.MapType_ESTest,5,0,True
2157,NPEX,Qpid_Proton__j-02998b38,1,4c3e5142a11448a488f1e14ba281b09e,org.apache.qpid.proton.codec.MapType,org.apache.qpid.proton.codec.MapType_ESTest,3,0,False
2158,NPEX,Qpid_Proton__j-02998b38,1,9432e74e90d64a15b74762e95ba0a87a,org.apache.qpid.proton.codec.MapType,org.apache.qpid.proton.codec.MapType_ESTest,6,0,True
2159,NPEX,Qpid_Proton__j-02998b38,1,132cc5ae6df2484db1d8e04b091d34db,org.apache.qpid.proton.codec.MapType,org.apache.qpid.proton.codec.MapType_ESTest,5,0,False
2160,NPEX,Qpid_Proton__j-02998b38,1,155e7f4e46d24970839dd7f038163a00,org.apache.qpid.proton.codec.MapType,org.apache.qpid.proton.codec.MapType_ESTest,5,0,False
2161,NPEX,Qpid_Proton__j-02998b38,1,70cc179c89da4661924c15f0e2a61ebc,org.apache.qpid.proton.codec.MapType,org.apache.qpid.proton.codec.MapType_ESTest,4,0,False
2162,NPEX,Qpid_Proton__j-02998b38,1,05d7860ca7ef4969bd416f54bc38ac2e,org.apache.qpid.proton.codec.MapType,org.apache.qpid.proton.codec.MapType_ESTest,4,0,False
2163,NPEX,Qpid_Proton__j-02998b38,1,01c20b7b5df2414d99886e840f5a3e2c,org.apache.qpid.proton.codec.MapType,org.apache.qpid.proton.codec.MapType_ESTest,3,0,False
2164,NPEX,Qpid_Proton__j-02998b38,1,b88b432aeaa048c4ac1eec8642eacf34,org.apache.qpid.proton.codec.MapType,org.apache.qpid.proton.codec.MapType_ESTest,2,0,True
2165,NPEX,Qpid_Proton__j-02998b38,1,b0d1e3eb98bd4e8ebdc623867168c8de,org.apache.qpid.proton.codec.MapType,org.apache.qpid.proton.codec.MapType_ESTest,4,0,False
2166,NPEX,Qpid_Proton__j-02998b38,1,89072f3ba9f24eb79ade718b40a574b8,org.apache.qpid.proton.codec.MapType,org.apache.qpid.proton.codec.MapType_ESTest,2,0,False
2167,NPEX,Qpid_Proton__j-02998b38,1,bc0e529ae79d4dfa8cbe3e6cc750071f,org.apache.qpid.proton.codec.MapType,org.apache.qpid.proton.codec.MapType_ESTest,3,0,False
2168,NPEX,Qpid_Proton__j-02998b38,1,f53aabb1b6484549b2d20d5e120c2356,org.apache.qpid.proton.codec.MapType,org.apache.qpid.proton.codec.MapType_ESTest,4,0,False
2169,NPEX,Avro-a3e05bee,0,c39e4ee8f0de46f594df564721e451e9,org.apache.avro.Schema,org.apache.avro.Schema_ESTest,85,0,True
2170,NPEX,Avro-a3e05bee,0,5fbcd85be9814e969b3bd5291cd861b9,org.apache.avro.Schema,org.apache.avro.Schema_ESTest,95,0,True
2171,NPEX,Avro-a3e05bee,0,2db4b08cd5db4947b8a8d7eca697c381,org.apache.avro.Schema,org.apache.avro.Schema_ESTest,83,0,True
2172,NPEX,Avro-a3e05bee,0,acd85014d55d49adb8bea46a9a82da1b,org.apache.avro.Schema,org.apache.avro.Schema_ESTest,99,0,True
2173,NPEX,Avro-a3e05bee,0,ec9f3a820fab4d84a3dee2dd65ae3725,org.apache.avro.Schema,org.apache.avro.Schema_ESTest,84,0,True
2174,NPEX,Avro-a3e05bee,0,e661d36aeadd42d189245a3d56103b8b,org.apache.avro.Schema,org.apache.avro.Schema_ESTest,96,0,True
2175,NPEX,Avro-a3e05bee,0,5be8398adeee47839a28887c888dc8db,org.apache.avro.Schema,org.apache.avro.Schema_ESTest,105,0,True
2176,NPEX,Avro-a3e05bee,0,1187a0ad28394d93b7a8b596b4c428e9,org.apache.avro.Schema,org.apache.avro.Schema_ESTest,86,0,True
2177,NPEX,Avro-a3e05bee,0,15df2071a7d04affb996b45d31b4a94a,org.apache.avro.Schema,org.apache.avro.Schema_ESTest,107,0,True
2178,NPEX,Avro-a3e05bee,0,9207ed5d829b44d2ba3740547a72a572,org.apache.avro.Schema,org.apache.avro.Schema_ESTest,86,0,True
2179,NPEX,Avro-a3e05bee,0,15b6ad14e5d943adbc970a7f1529b0a3,org.apache.avro.Schema,org.apache.avro.Schema_ESTest,91,0,True
2180,NPEX,Avro-a3e05bee,0,fc7173d5544f481483c5ba69e7c42e0e,org.apache.avro.Schema,org.apache.avro.Schema_ESTest,99,0,True
2181,NPEX,Avro-a3e05bee,0,ddea044e75734cb8b24ecb67921d7464,org.apache.avro.Schema,org.apache.avro.Schema_ESTest,99,0,True
2182,NPEX,Avro-a3e05bee,0,099bfb872cc14b06a9aa8ed3b948091a,org.apache.avro.Schema,org.apache.avro.Schema_ESTest,89,0,True
2183,NPEX,Avro-a3e05bee,0,7c8d785c18884590b339f562f29272dc,org.apache.avro.Schema,org.apache.avro.Schema_ESTest,95,0,True
2184,NPEX,Avro-a3e05bee,0,d27735ee7ffa446898a5d9ef436a1b9f,org.apache.avro.Schema,org.apache.avro.Schema_ESTest,89,0,True
2185,NPEX,Avro-a3e05bee,0,2cc955df1e5942989b51ddaadc8686e4,org.apache.avro.Schema,org.apache.avro.Schema_ESTest,91,0,True
2186,NPEX,Avro-a3e05bee,0,18dc2791174d43708199e59928c63fca,org.apache.avro.Schema,org.apache.avro.Schema_ESTest,87,0,True
2187,NPEX,Avro-a3e05bee,0,3e3930520c004855a5d56db43baf95e5,org.apache.avro.Schema,org.apache.avro.Schema_ESTest,99,0,True
2188,NPEX,Avro-a3e05bee,0,7fde81da37d348228f3d8930ba9c6fbc,org.apache.avro.Schema,org.apache.avro.Schema_ESTest,90,0,True
2189,NPEX,Avro-a3e05bee,0,d5f0208d4efa4e588a7fc5af6cdca131,org.apache.avro.Schema,org.apache.avro.Schema_ESTest,93,0,True
2190,NPEX,Avro-a3e05bee,0,6e3d89c1db404ec48a5addce876f896c,org.apache.avro.Schema,org.apache.avro.Schema_ESTest,94,0,True
2191,NPEX,Avro-a3e05bee,0,145b388a9f414503b41612011eb8b270,org.apache.avro.Schema,org.apache.avro.Schema_ESTest,97,0,True
2192,NPEX,Avro-a3e05bee,0,096474fd89844b72b47f6ea0d4b3928f,org.apache.avro.Schema,org.apache.avro.Schema_ESTest,100,0,True
2193,NPEX,Avro-a3e05bee,0,b6fe11a8b9724917a924bef74648cad8,org.apache.avro.Schema,org.apache.avro.Schema_ESTest,103,0,True
2194,NPEX,Avro-a3e05bee,0,131c412f4a2545028eb98c578a778d6c,org.apache.avro.Schema,org.apache.avro.Schema_ESTest,99,0,True
2195,NPEX,Avro-a3e05bee,0,44c42808441f4d77800870841b83fcda,org.apache.avro.Schema,org.apache.avro.Schema_ESTest,80,0,True
2196,NPEX,Async_Http_Client-fbc6d486,0,cbe9d06a2f444aae99f8749507b7f7c8,org.asynchttpclient.RequestBuilderBase,org.asynchttpclient.RequestBuilderBase_ESTest,1,0,False
2197,NPEX,Async_Http_Client-fbc6d486,0,0eabe842926a4844835b51d5781c619c,org.asynchttpclient.RequestBuilderBase,org.asynchttpclient.RequestBuilderBase_ESTest,1,0,False
2198,NPEX,Async_Http_Client-fbc6d486,0,539d26f995094ceca3a7d494f3e06208,org.asynchttpclient.RequestBuilderBase,org.asynchttpclient.RequestBuilderBase_ESTest,1,0,False
2199,NPEX,Async_Http_Client-fbc6d486,0,65dabd7e313f4861a84a2194d8b9822b,org.asynchttpclient.RequestBuilderBase,org.asynchttpclient.RequestBuilderBase_ESTest,1,0,False
2200,NPEX,Async_Http_Client-fbc6d486,0,b9ef680630534f3a8ef2359c982e2eec,org.asynchttpclient.RequestBuilderBase,org.asynchttpclient.RequestBuilderBase_ESTest,1,0,False
2201,NPEX,Async_Http_Client-fbc6d486,0,334b1cd24f964540add81b66409c80ca,org.asynchttpclient.RequestBuilderBase,org.asynchttpclient.RequestBuilderBase_ESTest,1,0,False
2202,NPEX,Async_Http_Client-fbc6d486,0,c403cf7bab2f4c67ba3d5b9598637297,org.asynchttpclient.RequestBuilderBase,org.asynchttpclient.RequestBuilderBase_ESTest,1,0,False
2203,NPEX,Async_Http_Client-fbc6d486,0,7d95e483f78e4c299493b39305864091,org.asynchttpclient.RequestBuilderBase,org.asynchttpclient.RequestBuilderBase_ESTest,1,0,False
2204,NPEX,Async_Http_Client-fbc6d486,0,7341cb70dad240b2818a2ef404dd6b97,org.asynchttpclient.RequestBuilderBase,org.asynchttpclient.RequestBuilderBase_ESTest,1,0,False
2205,NPEX,Async_Http_Client-fbc6d486,0,3d7135fd102c42ca8ba993521b255b20,org.asynchttpclient.RequestBuilderBase,org.asynchttpclient.RequestBuilderBase_ESTest,1,0,False
2206,NPEX,Async_Http_Client-fbc6d486,0,d8776975e2e14849b4bb565b2d6a394c,org.asynchttpclient.RequestBuilderBase,org.asynchttpclient.RequestBuilderBase_ESTest,1,0,False
2207,NPEX,Async_Http_Client-fbc6d486,0,4cae9dda2a0f4c19b635098c57fb2590,org.asynchttpclient.RequestBuilderBase,org.asynchttpclient.RequestBuilderBase_ESTest,1,0,False
2208,NPEX,Async_Http_Client-fbc6d486,0,b38c9cd3beb349f9becbdef6d7e14a76,org.asynchttpclient.RequestBuilderBase,org.asynchttpclient.RequestBuilderBase_ESTest,1,0,False
2209,NPEX,Async_Http_Client-fbc6d486,0,68a9046d3aa34f5da6bf5b225e591bb8,org.asynchttpclient.RequestBuilderBase,org.asynchttpclient.RequestBuilderBase_ESTest,1,0,False
2210,NPEX,Async_Http_Client-fbc6d486,0,b7e1052f8b48494d83cb009ea8a1f90b,org.asynchttpclient.RequestBuilderBase,org.asynchttpclient.RequestBuilderBase_ESTest,1,0,False
2211,NPEX,Async_Http_Client-fbc6d486,0,e33ee33838a34066b759e66b0c5642bf,org.asynchttpclient.RequestBuilderBase,org.asynchttpclient.RequestBuilderBase_ESTest,1,0,False
2212,NPEX,Async_Http_Client-fbc6d486,0,b676e7ae8f2b421fa8da3cb8eaf9b766,org.asynchttpclient.RequestBuilderBase,org.asynchttpclient.RequestBuilderBase_ESTest,1,0,False
2213,NPEX,Async_Http_Client-fbc6d486,0,20fccf1329bf402e8f35742f9782eb6f,org.asynchttpclient.RequestBuilderBase,org.asynchttpclient.RequestBuilderBase_ESTest,1,0,False
2214,NPEX,Async_Http_Client-fbc6d486,0,0e94e79e5fea432aa9f96541cdd723f4,org.asynchttpclient.RequestBuilderBase,org.asynchttpclient.RequestBuilderBase_ESTest,1,0,False
2215,NPEX,Async_Http_Client-fbc6d486,0,82f9f56898ea41138838ced1f787b9cf,org.asynchttpclient.RequestBuilderBase,org.asynchttpclient.RequestBuilderBase_ESTest,1,0,False
2216,NPEX,Async_Http_Client-fbc6d486,0,8f201ac06c08420890ce18bc1f4cf0a0,org.asynchttpclient.RequestBuilderBase,org.asynchttpclient.RequestBuilderBase_ESTest,1,0,False
2217,NPEX,Async_Http_Client-fbc6d486,0,69b7a18c45ec4715b935f4f5013d7464,org.asynchttpclient.RequestBuilderBase,org.asynchttpclient.RequestBuilderBase_ESTest,1,0,False
2218,NPEX,Async_Http_Client-fbc6d486,0,ac79c0857a5444e797b99fe3e01e4229,org.asynchttpclient.RequestBuilderBase,org.asynchttpclient.RequestBuilderBase_ESTest,1,0,False
2219,NPEX,Async_Http_Client-fbc6d486,0,d49c6f09e22e4b1380ac669653234de8,org.asynchttpclient.RequestBuilderBase,org.asynchttpclient.RequestBuilderBase_ESTest,1,0,False
2220,NPEX,Async_Http_Client-fbc6d486,0,b567f9f97e1c47d08542aeb33727a228,org.asynchttpclient.RequestBuilderBase,org.asynchttpclient.RequestBuilderBase_ESTest,1,0,False
2221,NPEX,Async_Http_Client-fbc6d486,0,c5672154febc4fcfb7151170de3e6312,org.asynchttpclient.RequestBuilderBase,org.asynchttpclient.RequestBuilderBase_ESTest,1,0,False
2222,NPEX,Async_Http_Client-fbc6d486,0,28befae9f5f04d368eabb225488fca78,org.asynchttpclient.RequestBuilderBase,org.asynchttpclient.RequestBuilderBase_ESTest,1,0,False
2223,NPEX,Async_Http_Client-fbc6d486,0,9040b967a61a4152b836266440c3e31e,org.asynchttpclient.RequestBuilderBase,org.asynchttpclient.RequestBuilderBase_ESTest,1,0,False
2224,NPEX,Async_Http_Client-fbc6d486,0,c8b835b120b94da8a1b67a2ae4c8cbf2,org.asynchttpclient.RequestBuilderBase,org.asynchttpclient.RequestBuilderBase_ESTest,1,0,False
2225,NPEX,Async_Http_Client-fbc6d486,0,6c43471f1f4e4a75bc646016fe723e8a,org.asynchttpclient.RequestBuilderBase,org.asynchttpclient.RequestBuilderBase_ESTest,1,0,False
2226,NPEX,ShardingSphere-9833fb9a,0,5ce9f43a17934cc6b0e55ce801b8ecce,org.apache.shardingsphere.governance.core.yaml.swapper.SchemaYamlSwapper,org.apache.shardingsphere.governance.core.yaml.swapper.SchemaYamlSwapper_ESTest,4,0,False
2227,NPEX,ShardingSphere-9833fb9a,0,928b3585caf04843929611dee5a7225e,org.apache.shardingsphere.governance.core.yaml.swapper.SchemaYamlSwapper,org.apache.shardingsphere.governance.core.yaml.swapper.SchemaYamlSwapper_ESTest,4,0,True
2228,NPEX,ShardingSphere-9833fb9a,0,944ffa91a59e43aa936170a1acbec41a,org.apache.shardingsphere.governance.core.yaml.swapper.SchemaYamlSwapper,org.apache.shardingsphere.governance.core.yaml.swapper.SchemaYamlSwapper_ESTest,4,0,False
2229,NPEX,ShardingSphere-9833fb9a,0,aeb23ccee166477793fda778655e82f9,org.apache.shardingsphere.governance.core.yaml.swapper.SchemaYamlSwapper,org.apache.shardingsphere.governance.core.yaml.swapper.SchemaYamlSwapper_ESTest,5,0,False
2230,NPEX,ShardingSphere-9833fb9a,0,fc6e33a24dda42c9bfb26cb4cc0292a0,org.apache.shardingsphere.governance.core.yaml.swapper.SchemaYamlSwapper,org.apache.shardingsphere.governance.core.yaml.swapper.SchemaYamlSwapper_ESTest,4,0,True
2231,NPEX,ShardingSphere-9833fb9a,0,f15f92924d324142b197a126519b0f40,org.apache.shardingsphere.governance.core.yaml.swapper.SchemaYamlSwapper,org.apache.shardingsphere.governance.core.yaml.swapper.SchemaYamlSwapper_ESTest,4,0,False
2232,NPEX,ShardingSphere-9833fb9a,0,1ce3baba090b45f4b5b218cad2a3df50,org.apache.shardingsphere.governance.core.yaml.swapper.SchemaYamlSwapper,org.apache.shardingsphere.governance.core.yaml.swapper.SchemaYamlSwapper_ESTest,4,0,False
2233,NPEX,ShardingSphere-9833fb9a,0,13f32f360031429a82842813b9ddfeb4,org.apache.shardingsphere.governance.core.yaml.swapper.SchemaYamlSwapper,org.apache.shardingsphere.governance.core.yaml.swapper.SchemaYamlSwapper_ESTest,4,0,True
2234,NPEX,ShardingSphere-9833fb9a,0,ba5ed21108b8447abdfefc9418d87be3,org.apache.shardingsphere.governance.core.yaml.swapper.SchemaYamlSwapper,org.apache.shardingsphere.governance.core.yaml.swapper.SchemaYamlSwapper_ESTest,4,0,False
2235,NPEX,ShardingSphere-9833fb9a,0,1757a14c768b42c7ae868d21982cc259,org.apache.shardingsphere.governance.core.yaml.swapper.SchemaYamlSwapper,org.apache.shardingsphere.governance.core.yaml.swapper.SchemaYamlSwapper_ESTest,5,0,False
2236,NPEX,ShardingSphere-9833fb9a,0,a2bcf1792de74255ba8519a4363f22a8,org.apache.shardingsphere.governance.core.yaml.swapper.SchemaYamlSwapper,org.apache.shardingsphere.governance.core.yaml.swapper.SchemaYamlSwapper_ESTest,4,0,False
2237,NPEX,ShardingSphere-9833fb9a,0,0cdbbee2248e4d9098b9d654cd66e03e,org.apache.shardingsphere.governance.core.yaml.swapper.SchemaYamlSwapper,org.apache.shardingsphere.governance.core.yaml.swapper.SchemaYamlSwapper_ESTest,4,0,True
2238,NPEX,ShardingSphere-9833fb9a,0,bc660809f4d647a1ba310b97ac8cfa82,org.apache.shardingsphere.governance.core.yaml.swapper.SchemaYamlSwapper,org.apache.shardingsphere.governance.core.yaml.swapper.SchemaYamlSwapper_ESTest,3,0,False
2239,NPEX,ShardingSphere-9833fb9a,0,78d7d13cb30e46c2ba903911e00c3f5a,org.apache.shardingsphere.governance.core.yaml.swapper.SchemaYamlSwapper,org.apache.shardingsphere.governance.core.yaml.swapper.SchemaYamlSwapper_ESTest,3,0,False
2240,NPEX,ShardingSphere-9833fb9a,0,fd64bdfff48545208553a5a1971d3c82,org.apache.shardingsphere.governance.core.yaml.swapper.SchemaYamlSwapper,org.apache.shardingsphere.governance.core.yaml.swapper.SchemaYamlSwapper_ESTest,4,0,True
2241,NPEX,Easy_Rules-d5385af5,0,56fcedf101ea4a0db7b7c0ee1103f8f1,org.jeasy.rules.mvel.MVELRuleDefinitionReader,org.jeasy.rules.mvel.MVELRuleDefinitionReader_ESTest,2,0,True
2242,NPEX,Easy_Rules-d5385af5,0,27763ecc06214118ae2d736c7b9f64a9,org.jeasy.rules.mvel.MVELRuleDefinitionReader,org.jeasy.rules.mvel.MVELRuleDefinitionReader_ESTest,3,0,True
2243,NPEX,Easy_Rules-d5385af5,0,b62a0b5524124dbeb5ea22671914407f,org.jeasy.rules.mvel.MVELRuleDefinitionReader,org.jeasy.rules.mvel.MVELRuleDefinitionReader_ESTest,3,0,True
2244,NPEX,Easy_Rules-d5385af5,0,34e4e3d66285463ba1bb7e7fe96d82e4,org.jeasy.rules.mvel.MVELRuleDefinitionReader,org.jeasy.rules.mvel.MVELRuleDefinitionReader_ESTest,2,0,True
2245,NPEX,Easy_Rules-d5385af5,0,d21a7c1e1f424e7e84dd64e2cef8e2ad,org.jeasy.rules.mvel.MVELRuleDefinitionReader,org.jeasy.rules.mvel.MVELRuleDefinitionReader_ESTest,3,0,True
2246,NPEX,Easy_Rules-d5385af5,0,59f1d52d17ac464481ad3be858a1850f,org.jeasy.rules.mvel.MVELRuleDefinitionReader,org.jeasy.rules.mvel.MVELRuleDefinitionReader_ESTest,3,0,True
2247,NPEX,Easy_Rules-d5385af5,0,5d10574b91c447bca582301a5e167036,org.jeasy.rules.mvel.MVELRuleDefinitionReader,org.jeasy.rules.mvel.MVELRuleDefinitionReader_ESTest,3,0,True
2248,NPEX,Easy_Rules-d5385af5,0,940cf46391004d1dae8a4cdd61f6fa8d,org.jeasy.rules.mvel.MVELRuleDefinitionReader,org.jeasy.rules.mvel.MVELRuleDefinitionReader_ESTest,3,0,True
2249,NPEX,Easy_Rules-d5385af5,0,6fca15716e0540f283375fab4547e3f5,org.jeasy.rules.mvel.MVELRuleDefinitionReader,org.jeasy.rules.mvel.MVELRuleDefinitionReader_ESTest,3,0,True
2250,NPEX,Easy_Rules-d5385af5,0,303d025c880148f2addfebb833674a76,org.jeasy.rules.mvel.MVELRuleDefinitionReader,org.jeasy.rules.mvel.MVELRuleDefinitionReader_ESTest,4,0,True
2251,NPEX,Easy_Rules-d5385af5,0,20e88f4be63b48849bae071c1c72a7ca,org.jeasy.rules.mvel.MVELRuleDefinitionReader,org.jeasy.rules.mvel.MVELRuleDefinitionReader_ESTest,3,0,True
2252,NPEX,Easy_Rules-d5385af5,0,66b30f4cd6ba433697b0ae414ea2409e,org.jeasy.rules.mvel.MVELRuleDefinitionReader,org.jeasy.rules.mvel.MVELRuleDefinitionReader_ESTest,3,0,True
2253,NPEX,Easy_Rules-d5385af5,0,13331a5eb9a24a1b9be4a4593d67e345,org.jeasy.rules.mvel.MVELRuleDefinitionReader,org.jeasy.rules.mvel.MVELRuleDefinitionReader_ESTest,4,0,True
2254,NPEX,Easy_Rules-d5385af5,0,3aad038942c3422fa10cb50820a593f6,org.jeasy.rules.mvel.MVELRuleDefinitionReader,org.jeasy.rules.mvel.MVELRuleDefinitionReader_ESTest,4,0,True
2255,NPEX,Easy_Rules-d5385af5,0,6d36025125834560a508216f3a6ca657,org.jeasy.rules.mvel.MVELRuleDefinitionReader,org.jeasy.rules.mvel.MVELRuleDefinitionReader_ESTest,3,0,True
2256,NPEX,Easy_Rules-d5385af5,0,28532f85bdf64a4199275ad9f51dfd45,org.jeasy.rules.mvel.MVELRuleDefinitionReader,org.jeasy.rules.mvel.MVELRuleDefinitionReader_ESTest,2,0,True
2257,NPEX,Easy_Rules-d5385af5,0,46d3ca34df704cc1abdf9d40a02012b2,org.jeasy.rules.mvel.MVELRuleDefinitionReader,org.jeasy.rules.mvel.MVELRuleDefinitionReader_ESTest,3,0,True
2258,NPEX,Easy_Rules-d5385af5,0,dc623247ac8a40198f2936023f155c07,org.jeasy.rules.mvel.MVELRuleDefinitionReader,org.jeasy.rules.mvel.MVELRuleDefinitionReader_ESTest,3,0,True
2259,NPEX,Easy_Rules-d5385af5,0,21780a86939c4eaba6beed1f84d62afd,org.jeasy.rules.mvel.MVELRuleDefinitionReader,org.jeasy.rules.mvel.MVELRuleDefinitionReader_ESTest,2,0,True
2260,NPEX,Easy_Rules-d5385af5,0,923bf9fac634466fbae7ca2be93e303c,org.jeasy.rules.mvel.MVELRuleDefinitionReader,org.jeasy.rules.mvel.MVELRuleDefinitionReader_ESTest,4,0,True
2261,NPEX,Easy_Rules-d5385af5,0,85bc1856f8ce4a569d1f7cafe8b4e3e1,org.jeasy.rules.mvel.MVELRuleDefinitionReader,org.jeasy.rules.mvel.MVELRuleDefinitionReader_ESTest,3,0,True
2262,NPEX,Easy_Rules-d5385af5,0,05e79b80d29b4bf29563a934b080358e,org.jeasy.rules.mvel.MVELRuleDefinitionReader,org.jeasy.rules.mvel.MVELRuleDefinitionReader_ESTest,4,0,True
2263,NPEX,Easy_Rules-d5385af5,0,7f1eb4d2ceca422d8ba1fabc90b1f5a8,org.jeasy.rules.mvel.MVELRuleDefinitionReader,org.jeasy.rules.mvel.MVELRuleDefinitionReader_ESTest,3,0,True
2264,NPEX,Easy_Rules-d5385af5,0,8221a181b5004b598989402f0b5a30a4,org.jeasy.rules.mvel.MVELRuleDefinitionReader,org.jeasy.rules.mvel.MVELRuleDefinitionReader_ESTest,3,0,True
2265,NPEX,Easy_Rules-d5385af5,0,c0203b8d14364623a4e0911419f066e0,org.jeasy.rules.mvel.MVELRuleDefinitionReader,org.jeasy.rules.mvel.MVELRuleDefinitionReader_ESTest,3,0,True
2266,NPEX,Easy_Rules-d5385af5,0,c9991d7041584883a5445d4e640ff0b4,org.jeasy.rules.mvel.MVELRuleDefinitionReader,org.jeasy.rules.mvel.MVELRuleDefinitionReader_ESTest,3,0,True
2267,NPEX,Easy_Rules-d5385af5,0,681f86feb0f44bce89bde35122a05934,org.jeasy.rules.mvel.MVELRuleDefinitionReader,org.jeasy.rules.mvel.MVELRuleDefinitionReader_ESTest,2,0,True
2268,NPEX,Easy_Rules-d5385af5,0,6e611c2156314a559ff48e9741ba6a5f,org.jeasy.rules.mvel.MVELRuleDefinitionReader,org.jeasy.rules.mvel.MVELRuleDefinitionReader_ESTest,3,0,True
2269,NPEX,Easy_Rules-d5385af5,0,609e3402b3eb479fa8ce24e2abd6ab22,org.jeasy.rules.mvel.MVELRuleDefinitionReader,org.jeasy.rules.mvel.MVELRuleDefinitionReader_ESTest,2,0,True
2270,NPEX,Easy_Rules-d5385af5,0,3299f8cdaf4841289c6b991ea2cd3773,org.jeasy.rules.mvel.MVELRuleDefinitionReader,org.jeasy.rules.mvel.MVELRuleDefinitionReader_ESTest,2,0,True
2271,NPEX,IoTDB-9bced7b6,0,0d4021422e004e749f12c23f53771aaf,org.apache.iotdb.db.metadata.MTree,org.apache.iotdb.db.metadata.MTree_ESTest,76,0,False
2272,NPEX,IoTDB-9bced7b6,0,581892f05dcd433bbcf927ac108e4916,org.apache.iotdb.db.metadata.MTree,org.apache.iotdb.db.metadata.MTree_ESTest,77,0,False
2273,NPEX,IoTDB-9bced7b6,0,4eede2e055144933a65be4be6541786b,org.apache.iotdb.db.metadata.MTree,org.apache.iotdb.db.metadata.MTree_ESTest,80,0,False
2274,NPEX,IoTDB-9bced7b6,0,bc4b253e499d47178ecab3520c581f74,org.apache.iotdb.db.metadata.MTree,org.apache.iotdb.db.metadata.MTree_ESTest,68,0,False
2275,NPEX,IoTDB-9bced7b6,0,b5189077ba4f43d38f55855cbe8ac7b7,org.apache.iotdb.db.metadata.MTree,org.apache.iotdb.db.metadata.MTree_ESTest,73,0,False
2276,NPEX,IoTDB-9bced7b6,0,479726d3c4fb4e07bf8a6010a0f88d5a,org.apache.iotdb.db.metadata.MTree,org.apache.iotdb.db.metadata.MTree_ESTest,78,0,False
2277,NPEX,IoTDB-9bced7b6,0,13c14d2e20c44e9683ce89b6a9014f9c,org.apache.iotdb.db.metadata.MTree,org.apache.iotdb.db.metadata.MTree_ESTest,76,0,False
2278,NPEX,IoTDB-9bced7b6,0,fc19d7ba28ca498d83de951044b493b6,org.apache.iotdb.db.metadata.MTree,org.apache.iotdb.db.metadata.MTree_ESTest,75,0,False
2279,NPEX,IoTDB-9bced7b6,0,ae49cd938b3f4e4c9d5402215ee1e2ba,org.apache.iotdb.db.metadata.MTree,org.apache.iotdb.db.metadata.MTree_ESTest,77,0,False
2280,NPEX,IoTDB-9bced7b6,0,2e64191b8579456aa7f84ac50f724f85,org.apache.iotdb.db.metadata.MTree,org.apache.iotdb.db.metadata.MTree_ESTest,71,0,False
2281,NPEX,IoTDB-9bced7b6,0,3bd1250898034152965fc85b51b69bee,org.apache.iotdb.db.metadata.MTree,org.apache.iotdb.db.metadata.MTree_ESTest,76,0,False
2282,NPEX,IoTDB-9bced7b6,0,81558182391d4b85988c8300f75dc992,org.apache.iotdb.db.metadata.MTree,org.apache.iotdb.db.metadata.MTree_ESTest,86,0,False
2283,NPEX,IoTDB-9bced7b6,0,7cc1a6e42d8646e388c6a0d6104d3403,org.apache.iotdb.db.metadata.MTree,org.apache.iotdb.db.metadata.MTree_ESTest,71,0,False
2284,NPEX,IoTDB-9bced7b6,0,c9827954cc9941c9a55f3ab0d2416244,org.apache.iotdb.db.metadata.MTree,org.apache.iotdb.db.metadata.MTree_ESTest,68,0,False
2285,NPEX,IoTDB-9bced7b6,0,9ee7339469f14053b6017d58b3faf399,org.apache.iotdb.db.metadata.MTree,org.apache.iotdb.db.metadata.MTree_ESTest,79,0,False
2286,NPEX,IoTDB-9bced7b6,0,89c9a360b578442491d5ea7b50b74246,org.apache.iotdb.db.metadata.MTree,org.apache.iotdb.db.metadata.MTree_ESTest,76,0,False
2287,NPEX,IoTDB-9bced7b6,0,3f4978ea1bd2484eb5f29bdc607f49be,org.apache.iotdb.db.metadata.MTree,org.apache.iotdb.db.metadata.MTree_ESTest,77,0,False
2288,NPEX,IoTDB-9bced7b6,0,613c112998c647b79726668d87bd8694,org.apache.iotdb.db.metadata.MTree,org.apache.iotdb.db.metadata.MTree_ESTest,69,0,False
2289,NPEX,IoTDB-9bced7b6,0,e31f0c20550a4369aa89ce5792c5e695,org.apache.iotdb.db.metadata.MTree,org.apache.iotdb.db.metadata.MTree_ESTest,88,0,False
2290,NPEX,IoTDB-9bced7b6,0,25180e291c7a46a1bf95f53189ebcc4e,org.apache.iotdb.db.metadata.MTree,org.apache.iotdb.db.metadata.MTree_ESTest,73,0,False
2291,NPEX,IoTDB-9bced7b6,0,7396eab52aba485095ef79c63d797428,org.apache.iotdb.db.metadata.MTree,org.apache.iotdb.db.metadata.MTree_ESTest,68,0,False
2292,NPEX,IoTDB-9bced7b6,0,08250ef6fbc044b885684080e7896597,org.apache.iotdb.db.metadata.MTree,org.apache.iotdb.db.metadata.MTree_ESTest,75,0,False
2293,NPEX,IoTDB-9bced7b6,0,4e9a528ab4a24893a29b4dcec4d442ee,org.apache.iotdb.db.metadata.MTree,org.apache.iotdb.db.metadata.MTree_ESTest,71,0,False
2294,NPEX,IoTDB-9bced7b6,0,7b82125b3a214408adc8066b3e270d23,org.apache.iotdb.db.metadata.MTree,org.apache.iotdb.db.metadata.MTree_ESTest,68,0,False
2295,NPEX,IoTDB-9bced7b6,0,419deaee162d4f2ab260f0f17647db6d,org.apache.iotdb.db.metadata.MTree,org.apache.iotdb.db.metadata.MTree_ESTest,74,0,False
2296,NPEX,IoTDB-9bced7b6,0,fb31bba610cb45ab9a7510dc79e92db8,org.apache.iotdb.db.metadata.MTree,org.apache.iotdb.db.metadata.MTree_ESTest,78,0,False
2297,NPEX,IoTDB-9bced7b6,0,4b83b2dc5a504a5e9f7c02433277b141,org.apache.iotdb.db.metadata.MTree,org.apache.iotdb.db.metadata.MTree_ESTest,71,0,False
2298,NPEX,IoTDB-9bced7b6,0,35a1d0272d3f45cf92633fadb2d87d72,org.apache.iotdb.db.metadata.MTree,org.apache.iotdb.db.metadata.MTree_ESTest,78,0,False
2299,Bears,Bears-88,0,bacf8f0a570b4091a34402e0bfdadace,org.springframework.data.repository.config.RepositoryBeanNameGenerator,org.springframework.data.repository.config.RepositoryBeanNameGenerator_ESTest,4,0,True
2300,Bears,Bears-88,0,c47b9ee45d8b4a299b0d95ecb2d311fa,org.springframework.data.repository.config.RepositoryBeanNameGenerator,org.springframework.data.repository.config.RepositoryBeanNameGenerator_ESTest,4,0,True
2301,Bears,Bears-88,0,3aed77017c464c7486f4a500773158e3,org.springframework.data.repository.config.RepositoryBeanNameGenerator,org.springframework.data.repository.config.RepositoryBeanNameGenerator_ESTest,3,0,True
2302,Bears,Bears-222,0,1605e7f09b2740e2b83fa351b0c7e925,org.jgrapht.generate.WattsStrogatzGraphGenerator,org.jgrapht.generate.WattsStrogatzGraphGenerator_ESTest,10,0,True
2303,Bears,Bears-222,0,489771c37b794818b23acbaa0302d584,org.jgrapht.generate.WattsStrogatzGraphGenerator,org.jgrapht.generate.WattsStrogatzGraphGenerator_ESTest,9,0,True
2304,Bears,Bears-222,0,43b9be586ca54bac9c346774efbbe581,org.jgrapht.generate.WattsStrogatzGraphGenerator,org.jgrapht.generate.WattsStrogatzGraphGenerator_ESTest,8,0,False
2305,Bears,Bears-222,0,8031cc693a9645baa5076a22724dce7b,org.jgrapht.generate.WattsStrogatzGraphGenerator,org.jgrapht.generate.WattsStrogatzGraphGenerator_ESTest,10,0,False
2306,Bears,Bears-222,0,82585bc00bf24f0b936b4e18c3d6d589,org.jgrapht.generate.WattsStrogatzGraphGenerator,org.jgrapht.generate.WattsStrogatzGraphGenerator_ESTest,10,0,True
2307,Bears,Bears-222,0,3b76b5069ab24f8eb18f3ffedc69ab6d,org.jgrapht.generate.WattsStrogatzGraphGenerator,org.jgrapht.generate.WattsStrogatzGraphGenerator_ESTest,11,0,True
2308,Bears,Bears-222,0,a587c49b385a49a2928591e3cd1b9cd0,org.jgrapht.generate.WattsStrogatzGraphGenerator,org.jgrapht.generate.WattsStrogatzGraphGenerator_ESTest,9,0,False
2309,Bears,Bears-222,0,f44912d2a9ba47fa8e68138a17974225,org.jgrapht.generate.WattsStrogatzGraphGenerator,org.jgrapht.generate.WattsStrogatzGraphGenerator_ESTest,10,0,True
2310,Bears,Bears-222,0,13c5a39b10304e749273747267749882,org.jgrapht.generate.WattsStrogatzGraphGenerator,org.jgrapht.generate.WattsStrogatzGraphGenerator_ESTest,11,0,True
2311,Bears,Bears-222,0,ccdb832dfb61449da6b08fc7348e02c5,org.jgrapht.generate.WattsStrogatzGraphGenerator,org.jgrapht.generate.WattsStrogatzGraphGenerator_ESTest,9,0,True
2312,Bears,Bears-222,0,5213e86d0a0d436fb151e40b6eecf428,org.jgrapht.generate.WattsStrogatzGraphGenerator,org.jgrapht.generate.WattsStrogatzGraphGenerator_ESTest,10,0,True
2313,Bears,Bears-222,0,c6ed6913f577453d9d04dc775b757cd7,org.jgrapht.generate.WattsStrogatzGraphGenerator,org.jgrapht.generate.WattsStrogatzGraphGenerator_ESTest,10,0,True
2314,Bears,Bears-222,0,659a7b10c5d14e3e9935e463ff2bbede,org.jgrapht.generate.WattsStrogatzGraphGenerator,org.jgrapht.generate.WattsStrogatzGraphGenerator_ESTest,9,0,True
2315,Bears,Bears-56,0,078cccb7724e4a3d9a3a1cc5f4508506,spoon.reflect.visitor.ImportScannerImpl,spoon.reflect.visitor.ImportScannerImpl_ESTest,27,0,True
2316,Bears,Bears-56,0,45546de185b04afebbe38292ea57774f,spoon.reflect.visitor.ImportScannerImpl,spoon.reflect.visitor.ImportScannerImpl_ESTest,31,0,True
2317,Bears,Bears-56,0,890b80acbf3d452cbcb77f5e410014f5,spoon.reflect.visitor.ImportScannerImpl,spoon.reflect.visitor.ImportScannerImpl_ESTest,33,0,True
2318,Bears,Bears-56,0,d91a9b4f795849b89056698e120eaa83,spoon.reflect.visitor.ImportScannerImpl,spoon.reflect.visitor.ImportScannerImpl_ESTest,28,0,True
2319,Bears,Bears-56,0,79af08a1f1a94018813348669f42c143,spoon.reflect.visitor.ImportScannerImpl,spoon.reflect.visitor.ImportScannerImpl_ESTest,31,0,True
2320,Bears,Bears-56,0,25ecb81a57184d3bbf8f1170723ea763,spoon.reflect.visitor.ImportScannerImpl,spoon.reflect.visitor.ImportScannerImpl_ESTest,31,0,True
2321,Bears,Bears-56,0,b0b15f21d35d47e2be58747ad65b8c47,spoon.reflect.visitor.ImportScannerImpl,spoon.reflect.visitor.ImportScannerImpl_ESTest,31,0,True
2322,Bears,Bears-56,0,40c176ff5ff449cbaed99a15ad906226,spoon.reflect.visitor.ImportScannerImpl,spoon.reflect.visitor.ImportScannerImpl_ESTest,36,0,True
2323,Bears,Bears-56,0,f95e57b348fa442789d3a51d1e871a92,spoon.reflect.visitor.ImportScannerImpl,spoon.reflect.visitor.ImportScannerImpl_ESTest,28,0,True
2324,Bears,Bears-56,0,b40aa564345d48728352da00f85fdb2b,spoon.reflect.visitor.ImportScannerImpl,spoon.reflect.visitor.ImportScannerImpl_ESTest,35,0,True
2325,Bears,Bears-56,0,4d341f1d02d646308783d86f5acd086b,spoon.reflect.visitor.ImportScannerImpl,spoon.reflect.visitor.ImportScannerImpl_ESTest,31,0,True
2326,Bears,Bears-56,0,995214189c4441168f81ce7f5586a825,spoon.reflect.visitor.ImportScannerImpl,spoon.reflect.visitor.ImportScannerImpl_ESTest,34,0,True
2327,Bears,Bears-56,0,95493e03fc474aee8580ad946ef38d49,spoon.reflect.visitor.ImportScannerImpl,spoon.reflect.visitor.ImportScannerImpl_ESTest,38,0,True
2328,Bears,Bears-56,0,36624f7b3c75469ab0b5244a82dd3d98,spoon.reflect.visitor.ImportScannerImpl,spoon.reflect.visitor.ImportScannerImpl_ESTest,30,0,True
2329,Bears,Bears-56,0,1f69c1c58d574cf094ff5e2560e3beb6,spoon.reflect.visitor.ImportScannerImpl,spoon.reflect.visitor.ImportScannerImpl_ESTest,32,0,True
2330,Bears,Bears-56,0,72896e9ca48846599d9c7577aa570094,spoon.reflect.visitor.ImportScannerImpl,spoon.reflect.visitor.ImportScannerImpl_ESTest,32,0,True
2331,Bears,Bears-56,0,a5c67d0ed999417cb8410110a6b553fc,spoon.reflect.visitor.ImportScannerImpl,spoon.reflect.visitor.ImportScannerImpl_ESTest,40,0,True
2332,Bears,Bears-56,0,82ddb1ffb95441e4ad0ed6f03bb56817,spoon.reflect.visitor.ImportScannerImpl,spoon.reflect.visitor.ImportScannerImpl_ESTest,28,0,True
2333,Bears,Bears-56,0,5268963c2c28467c9c9fde7e2e6c4bb9,spoon.reflect.visitor.ImportScannerImpl,spoon.reflect.visitor.ImportScannerImpl_ESTest,36,0,True
2334,Bears,Bears-56,0,09ef6fc9e817448f9363bbdae6416bf3,spoon.reflect.visitor.ImportScannerImpl,spoon.reflect.visitor.ImportScannerImpl_ESTest,35,0,True
2335,Bears,Bears-56,0,8397a48c5397446eb961634687f8f2e3,spoon.reflect.visitor.ImportScannerImpl,spoon.reflect.visitor.ImportScannerImpl_ESTest,37,0,True
2336,Bears,Bears-56,0,944a352955db49e4850e2f0bd761f1cb,spoon.reflect.visitor.ImportScannerImpl,spoon.reflect.visitor.ImportScannerImpl_ESTest,35,0,True
2337,Bears,Bears-56,0,c2be3e710cef4b8e9e4747852bfaf427,spoon.reflect.visitor.ImportScannerImpl,spoon.reflect.visitor.ImportScannerImpl_ESTest,33,0,True
2338,Bears,Bears-56,0,45c6fbd1ac384b6492a4c950ea5c0507,spoon.reflect.visitor.ImportScannerImpl,spoon.reflect.visitor.ImportScannerImpl_ESTest,38,0,True
2339,Bears,Bears-56,0,0146bdd7262f4e59b918fe224504e403,spoon.reflect.visitor.ImportScannerImpl,spoon.reflect.visitor.ImportScannerImpl_ESTest,27,0,True
2340,Bears,Bears-56,0,a05fe484e5e44bfab3b1130e7e92c675,spoon.reflect.visitor.ImportScannerImpl,spoon.reflect.visitor.ImportScannerImpl_ESTest,35,0,True
2341,Bears,Bears-72,0,94a874783b5446c28dccb69f1847951a,spoon.reflect.visitor.DefaultJavaPrettyPrinter,spoon.reflect.visitor.DefaultJavaPrettyPrinter_ESTest,72,0,False
2342,Bears,Bears-72,0,5b55acb515a741eba797993dd68c0194,spoon.reflect.visitor.DefaultJavaPrettyPrinter,spoon.reflect.visitor.DefaultJavaPrettyPrinter_ESTest,75,0,False
2343,Bears,Bears-72,0,a77d9a33e0ce4c459e6c6544b406e544,spoon.reflect.visitor.DefaultJavaPrettyPrinter,spoon.reflect.visitor.DefaultJavaPrettyPrinter_ESTest,73,0,False
2344,Bears,Bears-72,0,2a62e1f59f404c448d286a291a7eb46e,spoon.reflect.visitor.DefaultJavaPrettyPrinter,spoon.reflect.visitor.DefaultJavaPrettyPrinter_ESTest,65,0,False
2345,Bears,Bears-72,0,0abdf1577ed749b0becde4e738271850,spoon.reflect.visitor.DefaultJavaPrettyPrinter,spoon.reflect.visitor.DefaultJavaPrettyPrinter_ESTest,70,0,False
2346,Bears,Bears-72,0,e1285474f226441ebcdecf182fee797f,spoon.reflect.visitor.DefaultJavaPrettyPrinter,spoon.reflect.visitor.DefaultJavaPrettyPrinter_ESTest,83,0,False
2347,Bears,Bears-72,0,a7bc0699a455464daa1ac435aa2de3ed,spoon.reflect.visitor.DefaultJavaPrettyPrinter,spoon.reflect.visitor.DefaultJavaPrettyPrinter_ESTest,81,0,False
2348,Bears,Bears-72,0,339bf8bd59964b219261c73d55ae0067,spoon.reflect.visitor.DefaultJavaPrettyPrinter,spoon.reflect.visitor.DefaultJavaPrettyPrinter_ESTest,78,0,False
2349,Bears,Bears-72,0,7a291a6c14c844aa92f71aabd11e1f00,spoon.reflect.visitor.DefaultJavaPrettyPrinter,spoon.reflect.visitor.DefaultJavaPrettyPrinter_ESTest,72,0,False
2350,Bears,Bears-72,0,5f83f3869551489db2ac6d4bcdafca2e,spoon.reflect.visitor.DefaultJavaPrettyPrinter,spoon.reflect.visitor.DefaultJavaPrettyPrinter_ESTest,80,0,False
2351,Bears,Bears-72,0,bf455d88b4634c0286eebcd78b18070a,spoon.reflect.visitor.DefaultJavaPrettyPrinter,spoon.reflect.visitor.DefaultJavaPrettyPrinter_ESTest,91,0,False
2352,Bears,Bears-72,0,67185140cf954298b37675381d5a4509,spoon.reflect.visitor.DefaultJavaPrettyPrinter,spoon.reflect.visitor.DefaultJavaPrettyPrinter_ESTest,63,0,False
2353,Bears,Bears-189,0,69cdfdef0a3741b3832098e14e0213cb,hu.oe.nik.szfmv.detector.classes.Detector,hu.oe.nik.szfmv.detector.classes.Detector_ESTest,7,0,True
2354,Bears,Bears-189,0,147d413d7f22473abeaf1659ec529099,hu.oe.nik.szfmv.detector.classes.Detector,hu.oe.nik.szfmv.detector.classes.Detector_ESTest,7,0,True
2355,Bears,Bears-189,0,41b4c37d9aa0498589fc5aab492605c9,hu.oe.nik.szfmv.detector.classes.Detector,hu.oe.nik.szfmv.detector.classes.Detector_ESTest,7,0,True
2356,Bears,Bears-189,0,b6425760bffa4a1c988823a0ecaef928,hu.oe.nik.szfmv.detector.classes.Detector,hu.oe.nik.szfmv.detector.classes.Detector_ESTest,7,0,True
2357,Bears,Bears-189,0,06eb790c52dc4a50938c0403dca81462,hu.oe.nik.szfmv.detector.classes.Detector,hu.oe.nik.szfmv.detector.classes.Detector_ESTest,7,0,True
2358,Bears,Bears-189,0,c45dc9c57cee405dbee76dbc13ffb213,hu.oe.nik.szfmv.detector.classes.Detector,hu.oe.nik.szfmv.detector.classes.Detector_ESTest,7,0,True
2359,Bears,Bears-189,0,f0f11e73d5594a77b6c98a367e206b14,hu.oe.nik.szfmv.detector.classes.Detector,hu.oe.nik.szfmv.detector.classes.Detector_ESTest,7,0,True
2360,Bears,Bears-189,0,394679e23e354693b3dabf61eca42aab,hu.oe.nik.szfmv.detector.classes.Detector,hu.oe.nik.szfmv.detector.classes.Detector_ESTest,7,0,True
2361,Bears,Bears-189,0,05f4cf75c45a40cd803619cd344ac18f,hu.oe.nik.szfmv.detector.classes.Detector,hu.oe.nik.szfmv.detector.classes.Detector_ESTest,7,0,True
2362,Bears,Bears-189,0,3bd0dcc8c336458eb6c72d7e0af07c4f,hu.oe.nik.szfmv.detector.classes.Detector,hu.oe.nik.szfmv.detector.classes.Detector_ESTest,7,0,True
2363,Bears,Bears-189,0,6d993e65300c4b719a856c8064b5ff86,hu.oe.nik.szfmv.detector.classes.Detector,hu.oe.nik.szfmv.detector.classes.Detector_ESTest,7,0,True
2364,Bears,Bears-189,0,4efc741c49c4475aaf327811f766e9bc,hu.oe.nik.szfmv.detector.classes.Detector,hu.oe.nik.szfmv.detector.classes.Detector_ESTest,7,0,True
2365,Bears,Bears-189,0,0d0ba52f7fe3437297725a2d568dba33,hu.oe.nik.szfmv.detector.classes.Detector,hu.oe.nik.szfmv.detector.classes.Detector_ESTest,7,0,True
2366,Bears,Bears-189,0,0d04bbb7ba78482aa19a9bae10873f49,hu.oe.nik.szfmv.detector.classes.Detector,hu.oe.nik.szfmv.detector.classes.Detector_ESTest,7,0,True
2367,Bears,Bears-189,0,b8dec7ee23ae40ddb0efe7eb9eb428fa,hu.oe.nik.szfmv.detector.classes.Detector,hu.oe.nik.szfmv.detector.classes.Detector_ESTest,7,0,True
2368,Bears,Bears-189,0,22eeecff72d24958a6adae7b5d011b99,hu.oe.nik.szfmv.detector.classes.Detector,hu.oe.nik.szfmv.detector.classes.Detector_ESTest,7,0,True
2369,Bears,Bears-189,0,c10331fff8394335a8a5a59b73bc58f9,hu.oe.nik.szfmv.detector.classes.Detector,hu.oe.nik.szfmv.detector.classes.Detector_ESTest,7,0,True
2370,Bears,Bears-189,0,8e13f370c13e4e5cab4ff9685ec134b7,hu.oe.nik.szfmv.detector.classes.Detector,hu.oe.nik.szfmv.detector.classes.Detector_ESTest,7,0,True
2371,Bears,Bears-189,0,b0c90fef23aa4f8196ef4925bee2b57d,hu.oe.nik.szfmv.detector.classes.Detector,hu.oe.nik.szfmv.detector.classes.Detector_ESTest,7,0,True
2372,Bears,Bears-189,0,e533534a718347aebbd4e82cd0bb0e51,hu.oe.nik.szfmv.detector.classes.Detector,hu.oe.nik.szfmv.detector.classes.Detector_ESTest,7,0,True
2373,Bears,Bears-189,0,f3029ed1f7454eb493fb1b0c22407291,hu.oe.nik.szfmv.detector.classes.Detector,hu.oe.nik.szfmv.detector.classes.Detector_ESTest,7,0,True
2374,Bears,Bears-189,0,3703a5ad8ec44c938b578e7572763ada,hu.oe.nik.szfmv.detector.classes.Detector,hu.oe.nik.szfmv.detector.classes.Detector_ESTest,7,0,True
2375,Bears,Bears-189,0,62e64583cbf94e17807c1b2a5947eaa9,hu.oe.nik.szfmv.detector.classes.Detector,hu.oe.nik.szfmv.detector.classes.Detector_ESTest,7,0,True
2376,Bears,Bears-189,0,a0732f52ea2c464fbf147afa5f95e2f4,hu.oe.nik.szfmv.detector.classes.Detector,hu.oe.nik.szfmv.detector.classes.Detector_ESTest,7,0,True
2377,Bears,Bears-189,0,a527ac0386e743f883ed3e0f13b4bb30,hu.oe.nik.szfmv.detector.classes.Detector,hu.oe.nik.szfmv.detector.classes.Detector_ESTest,8,0,True
2378,Bears,Bears-189,0,fe2170747e684c93af065170581d8020,hu.oe.nik.szfmv.detector.classes.Detector,hu.oe.nik.szfmv.detector.classes.Detector_ESTest,7,0,True
2379,Bears,Bears-189,0,8b40595ee82d4acca586d5f057e1c9dd,hu.oe.nik.szfmv.detector.classes.Detector,hu.oe.nik.szfmv.detector.classes.Detector_ESTest,7,0,True
2380,Bears,Bears-189,0,3aa28c133f0a40a795e65436b2be0ceb,hu.oe.nik.szfmv.detector.classes.Detector,hu.oe.nik.szfmv.detector.classes.Detector_ESTest,7,0,True
2381,Bears,Bears-189,0,1c7bfa90adc74146aab7aafa77709a89,hu.oe.nik.szfmv.detector.classes.Detector,hu.oe.nik.szfmv.detector.classes.Detector_ESTest,7,0,True
2382,Bears,Bears-189,0,6b3a2468953d4661b9e0ade0b7d2d813,hu.oe.nik.szfmv.detector.classes.Detector,hu.oe.nik.szfmv.detector.classes.Detector_ESTest,7,0,True
2383,Bears,Bears-46,0,08cd2cba929e43f7a968182496b148df,spoon.support.reflect.declaration.CtElementImpl,spoon.support.reflect.declaration.CtElementImpl_ESTest,40,0,False
2384,Bears,Bears-46,0,225e3673fae645c685fb94bc18c71d5b,spoon.support.reflect.declaration.CtElementImpl,spoon.support.reflect.declaration.CtElementImpl_ESTest,44,0,False
2385,Bears,Bears-46,0,a6375d67b9954a31b3eafe148e497440,spoon.support.reflect.declaration.CtElementImpl,spoon.support.reflect.declaration.CtElementImpl_ESTest,51,0,True
2386,Bears,Bears-46,0,f801ac84229a46fdb61c2a68a2e195ed,spoon.support.reflect.declaration.CtElementImpl,spoon.support.reflect.declaration.CtElementImpl_ESTest,47,0,True
2387,Bears,Bears-46,0,fcc995c641ce4fdbaabfb85ca40895d9,spoon.support.reflect.declaration.CtElementImpl,spoon.support.reflect.declaration.CtElementImpl_ESTest,50,0,True
2388,Bears,Bears-46,0,8478a14273e549dfa9fc95b67d6314a2,spoon.support.reflect.declaration.CtElementImpl,spoon.support.reflect.declaration.CtElementImpl_ESTest,48,0,True
2389,Bears,Bears-46,0,281bd5187fde448c82a3098bb18b1798,spoon.support.reflect.declaration.CtElementImpl,spoon.support.reflect.declaration.CtElementImpl_ESTest,42,0,True
2390,Bears,Bears-46,0,3423d4419ed948869df12a948969cc65,spoon.support.reflect.declaration.CtElementImpl,spoon.support.reflect.declaration.CtElementImpl_ESTest,44,0,True
2391,Bears,Bears-46,0,323f964c0299471a8611e0da10457e74,spoon.support.reflect.declaration.CtElementImpl,spoon.support.reflect.declaration.CtElementImpl_ESTest,48,0,True
2392,Bears,Bears-46,0,c9a1854febc140528f4cff557b712fb5,spoon.support.reflect.declaration.CtElementImpl,spoon.support.reflect.declaration.CtElementImpl_ESTest,44,0,True
2393,Bears,Bears-46,0,17aec5df2028472e91b136a92fff3f46,spoon.support.reflect.declaration.CtElementImpl,spoon.support.reflect.declaration.CtElementImpl_ESTest,47,0,True
2394,Bears,Bears-46,0,9371cc598eb749ab8b7cedc6f6090ff0,spoon.support.reflect.declaration.CtElementImpl,spoon.support.reflect.declaration.CtElementImpl_ESTest,46,0,True
2395,Bears,Bears-46,0,a4ccb5188b3844a4b0e00089fc76767d,spoon.support.reflect.declaration.CtElementImpl,spoon.support.reflect.declaration.CtElementImpl_ESTest,52,0,True
2396,Bears,Bears-46,0,2b280e2958214c3db109897831f92541,spoon.support.reflect.declaration.CtElementImpl,spoon.support.reflect.declaration.CtElementImpl_ESTest,44,0,True
2397,Bears,Bears-46,0,91877cf869f6482ea2a7c64b693a533f,spoon.support.reflect.declaration.CtElementImpl,spoon.support.reflect.declaration.CtElementImpl_ESTest,39,0,True
2398,Bears,Bears-46,0,299cc73e4aba4e6ebf24c3f54f6083b2,spoon.support.reflect.declaration.CtElementImpl,spoon.support.reflect.declaration.CtElementImpl_ESTest,51,0,True
2399,Bears,Bears-46,0,23425d38142e4853867dd6b998b4441c,spoon.support.reflect.declaration.CtElementImpl,spoon.support.reflect.declaration.CtElementImpl_ESTest,43,0,True
2400,Bears,Bears-46,0,fa89ac6954e246aeb32a347dcea6b4fb,spoon.support.reflect.declaration.CtElementImpl,spoon.support.reflect.declaration.CtElementImpl_ESTest,45,0,True
2401,Bears,Bears-46,0,51532eb2ec524fe2ab00ee51387d8a88,spoon.support.reflect.declaration.CtElementImpl,spoon.support.reflect.declaration.CtElementImpl_ESTest,53,0,True
2402,Bears,Bears-46,0,e357ae68f4dd40c0a19c00c377104b90,spoon.support.reflect.declaration.CtElementImpl,spoon.support.reflect.declaration.CtElementImpl_ESTest,43,0,True
2403,Bears,Bears-46,0,f97342b16f2d4703a5583117be708c33,spoon.support.reflect.declaration.CtElementImpl,spoon.support.reflect.declaration.CtElementImpl_ESTest,45,0,True
2404,Bears,Bears-46,0,c311b7c8132848dbacb92067b573ca82,spoon.support.reflect.declaration.CtElementImpl,spoon.support.reflect.declaration.CtElementImpl_ESTest,49,0,True
2405,Bears,Bears-46,0,fdd7432b4df844c5872fa756424575e1,spoon.support.reflect.declaration.CtElementImpl,spoon.support.reflect.declaration.CtElementImpl_ESTest,52,0,False
2406,Bears,Bears-46,0,6f590adb79984524bee1646f7b5b51be,spoon.support.reflect.declaration.CtElementImpl,spoon.support.reflect.declaration.CtElementImpl_ESTest,50,0,True
2407,Bears,Bears-46,0,3f6c24bb056c4b4590d8f77329e7825b,spoon.support.reflect.declaration.CtElementImpl,spoon.support.reflect.declaration.CtElementImpl_ESTest,42,0,True
2408,Bears,Bears-46,0,23a2732f9f7544b4b749610a54a6fad1,spoon.support.reflect.declaration.CtElementImpl,spoon.support.reflect.declaration.CtElementImpl_ESTest,41,0,True
2409,Bears,Bears-46,0,40a556fee8f0441f81aff4bf602b28d7,spoon.support.reflect.declaration.CtElementImpl,spoon.support.reflect.declaration.CtElementImpl_ESTest,46,0,True
2410,Bears,Bears-70,0,02d6c7d0ad6e40b78fcdcfd0862d32e8,spoon.support.compiler.jdt.ContextBuilder,spoon.support.compiler.jdt.ContextBuilder_ESTest,10,0,False
2411,Bears,Bears-70,0,ee62e552903f4615b7e492d94a9ece5d,spoon.support.compiler.jdt.ContextBuilder,spoon.support.compiler.jdt.ContextBuilder_ESTest,12,0,False
2412,Bears,Bears-70,0,d982622f1ba6413bac46d669e1b59e33,spoon.support.compiler.jdt.ContextBuilder,spoon.support.compiler.jdt.ContextBuilder_ESTest,13,0,False
2413,Bears,Bears-70,0,b7745df04b8043baa01efcb40682af19,spoon.support.compiler.jdt.ContextBuilder,spoon.support.compiler.jdt.ContextBuilder_ESTest,12,0,False
2414,Bears,Bears-70,0,ab0af5401ff54f75ba47c8a9c2331d60,spoon.support.compiler.jdt.ContextBuilder,spoon.support.compiler.jdt.ContextBuilder_ESTest,13,0,False
2415,Bears,Bears-70,0,001433e3ad1a444d821a875129d8d811,spoon.support.compiler.jdt.ContextBuilder,spoon.support.compiler.jdt.ContextBuilder_ESTest,10,0,False
2416,Bears,Bears-70,0,e54ca37e75e3442ba94d9c501b135c21,spoon.support.compiler.jdt.ContextBuilder,spoon.support.compiler.jdt.ContextBuilder_ESTest,15,0,False
2417,Bears,Bears-70,0,0ced56f85a964584b8e43372158bfcc0,spoon.support.compiler.jdt.ContextBuilder,spoon.support.compiler.jdt.ContextBuilder_ESTest,13,0,False
2418,Bears,Bears-70,0,c8f18d5062f24e40991bffa218a018cd,spoon.support.compiler.jdt.ContextBuilder,spoon.support.compiler.jdt.ContextBuilder_ESTest,11,0,False
2419,Bears,Bears-70,0,476f2971c2ab4e0d8baedc0eacf0b71b,spoon.support.compiler.jdt.ContextBuilder,spoon.support.compiler.jdt.ContextBuilder_ESTest,9,0,False
2420,Bears,Bears-70,0,671bde42cb97478185df5b364e08c1ff,spoon.support.compiler.jdt.ContextBuilder,spoon.support.compiler.jdt.ContextBuilder_ESTest,11,0,False
2421,Bears,Bears-70,0,55cf47917c9546cfb54f23699cfe3ef7,spoon.support.compiler.jdt.ContextBuilder,spoon.support.compiler.jdt.ContextBuilder_ESTest,13,0,False
2422,Bears,Bears-70,0,6518dd34b02e48c4870ef0855b13a145,spoon.support.compiler.jdt.ContextBuilder,spoon.support.compiler.jdt.ContextBuilder_ESTest,10,0,False
2423,Bears,Bears-70,0,f99f7d3361fe48dda952671be302f21e,spoon.support.compiler.jdt.ContextBuilder,spoon.support.compiler.jdt.ContextBuilder_ESTest,9,0,False
2424,Bears,Bears-70,0,c17b3b0901e74eecb56cdba1cef10d5f,spoon.support.compiler.jdt.ContextBuilder,spoon.support.compiler.jdt.ContextBuilder_ESTest,12,0,False
2425,Bears,Bears-70,0,bd37758442d8439ea3937cbdce84b160,spoon.support.compiler.jdt.ContextBuilder,spoon.support.compiler.jdt.ContextBuilder_ESTest,10,0,False
2426,Bears,Bears-70,0,69eceb97ce2743e8b7d2a67e80522146,spoon.support.compiler.jdt.ContextBuilder,spoon.support.compiler.jdt.ContextBuilder_ESTest,11,0,False
2427,Bears,Bears-70,0,7250bee8bca3490c85b27296177df6d3,spoon.support.compiler.jdt.ContextBuilder,spoon.support.compiler.jdt.ContextBuilder_ESTest,13,0,False
2428,Bears,Bears-70,0,2d8265b9deee4c9087d810fb1be3031e,spoon.support.compiler.jdt.ContextBuilder,spoon.support.compiler.jdt.ContextBuilder_ESTest,14,0,False
2429,Bears,Bears-70,0,3207f0a113a44b1784e66d89479f9501,spoon.support.compiler.jdt.ContextBuilder,spoon.support.compiler.jdt.ContextBuilder_ESTest,13,0,False
2430,Bears,Bears-70,0,8532fcbfdbd0407ca781f17a80d5b1e6,spoon.support.compiler.jdt.ContextBuilder,spoon.support.compiler.jdt.ContextBuilder_ESTest,13,0,False
2431,Bears,Bears-70,0,a45425479ded43febaaca733a3146038,spoon.support.compiler.jdt.ContextBuilder,spoon.support.compiler.jdt.ContextBuilder_ESTest,12,0,False
