,benchmark_group,benchmark_name,npe_label,experiment_id,input_class,replayed_testsuite,compiled_tests,commented_tests,npe_reproduced
0,BugSwarm,Universal_G__Code_Sender-172454077,0,8917774f75f24fdfa7bd90b260036e60,com.willwinder.universalgcodesender.GrblController,com.willwinder.universalgcodesender.GrblController_ESTest,37,0,False
1,BugSwarm,Universal_G__Code_Sender-172454077,0,b83cbc44ecbb4de2b7872d3a3ecb3b18,com.willwinder.universalgcodesender.GrblController,com.willwinder.universalgcodesender.GrblController_ESTest,37,0,False
2,BugSwarm,Universal_G__Code_Sender-172454077,0,ba8d0d5a601549c0acde9c3792a76012,com.willwinder.universalgcodesender.GrblController,com.willwinder.universalgcodesender.GrblController_ESTest,41,0,False
3,BugSwarm,Universal_G__Code_Sender-172454077,0,5188d634a12448a79fb9c8afcfa3e501,com.willwinder.universalgcodesender.GrblController,com.willwinder.universalgcodesender.GrblController_ESTest,45,0,False
4,BugSwarm,Universal_G__Code_Sender-172454077,0,597a080af3034855b58082e22292951f,com.willwinder.universalgcodesender.GrblController,com.willwinder.universalgcodesender.GrblController_ESTest,44,0,False
5,BugSwarm,Universal_G__Code_Sender-172454077,0,2aa93be815704a059ec57e041a54561b,com.willwinder.universalgcodesender.GrblController,com.willwinder.universalgcodesender.GrblController_ESTest,40,0,False
6,BugSwarm,Universal_G__Code_Sender-172454077,0,c724211f37b54fc395d3a4a72aa755b6,com.willwinder.universalgcodesender.GrblController,com.willwinder.universalgcodesender.GrblController_ESTest,38,0,False
7,BugSwarm,Universal_G__Code_Sender-172454077,0,4834c7555a584dca86be121a8da40174,com.willwinder.universalgcodesender.GrblController,com.willwinder.universalgcodesender.GrblController_ESTest,40,0,False
8,BugSwarm,Universal_G__Code_Sender-172454077,1,8917774f75f24fdfa7bd90b260036e60,com.willwinder.universalgcodesender.GrblController,com.willwinder.universalgcodesender.GrblController_ESTest,37,0,False
9,BugSwarm,Universal_G__Code_Sender-172454077,1,b83cbc44ecbb4de2b7872d3a3ecb3b18,com.willwinder.universalgcodesender.GrblController,com.willwinder.universalgcodesender.GrblController_ESTest,37,0,False
10,BugSwarm,Universal_G__Code_Sender-172454077,1,ba8d0d5a601549c0acde9c3792a76012,com.willwinder.universalgcodesender.GrblController,com.willwinder.universalgcodesender.GrblController_ESTest,41,0,False
11,BugSwarm,Universal_G__Code_Sender-172454077,1,5188d634a12448a79fb9c8afcfa3e501,com.willwinder.universalgcodesender.GrblController,com.willwinder.universalgcodesender.GrblController_ESTest,45,0,False
12,BugSwarm,Universal_G__Code_Sender-172454077,1,597a080af3034855b58082e22292951f,com.willwinder.universalgcodesender.GrblController,com.willwinder.universalgcodesender.GrblController_ESTest,44,0,False
13,BugSwarm,Universal_G__Code_Sender-172454077,1,2aa93be815704a059ec57e041a54561b,com.willwinder.universalgcodesender.GrblController,com.willwinder.universalgcodesender.GrblController_ESTest,40,0,False
14,BugSwarm,Universal_G__Code_Sender-172454077,1,c724211f37b54fc395d3a4a72aa755b6,com.willwinder.universalgcodesender.GrblController,com.willwinder.universalgcodesender.GrblController_ESTest,38,0,False
15,BugSwarm,Universal_G__Code_Sender-172454077,1,4834c7555a584dca86be121a8da40174,com.willwinder.universalgcodesender.GrblController,com.willwinder.universalgcodesender.GrblController_ESTest,40,0,False
16,BugSwarm,deadcode4j-131735009,0,3a5ae58e9eba4c55b61b6f9d36cccfb1,org.sbolstandard.core2.ComponentDefinition,org.sbolstandard.core2.ComponentDefinition_ESTest,29,0,False
17,BugSwarm,deadcode4j-131735009,0,822db408536e44a6a9e86eb57d0dfa71,org.sbolstandard.core2.ComponentDefinition,org.sbolstandard.core2.ComponentDefinition_ESTest,34,0,False
18,BugSwarm,deadcode4j-131735009,0,43c3c7fcbf224bda874a633a177fa730,org.sbolstandard.core2.ComponentDefinition,org.sbolstandard.core2.ComponentDefinition_ESTest,19,0,False
19,BugSwarm,deadcode4j-131735009,0,0b2896d4eb0f4a41a202ae8615f06149,org.sbolstandard.core2.ComponentDefinition,org.sbolstandard.core2.ComponentDefinition_ESTest,41,0,False
20,BugSwarm,deadcode4j-131735009,0,0b794fc92e0b4f1da43cdc3fff14e46c,org.sbolstandard.core2.ComponentDefinition,org.sbolstandard.core2.ComponentDefinition_ESTest,35,0,False
21,BugSwarm,deadcode4j-131735009,0,0b794fc92e0b4f1da43cdc3fff14e46c,org.sbolstandard.core2.ComponentDefinition,org.sbolstandard.core2.ComponentDefinition_ESTest$1,35,0,False
22,BugSwarm,deadcode4j-131735009,0,8ae473f214024f3fba3259bdaa57e732,org.sbolstandard.core2.ComponentDefinition,org.sbolstandard.core2.ComponentDefinition_ESTest,31,0,False
23,BugSwarm,deadcode4j-131735009,0,5f704ef0a1e442f480d67aa32ba9f557,org.sbolstandard.core2.ComponentDefinition,org.sbolstandard.core2.ComponentDefinition_ESTest,20,0,False
24,BugSwarm,deadcode4j-131735009,0,00c6962023644f80a4016716d10fe58f,org.sbolstandard.core2.ComponentDefinition,org.sbolstandard.core2.ComponentDefinition_ESTest,38,0,False
25,BugSwarm,deadcode4j-131735009,0,a689ada16c57427f9599b839783fdf1b,org.sbolstandard.core2.ComponentDefinition,org.sbolstandard.core2.ComponentDefinition_ESTest,18,0,False
26,BugSwarm,deadcode4j-131735009,0,c4172220dcc04b0891129f7265829f36,org.sbolstandard.core2.ComponentDefinition,org.sbolstandard.core2.ComponentDefinition_ESTest,29,0,False
27,BugSwarm,Sonar_Java-295864289,0,28be918866114459bd57d977af26d738,org.sonar.java.bytecode.se.BytecodeEGWalker,org.sonar.java.bytecode.se.BytecodeEGWalker_ESTest,18,0,False
28,BugSwarm,Sonar_Java-295864289,0,71a7e0e43ee042ce8f58f42ca6559217,org.sonar.java.bytecode.se.BytecodeEGWalker,org.sonar.java.bytecode.se.BytecodeEGWalker_ESTest,20,0,False
29,BugSwarm,Sonar_Java-295864289,0,514c7f0d922a46cd905e1389e655b3d1,org.sonar.java.bytecode.se.BytecodeEGWalker,org.sonar.java.bytecode.se.BytecodeEGWalker_ESTest,20,0,False
30,BugSwarm,Sonar_Java-295864289,0,ec3561610a6d41f29590664f9f405cc4,org.sonar.java.bytecode.se.BytecodeEGWalker,org.sonar.java.bytecode.se.BytecodeEGWalker_ESTest,17,0,False
31,BugSwarm,Sonar_Java-295864289,0,0cf1ec358f884ced9dcbf80a8b93cc38,org.sonar.java.bytecode.se.BytecodeEGWalker,org.sonar.java.bytecode.se.BytecodeEGWalker_ESTest,19,0,False
32,BugSwarm,Sonar_Java-295864289,0,ce34ec7bc3514445baed68344b53e7d4,org.sonar.java.bytecode.se.BytecodeEGWalker,org.sonar.java.bytecode.se.BytecodeEGWalker_ESTest,18,0,False
33,BugSwarm,Sonar_Java-295864289,0,cd0b3971b83a4a448f9230c14c682e34,org.sonar.java.bytecode.se.BytecodeEGWalker,org.sonar.java.bytecode.se.BytecodeEGWalker_ESTest,19,0,False
34,BugSwarm,Petergeneric__Stdlib-290369132,0,f3d2878669274e5e8c00b39aed7ca22b,com.peterphi.std.guice.hibernate.webquery.impl.jpa.JPASearchExecutor,com.peterphi.std.guice.hibernate.webquery.impl.jpa.JPASearchExecutor_ESTest,0,0,False
35,BugSwarm,Petergeneric__Stdlib-290369132,0,f3990fea9da74ca191a83067b4c26176,com.peterphi.std.guice.hibernate.webquery.impl.jpa.JPASearchExecutor,com.peterphi.std.guice.hibernate.webquery.impl.jpa.JPASearchExecutor_ESTest,0,0,False
36,BugSwarm,Atomix-298262068,0,15bdbf5e39b641fe8480d7262f34033b,io.atomix.primitives.leadership.impl.RaftLeaderElectorService,io.atomix.primitives.leadership.impl.RaftLeaderElectorService_ESTest,13,0,False
37,BugSwarm,Atomix-298262068,0,9bb4d2035065456f843bf7f181bbd5b4,io.atomix.primitives.leadership.impl.RaftLeaderElectorService,io.atomix.primitives.leadership.impl.RaftLeaderElectorService_ESTest,12,0,False
38,BugSwarm,Atomix-298262068,0,8c4516a4933b4e28b4f12afaf889e43b,io.atomix.primitives.leadership.impl.RaftLeaderElectorService,io.atomix.primitives.leadership.impl.RaftLeaderElectorService_ESTest,14,0,False
39,BugSwarm,Atomix-298262068,0,99635594644447ea9b7c384a1118f532,io.atomix.primitives.leadership.impl.RaftLeaderElectorService,io.atomix.primitives.leadership.impl.RaftLeaderElectorService_ESTest,12,0,False
40,BugSwarm,Atomix-298262068,0,ecbc125201e74e599a068f788d1f1af3,io.atomix.primitives.leadership.impl.RaftLeaderElectorService,io.atomix.primitives.leadership.impl.RaftLeaderElectorService_ESTest,8,0,False
41,BugSwarm,Atomix-298262068,0,e6235ea4895b4b68a5938792f03304f2,io.atomix.primitives.leadership.impl.RaftLeaderElectorService,io.atomix.primitives.leadership.impl.RaftLeaderElectorService_ESTest,5,0,False
42,BugSwarm,Atomix-298262068,0,5ac360673df2494a8d4ee0a83d2f140f,io.atomix.primitives.leadership.impl.RaftLeaderElectorService,io.atomix.primitives.leadership.impl.RaftLeaderElectorService_ESTest,12,0,False
43,BugSwarm,Atomix-298262068,0,2ffe3117f3a34375bdcebe667a3c2954,io.atomix.primitives.leadership.impl.RaftLeaderElectorService,io.atomix.primitives.leadership.impl.RaftLeaderElectorService_ESTest,14,0,False
44,BugSwarm,Atomix-298262068,0,0268ef711dc74c02a2b470103b4420a8,io.atomix.primitives.leadership.impl.RaftLeaderElectorService,io.atomix.primitives.leadership.impl.RaftLeaderElectorService_ESTest,12,0,False
45,BugSwarm,Atomix-298262068,0,3f591d9d38874ee386f765a9bc4bd250,io.atomix.primitives.leadership.impl.RaftLeaderElectorService,io.atomix.primitives.leadership.impl.RaftLeaderElectorService_ESTest,13,0,False
46,BugSwarm,nFlow-197273853,0,7fe83ce7b9684f09b88469b43b3e900c,io.nflow.engine.internal.dao.WorkflowInstanceDao,io.nflow.engine.internal.dao.WorkflowInstanceDao_ESTest,41,0,False
47,BugSwarm,nFlow-197273853,0,03b3f271de734b50b2f0b87d33ba2946,io.nflow.engine.internal.dao.WorkflowInstanceDao,io.nflow.engine.internal.dao.WorkflowInstanceDao_ESTest,31,0,False
48,BugSwarm,nFlow-197273853,0,8ac2467e3d3843a1b545697468bc57df,io.nflow.engine.internal.dao.WorkflowInstanceDao,io.nflow.engine.internal.dao.WorkflowInstanceDao_ESTest,41,0,False
49,BugSwarm,nFlow-197273853,0,a495d94b756a4f76b46f86483a0c6e56,io.nflow.engine.internal.dao.WorkflowInstanceDao,io.nflow.engine.internal.dao.WorkflowInstanceDao_ESTest,40,0,False
50,BugSwarm,nFlow-197273853,0,b97c0d741c2f460e962c6b8caea3b97d,io.nflow.engine.internal.dao.WorkflowInstanceDao,io.nflow.engine.internal.dao.WorkflowInstanceDao_ESTest,40,0,False
51,BugSwarm,Jannovar-249719464,0,0c80c14ba969468c93baf29a5b0df835,de.charite.compbio.jannovar.cmd.annotate_vcf.JannovarAnnotateVCFOptions,de.charite.compbio.jannovar.cmd.annotate_vcf.JannovarAnnotateVCFOptions_ESTest,115,0,False
52,BugSwarm,Jannovar-249719464,0,8af97706e7da4ff7bdb7452d709aa4b7,de.charite.compbio.jannovar.cmd.annotate_vcf.JannovarAnnotateVCFOptions,de.charite.compbio.jannovar.cmd.annotate_vcf.JannovarAnnotateVCFOptions_ESTest,114,0,False
53,BugSwarm,Jannovar-249719464,0,f0c8bb0cd2a24242b4830220f1fdc649,de.charite.compbio.jannovar.cmd.annotate_vcf.JannovarAnnotateVCFOptions,de.charite.compbio.jannovar.cmd.annotate_vcf.JannovarAnnotateVCFOptions_ESTest,114,0,False
54,BugSwarm,Jannovar-249719464,0,cbc48257ba7644699a49ddc2385630a6,de.charite.compbio.jannovar.cmd.annotate_vcf.JannovarAnnotateVCFOptions,de.charite.compbio.jannovar.cmd.annotate_vcf.JannovarAnnotateVCFOptions_ESTest,112,0,False
55,BugSwarm,Jannovar-249719464,0,29dcdea46c45422d85fe23f633138c40,de.charite.compbio.jannovar.cmd.annotate_vcf.JannovarAnnotateVCFOptions,de.charite.compbio.jannovar.cmd.annotate_vcf.JannovarAnnotateVCFOptions_ESTest,117,0,False
56,BugSwarm,Jannovar-249719464,0,dca45bcfe3944f56bf10457ad6d32426,de.charite.compbio.jannovar.cmd.annotate_vcf.JannovarAnnotateVCFOptions,de.charite.compbio.jannovar.cmd.annotate_vcf.JannovarAnnotateVCFOptions_ESTest,118,0,False
57,BugSwarm,Jannovar-249719464,0,7c3d836071a54c6ea5fddccccf254e00,de.charite.compbio.jannovar.cmd.annotate_vcf.JannovarAnnotateVCFOptions,de.charite.compbio.jannovar.cmd.annotate_vcf.JannovarAnnotateVCFOptions_ESTest,113,0,False
58,BugSwarm,Jannovar-249719464,0,40baabf5243440bcb002f6dcf59aa533,de.charite.compbio.jannovar.cmd.annotate_vcf.JannovarAnnotateVCFOptions,de.charite.compbio.jannovar.cmd.annotate_vcf.JannovarAnnotateVCFOptions_ESTest,114,0,False
59,BugSwarm,Jannovar-249719464,0,40f8b88dfdba40eaace4eef5ddf79733,de.charite.compbio.jannovar.cmd.annotate_vcf.JannovarAnnotateVCFOptions,de.charite.compbio.jannovar.cmd.annotate_vcf.JannovarAnnotateVCFOptions_ESTest,109,0,False
60,BugSwarm,Jannovar-249719464,0,09cb6b6ac4f643b4b793942acdefa959,de.charite.compbio.jannovar.cmd.annotate_vcf.JannovarAnnotateVCFOptions,de.charite.compbio.jannovar.cmd.annotate_vcf.JannovarAnnotateVCFOptions_ESTest,112,0,False
61,BugSwarm,ACS_AEM_Commons-461893214,0,00f976e3713842d7a5dc33e7e29cf10c,com.adobe.acs.commons.mcp.impl.processes.asset.FileAssetIngestor,com.adobe.acs.commons.mcp.impl.processes.asset.FileAssetIngestor_ESTest,37,0,False
62,BugSwarm,ACS_AEM_Commons-461893214,0,c6fedbdb10f848658afde4254218a174,com.adobe.acs.commons.mcp.impl.processes.asset.FileAssetIngestor,com.adobe.acs.commons.mcp.impl.processes.asset.FileAssetIngestor_ESTest,42,0,False
63,BugSwarm,ACS_AEM_Commons-461893214,0,ff8f6e13cb9c4d319eb1a419a0d04a82,com.adobe.acs.commons.mcp.impl.processes.asset.FileAssetIngestor,com.adobe.acs.commons.mcp.impl.processes.asset.FileAssetIngestor_ESTest,38,0,False
64,BugSwarm,ACS_AEM_Commons-461893214,0,7cfccad142614b3dbfa35cfa11e575a4,com.adobe.acs.commons.mcp.impl.processes.asset.FileAssetIngestor,com.adobe.acs.commons.mcp.impl.processes.asset.FileAssetIngestor_ESTest,38,0,False
65,BugSwarm,ACS_AEM_Commons-461893214,0,49b45cfb5d13431d87ffcb84bb2be791,com.adobe.acs.commons.mcp.impl.processes.asset.FileAssetIngestor,com.adobe.acs.commons.mcp.impl.processes.asset.FileAssetIngestor_ESTest,37,0,False
66,BugSwarm,ACS_AEM_Commons-461893214,0,3933058251c4412499044317c889b870,com.adobe.acs.commons.mcp.impl.processes.asset.FileAssetIngestor,com.adobe.acs.commons.mcp.impl.processes.asset.FileAssetIngestor_ESTest,38,0,False
67,BugSwarm,ACS_AEM_Commons-461893214,0,3933058251c4412499044317c889b870,com.adobe.acs.commons.mcp.impl.processes.asset.FileAssetIngestor,com.adobe.acs.commons.mcp.impl.processes.asset.FileAssetIngestor_ESTest$1,38,0,False
68,BugSwarm,ACS_AEM_Commons-461893214,0,67902c1721894c3e82402d0f499ccc3c,com.adobe.acs.commons.mcp.impl.processes.asset.FileAssetIngestor,com.adobe.acs.commons.mcp.impl.processes.asset.FileAssetIngestor_ESTest,34,0,False
69,BugSwarm,ACS_AEM_Commons-461893214,0,6c063e68925d45a99154fa462b3840f3,com.adobe.acs.commons.mcp.impl.processes.asset.FileAssetIngestor,com.adobe.acs.commons.mcp.impl.processes.asset.FileAssetIngestor_ESTest,39,0,False
70,BugSwarm,ACS_AEM_Commons-461893214,0,273c877a7a354bdab0cf6600605a234d,com.adobe.acs.commons.mcp.impl.processes.asset.FileAssetIngestor,com.adobe.acs.commons.mcp.impl.processes.asset.FileAssetIngestor_ESTest,38,0,False
71,BugSwarm,ACS_AEM_Commons-461893214,0,83f6bb5fc4264f71b62c43b76f20e93c,com.adobe.acs.commons.mcp.impl.processes.asset.FileAssetIngestor,com.adobe.acs.commons.mcp.impl.processes.asset.FileAssetIngestor_ESTest,36,0,False
72,BugSwarm,ACS_AEM_Commons-461893214,1,00f976e3713842d7a5dc33e7e29cf10c,com.adobe.acs.commons.mcp.impl.processes.asset.FileAssetIngestor,com.adobe.acs.commons.mcp.impl.processes.asset.FileAssetIngestor_ESTest,37,0,False
73,BugSwarm,ACS_AEM_Commons-461893214,1,c6fedbdb10f848658afde4254218a174,com.adobe.acs.commons.mcp.impl.processes.asset.FileAssetIngestor,com.adobe.acs.commons.mcp.impl.processes.asset.FileAssetIngestor_ESTest,42,0,False
74,BugSwarm,ACS_AEM_Commons-461893214,1,ff8f6e13cb9c4d319eb1a419a0d04a82,com.adobe.acs.commons.mcp.impl.processes.asset.FileAssetIngestor,com.adobe.acs.commons.mcp.impl.processes.asset.FileAssetIngestor_ESTest,38,0,False
75,BugSwarm,ACS_AEM_Commons-461893214,1,7cfccad142614b3dbfa35cfa11e575a4,com.adobe.acs.commons.mcp.impl.processes.asset.FileAssetIngestor,com.adobe.acs.commons.mcp.impl.processes.asset.FileAssetIngestor_ESTest,38,0,False
76,BugSwarm,ACS_AEM_Commons-461893214,1,49b45cfb5d13431d87ffcb84bb2be791,com.adobe.acs.commons.mcp.impl.processes.asset.FileAssetIngestor,com.adobe.acs.commons.mcp.impl.processes.asset.FileAssetIngestor_ESTest,37,0,False
77,BugSwarm,ACS_AEM_Commons-461893214,1,3933058251c4412499044317c889b870,com.adobe.acs.commons.mcp.impl.processes.asset.FileAssetIngestor,com.adobe.acs.commons.mcp.impl.processes.asset.FileAssetIngestor_ESTest,38,0,False
78,BugSwarm,ACS_AEM_Commons-461893214,1,3933058251c4412499044317c889b870,com.adobe.acs.commons.mcp.impl.processes.asset.FileAssetIngestor,com.adobe.acs.commons.mcp.impl.processes.asset.FileAssetIngestor_ESTest$1,38,0,False
79,BugSwarm,ACS_AEM_Commons-461893214,1,67902c1721894c3e82402d0f499ccc3c,com.adobe.acs.commons.mcp.impl.processes.asset.FileAssetIngestor,com.adobe.acs.commons.mcp.impl.processes.asset.FileAssetIngestor_ESTest,34,0,False
80,BugSwarm,ACS_AEM_Commons-461893214,1,6c063e68925d45a99154fa462b3840f3,com.adobe.acs.commons.mcp.impl.processes.asset.FileAssetIngestor,com.adobe.acs.commons.mcp.impl.processes.asset.FileAssetIngestor_ESTest,39,0,False
81,BugSwarm,ACS_AEM_Commons-461893214,1,273c877a7a354bdab0cf6600605a234d,com.adobe.acs.commons.mcp.impl.processes.asset.FileAssetIngestor,com.adobe.acs.commons.mcp.impl.processes.asset.FileAssetIngestor_ESTest,38,0,False
82,BugSwarm,ACS_AEM_Commons-461893214,1,83f6bb5fc4264f71b62c43b76f20e93c,com.adobe.acs.commons.mcp.impl.processes.asset.FileAssetIngestor,com.adobe.acs.commons.mcp.impl.processes.asset.FileAssetIngestor_ESTest,36,0,False
83,BugSwarm,Byte_Buddy-95795967,0,8e3a96f8310f40cab825f192e6d968a7,net.bytebuddy.dynamic.ClassFileLocator,net.bytebuddy.dynamic.ClassFileLocator_ESTest,58,0,False
84,BugSwarm,Byte_Buddy-95795967,0,da07173bdc9a41b5983c4593ec02fe36,net.bytebuddy.dynamic.ClassFileLocator,net.bytebuddy.dynamic.ClassFileLocator_ESTest,54,0,False
85,BugSwarm,Byte_Buddy-95795967,0,295f4afb6d864c33903f4ab8f2c7c614,net.bytebuddy.dynamic.ClassFileLocator,net.bytebuddy.dynamic.ClassFileLocator_ESTest,54,0,False
86,BugSwarm,Byte_Buddy-95795967,0,15f65204c1e5485da86d921c0458f996,net.bytebuddy.dynamic.ClassFileLocator,net.bytebuddy.dynamic.ClassFileLocator_ESTest,58,0,False
87,BugSwarm,Byte_Buddy-95795967,0,82b7205d86464c6e946ea5e229cafc24,net.bytebuddy.dynamic.ClassFileLocator,net.bytebuddy.dynamic.ClassFileLocator_ESTest,55,0,False
88,BugSwarm,Byte_Buddy-95795967,0,8019e5a2fa9d48368543b8897131df15,net.bytebuddy.dynamic.ClassFileLocator,net.bytebuddy.dynamic.ClassFileLocator_ESTest,54,0,False
89,BugSwarm,Byte_Buddy-95795967,0,b1602f7e688643dc9763c1bdc0956c42,net.bytebuddy.dynamic.ClassFileLocator,net.bytebuddy.dynamic.ClassFileLocator_ESTest,52,0,False
90,BugSwarm,Byte_Buddy-95795967,0,753305187b47491f9ac06f8034e0a0e9,net.bytebuddy.dynamic.ClassFileLocator,net.bytebuddy.dynamic.ClassFileLocator_ESTest,56,0,False
91,BugSwarm,Byte_Buddy-95795967,0,0c5524dd1bed47a9872db0e0cbd54a7a,net.bytebuddy.dynamic.ClassFileLocator,net.bytebuddy.dynamic.ClassFileLocator_ESTest,56,0,False
92,BugSwarm,Byte_Buddy-95795967,0,f6d280d4acc04e26bac058ac96b38281,net.bytebuddy.dynamic.ClassFileLocator,net.bytebuddy.dynamic.ClassFileLocator_ESTest,59,0,False
93,BugSwarm,Byte_Buddy-140517155,0,ba1ca81f4fb24e0a866ed03653bb7dde,net.bytebuddy.dynamic.ClassFileLocator,net.bytebuddy.dynamic.ClassFileLocator_ESTest,64,0,False
94,BugSwarm,Byte_Buddy-140517155,0,afcf586cae764b8d84b03ca419ac5198,net.bytebuddy.dynamic.ClassFileLocator,net.bytebuddy.dynamic.ClassFileLocator_ESTest,65,0,False
95,BugSwarm,Byte_Buddy-140517155,0,7803c72880c94622bb791fcb4257ef56,net.bytebuddy.dynamic.ClassFileLocator,net.bytebuddy.dynamic.ClassFileLocator_ESTest,61,0,False
96,BugSwarm,Byte_Buddy-140517155,0,4a17d3de2fe24a59b3757c421e015c6a,net.bytebuddy.dynamic.ClassFileLocator,net.bytebuddy.dynamic.ClassFileLocator_ESTest,65,0,False
97,BugSwarm,Byte_Buddy-140517155,0,65900cfbdddf4b899d201ed07e619e7f,net.bytebuddy.dynamic.ClassFileLocator,net.bytebuddy.dynamic.ClassFileLocator_ESTest,62,0,False
98,BugSwarm,Byte_Buddy-140517155,0,4333af74d77042959f71fe74260ef374,net.bytebuddy.dynamic.ClassFileLocator,net.bytebuddy.dynamic.ClassFileLocator_ESTest,62,0,False
99,BugSwarm,Byte_Buddy-140517155,0,7429f79863414e77b4acbb3e5408096d,net.bytebuddy.dynamic.ClassFileLocator,net.bytebuddy.dynamic.ClassFileLocator_ESTest,59,0,False
100,BugSwarm,Byte_Buddy-140517155,0,3c4c72bc4ef44beb85db5993b23a9447,net.bytebuddy.dynamic.ClassFileLocator,net.bytebuddy.dynamic.ClassFileLocator_ESTest,67,0,False
101,BugSwarm,Byte_Buddy-140517155,0,a4518a3b86364744a1113d7998bd3a37,net.bytebuddy.dynamic.ClassFileLocator,net.bytebuddy.dynamic.ClassFileLocator_ESTest,64,0,False
102,BugSwarm,Byte_Buddy-140517155,0,a6a580df0bb541c999529f3cc63d4473,net.bytebuddy.dynamic.ClassFileLocator,net.bytebuddy.dynamic.ClassFileLocator_ESTest,67,0,False
103,BugSwarm,OkHttp-93618854,0,b8371974c0124f95805893a880927163,com.squareup.okhttp.internal.http.StreamAllocation,com.squareup.okhttp.internal.http.StreamAllocation_ESTest,22,0,False
104,BugSwarm,OkHttp-93618854,0,e711c3816994446b8fd68db266fd95ba,com.squareup.okhttp.internal.http.StreamAllocation,com.squareup.okhttp.internal.http.StreamAllocation_ESTest,22,0,False
105,BugSwarm,OkHttp-93618854,0,6022cdd27fe94a718f002451937dd0b3,com.squareup.okhttp.internal.http.StreamAllocation,com.squareup.okhttp.internal.http.StreamAllocation_ESTest,20,0,False
106,BugSwarm,OkHttp-93618854,0,ca10a12ba3be4665bca6e868e3e86477,com.squareup.okhttp.internal.http.StreamAllocation,com.squareup.okhttp.internal.http.StreamAllocation_ESTest,27,0,False
107,BugSwarm,OkHttp-93618854,0,402dfb15db59420cade001e94065600e,com.squareup.okhttp.internal.http.StreamAllocation,com.squareup.okhttp.internal.http.StreamAllocation_ESTest,23,0,False
108,BugSwarm,OkHttp-93618854,0,ceffe02254eb416585125c0b028fa878,com.squareup.okhttp.internal.http.StreamAllocation,com.squareup.okhttp.internal.http.StreamAllocation_ESTest,24,0,False
109,BugSwarm,OkHttp-93618854,0,dc2a1d7b486c49c0ae61ec25cb711623,com.squareup.okhttp.internal.http.StreamAllocation,com.squareup.okhttp.internal.http.StreamAllocation_ESTest,23,0,False
110,BugSwarm,OkHttp-93618854,0,df4d14d53c8e41f5a9dfc6a986c1d5f4,com.squareup.okhttp.internal.http.StreamAllocation,com.squareup.okhttp.internal.http.StreamAllocation_ESTest,20,0,False
111,BugSwarm,OkHttp-93618854,0,938139deca5147359ddaf7e0f61491ee,com.squareup.okhttp.internal.http.StreamAllocation,com.squareup.okhttp.internal.http.StreamAllocation_ESTest,25,0,False
112,BugSwarm,OkHttp-93618854,0,49c74b1f90674a3a94164a7c8059acc9,com.squareup.okhttp.internal.http.StreamAllocation,com.squareup.okhttp.internal.http.StreamAllocation_ESTest,27,0,False
113,BugSwarm,OkHttp-93618854,1,b8371974c0124f95805893a880927163,com.squareup.okhttp.internal.http.StreamAllocation,com.squareup.okhttp.internal.http.StreamAllocation_ESTest,22,0,False
114,BugSwarm,OkHttp-93618854,1,e711c3816994446b8fd68db266fd95ba,com.squareup.okhttp.internal.http.StreamAllocation,com.squareup.okhttp.internal.http.StreamAllocation_ESTest,22,0,False
115,BugSwarm,OkHttp-93618854,1,6022cdd27fe94a718f002451937dd0b3,com.squareup.okhttp.internal.http.StreamAllocation,com.squareup.okhttp.internal.http.StreamAllocation_ESTest,20,0,False
116,BugSwarm,OkHttp-93618854,1,ca10a12ba3be4665bca6e868e3e86477,com.squareup.okhttp.internal.http.StreamAllocation,com.squareup.okhttp.internal.http.StreamAllocation_ESTest,27,0,False
117,BugSwarm,OkHttp-93618854,1,402dfb15db59420cade001e94065600e,com.squareup.okhttp.internal.http.StreamAllocation,com.squareup.okhttp.internal.http.StreamAllocation_ESTest,23,0,False
118,BugSwarm,OkHttp-93618854,1,ceffe02254eb416585125c0b028fa878,com.squareup.okhttp.internal.http.StreamAllocation,com.squareup.okhttp.internal.http.StreamAllocation_ESTest,24,0,False
119,BugSwarm,OkHttp-93618854,1,dc2a1d7b486c49c0ae61ec25cb711623,com.squareup.okhttp.internal.http.StreamAllocation,com.squareup.okhttp.internal.http.StreamAllocation_ESTest,23,0,False
120,BugSwarm,OkHttp-93618854,1,df4d14d53c8e41f5a9dfc6a986c1d5f4,com.squareup.okhttp.internal.http.StreamAllocation,com.squareup.okhttp.internal.http.StreamAllocation_ESTest,20,0,False
121,BugSwarm,OkHttp-93618854,1,938139deca5147359ddaf7e0f61491ee,com.squareup.okhttp.internal.http.StreamAllocation,com.squareup.okhttp.internal.http.StreamAllocation_ESTest,25,0,False
122,BugSwarm,OkHttp-93618854,1,49c74b1f90674a3a94164a7c8059acc9,com.squareup.okhttp.internal.http.StreamAllocation,com.squareup.okhttp.internal.http.StreamAllocation_ESTest,27,0,False
123,BugSwarm,Artemis__odb-71816517,0,354eb7cdd63c4226b4b9bc4c8d32d885,com.artemis.EntityEditPool,com.artemis.EntityEditPool_ESTest,8,0,False
124,BugSwarm,Artemis__odb-71816517,0,ccb60523e96e485ba0eed7f3508e5cec,com.artemis.EntityEditPool,com.artemis.EntityEditPool_ESTest,8,0,False
125,BugSwarm,Artemis__odb-71816517,0,d7d59b1fb7024b5cb031ec08bdad6b74,com.artemis.EntityEditPool,com.artemis.EntityEditPool_ESTest,9,0,False
126,BugSwarm,Artemis__odb-71816517,0,cc651ea9a3a448f3a59074567b707633,com.artemis.EntityEditPool,com.artemis.EntityEditPool_ESTest,9,0,False
127,BugSwarm,Artemis__odb-71816517,0,f73a091d12714f5eace499a0b5502b10,com.artemis.EntityEditPool,com.artemis.EntityEditPool_ESTest,9,0,False
128,BugSwarm,Artemis__odb-71816517,0,0f15d197705745a1a05496fae5663e29,com.artemis.EntityEditPool,com.artemis.EntityEditPool_ESTest,8,0,False
129,BugSwarm,Artemis__odb-71816517,0,712ca1508be0401387e04ec66f27128e,com.artemis.EntityEditPool,com.artemis.EntityEditPool_ESTest,9,0,False
130,BugSwarm,Artemis__odb-71816517,0,474cd89275c64496a2d7c62ad226e559,com.artemis.EntityEditPool,com.artemis.EntityEditPool_ESTest,9,0,False
131,BugSwarm,Artemis__odb-71816517,0,a98ee5e2fdc745969fd84e0c7f12b6af,com.artemis.EntityEditPool,com.artemis.EntityEditPool_ESTest,8,0,False
132,BugSwarm,Artemis__odb-71816517,0,d336944b3a224e9c89ba0e3510f383c5,com.artemis.EntityEditPool,com.artemis.EntityEditPool_ESTest,9,0,False
133,BugSwarm,ACS_AEM_Commons-374231969,0,0e8361635a7a42d7be2b2ca0486bc8ca,com.adobe.acs.commons.mcp.impl.processes.asset.UrlAssetImport,com.adobe.acs.commons.mcp.impl.processes.asset.UrlAssetImport_ESTest,18,0,False
134,BugSwarm,ACS_AEM_Commons-374231969,0,bcd0371e9ddc45adad37c11cfc0cab61,com.adobe.acs.commons.mcp.impl.processes.asset.UrlAssetImport,com.adobe.acs.commons.mcp.impl.processes.asset.UrlAssetImport_ESTest,12,0,False
135,BugSwarm,ACS_AEM_Commons-374231969,0,3d5ced6074b9402ba0c35f224742f871,com.adobe.acs.commons.mcp.impl.processes.asset.UrlAssetImport,com.adobe.acs.commons.mcp.impl.processes.asset.UrlAssetImport_ESTest,14,0,False
136,BugSwarm,BungeeCord-130330788,0,f9e70612e0d6483ab761bd8044321bef,net.md_5.bungee.ConnectionThrottle,net.md_5.bungee.ConnectionThrottle_ESTest,0,0,False
137,BugSwarm,BungeeCord-130330788,0,3bd78dc3c6754534a253d28786cbc863,net.md_5.bungee.ConnectionThrottle,net.md_5.bungee.ConnectionThrottle_ESTest,0,0,False
138,BugSwarm,BungeeCord-130330788,0,eede106549a34fdbb234c5ec1a3a0b5c,net.md_5.bungee.ConnectionThrottle,net.md_5.bungee.ConnectionThrottle_ESTest,0,0,False
139,BugSwarm,BungeeCord-130330788,0,93788fa891bc44ab99e6902c0b77ce23,net.md_5.bungee.ConnectionThrottle,net.md_5.bungee.ConnectionThrottle_ESTest,0,0,False
140,BugSwarm,BungeeCord-130330788,0,d2fb328a2c89406ba9b192faba5d8af0,net.md_5.bungee.ConnectionThrottle,net.md_5.bungee.ConnectionThrottle_ESTest,0,0,False
141,BugSwarm,BungeeCord-130330788,0,a935663ee9d84283b6d302ab45683edb,net.md_5.bungee.ConnectionThrottle,net.md_5.bungee.ConnectionThrottle_ESTest,0,0,False
142,BugSwarm,BungeeCord-130330788,0,ee550bca9fca4050ac84ba67676c82b6,net.md_5.bungee.ConnectionThrottle,net.md_5.bungee.ConnectionThrottle_ESTest,0,0,False
143,BugSwarm,BungeeCord-130330788,0,faf07491c7924d3da41b8c83024fd937,net.md_5.bungee.ConnectionThrottle,net.md_5.bungee.ConnectionThrottle_ESTest,0,0,False
144,BugSwarm,BungeeCord-130330788,0,8871c47c655d4d06bebe6d746ab52054,net.md_5.bungee.ConnectionThrottle,net.md_5.bungee.ConnectionThrottle_ESTest,0,0,False
145,BugSwarm,BungeeCord-130330788,0,63b0594b048144cb85a248d9d4e441fb,net.md_5.bungee.ConnectionThrottle,net.md_5.bungee.ConnectionThrottle_ESTest,0,0,False
146,BugSwarm,Yamcs-186324159,0,d68250a39a984bf294bcc026e1e811f1,org.yamcs.xtce.SpreadsheetLoader,org.yamcs.xtce.SpreadsheetLoader_ESTest,44,0,True
147,BugSwarm,Yamcs-186324159,0,716eda9623034657b7e8a9695a7dde71,org.yamcs.xtce.SpreadsheetLoader,org.yamcs.xtce.SpreadsheetLoader_ESTest,38,0,False
148,BugSwarm,REST_Countries-207869551,0,5da9326ce73a48d893c303375bc52c81,fayder.restcountries.rest.CountryServiceHelper,fayder.restcountries.rest.CountryServiceHelper_ESTest,17,0,False
149,BugSwarm,REST_Countries-207869551,0,47efad48165b48a5b620cd4eca38ce64,fayder.restcountries.rest.CountryServiceHelper,fayder.restcountries.rest.CountryServiceHelper_ESTest,19,0,False
150,BugSwarm,REST_Countries-207869551,0,7eee170c8c6f4238a95864a544fdd42e,fayder.restcountries.rest.CountryServiceHelper,fayder.restcountries.rest.CountryServiceHelper_ESTest,14,0,False
151,BugSwarm,REST_Countries-207869551,0,a48d483ca58c4d5a8696cbb8f4630e0a,fayder.restcountries.rest.CountryServiceHelper,fayder.restcountries.rest.CountryServiceHelper_ESTest,20,0,False
152,BugSwarm,REST_Countries-207869551,0,9224c84f85244f71ae9d5171d2a8f7a3,fayder.restcountries.rest.CountryServiceHelper,fayder.restcountries.rest.CountryServiceHelper_ESTest,15,0,False
153,BugSwarm,REST_Countries-207869551,0,b2799d314fb6409bad6f34d52a5e109b,fayder.restcountries.rest.CountryServiceHelper,fayder.restcountries.rest.CountryServiceHelper_ESTest,16,0,False
154,BugSwarm,REST_Countries-207869551,0,edfacf70443240ddbbe1b11fbbffdc6a,fayder.restcountries.rest.CountryServiceHelper,fayder.restcountries.rest.CountryServiceHelper_ESTest,19,0,False
155,BugSwarm,REST_Countries-207869551,0,d62cda4b89924209b0988b4c256d7dfe,fayder.restcountries.rest.CountryServiceHelper,fayder.restcountries.rest.CountryServiceHelper_ESTest,15,0,False
156,BugSwarm,REST_Countries-207869551,0,8b43e79507a84c30a5067bf389bff2d9,fayder.restcountries.rest.CountryServiceHelper,fayder.restcountries.rest.CountryServiceHelper_ESTest,17,0,False
157,BugSwarm,REST_Countries-207869551,0,41ae081776bf46d695958fa434cdd621,fayder.restcountries.rest.CountryServiceHelper,fayder.restcountries.rest.CountryServiceHelper_ESTest,18,0,False
158,BugSwarm,Dubbo-416671625,0,5a5e5bb06b674d3ea84098c393b1c09d,org.apache.dubbo.rpc.protocol.hessian.HttpClientConnectionFactory,org.apache.dubbo.rpc.protocol.hessian.HttpClientConnectionFactory_ESTest,1,0,False
159,BugSwarm,Dubbo-416671625,0,466f9490dd0149509cc76b8b18c33234,org.apache.dubbo.rpc.protocol.hessian.HttpClientConnectionFactory,org.apache.dubbo.rpc.protocol.hessian.HttpClientConnectionFactory_ESTest,1,0,False
160,BugSwarm,Dubbo-416671625,0,d9f50172150c41bab33761a499a04f6b,org.apache.dubbo.rpc.protocol.hessian.HttpClientConnectionFactory,org.apache.dubbo.rpc.protocol.hessian.HttpClientConnectionFactory_ESTest,1,0,False
161,BugSwarm,Dubbo-416671625,0,407d9800b74e426c92b57abc7785b551,org.apache.dubbo.rpc.protocol.hessian.HttpClientConnectionFactory,org.apache.dubbo.rpc.protocol.hessian.HttpClientConnectionFactory_ESTest,2,0,False
162,BugSwarm,Dubbo-416671625,0,3681eb971f9740f29cdc59e0e6db9b91,org.apache.dubbo.rpc.protocol.hessian.HttpClientConnectionFactory,org.apache.dubbo.rpc.protocol.hessian.HttpClientConnectionFactory_ESTest,1,0,False
163,BugSwarm,Dubbo-416671625,0,b8bbeeb9b209432c8a5b26e8151905c8,org.apache.dubbo.rpc.protocol.hessian.HttpClientConnectionFactory,org.apache.dubbo.rpc.protocol.hessian.HttpClientConnectionFactory_ESTest,1,0,False
164,BugSwarm,Dubbo-416671625,0,5de26714521446c3aa558caa2803dcc8,org.apache.dubbo.rpc.protocol.hessian.HttpClientConnectionFactory,org.apache.dubbo.rpc.protocol.hessian.HttpClientConnectionFactory_ESTest,1,0,False
165,BugSwarm,Dubbo-416671625,0,34922cff430f440ba1cf8ba5cc7bd15d,org.apache.dubbo.rpc.protocol.hessian.HttpClientConnectionFactory,org.apache.dubbo.rpc.protocol.hessian.HttpClientConnectionFactory_ESTest,1,0,False
166,BugSwarm,Dubbo-416671625,0,472751651d7f4f71b9cb11e93ac69aaf,org.apache.dubbo.rpc.protocol.hessian.HttpClientConnectionFactory,org.apache.dubbo.rpc.protocol.hessian.HttpClientConnectionFactory_ESTest,1,0,False
167,BugSwarm,Dubbo-416671625,0,6223c4d9a1cc48d0b85545799a298fdc,org.apache.dubbo.rpc.protocol.hessian.HttpClientConnectionFactory,org.apache.dubbo.rpc.protocol.hessian.HttpClientConnectionFactory_ESTest,2,0,False
168,BugSwarm,Universal_G__Code_Sender-676666184,0,925faa2d8dcf4e9c8561a2ae09e5b19c,com.willwinder.universalgcodesender.utils.GcodeStreamReader,com.willwinder.universalgcodesender.utils.GcodeStreamReader_ESTest,1,0,False
169,BugSwarm,Universal_G__Code_Sender-676666184,0,77bc97f2fb3b494b9df838ff0af68fe2,com.willwinder.universalgcodesender.utils.GcodeStreamReader,com.willwinder.universalgcodesender.utils.GcodeStreamReader_ESTest,1,0,False
170,BugSwarm,GraphHopper-210124629,0,9b887a043f7c41d886bba75807f94cb3,com.graphhopper.routing.util.DataFlagEncoder,com.graphhopper.routing.util.DataFlagEncoder_ESTest,52,0,False
171,BugSwarm,GraphHopper-210124629,0,2dda6376cdb44eb6806ce63686a5be12,com.graphhopper.routing.util.DataFlagEncoder,com.graphhopper.routing.util.DataFlagEncoder_ESTest,57,0,False
172,BugSwarm,GraphHopper-210124629,0,fbb046a2fa9940b4ba0ef9a57fa095f8,com.graphhopper.routing.util.DataFlagEncoder,com.graphhopper.routing.util.DataFlagEncoder_ESTest,53,0,False
173,BugSwarm,GraphHopper-210124629,0,a363ae8ddc1948328d4f62d8595e495a,com.graphhopper.routing.util.DataFlagEncoder,com.graphhopper.routing.util.DataFlagEncoder_ESTest,49,0,False
174,BugSwarm,GraphHopper-210124629,0,1aaed3310d2642748c483d7282631016,com.graphhopper.routing.util.DataFlagEncoder,com.graphhopper.routing.util.DataFlagEncoder_ESTest,53,0,False
175,BugSwarm,GraphHopper-210124629,0,ce2489c8f6d54869ab10d6aabc075249,com.graphhopper.routing.util.DataFlagEncoder,com.graphhopper.routing.util.DataFlagEncoder_ESTest,58,0,False
176,BugSwarm,GraphHopper-210124629,0,55058bdf59324afda59a445e90f7cb97,com.graphhopper.routing.util.DataFlagEncoder,com.graphhopper.routing.util.DataFlagEncoder_ESTest,55,0,False
177,BugSwarm,GraphHopper-210124629,0,573793f6a723488fb248f06140bc2187,com.graphhopper.routing.util.DataFlagEncoder,com.graphhopper.routing.util.DataFlagEncoder_ESTest,50,0,False
178,BugSwarm,GraphHopper-210124629,0,af28836073954e9193b2d9933d34288a,com.graphhopper.routing.util.DataFlagEncoder,com.graphhopper.routing.util.DataFlagEncoder_ESTest,56,0,False
179,BugSwarm,GraphHopper-210124629,0,965b47e6a4ac4426b0d742ccff953403,com.graphhopper.routing.util.DataFlagEncoder,com.graphhopper.routing.util.DataFlagEncoder_ESTest,50,0,False
180,BugSwarm,REST_Countries-154683750,0,5e58acb2d9ba4998955df3cacc2f9dd3,fayder.restcountries.v1.rest.CountryService,fayder.restcountries.v1.rest.CountryService_ESTest,9,0,False
181,BugSwarm,REST_Countries-154683750,0,f9ba849183c64090945c13dac1b1d092,fayder.restcountries.v1.rest.CountryService,fayder.restcountries.v1.rest.CountryService_ESTest,9,0,False
182,BugSwarm,REST_Countries-154683750,0,7b812c9ac2374231ab9c54284f60e5e6,fayder.restcountries.v1.rest.CountryService,fayder.restcountries.v1.rest.CountryService_ESTest,8,0,False
183,BugSwarm,REST_Countries-154683750,0,233f53bd797740ae80ad2248e4170240,fayder.restcountries.v1.rest.CountryService,fayder.restcountries.v1.rest.CountryService_ESTest,9,0,False
184,BugSwarm,REST_Countries-154683750,0,0b5ba91c0d7c45ea98295f2ec9fcb677,fayder.restcountries.v1.rest.CountryService,fayder.restcountries.v1.rest.CountryService_ESTest,10,0,False
185,BugSwarm,REST_Countries-154683750,0,5f050a83d67242d28d51789ba8fca61b,fayder.restcountries.v1.rest.CountryService,fayder.restcountries.v1.rest.CountryService_ESTest,9,0,False
186,BugSwarm,REST_Countries-154683750,0,b0c29d90cfd34266a66788bf3056fd13,fayder.restcountries.v1.rest.CountryService,fayder.restcountries.v1.rest.CountryService_ESTest,10,0,False
187,BugSwarm,REST_Countries-154683750,0,8ef8b0d594854a3a89bccde11059bede,fayder.restcountries.v1.rest.CountryService,fayder.restcountries.v1.rest.CountryService_ESTest,8,0,False
188,BugSwarm,REST_Countries-154683750,1,5e58acb2d9ba4998955df3cacc2f9dd3,fayder.restcountries.v1.rest.CountryService,fayder.restcountries.v1.rest.CountryService_ESTest,9,0,False
189,BugSwarm,REST_Countries-154683750,1,f9ba849183c64090945c13dac1b1d092,fayder.restcountries.v1.rest.CountryService,fayder.restcountries.v1.rest.CountryService_ESTest,9,0,False
190,BugSwarm,REST_Countries-154683750,1,7b812c9ac2374231ab9c54284f60e5e6,fayder.restcountries.v1.rest.CountryService,fayder.restcountries.v1.rest.CountryService_ESTest,8,0,False
191,BugSwarm,REST_Countries-154683750,1,233f53bd797740ae80ad2248e4170240,fayder.restcountries.v1.rest.CountryService,fayder.restcountries.v1.rest.CountryService_ESTest,9,0,False
192,BugSwarm,REST_Countries-154683750,1,0b5ba91c0d7c45ea98295f2ec9fcb677,fayder.restcountries.v1.rest.CountryService,fayder.restcountries.v1.rest.CountryService_ESTest,10,0,False
193,BugSwarm,REST_Countries-154683750,1,5f050a83d67242d28d51789ba8fca61b,fayder.restcountries.v1.rest.CountryService,fayder.restcountries.v1.rest.CountryService_ESTest,9,0,False
194,BugSwarm,REST_Countries-154683750,1,b0c29d90cfd34266a66788bf3056fd13,fayder.restcountries.v1.rest.CountryService,fayder.restcountries.v1.rest.CountryService_ESTest,10,0,False
195,BugSwarm,REST_Countries-154683750,1,8ef8b0d594854a3a89bccde11059bede,fayder.restcountries.v1.rest.CountryService,fayder.restcountries.v1.rest.CountryService_ESTest,8,0,False
196,BugSwarm,REST_Countries-154683750,2,5e58acb2d9ba4998955df3cacc2f9dd3,fayder.restcountries.v1.rest.CountryService,fayder.restcountries.v1.rest.CountryService_ESTest,9,0,False
197,BugSwarm,REST_Countries-154683750,2,f9ba849183c64090945c13dac1b1d092,fayder.restcountries.v1.rest.CountryService,fayder.restcountries.v1.rest.CountryService_ESTest,9,0,False
198,BugSwarm,REST_Countries-154683750,2,7b812c9ac2374231ab9c54284f60e5e6,fayder.restcountries.v1.rest.CountryService,fayder.restcountries.v1.rest.CountryService_ESTest,8,0,False
199,BugSwarm,REST_Countries-154683750,2,233f53bd797740ae80ad2248e4170240,fayder.restcountries.v1.rest.CountryService,fayder.restcountries.v1.rest.CountryService_ESTest,9,0,False
200,BugSwarm,REST_Countries-154683750,2,0b5ba91c0d7c45ea98295f2ec9fcb677,fayder.restcountries.v1.rest.CountryService,fayder.restcountries.v1.rest.CountryService_ESTest,10,0,False
201,BugSwarm,REST_Countries-154683750,2,5f050a83d67242d28d51789ba8fca61b,fayder.restcountries.v1.rest.CountryService,fayder.restcountries.v1.rest.CountryService_ESTest,9,0,False
202,BugSwarm,REST_Countries-154683750,2,b0c29d90cfd34266a66788bf3056fd13,fayder.restcountries.v1.rest.CountryService,fayder.restcountries.v1.rest.CountryService_ESTest,10,0,False
203,BugSwarm,REST_Countries-154683750,2,8ef8b0d594854a3a89bccde11059bede,fayder.restcountries.v1.rest.CountryService,fayder.restcountries.v1.rest.CountryService_ESTest,8,0,False
204,BugSwarm,REST_Countries-154683750,3,5e58acb2d9ba4998955df3cacc2f9dd3,fayder.restcountries.v1.rest.CountryService,fayder.restcountries.v1.rest.CountryService_ESTest,9,0,False
205,BugSwarm,REST_Countries-154683750,3,f9ba849183c64090945c13dac1b1d092,fayder.restcountries.v1.rest.CountryService,fayder.restcountries.v1.rest.CountryService_ESTest,9,0,False
206,BugSwarm,REST_Countries-154683750,3,7b812c9ac2374231ab9c54284f60e5e6,fayder.restcountries.v1.rest.CountryService,fayder.restcountries.v1.rest.CountryService_ESTest,8,0,False
207,BugSwarm,REST_Countries-154683750,3,233f53bd797740ae80ad2248e4170240,fayder.restcountries.v1.rest.CountryService,fayder.restcountries.v1.rest.CountryService_ESTest,9,0,False
208,BugSwarm,REST_Countries-154683750,3,0b5ba91c0d7c45ea98295f2ec9fcb677,fayder.restcountries.v1.rest.CountryService,fayder.restcountries.v1.rest.CountryService_ESTest,10,0,False
209,BugSwarm,REST_Countries-154683750,3,5f050a83d67242d28d51789ba8fca61b,fayder.restcountries.v1.rest.CountryService,fayder.restcountries.v1.rest.CountryService_ESTest,9,0,False
210,BugSwarm,REST_Countries-154683750,3,b0c29d90cfd34266a66788bf3056fd13,fayder.restcountries.v1.rest.CountryService,fayder.restcountries.v1.rest.CountryService_ESTest,10,0,False
211,BugSwarm,REST_Countries-154683750,3,8ef8b0d594854a3a89bccde11059bede,fayder.restcountries.v1.rest.CountryService,fayder.restcountries.v1.rest.CountryService_ESTest,8,0,False
212,BugSwarm,REST_Countries-154683750,4,5e58acb2d9ba4998955df3cacc2f9dd3,fayder.restcountries.v1.rest.CountryService,fayder.restcountries.v1.rest.CountryService_ESTest,9,0,False
213,BugSwarm,REST_Countries-154683750,4,f9ba849183c64090945c13dac1b1d092,fayder.restcountries.v1.rest.CountryService,fayder.restcountries.v1.rest.CountryService_ESTest,9,0,False
214,BugSwarm,REST_Countries-154683750,4,7b812c9ac2374231ab9c54284f60e5e6,fayder.restcountries.v1.rest.CountryService,fayder.restcountries.v1.rest.CountryService_ESTest,8,0,False
215,BugSwarm,REST_Countries-154683750,4,233f53bd797740ae80ad2248e4170240,fayder.restcountries.v1.rest.CountryService,fayder.restcountries.v1.rest.CountryService_ESTest,9,0,False
216,BugSwarm,REST_Countries-154683750,4,0b5ba91c0d7c45ea98295f2ec9fcb677,fayder.restcountries.v1.rest.CountryService,fayder.restcountries.v1.rest.CountryService_ESTest,10,0,False
217,BugSwarm,REST_Countries-154683750,4,5f050a83d67242d28d51789ba8fca61b,fayder.restcountries.v1.rest.CountryService,fayder.restcountries.v1.rest.CountryService_ESTest,9,0,False
218,BugSwarm,REST_Countries-154683750,4,b0c29d90cfd34266a66788bf3056fd13,fayder.restcountries.v1.rest.CountryService,fayder.restcountries.v1.rest.CountryService_ESTest,10,0,False
219,BugSwarm,REST_Countries-154683750,4,8ef8b0d594854a3a89bccde11059bede,fayder.restcountries.v1.rest.CountryService,fayder.restcountries.v1.rest.CountryService_ESTest,8,0,False
220,Genesis,Jongo-97431a03,0,986c7aebf720451eae867a4c5323fe32,org.jongo.marshall.jackson.JacksonObjectIdUpdater,org.jongo.marshall.jackson.JacksonObjectIdUpdater_ESTest,6,0,False
221,Genesis,Jongo-97431a03,0,29e24ece15584ee797fdf167879d53d7,org.jongo.marshall.jackson.JacksonObjectIdUpdater,org.jongo.marshall.jackson.JacksonObjectIdUpdater_ESTest,7,0,False
222,Genesis,Jongo-97431a03,0,1321f935a57e452bb1272d55683b4e0a,org.jongo.marshall.jackson.JacksonObjectIdUpdater,org.jongo.marshall.jackson.JacksonObjectIdUpdater_ESTest,11,0,False
223,Genesis,Jongo-97431a03,0,44aa6b8f7fd84385a9dd0b1b57aceb76,org.jongo.marshall.jackson.JacksonObjectIdUpdater,org.jongo.marshall.jackson.JacksonObjectIdUpdater_ESTest,8,0,False
224,Genesis,Jongo-97431a03,0,7b96f345b86448e8b85eb938cb02ca4b,org.jongo.marshall.jackson.JacksonObjectIdUpdater,org.jongo.marshall.jackson.JacksonObjectIdUpdater_ESTest,8,0,False
225,Genesis,Jongo-97431a03,0,f177b1e112c842389b70cb2005d3ea06,org.jongo.marshall.jackson.JacksonObjectIdUpdater,org.jongo.marshall.jackson.JacksonObjectIdUpdater_ESTest,7,0,False
226,Genesis,Jongo-97431a03,0,26c6b1edd7b244dcb0bcdfa2ecbe543d,org.jongo.marshall.jackson.JacksonObjectIdUpdater,org.jongo.marshall.jackson.JacksonObjectIdUpdater_ESTest,6,0,False
227,Genesis,Jongo-97431a03,0,7b0c938ea1064a3d9bec1e610615c569,org.jongo.marshall.jackson.JacksonObjectIdUpdater,org.jongo.marshall.jackson.JacksonObjectIdUpdater_ESTest,8,0,False
228,Genesis,Jongo-97431a03,0,1bf5c9cce47d4a079d0a205b623b42aa,org.jongo.marshall.jackson.JacksonObjectIdUpdater,org.jongo.marshall.jackson.JacksonObjectIdUpdater_ESTest,6,0,False
229,Genesis,JavaPoet-aee5f128,0,212551a02f854a99b65e08f47ca682e9,com.squareup.javapoet.TypeName,com.squareup.javapoet.TypeName_ESTest,15,0,False
230,Genesis,JavaPoet-aee5f128,0,24f60f611a9042809f4e3cb908b2d973,com.squareup.javapoet.TypeName,com.squareup.javapoet.TypeName_ESTest,16,0,False
231,Genesis,JavaPoet-aee5f128,0,88f02cddd3f7492aabb79d0db4753b8d,com.squareup.javapoet.TypeName,com.squareup.javapoet.TypeName_ESTest,15,0,False
232,Genesis,JavaPoet-aee5f128,0,79ef9d8fdb0b4990b27de6049221e660,com.squareup.javapoet.TypeName,com.squareup.javapoet.TypeName_ESTest,14,0,False
233,Genesis,JavaPoet-aee5f128,0,68cd70ecf74c4276a7c5574a34be1eed,com.squareup.javapoet.TypeName,com.squareup.javapoet.TypeName_ESTest,15,0,False
234,Genesis,JavaPoet-aee5f128,0,3d4febc3728f4f2ebab341e5cdae9dbc,com.squareup.javapoet.TypeName,com.squareup.javapoet.TypeName_ESTest,13,0,False
235,Genesis,JavaPoet-aee5f128,0,543107936fdf425cabc25a6b67fada12,com.squareup.javapoet.TypeName,com.squareup.javapoet.TypeName_ESTest,15,0,False
236,Genesis,JavaPoet-aee5f128,0,a87de214e8f446e28437fce1fdac31de,com.squareup.javapoet.TypeName,com.squareup.javapoet.TypeName_ESTest,16,0,False
237,Genesis,JavaPoet-aee5f128,0,5c247a0605e540ad966dd1dc6645cff3,com.squareup.javapoet.TypeName,com.squareup.javapoet.TypeName_ESTest,17,0,False
238,Genesis,JavaPoet-aee5f128,0,96c8b6c7b9e046a2b53732a81b8cdbef,com.squareup.javapoet.TypeName,com.squareup.javapoet.TypeName_ESTest,14,0,False
239,Genesis,DataflowJavaSDK-f42c13c8,0,e1dcc4631c924bba86312293598297fd,com.google.cloud.dataflow.sdk.transforms.join.CoGbkResult,com.google.cloud.dataflow.sdk.transforms.join.CoGbkResult_ESTest,16,0,False
240,Genesis,DataflowJavaSDK-f42c13c8,0,3ae13873b2da4d08a248039e967c2d7d,com.google.cloud.dataflow.sdk.transforms.join.CoGbkResult,com.google.cloud.dataflow.sdk.transforms.join.CoGbkResult_ESTest,21,0,False
241,Genesis,DataflowJavaSDK-f42c13c8,0,3f60d82f185341bc9221ff2940b16fc6,com.google.cloud.dataflow.sdk.transforms.join.CoGbkResult,com.google.cloud.dataflow.sdk.transforms.join.CoGbkResult_ESTest,17,0,False
242,Genesis,DataflowJavaSDK-f42c13c8,0,014a06e590f14c8d8a7d10664e159535,com.google.cloud.dataflow.sdk.transforms.join.CoGbkResult,com.google.cloud.dataflow.sdk.transforms.join.CoGbkResult_ESTest,18,0,False
243,Genesis,Checkstyle-4f73fffd,0,c0a7dc906c7842e78592e3a3128bbf14,com.puppycrawl.tools.checkstyle.checks.blocks.NeedBracesCheck,com.puppycrawl.tools.checkstyle.checks.blocks.NeedBracesCheck_ESTest,13,0,False
244,Genesis,Checkstyle-4f73fffd,0,13d9e0629c84460a9a893a533e835de0,com.puppycrawl.tools.checkstyle.checks.blocks.NeedBracesCheck,com.puppycrawl.tools.checkstyle.checks.blocks.NeedBracesCheck_ESTest,12,0,False
245,Genesis,Checkstyle-4f73fffd,0,07f3a699006a44d9abc3ee44c0b8d58d,com.puppycrawl.tools.checkstyle.checks.blocks.NeedBracesCheck,com.puppycrawl.tools.checkstyle.checks.blocks.NeedBracesCheck_ESTest,17,0,False
246,Genesis,Checkstyle-4f73fffd,0,1271f2114a3944bb8a3e615e8f8e9d13,com.puppycrawl.tools.checkstyle.checks.blocks.NeedBracesCheck,com.puppycrawl.tools.checkstyle.checks.blocks.NeedBracesCheck_ESTest,16,0,False
247,Genesis,Checkstyle-4f73fffd,0,7ee69cdf19d74ca1a27b67b9baccfb13,com.puppycrawl.tools.checkstyle.checks.blocks.NeedBracesCheck,com.puppycrawl.tools.checkstyle.checks.blocks.NeedBracesCheck_ESTest,16,0,False
248,Genesis,Checkstyle-4f73fffd,0,5d0503045d034cc3b661d47e08c3a6e7,com.puppycrawl.tools.checkstyle.checks.blocks.NeedBracesCheck,com.puppycrawl.tools.checkstyle.checks.blocks.NeedBracesCheck_ESTest,13,0,False
249,Genesis,Checkstyle-4f73fffd,0,51daf576812e429f97c8b4aa88d64ce3,com.puppycrawl.tools.checkstyle.checks.blocks.NeedBracesCheck,com.puppycrawl.tools.checkstyle.checks.blocks.NeedBracesCheck_ESTest,18,0,False
250,Genesis,Checkstyle-4f73fffd,0,b3deb00bf8cc42159b19d11ca98d4c98,com.puppycrawl.tools.checkstyle.checks.blocks.NeedBracesCheck,com.puppycrawl.tools.checkstyle.checks.blocks.NeedBracesCheck_ESTest,13,0,False
251,Genesis,Checkstyle-4f73fffd,0,2a05afbd848d431c85da112c3f4fbf58,com.puppycrawl.tools.checkstyle.checks.blocks.NeedBracesCheck,com.puppycrawl.tools.checkstyle.checks.blocks.NeedBracesCheck_ESTest,20,0,False
252,Genesis,Checkstyle-4f73fffd,0,c9a78da487d0411092fd0c149b3b888e,com.puppycrawl.tools.checkstyle.checks.blocks.NeedBracesCheck,com.puppycrawl.tools.checkstyle.checks.blocks.NeedBracesCheck_ESTest,16,0,False
253,Genesis,Checkstyle-91e10c29,0,1002ca8930c1414da7f5ce07d0685b2c,com.puppycrawl.tools.checkstyle.checks.SuppressWarningsHolder,com.puppycrawl.tools.checkstyle.checks.SuppressWarningsHolder_ESTest,15,0,False
254,Genesis,Checkstyle-91e10c29,0,7f35762990d047729a4e8afdead0cddb,com.puppycrawl.tools.checkstyle.checks.SuppressWarningsHolder,com.puppycrawl.tools.checkstyle.checks.SuppressWarningsHolder_ESTest,19,0,False
255,Genesis,Checkstyle-91e10c29,0,d09fe8da242a487dba08c86ab6a266cf,com.puppycrawl.tools.checkstyle.checks.SuppressWarningsHolder,com.puppycrawl.tools.checkstyle.checks.SuppressWarningsHolder_ESTest,18,0,False
256,Genesis,Checkstyle-91e10c29,0,e09cb740720840da84f09cc818983b84,com.puppycrawl.tools.checkstyle.checks.SuppressWarningsHolder,com.puppycrawl.tools.checkstyle.checks.SuppressWarningsHolder_ESTest,14,0,False
257,Genesis,Checkstyle-91e10c29,0,e7609bbc213045a58809eae9bdebec3f,com.puppycrawl.tools.checkstyle.checks.SuppressWarningsHolder,com.puppycrawl.tools.checkstyle.checks.SuppressWarningsHolder_ESTest,16,0,False
258,Genesis,Checkstyle-91e10c29,0,3b6667b16e9a4edfbdc5aee60c8cb100,com.puppycrawl.tools.checkstyle.checks.SuppressWarningsHolder,com.puppycrawl.tools.checkstyle.checks.SuppressWarningsHolder_ESTest,18,0,False
259,Genesis,Checkstyle-91e10c29,0,adf6a4b46f2145838d7f7a29ea69cf90,com.puppycrawl.tools.checkstyle.checks.SuppressWarningsHolder,com.puppycrawl.tools.checkstyle.checks.SuppressWarningsHolder_ESTest,16,0,False
260,Genesis,Checkstyle-91e10c29,0,75dc6b8dc3bf431893f239feb0df1df9,com.puppycrawl.tools.checkstyle.checks.SuppressWarningsHolder,com.puppycrawl.tools.checkstyle.checks.SuppressWarningsHolder_ESTest,14,0,False
261,Genesis,Checkstyle-91e10c29,0,8a447d52b4d240008f787bef97ca63b9,com.puppycrawl.tools.checkstyle.checks.SuppressWarningsHolder,com.puppycrawl.tools.checkstyle.checks.SuppressWarningsHolder_ESTest,15,0,False
262,Genesis,Checkstyle-16493bfb,0,8d711ba0d3cc4120a5ff9f0efba228b1,com.puppycrawl.tools.checkstyle.checks.coding.ModifiedControlVariableCheck,com.puppycrawl.tools.checkstyle.checks.coding.ModifiedControlVariableCheck_ESTest,18,0,False
263,Genesis,Checkstyle-16493bfb,0,ec0d6a9a3d7b467fa906367e82628594,com.puppycrawl.tools.checkstyle.checks.coding.ModifiedControlVariableCheck,com.puppycrawl.tools.checkstyle.checks.coding.ModifiedControlVariableCheck_ESTest,13,0,False
264,Genesis,Checkstyle-16493bfb,0,cf8c31af7e9540e1b5a2d67516619a42,com.puppycrawl.tools.checkstyle.checks.coding.ModifiedControlVariableCheck,com.puppycrawl.tools.checkstyle.checks.coding.ModifiedControlVariableCheck_ESTest,14,0,False
265,Genesis,Checkstyle-16493bfb,0,64bfd6f448be4e6b8bdd1e1984db944d,com.puppycrawl.tools.checkstyle.checks.coding.ModifiedControlVariableCheck,com.puppycrawl.tools.checkstyle.checks.coding.ModifiedControlVariableCheck_ESTest,15,0,False
266,Genesis,Checkstyle-16493bfb,0,cb17b55aabf84158a6c4b0b0e50d781b,com.puppycrawl.tools.checkstyle.checks.coding.ModifiedControlVariableCheck,com.puppycrawl.tools.checkstyle.checks.coding.ModifiedControlVariableCheck_ESTest,17,0,False
267,Genesis,Checkstyle-16493bfb,0,1b46d8585a584ca09f45698bc8a00163,com.puppycrawl.tools.checkstyle.checks.coding.ModifiedControlVariableCheck,com.puppycrawl.tools.checkstyle.checks.coding.ModifiedControlVariableCheck_ESTest,17,0,False
268,Genesis,Checkstyle-16493bfb,0,0e2c241d8a084cdeb9447602186eb726,com.puppycrawl.tools.checkstyle.checks.coding.ModifiedControlVariableCheck,com.puppycrawl.tools.checkstyle.checks.coding.ModifiedControlVariableCheck_ESTest,14,0,False
269,Genesis,Checkstyle-16493bfb,0,da8c4ecc77b24a1ebe7db8b9201b39aa,com.puppycrawl.tools.checkstyle.checks.coding.ModifiedControlVariableCheck,com.puppycrawl.tools.checkstyle.checks.coding.ModifiedControlVariableCheck_ESTest,12,0,False
270,Genesis,Checkstyle-16493bfb,0,25d9f1518e3541df9a41a777b5428517,com.puppycrawl.tools.checkstyle.checks.coding.ModifiedControlVariableCheck,com.puppycrawl.tools.checkstyle.checks.coding.ModifiedControlVariableCheck_ESTest,15,0,False
271,Genesis,Checkstyle-16493bfb,0,2f442036c2e64e25b9f968f0712fff68,com.puppycrawl.tools.checkstyle.checks.coding.ModifiedControlVariableCheck,com.puppycrawl.tools.checkstyle.checks.coding.ModifiedControlVariableCheck_ESTest,17,0,False
272,Genesis,Checkstyle-be8a60a4,0,057fd52dd0af40ba93e6affbc5a989e6,com.puppycrawl.tools.checkstyle.checks.naming.ParameterNameCheck,com.puppycrawl.tools.checkstyle.checks.naming.ParameterNameCheck_ESTest,3,0,False
273,Genesis,Checkstyle-be8a60a4,0,75ee780e7890407ca062576f6a0157f9,com.puppycrawl.tools.checkstyle.checks.naming.ParameterNameCheck,com.puppycrawl.tools.checkstyle.checks.naming.ParameterNameCheck_ESTest,4,0,False
274,Genesis,Checkstyle-be8a60a4,0,b01400d04ac943be92e454187d8c9c82,com.puppycrawl.tools.checkstyle.checks.naming.ParameterNameCheck,com.puppycrawl.tools.checkstyle.checks.naming.ParameterNameCheck_ESTest,6,0,False
275,Genesis,Checkstyle-be8a60a4,0,e82f3fcb0f124db4bff7a8131b19c84e,com.puppycrawl.tools.checkstyle.checks.naming.ParameterNameCheck,com.puppycrawl.tools.checkstyle.checks.naming.ParameterNameCheck_ESTest,8,0,False
276,Genesis,Checkstyle-be8a60a4,0,7033e5175806416d94b0631d1b3fb106,com.puppycrawl.tools.checkstyle.checks.naming.ParameterNameCheck,com.puppycrawl.tools.checkstyle.checks.naming.ParameterNameCheck_ESTest,5,0,False
277,Genesis,Checkstyle-be8a60a4,0,1ac151315557455483091eee2c870884,com.puppycrawl.tools.checkstyle.checks.naming.ParameterNameCheck,com.puppycrawl.tools.checkstyle.checks.naming.ParameterNameCheck_ESTest,6,0,False
278,Genesis,Checkstyle-be8a60a4,0,0afe8a6e33584686be1ec223d3f9fa70,com.puppycrawl.tools.checkstyle.checks.naming.ParameterNameCheck,com.puppycrawl.tools.checkstyle.checks.naming.ParameterNameCheck_ESTest,6,0,False
279,Genesis,Checkstyle-be8a60a4,0,9de701625a254798b7dfa1fd7b44dd43,com.puppycrawl.tools.checkstyle.checks.naming.ParameterNameCheck,com.puppycrawl.tools.checkstyle.checks.naming.ParameterNameCheck_ESTest,6,0,False
280,Genesis,Checkstyle-be8a60a4,0,71a8a964f0fc42368e6997bfc74155cb,com.puppycrawl.tools.checkstyle.checks.naming.ParameterNameCheck,com.puppycrawl.tools.checkstyle.checks.naming.ParameterNameCheck_ESTest,3,0,False
281,Genesis,Javaslang-0dab3ed3,0,d726d0a00ce24efdb6a414e6fdc9a7c6,javaslang.Tuples,javaslang.Tuples_ESTest,57,0,False
282,Genesis,Javaslang-0dab3ed3,0,8cafebf98bba4bef9fe7d72d5a3bd08a,javaslang.Tuples,javaslang.Tuples_ESTest,57,0,False
283,Genesis,Javaslang-0dab3ed3,0,b211108406c948c8acf09ce5e892aeb6,javaslang.Tuples,javaslang.Tuples_ESTest,59,0,False
284,Genesis,Javaslang-0dab3ed3,0,03280a04c096492cbbe01aef27ccb91d,javaslang.Tuples,javaslang.Tuples_ESTest,59,0,False
285,Genesis,Javaslang-0dab3ed3,0,937031db007149a89b3d88946f0100ce,javaslang.Tuples,javaslang.Tuples_ESTest,59,0,False
286,Genesis,Javaslang-0dab3ed3,0,40b0a33332d04e9e8edbbf07769d9cbe,javaslang.Tuples,javaslang.Tuples_ESTest,59,0,False
287,Genesis,Javaslang-0dab3ed3,0,4eddcc17a2204061aedad50a41c90cc5,javaslang.Tuples,javaslang.Tuples_ESTest,59,0,False
288,Genesis,Javaslang-0dab3ed3,0,c5a26ea4fcbf48ffa6327b32f4030195,javaslang.Tuples,javaslang.Tuples_ESTest,58,0,False
289,Genesis,Javaslang-0dab3ed3,0,4790f8e4b5c44df18e4fd51d32afcbef,javaslang.Tuples,javaslang.Tuples_ESTest,56,0,False
290,Genesis,Javaslang-0dab3ed3,0,05c9982b4b10483393be0ca09e3d50c1,javaslang.Tuples,javaslang.Tuples_ESTest,57,0,False
291,Genesis,Activiti-31c8ea16,0,9e5888003c80408ca82cf086fc4dd04f,org.activiti.engine.impl.event.AbstractEventHandler,org.activiti.engine.impl.event.AbstractEventHandler_ESTest,0,0,False
292,Defects4J,Csv-9,0,663b6df8e08f40ac89f9de2f4c4e406f,org.apache.commons.csv.CSVRecord,org.apache.commons.csv.CSVRecord_ESTest,29,0,False
293,Defects4J,Csv-9,0,24f268ca82204b84903baac1f783d050,org.apache.commons.csv.CSVRecord,org.apache.commons.csv.CSVRecord_ESTest,30,0,False
294,Defects4J,Csv-9,0,bd79d20a6c76484a97108ff72bb867fb,org.apache.commons.csv.CSVRecord,org.apache.commons.csv.CSVRecord_ESTest,30,0,False
295,Defects4J,Csv-9,0,2fe6c1a7b6d7431eb510986460231b48,org.apache.commons.csv.CSVRecord,org.apache.commons.csv.CSVRecord_ESTest,31,0,False
296,Defects4J,Csv-9,0,2fe913ffeb6f40f5a854acc0148f13f0,org.apache.commons.csv.CSVRecord,org.apache.commons.csv.CSVRecord_ESTest,31,0,False
297,Defects4J,Csv-9,0,8710fae73bfb4ad4ae06a10fae8f75b6,org.apache.commons.csv.CSVRecord,org.apache.commons.csv.CSVRecord_ESTest,33,0,False
298,Defects4J,Csv-9,0,a7967a4485804e41a02d0fa4d6c098c4,org.apache.commons.csv.CSVRecord,org.apache.commons.csv.CSVRecord_ESTest,32,0,False
299,Defects4J,Csv-9,0,971547a42b5c4a42bf671a371efd401b,org.apache.commons.csv.CSVRecord,org.apache.commons.csv.CSVRecord_ESTest,30,0,False
300,Defects4J,Csv-9,0,7bd0d06b6e8342d796b1467bbd60f927,org.apache.commons.csv.CSVRecord,org.apache.commons.csv.CSVRecord_ESTest,30,0,False
301,Defects4J,Csv-9,0,0e80e9e40fc74091b441b3fcd50b0032,org.apache.commons.csv.CSVRecord,org.apache.commons.csv.CSVRecord_ESTest,34,0,False
302,Defects4J,Math-70,0,5f9dbe041aee4d22a2f8dd8c5ecc2470,org.apache.commons.math.analysis.solvers.BisectionSolver,org.apache.commons.math.analysis.solvers.BisectionSolver_ESTest,11,0,False
303,Defects4J,Math-70,0,af8137e222484b298e48d35a6dbd41c9,org.apache.commons.math.analysis.solvers.BisectionSolver,org.apache.commons.math.analysis.solvers.BisectionSolver_ESTest,11,0,False
304,Defects4J,Math-70,0,b2df74c0f38e4fc0b3e5d9d5655339ea,org.apache.commons.math.analysis.solvers.BisectionSolver,org.apache.commons.math.analysis.solvers.BisectionSolver_ESTest,10,0,False
305,Defects4J,Math-70,0,92166981539445f89b489e24a92aa058,org.apache.commons.math.analysis.solvers.BisectionSolver,org.apache.commons.math.analysis.solvers.BisectionSolver_ESTest,12,0,False
306,Defects4J,Math-70,0,fdf8fddc95aa465cac9a3a1e95d2a69a,org.apache.commons.math.analysis.solvers.BisectionSolver,org.apache.commons.math.analysis.solvers.BisectionSolver_ESTest,12,0,False
307,Defects4J,Math-70,0,c1d3ab187ff2433dad86a7b976e68d5f,org.apache.commons.math.analysis.solvers.BisectionSolver,org.apache.commons.math.analysis.solvers.BisectionSolver_ESTest,11,0,False
308,Defects4J,Math-70,0,60168d9f3ed447df8b634cfd51e571f4,org.apache.commons.math.analysis.solvers.BisectionSolver,org.apache.commons.math.analysis.solvers.BisectionSolver_ESTest,13,0,False
309,Defects4J,Math-70,0,b5ac9774f48f43a5aef48b9a312e7deb,org.apache.commons.math.analysis.solvers.BisectionSolver,org.apache.commons.math.analysis.solvers.BisectionSolver_ESTest,13,0,False
310,Defects4J,Math-70,0,fdfaa07e6fdd41c8a6a551118b6add43,org.apache.commons.math.analysis.solvers.BisectionSolver,org.apache.commons.math.analysis.solvers.BisectionSolver_ESTest,11,0,False
311,Defects4J,Math-70,0,8388916c48b047cc990d05da05c8c6c3,org.apache.commons.math.analysis.solvers.BisectionSolver,org.apache.commons.math.analysis.solvers.BisectionSolver_ESTest,10,0,False
312,Defects4J,Math-79,0,5d7f12ae2c0243309ce4fc8e9e21d46d,org.apache.commons.math.stat.clustering.KMeansPlusPlusClusterer,org.apache.commons.math.stat.clustering.KMeansPlusPlusClusterer_ESTest,4,0,False
313,Defects4J,Math-79,0,f185df50d7b6480aafac8142a1339ba7,org.apache.commons.math.stat.clustering.KMeansPlusPlusClusterer,org.apache.commons.math.stat.clustering.KMeansPlusPlusClusterer_ESTest,5,0,False
314,Defects4J,Math-79,0,16387bfe17dd4f6ea26bada442e8e401,org.apache.commons.math.stat.clustering.KMeansPlusPlusClusterer,org.apache.commons.math.stat.clustering.KMeansPlusPlusClusterer_ESTest,4,0,False
315,Defects4J,Math-79,0,37dc0822a0b04fa39337596760115c21,org.apache.commons.math.stat.clustering.KMeansPlusPlusClusterer,org.apache.commons.math.stat.clustering.KMeansPlusPlusClusterer_ESTest,4,0,False
316,Defects4J,Math-79,0,b4bf24cd7c3f492c9a726a10a6a72890,org.apache.commons.math.stat.clustering.KMeansPlusPlusClusterer,org.apache.commons.math.stat.clustering.KMeansPlusPlusClusterer_ESTest,4,0,False
317,Defects4J,Math-79,0,7ad0ceae039f4543950b07b9f24c10bd,org.apache.commons.math.stat.clustering.KMeansPlusPlusClusterer,org.apache.commons.math.stat.clustering.KMeansPlusPlusClusterer_ESTest,5,0,False
318,Defects4J,Math-79,0,9f4ed2bbb8cd4af8a7543fc08de8b6f8,org.apache.commons.math.stat.clustering.KMeansPlusPlusClusterer,org.apache.commons.math.stat.clustering.KMeansPlusPlusClusterer_ESTest,4,0,False
319,Defects4J,Math-79,0,44ee21e5c0ad431fa8f3b3b3f2fcd4b2,org.apache.commons.math.stat.clustering.KMeansPlusPlusClusterer,org.apache.commons.math.stat.clustering.KMeansPlusPlusClusterer_ESTest,4,0,False
320,Defects4J,Math-79,0,cfac4763a04d476aa1005dd63d705261,org.apache.commons.math.stat.clustering.KMeansPlusPlusClusterer,org.apache.commons.math.stat.clustering.KMeansPlusPlusClusterer_ESTest,5,0,False
321,Defects4J,Math-79,0,0199163170964e18b2e240328c889951,org.apache.commons.math.stat.clustering.KMeansPlusPlusClusterer,org.apache.commons.math.stat.clustering.KMeansPlusPlusClusterer_ESTest,5,0,False
322,Defects4J,Csv-11,0,7e190d9e62b14a64a2ea8b1412be1384,org.apache.commons.csv.CSVParser,org.apache.commons.csv.CSVParser_ESTest,21,0,False
323,Defects4J,Csv-11,0,44c153084ff944a18b4e2655762577d9,org.apache.commons.csv.CSVParser,org.apache.commons.csv.CSVParser_ESTest,18,0,False
324,Defects4J,Csv-11,0,a655ee8b9fe6470b86f813fbdb861592,org.apache.commons.csv.CSVParser,org.apache.commons.csv.CSVParser_ESTest,19,0,False
325,Defects4J,Csv-11,0,43608dda8c3042bf9f79859023b94de8,org.apache.commons.csv.CSVParser,org.apache.commons.csv.CSVParser_ESTest,16,0,False
326,Defects4J,Csv-11,0,a599cd506b0845d197990cf3d68ba138,org.apache.commons.csv.CSVParser,org.apache.commons.csv.CSVParser_ESTest,21,0,False
327,Defects4J,Cli-30,0,4b9ec8605abb47f19569d7bb09dcc93e,org.apache.commons.cli.Parser,org.apache.commons.cli.Parser_ESTest,17,0,False
328,Defects4J,Cli-30,0,4b9ec8605abb47f19569d7bb09dcc93e,org.apache.commons.cli.DefaultParser,org.apache.commons.cli.DefaultParser_ESTest,22,0,False
329,Defects4J,Cli-30,0,b6535d7ee9ee444b91ed4a84d3339b7f,org.apache.commons.cli.Parser,org.apache.commons.cli.Parser_ESTest,21,0,False
330,Defects4J,Cli-30,0,b6535d7ee9ee444b91ed4a84d3339b7f,org.apache.commons.cli.DefaultParser,org.apache.commons.cli.DefaultParser_ESTest,21,0,False
331,Defects4J,Cli-30,0,0ed261097bf541c9ab9b281810622a4d,org.apache.commons.cli.Parser,org.apache.commons.cli.Parser_ESTest,20,0,False
332,Defects4J,Cli-30,0,0ed261097bf541c9ab9b281810622a4d,org.apache.commons.cli.DefaultParser,org.apache.commons.cli.DefaultParser_ESTest,23,0,False
333,Defects4J,Cli-30,0,d7859625af034feda20e40b2b3c98cbc,org.apache.commons.cli.Parser,org.apache.commons.cli.Parser_ESTest,17,0,False
334,Defects4J,Cli-30,0,d7859625af034feda20e40b2b3c98cbc,org.apache.commons.cli.DefaultParser,org.apache.commons.cli.DefaultParser_ESTest,18,0,False
335,Defects4J,Cli-30,0,3b87e9fdadf047d8a7a23513fff36e28,org.apache.commons.cli.Parser,org.apache.commons.cli.Parser_ESTest,19,0,False
336,Defects4J,Cli-30,0,3b87e9fdadf047d8a7a23513fff36e28,org.apache.commons.cli.DefaultParser,org.apache.commons.cli.DefaultParser_ESTest,24,0,False
337,Defects4J,Cli-30,0,e0eba0f83c764c7b90fe3d820198c43f,org.apache.commons.cli.Parser,org.apache.commons.cli.Parser_ESTest,19,0,False
338,Defects4J,Cli-30,0,e0eba0f83c764c7b90fe3d820198c43f,org.apache.commons.cli.DefaultParser,org.apache.commons.cli.DefaultParser_ESTest,19,0,False
339,Defects4J,Cli-30,0,791039d4086b46f78e0ff8f9cc42caaa,org.apache.commons.cli.Parser,org.apache.commons.cli.Parser_ESTest,21,0,False
340,Defects4J,Cli-30,0,791039d4086b46f78e0ff8f9cc42caaa,org.apache.commons.cli.DefaultParser,org.apache.commons.cli.DefaultParser_ESTest,18,0,False
341,Defects4J,Cli-30,0,8c9530c5eb014deb8ff601c6d88d69b5,org.apache.commons.cli.Parser,org.apache.commons.cli.Parser_ESTest,20,0,False
342,Defects4J,Cli-30,0,8c9530c5eb014deb8ff601c6d88d69b5,org.apache.commons.cli.DefaultParser,org.apache.commons.cli.DefaultParser_ESTest,19,0,False
343,Defects4J,Cli-30,0,e00d11fe11ed463eb196b564624b5e37,org.apache.commons.cli.Parser,org.apache.commons.cli.Parser_ESTest,17,0,False
344,Defects4J,Cli-30,0,e00d11fe11ed463eb196b564624b5e37,org.apache.commons.cli.DefaultParser,org.apache.commons.cli.DefaultParser_ESTest,23,0,False
345,Defects4J,Cli-30,0,4781875f7fed437db415df8c8b7e4dee,org.apache.commons.cli.Parser,org.apache.commons.cli.Parser_ESTest,20,0,False
346,Defects4J,Cli-30,0,4781875f7fed437db415df8c8b7e4dee,org.apache.commons.cli.DefaultParser,org.apache.commons.cli.DefaultParser_ESTest,21,0,False
347,Defects4J,Cli-30,1,4b9ec8605abb47f19569d7bb09dcc93e,org.apache.commons.cli.Parser,org.apache.commons.cli.Parser_ESTest,17,0,False
348,Defects4J,Cli-30,1,4b9ec8605abb47f19569d7bb09dcc93e,org.apache.commons.cli.DefaultParser,org.apache.commons.cli.DefaultParser_ESTest,22,0,False
349,Defects4J,Cli-30,1,b6535d7ee9ee444b91ed4a84d3339b7f,org.apache.commons.cli.Parser,org.apache.commons.cli.Parser_ESTest,21,0,False
350,Defects4J,Cli-30,1,b6535d7ee9ee444b91ed4a84d3339b7f,org.apache.commons.cli.DefaultParser,org.apache.commons.cli.DefaultParser_ESTest,21,0,False
351,Defects4J,Cli-30,1,0ed261097bf541c9ab9b281810622a4d,org.apache.commons.cli.Parser,org.apache.commons.cli.Parser_ESTest,20,0,False
352,Defects4J,Cli-30,1,0ed261097bf541c9ab9b281810622a4d,org.apache.commons.cli.DefaultParser,org.apache.commons.cli.DefaultParser_ESTest,23,0,False
353,Defects4J,Cli-30,1,d7859625af034feda20e40b2b3c98cbc,org.apache.commons.cli.Parser,org.apache.commons.cli.Parser_ESTest,17,0,False
354,Defects4J,Cli-30,1,d7859625af034feda20e40b2b3c98cbc,org.apache.commons.cli.DefaultParser,org.apache.commons.cli.DefaultParser_ESTest,18,0,False
355,Defects4J,Cli-30,1,3b87e9fdadf047d8a7a23513fff36e28,org.apache.commons.cli.Parser,org.apache.commons.cli.Parser_ESTest,19,0,False
356,Defects4J,Cli-30,1,3b87e9fdadf047d8a7a23513fff36e28,org.apache.commons.cli.DefaultParser,org.apache.commons.cli.DefaultParser_ESTest,24,0,False
357,Defects4J,Cli-30,1,e0eba0f83c764c7b90fe3d820198c43f,org.apache.commons.cli.Parser,org.apache.commons.cli.Parser_ESTest,19,0,False
358,Defects4J,Cli-30,1,e0eba0f83c764c7b90fe3d820198c43f,org.apache.commons.cli.DefaultParser,org.apache.commons.cli.DefaultParser_ESTest,19,0,False
359,Defects4J,Cli-30,1,791039d4086b46f78e0ff8f9cc42caaa,org.apache.commons.cli.Parser,org.apache.commons.cli.Parser_ESTest,21,0,False
360,Defects4J,Cli-30,1,791039d4086b46f78e0ff8f9cc42caaa,org.apache.commons.cli.DefaultParser,org.apache.commons.cli.DefaultParser_ESTest,18,0,False
361,Defects4J,Cli-30,1,8c9530c5eb014deb8ff601c6d88d69b5,org.apache.commons.cli.Parser,org.apache.commons.cli.Parser_ESTest,20,0,False
362,Defects4J,Cli-30,1,8c9530c5eb014deb8ff601c6d88d69b5,org.apache.commons.cli.DefaultParser,org.apache.commons.cli.DefaultParser_ESTest,19,0,False
363,Defects4J,Cli-30,1,e00d11fe11ed463eb196b564624b5e37,org.apache.commons.cli.Parser,org.apache.commons.cli.Parser_ESTest,17,0,False
364,Defects4J,Cli-30,1,e00d11fe11ed463eb196b564624b5e37,org.apache.commons.cli.DefaultParser,org.apache.commons.cli.DefaultParser_ESTest,23,0,False
365,Defects4J,Cli-30,1,4781875f7fed437db415df8c8b7e4dee,org.apache.commons.cli.Parser,org.apache.commons.cli.Parser_ESTest,20,0,False
366,Defects4J,Cli-30,1,4781875f7fed437db415df8c8b7e4dee,org.apache.commons.cli.DefaultParser,org.apache.commons.cli.DefaultParser_ESTest,21,0,False
367,NPEX,PDFBox-55586aad,0,9aa571e090a94781a61ad8a8343b9f8b,org.apache.pdfbox.pdmodel.interactive.action.PDActionURI,org.apache.pdfbox.pdmodel.interactive.action.PDActionURI_ESTest,4,0,False
368,NPEX,PDFBox-55586aad,0,fb388da7a9754957a148387e70726cdb,org.apache.pdfbox.pdmodel.interactive.action.PDActionURI,org.apache.pdfbox.pdmodel.interactive.action.PDActionURI_ESTest,4,0,False
369,NPEX,Log4j_2-6a233016,0,c09ef109b5564d82a421e3654ff2b808,org.apache.logging.log4j.core.async.RingBufferLogEvent,org.apache.logging.log4j.core.async.RingBufferLogEvent_ESTest,68,0,False
370,NPEX,Log4j_2-6a233016,0,59050e79beb54b399d35e0af6f265013,org.apache.logging.log4j.core.async.RingBufferLogEvent,org.apache.logging.log4j.core.async.RingBufferLogEvent_ESTest,62,0,False
371,NPEX,Log4j_2-6a233016,0,8eb1190831a74d918cd1808f014971a9,org.apache.logging.log4j.core.async.RingBufferLogEvent,org.apache.logging.log4j.core.async.RingBufferLogEvent_ESTest,65,0,False
372,NPEX,Log4j_2-6a233016,0,9cb1285017684d4fb9e42e3848b1bf70,org.apache.logging.log4j.core.async.RingBufferLogEvent,org.apache.logging.log4j.core.async.RingBufferLogEvent_ESTest,62,0,False
373,NPEX,Log4j_2-6a233016,0,56b12de0f4ec4a7989377c0b764aa774,org.apache.logging.log4j.core.async.RingBufferLogEvent,org.apache.logging.log4j.core.async.RingBufferLogEvent_ESTest,62,0,False
374,NPEX,Log4j_2-6a233016,0,4b1810f1434d48559a69edc81586b235,org.apache.logging.log4j.core.async.RingBufferLogEvent,org.apache.logging.log4j.core.async.RingBufferLogEvent_ESTest,63,0,False
375,NPEX,Log4j_2-6a233016,0,ee6a56a5f3cb4ef197668f5debe2e490,org.apache.logging.log4j.core.async.RingBufferLogEvent,org.apache.logging.log4j.core.async.RingBufferLogEvent_ESTest,72,0,True
376,NPEX,Log4j_2-6a233016,0,98c553595b8749fb85bc9ac7a1c1bae4,org.apache.logging.log4j.core.async.RingBufferLogEvent,org.apache.logging.log4j.core.async.RingBufferLogEvent_ESTest,66,0,False
377,NPEX,Ninja-16aa9c14,0,f9223bcb494441528abf6a1a5b0c32df,ninja.Route,ninja.Route_ESTest,24,0,False
378,NPEX,Ninja-16aa9c14,0,654e0924888b4df7abf8a3a72e10e970,ninja.Route,ninja.Route_ESTest,19,0,False
379,NPEX,Ninja-16aa9c14,0,bb24e1e11e9945c9be0dbaeda73492eb,ninja.Route,ninja.Route_ESTest,20,0,False
380,NPEX,Ninja-16aa9c14,0,ea3d99df3dfa4e96bcad19500b8ed578,ninja.Route,ninja.Route_ESTest,19,0,False
381,NPEX,Ninja-16aa9c14,0,e16b30b053084f9892a14752804295ba,ninja.Route,ninja.Route_ESTest,21,0,False
382,NPEX,Ninja-16aa9c14,0,51472e5f61ce4857a434a2f3965626e2,ninja.Route,ninja.Route_ESTest,23,0,False
383,NPEX,Ninja-16aa9c14,0,86343147c67f4622a39d694154419b68,ninja.Route,ninja.Route_ESTest,20,0,False
384,NPEX,Ninja-16aa9c14,0,37cf11c4e1f24cf3bd6e25ec6e1f3cb9,ninja.Route,ninja.Route_ESTest,21,0,False
385,NPEX,Ninja-16aa9c14,0,25eabfc72959437bb397a3db4a585ec6,ninja.Route,ninja.Route_ESTest,18,0,False
386,NPEX,Ninja-16aa9c14,0,4ca84b8f27c54e72b8446e93baf51667,ninja.Route,ninja.Route_ESTest,20,0,False
387,NPEX,Aries_JPA-97cb979d,0,ef540c0f69fb41c68ec8c96080b728fe,org.apache.aries.jpa.blueprint.impl.AnnotationScanner,org.apache.aries.jpa.blueprint.impl.AnnotationScanner_ESTest,2,0,False
388,NPEX,Aries_JPA-97cb979d,0,bdd1ea2b2e4b420ba1c414bf36ef5ea5,org.apache.aries.jpa.blueprint.impl.AnnotationScanner,org.apache.aries.jpa.blueprint.impl.AnnotationScanner_ESTest,2,0,False
389,NPEX,Aries_JPA-97cb979d,0,9431b9479f4f4baea12c6820f2378a43,org.apache.aries.jpa.blueprint.impl.AnnotationScanner,org.apache.aries.jpa.blueprint.impl.AnnotationScanner_ESTest,2,0,False
390,NPEX,Aries_JPA-97cb979d,0,bf227648136e47c08a8878f933109ed0,org.apache.aries.jpa.blueprint.impl.AnnotationScanner,org.apache.aries.jpa.blueprint.impl.AnnotationScanner_ESTest,2,0,False
391,NPEX,Aries_JPA-97cb979d,0,35407ed143c142f08c70a6b1dc12faf7,org.apache.aries.jpa.blueprint.impl.AnnotationScanner,org.apache.aries.jpa.blueprint.impl.AnnotationScanner_ESTest,2,0,False
392,NPEX,Aries_JPA-97cb979d,0,fc098f2642034c4894434e9e8e0d338f,org.apache.aries.jpa.blueprint.impl.AnnotationScanner,org.apache.aries.jpa.blueprint.impl.AnnotationScanner_ESTest,2,0,False
393,NPEX,Aries_JPA-97cb979d,0,96598887f38b4d92bfcb684338084749,org.apache.aries.jpa.blueprint.impl.AnnotationScanner,org.apache.aries.jpa.blueprint.impl.AnnotationScanner_ESTest,2,0,False
394,NPEX,Aries_JPA-97cb979d,0,bc97a5c600db44079b09fe294a3e368a,org.apache.aries.jpa.blueprint.impl.AnnotationScanner,org.apache.aries.jpa.blueprint.impl.AnnotationScanner_ESTest,2,0,False
395,NPEX,Aries_JPA-97cb979d,0,1e32f3fb412b4326835c6644028e2da7,org.apache.aries.jpa.blueprint.impl.AnnotationScanner,org.apache.aries.jpa.blueprint.impl.AnnotationScanner_ESTest,2,0,False
396,NPEX,Aries_JPA-97cb979d,0,da68bff3347f43219e225297715acabb,org.apache.aries.jpa.blueprint.impl.AnnotationScanner,org.apache.aries.jpa.blueprint.impl.AnnotationScanner_ESTest,2,0,False
397,NPEX,Activiti-c45d6c3c,0,c71d2d4c75554224b2725bf0a997e0a5,org.activiti.engine.impl.variable.JPAEntityMappings,org.activiti.engine.impl.variable.JPAEntityMappings_ESTest,7,0,False
398,NPEX,Activiti-c45d6c3c,0,bec0eb067c13493d8c4665d2a741511a,org.activiti.engine.impl.variable.JPAEntityMappings,org.activiti.engine.impl.variable.JPAEntityMappings_ESTest,8,0,False
399,NPEX,Activiti-c45d6c3c,0,e9e303f0ec2d4f13b56dd59a7101a87a,org.activiti.engine.impl.variable.JPAEntityMappings,org.activiti.engine.impl.variable.JPAEntityMappings_ESTest,7,0,False
400,NPEX,Activiti-c45d6c3c,0,777ac40cff7340ccaab49c967ba865ef,org.activiti.engine.impl.variable.JPAEntityMappings,org.activiti.engine.impl.variable.JPAEntityMappings_ESTest,8,0,False
401,NPEX,Activiti-c45d6c3c,0,f3e7aac3df594784b53e57a5dfc792fb,org.activiti.engine.impl.variable.JPAEntityMappings,org.activiti.engine.impl.variable.JPAEntityMappings_ESTest,6,0,False
402,NPEX,Activiti-c45d6c3c,0,f79da43f912f47aab98f7ffb843fddf8,org.activiti.engine.impl.variable.JPAEntityMappings,org.activiti.engine.impl.variable.JPAEntityMappings_ESTest,8,0,False
403,NPEX,Activiti-c45d6c3c,0,d8b5a9b660184c32a9e873864366c136,org.activiti.engine.impl.variable.JPAEntityMappings,org.activiti.engine.impl.variable.JPAEntityMappings_ESTest,7,0,False
404,NPEX,Activiti-c45d6c3c,0,300ff1520d8d4d8497f9c4ec73542d0f,org.activiti.engine.impl.variable.JPAEntityMappings,org.activiti.engine.impl.variable.JPAEntityMappings_ESTest,7,0,False
405,NPEX,Activiti-c45d6c3c,0,3ad138d50914419bbc9df0a443fe1302,org.activiti.engine.impl.variable.JPAEntityMappings,org.activiti.engine.impl.variable.JPAEntityMappings_ESTest,7,0,False
406,NPEX,Activiti-c45d6c3c,0,8d262c2620f94f298fc26c05e372ecda,org.activiti.engine.impl.variable.JPAEntityMappings,org.activiti.engine.impl.variable.JPAEntityMappings_ESTest,7,0,False
407,NPEX,Nutz-87a4b212,0,2dc8f388ab1448ce9aafb45a96f765d8,org.nutz.lang.Mirror,org.nutz.lang.Mirror_ESTest,122,0,False
408,NPEX,Nutz-87a4b212,0,608cd0f115dc47729f65c81448d50bbf,org.nutz.lang.Mirror,org.nutz.lang.Mirror_ESTest,119,0,False
409,NPEX,Nutz-87a4b212,0,a4e52d72d68c4facafd0cd2cd055f170,org.nutz.lang.Mirror,org.nutz.lang.Mirror_ESTest,126,0,False
410,NPEX,Nutz-87a4b212,0,45e29221d2ae4a61bea33ac84d472dbc,org.nutz.lang.Mirror,org.nutz.lang.Mirror_ESTest,131,0,False
411,NPEX,Nutz-87a4b212,0,17c531bfe0e24cc8be994bc8d777632c,org.nutz.lang.Mirror,org.nutz.lang.Mirror_ESTest,119,0,False
412,NPEX,Nutz-87a4b212,0,dd251ad4e0ce46f480df27d4afee15c0,org.nutz.lang.Mirror,org.nutz.lang.Mirror_ESTest,111,0,False
413,NPEX,Nutz-87a4b212,0,814a451f419445d39cec9060ceffa1ad,org.nutz.lang.Mirror,org.nutz.lang.Mirror_ESTest,125,0,False
414,NPEX,Nutz-87a4b212,0,69081d988e2c4c82b1b6bdea038234c7,org.nutz.lang.Mirror,org.nutz.lang.Mirror_ESTest,113,0,False
415,NPEX,Nutz-87a4b212,0,182b4b4dad654eaa8b5d1a3addd5a836,org.nutz.lang.Mirror,org.nutz.lang.Mirror_ESTest,118,0,False
416,NPEX,OpenPDF-a89dfdf5,0,fe9f96a805d341ce9f26cb8a11acb66f,com.lowagie.text.pdf.StandardDecryption,com.lowagie.text.pdf.StandardDecryption_ESTest,5,0,False
417,NPEX,OpenPDF-a89dfdf5,0,e82c39cc7b304ed2ba2cd669db669131,com.lowagie.text.pdf.StandardDecryption,com.lowagie.text.pdf.StandardDecryption_ESTest,3,0,False
418,NPEX,OpenPDF-a89dfdf5,0,521181a49b634950b07c9b191e2b718f,com.lowagie.text.pdf.StandardDecryption,com.lowagie.text.pdf.StandardDecryption_ESTest,4,0,False
419,NPEX,OpenPDF-a89dfdf5,0,693055936fd04c5ba24812c184482d87,com.lowagie.text.pdf.StandardDecryption,com.lowagie.text.pdf.StandardDecryption_ESTest,6,0,False
420,NPEX,OpenPDF-a89dfdf5,0,ed9233dd3312430fb1b6a8476558de2c,com.lowagie.text.pdf.StandardDecryption,com.lowagie.text.pdf.StandardDecryption_ESTest,6,0,False
421,NPEX,OpenPDF-a89dfdf5,0,4c0729bdace644eea2d4d773a0ca6ed9,com.lowagie.text.pdf.StandardDecryption,com.lowagie.text.pdf.StandardDecryption_ESTest,3,0,False
422,NPEX,OpenPDF-a89dfdf5,0,609c72009b37452d95d21d42f9a05e20,com.lowagie.text.pdf.StandardDecryption,com.lowagie.text.pdf.StandardDecryption_ESTest,5,0,False
423,NPEX,OpenPDF-a89dfdf5,0,e5b2dc584dd24e6688916052e76014bb,com.lowagie.text.pdf.StandardDecryption,com.lowagie.text.pdf.StandardDecryption_ESTest,3,0,False
424,NPEX,OpenPDF-a89dfdf5,0,ea3e92e58a864058bbafc5ee9a1fec01,com.lowagie.text.pdf.StandardDecryption,com.lowagie.text.pdf.StandardDecryption_ESTest,4,0,False
425,NPEX,OpenPDF-a89dfdf5,0,d4d74e481da84792ac7c40ac92517e73,com.lowagie.text.pdf.StandardDecryption,com.lowagie.text.pdf.StandardDecryption_ESTest,4,0,False
426,NPEX,ActiveMQ_Artemis-586abba9,0,5349b86f02044ba484934521d62bc439,org.apache.activemq.artemis.selector.filter.UnaryExpression,org.apache.activemq.artemis.selector.filter.UnaryExpression_ESTest,27,0,False
427,NPEX,ActiveMQ_Artemis-586abba9,0,c020589309e54848a3e399a5447934d5,org.apache.activemq.artemis.selector.filter.UnaryExpression,org.apache.activemq.artemis.selector.filter.UnaryExpression_ESTest,27,0,False
428,NPEX,ActiveMQ_Artemis-586abba9,0,0d65b06f6a5b44bd9b8e93365347bac0,org.apache.activemq.artemis.selector.filter.UnaryExpression,org.apache.activemq.artemis.selector.filter.UnaryExpression_ESTest,24,0,False
429,NPEX,ActiveMQ_Artemis-586abba9,0,4625262bf26a4a118c5d2766595cb254,org.apache.activemq.artemis.selector.filter.UnaryExpression,org.apache.activemq.artemis.selector.filter.UnaryExpression_ESTest,25,0,False
430,NPEX,ActiveMQ_Artemis-586abba9,0,778290b9b9754a58ba815823f63d1b19,org.apache.activemq.artemis.selector.filter.UnaryExpression,org.apache.activemq.artemis.selector.filter.UnaryExpression_ESTest,24,0,False
431,NPEX,ActiveMQ_Artemis-586abba9,0,a3bae2746b3c46249fc0ed72e6758dbc,org.apache.activemq.artemis.selector.filter.UnaryExpression,org.apache.activemq.artemis.selector.filter.UnaryExpression_ESTest,21,0,False
432,NPEX,ActiveMQ_Artemis-586abba9,0,201e7719836a452c9c2ea5a4fa759f72,org.apache.activemq.artemis.selector.filter.UnaryExpression,org.apache.activemq.artemis.selector.filter.UnaryExpression_ESTest,25,0,False
433,NPEX,ActiveMQ_Artemis-586abba9,0,f0a702381eee4dd88804d7270f335a6e,org.apache.activemq.artemis.selector.filter.UnaryExpression,org.apache.activemq.artemis.selector.filter.UnaryExpression_ESTest,24,0,False
434,NPEX,ActiveMQ_Artemis-586abba9,0,373dc90e4f16434eb2e9f400b562f306,org.apache.activemq.artemis.selector.filter.UnaryExpression,org.apache.activemq.artemis.selector.filter.UnaryExpression_ESTest,23,0,False
435,NPEX,ActiveMQ_Artemis-586abba9,0,5d885bee86a84726b5308071f501d67a,org.apache.activemq.artemis.selector.filter.UnaryExpression,org.apache.activemq.artemis.selector.filter.UnaryExpression_ESTest,30,0,False
436,NPEX,ShardingSphere-82b1b9d5,0,6033e8ab40b943ff9a68a167edf534ba,org.apache.shardingsphere.infra.executor.sql.context.ExecutionContextBuilder,org.apache.shardingsphere.infra.executor.sql.context.ExecutionContextBuilder_ESTest,8,0,False
437,NPEX,ShardingSphere-82b1b9d5,0,860848d0359f4c4fb432b9d1245c8b25,org.apache.shardingsphere.infra.executor.sql.context.ExecutionContextBuilder,org.apache.shardingsphere.infra.executor.sql.context.ExecutionContextBuilder_ESTest,5,0,False
438,NPEX,ShardingSphere-82b1b9d5,0,8481481fcf8b444c903572ef8217721e,org.apache.shardingsphere.infra.executor.sql.context.ExecutionContextBuilder,org.apache.shardingsphere.infra.executor.sql.context.ExecutionContextBuilder_ESTest,8,0,False
439,NPEX,ShardingSphere-82b1b9d5,0,3ee4ed82165e41faab3d6c6e93abfd6b,org.apache.shardingsphere.infra.executor.sql.context.ExecutionContextBuilder,org.apache.shardingsphere.infra.executor.sql.context.ExecutionContextBuilder_ESTest,5,0,False
440,NPEX,ShardingSphere-82b1b9d5,0,08918b75ca2049fda95f94b83a8a9983,org.apache.shardingsphere.infra.executor.sql.context.ExecutionContextBuilder,org.apache.shardingsphere.infra.executor.sql.context.ExecutionContextBuilder_ESTest,6,0,False
441,NPEX,ShardingSphere-82b1b9d5,0,76885e9afa5f413486284929603cff17,org.apache.shardingsphere.infra.executor.sql.context.ExecutionContextBuilder,org.apache.shardingsphere.infra.executor.sql.context.ExecutionContextBuilder_ESTest,5,0,False
442,NPEX,ShardingSphere-82b1b9d5,0,574d18e503ec419e994ad95114fd5919,org.apache.shardingsphere.infra.executor.sql.context.ExecutionContextBuilder,org.apache.shardingsphere.infra.executor.sql.context.ExecutionContextBuilder_ESTest,5,0,False
443,NPEX,ShardingSphere-82b1b9d5,0,3f6b9e0fd7f649159a510d339f8a15eb,org.apache.shardingsphere.infra.executor.sql.context.ExecutionContextBuilder,org.apache.shardingsphere.infra.executor.sql.context.ExecutionContextBuilder_ESTest,6,0,False
444,NPEX,ShardingSphere-82b1b9d5,0,0f8d4af4031a4476ad4d0b7449a29707,org.apache.shardingsphere.infra.executor.sql.context.ExecutionContextBuilder,org.apache.shardingsphere.infra.executor.sql.context.ExecutionContextBuilder_ESTest,6,0,False
445,NPEX,ShardingSphere-82b1b9d5,0,45917008d47f4618a1a503db8adef00d,org.apache.shardingsphere.infra.executor.sql.context.ExecutionContextBuilder,org.apache.shardingsphere.infra.executor.sql.context.ExecutionContextBuilder_ESTest,5,0,False
446,NPEX,CXF-7cfc8d07,0,d5f8fd9d7bb440fc9af3e2c277c208c6,org.apache.cxf.rs.security.jose.jws.JwsUtils,org.apache.cxf.rs.security.jose.jws.JwsUtils_ESTest,74,0,False
447,NPEX,CXF-7cfc8d07,0,eae5e90d1c5e4a459be78d0902d649fe,org.apache.cxf.rs.security.jose.jws.JwsUtils,org.apache.cxf.rs.security.jose.jws.JwsUtils_ESTest,73,0,False
448,NPEX,CXF-7cfc8d07,0,f7948755bb064a6cb664284b0853864e,org.apache.cxf.rs.security.jose.jws.JwsUtils,org.apache.cxf.rs.security.jose.jws.JwsUtils_ESTest,68,0,False
449,NPEX,CXF-7cfc8d07,0,9435980c818f400ab8be5a5075416df7,org.apache.cxf.rs.security.jose.jws.JwsUtils,org.apache.cxf.rs.security.jose.jws.JwsUtils_ESTest,72,0,False
450,NPEX,CXF-7cfc8d07,0,e94a796a84f34635ac45a65116066f69,org.apache.cxf.rs.security.jose.jws.JwsUtils,org.apache.cxf.rs.security.jose.jws.JwsUtils_ESTest,76,0,False
451,NPEX,CXF-7cfc8d07,0,46e979e74df64a1193d0b58ba9b2d540,org.apache.cxf.rs.security.jose.jws.JwsUtils,org.apache.cxf.rs.security.jose.jws.JwsUtils_ESTest,73,0,False
452,NPEX,CXF-7cfc8d07,0,727445c63a514da2962c9e698015ecd4,org.apache.cxf.rs.security.jose.jws.JwsUtils,org.apache.cxf.rs.security.jose.jws.JwsUtils_ESTest,77,0,False
453,NPEX,CXF-7cfc8d07,0,f940ebdd1a824551a33065fea82f840f,org.apache.cxf.rs.security.jose.jws.JwsUtils,org.apache.cxf.rs.security.jose.jws.JwsUtils_ESTest,95,0,False
454,NPEX,CXF-7cfc8d07,0,43eb99d9545c42f29831f62c6e26c171,org.apache.cxf.rs.security.jose.jws.JwsUtils,org.apache.cxf.rs.security.jose.jws.JwsUtils_ESTest,68,0,False
455,NPEX,CXF-7cfc8d07,0,4386d64c3a354fcab269a92e41fef7be,org.apache.cxf.rs.security.jose.jws.JwsUtils,org.apache.cxf.rs.security.jose.jws.JwsUtils_ESTest,68,0,False
456,NPEX,Fastjson-650a300f,0,63b0a0bee9e64ea5933dbe2daba7c074,com.alibaba.fastjson.parser.deserializer.DefaultFieldDeserializer,com.alibaba.fastjson.parser.deserializer.DefaultFieldDeserializer_ESTest,8,0,False
457,NPEX,Fastjson-650a300f,0,5cf238653e114e6c96844441c7b00725,com.alibaba.fastjson.parser.deserializer.DefaultFieldDeserializer,com.alibaba.fastjson.parser.deserializer.DefaultFieldDeserializer_ESTest,11,0,False
458,NPEX,Fastjson-650a300f,0,0b025b90eb2b413aa121598d5c14c746,com.alibaba.fastjson.parser.deserializer.DefaultFieldDeserializer,com.alibaba.fastjson.parser.deserializer.DefaultFieldDeserializer_ESTest,9,0,False
459,NPEX,Fastjson-650a300f,0,d140f21ee392442896548d7dd4b71563,com.alibaba.fastjson.parser.deserializer.DefaultFieldDeserializer,com.alibaba.fastjson.parser.deserializer.DefaultFieldDeserializer_ESTest,8,0,False
460,NPEX,Fastjson-650a300f,0,d15e11412ddb435aa7933790a3b38b0e,com.alibaba.fastjson.parser.deserializer.DefaultFieldDeserializer,com.alibaba.fastjson.parser.deserializer.DefaultFieldDeserializer_ESTest,8,0,False
461,NPEX,Fastjson-650a300f,0,645659d3a93b4e7d8e3dbfd4cc2b58b3,com.alibaba.fastjson.parser.deserializer.DefaultFieldDeserializer,com.alibaba.fastjson.parser.deserializer.DefaultFieldDeserializer_ESTest,10,0,False
462,NPEX,Fastjson-650a300f,0,b50c67a9a9b04aa7875ece6c1ad32762,com.alibaba.fastjson.parser.deserializer.DefaultFieldDeserializer,com.alibaba.fastjson.parser.deserializer.DefaultFieldDeserializer_ESTest,9,0,False
463,NPEX,Fastjson-650a300f,0,286454914b3d4f25b7c17bae55ad083f,com.alibaba.fastjson.parser.deserializer.DefaultFieldDeserializer,com.alibaba.fastjson.parser.deserializer.DefaultFieldDeserializer_ESTest,8,0,False
464,NPEX,Fastjson-650a300f,0,5e2ac13d823a4de0a27924a36b3a9852,com.alibaba.fastjson.parser.deserializer.DefaultFieldDeserializer,com.alibaba.fastjson.parser.deserializer.DefaultFieldDeserializer_ESTest,8,0,False
465,NPEX,Fastjson-650a300f,0,8cec41fe5fa24d57a40420e13b0c763e,com.alibaba.fastjson.parser.deserializer.DefaultFieldDeserializer,com.alibaba.fastjson.parser.deserializer.DefaultFieldDeserializer_ESTest,8,0,False
466,NPEX,FOP-10e0d1c2,0,6b2fdd04f7e34e33b08acd6f50749e61,org.apache.fop.fonts.SingleByteFont,org.apache.fop.fonts.SingleByteFont_ESTest,56,0,True
467,NPEX,FOP-10e0d1c2,0,0e278403a46d45c8bb0e3634301212c5,org.apache.fop.fonts.SingleByteFont,org.apache.fop.fonts.SingleByteFont_ESTest,59,0,True
468,NPEX,FOP-10e0d1c2,0,6ef4ccfa73ea4de0822412ec88b7b2c2,org.apache.fop.fonts.SingleByteFont,org.apache.fop.fonts.SingleByteFont_ESTest,58,0,True
469,NPEX,FOP-10e0d1c2,0,af9a081a0e0b497eb942a6db2e453657,org.apache.fop.fonts.SingleByteFont,org.apache.fop.fonts.SingleByteFont_ESTest,62,0,True
470,NPEX,FOP-10e0d1c2,0,da01011342c94e15a599657f9b370fc9,org.apache.fop.fonts.SingleByteFont,org.apache.fop.fonts.SingleByteFont_ESTest,61,0,True
471,NPEX,FOP-10e0d1c2,0,a7dcd7479bbf41b988c40b3d8cad6c84,org.apache.fop.fonts.SingleByteFont,org.apache.fop.fonts.SingleByteFont_ESTest,58,0,True
472,NPEX,FOP-10e0d1c2,0,4d743b312c00401bbffa40f2ec8a3c31,org.apache.fop.fonts.SingleByteFont,org.apache.fop.fonts.SingleByteFont_ESTest,60,0,True
473,NPEX,FOP-10e0d1c2,0,a73cd887d36340638c6efd4465106627,org.apache.fop.fonts.SingleByteFont,org.apache.fop.fonts.SingleByteFont_ESTest,57,0,True
474,NPEX,Log4j_2-85661de7,0,e50a9e0c0f64454ba9afdca2e2921707,org.apache.logging.log4j.spi.AbstractLogger,org.apache.logging.log4j.spi.AbstractLogger_ESTest,36,0,False
475,NPEX,Log4j_2-85661de7,0,8c7e4bcd30934719a4d1429197cd89eb,org.apache.logging.log4j.spi.AbstractLogger,org.apache.logging.log4j.spi.AbstractLogger_ESTest,32,0,False
476,NPEX,Log4j_2-85661de7,0,57502da7fb124274a2ade47aef96ff0f,org.apache.logging.log4j.spi.AbstractLogger,org.apache.logging.log4j.spi.AbstractLogger_ESTest,19,0,False
477,NPEX,Log4j_2-85661de7,0,94b58b6af2e5449e8561b5d7e81c38c3,org.apache.logging.log4j.spi.AbstractLogger,org.apache.logging.log4j.spi.AbstractLogger_ESTest,22,0,False
478,NPEX,Log4j_2-85661de7,0,a1833a374c5a4cc591d4ff05ac7a8e95,org.apache.logging.log4j.spi.AbstractLogger,org.apache.logging.log4j.spi.AbstractLogger_ESTest,31,0,False
479,NPEX,Log4j_2-85661de7,0,fc8ef7d65a344a089c8777935a5b3735,org.apache.logging.log4j.spi.AbstractLogger,org.apache.logging.log4j.spi.AbstractLogger_ESTest,30,0,False
480,NPEX,Log4j_2-85661de7,0,06271896da20415b91b47a9cf1ac4c58,org.apache.logging.log4j.spi.AbstractLogger,org.apache.logging.log4j.spi.AbstractLogger_ESTest,32,0,False
481,NPEX,Log4j_2-85661de7,0,de38908d67084670b7389e248acb1101,org.apache.logging.log4j.spi.AbstractLogger,org.apache.logging.log4j.spi.AbstractLogger_ESTest,29,0,False
482,NPEX,HttpComponents_Client-1026a1e5,0,8574f8fe5ee14a859a649e6eab2207c9,org.apache.hc.client5.http.impl.classic.MinimalHttpClient,org.apache.hc.client5.http.impl.classic.MinimalHttpClient_ESTest,5,0,False
483,NPEX,HttpComponents_Client-1026a1e5,0,e3387c3c67ab41e9a35d2acacf2dd223,org.apache.hc.client5.http.impl.classic.MinimalHttpClient,org.apache.hc.client5.http.impl.classic.MinimalHttpClient_ESTest,5,0,False
484,NPEX,HttpComponents_Client-1026a1e5,0,ad85c868ef5c4e7e98688f06712f6e4c,org.apache.hc.client5.http.impl.classic.MinimalHttpClient,org.apache.hc.client5.http.impl.classic.MinimalHttpClient_ESTest,5,0,False
485,NPEX,HttpComponents_Client-1026a1e5,0,7d503cf8a0964f2880f9c14bfe6282bb,org.apache.hc.client5.http.impl.classic.MinimalHttpClient,org.apache.hc.client5.http.impl.classic.MinimalHttpClient_ESTest,3,0,False
486,NPEX,HttpComponents_Client-1026a1e5,0,c667c85a88254e1c9a684335d64e0d03,org.apache.hc.client5.http.impl.classic.MinimalHttpClient,org.apache.hc.client5.http.impl.classic.MinimalHttpClient_ESTest,9,0,False
487,NPEX,HttpComponents_Client-1026a1e5,0,c359c46f9fab4f7faf5f0b21f89554d1,org.apache.hc.client5.http.impl.classic.MinimalHttpClient,org.apache.hc.client5.http.impl.classic.MinimalHttpClient_ESTest,6,0,False
488,NPEX,HttpComponents_Client-1026a1e5,0,9d8bed9f68924b63bfd10e11c08fc625,org.apache.hc.client5.http.impl.classic.MinimalHttpClient,org.apache.hc.client5.http.impl.classic.MinimalHttpClient_ESTest,6,0,False
489,NPEX,HttpComponents_Client-1026a1e5,0,97ea15e4ab60490c80ca47901be864ca,org.apache.hc.client5.http.impl.classic.MinimalHttpClient,org.apache.hc.client5.http.impl.classic.MinimalHttpClient_ESTest,9,0,False
490,NPEX,HttpComponents_Client-1026a1e5,0,cad240de65844796a391176b82ed5a86,org.apache.hc.client5.http.impl.classic.MinimalHttpClient,org.apache.hc.client5.http.impl.classic.MinimalHttpClient_ESTest,3,0,False
491,NPEX,HttpComponents_Client-1026a1e5,0,91f2c16f84d846a2be6ac740319cf94a,org.apache.hc.client5.http.impl.classic.MinimalHttpClient,org.apache.hc.client5.http.impl.classic.MinimalHttpClient_ESTest,4,0,False
492,NPEX,Commons_Configuration-a76a3a65,0,6788b5cac3994e6da1fb77933783d033,org.apache.commons.configuration2.XMLConfiguration,org.apache.commons.configuration2.XMLConfiguration_ESTest,39,0,True
493,NPEX,Commons_Configuration-a76a3a65,0,5440823c883a4cacbbcdaf97d9e56701,org.apache.commons.configuration2.XMLConfiguration,org.apache.commons.configuration2.XMLConfiguration_ESTest,47,0,True
494,NPEX,Commons_Configuration-a76a3a65,0,123240a6604c4e32a86071d92bc2c1fe,org.apache.commons.configuration2.XMLConfiguration,org.apache.commons.configuration2.XMLConfiguration_ESTest,36,0,False
495,NPEX,Commons_Configuration-a76a3a65,0,1e450c2d56124b4d853980592a894090,org.apache.commons.configuration2.XMLConfiguration,org.apache.commons.configuration2.XMLConfiguration_ESTest,65,0,True
496,NPEX,Commons_Configuration-a76a3a65,0,96776d3020e5425f97235bde9b837afd,org.apache.commons.configuration2.XMLConfiguration,org.apache.commons.configuration2.XMLConfiguration_ESTest,40,0,True
497,NPEX,Commons_Configuration-a76a3a65,0,8a6e6551c1dd4535bb38de9dcd6694e0,org.apache.commons.configuration2.XMLConfiguration,org.apache.commons.configuration2.XMLConfiguration_ESTest,38,0,False
498,NPEX,Commons_Configuration-a76a3a65,0,aa811dcd763f40a1b7de26cb8eb49114,org.apache.commons.configuration2.XMLConfiguration,org.apache.commons.configuration2.XMLConfiguration_ESTest,39,0,True
499,NPEX,Commons_Configuration-a76a3a65,0,e9c8885b8f41414b85417ad603ddaf72,org.apache.commons.configuration2.XMLConfiguration,org.apache.commons.configuration2.XMLConfiguration_ESTest,38,0,True
500,NPEX,Commons_Configuration-a76a3a65,0,e77df58c50e3410abc02d5bef795d9f2,org.apache.commons.configuration2.XMLConfiguration,org.apache.commons.configuration2.XMLConfiguration_ESTest,44,0,False
501,NPEX,Commons_Collections-796114ea,0,658a53861dc54905b43db45e02c38f5b,org.apache.commons.collections4.trie.AbstractPatriciaTrie,org.apache.commons.collections4.trie.AbstractPatriciaTrie_ESTest,89,0,False
502,NPEX,Commons_Collections-796114ea,0,47a892eb1605467180291ed420e03938,org.apache.commons.collections4.trie.AbstractPatriciaTrie,org.apache.commons.collections4.trie.AbstractPatriciaTrie_ESTest,81,0,False
503,NPEX,Commons_Collections-796114ea,0,4b479ab3f6a34087ae288d2cbb995d0e,org.apache.commons.collections4.trie.AbstractPatriciaTrie,org.apache.commons.collections4.trie.AbstractPatriciaTrie_ESTest,85,0,False
504,NPEX,Commons_Collections-796114ea,0,69362f2a79994de9a571fac7e5272586,org.apache.commons.collections4.trie.AbstractPatriciaTrie,org.apache.commons.collections4.trie.AbstractPatriciaTrie_ESTest,81,0,False
505,NPEX,Commons_Collections-796114ea,0,b97d6cd6e1b8475b9a050c541b3e6f4c,org.apache.commons.collections4.trie.AbstractPatriciaTrie,org.apache.commons.collections4.trie.AbstractPatriciaTrie_ESTest,91,0,False
506,NPEX,Commons_Collections-796114ea,0,9405795193604cfba4f4c679cadf6e47,org.apache.commons.collections4.trie.AbstractPatriciaTrie,org.apache.commons.collections4.trie.AbstractPatriciaTrie_ESTest,91,0,False
507,NPEX,Commons_Collections-796114ea,0,09a42fd231d248bfbbbaf58031965227,org.apache.commons.collections4.trie.AbstractPatriciaTrie,org.apache.commons.collections4.trie.AbstractPatriciaTrie_ESTest,84,0,False
508,NPEX,Commons_Collections-796114ea,0,0c39074252a2402a9b5afba7d76c90fe,org.apache.commons.collections4.trie.AbstractPatriciaTrie,org.apache.commons.collections4.trie.AbstractPatriciaTrie_ESTest,88,0,False
509,NPEX,Commons_Collections-796114ea,0,a5953cc7aa66444a86f8d0bf56bc0c98,org.apache.commons.collections4.trie.AbstractPatriciaTrie,org.apache.commons.collections4.trie.AbstractPatriciaTrie_ESTest,86,0,False
510,NPEX,Commons_Collections-796114ea,0,acebf98b15614f4f888fa1693ec76f3f,org.apache.commons.collections4.trie.AbstractPatriciaTrie,org.apache.commons.collections4.trie.AbstractPatriciaTrie_ESTest,79,0,False
511,NPEX,JSPWiki-d5bcff78,0,bab5460d21f84beba1c82b8eeedb089d,org.apache.wiki.util.HttpUtil,org.apache.wiki.util.HttpUtil_ESTest,28,0,False
512,NPEX,JSPWiki-d5bcff78,0,ac37274b99424150b6c196e89a6196bb,org.apache.wiki.util.HttpUtil,org.apache.wiki.util.HttpUtil_ESTest,30,0,False
513,NPEX,JSPWiki-d5bcff78,0,209425e600a44d7caa76204a672ac3b2,org.apache.wiki.util.HttpUtil,org.apache.wiki.util.HttpUtil_ESTest,31,0,False
514,NPEX,JSPWiki-d5bcff78,0,514c6ca63f7f488895251adb5939638e,org.apache.wiki.util.HttpUtil,org.apache.wiki.util.HttpUtil_ESTest,29,0,False
515,NPEX,JSPWiki-d5bcff78,0,eb55f547aefc4ab5b76a19be006ca261,org.apache.wiki.util.HttpUtil,org.apache.wiki.util.HttpUtil_ESTest,33,0,False
516,NPEX,JSPWiki-d5bcff78,0,9b9528ffbd5a4d95a4584aa9fcfb4d04,org.apache.wiki.util.HttpUtil,org.apache.wiki.util.HttpUtil_ESTest,27,0,False
517,NPEX,JSPWiki-d5bcff78,0,b22530141daa4b66a492d65cfe982ace,org.apache.wiki.util.HttpUtil,org.apache.wiki.util.HttpUtil_ESTest,27,0,False
518,NPEX,JSPWiki-d5bcff78,0,1484954608724d8da813f5aed466a976,org.apache.wiki.util.HttpUtil,org.apache.wiki.util.HttpUtil_ESTest,29,0,False
519,NPEX,JSPWiki-d5bcff78,0,78f7f33eb1b249d79320f451dc084ee5,org.apache.wiki.util.HttpUtil,org.apache.wiki.util.HttpUtil_ESTest,27,0,False
520,NPEX,JSPWiki-d5bcff78,0,2b7dd8fd20c3465498fef6e67a7e84eb,org.apache.wiki.util.HttpUtil,org.apache.wiki.util.HttpUtil_ESTest,30,0,False
521,NPEX,Picocli-06283710,0,274afdaf4bee4eeba3823fa2db8cbddb,picocli.CommandLine,picocli.CommandLine_ESTest,77,0,False
522,NPEX,Picocli-06283710,0,623e4a8005bd49f59af69397adcc1e5d,picocli.CommandLine,picocli.CommandLine_ESTest,77,0,False
523,NPEX,Picocli-06283710,0,cfbc829334b24dd8a90448352cdfd7c1,picocli.CommandLine,picocli.CommandLine_ESTest,13,0,False
524,NPEX,Picocli-06283710,0,31a033782de74fdf9d731ba1770e7fd3,picocli.CommandLine,picocli.CommandLine_ESTest,78,0,False
525,NPEX,Picocli-06283710,0,7d2c2fcfd7854b158760da48f7178664,picocli.CommandLine,picocli.CommandLine_ESTest,73,0,False
526,NPEX,Picocli-06283710,0,a3c48a6ecd1e4d0e8f6fcc4faa905102,picocli.CommandLine,picocli.CommandLine_ESTest,79,0,False
527,NPEX,Picocli-06283710,0,11392efdb08147718ec255f91e320361,picocli.CommandLine,picocli.CommandLine_ESTest,22,0,False
528,NPEX,Picocli-06283710,0,0e83835dc1f44d8093a7856f7f1db18b,picocli.CommandLine,picocli.CommandLine_ESTest,20,0,False
529,NPEX,Picocli-06283710,0,e565b63ee5e3435a8b13da52cc9905f8,picocli.CommandLine,picocli.CommandLine_ESTest,24,0,False
530,NPEX,Picocli-06283710,0,e8a7f72e7df641048ee721a13651568d,picocli.CommandLine,picocli.CommandLine_ESTest,76,0,False
531,NPEX,Feign-9c5a52d6,0,f2a4078767de44daae82ff7e87268e62,feign.Response,feign.Response_ESTest,13,0,False
532,NPEX,Feign-9c5a52d6,0,84ed8e2eedd94449bc6f35fb04bce9f1,feign.Response,feign.Response_ESTest,11,0,False
533,NPEX,Feign-9c5a52d6,0,4009c88dba784a06a4512d8c9dad5726,feign.Response,feign.Response_ESTest,12,0,False
534,NPEX,Feign-9c5a52d6,0,2b73b4f4dc224c8bb2bc58c6e362dd6e,feign.Response,feign.Response_ESTest,9,0,False
535,NPEX,Feign-9c5a52d6,0,ee0b0efc8f5a4f559085297a37f33552,feign.Response,feign.Response_ESTest,11,0,False
536,NPEX,Feign-9c5a52d6,0,b6e59a1711084a2bae167a18e44eb149,feign.Response,feign.Response_ESTest,9,0,False
537,NPEX,Feign-9c5a52d6,0,70bc39b9fbb84b19abd93262b725ef40,feign.Response,feign.Response_ESTest,11,0,False
538,NPEX,Feign-9c5a52d6,0,8e90b067bbe640e2af148ae5c2cd7d06,feign.Response,feign.Response_ESTest,12,0,False
539,NPEX,Feign-9c5a52d6,0,d8ab58b89328405485d8c7fa388f80d3,feign.Response,feign.Response_ESTest,9,0,False
540,NPEX,CXF-209407e0,0,f3b84a4510a0484faf4b675a02dd2600,org.apache.cxf.jaxrs.utils.JAXRSUtils,org.apache.cxf.jaxrs.utils.JAXRSUtils_ESTest,117,0,True
541,NPEX,CXF-209407e0,0,a82c6c2cdc894114854c9a9ee1e42d03,org.apache.cxf.jaxrs.utils.JAXRSUtils,org.apache.cxf.jaxrs.utils.JAXRSUtils_ESTest,97,0,True
542,NPEX,CXF-209407e0,0,755d3760d75644e1a29ed4f1ab3884bc,org.apache.cxf.jaxrs.utils.JAXRSUtils,org.apache.cxf.jaxrs.utils.JAXRSUtils_ESTest,109,0,False
543,NPEX,CXF-209407e0,0,702aa574c27748e5814a26d3154a2535,org.apache.cxf.jaxrs.utils.JAXRSUtils,org.apache.cxf.jaxrs.utils.JAXRSUtils_ESTest,109,0,True
544,NPEX,CXF-209407e0,0,fe50d9258e46419a80b6d92e7bf73048,org.apache.cxf.jaxrs.utils.JAXRSUtils,org.apache.cxf.jaxrs.utils.JAXRSUtils_ESTest,117,0,True
545,NPEX,CXF-209407e0,0,92d24d70119d40a8a133c688b2729598,org.apache.cxf.jaxrs.utils.JAXRSUtils,org.apache.cxf.jaxrs.utils.JAXRSUtils_ESTest,102,0,False
546,NPEX,CXF-209407e0,0,67be3605792e4cc9b2088d49231351fe,org.apache.cxf.jaxrs.utils.JAXRSUtils,org.apache.cxf.jaxrs.utils.JAXRSUtils_ESTest,101,0,False
547,NPEX,CXF-209407e0,0,daed8c14d56f42cd9077d36af40d7af4,org.apache.cxf.jaxrs.utils.JAXRSUtils,org.apache.cxf.jaxrs.utils.JAXRSUtils_ESTest,112,0,True
548,NPEX,CXF-209407e0,0,de9c2ad450d846faa07a43e6dd551e86,org.apache.cxf.jaxrs.utils.JAXRSUtils,org.apache.cxf.jaxrs.utils.JAXRSUtils_ESTest,111,0,False
549,NPEX,CXF-209407e0,0,1fd7bccf21214ded97ccf7fbd6772add,org.apache.cxf.jaxrs.utils.JAXRSUtils,org.apache.cxf.jaxrs.utils.JAXRSUtils_ESTest,114,0,True
550,NPEX,Commons_DBCP-2ee3c53e,0,b805bf8fc75d4cea815f808daaba0a11,org.apache.commons.dbcp2.cpdsadapter.DriverAdapterCPDS,org.apache.commons.dbcp2.cpdsadapter.DriverAdapterCPDS_ESTest,56,0,False
551,NPEX,Commons_DBCP-2ee3c53e,0,9e39856fe1c34214aac684d9eabd4790,org.apache.commons.dbcp2.cpdsadapter.DriverAdapterCPDS,org.apache.commons.dbcp2.cpdsadapter.DriverAdapterCPDS_ESTest,57,0,False
552,NPEX,Commons_DBCP-2ee3c53e,0,56fd9c54e71941ba982432652001dbd1,org.apache.commons.dbcp2.cpdsadapter.DriverAdapterCPDS,org.apache.commons.dbcp2.cpdsadapter.DriverAdapterCPDS_ESTest,50,0,False
553,NPEX,Commons_DBCP-2ee3c53e,0,0a2b9e00a1864a878eeb9787e5d256f9,org.apache.commons.dbcp2.cpdsadapter.DriverAdapterCPDS,org.apache.commons.dbcp2.cpdsadapter.DriverAdapterCPDS_ESTest,55,0,False
554,NPEX,Commons_DBCP-2ee3c53e,0,925fc700118049fb9b708095a7710054,org.apache.commons.dbcp2.cpdsadapter.DriverAdapterCPDS,org.apache.commons.dbcp2.cpdsadapter.DriverAdapterCPDS_ESTest,53,0,False
555,NPEX,Commons_DBCP-2ee3c53e,0,0dfa4ec1468f47408b5cfbd49386176d,org.apache.commons.dbcp2.cpdsadapter.DriverAdapterCPDS,org.apache.commons.dbcp2.cpdsadapter.DriverAdapterCPDS_ESTest,56,0,False
556,NPEX,Commons_DBCP-2ee3c53e,0,2b288d57f51941708231d7c29e32bf25,org.apache.commons.dbcp2.cpdsadapter.DriverAdapterCPDS,org.apache.commons.dbcp2.cpdsadapter.DriverAdapterCPDS_ESTest,60,0,False
557,NPEX,Commons_DBCP-2ee3c53e,0,26c2382713af44a7a032e71cbae4ab5b,org.apache.commons.dbcp2.cpdsadapter.DriverAdapterCPDS,org.apache.commons.dbcp2.cpdsadapter.DriverAdapterCPDS_ESTest,47,0,False
558,NPEX,Java_WebSocket-a2b35482,0,bce61d6dfa78465385a756f23eed0aba,org.java_websocket.server.WebSocketServer,org.java_websocket.server.WebSocketServer_ESTest,10,0,False
559,NPEX,Java_WebSocket-a2b35482,0,7a3a9564854842a9ad162a29e97c40f5,org.java_websocket.server.WebSocketServer,org.java_websocket.server.WebSocketServer_ESTest,10,0,False
560,NPEX,Java_WebSocket-a2b35482,0,f0a10510550d44ddb1ade1bd01163fac,org.java_websocket.server.WebSocketServer,org.java_websocket.server.WebSocketServer_ESTest,10,0,False
561,NPEX,Java_WebSocket-a2b35482,0,53e0c8af1bc44bc38fb1ae3d3211014c,org.java_websocket.server.WebSocketServer,org.java_websocket.server.WebSocketServer_ESTest,8,0,False
562,NPEX,Java_WebSocket-a2b35482,0,fcd2087b4f104127baf660c5442fee52,org.java_websocket.server.WebSocketServer,org.java_websocket.server.WebSocketServer_ESTest,9,0,False
563,NPEX,Java_WebSocket-a2b35482,0,36a46f2132a142eb9c0dee3ef4501b1d,org.java_websocket.server.WebSocketServer,org.java_websocket.server.WebSocketServer_ESTest,11,0,False
564,NPEX,Java_WebSocket-a2b35482,0,6015732521e94bfa93c86c603877b0d7,org.java_websocket.server.WebSocketServer,org.java_websocket.server.WebSocketServer_ESTest,12,0,False
565,NPEX,Java_WebSocket-a2b35482,0,0f3ed71c00214acd926cd118e3a9ab89,org.java_websocket.server.WebSocketServer,org.java_websocket.server.WebSocketServer_ESTest,12,0,False
566,NPEX,Java_WebSocket-a2b35482,0,8dd81f2004a4437fa2cca8aa3d9d7683,org.java_websocket.server.WebSocketServer,org.java_websocket.server.WebSocketServer_ESTest,7,0,False
567,NPEX,Java_WebSocket-a2b35482,0,3a1dd3218f884b449fdbb53cb0cb27e7,org.java_websocket.server.WebSocketServer,org.java_websocket.server.WebSocketServer_ESTest,7,0,False
568,NPEX,RocketMQ-f5a119f1,0,bfc5b671c9524a078b507c50c4cf0a34,org.apache.rocketmq.client.impl.factory.MQClientInstance,org.apache.rocketmq.client.impl.factory.MQClientInstance_ESTest,2,0,False
569,NPEX,RocketMQ-f5a119f1,0,d61e35653d834e4a9899015c04d9b1f5,org.apache.rocketmq.client.impl.factory.MQClientInstance,org.apache.rocketmq.client.impl.factory.MQClientInstance_ESTest,2,0,False
570,NPEX,RocketMQ-f5a119f1,0,42eec5c4224c4884bf321685bab46656,org.apache.rocketmq.client.impl.factory.MQClientInstance,org.apache.rocketmq.client.impl.factory.MQClientInstance_ESTest,2,0,False
571,NPEX,RocketMQ-f5a119f1,0,d806f4e49717417c9ef419b2b8dc1ba3,org.apache.rocketmq.client.impl.factory.MQClientInstance,org.apache.rocketmq.client.impl.factory.MQClientInstance_ESTest,1,0,False
572,NPEX,RocketMQ-f5a119f1,0,2a7753def8364b62b93be01eff2b415d,org.apache.rocketmq.client.impl.factory.MQClientInstance,org.apache.rocketmq.client.impl.factory.MQClientInstance_ESTest,1,0,False
573,NPEX,RocketMQ-f5a119f1,0,2b56b9c8657a46328dce185bdec5e942,org.apache.rocketmq.client.impl.factory.MQClientInstance,org.apache.rocketmq.client.impl.factory.MQClientInstance_ESTest,3,0,False
574,NPEX,RocketMQ-f5a119f1,0,485cb84d6a6048bbb53eb7edb802b224,org.apache.rocketmq.client.impl.factory.MQClientInstance,org.apache.rocketmq.client.impl.factory.MQClientInstance_ESTest,2,0,False
575,NPEX,RocketMQ-f5a119f1,0,49f6b0a944624f00926c84e5a67f01ab,org.apache.rocketmq.client.impl.factory.MQClientInstance,org.apache.rocketmq.client.impl.factory.MQClientInstance_ESTest,1,0,False
576,NPEX,RocketMQ-f5a119f1,0,d567fd860a6d450ab6b7dfb5038264ed,org.apache.rocketmq.client.impl.factory.MQClientInstance,org.apache.rocketmq.client.impl.factory.MQClientInstance_ESTest,2,0,False
577,NPEX,RocketMQ-f5a119f1,0,d9b65998435e49f48e9028205974844b,org.apache.rocketmq.client.impl.factory.MQClientInstance,org.apache.rocketmq.client.impl.factory.MQClientInstance_ESTest,1,0,False
578,NPEX,JSqlParser-66e44c95,0,51a1aee457bb426fb9a0ae54568e15a1,net.sf.jsqlparser.expression.ExpressionVisitorAdapter,net.sf.jsqlparser.expression.ExpressionVisitorAdapter_ESTest,36,0,False
579,NPEX,JSqlParser-66e44c95,0,d2b0eea4da734db8b0e21f039d3d66a3,net.sf.jsqlparser.expression.ExpressionVisitorAdapter,net.sf.jsqlparser.expression.ExpressionVisitorAdapter_ESTest,7,0,False
580,NPEX,JSqlParser-66e44c95,0,ea03493c829e4d47ab7417297ebaa39a,net.sf.jsqlparser.expression.ExpressionVisitorAdapter,net.sf.jsqlparser.expression.ExpressionVisitorAdapter_ESTest,38,0,False
581,NPEX,JSqlParser-66e44c95,0,9d3f144b57bf4151b099ea0c8567fa29,net.sf.jsqlparser.expression.ExpressionVisitorAdapter,net.sf.jsqlparser.expression.ExpressionVisitorAdapter_ESTest,33,0,False
582,NPEX,JSqlParser-66e44c95,0,df9806d8f4c24914855cf3b61e921185,net.sf.jsqlparser.expression.ExpressionVisitorAdapter,net.sf.jsqlparser.expression.ExpressionVisitorAdapter_ESTest,34,0,False
583,NPEX,JSqlParser-66e44c95,0,ff26e84545cb4d41a4b999cc842e68a3,net.sf.jsqlparser.expression.ExpressionVisitorAdapter,net.sf.jsqlparser.expression.ExpressionVisitorAdapter_ESTest,34,0,False
584,NPEX,JSqlParser-66e44c95,0,9c13e1e3d45d4aceb03c9fc6ff262518,net.sf.jsqlparser.expression.ExpressionVisitorAdapter,net.sf.jsqlparser.expression.ExpressionVisitorAdapter_ESTest,38,0,False
585,NPEX,JSqlParser-66e44c95,0,8256f3e50ac94f83a8d050d64b3decd9,net.sf.jsqlparser.expression.ExpressionVisitorAdapter,net.sf.jsqlparser.expression.ExpressionVisitorAdapter_ESTest,51,0,True
586,NPEX,JSqlParser-66e44c95,0,209bc56210884717a9c84e2c920b58fb,net.sf.jsqlparser.expression.ExpressionVisitorAdapter,net.sf.jsqlparser.expression.ExpressionVisitorAdapter_ESTest,33,0,False
587,NPEX,ShardingSphere-c08f4f18,0,a063db3ccb114005959b4f51ddccbbdf,org.apache.shardingsphere.proxy.frontend.postgresql.auth.PostgreSQLAuthenticationEngine,org.apache.shardingsphere.proxy.frontend.postgresql.auth.PostgreSQLAuthenticationEngine_ESTest,3,0,False
588,NPEX,ShardingSphere-c08f4f18,0,3bf5a9baea6b4397806856258c885090,org.apache.shardingsphere.proxy.frontend.postgresql.auth.PostgreSQLAuthenticationEngine,org.apache.shardingsphere.proxy.frontend.postgresql.auth.PostgreSQLAuthenticationEngine_ESTest,3,0,False
589,NPEX,ShardingSphere-c08f4f18,0,1fa26b7b667c43f88bf9db4c0902bb28,org.apache.shardingsphere.proxy.frontend.postgresql.auth.PostgreSQLAuthenticationEngine,org.apache.shardingsphere.proxy.frontend.postgresql.auth.PostgreSQLAuthenticationEngine_ESTest,5,0,False
590,NPEX,jsoup-8b837a43,0,c2aa4af3cfe5496287965d6ec7e2878b,org.jsoup.nodes.Attribute,org.jsoup.nodes.Attribute_ESTest,32,0,False
591,NPEX,jsoup-8b837a43,0,076bf4aab6a246b09abaea5cd3dffb4f,org.jsoup.nodes.Attribute,org.jsoup.nodes.Attribute_ESTest,39,0,False
592,NPEX,jsoup-8b837a43,0,f0112edaf78d44958abf20f5fd50c4af,org.jsoup.nodes.Attribute,org.jsoup.nodes.Attribute_ESTest,32,0,False
593,NPEX,jsoup-8b837a43,0,263a7ecaa0de46dcbcdb6c2a42f6767f,org.jsoup.nodes.Attribute,org.jsoup.nodes.Attribute_ESTest,32,0,False
594,NPEX,jsoup-8b837a43,0,b56d960acddd46e4b58fd7088dbaaba2,org.jsoup.nodes.Attribute,org.jsoup.nodes.Attribute_ESTest,33,0,False
595,NPEX,jsoup-8b837a43,0,bf71b1e68a6b45bca8b2f6319f9c39be,org.jsoup.nodes.Attribute,org.jsoup.nodes.Attribute_ESTest,36,0,False
596,NPEX,jsoup-8b837a43,0,f8b7d6703fef44bcbbf093363a75f96a,org.jsoup.nodes.Attribute,org.jsoup.nodes.Attribute_ESTest,34,0,False
597,NPEX,jsoup-8b837a43,0,fd87fd2f3c564b10b1a4094f56571512,org.jsoup.nodes.Attribute,org.jsoup.nodes.Attribute_ESTest,37,0,False
598,NPEX,jsoup-8b837a43,0,912d43690ca749b4a97c0d793c89c4ad,org.jsoup.nodes.Attribute,org.jsoup.nodes.Attribute_ESTest,36,0,False
599,NPEX,jsoup-8b837a43,0,83d0248e982a4425b6210f21db557068,org.jsoup.nodes.Attribute,org.jsoup.nodes.Attribute_ESTest,36,0,False
600,NPEX,Directory_LDAP_API-1aea113c,0,da80f2850aad4d489ecd1be8279b7d46,org.apache.directory.api.ldap.model.entry.Value,org.apache.directory.api.ldap.model.entry.Value_ESTest,65,0,False
601,NPEX,Directory_LDAP_API-1aea113c,0,17650e4c32cf4303a220b96c96f3cc46,org.apache.directory.api.ldap.model.entry.Value,org.apache.directory.api.ldap.model.entry.Value_ESTest,61,0,False
602,NPEX,Directory_LDAP_API-1aea113c,0,f4ae7a25b63c4d2095fbee5c8abffc25,org.apache.directory.api.ldap.model.entry.Value,org.apache.directory.api.ldap.model.entry.Value_ESTest,58,0,False
603,NPEX,Directory_LDAP_API-1aea113c,0,126331121eea4896956c8eba1a4a4851,org.apache.directory.api.ldap.model.entry.Value,org.apache.directory.api.ldap.model.entry.Value_ESTest,57,0,False
604,NPEX,Directory_LDAP_API-1aea113c,0,2c08151c86e7414f98deef39702721fa,org.apache.directory.api.ldap.model.entry.Value,org.apache.directory.api.ldap.model.entry.Value_ESTest,62,0,False
605,NPEX,Directory_LDAP_API-1aea113c,0,a84fe18705fb41d1b139912d17f67baa,org.apache.directory.api.ldap.model.entry.Value,org.apache.directory.api.ldap.model.entry.Value_ESTest,54,0,False
606,NPEX,Directory_LDAP_API-1aea113c,0,aa2ff44d611d4393a30b9a4f84d3319b,org.apache.directory.api.ldap.model.entry.Value,org.apache.directory.api.ldap.model.entry.Value_ESTest,60,0,False
607,NPEX,Directory_LDAP_API-1aea113c,0,9a9b6b3738564be09f9cb78bf2782cf1,org.apache.directory.api.ldap.model.entry.Value,org.apache.directory.api.ldap.model.entry.Value_ESTest,52,0,False
608,NPEX,Directory_LDAP_API-1aea113c,0,e34f231a44fb4ffba04deda23a02ce5f,org.apache.directory.api.ldap.model.entry.Value,org.apache.directory.api.ldap.model.entry.Value_ESTest,68,0,False
609,NPEX,Directory_LDAP_API-1aea113c,0,3d35b6312fee41ef9ad458f7a8a0a469,org.apache.directory.api.ldap.model.entry.Value,org.apache.directory.api.ldap.model.entry.Value_ESTest,66,0,False
610,NPEX,Sling_Pipes-81059025,0,58a7ec79a77d486c8b4efa12fc89ce90,org.apache.sling.pipes.PipeBindings,org.apache.sling.pipes.PipeBindings_ESTest,0,0,False
611,NPEX,Sling_Pipes-81059025,0,6c141e0d3b9747a0ae0546787894847d,org.apache.sling.pipes.PipeBindings,org.apache.sling.pipes.PipeBindings_ESTest,0,0,False
612,NPEX,Sling_Pipes-81059025,0,51dfc16bfdd44362b24e5bfd394acf44,org.apache.sling.pipes.PipeBindings,org.apache.sling.pipes.PipeBindings_ESTest,0,0,False
613,NPEX,Sling_Pipes-81059025,0,544ddddc83da4b718c7a5773d036363f,org.apache.sling.pipes.PipeBindings,org.apache.sling.pipes.PipeBindings_ESTest,0,0,False
614,NPEX,Sling_Pipes-81059025,0,6f93bbfc76d74664961e8d59d50d41f8,org.apache.sling.pipes.PipeBindings,org.apache.sling.pipes.PipeBindings_ESTest,0,0,False
615,NPEX,Sling_Pipes-81059025,0,abf58a0f089643e2b44690a0a19e0ff7,org.apache.sling.pipes.PipeBindings,org.apache.sling.pipes.PipeBindings_ESTest,0,0,False
616,NPEX,Sling_Pipes-81059025,0,0b0eafa01cdb433aa7099c91cf538180,org.apache.sling.pipes.PipeBindings,org.apache.sling.pipes.PipeBindings_ESTest,0,0,False
617,NPEX,Sling_Pipes-81059025,0,584524b96a64477a946e07efabca6240,org.apache.sling.pipes.PipeBindings,org.apache.sling.pipes.PipeBindings_ESTest,0,0,False
618,NPEX,Sling_Pipes-81059025,0,461f185e77594f109988aece7019b7a1,org.apache.sling.pipes.PipeBindings,org.apache.sling.pipes.PipeBindings_ESTest,0,0,False
619,NPEX,Sling_Pipes-81059025,0,3e92ff3225e642f39ab2651bcd5a5aeb,org.apache.sling.pipes.PipeBindings,org.apache.sling.pipes.PipeBindings_ESTest,0,0,False
620,NPEX,OpenNLP-60792b8f,0,3a0add042611408785e21f416fbd777b,opennlp.tools.lemmatizer.DictionaryLemmatizer,opennlp.tools.lemmatizer.DictionaryLemmatizer_ESTest,3,0,False
621,NPEX,OpenNLP-60792b8f,0,4b8e02bab02f4b62867f069985e7d3a6,opennlp.tools.lemmatizer.DictionaryLemmatizer,opennlp.tools.lemmatizer.DictionaryLemmatizer_ESTest,3,0,False
622,NPEX,OpenNLP-60792b8f,0,459d8195fa844e6c9662657c92ce9e06,opennlp.tools.lemmatizer.DictionaryLemmatizer,opennlp.tools.lemmatizer.DictionaryLemmatizer_ESTest,3,0,False
623,NPEX,OpenNLP-60792b8f,0,2c0f6d62b5a14202a67cd6d3127a13d7,opennlp.tools.lemmatizer.DictionaryLemmatizer,opennlp.tools.lemmatizer.DictionaryLemmatizer_ESTest,5,0,False
624,NPEX,Hessian_Lite-c5c017dc,0,403bbda36bbd4c9bbefb1718f0ad202f,com.alibaba.dubbo.common.URL,com.alibaba.dubbo.common.URL_ESTest,192,0,False
625,NPEX,Hessian_Lite-c5c017dc,0,663d4753a4754430990b546a4e91b3dc,com.alibaba.dubbo.common.URL,com.alibaba.dubbo.common.URL_ESTest,170,0,False
626,NPEX,Hessian_Lite-c5c017dc,0,7898e93219904020b4f7bdafc56fb383,com.alibaba.dubbo.common.URL,com.alibaba.dubbo.common.URL_ESTest,180,0,False
627,NPEX,Hessian_Lite-c5c017dc,0,268f65e623c04d428557b4c69a37af51,com.alibaba.dubbo.common.URL,com.alibaba.dubbo.common.URL_ESTest,183,0,False
628,NPEX,Hessian_Lite-c5c017dc,0,8dbf0724dc5d4a8b961b68ee61872545,com.alibaba.dubbo.common.URL,com.alibaba.dubbo.common.URL_ESTest,198,0,False
629,NPEX,Hessian_Lite-c5c017dc,0,82588c66a6e7490d82a36a08a8d5883b,com.alibaba.dubbo.common.URL,com.alibaba.dubbo.common.URL_ESTest,155,0,False
630,NPEX,Hessian_Lite-c5c017dc,0,8bce0f323a3e4cf4b240229e16222326,com.alibaba.dubbo.common.URL,com.alibaba.dubbo.common.URL_ESTest,182,0,False
631,NPEX,Hessian_Lite-c5c017dc,0,fa7b78d60544467eb234a9b030a30587,com.alibaba.dubbo.common.URL,com.alibaba.dubbo.common.URL_ESTest,167,0,False
632,NPEX,Hessian_Lite-c5c017dc,0,6516659e8a1345c6ba197693774b0e2e,com.alibaba.dubbo.common.URL,com.alibaba.dubbo.common.URL_ESTest,193,0,False
633,NPEX,Hessian_Lite-c5c017dc,0,df56927d3a56495ebb106d125c6a69f2,com.alibaba.dubbo.common.URL,com.alibaba.dubbo.common.URL_ESTest,197,0,True
634,NPEX,ZooKeeper-ef3649f5,0,4dbba84358db43ad96c587cea329c5fe,org.apache.zookeeper.server.ZooKeeperServer,org.apache.zookeeper.server.ZooKeeperServer_ESTest,137,0,False
635,NPEX,ZooKeeper-ef3649f5,0,4dbba84358db43ad96c587cea329c5fe,org.apache.zookeeper.server.ZooKeeperServer,org.apache.zookeeper.server.ZooKeeperServer_ESTest$1,137,0,False
636,NPEX,ZooKeeper-ef3649f5,0,d329f3dfc58d4ba5999ed586be78502f,org.apache.zookeeper.server.ZooKeeperServer,org.apache.zookeeper.server.ZooKeeperServer_ESTest,114,0,False
637,NPEX,ZooKeeper-ef3649f5,0,e4c85ef393584915a1b12142b27da347,org.apache.zookeeper.server.ZooKeeperServer,org.apache.zookeeper.server.ZooKeeperServer_ESTest,77,0,False
638,NPEX,ZooKeeper-ef3649f5,0,e4c85ef393584915a1b12142b27da347,org.apache.zookeeper.server.ZooKeeperServer,org.apache.zookeeper.server.ZooKeeperServer_ESTest$1,77,0,False
639,NPEX,ZooKeeper-ef3649f5,0,e4c85ef393584915a1b12142b27da347,org.apache.zookeeper.server.ZooKeeperServer,org.apache.zookeeper.server.ZooKeeperServer_ESTest$5,77,0,False
640,NPEX,ZooKeeper-ef3649f5,0,e4c85ef393584915a1b12142b27da347,org.apache.zookeeper.server.ZooKeeperServer,org.apache.zookeeper.server.ZooKeeperServer_ESTest$2,77,0,False
641,NPEX,ZooKeeper-ef3649f5,0,e4c85ef393584915a1b12142b27da347,org.apache.zookeeper.server.ZooKeeperServer,org.apache.zookeeper.server.ZooKeeperServer_ESTest$4,77,0,False
642,NPEX,ZooKeeper-ef3649f5,0,e4c85ef393584915a1b12142b27da347,org.apache.zookeeper.server.ZooKeeperServer,org.apache.zookeeper.server.ZooKeeperServer_ESTest$3,77,0,False
643,NPEX,ZooKeeper-ef3649f5,0,31b0f5270fff4503a0ee437b04c85270,org.apache.zookeeper.server.ZooKeeperServer,org.apache.zookeeper.server.ZooKeeperServer_ESTest,126,0,False
644,NPEX,ZooKeeper-ef3649f5,0,000f8423b2834965823f9892bac75c80,org.apache.zookeeper.server.ZooKeeperServer,org.apache.zookeeper.server.ZooKeeperServer_ESTest,76,0,False
645,NPEX,ZooKeeper-ef3649f5,0,000f8423b2834965823f9892bac75c80,org.apache.zookeeper.server.ZooKeeperServer,org.apache.zookeeper.server.ZooKeeperServer_ESTest$1,76,0,False
646,NPEX,ZooKeeper-ef3649f5,0,000f8423b2834965823f9892bac75c80,org.apache.zookeeper.server.ZooKeeperServer,org.apache.zookeeper.server.ZooKeeperServer_ESTest$6,76,0,False
647,NPEX,ZooKeeper-ef3649f5,0,000f8423b2834965823f9892bac75c80,org.apache.zookeeper.server.ZooKeeperServer,org.apache.zookeeper.server.ZooKeeperServer_ESTest$5,76,0,False
648,NPEX,ZooKeeper-ef3649f5,0,000f8423b2834965823f9892bac75c80,org.apache.zookeeper.server.ZooKeeperServer,org.apache.zookeeper.server.ZooKeeperServer_ESTest$9,76,0,False
649,NPEX,ZooKeeper-ef3649f5,0,000f8423b2834965823f9892bac75c80,org.apache.zookeeper.server.ZooKeeperServer,org.apache.zookeeper.server.ZooKeeperServer_ESTest$2,76,0,False
650,NPEX,ZooKeeper-ef3649f5,0,000f8423b2834965823f9892bac75c80,org.apache.zookeeper.server.ZooKeeperServer,org.apache.zookeeper.server.ZooKeeperServer_ESTest$7,76,0,False
651,NPEX,ZooKeeper-ef3649f5,0,000f8423b2834965823f9892bac75c80,org.apache.zookeeper.server.ZooKeeperServer,org.apache.zookeeper.server.ZooKeeperServer_ESTest$4,76,0,False
652,NPEX,ZooKeeper-ef3649f5,0,000f8423b2834965823f9892bac75c80,org.apache.zookeeper.server.ZooKeeperServer,org.apache.zookeeper.server.ZooKeeperServer_ESTest$8,76,0,False
653,NPEX,ZooKeeper-ef3649f5,0,000f8423b2834965823f9892bac75c80,org.apache.zookeeper.server.ZooKeeperServer,org.apache.zookeeper.server.ZooKeeperServer_ESTest$3,76,0,False
654,NPEX,ZooKeeper-ef3649f5,0,804c3c96a1a3419aa61c0cb93f30468b,org.apache.zookeeper.server.ZooKeeperServer,org.apache.zookeeper.server.ZooKeeperServer_ESTest,75,0,False
655,NPEX,ZooKeeper-ef3649f5,0,804c3c96a1a3419aa61c0cb93f30468b,org.apache.zookeeper.server.ZooKeeperServer,org.apache.zookeeper.server.ZooKeeperServer_ESTest$1,75,0,False
656,NPEX,ZooKeeper-ef3649f5,0,804c3c96a1a3419aa61c0cb93f30468b,org.apache.zookeeper.server.ZooKeeperServer,org.apache.zookeeper.server.ZooKeeperServer_ESTest$2,75,0,False
657,NPEX,ZooKeeper-ef3649f5,0,804c3c96a1a3419aa61c0cb93f30468b,org.apache.zookeeper.server.ZooKeeperServer,org.apache.zookeeper.server.ZooKeeperServer_ESTest$4,75,0,False
658,NPEX,ZooKeeper-ef3649f5,0,804c3c96a1a3419aa61c0cb93f30468b,org.apache.zookeeper.server.ZooKeeperServer,org.apache.zookeeper.server.ZooKeeperServer_ESTest$3,75,0,False
659,NPEX,ZooKeeper-ef3649f5,0,0327bc24fed74a23bfbd3beb660b6307,org.apache.zookeeper.server.ZooKeeperServer,org.apache.zookeeper.server.ZooKeeperServer_ESTest,122,0,False
660,NPEX,ZooKeeper-ef3649f5,0,d94d50cc0c614c06810cb5a35619f063,org.apache.zookeeper.server.ZooKeeperServer,org.apache.zookeeper.server.ZooKeeperServer_ESTest,126,0,False
661,NPEX,ZooKeeper-ef3649f5,0,f50f4662b3ba49a49694f60e1878cc67,org.apache.zookeeper.server.ZooKeeperServer,org.apache.zookeeper.server.ZooKeeperServer_ESTest,116,0,False
662,NPEX,ZooKeeper-ef3649f5,0,f50f4662b3ba49a49694f60e1878cc67,org.apache.zookeeper.server.ZooKeeperServer,org.apache.zookeeper.server.ZooKeeperServer_ESTest$1,116,0,False
663,NPEX,Log4j_2-5b7b75d5,0,27c8eb4ff6a54c4b8c5621eb3272846c,org.apache.logging.log4j.core.config.composite.DefaultMergeStrategy,org.apache.logging.log4j.core.config.composite.DefaultMergeStrategy_ESTest,8,0,False
664,NPEX,Log4j_2-5b7b75d5,0,f6e0f9cc63674001ae2b15e6603561eb,org.apache.logging.log4j.core.config.composite.DefaultMergeStrategy,org.apache.logging.log4j.core.config.composite.DefaultMergeStrategy_ESTest,5,0,False
665,NPEX,Log4j_2-5b7b75d5,0,f138563909ba4f02a275b0f973929fc4,org.apache.logging.log4j.core.config.composite.DefaultMergeStrategy,org.apache.logging.log4j.core.config.composite.DefaultMergeStrategy_ESTest,6,0,False
666,NPEX,Log4j_2-5b7b75d5,0,7774973b71de4962976d87ebb07dcb74,org.apache.logging.log4j.core.config.composite.DefaultMergeStrategy,org.apache.logging.log4j.core.config.composite.DefaultMergeStrategy_ESTest,8,0,False
667,NPEX,Karaf-b92dd7e4,0,9c0c8139ab0f48de8b610341c9cc7c63,org.apache.karaf.shell.impl.console.commands.help.wikidoc.WikiParser,org.apache.karaf.shell.impl.console.commands.help.wikidoc.WikiParser_ESTest,15,0,False
668,NPEX,jsoup-b8411990,0,c64f167f77b84748974e89db1829ff4c,org.jsoup.internal.Normalizer,org.jsoup.internal.Normalizer_ESTest,5,0,False
669,NPEX,jsoup-b8411990,0,d5070f47d61045928fc8d968b672ab6c,org.jsoup.internal.Normalizer,org.jsoup.internal.Normalizer_ESTest,5,0,False
670,NPEX,jsoup-b8411990,0,5b12dce291fa4007b52c56a79beaaa05,org.jsoup.internal.Normalizer,org.jsoup.internal.Normalizer_ESTest,5,0,False
671,NPEX,jsoup-b8411990,0,4113baf2393141e1be09fe1efe00ab33,org.jsoup.internal.Normalizer,org.jsoup.internal.Normalizer_ESTest,5,0,False
672,NPEX,jsoup-b8411990,0,6b0493608476453e9a3aaad3ff7ec65f,org.jsoup.internal.Normalizer,org.jsoup.internal.Normalizer_ESTest,5,0,False
673,NPEX,jsoup-b8411990,0,9b2299ac463d44da81004e89f1fb69b6,org.jsoup.internal.Normalizer,org.jsoup.internal.Normalizer_ESTest,5,0,False
674,NPEX,jsoup-b8411990,0,bdf04e1c047f458aae0b6e21f6743d25,org.jsoup.internal.Normalizer,org.jsoup.internal.Normalizer_ESTest,5,0,False
675,NPEX,jsoup-b8411990,0,9626654f6a044688977c498b2a084514,org.jsoup.internal.Normalizer,org.jsoup.internal.Normalizer_ESTest,5,0,False
676,NPEX,jsoup-b8411990,0,f65fab28bd894cb8a8eec4c715d69c04,org.jsoup.internal.Normalizer,org.jsoup.internal.Normalizer_ESTest,5,0,False
677,NPEX,jsoup-b8411990,0,f023435ef400495fa1541e0cca1a03f6,org.jsoup.internal.Normalizer,org.jsoup.internal.Normalizer_ESTest,5,0,False
678,NPEX,Qpid_Proton__j-0c27d5ff,0,2fbe75d376bf43618ce97bb5113eb70b,org.apache.qpid.proton.engine.impl.TransportImpl,org.apache.qpid.proton.engine.impl.TransportImpl_ESTest,63,0,False
679,NPEX,Qpid_Proton__j-0c27d5ff,0,293101ff3a524a9aa30dad6dab680ba1,org.apache.qpid.proton.engine.impl.TransportImpl,org.apache.qpid.proton.engine.impl.TransportImpl_ESTest,69,0,False
680,NPEX,Qpid_Proton__j-0c27d5ff,0,99011fb4f8554f9ab0a0bbd9db0dccab,org.apache.qpid.proton.engine.impl.TransportImpl,org.apache.qpid.proton.engine.impl.TransportImpl_ESTest,71,0,False
681,NPEX,Qpid_Proton__j-0c27d5ff,0,7025397a3770426b92fb342746bf159a,org.apache.qpid.proton.engine.impl.TransportImpl,org.apache.qpid.proton.engine.impl.TransportImpl_ESTest,68,0,False
682,NPEX,Qpid_Proton__j-0c27d5ff,0,2c2156567d124eed8957ff260ffcb4a0,org.apache.qpid.proton.engine.impl.TransportImpl,org.apache.qpid.proton.engine.impl.TransportImpl_ESTest,66,0,False
683,NPEX,Qpid_Proton__j-0c27d5ff,0,9b35155c6efe4115be184b1e1cfad5cf,org.apache.qpid.proton.engine.impl.TransportImpl,org.apache.qpid.proton.engine.impl.TransportImpl_ESTest,63,0,False
684,NPEX,Qpid_Proton__j-0c27d5ff,0,2ba3c722fe134e88a7cc1087767e1fef,org.apache.qpid.proton.engine.impl.TransportImpl,org.apache.qpid.proton.engine.impl.TransportImpl_ESTest,67,0,False
685,NPEX,Commons_Pool-11521c1f,0,05b168937fe945ac8062acc60dd78ad0,org.apache.commons.pool2.impl.GenericKeyedObjectPool,org.apache.commons.pool2.impl.GenericKeyedObjectPool_ESTest,30,0,False
686,NPEX,Commons_Pool-11521c1f,0,c9c86d6849354f6e8458e491187a8e6d,org.apache.commons.pool2.impl.GenericKeyedObjectPool,org.apache.commons.pool2.impl.GenericKeyedObjectPool_ESTest,27,0,False
687,NPEX,Commons_Pool-11521c1f,0,c9c86d6849354f6e8458e491187a8e6d,org.apache.commons.pool2.impl.GenericKeyedObjectPool,org.apache.commons.pool2.impl.GenericKeyedObjectPool_ESTest$1,27,0,False
688,NPEX,Commons_Pool-11521c1f,0,ef7a999ad71c416e81151073e8d460c3,org.apache.commons.pool2.impl.GenericKeyedObjectPool,org.apache.commons.pool2.impl.GenericKeyedObjectPool_ESTest,28,0,False
689,NPEX,Commons_Pool-11521c1f,0,3ad6f8c2e0b34bdd9453c1118b988062,org.apache.commons.pool2.impl.GenericKeyedObjectPool,org.apache.commons.pool2.impl.GenericKeyedObjectPool_ESTest,32,0,False
690,NPEX,Commons_Pool-11521c1f,0,dce8e46c31d645a8923ca90f7e3eaca7,org.apache.commons.pool2.impl.GenericKeyedObjectPool,org.apache.commons.pool2.impl.GenericKeyedObjectPool_ESTest,28,0,False
691,NPEX,Commons_Pool-11521c1f,0,f7c825326a5246c8ba0d560b51ea3a3e,org.apache.commons.pool2.impl.GenericKeyedObjectPool,org.apache.commons.pool2.impl.GenericKeyedObjectPool_ESTest,33,0,False
692,NPEX,Commons_Pool-11521c1f,0,7600408c51004553a574abab7d260fe4,org.apache.commons.pool2.impl.GenericKeyedObjectPool,org.apache.commons.pool2.impl.GenericKeyedObjectPool_ESTest,33,0,False
693,NPEX,Commons_Pool-11521c1f,0,baa9c9c06cfd4c1884dacf969de90834,org.apache.commons.pool2.impl.GenericKeyedObjectPool,org.apache.commons.pool2.impl.GenericKeyedObjectPool_ESTest,32,0,False
694,NPEX,Commons_Pool-11521c1f,0,cfb64187a22e4409b7ceb2a6b6e5c8d9,org.apache.commons.pool2.impl.GenericKeyedObjectPool,org.apache.commons.pool2.impl.GenericKeyedObjectPool_ESTest,23,0,False
695,NPEX,Log4j_2-7441d3c3,0,0ce1bf64c35a40158d1fe4c62e69823a,org.apache.logging.log4j.core.config.ConfigurationScheduler,org.apache.logging.log4j.core.config.ConfigurationScheduler_ESTest,19,0,False
696,NPEX,Log4j_2-7441d3c3,0,64bb416c71324a72a43aec1ffcaedb3f,org.apache.logging.log4j.core.config.ConfigurationScheduler,org.apache.logging.log4j.core.config.ConfigurationScheduler_ESTest,24,0,True
697,NPEX,Log4j_2-7441d3c3,0,bbef3eb06a4849fc9636ffbadd20253f,org.apache.logging.log4j.core.config.ConfigurationScheduler,org.apache.logging.log4j.core.config.ConfigurationScheduler_ESTest,19,0,False
698,NPEX,Log4j_2-7441d3c3,0,31f38fe2774b463a8624120ef18929f9,org.apache.logging.log4j.core.config.ConfigurationScheduler,org.apache.logging.log4j.core.config.ConfigurationScheduler_ESTest,16,0,False
699,NPEX,Log4j_2-7441d3c3,0,4c1d6fc909d04e4c8ec440f879cae1a7,org.apache.logging.log4j.core.config.ConfigurationScheduler,org.apache.logging.log4j.core.config.ConfigurationScheduler_ESTest,21,0,False
700,NPEX,Log4j_2-7441d3c3,0,a9024ba76e694c149acf73b1431dc6b0,org.apache.logging.log4j.core.config.ConfigurationScheduler,org.apache.logging.log4j.core.config.ConfigurationScheduler_ESTest,15,0,False
701,NPEX,Log4j_2-7441d3c3,0,64b460ac6744427a97adcf1cdd47a978,org.apache.logging.log4j.core.config.ConfigurationScheduler,org.apache.logging.log4j.core.config.ConfigurationScheduler_ESTest,15,0,False
702,NPEX,Log4j_2-7441d3c3,0,27635603bbd54eacb1f66c0ac18d75a3,org.apache.logging.log4j.core.config.ConfigurationScheduler,org.apache.logging.log4j.core.config.ConfigurationScheduler_ESTest,17,0,False
703,NPEX,Log4j_2-7441d3c3,0,64d9931891d94945ad630c39d079175c,org.apache.logging.log4j.core.config.ConfigurationScheduler,org.apache.logging.log4j.core.config.ConfigurationScheduler_ESTest,17,0,False
704,NPEX,Log4j_2-7441d3c3,0,1b3051f248b74ab99ccad592250bf3ee,org.apache.logging.log4j.core.config.ConfigurationScheduler,org.apache.logging.log4j.core.config.ConfigurationScheduler_ESTest,17,0,False
705,NPEX,Prometheus_JVM_Client-3d9a3302,0,10cee97f5980474daa5531158aac5f7f,io.prometheus.client.CollectorRegistry,io.prometheus.client.CollectorRegistry_ESTest,9,0,False
706,NPEX,Commons_BCEL-a46d927b,0,7ae98584c4ef4430a89b045e09052133,org.apache.bcel.generic.MethodGen,org.apache.bcel.generic.MethodGen_ESTest,12,0,False
707,NPEX,Commons_BCEL-a46d927b,0,42f7a9aed40648ba997fdff2f0cae863,org.apache.bcel.generic.MethodGen,org.apache.bcel.generic.MethodGen_ESTest,27,0,False
708,NPEX,Commons_BCEL-a46d927b,0,69a38336dbcb4aa5b38cc6eb296b1a8d,org.apache.bcel.generic.MethodGen,org.apache.bcel.generic.MethodGen_ESTest,39,0,False
709,NPEX,Commons_BCEL-a46d927b,0,17245dda7755442eb893bcbfab978987,org.apache.bcel.generic.MethodGen,org.apache.bcel.generic.MethodGen_ESTest,31,0,False
710,NPEX,Commons_BCEL-a46d927b,0,533d5e369b1a46ee8357dccb22105d81,org.apache.bcel.generic.MethodGen,org.apache.bcel.generic.MethodGen_ESTest,30,0,False
711,NPEX,Commons_BCEL-a46d927b,0,8beb7d88cdc04bf8bf634d15313592d7,org.apache.bcel.generic.MethodGen,org.apache.bcel.generic.MethodGen_ESTest,29,0,False
712,NPEX,Commons_BCEL-a46d927b,0,98704538192b4e7e8aec73c7e0e603a9,org.apache.bcel.generic.MethodGen,org.apache.bcel.generic.MethodGen_ESTest,44,0,False
713,NPEX,Commons_BCEL-a46d927b,0,0ffd05e2c1e04be1bd737439b19b7379,org.apache.bcel.generic.MethodGen,org.apache.bcel.generic.MethodGen_ESTest,39,0,False
714,NPEX,Commons_BCEL-a46d927b,0,1174eb5b4a144a50a3c8faec1e13bb31,org.apache.bcel.generic.MethodGen,org.apache.bcel.generic.MethodGen_ESTest,23,0,False
715,NPEX,Commons_BCEL-a46d927b,0,32e8e7cb830f4e138863148a09b71d2f,org.apache.bcel.generic.MethodGen,org.apache.bcel.generic.MethodGen_ESTest,26,0,False
716,NPEX,Jest-f34fa45e,0,d7b8dbdc3394417295a1ef4c173b87a5,io.searchbox.client.config.discovery.NodeChecker,io.searchbox.client.config.discovery.NodeChecker_ESTest,3,0,False
717,NPEX,Jest-f34fa45e,0,aa29cc216b2142fd97ba3321d15bdeb7,io.searchbox.client.config.discovery.NodeChecker,io.searchbox.client.config.discovery.NodeChecker_ESTest,4,0,False
718,NPEX,Jest-f34fa45e,0,725d61c020c64a1991aaab7369a3e741,io.searchbox.client.config.discovery.NodeChecker,io.searchbox.client.config.discovery.NodeChecker_ESTest,0,0,False
719,NPEX,Jest-f34fa45e,0,3f399189b3e34754bce39565827ca73d,io.searchbox.client.config.discovery.NodeChecker,io.searchbox.client.config.discovery.NodeChecker_ESTest,5,0,False
720,NPEX,Jest-f34fa45e,0,0f324a0098e145ce879b7f7938410d03,io.searchbox.client.config.discovery.NodeChecker,io.searchbox.client.config.discovery.NodeChecker_ESTest,0,0,False
721,NPEX,Jest-f34fa45e,0,08806c1c042c47afb5559a1b7f57b00e,io.searchbox.client.config.discovery.NodeChecker,io.searchbox.client.config.discovery.NodeChecker_ESTest,0,0,False
722,NPEX,Jest-f34fa45e,0,97b181a81e9046d8942338cf80e71977,io.searchbox.client.config.discovery.NodeChecker,io.searchbox.client.config.discovery.NodeChecker_ESTest,0,0,False
723,NPEX,Jest-f34fa45e,0,826afdf798974694b7d231b5aa9f60f8,io.searchbox.client.config.discovery.NodeChecker,io.searchbox.client.config.discovery.NodeChecker_ESTest,0,0,False
724,NPEX,Jest-f34fa45e,0,94bb46b9dd994d1db34366ad38f018b5,io.searchbox.client.config.discovery.NodeChecker,io.searchbox.client.config.discovery.NodeChecker_ESTest,6,0,False
725,NPEX,Jest-f34fa45e,0,10c398d6bcdb4ae8af29d6b357f5e825,io.searchbox.client.config.discovery.NodeChecker,io.searchbox.client.config.discovery.NodeChecker_ESTest,5,0,False
726,NPEX,Qpid_Proton__j-02998b38,0,49e6227821f946efb96b1a8313919dab,org.apache.qpid.proton.codec.MapType,org.apache.qpid.proton.codec.MapType_ESTest,5,0,False
727,NPEX,Qpid_Proton__j-02998b38,0,f05e84d95fdd45e98e242caf9def7315,org.apache.qpid.proton.codec.MapType,org.apache.qpid.proton.codec.MapType_ESTest,3,0,False
728,NPEX,Qpid_Proton__j-02998b38,0,083a42136000402b8b3dcc7cdb832cfe,org.apache.qpid.proton.codec.MapType,org.apache.qpid.proton.codec.MapType_ESTest,7,0,False
729,NPEX,Qpid_Proton__j-02998b38,0,d50fb34eb1464945a777ddbc3ec6c63e,org.apache.qpid.proton.codec.MapType,org.apache.qpid.proton.codec.MapType_ESTest,4,0,False
730,NPEX,Qpid_Proton__j-02998b38,0,a595bda0d4184a6bb6c8e491b30fe53f,org.apache.qpid.proton.codec.MapType,org.apache.qpid.proton.codec.MapType_ESTest,5,0,False
731,NPEX,Qpid_Proton__j-02998b38,0,18949690312546b79e9d27e16f1041a2,org.apache.qpid.proton.codec.MapType,org.apache.qpid.proton.codec.MapType_ESTest,7,0,False
732,NPEX,Qpid_Proton__j-02998b38,0,ed89a973e1184f1ea239cdf8036f645c,org.apache.qpid.proton.codec.MapType,org.apache.qpid.proton.codec.MapType_ESTest,4,0,False
733,NPEX,Qpid_Proton__j-02998b38,0,6fe9904380ce45b599794435cb45da06,org.apache.qpid.proton.codec.MapType,org.apache.qpid.proton.codec.MapType_ESTest,3,0,False
734,NPEX,Qpid_Proton__j-02998b38,0,fded379cdceb47c2afc774344649fc63,org.apache.qpid.proton.codec.MapType,org.apache.qpid.proton.codec.MapType_ESTest,5,0,False
735,NPEX,Qpid_Proton__j-02998b38,1,49e6227821f946efb96b1a8313919dab,org.apache.qpid.proton.codec.MapType,org.apache.qpid.proton.codec.MapType_ESTest,5,0,False
736,NPEX,Qpid_Proton__j-02998b38,1,f05e84d95fdd45e98e242caf9def7315,org.apache.qpid.proton.codec.MapType,org.apache.qpid.proton.codec.MapType_ESTest,3,0,False
737,NPEX,Qpid_Proton__j-02998b38,1,083a42136000402b8b3dcc7cdb832cfe,org.apache.qpid.proton.codec.MapType,org.apache.qpid.proton.codec.MapType_ESTest,7,0,False
738,NPEX,Qpid_Proton__j-02998b38,1,d50fb34eb1464945a777ddbc3ec6c63e,org.apache.qpid.proton.codec.MapType,org.apache.qpid.proton.codec.MapType_ESTest,4,0,False
739,NPEX,Qpid_Proton__j-02998b38,1,a595bda0d4184a6bb6c8e491b30fe53f,org.apache.qpid.proton.codec.MapType,org.apache.qpid.proton.codec.MapType_ESTest,5,0,False
740,NPEX,Qpid_Proton__j-02998b38,1,18949690312546b79e9d27e16f1041a2,org.apache.qpid.proton.codec.MapType,org.apache.qpid.proton.codec.MapType_ESTest,7,0,False
741,NPEX,Qpid_Proton__j-02998b38,1,ed89a973e1184f1ea239cdf8036f645c,org.apache.qpid.proton.codec.MapType,org.apache.qpid.proton.codec.MapType_ESTest,4,0,False
742,NPEX,Qpid_Proton__j-02998b38,1,6fe9904380ce45b599794435cb45da06,org.apache.qpid.proton.codec.MapType,org.apache.qpid.proton.codec.MapType_ESTest,3,0,False
743,NPEX,Qpid_Proton__j-02998b38,1,fded379cdceb47c2afc774344649fc63,org.apache.qpid.proton.codec.MapType,org.apache.qpid.proton.codec.MapType_ESTest,5,0,False
744,NPEX,Avro-a3e05bee,0,70f25021ddbf4c95b25d8b687d7c26ef,org.apache.avro.Schema,org.apache.avro.Schema_ESTest,68,0,True
745,NPEX,Avro-a3e05bee,0,05bd50536b024ac197e7bc3eaddb6006,org.apache.avro.Schema,org.apache.avro.Schema_ESTest,65,0,False
746,NPEX,Avro-a3e05bee,0,1e1983750124450a8872cee3b1165c5e,org.apache.avro.Schema,org.apache.avro.Schema_ESTest,77,0,True
747,NPEX,Avro-a3e05bee,0,5e792d23300e4926a3d90ed6d010ef1d,org.apache.avro.Schema,org.apache.avro.Schema_ESTest,55,0,True
748,NPEX,Avro-a3e05bee,0,a05d26334f0046c88885a8bce1ccf29d,org.apache.avro.Schema,org.apache.avro.Schema_ESTest,63,0,True
749,NPEX,Avro-a3e05bee,0,fc6fe426bc394426815e697d3ffc182b,org.apache.avro.Schema,org.apache.avro.Schema_ESTest,55,0,True
750,NPEX,Avro-a3e05bee,0,22a04e7c355949a385cceef665c45d30,org.apache.avro.Schema,org.apache.avro.Schema_ESTest,67,0,True
751,NPEX,HttpComponents_Client-f6333a50,0,714ed836503f41d4b58aa15a585565e6,org.apache.hc.client5.http.impl.async.HttpAsyncClientBuilder,org.apache.hc.client5.http.impl.async.HttpAsyncClientBuilder_ESTest,47,0,False
752,NPEX,HttpComponents_Client-f6333a50,0,714ed836503f41d4b58aa15a585565e6,org.apache.hc.client5.http.impl.async.H2AsyncClientBuilder,org.apache.hc.client5.http.impl.async.H2AsyncClientBuilder_ESTest,44,0,False
753,NPEX,HttpComponents_Client-f6333a50,0,3ab0bd8bc46e49d9b7a37ed9ae10bba5,org.apache.hc.client5.http.impl.async.HttpAsyncClientBuilder,org.apache.hc.client5.http.impl.async.HttpAsyncClientBuilder_ESTest,52,0,False
754,NPEX,HttpComponents_Client-f6333a50,0,3ab0bd8bc46e49d9b7a37ed9ae10bba5,org.apache.hc.client5.http.impl.async.H2AsyncClientBuilder,org.apache.hc.client5.http.impl.async.H2AsyncClientBuilder_ESTest,47,0,False
755,NPEX,HttpComponents_Client-f6333a50,0,c1085af2911b4f07b9cd69b4b90a0052,org.apache.hc.client5.http.impl.async.HttpAsyncClientBuilder,org.apache.hc.client5.http.impl.async.HttpAsyncClientBuilder_ESTest,50,0,False
756,NPEX,HttpComponents_Client-f6333a50,0,c1085af2911b4f07b9cd69b4b90a0052,org.apache.hc.client5.http.impl.async.H2AsyncClientBuilder,org.apache.hc.client5.http.impl.async.H2AsyncClientBuilder_ESTest,48,0,False
757,NPEX,HttpComponents_Client-f6333a50,0,c435b45448ea48e5a2a4b6e32181fd8f,org.apache.hc.client5.http.impl.async.HttpAsyncClientBuilder,org.apache.hc.client5.http.impl.async.HttpAsyncClientBuilder_ESTest,48,0,False
758,NPEX,HttpComponents_Client-f6333a50,0,c435b45448ea48e5a2a4b6e32181fd8f,org.apache.hc.client5.http.impl.async.H2AsyncClientBuilder,org.apache.hc.client5.http.impl.async.H2AsyncClientBuilder_ESTest,45,0,False
759,NPEX,HttpComponents_Client-f6333a50,0,7fa9910015de4966af46438f63a80b86,org.apache.hc.client5.http.impl.async.HttpAsyncClientBuilder,org.apache.hc.client5.http.impl.async.HttpAsyncClientBuilder_ESTest,48,0,False
760,NPEX,HttpComponents_Client-f6333a50,0,7fa9910015de4966af46438f63a80b86,org.apache.hc.client5.http.impl.async.H2AsyncClientBuilder,org.apache.hc.client5.http.impl.async.H2AsyncClientBuilder_ESTest,46,0,False
761,NPEX,HttpComponents_Client-f6333a50,0,4f4999e1456f4efbaf590967a4c9d309,org.apache.hc.client5.http.impl.async.HttpAsyncClientBuilder,org.apache.hc.client5.http.impl.async.HttpAsyncClientBuilder_ESTest,53,0,False
762,NPEX,HttpComponents_Client-f6333a50,0,4f4999e1456f4efbaf590967a4c9d309,org.apache.hc.client5.http.impl.async.H2AsyncClientBuilder,org.apache.hc.client5.http.impl.async.H2AsyncClientBuilder_ESTest,47,0,False
763,NPEX,HttpComponents_Client-f6333a50,0,b9d52ac9ae434d96b4eb9328039282c4,org.apache.hc.client5.http.impl.async.HttpAsyncClientBuilder,org.apache.hc.client5.http.impl.async.HttpAsyncClientBuilder_ESTest,49,0,False
764,NPEX,HttpComponents_Client-f6333a50,0,b9d52ac9ae434d96b4eb9328039282c4,org.apache.hc.client5.http.impl.async.H2AsyncClientBuilder,org.apache.hc.client5.http.impl.async.H2AsyncClientBuilder_ESTest,49,0,False
765,NPEX,HttpComponents_Client-f6333a50,0,0c0908daa9554fd584e5cc32efcc0b8d,org.apache.hc.client5.http.impl.async.HttpAsyncClientBuilder,org.apache.hc.client5.http.impl.async.HttpAsyncClientBuilder_ESTest,50,0,False
766,NPEX,HttpComponents_Client-f6333a50,0,0c0908daa9554fd584e5cc32efcc0b8d,org.apache.hc.client5.http.impl.async.H2AsyncClientBuilder,org.apache.hc.client5.http.impl.async.H2AsyncClientBuilder_ESTest,46,0,False
767,NPEX,HttpComponents_Client-f6333a50,0,d75250ad00b04d4692bdad2bb45ad449,org.apache.hc.client5.http.impl.async.HttpAsyncClientBuilder,org.apache.hc.client5.http.impl.async.HttpAsyncClientBuilder_ESTest,49,0,False
768,NPEX,HttpComponents_Client-f6333a50,0,d75250ad00b04d4692bdad2bb45ad449,org.apache.hc.client5.http.impl.async.H2AsyncClientBuilder,org.apache.hc.client5.http.impl.async.H2AsyncClientBuilder_ESTest,44,0,False
769,NPEX,HttpComponents_Client-f6333a50,0,00ab0971ba9f4744b6ad5712aa21cdce,org.apache.hc.client5.http.impl.async.HttpAsyncClientBuilder,org.apache.hc.client5.http.impl.async.HttpAsyncClientBuilder_ESTest,50,0,False
770,NPEX,HttpComponents_Client-f6333a50,0,00ab0971ba9f4744b6ad5712aa21cdce,org.apache.hc.client5.http.impl.async.H2AsyncClientBuilder,org.apache.hc.client5.http.impl.async.H2AsyncClientBuilder_ESTest,48,0,False
771,NPEX,HttpComponents_Client-f6333a50,1,714ed836503f41d4b58aa15a585565e6,org.apache.hc.client5.http.impl.async.HttpAsyncClientBuilder,org.apache.hc.client5.http.impl.async.HttpAsyncClientBuilder_ESTest,47,0,False
772,NPEX,HttpComponents_Client-f6333a50,1,714ed836503f41d4b58aa15a585565e6,org.apache.hc.client5.http.impl.async.H2AsyncClientBuilder,org.apache.hc.client5.http.impl.async.H2AsyncClientBuilder_ESTest,44,0,False
773,NPEX,HttpComponents_Client-f6333a50,1,3ab0bd8bc46e49d9b7a37ed9ae10bba5,org.apache.hc.client5.http.impl.async.HttpAsyncClientBuilder,org.apache.hc.client5.http.impl.async.HttpAsyncClientBuilder_ESTest,52,0,False
774,NPEX,HttpComponents_Client-f6333a50,1,3ab0bd8bc46e49d9b7a37ed9ae10bba5,org.apache.hc.client5.http.impl.async.H2AsyncClientBuilder,org.apache.hc.client5.http.impl.async.H2AsyncClientBuilder_ESTest,47,0,False
775,NPEX,HttpComponents_Client-f6333a50,1,c1085af2911b4f07b9cd69b4b90a0052,org.apache.hc.client5.http.impl.async.HttpAsyncClientBuilder,org.apache.hc.client5.http.impl.async.HttpAsyncClientBuilder_ESTest,50,0,False
776,NPEX,HttpComponents_Client-f6333a50,1,c1085af2911b4f07b9cd69b4b90a0052,org.apache.hc.client5.http.impl.async.H2AsyncClientBuilder,org.apache.hc.client5.http.impl.async.H2AsyncClientBuilder_ESTest,48,0,False
777,NPEX,HttpComponents_Client-f6333a50,1,c435b45448ea48e5a2a4b6e32181fd8f,org.apache.hc.client5.http.impl.async.HttpAsyncClientBuilder,org.apache.hc.client5.http.impl.async.HttpAsyncClientBuilder_ESTest,48,0,False
778,NPEX,HttpComponents_Client-f6333a50,1,c435b45448ea48e5a2a4b6e32181fd8f,org.apache.hc.client5.http.impl.async.H2AsyncClientBuilder,org.apache.hc.client5.http.impl.async.H2AsyncClientBuilder_ESTest,45,0,False
779,NPEX,HttpComponents_Client-f6333a50,1,7fa9910015de4966af46438f63a80b86,org.apache.hc.client5.http.impl.async.HttpAsyncClientBuilder,org.apache.hc.client5.http.impl.async.HttpAsyncClientBuilder_ESTest,48,0,False
780,NPEX,HttpComponents_Client-f6333a50,1,7fa9910015de4966af46438f63a80b86,org.apache.hc.client5.http.impl.async.H2AsyncClientBuilder,org.apache.hc.client5.http.impl.async.H2AsyncClientBuilder_ESTest,46,0,False
781,NPEX,HttpComponents_Client-f6333a50,1,4f4999e1456f4efbaf590967a4c9d309,org.apache.hc.client5.http.impl.async.HttpAsyncClientBuilder,org.apache.hc.client5.http.impl.async.HttpAsyncClientBuilder_ESTest,53,0,False
782,NPEX,HttpComponents_Client-f6333a50,1,4f4999e1456f4efbaf590967a4c9d309,org.apache.hc.client5.http.impl.async.H2AsyncClientBuilder,org.apache.hc.client5.http.impl.async.H2AsyncClientBuilder_ESTest,47,0,False
783,NPEX,HttpComponents_Client-f6333a50,1,b9d52ac9ae434d96b4eb9328039282c4,org.apache.hc.client5.http.impl.async.HttpAsyncClientBuilder,org.apache.hc.client5.http.impl.async.HttpAsyncClientBuilder_ESTest,49,0,False
784,NPEX,HttpComponents_Client-f6333a50,1,b9d52ac9ae434d96b4eb9328039282c4,org.apache.hc.client5.http.impl.async.H2AsyncClientBuilder,org.apache.hc.client5.http.impl.async.H2AsyncClientBuilder_ESTest,49,0,False
785,NPEX,HttpComponents_Client-f6333a50,1,0c0908daa9554fd584e5cc32efcc0b8d,org.apache.hc.client5.http.impl.async.HttpAsyncClientBuilder,org.apache.hc.client5.http.impl.async.HttpAsyncClientBuilder_ESTest,50,0,False
786,NPEX,HttpComponents_Client-f6333a50,1,0c0908daa9554fd584e5cc32efcc0b8d,org.apache.hc.client5.http.impl.async.H2AsyncClientBuilder,org.apache.hc.client5.http.impl.async.H2AsyncClientBuilder_ESTest,46,0,False
787,NPEX,HttpComponents_Client-f6333a50,1,d75250ad00b04d4692bdad2bb45ad449,org.apache.hc.client5.http.impl.async.HttpAsyncClientBuilder,org.apache.hc.client5.http.impl.async.HttpAsyncClientBuilder_ESTest,49,0,False
788,NPEX,HttpComponents_Client-f6333a50,1,d75250ad00b04d4692bdad2bb45ad449,org.apache.hc.client5.http.impl.async.H2AsyncClientBuilder,org.apache.hc.client5.http.impl.async.H2AsyncClientBuilder_ESTest,44,0,False
789,NPEX,HttpComponents_Client-f6333a50,1,00ab0971ba9f4744b6ad5712aa21cdce,org.apache.hc.client5.http.impl.async.HttpAsyncClientBuilder,org.apache.hc.client5.http.impl.async.HttpAsyncClientBuilder_ESTest,50,0,False
790,NPEX,HttpComponents_Client-f6333a50,1,00ab0971ba9f4744b6ad5712aa21cdce,org.apache.hc.client5.http.impl.async.H2AsyncClientBuilder,org.apache.hc.client5.http.impl.async.H2AsyncClientBuilder_ESTest,48,0,False
791,NPEX,HttpComponents_Client-f6333a50,2,714ed836503f41d4b58aa15a585565e6,org.apache.hc.client5.http.impl.async.HttpAsyncClientBuilder,org.apache.hc.client5.http.impl.async.HttpAsyncClientBuilder_ESTest,47,0,False
792,NPEX,HttpComponents_Client-f6333a50,2,714ed836503f41d4b58aa15a585565e6,org.apache.hc.client5.http.impl.async.H2AsyncClientBuilder,org.apache.hc.client5.http.impl.async.H2AsyncClientBuilder_ESTest,44,0,False
793,NPEX,HttpComponents_Client-f6333a50,2,3ab0bd8bc46e49d9b7a37ed9ae10bba5,org.apache.hc.client5.http.impl.async.HttpAsyncClientBuilder,org.apache.hc.client5.http.impl.async.HttpAsyncClientBuilder_ESTest,52,0,False
794,NPEX,HttpComponents_Client-f6333a50,2,3ab0bd8bc46e49d9b7a37ed9ae10bba5,org.apache.hc.client5.http.impl.async.H2AsyncClientBuilder,org.apache.hc.client5.http.impl.async.H2AsyncClientBuilder_ESTest,47,0,False
795,NPEX,HttpComponents_Client-f6333a50,2,c1085af2911b4f07b9cd69b4b90a0052,org.apache.hc.client5.http.impl.async.HttpAsyncClientBuilder,org.apache.hc.client5.http.impl.async.HttpAsyncClientBuilder_ESTest,50,0,False
796,NPEX,HttpComponents_Client-f6333a50,2,c1085af2911b4f07b9cd69b4b90a0052,org.apache.hc.client5.http.impl.async.H2AsyncClientBuilder,org.apache.hc.client5.http.impl.async.H2AsyncClientBuilder_ESTest,48,0,False
797,NPEX,HttpComponents_Client-f6333a50,2,c435b45448ea48e5a2a4b6e32181fd8f,org.apache.hc.client5.http.impl.async.HttpAsyncClientBuilder,org.apache.hc.client5.http.impl.async.HttpAsyncClientBuilder_ESTest,48,0,False
798,NPEX,HttpComponents_Client-f6333a50,2,c435b45448ea48e5a2a4b6e32181fd8f,org.apache.hc.client5.http.impl.async.H2AsyncClientBuilder,org.apache.hc.client5.http.impl.async.H2AsyncClientBuilder_ESTest,45,0,False
799,NPEX,HttpComponents_Client-f6333a50,2,7fa9910015de4966af46438f63a80b86,org.apache.hc.client5.http.impl.async.HttpAsyncClientBuilder,org.apache.hc.client5.http.impl.async.HttpAsyncClientBuilder_ESTest,48,0,False
800,NPEX,HttpComponents_Client-f6333a50,2,7fa9910015de4966af46438f63a80b86,org.apache.hc.client5.http.impl.async.H2AsyncClientBuilder,org.apache.hc.client5.http.impl.async.H2AsyncClientBuilder_ESTest,46,0,False
801,NPEX,HttpComponents_Client-f6333a50,2,4f4999e1456f4efbaf590967a4c9d309,org.apache.hc.client5.http.impl.async.HttpAsyncClientBuilder,org.apache.hc.client5.http.impl.async.HttpAsyncClientBuilder_ESTest,53,0,False
802,NPEX,HttpComponents_Client-f6333a50,2,4f4999e1456f4efbaf590967a4c9d309,org.apache.hc.client5.http.impl.async.H2AsyncClientBuilder,org.apache.hc.client5.http.impl.async.H2AsyncClientBuilder_ESTest,47,0,False
803,NPEX,HttpComponents_Client-f6333a50,2,b9d52ac9ae434d96b4eb9328039282c4,org.apache.hc.client5.http.impl.async.HttpAsyncClientBuilder,org.apache.hc.client5.http.impl.async.HttpAsyncClientBuilder_ESTest,49,0,False
804,NPEX,HttpComponents_Client-f6333a50,2,b9d52ac9ae434d96b4eb9328039282c4,org.apache.hc.client5.http.impl.async.H2AsyncClientBuilder,org.apache.hc.client5.http.impl.async.H2AsyncClientBuilder_ESTest,49,0,False
805,NPEX,HttpComponents_Client-f6333a50,2,0c0908daa9554fd584e5cc32efcc0b8d,org.apache.hc.client5.http.impl.async.HttpAsyncClientBuilder,org.apache.hc.client5.http.impl.async.HttpAsyncClientBuilder_ESTest,50,0,False
806,NPEX,HttpComponents_Client-f6333a50,2,0c0908daa9554fd584e5cc32efcc0b8d,org.apache.hc.client5.http.impl.async.H2AsyncClientBuilder,org.apache.hc.client5.http.impl.async.H2AsyncClientBuilder_ESTest,46,0,False
807,NPEX,HttpComponents_Client-f6333a50,2,d75250ad00b04d4692bdad2bb45ad449,org.apache.hc.client5.http.impl.async.HttpAsyncClientBuilder,org.apache.hc.client5.http.impl.async.HttpAsyncClientBuilder_ESTest,49,0,False
808,NPEX,HttpComponents_Client-f6333a50,2,d75250ad00b04d4692bdad2bb45ad449,org.apache.hc.client5.http.impl.async.H2AsyncClientBuilder,org.apache.hc.client5.http.impl.async.H2AsyncClientBuilder_ESTest,44,0,False
809,NPEX,HttpComponents_Client-f6333a50,2,00ab0971ba9f4744b6ad5712aa21cdce,org.apache.hc.client5.http.impl.async.HttpAsyncClientBuilder,org.apache.hc.client5.http.impl.async.HttpAsyncClientBuilder_ESTest,50,0,False
810,NPEX,HttpComponents_Client-f6333a50,2,00ab0971ba9f4744b6ad5712aa21cdce,org.apache.hc.client5.http.impl.async.H2AsyncClientBuilder,org.apache.hc.client5.http.impl.async.H2AsyncClientBuilder_ESTest,48,0,False
811,NPEX,HttpComponents_Client-f6333a50,3,714ed836503f41d4b58aa15a585565e6,org.apache.hc.client5.http.impl.async.HttpAsyncClientBuilder,org.apache.hc.client5.http.impl.async.HttpAsyncClientBuilder_ESTest,47,0,False
812,NPEX,HttpComponents_Client-f6333a50,3,714ed836503f41d4b58aa15a585565e6,org.apache.hc.client5.http.impl.async.H2AsyncClientBuilder,org.apache.hc.client5.http.impl.async.H2AsyncClientBuilder_ESTest,44,0,False
813,NPEX,HttpComponents_Client-f6333a50,3,3ab0bd8bc46e49d9b7a37ed9ae10bba5,org.apache.hc.client5.http.impl.async.HttpAsyncClientBuilder,org.apache.hc.client5.http.impl.async.HttpAsyncClientBuilder_ESTest,52,0,False
814,NPEX,HttpComponents_Client-f6333a50,3,3ab0bd8bc46e49d9b7a37ed9ae10bba5,org.apache.hc.client5.http.impl.async.H2AsyncClientBuilder,org.apache.hc.client5.http.impl.async.H2AsyncClientBuilder_ESTest,47,0,False
815,NPEX,HttpComponents_Client-f6333a50,3,c1085af2911b4f07b9cd69b4b90a0052,org.apache.hc.client5.http.impl.async.HttpAsyncClientBuilder,org.apache.hc.client5.http.impl.async.HttpAsyncClientBuilder_ESTest,50,0,False
816,NPEX,HttpComponents_Client-f6333a50,3,c1085af2911b4f07b9cd69b4b90a0052,org.apache.hc.client5.http.impl.async.H2AsyncClientBuilder,org.apache.hc.client5.http.impl.async.H2AsyncClientBuilder_ESTest,48,0,False
817,NPEX,HttpComponents_Client-f6333a50,3,c435b45448ea48e5a2a4b6e32181fd8f,org.apache.hc.client5.http.impl.async.HttpAsyncClientBuilder,org.apache.hc.client5.http.impl.async.HttpAsyncClientBuilder_ESTest,48,0,False
818,NPEX,HttpComponents_Client-f6333a50,3,c435b45448ea48e5a2a4b6e32181fd8f,org.apache.hc.client5.http.impl.async.H2AsyncClientBuilder,org.apache.hc.client5.http.impl.async.H2AsyncClientBuilder_ESTest,45,0,False
819,NPEX,HttpComponents_Client-f6333a50,3,7fa9910015de4966af46438f63a80b86,org.apache.hc.client5.http.impl.async.HttpAsyncClientBuilder,org.apache.hc.client5.http.impl.async.HttpAsyncClientBuilder_ESTest,48,0,False
820,NPEX,HttpComponents_Client-f6333a50,3,7fa9910015de4966af46438f63a80b86,org.apache.hc.client5.http.impl.async.H2AsyncClientBuilder,org.apache.hc.client5.http.impl.async.H2AsyncClientBuilder_ESTest,46,0,False
821,NPEX,HttpComponents_Client-f6333a50,3,4f4999e1456f4efbaf590967a4c9d309,org.apache.hc.client5.http.impl.async.HttpAsyncClientBuilder,org.apache.hc.client5.http.impl.async.HttpAsyncClientBuilder_ESTest,53,0,False
822,NPEX,HttpComponents_Client-f6333a50,3,4f4999e1456f4efbaf590967a4c9d309,org.apache.hc.client5.http.impl.async.H2AsyncClientBuilder,org.apache.hc.client5.http.impl.async.H2AsyncClientBuilder_ESTest,47,0,False
823,NPEX,HttpComponents_Client-f6333a50,3,b9d52ac9ae434d96b4eb9328039282c4,org.apache.hc.client5.http.impl.async.HttpAsyncClientBuilder,org.apache.hc.client5.http.impl.async.HttpAsyncClientBuilder_ESTest,49,0,False
824,NPEX,HttpComponents_Client-f6333a50,3,b9d52ac9ae434d96b4eb9328039282c4,org.apache.hc.client5.http.impl.async.H2AsyncClientBuilder,org.apache.hc.client5.http.impl.async.H2AsyncClientBuilder_ESTest,49,0,False
825,NPEX,HttpComponents_Client-f6333a50,3,0c0908daa9554fd584e5cc32efcc0b8d,org.apache.hc.client5.http.impl.async.HttpAsyncClientBuilder,org.apache.hc.client5.http.impl.async.HttpAsyncClientBuilder_ESTest,50,0,False
826,NPEX,HttpComponents_Client-f6333a50,3,0c0908daa9554fd584e5cc32efcc0b8d,org.apache.hc.client5.http.impl.async.H2AsyncClientBuilder,org.apache.hc.client5.http.impl.async.H2AsyncClientBuilder_ESTest,46,0,False
827,NPEX,HttpComponents_Client-f6333a50,3,d75250ad00b04d4692bdad2bb45ad449,org.apache.hc.client5.http.impl.async.HttpAsyncClientBuilder,org.apache.hc.client5.http.impl.async.HttpAsyncClientBuilder_ESTest,49,0,False
828,NPEX,HttpComponents_Client-f6333a50,3,d75250ad00b04d4692bdad2bb45ad449,org.apache.hc.client5.http.impl.async.H2AsyncClientBuilder,org.apache.hc.client5.http.impl.async.H2AsyncClientBuilder_ESTest,44,0,False
829,NPEX,HttpComponents_Client-f6333a50,3,00ab0971ba9f4744b6ad5712aa21cdce,org.apache.hc.client5.http.impl.async.HttpAsyncClientBuilder,org.apache.hc.client5.http.impl.async.HttpAsyncClientBuilder_ESTest,50,0,False
830,NPEX,HttpComponents_Client-f6333a50,3,00ab0971ba9f4744b6ad5712aa21cdce,org.apache.hc.client5.http.impl.async.H2AsyncClientBuilder,org.apache.hc.client5.http.impl.async.H2AsyncClientBuilder_ESTest,48,0,False
831,NPEX,Async_Http_Client-fbc6d486,0,7c3a157997d84b14af6e88edc73b279e,org.asynchttpclient.RequestBuilderBase,org.asynchttpclient.RequestBuilderBase_ESTest,1,0,False
832,NPEX,Async_Http_Client-fbc6d486,0,42bb4165a4bd4095bb637c81bef9fedd,org.asynchttpclient.RequestBuilderBase,org.asynchttpclient.RequestBuilderBase_ESTest,1,0,False
833,NPEX,Async_Http_Client-fbc6d486,0,c05ec71640124feaa03771c42f5ed571,org.asynchttpclient.RequestBuilderBase,org.asynchttpclient.RequestBuilderBase_ESTest,1,0,False
834,NPEX,Async_Http_Client-fbc6d486,0,9124df8c6def46528c874ba7f7da7e9b,org.asynchttpclient.RequestBuilderBase,org.asynchttpclient.RequestBuilderBase_ESTest,1,0,False
835,NPEX,Async_Http_Client-fbc6d486,0,2b1ed6277a934b4f8a63d52875dd3454,org.asynchttpclient.RequestBuilderBase,org.asynchttpclient.RequestBuilderBase_ESTest,1,0,False
836,NPEX,Async_Http_Client-fbc6d486,0,fa525a70001540d292a1bcca9fa0a597,org.asynchttpclient.RequestBuilderBase,org.asynchttpclient.RequestBuilderBase_ESTest,1,0,False
837,NPEX,Async_Http_Client-fbc6d486,0,a5ac01eb28364f4eaaba084d280963f9,org.asynchttpclient.RequestBuilderBase,org.asynchttpclient.RequestBuilderBase_ESTest,1,0,False
838,NPEX,Async_Http_Client-fbc6d486,0,3bb2404eb6a046ae85165ee8dd57807d,org.asynchttpclient.RequestBuilderBase,org.asynchttpclient.RequestBuilderBase_ESTest,1,0,False
839,NPEX,Async_Http_Client-fbc6d486,0,b21a3754669140bcb2907a75ab1bb2ad,org.asynchttpclient.RequestBuilderBase,org.asynchttpclient.RequestBuilderBase_ESTest,1,0,False
840,NPEX,Async_Http_Client-fbc6d486,0,6ce057385c6f4e26b8a6bb147c28348a,org.asynchttpclient.RequestBuilderBase,org.asynchttpclient.RequestBuilderBase_ESTest,1,0,False
841,NPEX,ShardingSphere-9833fb9a,0,a2ae4c731a5f41b8ab13022e38318b39,org.apache.shardingsphere.governance.core.yaml.swapper.SchemaYamlSwapper,org.apache.shardingsphere.governance.core.yaml.swapper.SchemaYamlSwapper_ESTest,2,0,False
842,NPEX,ShardingSphere-9833fb9a,0,83b2eff09eee441a95bb1e42ba7fb497,org.apache.shardingsphere.governance.core.yaml.swapper.SchemaYamlSwapper,org.apache.shardingsphere.governance.core.yaml.swapper.SchemaYamlSwapper_ESTest,3,0,False
843,NPEX,ShardingSphere-9833fb9a,0,6f51ea00758e40848a46bc39d4e3a4f2,org.apache.shardingsphere.governance.core.yaml.swapper.SchemaYamlSwapper,org.apache.shardingsphere.governance.core.yaml.swapper.SchemaYamlSwapper_ESTest,2,0,False
844,NPEX,ShardingSphere-9833fb9a,0,f811e543050f4fc9abd432fe8fa6b09f,org.apache.shardingsphere.governance.core.yaml.swapper.SchemaYamlSwapper,org.apache.shardingsphere.governance.core.yaml.swapper.SchemaYamlSwapper_ESTest,3,0,False
845,NPEX,ShardingSphere-9833fb9a,0,929d46917d72480bb0866bebd329bbe4,org.apache.shardingsphere.governance.core.yaml.swapper.SchemaYamlSwapper,org.apache.shardingsphere.governance.core.yaml.swapper.SchemaYamlSwapper_ESTest,3,0,False
846,NPEX,ShardingSphere-9833fb9a,0,a5cceff1657d478e843b16b5396a4f87,org.apache.shardingsphere.governance.core.yaml.swapper.SchemaYamlSwapper,org.apache.shardingsphere.governance.core.yaml.swapper.SchemaYamlSwapper_ESTest,3,0,False
847,NPEX,Easy_Rules-d5385af5,0,ce8cd98aef484d658029f268c5c9202e,org.jeasy.rules.mvel.MVELRuleDefinitionReader,org.jeasy.rules.mvel.MVELRuleDefinitionReader_ESTest,0,0,False
848,NPEX,Easy_Rules-d5385af5,0,a2aa32d909ec456aa36b8926354bd855,org.jeasy.rules.mvel.MVELRuleDefinitionReader,org.jeasy.rules.mvel.MVELRuleDefinitionReader_ESTest,1,0,False
849,NPEX,Easy_Rules-d5385af5,0,c4dde79e783f4825b4b182c7fd5bf58a,org.jeasy.rules.mvel.MVELRuleDefinitionReader,org.jeasy.rules.mvel.MVELRuleDefinitionReader_ESTest,0,0,False
850,NPEX,Easy_Rules-d5385af5,0,da4bc8fd0ecf4d259b6a9f735a653c17,org.jeasy.rules.mvel.MVELRuleDefinitionReader,org.jeasy.rules.mvel.MVELRuleDefinitionReader_ESTest,1,0,False
851,NPEX,Easy_Rules-d5385af5,0,7ce1bfd6c42d48868fb40d7c55fda19c,org.jeasy.rules.mvel.MVELRuleDefinitionReader,org.jeasy.rules.mvel.MVELRuleDefinitionReader_ESTest,0,0,False
852,NPEX,Easy_Rules-d5385af5,0,875b9e336c5e4da2aefe27daa668795e,org.jeasy.rules.mvel.MVELRuleDefinitionReader,org.jeasy.rules.mvel.MVELRuleDefinitionReader_ESTest,1,0,False
853,NPEX,Easy_Rules-d5385af5,0,79fab1816eac4a92af990b6a94429b7c,org.jeasy.rules.mvel.MVELRuleDefinitionReader,org.jeasy.rules.mvel.MVELRuleDefinitionReader_ESTest,1,0,False
854,NPEX,Easy_Rules-d5385af5,0,7dd05b4e186e4bf2beed42857ee2b44e,org.jeasy.rules.mvel.MVELRuleDefinitionReader,org.jeasy.rules.mvel.MVELRuleDefinitionReader_ESTest,1,0,False
855,NPEX,Hivemall-04fa7545,0,0eff6fe2353a495faf17ea1a4c3a3f39,hivemall.GeneralLearnerBaseUDTF,hivemall.GeneralLearnerBaseUDTF_ESTest,13,0,False
856,NPEX,Hivemall-04fa7545,0,57be92e7f40c4e3989c2fcd6318c1cf4,hivemall.GeneralLearnerBaseUDTF,hivemall.GeneralLearnerBaseUDTF_ESTest,16,0,False
857,NPEX,Hivemall-04fa7545,0,7c003a9b030644f28a4e1c859cbf23ca,hivemall.GeneralLearnerBaseUDTF,hivemall.GeneralLearnerBaseUDTF_ESTest,16,0,True
858,NPEX,Hivemall-04fa7545,0,097727a4d5f04d85b1ef3449f03b38e7,hivemall.GeneralLearnerBaseUDTF,hivemall.GeneralLearnerBaseUDTF_ESTest,15,0,False
859,NPEX,Hivemall-04fa7545,0,76323324dec74d398d087de6a905bdae,hivemall.GeneralLearnerBaseUDTF,hivemall.GeneralLearnerBaseUDTF_ESTest,15,0,False
860,NPEX,Hivemall-04fa7545,0,36fb0645e4634ecb898af558f5595e1e,hivemall.GeneralLearnerBaseUDTF,hivemall.GeneralLearnerBaseUDTF_ESTest,10,0,False
861,NPEX,Hivemall-04fa7545,0,abd8a4b53f394dd385bb18d5fc933bfe,hivemall.GeneralLearnerBaseUDTF,hivemall.GeneralLearnerBaseUDTF_ESTest,17,0,True
862,NPEX,Hivemall-04fa7545,0,19b1958f6e214edf8332251a299d096c,hivemall.GeneralLearnerBaseUDTF,hivemall.GeneralLearnerBaseUDTF_ESTest,18,0,True
863,NPEX,IoTDB-9bced7b6,0,0d87360b027345a48a7eb46bf23f1b49,org.apache.iotdb.db.metadata.MTree,org.apache.iotdb.db.metadata.MTree_ESTest,75,0,False
864,NPEX,IoTDB-9bced7b6,0,58fe10e389794fa88e729f1d590cc152,org.apache.iotdb.db.metadata.MTree,org.apache.iotdb.db.metadata.MTree_ESTest,77,0,False
865,NPEX,IoTDB-9bced7b6,0,05445f43fb334a2497114b607d50ab32,org.apache.iotdb.db.metadata.MTree,org.apache.iotdb.db.metadata.MTree_ESTest,74,0,False
866,NPEX,IoTDB-9bced7b6,0,9eb8bf91fbd84a5ebc5b1c70d5e8c728,org.apache.iotdb.db.metadata.MTree,org.apache.iotdb.db.metadata.MTree_ESTest,84,0,False
867,NPEX,IoTDB-9bced7b6,0,689eb54944b64ff4af68b86186fca27a,org.apache.iotdb.db.metadata.MTree,org.apache.iotdb.db.metadata.MTree_ESTest,75,0,False
868,NPEX,IoTDB-9bced7b6,0,3bd401c9d94e4f10bded678306793f90,org.apache.iotdb.db.metadata.MTree,org.apache.iotdb.db.metadata.MTree_ESTest,84,0,False
869,NPEX,IoTDB-9bced7b6,0,5e0f535fbc9b4a3799bebc8429a8b7ba,org.apache.iotdb.db.metadata.MTree,org.apache.iotdb.db.metadata.MTree_ESTest,77,0,False
870,NPEX,IoTDB-9bced7b6,0,9f5e8fce5aa64b9aa736af25efcc02d7,org.apache.iotdb.db.metadata.MTree,org.apache.iotdb.db.metadata.MTree_ESTest,74,0,False
871,NPEX,IoTDB-9bced7b6,0,62e7125473cd4c20834f0c071942bcea,org.apache.iotdb.db.metadata.MTree,org.apache.iotdb.db.metadata.MTree_ESTest,80,0,False
872,NPEX,IoTDB-9bced7b6,0,299da396742f4b8c93f07e7c0e22a88a,org.apache.iotdb.db.metadata.MTree,org.apache.iotdb.db.metadata.MTree_ESTest,77,0,True
873,Bears,Bears-88,0,b7b1a07c9c274ea2be3c01ac6ed9478e,org.springframework.data.repository.config.RepositoryBeanNameGenerator,org.springframework.data.repository.config.RepositoryBeanNameGenerator_ESTest,0,0,False
874,Bears,Bears-88,0,0892129614e64072ba231884e65fa121,org.springframework.data.repository.config.RepositoryBeanNameGenerator,org.springframework.data.repository.config.RepositoryBeanNameGenerator_ESTest,1,0,False
875,Bears,Bears-88,0,9be8d40f5ee64114b50d25f9ad84385b,org.springframework.data.repository.config.RepositoryBeanNameGenerator,org.springframework.data.repository.config.RepositoryBeanNameGenerator_ESTest,2,0,False
876,Bears,Bears-88,0,806b23bb4745452ba484e3998c8dbe16,org.springframework.data.repository.config.RepositoryBeanNameGenerator,org.springframework.data.repository.config.RepositoryBeanNameGenerator_ESTest,2,0,False
877,Bears,Bears-88,0,28301c93fc574b57b756863d77596e99,org.springframework.data.repository.config.RepositoryBeanNameGenerator,org.springframework.data.repository.config.RepositoryBeanNameGenerator_ESTest,2,0,False
878,Bears,Bears-88,0,e3f6e10a923e4390884c48ef846b1db5,org.springframework.data.repository.config.RepositoryBeanNameGenerator,org.springframework.data.repository.config.RepositoryBeanNameGenerator_ESTest,0,0,False
879,Bears,Bears-222,0,5c3f9cf2b6b04237ac7e0c3989580615,org.jgrapht.generate.WattsStrogatzGraphGenerator,org.jgrapht.generate.WattsStrogatzGraphGenerator_ESTest,2,0,False
880,Bears,Bears-222,0,42c1a9de57a14d06820587348db78d72,org.jgrapht.generate.WattsStrogatzGraphGenerator,org.jgrapht.generate.WattsStrogatzGraphGenerator_ESTest,3,0,False
881,Bears,Bears-222,0,906d6681481b4aeea05f6b1e97d97094,org.jgrapht.generate.WattsStrogatzGraphGenerator,org.jgrapht.generate.WattsStrogatzGraphGenerator_ESTest,3,0,False
882,Bears,Bears-222,0,520b547f03c44c86ba2c530a43687339,org.jgrapht.generate.WattsStrogatzGraphGenerator,org.jgrapht.generate.WattsStrogatzGraphGenerator_ESTest,2,0,False
883,Bears,Bears-56,0,657401a71026470d9555a911d69eee32,spoon.reflect.visitor.ImportScannerImpl,spoon.reflect.visitor.ImportScannerImpl_ESTest,15,0,False
884,Bears,Bears-56,0,7937ad0e30c74df7a27396a9749aaa2e,spoon.reflect.visitor.ImportScannerImpl,spoon.reflect.visitor.ImportScannerImpl_ESTest,19,0,False
885,Bears,Bears-56,0,5d2aa95289304e39ac3f433cbdb1ebc5,spoon.reflect.visitor.ImportScannerImpl,spoon.reflect.visitor.ImportScannerImpl_ESTest,12,0,False
886,Bears,Bears-56,0,fe9d9be4c4f542c292ff1edc6277b120,spoon.reflect.visitor.ImportScannerImpl,spoon.reflect.visitor.ImportScannerImpl_ESTest,17,0,False
887,Bears,Bears-56,0,5e6ca49eec32470fbe731454ef464f34,spoon.reflect.visitor.ImportScannerImpl,spoon.reflect.visitor.ImportScannerImpl_ESTest,17,0,False
888,Bears,Bears-56,0,c1ffe57debb047d6a017ed69b4422f3e,spoon.reflect.visitor.ImportScannerImpl,spoon.reflect.visitor.ImportScannerImpl_ESTest,13,0,False
889,Bears,Bears-56,0,01a644ad3a3a48209d7e390bb8b6575c,spoon.reflect.visitor.ImportScannerImpl,spoon.reflect.visitor.ImportScannerImpl_ESTest,12,0,False
890,Bears,Bears-56,0,02bc404983144321bb7db42c8bddc2bf,spoon.reflect.visitor.ImportScannerImpl,spoon.reflect.visitor.ImportScannerImpl_ESTest,20,0,False
891,Bears,Bears-56,0,33623a9d56da401d9f47edab76b35fe6,spoon.reflect.visitor.ImportScannerImpl,spoon.reflect.visitor.ImportScannerImpl_ESTest,20,0,False
892,Bears,Bears-72,0,1d580a0efd8c4a96bdd001c932117a50,spoon.reflect.visitor.DefaultJavaPrettyPrinter,spoon.reflect.visitor.DefaultJavaPrettyPrinter_ESTest,50,0,False
893,Bears,Bears-72,0,be158af984a1484e872067197eb0d026,spoon.reflect.visitor.DefaultJavaPrettyPrinter,spoon.reflect.visitor.DefaultJavaPrettyPrinter_ESTest,66,0,False
894,Bears,Bears-72,0,97995b56ec3b48468c4dac6974097869,spoon.reflect.visitor.DefaultJavaPrettyPrinter,spoon.reflect.visitor.DefaultJavaPrettyPrinter_ESTest,59,0,False
895,Bears,Bears-72,0,39ce98aaf82e4d04be8777fef51478f7,spoon.reflect.visitor.DefaultJavaPrettyPrinter,spoon.reflect.visitor.DefaultJavaPrettyPrinter_ESTest,48,0,False
896,Bears,Bears-72,0,e475d5dd29f642a7bbfb76f8d7f76f8b,spoon.reflect.visitor.DefaultJavaPrettyPrinter,spoon.reflect.visitor.DefaultJavaPrettyPrinter_ESTest,75,0,False
897,Bears,Bears-72,0,c5150572c49b44c49075ded003f85e7b,spoon.reflect.visitor.DefaultJavaPrettyPrinter,spoon.reflect.visitor.DefaultJavaPrettyPrinter_ESTest,41,0,False
898,Bears,Bears-189,0,6499c346a1e846f6be3ff1eb05847bf5,hu.oe.nik.szfmv.detector.classes.Detector,hu.oe.nik.szfmv.detector.classes.Detector_ESTest,5,0,False
899,Bears,Bears-189,0,5971d9e951834b1eb1ffd372abc38e59,hu.oe.nik.szfmv.detector.classes.Detector,hu.oe.nik.szfmv.detector.classes.Detector_ESTest,5,0,False
900,Bears,Bears-189,0,1c7a478ef0554d639533c440ab01dd78,hu.oe.nik.szfmv.detector.classes.Detector,hu.oe.nik.szfmv.detector.classes.Detector_ESTest,5,0,False
901,Bears,Bears-189,0,cf367f5ac5cf41bc917c33a37fb6e2fc,hu.oe.nik.szfmv.detector.classes.Detector,hu.oe.nik.szfmv.detector.classes.Detector_ESTest,5,0,False
902,Bears,Bears-189,0,32cd94d3709446799357faba91fb9c81,hu.oe.nik.szfmv.detector.classes.Detector,hu.oe.nik.szfmv.detector.classes.Detector_ESTest,5,0,False
903,Bears,Bears-189,0,27e079a857684afea5e96fac7c3f987e,hu.oe.nik.szfmv.detector.classes.Detector,hu.oe.nik.szfmv.detector.classes.Detector_ESTest,5,0,False
904,Bears,Bears-189,0,d6541ba5036e477888ec77ecda685373,hu.oe.nik.szfmv.detector.classes.Detector,hu.oe.nik.szfmv.detector.classes.Detector_ESTest,5,0,False
905,Bears,Bears-189,0,a795f29788694b37b4b5bb266e93bc7d,hu.oe.nik.szfmv.detector.classes.Detector,hu.oe.nik.szfmv.detector.classes.Detector_ESTest,5,0,False
906,Bears,Bears-189,0,eab4d0a9f0cd42ea8a036be643fccd31,hu.oe.nik.szfmv.detector.classes.Detector,hu.oe.nik.szfmv.detector.classes.Detector_ESTest,5,0,False
907,Bears,Bears-189,0,abd033ab1cf24019ae7ec3bbed26f2d6,hu.oe.nik.szfmv.detector.classes.Detector,hu.oe.nik.szfmv.detector.classes.Detector_ESTest,5,0,False
908,Bears,Bears-46,0,5ab43f53291a4cab86024b3d497bdbef,spoon.support.reflect.declaration.CtElementImpl,spoon.support.reflect.declaration.CtElementImpl_ESTest,32,0,False
909,Bears,Bears-46,0,0cd95347baa641d69fecc67373d498d6,spoon.support.reflect.declaration.CtElementImpl,spoon.support.reflect.declaration.CtElementImpl_ESTest,29,0,False
910,Bears,Bears-70,0,95ff8a6855ad4fe88527887567d22e66,spoon.support.compiler.jdt.ContextBuilder,spoon.support.compiler.jdt.ContextBuilder_ESTest,7,0,False
911,Bears,Bears-70,0,13305440a14e409c8d092242b2e58a13,spoon.support.compiler.jdt.ContextBuilder,spoon.support.compiler.jdt.ContextBuilder_ESTest,4,0,False
912,Bears,Bears-70,0,83460bed25ef4d93b2e3b784f5c854ab,spoon.support.compiler.jdt.ContextBuilder,spoon.support.compiler.jdt.ContextBuilder_ESTest,7,0,False
913,Bears,Bears-70,0,411655e9fa774841b46d2801cf0487f2,spoon.support.compiler.jdt.ContextBuilder,spoon.support.compiler.jdt.ContextBuilder_ESTest,6,0,False
914,Bears,Bears-70,0,579eb4752082406aa67311816ba27f13,spoon.support.compiler.jdt.ContextBuilder,spoon.support.compiler.jdt.ContextBuilder_ESTest,8,0,False
915,Bears,Bears-70,0,da2605cab6384ef78a8af6d72f85bf79,spoon.support.compiler.jdt.ContextBuilder,spoon.support.compiler.jdt.ContextBuilder_ESTest,5,0,False
916,Bears,Bears-70,0,76a3a4de02304c4c81f87f0ce5c7a144,spoon.support.compiler.jdt.ContextBuilder,spoon.support.compiler.jdt.ContextBuilder_ESTest,6,0,False
