,benchmark_group,benchmark_name,npe_label,experiment_id,input_class,replayed_testsuite,compiled_tests,commented_tests,npe_reproduced
0,BugSwarm,Universal_G__Code_Sender-172454077,0,318a1f8d4e49494ba6f21b04d0d82ab2,com.willwinder.universalgcodesender.GrblController,com.willwinder.universalgcodesender.GrblController_ESTest,46,0,True
1,BugSwarm,Universal_G__Code_Sender-172454077,1,318a1f8d4e49494ba6f21b04d0d82ab2,com.willwinder.universalgcodesender.GrblController,com.willwinder.universalgcodesender.GrblController_ESTest,46,0,True
2,BugSwarm,deadcode4j-131735009,0,03dc060adbfe416dbb63fa2864e0efe7,org.sbolstandard.core2.ComponentDefinition,org.sbolstandard.core2.ComponentDefinition_ESTest,160,0,False
3,BugSwarm,Petergeneric__Stdlib-290369132,0,0ebcd50accc344e38e6aad5cdc7a9e38,com.peterphi.std.guice.hibernate.webquery.impl.jpa.JPASearchExecutor,com.peterphi.std.guice.hibernate.webquery.impl.jpa.JPASearchExecutor_ESTest,5,0,True
4,BugSwarm,Petergeneric__Stdlib-290369132,0,46636a251a7c4ffeaaf16dcae402e8b8,com.peterphi.std.guice.hibernate.webquery.impl.jpa.JPASearchExecutor,com.peterphi.std.guice.hibernate.webquery.impl.jpa.JPASearchExecutor_ESTest,3,0,True
5,BugSwarm,Petergeneric__Stdlib-290369132,0,570d7e2bf0fb49a29ed26ee757b006bc,com.peterphi.std.guice.hibernate.webquery.impl.jpa.JPASearchExecutor,com.peterphi.std.guice.hibernate.webquery.impl.jpa.JPASearchExecutor_ESTest,2,0,True
6,BugSwarm,Atomix-298262068,0,3931e995cc11496a8b1c62900e066fdd,io.atomix.primitives.leadership.impl.RaftLeaderElectorService,io.atomix.primitives.leadership.impl.RaftLeaderElectorService_ESTest,18,0,False
7,BugSwarm,Atomix-298262068,0,90ca2ee467a9490aae3941198f827833,io.atomix.primitives.leadership.impl.RaftLeaderElectorService,io.atomix.primitives.leadership.impl.RaftLeaderElectorService_ESTest,20,0,False
8,BugSwarm,Atomix-298262068,0,aa624ec3ea7949ce9a8b07370dc35672,io.atomix.primitives.leadership.impl.RaftLeaderElectorService,io.atomix.primitives.leadership.impl.RaftLeaderElectorService_ESTest,20,0,False
9,BugSwarm,Atomix-298262068,0,323be736791c4c318ebbc23bf7fc483d,io.atomix.primitives.leadership.impl.RaftLeaderElectorService,io.atomix.primitives.leadership.impl.RaftLeaderElectorService_ESTest,39,0,False
10,BugSwarm,Atomix-298262068,0,204c1737edeb4f8ebc58f33776b82ee1,io.atomix.primitives.leadership.impl.RaftLeaderElectorService,io.atomix.primitives.leadership.impl.RaftLeaderElectorService_ESTest,35,0,False
11,BugSwarm,Atomix-298262068,0,5d39e8be724c43ae818b1f3dc61694b6,io.atomix.primitives.leadership.impl.RaftLeaderElectorService,io.atomix.primitives.leadership.impl.RaftLeaderElectorService_ESTest,18,0,False
12,BugSwarm,Atomix-298262068,0,63e23d85fffb47268ccc24127e733e79,io.atomix.primitives.leadership.impl.RaftLeaderElectorService,io.atomix.primitives.leadership.impl.RaftLeaderElectorService_ESTest,18,0,False
13,BugSwarm,Atomix-298262068,0,35ee23373d7a4f648a40b29b26168d83,io.atomix.primitives.leadership.impl.RaftLeaderElectorService,io.atomix.primitives.leadership.impl.RaftLeaderElectorService_ESTest,20,0,False
14,BugSwarm,Atomix-298262068,0,607fc9af0be04dc4b1029a28d908413e,io.atomix.primitives.leadership.impl.RaftLeaderElectorService,io.atomix.primitives.leadership.impl.RaftLeaderElectorService_ESTest,17,0,False
15,BugSwarm,Atomix-298262068,0,60c5ea4d227c44078d151d6def0f51ae,io.atomix.primitives.leadership.impl.RaftLeaderElectorService,io.atomix.primitives.leadership.impl.RaftLeaderElectorService_ESTest,20,0,False
16,BugSwarm,Atomix-298262068,0,25e47fb00eae4aec98d72d98c767ae50,io.atomix.primitives.leadership.impl.RaftLeaderElectorService,io.atomix.primitives.leadership.impl.RaftLeaderElectorService_ESTest,20,0,False
17,BugSwarm,Jannovar-249719464,0,5170b264a8114dc5b139cee3f30dba1d,de.charite.compbio.jannovar.cmd.annotate_vcf.JannovarAnnotateVCFOptions,de.charite.compbio.jannovar.cmd.annotate_vcf.JannovarAnnotateVCFOptions_ESTest,129,0,False
18,BugSwarm,Jannovar-249719464,0,3e358e12f854467e8cec688eb6e3c6e9,de.charite.compbio.jannovar.cmd.annotate_vcf.JannovarAnnotateVCFOptions,de.charite.compbio.jannovar.cmd.annotate_vcf.JannovarAnnotateVCFOptions_ESTest,129,0,False
19,BugSwarm,Jannovar-249719464,0,a0c323ccb8f443729ce6c38f4f99c0b8,de.charite.compbio.jannovar.cmd.annotate_vcf.JannovarAnnotateVCFOptions,de.charite.compbio.jannovar.cmd.annotate_vcf.JannovarAnnotateVCFOptions_ESTest,127,0,False
20,BugSwarm,Jannovar-249719464,0,9cfe61e597f04682b6e9159383569799,de.charite.compbio.jannovar.cmd.annotate_vcf.JannovarAnnotateVCFOptions,de.charite.compbio.jannovar.cmd.annotate_vcf.JannovarAnnotateVCFOptions_ESTest,133,0,False
21,BugSwarm,Jannovar-249719464,0,9382e8131fae4b61bf3e41b74c914977,de.charite.compbio.jannovar.cmd.annotate_vcf.JannovarAnnotateVCFOptions,de.charite.compbio.jannovar.cmd.annotate_vcf.JannovarAnnotateVCFOptions_ESTest,130,0,False
22,BugSwarm,Jannovar-249719464,0,d128b8c0f6b741bb892632a55c5d2344,de.charite.compbio.jannovar.cmd.annotate_vcf.JannovarAnnotateVCFOptions,de.charite.compbio.jannovar.cmd.annotate_vcf.JannovarAnnotateVCFOptions_ESTest,128,0,False
23,BugSwarm,Jannovar-249719464,0,dbd14d6984b441108a73ca7a0e4462eb,de.charite.compbio.jannovar.cmd.annotate_vcf.JannovarAnnotateVCFOptions,de.charite.compbio.jannovar.cmd.annotate_vcf.JannovarAnnotateVCFOptions_ESTest,129,0,False
24,BugSwarm,Jannovar-249719464,0,fa4deba16f074791b9bc0ce41aa3bdda,de.charite.compbio.jannovar.cmd.annotate_vcf.JannovarAnnotateVCFOptions,de.charite.compbio.jannovar.cmd.annotate_vcf.JannovarAnnotateVCFOptions_ESTest,131,0,False
25,BugSwarm,Jannovar-249719464,0,0f809de5ee22426db93aa9adf3805555,de.charite.compbio.jannovar.cmd.annotate_vcf.JannovarAnnotateVCFOptions,de.charite.compbio.jannovar.cmd.annotate_vcf.JannovarAnnotateVCFOptions_ESTest,128,0,False
26,BugSwarm,Jannovar-249719464,0,0d769ea89dba486dacdc2ccd75fad5b5,de.charite.compbio.jannovar.cmd.annotate_vcf.JannovarAnnotateVCFOptions,de.charite.compbio.jannovar.cmd.annotate_vcf.JannovarAnnotateVCFOptions_ESTest,132,0,False
27,BugSwarm,Jannovar-249719464,0,c5c8e84147db48da98ba9924a7a77f23,de.charite.compbio.jannovar.cmd.annotate_vcf.JannovarAnnotateVCFOptions,de.charite.compbio.jannovar.cmd.annotate_vcf.JannovarAnnotateVCFOptions_ESTest,128,0,False
28,BugSwarm,Jannovar-249719464,0,9302258abbed400cad11c0df17db012d,de.charite.compbio.jannovar.cmd.annotate_vcf.JannovarAnnotateVCFOptions,de.charite.compbio.jannovar.cmd.annotate_vcf.JannovarAnnotateVCFOptions_ESTest,132,0,False
29,BugSwarm,Jannovar-249719464,0,88972684f0904e75981a8cd18bdad7ee,de.charite.compbio.jannovar.cmd.annotate_vcf.JannovarAnnotateVCFOptions,de.charite.compbio.jannovar.cmd.annotate_vcf.JannovarAnnotateVCFOptions_ESTest,127,0,False
30,BugSwarm,Jannovar-249719464,0,629459671d4e4c129329911be933ed7a,de.charite.compbio.jannovar.cmd.annotate_vcf.JannovarAnnotateVCFOptions,de.charite.compbio.jannovar.cmd.annotate_vcf.JannovarAnnotateVCFOptions_ESTest,128,0,False
31,BugSwarm,Jannovar-249719464,0,f56b322d9c1d4814a0485a08dfd8f4c0,de.charite.compbio.jannovar.cmd.annotate_vcf.JannovarAnnotateVCFOptions,de.charite.compbio.jannovar.cmd.annotate_vcf.JannovarAnnotateVCFOptions_ESTest,126,0,False
32,BugSwarm,Jannovar-249719464,0,4abf080fa3244806b3d7d5429c76716c,de.charite.compbio.jannovar.cmd.annotate_vcf.JannovarAnnotateVCFOptions,de.charite.compbio.jannovar.cmd.annotate_vcf.JannovarAnnotateVCFOptions_ESTest,125,0,False
33,BugSwarm,Jannovar-249719464,0,d09b5cf0c975453a845a478f06eaa5f4,de.charite.compbio.jannovar.cmd.annotate_vcf.JannovarAnnotateVCFOptions,de.charite.compbio.jannovar.cmd.annotate_vcf.JannovarAnnotateVCFOptions_ESTest,128,0,False
34,BugSwarm,Jannovar-249719464,0,3aa727c1e8a34669bcb2b0e6b8fdb2dc,de.charite.compbio.jannovar.cmd.annotate_vcf.JannovarAnnotateVCFOptions,de.charite.compbio.jannovar.cmd.annotate_vcf.JannovarAnnotateVCFOptions_ESTest,131,0,False
35,BugSwarm,Jannovar-249719464,0,29c06138404c4def86dbd1c1459882e7,de.charite.compbio.jannovar.cmd.annotate_vcf.JannovarAnnotateVCFOptions,de.charite.compbio.jannovar.cmd.annotate_vcf.JannovarAnnotateVCFOptions_ESTest,132,0,False
36,BugSwarm,Jannovar-249719464,0,e3f4b3ee327741618be787667254d22f,de.charite.compbio.jannovar.cmd.annotate_vcf.JannovarAnnotateVCFOptions,de.charite.compbio.jannovar.cmd.annotate_vcf.JannovarAnnotateVCFOptions_ESTest,129,0,False
37,BugSwarm,Jannovar-249719464,0,c4f1a438ecf8416fa84d50682d3a2785,de.charite.compbio.jannovar.cmd.annotate_vcf.JannovarAnnotateVCFOptions,de.charite.compbio.jannovar.cmd.annotate_vcf.JannovarAnnotateVCFOptions_ESTest,131,0,False
38,BugSwarm,Jannovar-249719464,0,45b8e1ee5bae420b9bad5973305b6a82,de.charite.compbio.jannovar.cmd.annotate_vcf.JannovarAnnotateVCFOptions,de.charite.compbio.jannovar.cmd.annotate_vcf.JannovarAnnotateVCFOptions_ESTest,126,0,False
39,BugSwarm,Jannovar-249719464,0,a353dd524bb7499ca5ecaf9919058113,de.charite.compbio.jannovar.cmd.annotate_vcf.JannovarAnnotateVCFOptions,de.charite.compbio.jannovar.cmd.annotate_vcf.JannovarAnnotateVCFOptions_ESTest,134,0,False
40,BugSwarm,Jannovar-249719464,0,821595869004443195142e6ce73312aa,de.charite.compbio.jannovar.cmd.annotate_vcf.JannovarAnnotateVCFOptions,de.charite.compbio.jannovar.cmd.annotate_vcf.JannovarAnnotateVCFOptions_ESTest,128,0,False
41,BugSwarm,ACS_AEM_Commons-461893214,0,1403cdd58e1a44a2ad2e31a08bc98ecb,com.adobe.acs.commons.mcp.impl.processes.asset.FileAssetIngestor,com.adobe.acs.commons.mcp.impl.processes.asset.FileAssetIngestor_ESTest,42,0,False
42,BugSwarm,ACS_AEM_Commons-461893214,0,4d7b14b093294aebb34f0bddfb71fa32,com.adobe.acs.commons.mcp.impl.processes.asset.FileAssetIngestor,com.adobe.acs.commons.mcp.impl.processes.asset.FileAssetIngestor_ESTest,42,0,False
43,BugSwarm,ACS_AEM_Commons-461893214,0,9233332babbf4dedb5bf50cbf448eff7,com.adobe.acs.commons.mcp.impl.processes.asset.FileAssetIngestor,com.adobe.acs.commons.mcp.impl.processes.asset.FileAssetIngestor_ESTest,42,0,False
44,BugSwarm,ACS_AEM_Commons-461893214,0,6612606961a3427085968cf746d67d9c,com.adobe.acs.commons.mcp.impl.processes.asset.FileAssetIngestor,com.adobe.acs.commons.mcp.impl.processes.asset.FileAssetIngestor_ESTest,40,0,False
45,BugSwarm,ACS_AEM_Commons-461893214,0,cdb81c3d8531475093a41bea9547af1a,com.adobe.acs.commons.mcp.impl.processes.asset.FileAssetIngestor,com.adobe.acs.commons.mcp.impl.processes.asset.FileAssetIngestor_ESTest,42,0,False
46,BugSwarm,ACS_AEM_Commons-461893214,1,1403cdd58e1a44a2ad2e31a08bc98ecb,com.adobe.acs.commons.mcp.impl.processes.asset.FileAssetIngestor,com.adobe.acs.commons.mcp.impl.processes.asset.FileAssetIngestor_ESTest,42,0,False
47,BugSwarm,ACS_AEM_Commons-461893214,1,4d7b14b093294aebb34f0bddfb71fa32,com.adobe.acs.commons.mcp.impl.processes.asset.FileAssetIngestor,com.adobe.acs.commons.mcp.impl.processes.asset.FileAssetIngestor_ESTest,42,0,False
48,BugSwarm,ACS_AEM_Commons-461893214,1,9233332babbf4dedb5bf50cbf448eff7,com.adobe.acs.commons.mcp.impl.processes.asset.FileAssetIngestor,com.adobe.acs.commons.mcp.impl.processes.asset.FileAssetIngestor_ESTest,42,0,False
49,BugSwarm,ACS_AEM_Commons-461893214,1,6612606961a3427085968cf746d67d9c,com.adobe.acs.commons.mcp.impl.processes.asset.FileAssetIngestor,com.adobe.acs.commons.mcp.impl.processes.asset.FileAssetIngestor_ESTest,40,0,False
50,BugSwarm,ACS_AEM_Commons-461893214,1,cdb81c3d8531475093a41bea9547af1a,com.adobe.acs.commons.mcp.impl.processes.asset.FileAssetIngestor,com.adobe.acs.commons.mcp.impl.processes.asset.FileAssetIngestor_ESTest,42,0,False
51,BugSwarm,Byte_Buddy-95795967,0,82dc3fac2dde44b18b2995a2d42a395e,net.bytebuddy.dynamic.ClassFileLocator,net.bytebuddy.dynamic.ClassFileLocator_ESTest,81,0,True
52,BugSwarm,Byte_Buddy-95795967,0,a839ae365957418f9bb1807cd5f4f520,net.bytebuddy.dynamic.ClassFileLocator,net.bytebuddy.dynamic.ClassFileLocator_ESTest,80,0,True
53,BugSwarm,Byte_Buddy-95795967,0,40df560e416e451e92d78c0a2375a5b9,net.bytebuddy.dynamic.ClassFileLocator,net.bytebuddy.dynamic.ClassFileLocator_ESTest,81,0,True
54,BugSwarm,Byte_Buddy-95795967,0,dc373a5817884675bb30d8a833334f8b,net.bytebuddy.dynamic.ClassFileLocator,net.bytebuddy.dynamic.ClassFileLocator_ESTest,81,0,True
55,BugSwarm,Byte_Buddy-95795967,0,2c0190daf5f54427b90e8318ff117952,net.bytebuddy.dynamic.ClassFileLocator,net.bytebuddy.dynamic.ClassFileLocator_ESTest,79,0,True
56,BugSwarm,Byte_Buddy-95795967,0,40dcff4013df4c7bb8bae975e0acdd09,net.bytebuddy.dynamic.ClassFileLocator,net.bytebuddy.dynamic.ClassFileLocator_ESTest,80,0,True
57,BugSwarm,Byte_Buddy-95795967,0,c6b849bb7ddd44fe9645a4756f8edd95,net.bytebuddy.dynamic.ClassFileLocator,net.bytebuddy.dynamic.ClassFileLocator_ESTest,81,0,True
58,BugSwarm,Byte_Buddy-95795967,0,6cb2dc438b4840008cd60c95d9a7bc52,net.bytebuddy.dynamic.ClassFileLocator,net.bytebuddy.dynamic.ClassFileLocator_ESTest,84,0,True
59,BugSwarm,Byte_Buddy-95795967,0,e0ec230fd349434f8148f0c58e74d59c,net.bytebuddy.dynamic.ClassFileLocator,net.bytebuddy.dynamic.ClassFileLocator_ESTest,81,0,True
60,BugSwarm,Byte_Buddy-95795967,0,403eee26f31c40d1902a97ab0529a355,net.bytebuddy.dynamic.ClassFileLocator,net.bytebuddy.dynamic.ClassFileLocator_ESTest,82,0,True
61,BugSwarm,Byte_Buddy-140517155,0,1a8bf8e50f3144f8ab56d761444687e5,net.bytebuddy.dynamic.ClassFileLocator,net.bytebuddy.dynamic.ClassFileLocator_ESTest,90,0,True
62,BugSwarm,Byte_Buddy-140517155,0,f85630e84a0d484d825c1f91fcf243b1,net.bytebuddy.dynamic.ClassFileLocator,net.bytebuddy.dynamic.ClassFileLocator_ESTest,93,0,False
63,BugSwarm,Byte_Buddy-140517155,0,43b726ed85b34801b9f89737c817a02c,net.bytebuddy.dynamic.ClassFileLocator,net.bytebuddy.dynamic.ClassFileLocator_ESTest,102,0,True
64,BugSwarm,Byte_Buddy-140517155,0,c05d188c5e79476d8c3195d6ed3e9f8c,net.bytebuddy.dynamic.ClassFileLocator,net.bytebuddy.dynamic.ClassFileLocator_ESTest,100,0,True
65,BugSwarm,Byte_Buddy-140517155,0,5686462db4be413a81d5b964fb613a5c,net.bytebuddy.dynamic.ClassFileLocator,net.bytebuddy.dynamic.ClassFileLocator_ESTest,97,0,True
66,BugSwarm,Byte_Buddy-140517155,0,7c6a0a4880cd47f4b2384817e1121ef8,net.bytebuddy.dynamic.ClassFileLocator,net.bytebuddy.dynamic.ClassFileLocator_ESTest,90,0,True
67,BugSwarm,Byte_Buddy-140517155,0,9bcc5c049f1044bb86424bcac7fe6b24,net.bytebuddy.dynamic.ClassFileLocator,net.bytebuddy.dynamic.ClassFileLocator_ESTest,98,0,True
68,BugSwarm,Byte_Buddy-140517155,0,a5018715d03e4bcbae5ba9b043a51194,net.bytebuddy.dynamic.ClassFileLocator,net.bytebuddy.dynamic.ClassFileLocator_ESTest,99,0,True
69,BugSwarm,Byte_Buddy-140517155,0,2935071ffb584b0483d57a323cf3f9ec,net.bytebuddy.dynamic.ClassFileLocator,net.bytebuddy.dynamic.ClassFileLocator_ESTest,96,0,True
70,BugSwarm,Byte_Buddy-140517155,0,129b09e9bd684b1dbfed5619d5adf078,net.bytebuddy.dynamic.ClassFileLocator,net.bytebuddy.dynamic.ClassFileLocator_ESTest,93,0,True
71,BugSwarm,Byte_Buddy-140517155,0,f6abf60056774b22a0dede3679e11fe5,net.bytebuddy.dynamic.ClassFileLocator,net.bytebuddy.dynamic.ClassFileLocator_ESTest,97,0,True
72,BugSwarm,Byte_Buddy-140517155,0,2587cc756825409ca2f5d4bd9fb5bac5,net.bytebuddy.dynamic.ClassFileLocator,net.bytebuddy.dynamic.ClassFileLocator_ESTest,93,0,True
73,BugSwarm,Byte_Buddy-140517155,0,0b0d7a53734d49c3987a8917228e40e4,net.bytebuddy.dynamic.ClassFileLocator,net.bytebuddy.dynamic.ClassFileLocator_ESTest,91,0,True
74,BugSwarm,OkHttp-93618854,0,0f13e7c5c70f48a9acb308053ca8937b,com.squareup.okhttp.internal.http.StreamAllocation,com.squareup.okhttp.internal.http.StreamAllocation_ESTest,22,0,True
75,BugSwarm,OkHttp-93618854,0,06757065b568487fab6c529207aeed7b,com.squareup.okhttp.internal.http.StreamAllocation,com.squareup.okhttp.internal.http.StreamAllocation_ESTest,23,0,True
76,BugSwarm,OkHttp-93618854,0,1c812c0bb4524a6fb82c5f93778b80e9,com.squareup.okhttp.internal.http.StreamAllocation,com.squareup.okhttp.internal.http.StreamAllocation_ESTest,24,0,True
77,BugSwarm,OkHttp-93618854,0,7db2b9a06ee444848afb90bf9f1e4b5a,com.squareup.okhttp.internal.http.StreamAllocation,com.squareup.okhttp.internal.http.StreamAllocation_ESTest,28,0,True
78,BugSwarm,OkHttp-93618854,0,7568ddc1fdb642848997897d155fe751,com.squareup.okhttp.internal.http.StreamAllocation,com.squareup.okhttp.internal.http.StreamAllocation_ESTest,22,0,True
79,BugSwarm,OkHttp-93618854,0,dd81b357351945ddac2f0da75271fa09,com.squareup.okhttp.internal.http.StreamAllocation,com.squareup.okhttp.internal.http.StreamAllocation_ESTest,29,0,True
80,BugSwarm,OkHttp-93618854,0,867d29e877e74955941e875596ef6ff6,com.squareup.okhttp.internal.http.StreamAllocation,com.squareup.okhttp.internal.http.StreamAllocation_ESTest,21,0,True
81,BugSwarm,OkHttp-93618854,0,f27824743daa49bf91df9c669ed47f7d,com.squareup.okhttp.internal.http.StreamAllocation,com.squareup.okhttp.internal.http.StreamAllocation_ESTest,23,0,True
82,BugSwarm,OkHttp-93618854,0,02b5b7c096f64e68acd60edf5dfcb66a,com.squareup.okhttp.internal.http.StreamAllocation,com.squareup.okhttp.internal.http.StreamAllocation_ESTest,25,0,True
83,BugSwarm,OkHttp-93618854,0,9e6d8c725797484f807a99af7c3d20cb,com.squareup.okhttp.internal.http.StreamAllocation,com.squareup.okhttp.internal.http.StreamAllocation_ESTest,28,0,True
84,BugSwarm,OkHttp-93618854,0,5277f0b5025f49dcb58cbcc968471801,com.squareup.okhttp.internal.http.StreamAllocation,com.squareup.okhttp.internal.http.StreamAllocation_ESTest,25,0,True
85,BugSwarm,OkHttp-93618854,0,65aa54b053c24c03b791d7ff80b1144b,com.squareup.okhttp.internal.http.StreamAllocation,com.squareup.okhttp.internal.http.StreamAllocation_ESTest,23,0,True
86,BugSwarm,OkHttp-93618854,0,b012368024794e03814c2e7f13659a12,com.squareup.okhttp.internal.http.StreamAllocation,com.squareup.okhttp.internal.http.StreamAllocation_ESTest,23,0,True
87,BugSwarm,OkHttp-93618854,0,b12a1ce0ac0c45c8bb8f03d3e3368e0b,com.squareup.okhttp.internal.http.StreamAllocation,com.squareup.okhttp.internal.http.StreamAllocation_ESTest,25,0,True
88,BugSwarm,OkHttp-93618854,1,0f13e7c5c70f48a9acb308053ca8937b,com.squareup.okhttp.internal.http.StreamAllocation,com.squareup.okhttp.internal.http.StreamAllocation_ESTest,22,0,True
89,BugSwarm,OkHttp-93618854,1,06757065b568487fab6c529207aeed7b,com.squareup.okhttp.internal.http.StreamAllocation,com.squareup.okhttp.internal.http.StreamAllocation_ESTest,23,0,True
90,BugSwarm,OkHttp-93618854,1,1c812c0bb4524a6fb82c5f93778b80e9,com.squareup.okhttp.internal.http.StreamAllocation,com.squareup.okhttp.internal.http.StreamAllocation_ESTest,24,0,True
91,BugSwarm,OkHttp-93618854,1,7db2b9a06ee444848afb90bf9f1e4b5a,com.squareup.okhttp.internal.http.StreamAllocation,com.squareup.okhttp.internal.http.StreamAllocation_ESTest,28,0,True
92,BugSwarm,OkHttp-93618854,1,7568ddc1fdb642848997897d155fe751,com.squareup.okhttp.internal.http.StreamAllocation,com.squareup.okhttp.internal.http.StreamAllocation_ESTest,22,0,True
93,BugSwarm,OkHttp-93618854,1,dd81b357351945ddac2f0da75271fa09,com.squareup.okhttp.internal.http.StreamAllocation,com.squareup.okhttp.internal.http.StreamAllocation_ESTest,29,0,True
94,BugSwarm,OkHttp-93618854,1,867d29e877e74955941e875596ef6ff6,com.squareup.okhttp.internal.http.StreamAllocation,com.squareup.okhttp.internal.http.StreamAllocation_ESTest,21,0,True
95,BugSwarm,OkHttp-93618854,1,f27824743daa49bf91df9c669ed47f7d,com.squareup.okhttp.internal.http.StreamAllocation,com.squareup.okhttp.internal.http.StreamAllocation_ESTest,23,0,True
96,BugSwarm,OkHttp-93618854,1,02b5b7c096f64e68acd60edf5dfcb66a,com.squareup.okhttp.internal.http.StreamAllocation,com.squareup.okhttp.internal.http.StreamAllocation_ESTest,25,0,True
97,BugSwarm,OkHttp-93618854,1,9e6d8c725797484f807a99af7c3d20cb,com.squareup.okhttp.internal.http.StreamAllocation,com.squareup.okhttp.internal.http.StreamAllocation_ESTest,28,0,True
98,BugSwarm,OkHttp-93618854,1,5277f0b5025f49dcb58cbcc968471801,com.squareup.okhttp.internal.http.StreamAllocation,com.squareup.okhttp.internal.http.StreamAllocation_ESTest,25,0,True
99,BugSwarm,OkHttp-93618854,1,65aa54b053c24c03b791d7ff80b1144b,com.squareup.okhttp.internal.http.StreamAllocation,com.squareup.okhttp.internal.http.StreamAllocation_ESTest,23,0,True
100,BugSwarm,OkHttp-93618854,1,b012368024794e03814c2e7f13659a12,com.squareup.okhttp.internal.http.StreamAllocation,com.squareup.okhttp.internal.http.StreamAllocation_ESTest,23,0,True
101,BugSwarm,OkHttp-93618854,1,b12a1ce0ac0c45c8bb8f03d3e3368e0b,com.squareup.okhttp.internal.http.StreamAllocation,com.squareup.okhttp.internal.http.StreamAllocation_ESTest,25,0,True
102,BugSwarm,Artemis__odb-71816517,0,d4fe2fbd4bac456390aa46b5fae6a368,com.artemis.EntityEditPool,com.artemis.EntityEditPool_ESTest,19,0,True
103,BugSwarm,Artemis__odb-71816517,0,19494a228ad24b90ab067f77cd117ebd,com.artemis.EntityEditPool,com.artemis.EntityEditPool_ESTest,18,0,False
104,BugSwarm,Artemis__odb-71816517,0,c58595271b1e46a3bfb6c17b5a523430,com.artemis.EntityEditPool,com.artemis.EntityEditPool_ESTest,19,0,True
105,BugSwarm,Artemis__odb-71816517,0,d21976597d024886808ca83bb87368dd,com.artemis.EntityEditPool,com.artemis.EntityEditPool_ESTest,18,0,True
106,BugSwarm,Artemis__odb-71816517,0,8e8624f86f554a34a63ee6ee04677baa,com.artemis.EntityEditPool,com.artemis.EntityEditPool_ESTest,21,0,True
107,BugSwarm,Artemis__odb-71816517,0,da8972cb10d94d339471e32966f3062e,com.artemis.EntityEditPool,com.artemis.EntityEditPool_ESTest,20,0,True
108,BugSwarm,Artemis__odb-71816517,0,d95702fdcc474ae5a085a62cc41aaff1,com.artemis.EntityEditPool,com.artemis.EntityEditPool_ESTest,20,0,True
109,BugSwarm,Artemis__odb-71816517,0,8ccbcb1e15de4e81a751693652af085b,com.artemis.EntityEditPool,com.artemis.EntityEditPool_ESTest,21,0,True
110,BugSwarm,Artemis__odb-71816517,0,a1a4ae3b37bf4696a69e7bb26627c9b4,com.artemis.EntityEditPool,com.artemis.EntityEditPool_ESTest,19,0,True
111,BugSwarm,Artemis__odb-71816517,0,185b7b477de1447083734a82270ea7ab,com.artemis.EntityEditPool,com.artemis.EntityEditPool_ESTest,19,0,True
112,BugSwarm,Artemis__odb-71816517,0,f6da9f7be63f4e649a8f7e953f8e6095,com.artemis.EntityEditPool,com.artemis.EntityEditPool_ESTest,20,0,True
113,BugSwarm,Artemis__odb-71816517,0,6b4145da70fe4730ab5dcc0a455b424c,com.artemis.EntityEditPool,com.artemis.EntityEditPool_ESTest,20,0,True
114,BugSwarm,Artemis__odb-71816517,0,30bdf6fc1cb3495bbcda1dca1e086541,com.artemis.EntityEditPool,com.artemis.EntityEditPool_ESTest,19,0,True
115,BugSwarm,Artemis__odb-71816517,0,b592943ebb904ff593ab8c2b137c512d,com.artemis.EntityEditPool,com.artemis.EntityEditPool_ESTest,19,0,True
116,BugSwarm,Artemis__odb-71816517,0,e17ac13bc38a4f04a1d8837592197f5a,com.artemis.EntityEditPool,com.artemis.EntityEditPool_ESTest,19,0,True
117,BugSwarm,Artemis__odb-71816517,0,7d7e185d8e664617b0a40d2f225db4d8,com.artemis.EntityEditPool,com.artemis.EntityEditPool_ESTest,19,0,True
118,BugSwarm,Artemis__odb-71816517,0,888a35d4b83845d99b805455ec95e02c,com.artemis.EntityEditPool,com.artemis.EntityEditPool_ESTest,20,0,True
119,BugSwarm,Artemis__odb-71816517,0,a940bdca3178449b80685509c277e2eb,com.artemis.EntityEditPool,com.artemis.EntityEditPool_ESTest,20,0,True
120,BugSwarm,Artemis__odb-71816517,0,01bccde3c21049efa239c34b37afa684,com.artemis.EntityEditPool,com.artemis.EntityEditPool_ESTest,19,0,True
121,BugSwarm,Artemis__odb-71816517,0,2bb22923f779497c83f773b779edcfbf,com.artemis.EntityEditPool,com.artemis.EntityEditPool_ESTest,20,0,True
122,BugSwarm,Artemis__odb-71816517,0,5bf805e66bce4dcc9ddf01fc05b4bade,com.artemis.EntityEditPool,com.artemis.EntityEditPool_ESTest,19,0,True
123,BugSwarm,Artemis__odb-71816517,0,4eb55721242947848d9cb333209c0e02,com.artemis.EntityEditPool,com.artemis.EntityEditPool_ESTest,19,0,True
124,BugSwarm,Artemis__odb-71816517,0,c7e3b8d91ff241b5bdc8fff437c295e4,com.artemis.EntityEditPool,com.artemis.EntityEditPool_ESTest,20,0,True
125,BugSwarm,Artemis__odb-71816517,0,4f18260175d9409f9943aaae01324288,com.artemis.EntityEditPool,com.artemis.EntityEditPool_ESTest,20,0,True
126,BugSwarm,Artemis__odb-71816517,0,abdf19ed40d64701922909d13fd0a971,com.artemis.EntityEditPool,com.artemis.EntityEditPool_ESTest,19,0,True
127,BugSwarm,ACS_AEM_Commons-374231969,0,7db94ea5c55f431ea99f6a36efe613dc,com.adobe.acs.commons.mcp.impl.processes.asset.UrlAssetImport,com.adobe.acs.commons.mcp.impl.processes.asset.UrlAssetImport_ESTest,11,0,False
128,BugSwarm,ACS_AEM_Commons-374231969,0,b7e7570dff1343b59e473ce225a02298,com.adobe.acs.commons.mcp.impl.processes.asset.UrlAssetImport,com.adobe.acs.commons.mcp.impl.processes.asset.UrlAssetImport_ESTest,11,0,False
129,BugSwarm,ACS_AEM_Commons-374231969,0,7f4e23ada23e49faadc2905772ee3744,com.adobe.acs.commons.mcp.impl.processes.asset.UrlAssetImport,com.adobe.acs.commons.mcp.impl.processes.asset.UrlAssetImport_ESTest,11,0,False
130,BugSwarm,ACS_AEM_Commons-374231969,0,4f8e35669bcc425983de47731e6510f9,com.adobe.acs.commons.mcp.impl.processes.asset.UrlAssetImport,com.adobe.acs.commons.mcp.impl.processes.asset.UrlAssetImport_ESTest,11,0,False
131,BugSwarm,ACS_AEM_Commons-374231969,0,26b3e7201b5e43809195b87598d5017a,com.adobe.acs.commons.mcp.impl.processes.asset.UrlAssetImport,com.adobe.acs.commons.mcp.impl.processes.asset.UrlAssetImport_ESTest,11,0,False
132,BugSwarm,BungeeCord-130330788,0,7ca053f5857240918cafedceda34ecb8,net.md_5.bungee.ConnectionThrottle,net.md_5.bungee.ConnectionThrottle_ESTest,3,0,True
133,BugSwarm,BungeeCord-130330788,0,dced8c97080f4414bf7deff318b1dbc3,net.md_5.bungee.ConnectionThrottle,net.md_5.bungee.ConnectionThrottle_ESTest,3,0,True
134,BugSwarm,BungeeCord-130330788,0,e9a892b2842243f395849adcf3f00fac,net.md_5.bungee.ConnectionThrottle,net.md_5.bungee.ConnectionThrottle_ESTest,3,0,True
135,BugSwarm,BungeeCord-130330788,0,add88462e6174784b97a1dba3a8494d0,net.md_5.bungee.ConnectionThrottle,net.md_5.bungee.ConnectionThrottle_ESTest,3,0,True
136,BugSwarm,BungeeCord-130330788,0,6b78bfd6dd274631b44db4f0a6047f7b,net.md_5.bungee.ConnectionThrottle,net.md_5.bungee.ConnectionThrottle_ESTest,3,0,True
137,BugSwarm,BungeeCord-130330788,0,107b3317dd054bf29afa600b4aacfb31,net.md_5.bungee.ConnectionThrottle,net.md_5.bungee.ConnectionThrottle_ESTest,3,0,True
138,BugSwarm,BungeeCord-130330788,0,40761a784e9e4e949ddc55acf9e7c329,net.md_5.bungee.ConnectionThrottle,net.md_5.bungee.ConnectionThrottle_ESTest,3,0,True
139,BugSwarm,BungeeCord-130330788,0,940d44704e204a44af0687cbc51e41f9,net.md_5.bungee.ConnectionThrottle,net.md_5.bungee.ConnectionThrottle_ESTest,3,0,True
140,BugSwarm,BungeeCord-130330788,0,eb16eee120814bc095565918f83d0f81,net.md_5.bungee.ConnectionThrottle,net.md_5.bungee.ConnectionThrottle_ESTest,3,0,True
141,BugSwarm,BungeeCord-130330788,0,604b68e435014a848fad2f03e786bd7c,net.md_5.bungee.ConnectionThrottle,net.md_5.bungee.ConnectionThrottle_ESTest,3,0,True
142,BugSwarm,BungeeCord-130330788,0,14a0fff8cf9e493587f3f2a4ba241ac1,net.md_5.bungee.ConnectionThrottle,net.md_5.bungee.ConnectionThrottle_ESTest,3,0,True
143,BugSwarm,BungeeCord-130330788,0,00a986d02f394025a0551b21af5d0e60,net.md_5.bungee.ConnectionThrottle,net.md_5.bungee.ConnectionThrottle_ESTest,3,0,True
144,BugSwarm,BungeeCord-130330788,0,af514ab9eff84de6b2a35539a0d34cad,net.md_5.bungee.ConnectionThrottle,net.md_5.bungee.ConnectionThrottle_ESTest,3,0,True
145,BugSwarm,BungeeCord-130330788,0,f656c6e0a16d485d93a47f814646431c,net.md_5.bungee.ConnectionThrottle,net.md_5.bungee.ConnectionThrottle_ESTest,3,0,True
146,BugSwarm,BungeeCord-130330788,0,f0d8e5382df94cd09172721abfce7f48,net.md_5.bungee.ConnectionThrottle,net.md_5.bungee.ConnectionThrottle_ESTest,3,0,True
147,BugSwarm,BungeeCord-130330788,0,87dcd195f4a94eb4a6a95b01f61ef2c2,net.md_5.bungee.ConnectionThrottle,net.md_5.bungee.ConnectionThrottle_ESTest,3,0,True
148,BugSwarm,BungeeCord-130330788,0,4f2dfcbaa4a8447eabbaebec3bb83e42,net.md_5.bungee.ConnectionThrottle,net.md_5.bungee.ConnectionThrottle_ESTest,3,0,True
149,BugSwarm,BungeeCord-130330788,0,e655bf5b1c0346129dd7bf7695526cd2,net.md_5.bungee.ConnectionThrottle,net.md_5.bungee.ConnectionThrottle_ESTest,3,0,True
150,BugSwarm,BungeeCord-130330788,0,ab4343b7027d4fbe9baa03f87c1596a6,net.md_5.bungee.ConnectionThrottle,net.md_5.bungee.ConnectionThrottle_ESTest,3,0,True
151,BugSwarm,BungeeCord-130330788,0,7cf3c4599dab49d4941fbff25de0c2e8,net.md_5.bungee.ConnectionThrottle,net.md_5.bungee.ConnectionThrottle_ESTest,3,0,True
152,BugSwarm,BungeeCord-130330788,0,bd1dcb0635284af48de5b9438556c673,net.md_5.bungee.ConnectionThrottle,net.md_5.bungee.ConnectionThrottle_ESTest,3,0,True
153,BugSwarm,BungeeCord-130330788,0,b0f96e2de9c542b89e16c10da002d0bf,net.md_5.bungee.ConnectionThrottle,net.md_5.bungee.ConnectionThrottle_ESTest,3,0,True
154,BugSwarm,BungeeCord-130330788,0,1537b482c1744e798f0e11c3d9d9ef0b,net.md_5.bungee.ConnectionThrottle,net.md_5.bungee.ConnectionThrottle_ESTest,3,0,True
155,BugSwarm,BungeeCord-130330788,0,b0b1a808408e44f58ae8c0c94891195d,net.md_5.bungee.ConnectionThrottle,net.md_5.bungee.ConnectionThrottle_ESTest,3,0,True
156,BugSwarm,BungeeCord-130330788,0,1089b91e89eb4ceca0e0b09cc659fe9e,net.md_5.bungee.ConnectionThrottle,net.md_5.bungee.ConnectionThrottle_ESTest,3,0,True
157,BugSwarm,Yamcs-186324159,0,a82183d1815f427b9d506bcb57b0b26b,org.yamcs.xtce.SpreadsheetLoader,org.yamcs.xtce.SpreadsheetLoader_ESTest,49,0,True
158,BugSwarm,Yamcs-186324159,0,131c84417cc74e02b7655b871c6b5495,org.yamcs.xtce.SpreadsheetLoader,org.yamcs.xtce.SpreadsheetLoader_ESTest,49,0,True
159,BugSwarm,Yamcs-186324159,0,a1d2ae2988bd45e9ad8e05dd63512e34,org.yamcs.xtce.SpreadsheetLoader,org.yamcs.xtce.SpreadsheetLoader_ESTest,49,0,True
160,BugSwarm,Yamcs-186324159,0,39d1407bc2e44002a3bc46436777ba6c,org.yamcs.xtce.SpreadsheetLoader,org.yamcs.xtce.SpreadsheetLoader_ESTest,51,0,True
161,BugSwarm,Yamcs-186324159,0,084d20f94a634c669ffe13e305b0406a,org.yamcs.xtce.SpreadsheetLoader,org.yamcs.xtce.SpreadsheetLoader_ESTest,50,0,True
162,BugSwarm,REST_Countries-207869551,0,e14be27d082b4352a2cddf14015861b1,fayder.restcountries.rest.CountryServiceHelper,fayder.restcountries.rest.CountryServiceHelper_ESTest,35,0,True
163,BugSwarm,REST_Countries-207869551,0,e330ccd74fb14ca590f8d149577a6f86,fayder.restcountries.rest.CountryServiceHelper,fayder.restcountries.rest.CountryServiceHelper_ESTest,41,0,False
164,BugSwarm,REST_Countries-207869551,0,2e47f31f7e2b410db853a39e460ca41b,fayder.restcountries.rest.CountryServiceHelper,fayder.restcountries.rest.CountryServiceHelper_ESTest,42,0,False
165,BugSwarm,REST_Countries-207869551,0,4eba9eace996413197604bdc147b8058,fayder.restcountries.rest.CountryServiceHelper,fayder.restcountries.rest.CountryServiceHelper_ESTest,42,0,True
166,BugSwarm,REST_Countries-207869551,0,a5ac676bcaf645bbb430344454d027e9,fayder.restcountries.rest.CountryServiceHelper,fayder.restcountries.rest.CountryServiceHelper_ESTest,37,0,False
167,BugSwarm,REST_Countries-207869551,0,216a965214794a69b641b800b78302d5,fayder.restcountries.rest.CountryServiceHelper,fayder.restcountries.rest.CountryServiceHelper_ESTest,34,0,True
168,BugSwarm,REST_Countries-207869551,0,17cef857765b4dd39829595c54c32331,fayder.restcountries.rest.CountryServiceHelper,fayder.restcountries.rest.CountryServiceHelper_ESTest,34,0,True
169,BugSwarm,REST_Countries-207869551,0,2d5ce9ce25f84c6f8d269ad8dc207c13,fayder.restcountries.rest.CountryServiceHelper,fayder.restcountries.rest.CountryServiceHelper_ESTest,42,0,False
170,BugSwarm,REST_Countries-207869551,0,b4e6f8d2f4fb48a196b92ced72af06ba,fayder.restcountries.rest.CountryServiceHelper,fayder.restcountries.rest.CountryServiceHelper_ESTest,40,0,False
171,BugSwarm,REST_Countries-207869551,0,99a51acc4816434f9a705ed5f216485d,fayder.restcountries.rest.CountryServiceHelper,fayder.restcountries.rest.CountryServiceHelper_ESTest,39,0,False
172,BugSwarm,REST_Countries-207869551,0,f298eb6472d34cadb23c17d2c2e653e4,fayder.restcountries.rest.CountryServiceHelper,fayder.restcountries.rest.CountryServiceHelper_ESTest,37,0,True
173,BugSwarm,REST_Countries-207869551,0,8c0f3c59e8984df2a8ff8f847e26cf09,fayder.restcountries.rest.CountryServiceHelper,fayder.restcountries.rest.CountryServiceHelper_ESTest,40,0,True
174,BugSwarm,REST_Countries-207869551,0,ad28f5c5eb584838beacab7f9c2a26b9,fayder.restcountries.rest.CountryServiceHelper,fayder.restcountries.rest.CountryServiceHelper_ESTest,38,0,True
175,BugSwarm,REST_Countries-207869551,0,1cd781be016245e4bc0d632faaeac178,fayder.restcountries.rest.CountryServiceHelper,fayder.restcountries.rest.CountryServiceHelper_ESTest,40,0,False
176,BugSwarm,REST_Countries-207869551,0,73cd3d755cdb4f2894c9019c8fa1056f,fayder.restcountries.rest.CountryServiceHelper,fayder.restcountries.rest.CountryServiceHelper_ESTest,40,0,True
177,BugSwarm,REST_Countries-207869551,0,8614d2b4b7cf4a1f8b576010529651fa,fayder.restcountries.rest.CountryServiceHelper,fayder.restcountries.rest.CountryServiceHelper_ESTest,40,0,False
178,BugSwarm,REST_Countries-207869551,0,be94fb2339d948d091c3380d77f852d5,fayder.restcountries.rest.CountryServiceHelper,fayder.restcountries.rest.CountryServiceHelper_ESTest,41,0,True
179,BugSwarm,REST_Countries-207869551,0,f8024a880f3d4697a1a0d8c6b2e89a34,fayder.restcountries.rest.CountryServiceHelper,fayder.restcountries.rest.CountryServiceHelper_ESTest,40,0,True
180,BugSwarm,REST_Countries-207869551,0,b2a831e6521a4d57afbeee5ba72dc04f,fayder.restcountries.rest.CountryServiceHelper,fayder.restcountries.rest.CountryServiceHelper_ESTest,38,0,True
181,BugSwarm,REST_Countries-207869551,0,7f8c0f1360484b639666481523fb5a46,fayder.restcountries.rest.CountryServiceHelper,fayder.restcountries.rest.CountryServiceHelper_ESTest,40,0,False
182,BugSwarm,REST_Countries-207869551,0,67b52250889d46aaab6ef4c48e4d149d,fayder.restcountries.rest.CountryServiceHelper,fayder.restcountries.rest.CountryServiceHelper_ESTest,40,0,True
183,BugSwarm,REST_Countries-207869551,0,cd2650ab8a3743ff952c55fb8aed2a53,fayder.restcountries.rest.CountryServiceHelper,fayder.restcountries.rest.CountryServiceHelper_ESTest,41,0,False
184,BugSwarm,Dubbo-416671625,0,e9b03901bb1a490c97536f2b47acef1a,org.apache.dubbo.rpc.protocol.hessian.HttpClientConnectionFactory,org.apache.dubbo.rpc.protocol.hessian.HttpClientConnectionFactory_ESTest,2,0,True
185,BugSwarm,Dubbo-416671625,0,258ac0dbf6f9473db5442e0366fccf81,org.apache.dubbo.rpc.protocol.hessian.HttpClientConnectionFactory,org.apache.dubbo.rpc.protocol.hessian.HttpClientConnectionFactory_ESTest,2,0,True
186,BugSwarm,Dubbo-416671625,0,1e7d8f91b64c41caa5354ca3d90e8283,org.apache.dubbo.rpc.protocol.hessian.HttpClientConnectionFactory,org.apache.dubbo.rpc.protocol.hessian.HttpClientConnectionFactory_ESTest,2,0,True
187,BugSwarm,REST_Countries-154683750,0,718694f22ac9477e849a318a7a764cdd,fayder.restcountries.v1.rest.CountryService,fayder.restcountries.v1.rest.CountryService_ESTest,23,0,True
188,BugSwarm,REST_Countries-154683750,0,6416a5f0e6664c608e937620cc2fade8,fayder.restcountries.v1.rest.CountryService,fayder.restcountries.v1.rest.CountryService_ESTest,24,0,True
189,BugSwarm,REST_Countries-154683750,0,209ee6a31a26420f9ad77ea5bd2e1a71,fayder.restcountries.v1.rest.CountryService,fayder.restcountries.v1.rest.CountryService_ESTest,24,0,True
190,BugSwarm,REST_Countries-154683750,0,64a0923ed8f24d3cbefd71081ed1315a,fayder.restcountries.v1.rest.CountryService,fayder.restcountries.v1.rest.CountryService_ESTest,23,0,True
191,BugSwarm,REST_Countries-154683750,0,8600c9afabd841dcaf64a80b46532ed1,fayder.restcountries.v1.rest.CountryService,fayder.restcountries.v1.rest.CountryService_ESTest,23,0,True
192,BugSwarm,REST_Countries-154683750,0,b27f944557ec49efb9241cf348cca9dc,fayder.restcountries.v1.rest.CountryService,fayder.restcountries.v1.rest.CountryService_ESTest,26,0,True
193,BugSwarm,REST_Countries-154683750,0,62390752323940a6b4300ea732a3e4db,fayder.restcountries.v1.rest.CountryService,fayder.restcountries.v1.rest.CountryService_ESTest,24,0,True
194,BugSwarm,REST_Countries-154683750,0,e791e8062b6c46e385fbe11c10f1a16d,fayder.restcountries.v1.rest.CountryService,fayder.restcountries.v1.rest.CountryService_ESTest,25,0,True
195,BugSwarm,REST_Countries-154683750,0,b5e70c6571ad42329ec91a9681b6576b,fayder.restcountries.v1.rest.CountryService,fayder.restcountries.v1.rest.CountryService_ESTest,24,0,True
196,BugSwarm,REST_Countries-154683750,0,dd89a28409684bc3a2231152eae3b07d,fayder.restcountries.v1.rest.CountryService,fayder.restcountries.v1.rest.CountryService_ESTest,25,0,True
197,BugSwarm,REST_Countries-154683750,0,f44960bd3c3c4f038393f94a41b6b990,fayder.restcountries.v1.rest.CountryService,fayder.restcountries.v1.rest.CountryService_ESTest,24,0,True
198,BugSwarm,REST_Countries-154683750,0,4ca7bc11d6954b30a8df6fff0867dc0c,fayder.restcountries.v1.rest.CountryService,fayder.restcountries.v1.rest.CountryService_ESTest,23,0,True
199,BugSwarm,REST_Countries-154683750,0,dca6b856f26247579961238e939c5a7e,fayder.restcountries.v1.rest.CountryService,fayder.restcountries.v1.rest.CountryService_ESTest,24,0,True
200,BugSwarm,REST_Countries-154683750,0,a48b0a95b45b4b77b6b21391abc697ef,fayder.restcountries.v1.rest.CountryService,fayder.restcountries.v1.rest.CountryService_ESTest,24,0,True
201,BugSwarm,REST_Countries-154683750,0,766782f6bfb745a3b35c7731ae634b9a,fayder.restcountries.v1.rest.CountryService,fayder.restcountries.v1.rest.CountryService_ESTest,23,0,True
202,BugSwarm,REST_Countries-154683750,0,b065ae78eb8a480f9850dbce54411c20,fayder.restcountries.v1.rest.CountryService,fayder.restcountries.v1.rest.CountryService_ESTest,24,0,True
203,BugSwarm,REST_Countries-154683750,0,9d0d37c1c2c847808e23b9ba73a60a1e,fayder.restcountries.v1.rest.CountryService,fayder.restcountries.v1.rest.CountryService_ESTest,23,0,True
204,BugSwarm,REST_Countries-154683750,0,52f471002d3b4c57bd88d5399c8f84f7,fayder.restcountries.v1.rest.CountryService,fayder.restcountries.v1.rest.CountryService_ESTest,23,0,True
205,BugSwarm,REST_Countries-154683750,0,70dc3ede9abf4b1e8e309e7ee2519087,fayder.restcountries.v1.rest.CountryService,fayder.restcountries.v1.rest.CountryService_ESTest,24,0,True
206,BugSwarm,REST_Countries-154683750,0,307e0b9f950f4e11bcba365697d55417,fayder.restcountries.v1.rest.CountryService,fayder.restcountries.v1.rest.CountryService_ESTest,23,0,True
207,BugSwarm,REST_Countries-154683750,0,fe39c334a4c640e4aeb12536319e59bc,fayder.restcountries.v1.rest.CountryService,fayder.restcountries.v1.rest.CountryService_ESTest,23,0,True
208,BugSwarm,REST_Countries-154683750,0,1dbd657c3e414335b024af2fb4677358,fayder.restcountries.v1.rest.CountryService,fayder.restcountries.v1.rest.CountryService_ESTest,24,0,True
209,BugSwarm,REST_Countries-154683750,0,45c5dce3b08c48039466a7d2904fa3d9,fayder.restcountries.v1.rest.CountryService,fayder.restcountries.v1.rest.CountryService_ESTest,25,0,True
210,BugSwarm,REST_Countries-154683750,0,90fe8c0649644bb8be7d2cd5247a668f,fayder.restcountries.v1.rest.CountryService,fayder.restcountries.v1.rest.CountryService_ESTest,24,0,True
211,BugSwarm,REST_Countries-154683750,0,9085f92ae8674c35b6e7543c88e952ba,fayder.restcountries.v1.rest.CountryService,fayder.restcountries.v1.rest.CountryService_ESTest,24,0,True
212,BugSwarm,REST_Countries-154683750,1,718694f22ac9477e849a318a7a764cdd,fayder.restcountries.v1.rest.CountryService,fayder.restcountries.v1.rest.CountryService_ESTest,23,0,True
213,BugSwarm,REST_Countries-154683750,1,6416a5f0e6664c608e937620cc2fade8,fayder.restcountries.v1.rest.CountryService,fayder.restcountries.v1.rest.CountryService_ESTest,24,0,True
214,BugSwarm,REST_Countries-154683750,1,209ee6a31a26420f9ad77ea5bd2e1a71,fayder.restcountries.v1.rest.CountryService,fayder.restcountries.v1.rest.CountryService_ESTest,24,0,True
215,BugSwarm,REST_Countries-154683750,1,64a0923ed8f24d3cbefd71081ed1315a,fayder.restcountries.v1.rest.CountryService,fayder.restcountries.v1.rest.CountryService_ESTest,23,0,True
216,BugSwarm,REST_Countries-154683750,1,8600c9afabd841dcaf64a80b46532ed1,fayder.restcountries.v1.rest.CountryService,fayder.restcountries.v1.rest.CountryService_ESTest,23,0,True
217,BugSwarm,REST_Countries-154683750,1,b27f944557ec49efb9241cf348cca9dc,fayder.restcountries.v1.rest.CountryService,fayder.restcountries.v1.rest.CountryService_ESTest,26,0,True
218,BugSwarm,REST_Countries-154683750,1,62390752323940a6b4300ea732a3e4db,fayder.restcountries.v1.rest.CountryService,fayder.restcountries.v1.rest.CountryService_ESTest,24,0,True
219,BugSwarm,REST_Countries-154683750,1,e791e8062b6c46e385fbe11c10f1a16d,fayder.restcountries.v1.rest.CountryService,fayder.restcountries.v1.rest.CountryService_ESTest,25,0,True
220,BugSwarm,REST_Countries-154683750,1,b5e70c6571ad42329ec91a9681b6576b,fayder.restcountries.v1.rest.CountryService,fayder.restcountries.v1.rest.CountryService_ESTest,24,0,True
221,BugSwarm,REST_Countries-154683750,1,dd89a28409684bc3a2231152eae3b07d,fayder.restcountries.v1.rest.CountryService,fayder.restcountries.v1.rest.CountryService_ESTest,25,0,True
222,BugSwarm,REST_Countries-154683750,1,f44960bd3c3c4f038393f94a41b6b990,fayder.restcountries.v1.rest.CountryService,fayder.restcountries.v1.rest.CountryService_ESTest,24,0,True
223,BugSwarm,REST_Countries-154683750,1,4ca7bc11d6954b30a8df6fff0867dc0c,fayder.restcountries.v1.rest.CountryService,fayder.restcountries.v1.rest.CountryService_ESTest,23,0,True
224,BugSwarm,REST_Countries-154683750,1,dca6b856f26247579961238e939c5a7e,fayder.restcountries.v1.rest.CountryService,fayder.restcountries.v1.rest.CountryService_ESTest,24,0,True
225,BugSwarm,REST_Countries-154683750,1,a48b0a95b45b4b77b6b21391abc697ef,fayder.restcountries.v1.rest.CountryService,fayder.restcountries.v1.rest.CountryService_ESTest,24,0,True
226,BugSwarm,REST_Countries-154683750,1,766782f6bfb745a3b35c7731ae634b9a,fayder.restcountries.v1.rest.CountryService,fayder.restcountries.v1.rest.CountryService_ESTest,23,0,True
227,BugSwarm,REST_Countries-154683750,1,b065ae78eb8a480f9850dbce54411c20,fayder.restcountries.v1.rest.CountryService,fayder.restcountries.v1.rest.CountryService_ESTest,24,0,True
228,BugSwarm,REST_Countries-154683750,1,9d0d37c1c2c847808e23b9ba73a60a1e,fayder.restcountries.v1.rest.CountryService,fayder.restcountries.v1.rest.CountryService_ESTest,23,0,True
229,BugSwarm,REST_Countries-154683750,1,52f471002d3b4c57bd88d5399c8f84f7,fayder.restcountries.v1.rest.CountryService,fayder.restcountries.v1.rest.CountryService_ESTest,23,0,True
230,BugSwarm,REST_Countries-154683750,1,70dc3ede9abf4b1e8e309e7ee2519087,fayder.restcountries.v1.rest.CountryService,fayder.restcountries.v1.rest.CountryService_ESTest,24,0,True
231,BugSwarm,REST_Countries-154683750,1,307e0b9f950f4e11bcba365697d55417,fayder.restcountries.v1.rest.CountryService,fayder.restcountries.v1.rest.CountryService_ESTest,23,0,True
232,BugSwarm,REST_Countries-154683750,1,fe39c334a4c640e4aeb12536319e59bc,fayder.restcountries.v1.rest.CountryService,fayder.restcountries.v1.rest.CountryService_ESTest,23,0,True
233,BugSwarm,REST_Countries-154683750,1,1dbd657c3e414335b024af2fb4677358,fayder.restcountries.v1.rest.CountryService,fayder.restcountries.v1.rest.CountryService_ESTest,24,0,True
234,BugSwarm,REST_Countries-154683750,1,45c5dce3b08c48039466a7d2904fa3d9,fayder.restcountries.v1.rest.CountryService,fayder.restcountries.v1.rest.CountryService_ESTest,25,0,True
235,BugSwarm,REST_Countries-154683750,1,90fe8c0649644bb8be7d2cd5247a668f,fayder.restcountries.v1.rest.CountryService,fayder.restcountries.v1.rest.CountryService_ESTest,24,0,True
236,BugSwarm,REST_Countries-154683750,1,9085f92ae8674c35b6e7543c88e952ba,fayder.restcountries.v1.rest.CountryService,fayder.restcountries.v1.rest.CountryService_ESTest,24,0,True
237,BugSwarm,REST_Countries-154683750,2,718694f22ac9477e849a318a7a764cdd,fayder.restcountries.v1.rest.CountryService,fayder.restcountries.v1.rest.CountryService_ESTest,23,0,True
238,BugSwarm,REST_Countries-154683750,2,6416a5f0e6664c608e937620cc2fade8,fayder.restcountries.v1.rest.CountryService,fayder.restcountries.v1.rest.CountryService_ESTest,24,0,True
239,BugSwarm,REST_Countries-154683750,2,209ee6a31a26420f9ad77ea5bd2e1a71,fayder.restcountries.v1.rest.CountryService,fayder.restcountries.v1.rest.CountryService_ESTest,24,0,True
240,BugSwarm,REST_Countries-154683750,2,64a0923ed8f24d3cbefd71081ed1315a,fayder.restcountries.v1.rest.CountryService,fayder.restcountries.v1.rest.CountryService_ESTest,23,0,True
241,BugSwarm,REST_Countries-154683750,2,8600c9afabd841dcaf64a80b46532ed1,fayder.restcountries.v1.rest.CountryService,fayder.restcountries.v1.rest.CountryService_ESTest,23,0,True
242,BugSwarm,REST_Countries-154683750,2,b27f944557ec49efb9241cf348cca9dc,fayder.restcountries.v1.rest.CountryService,fayder.restcountries.v1.rest.CountryService_ESTest,26,0,True
243,BugSwarm,REST_Countries-154683750,2,62390752323940a6b4300ea732a3e4db,fayder.restcountries.v1.rest.CountryService,fayder.restcountries.v1.rest.CountryService_ESTest,24,0,True
244,BugSwarm,REST_Countries-154683750,2,e791e8062b6c46e385fbe11c10f1a16d,fayder.restcountries.v1.rest.CountryService,fayder.restcountries.v1.rest.CountryService_ESTest,25,0,True
245,BugSwarm,REST_Countries-154683750,2,b5e70c6571ad42329ec91a9681b6576b,fayder.restcountries.v1.rest.CountryService,fayder.restcountries.v1.rest.CountryService_ESTest,24,0,True
246,BugSwarm,REST_Countries-154683750,2,dd89a28409684bc3a2231152eae3b07d,fayder.restcountries.v1.rest.CountryService,fayder.restcountries.v1.rest.CountryService_ESTest,25,0,True
247,BugSwarm,REST_Countries-154683750,2,f44960bd3c3c4f038393f94a41b6b990,fayder.restcountries.v1.rest.CountryService,fayder.restcountries.v1.rest.CountryService_ESTest,24,0,True
248,BugSwarm,REST_Countries-154683750,2,4ca7bc11d6954b30a8df6fff0867dc0c,fayder.restcountries.v1.rest.CountryService,fayder.restcountries.v1.rest.CountryService_ESTest,23,0,True
249,BugSwarm,REST_Countries-154683750,2,dca6b856f26247579961238e939c5a7e,fayder.restcountries.v1.rest.CountryService,fayder.restcountries.v1.rest.CountryService_ESTest,24,0,True
250,BugSwarm,REST_Countries-154683750,2,a48b0a95b45b4b77b6b21391abc697ef,fayder.restcountries.v1.rest.CountryService,fayder.restcountries.v1.rest.CountryService_ESTest,24,0,True
251,BugSwarm,REST_Countries-154683750,2,766782f6bfb745a3b35c7731ae634b9a,fayder.restcountries.v1.rest.CountryService,fayder.restcountries.v1.rest.CountryService_ESTest,23,0,True
252,BugSwarm,REST_Countries-154683750,2,b065ae78eb8a480f9850dbce54411c20,fayder.restcountries.v1.rest.CountryService,fayder.restcountries.v1.rest.CountryService_ESTest,24,0,True
253,BugSwarm,REST_Countries-154683750,2,9d0d37c1c2c847808e23b9ba73a60a1e,fayder.restcountries.v1.rest.CountryService,fayder.restcountries.v1.rest.CountryService_ESTest,23,0,True
254,BugSwarm,REST_Countries-154683750,2,52f471002d3b4c57bd88d5399c8f84f7,fayder.restcountries.v1.rest.CountryService,fayder.restcountries.v1.rest.CountryService_ESTest,23,0,True
255,BugSwarm,REST_Countries-154683750,2,70dc3ede9abf4b1e8e309e7ee2519087,fayder.restcountries.v1.rest.CountryService,fayder.restcountries.v1.rest.CountryService_ESTest,24,0,True
256,BugSwarm,REST_Countries-154683750,2,307e0b9f950f4e11bcba365697d55417,fayder.restcountries.v1.rest.CountryService,fayder.restcountries.v1.rest.CountryService_ESTest,23,0,True
257,BugSwarm,REST_Countries-154683750,2,fe39c334a4c640e4aeb12536319e59bc,fayder.restcountries.v1.rest.CountryService,fayder.restcountries.v1.rest.CountryService_ESTest,23,0,True
258,BugSwarm,REST_Countries-154683750,2,1dbd657c3e414335b024af2fb4677358,fayder.restcountries.v1.rest.CountryService,fayder.restcountries.v1.rest.CountryService_ESTest,24,0,True
259,BugSwarm,REST_Countries-154683750,2,45c5dce3b08c48039466a7d2904fa3d9,fayder.restcountries.v1.rest.CountryService,fayder.restcountries.v1.rest.CountryService_ESTest,25,0,True
260,BugSwarm,REST_Countries-154683750,2,90fe8c0649644bb8be7d2cd5247a668f,fayder.restcountries.v1.rest.CountryService,fayder.restcountries.v1.rest.CountryService_ESTest,24,0,True
261,BugSwarm,REST_Countries-154683750,2,9085f92ae8674c35b6e7543c88e952ba,fayder.restcountries.v1.rest.CountryService,fayder.restcountries.v1.rest.CountryService_ESTest,24,0,True
262,BugSwarm,REST_Countries-154683750,3,718694f22ac9477e849a318a7a764cdd,fayder.restcountries.v1.rest.CountryService,fayder.restcountries.v1.rest.CountryService_ESTest,23,0,True
263,BugSwarm,REST_Countries-154683750,3,6416a5f0e6664c608e937620cc2fade8,fayder.restcountries.v1.rest.CountryService,fayder.restcountries.v1.rest.CountryService_ESTest,24,0,True
264,BugSwarm,REST_Countries-154683750,3,209ee6a31a26420f9ad77ea5bd2e1a71,fayder.restcountries.v1.rest.CountryService,fayder.restcountries.v1.rest.CountryService_ESTest,24,0,True
265,BugSwarm,REST_Countries-154683750,3,64a0923ed8f24d3cbefd71081ed1315a,fayder.restcountries.v1.rest.CountryService,fayder.restcountries.v1.rest.CountryService_ESTest,23,0,True
266,BugSwarm,REST_Countries-154683750,3,8600c9afabd841dcaf64a80b46532ed1,fayder.restcountries.v1.rest.CountryService,fayder.restcountries.v1.rest.CountryService_ESTest,23,0,True
267,BugSwarm,REST_Countries-154683750,3,b27f944557ec49efb9241cf348cca9dc,fayder.restcountries.v1.rest.CountryService,fayder.restcountries.v1.rest.CountryService_ESTest,26,0,True
268,BugSwarm,REST_Countries-154683750,3,62390752323940a6b4300ea732a3e4db,fayder.restcountries.v1.rest.CountryService,fayder.restcountries.v1.rest.CountryService_ESTest,24,0,True
269,BugSwarm,REST_Countries-154683750,3,e791e8062b6c46e385fbe11c10f1a16d,fayder.restcountries.v1.rest.CountryService,fayder.restcountries.v1.rest.CountryService_ESTest,25,0,True
270,BugSwarm,REST_Countries-154683750,3,b5e70c6571ad42329ec91a9681b6576b,fayder.restcountries.v1.rest.CountryService,fayder.restcountries.v1.rest.CountryService_ESTest,24,0,True
271,BugSwarm,REST_Countries-154683750,3,dd89a28409684bc3a2231152eae3b07d,fayder.restcountries.v1.rest.CountryService,fayder.restcountries.v1.rest.CountryService_ESTest,25,0,True
272,BugSwarm,REST_Countries-154683750,3,f44960bd3c3c4f038393f94a41b6b990,fayder.restcountries.v1.rest.CountryService,fayder.restcountries.v1.rest.CountryService_ESTest,24,0,True
273,BugSwarm,REST_Countries-154683750,3,4ca7bc11d6954b30a8df6fff0867dc0c,fayder.restcountries.v1.rest.CountryService,fayder.restcountries.v1.rest.CountryService_ESTest,23,0,True
274,BugSwarm,REST_Countries-154683750,3,dca6b856f26247579961238e939c5a7e,fayder.restcountries.v1.rest.CountryService,fayder.restcountries.v1.rest.CountryService_ESTest,24,0,True
275,BugSwarm,REST_Countries-154683750,3,a48b0a95b45b4b77b6b21391abc697ef,fayder.restcountries.v1.rest.CountryService,fayder.restcountries.v1.rest.CountryService_ESTest,24,0,True
276,BugSwarm,REST_Countries-154683750,3,766782f6bfb745a3b35c7731ae634b9a,fayder.restcountries.v1.rest.CountryService,fayder.restcountries.v1.rest.CountryService_ESTest,23,0,True
277,BugSwarm,REST_Countries-154683750,3,b065ae78eb8a480f9850dbce54411c20,fayder.restcountries.v1.rest.CountryService,fayder.restcountries.v1.rest.CountryService_ESTest,24,0,True
278,BugSwarm,REST_Countries-154683750,3,9d0d37c1c2c847808e23b9ba73a60a1e,fayder.restcountries.v1.rest.CountryService,fayder.restcountries.v1.rest.CountryService_ESTest,23,0,True
279,BugSwarm,REST_Countries-154683750,3,52f471002d3b4c57bd88d5399c8f84f7,fayder.restcountries.v1.rest.CountryService,fayder.restcountries.v1.rest.CountryService_ESTest,23,0,True
280,BugSwarm,REST_Countries-154683750,3,70dc3ede9abf4b1e8e309e7ee2519087,fayder.restcountries.v1.rest.CountryService,fayder.restcountries.v1.rest.CountryService_ESTest,24,0,True
281,BugSwarm,REST_Countries-154683750,3,307e0b9f950f4e11bcba365697d55417,fayder.restcountries.v1.rest.CountryService,fayder.restcountries.v1.rest.CountryService_ESTest,23,0,True
282,BugSwarm,REST_Countries-154683750,3,fe39c334a4c640e4aeb12536319e59bc,fayder.restcountries.v1.rest.CountryService,fayder.restcountries.v1.rest.CountryService_ESTest,23,0,True
283,BugSwarm,REST_Countries-154683750,3,1dbd657c3e414335b024af2fb4677358,fayder.restcountries.v1.rest.CountryService,fayder.restcountries.v1.rest.CountryService_ESTest,24,0,True
284,BugSwarm,REST_Countries-154683750,3,45c5dce3b08c48039466a7d2904fa3d9,fayder.restcountries.v1.rest.CountryService,fayder.restcountries.v1.rest.CountryService_ESTest,25,0,True
285,BugSwarm,REST_Countries-154683750,3,90fe8c0649644bb8be7d2cd5247a668f,fayder.restcountries.v1.rest.CountryService,fayder.restcountries.v1.rest.CountryService_ESTest,24,0,True
286,BugSwarm,REST_Countries-154683750,3,9085f92ae8674c35b6e7543c88e952ba,fayder.restcountries.v1.rest.CountryService,fayder.restcountries.v1.rest.CountryService_ESTest,24,0,True
287,BugSwarm,REST_Countries-154683750,4,718694f22ac9477e849a318a7a764cdd,fayder.restcountries.v1.rest.CountryService,fayder.restcountries.v1.rest.CountryService_ESTest,23,0,True
288,BugSwarm,REST_Countries-154683750,4,6416a5f0e6664c608e937620cc2fade8,fayder.restcountries.v1.rest.CountryService,fayder.restcountries.v1.rest.CountryService_ESTest,24,0,True
289,BugSwarm,REST_Countries-154683750,4,209ee6a31a26420f9ad77ea5bd2e1a71,fayder.restcountries.v1.rest.CountryService,fayder.restcountries.v1.rest.CountryService_ESTest,24,0,True
290,BugSwarm,REST_Countries-154683750,4,64a0923ed8f24d3cbefd71081ed1315a,fayder.restcountries.v1.rest.CountryService,fayder.restcountries.v1.rest.CountryService_ESTest,23,0,True
291,BugSwarm,REST_Countries-154683750,4,8600c9afabd841dcaf64a80b46532ed1,fayder.restcountries.v1.rest.CountryService,fayder.restcountries.v1.rest.CountryService_ESTest,23,0,True
292,BugSwarm,REST_Countries-154683750,4,b27f944557ec49efb9241cf348cca9dc,fayder.restcountries.v1.rest.CountryService,fayder.restcountries.v1.rest.CountryService_ESTest,26,0,True
293,BugSwarm,REST_Countries-154683750,4,62390752323940a6b4300ea732a3e4db,fayder.restcountries.v1.rest.CountryService,fayder.restcountries.v1.rest.CountryService_ESTest,24,0,True
294,BugSwarm,REST_Countries-154683750,4,e791e8062b6c46e385fbe11c10f1a16d,fayder.restcountries.v1.rest.CountryService,fayder.restcountries.v1.rest.CountryService_ESTest,25,0,True
295,BugSwarm,REST_Countries-154683750,4,b5e70c6571ad42329ec91a9681b6576b,fayder.restcountries.v1.rest.CountryService,fayder.restcountries.v1.rest.CountryService_ESTest,24,0,True
296,BugSwarm,REST_Countries-154683750,4,dd89a28409684bc3a2231152eae3b07d,fayder.restcountries.v1.rest.CountryService,fayder.restcountries.v1.rest.CountryService_ESTest,25,0,True
297,BugSwarm,REST_Countries-154683750,4,f44960bd3c3c4f038393f94a41b6b990,fayder.restcountries.v1.rest.CountryService,fayder.restcountries.v1.rest.CountryService_ESTest,24,0,True
298,BugSwarm,REST_Countries-154683750,4,4ca7bc11d6954b30a8df6fff0867dc0c,fayder.restcountries.v1.rest.CountryService,fayder.restcountries.v1.rest.CountryService_ESTest,23,0,True
299,BugSwarm,REST_Countries-154683750,4,dca6b856f26247579961238e939c5a7e,fayder.restcountries.v1.rest.CountryService,fayder.restcountries.v1.rest.CountryService_ESTest,24,0,True
300,BugSwarm,REST_Countries-154683750,4,a48b0a95b45b4b77b6b21391abc697ef,fayder.restcountries.v1.rest.CountryService,fayder.restcountries.v1.rest.CountryService_ESTest,24,0,True
301,BugSwarm,REST_Countries-154683750,4,766782f6bfb745a3b35c7731ae634b9a,fayder.restcountries.v1.rest.CountryService,fayder.restcountries.v1.rest.CountryService_ESTest,23,0,True
302,BugSwarm,REST_Countries-154683750,4,b065ae78eb8a480f9850dbce54411c20,fayder.restcountries.v1.rest.CountryService,fayder.restcountries.v1.rest.CountryService_ESTest,24,0,True
303,BugSwarm,REST_Countries-154683750,4,9d0d37c1c2c847808e23b9ba73a60a1e,fayder.restcountries.v1.rest.CountryService,fayder.restcountries.v1.rest.CountryService_ESTest,23,0,True
304,BugSwarm,REST_Countries-154683750,4,52f471002d3b4c57bd88d5399c8f84f7,fayder.restcountries.v1.rest.CountryService,fayder.restcountries.v1.rest.CountryService_ESTest,23,0,True
305,BugSwarm,REST_Countries-154683750,4,70dc3ede9abf4b1e8e309e7ee2519087,fayder.restcountries.v1.rest.CountryService,fayder.restcountries.v1.rest.CountryService_ESTest,24,0,True
306,BugSwarm,REST_Countries-154683750,4,307e0b9f950f4e11bcba365697d55417,fayder.restcountries.v1.rest.CountryService,fayder.restcountries.v1.rest.CountryService_ESTest,23,0,True
307,BugSwarm,REST_Countries-154683750,4,fe39c334a4c640e4aeb12536319e59bc,fayder.restcountries.v1.rest.CountryService,fayder.restcountries.v1.rest.CountryService_ESTest,23,0,True
308,BugSwarm,REST_Countries-154683750,4,1dbd657c3e414335b024af2fb4677358,fayder.restcountries.v1.rest.CountryService,fayder.restcountries.v1.rest.CountryService_ESTest,24,0,True
309,BugSwarm,REST_Countries-154683750,4,45c5dce3b08c48039466a7d2904fa3d9,fayder.restcountries.v1.rest.CountryService,fayder.restcountries.v1.rest.CountryService_ESTest,25,0,True
310,BugSwarm,REST_Countries-154683750,4,90fe8c0649644bb8be7d2cd5247a668f,fayder.restcountries.v1.rest.CountryService,fayder.restcountries.v1.rest.CountryService_ESTest,24,0,True
311,BugSwarm,REST_Countries-154683750,4,9085f92ae8674c35b6e7543c88e952ba,fayder.restcountries.v1.rest.CountryService,fayder.restcountries.v1.rest.CountryService_ESTest,24,0,True
312,Genesis,JavaPoet-aee5f128,0,86b848a44a414a44b114237dafc49f46,com.squareup.javapoet.TypeName,com.squareup.javapoet.TypeName_ESTest,21,0,True
313,Genesis,JavaPoet-aee5f128,0,611c87efff9e43e9bf067bd40e98c614,com.squareup.javapoet.TypeName,com.squareup.javapoet.TypeName_ESTest,21,0,True
314,Genesis,JavaPoet-aee5f128,0,f6b88637dbfc49a68df3e52f7230e10b,com.squareup.javapoet.TypeName,com.squareup.javapoet.TypeName_ESTest,19,0,True
315,Genesis,JavaPoet-aee5f128,0,052fe312fadf4039ae89fbf139978c63,com.squareup.javapoet.TypeName,com.squareup.javapoet.TypeName_ESTest,20,0,True
316,Genesis,JavaPoet-aee5f128,0,478262be0de3448284402bcc16726131,com.squareup.javapoet.TypeName,com.squareup.javapoet.TypeName_ESTest,21,0,True
317,Genesis,JavaPoet-aee5f128,0,39eb713a9df64280a7af650743bc5d3d,com.squareup.javapoet.TypeName,com.squareup.javapoet.TypeName_ESTest,21,0,True
318,Genesis,JavaPoet-aee5f128,0,3c3e58291c77427992b22b7499d7b0d2,com.squareup.javapoet.TypeName,com.squareup.javapoet.TypeName_ESTest,20,0,True
319,Genesis,JavaPoet-aee5f128,0,a806036992c2418cba4811fdbd3be70d,com.squareup.javapoet.TypeName,com.squareup.javapoet.TypeName_ESTest,19,0,True
320,Genesis,JavaPoet-aee5f128,0,1c4bf29c587f47bda15590aa960e03be,com.squareup.javapoet.TypeName,com.squareup.javapoet.TypeName_ESTest,21,0,True
321,Genesis,JavaPoet-aee5f128,0,5cdfdb45dfb6496390f24af0ea6d05ef,com.squareup.javapoet.TypeName,com.squareup.javapoet.TypeName_ESTest,21,0,True
322,Genesis,JavaPoet-aee5f128,0,d842616e6b8244df999ba0546d801728,com.squareup.javapoet.TypeName,com.squareup.javapoet.TypeName_ESTest,21,0,True
323,Genesis,JavaPoet-aee5f128,0,82370d70b3ca4b7e91d326c8643ea1a9,com.squareup.javapoet.TypeName,com.squareup.javapoet.TypeName_ESTest,20,0,True
324,Genesis,JavaPoet-aee5f128,0,20ce10701bea4c0a96e778987d8e8cf8,com.squareup.javapoet.TypeName,com.squareup.javapoet.TypeName_ESTest,21,0,True
325,Genesis,JavaPoet-aee5f128,0,61e422d73f6b4d01ab909d450ed015ca,com.squareup.javapoet.TypeName,com.squareup.javapoet.TypeName_ESTest,20,0,True
326,Genesis,JavaPoet-aee5f128,0,55e9a903c19d42b7917e1513810a10d7,com.squareup.javapoet.TypeName,com.squareup.javapoet.TypeName_ESTest,21,0,True
327,Genesis,JavaPoet-aee5f128,0,b0632acdc3a14234a8d544ae2e236e5c,com.squareup.javapoet.TypeName,com.squareup.javapoet.TypeName_ESTest,21,0,True
328,Genesis,JavaPoet-aee5f128,0,4bd0a7b037e94e2184fdf4d28aa92f64,com.squareup.javapoet.TypeName,com.squareup.javapoet.TypeName_ESTest,21,0,True
329,Genesis,JavaPoet-aee5f128,0,d2e31fb8ead64a8190b950a206e3fdec,com.squareup.javapoet.TypeName,com.squareup.javapoet.TypeName_ESTest,21,0,True
330,Genesis,JavaPoet-aee5f128,0,054827fd01564b58a1165b9f4ba57a8f,com.squareup.javapoet.TypeName,com.squareup.javapoet.TypeName_ESTest,21,0,True
331,Genesis,JavaPoet-aee5f128,0,32ea1aac92d6409f8c3ef6cee9491efe,com.squareup.javapoet.TypeName,com.squareup.javapoet.TypeName_ESTest,21,0,True
332,Genesis,JavaPoet-aee5f128,0,b6a9f5c19fe94f56b9f4ebf648495f92,com.squareup.javapoet.TypeName,com.squareup.javapoet.TypeName_ESTest,21,0,True
333,Genesis,JavaPoet-aee5f128,0,71a563bff57542888133396c830fe8fa,com.squareup.javapoet.TypeName,com.squareup.javapoet.TypeName_ESTest,21,0,True
334,Genesis,JavaPoet-aee5f128,0,4e64ee1101b94e53b6b3913065f23734,com.squareup.javapoet.TypeName,com.squareup.javapoet.TypeName_ESTest,21,0,True
335,Genesis,JavaPoet-aee5f128,0,b0266e0d0dba486ebda83926b2cce311,com.squareup.javapoet.TypeName,com.squareup.javapoet.TypeName_ESTest,21,0,True
336,Genesis,JavaPoet-aee5f128,0,7e2f9e216c9e4ee18dda00c5caa0259c,com.squareup.javapoet.TypeName,com.squareup.javapoet.TypeName_ESTest,21,0,True
337,Genesis,Checkstyle-4f73fffd,0,e36b9c9bfa564f3dbc7cd370d2f0711c,com.puppycrawl.tools.checkstyle.checks.blocks.NeedBracesCheck,com.puppycrawl.tools.checkstyle.checks.blocks.NeedBracesCheck_ESTest,37,0,True
338,Genesis,Checkstyle-4f73fffd,0,caee642249d74dd6b3e729beb0de9362,com.puppycrawl.tools.checkstyle.checks.blocks.NeedBracesCheck,com.puppycrawl.tools.checkstyle.checks.blocks.NeedBracesCheck_ESTest,42,0,True
339,Genesis,Checkstyle-4f73fffd,0,42cfe63f7d67450baef9c09dbf7495ff,com.puppycrawl.tools.checkstyle.checks.blocks.NeedBracesCheck,com.puppycrawl.tools.checkstyle.checks.blocks.NeedBracesCheck_ESTest,40,0,True
340,Genesis,Checkstyle-4f73fffd,0,4f2c7fb21c144d71972aae1a5fb7532e,com.puppycrawl.tools.checkstyle.checks.blocks.NeedBracesCheck,com.puppycrawl.tools.checkstyle.checks.blocks.NeedBracesCheck_ESTest,39,0,True
341,Genesis,Checkstyle-4f73fffd,0,5a331913642841bd8606c4dd81d0f41c,com.puppycrawl.tools.checkstyle.checks.blocks.NeedBracesCheck,com.puppycrawl.tools.checkstyle.checks.blocks.NeedBracesCheck_ESTest,40,0,True
342,Genesis,Checkstyle-4f73fffd,0,9869b5e1236d4612b02b0d95da01cd31,com.puppycrawl.tools.checkstyle.checks.blocks.NeedBracesCheck,com.puppycrawl.tools.checkstyle.checks.blocks.NeedBracesCheck_ESTest,40,0,True
343,Genesis,Checkstyle-4f73fffd,0,af408f5660ca42bf81d604462fa8b633,com.puppycrawl.tools.checkstyle.checks.blocks.NeedBracesCheck,com.puppycrawl.tools.checkstyle.checks.blocks.NeedBracesCheck_ESTest,40,0,True
344,Genesis,Checkstyle-4f73fffd,0,b30aa103920842a5bfcd052d1cdbdc32,com.puppycrawl.tools.checkstyle.checks.blocks.NeedBracesCheck,com.puppycrawl.tools.checkstyle.checks.blocks.NeedBracesCheck_ESTest,45,0,True
345,Genesis,Checkstyle-4f73fffd,0,70a2d45681254f8db8a184662a3fabbd,com.puppycrawl.tools.checkstyle.checks.blocks.NeedBracesCheck,com.puppycrawl.tools.checkstyle.checks.blocks.NeedBracesCheck_ESTest,40,0,True
346,Genesis,Checkstyle-4f73fffd,0,2bdf95faaa4546f2ab614ad8f1a9f944,com.puppycrawl.tools.checkstyle.checks.blocks.NeedBracesCheck,com.puppycrawl.tools.checkstyle.checks.blocks.NeedBracesCheck_ESTest,44,0,True
347,Genesis,Checkstyle-4f73fffd,0,0d9693951ec0437b903b2778d85ba6cd,com.puppycrawl.tools.checkstyle.checks.blocks.NeedBracesCheck,com.puppycrawl.tools.checkstyle.checks.blocks.NeedBracesCheck_ESTest,44,0,True
348,Genesis,Checkstyle-4f73fffd,0,014daf323df74cfbbd72a6f0f003a204,com.puppycrawl.tools.checkstyle.checks.blocks.NeedBracesCheck,com.puppycrawl.tools.checkstyle.checks.blocks.NeedBracesCheck_ESTest,38,0,True
349,Genesis,Checkstyle-4f73fffd,0,56a0cf36ef6249999300e1c5d7865281,com.puppycrawl.tools.checkstyle.checks.blocks.NeedBracesCheck,com.puppycrawl.tools.checkstyle.checks.blocks.NeedBracesCheck_ESTest,39,0,True
350,Genesis,Checkstyle-4f73fffd,0,fd45f26cab184afa97f1be666a49b4de,com.puppycrawl.tools.checkstyle.checks.blocks.NeedBracesCheck,com.puppycrawl.tools.checkstyle.checks.blocks.NeedBracesCheck_ESTest,43,0,True
351,Genesis,Checkstyle-4f73fffd,0,04d1653105cc47f8a60622450cf325b5,com.puppycrawl.tools.checkstyle.checks.blocks.NeedBracesCheck,com.puppycrawl.tools.checkstyle.checks.blocks.NeedBracesCheck_ESTest,38,0,False
352,Genesis,Checkstyle-4f73fffd,0,28c5bf298ba64c37b988f2780abbe6c4,com.puppycrawl.tools.checkstyle.checks.blocks.NeedBracesCheck,com.puppycrawl.tools.checkstyle.checks.blocks.NeedBracesCheck_ESTest,44,0,True
353,Genesis,Checkstyle-4f73fffd,0,e0b420e81e6c42048399cf251d48af71,com.puppycrawl.tools.checkstyle.checks.blocks.NeedBracesCheck,com.puppycrawl.tools.checkstyle.checks.blocks.NeedBracesCheck_ESTest,42,0,True
354,Genesis,Checkstyle-4f73fffd,0,9246d58e90f3443b8808081ef454b027,com.puppycrawl.tools.checkstyle.checks.blocks.NeedBracesCheck,com.puppycrawl.tools.checkstyle.checks.blocks.NeedBracesCheck_ESTest,39,0,True
355,Genesis,Checkstyle-4f73fffd,0,72b27bfd7e3e452b8c55bb5ff994842a,com.puppycrawl.tools.checkstyle.checks.blocks.NeedBracesCheck,com.puppycrawl.tools.checkstyle.checks.blocks.NeedBracesCheck_ESTest,39,0,True
356,Genesis,Checkstyle-4f73fffd,0,85342d3d09f5409bb68b5fd34a993fb0,com.puppycrawl.tools.checkstyle.checks.blocks.NeedBracesCheck,com.puppycrawl.tools.checkstyle.checks.blocks.NeedBracesCheck_ESTest,37,0,True
357,Genesis,Checkstyle-16493bfb,0,9afb14cdf1b84318bb8d6081aebf9ae3,com.puppycrawl.tools.checkstyle.checks.coding.ModifiedControlVariableCheck,com.puppycrawl.tools.checkstyle.checks.coding.ModifiedControlVariableCheck_ESTest,51,0,False
358,Genesis,Checkstyle-be8a60a4,0,e16a910aaed2437a812c196d1e5d961f,com.puppycrawl.tools.checkstyle.checks.naming.ParameterNameCheck,com.puppycrawl.tools.checkstyle.checks.naming.ParameterNameCheck_ESTest,10,0,True
359,Genesis,Activiti-31c8ea16,0,493638ecd8944c599b20d4038f205b4c,org.activiti.engine.impl.event.AbstractEventHandler,org.activiti.engine.impl.event.AbstractEventHandler_ESTest,2,0,True
360,Genesis,Activiti-31c8ea16,0,d9b7bb57c9694e0f9ef4fa8ab5145a28,org.activiti.engine.impl.event.AbstractEventHandler,org.activiti.engine.impl.event.AbstractEventHandler_ESTest,2,0,True
361,Genesis,Activiti-31c8ea16,0,303b391921814b23ad1418354b93762f,org.activiti.engine.impl.event.AbstractEventHandler,org.activiti.engine.impl.event.AbstractEventHandler_ESTest,5,0,True
362,Genesis,Activiti-31c8ea16,0,bff527eae12a498a94011da8d8d3f25a,org.activiti.engine.impl.event.AbstractEventHandler,org.activiti.engine.impl.event.AbstractEventHandler_ESTest,2,0,True
363,Genesis,Activiti-31c8ea16,0,4499ae7214994fb8ac9b7378a909f663,org.activiti.engine.impl.event.AbstractEventHandler,org.activiti.engine.impl.event.AbstractEventHandler_ESTest,5,0,True
364,Genesis,Activiti-31c8ea16,0,d6f902d6853a4d21a29ddf10a0491b6a,org.activiti.engine.impl.event.AbstractEventHandler,org.activiti.engine.impl.event.AbstractEventHandler_ESTest,2,0,True
365,Genesis,Activiti-31c8ea16,0,ad4d32ba277a4342b9f8950353adf33f,org.activiti.engine.impl.event.AbstractEventHandler,org.activiti.engine.impl.event.AbstractEventHandler_ESTest,5,0,False
366,Genesis,Activiti-31c8ea16,0,2a22d0010cac4ee1bc09638f592e54fa,org.activiti.engine.impl.event.AbstractEventHandler,org.activiti.engine.impl.event.AbstractEventHandler_ESTest,2,0,True
367,Genesis,Activiti-31c8ea16,0,6b84bc5fbbf94a68ad319e8d86121664,org.activiti.engine.impl.event.AbstractEventHandler,org.activiti.engine.impl.event.AbstractEventHandler_ESTest,2,0,True
368,Genesis,Activiti-31c8ea16,0,38f99d4644db409a8f1c4a2714c5b225,org.activiti.engine.impl.event.AbstractEventHandler,org.activiti.engine.impl.event.AbstractEventHandler_ESTest,5,0,False
369,Genesis,Activiti-31c8ea16,0,ac1464ec037c46f489e6bfdd073e1a7f,org.activiti.engine.impl.event.AbstractEventHandler,org.activiti.engine.impl.event.AbstractEventHandler_ESTest,2,0,True
370,Genesis,Activiti-31c8ea16,0,c18bd16e0ddd4b778aff206bb3a3550e,org.activiti.engine.impl.event.AbstractEventHandler,org.activiti.engine.impl.event.AbstractEventHandler_ESTest,2,0,True
371,Genesis,Activiti-31c8ea16,0,a63510645cdb40d2bf5eb2acc811cd4a,org.activiti.engine.impl.event.AbstractEventHandler,org.activiti.engine.impl.event.AbstractEventHandler_ESTest,2,0,True
372,Genesis,Activiti-31c8ea16,0,e04a350922a1478fbb2506ec11951330,org.activiti.engine.impl.event.AbstractEventHandler,org.activiti.engine.impl.event.AbstractEventHandler_ESTest,2,0,True
373,Genesis,Activiti-31c8ea16,0,9ce8c7f98e5f42cc8f9a6a2ee1552957,org.activiti.engine.impl.event.AbstractEventHandler,org.activiti.engine.impl.event.AbstractEventHandler_ESTest,6,0,False
374,Genesis,Activiti-31c8ea16,0,070b462fdceb42af904745184cdadcfb,org.activiti.engine.impl.event.AbstractEventHandler,org.activiti.engine.impl.event.AbstractEventHandler_ESTest,5,0,True
375,Genesis,Activiti-31c8ea16,0,a32c41140ba249bea7a739bf793d8c14,org.activiti.engine.impl.event.AbstractEventHandler,org.activiti.engine.impl.event.AbstractEventHandler_ESTest,6,0,True
376,Genesis,Activiti-31c8ea16,0,f852dcae0936457c9f52a2e3c20961d9,org.activiti.engine.impl.event.AbstractEventHandler,org.activiti.engine.impl.event.AbstractEventHandler_ESTest,2,0,True
377,Genesis,Activiti-31c8ea16,0,652051a3f9f24c89be55dccaa34bd2dd,org.activiti.engine.impl.event.AbstractEventHandler,org.activiti.engine.impl.event.AbstractEventHandler_ESTest,2,0,True
378,Genesis,Activiti-31c8ea16,0,873980230c374933a429ee0f2ef6bef5,org.activiti.engine.impl.event.AbstractEventHandler,org.activiti.engine.impl.event.AbstractEventHandler_ESTest,4,0,True
379,Genesis,Activiti-31c8ea16,0,162f02a644fe40eb9dd8f41b2e0c21b0,org.activiti.engine.impl.event.AbstractEventHandler,org.activiti.engine.impl.event.AbstractEventHandler_ESTest,5,0,True
380,Genesis,Activiti-31c8ea16,0,7005e9e6f1644160b24a3f483acbde58,org.activiti.engine.impl.event.AbstractEventHandler,org.activiti.engine.impl.event.AbstractEventHandler_ESTest,5,0,False
381,Genesis,Activiti-31c8ea16,0,9fb99acd0e894f3c8441c9421dbbfbd9,org.activiti.engine.impl.event.AbstractEventHandler,org.activiti.engine.impl.event.AbstractEventHandler_ESTest,2,0,True
382,Genesis,Activiti-31c8ea16,0,9ebce6d4b35444e69900c7381efc0725,org.activiti.engine.impl.event.AbstractEventHandler,org.activiti.engine.impl.event.AbstractEventHandler_ESTest,2,0,True
383,Genesis,Activiti-31c8ea16,0,d0ce5d450f1b419a9697a68ea55daf3a,org.activiti.engine.impl.event.AbstractEventHandler,org.activiti.engine.impl.event.AbstractEventHandler_ESTest,2,0,True
384,Defects4J,Csv-9,0,d850c10f18ee499886165ca3aa3b2c12,org.apache.commons.csv.CSVRecord,org.apache.commons.csv.CSVRecord_ESTest,41,0,True
385,Defects4J,Csv-9,0,8903227af6044f6ba1f5af0874802e4c,org.apache.commons.csv.CSVRecord,org.apache.commons.csv.CSVRecord_ESTest,42,0,True
386,Defects4J,Csv-9,0,376523f24c4e4d8e994781b64fdebe27,org.apache.commons.csv.CSVRecord,org.apache.commons.csv.CSVRecord_ESTest,41,0,True
387,Defects4J,Csv-9,0,3d2aaaca20584c5e84bb7c97c013ceff,org.apache.commons.csv.CSVRecord,org.apache.commons.csv.CSVRecord_ESTest,41,0,True
388,Defects4J,Csv-9,0,3fae00a976e14d9fa7f1374da6c16f7a,org.apache.commons.csv.CSVRecord,org.apache.commons.csv.CSVRecord_ESTest,42,0,True
389,Defects4J,Csv-9,0,4fa0f102172a4e14b98defc076769040,org.apache.commons.csv.CSVRecord,org.apache.commons.csv.CSVRecord_ESTest,42,0,True
390,Defects4J,Csv-9,0,d76a08a7b3db4b97aed84321e5a8e8a7,org.apache.commons.csv.CSVRecord,org.apache.commons.csv.CSVRecord_ESTest,41,0,True
391,Defects4J,Csv-9,0,81b30381c72e4fdaa17b2e137460f978,org.apache.commons.csv.CSVRecord,org.apache.commons.csv.CSVRecord_ESTest,42,0,True
392,Defects4J,Csv-9,0,045fa3691dfc447d99f1ac848c660551,org.apache.commons.csv.CSVRecord,org.apache.commons.csv.CSVRecord_ESTest,43,0,True
393,Defects4J,Csv-9,0,18c05bb5c33d423db98ceadc5b0eccb5,org.apache.commons.csv.CSVRecord,org.apache.commons.csv.CSVRecord_ESTest,42,0,True
394,Defects4J,Csv-9,0,922c33ca906c4a5eadb34cad90b78235,org.apache.commons.csv.CSVRecord,org.apache.commons.csv.CSVRecord_ESTest,41,0,True
395,Defects4J,Csv-9,0,4d229c09a17f4c28a642cf84d9646117,org.apache.commons.csv.CSVRecord,org.apache.commons.csv.CSVRecord_ESTest,43,0,True
396,Defects4J,Csv-9,0,3f7351fcfc2c494dae7e6579dcb702ef,org.apache.commons.csv.CSVRecord,org.apache.commons.csv.CSVRecord_ESTest,43,0,True
397,Defects4J,Csv-9,0,b77168e430e4448cadf10a48b2b9c11e,org.apache.commons.csv.CSVRecord,org.apache.commons.csv.CSVRecord_ESTest,42,0,True
398,Defects4J,Csv-9,0,f9b56206b3164227afccfa2b31ccdc1e,org.apache.commons.csv.CSVRecord,org.apache.commons.csv.CSVRecord_ESTest,43,0,True
399,Defects4J,Csv-9,0,f7d23b2024594df4b396aacc3bf3edb2,org.apache.commons.csv.CSVRecord,org.apache.commons.csv.CSVRecord_ESTest,42,0,True
400,Defects4J,Csv-9,0,e2595c8f7ef44cd193bfe1a01470d60c,org.apache.commons.csv.CSVRecord,org.apache.commons.csv.CSVRecord_ESTest,41,0,True
401,Defects4J,Csv-9,0,3c69ebfbb4a14f39a09ac057e73219b6,org.apache.commons.csv.CSVRecord,org.apache.commons.csv.CSVRecord_ESTest,41,0,True
402,Defects4J,Csv-9,0,25729e4496bd4a879e0a8b573b150d2b,org.apache.commons.csv.CSVRecord,org.apache.commons.csv.CSVRecord_ESTest,43,0,True
403,Defects4J,Csv-9,0,6e0772758e194083937ab707e2875c14,org.apache.commons.csv.CSVRecord,org.apache.commons.csv.CSVRecord_ESTest,41,0,True
404,Defects4J,Csv-9,0,6a630a513aff4df7be38b5fcc1862051,org.apache.commons.csv.CSVRecord,org.apache.commons.csv.CSVRecord_ESTest,41,0,True
405,Defects4J,Csv-9,0,636773c88c6c405bb530f57f84ba4c26,org.apache.commons.csv.CSVRecord,org.apache.commons.csv.CSVRecord_ESTest,42,0,True
406,Defects4J,Csv-9,0,4ae71548038b424f9f4e338c698feabe,org.apache.commons.csv.CSVRecord,org.apache.commons.csv.CSVRecord_ESTest,42,0,True
407,Defects4J,Csv-9,0,2d59eda59e5e46698ac0770e4d539a33,org.apache.commons.csv.CSVRecord,org.apache.commons.csv.CSVRecord_ESTest,43,0,True
408,Defects4J,Csv-9,0,52479e46043c4a489772983aeee0c75b,org.apache.commons.csv.CSVRecord,org.apache.commons.csv.CSVRecord_ESTest,42,0,True
409,Defects4J,Math-70,0,02c542c494ed4ebaa5d67395c6ef8d93,org.apache.commons.math.analysis.solvers.BisectionSolver,org.apache.commons.math.analysis.solvers.BisectionSolver_ESTest,34,0,True
410,Defects4J,Math-70,0,a5a33902cb094e4f9347d57bd14bedf3,org.apache.commons.math.analysis.solvers.BisectionSolver,org.apache.commons.math.analysis.solvers.BisectionSolver_ESTest,33,0,True
411,Defects4J,Math-70,0,610c608da90e4fe084cc7e0c3a06a88d,org.apache.commons.math.analysis.solvers.BisectionSolver,org.apache.commons.math.analysis.solvers.BisectionSolver_ESTest,38,0,True
412,Defects4J,Math-70,0,555d8444e43441949f5aba9e9137c87d,org.apache.commons.math.analysis.solvers.BisectionSolver,org.apache.commons.math.analysis.solvers.BisectionSolver_ESTest,35,0,True
413,Defects4J,Math-70,0,f0faef5407d744e78d6573dda87ca43c,org.apache.commons.math.analysis.solvers.BisectionSolver,org.apache.commons.math.analysis.solvers.BisectionSolver_ESTest,33,0,True
414,Defects4J,Math-70,0,888e0ac50078462baae91b66381f17ce,org.apache.commons.math.analysis.solvers.BisectionSolver,org.apache.commons.math.analysis.solvers.BisectionSolver_ESTest,38,0,True
415,Defects4J,Math-70,0,10a0df36b115433da2963e551d9e31d6,org.apache.commons.math.analysis.solvers.BisectionSolver,org.apache.commons.math.analysis.solvers.BisectionSolver_ESTest,34,0,True
416,Defects4J,Math-70,0,887b50932f3d4082bc50c46fb6f3f3e5,org.apache.commons.math.analysis.solvers.BisectionSolver,org.apache.commons.math.analysis.solvers.BisectionSolver_ESTest,34,0,True
417,Defects4J,Math-70,0,59b5ba4ec38b4e60878dd916f7d2d731,org.apache.commons.math.analysis.solvers.BisectionSolver,org.apache.commons.math.analysis.solvers.BisectionSolver_ESTest,33,0,True
418,Defects4J,Math-70,0,52a574a32ef34863a58f5ea9134b8627,org.apache.commons.math.analysis.solvers.BisectionSolver,org.apache.commons.math.analysis.solvers.BisectionSolver_ESTest,36,0,True
419,Defects4J,Math-70,0,663729bbf9d34f99bc22e418a4f62761,org.apache.commons.math.analysis.solvers.BisectionSolver,org.apache.commons.math.analysis.solvers.BisectionSolver_ESTest,33,0,True
420,Defects4J,Math-70,0,d1103d20308a4312a19fcb1ce4412b63,org.apache.commons.math.analysis.solvers.BisectionSolver,org.apache.commons.math.analysis.solvers.BisectionSolver_ESTest,37,0,True
421,Defects4J,Math-70,0,92eb2ecfea6947f087567cd1d8566199,org.apache.commons.math.analysis.solvers.BisectionSolver,org.apache.commons.math.analysis.solvers.BisectionSolver_ESTest,33,0,True
422,Defects4J,Math-70,0,4970e0c1afb944a5be17a28561ec8d6e,org.apache.commons.math.analysis.solvers.BisectionSolver,org.apache.commons.math.analysis.solvers.BisectionSolver_ESTest,33,0,True
423,Defects4J,Math-70,0,53288d7f3a1b42ea9550907d358d77f7,org.apache.commons.math.analysis.solvers.BisectionSolver,org.apache.commons.math.analysis.solvers.BisectionSolver_ESTest,30,0,True
424,Defects4J,Math-70,0,aeecadebf63b46ac90fb321e823f96e7,org.apache.commons.math.analysis.solvers.BisectionSolver,org.apache.commons.math.analysis.solvers.BisectionSolver_ESTest,33,0,True
425,Defects4J,Math-70,0,063c802fb4014d43bf5e517d45ba105e,org.apache.commons.math.analysis.solvers.BisectionSolver,org.apache.commons.math.analysis.solvers.BisectionSolver_ESTest,39,0,True
426,Defects4J,Math-70,0,f7a3532663f64b989e86c9b59206ce76,org.apache.commons.math.analysis.solvers.BisectionSolver,org.apache.commons.math.analysis.solvers.BisectionSolver_ESTest,34,0,True
427,Defects4J,Math-70,0,83c551c15fbe473ab12cb03dc0691541,org.apache.commons.math.analysis.solvers.BisectionSolver,org.apache.commons.math.analysis.solvers.BisectionSolver_ESTest,33,0,True
428,Defects4J,Math-70,0,de7ec95d28f543258a63cb7c0af37483,org.apache.commons.math.analysis.solvers.BisectionSolver,org.apache.commons.math.analysis.solvers.BisectionSolver_ESTest,37,0,True
429,Defects4J,Math-70,0,44fda17d0c564dfdb78c899d619c15b5,org.apache.commons.math.analysis.solvers.BisectionSolver,org.apache.commons.math.analysis.solvers.BisectionSolver_ESTest,36,0,True
430,Defects4J,Math-70,0,74c1449aa4134183a1833744fb5ce585,org.apache.commons.math.analysis.solvers.BisectionSolver,org.apache.commons.math.analysis.solvers.BisectionSolver_ESTest,34,0,True
431,Defects4J,Math-70,0,d9fab3f1c05d400d98d19ebeb8daab3c,org.apache.commons.math.analysis.solvers.BisectionSolver,org.apache.commons.math.analysis.solvers.BisectionSolver_ESTest,31,0,True
432,Defects4J,Math-70,0,f7192ce9f8874904910a70cf5e66abfe,org.apache.commons.math.analysis.solvers.BisectionSolver,org.apache.commons.math.analysis.solvers.BisectionSolver_ESTest,32,0,True
433,Defects4J,Math-70,0,042ee480c595472aa54ad0f6d155fd4b,org.apache.commons.math.analysis.solvers.BisectionSolver,org.apache.commons.math.analysis.solvers.BisectionSolver_ESTest,37,0,True
434,Defects4J,Math-79,0,994ca28283f74f9695bfc2f7d77c5aec,org.apache.commons.math.stat.clustering.KMeansPlusPlusClusterer,org.apache.commons.math.stat.clustering.KMeansPlusPlusClusterer_ESTest,9,0,True
435,Defects4J,Math-79,0,81a51cb97f044fefbf5bf96c6d761008,org.apache.commons.math.stat.clustering.KMeansPlusPlusClusterer,org.apache.commons.math.stat.clustering.KMeansPlusPlusClusterer_ESTest,9,0,True
436,Defects4J,Math-79,0,8a4a857b796246c98989b3273153d376,org.apache.commons.math.stat.clustering.KMeansPlusPlusClusterer,org.apache.commons.math.stat.clustering.KMeansPlusPlusClusterer_ESTest,8,0,True
437,Defects4J,Math-79,0,5bee399f48a042158a4c7a6fd1d8ffe7,org.apache.commons.math.stat.clustering.KMeansPlusPlusClusterer,org.apache.commons.math.stat.clustering.KMeansPlusPlusClusterer_ESTest,8,0,True
438,Defects4J,Math-79,0,03255670216741ebb195ed14e1a3fe47,org.apache.commons.math.stat.clustering.KMeansPlusPlusClusterer,org.apache.commons.math.stat.clustering.KMeansPlusPlusClusterer_ESTest,8,0,True
439,Defects4J,Math-79,0,8bd2e124fb9b4c279da2770eae5f4775,org.apache.commons.math.stat.clustering.KMeansPlusPlusClusterer,org.apache.commons.math.stat.clustering.KMeansPlusPlusClusterer_ESTest,10,0,True
440,Defects4J,Math-79,0,ae608db2e42f4f048703ed58f545e6d9,org.apache.commons.math.stat.clustering.KMeansPlusPlusClusterer,org.apache.commons.math.stat.clustering.KMeansPlusPlusClusterer_ESTest,8,0,True
441,Defects4J,Math-79,0,5010f32573f04d5fb00619579e98cdca,org.apache.commons.math.stat.clustering.KMeansPlusPlusClusterer,org.apache.commons.math.stat.clustering.KMeansPlusPlusClusterer_ESTest,9,0,True
442,Defects4J,Math-79,0,3bb1e279b4c248178af24689544a888b,org.apache.commons.math.stat.clustering.KMeansPlusPlusClusterer,org.apache.commons.math.stat.clustering.KMeansPlusPlusClusterer_ESTest,10,0,False
443,Defects4J,Math-79,0,19a47f179ed94ed7acc29a5ac656e404,org.apache.commons.math.stat.clustering.KMeansPlusPlusClusterer,org.apache.commons.math.stat.clustering.KMeansPlusPlusClusterer_ESTest,9,0,True
444,Defects4J,Math-79,0,cfbbfe11967b4019b7adf3a13d6304ed,org.apache.commons.math.stat.clustering.KMeansPlusPlusClusterer,org.apache.commons.math.stat.clustering.KMeansPlusPlusClusterer_ESTest,9,0,True
445,Defects4J,Math-79,0,ff5ae61796d343c79225e4620fdcafac,org.apache.commons.math.stat.clustering.KMeansPlusPlusClusterer,org.apache.commons.math.stat.clustering.KMeansPlusPlusClusterer_ESTest,8,0,True
446,Defects4J,Math-79,0,26ef2a9a18dd4aaab0c82f091732a6e2,org.apache.commons.math.stat.clustering.KMeansPlusPlusClusterer,org.apache.commons.math.stat.clustering.KMeansPlusPlusClusterer_ESTest,10,0,True
447,Defects4J,Math-79,0,c460f135749947cd8e30abbf5d620075,org.apache.commons.math.stat.clustering.KMeansPlusPlusClusterer,org.apache.commons.math.stat.clustering.KMeansPlusPlusClusterer_ESTest,8,0,True
448,Defects4J,Math-79,0,3210d3260ec640a286462ea776c24c9b,org.apache.commons.math.stat.clustering.KMeansPlusPlusClusterer,org.apache.commons.math.stat.clustering.KMeansPlusPlusClusterer_ESTest,9,0,True
449,Defects4J,Math-79,0,49f96ef530c24c11b0622cb61a307bdf,org.apache.commons.math.stat.clustering.KMeansPlusPlusClusterer,org.apache.commons.math.stat.clustering.KMeansPlusPlusClusterer_ESTest,8,0,True
450,Defects4J,Math-79,0,38cbab6b3472420ea463afc70c369162,org.apache.commons.math.stat.clustering.KMeansPlusPlusClusterer,org.apache.commons.math.stat.clustering.KMeansPlusPlusClusterer_ESTest,9,0,True
451,Defects4J,Math-79,0,6cc2533132b14cc49bbf6585adb0457c,org.apache.commons.math.stat.clustering.KMeansPlusPlusClusterer,org.apache.commons.math.stat.clustering.KMeansPlusPlusClusterer_ESTest,8,0,True
452,Defects4J,Math-79,0,2ca35e7cf3774756a3956b690568004c,org.apache.commons.math.stat.clustering.KMeansPlusPlusClusterer,org.apache.commons.math.stat.clustering.KMeansPlusPlusClusterer_ESTest,9,0,True
453,Defects4J,Math-79,0,e020fa7c7f9b4a6b80b71bb33ac7bef6,org.apache.commons.math.stat.clustering.KMeansPlusPlusClusterer,org.apache.commons.math.stat.clustering.KMeansPlusPlusClusterer_ESTest,8,0,False
454,Defects4J,Math-79,0,59ad7a51b1fa46f49342ad7fb6aa2ec7,org.apache.commons.math.stat.clustering.KMeansPlusPlusClusterer,org.apache.commons.math.stat.clustering.KMeansPlusPlusClusterer_ESTest,9,0,False
455,Defects4J,Math-79,0,59e9d449caf54b51bcb1bbbec2d49bae,org.apache.commons.math.stat.clustering.KMeansPlusPlusClusterer,org.apache.commons.math.stat.clustering.KMeansPlusPlusClusterer_ESTest,9,0,True
456,Defects4J,Cli-30,0,59dbe55438574120b1f599051f42af29,org.apache.commons.cli.Parser,org.apache.commons.cli.Parser_ESTest,44,0,True
457,Defects4J,Cli-30,0,c62bf3a2b8ad4b3c81bee857b409a064,org.apache.commons.cli.DefaultParser,org.apache.commons.cli.DefaultParser_ESTest,45,0,False
458,Defects4J,Cli-30,0,3e502138a3c54e05849df6ad1a8ccd8b,org.apache.commons.cli.Parser,org.apache.commons.cli.Parser_ESTest,40,0,True
459,Defects4J,Cli-30,0,5a357f1ca6c2405dac1579717db50a4e,org.apache.commons.cli.DefaultParser,org.apache.commons.cli.DefaultParser_ESTest,45,0,False
460,Defects4J,Cli-30,0,7d3c082cf850456fb13ab7acd9ad6e4e,org.apache.commons.cli.DefaultParser,org.apache.commons.cli.DefaultParser_ESTest,44,0,False
461,Defects4J,Cli-30,0,d2907ae2be0b44598c67972eac7d7fb5,org.apache.commons.cli.DefaultParser,org.apache.commons.cli.DefaultParser_ESTest,51,0,False
462,Defects4J,Cli-30,0,5beb423e8d984126a52c76ca94aef4de,org.apache.commons.cli.Parser,org.apache.commons.cli.Parser_ESTest,41,0,True
463,Defects4J,Cli-30,0,5beb423e8d984126a52c76ca94aef4de,org.apache.commons.cli.DefaultParser,org.apache.commons.cli.DefaultParser_ESTest,41,0,False
464,Defects4J,Cli-30,0,05ab0dad52564500a49b11b5dea95bd8,org.apache.commons.cli.DefaultParser,org.apache.commons.cli.DefaultParser_ESTest,42,0,False
465,Defects4J,Cli-30,0,d39a689d8fab4582829809d68efde513,org.apache.commons.cli.DefaultParser,org.apache.commons.cli.DefaultParser_ESTest,45,0,False
466,Defects4J,Cli-30,0,e93795d83b4d46bdab49426e5ca23179,org.apache.commons.cli.DefaultParser,org.apache.commons.cli.DefaultParser_ESTest,47,0,False
467,Defects4J,Cli-30,0,dc21f0ce9c244f868d56a8a8f5f9d0b5,org.apache.commons.cli.DefaultParser,org.apache.commons.cli.DefaultParser_ESTest,47,0,False
468,Defects4J,Cli-30,0,4ceb6d5557b44014a0d24e92e5ffec7f,org.apache.commons.cli.DefaultParser,org.apache.commons.cli.DefaultParser_ESTest,51,0,False
469,Defects4J,Cli-30,0,cd7768bd10414946a53b1a575d51c268,org.apache.commons.cli.Parser,org.apache.commons.cli.Parser_ESTest,41,0,True
470,Defects4J,Cli-30,0,ad2370bcb44d4a9ca59ddb9469796dc8,org.apache.commons.cli.DefaultParser,org.apache.commons.cli.DefaultParser_ESTest,54,0,False
471,Defects4J,Cli-30,0,3d0d6b69082243399ad919d9388e199c,org.apache.commons.cli.DefaultParser,org.apache.commons.cli.DefaultParser_ESTest,46,0,False
472,Defects4J,Cli-30,1,59dbe55438574120b1f599051f42af29,org.apache.commons.cli.Parser,org.apache.commons.cli.Parser_ESTest,44,0,False
473,Defects4J,Cli-30,1,c62bf3a2b8ad4b3c81bee857b409a064,org.apache.commons.cli.DefaultParser,org.apache.commons.cli.DefaultParser_ESTest,45,0,True
474,Defects4J,Cli-30,1,3e502138a3c54e05849df6ad1a8ccd8b,org.apache.commons.cli.Parser,org.apache.commons.cli.Parser_ESTest,40,0,False
475,Defects4J,Cli-30,1,5a357f1ca6c2405dac1579717db50a4e,org.apache.commons.cli.DefaultParser,org.apache.commons.cli.DefaultParser_ESTest,45,0,True
476,Defects4J,Cli-30,1,7d3c082cf850456fb13ab7acd9ad6e4e,org.apache.commons.cli.DefaultParser,org.apache.commons.cli.DefaultParser_ESTest,44,0,True
477,Defects4J,Cli-30,1,d2907ae2be0b44598c67972eac7d7fb5,org.apache.commons.cli.DefaultParser,org.apache.commons.cli.DefaultParser_ESTest,51,0,True
478,Defects4J,Cli-30,1,5beb423e8d984126a52c76ca94aef4de,org.apache.commons.cli.Parser,org.apache.commons.cli.Parser_ESTest,41,0,False
479,Defects4J,Cli-30,1,5beb423e8d984126a52c76ca94aef4de,org.apache.commons.cli.DefaultParser,org.apache.commons.cli.DefaultParser_ESTest,41,0,True
480,Defects4J,Cli-30,1,05ab0dad52564500a49b11b5dea95bd8,org.apache.commons.cli.DefaultParser,org.apache.commons.cli.DefaultParser_ESTest,42,0,True
481,Defects4J,Cli-30,1,d39a689d8fab4582829809d68efde513,org.apache.commons.cli.DefaultParser,org.apache.commons.cli.DefaultParser_ESTest,45,0,True
482,Defects4J,Cli-30,1,e93795d83b4d46bdab49426e5ca23179,org.apache.commons.cli.DefaultParser,org.apache.commons.cli.DefaultParser_ESTest,47,0,True
483,Defects4J,Cli-30,1,dc21f0ce9c244f868d56a8a8f5f9d0b5,org.apache.commons.cli.DefaultParser,org.apache.commons.cli.DefaultParser_ESTest,47,0,True
484,Defects4J,Cli-30,1,4ceb6d5557b44014a0d24e92e5ffec7f,org.apache.commons.cli.DefaultParser,org.apache.commons.cli.DefaultParser_ESTest,51,0,True
485,Defects4J,Cli-30,1,cd7768bd10414946a53b1a575d51c268,org.apache.commons.cli.Parser,org.apache.commons.cli.Parser_ESTest,41,0,False
486,Defects4J,Cli-30,1,ad2370bcb44d4a9ca59ddb9469796dc8,org.apache.commons.cli.DefaultParser,org.apache.commons.cli.DefaultParser_ESTest,54,0,True
487,Defects4J,Cli-30,1,3d0d6b69082243399ad919d9388e199c,org.apache.commons.cli.DefaultParser,org.apache.commons.cli.DefaultParser_ESTest,46,0,True
488,NPEX,Log4j_2-6a233016,0,c529738f973242299ddbce2704114744,org.apache.logging.log4j.core.async.RingBufferLogEvent,org.apache.logging.log4j.core.async.RingBufferLogEvent_ESTest,126,0,True
489,NPEX,Ninja-16aa9c14,0,b9bd1ddbfaed45d9923f431cd1ef9f9c,ninja.Route,ninja.Route_ESTest,27,0,True
490,NPEX,Ninja-16aa9c14,0,1dc4d2d372724d268e47065369b1a5d6,ninja.Route,ninja.Route_ESTest,27,0,True
491,NPEX,Ninja-16aa9c14,0,5a53c2a9140a4a6eb3aadd64e3d74537,ninja.Route,ninja.Route_ESTest,25,0,True
492,NPEX,Ninja-16aa9c14,0,389975707c9140bf9d021fe402182ccd,ninja.Route,ninja.Route_ESTest,24,0,True
493,NPEX,Ninja-16aa9c14,0,2c6d59daf7fe4c88acc5d0f1416972bb,ninja.Route,ninja.Route_ESTest,24,0,True
494,NPEX,Ninja-16aa9c14,0,4c707bccb7964ac9a1b813da7e94ca66,ninja.Route,ninja.Route_ESTest,26,0,True
495,NPEX,Ninja-16aa9c14,0,1c2ff58d548448bbb6cf33d08fbcdb28,ninja.Route,ninja.Route_ESTest,24,0,True
496,NPEX,Ninja-16aa9c14,0,167d289d5347471da6b4390d0efe47d2,ninja.Route,ninja.Route_ESTest,26,0,True
497,NPEX,Ninja-16aa9c14,0,381fac5878af40e487b89209ee4fb073,ninja.Route,ninja.Route_ESTest,24,0,True
498,NPEX,Ninja-16aa9c14,0,e4ca710fb0e94087abf90d8a9d50141c,ninja.Route,ninja.Route_ESTest,26,0,True
499,NPEX,Ninja-16aa9c14,0,4d6b016db2a54e8d883c4f39794d0a7f,ninja.Route,ninja.Route_ESTest,26,0,True
500,NPEX,Ninja-16aa9c14,0,eee50ddc6d1f44af90e7dc0adb131f3d,ninja.Route,ninja.Route_ESTest,26,0,True
501,NPEX,Ninja-16aa9c14,0,39689fe3681b4552982b3a604403dbef,ninja.Route,ninja.Route_ESTest,26,0,True
502,NPEX,Ninja-16aa9c14,0,8d7f6f4871a44c4290730fbcc4ccae43,ninja.Route,ninja.Route_ESTest,27,0,True
503,NPEX,Ninja-16aa9c14,0,f7b1efa2b8d34ae8a1225b9b5f06585f,ninja.Route,ninja.Route_ESTest,26,0,True
504,NPEX,Ninja-16aa9c14,0,c11ea689fb314476bfc467c7d8008998,ninja.Route,ninja.Route_ESTest,25,0,True
505,NPEX,Ninja-16aa9c14,0,1c1193a4a3714f3cb79abf41d736043f,ninja.Route,ninja.Route_ESTest,25,0,True
506,NPEX,Ninja-16aa9c14,0,2dfd6ac20e56401c9925b29e1f264a63,ninja.Route,ninja.Route_ESTest,24,0,True
507,NPEX,Ninja-16aa9c14,0,3c2c01f651c94600bca23883f986d731,ninja.Route,ninja.Route_ESTest,25,0,True
508,NPEX,Ninja-16aa9c14,0,097dc94976904476bf86063a22b4ee73,ninja.Route,ninja.Route_ESTest,25,0,False
509,NPEX,Ninja-16aa9c14,0,825e9ec8430d4753babdb5a66a245d4b,ninja.Route,ninja.Route_ESTest,26,0,True
510,NPEX,Ninja-16aa9c14,0,93fd0ea27f4d48d5a034d045489a1715,ninja.Route,ninja.Route_ESTest,24,0,True
511,NPEX,Ninja-16aa9c14,0,2c3f53d0bbd84aa6a260fd87d23dbd2d,ninja.Route,ninja.Route_ESTest,27,0,True
512,NPEX,Ninja-16aa9c14,0,afb9482e6dda417391772c365d7e29fb,ninja.Route,ninja.Route_ESTest,26,0,True
513,NPEX,Ninja-16aa9c14,0,f585047e52244fa9b6741ed273a6b1c0,ninja.Route,ninja.Route_ESTest,25,0,True
514,NPEX,Aries_JPA-97cb979d,0,640eb6d5f21740fab33a52e7349b43f3,org.apache.aries.jpa.blueprint.impl.AnnotationScanner,org.apache.aries.jpa.blueprint.impl.AnnotationScanner_ESTest,4,0,False
515,NPEX,Aries_JPA-97cb979d,0,07db870dfe5b476a8fb81233a2760eb6,org.apache.aries.jpa.blueprint.impl.AnnotationScanner,org.apache.aries.jpa.blueprint.impl.AnnotationScanner_ESTest,4,0,False
516,NPEX,Aries_JPA-97cb979d,0,9a31e678f83d487880765a54dd74c0dd,org.apache.aries.jpa.blueprint.impl.AnnotationScanner,org.apache.aries.jpa.blueprint.impl.AnnotationScanner_ESTest,4,0,False
517,NPEX,Aries_JPA-97cb979d,0,14d49b75a1f048f3afa96bfcff39e534,org.apache.aries.jpa.blueprint.impl.AnnotationScanner,org.apache.aries.jpa.blueprint.impl.AnnotationScanner_ESTest,4,0,False
518,NPEX,Aries_JPA-97cb979d,0,7c81f303de2f4bf59c148d7da0030fd0,org.apache.aries.jpa.blueprint.impl.AnnotationScanner,org.apache.aries.jpa.blueprint.impl.AnnotationScanner_ESTest,4,0,False
519,NPEX,Aries_JPA-97cb979d,0,cc2d6421eeb14202b147a4355fb71a36,org.apache.aries.jpa.blueprint.impl.AnnotationScanner,org.apache.aries.jpa.blueprint.impl.AnnotationScanner_ESTest,4,0,False
520,NPEX,Aries_JPA-97cb979d,0,bbff49b7b35b41a89b77312a63072b2d,org.apache.aries.jpa.blueprint.impl.AnnotationScanner,org.apache.aries.jpa.blueprint.impl.AnnotationScanner_ESTest,4,0,False
521,NPEX,Aries_JPA-97cb979d,0,84be7812185f422d851153eed1eca16f,org.apache.aries.jpa.blueprint.impl.AnnotationScanner,org.apache.aries.jpa.blueprint.impl.AnnotationScanner_ESTest,4,0,False
522,NPEX,Aries_JPA-97cb979d,0,8de8ec1fef804ce9b8b257d8d62a39da,org.apache.aries.jpa.blueprint.impl.AnnotationScanner,org.apache.aries.jpa.blueprint.impl.AnnotationScanner_ESTest,4,0,False
523,NPEX,Aries_JPA-97cb979d,0,070fd0c8a75446d890597b2ff19cbc66,org.apache.aries.jpa.blueprint.impl.AnnotationScanner,org.apache.aries.jpa.blueprint.impl.AnnotationScanner_ESTest,4,0,False
524,NPEX,Aries_JPA-97cb979d,0,3736d395eb1f485790b0bd54ee63cbc0,org.apache.aries.jpa.blueprint.impl.AnnotationScanner,org.apache.aries.jpa.blueprint.impl.AnnotationScanner_ESTest,4,0,False
525,NPEX,Aries_JPA-97cb979d,0,3af02e5ed6b14960a1844fe05a42f99c,org.apache.aries.jpa.blueprint.impl.AnnotationScanner,org.apache.aries.jpa.blueprint.impl.AnnotationScanner_ESTest,4,0,False
526,NPEX,Aries_JPA-97cb979d,0,cd24b3d0610d4863b14e8817b79b915d,org.apache.aries.jpa.blueprint.impl.AnnotationScanner,org.apache.aries.jpa.blueprint.impl.AnnotationScanner_ESTest,4,0,False
527,NPEX,Aries_JPA-97cb979d,0,4e39849a33504a0e86797f7f435badd2,org.apache.aries.jpa.blueprint.impl.AnnotationScanner,org.apache.aries.jpa.blueprint.impl.AnnotationScanner_ESTest,4,0,False
528,NPEX,Aries_JPA-97cb979d,0,5dc90ccb30d4466082e61b398f4433f4,org.apache.aries.jpa.blueprint.impl.AnnotationScanner,org.apache.aries.jpa.blueprint.impl.AnnotationScanner_ESTest,4,0,False
529,NPEX,Aries_JPA-97cb979d,0,0e007b6fa8e648bcaf019b324c78b8b5,org.apache.aries.jpa.blueprint.impl.AnnotationScanner,org.apache.aries.jpa.blueprint.impl.AnnotationScanner_ESTest,4,0,False
530,NPEX,Aries_JPA-97cb979d,0,243dc333031047618b0b83a4e4be0795,org.apache.aries.jpa.blueprint.impl.AnnotationScanner,org.apache.aries.jpa.blueprint.impl.AnnotationScanner_ESTest,4,0,False
531,NPEX,Aries_JPA-97cb979d,0,414105fd6d804214a652a2567b47daa9,org.apache.aries.jpa.blueprint.impl.AnnotationScanner,org.apache.aries.jpa.blueprint.impl.AnnotationScanner_ESTest,4,0,False
532,NPEX,Aries_JPA-97cb979d,0,4eedc3417fc049ca90d15cd05d3e23f4,org.apache.aries.jpa.blueprint.impl.AnnotationScanner,org.apache.aries.jpa.blueprint.impl.AnnotationScanner_ESTest,4,0,False
533,NPEX,Aries_JPA-97cb979d,0,7b840b39bbf646ffbf0dd10f1f4240a7,org.apache.aries.jpa.blueprint.impl.AnnotationScanner,org.apache.aries.jpa.blueprint.impl.AnnotationScanner_ESTest,4,0,False
534,NPEX,Aries_JPA-97cb979d,0,225f8d852d484cad8dd66a07f7a1231d,org.apache.aries.jpa.blueprint.impl.AnnotationScanner,org.apache.aries.jpa.blueprint.impl.AnnotationScanner_ESTest,4,0,False
535,NPEX,Aries_JPA-97cb979d,0,eee4cb3654b64ab18684bc7f8aafac9f,org.apache.aries.jpa.blueprint.impl.AnnotationScanner,org.apache.aries.jpa.blueprint.impl.AnnotationScanner_ESTest,4,0,False
536,NPEX,Aries_JPA-97cb979d,0,02e32c7a53c744a3b8b3a203bb2d9f9c,org.apache.aries.jpa.blueprint.impl.AnnotationScanner,org.apache.aries.jpa.blueprint.impl.AnnotationScanner_ESTest,4,0,False
537,NPEX,Aries_JPA-97cb979d,0,c690ca15ecce421ab1d201aa59d290d4,org.apache.aries.jpa.blueprint.impl.AnnotationScanner,org.apache.aries.jpa.blueprint.impl.AnnotationScanner_ESTest,4,0,False
538,NPEX,Aries_JPA-97cb979d,0,d5aaf4ad57cf46cf92ea8f41732e505f,org.apache.aries.jpa.blueprint.impl.AnnotationScanner,org.apache.aries.jpa.blueprint.impl.AnnotationScanner_ESTest,4,0,False
539,NPEX,Activiti-c45d6c3c,0,1b470b8a7e4847aaaed9621e68993578,org.activiti.engine.impl.variable.JPAEntityMappings,org.activiti.engine.impl.variable.JPAEntityMappings_ESTest,31,0,False
540,NPEX,Activiti-c45d6c3c,0,8582e3f1670642c297a41a13d2128f8e,org.activiti.engine.impl.variable.JPAEntityMappings,org.activiti.engine.impl.variable.JPAEntityMappings_ESTest,31,0,False
541,NPEX,Activiti-c45d6c3c,0,4aafb19ad98d4ce782041dbe8a88b987,org.activiti.engine.impl.variable.JPAEntityMappings,org.activiti.engine.impl.variable.JPAEntityMappings_ESTest,31,0,False
542,NPEX,Activiti-c45d6c3c,0,c4659f3ff7144d63938e8b92f878f87d,org.activiti.engine.impl.variable.JPAEntityMappings,org.activiti.engine.impl.variable.JPAEntityMappings_ESTest,31,0,False
543,NPEX,Activiti-c45d6c3c,0,a3e6e171fb234e7686eacb709ebc32ab,org.activiti.engine.impl.variable.JPAEntityMappings,org.activiti.engine.impl.variable.JPAEntityMappings_ESTest,31,0,False
544,NPEX,Activiti-c45d6c3c,0,cee6ada50de849abae8e8dab30e2be51,org.activiti.engine.impl.variable.JPAEntityMappings,org.activiti.engine.impl.variable.JPAEntityMappings_ESTest,30,0,False
545,NPEX,Activiti-c45d6c3c,0,c7543f5d82cb40389b97c8f32b2bbd94,org.activiti.engine.impl.variable.JPAEntityMappings,org.activiti.engine.impl.variable.JPAEntityMappings_ESTest,31,0,False
546,NPEX,Activiti-c45d6c3c,0,7ebc582e4209455ab100f6776022ca94,org.activiti.engine.impl.variable.JPAEntityMappings,org.activiti.engine.impl.variable.JPAEntityMappings_ESTest,30,0,False
547,NPEX,Activiti-c45d6c3c,0,b70c6a7cd9114f82b2095c0d6e5816d5,org.activiti.engine.impl.variable.JPAEntityMappings,org.activiti.engine.impl.variable.JPAEntityMappings_ESTest,31,0,False
548,NPEX,Activiti-c45d6c3c,0,669c34b28c50432f86560a5466ce08ea,org.activiti.engine.impl.variable.JPAEntityMappings,org.activiti.engine.impl.variable.JPAEntityMappings_ESTest,31,0,False
549,NPEX,Activiti-c45d6c3c,0,eb572ef809004d5e8af56a3a62b14ef7,org.activiti.engine.impl.variable.JPAEntityMappings,org.activiti.engine.impl.variable.JPAEntityMappings_ESTest,31,0,False
550,NPEX,Activiti-c45d6c3c,0,51e33944400244d3a76134ec61cc96e8,org.activiti.engine.impl.variable.JPAEntityMappings,org.activiti.engine.impl.variable.JPAEntityMappings_ESTest,31,0,False
551,NPEX,Activiti-c45d6c3c,0,ff88f67288274df29e33c353a697476f,org.activiti.engine.impl.variable.JPAEntityMappings,org.activiti.engine.impl.variable.JPAEntityMappings_ESTest,31,0,False
552,NPEX,Activiti-c45d6c3c,0,3833e766f4204a72a687e3a05eb0d2a1,org.activiti.engine.impl.variable.JPAEntityMappings,org.activiti.engine.impl.variable.JPAEntityMappings_ESTest,31,0,False
553,NPEX,Activiti-c45d6c3c,0,a0a0a87a5db9409da89f5b1b76458d6a,org.activiti.engine.impl.variable.JPAEntityMappings,org.activiti.engine.impl.variable.JPAEntityMappings_ESTest,31,0,False
554,NPEX,Activiti-c45d6c3c,0,679d23629aa2419b98c5063f35308d41,org.activiti.engine.impl.variable.JPAEntityMappings,org.activiti.engine.impl.variable.JPAEntityMappings_ESTest,31,0,False
555,NPEX,Activiti-c45d6c3c,0,ee8cf2e6a86447af99daef233d97731c,org.activiti.engine.impl.variable.JPAEntityMappings,org.activiti.engine.impl.variable.JPAEntityMappings_ESTest,31,0,False
556,NPEX,Activiti-c45d6c3c,0,5cc5154afbe64a0eb2e11c77c2901c02,org.activiti.engine.impl.variable.JPAEntityMappings,org.activiti.engine.impl.variable.JPAEntityMappings_ESTest,31,0,False
557,NPEX,Activiti-c45d6c3c,0,5be9e54cb7e4484ba33a13e3e337c886,org.activiti.engine.impl.variable.JPAEntityMappings,org.activiti.engine.impl.variable.JPAEntityMappings_ESTest,31,0,False
558,NPEX,Activiti-c45d6c3c,0,17bc3206f191496cb31109eadae3205b,org.activiti.engine.impl.variable.JPAEntityMappings,org.activiti.engine.impl.variable.JPAEntityMappings_ESTest,31,0,False
559,NPEX,Activiti-c45d6c3c,0,74e7819025334ec3a0ec35b422fd3ad9,org.activiti.engine.impl.variable.JPAEntityMappings,org.activiti.engine.impl.variable.JPAEntityMappings_ESTest,31,0,False
560,NPEX,Activiti-c45d6c3c,0,e5a42177f6064d109eb76e78c0167311,org.activiti.engine.impl.variable.JPAEntityMappings,org.activiti.engine.impl.variable.JPAEntityMappings_ESTest,31,0,False
561,NPEX,Activiti-c45d6c3c,0,ce53197078194d0e9e1e5cb8db51db26,org.activiti.engine.impl.variable.JPAEntityMappings,org.activiti.engine.impl.variable.JPAEntityMappings_ESTest,31,0,False
562,NPEX,ActiveMQ_Artemis-586abba9,0,3628cc1bc82e49ed8a58900ce9aefa9e,org.apache.activemq.artemis.selector.filter.UnaryExpression,org.apache.activemq.artemis.selector.filter.UnaryExpression_ESTest,36,0,False
563,NPEX,ActiveMQ_Artemis-586abba9,0,b6e79f4d39b04761a1a61e6b64b828bf,org.apache.activemq.artemis.selector.filter.UnaryExpression,org.apache.activemq.artemis.selector.filter.UnaryExpression_ESTest,37,0,False
564,NPEX,ActiveMQ_Artemis-586abba9,0,20054deca66d49b48a5344fce8170fc7,org.apache.activemq.artemis.selector.filter.UnaryExpression,org.apache.activemq.artemis.selector.filter.UnaryExpression_ESTest,34,0,False
565,NPEX,ActiveMQ_Artemis-586abba9,0,2dcb81cb296244f7a6f18a746853cdd1,org.apache.activemq.artemis.selector.filter.UnaryExpression,org.apache.activemq.artemis.selector.filter.UnaryExpression_ESTest,36,0,False
566,NPEX,ActiveMQ_Artemis-586abba9,0,88f7cb3f61734e2cb810726187290469,org.apache.activemq.artemis.selector.filter.UnaryExpression,org.apache.activemq.artemis.selector.filter.UnaryExpression_ESTest,36,0,False
567,NPEX,ActiveMQ_Artemis-586abba9,0,6c194d739c9349fcb5291d67610f90b8,org.apache.activemq.artemis.selector.filter.UnaryExpression,org.apache.activemq.artemis.selector.filter.UnaryExpression_ESTest,33,0,False
568,NPEX,ActiveMQ_Artemis-586abba9,0,8de4b22ad8694665ae3de877a0cb5d06,org.apache.activemq.artemis.selector.filter.UnaryExpression,org.apache.activemq.artemis.selector.filter.UnaryExpression_ESTest,34,0,False
569,NPEX,ActiveMQ_Artemis-586abba9,0,19674568e91f488d900b2b8b8f626810,org.apache.activemq.artemis.selector.filter.UnaryExpression,org.apache.activemq.artemis.selector.filter.UnaryExpression_ESTest,35,0,False
570,NPEX,ActiveMQ_Artemis-586abba9,0,7450473846aa497fa677b3505faf3013,org.apache.activemq.artemis.selector.filter.UnaryExpression,org.apache.activemq.artemis.selector.filter.UnaryExpression_ESTest,37,0,False
571,NPEX,ActiveMQ_Artemis-586abba9,0,f2e423f8066b4b9791042609e82c4c16,org.apache.activemq.artemis.selector.filter.UnaryExpression,org.apache.activemq.artemis.selector.filter.UnaryExpression_ESTest,34,0,False
572,NPEX,ActiveMQ_Artemis-586abba9,0,cb0fb0d76cd448699dff9b4d5e5ba1ba,org.apache.activemq.artemis.selector.filter.UnaryExpression,org.apache.activemq.artemis.selector.filter.UnaryExpression_ESTest,36,0,False
573,NPEX,ActiveMQ_Artemis-586abba9,0,2df378a9dd684d9fb6c3c90622d5e324,org.apache.activemq.artemis.selector.filter.UnaryExpression,org.apache.activemq.artemis.selector.filter.UnaryExpression_ESTest,34,0,False
574,NPEX,ActiveMQ_Artemis-586abba9,0,fe0b649cc8bf434aba421424df7347c9,org.apache.activemq.artemis.selector.filter.UnaryExpression,org.apache.activemq.artemis.selector.filter.UnaryExpression_ESTest,35,0,False
575,NPEX,ActiveMQ_Artemis-586abba9,0,baca92a01d264994a13f1f07aecbcc10,org.apache.activemq.artemis.selector.filter.UnaryExpression,org.apache.activemq.artemis.selector.filter.UnaryExpression_ESTest,35,0,False
576,NPEX,ActiveMQ_Artemis-586abba9,0,22f755caa1564cb4a2e4531cb93e769c,org.apache.activemq.artemis.selector.filter.UnaryExpression,org.apache.activemq.artemis.selector.filter.UnaryExpression_ESTest,34,0,False
577,NPEX,ShardingSphere-82b1b9d5,0,d2aabf0a4fb84b2ba7589c0ae1b39047,org.apache.shardingsphere.infra.executor.sql.context.ExecutionContextBuilder,org.apache.shardingsphere.infra.executor.sql.context.ExecutionContextBuilder_ESTest,0,0,False
578,NPEX,ShardingSphere-82b1b9d5,0,9a4f774fc06642babf2fbbac321f591f,org.apache.shardingsphere.infra.executor.sql.context.ExecutionContextBuilder,org.apache.shardingsphere.infra.executor.sql.context.ExecutionContextBuilder_ESTest,0,0,False
579,NPEX,ShardingSphere-82b1b9d5,0,4eb7ebba1cae4cdc85a4d32ebf517fbf,org.apache.shardingsphere.infra.executor.sql.context.ExecutionContextBuilder,org.apache.shardingsphere.infra.executor.sql.context.ExecutionContextBuilder_ESTest,0,0,False
580,NPEX,ShardingSphere-82b1b9d5,0,0f43912ee7af414ca3e1a8a1c761a60a,org.apache.shardingsphere.infra.executor.sql.context.ExecutionContextBuilder,org.apache.shardingsphere.infra.executor.sql.context.ExecutionContextBuilder_ESTest,0,0,False
581,NPEX,ShardingSphere-82b1b9d5,0,8d8e850cacaf4c619487f7c88cbc9ed7,org.apache.shardingsphere.infra.executor.sql.context.ExecutionContextBuilder,org.apache.shardingsphere.infra.executor.sql.context.ExecutionContextBuilder_ESTest,0,0,False
582,NPEX,ShardingSphere-82b1b9d5,0,99495424fae14483a8468b69f735baab,org.apache.shardingsphere.infra.executor.sql.context.ExecutionContextBuilder,org.apache.shardingsphere.infra.executor.sql.context.ExecutionContextBuilder_ESTest,0,0,False
583,NPEX,ShardingSphere-82b1b9d5,0,a217301437704d4e9317cc1c99a7b6a3,org.apache.shardingsphere.infra.executor.sql.context.ExecutionContextBuilder,org.apache.shardingsphere.infra.executor.sql.context.ExecutionContextBuilder_ESTest,0,0,False
584,NPEX,ShardingSphere-82b1b9d5,0,0a9c70a63c7949429a5d5357e01fa44c,org.apache.shardingsphere.infra.executor.sql.context.ExecutionContextBuilder,org.apache.shardingsphere.infra.executor.sql.context.ExecutionContextBuilder_ESTest,0,0,False
585,NPEX,ShardingSphere-82b1b9d5,0,9f4ce6cd75d14be29465de7d4c0d749c,org.apache.shardingsphere.infra.executor.sql.context.ExecutionContextBuilder,org.apache.shardingsphere.infra.executor.sql.context.ExecutionContextBuilder_ESTest,0,0,False
586,NPEX,ShardingSphere-82b1b9d5,0,5f03ff46905b41d5bcd8fe9c686296ae,org.apache.shardingsphere.infra.executor.sql.context.ExecutionContextBuilder,org.apache.shardingsphere.infra.executor.sql.context.ExecutionContextBuilder_ESTest,0,0,False
587,NPEX,ShardingSphere-82b1b9d5,0,60359aa00fcf473fb3bb561dd036d936,org.apache.shardingsphere.infra.executor.sql.context.ExecutionContextBuilder,org.apache.shardingsphere.infra.executor.sql.context.ExecutionContextBuilder_ESTest,0,0,False
588,NPEX,ShardingSphere-82b1b9d5,0,a9d88341fe4843ceb90ab542c099d8ec,org.apache.shardingsphere.infra.executor.sql.context.ExecutionContextBuilder,org.apache.shardingsphere.infra.executor.sql.context.ExecutionContextBuilder_ESTest,0,0,False
589,NPEX,ShardingSphere-82b1b9d5,0,db791015dc5540a5aeecd30cb60b6804,org.apache.shardingsphere.infra.executor.sql.context.ExecutionContextBuilder,org.apache.shardingsphere.infra.executor.sql.context.ExecutionContextBuilder_ESTest,0,0,False
590,NPEX,ShardingSphere-82b1b9d5,0,8c6cedec98a0424eb1a9a0318490d5a7,org.apache.shardingsphere.infra.executor.sql.context.ExecutionContextBuilder,org.apache.shardingsphere.infra.executor.sql.context.ExecutionContextBuilder_ESTest,0,0,False
591,NPEX,ShardingSphere-82b1b9d5,0,bfd9f7fb078c4bef93b6f724ac6ef7ff,org.apache.shardingsphere.infra.executor.sql.context.ExecutionContextBuilder,org.apache.shardingsphere.infra.executor.sql.context.ExecutionContextBuilder_ESTest,0,0,False
592,NPEX,ShardingSphere-82b1b9d5,0,dc3f9f1ef9b446c293d21b06e3452291,org.apache.shardingsphere.infra.executor.sql.context.ExecutionContextBuilder,org.apache.shardingsphere.infra.executor.sql.context.ExecutionContextBuilder_ESTest,0,0,False
593,NPEX,ShardingSphere-82b1b9d5,0,08f6ed203fa943be851a65d2dbfb43de,org.apache.shardingsphere.infra.executor.sql.context.ExecutionContextBuilder,org.apache.shardingsphere.infra.executor.sql.context.ExecutionContextBuilder_ESTest,0,0,False
594,NPEX,ShardingSphere-82b1b9d5,0,7afde04d12484e4aadad5f09283f4a00,org.apache.shardingsphere.infra.executor.sql.context.ExecutionContextBuilder,org.apache.shardingsphere.infra.executor.sql.context.ExecutionContextBuilder_ESTest,0,0,False
595,NPEX,ShardingSphere-82b1b9d5,0,d609d47cd46a437e916a769ced97e4a3,org.apache.shardingsphere.infra.executor.sql.context.ExecutionContextBuilder,org.apache.shardingsphere.infra.executor.sql.context.ExecutionContextBuilder_ESTest,0,0,False
596,NPEX,ShardingSphere-82b1b9d5,0,0ff581f3575c403085ff49592caac2db,org.apache.shardingsphere.infra.executor.sql.context.ExecutionContextBuilder,org.apache.shardingsphere.infra.executor.sql.context.ExecutionContextBuilder_ESTest,0,0,False
597,NPEX,ShardingSphere-82b1b9d5,0,4ce0395b3f0e463fa0be9988a5511b5f,org.apache.shardingsphere.infra.executor.sql.context.ExecutionContextBuilder,org.apache.shardingsphere.infra.executor.sql.context.ExecutionContextBuilder_ESTest,0,0,False
598,NPEX,ShardingSphere-82b1b9d5,0,a751893a37f648549b823544ee727f25,org.apache.shardingsphere.infra.executor.sql.context.ExecutionContextBuilder,org.apache.shardingsphere.infra.executor.sql.context.ExecutionContextBuilder_ESTest,0,0,False
599,NPEX,ShardingSphere-82b1b9d5,0,924732a2b4f84548a5cbb8458051f84f,org.apache.shardingsphere.infra.executor.sql.context.ExecutionContextBuilder,org.apache.shardingsphere.infra.executor.sql.context.ExecutionContextBuilder_ESTest,0,0,False
600,NPEX,ShardingSphere-82b1b9d5,0,15e391cc7d2648fca0af439ca38ef5e8,org.apache.shardingsphere.infra.executor.sql.context.ExecutionContextBuilder,org.apache.shardingsphere.infra.executor.sql.context.ExecutionContextBuilder_ESTest,0,0,False
601,NPEX,CXF-7cfc8d07,0,1b971b9359094decb5bb76506c6fee71,org.apache.cxf.rs.security.jose.jws.JwsUtils,org.apache.cxf.rs.security.jose.jws.JwsUtils_ESTest,160,0,False
602,NPEX,CXF-7cfc8d07,0,e63413d74f754adb80dbc49e266a5302,org.apache.cxf.rs.security.jose.jws.JwsUtils,org.apache.cxf.rs.security.jose.jws.JwsUtils_ESTest,160,0,False
603,NPEX,CXF-7cfc8d07,0,146aebd9700e4984a3e734d4c9b2a2f8,org.apache.cxf.rs.security.jose.jws.JwsUtils,org.apache.cxf.rs.security.jose.jws.JwsUtils_ESTest,110,0,False
604,NPEX,CXF-7cfc8d07,0,6d658b054ed04edebed43eaf817f6821,org.apache.cxf.rs.security.jose.jws.JwsUtils,org.apache.cxf.rs.security.jose.jws.JwsUtils_ESTest,156,0,False
605,NPEX,CXF-7cfc8d07,0,2ce39703ab864c718b20ca1efe0507ef,org.apache.cxf.rs.security.jose.jws.JwsUtils,org.apache.cxf.rs.security.jose.jws.JwsUtils_ESTest,84,0,False
606,NPEX,CXF-7cfc8d07,0,90dca09a6f8f4ff68220691c12744e67,org.apache.cxf.rs.security.jose.jws.JwsUtils,org.apache.cxf.rs.security.jose.jws.JwsUtils_ESTest,99,0,False
607,NPEX,CXF-7cfc8d07,0,5f326b65cee34068b46bb397cfb9bda7,org.apache.cxf.rs.security.jose.jws.JwsUtils,org.apache.cxf.rs.security.jose.jws.JwsUtils_ESTest,166,0,False
608,NPEX,CXF-7cfc8d07,0,18250d1de9a747ccb257c3629b68419b,org.apache.cxf.rs.security.jose.jws.JwsUtils,org.apache.cxf.rs.security.jose.jws.JwsUtils_ESTest,108,0,False
609,NPEX,CXF-7cfc8d07,0,b76fe7e4b4414386987447e6ba8ee86a,org.apache.cxf.rs.security.jose.jws.JwsUtils,org.apache.cxf.rs.security.jose.jws.JwsUtils_ESTest,159,0,False
610,NPEX,CXF-7cfc8d07,0,1b0fc89c0d254e9390d515914ea76163,org.apache.cxf.rs.security.jose.jws.JwsUtils,org.apache.cxf.rs.security.jose.jws.JwsUtils_ESTest,87,0,False
611,NPEX,CXF-7cfc8d07,0,f975233444944e9cb485955ac8ce5a55,org.apache.cxf.rs.security.jose.jws.JwsUtils,org.apache.cxf.rs.security.jose.jws.JwsUtils_ESTest,166,0,False
612,NPEX,CXF-7cfc8d07,0,f2808c33f105482aae8cb840ac2defd3,org.apache.cxf.rs.security.jose.jws.JwsUtils,org.apache.cxf.rs.security.jose.jws.JwsUtils_ESTest,95,0,False
613,NPEX,Log4j_2-85661de7,0,d9752b5bf3a941c3b88d17b691f8c8eb,org.apache.logging.log4j.spi.AbstractLogger,org.apache.logging.log4j.spi.AbstractLogger_ESTest,560,0,False
614,NPEX,Log4j_2-85661de7,0,061bef0867da4047ae36e176ff1b8a73,org.apache.logging.log4j.spi.AbstractLogger,org.apache.logging.log4j.spi.AbstractLogger_ESTest,309,0,False
615,NPEX,Log4j_2-85661de7,0,9f98fb434a1a449fbfaff5d260ab8f30,org.apache.logging.log4j.spi.AbstractLogger,org.apache.logging.log4j.spi.AbstractLogger_ESTest,313,0,False
616,NPEX,Log4j_2-85661de7,0,ef6d9937fd2941ef8f3a77389f8afb17,org.apache.logging.log4j.spi.AbstractLogger,org.apache.logging.log4j.spi.AbstractLogger_ESTest,566,0,False
617,NPEX,Log4j_2-85661de7,0,149f803889dc444f82eef54ed57db041,org.apache.logging.log4j.spi.AbstractLogger,org.apache.logging.log4j.spi.AbstractLogger_ESTest,565,0,False
618,NPEX,Log4j_2-85661de7,0,990695913a164a3c890243bfe624f818,org.apache.logging.log4j.spi.AbstractLogger,org.apache.logging.log4j.spi.AbstractLogger_ESTest,313,0,False
619,NPEX,Log4j_2-85661de7,0,9c225357c43a41b8aa40ab56c4afdcec,org.apache.logging.log4j.spi.AbstractLogger,org.apache.logging.log4j.spi.AbstractLogger_ESTest,314,0,False
620,NPEX,Log4j_2-85661de7,0,b7ddbee938fc48bb87acf73e6a050e9f,org.apache.logging.log4j.spi.AbstractLogger,org.apache.logging.log4j.spi.AbstractLogger_ESTest,560,0,False
621,NPEX,Log4j_2-85661de7,0,a377bfaeed58483aab7b881d5b4df563,org.apache.logging.log4j.spi.AbstractLogger,org.apache.logging.log4j.spi.AbstractLogger_ESTest,570,0,False
622,NPEX,Log4j_2-85661de7,0,3f49ed3870de4a279853ae7b91523163,org.apache.logging.log4j.spi.AbstractLogger,org.apache.logging.log4j.spi.AbstractLogger_ESTest,552,0,False
623,NPEX,Log4j_2-85661de7,0,ed728701f92c4d9d8d311c9fd109c8d4,org.apache.logging.log4j.spi.AbstractLogger,org.apache.logging.log4j.spi.AbstractLogger_ESTest,570,0,False
624,NPEX,Log4j_2-85661de7,0,8c44cb9eb6c64c07aec0220a98c04096,org.apache.logging.log4j.spi.AbstractLogger,org.apache.logging.log4j.spi.AbstractLogger_ESTest,568,0,False
625,NPEX,Log4j_2-85661de7,0,3afe25192151401480a24ef7c9e7ec6f,org.apache.logging.log4j.spi.AbstractLogger,org.apache.logging.log4j.spi.AbstractLogger_ESTest,566,0,False
626,NPEX,Log4j_2-85661de7,0,45e18ceeae9946b59cbf278935828d0c,org.apache.logging.log4j.spi.AbstractLogger,org.apache.logging.log4j.spi.AbstractLogger_ESTest,560,0,False
627,NPEX,Log4j_2-85661de7,0,2956b6d9192b47448039c6d4c0dba72d,org.apache.logging.log4j.spi.AbstractLogger,org.apache.logging.log4j.spi.AbstractLogger_ESTest,564,0,False
628,NPEX,Log4j_2-85661de7,0,ad7dab584a3c4fe49a5848ad4c13a568,org.apache.logging.log4j.spi.AbstractLogger,org.apache.logging.log4j.spi.AbstractLogger_ESTest,562,0,False
629,NPEX,Log4j_2-85661de7,0,fe8a7afaeb5f4a3db57f8d6d561dab2b,org.apache.logging.log4j.spi.AbstractLogger,org.apache.logging.log4j.spi.AbstractLogger_ESTest,558,0,False
630,NPEX,Log4j_2-85661de7,0,d48b8f9aec57455db56f2dab2375d5dd,org.apache.logging.log4j.spi.AbstractLogger,org.apache.logging.log4j.spi.AbstractLogger_ESTest,560,0,False
631,NPEX,Log4j_2-85661de7,0,8147083fa0b44cbc9659a4af985d3419,org.apache.logging.log4j.spi.AbstractLogger,org.apache.logging.log4j.spi.AbstractLogger_ESTest,565,0,False
632,NPEX,Log4j_2-85661de7,0,77332ea5c21b4dfbb11ed25fbf36ec75,org.apache.logging.log4j.spi.AbstractLogger,org.apache.logging.log4j.spi.AbstractLogger_ESTest,557,0,False
633,NPEX,Log4j_2-85661de7,0,f4b83d6830ac461fb1a9027953434aee,org.apache.logging.log4j.spi.AbstractLogger,org.apache.logging.log4j.spi.AbstractLogger_ESTest,306,0,False
634,NPEX,Log4j_2-85661de7,0,bd9d420db85e4ef790a76e8109f53630,org.apache.logging.log4j.spi.AbstractLogger,org.apache.logging.log4j.spi.AbstractLogger_ESTest,568,0,False
635,NPEX,Log4j_2-85661de7,0,8dd3443871d544b69df9fe9f835beb7a,org.apache.logging.log4j.spi.AbstractLogger,org.apache.logging.log4j.spi.AbstractLogger_ESTest,565,0,False
636,NPEX,Log4j_2-85661de7,0,db3847f60c4e4cffacd7f23a73c33dc1,org.apache.logging.log4j.spi.AbstractLogger,org.apache.logging.log4j.spi.AbstractLogger_ESTest,312,0,False
637,NPEX,Log4j_2-85661de7,0,b92b88b4908b4afa84818788df4d4719,org.apache.logging.log4j.spi.AbstractLogger,org.apache.logging.log4j.spi.AbstractLogger_ESTest,310,0,False
638,NPEX,HttpComponents_Client-1026a1e5,0,dfd36467f8a44173a439b1f961e8b67a,org.apache.hc.client5.http.impl.classic.MinimalHttpClient,org.apache.hc.client5.http.impl.classic.MinimalHttpClient_ESTest,1,0,False
639,NPEX,HttpComponents_Client-1026a1e5,0,32dad28e4b024eabbdd2f985ec22403a,org.apache.hc.client5.http.impl.classic.MinimalHttpClient,org.apache.hc.client5.http.impl.classic.MinimalHttpClient_ESTest,1,0,False
640,NPEX,HttpComponents_Client-1026a1e5,0,c55642a67147452c97d400d37b0b20c0,org.apache.hc.client5.http.impl.classic.MinimalHttpClient,org.apache.hc.client5.http.impl.classic.MinimalHttpClient_ESTest,1,0,False
641,NPEX,HttpComponents_Client-1026a1e5,0,43f8317c37ad412981f1f7694c1e86fe,org.apache.hc.client5.http.impl.classic.MinimalHttpClient,org.apache.hc.client5.http.impl.classic.MinimalHttpClient_ESTest,1,0,False
642,NPEX,HttpComponents_Client-1026a1e5,0,7d529d5633c944baafd4005d5cd74526,org.apache.hc.client5.http.impl.classic.MinimalHttpClient,org.apache.hc.client5.http.impl.classic.MinimalHttpClient_ESTest,1,0,False
643,NPEX,HttpComponents_Client-1026a1e5,0,0fbf52946f3b4f789bef5d1a48cd4e55,org.apache.hc.client5.http.impl.classic.MinimalHttpClient,org.apache.hc.client5.http.impl.classic.MinimalHttpClient_ESTest,1,0,False
644,NPEX,HttpComponents_Client-1026a1e5,0,d0089d012a1b48dab92e8ea620a5dbd7,org.apache.hc.client5.http.impl.classic.MinimalHttpClient,org.apache.hc.client5.http.impl.classic.MinimalHttpClient_ESTest,1,0,False
645,NPEX,HttpComponents_Client-1026a1e5,0,9f4bfd81aa8247e3a40fdd4c0f16a477,org.apache.hc.client5.http.impl.classic.MinimalHttpClient,org.apache.hc.client5.http.impl.classic.MinimalHttpClient_ESTest,1,0,False
646,NPEX,HttpComponents_Client-1026a1e5,0,bc4b0057efff4d669974c9281d65e089,org.apache.hc.client5.http.impl.classic.MinimalHttpClient,org.apache.hc.client5.http.impl.classic.MinimalHttpClient_ESTest,1,0,False
647,NPEX,HttpComponents_Client-1026a1e5,0,1d9fbb00bc484f2d8f9768c9576ee9ca,org.apache.hc.client5.http.impl.classic.MinimalHttpClient,org.apache.hc.client5.http.impl.classic.MinimalHttpClient_ESTest,1,0,False
648,NPEX,HttpComponents_Client-1026a1e5,0,dcf08c8581214cefb7cbec9cef8949d2,org.apache.hc.client5.http.impl.classic.MinimalHttpClient,org.apache.hc.client5.http.impl.classic.MinimalHttpClient_ESTest,1,0,False
649,NPEX,HttpComponents_Client-1026a1e5,0,1238467f8bec49d5b7dacd2c0d25557e,org.apache.hc.client5.http.impl.classic.MinimalHttpClient,org.apache.hc.client5.http.impl.classic.MinimalHttpClient_ESTest,1,0,False
650,NPEX,HttpComponents_Client-1026a1e5,0,b0c64434e0234330bde7d8421b6c6f14,org.apache.hc.client5.http.impl.classic.MinimalHttpClient,org.apache.hc.client5.http.impl.classic.MinimalHttpClient_ESTest,1,0,False
651,NPEX,HttpComponents_Client-1026a1e5,0,3bcb0c5c104543b5bf205c43600b17c3,org.apache.hc.client5.http.impl.classic.MinimalHttpClient,org.apache.hc.client5.http.impl.classic.MinimalHttpClient_ESTest,1,0,False
652,NPEX,HttpComponents_Client-1026a1e5,0,cf8ee99870824e85aab571a615f38e97,org.apache.hc.client5.http.impl.classic.MinimalHttpClient,org.apache.hc.client5.http.impl.classic.MinimalHttpClient_ESTest,1,0,False
653,NPEX,HttpComponents_Client-1026a1e5,0,cf3e0329448342c780d84531664aab6f,org.apache.hc.client5.http.impl.classic.MinimalHttpClient,org.apache.hc.client5.http.impl.classic.MinimalHttpClient_ESTest,1,0,False
654,NPEX,HttpComponents_Client-1026a1e5,0,f875b835bcee41c9a0bb379d27594e9a,org.apache.hc.client5.http.impl.classic.MinimalHttpClient,org.apache.hc.client5.http.impl.classic.MinimalHttpClient_ESTest,1,0,False
655,NPEX,HttpComponents_Client-1026a1e5,0,907e452acee54182a65af585d6d4823a,org.apache.hc.client5.http.impl.classic.MinimalHttpClient,org.apache.hc.client5.http.impl.classic.MinimalHttpClient_ESTest,1,0,False
656,NPEX,HttpComponents_Client-1026a1e5,0,16197eb7ecaa46a4a256ef48034ba69e,org.apache.hc.client5.http.impl.classic.MinimalHttpClient,org.apache.hc.client5.http.impl.classic.MinimalHttpClient_ESTest,1,0,False
657,NPEX,HttpComponents_Client-1026a1e5,0,b25bf1b042ed49c9956cdcf4cbee07b1,org.apache.hc.client5.http.impl.classic.MinimalHttpClient,org.apache.hc.client5.http.impl.classic.MinimalHttpClient_ESTest,1,0,False
658,NPEX,HttpComponents_Client-1026a1e5,0,fe4ec7d91bd64f8bbec78e1bb35a6fc8,org.apache.hc.client5.http.impl.classic.MinimalHttpClient,org.apache.hc.client5.http.impl.classic.MinimalHttpClient_ESTest,1,0,False
659,NPEX,HttpComponents_Client-1026a1e5,0,fd1a71e2d22f4ac88b463e32bdb3c333,org.apache.hc.client5.http.impl.classic.MinimalHttpClient,org.apache.hc.client5.http.impl.classic.MinimalHttpClient_ESTest,1,0,False
660,NPEX,HttpComponents_Client-1026a1e5,0,af017cab5e784adc8d9fe06fc61c9378,org.apache.hc.client5.http.impl.classic.MinimalHttpClient,org.apache.hc.client5.http.impl.classic.MinimalHttpClient_ESTest,1,0,False
661,NPEX,HttpComponents_Client-1026a1e5,0,fd943def6c2c4f99bb91ffff3a5fc0c6,org.apache.hc.client5.http.impl.classic.MinimalHttpClient,org.apache.hc.client5.http.impl.classic.MinimalHttpClient_ESTest,1,0,False
662,NPEX,JSPWiki-d5bcff78,0,1aaaf69bbea648eea3e217f7e4e23fcb,org.apache.wiki.util.HttpUtil,org.apache.wiki.util.HttpUtil_ESTest,24,0,False
663,NPEX,JSPWiki-d5bcff78,0,7e316a3562c749488908ecaf37dd8b5b,org.apache.wiki.util.HttpUtil,org.apache.wiki.util.HttpUtil_ESTest,24,0,False
664,NPEX,JSPWiki-d5bcff78,0,824f696173b44f42a0aaaa6afb3eb158,org.apache.wiki.util.HttpUtil,org.apache.wiki.util.HttpUtil_ESTest,25,0,False
665,NPEX,JSPWiki-d5bcff78,0,773270f98f4e4624985e9f18db273a96,org.apache.wiki.util.HttpUtil,org.apache.wiki.util.HttpUtil_ESTest,23,0,False
666,NPEX,JSPWiki-d5bcff78,0,48fbfdb16022448aba035fa73655f8ad,org.apache.wiki.util.HttpUtil,org.apache.wiki.util.HttpUtil_ESTest,24,0,False
667,NPEX,JSPWiki-d5bcff78,0,fdcc76a3973c439891ab706f6d8a1d04,org.apache.wiki.util.HttpUtil,org.apache.wiki.util.HttpUtil_ESTest,25,0,False
668,NPEX,JSPWiki-d5bcff78,0,101187f8c1bf49ba86aec5841ac7b437,org.apache.wiki.util.HttpUtil,org.apache.wiki.util.HttpUtil_ESTest,23,0,False
669,NPEX,JSPWiki-d5bcff78,0,81468ded00a3464caa11d33250c786b3,org.apache.wiki.util.HttpUtil,org.apache.wiki.util.HttpUtil_ESTest,25,0,False
670,NPEX,JSPWiki-d5bcff78,0,4976d18fb81e428496f4d823b1186d19,org.apache.wiki.util.HttpUtil,org.apache.wiki.util.HttpUtil_ESTest,23,0,False
671,NPEX,JSPWiki-d5bcff78,0,9b5366265a3d42beafb783a5b10c5399,org.apache.wiki.util.HttpUtil,org.apache.wiki.util.HttpUtil_ESTest,24,0,False
672,NPEX,JSPWiki-d5bcff78,0,1eeecfb2f2e044838b072ab415ef3fb4,org.apache.wiki.util.HttpUtil,org.apache.wiki.util.HttpUtil_ESTest,23,0,False
673,NPEX,JSPWiki-d5bcff78,0,f042b0c0ae9b450a8b76dfecf00a044f,org.apache.wiki.util.HttpUtil,org.apache.wiki.util.HttpUtil_ESTest,23,0,False
674,NPEX,Picocli-06283710,0,88caefab299744948dc68ec35d32f41f,picocli.CommandLine,picocli.CommandLine_ESTest,287,0,False
675,NPEX,Picocli-06283710,0,e55b45bdddcc43ee8fb7816eea4f11da,picocli.CommandLine,picocli.CommandLine_ESTest,157,0,False
676,NPEX,Picocli-06283710,0,ae54bd69c47747e4bb78e5df18cf3ecc,picocli.CommandLine,picocli.CommandLine_ESTest,292,0,False
677,NPEX,Picocli-06283710,0,c581dbe2210f48419b59a7bd5a88b05b,picocli.CommandLine,picocli.CommandLine_ESTest,160,0,False
678,NPEX,Picocli-06283710,0,fd03a8f89e464b6d971c6f589ef5652f,picocli.CommandLine,picocli.CommandLine_ESTest$1,289,0,False
679,NPEX,Picocli-06283710,0,fd03a8f89e464b6d971c6f589ef5652f,picocli.CommandLine,picocli.CommandLine_ESTest,289,0,False
680,NPEX,Picocli-06283710,0,94a2106f347a4b7cad38fde2a4eb69a1,picocli.CommandLine,picocli.CommandLine_ESTest,162,0,False
681,NPEX,Picocli-06283710,0,09abb8ae958a48119836fa9205a0e4af,picocli.CommandLine,picocli.CommandLine_ESTest,172,0,False
682,NPEX,Picocli-06283710,0,5d1c274e05ed4ff69854a9364e1e09e2,picocli.CommandLine,picocli.CommandLine_ESTest,155,0,False
683,NPEX,Picocli-06283710,0,2cf8655ff7c64776b0bfe822bd5c6624,picocli.CommandLine,picocli.CommandLine_ESTest,163,0,False
684,NPEX,Picocli-06283710,0,1a51828002fd451bab84c8c3fd4c1033,picocli.CommandLine,picocli.CommandLine_ESTest,155,0,False
685,NPEX,Picocli-06283710,0,a13928caf78a470587568284d8f4e6b6,picocli.CommandLine,picocli.CommandLine_ESTest,302,0,False
686,NPEX,Feign-9c5a52d6,0,86a6e5e335684d378eca267ba8e86eef,feign.Response,feign.Response_ESTest,21,0,False
687,NPEX,Feign-9c5a52d6,0,c785312882d14bf999a7e422b72dd1e3,feign.Response,feign.Response_ESTest,21,0,False
688,NPEX,Feign-9c5a52d6,0,7fa00340a8fe443d95b5a5c01a2d4bde,feign.Response,feign.Response_ESTest,21,0,False
689,NPEX,Feign-9c5a52d6,0,10e3e8fbc5f443a3a3936a898fd5ea94,feign.Response,feign.Response_ESTest,21,0,False
690,NPEX,Feign-9c5a52d6,0,86ffa46adf7648ee8c251cfa340aaf9e,feign.Response,feign.Response_ESTest,22,0,False
691,NPEX,Feign-9c5a52d6,0,729c4e00cb304a1db13d91a33cca63eb,feign.Response,feign.Response_ESTest,21,0,False
692,NPEX,Feign-9c5a52d6,0,4c192d096add42948778d0cb87a13322,feign.Response,feign.Response_ESTest,20,0,False
693,NPEX,Feign-9c5a52d6,0,99c508402ed7409cbb4e54ff31ba7182,feign.Response,feign.Response_ESTest,22,0,False
694,NPEX,Feign-9c5a52d6,0,92184946b207410da751af1dfac42afd,feign.Response,feign.Response_ESTest,21,0,False
695,NPEX,Feign-9c5a52d6,0,f03879cdddf34599a67894be57dba7d8,feign.Response,feign.Response_ESTest,20,0,False
696,NPEX,Feign-9c5a52d6,0,83532eebe3b746eb81aa7587504ba5c4,feign.Response,feign.Response_ESTest,21,0,False
697,NPEX,Feign-9c5a52d6,0,52a982a6ba7641279e6b1415ee4536b8,feign.Response,feign.Response_ESTest,20,0,False
698,NPEX,Feign-9c5a52d6,0,d8c3da31c9164f19aab8525ccff91bb9,feign.Response,feign.Response_ESTest,21,0,False
699,NPEX,Feign-9c5a52d6,0,03fe3b2c5bc744fa9ae8b592276a9480,feign.Response,feign.Response_ESTest,20,0,False
700,NPEX,Feign-9c5a52d6,0,3098fb1f83f54bdc9ce2758274c2e4cf,feign.Response,feign.Response_ESTest,21,0,False
701,NPEX,Feign-9c5a52d6,0,6b36afc78c41403b881da616a8e66b79,feign.Response,feign.Response_ESTest,21,0,False
702,NPEX,Feign-9c5a52d6,0,17ecd66cfd6048c68b011bfe1b591e65,feign.Response,feign.Response_ESTest,21,0,False
703,NPEX,Feign-9c5a52d6,0,20ab873c545846abb31def2cab89621f,feign.Response,feign.Response_ESTest,22,0,False
704,NPEX,Feign-9c5a52d6,0,477ac856787f471ea3b176e78892cbc7,feign.Response,feign.Response_ESTest,20,0,False
705,NPEX,CXF-209407e0,0,240211f7d2314c359b8a197bdb358316,org.apache.cxf.jaxrs.utils.JAXRSUtils,org.apache.cxf.jaxrs.utils.JAXRSUtils_ESTest,224,0,True
706,NPEX,CXF-209407e0,0,4118fcc57f0c4c44995e5c83417314bb,org.apache.cxf.jaxrs.utils.JAXRSUtils,org.apache.cxf.jaxrs.utils.JAXRSUtils_ESTest,224,0,True
707,NPEX,CXF-209407e0,0,e048120533a54c63a6ad9fe43ae1d755,org.apache.cxf.jaxrs.utils.JAXRSUtils,org.apache.cxf.jaxrs.utils.JAXRSUtils_ESTest,230,0,True
708,NPEX,CXF-209407e0,0,9e026acee31a4e2585a559ca61a08de6,org.apache.cxf.jaxrs.utils.JAXRSUtils,org.apache.cxf.jaxrs.utils.JAXRSUtils_ESTest,190,0,False
709,NPEX,CXF-209407e0,0,0967d7f5b37243879b7a5120fd42f4ca,org.apache.cxf.jaxrs.utils.JAXRSUtils,org.apache.cxf.jaxrs.utils.JAXRSUtils_ESTest,228,0,True
710,NPEX,CXF-209407e0,0,b6f4f451658c47c39b9b7b9b1c6de53b,org.apache.cxf.jaxrs.utils.JAXRSUtils,org.apache.cxf.jaxrs.utils.JAXRSUtils_ESTest,223,0,False
711,NPEX,CXF-209407e0,0,e655a85a1b784ea58add8b6f3bb5c86a,org.apache.cxf.jaxrs.utils.JAXRSUtils,org.apache.cxf.jaxrs.utils.JAXRSUtils_ESTest,226,0,False
712,NPEX,CXF-209407e0,0,4abb061e8eca4df591e6314d8b93fd2f,org.apache.cxf.jaxrs.utils.JAXRSUtils,org.apache.cxf.jaxrs.utils.JAXRSUtils_ESTest,236,0,True
713,NPEX,CXF-209407e0,0,7c51025566274e589e325a85f0379b2e,org.apache.cxf.jaxrs.utils.JAXRSUtils,org.apache.cxf.jaxrs.utils.JAXRSUtils_ESTest,230,0,True
714,NPEX,CXF-209407e0,0,fd14b9a72f8b47d18f8f14c3de4f904f,org.apache.cxf.jaxrs.utils.JAXRSUtils,org.apache.cxf.jaxrs.utils.JAXRSUtils_ESTest,224,0,True
715,NPEX,CXF-209407e0,0,1c3c02dcca634965940eea676383cfab,org.apache.cxf.jaxrs.utils.JAXRSUtils,org.apache.cxf.jaxrs.utils.JAXRSUtils_ESTest,243,0,True
716,NPEX,CXF-209407e0,0,706c8d7b5df74f3dae1cbe64c5c11ffc,org.apache.cxf.jaxrs.utils.JAXRSUtils,org.apache.cxf.jaxrs.utils.JAXRSUtils_ESTest,208,0,True
717,NPEX,CXF-209407e0,0,99f3d0177cef491cbe493f0e2abdee94,org.apache.cxf.jaxrs.utils.JAXRSUtils,org.apache.cxf.jaxrs.utils.JAXRSUtils_ESTest,223,0,True
718,NPEX,CXF-209407e0,0,562e60d2b59c4627a26c6f1053f0517d,org.apache.cxf.jaxrs.utils.JAXRSUtils,org.apache.cxf.jaxrs.utils.JAXRSUtils_ESTest,230,0,True
719,NPEX,Java_WebSocket-a2b35482,0,5208746157904a808c2efa443d618c3d,org.java_websocket.server.WebSocketServer,org.java_websocket.server.WebSocketServer_ESTest,0,0,False
720,NPEX,Java_WebSocket-a2b35482,0,1c5ca58f890c4a1f8dce0a2506b63d98,org.java_websocket.server.WebSocketServer,org.java_websocket.server.WebSocketServer_ESTest,0,0,False
721,NPEX,Java_WebSocket-a2b35482,0,6989b9b2a9d54deba6bea075a3c1e3cc,org.java_websocket.server.WebSocketServer,org.java_websocket.server.WebSocketServer_ESTest,0,0,False
722,NPEX,Java_WebSocket-a2b35482,0,243031189faa43e2b6d23001d6fb1f25,org.java_websocket.server.WebSocketServer,org.java_websocket.server.WebSocketServer_ESTest,0,0,False
723,NPEX,Java_WebSocket-a2b35482,0,c922467a298e4c779281aefb18e17b06,org.java_websocket.server.WebSocketServer,org.java_websocket.server.WebSocketServer_ESTest,0,0,False
724,NPEX,Java_WebSocket-a2b35482,0,7c18d8157bb642328ac3adf193b59c15,org.java_websocket.server.WebSocketServer,org.java_websocket.server.WebSocketServer_ESTest,0,0,False
725,NPEX,Java_WebSocket-a2b35482,0,51ba15ac1c744502bcbcfa7066c1142d,org.java_websocket.server.WebSocketServer,org.java_websocket.server.WebSocketServer_ESTest,0,0,False
726,NPEX,Java_WebSocket-a2b35482,0,ebd5740383904d5192261ac9b500f42a,org.java_websocket.server.WebSocketServer,org.java_websocket.server.WebSocketServer_ESTest,0,0,False
727,NPEX,Java_WebSocket-a2b35482,0,99a3ad8490c04770a328914eb2e62df5,org.java_websocket.server.WebSocketServer,org.java_websocket.server.WebSocketServer_ESTest,0,0,False
728,NPEX,Java_WebSocket-a2b35482,0,567b3d3cb7894e65a1c5ac8a3046fe43,org.java_websocket.server.WebSocketServer,org.java_websocket.server.WebSocketServer_ESTest,0,0,False
729,NPEX,Java_WebSocket-a2b35482,0,ba13108304cb4d65ba63182988814e27,org.java_websocket.server.WebSocketServer,org.java_websocket.server.WebSocketServer_ESTest,0,0,False
730,NPEX,Java_WebSocket-a2b35482,0,c9141875bbbe4cadb19c39ade2c4af65,org.java_websocket.server.WebSocketServer,org.java_websocket.server.WebSocketServer_ESTest,0,0,False
731,NPEX,Java_WebSocket-a2b35482,0,aba9d7366f444bcfb08f8706b9a7f62d,org.java_websocket.server.WebSocketServer,org.java_websocket.server.WebSocketServer_ESTest,0,0,False
732,NPEX,Java_WebSocket-a2b35482,0,216750ae4f004110ae8e91ea02387544,org.java_websocket.server.WebSocketServer,org.java_websocket.server.WebSocketServer_ESTest,0,0,False
733,NPEX,Java_WebSocket-a2b35482,0,14b80cdd82c94551bff26629d8ccb673,org.java_websocket.server.WebSocketServer,org.java_websocket.server.WebSocketServer_ESTest,0,0,False
734,NPEX,Java_WebSocket-a2b35482,0,109f7bc208ab4039af95e2850913dcf4,org.java_websocket.server.WebSocketServer,org.java_websocket.server.WebSocketServer_ESTest,0,0,False
735,NPEX,RocketMQ-f5a119f1,0,6b56733337fe45a8bd42a82b943f7698,org.apache.rocketmq.client.impl.factory.MQClientInstance,org.apache.rocketmq.client.impl.factory.MQClientInstance_ESTest,18,0,False
736,NPEX,RocketMQ-f5a119f1,0,9dda647cd6b34d04b83e2f5bb70cd68a,org.apache.rocketmq.client.impl.factory.MQClientInstance,org.apache.rocketmq.client.impl.factory.MQClientInstance_ESTest,18,0,False
737,NPEX,RocketMQ-f5a119f1,0,82be4d7ad03148a2aef6e365c3bd92f0,org.apache.rocketmq.client.impl.factory.MQClientInstance,org.apache.rocketmq.client.impl.factory.MQClientInstance_ESTest,18,0,False
738,NPEX,RocketMQ-f5a119f1,0,00c01c48d8fe4aa8a82a9b69143f79d5,org.apache.rocketmq.client.impl.factory.MQClientInstance,org.apache.rocketmq.client.impl.factory.MQClientInstance_ESTest,17,0,False
739,NPEX,RocketMQ-f5a119f1,0,6b9527920c7b4e868afb99b544667d50,org.apache.rocketmq.client.impl.factory.MQClientInstance,org.apache.rocketmq.client.impl.factory.MQClientInstance_ESTest,19,0,False
740,NPEX,RocketMQ-f5a119f1,0,e0298a7c9022416b90dff7d31c192c34,org.apache.rocketmq.client.impl.factory.MQClientInstance,org.apache.rocketmq.client.impl.factory.MQClientInstance_ESTest,15,0,False
741,NPEX,RocketMQ-f5a119f1,0,566ebef311e54974a22e1d4cebaa78e3,org.apache.rocketmq.client.impl.factory.MQClientInstance,org.apache.rocketmq.client.impl.factory.MQClientInstance_ESTest,15,0,False
742,NPEX,RocketMQ-f5a119f1,0,796746e6879f4d0189bc7baf48f4c915,org.apache.rocketmq.client.impl.factory.MQClientInstance,org.apache.rocketmq.client.impl.factory.MQClientInstance_ESTest,20,0,False
743,NPEX,RocketMQ-f5a119f1,0,1d45819975574cd698c2c65dc397274d,org.apache.rocketmq.client.impl.factory.MQClientInstance,org.apache.rocketmq.client.impl.factory.MQClientInstance_ESTest,14,0,False
744,NPEX,RocketMQ-f5a119f1,0,ae3128f2c79648d7b5f778228f9c2c7e,org.apache.rocketmq.client.impl.factory.MQClientInstance,org.apache.rocketmq.client.impl.factory.MQClientInstance_ESTest,15,0,False
745,NPEX,RocketMQ-f5a119f1,0,0e7dd22f70984fef98eeecb6c625900b,org.apache.rocketmq.client.impl.factory.MQClientInstance,org.apache.rocketmq.client.impl.factory.MQClientInstance_ESTest,15,0,False
746,NPEX,RocketMQ-f5a119f1,0,d4a2aae6cc8c4452aa9cefd030ff6349,org.apache.rocketmq.client.impl.factory.MQClientInstance,org.apache.rocketmq.client.impl.factory.MQClientInstance_ESTest,18,0,False
747,NPEX,RocketMQ-f5a119f1,0,707ae41a1b2a4e3da26eec813bdf4ae0,org.apache.rocketmq.client.impl.factory.MQClientInstance,org.apache.rocketmq.client.impl.factory.MQClientInstance_ESTest,17,0,False
748,NPEX,RocketMQ-f5a119f1,0,ede2da88bc8e44e0b9729289273a2b7d,org.apache.rocketmq.client.impl.factory.MQClientInstance,org.apache.rocketmq.client.impl.factory.MQClientInstance_ESTest,18,0,False
749,NPEX,RocketMQ-f5a119f1,0,0bed580e83e44c3985ebc686167acdf8,org.apache.rocketmq.client.impl.factory.MQClientInstance,org.apache.rocketmq.client.impl.factory.MQClientInstance_ESTest,15,0,False
750,NPEX,RocketMQ-f5a119f1,0,25fa9eebcc7d4ae5b382fab1f07301fe,org.apache.rocketmq.client.impl.factory.MQClientInstance,org.apache.rocketmq.client.impl.factory.MQClientInstance_ESTest,15,0,False
751,NPEX,RocketMQ-f5a119f1,0,682cafaf5abe4105b8f01b2004186cc7,org.apache.rocketmq.client.impl.factory.MQClientInstance,org.apache.rocketmq.client.impl.factory.MQClientInstance_ESTest,42,0,False
752,NPEX,RocketMQ-f5a119f1,0,098689cb66904a5eac7774397717a57d,org.apache.rocketmq.client.impl.factory.MQClientInstance,org.apache.rocketmq.client.impl.factory.MQClientInstance_ESTest,15,0,False
753,NPEX,JSqlParser-66e44c95,0,88f7f41784394e8a963fcac8aa7fbec4,net.sf.jsqlparser.expression.ExpressionVisitorAdapter,net.sf.jsqlparser.expression.ExpressionVisitorAdapter_ESTest,90,0,False
754,NPEX,Directory_LDAP_API-1aea113c,0,ef9da319400c49a9906ccebc29b3778f,org.apache.directory.api.ldap.model.entry.Value,org.apache.directory.api.ldap.model.entry.Value_ESTest,139,0,True
755,NPEX,Directory_LDAP_API-1aea113c,0,f8da05a790ab4850b3134895d889fef9,org.apache.directory.api.ldap.model.entry.Value,org.apache.directory.api.ldap.model.entry.Value_ESTest,144,0,False
756,NPEX,Directory_LDAP_API-1aea113c,0,bbae94c59a3d4de187df720c9a34a232,org.apache.directory.api.ldap.model.entry.Value,org.apache.directory.api.ldap.model.entry.Value_ESTest,257,0,False
757,NPEX,Directory_LDAP_API-1aea113c,0,41b4e853c1b5433eb07b47a742961d70,org.apache.directory.api.ldap.model.entry.Value,org.apache.directory.api.ldap.model.entry.Value_ESTest,295,0,True
758,NPEX,Directory_LDAP_API-1aea113c,0,686201cbd71d47388035c1d5bdb79c6d,org.apache.directory.api.ldap.model.entry.Value,org.apache.directory.api.ldap.model.entry.Value_ESTest,169,0,True
759,NPEX,Directory_LDAP_API-1aea113c,0,52197df1a04944e78f547139158472ec,org.apache.directory.api.ldap.model.entry.Value,org.apache.directory.api.ldap.model.entry.Value_ESTest,157,0,True
760,NPEX,Directory_LDAP_API-1aea113c,0,cd11989eca064bd08cca4705ced6b55e,org.apache.directory.api.ldap.model.entry.Value,org.apache.directory.api.ldap.model.entry.Value_ESTest,143,0,True
761,NPEX,Directory_LDAP_API-1aea113c,0,ad3f905a6f284eb9ab333094300881f7,org.apache.directory.api.ldap.model.entry.Value,org.apache.directory.api.ldap.model.entry.Value_ESTest,300,0,True
762,NPEX,Directory_LDAP_API-1aea113c,0,940686122fc04dc48cd144225ae0fa57,org.apache.directory.api.ldap.model.entry.Value,org.apache.directory.api.ldap.model.entry.Value_ESTest,265,0,True
763,NPEX,Directory_LDAP_API-1aea113c,0,3d85460a2bc14a458223832bf5a59a2c,org.apache.directory.api.ldap.model.entry.Value,org.apache.directory.api.ldap.model.entry.Value_ESTest,151,0,True
764,NPEX,Directory_LDAP_API-1aea113c,0,f8cae5ae1f2c45a6b49c790d4a25713e,org.apache.directory.api.ldap.model.entry.Value,org.apache.directory.api.ldap.model.entry.Value_ESTest,287,0,True
765,NPEX,Directory_LDAP_API-1aea113c,0,fb4f750ef836407e8366ddcbf6a7e564,org.apache.directory.api.ldap.model.entry.Value,org.apache.directory.api.ldap.model.entry.Value_ESTest,267,0,True
766,NPEX,Directory_LDAP_API-1aea113c,0,97b38ecaf0334c59931673f3a53f3f12,org.apache.directory.api.ldap.model.entry.Value,org.apache.directory.api.ldap.model.entry.Value_ESTest,275,0,True
767,NPEX,Directory_LDAP_API-1aea113c,0,9141fc4acf21400c8952b8406017943d,org.apache.directory.api.ldap.model.entry.Value,org.apache.directory.api.ldap.model.entry.Value_ESTest,304,0,True
768,NPEX,Directory_LDAP_API-1aea113c,0,8670026e21874d529a07f685ed14fa81,org.apache.directory.api.ldap.model.entry.Value,org.apache.directory.api.ldap.model.entry.Value_ESTest,145,0,True
769,NPEX,Directory_LDAP_API-1aea113c,0,c205b34f678644e9bec50f780934bcfd,org.apache.directory.api.ldap.model.entry.Value,org.apache.directory.api.ldap.model.entry.Value_ESTest,142,0,True
770,NPEX,Directory_LDAP_API-1aea113c,0,504dd97369874b01ac12c31e9a26177c,org.apache.directory.api.ldap.model.entry.Value,org.apache.directory.api.ldap.model.entry.Value_ESTest,135,0,True
771,NPEX,Directory_LDAP_API-1aea113c,0,a305521664c24a85b74fb81ea380497d,org.apache.directory.api.ldap.model.entry.Value,org.apache.directory.api.ldap.model.entry.Value_ESTest,147,0,True
772,NPEX,Directory_LDAP_API-1aea113c,0,54d9b267ef6a486e8b91265fc3a17c4a,org.apache.directory.api.ldap.model.entry.Value,org.apache.directory.api.ldap.model.entry.Value_ESTest,239,0,True
773,NPEX,Directory_LDAP_API-1aea113c,0,995579a92e344e77925b7cc768362b8d,org.apache.directory.api.ldap.model.entry.Value,org.apache.directory.api.ldap.model.entry.Value_ESTest,285,0,False
774,NPEX,Directory_LDAP_API-1aea113c,0,995579a92e344e77925b7cc768362b8d,org.apache.directory.api.ldap.model.entry.Value,org.apache.directory.api.ldap.model.entry.Value_ESTest$1,285,0,False
775,NPEX,Directory_LDAP_API-1aea113c,0,fa5715fd322845deb07a28fba3ffccc0,org.apache.directory.api.ldap.model.entry.Value,org.apache.directory.api.ldap.model.entry.Value_ESTest,267,0,True
776,NPEX,Directory_LDAP_API-1aea113c,0,d0ed505651344213986502fee1a45ece,org.apache.directory.api.ldap.model.entry.Value,org.apache.directory.api.ldap.model.entry.Value_ESTest,299,0,True
777,NPEX,Directory_LDAP_API-1aea113c,0,53e426b45a664e8092f9b45a82351ca9,org.apache.directory.api.ldap.model.entry.Value,org.apache.directory.api.ldap.model.entry.Value_ESTest,264,0,False
778,NPEX,Directory_LDAP_API-1aea113c,0,53e426b45a664e8092f9b45a82351ca9,org.apache.directory.api.ldap.model.entry.Value,org.apache.directory.api.ldap.model.entry.Value_ESTest$1,264,0,False
779,NPEX,Directory_LDAP_API-1aea113c,0,b45e8795178f4d80bfc1aaad8b5dd0da,org.apache.directory.api.ldap.model.entry.Value,org.apache.directory.api.ldap.model.entry.Value_ESTest,168,0,True
780,NPEX,Directory_LDAP_API-1aea113c,0,a283bd1c2fc7426088866205954e23f8,org.apache.directory.api.ldap.model.entry.Value,org.apache.directory.api.ldap.model.entry.Value_ESTest,261,0,True
781,NPEX,Sling_Pipes-81059025,0,f3d5691ce44d4fb88f309d497a6d07c4,org.apache.sling.pipes.PipeBindings,org.apache.sling.pipes.PipeBindings_ESTest$1,1,0,False
782,NPEX,Sling_Pipes-81059025,0,f3d5691ce44d4fb88f309d497a6d07c4,org.apache.sling.pipes.PipeBindings,org.apache.sling.pipes.PipeBindings_ESTest,1,0,False
783,NPEX,Sling_Pipes-81059025,0,420ec6ddd094477c9f32c42c2a85b02b,org.apache.sling.pipes.PipeBindings,org.apache.sling.pipes.PipeBindings_ESTest$1,1,0,False
784,NPEX,Sling_Pipes-81059025,0,420ec6ddd094477c9f32c42c2a85b02b,org.apache.sling.pipes.PipeBindings,org.apache.sling.pipes.PipeBindings_ESTest,1,0,False
785,NPEX,Sling_Pipes-81059025,0,ffce67471215494b9d1dfa1b490c4b88,org.apache.sling.pipes.PipeBindings,org.apache.sling.pipes.PipeBindings_ESTest$1,1,0,False
786,NPEX,Sling_Pipes-81059025,0,ffce67471215494b9d1dfa1b490c4b88,org.apache.sling.pipes.PipeBindings,org.apache.sling.pipes.PipeBindings_ESTest,1,0,False
787,NPEX,Sling_Pipes-81059025,0,7fdd733db5dc400981a269d51f9f248c,org.apache.sling.pipes.PipeBindings,org.apache.sling.pipes.PipeBindings_ESTest$1,1,0,False
788,NPEX,Sling_Pipes-81059025,0,7fdd733db5dc400981a269d51f9f248c,org.apache.sling.pipes.PipeBindings,org.apache.sling.pipes.PipeBindings_ESTest,1,0,False
789,NPEX,Sling_Pipes-81059025,0,45b88ea7a4904b3687b28fa807818eac,org.apache.sling.pipes.PipeBindings,org.apache.sling.pipes.PipeBindings_ESTest$1,1,0,False
790,NPEX,Sling_Pipes-81059025,0,45b88ea7a4904b3687b28fa807818eac,org.apache.sling.pipes.PipeBindings,org.apache.sling.pipes.PipeBindings_ESTest,1,0,False
791,NPEX,Sling_Pipes-81059025,0,4f153007340041bdb4bffb7ccbb875fc,org.apache.sling.pipes.PipeBindings,org.apache.sling.pipes.PipeBindings_ESTest$1,1,0,False
792,NPEX,Sling_Pipes-81059025,0,4f153007340041bdb4bffb7ccbb875fc,org.apache.sling.pipes.PipeBindings,org.apache.sling.pipes.PipeBindings_ESTest,1,0,False
793,NPEX,Sling_Pipes-81059025,0,abd772630634441395fe2404ec66a126,org.apache.sling.pipes.PipeBindings,org.apache.sling.pipes.PipeBindings_ESTest$1,1,0,False
794,NPEX,Sling_Pipes-81059025,0,abd772630634441395fe2404ec66a126,org.apache.sling.pipes.PipeBindings,org.apache.sling.pipes.PipeBindings_ESTest,1,0,False
795,NPEX,Sling_Pipes-81059025,0,fcee07c73618490d8a8984e8afdffb81,org.apache.sling.pipes.PipeBindings,org.apache.sling.pipes.PipeBindings_ESTest$1,1,0,False
796,NPEX,Sling_Pipes-81059025,0,fcee07c73618490d8a8984e8afdffb81,org.apache.sling.pipes.PipeBindings,org.apache.sling.pipes.PipeBindings_ESTest,1,0,False
797,NPEX,Sling_Pipes-81059025,0,6f0a4544a9b342da9a1dd0c1032d8b6f,org.apache.sling.pipes.PipeBindings,org.apache.sling.pipes.PipeBindings_ESTest$1,1,0,False
798,NPEX,Sling_Pipes-81059025,0,6f0a4544a9b342da9a1dd0c1032d8b6f,org.apache.sling.pipes.PipeBindings,org.apache.sling.pipes.PipeBindings_ESTest,1,0,False
799,NPEX,Sling_Pipes-81059025,0,1e211dd3378e49ca8e58b387bccf23e3,org.apache.sling.pipes.PipeBindings,org.apache.sling.pipes.PipeBindings_ESTest$1,1,0,False
800,NPEX,Sling_Pipes-81059025,0,1e211dd3378e49ca8e58b387bccf23e3,org.apache.sling.pipes.PipeBindings,org.apache.sling.pipes.PipeBindings_ESTest,1,0,False
801,NPEX,Sling_Pipes-81059025,0,558e5a34531b40549c40d1032f2b628f,org.apache.sling.pipes.PipeBindings,org.apache.sling.pipes.PipeBindings_ESTest$1,1,0,False
802,NPEX,Sling_Pipes-81059025,0,558e5a34531b40549c40d1032f2b628f,org.apache.sling.pipes.PipeBindings,org.apache.sling.pipes.PipeBindings_ESTest,1,0,False
803,NPEX,Sling_Pipes-81059025,0,2a23e2ea1d60454cae8c506d1f754323,org.apache.sling.pipes.PipeBindings,org.apache.sling.pipes.PipeBindings_ESTest$1,1,0,False
804,NPEX,Sling_Pipes-81059025,0,2a23e2ea1d60454cae8c506d1f754323,org.apache.sling.pipes.PipeBindings,org.apache.sling.pipes.PipeBindings_ESTest,1,0,False
805,NPEX,Sling_Pipes-81059025,0,84cf1acc465544428096f8cbdafc8338,org.apache.sling.pipes.PipeBindings,org.apache.sling.pipes.PipeBindings_ESTest$1,1,0,False
806,NPEX,Sling_Pipes-81059025,0,84cf1acc465544428096f8cbdafc8338,org.apache.sling.pipes.PipeBindings,org.apache.sling.pipes.PipeBindings_ESTest,1,0,False
807,NPEX,Sling_Pipes-81059025,0,b36690a65680412099350c84a5296f80,org.apache.sling.pipes.PipeBindings,org.apache.sling.pipes.PipeBindings_ESTest$1,1,0,False
808,NPEX,Sling_Pipes-81059025,0,b36690a65680412099350c84a5296f80,org.apache.sling.pipes.PipeBindings,org.apache.sling.pipes.PipeBindings_ESTest,1,0,False
809,NPEX,Sling_Pipes-81059025,0,810d75a6b7c947e7ab4198b12d7b6781,org.apache.sling.pipes.PipeBindings,org.apache.sling.pipes.PipeBindings_ESTest$1,1,0,False
810,NPEX,Sling_Pipes-81059025,0,810d75a6b7c947e7ab4198b12d7b6781,org.apache.sling.pipes.PipeBindings,org.apache.sling.pipes.PipeBindings_ESTest,1,0,False
811,NPEX,Sling_Pipes-81059025,0,7b314bb1a8a44d28b11858bfce94c7a6,org.apache.sling.pipes.PipeBindings,org.apache.sling.pipes.PipeBindings_ESTest$1,1,0,False
812,NPEX,Sling_Pipes-81059025,0,7b314bb1a8a44d28b11858bfce94c7a6,org.apache.sling.pipes.PipeBindings,org.apache.sling.pipes.PipeBindings_ESTest,1,0,False
813,NPEX,Sling_Pipes-81059025,0,05cdce1a1b1f43758cdc71e8fe7e3fdf,org.apache.sling.pipes.PipeBindings,org.apache.sling.pipes.PipeBindings_ESTest$1,1,0,False
814,NPEX,Sling_Pipes-81059025,0,05cdce1a1b1f43758cdc71e8fe7e3fdf,org.apache.sling.pipes.PipeBindings,org.apache.sling.pipes.PipeBindings_ESTest,1,0,False
815,NPEX,Sling_Pipes-81059025,0,3b40a06ebf964940860f98315eef280f,org.apache.sling.pipes.PipeBindings,org.apache.sling.pipes.PipeBindings_ESTest$1,1,0,False
816,NPEX,Sling_Pipes-81059025,0,3b40a06ebf964940860f98315eef280f,org.apache.sling.pipes.PipeBindings,org.apache.sling.pipes.PipeBindings_ESTest,1,0,False
817,NPEX,Sling_Pipes-81059025,0,1028b23f504c4d02b73939c2be296311,org.apache.sling.pipes.PipeBindings,org.apache.sling.pipes.PipeBindings_ESTest$1,1,0,False
818,NPEX,Sling_Pipes-81059025,0,1028b23f504c4d02b73939c2be296311,org.apache.sling.pipes.PipeBindings,org.apache.sling.pipes.PipeBindings_ESTest,1,0,False
819,NPEX,Sling_Pipes-81059025,0,c8867b5b7223482293d3760f2807cf87,org.apache.sling.pipes.PipeBindings,org.apache.sling.pipes.PipeBindings_ESTest$1,1,0,False
820,NPEX,Sling_Pipes-81059025,0,c8867b5b7223482293d3760f2807cf87,org.apache.sling.pipes.PipeBindings,org.apache.sling.pipes.PipeBindings_ESTest,1,0,False
821,NPEX,Sling_Pipes-81059025,0,5c57b32b0a4948deb1a303f3a58f94ac,org.apache.sling.pipes.PipeBindings,org.apache.sling.pipes.PipeBindings_ESTest$1,1,0,False
822,NPEX,Sling_Pipes-81059025,0,5c57b32b0a4948deb1a303f3a58f94ac,org.apache.sling.pipes.PipeBindings,org.apache.sling.pipes.PipeBindings_ESTest,1,0,False
823,NPEX,Sling_Pipes-81059025,0,ce29a88117634279926e896967c73d55,org.apache.sling.pipes.PipeBindings,org.apache.sling.pipes.PipeBindings_ESTest$1,1,0,False
824,NPEX,Sling_Pipes-81059025,0,ce29a88117634279926e896967c73d55,org.apache.sling.pipes.PipeBindings,org.apache.sling.pipes.PipeBindings_ESTest,1,0,False
825,NPEX,Sling_Pipes-81059025,0,b4cad5dbfff249c29bf23172f82e5812,org.apache.sling.pipes.PipeBindings,org.apache.sling.pipes.PipeBindings_ESTest$1,1,0,False
826,NPEX,Sling_Pipes-81059025,0,b4cad5dbfff249c29bf23172f82e5812,org.apache.sling.pipes.PipeBindings,org.apache.sling.pipes.PipeBindings_ESTest,1,0,False
827,NPEX,OpenNLP-60792b8f,0,f5d88aaab25f469798cfb2c2a3fa4f3e,opennlp.tools.lemmatizer.DictionaryLemmatizer,opennlp.tools.lemmatizer.DictionaryLemmatizer_ESTest,11,0,True
828,NPEX,OpenNLP-60792b8f,0,86513b4c38ad4d65b1854fb7e5bbc03b,opennlp.tools.lemmatizer.DictionaryLemmatizer,opennlp.tools.lemmatizer.DictionaryLemmatizer_ESTest,11,0,True
829,NPEX,OpenNLP-60792b8f,0,75fcbb1554954cfeb5ac96791323388c,opennlp.tools.lemmatizer.DictionaryLemmatizer,opennlp.tools.lemmatizer.DictionaryLemmatizer_ESTest,13,0,True
830,NPEX,OpenNLP-60792b8f,0,8e66acea007e4098b5b588a36028d1dc,opennlp.tools.lemmatizer.DictionaryLemmatizer,opennlp.tools.lemmatizer.DictionaryLemmatizer_ESTest,12,0,True
831,NPEX,OpenNLP-60792b8f,0,4f59b2552b9744229d4fa7d03bed350b,opennlp.tools.lemmatizer.DictionaryLemmatizer,opennlp.tools.lemmatizer.DictionaryLemmatizer_ESTest,11,0,True
832,NPEX,OpenNLP-60792b8f,0,ab112863e16a4f40af0a8bc27de88579,opennlp.tools.lemmatizer.DictionaryLemmatizer,opennlp.tools.lemmatizer.DictionaryLemmatizer_ESTest,12,0,True
833,NPEX,OpenNLP-60792b8f,0,7719f44936ce4c4f929f85ec61febd78,opennlp.tools.lemmatizer.DictionaryLemmatizer,opennlp.tools.lemmatizer.DictionaryLemmatizer_ESTest,11,0,True
834,NPEX,OpenNLP-60792b8f,0,5b37d18443844d3782b5bfe14492d9da,opennlp.tools.lemmatizer.DictionaryLemmatizer,opennlp.tools.lemmatizer.DictionaryLemmatizer_ESTest,10,0,True
835,NPEX,OpenNLP-60792b8f,0,5b1a5348131f4c0aac176c713bbcba38,opennlp.tools.lemmatizer.DictionaryLemmatizer,opennlp.tools.lemmatizer.DictionaryLemmatizer_ESTest,11,0,True
836,NPEX,OpenNLP-60792b8f,0,7617e665a0fb49b697d05c2c5b603285,opennlp.tools.lemmatizer.DictionaryLemmatizer,opennlp.tools.lemmatizer.DictionaryLemmatizer_ESTest,11,0,True
837,NPEX,OpenNLP-60792b8f,0,0a2d244a696542418a2dca61df903978,opennlp.tools.lemmatizer.DictionaryLemmatizer,opennlp.tools.lemmatizer.DictionaryLemmatizer_ESTest,11,0,True
838,NPEX,OpenNLP-60792b8f,0,d42efcdb70cd4022853e0b0e4961016d,opennlp.tools.lemmatizer.DictionaryLemmatizer,opennlp.tools.lemmatizer.DictionaryLemmatizer_ESTest,13,0,True
839,NPEX,OpenNLP-60792b8f,0,1d59984b57b94cb585cdb84cd78de946,opennlp.tools.lemmatizer.DictionaryLemmatizer,opennlp.tools.lemmatizer.DictionaryLemmatizer_ESTest,10,0,True
840,NPEX,OpenNLP-60792b8f,0,5af7b2fef454494493ea63dae6e86fa6,opennlp.tools.lemmatizer.DictionaryLemmatizer,opennlp.tools.lemmatizer.DictionaryLemmatizer_ESTest,11,0,True
841,NPEX,OpenNLP-60792b8f,0,e4509903f71c4bcc91be38e5c5555475,opennlp.tools.lemmatizer.DictionaryLemmatizer,opennlp.tools.lemmatizer.DictionaryLemmatizer_ESTest,11,0,True
842,NPEX,OpenNLP-60792b8f,0,f8560dde4d334859affe3721e1dfe7ef,opennlp.tools.lemmatizer.DictionaryLemmatizer,opennlp.tools.lemmatizer.DictionaryLemmatizer_ESTest,11,0,True
843,NPEX,OpenNLP-60792b8f,0,27ebee417b79476c9d0ea2193b674ce9,opennlp.tools.lemmatizer.DictionaryLemmatizer,opennlp.tools.lemmatizer.DictionaryLemmatizer_ESTest,13,0,True
844,NPEX,OpenNLP-60792b8f,0,9a92b671b4ae4f67b26a19792f142837,opennlp.tools.lemmatizer.DictionaryLemmatizer,opennlp.tools.lemmatizer.DictionaryLemmatizer_ESTest,11,0,True
845,NPEX,OpenNLP-60792b8f,0,7c950fcafab84e499219687ea67f7ace,opennlp.tools.lemmatizer.DictionaryLemmatizer,opennlp.tools.lemmatizer.DictionaryLemmatizer_ESTest,11,0,True
846,NPEX,OpenNLP-60792b8f,0,e91397699648486e946f35415fbef9a1,opennlp.tools.lemmatizer.DictionaryLemmatizer,opennlp.tools.lemmatizer.DictionaryLemmatizer_ESTest,13,0,True
847,NPEX,OpenNLP-60792b8f,0,389a7602f1fa466a98cde27c36d032df,opennlp.tools.lemmatizer.DictionaryLemmatizer,opennlp.tools.lemmatizer.DictionaryLemmatizer_ESTest,11,0,True
848,NPEX,OpenNLP-60792b8f,0,d3517f28ad0241f888cb920be0f98c39,opennlp.tools.lemmatizer.DictionaryLemmatizer,opennlp.tools.lemmatizer.DictionaryLemmatizer_ESTest,11,0,True
849,NPEX,OpenNLP-60792b8f,0,1afb8b27db6b49ed846f1e50c185cdd2,opennlp.tools.lemmatizer.DictionaryLemmatizer,opennlp.tools.lemmatizer.DictionaryLemmatizer_ESTest,13,0,True
850,NPEX,OpenNLP-60792b8f,0,505736d483fd4721a6ef9afedc8b498e,opennlp.tools.lemmatizer.DictionaryLemmatizer,opennlp.tools.lemmatizer.DictionaryLemmatizer_ESTest,11,0,True
851,NPEX,OpenNLP-60792b8f,0,ae86bf7370a74285ac070dbfcece56f9,opennlp.tools.lemmatizer.DictionaryLemmatizer,opennlp.tools.lemmatizer.DictionaryLemmatizer_ESTest,11,0,True
852,NPEX,Hessian_Lite-c5c017dc,0,8c11c7f0fc2248a99789b7487371ba3a,com.alibaba.dubbo.common.URL,com.alibaba.dubbo.common.URL_ESTest,489,0,True
853,NPEX,Hessian_Lite-c5c017dc,0,dd06807afcf94608b58409fb4f790d3d,com.alibaba.dubbo.common.URL,com.alibaba.dubbo.common.URL_ESTest,506,0,True
854,NPEX,Hessian_Lite-c5c017dc,0,a33f86af8a2e4fe887779edeb1550d13,com.alibaba.dubbo.common.URL,com.alibaba.dubbo.common.URL_ESTest,488,0,True
855,NPEX,ZooKeeper-ef3649f5,0,f780d16fc6c14551aad9447d5ae76d18,org.apache.zookeeper.server.ZooKeeperServer,org.apache.zookeeper.server.ZooKeeperServer_ESTest,331,0,True
856,NPEX,ZooKeeper-ef3649f5,0,f780d16fc6c14551aad9447d5ae76d18,org.apache.zookeeper.server.ZooKeeperServer,org.apache.zookeeper.server.ZooKeeperServer_ESTest$1,331,0,True
857,NPEX,ZooKeeper-ef3649f5,0,f780d16fc6c14551aad9447d5ae76d18,org.apache.zookeeper.server.ZooKeeperServer,org.apache.zookeeper.server.ZooKeeperServer_ESTest$6,331,0,True
858,NPEX,ZooKeeper-ef3649f5,0,f780d16fc6c14551aad9447d5ae76d18,org.apache.zookeeper.server.ZooKeeperServer,org.apache.zookeeper.server.ZooKeeperServer_ESTest$5,331,0,True
859,NPEX,ZooKeeper-ef3649f5,0,f780d16fc6c14551aad9447d5ae76d18,org.apache.zookeeper.server.ZooKeeperServer,org.apache.zookeeper.server.ZooKeeperServer_ESTest$2,331,0,True
860,NPEX,ZooKeeper-ef3649f5,0,f780d16fc6c14551aad9447d5ae76d18,org.apache.zookeeper.server.ZooKeeperServer,org.apache.zookeeper.server.ZooKeeperServer_ESTest$7,331,0,True
861,NPEX,ZooKeeper-ef3649f5,0,f780d16fc6c14551aad9447d5ae76d18,org.apache.zookeeper.server.ZooKeeperServer,org.apache.zookeeper.server.ZooKeeperServer_ESTest$4,331,0,True
862,NPEX,ZooKeeper-ef3649f5,0,f780d16fc6c14551aad9447d5ae76d18,org.apache.zookeeper.server.ZooKeeperServer,org.apache.zookeeper.server.ZooKeeperServer_ESTest$3,331,0,True
863,NPEX,ZooKeeper-ef3649f5,0,eda03e6c1cab402b92a411222581678e,org.apache.zookeeper.server.ZooKeeperServer,org.apache.zookeeper.server.ZooKeeperServer_ESTest,335,0,True
864,NPEX,ZooKeeper-ef3649f5,0,eda03e6c1cab402b92a411222581678e,org.apache.zookeeper.server.ZooKeeperServer,org.apache.zookeeper.server.ZooKeeperServer_ESTest$1,335,0,True
865,NPEX,ZooKeeper-ef3649f5,0,eda03e6c1cab402b92a411222581678e,org.apache.zookeeper.server.ZooKeeperServer,org.apache.zookeeper.server.ZooKeeperServer_ESTest$2,335,0,True
866,NPEX,ZooKeeper-ef3649f5,0,eda03e6c1cab402b92a411222581678e,org.apache.zookeeper.server.ZooKeeperServer,org.apache.zookeeper.server.ZooKeeperServer_ESTest$3,335,0,True
867,NPEX,ZooKeeper-ef3649f5,0,5e851d8e89b64d65807754a4e8523c5d,org.apache.zookeeper.server.ZooKeeperServer,org.apache.zookeeper.server.ZooKeeperServer_ESTest,332,0,False
868,NPEX,ZooKeeper-ef3649f5,0,5e851d8e89b64d65807754a4e8523c5d,org.apache.zookeeper.server.ZooKeeperServer,org.apache.zookeeper.server.ZooKeeperServer_ESTest$1,332,0,False
869,NPEX,ZooKeeper-ef3649f5,0,5e851d8e89b64d65807754a4e8523c5d,org.apache.zookeeper.server.ZooKeeperServer,org.apache.zookeeper.server.ZooKeeperServer_ESTest$6,332,0,False
870,NPEX,ZooKeeper-ef3649f5,0,5e851d8e89b64d65807754a4e8523c5d,org.apache.zookeeper.server.ZooKeeperServer,org.apache.zookeeper.server.ZooKeeperServer_ESTest$5,332,0,False
871,NPEX,ZooKeeper-ef3649f5,0,5e851d8e89b64d65807754a4e8523c5d,org.apache.zookeeper.server.ZooKeeperServer,org.apache.zookeeper.server.ZooKeeperServer_ESTest$2,332,0,False
872,NPEX,ZooKeeper-ef3649f5,0,5e851d8e89b64d65807754a4e8523c5d,org.apache.zookeeper.server.ZooKeeperServer,org.apache.zookeeper.server.ZooKeeperServer_ESTest$4,332,0,False
873,NPEX,ZooKeeper-ef3649f5,0,5e851d8e89b64d65807754a4e8523c5d,org.apache.zookeeper.server.ZooKeeperServer,org.apache.zookeeper.server.ZooKeeperServer_ESTest$3,332,0,False
874,NPEX,ZooKeeper-ef3649f5,0,7aeebc103763403e9e00e3579b84d984,org.apache.zookeeper.server.ZooKeeperServer,org.apache.zookeeper.server.ZooKeeperServer_ESTest,331,0,True
875,NPEX,ZooKeeper-ef3649f5,0,7aeebc103763403e9e00e3579b84d984,org.apache.zookeeper.server.ZooKeeperServer,org.apache.zookeeper.server.ZooKeeperServer_ESTest$1,331,0,True
876,NPEX,ZooKeeper-ef3649f5,0,7aeebc103763403e9e00e3579b84d984,org.apache.zookeeper.server.ZooKeeperServer,org.apache.zookeeper.server.ZooKeeperServer_ESTest$6,331,0,True
877,NPEX,ZooKeeper-ef3649f5,0,7aeebc103763403e9e00e3579b84d984,org.apache.zookeeper.server.ZooKeeperServer,org.apache.zookeeper.server.ZooKeeperServer_ESTest$5,331,0,True
878,NPEX,ZooKeeper-ef3649f5,0,7aeebc103763403e9e00e3579b84d984,org.apache.zookeeper.server.ZooKeeperServer,org.apache.zookeeper.server.ZooKeeperServer_ESTest$9,331,0,True
879,NPEX,ZooKeeper-ef3649f5,0,7aeebc103763403e9e00e3579b84d984,org.apache.zookeeper.server.ZooKeeperServer,org.apache.zookeeper.server.ZooKeeperServer_ESTest$2,331,0,True
880,NPEX,ZooKeeper-ef3649f5,0,7aeebc103763403e9e00e3579b84d984,org.apache.zookeeper.server.ZooKeeperServer,org.apache.zookeeper.server.ZooKeeperServer_ESTest$7,331,0,True
881,NPEX,ZooKeeper-ef3649f5,0,7aeebc103763403e9e00e3579b84d984,org.apache.zookeeper.server.ZooKeeperServer,org.apache.zookeeper.server.ZooKeeperServer_ESTest$4,331,0,True
882,NPEX,ZooKeeper-ef3649f5,0,7aeebc103763403e9e00e3579b84d984,org.apache.zookeeper.server.ZooKeeperServer,org.apache.zookeeper.server.ZooKeeperServer_ESTest$8,331,0,True
883,NPEX,ZooKeeper-ef3649f5,0,7aeebc103763403e9e00e3579b84d984,org.apache.zookeeper.server.ZooKeeperServer,org.apache.zookeeper.server.ZooKeeperServer_ESTest$3,331,0,True
884,NPEX,ZooKeeper-ef3649f5,0,33b566fa20c9420f845fe3acfe2561a2,org.apache.zookeeper.server.ZooKeeperServer,org.apache.zookeeper.server.ZooKeeperServer_ESTest,345,0,True
885,NPEX,ZooKeeper-ef3649f5,0,33b566fa20c9420f845fe3acfe2561a2,org.apache.zookeeper.server.ZooKeeperServer,org.apache.zookeeper.server.ZooKeeperServer_ESTest$1,345,0,True
886,NPEX,ZooKeeper-ef3649f5,0,33b566fa20c9420f845fe3acfe2561a2,org.apache.zookeeper.server.ZooKeeperServer,org.apache.zookeeper.server.ZooKeeperServer_ESTest$5,345,0,True
887,NPEX,ZooKeeper-ef3649f5,0,33b566fa20c9420f845fe3acfe2561a2,org.apache.zookeeper.server.ZooKeeperServer,org.apache.zookeeper.server.ZooKeeperServer_ESTest$2,345,0,True
888,NPEX,ZooKeeper-ef3649f5,0,33b566fa20c9420f845fe3acfe2561a2,org.apache.zookeeper.server.ZooKeeperServer,org.apache.zookeeper.server.ZooKeeperServer_ESTest$4,345,0,True
889,NPEX,ZooKeeper-ef3649f5,0,33b566fa20c9420f845fe3acfe2561a2,org.apache.zookeeper.server.ZooKeeperServer,org.apache.zookeeper.server.ZooKeeperServer_ESTest$3,345,0,True
890,NPEX,ZooKeeper-ef3649f5,0,46fb8f93e4c740018949f0a1f695eb62,org.apache.zookeeper.server.ZooKeeperServer,org.apache.zookeeper.server.ZooKeeperServer_ESTest,319,0,False
891,NPEX,ZooKeeper-ef3649f5,0,46fb8f93e4c740018949f0a1f695eb62,org.apache.zookeeper.server.ZooKeeperServer,org.apache.zookeeper.server.ZooKeeperServer_ESTest$1,319,0,False
892,NPEX,ZooKeeper-ef3649f5,0,46fb8f93e4c740018949f0a1f695eb62,org.apache.zookeeper.server.ZooKeeperServer,org.apache.zookeeper.server.ZooKeeperServer_ESTest$5,319,0,False
893,NPEX,ZooKeeper-ef3649f5,0,46fb8f93e4c740018949f0a1f695eb62,org.apache.zookeeper.server.ZooKeeperServer,org.apache.zookeeper.server.ZooKeeperServer_ESTest$2,319,0,False
894,NPEX,ZooKeeper-ef3649f5,0,46fb8f93e4c740018949f0a1f695eb62,org.apache.zookeeper.server.ZooKeeperServer,org.apache.zookeeper.server.ZooKeeperServer_ESTest$4,319,0,False
895,NPEX,ZooKeeper-ef3649f5,0,46fb8f93e4c740018949f0a1f695eb62,org.apache.zookeeper.server.ZooKeeperServer,org.apache.zookeeper.server.ZooKeeperServer_ESTest$3,319,0,False
896,NPEX,ZooKeeper-ef3649f5,0,1e2d2787363a4a979b0cab9c917daa62,org.apache.zookeeper.server.ZooKeeperServer,org.apache.zookeeper.server.ZooKeeperServer_ESTest,312,0,False
897,NPEX,ZooKeeper-ef3649f5,0,1e2d2787363a4a979b0cab9c917daa62,org.apache.zookeeper.server.ZooKeeperServer,org.apache.zookeeper.server.ZooKeeperServer_ESTest$1,312,0,False
898,NPEX,ZooKeeper-ef3649f5,0,1e2d2787363a4a979b0cab9c917daa62,org.apache.zookeeper.server.ZooKeeperServer,org.apache.zookeeper.server.ZooKeeperServer_ESTest$6,312,0,False
899,NPEX,ZooKeeper-ef3649f5,0,1e2d2787363a4a979b0cab9c917daa62,org.apache.zookeeper.server.ZooKeeperServer,org.apache.zookeeper.server.ZooKeeperServer_ESTest$5,312,0,False
900,NPEX,ZooKeeper-ef3649f5,0,1e2d2787363a4a979b0cab9c917daa62,org.apache.zookeeper.server.ZooKeeperServer,org.apache.zookeeper.server.ZooKeeperServer_ESTest$2,312,0,False
901,NPEX,ZooKeeper-ef3649f5,0,1e2d2787363a4a979b0cab9c917daa62,org.apache.zookeeper.server.ZooKeeperServer,org.apache.zookeeper.server.ZooKeeperServer_ESTest$7,312,0,False
902,NPEX,ZooKeeper-ef3649f5,0,1e2d2787363a4a979b0cab9c917daa62,org.apache.zookeeper.server.ZooKeeperServer,org.apache.zookeeper.server.ZooKeeperServer_ESTest$4,312,0,False
903,NPEX,ZooKeeper-ef3649f5,0,1e2d2787363a4a979b0cab9c917daa62,org.apache.zookeeper.server.ZooKeeperServer,org.apache.zookeeper.server.ZooKeeperServer_ESTest$3,312,0,False
904,NPEX,ZooKeeper-ef3649f5,0,7c45bad0aaaa4286b643bdbe8e258803,org.apache.zookeeper.server.ZooKeeperServer,org.apache.zookeeper.server.ZooKeeperServer_ESTest,324,0,False
905,NPEX,ZooKeeper-ef3649f5,0,7c45bad0aaaa4286b643bdbe8e258803,org.apache.zookeeper.server.ZooKeeperServer,org.apache.zookeeper.server.ZooKeeperServer_ESTest$1,324,0,False
906,NPEX,ZooKeeper-ef3649f5,0,7c45bad0aaaa4286b643bdbe8e258803,org.apache.zookeeper.server.ZooKeeperServer,org.apache.zookeeper.server.ZooKeeperServer_ESTest$6,324,0,False
907,NPEX,ZooKeeper-ef3649f5,0,7c45bad0aaaa4286b643bdbe8e258803,org.apache.zookeeper.server.ZooKeeperServer,org.apache.zookeeper.server.ZooKeeperServer_ESTest$5,324,0,False
908,NPEX,ZooKeeper-ef3649f5,0,7c45bad0aaaa4286b643bdbe8e258803,org.apache.zookeeper.server.ZooKeeperServer,org.apache.zookeeper.server.ZooKeeperServer_ESTest$2,324,0,False
909,NPEX,ZooKeeper-ef3649f5,0,7c45bad0aaaa4286b643bdbe8e258803,org.apache.zookeeper.server.ZooKeeperServer,org.apache.zookeeper.server.ZooKeeperServer_ESTest$7,324,0,False
910,NPEX,ZooKeeper-ef3649f5,0,7c45bad0aaaa4286b643bdbe8e258803,org.apache.zookeeper.server.ZooKeeperServer,org.apache.zookeeper.server.ZooKeeperServer_ESTest$4,324,0,False
911,NPEX,ZooKeeper-ef3649f5,0,7c45bad0aaaa4286b643bdbe8e258803,org.apache.zookeeper.server.ZooKeeperServer,org.apache.zookeeper.server.ZooKeeperServer_ESTest$3,324,0,False
912,NPEX,ZooKeeper-ef3649f5,0,991e791278bb4242a74689d6bbdc8b00,org.apache.zookeeper.server.ZooKeeperServer,org.apache.zookeeper.server.ZooKeeperServer_ESTest,317,0,True
913,NPEX,ZooKeeper-ef3649f5,0,991e791278bb4242a74689d6bbdc8b00,org.apache.zookeeper.server.ZooKeeperServer,org.apache.zookeeper.server.ZooKeeperServer_ESTest$1,317,0,True
914,NPEX,ZooKeeper-ef3649f5,0,991e791278bb4242a74689d6bbdc8b00,org.apache.zookeeper.server.ZooKeeperServer,org.apache.zookeeper.server.ZooKeeperServer_ESTest$6,317,0,True
915,NPEX,ZooKeeper-ef3649f5,0,991e791278bb4242a74689d6bbdc8b00,org.apache.zookeeper.server.ZooKeeperServer,org.apache.zookeeper.server.ZooKeeperServer_ESTest$5,317,0,True
916,NPEX,ZooKeeper-ef3649f5,0,991e791278bb4242a74689d6bbdc8b00,org.apache.zookeeper.server.ZooKeeperServer,org.apache.zookeeper.server.ZooKeeperServer_ESTest$2,317,0,True
917,NPEX,ZooKeeper-ef3649f5,0,991e791278bb4242a74689d6bbdc8b00,org.apache.zookeeper.server.ZooKeeperServer,org.apache.zookeeper.server.ZooKeeperServer_ESTest$7,317,0,True
918,NPEX,ZooKeeper-ef3649f5,0,991e791278bb4242a74689d6bbdc8b00,org.apache.zookeeper.server.ZooKeeperServer,org.apache.zookeeper.server.ZooKeeperServer_ESTest$4,317,0,True
919,NPEX,ZooKeeper-ef3649f5,0,991e791278bb4242a74689d6bbdc8b00,org.apache.zookeeper.server.ZooKeeperServer,org.apache.zookeeper.server.ZooKeeperServer_ESTest$3,317,0,True
920,NPEX,ZooKeeper-ef3649f5,0,fbf94ea911da484d9cae30d40d33c60d,org.apache.zookeeper.server.ZooKeeperServer,org.apache.zookeeper.server.ZooKeeperServer_ESTest,343,0,False
921,NPEX,ZooKeeper-ef3649f5,0,fbf94ea911da484d9cae30d40d33c60d,org.apache.zookeeper.server.ZooKeeperServer,org.apache.zookeeper.server.ZooKeeperServer_ESTest$1,343,0,False
922,NPEX,ZooKeeper-ef3649f5,0,fbf94ea911da484d9cae30d40d33c60d,org.apache.zookeeper.server.ZooKeeperServer,org.apache.zookeeper.server.ZooKeeperServer_ESTest$5,343,0,False
923,NPEX,ZooKeeper-ef3649f5,0,fbf94ea911da484d9cae30d40d33c60d,org.apache.zookeeper.server.ZooKeeperServer,org.apache.zookeeper.server.ZooKeeperServer_ESTest$2,343,0,False
924,NPEX,ZooKeeper-ef3649f5,0,fbf94ea911da484d9cae30d40d33c60d,org.apache.zookeeper.server.ZooKeeperServer,org.apache.zookeeper.server.ZooKeeperServer_ESTest$4,343,0,False
925,NPEX,ZooKeeper-ef3649f5,0,fbf94ea911da484d9cae30d40d33c60d,org.apache.zookeeper.server.ZooKeeperServer,org.apache.zookeeper.server.ZooKeeperServer_ESTest$3,343,0,False
926,NPEX,jsoup-b8411990,0,3f3a73246995439fb730395eb420f1cc,org.jsoup.internal.Normalizer,org.jsoup.internal.Normalizer_ESTest,7,0,True
927,NPEX,jsoup-b8411990,0,cc349b1763fc4cdc8f482bd707cffdcb,org.jsoup.internal.Normalizer,org.jsoup.internal.Normalizer_ESTest,7,0,True
928,NPEX,jsoup-b8411990,0,a2c1e5c74007432e9e0b3035ca58bcda,org.jsoup.internal.Normalizer,org.jsoup.internal.Normalizer_ESTest,7,0,True
929,NPEX,jsoup-b8411990,0,033fa5b1847e4cd1aa683f456bc26c64,org.jsoup.internal.Normalizer,org.jsoup.internal.Normalizer_ESTest,7,0,True
930,NPEX,jsoup-b8411990,0,5bf0362ab2914399b1ffabb4f6b27545,org.jsoup.internal.Normalizer,org.jsoup.internal.Normalizer_ESTest,7,0,True
931,NPEX,jsoup-b8411990,0,a8f15733c0384801906944b1eb8a5949,org.jsoup.internal.Normalizer,org.jsoup.internal.Normalizer_ESTest,7,0,True
932,NPEX,jsoup-b8411990,0,637bdb8dca6942ba8e0eee7c760246e2,org.jsoup.internal.Normalizer,org.jsoup.internal.Normalizer_ESTest,7,0,True
933,NPEX,jsoup-b8411990,0,ffbfe5727471471495e889c36247f339,org.jsoup.internal.Normalizer,org.jsoup.internal.Normalizer_ESTest,7,0,True
934,NPEX,jsoup-b8411990,0,2838abc97fe744feb75944c40de8c83e,org.jsoup.internal.Normalizer,org.jsoup.internal.Normalizer_ESTest,7,0,True
935,NPEX,jsoup-b8411990,0,320be3a383ea4f95bdb52bb277b6e87a,org.jsoup.internal.Normalizer,org.jsoup.internal.Normalizer_ESTest,7,0,True
936,NPEX,jsoup-b8411990,0,110a995ae135412b905ac3b203d127e2,org.jsoup.internal.Normalizer,org.jsoup.internal.Normalizer_ESTest,7,0,True
937,NPEX,jsoup-b8411990,0,b8c6dff38c17470589b4cb7381fbe51a,org.jsoup.internal.Normalizer,org.jsoup.internal.Normalizer_ESTest,7,0,True
938,NPEX,jsoup-b8411990,0,824bc314fcfa43049b49c284eb6baa54,org.jsoup.internal.Normalizer,org.jsoup.internal.Normalizer_ESTest,7,0,True
939,NPEX,jsoup-b8411990,0,0c4a0e33919e4e0a9edf9f78219f2286,org.jsoup.internal.Normalizer,org.jsoup.internal.Normalizer_ESTest,7,0,True
940,NPEX,jsoup-b8411990,0,f722d866aaf649df926f218daeb1fe07,org.jsoup.internal.Normalizer,org.jsoup.internal.Normalizer_ESTest,7,0,True
941,NPEX,jsoup-b8411990,0,ae131af5661d496199da678733213177,org.jsoup.internal.Normalizer,org.jsoup.internal.Normalizer_ESTest,7,0,True
942,NPEX,jsoup-b8411990,0,b58bfe0f729d4ee4b2e27aa95d1209f1,org.jsoup.internal.Normalizer,org.jsoup.internal.Normalizer_ESTest,7,0,True
943,NPEX,jsoup-b8411990,0,197380dbc9264a77a738aed70320d4cc,org.jsoup.internal.Normalizer,org.jsoup.internal.Normalizer_ESTest,7,0,True
944,NPEX,jsoup-b8411990,0,5b31f0ac89d94b23b20834a7a4ed3665,org.jsoup.internal.Normalizer,org.jsoup.internal.Normalizer_ESTest,7,0,True
945,NPEX,jsoup-b8411990,0,9d71c70e30674b7ab50b81563e40af19,org.jsoup.internal.Normalizer,org.jsoup.internal.Normalizer_ESTest,7,0,True
946,NPEX,jsoup-b8411990,0,20b2572d87ca4dbc92c3bbbebc9998e1,org.jsoup.internal.Normalizer,org.jsoup.internal.Normalizer_ESTest,7,0,True
947,NPEX,jsoup-b8411990,0,6ebc00d9df164c6d8963b96823676168,org.jsoup.internal.Normalizer,org.jsoup.internal.Normalizer_ESTest,7,0,True
948,NPEX,jsoup-b8411990,0,16591ed3f5234b2ebce45ed52f796f8a,org.jsoup.internal.Normalizer,org.jsoup.internal.Normalizer_ESTest,7,0,True
949,NPEX,jsoup-b8411990,0,f4ac33c8c5234bf9bd4e061706578cc2,org.jsoup.internal.Normalizer,org.jsoup.internal.Normalizer_ESTest,7,0,True
950,NPEX,jsoup-b8411990,0,c0017a3cd85d4e1a89507a874e894eec,org.jsoup.internal.Normalizer,org.jsoup.internal.Normalizer_ESTest,7,0,True
951,NPEX,Commons_Pool-11521c1f,0,7d38c90870794ea59a7492792cc4f48c,org.apache.commons.pool2.impl.GenericKeyedObjectPool,org.apache.commons.pool2.impl.GenericKeyedObjectPool_ESTest,2,0,False
952,NPEX,Commons_Pool-11521c1f,0,349082f3d4824b99a294e1a0582348b6,org.apache.commons.pool2.impl.GenericKeyedObjectPool,org.apache.commons.pool2.impl.GenericKeyedObjectPool_ESTest,2,0,False
953,NPEX,Commons_Pool-11521c1f,0,7287560869d64c748dfe59af6923512c,org.apache.commons.pool2.impl.GenericKeyedObjectPool,org.apache.commons.pool2.impl.GenericKeyedObjectPool_ESTest,2,0,False
954,NPEX,Log4j_2-7441d3c3,0,a6a6021e6ff5420d9e5438eb7fea0b31,org.apache.logging.log4j.core.config.ConfigurationScheduler,org.apache.logging.log4j.core.config.ConfigurationScheduler_ESTest,23,0,True
955,NPEX,Log4j_2-7441d3c3,0,ee08f0ec577741359d81ace0e009a038,org.apache.logging.log4j.core.config.ConfigurationScheduler,org.apache.logging.log4j.core.config.ConfigurationScheduler_ESTest,24,0,True
956,NPEX,Log4j_2-7441d3c3,0,c9d088a565ab423088ec8d153472f5e3,org.apache.logging.log4j.core.config.ConfigurationScheduler,org.apache.logging.log4j.core.config.ConfigurationScheduler_ESTest,23,0,True
957,NPEX,Log4j_2-7441d3c3,0,c975874dbe764eaca74adffa2a083d2a,org.apache.logging.log4j.core.config.ConfigurationScheduler,org.apache.logging.log4j.core.config.ConfigurationScheduler_ESTest,24,0,True
958,NPEX,Log4j_2-7441d3c3,0,5875d56fdb1e4d03af36152ecc3d9cba,org.apache.logging.log4j.core.config.ConfigurationScheduler,org.apache.logging.log4j.core.config.ConfigurationScheduler_ESTest,24,0,True
959,NPEX,Log4j_2-7441d3c3,0,f401273c30334a59b80c520af76941ee,org.apache.logging.log4j.core.config.ConfigurationScheduler,org.apache.logging.log4j.core.config.ConfigurationScheduler_ESTest,24,0,True
960,NPEX,Log4j_2-7441d3c3,0,e31fbaf00c6a4c00b7926a72bd3c1a43,org.apache.logging.log4j.core.config.ConfigurationScheduler,org.apache.logging.log4j.core.config.ConfigurationScheduler_ESTest,23,0,True
961,NPEX,Log4j_2-7441d3c3,0,ec48cf12a1474d37a59f6be30e08d626,org.apache.logging.log4j.core.config.ConfigurationScheduler,org.apache.logging.log4j.core.config.ConfigurationScheduler_ESTest,24,0,True
962,NPEX,Log4j_2-7441d3c3,0,6874135242024bd59861733e9c6e485a,org.apache.logging.log4j.core.config.ConfigurationScheduler,org.apache.logging.log4j.core.config.ConfigurationScheduler_ESTest,25,0,True
963,NPEX,Log4j_2-7441d3c3,0,c630ddbf112b4dfa98de5b1ef6e2aa7b,org.apache.logging.log4j.core.config.ConfigurationScheduler,org.apache.logging.log4j.core.config.ConfigurationScheduler_ESTest,24,0,True
964,NPEX,Log4j_2-7441d3c3,0,f885587137f04720aaeebc01536b1691,org.apache.logging.log4j.core.config.ConfigurationScheduler,org.apache.logging.log4j.core.config.ConfigurationScheduler_ESTest,24,0,True
965,NPEX,Log4j_2-7441d3c3,0,eb884dbc92e54ca89701d2291bdc1e0e,org.apache.logging.log4j.core.config.ConfigurationScheduler,org.apache.logging.log4j.core.config.ConfigurationScheduler_ESTest,25,0,True
966,NPEX,Log4j_2-7441d3c3,0,2c48c5e93c9f4cf09ceb04e49c2880c7,org.apache.logging.log4j.core.config.ConfigurationScheduler,org.apache.logging.log4j.core.config.ConfigurationScheduler_ESTest,23,0,True
967,NPEX,Log4j_2-7441d3c3,0,d64e27b51cba42fb84bb82019e7350c6,org.apache.logging.log4j.core.config.ConfigurationScheduler,org.apache.logging.log4j.core.config.ConfigurationScheduler_ESTest,24,0,True
968,NPEX,Log4j_2-7441d3c3,0,31f2676879624c829286caac449558fc,org.apache.logging.log4j.core.config.ConfigurationScheduler,org.apache.logging.log4j.core.config.ConfigurationScheduler_ESTest,24,0,True
969,NPEX,Log4j_2-7441d3c3,0,aef7747773fe4063add273e0e31fdaf4,org.apache.logging.log4j.core.config.ConfigurationScheduler,org.apache.logging.log4j.core.config.ConfigurationScheduler_ESTest,23,0,True
970,NPEX,Log4j_2-7441d3c3,0,7b5e1a05a3fd4f21b7634bde6bd394d9,org.apache.logging.log4j.core.config.ConfigurationScheduler,org.apache.logging.log4j.core.config.ConfigurationScheduler_ESTest,24,0,True
971,NPEX,Log4j_2-7441d3c3,0,49e7edcd8d95430c91beab2040afcbcd,org.apache.logging.log4j.core.config.ConfigurationScheduler,org.apache.logging.log4j.core.config.ConfigurationScheduler_ESTest,24,0,True
972,NPEX,Log4j_2-7441d3c3,0,8c7f405f7ba24564ae39fa76250b519f,org.apache.logging.log4j.core.config.ConfigurationScheduler,org.apache.logging.log4j.core.config.ConfigurationScheduler_ESTest,24,0,True
973,NPEX,Log4j_2-7441d3c3,0,f6f0d26af9bc4822a2b60f025a93fb64,org.apache.logging.log4j.core.config.ConfigurationScheduler,org.apache.logging.log4j.core.config.ConfigurationScheduler_ESTest,25,0,True
974,NPEX,Log4j_2-7441d3c3,0,e5796a0c775944dfa13e1ab3c2eb656a,org.apache.logging.log4j.core.config.ConfigurationScheduler,org.apache.logging.log4j.core.config.ConfigurationScheduler_ESTest,24,0,True
975,NPEX,Log4j_2-7441d3c3,0,6a998b5756fc487d9d9f73242f409bf0,org.apache.logging.log4j.core.config.ConfigurationScheduler,org.apache.logging.log4j.core.config.ConfigurationScheduler_ESTest,23,0,True
976,NPEX,Log4j_2-7441d3c3,0,c48cc92aedb947ddb12895171fd66739,org.apache.logging.log4j.core.config.ConfigurationScheduler,org.apache.logging.log4j.core.config.ConfigurationScheduler_ESTest,23,0,True
977,NPEX,Log4j_2-7441d3c3,0,e15eb946cfae415faebcb043f4048718,org.apache.logging.log4j.core.config.ConfigurationScheduler,org.apache.logging.log4j.core.config.ConfigurationScheduler_ESTest,26,0,True
978,NPEX,Log4j_2-7441d3c3,0,bdec02b0be34401b8722ecb6f8a1a953,org.apache.logging.log4j.core.config.ConfigurationScheduler,org.apache.logging.log4j.core.config.ConfigurationScheduler_ESTest,24,0,True
979,NPEX,Commons_BCEL-a46d927b,0,09b475becb6e40d7ba9200ee988aa8f8,org.apache.bcel.generic.MethodGen,org.apache.bcel.generic.MethodGen_ESTest,180,0,False
980,NPEX,Commons_BCEL-a46d927b,0,4243d1d844224ee9aff20904c15cf9dc,org.apache.bcel.generic.MethodGen,org.apache.bcel.generic.MethodGen_ESTest,177,0,False
981,NPEX,Commons_BCEL-a46d927b,0,1b0b7d669f804fe69ec57bf5b010a1f8,org.apache.bcel.generic.MethodGen,org.apache.bcel.generic.MethodGen_ESTest,196,0,False
982,NPEX,Commons_BCEL-a46d927b,0,cc856419f0ad44b4aa8cfcf1e9cf7900,org.apache.bcel.generic.MethodGen,org.apache.bcel.generic.MethodGen_ESTest,185,0,False
983,NPEX,Commons_BCEL-a46d927b,0,0064b6040f5a4922b1180d24bf4da2ec,org.apache.bcel.generic.MethodGen,org.apache.bcel.generic.MethodGen_ESTest,197,0,False
984,NPEX,Commons_BCEL-a46d927b,0,4e36118960624539b0d9e0e8b9f5ade4,org.apache.bcel.generic.MethodGen,org.apache.bcel.generic.MethodGen_ESTest,178,0,False
985,NPEX,Commons_BCEL-a46d927b,0,c1472a479a6c430bb305ff09f7b3b626,org.apache.bcel.generic.MethodGen,org.apache.bcel.generic.MethodGen_ESTest,181,0,False
986,NPEX,Commons_BCEL-a46d927b,0,e40fe365acf24e1c9fd9d3cb92f81360,org.apache.bcel.generic.MethodGen,org.apache.bcel.generic.MethodGen_ESTest,188,0,False
987,NPEX,Commons_BCEL-a46d927b,0,d4709c23c23942699ea6a2a46acd9dc9,org.apache.bcel.generic.MethodGen,org.apache.bcel.generic.MethodGen_ESTest,167,0,False
988,NPEX,Commons_BCEL-a46d927b,0,4010ef0589c342fcab896fdb4ceea57f,org.apache.bcel.generic.MethodGen,org.apache.bcel.generic.MethodGen_ESTest,189,0,False
989,NPEX,Commons_BCEL-a46d927b,0,87699ab0d955403896348d750b53336a,org.apache.bcel.generic.MethodGen,org.apache.bcel.generic.MethodGen_ESTest,180,0,False
990,NPEX,Commons_BCEL-a46d927b,0,d30296b73b1c432083c9b86fcf1c5a1e,org.apache.bcel.generic.MethodGen,org.apache.bcel.generic.MethodGen_ESTest,194,0,False
991,NPEX,Commons_BCEL-a46d927b,0,d110d47745704e10930306c476ca1335,org.apache.bcel.generic.MethodGen,org.apache.bcel.generic.MethodGen_ESTest,174,0,False
992,NPEX,Commons_BCEL-a46d927b,0,060746f40aac4fc3999311d9c9ede7e7,org.apache.bcel.generic.MethodGen,org.apache.bcel.generic.MethodGen_ESTest,176,0,False
993,NPEX,Commons_BCEL-a46d927b,0,d267e4ac20734b0c8139693f5cef3559,org.apache.bcel.generic.MethodGen,org.apache.bcel.generic.MethodGen_ESTest,186,0,False
994,NPEX,Commons_BCEL-a46d927b,0,7a1e770537784c5892db529c8952fdfd,org.apache.bcel.generic.MethodGen,org.apache.bcel.generic.MethodGen_ESTest,181,0,False
995,NPEX,Commons_BCEL-a46d927b,0,b6b2707ffacb413199d254d49889acf3,org.apache.bcel.generic.MethodGen,org.apache.bcel.generic.MethodGen_ESTest,188,0,False
996,NPEX,Commons_BCEL-a46d927b,0,dcbb778269444fe6bd5e9c8b8b217dcd,org.apache.bcel.generic.MethodGen,org.apache.bcel.generic.MethodGen_ESTest,183,0,False
997,NPEX,Commons_BCEL-a46d927b,0,baf130f29bf84f809f11d99f95dc2442,org.apache.bcel.generic.MethodGen,org.apache.bcel.generic.MethodGen_ESTest,191,0,False
998,NPEX,Commons_BCEL-a46d927b,0,6a704a6a49144126875c747c49e1b374,org.apache.bcel.generic.MethodGen,org.apache.bcel.generic.MethodGen_ESTest,183,0,False
999,NPEX,Commons_BCEL-a46d927b,0,9bad98046a7d4bd19e08e01c32c86fd6,org.apache.bcel.generic.MethodGen,org.apache.bcel.generic.MethodGen_ESTest,183,0,False
1000,NPEX,Commons_BCEL-a46d927b,0,fb62f41da56044cca3eddbc172170975,org.apache.bcel.generic.MethodGen,org.apache.bcel.generic.MethodGen_ESTest,194,0,False
1001,NPEX,Commons_BCEL-a46d927b,0,97673436f46f4f6198fb5362cdba4125,org.apache.bcel.generic.MethodGen,org.apache.bcel.generic.MethodGen_ESTest,171,0,False
1002,NPEX,Commons_BCEL-a46d927b,0,85f613d67e0049eca9c41200adff97e3,org.apache.bcel.generic.MethodGen,org.apache.bcel.generic.MethodGen_ESTest,169,0,False
1003,NPEX,Jest-f34fa45e,0,f39af6e74d714f759614eeffc7a27de5,io.searchbox.client.config.discovery.NodeChecker,io.searchbox.client.config.discovery.NodeChecker_ESTest,1,0,False
1004,NPEX,Jest-f34fa45e,0,0c7355636a384ca0b188cf99dabd8b6e,io.searchbox.client.config.discovery.NodeChecker,io.searchbox.client.config.discovery.NodeChecker_ESTest,1,0,False
1005,NPEX,Jest-f34fa45e,0,4fea4a5df2274b858d530c4b78099e47,io.searchbox.client.config.discovery.NodeChecker,io.searchbox.client.config.discovery.NodeChecker_ESTest,1,0,False
1006,NPEX,Jest-f34fa45e,0,96c7cdce8ac0461e9fd94f9b9d45ff6f,io.searchbox.client.config.discovery.NodeChecker,io.searchbox.client.config.discovery.NodeChecker_ESTest,1,0,False
1007,NPEX,Jest-f34fa45e,0,1da55fdb94634aaf85242be243897d9c,io.searchbox.client.config.discovery.NodeChecker,io.searchbox.client.config.discovery.NodeChecker_ESTest,1,0,False
1008,NPEX,Jest-f34fa45e,0,b53102af5cc54d62950be22267a53f97,io.searchbox.client.config.discovery.NodeChecker,io.searchbox.client.config.discovery.NodeChecker_ESTest,1,0,False
1009,NPEX,Jest-f34fa45e,0,c722fb5b6c684ac4800d103449a5f185,io.searchbox.client.config.discovery.NodeChecker,io.searchbox.client.config.discovery.NodeChecker_ESTest,1,0,False
1010,NPEX,Jest-f34fa45e,0,16bf4b48076344b1bd7a01c9f0ef26f3,io.searchbox.client.config.discovery.NodeChecker,io.searchbox.client.config.discovery.NodeChecker_ESTest,1,0,False
1011,NPEX,Jest-f34fa45e,0,72c89ef90e9549489354c014fadc4eec,io.searchbox.client.config.discovery.NodeChecker,io.searchbox.client.config.discovery.NodeChecker_ESTest,1,0,False
1012,NPEX,Jest-f34fa45e,0,c91fc396beb34c8497c149408ac5e65c,io.searchbox.client.config.discovery.NodeChecker,io.searchbox.client.config.discovery.NodeChecker_ESTest,1,0,False
1013,NPEX,Jest-f34fa45e,0,b7db5ccb399841bd9f510708cb3b2b3f,io.searchbox.client.config.discovery.NodeChecker,io.searchbox.client.config.discovery.NodeChecker_ESTest,1,0,False
1014,NPEX,Jest-f34fa45e,0,2e80352f04a74a50b8c4536d209494ba,io.searchbox.client.config.discovery.NodeChecker,io.searchbox.client.config.discovery.NodeChecker_ESTest,1,0,False
1015,NPEX,Jest-f34fa45e,0,aba49d3387db4bea8d7e1a58cc856189,io.searchbox.client.config.discovery.NodeChecker,io.searchbox.client.config.discovery.NodeChecker_ESTest,1,0,False
1016,NPEX,Jest-f34fa45e,0,5aad7281c3684a1a8f56cbb5be9af0e0,io.searchbox.client.config.discovery.NodeChecker,io.searchbox.client.config.discovery.NodeChecker_ESTest,1,0,False
1017,NPEX,Jest-f34fa45e,0,5304d4e431f640168ffd020b945acb54,io.searchbox.client.config.discovery.NodeChecker,io.searchbox.client.config.discovery.NodeChecker_ESTest,1,0,False
1018,NPEX,Jest-f34fa45e,0,1db6ec8bb8c247569fb76b79d3575748,io.searchbox.client.config.discovery.NodeChecker,io.searchbox.client.config.discovery.NodeChecker_ESTest,1,0,False
1019,NPEX,Jest-f34fa45e,0,1614ea832f2b4f5e984d4850a1c9854e,io.searchbox.client.config.discovery.NodeChecker,io.searchbox.client.config.discovery.NodeChecker_ESTest,1,0,False
1020,NPEX,Jest-f34fa45e,0,e810cd07a2534d4d8f1a10ba3cf8ab80,io.searchbox.client.config.discovery.NodeChecker,io.searchbox.client.config.discovery.NodeChecker_ESTest,1,0,False
1021,NPEX,Jest-f34fa45e,0,c004a4561daa42d88bae6a82114c1e78,io.searchbox.client.config.discovery.NodeChecker,io.searchbox.client.config.discovery.NodeChecker_ESTest,1,0,False
1022,NPEX,Jest-f34fa45e,0,fcbbe0eff01b42b98cafb2c5054d9fba,io.searchbox.client.config.discovery.NodeChecker,io.searchbox.client.config.discovery.NodeChecker_ESTest,1,0,False
1023,NPEX,Jest-f34fa45e,0,a88b272227df460da44c7aee5c5551ed,io.searchbox.client.config.discovery.NodeChecker,io.searchbox.client.config.discovery.NodeChecker_ESTest,1,0,False
1024,NPEX,Jest-f34fa45e,0,1064df96f82f4ab6853562e2b85ded58,io.searchbox.client.config.discovery.NodeChecker,io.searchbox.client.config.discovery.NodeChecker_ESTest,1,0,False
1025,NPEX,Jest-f34fa45e,0,45ee35355d9348a287705f39e812ee90,io.searchbox.client.config.discovery.NodeChecker,io.searchbox.client.config.discovery.NodeChecker_ESTest,1,0,False
1026,NPEX,Jest-f34fa45e,0,df43bb891cfc45a8a6724f5210253269,io.searchbox.client.config.discovery.NodeChecker,io.searchbox.client.config.discovery.NodeChecker_ESTest,1,0,False
1027,NPEX,Jest-f34fa45e,0,67bbe6a277c644309e44ed24386ff454,io.searchbox.client.config.discovery.NodeChecker,io.searchbox.client.config.discovery.NodeChecker_ESTest,1,0,False
1028,NPEX,Qpid_Proton__j-02998b38,0,47ea23585b3247228ac54ac97b186d48,org.apache.qpid.proton.codec.MapType,org.apache.qpid.proton.codec.MapType_ESTest,22,0,False
1029,NPEX,Qpid_Proton__j-02998b38,0,335ace2f4fc6469582aad2d7f9dd09e5,org.apache.qpid.proton.codec.MapType,org.apache.qpid.proton.codec.MapType_ESTest,21,0,False
1030,NPEX,Qpid_Proton__j-02998b38,0,4509f72e89024962addc4b0d03a1dd69,org.apache.qpid.proton.codec.MapType,org.apache.qpid.proton.codec.MapType_ESTest,21,0,False
1031,NPEX,Qpid_Proton__j-02998b38,0,872307348d6a40f0b5eb8ec9baed57d7,org.apache.qpid.proton.codec.MapType,org.apache.qpid.proton.codec.MapType_ESTest,8,0,False
1032,NPEX,Qpid_Proton__j-02998b38,0,658771560931442991c15bd8650380f3,org.apache.qpid.proton.codec.MapType,org.apache.qpid.proton.codec.MapType_ESTest,24,0,False
1033,NPEX,Qpid_Proton__j-02998b38,0,fd33b6931aa142a982ede3119ff5e9d8,org.apache.qpid.proton.codec.MapType,org.apache.qpid.proton.codec.MapType_ESTest,21,0,False
1034,NPEX,Qpid_Proton__j-02998b38,0,c4e92e103c9c48e9b9ca9a3e47b32fab,org.apache.qpid.proton.codec.MapType,org.apache.qpid.proton.codec.MapType_ESTest,7,0,False
1035,NPEX,Qpid_Proton__j-02998b38,0,1f12cd65a39447b49cb646f9639e1f4f,org.apache.qpid.proton.codec.MapType,org.apache.qpid.proton.codec.MapType_ESTest,7,0,False
1036,NPEX,Qpid_Proton__j-02998b38,0,c64306cde91c4efd8be55bd715688057,org.apache.qpid.proton.codec.MapType,org.apache.qpid.proton.codec.MapType_ESTest,6,0,False
1037,NPEX,Qpid_Proton__j-02998b38,0,4584086fa2894b78a85b05485d7133a8,org.apache.qpid.proton.codec.MapType,org.apache.qpid.proton.codec.MapType_ESTest,7,0,False
1038,NPEX,Qpid_Proton__j-02998b38,0,e845c355128748a8a88cca4ecca4e17e,org.apache.qpid.proton.codec.MapType,org.apache.qpid.proton.codec.MapType_ESTest,7,0,False
1039,NPEX,Qpid_Proton__j-02998b38,0,4700e699e55343ca94546c120861ec10,org.apache.qpid.proton.codec.MapType,org.apache.qpid.proton.codec.MapType_ESTest,9,0,False
1040,NPEX,Qpid_Proton__j-02998b38,0,8bf599d655d54ca3ac654c33075a67eb,org.apache.qpid.proton.codec.MapType,org.apache.qpid.proton.codec.MapType_ESTest,21,0,False
1041,NPEX,Qpid_Proton__j-02998b38,1,47ea23585b3247228ac54ac97b186d48,org.apache.qpid.proton.codec.MapType,org.apache.qpid.proton.codec.MapType_ESTest,22,0,False
1042,NPEX,Qpid_Proton__j-02998b38,1,335ace2f4fc6469582aad2d7f9dd09e5,org.apache.qpid.proton.codec.MapType,org.apache.qpid.proton.codec.MapType_ESTest,21,0,False
1043,NPEX,Qpid_Proton__j-02998b38,1,4509f72e89024962addc4b0d03a1dd69,org.apache.qpid.proton.codec.MapType,org.apache.qpid.proton.codec.MapType_ESTest,21,0,False
1044,NPEX,Qpid_Proton__j-02998b38,1,872307348d6a40f0b5eb8ec9baed57d7,org.apache.qpid.proton.codec.MapType,org.apache.qpid.proton.codec.MapType_ESTest,8,0,False
1045,NPEX,Qpid_Proton__j-02998b38,1,658771560931442991c15bd8650380f3,org.apache.qpid.proton.codec.MapType,org.apache.qpid.proton.codec.MapType_ESTest,24,0,False
1046,NPEX,Qpid_Proton__j-02998b38,1,fd33b6931aa142a982ede3119ff5e9d8,org.apache.qpid.proton.codec.MapType,org.apache.qpid.proton.codec.MapType_ESTest,21,0,False
1047,NPEX,Qpid_Proton__j-02998b38,1,c4e92e103c9c48e9b9ca9a3e47b32fab,org.apache.qpid.proton.codec.MapType,org.apache.qpid.proton.codec.MapType_ESTest,7,0,False
1048,NPEX,Qpid_Proton__j-02998b38,1,1f12cd65a39447b49cb646f9639e1f4f,org.apache.qpid.proton.codec.MapType,org.apache.qpid.proton.codec.MapType_ESTest,7,0,False
1049,NPEX,Qpid_Proton__j-02998b38,1,c64306cde91c4efd8be55bd715688057,org.apache.qpid.proton.codec.MapType,org.apache.qpid.proton.codec.MapType_ESTest,6,0,False
1050,NPEX,Qpid_Proton__j-02998b38,1,4584086fa2894b78a85b05485d7133a8,org.apache.qpid.proton.codec.MapType,org.apache.qpid.proton.codec.MapType_ESTest,7,0,False
1051,NPEX,Qpid_Proton__j-02998b38,1,e845c355128748a8a88cca4ecca4e17e,org.apache.qpid.proton.codec.MapType,org.apache.qpid.proton.codec.MapType_ESTest,7,0,False
1052,NPEX,Qpid_Proton__j-02998b38,1,4700e699e55343ca94546c120861ec10,org.apache.qpid.proton.codec.MapType,org.apache.qpid.proton.codec.MapType_ESTest,9,0,False
1053,NPEX,Qpid_Proton__j-02998b38,1,8bf599d655d54ca3ac654c33075a67eb,org.apache.qpid.proton.codec.MapType,org.apache.qpid.proton.codec.MapType_ESTest,21,0,False
1054,NPEX,HttpComponents_Client-f6333a50,0,e37fce286cb344df9ed4c7551039d12c,org.apache.hc.client5.http.impl.async.HttpAsyncClientBuilder,org.apache.hc.client5.http.impl.async.HttpAsyncClientBuilder_ESTest,64,0,False
1055,NPEX,HttpComponents_Client-f6333a50,0,e37fce286cb344df9ed4c7551039d12c,org.apache.hc.client5.http.impl.async.H2AsyncClientBuilder,org.apache.hc.client5.http.impl.async.H2AsyncClientBuilder_ESTest,0,0,False
1056,NPEX,HttpComponents_Client-f6333a50,0,f05a33f218144c7abf774f725e530f6e,org.apache.hc.client5.http.impl.async.HttpAsyncClientBuilder,org.apache.hc.client5.http.impl.async.HttpAsyncClientBuilder_ESTest,62,0,False
1057,NPEX,HttpComponents_Client-f6333a50,0,fd1ace7618b7451190c6cb5b340c95dd,org.apache.hc.client5.http.impl.async.HttpAsyncClientBuilder,org.apache.hc.client5.http.impl.async.HttpAsyncClientBuilder_ESTest,63,0,False
1058,NPEX,HttpComponents_Client-f6333a50,0,362f7978fed34bb79a4464f1e3c5d267,org.apache.hc.client5.http.impl.async.HttpAsyncClientBuilder,org.apache.hc.client5.http.impl.async.HttpAsyncClientBuilder_ESTest,63,0,False
1059,NPEX,HttpComponents_Client-f6333a50,0,2ab0dcca3cc242f698280fd9b4507307,org.apache.hc.client5.http.impl.async.HttpAsyncClientBuilder,org.apache.hc.client5.http.impl.async.HttpAsyncClientBuilder_ESTest,62,0,False
1060,NPEX,HttpComponents_Client-f6333a50,0,2ab0dcca3cc242f698280fd9b4507307,org.apache.hc.client5.http.impl.async.H2AsyncClientBuilder,org.apache.hc.client5.http.impl.async.H2AsyncClientBuilder_ESTest,0,0,False
1061,NPEX,HttpComponents_Client-f6333a50,0,a9cd35474f4543d7b204e9a2913055ac,org.apache.hc.client5.http.impl.async.HttpAsyncClientBuilder,org.apache.hc.client5.http.impl.async.HttpAsyncClientBuilder_ESTest,61,0,False
1062,NPEX,HttpComponents_Client-f6333a50,0,a9cd35474f4543d7b204e9a2913055ac,org.apache.hc.client5.http.impl.async.H2AsyncClientBuilder,org.apache.hc.client5.http.impl.async.H2AsyncClientBuilder_ESTest,0,0,False
1063,NPEX,HttpComponents_Client-f6333a50,0,736c27f21ffb45f386627d4a50c02d42,org.apache.hc.client5.http.impl.async.HttpAsyncClientBuilder,org.apache.hc.client5.http.impl.async.HttpAsyncClientBuilder_ESTest,61,0,False
1064,NPEX,HttpComponents_Client-f6333a50,0,3e57daa036474dec89168c4bbed26887,org.apache.hc.client5.http.impl.async.HttpAsyncClientBuilder,org.apache.hc.client5.http.impl.async.HttpAsyncClientBuilder_ESTest,61,0,False
1065,NPEX,HttpComponents_Client-f6333a50,0,34ab62b38b074840a743134ccbe27178,org.apache.hc.client5.http.impl.async.HttpAsyncClientBuilder,org.apache.hc.client5.http.impl.async.HttpAsyncClientBuilder_ESTest,50,0,False
1066,NPEX,HttpComponents_Client-f6333a50,0,6a822ec330bf4ec78c14f2461c3c33d3,org.apache.hc.client5.http.impl.async.HttpAsyncClientBuilder,org.apache.hc.client5.http.impl.async.HttpAsyncClientBuilder_ESTest,62,0,False
1067,NPEX,HttpComponents_Client-f6333a50,0,ff731f0740c34a91985c20cb5222f715,org.apache.hc.client5.http.impl.async.HttpAsyncClientBuilder,org.apache.hc.client5.http.impl.async.HttpAsyncClientBuilder_ESTest,62,0,False
1068,NPEX,HttpComponents_Client-f6333a50,0,ff731f0740c34a91985c20cb5222f715,org.apache.hc.client5.http.impl.async.H2AsyncClientBuilder,org.apache.hc.client5.http.impl.async.H2AsyncClientBuilder_ESTest,0,0,False
1069,NPEX,HttpComponents_Client-f6333a50,0,652d038a8d4c4186bca19d2c48fd5837,org.apache.hc.client5.http.impl.async.HttpAsyncClientBuilder,org.apache.hc.client5.http.impl.async.HttpAsyncClientBuilder_ESTest,64,0,False
1070,NPEX,HttpComponents_Client-f6333a50,0,652d038a8d4c4186bca19d2c48fd5837,org.apache.hc.client5.http.impl.async.H2AsyncClientBuilder,org.apache.hc.client5.http.impl.async.H2AsyncClientBuilder_ESTest,0,0,False
1071,NPEX,HttpComponents_Client-f6333a50,0,f84fcd47299642598f71cb834aabb960,org.apache.hc.client5.http.impl.async.HttpAsyncClientBuilder,org.apache.hc.client5.http.impl.async.HttpAsyncClientBuilder_ESTest,63,0,False
1072,NPEX,HttpComponents_Client-f6333a50,0,c9fe5175512b4f9f922687f47f487559,org.apache.hc.client5.http.impl.async.HttpAsyncClientBuilder,org.apache.hc.client5.http.impl.async.HttpAsyncClientBuilder_ESTest,61,0,False
1073,NPEX,HttpComponents_Client-f6333a50,0,3b4a08f41a6e43aebbe646e7d4b2a730,org.apache.hc.client5.http.impl.async.HttpAsyncClientBuilder,org.apache.hc.client5.http.impl.async.HttpAsyncClientBuilder_ESTest,61,0,False
1074,NPEX,HttpComponents_Client-f6333a50,0,3b4a08f41a6e43aebbe646e7d4b2a730,org.apache.hc.client5.http.impl.async.H2AsyncClientBuilder,org.apache.hc.client5.http.impl.async.H2AsyncClientBuilder_ESTest,0,0,False
1075,NPEX,HttpComponents_Client-f6333a50,0,2db57fe41b9d49adbfb5d3cf762c41bf,org.apache.hc.client5.http.impl.async.HttpAsyncClientBuilder,org.apache.hc.client5.http.impl.async.HttpAsyncClientBuilder_ESTest,61,0,False
1076,NPEX,HttpComponents_Client-f6333a50,0,5383468580b747dba547a2bc73a70e64,org.apache.hc.client5.http.impl.async.HttpAsyncClientBuilder,org.apache.hc.client5.http.impl.async.HttpAsyncClientBuilder_ESTest,61,0,False
1077,NPEX,HttpComponents_Client-f6333a50,0,5383468580b747dba547a2bc73a70e64,org.apache.hc.client5.http.impl.async.H2AsyncClientBuilder,org.apache.hc.client5.http.impl.async.H2AsyncClientBuilder_ESTest,0,0,False
1078,NPEX,HttpComponents_Client-f6333a50,0,9f13e280699544eebd399faaa6029f67,org.apache.hc.client5.http.impl.async.HttpAsyncClientBuilder,org.apache.hc.client5.http.impl.async.HttpAsyncClientBuilder_ESTest,92,0,False
1079,NPEX,HttpComponents_Client-f6333a50,0,be78c88bf25444b79cb36066cba4ba2e,org.apache.hc.client5.http.impl.async.HttpAsyncClientBuilder,org.apache.hc.client5.http.impl.async.HttpAsyncClientBuilder_ESTest,62,0,False
1080,NPEX,HttpComponents_Client-f6333a50,0,adeff42146a2462681b7b81b6fc31d41,org.apache.hc.client5.http.impl.async.H2AsyncClientBuilder,org.apache.hc.client5.http.impl.async.H2AsyncClientBuilder_ESTest,0,0,False
1081,NPEX,HttpComponents_Client-f6333a50,0,3d3378b20360438ebacab7b1f251114f,org.apache.hc.client5.http.impl.async.HttpAsyncClientBuilder,org.apache.hc.client5.http.impl.async.HttpAsyncClientBuilder_ESTest,45,0,False
1082,NPEX,HttpComponents_Client-f6333a50,1,e37fce286cb344df9ed4c7551039d12c,org.apache.hc.client5.http.impl.async.HttpAsyncClientBuilder,org.apache.hc.client5.http.impl.async.HttpAsyncClientBuilder_ESTest,64,0,False
1083,NPEX,HttpComponents_Client-f6333a50,1,e37fce286cb344df9ed4c7551039d12c,org.apache.hc.client5.http.impl.async.H2AsyncClientBuilder,org.apache.hc.client5.http.impl.async.H2AsyncClientBuilder_ESTest,0,0,False
1084,NPEX,HttpComponents_Client-f6333a50,1,f05a33f218144c7abf774f725e530f6e,org.apache.hc.client5.http.impl.async.HttpAsyncClientBuilder,org.apache.hc.client5.http.impl.async.HttpAsyncClientBuilder_ESTest,62,0,False
1085,NPEX,HttpComponents_Client-f6333a50,1,fd1ace7618b7451190c6cb5b340c95dd,org.apache.hc.client5.http.impl.async.HttpAsyncClientBuilder,org.apache.hc.client5.http.impl.async.HttpAsyncClientBuilder_ESTest,63,0,False
1086,NPEX,HttpComponents_Client-f6333a50,1,362f7978fed34bb79a4464f1e3c5d267,org.apache.hc.client5.http.impl.async.HttpAsyncClientBuilder,org.apache.hc.client5.http.impl.async.HttpAsyncClientBuilder_ESTest,63,0,False
1087,NPEX,HttpComponents_Client-f6333a50,1,2ab0dcca3cc242f698280fd9b4507307,org.apache.hc.client5.http.impl.async.HttpAsyncClientBuilder,org.apache.hc.client5.http.impl.async.HttpAsyncClientBuilder_ESTest,62,0,False
1088,NPEX,HttpComponents_Client-f6333a50,1,2ab0dcca3cc242f698280fd9b4507307,org.apache.hc.client5.http.impl.async.H2AsyncClientBuilder,org.apache.hc.client5.http.impl.async.H2AsyncClientBuilder_ESTest,0,0,False
1089,NPEX,HttpComponents_Client-f6333a50,1,a9cd35474f4543d7b204e9a2913055ac,org.apache.hc.client5.http.impl.async.HttpAsyncClientBuilder,org.apache.hc.client5.http.impl.async.HttpAsyncClientBuilder_ESTest,61,0,False
1090,NPEX,HttpComponents_Client-f6333a50,1,a9cd35474f4543d7b204e9a2913055ac,org.apache.hc.client5.http.impl.async.H2AsyncClientBuilder,org.apache.hc.client5.http.impl.async.H2AsyncClientBuilder_ESTest,0,0,False
1091,NPEX,HttpComponents_Client-f6333a50,1,736c27f21ffb45f386627d4a50c02d42,org.apache.hc.client5.http.impl.async.HttpAsyncClientBuilder,org.apache.hc.client5.http.impl.async.HttpAsyncClientBuilder_ESTest,61,0,False
1092,NPEX,HttpComponents_Client-f6333a50,1,3e57daa036474dec89168c4bbed26887,org.apache.hc.client5.http.impl.async.HttpAsyncClientBuilder,org.apache.hc.client5.http.impl.async.HttpAsyncClientBuilder_ESTest,61,0,False
1093,NPEX,HttpComponents_Client-f6333a50,1,34ab62b38b074840a743134ccbe27178,org.apache.hc.client5.http.impl.async.HttpAsyncClientBuilder,org.apache.hc.client5.http.impl.async.HttpAsyncClientBuilder_ESTest,50,0,False
1094,NPEX,HttpComponents_Client-f6333a50,1,6a822ec330bf4ec78c14f2461c3c33d3,org.apache.hc.client5.http.impl.async.HttpAsyncClientBuilder,org.apache.hc.client5.http.impl.async.HttpAsyncClientBuilder_ESTest,62,0,False
1095,NPEX,HttpComponents_Client-f6333a50,1,ff731f0740c34a91985c20cb5222f715,org.apache.hc.client5.http.impl.async.HttpAsyncClientBuilder,org.apache.hc.client5.http.impl.async.HttpAsyncClientBuilder_ESTest,62,0,False
1096,NPEX,HttpComponents_Client-f6333a50,1,ff731f0740c34a91985c20cb5222f715,org.apache.hc.client5.http.impl.async.H2AsyncClientBuilder,org.apache.hc.client5.http.impl.async.H2AsyncClientBuilder_ESTest,0,0,False
1097,NPEX,HttpComponents_Client-f6333a50,1,652d038a8d4c4186bca19d2c48fd5837,org.apache.hc.client5.http.impl.async.HttpAsyncClientBuilder,org.apache.hc.client5.http.impl.async.HttpAsyncClientBuilder_ESTest,64,0,False
1098,NPEX,HttpComponents_Client-f6333a50,1,652d038a8d4c4186bca19d2c48fd5837,org.apache.hc.client5.http.impl.async.H2AsyncClientBuilder,org.apache.hc.client5.http.impl.async.H2AsyncClientBuilder_ESTest,0,0,False
1099,NPEX,HttpComponents_Client-f6333a50,1,f84fcd47299642598f71cb834aabb960,org.apache.hc.client5.http.impl.async.HttpAsyncClientBuilder,org.apache.hc.client5.http.impl.async.HttpAsyncClientBuilder_ESTest,63,0,False
1100,NPEX,HttpComponents_Client-f6333a50,1,c9fe5175512b4f9f922687f47f487559,org.apache.hc.client5.http.impl.async.HttpAsyncClientBuilder,org.apache.hc.client5.http.impl.async.HttpAsyncClientBuilder_ESTest,61,0,False
1101,NPEX,HttpComponents_Client-f6333a50,1,3b4a08f41a6e43aebbe646e7d4b2a730,org.apache.hc.client5.http.impl.async.HttpAsyncClientBuilder,org.apache.hc.client5.http.impl.async.HttpAsyncClientBuilder_ESTest,61,0,False
1102,NPEX,HttpComponents_Client-f6333a50,1,3b4a08f41a6e43aebbe646e7d4b2a730,org.apache.hc.client5.http.impl.async.H2AsyncClientBuilder,org.apache.hc.client5.http.impl.async.H2AsyncClientBuilder_ESTest,0,0,False
1103,NPEX,HttpComponents_Client-f6333a50,1,2db57fe41b9d49adbfb5d3cf762c41bf,org.apache.hc.client5.http.impl.async.HttpAsyncClientBuilder,org.apache.hc.client5.http.impl.async.HttpAsyncClientBuilder_ESTest,61,0,False
1104,NPEX,HttpComponents_Client-f6333a50,1,5383468580b747dba547a2bc73a70e64,org.apache.hc.client5.http.impl.async.HttpAsyncClientBuilder,org.apache.hc.client5.http.impl.async.HttpAsyncClientBuilder_ESTest,61,0,False
1105,NPEX,HttpComponents_Client-f6333a50,1,5383468580b747dba547a2bc73a70e64,org.apache.hc.client5.http.impl.async.H2AsyncClientBuilder,org.apache.hc.client5.http.impl.async.H2AsyncClientBuilder_ESTest,0,0,False
1106,NPEX,HttpComponents_Client-f6333a50,1,9f13e280699544eebd399faaa6029f67,org.apache.hc.client5.http.impl.async.HttpAsyncClientBuilder,org.apache.hc.client5.http.impl.async.HttpAsyncClientBuilder_ESTest,92,0,False
1107,NPEX,HttpComponents_Client-f6333a50,1,be78c88bf25444b79cb36066cba4ba2e,org.apache.hc.client5.http.impl.async.HttpAsyncClientBuilder,org.apache.hc.client5.http.impl.async.HttpAsyncClientBuilder_ESTest,62,0,False
1108,NPEX,HttpComponents_Client-f6333a50,1,adeff42146a2462681b7b81b6fc31d41,org.apache.hc.client5.http.impl.async.H2AsyncClientBuilder,org.apache.hc.client5.http.impl.async.H2AsyncClientBuilder_ESTest,0,0,False
1109,NPEX,HttpComponents_Client-f6333a50,1,3d3378b20360438ebacab7b1f251114f,org.apache.hc.client5.http.impl.async.HttpAsyncClientBuilder,org.apache.hc.client5.http.impl.async.HttpAsyncClientBuilder_ESTest,45,0,False
1110,NPEX,HttpComponents_Client-f6333a50,2,e37fce286cb344df9ed4c7551039d12c,org.apache.hc.client5.http.impl.async.HttpAsyncClientBuilder,org.apache.hc.client5.http.impl.async.HttpAsyncClientBuilder_ESTest,64,0,True
1111,NPEX,HttpComponents_Client-f6333a50,2,e37fce286cb344df9ed4c7551039d12c,org.apache.hc.client5.http.impl.async.H2AsyncClientBuilder,org.apache.hc.client5.http.impl.async.H2AsyncClientBuilder_ESTest,0,0,False
1112,NPEX,HttpComponents_Client-f6333a50,2,f05a33f218144c7abf774f725e530f6e,org.apache.hc.client5.http.impl.async.HttpAsyncClientBuilder,org.apache.hc.client5.http.impl.async.HttpAsyncClientBuilder_ESTest,62,0,True
1113,NPEX,HttpComponents_Client-f6333a50,2,fd1ace7618b7451190c6cb5b340c95dd,org.apache.hc.client5.http.impl.async.HttpAsyncClientBuilder,org.apache.hc.client5.http.impl.async.HttpAsyncClientBuilder_ESTest,63,0,True
1114,NPEX,HttpComponents_Client-f6333a50,2,362f7978fed34bb79a4464f1e3c5d267,org.apache.hc.client5.http.impl.async.HttpAsyncClientBuilder,org.apache.hc.client5.http.impl.async.HttpAsyncClientBuilder_ESTest,63,0,True
1115,NPEX,HttpComponents_Client-f6333a50,2,2ab0dcca3cc242f698280fd9b4507307,org.apache.hc.client5.http.impl.async.HttpAsyncClientBuilder,org.apache.hc.client5.http.impl.async.HttpAsyncClientBuilder_ESTest,62,0,True
1116,NPEX,HttpComponents_Client-f6333a50,2,2ab0dcca3cc242f698280fd9b4507307,org.apache.hc.client5.http.impl.async.H2AsyncClientBuilder,org.apache.hc.client5.http.impl.async.H2AsyncClientBuilder_ESTest,0,0,False
1117,NPEX,HttpComponents_Client-f6333a50,2,a9cd35474f4543d7b204e9a2913055ac,org.apache.hc.client5.http.impl.async.HttpAsyncClientBuilder,org.apache.hc.client5.http.impl.async.HttpAsyncClientBuilder_ESTest,61,0,True
1118,NPEX,HttpComponents_Client-f6333a50,2,a9cd35474f4543d7b204e9a2913055ac,org.apache.hc.client5.http.impl.async.H2AsyncClientBuilder,org.apache.hc.client5.http.impl.async.H2AsyncClientBuilder_ESTest,0,0,False
1119,NPEX,HttpComponents_Client-f6333a50,2,736c27f21ffb45f386627d4a50c02d42,org.apache.hc.client5.http.impl.async.HttpAsyncClientBuilder,org.apache.hc.client5.http.impl.async.HttpAsyncClientBuilder_ESTest,61,0,True
1120,NPEX,HttpComponents_Client-f6333a50,2,3e57daa036474dec89168c4bbed26887,org.apache.hc.client5.http.impl.async.HttpAsyncClientBuilder,org.apache.hc.client5.http.impl.async.HttpAsyncClientBuilder_ESTest,61,0,True
1121,NPEX,HttpComponents_Client-f6333a50,2,34ab62b38b074840a743134ccbe27178,org.apache.hc.client5.http.impl.async.HttpAsyncClientBuilder,org.apache.hc.client5.http.impl.async.HttpAsyncClientBuilder_ESTest,50,0,True
1122,NPEX,HttpComponents_Client-f6333a50,2,6a822ec330bf4ec78c14f2461c3c33d3,org.apache.hc.client5.http.impl.async.HttpAsyncClientBuilder,org.apache.hc.client5.http.impl.async.HttpAsyncClientBuilder_ESTest,62,0,True
1123,NPEX,HttpComponents_Client-f6333a50,2,ff731f0740c34a91985c20cb5222f715,org.apache.hc.client5.http.impl.async.HttpAsyncClientBuilder,org.apache.hc.client5.http.impl.async.HttpAsyncClientBuilder_ESTest,62,0,True
1124,NPEX,HttpComponents_Client-f6333a50,2,ff731f0740c34a91985c20cb5222f715,org.apache.hc.client5.http.impl.async.H2AsyncClientBuilder,org.apache.hc.client5.http.impl.async.H2AsyncClientBuilder_ESTest,0,0,False
1125,NPEX,HttpComponents_Client-f6333a50,2,652d038a8d4c4186bca19d2c48fd5837,org.apache.hc.client5.http.impl.async.HttpAsyncClientBuilder,org.apache.hc.client5.http.impl.async.HttpAsyncClientBuilder_ESTest,64,0,True
1126,NPEX,HttpComponents_Client-f6333a50,2,652d038a8d4c4186bca19d2c48fd5837,org.apache.hc.client5.http.impl.async.H2AsyncClientBuilder,org.apache.hc.client5.http.impl.async.H2AsyncClientBuilder_ESTest,0,0,False
1127,NPEX,HttpComponents_Client-f6333a50,2,f84fcd47299642598f71cb834aabb960,org.apache.hc.client5.http.impl.async.HttpAsyncClientBuilder,org.apache.hc.client5.http.impl.async.HttpAsyncClientBuilder_ESTest,63,0,True
1128,NPEX,HttpComponents_Client-f6333a50,2,c9fe5175512b4f9f922687f47f487559,org.apache.hc.client5.http.impl.async.HttpAsyncClientBuilder,org.apache.hc.client5.http.impl.async.HttpAsyncClientBuilder_ESTest,61,0,True
1129,NPEX,HttpComponents_Client-f6333a50,2,3b4a08f41a6e43aebbe646e7d4b2a730,org.apache.hc.client5.http.impl.async.HttpAsyncClientBuilder,org.apache.hc.client5.http.impl.async.HttpAsyncClientBuilder_ESTest,61,0,True
1130,NPEX,HttpComponents_Client-f6333a50,2,3b4a08f41a6e43aebbe646e7d4b2a730,org.apache.hc.client5.http.impl.async.H2AsyncClientBuilder,org.apache.hc.client5.http.impl.async.H2AsyncClientBuilder_ESTest,0,0,False
1131,NPEX,HttpComponents_Client-f6333a50,2,2db57fe41b9d49adbfb5d3cf762c41bf,org.apache.hc.client5.http.impl.async.HttpAsyncClientBuilder,org.apache.hc.client5.http.impl.async.HttpAsyncClientBuilder_ESTest,61,0,True
1132,NPEX,HttpComponents_Client-f6333a50,2,5383468580b747dba547a2bc73a70e64,org.apache.hc.client5.http.impl.async.HttpAsyncClientBuilder,org.apache.hc.client5.http.impl.async.HttpAsyncClientBuilder_ESTest,61,0,True
1133,NPEX,HttpComponents_Client-f6333a50,2,5383468580b747dba547a2bc73a70e64,org.apache.hc.client5.http.impl.async.H2AsyncClientBuilder,org.apache.hc.client5.http.impl.async.H2AsyncClientBuilder_ESTest,0,0,False
1134,NPEX,HttpComponents_Client-f6333a50,2,9f13e280699544eebd399faaa6029f67,org.apache.hc.client5.http.impl.async.HttpAsyncClientBuilder,org.apache.hc.client5.http.impl.async.HttpAsyncClientBuilder_ESTest,92,0,True
1135,NPEX,HttpComponents_Client-f6333a50,2,be78c88bf25444b79cb36066cba4ba2e,org.apache.hc.client5.http.impl.async.HttpAsyncClientBuilder,org.apache.hc.client5.http.impl.async.HttpAsyncClientBuilder_ESTest,62,0,True
1136,NPEX,HttpComponents_Client-f6333a50,2,adeff42146a2462681b7b81b6fc31d41,org.apache.hc.client5.http.impl.async.H2AsyncClientBuilder,org.apache.hc.client5.http.impl.async.H2AsyncClientBuilder_ESTest,0,0,False
1137,NPEX,HttpComponents_Client-f6333a50,2,3d3378b20360438ebacab7b1f251114f,org.apache.hc.client5.http.impl.async.HttpAsyncClientBuilder,org.apache.hc.client5.http.impl.async.HttpAsyncClientBuilder_ESTest,45,0,True
1138,NPEX,HttpComponents_Client-f6333a50,3,e37fce286cb344df9ed4c7551039d12c,org.apache.hc.client5.http.impl.async.HttpAsyncClientBuilder,org.apache.hc.client5.http.impl.async.HttpAsyncClientBuilder_ESTest,64,0,True
1139,NPEX,HttpComponents_Client-f6333a50,3,e37fce286cb344df9ed4c7551039d12c,org.apache.hc.client5.http.impl.async.H2AsyncClientBuilder,org.apache.hc.client5.http.impl.async.H2AsyncClientBuilder_ESTest,0,0,False
1140,NPEX,HttpComponents_Client-f6333a50,3,f05a33f218144c7abf774f725e530f6e,org.apache.hc.client5.http.impl.async.HttpAsyncClientBuilder,org.apache.hc.client5.http.impl.async.HttpAsyncClientBuilder_ESTest,62,0,True
1141,NPEX,HttpComponents_Client-f6333a50,3,fd1ace7618b7451190c6cb5b340c95dd,org.apache.hc.client5.http.impl.async.HttpAsyncClientBuilder,org.apache.hc.client5.http.impl.async.HttpAsyncClientBuilder_ESTest,63,0,True
1142,NPEX,HttpComponents_Client-f6333a50,3,362f7978fed34bb79a4464f1e3c5d267,org.apache.hc.client5.http.impl.async.HttpAsyncClientBuilder,org.apache.hc.client5.http.impl.async.HttpAsyncClientBuilder_ESTest,63,0,True
1143,NPEX,HttpComponents_Client-f6333a50,3,2ab0dcca3cc242f698280fd9b4507307,org.apache.hc.client5.http.impl.async.HttpAsyncClientBuilder,org.apache.hc.client5.http.impl.async.HttpAsyncClientBuilder_ESTest,62,0,True
1144,NPEX,HttpComponents_Client-f6333a50,3,2ab0dcca3cc242f698280fd9b4507307,org.apache.hc.client5.http.impl.async.H2AsyncClientBuilder,org.apache.hc.client5.http.impl.async.H2AsyncClientBuilder_ESTest,0,0,False
1145,NPEX,HttpComponents_Client-f6333a50,3,a9cd35474f4543d7b204e9a2913055ac,org.apache.hc.client5.http.impl.async.HttpAsyncClientBuilder,org.apache.hc.client5.http.impl.async.HttpAsyncClientBuilder_ESTest,61,0,True
1146,NPEX,HttpComponents_Client-f6333a50,3,a9cd35474f4543d7b204e9a2913055ac,org.apache.hc.client5.http.impl.async.H2AsyncClientBuilder,org.apache.hc.client5.http.impl.async.H2AsyncClientBuilder_ESTest,0,0,False
1147,NPEX,HttpComponents_Client-f6333a50,3,736c27f21ffb45f386627d4a50c02d42,org.apache.hc.client5.http.impl.async.HttpAsyncClientBuilder,org.apache.hc.client5.http.impl.async.HttpAsyncClientBuilder_ESTest,61,0,True
1148,NPEX,HttpComponents_Client-f6333a50,3,3e57daa036474dec89168c4bbed26887,org.apache.hc.client5.http.impl.async.HttpAsyncClientBuilder,org.apache.hc.client5.http.impl.async.HttpAsyncClientBuilder_ESTest,61,0,True
1149,NPEX,HttpComponents_Client-f6333a50,3,34ab62b38b074840a743134ccbe27178,org.apache.hc.client5.http.impl.async.HttpAsyncClientBuilder,org.apache.hc.client5.http.impl.async.HttpAsyncClientBuilder_ESTest,50,0,True
1150,NPEX,HttpComponents_Client-f6333a50,3,6a822ec330bf4ec78c14f2461c3c33d3,org.apache.hc.client5.http.impl.async.HttpAsyncClientBuilder,org.apache.hc.client5.http.impl.async.HttpAsyncClientBuilder_ESTest,62,0,True
1151,NPEX,HttpComponents_Client-f6333a50,3,ff731f0740c34a91985c20cb5222f715,org.apache.hc.client5.http.impl.async.HttpAsyncClientBuilder,org.apache.hc.client5.http.impl.async.HttpAsyncClientBuilder_ESTest,62,0,True
1152,NPEX,HttpComponents_Client-f6333a50,3,ff731f0740c34a91985c20cb5222f715,org.apache.hc.client5.http.impl.async.H2AsyncClientBuilder,org.apache.hc.client5.http.impl.async.H2AsyncClientBuilder_ESTest,0,0,False
1153,NPEX,HttpComponents_Client-f6333a50,3,652d038a8d4c4186bca19d2c48fd5837,org.apache.hc.client5.http.impl.async.HttpAsyncClientBuilder,org.apache.hc.client5.http.impl.async.HttpAsyncClientBuilder_ESTest,64,0,True
1154,NPEX,HttpComponents_Client-f6333a50,3,652d038a8d4c4186bca19d2c48fd5837,org.apache.hc.client5.http.impl.async.H2AsyncClientBuilder,org.apache.hc.client5.http.impl.async.H2AsyncClientBuilder_ESTest,0,0,False
1155,NPEX,HttpComponents_Client-f6333a50,3,f84fcd47299642598f71cb834aabb960,org.apache.hc.client5.http.impl.async.HttpAsyncClientBuilder,org.apache.hc.client5.http.impl.async.HttpAsyncClientBuilder_ESTest,63,0,True
1156,NPEX,HttpComponents_Client-f6333a50,3,c9fe5175512b4f9f922687f47f487559,org.apache.hc.client5.http.impl.async.HttpAsyncClientBuilder,org.apache.hc.client5.http.impl.async.HttpAsyncClientBuilder_ESTest,61,0,True
1157,NPEX,HttpComponents_Client-f6333a50,3,3b4a08f41a6e43aebbe646e7d4b2a730,org.apache.hc.client5.http.impl.async.HttpAsyncClientBuilder,org.apache.hc.client5.http.impl.async.HttpAsyncClientBuilder_ESTest,61,0,True
1158,NPEX,HttpComponents_Client-f6333a50,3,3b4a08f41a6e43aebbe646e7d4b2a730,org.apache.hc.client5.http.impl.async.H2AsyncClientBuilder,org.apache.hc.client5.http.impl.async.H2AsyncClientBuilder_ESTest,0,0,False
1159,NPEX,HttpComponents_Client-f6333a50,3,2db57fe41b9d49adbfb5d3cf762c41bf,org.apache.hc.client5.http.impl.async.HttpAsyncClientBuilder,org.apache.hc.client5.http.impl.async.HttpAsyncClientBuilder_ESTest,61,0,True
1160,NPEX,HttpComponents_Client-f6333a50,3,5383468580b747dba547a2bc73a70e64,org.apache.hc.client5.http.impl.async.HttpAsyncClientBuilder,org.apache.hc.client5.http.impl.async.HttpAsyncClientBuilder_ESTest,61,0,True
1161,NPEX,HttpComponents_Client-f6333a50,3,5383468580b747dba547a2bc73a70e64,org.apache.hc.client5.http.impl.async.H2AsyncClientBuilder,org.apache.hc.client5.http.impl.async.H2AsyncClientBuilder_ESTest,0,0,False
1162,NPEX,HttpComponents_Client-f6333a50,3,9f13e280699544eebd399faaa6029f67,org.apache.hc.client5.http.impl.async.HttpAsyncClientBuilder,org.apache.hc.client5.http.impl.async.HttpAsyncClientBuilder_ESTest,92,0,True
1163,NPEX,HttpComponents_Client-f6333a50,3,be78c88bf25444b79cb36066cba4ba2e,org.apache.hc.client5.http.impl.async.HttpAsyncClientBuilder,org.apache.hc.client5.http.impl.async.HttpAsyncClientBuilder_ESTest,62,0,True
1164,NPEX,HttpComponents_Client-f6333a50,3,adeff42146a2462681b7b81b6fc31d41,org.apache.hc.client5.http.impl.async.H2AsyncClientBuilder,org.apache.hc.client5.http.impl.async.H2AsyncClientBuilder_ESTest,0,0,False
1165,NPEX,HttpComponents_Client-f6333a50,3,3d3378b20360438ebacab7b1f251114f,org.apache.hc.client5.http.impl.async.HttpAsyncClientBuilder,org.apache.hc.client5.http.impl.async.HttpAsyncClientBuilder_ESTest,45,0,True
1166,NPEX,Async_Http_Client-fbc6d486,0,d78dd9121c614304810551822084327c,org.asynchttpclient.RequestBuilderBase,org.asynchttpclient.RequestBuilderBase_ESTest,1,0,False
1167,NPEX,Async_Http_Client-fbc6d486,0,a966f9fb20c34ccc8fc755010aecf548,org.asynchttpclient.RequestBuilderBase,org.asynchttpclient.RequestBuilderBase_ESTest,1,0,False
1168,NPEX,Async_Http_Client-fbc6d486,0,fe54e29fcf6e4452981f38540edbc1d4,org.asynchttpclient.RequestBuilderBase,org.asynchttpclient.RequestBuilderBase_ESTest,1,0,False
1169,NPEX,Async_Http_Client-fbc6d486,0,c39a07ae6ec3418891c7741ce8e14511,org.asynchttpclient.RequestBuilderBase,org.asynchttpclient.RequestBuilderBase_ESTest,1,0,False
1170,NPEX,Async_Http_Client-fbc6d486,0,e52961eaad56464dbfcd089979625801,org.asynchttpclient.RequestBuilderBase,org.asynchttpclient.RequestBuilderBase_ESTest,1,0,False
1171,NPEX,Async_Http_Client-fbc6d486,0,41026782f6be4798af4c5774c211571e,org.asynchttpclient.RequestBuilderBase,org.asynchttpclient.RequestBuilderBase_ESTest,1,0,False
1172,NPEX,Async_Http_Client-fbc6d486,0,ec0115ae01b941eba9882afd52e3bf56,org.asynchttpclient.RequestBuilderBase,org.asynchttpclient.RequestBuilderBase_ESTest,1,0,False
1173,NPEX,Async_Http_Client-fbc6d486,0,ef5521a75d204a738231b974a1e9bc0f,org.asynchttpclient.RequestBuilderBase,org.asynchttpclient.RequestBuilderBase_ESTest,1,0,False
1174,NPEX,Async_Http_Client-fbc6d486,0,daf33f02c90c4194adf4921ce0d861da,org.asynchttpclient.RequestBuilderBase,org.asynchttpclient.RequestBuilderBase_ESTest,1,0,False
1175,NPEX,Async_Http_Client-fbc6d486,0,93b4f2960fd5423bb2d4427106570e2f,org.asynchttpclient.RequestBuilderBase,org.asynchttpclient.RequestBuilderBase_ESTest,1,0,False
1176,NPEX,Async_Http_Client-fbc6d486,0,a8433b39e7004fe884e9b1d6537a8293,org.asynchttpclient.RequestBuilderBase,org.asynchttpclient.RequestBuilderBase_ESTest,1,0,False
1177,NPEX,Async_Http_Client-fbc6d486,0,5677160df5cd4133a99fe3bcd87b6183,org.asynchttpclient.RequestBuilderBase,org.asynchttpclient.RequestBuilderBase_ESTest,1,0,False
1178,NPEX,Async_Http_Client-fbc6d486,0,becb24e6093649f48fcdffd88a7f4db2,org.asynchttpclient.RequestBuilderBase,org.asynchttpclient.RequestBuilderBase_ESTest,1,0,False
1179,NPEX,Async_Http_Client-fbc6d486,0,de6abd35e7444a5e8e535acde0895a60,org.asynchttpclient.RequestBuilderBase,org.asynchttpclient.RequestBuilderBase_ESTest,1,0,False
1180,NPEX,Async_Http_Client-fbc6d486,0,5cff1b5c251242d09d6ea3691240d25b,org.asynchttpclient.RequestBuilderBase,org.asynchttpclient.RequestBuilderBase_ESTest,1,0,False
1181,NPEX,Async_Http_Client-fbc6d486,0,667cf2e4898346df81a07feb17281520,org.asynchttpclient.RequestBuilderBase,org.asynchttpclient.RequestBuilderBase_ESTest,1,0,False
1182,NPEX,Async_Http_Client-fbc6d486,0,dc21bb8b59584039bb09dad153b7e6be,org.asynchttpclient.RequestBuilderBase,org.asynchttpclient.RequestBuilderBase_ESTest,1,0,False
1183,NPEX,Async_Http_Client-fbc6d486,0,36a4290b62ca42fbb5e32b6eb11003b7,org.asynchttpclient.RequestBuilderBase,org.asynchttpclient.RequestBuilderBase_ESTest,1,0,False
1184,NPEX,Async_Http_Client-fbc6d486,0,b079a77f09ff43c880521e7ae746d6cd,org.asynchttpclient.RequestBuilderBase,org.asynchttpclient.RequestBuilderBase_ESTest,1,0,False
1185,NPEX,Async_Http_Client-fbc6d486,0,abfeb6413d2d42948b23dfa8fc751c6d,org.asynchttpclient.RequestBuilderBase,org.asynchttpclient.RequestBuilderBase_ESTest,1,0,False
1186,NPEX,Async_Http_Client-fbc6d486,0,3e26513b20934ca394ed1dae286ca133,org.asynchttpclient.RequestBuilderBase,org.asynchttpclient.RequestBuilderBase_ESTest,1,0,False
1187,NPEX,Async_Http_Client-fbc6d486,0,f5da23fa0e6845d5846c8a22189784ca,org.asynchttpclient.RequestBuilderBase,org.asynchttpclient.RequestBuilderBase_ESTest,1,0,False
1188,NPEX,Async_Http_Client-fbc6d486,0,15f4a1ceecc24413ab9732a0a91cf01a,org.asynchttpclient.RequestBuilderBase,org.asynchttpclient.RequestBuilderBase_ESTest,1,0,False
1189,NPEX,Async_Http_Client-fbc6d486,0,3c26fa258f154b5a8a5ec3286b3aed30,org.asynchttpclient.RequestBuilderBase,org.asynchttpclient.RequestBuilderBase_ESTest,1,0,False
1190,NPEX,Async_Http_Client-fbc6d486,0,c619f725eddf4ecba45befe67d2e106a,org.asynchttpclient.RequestBuilderBase,org.asynchttpclient.RequestBuilderBase_ESTest,1,0,False
1191,NPEX,Easy_Rules-d5385af5,0,7c4b92dae4e246b985d7399f9da423fa,org.jeasy.rules.mvel.MVELRuleDefinitionReader,org.jeasy.rules.mvel.MVELRuleDefinitionReader_ESTest,11,0,True
1192,NPEX,Easy_Rules-d5385af5,0,7963bcd4889c4943bde310b093c4087b,org.jeasy.rules.mvel.MVELRuleDefinitionReader,org.jeasy.rules.mvel.MVELRuleDefinitionReader_ESTest,13,0,True
1193,NPEX,Easy_Rules-d5385af5,0,82d0a880b067497dba344bf62874f684,org.jeasy.rules.mvel.MVELRuleDefinitionReader,org.jeasy.rules.mvel.MVELRuleDefinitionReader_ESTest,13,0,True
1194,NPEX,Easy_Rules-d5385af5,0,4b2afed7df12431386b9423ab4dd1360,org.jeasy.rules.mvel.MVELRuleDefinitionReader,org.jeasy.rules.mvel.MVELRuleDefinitionReader_ESTest,9,0,True
1195,NPEX,Easy_Rules-d5385af5,0,533d1adeb96e41c0ad4cfa777c08e1f9,org.jeasy.rules.mvel.MVELRuleDefinitionReader,org.jeasy.rules.mvel.MVELRuleDefinitionReader_ESTest,12,0,True
1196,NPEX,Easy_Rules-d5385af5,0,55089537b47049a1b20c0f1e0f3564ef,org.jeasy.rules.mvel.MVELRuleDefinitionReader,org.jeasy.rules.mvel.MVELRuleDefinitionReader_ESTest,13,0,True
1197,NPEX,Easy_Rules-d5385af5,0,d97b1aaf070b47ceb2e5ef8ff0b274a5,org.jeasy.rules.mvel.MVELRuleDefinitionReader,org.jeasy.rules.mvel.MVELRuleDefinitionReader_ESTest,13,0,True
1198,NPEX,Easy_Rules-d5385af5,0,6a5183a7ab2f42aa827e90b20b806fa5,org.jeasy.rules.mvel.MVELRuleDefinitionReader,org.jeasy.rules.mvel.MVELRuleDefinitionReader_ESTest,13,0,False
1199,NPEX,Easy_Rules-d5385af5,0,010196be490b4c5599717ec2991e2053,org.jeasy.rules.mvel.MVELRuleDefinitionReader,org.jeasy.rules.mvel.MVELRuleDefinitionReader_ESTest,11,0,False
1200,NPEX,Easy_Rules-d5385af5,0,2ee6959d6f0043349005bc47271fe3ca,org.jeasy.rules.mvel.MVELRuleDefinitionReader,org.jeasy.rules.mvel.MVELRuleDefinitionReader_ESTest,13,0,False
1201,NPEX,Easy_Rules-d5385af5,0,8fc76c2be98e4a4ca54e9d34ecb1a0f8,org.jeasy.rules.mvel.MVELRuleDefinitionReader,org.jeasy.rules.mvel.MVELRuleDefinitionReader_ESTest,12,0,False
1202,NPEX,Easy_Rules-d5385af5,0,94c9222c424446aa850360e3ad6bb672,org.jeasy.rules.mvel.MVELRuleDefinitionReader,org.jeasy.rules.mvel.MVELRuleDefinitionReader_ESTest,13,0,True
1203,NPEX,Easy_Rules-d5385af5,0,6cd575f65e7c4d5498adc7934b7ecb8d,org.jeasy.rules.mvel.MVELRuleDefinitionReader,org.jeasy.rules.mvel.MVELRuleDefinitionReader_ESTest,13,0,True
1204,NPEX,Easy_Rules-d5385af5,0,c98f6252cf8a46fbbce8c0f135fea4ec,org.jeasy.rules.mvel.MVELRuleDefinitionReader,org.jeasy.rules.mvel.MVELRuleDefinitionReader_ESTest,12,0,False
1205,NPEX,Easy_Rules-d5385af5,0,186b700153ed4a9b82129526bc026237,org.jeasy.rules.mvel.MVELRuleDefinitionReader,org.jeasy.rules.mvel.MVELRuleDefinitionReader_ESTest,12,0,True
1206,NPEX,Easy_Rules-d5385af5,0,ad76b292deb1447c84d7da0d3fd8e42d,org.jeasy.rules.mvel.MVELRuleDefinitionReader,org.jeasy.rules.mvel.MVELRuleDefinitionReader_ESTest,12,0,True
1207,NPEX,Easy_Rules-d5385af5,0,f6ee9d1c46224e56a03c2a6502857842,org.jeasy.rules.mvel.MVELRuleDefinitionReader,org.jeasy.rules.mvel.MVELRuleDefinitionReader_ESTest,13,0,True
1208,NPEX,Easy_Rules-d5385af5,0,85a2efd787634d989efec825a11048c2,org.jeasy.rules.mvel.MVELRuleDefinitionReader,org.jeasy.rules.mvel.MVELRuleDefinitionReader_ESTest,13,0,False
1209,NPEX,Easy_Rules-d5385af5,0,6e4264630b83496388a679c659a0868e,org.jeasy.rules.mvel.MVELRuleDefinitionReader,org.jeasy.rules.mvel.MVELRuleDefinitionReader_ESTest,13,0,True
1210,NPEX,Easy_Rules-d5385af5,0,09cb02def85c4322a316ade56b1f8680,org.jeasy.rules.mvel.MVELRuleDefinitionReader,org.jeasy.rules.mvel.MVELRuleDefinitionReader_ESTest,12,0,False
1211,NPEX,Easy_Rules-d5385af5,0,9c571a5df5c5405ebba9961c533dfe67,org.jeasy.rules.mvel.MVELRuleDefinitionReader,org.jeasy.rules.mvel.MVELRuleDefinitionReader_ESTest,14,0,True
1212,NPEX,Easy_Rules-d5385af5,0,e8c43c9267b549b59087bd7de7203fcd,org.jeasy.rules.mvel.MVELRuleDefinitionReader,org.jeasy.rules.mvel.MVELRuleDefinitionReader_ESTest,12,0,True
1213,NPEX,Easy_Rules-d5385af5,0,6e1f7e4f4bb44219850fb6421cae8326,org.jeasy.rules.mvel.MVELRuleDefinitionReader,org.jeasy.rules.mvel.MVELRuleDefinitionReader_ESTest,12,0,True
1214,NPEX,Easy_Rules-d5385af5,0,4a915aed4c35456f98e451ff4f44f4e2,org.jeasy.rules.mvel.MVELRuleDefinitionReader,org.jeasy.rules.mvel.MVELRuleDefinitionReader_ESTest,12,0,True
1215,NPEX,Easy_Rules-d5385af5,0,8017eb36ad4f49d89e14075d90983389,org.jeasy.rules.mvel.MVELRuleDefinitionReader,org.jeasy.rules.mvel.MVELRuleDefinitionReader_ESTest,12,0,True
1216,NPEX,IoTDB-9bced7b6,0,ad662e69f3fc4e4087ba4bb113c3d335,org.apache.iotdb.db.metadata.MTree,org.apache.iotdb.db.metadata.MTree_ESTest,215,0,False
1217,NPEX,IoTDB-9bced7b6,0,164701670dc34106ba52f05e70ecfab7,org.apache.iotdb.db.metadata.MTree,org.apache.iotdb.db.metadata.MTree_ESTest,224,0,False
1218,NPEX,IoTDB-9bced7b6,0,e797d625c13f4d98a59c38c2f66ef795,org.apache.iotdb.db.metadata.MTree,org.apache.iotdb.db.metadata.MTree_ESTest,219,0,True
1219,NPEX,IoTDB-9bced7b6,0,9035f25bfe2545a1affa7aa01fb8314c,org.apache.iotdb.db.metadata.MTree,org.apache.iotdb.db.metadata.MTree_ESTest,228,0,False
1220,NPEX,IoTDB-9bced7b6,0,792db00da09549b0bdf1cab091d2dfc1,org.apache.iotdb.db.metadata.MTree,org.apache.iotdb.db.metadata.MTree_ESTest,221,0,False
1221,NPEX,IoTDB-9bced7b6,0,c4446322dbd74b7da970b7e2a4c21670,org.apache.iotdb.db.metadata.MTree,org.apache.iotdb.db.metadata.MTree_ESTest,221,0,False
1222,Bears,Bears-189,0,1d153fdc5d2743e884bbfd1aa7bf5b6c,hu.oe.nik.szfmv.detector.classes.Detector,hu.oe.nik.szfmv.detector.classes.Detector_ESTest,8,0,True
1223,Bears,Bears-189,0,4cf325acd91f45f8b946d4f282fc9559,hu.oe.nik.szfmv.detector.classes.Detector,hu.oe.nik.szfmv.detector.classes.Detector_ESTest,8,0,True
1224,Bears,Bears-189,0,42cbd8caf3a4470797773a6e02ec9397,hu.oe.nik.szfmv.detector.classes.Detector,hu.oe.nik.szfmv.detector.classes.Detector_ESTest,8,0,True
1225,Bears,Bears-189,0,357775f130f441a2a37bf5f56a6371e4,hu.oe.nik.szfmv.detector.classes.Detector,hu.oe.nik.szfmv.detector.classes.Detector_ESTest,7,0,True
1226,Bears,Bears-189,0,f2f0525fc40248e1b494074c5e15341c,hu.oe.nik.szfmv.detector.classes.Detector,hu.oe.nik.szfmv.detector.classes.Detector_ESTest,8,0,True
1227,Bears,Bears-189,0,144b948b59d34648810f052a61cec27a,hu.oe.nik.szfmv.detector.classes.Detector,hu.oe.nik.szfmv.detector.classes.Detector_ESTest,8,0,True
1228,Bears,Bears-189,0,c18c54679fd64c64aecaf1538ff8e367,hu.oe.nik.szfmv.detector.classes.Detector,hu.oe.nik.szfmv.detector.classes.Detector_ESTest,7,0,True
1229,Bears,Bears-189,0,33de4e915a354a3a8488895eca4e0812,hu.oe.nik.szfmv.detector.classes.Detector,hu.oe.nik.szfmv.detector.classes.Detector_ESTest,8,0,True
1230,Bears,Bears-189,0,4c6a3e8a3f2647f7b2dfb314c517ae74,hu.oe.nik.szfmv.detector.classes.Detector,hu.oe.nik.szfmv.detector.classes.Detector_ESTest,8,0,True
1231,Bears,Bears-189,0,935292f383814edaa7aa6f8db498d408,hu.oe.nik.szfmv.detector.classes.Detector,hu.oe.nik.szfmv.detector.classes.Detector_ESTest,8,0,True
1232,Bears,Bears-189,0,5251665cb72c4c1791a7a0035ad53e9c,hu.oe.nik.szfmv.detector.classes.Detector,hu.oe.nik.szfmv.detector.classes.Detector_ESTest,7,0,True
1233,Bears,Bears-189,0,585af768594f4fadae55b68f8aaa050d,hu.oe.nik.szfmv.detector.classes.Detector,hu.oe.nik.szfmv.detector.classes.Detector_ESTest,8,0,True
1234,Bears,Bears-189,0,dab5fd2cb1cd4526a1729a2512b11259,hu.oe.nik.szfmv.detector.classes.Detector,hu.oe.nik.szfmv.detector.classes.Detector_ESTest,8,0,True
1235,Bears,Bears-189,0,1259ea6e93894eb7b4676ad85ffa90e2,hu.oe.nik.szfmv.detector.classes.Detector,hu.oe.nik.szfmv.detector.classes.Detector_ESTest,8,0,True
1236,Bears,Bears-189,0,c274bd098f3947758bb92f423503f2f7,hu.oe.nik.szfmv.detector.classes.Detector,hu.oe.nik.szfmv.detector.classes.Detector_ESTest,8,0,True
1237,Bears,Bears-189,0,e8b156d2189e414dabf2ba532f70c838,hu.oe.nik.szfmv.detector.classes.Detector,hu.oe.nik.szfmv.detector.classes.Detector_ESTest,8,0,True
1238,Bears,Bears-189,0,20629716cda945129a6798135a16230e,hu.oe.nik.szfmv.detector.classes.Detector,hu.oe.nik.szfmv.detector.classes.Detector_ESTest,8,0,True
1239,Bears,Bears-189,0,e6abefde788a420c90db6b49b25bc9f1,hu.oe.nik.szfmv.detector.classes.Detector,hu.oe.nik.szfmv.detector.classes.Detector_ESTest,10,0,True
1240,Bears,Bears-189,0,65d4ac2b807a4fecb90baa5682b0dbc0,hu.oe.nik.szfmv.detector.classes.Detector,hu.oe.nik.szfmv.detector.classes.Detector_ESTest,7,0,True
1241,Bears,Bears-189,0,8bb09596986f4711a9ad2fca0ae8beb6,hu.oe.nik.szfmv.detector.classes.Detector,hu.oe.nik.szfmv.detector.classes.Detector_ESTest,8,0,True
1242,Bears,Bears-189,0,886421029d794bfabbcfd40f0d3d6ead,hu.oe.nik.szfmv.detector.classes.Detector,hu.oe.nik.szfmv.detector.classes.Detector_ESTest,8,0,True
1243,Bears,Bears-189,0,4b77ebbe64c145ec8c44de53ef83cb45,hu.oe.nik.szfmv.detector.classes.Detector,hu.oe.nik.szfmv.detector.classes.Detector_ESTest,8,0,True
1244,Bears,Bears-189,0,d499da023f124ac0b2668fccc0db0218,hu.oe.nik.szfmv.detector.classes.Detector,hu.oe.nik.szfmv.detector.classes.Detector_ESTest,8,0,True
1245,Bears,Bears-189,0,41b2798cc141401483634d2c81f3b478,hu.oe.nik.szfmv.detector.classes.Detector,hu.oe.nik.szfmv.detector.classes.Detector_ESTest,8,0,True
1246,Bears,Bears-189,0,eaed667b723645f7a82c4b81fcfe3c1f,hu.oe.nik.szfmv.detector.classes.Detector,hu.oe.nik.szfmv.detector.classes.Detector_ESTest,8,0,True
