,benchmark_group,benchmark_name,npe_label,experiment_id,input_class,replayed_testsuite,compiled_tests,commented_tests,npe_reproduced
0,BugSwarm,Universal_G__Code_Sender-172454077,0,2ee8beede582405295c8b888e41d2ec5,com.willwinder.universalgcodesender.GrblController,com.willwinder.universalgcodesender.GrblController_ESTest,37,0,False
1,BugSwarm,Universal_G__Code_Sender-172454077,0,c2cab833c7e14fae97e3ebd5a9bc3c35,com.willwinder.universalgcodesender.GrblController,com.willwinder.universalgcodesender.GrblController_ESTest,47,0,False
2,BugSwarm,Universal_G__Code_Sender-172454077,0,eea5a60734e641bfaf51b2dde0ed0988,com.willwinder.universalgcodesender.GrblController,com.willwinder.universalgcodesender.GrblController_ESTest,38,0,False
3,BugSwarm,Universal_G__Code_Sender-172454077,0,a0837dd193a94472a767bc902940d553,com.willwinder.universalgcodesender.GrblController,com.willwinder.universalgcodesender.GrblController_ESTest,40,0,False
4,BugSwarm,Universal_G__Code_Sender-172454077,0,8f9188a9d8274672829b898989707845,com.willwinder.universalgcodesender.GrblController,com.willwinder.universalgcodesender.GrblController_ESTest,34,0,False
5,BugSwarm,Universal_G__Code_Sender-172454077,0,fe74d3656c3b408da7260bde747678f1,com.willwinder.universalgcodesender.GrblController,com.willwinder.universalgcodesender.GrblController_ESTest,40,0,False
6,BugSwarm,Universal_G__Code_Sender-172454077,0,f56ef244be0e4229b62c4afbe92aeb9f,com.willwinder.universalgcodesender.GrblController,com.willwinder.universalgcodesender.GrblController_ESTest,38,0,False
7,BugSwarm,Universal_G__Code_Sender-172454077,0,9856012b7d5e449395d36026893b9756,com.willwinder.universalgcodesender.GrblController,com.willwinder.universalgcodesender.GrblController_ESTest,40,0,False
8,BugSwarm,Universal_G__Code_Sender-172454077,0,92097c2b588e41c0858529b75158888c,com.willwinder.universalgcodesender.GrblController,com.willwinder.universalgcodesender.GrblController_ESTest,41,0,False
9,BugSwarm,Universal_G__Code_Sender-172454077,0,1db55c35dea74216b11b567659978a96,com.willwinder.universalgcodesender.GrblController,com.willwinder.universalgcodesender.GrblController_ESTest,38,0,False
10,BugSwarm,Universal_G__Code_Sender-172454077,1,2ee8beede582405295c8b888e41d2ec5,com.willwinder.universalgcodesender.GrblController,com.willwinder.universalgcodesender.GrblController_ESTest,37,0,False
11,BugSwarm,Universal_G__Code_Sender-172454077,1,c2cab833c7e14fae97e3ebd5a9bc3c35,com.willwinder.universalgcodesender.GrblController,com.willwinder.universalgcodesender.GrblController_ESTest,47,0,False
12,BugSwarm,Universal_G__Code_Sender-172454077,1,eea5a60734e641bfaf51b2dde0ed0988,com.willwinder.universalgcodesender.GrblController,com.willwinder.universalgcodesender.GrblController_ESTest,38,0,False
13,BugSwarm,Universal_G__Code_Sender-172454077,1,a0837dd193a94472a767bc902940d553,com.willwinder.universalgcodesender.GrblController,com.willwinder.universalgcodesender.GrblController_ESTest,40,0,False
14,BugSwarm,Universal_G__Code_Sender-172454077,1,8f9188a9d8274672829b898989707845,com.willwinder.universalgcodesender.GrblController,com.willwinder.universalgcodesender.GrblController_ESTest,34,0,False
15,BugSwarm,Universal_G__Code_Sender-172454077,1,fe74d3656c3b408da7260bde747678f1,com.willwinder.universalgcodesender.GrblController,com.willwinder.universalgcodesender.GrblController_ESTest,40,0,False
16,BugSwarm,Universal_G__Code_Sender-172454077,1,f56ef244be0e4229b62c4afbe92aeb9f,com.willwinder.universalgcodesender.GrblController,com.willwinder.universalgcodesender.GrblController_ESTest,38,0,False
17,BugSwarm,Universal_G__Code_Sender-172454077,1,9856012b7d5e449395d36026893b9756,com.willwinder.universalgcodesender.GrblController,com.willwinder.universalgcodesender.GrblController_ESTest,40,0,False
18,BugSwarm,Universal_G__Code_Sender-172454077,1,92097c2b588e41c0858529b75158888c,com.willwinder.universalgcodesender.GrblController,com.willwinder.universalgcodesender.GrblController_ESTest,41,0,False
19,BugSwarm,Universal_G__Code_Sender-172454077,1,1db55c35dea74216b11b567659978a96,com.willwinder.universalgcodesender.GrblController,com.willwinder.universalgcodesender.GrblController_ESTest,38,0,False
20,BugSwarm,deadcode4j-131735009,0,995de57c45834d9291f298df0cd1abe7,org.sbolstandard.core2.ComponentDefinition,org.sbolstandard.core2.ComponentDefinition_ESTest,33,0,False
21,BugSwarm,deadcode4j-131735009,0,699555c149464b62a4c9638b65f930c4,org.sbolstandard.core2.ComponentDefinition,org.sbolstandard.core2.ComponentDefinition_ESTest,24,0,False
22,BugSwarm,deadcode4j-131735009,0,227ab1ffba3f41eb8994a5a1dcbdea40,org.sbolstandard.core2.ComponentDefinition,org.sbolstandard.core2.ComponentDefinition_ESTest,37,0,False
23,BugSwarm,deadcode4j-131735009,0,45a8ef61bac54f52900325bdf1bad22e,org.sbolstandard.core2.ComponentDefinition,org.sbolstandard.core2.ComponentDefinition_ESTest,31,0,False
24,BugSwarm,deadcode4j-131735009,0,733e0616ebf444dbb95975c53b3b82e8,org.sbolstandard.core2.ComponentDefinition,org.sbolstandard.core2.ComponentDefinition_ESTest,35,0,False
25,BugSwarm,deadcode4j-131735009,0,0fa7aef311fe46a1b6202f91b94e82b1,org.sbolstandard.core2.ComponentDefinition,org.sbolstandard.core2.ComponentDefinition_ESTest,13,0,False
26,BugSwarm,deadcode4j-131735009,0,8bbedfcbe2ca48a08a6aa70eb827b70c,org.sbolstandard.core2.ComponentDefinition,org.sbolstandard.core2.ComponentDefinition_ESTest,33,0,False
27,BugSwarm,deadcode4j-131735009,0,c429fd63c6ab470a8ef1555ba2ac55dd,org.sbolstandard.core2.ComponentDefinition,org.sbolstandard.core2.ComponentDefinition_ESTest,10,0,False
28,BugSwarm,deadcode4j-131735009,0,302c8c2caa694f9ca8c284710954eefc,org.sbolstandard.core2.ComponentDefinition,org.sbolstandard.core2.ComponentDefinition_ESTest,11,0,False
29,BugSwarm,deadcode4j-131735009,0,37f114596cb849768546a59827fbc9a8,org.sbolstandard.core2.ComponentDefinition,org.sbolstandard.core2.ComponentDefinition_ESTest,12,0,False
30,BugSwarm,Sonar_Java-295864289,0,a26c31f02f9b43ca8e084840932dfc76,org.sonar.java.bytecode.se.BytecodeEGWalker,org.sonar.java.bytecode.se.BytecodeEGWalker_ESTest,19,0,False
31,BugSwarm,Sonar_Java-295864289,0,abcbc335d7a8492faac7da82931d9dfe,org.sonar.java.bytecode.se.BytecodeEGWalker,org.sonar.java.bytecode.se.BytecodeEGWalker_ESTest,21,0,False
32,BugSwarm,Sonar_Java-295864289,0,00ee71c37f4b4765b5f05a1f7151165b,org.sonar.java.bytecode.se.BytecodeEGWalker,org.sonar.java.bytecode.se.BytecodeEGWalker_ESTest,18,0,False
33,BugSwarm,Sonar_Java-295864289,0,5edb428c8525474fb25e3c70b9aebafe,org.sonar.java.bytecode.se.BytecodeEGWalker,org.sonar.java.bytecode.se.BytecodeEGWalker_ESTest,17,0,False
34,BugSwarm,Sonar_Java-295864289,0,fe424c2bc7024331ba3ad2e014c33cf3,org.sonar.java.bytecode.se.BytecodeEGWalker,org.sonar.java.bytecode.se.BytecodeEGWalker_ESTest,19,0,False
35,BugSwarm,Sonar_Java-295864289,0,8e7d6517687e420ca1678f78706fb540,org.sonar.java.bytecode.se.BytecodeEGWalker,org.sonar.java.bytecode.se.BytecodeEGWalker_ESTest,20,0,False
36,BugSwarm,Sonar_Java-295864289,0,cc4b41431d694079a20f47e7261a4ac0,org.sonar.java.bytecode.se.BytecodeEGWalker,org.sonar.java.bytecode.se.BytecodeEGWalker_ESTest,20,0,False
37,BugSwarm,Sonar_Java-295864289,0,7c6a1a98d034480b8209031f4aa147b2,org.sonar.java.bytecode.se.BytecodeEGWalker,org.sonar.java.bytecode.se.BytecodeEGWalker_ESTest,18,0,False
38,BugSwarm,Sonar_Java-295864289,0,b20655dee64c49ac8ccf1119364d8bf9,org.sonar.java.bytecode.se.BytecodeEGWalker,org.sonar.java.bytecode.se.BytecodeEGWalker_ESTest,19,0,False
39,BugSwarm,Sonar_Java-295864289,0,592cc4732b2541bcbe9f688e76b68e79,org.sonar.java.bytecode.se.BytecodeEGWalker,org.sonar.java.bytecode.se.BytecodeEGWalker_ESTest,17,0,False
40,BugSwarm,Petergeneric__Stdlib-290369132,0,0f74e5f4c4da4df887cdcc500b7531c3,com.peterphi.std.guice.hibernate.webquery.impl.jpa.JPASearchExecutor,com.peterphi.std.guice.hibernate.webquery.impl.jpa.JPASearchExecutor_ESTest,0,0,False
41,BugSwarm,Petergeneric__Stdlib-290369132,0,9b2ea9d98b46475e835f096aa615fcf5,com.peterphi.std.guice.hibernate.webquery.impl.jpa.JPASearchExecutor,com.peterphi.std.guice.hibernate.webquery.impl.jpa.JPASearchExecutor_ESTest,0,0,False
42,BugSwarm,Petergeneric__Stdlib-290369132,0,49677eaaf0b74967ae7f3f396157ce77,com.peterphi.std.guice.hibernate.webquery.impl.jpa.JPASearchExecutor,com.peterphi.std.guice.hibernate.webquery.impl.jpa.JPASearchExecutor_ESTest,0,0,False
43,BugSwarm,Petergeneric__Stdlib-290369132,0,6aa2ed67dda84f51ac54021f2fb00dc9,com.peterphi.std.guice.hibernate.webquery.impl.jpa.JPASearchExecutor,com.peterphi.std.guice.hibernate.webquery.impl.jpa.JPASearchExecutor_ESTest,0,0,False
44,BugSwarm,Atomix-298262068,0,06fb80c9b0f94c86940c109317c219df,io.atomix.primitives.leadership.impl.RaftLeaderElectorService,io.atomix.primitives.leadership.impl.RaftLeaderElectorService_ESTest,11,0,False
45,BugSwarm,Atomix-298262068,0,861c424daf294242a9125820eca99108,io.atomix.primitives.leadership.impl.RaftLeaderElectorService,io.atomix.primitives.leadership.impl.RaftLeaderElectorService_ESTest,12,0,False
46,BugSwarm,Atomix-298262068,0,c5e86468c0ab4fbfb8f65ad74796314d,io.atomix.primitives.leadership.impl.RaftLeaderElectorService,io.atomix.primitives.leadership.impl.RaftLeaderElectorService_ESTest,13,0,False
47,BugSwarm,Atomix-298262068,0,88b6912086844c02b125884908cd48b2,io.atomix.primitives.leadership.impl.RaftLeaderElectorService,io.atomix.primitives.leadership.impl.RaftLeaderElectorService_ESTest,13,0,False
48,BugSwarm,Atomix-298262068,0,0265344af4764a2b83d687a0813761f6,io.atomix.primitives.leadership.impl.RaftLeaderElectorService,io.atomix.primitives.leadership.impl.RaftLeaderElectorService_ESTest,10,0,False
49,BugSwarm,Atomix-298262068,0,77c1425336c14c62bdf2257b73baed8a,io.atomix.primitives.leadership.impl.RaftLeaderElectorService,io.atomix.primitives.leadership.impl.RaftLeaderElectorService_ESTest,12,0,False
50,BugSwarm,Atomix-298262068,0,2e025fba33954e28a0598b9611c104b0,io.atomix.primitives.leadership.impl.RaftLeaderElectorService,io.atomix.primitives.leadership.impl.RaftLeaderElectorService_ESTest,12,0,False
51,BugSwarm,Atomix-298262068,0,811a0dea498a4ce3ab822d2fc9c86462,io.atomix.primitives.leadership.impl.RaftLeaderElectorService,io.atomix.primitives.leadership.impl.RaftLeaderElectorService_ESTest,14,0,False
52,BugSwarm,Atomix-298262068,0,ebae704ceddb4ee3b59967b277a4f10f,io.atomix.primitives.leadership.impl.RaftLeaderElectorService,io.atomix.primitives.leadership.impl.RaftLeaderElectorService_ESTest,12,0,False
53,BugSwarm,Atomix-298262068,0,2df9d37890bf480a8b8913393b9f1304,io.atomix.primitives.leadership.impl.RaftLeaderElectorService,io.atomix.primitives.leadership.impl.RaftLeaderElectorService_ESTest,12,0,False
54,BugSwarm,nFlow-197273853,0,ef7924d29bcb4ddfaed70fe625d76243,io.nflow.engine.internal.dao.WorkflowInstanceDao,io.nflow.engine.internal.dao.WorkflowInstanceDao_ESTest,35,0,False
55,BugSwarm,nFlow-197273853,0,73290a61afb641438e95806b7dbae39a,io.nflow.engine.internal.dao.WorkflowInstanceDao,io.nflow.engine.internal.dao.WorkflowInstanceDao_ESTest,36,0,False
56,BugSwarm,nFlow-197273853,0,3a19c70415f0490989e7c33558b90a0e,io.nflow.engine.internal.dao.WorkflowInstanceDao,io.nflow.engine.internal.dao.WorkflowInstanceDao_ESTest,41,0,False
57,BugSwarm,nFlow-197273853,0,fc574ef900c24ccc8a91fbea5ec1014f,io.nflow.engine.internal.dao.WorkflowInstanceDao,io.nflow.engine.internal.dao.WorkflowInstanceDao_ESTest,40,0,False
58,BugSwarm,nFlow-197273853,0,45751f1ef8904135aca1983fd2190067,io.nflow.engine.internal.dao.WorkflowInstanceDao,io.nflow.engine.internal.dao.WorkflowInstanceDao_ESTest,41,0,False
59,BugSwarm,nFlow-197273853,0,0cdc797d8a154f4d917efffe537fe9fe,io.nflow.engine.internal.dao.WorkflowInstanceDao,io.nflow.engine.internal.dao.WorkflowInstanceDao_ESTest,28,0,False
60,BugSwarm,nFlow-197273853,0,b1828598c60b46cfa8a100e265a3d046,io.nflow.engine.internal.dao.WorkflowInstanceDao,io.nflow.engine.internal.dao.WorkflowInstanceDao_ESTest,35,0,False
61,BugSwarm,nFlow-197273853,0,c2785c636b6847fdadb037ebeeda521e,io.nflow.engine.internal.dao.WorkflowInstanceDao,io.nflow.engine.internal.dao.WorkflowInstanceDao_ESTest,37,0,False
62,BugSwarm,nFlow-197273853,0,8670073af3294483a396a6fde0ea9936,io.nflow.engine.internal.dao.WorkflowInstanceDao,io.nflow.engine.internal.dao.WorkflowInstanceDao_ESTest,36,0,False
63,BugSwarm,nFlow-197273853,0,57d5c663100a48e78979dfc55522edee,io.nflow.engine.internal.dao.WorkflowInstanceDao,io.nflow.engine.internal.dao.WorkflowInstanceDao_ESTest,40,0,False
64,BugSwarm,Jannovar-249719464,0,963a57d37693433b80db4644e3389e26,de.charite.compbio.jannovar.cmd.annotate_vcf.JannovarAnnotateVCFOptions,de.charite.compbio.jannovar.cmd.annotate_vcf.JannovarAnnotateVCFOptions_ESTest,115,0,False
65,BugSwarm,Jannovar-249719464,0,fa11d2fccf2c430d84730322bf8e6172,de.charite.compbio.jannovar.cmd.annotate_vcf.JannovarAnnotateVCFOptions,de.charite.compbio.jannovar.cmd.annotate_vcf.JannovarAnnotateVCFOptions_ESTest,115,0,False
66,BugSwarm,Jannovar-249719464,0,ded21e5e8696430bbfe3aeffcde897c8,de.charite.compbio.jannovar.cmd.annotate_vcf.JannovarAnnotateVCFOptions,de.charite.compbio.jannovar.cmd.annotate_vcf.JannovarAnnotateVCFOptions_ESTest,121,0,False
67,BugSwarm,Jannovar-249719464,0,24cb11ae84e54c61af7a764ee4ae73a6,de.charite.compbio.jannovar.cmd.annotate_vcf.JannovarAnnotateVCFOptions,de.charite.compbio.jannovar.cmd.annotate_vcf.JannovarAnnotateVCFOptions_ESTest,118,0,False
68,BugSwarm,Jannovar-249719464,0,1b6251cb42d34fe7b78d85c34b07fcab,de.charite.compbio.jannovar.cmd.annotate_vcf.JannovarAnnotateVCFOptions,de.charite.compbio.jannovar.cmd.annotate_vcf.JannovarAnnotateVCFOptions_ESTest,115,0,False
69,BugSwarm,Jannovar-249719464,0,203cfe7420314eb5a48f3b7558381f6b,de.charite.compbio.jannovar.cmd.annotate_vcf.JannovarAnnotateVCFOptions,de.charite.compbio.jannovar.cmd.annotate_vcf.JannovarAnnotateVCFOptions_ESTest,112,0,False
70,BugSwarm,Jannovar-249719464,0,b2ec46fa8aaa4ae387b5e5e640939a79,de.charite.compbio.jannovar.cmd.annotate_vcf.JannovarAnnotateVCFOptions,de.charite.compbio.jannovar.cmd.annotate_vcf.JannovarAnnotateVCFOptions_ESTest,116,0,False
71,BugSwarm,Jannovar-249719464,0,3b908410944149409ad7acf287cba77e,de.charite.compbio.jannovar.cmd.annotate_vcf.JannovarAnnotateVCFOptions,de.charite.compbio.jannovar.cmd.annotate_vcf.JannovarAnnotateVCFOptions_ESTest,111,0,False
72,BugSwarm,Jannovar-249719464,0,92ae7936b5f740acbf707ccba72b283b,de.charite.compbio.jannovar.cmd.annotate_vcf.JannovarAnnotateVCFOptions,de.charite.compbio.jannovar.cmd.annotate_vcf.JannovarAnnotateVCFOptions_ESTest,113,0,False
73,BugSwarm,Jannovar-249719464,0,e2ccd8764a944e03b8a5b3a40cdf1863,de.charite.compbio.jannovar.cmd.annotate_vcf.JannovarAnnotateVCFOptions,de.charite.compbio.jannovar.cmd.annotate_vcf.JannovarAnnotateVCFOptions_ESTest,109,0,False
74,BugSwarm,ACS_AEM_Commons-461893214,0,c7625151dfa74ed3862c63d3f28e295c,com.adobe.acs.commons.mcp.impl.processes.asset.FileAssetIngestor,com.adobe.acs.commons.mcp.impl.processes.asset.FileAssetIngestor_ESTest,37,0,False
75,BugSwarm,ACS_AEM_Commons-461893214,0,08409b755d134f4e8a6364adbf8b40e6,com.adobe.acs.commons.mcp.impl.processes.asset.FileAssetIngestor,com.adobe.acs.commons.mcp.impl.processes.asset.FileAssetIngestor_ESTest,40,0,False
76,BugSwarm,ACS_AEM_Commons-461893214,0,a4009b5e9235410d855db6c7fc1360d9,com.adobe.acs.commons.mcp.impl.processes.asset.FileAssetIngestor,com.adobe.acs.commons.mcp.impl.processes.asset.FileAssetIngestor_ESTest,35,0,False
77,BugSwarm,ACS_AEM_Commons-461893214,0,36b07a12859b4b47bdb3559372940d99,com.adobe.acs.commons.mcp.impl.processes.asset.FileAssetIngestor,com.adobe.acs.commons.mcp.impl.processes.asset.FileAssetIngestor_ESTest,39,0,False
78,BugSwarm,ACS_AEM_Commons-461893214,0,0132e7d3b6684d49bcfdc640e86102e6,com.adobe.acs.commons.mcp.impl.processes.asset.FileAssetIngestor,com.adobe.acs.commons.mcp.impl.processes.asset.FileAssetIngestor_ESTest,41,0,False
79,BugSwarm,ACS_AEM_Commons-461893214,0,4fe425d0111040f39602aea92d97bb40,com.adobe.acs.commons.mcp.impl.processes.asset.FileAssetIngestor,com.adobe.acs.commons.mcp.impl.processes.asset.FileAssetIngestor_ESTest,37,0,False
80,BugSwarm,ACS_AEM_Commons-461893214,0,e4b94c1f77984d698573600a249f8ff7,com.adobe.acs.commons.mcp.impl.processes.asset.FileAssetIngestor,com.adobe.acs.commons.mcp.impl.processes.asset.FileAssetIngestor_ESTest,39,0,False
81,BugSwarm,ACS_AEM_Commons-461893214,0,490e8a4d28f74889941990d645323e5d,com.adobe.acs.commons.mcp.impl.processes.asset.FileAssetIngestor,com.adobe.acs.commons.mcp.impl.processes.asset.FileAssetIngestor_ESTest,42,0,False
82,BugSwarm,ACS_AEM_Commons-461893214,0,08a1098a092d41ddb487ea9f70b4a5a2,com.adobe.acs.commons.mcp.impl.processes.asset.FileAssetIngestor,com.adobe.acs.commons.mcp.impl.processes.asset.FileAssetIngestor_ESTest,41,0,False
83,BugSwarm,ACS_AEM_Commons-461893214,0,c54b679b6be34170bda9147b215cc494,com.adobe.acs.commons.mcp.impl.processes.asset.FileAssetIngestor,com.adobe.acs.commons.mcp.impl.processes.asset.FileAssetIngestor_ESTest,35,0,False
84,BugSwarm,ACS_AEM_Commons-461893214,1,c7625151dfa74ed3862c63d3f28e295c,com.adobe.acs.commons.mcp.impl.processes.asset.FileAssetIngestor,com.adobe.acs.commons.mcp.impl.processes.asset.FileAssetIngestor_ESTest,37,0,False
85,BugSwarm,ACS_AEM_Commons-461893214,1,08409b755d134f4e8a6364adbf8b40e6,com.adobe.acs.commons.mcp.impl.processes.asset.FileAssetIngestor,com.adobe.acs.commons.mcp.impl.processes.asset.FileAssetIngestor_ESTest,40,0,False
86,BugSwarm,ACS_AEM_Commons-461893214,1,a4009b5e9235410d855db6c7fc1360d9,com.adobe.acs.commons.mcp.impl.processes.asset.FileAssetIngestor,com.adobe.acs.commons.mcp.impl.processes.asset.FileAssetIngestor_ESTest,35,0,False
87,BugSwarm,ACS_AEM_Commons-461893214,1,36b07a12859b4b47bdb3559372940d99,com.adobe.acs.commons.mcp.impl.processes.asset.FileAssetIngestor,com.adobe.acs.commons.mcp.impl.processes.asset.FileAssetIngestor_ESTest,39,0,False
88,BugSwarm,ACS_AEM_Commons-461893214,1,0132e7d3b6684d49bcfdc640e86102e6,com.adobe.acs.commons.mcp.impl.processes.asset.FileAssetIngestor,com.adobe.acs.commons.mcp.impl.processes.asset.FileAssetIngestor_ESTest,41,0,False
89,BugSwarm,ACS_AEM_Commons-461893214,1,4fe425d0111040f39602aea92d97bb40,com.adobe.acs.commons.mcp.impl.processes.asset.FileAssetIngestor,com.adobe.acs.commons.mcp.impl.processes.asset.FileAssetIngestor_ESTest,37,0,False
90,BugSwarm,ACS_AEM_Commons-461893214,1,e4b94c1f77984d698573600a249f8ff7,com.adobe.acs.commons.mcp.impl.processes.asset.FileAssetIngestor,com.adobe.acs.commons.mcp.impl.processes.asset.FileAssetIngestor_ESTest,39,0,False
91,BugSwarm,ACS_AEM_Commons-461893214,1,490e8a4d28f74889941990d645323e5d,com.adobe.acs.commons.mcp.impl.processes.asset.FileAssetIngestor,com.adobe.acs.commons.mcp.impl.processes.asset.FileAssetIngestor_ESTest,42,0,False
92,BugSwarm,ACS_AEM_Commons-461893214,1,08a1098a092d41ddb487ea9f70b4a5a2,com.adobe.acs.commons.mcp.impl.processes.asset.FileAssetIngestor,com.adobe.acs.commons.mcp.impl.processes.asset.FileAssetIngestor_ESTest,41,0,False
93,BugSwarm,ACS_AEM_Commons-461893214,1,c54b679b6be34170bda9147b215cc494,com.adobe.acs.commons.mcp.impl.processes.asset.FileAssetIngestor,com.adobe.acs.commons.mcp.impl.processes.asset.FileAssetIngestor_ESTest,35,0,False
94,BugSwarm,Byte_Buddy-95795967,0,09bd7660e2cb496fb7ce9a9a5be77fcc,net.bytebuddy.dynamic.ClassFileLocator,net.bytebuddy.dynamic.ClassFileLocator_ESTest,56,0,False
95,BugSwarm,Byte_Buddy-95795967,0,38154067269c4acbb020ca50d541944e,net.bytebuddy.dynamic.ClassFileLocator,net.bytebuddy.dynamic.ClassFileLocator_ESTest,57,0,False
96,BugSwarm,Byte_Buddy-95795967,0,21cdbd77933b4fd799b579808ad3c647,net.bytebuddy.dynamic.ClassFileLocator,net.bytebuddy.dynamic.ClassFileLocator_ESTest,59,0,False
97,BugSwarm,Byte_Buddy-95795967,0,73731fb5a6ab4ee68aec629881e689b2,net.bytebuddy.dynamic.ClassFileLocator,net.bytebuddy.dynamic.ClassFileLocator_ESTest,55,0,False
98,BugSwarm,Byte_Buddy-95795967,0,80738be366114794aae8ba52ddb57369,net.bytebuddy.dynamic.ClassFileLocator,net.bytebuddy.dynamic.ClassFileLocator_ESTest,51,0,False
99,BugSwarm,Byte_Buddy-95795967,0,946bad38712d47e8b363a83557bf9bc3,net.bytebuddy.dynamic.ClassFileLocator,net.bytebuddy.dynamic.ClassFileLocator_ESTest,54,0,False
100,BugSwarm,Byte_Buddy-95795967,0,e039672618d5442fb6fb82813ddb86c0,net.bytebuddy.dynamic.ClassFileLocator,net.bytebuddy.dynamic.ClassFileLocator_ESTest,55,0,False
101,BugSwarm,Byte_Buddy-95795967,0,18addbde7bb44785bd365d0672608424,net.bytebuddy.dynamic.ClassFileLocator,net.bytebuddy.dynamic.ClassFileLocator_ESTest,57,0,False
102,BugSwarm,Byte_Buddy-95795967,0,594a8770a27c4633a5928b1f16d3aa3e,net.bytebuddy.dynamic.ClassFileLocator,net.bytebuddy.dynamic.ClassFileLocator_ESTest,57,0,False
103,BugSwarm,Byte_Buddy-95795967,0,a3d0fc9863f6412ea4db2e29b1cfd17f,net.bytebuddy.dynamic.ClassFileLocator,net.bytebuddy.dynamic.ClassFileLocator_ESTest,53,0,False
104,BugSwarm,Byte_Buddy-140517155,0,a5b079eab65c47488172ea3752715090,net.bytebuddy.dynamic.ClassFileLocator,net.bytebuddy.dynamic.ClassFileLocator_ESTest,65,0,False
105,BugSwarm,Byte_Buddy-140517155,0,a57ee0c32c664cd6b7118e6599dc4c6c,net.bytebuddy.dynamic.ClassFileLocator,net.bytebuddy.dynamic.ClassFileLocator_ESTest,68,0,False
106,BugSwarm,Byte_Buddy-140517155,0,517d31f3b2b94b969e1c1a54fff0c616,net.bytebuddy.dynamic.ClassFileLocator,net.bytebuddy.dynamic.ClassFileLocator_ESTest,60,0,False
107,BugSwarm,Byte_Buddy-140517155,0,55e81fcf29a045c186166b3a167d865c,net.bytebuddy.dynamic.ClassFileLocator,net.bytebuddy.dynamic.ClassFileLocator_ESTest,69,0,False
108,BugSwarm,Byte_Buddy-140517155,0,9745ff35223340b1928d466cc2b54cfb,net.bytebuddy.dynamic.ClassFileLocator,net.bytebuddy.dynamic.ClassFileLocator_ESTest,66,0,False
109,BugSwarm,Byte_Buddy-140517155,0,397268185ff741b2ab221ebb818a9c16,net.bytebuddy.dynamic.ClassFileLocator,net.bytebuddy.dynamic.ClassFileLocator_ESTest,58,0,False
110,BugSwarm,Byte_Buddy-140517155,0,d731c0d34b9b4ea4abdbaeb1ad76d827,net.bytebuddy.dynamic.ClassFileLocator,net.bytebuddy.dynamic.ClassFileLocator_ESTest,62,0,False
111,BugSwarm,Byte_Buddy-140517155,0,a6d3199a2cdd47d098e5cd2ea89cf91d,net.bytebuddy.dynamic.ClassFileLocator,net.bytebuddy.dynamic.ClassFileLocator_ESTest,64,0,False
112,BugSwarm,Byte_Buddy-140517155,0,311bf9ed6b3d4217b588a575e863ba9e,net.bytebuddy.dynamic.ClassFileLocator,net.bytebuddy.dynamic.ClassFileLocator_ESTest,66,0,False
113,BugSwarm,Byte_Buddy-140517155,0,2839706d8a6546e7a0cbdd119951da44,net.bytebuddy.dynamic.ClassFileLocator,net.bytebuddy.dynamic.ClassFileLocator_ESTest,66,0,False
114,BugSwarm,OkHttp-93618854,0,a74bf649061d4170836864465f2d885d,com.squareup.okhttp.internal.http.StreamAllocation,com.squareup.okhttp.internal.http.StreamAllocation_ESTest,27,0,False
115,BugSwarm,OkHttp-93618854,0,363de3bcf806423b85449855c5550426,com.squareup.okhttp.internal.http.StreamAllocation,com.squareup.okhttp.internal.http.StreamAllocation_ESTest,22,0,False
116,BugSwarm,OkHttp-93618854,0,adbf5b75d12345b5814f9cf638a07200,com.squareup.okhttp.internal.http.StreamAllocation,com.squareup.okhttp.internal.http.StreamAllocation_ESTest,26,0,False
117,BugSwarm,OkHttp-93618854,0,7db40900ee4d4fdfbf544804858b47df,com.squareup.okhttp.internal.http.StreamAllocation,com.squareup.okhttp.internal.http.StreamAllocation_ESTest,22,0,False
118,BugSwarm,OkHttp-93618854,0,3b9b236302424b4aa76f75472142decf,com.squareup.okhttp.internal.http.StreamAllocation,com.squareup.okhttp.internal.http.StreamAllocation_ESTest,25,0,False
119,BugSwarm,OkHttp-93618854,0,8e2e6457f7e648f2987beeb64d31874d,com.squareup.okhttp.internal.http.StreamAllocation,com.squareup.okhttp.internal.http.StreamAllocation_ESTest,21,0,False
120,BugSwarm,OkHttp-93618854,0,560e6ead1a2640dfbfc51aeaaebea93e,com.squareup.okhttp.internal.http.StreamAllocation,com.squareup.okhttp.internal.http.StreamAllocation_ESTest,23,0,False
121,BugSwarm,OkHttp-93618854,0,b27833c6555b4cfbbc42b9f4ad3d78d3,com.squareup.okhttp.internal.http.StreamAllocation,com.squareup.okhttp.internal.http.StreamAllocation_ESTest,25,0,False
122,BugSwarm,OkHttp-93618854,0,a7532f5adc3a4a428c7d5fc9e99c8574,com.squareup.okhttp.internal.http.StreamAllocation,com.squareup.okhttp.internal.http.StreamAllocation_ESTest,21,0,False
123,BugSwarm,OkHttp-93618854,0,e564671648644c20a8064ab8a1358562,com.squareup.okhttp.internal.http.StreamAllocation,com.squareup.okhttp.internal.http.StreamAllocation_ESTest,22,0,False
124,BugSwarm,OkHttp-93618854,1,a74bf649061d4170836864465f2d885d,com.squareup.okhttp.internal.http.StreamAllocation,com.squareup.okhttp.internal.http.StreamAllocation_ESTest,27,0,False
125,BugSwarm,OkHttp-93618854,1,363de3bcf806423b85449855c5550426,com.squareup.okhttp.internal.http.StreamAllocation,com.squareup.okhttp.internal.http.StreamAllocation_ESTest,22,0,False
126,BugSwarm,OkHttp-93618854,1,adbf5b75d12345b5814f9cf638a07200,com.squareup.okhttp.internal.http.StreamAllocation,com.squareup.okhttp.internal.http.StreamAllocation_ESTest,26,0,False
127,BugSwarm,OkHttp-93618854,1,7db40900ee4d4fdfbf544804858b47df,com.squareup.okhttp.internal.http.StreamAllocation,com.squareup.okhttp.internal.http.StreamAllocation_ESTest,22,0,False
128,BugSwarm,OkHttp-93618854,1,3b9b236302424b4aa76f75472142decf,com.squareup.okhttp.internal.http.StreamAllocation,com.squareup.okhttp.internal.http.StreamAllocation_ESTest,25,0,False
129,BugSwarm,OkHttp-93618854,1,8e2e6457f7e648f2987beeb64d31874d,com.squareup.okhttp.internal.http.StreamAllocation,com.squareup.okhttp.internal.http.StreamAllocation_ESTest,21,0,False
130,BugSwarm,OkHttp-93618854,1,560e6ead1a2640dfbfc51aeaaebea93e,com.squareup.okhttp.internal.http.StreamAllocation,com.squareup.okhttp.internal.http.StreamAllocation_ESTest,23,0,False
131,BugSwarm,OkHttp-93618854,1,b27833c6555b4cfbbc42b9f4ad3d78d3,com.squareup.okhttp.internal.http.StreamAllocation,com.squareup.okhttp.internal.http.StreamAllocation_ESTest,25,0,False
132,BugSwarm,OkHttp-93618854,1,a7532f5adc3a4a428c7d5fc9e99c8574,com.squareup.okhttp.internal.http.StreamAllocation,com.squareup.okhttp.internal.http.StreamAllocation_ESTest,21,0,False
133,BugSwarm,OkHttp-93618854,1,e564671648644c20a8064ab8a1358562,com.squareup.okhttp.internal.http.StreamAllocation,com.squareup.okhttp.internal.http.StreamAllocation_ESTest,22,0,False
134,BugSwarm,Artemis__odb-71816517,0,32a2634f2d3845f0872e26dc491b43e5,com.artemis.EntityEditPool,com.artemis.EntityEditPool_ESTest,8,0,False
135,BugSwarm,Artemis__odb-71816517,0,4837a1632a764fccb6339c3d3e4ae528,com.artemis.EntityEditPool,com.artemis.EntityEditPool_ESTest,8,0,False
136,BugSwarm,Artemis__odb-71816517,0,b3af125ff2b44de99b620826df20c05f,com.artemis.EntityEditPool,com.artemis.EntityEditPool_ESTest,8,0,False
137,BugSwarm,Artemis__odb-71816517,0,28eb70cb205943e8bd8967947e513ee8,com.artemis.EntityEditPool,com.artemis.EntityEditPool_ESTest,8,0,False
138,BugSwarm,Artemis__odb-71816517,0,fed15bfbc89f482dae5054cd6676b9f7,com.artemis.EntityEditPool,com.artemis.EntityEditPool_ESTest,8,0,False
139,BugSwarm,Artemis__odb-71816517,0,b0b6fa3d15c14ec6ab5abd23d3a1bbce,com.artemis.EntityEditPool,com.artemis.EntityEditPool_ESTest,9,0,False
140,BugSwarm,Artemis__odb-71816517,0,fd56e73aa27745c8a24f1fbe31813c85,com.artemis.EntityEditPool,com.artemis.EntityEditPool_ESTest,8,0,False
141,BugSwarm,Artemis__odb-71816517,0,da405e6ea7b14aca925a2bf85f5304f4,com.artemis.EntityEditPool,com.artemis.EntityEditPool_ESTest,8,0,False
142,BugSwarm,Artemis__odb-71816517,0,71eb48a700b84c3c9fd136df506b6680,com.artemis.EntityEditPool,com.artemis.EntityEditPool_ESTest,8,0,False
143,BugSwarm,Artemis__odb-71816517,0,f590b92645b04f46919c233daecdbcf3,com.artemis.EntityEditPool,com.artemis.EntityEditPool_ESTest,8,0,False
144,BugSwarm,ACS_AEM_Commons-374231969,0,ab7289de0a1a4a78afbefb60580522de,com.adobe.acs.commons.mcp.impl.processes.asset.UrlAssetImport,com.adobe.acs.commons.mcp.impl.processes.asset.UrlAssetImport_ESTest,16,0,False
145,BugSwarm,ACS_AEM_Commons-374231969,0,634499462229416aa2dd3ae1c04d5ca8,com.adobe.acs.commons.mcp.impl.processes.asset.UrlAssetImport,com.adobe.acs.commons.mcp.impl.processes.asset.UrlAssetImport_ESTest,14,0,False
146,BugSwarm,ACS_AEM_Commons-374231969,0,57fc97a2e8884eea8ca8541bc5b98607,com.adobe.acs.commons.mcp.impl.processes.asset.UrlAssetImport,com.adobe.acs.commons.mcp.impl.processes.asset.UrlAssetImport_ESTest,17,0,False
147,BugSwarm,ACS_AEM_Commons-374231969,0,5fcfba1b07a349079dd73b6a80381a86,com.adobe.acs.commons.mcp.impl.processes.asset.UrlAssetImport,com.adobe.acs.commons.mcp.impl.processes.asset.UrlAssetImport_ESTest,15,0,False
148,BugSwarm,ACS_AEM_Commons-374231969,0,1506f043525f432c84e402d363043b75,com.adobe.acs.commons.mcp.impl.processes.asset.UrlAssetImport,com.adobe.acs.commons.mcp.impl.processes.asset.UrlAssetImport_ESTest,18,0,False
149,BugSwarm,ACS_AEM_Commons-374231969,0,9001ae7ad357483282f11cb849574671,com.adobe.acs.commons.mcp.impl.processes.asset.UrlAssetImport,com.adobe.acs.commons.mcp.impl.processes.asset.UrlAssetImport_ESTest,17,0,False
150,BugSwarm,ACS_AEM_Commons-374231969,0,5063e68ca824470884621bfe44cdbc96,com.adobe.acs.commons.mcp.impl.processes.asset.UrlAssetImport,com.adobe.acs.commons.mcp.impl.processes.asset.UrlAssetImport_ESTest,14,0,False
151,BugSwarm,ACS_AEM_Commons-374231969,0,d43d2acdc51047bfaebb3cf72ebfa0b5,com.adobe.acs.commons.mcp.impl.processes.asset.UrlAssetImport,com.adobe.acs.commons.mcp.impl.processes.asset.UrlAssetImport_ESTest,13,0,False
152,BugSwarm,ACS_AEM_Commons-374231969,0,dab6543995f349609514f8b433f965d5,com.adobe.acs.commons.mcp.impl.processes.asset.UrlAssetImport,com.adobe.acs.commons.mcp.impl.processes.asset.UrlAssetImport_ESTest,17,0,False
153,BugSwarm,BungeeCord-130330788,0,8d063921c0c04b5f9c7f0040e67ae1aa,net.md_5.bungee.ConnectionThrottle,net.md_5.bungee.ConnectionThrottle_ESTest,0,0,False
154,BugSwarm,BungeeCord-130330788,0,519f6893b95a484587188d82be88c5c6,net.md_5.bungee.ConnectionThrottle,net.md_5.bungee.ConnectionThrottle_ESTest,0,0,False
155,BugSwarm,BungeeCord-130330788,0,c35b9e62a4914d4a95df8ab27692430d,net.md_5.bungee.ConnectionThrottle,net.md_5.bungee.ConnectionThrottle_ESTest,0,0,False
156,BugSwarm,BungeeCord-130330788,0,337ec9640a4a467d9e259e9628d26f4e,net.md_5.bungee.ConnectionThrottle,net.md_5.bungee.ConnectionThrottle_ESTest,0,0,False
157,BugSwarm,BungeeCord-130330788,0,bd17e1af2ae14b09bf42b284b5ca6c42,net.md_5.bungee.ConnectionThrottle,net.md_5.bungee.ConnectionThrottle_ESTest,0,0,False
158,BugSwarm,BungeeCord-130330788,0,9d202ffc2c3b41c39b76dd1d286de420,net.md_5.bungee.ConnectionThrottle,net.md_5.bungee.ConnectionThrottle_ESTest,0,0,False
159,BugSwarm,BungeeCord-130330788,0,be1388d9fe5f47c8a433c810890e5d72,net.md_5.bungee.ConnectionThrottle,net.md_5.bungee.ConnectionThrottle_ESTest,0,0,False
160,BugSwarm,BungeeCord-130330788,0,1988a5e8942f48f89f1208dab091f7b7,net.md_5.bungee.ConnectionThrottle,net.md_5.bungee.ConnectionThrottle_ESTest,0,0,False
161,BugSwarm,BungeeCord-130330788,0,7875185da01a4be09a7d1502ff26a896,net.md_5.bungee.ConnectionThrottle,net.md_5.bungee.ConnectionThrottle_ESTest,0,0,False
162,BugSwarm,BungeeCord-130330788,0,33ee92b71df0431998ec013ac52a7093,net.md_5.bungee.ConnectionThrottle,net.md_5.bungee.ConnectionThrottle_ESTest,0,0,False
163,BugSwarm,Yamcs-186324159,0,aaa5714ea6384bc292861b9c016ccfdd,org.yamcs.xtce.SpreadsheetLoader,org.yamcs.xtce.SpreadsheetLoader_ESTest,32,0,False
164,BugSwarm,Yamcs-186324159,0,49e031231482440db4d2697da0780971,org.yamcs.xtce.SpreadsheetLoader,org.yamcs.xtce.SpreadsheetLoader_ESTest,51,0,False
165,BugSwarm,Yamcs-186324159,0,68878122fa014a7da0e0bd48c06f0df4,org.yamcs.xtce.SpreadsheetLoader,org.yamcs.xtce.SpreadsheetLoader_ESTest,47,0,False
166,BugSwarm,Yamcs-186324159,0,e453b14f369f48ff8668e453b183cfae,org.yamcs.xtce.SpreadsheetLoader,org.yamcs.xtce.SpreadsheetLoader_ESTest,46,0,False
167,BugSwarm,Yamcs-186324159,0,a77458e68db34f0588bf4cd583c9b71f,org.yamcs.xtce.SpreadsheetLoader,org.yamcs.xtce.SpreadsheetLoader_ESTest,37,0,False
168,BugSwarm,Yamcs-186324159,0,aabc6a0f2138406fb4ced4c927bb9b64,org.yamcs.xtce.SpreadsheetLoader,org.yamcs.xtce.SpreadsheetLoader_ESTest,47,0,False
169,BugSwarm,Yamcs-186324159,0,81f43b7a8cbc4494b04073391db62b69,org.yamcs.xtce.SpreadsheetLoader,org.yamcs.xtce.SpreadsheetLoader_ESTest,48,0,False
170,BugSwarm,REST_Countries-207869551,0,00369636fbdb4e8994b3f8fc1ff78318,fayder.restcountries.rest.CountryServiceHelper,fayder.restcountries.rest.CountryServiceHelper_ESTest,15,0,False
171,BugSwarm,REST_Countries-207869551,0,174830e461fa406fa53d4ccb7064540c,fayder.restcountries.rest.CountryServiceHelper,fayder.restcountries.rest.CountryServiceHelper_ESTest,15,0,False
172,BugSwarm,REST_Countries-207869551,0,7991754aa21d4c27a2bb81acbb8fd7d7,fayder.restcountries.rest.CountryServiceHelper,fayder.restcountries.rest.CountryServiceHelper_ESTest,17,0,False
173,BugSwarm,REST_Countries-207869551,0,6a8a02f3e1ec4c6caf2d3bf31add3a76,fayder.restcountries.rest.CountryServiceHelper,fayder.restcountries.rest.CountryServiceHelper_ESTest,18,0,False
174,BugSwarm,REST_Countries-207869551,0,e4e83e8fabcf40bdbb806d46eb4c9b7c,fayder.restcountries.rest.CountryServiceHelper,fayder.restcountries.rest.CountryServiceHelper_ESTest,19,0,False
175,BugSwarm,REST_Countries-207869551,0,b957d88a0a9a48468d1053b76e4b3dce,fayder.restcountries.rest.CountryServiceHelper,fayder.restcountries.rest.CountryServiceHelper_ESTest,16,0,False
176,BugSwarm,REST_Countries-207869551,0,b0ba7dcaf8f54a7a96fe0f9f7803b4de,fayder.restcountries.rest.CountryServiceHelper,fayder.restcountries.rest.CountryServiceHelper_ESTest,19,0,False
177,BugSwarm,REST_Countries-207869551,0,3b2816cee3ca44168efa113bb3605249,fayder.restcountries.rest.CountryServiceHelper,fayder.restcountries.rest.CountryServiceHelper_ESTest,17,0,False
178,BugSwarm,REST_Countries-207869551,0,12a648ddcdec4b08b3bbc6d95f041b46,fayder.restcountries.rest.CountryServiceHelper,fayder.restcountries.rest.CountryServiceHelper_ESTest,15,0,False
179,BugSwarm,REST_Countries-207869551,0,8099c061090d4f8d8bb7c1674d60dab8,fayder.restcountries.rest.CountryServiceHelper,fayder.restcountries.rest.CountryServiceHelper_ESTest,18,0,False
180,BugSwarm,Dubbo-416671625,0,f4a5b7444ea74ea89a9e7d66c04e3dcc,org.apache.dubbo.rpc.protocol.hessian.HttpClientConnectionFactory,org.apache.dubbo.rpc.protocol.hessian.HttpClientConnectionFactory_ESTest,1,0,False
181,BugSwarm,Dubbo-416671625,0,290caefd5d42419e835b7899d1cd05af,org.apache.dubbo.rpc.protocol.hessian.HttpClientConnectionFactory,org.apache.dubbo.rpc.protocol.hessian.HttpClientConnectionFactory_ESTest,1,0,False
182,BugSwarm,Dubbo-416671625,0,62074105a1c34dd7840d41ad092407c2,org.apache.dubbo.rpc.protocol.hessian.HttpClientConnectionFactory,org.apache.dubbo.rpc.protocol.hessian.HttpClientConnectionFactory_ESTest,1,0,False
183,BugSwarm,Dubbo-416671625,0,c130045e11854053b055655af9d0e5ca,org.apache.dubbo.rpc.protocol.hessian.HttpClientConnectionFactory,org.apache.dubbo.rpc.protocol.hessian.HttpClientConnectionFactory_ESTest,2,0,False
184,BugSwarm,Dubbo-416671625,0,0d4e93c6f7304a2992e8f0d41661e0f8,org.apache.dubbo.rpc.protocol.hessian.HttpClientConnectionFactory,org.apache.dubbo.rpc.protocol.hessian.HttpClientConnectionFactory_ESTest,1,0,False
185,BugSwarm,Dubbo-416671625,0,1376ff6e4b4945a7a9498d692b47cfc1,org.apache.dubbo.rpc.protocol.hessian.HttpClientConnectionFactory,org.apache.dubbo.rpc.protocol.hessian.HttpClientConnectionFactory_ESTest,1,0,False
186,BugSwarm,Dubbo-416671625,0,aa93c55b436c4a80b38feffa19b4680f,org.apache.dubbo.rpc.protocol.hessian.HttpClientConnectionFactory,org.apache.dubbo.rpc.protocol.hessian.HttpClientConnectionFactory_ESTest,1,0,False
187,BugSwarm,Dubbo-416671625,0,b4eea6623311421db26880a3e0139cbd,org.apache.dubbo.rpc.protocol.hessian.HttpClientConnectionFactory,org.apache.dubbo.rpc.protocol.hessian.HttpClientConnectionFactory_ESTest,2,0,False
188,BugSwarm,Dubbo-416671625,0,aa26ed5657db4f638afefb0d9710ad2e,org.apache.dubbo.rpc.protocol.hessian.HttpClientConnectionFactory,org.apache.dubbo.rpc.protocol.hessian.HttpClientConnectionFactory_ESTest,1,0,False
189,BugSwarm,Dubbo-416671625,0,3185321863ee461d9dc298c0230cf4fd,org.apache.dubbo.rpc.protocol.hessian.HttpClientConnectionFactory,org.apache.dubbo.rpc.protocol.hessian.HttpClientConnectionFactory_ESTest,1,0,False
190,BugSwarm,Universal_G__Code_Sender-676666184,0,03349c19ec2748cf8b567a082953946d,com.willwinder.universalgcodesender.utils.GcodeStreamReader,com.willwinder.universalgcodesender.utils.GcodeStreamReader_ESTest,1,0,False
191,BugSwarm,Universal_G__Code_Sender-676666184,0,f56456c9db8440428698c311c89e6b37,com.willwinder.universalgcodesender.utils.GcodeStreamReader,com.willwinder.universalgcodesender.utils.GcodeStreamReader_ESTest,1,0,False
192,BugSwarm,Universal_G__Code_Sender-676666184,0,89ef35fce1d1450992471c5052e11257,com.willwinder.universalgcodesender.utils.GcodeStreamReader,com.willwinder.universalgcodesender.utils.GcodeStreamReader_ESTest,1,0,False
193,BugSwarm,Universal_G__Code_Sender-676666184,0,01dcea89f66b4c1494ddf472c0e7bae3,com.willwinder.universalgcodesender.utils.GcodeStreamReader,com.willwinder.universalgcodesender.utils.GcodeStreamReader_ESTest,1,0,False
194,BugSwarm,Universal_G__Code_Sender-676666184,0,979bc16d7ee74a91a8ce1f60032b0295,com.willwinder.universalgcodesender.utils.GcodeStreamReader,com.willwinder.universalgcodesender.utils.GcodeStreamReader_ESTest,1,0,False
195,BugSwarm,Universal_G__Code_Sender-676666184,0,87351f24450144ad895067e1f088a524,com.willwinder.universalgcodesender.utils.GcodeStreamReader,com.willwinder.universalgcodesender.utils.GcodeStreamReader_ESTest,1,0,False
196,BugSwarm,Universal_G__Code_Sender-676666184,0,c3973bbc54a6420bb794d28d7a386a0a,com.willwinder.universalgcodesender.utils.GcodeStreamReader,com.willwinder.universalgcodesender.utils.GcodeStreamReader_ESTest,1,0,False
197,BugSwarm,GraphHopper-210124629,0,035f43a091254418b2427e44729ee21c,com.graphhopper.routing.util.DataFlagEncoder,com.graphhopper.routing.util.DataFlagEncoder_ESTest,59,0,False
198,BugSwarm,GraphHopper-210124629,0,d652c5b409a24e52924f18dcbee120fc,com.graphhopper.routing.util.DataFlagEncoder,com.graphhopper.routing.util.DataFlagEncoder_ESTest,52,0,False
199,BugSwarm,GraphHopper-210124629,0,ac8bf85fde8943c79844f1c58bfcbd49,com.graphhopper.routing.util.DataFlagEncoder,com.graphhopper.routing.util.DataFlagEncoder_ESTest,56,0,False
200,BugSwarm,GraphHopper-210124629,0,0e38c0c37029468aa96d12937565818d,com.graphhopper.routing.util.DataFlagEncoder,com.graphhopper.routing.util.DataFlagEncoder_ESTest,55,0,False
201,BugSwarm,GraphHopper-210124629,0,203d17771faa4ea390ff6074317e7c2f,com.graphhopper.routing.util.DataFlagEncoder,com.graphhopper.routing.util.DataFlagEncoder_ESTest,54,0,False
202,BugSwarm,GraphHopper-210124629,0,19d0f9a7555d4a1c85e1fba64e113546,com.graphhopper.routing.util.DataFlagEncoder,com.graphhopper.routing.util.DataFlagEncoder_ESTest,56,0,False
203,BugSwarm,GraphHopper-210124629,0,43916fc5b2bb48498162857ac8df9e86,com.graphhopper.routing.util.DataFlagEncoder,com.graphhopper.routing.util.DataFlagEncoder_ESTest,51,0,False
204,BugSwarm,GraphHopper-210124629,0,b6901922c976487cae81dfeb1c0a963b,com.graphhopper.routing.util.DataFlagEncoder,com.graphhopper.routing.util.DataFlagEncoder_ESTest,62,0,False
205,BugSwarm,GraphHopper-210124629,0,48135d37e2104ce291d78fafdafc4676,com.graphhopper.routing.util.DataFlagEncoder,com.graphhopper.routing.util.DataFlagEncoder_ESTest,51,0,False
206,BugSwarm,GraphHopper-210124629,0,98885c0d985b475494b20d9a8efdaeba,com.graphhopper.routing.util.DataFlagEncoder,com.graphhopper.routing.util.DataFlagEncoder_ESTest,49,0,False
207,BugSwarm,REST_Countries-154683750,0,f29ed38a077946848dab939bf9e30c59,fayder.restcountries.v1.rest.CountryService,fayder.restcountries.v1.rest.CountryService_ESTest,9,0,False
208,BugSwarm,REST_Countries-154683750,0,546fa9605e7543e1adfe3510d1b97f2a,fayder.restcountries.v1.rest.CountryService,fayder.restcountries.v1.rest.CountryService_ESTest,8,0,False
209,BugSwarm,REST_Countries-154683750,0,4dc75432e7e849528bf7118a58c2cf39,fayder.restcountries.v1.rest.CountryService,fayder.restcountries.v1.rest.CountryService_ESTest,9,0,False
210,BugSwarm,REST_Countries-154683750,0,de059722bece44938dc5fd1069362863,fayder.restcountries.v1.rest.CountryService,fayder.restcountries.v1.rest.CountryService_ESTest,8,0,False
211,BugSwarm,REST_Countries-154683750,0,0bacd3127cf9411b9908cc8d1d16a10e,fayder.restcountries.v1.rest.CountryService,fayder.restcountries.v1.rest.CountryService_ESTest,10,0,False
212,BugSwarm,REST_Countries-154683750,0,395439c613c8417183d4238ff47459d8,fayder.restcountries.v1.rest.CountryService,fayder.restcountries.v1.rest.CountryService_ESTest,10,0,False
213,BugSwarm,REST_Countries-154683750,0,692cef43b6374d2b8f0754828fdfdf20,fayder.restcountries.v1.rest.CountryService,fayder.restcountries.v1.rest.CountryService_ESTest,7,0,False
214,BugSwarm,REST_Countries-154683750,0,2aeb5c0b12bf4dadb2c886939e63afcd,fayder.restcountries.v1.rest.CountryService,fayder.restcountries.v1.rest.CountryService_ESTest,11,0,False
215,BugSwarm,REST_Countries-154683750,0,f6ab39fee76c42e68caca959abdf1abc,fayder.restcountries.v1.rest.CountryService,fayder.restcountries.v1.rest.CountryService_ESTest,10,0,False
216,BugSwarm,REST_Countries-154683750,0,c5bc3bb82f9640299741239187e934cf,fayder.restcountries.v1.rest.CountryService,fayder.restcountries.v1.rest.CountryService_ESTest,8,0,False
217,BugSwarm,REST_Countries-154683750,1,f29ed38a077946848dab939bf9e30c59,fayder.restcountries.v1.rest.CountryService,fayder.restcountries.v1.rest.CountryService_ESTest,9,0,False
218,BugSwarm,REST_Countries-154683750,1,546fa9605e7543e1adfe3510d1b97f2a,fayder.restcountries.v1.rest.CountryService,fayder.restcountries.v1.rest.CountryService_ESTest,8,0,False
219,BugSwarm,REST_Countries-154683750,1,4dc75432e7e849528bf7118a58c2cf39,fayder.restcountries.v1.rest.CountryService,fayder.restcountries.v1.rest.CountryService_ESTest,9,0,False
220,BugSwarm,REST_Countries-154683750,1,de059722bece44938dc5fd1069362863,fayder.restcountries.v1.rest.CountryService,fayder.restcountries.v1.rest.CountryService_ESTest,8,0,False
221,BugSwarm,REST_Countries-154683750,1,0bacd3127cf9411b9908cc8d1d16a10e,fayder.restcountries.v1.rest.CountryService,fayder.restcountries.v1.rest.CountryService_ESTest,10,0,False
222,BugSwarm,REST_Countries-154683750,1,395439c613c8417183d4238ff47459d8,fayder.restcountries.v1.rest.CountryService,fayder.restcountries.v1.rest.CountryService_ESTest,10,0,False
223,BugSwarm,REST_Countries-154683750,1,692cef43b6374d2b8f0754828fdfdf20,fayder.restcountries.v1.rest.CountryService,fayder.restcountries.v1.rest.CountryService_ESTest,7,0,False
224,BugSwarm,REST_Countries-154683750,1,2aeb5c0b12bf4dadb2c886939e63afcd,fayder.restcountries.v1.rest.CountryService,fayder.restcountries.v1.rest.CountryService_ESTest,11,0,False
225,BugSwarm,REST_Countries-154683750,1,f6ab39fee76c42e68caca959abdf1abc,fayder.restcountries.v1.rest.CountryService,fayder.restcountries.v1.rest.CountryService_ESTest,10,0,False
226,BugSwarm,REST_Countries-154683750,1,c5bc3bb82f9640299741239187e934cf,fayder.restcountries.v1.rest.CountryService,fayder.restcountries.v1.rest.CountryService_ESTest,8,0,False
227,BugSwarm,REST_Countries-154683750,2,f29ed38a077946848dab939bf9e30c59,fayder.restcountries.v1.rest.CountryService,fayder.restcountries.v1.rest.CountryService_ESTest,9,0,False
228,BugSwarm,REST_Countries-154683750,2,546fa9605e7543e1adfe3510d1b97f2a,fayder.restcountries.v1.rest.CountryService,fayder.restcountries.v1.rest.CountryService_ESTest,8,0,False
229,BugSwarm,REST_Countries-154683750,2,4dc75432e7e849528bf7118a58c2cf39,fayder.restcountries.v1.rest.CountryService,fayder.restcountries.v1.rest.CountryService_ESTest,9,0,False
230,BugSwarm,REST_Countries-154683750,2,de059722bece44938dc5fd1069362863,fayder.restcountries.v1.rest.CountryService,fayder.restcountries.v1.rest.CountryService_ESTest,8,0,False
231,BugSwarm,REST_Countries-154683750,2,0bacd3127cf9411b9908cc8d1d16a10e,fayder.restcountries.v1.rest.CountryService,fayder.restcountries.v1.rest.CountryService_ESTest,10,0,False
232,BugSwarm,REST_Countries-154683750,2,395439c613c8417183d4238ff47459d8,fayder.restcountries.v1.rest.CountryService,fayder.restcountries.v1.rest.CountryService_ESTest,10,0,False
233,BugSwarm,REST_Countries-154683750,2,692cef43b6374d2b8f0754828fdfdf20,fayder.restcountries.v1.rest.CountryService,fayder.restcountries.v1.rest.CountryService_ESTest,7,0,False
234,BugSwarm,REST_Countries-154683750,2,2aeb5c0b12bf4dadb2c886939e63afcd,fayder.restcountries.v1.rest.CountryService,fayder.restcountries.v1.rest.CountryService_ESTest,11,0,False
235,BugSwarm,REST_Countries-154683750,2,f6ab39fee76c42e68caca959abdf1abc,fayder.restcountries.v1.rest.CountryService,fayder.restcountries.v1.rest.CountryService_ESTest,10,0,False
236,BugSwarm,REST_Countries-154683750,2,c5bc3bb82f9640299741239187e934cf,fayder.restcountries.v1.rest.CountryService,fayder.restcountries.v1.rest.CountryService_ESTest,8,0,False
237,BugSwarm,REST_Countries-154683750,3,f29ed38a077946848dab939bf9e30c59,fayder.restcountries.v1.rest.CountryService,fayder.restcountries.v1.rest.CountryService_ESTest,9,0,False
238,BugSwarm,REST_Countries-154683750,3,546fa9605e7543e1adfe3510d1b97f2a,fayder.restcountries.v1.rest.CountryService,fayder.restcountries.v1.rest.CountryService_ESTest,8,0,False
239,BugSwarm,REST_Countries-154683750,3,4dc75432e7e849528bf7118a58c2cf39,fayder.restcountries.v1.rest.CountryService,fayder.restcountries.v1.rest.CountryService_ESTest,9,0,False
240,BugSwarm,REST_Countries-154683750,3,de059722bece44938dc5fd1069362863,fayder.restcountries.v1.rest.CountryService,fayder.restcountries.v1.rest.CountryService_ESTest,8,0,False
241,BugSwarm,REST_Countries-154683750,3,0bacd3127cf9411b9908cc8d1d16a10e,fayder.restcountries.v1.rest.CountryService,fayder.restcountries.v1.rest.CountryService_ESTest,10,0,False
242,BugSwarm,REST_Countries-154683750,3,395439c613c8417183d4238ff47459d8,fayder.restcountries.v1.rest.CountryService,fayder.restcountries.v1.rest.CountryService_ESTest,10,0,False
243,BugSwarm,REST_Countries-154683750,3,692cef43b6374d2b8f0754828fdfdf20,fayder.restcountries.v1.rest.CountryService,fayder.restcountries.v1.rest.CountryService_ESTest,7,0,False
244,BugSwarm,REST_Countries-154683750,3,2aeb5c0b12bf4dadb2c886939e63afcd,fayder.restcountries.v1.rest.CountryService,fayder.restcountries.v1.rest.CountryService_ESTest,11,0,False
245,BugSwarm,REST_Countries-154683750,3,f6ab39fee76c42e68caca959abdf1abc,fayder.restcountries.v1.rest.CountryService,fayder.restcountries.v1.rest.CountryService_ESTest,10,0,False
246,BugSwarm,REST_Countries-154683750,3,c5bc3bb82f9640299741239187e934cf,fayder.restcountries.v1.rest.CountryService,fayder.restcountries.v1.rest.CountryService_ESTest,8,0,False
247,BugSwarm,REST_Countries-154683750,4,f29ed38a077946848dab939bf9e30c59,fayder.restcountries.v1.rest.CountryService,fayder.restcountries.v1.rest.CountryService_ESTest,9,0,False
248,BugSwarm,REST_Countries-154683750,4,546fa9605e7543e1adfe3510d1b97f2a,fayder.restcountries.v1.rest.CountryService,fayder.restcountries.v1.rest.CountryService_ESTest,8,0,False
249,BugSwarm,REST_Countries-154683750,4,4dc75432e7e849528bf7118a58c2cf39,fayder.restcountries.v1.rest.CountryService,fayder.restcountries.v1.rest.CountryService_ESTest,9,0,False
250,BugSwarm,REST_Countries-154683750,4,de059722bece44938dc5fd1069362863,fayder.restcountries.v1.rest.CountryService,fayder.restcountries.v1.rest.CountryService_ESTest,8,0,False
251,BugSwarm,REST_Countries-154683750,4,0bacd3127cf9411b9908cc8d1d16a10e,fayder.restcountries.v1.rest.CountryService,fayder.restcountries.v1.rest.CountryService_ESTest,10,0,False
252,BugSwarm,REST_Countries-154683750,4,395439c613c8417183d4238ff47459d8,fayder.restcountries.v1.rest.CountryService,fayder.restcountries.v1.rest.CountryService_ESTest,10,0,False
253,BugSwarm,REST_Countries-154683750,4,692cef43b6374d2b8f0754828fdfdf20,fayder.restcountries.v1.rest.CountryService,fayder.restcountries.v1.rest.CountryService_ESTest,7,0,False
254,BugSwarm,REST_Countries-154683750,4,2aeb5c0b12bf4dadb2c886939e63afcd,fayder.restcountries.v1.rest.CountryService,fayder.restcountries.v1.rest.CountryService_ESTest,11,0,False
255,BugSwarm,REST_Countries-154683750,4,f6ab39fee76c42e68caca959abdf1abc,fayder.restcountries.v1.rest.CountryService,fayder.restcountries.v1.rest.CountryService_ESTest,10,0,False
256,BugSwarm,REST_Countries-154683750,4,c5bc3bb82f9640299741239187e934cf,fayder.restcountries.v1.rest.CountryService,fayder.restcountries.v1.rest.CountryService_ESTest,8,0,False
257,Genesis,Jongo-97431a03,0,6c74437796f348d39847e476fbe60e37,org.jongo.marshall.jackson.JacksonObjectIdUpdater,org.jongo.marshall.jackson.JacksonObjectIdUpdater_ESTest,7,0,False
258,Genesis,Jongo-97431a03,0,2346fadfc1e2479a869724bc77a980e6,org.jongo.marshall.jackson.JacksonObjectIdUpdater,org.jongo.marshall.jackson.JacksonObjectIdUpdater_ESTest,7,0,False
259,Genesis,Jongo-97431a03,0,06cfdcf64c104bdda64664f92088ec11,org.jongo.marshall.jackson.JacksonObjectIdUpdater,org.jongo.marshall.jackson.JacksonObjectIdUpdater_ESTest,6,0,False
260,Genesis,Jongo-97431a03,0,dc46cfd57b774820aaa937a6e1a02fa7,org.jongo.marshall.jackson.JacksonObjectIdUpdater,org.jongo.marshall.jackson.JacksonObjectIdUpdater_ESTest,5,0,False
261,Genesis,Jongo-97431a03,0,8a85597565bc4896a34b8e3a5ee7c40a,org.jongo.marshall.jackson.JacksonObjectIdUpdater,org.jongo.marshall.jackson.JacksonObjectIdUpdater_ESTest,8,0,False
262,Genesis,Jongo-97431a03,0,ecc78567a03a419b941abac13740a3d9,org.jongo.marshall.jackson.JacksonObjectIdUpdater,org.jongo.marshall.jackson.JacksonObjectIdUpdater_ESTest,6,0,False
263,Genesis,Jongo-97431a03,0,e73c5f3288134468961849162c8cdae8,org.jongo.marshall.jackson.JacksonObjectIdUpdater,org.jongo.marshall.jackson.JacksonObjectIdUpdater_ESTest,9,0,False
264,Genesis,Jongo-97431a03,0,63173a4bbfe641758e68ad83f453b020,org.jongo.marshall.jackson.JacksonObjectIdUpdater,org.jongo.marshall.jackson.JacksonObjectIdUpdater_ESTest,7,0,False
265,Genesis,Jongo-97431a03,0,f6f6b2c070e74f5da968263f30c8fae0,org.jongo.marshall.jackson.JacksonObjectIdUpdater,org.jongo.marshall.jackson.JacksonObjectIdUpdater_ESTest,6,0,False
266,Genesis,Jongo-97431a03,0,33351cf2d6694157a9fc23e2387e302a,org.jongo.marshall.jackson.JacksonObjectIdUpdater,org.jongo.marshall.jackson.JacksonObjectIdUpdater_ESTest,8,0,False
267,Genesis,JavaPoet-aee5f128,0,4c65fb6929af48ed8ad0ab39aba6719a,com.squareup.javapoet.TypeName,com.squareup.javapoet.TypeName_ESTest,15,0,False
268,Genesis,JavaPoet-aee5f128,0,59d2c6bf89cd44febe745f15630a2996,com.squareup.javapoet.TypeName,com.squareup.javapoet.TypeName_ESTest,15,0,False
269,Genesis,JavaPoet-aee5f128,0,ae605d2bb73242b58449d7afbca91c2f,com.squareup.javapoet.TypeName,com.squareup.javapoet.TypeName_ESTest,15,0,False
270,Genesis,JavaPoet-aee5f128,0,576095b6989d46a69e6ac7ff71a9b5c3,com.squareup.javapoet.TypeName,com.squareup.javapoet.TypeName_ESTest,16,0,False
271,Genesis,JavaPoet-aee5f128,0,e38ad046ab5a4dd391a73c44065f668a,com.squareup.javapoet.TypeName,com.squareup.javapoet.TypeName_ESTest,15,0,False
272,Genesis,JavaPoet-aee5f128,0,4bc3b068dfbf4127a08a9fc4a1544305,com.squareup.javapoet.TypeName,com.squareup.javapoet.TypeName_ESTest,15,0,False
273,Genesis,JavaPoet-aee5f128,0,72212245922f4214bcba7f4a835f1d04,com.squareup.javapoet.TypeName,com.squareup.javapoet.TypeName_ESTest,17,0,False
274,Genesis,JavaPoet-aee5f128,0,f8ad4cd0dfda439099f7e3e951120efd,com.squareup.javapoet.TypeName,com.squareup.javapoet.TypeName_ESTest,16,0,False
275,Genesis,JavaPoet-aee5f128,0,ca51f038a2e64565bc6cf1b059d3830f,com.squareup.javapoet.TypeName,com.squareup.javapoet.TypeName_ESTest,14,0,False
276,Genesis,JavaPoet-aee5f128,0,5f25b1cc3b2d4124b61a44cd46a847d8,com.squareup.javapoet.TypeName,com.squareup.javapoet.TypeName_ESTest,15,0,False
277,Genesis,DataflowJavaSDK-f42c13c8,0,c292db724c8b450eb4f277489ab6d3b8,com.google.cloud.dataflow.sdk.transforms.join.CoGbkResult,com.google.cloud.dataflow.sdk.transforms.join.CoGbkResult_ESTest,19,0,False
278,Genesis,DataflowJavaSDK-f42c13c8,0,c6a030255ddd4b288f9542650f6ce5df,com.google.cloud.dataflow.sdk.transforms.join.CoGbkResult,com.google.cloud.dataflow.sdk.transforms.join.CoGbkResult_ESTest,18,0,False
279,Genesis,DataflowJavaSDK-f42c13c8,0,5decb1fe037546b68cd4b44494d988d0,com.google.cloud.dataflow.sdk.transforms.join.CoGbkResult,com.google.cloud.dataflow.sdk.transforms.join.CoGbkResult_ESTest,20,0,False
280,Genesis,DataflowJavaSDK-f42c13c8,0,d1c740ad90c444628e79b17eb2f5d591,com.google.cloud.dataflow.sdk.transforms.join.CoGbkResult,com.google.cloud.dataflow.sdk.transforms.join.CoGbkResult_ESTest,24,0,True
281,Genesis,Checkstyle-4f73fffd,0,4bbed0b2af5b43a5a3ef11e7a45b2dbe,com.puppycrawl.tools.checkstyle.checks.blocks.NeedBracesCheck,com.puppycrawl.tools.checkstyle.checks.blocks.NeedBracesCheck_ESTest,16,0,False
282,Genesis,Checkstyle-4f73fffd,0,896b7d3a56884c88b96696bb2ab5e4a2,com.puppycrawl.tools.checkstyle.checks.blocks.NeedBracesCheck,com.puppycrawl.tools.checkstyle.checks.blocks.NeedBracesCheck_ESTest,15,0,False
283,Genesis,Checkstyle-4f73fffd,0,7f725c33816846409cc0cd210d7e9092,com.puppycrawl.tools.checkstyle.checks.blocks.NeedBracesCheck,com.puppycrawl.tools.checkstyle.checks.blocks.NeedBracesCheck_ESTest,12,0,False
284,Genesis,Checkstyle-4f73fffd,0,092e3f28f91e449d9ebe1635fb6f844f,com.puppycrawl.tools.checkstyle.checks.blocks.NeedBracesCheck,com.puppycrawl.tools.checkstyle.checks.blocks.NeedBracesCheck_ESTest,13,0,False
285,Genesis,Checkstyle-4f73fffd,0,98139b7fd6b24673971da7cc681c1999,com.puppycrawl.tools.checkstyle.checks.blocks.NeedBracesCheck,com.puppycrawl.tools.checkstyle.checks.blocks.NeedBracesCheck_ESTest,11,0,False
286,Genesis,Checkstyle-4f73fffd,0,0c2e0d99454649caa9bdc07a3bd817c0,com.puppycrawl.tools.checkstyle.checks.blocks.NeedBracesCheck,com.puppycrawl.tools.checkstyle.checks.blocks.NeedBracesCheck_ESTest,16,0,False
287,Genesis,Checkstyle-4f73fffd,0,aa73eff676e1414fb77ce6010065bb01,com.puppycrawl.tools.checkstyle.checks.blocks.NeedBracesCheck,com.puppycrawl.tools.checkstyle.checks.blocks.NeedBracesCheck_ESTest,18,0,False
288,Genesis,Checkstyle-4f73fffd,0,62628cd14e454e3497717916358f9252,com.puppycrawl.tools.checkstyle.checks.blocks.NeedBracesCheck,com.puppycrawl.tools.checkstyle.checks.blocks.NeedBracesCheck_ESTest,12,0,False
289,Genesis,Checkstyle-4f73fffd,0,2d06a7f79efb4c5e938e7a5ec9fef37d,com.puppycrawl.tools.checkstyle.checks.blocks.NeedBracesCheck,com.puppycrawl.tools.checkstyle.checks.blocks.NeedBracesCheck_ESTest,16,0,False
290,Genesis,Checkstyle-4f73fffd,0,ea9a7f2576e54f6ab999317f495812f4,com.puppycrawl.tools.checkstyle.checks.blocks.NeedBracesCheck,com.puppycrawl.tools.checkstyle.checks.blocks.NeedBracesCheck_ESTest,15,0,False
291,Genesis,Checkstyle-91e10c29,0,79af30c91b0b459fb5da03e3aa6aa874,com.puppycrawl.tools.checkstyle.checks.SuppressWarningsHolder,com.puppycrawl.tools.checkstyle.checks.SuppressWarningsHolder_ESTest,15,0,False
292,Genesis,Checkstyle-91e10c29,0,23d2c47741e940d88b6dbe77f7eb303d,com.puppycrawl.tools.checkstyle.checks.SuppressWarningsHolder,com.puppycrawl.tools.checkstyle.checks.SuppressWarningsHolder_ESTest,15,0,False
293,Genesis,Checkstyle-91e10c29,0,1570e5589ba74dc289212a416886607e,com.puppycrawl.tools.checkstyle.checks.SuppressWarningsHolder,com.puppycrawl.tools.checkstyle.checks.SuppressWarningsHolder_ESTest,11,0,False
294,Genesis,Checkstyle-91e10c29,0,14ba553c68ac464791ea58249b93b9f5,com.puppycrawl.tools.checkstyle.checks.SuppressWarningsHolder,com.puppycrawl.tools.checkstyle.checks.SuppressWarningsHolder_ESTest,16,0,False
295,Genesis,Checkstyle-91e10c29,0,70f11d07b36d4bc986cb162affe252f7,com.puppycrawl.tools.checkstyle.checks.SuppressWarningsHolder,com.puppycrawl.tools.checkstyle.checks.SuppressWarningsHolder_ESTest,14,0,False
296,Genesis,Checkstyle-91e10c29,0,6fa367ab447b44ce93e20a3a10af0747,com.puppycrawl.tools.checkstyle.checks.SuppressWarningsHolder,com.puppycrawl.tools.checkstyle.checks.SuppressWarningsHolder_ESTest,14,0,False
297,Genesis,Checkstyle-91e10c29,0,d98243100a9f4641a8dd990f6dd9fdee,com.puppycrawl.tools.checkstyle.checks.SuppressWarningsHolder,com.puppycrawl.tools.checkstyle.checks.SuppressWarningsHolder_ESTest,14,0,False
298,Genesis,Checkstyle-91e10c29,0,12313b87a4b344daaf03b4de0001d54a,com.puppycrawl.tools.checkstyle.checks.SuppressWarningsHolder,com.puppycrawl.tools.checkstyle.checks.SuppressWarningsHolder_ESTest,15,0,False
299,Genesis,Checkstyle-91e10c29,0,74e2a8782f1e4c659f0776ba15a59c6d,com.puppycrawl.tools.checkstyle.checks.SuppressWarningsHolder,com.puppycrawl.tools.checkstyle.checks.SuppressWarningsHolder_ESTest,15,0,False
300,Genesis,Checkstyle-91e10c29,0,b029c998bad34ae1985b2a54522f166d,com.puppycrawl.tools.checkstyle.checks.SuppressWarningsHolder,com.puppycrawl.tools.checkstyle.checks.SuppressWarningsHolder_ESTest,15,0,False
301,Genesis,Checkstyle-16493bfb,0,ca1db8ee84ad43a3923ae3918011e88c,com.puppycrawl.tools.checkstyle.checks.coding.ModifiedControlVariableCheck,com.puppycrawl.tools.checkstyle.checks.coding.ModifiedControlVariableCheck_ESTest,15,0,False
302,Genesis,Checkstyle-16493bfb,0,7922ec07a283450283701b5c7165f95e,com.puppycrawl.tools.checkstyle.checks.coding.ModifiedControlVariableCheck,com.puppycrawl.tools.checkstyle.checks.coding.ModifiedControlVariableCheck_ESTest,20,0,False
303,Genesis,Checkstyle-16493bfb,0,5d2d514b97734c8faafd176afcec9a5c,com.puppycrawl.tools.checkstyle.checks.coding.ModifiedControlVariableCheck,com.puppycrawl.tools.checkstyle.checks.coding.ModifiedControlVariableCheck_ESTest,19,0,False
304,Genesis,Checkstyle-16493bfb,0,c66f5c6ae5e94991b6d634ee3e55aa46,com.puppycrawl.tools.checkstyle.checks.coding.ModifiedControlVariableCheck,com.puppycrawl.tools.checkstyle.checks.coding.ModifiedControlVariableCheck_ESTest,15,0,False
305,Genesis,Checkstyle-16493bfb,0,b21b3b4bbfe34ab28446f35bc5b0db9d,com.puppycrawl.tools.checkstyle.checks.coding.ModifiedControlVariableCheck,com.puppycrawl.tools.checkstyle.checks.coding.ModifiedControlVariableCheck_ESTest,17,0,False
306,Genesis,Checkstyle-16493bfb,0,410f174eda3e423b8874e68f3f2ce88e,com.puppycrawl.tools.checkstyle.checks.coding.ModifiedControlVariableCheck,com.puppycrawl.tools.checkstyle.checks.coding.ModifiedControlVariableCheck_ESTest,18,0,False
307,Genesis,Checkstyle-16493bfb,0,e2ecb9acc25a4a86b088487c31dec923,com.puppycrawl.tools.checkstyle.checks.coding.ModifiedControlVariableCheck,com.puppycrawl.tools.checkstyle.checks.coding.ModifiedControlVariableCheck_ESTest,22,0,False
308,Genesis,Checkstyle-16493bfb,0,b319703dd2714ccc8bb9dfa7d31f5c9e,com.puppycrawl.tools.checkstyle.checks.coding.ModifiedControlVariableCheck,com.puppycrawl.tools.checkstyle.checks.coding.ModifiedControlVariableCheck_ESTest,14,0,False
309,Genesis,Checkstyle-16493bfb,0,480c802fa6784a0e9c930c7ac5bb5294,com.puppycrawl.tools.checkstyle.checks.coding.ModifiedControlVariableCheck,com.puppycrawl.tools.checkstyle.checks.coding.ModifiedControlVariableCheck_ESTest,17,0,False
310,Genesis,Checkstyle-16493bfb,0,5ff2bc8670e54c56b3c0eb979e4e718e,com.puppycrawl.tools.checkstyle.checks.coding.ModifiedControlVariableCheck,com.puppycrawl.tools.checkstyle.checks.coding.ModifiedControlVariableCheck_ESTest,16,0,False
311,Genesis,Checkstyle-be8a60a4,0,3a40e464029b4cd1a659bbc715d27c89,com.puppycrawl.tools.checkstyle.checks.naming.ParameterNameCheck,com.puppycrawl.tools.checkstyle.checks.naming.ParameterNameCheck_ESTest,6,0,False
312,Genesis,Checkstyle-be8a60a4,0,da034d81308e46fe9db41ef3c7371202,com.puppycrawl.tools.checkstyle.checks.naming.ParameterNameCheck,com.puppycrawl.tools.checkstyle.checks.naming.ParameterNameCheck_ESTest,6,0,False
313,Genesis,Checkstyle-be8a60a4,0,5b039b7de4c34b0e8813778dc9e985e8,com.puppycrawl.tools.checkstyle.checks.naming.ParameterNameCheck,com.puppycrawl.tools.checkstyle.checks.naming.ParameterNameCheck_ESTest,6,0,False
314,Genesis,Checkstyle-be8a60a4,0,96ff5600f9474347818d7749c3b1bf81,com.puppycrawl.tools.checkstyle.checks.naming.ParameterNameCheck,com.puppycrawl.tools.checkstyle.checks.naming.ParameterNameCheck_ESTest,6,0,False
315,Genesis,Checkstyle-be8a60a4,0,94209d255f9142b688cfc1ed9123e095,com.puppycrawl.tools.checkstyle.checks.naming.ParameterNameCheck,com.puppycrawl.tools.checkstyle.checks.naming.ParameterNameCheck_ESTest,6,0,False
316,Genesis,Checkstyle-be8a60a4,0,fe3c57cbfaa345628e44ddf55e213d46,com.puppycrawl.tools.checkstyle.checks.naming.ParameterNameCheck,com.puppycrawl.tools.checkstyle.checks.naming.ParameterNameCheck_ESTest,4,0,False
317,Genesis,Checkstyle-be8a60a4,0,54e4491c833646b18575338c35aab04f,com.puppycrawl.tools.checkstyle.checks.naming.ParameterNameCheck,com.puppycrawl.tools.checkstyle.checks.naming.ParameterNameCheck_ESTest,6,0,False
318,Genesis,Checkstyle-be8a60a4,0,0f3b0494a65348ecaef5a25a29eb692f,com.puppycrawl.tools.checkstyle.checks.naming.ParameterNameCheck,com.puppycrawl.tools.checkstyle.checks.naming.ParameterNameCheck_ESTest,4,0,False
319,Genesis,Checkstyle-be8a60a4,0,6a85561e760f4ecdad09f2fcb89366b3,com.puppycrawl.tools.checkstyle.checks.naming.ParameterNameCheck,com.puppycrawl.tools.checkstyle.checks.naming.ParameterNameCheck_ESTest,7,0,False
320,Genesis,Checkstyle-be8a60a4,0,2b8f945ca2e443acbe041306a6bc7ce1,com.puppycrawl.tools.checkstyle.checks.naming.ParameterNameCheck,com.puppycrawl.tools.checkstyle.checks.naming.ParameterNameCheck_ESTest,7,0,False
321,Genesis,Javaslang-0dab3ed3,0,f4ec2da32a26417e93a3bba711f83221,javaslang.Tuples,javaslang.Tuples_ESTest,60,0,False
322,Genesis,Javaslang-0dab3ed3,0,646e23b40fd94b2d8e8397d2d538bef8,javaslang.Tuples,javaslang.Tuples_ESTest,59,0,False
323,Genesis,Javaslang-0dab3ed3,0,7884dbcf79544d8bb784e4853c59584d,javaslang.Tuples,javaslang.Tuples_ESTest,57,0,False
324,Genesis,Javaslang-0dab3ed3,0,fd10edd0f89a4d2da0fca5c197a44e76,javaslang.Tuples,javaslang.Tuples_ESTest,59,0,False
325,Genesis,Javaslang-0dab3ed3,0,9b0059b79ea04ae3886be24def1fbc7d,javaslang.Tuples,javaslang.Tuples_ESTest,58,0,False
326,Genesis,Javaslang-0dab3ed3,0,20df2a3573484560a0a607245c059192,javaslang.Tuples,javaslang.Tuples_ESTest,57,0,False
327,Genesis,Javaslang-0dab3ed3,0,e2fb82a078f54450ac2be2127d1d0053,javaslang.Tuples,javaslang.Tuples_ESTest,58,0,False
328,Genesis,Javaslang-0dab3ed3,0,c22924bb1cee445990577434854f3556,javaslang.Tuples,javaslang.Tuples_ESTest,59,0,False
329,Genesis,Javaslang-0dab3ed3,0,dc510d2b601c4828aee16a6d01bc3a42,javaslang.Tuples,javaslang.Tuples_ESTest,62,0,False
330,Genesis,Javaslang-0dab3ed3,0,edde481496424a25b7ffa4d9a848863c,javaslang.Tuples,javaslang.Tuples_ESTest,61,0,False
331,Genesis,Activiti-31c8ea16,0,69ad7f9fe6ce4459bb7f52c35173ffa0,org.activiti.engine.impl.event.AbstractEventHandler,org.activiti.engine.impl.event.AbstractEventHandler_ESTest,0,0,False
332,Genesis,Activiti-31c8ea16,0,3632f8b9347a47d99edee9e7beb43ca9,org.activiti.engine.impl.event.AbstractEventHandler,org.activiti.engine.impl.event.AbstractEventHandler_ESTest,0,0,False
333,Genesis,Activiti-31c8ea16,0,9f51e39ed67541afb88c4bc8c0244eae,org.activiti.engine.impl.event.AbstractEventHandler,org.activiti.engine.impl.event.AbstractEventHandler_ESTest,0,0,False
334,Genesis,Activiti-31c8ea16,0,2d6030f1561e4a2697b370cd510220b9,org.activiti.engine.impl.event.AbstractEventHandler,org.activiti.engine.impl.event.AbstractEventHandler_ESTest,0,0,False
335,Genesis,Activiti-31c8ea16,0,a3108d807b5a41ed99d1984efb27b46f,org.activiti.engine.impl.event.AbstractEventHandler,org.activiti.engine.impl.event.AbstractEventHandler_ESTest,1,0,False
336,Genesis,Activiti-31c8ea16,0,6e0828f729f843718260f1badfa239c5,org.activiti.engine.impl.event.AbstractEventHandler,org.activiti.engine.impl.event.AbstractEventHandler_ESTest,0,0,False
337,Genesis,Activiti-31c8ea16,0,5d5cb45502924baa8333aef62d86eaaf,org.activiti.engine.impl.event.AbstractEventHandler,org.activiti.engine.impl.event.AbstractEventHandler_ESTest,0,0,False
338,Defects4J,Csv-9,0,1881e4b7aeeb40adb28ef2713977de54,org.apache.commons.csv.CSVRecord,org.apache.commons.csv.CSVRecord_ESTest,32,0,False
339,Defects4J,Csv-9,0,560eea8f6a1049918e90298dd82e5fb6,org.apache.commons.csv.CSVRecord,org.apache.commons.csv.CSVRecord_ESTest,32,0,False
340,Defects4J,Csv-9,0,984f19e4a1bc4fb2be10c3a89ac94849,org.apache.commons.csv.CSVRecord,org.apache.commons.csv.CSVRecord_ESTest,33,0,False
341,Defects4J,Csv-9,0,42d7030f587d4d1c81ff30e695afdd3d,org.apache.commons.csv.CSVRecord,org.apache.commons.csv.CSVRecord_ESTest,33,0,False
342,Defects4J,Csv-9,0,e4e8a49229c64e3f88f8eb2e3c27c7ad,org.apache.commons.csv.CSVRecord,org.apache.commons.csv.CSVRecord_ESTest,33,0,False
343,Defects4J,Csv-9,0,395ffe2100b44051b21ec8d0079a3b73,org.apache.commons.csv.CSVRecord,org.apache.commons.csv.CSVRecord_ESTest,32,0,False
344,Defects4J,Csv-9,0,35320c53e2d94a29bc8d2e79a5d9db7f,org.apache.commons.csv.CSVRecord,org.apache.commons.csv.CSVRecord_ESTest,33,0,False
345,Defects4J,Csv-9,0,c41f923a87a44ea8b3cbf606c6359796,org.apache.commons.csv.CSVRecord,org.apache.commons.csv.CSVRecord_ESTest,32,0,False
346,Defects4J,Csv-9,0,56c73e8d536442569971922eeb8ab15e,org.apache.commons.csv.CSVRecord,org.apache.commons.csv.CSVRecord_ESTest,30,0,False
347,Defects4J,Csv-9,0,8e0635a78d6f495496c94dee10135e23,org.apache.commons.csv.CSVRecord,org.apache.commons.csv.CSVRecord_ESTest,31,0,False
348,Defects4J,Math-70,0,4ad15faba23d4eb28252c8524c4140dd,org.apache.commons.math.analysis.solvers.BisectionSolver,org.apache.commons.math.analysis.solvers.BisectionSolver_ESTest,11,0,False
349,Defects4J,Math-70,0,07d750027b67439c9476861db642219f,org.apache.commons.math.analysis.solvers.BisectionSolver,org.apache.commons.math.analysis.solvers.BisectionSolver_ESTest,14,0,False
350,Defects4J,Math-70,0,d3ad9c3da2d04eb6bf9c9f15f2498336,org.apache.commons.math.analysis.solvers.BisectionSolver,org.apache.commons.math.analysis.solvers.BisectionSolver_ESTest,13,0,False
351,Defects4J,Math-70,0,7229d00fd1f84a9e9c7d1b7901b1439d,org.apache.commons.math.analysis.solvers.BisectionSolver,org.apache.commons.math.analysis.solvers.BisectionSolver_ESTest,11,0,False
352,Defects4J,Math-70,0,5badbd4c010941fc8805847a7e312756,org.apache.commons.math.analysis.solvers.BisectionSolver,org.apache.commons.math.analysis.solvers.BisectionSolver_ESTest,12,0,False
353,Defects4J,Math-70,0,86216ead9cbf460db0344aeb88b75766,org.apache.commons.math.analysis.solvers.BisectionSolver,org.apache.commons.math.analysis.solvers.BisectionSolver_ESTest,12,0,False
354,Defects4J,Math-70,0,ad922a742249406fb8aab0bf68955dd0,org.apache.commons.math.analysis.solvers.BisectionSolver,org.apache.commons.math.analysis.solvers.BisectionSolver_ESTest,11,0,False
355,Defects4J,Math-70,0,7af99e306ac84e0c9043644bd95bd9fb,org.apache.commons.math.analysis.solvers.BisectionSolver,org.apache.commons.math.analysis.solvers.BisectionSolver_ESTest,12,0,False
356,Defects4J,Math-70,0,39a2fd8ce5f145088c320640d66005fb,org.apache.commons.math.analysis.solvers.BisectionSolver,org.apache.commons.math.analysis.solvers.BisectionSolver_ESTest,11,0,False
357,Defects4J,Math-70,0,8769731190ff4b60986ff3a24b0908a7,org.apache.commons.math.analysis.solvers.BisectionSolver,org.apache.commons.math.analysis.solvers.BisectionSolver_ESTest,11,0,False
358,Defects4J,Math-79,0,75afb4e5e6e7494880487f0b3c5f758d,org.apache.commons.math.stat.clustering.KMeansPlusPlusClusterer,org.apache.commons.math.stat.clustering.KMeansPlusPlusClusterer_ESTest,5,0,False
359,Defects4J,Math-79,0,69b7b06410e84e22ab9af8f1d9295bcc,org.apache.commons.math.stat.clustering.KMeansPlusPlusClusterer,org.apache.commons.math.stat.clustering.KMeansPlusPlusClusterer_ESTest,4,0,False
360,Defects4J,Math-79,0,40ef01f993fe43b8bed3fc0324c8121f,org.apache.commons.math.stat.clustering.KMeansPlusPlusClusterer,org.apache.commons.math.stat.clustering.KMeansPlusPlusClusterer_ESTest,4,0,False
361,Defects4J,Math-79,0,d9c0bb8798ad4c2db4258de93e69205a,org.apache.commons.math.stat.clustering.KMeansPlusPlusClusterer,org.apache.commons.math.stat.clustering.KMeansPlusPlusClusterer_ESTest,4,0,False
362,Defects4J,Math-79,0,ad7a59a8274d4d3c8cd017363097b9cf,org.apache.commons.math.stat.clustering.KMeansPlusPlusClusterer,org.apache.commons.math.stat.clustering.KMeansPlusPlusClusterer_ESTest,5,0,False
363,Defects4J,Math-79,0,8941a3db11af47cd80a75f1f68b6b3b1,org.apache.commons.math.stat.clustering.KMeansPlusPlusClusterer,org.apache.commons.math.stat.clustering.KMeansPlusPlusClusterer_ESTest,4,0,False
364,Defects4J,Math-79,0,5474ac2d923f41ceb906d87d69926db0,org.apache.commons.math.stat.clustering.KMeansPlusPlusClusterer,org.apache.commons.math.stat.clustering.KMeansPlusPlusClusterer_ESTest,3,0,False
365,Defects4J,Math-79,0,a402bc29cb224524bece5a258418cdf7,org.apache.commons.math.stat.clustering.KMeansPlusPlusClusterer,org.apache.commons.math.stat.clustering.KMeansPlusPlusClusterer_ESTest,5,0,False
366,Defects4J,Math-79,0,a98a393f9ea94567ab15a2b00d600f02,org.apache.commons.math.stat.clustering.KMeansPlusPlusClusterer,org.apache.commons.math.stat.clustering.KMeansPlusPlusClusterer_ESTest,4,0,False
367,Defects4J,Math-79,0,92e91399613740bcbd115ef4f33a92e5,org.apache.commons.math.stat.clustering.KMeansPlusPlusClusterer,org.apache.commons.math.stat.clustering.KMeansPlusPlusClusterer_ESTest,4,0,False
368,Defects4J,Csv-11,0,0c39040c56504f78b31210ebeab24ad0,org.apache.commons.csv.CSVParser,org.apache.commons.csv.CSVParser_ESTest,19,0,False
369,Defects4J,Csv-11,0,1b08c04913aa442daefe30be52e50a05,org.apache.commons.csv.CSVParser,org.apache.commons.csv.CSVParser_ESTest,23,0,True
370,Defects4J,Cli-30,0,4bfb9ae4f3184d908c3a20a639f52819,org.apache.commons.cli.Parser,org.apache.commons.cli.Parser_ESTest,20,0,False
371,Defects4J,Cli-30,0,4bfb9ae4f3184d908c3a20a639f52819,org.apache.commons.cli.DefaultParser,org.apache.commons.cli.DefaultParser_ESTest,16,0,False
372,Defects4J,Cli-30,0,f959fa765f86437191b708998cd05b20,org.apache.commons.cli.Parser,org.apache.commons.cli.Parser_ESTest,19,0,False
373,Defects4J,Cli-30,0,f959fa765f86437191b708998cd05b20,org.apache.commons.cli.DefaultParser,org.apache.commons.cli.DefaultParser_ESTest,19,0,False
374,Defects4J,Cli-30,0,79a5f88ee36a4102b950c22e6d33110a,org.apache.commons.cli.Parser,org.apache.commons.cli.Parser_ESTest,18,0,False
375,Defects4J,Cli-30,0,79a5f88ee36a4102b950c22e6d33110a,org.apache.commons.cli.DefaultParser,org.apache.commons.cli.DefaultParser_ESTest,20,0,False
376,Defects4J,Cli-30,0,ad42551a36ad43759aed03c8006ab749,org.apache.commons.cli.Parser,org.apache.commons.cli.Parser_ESTest,19,0,False
377,Defects4J,Cli-30,0,ad42551a36ad43759aed03c8006ab749,org.apache.commons.cli.DefaultParser,org.apache.commons.cli.DefaultParser_ESTest,19,0,False
378,Defects4J,Cli-30,0,b6b76da9cf7a4c25af4219adb56b7683,org.apache.commons.cli.Parser,org.apache.commons.cli.Parser_ESTest,23,0,False
379,Defects4J,Cli-30,0,b6b76da9cf7a4c25af4219adb56b7683,org.apache.commons.cli.DefaultParser,org.apache.commons.cli.DefaultParser_ESTest,21,0,False
380,Defects4J,Cli-30,0,b1020cb1ca5547a4b7de827b5295d110,org.apache.commons.cli.Parser,org.apache.commons.cli.Parser_ESTest,18,0,False
381,Defects4J,Cli-30,0,b1020cb1ca5547a4b7de827b5295d110,org.apache.commons.cli.DefaultParser,org.apache.commons.cli.DefaultParser_ESTest,23,0,False
382,Defects4J,Cli-30,0,f3cb46b93e9842f3b495e58b8213dae0,org.apache.commons.cli.Parser,org.apache.commons.cli.Parser_ESTest,19,0,False
383,Defects4J,Cli-30,0,f3cb46b93e9842f3b495e58b8213dae0,org.apache.commons.cli.DefaultParser,org.apache.commons.cli.DefaultParser_ESTest,28,0,False
384,Defects4J,Cli-30,0,cb11ba3d460245bf8de1b412bfdc87a9,org.apache.commons.cli.Parser,org.apache.commons.cli.Parser_ESTest,21,0,False
385,Defects4J,Cli-30,0,cb11ba3d460245bf8de1b412bfdc87a9,org.apache.commons.cli.DefaultParser,org.apache.commons.cli.DefaultParser_ESTest,19,0,False
386,Defects4J,Cli-30,0,db92fb355a524c1cbb2975b6f6f93ad6,org.apache.commons.cli.Parser,org.apache.commons.cli.Parser_ESTest,21,0,False
387,Defects4J,Cli-30,0,db92fb355a524c1cbb2975b6f6f93ad6,org.apache.commons.cli.DefaultParser,org.apache.commons.cli.DefaultParser_ESTest,22,0,False
388,Defects4J,Cli-30,0,5e8c922ccab944f8afc3ac04ef4609a4,org.apache.commons.cli.Parser,org.apache.commons.cli.Parser_ESTest,19,0,False
389,Defects4J,Cli-30,0,5e8c922ccab944f8afc3ac04ef4609a4,org.apache.commons.cli.DefaultParser,org.apache.commons.cli.DefaultParser_ESTest,23,0,False
390,Defects4J,Cli-30,1,4bfb9ae4f3184d908c3a20a639f52819,org.apache.commons.cli.Parser,org.apache.commons.cli.Parser_ESTest,20,0,False
391,Defects4J,Cli-30,1,4bfb9ae4f3184d908c3a20a639f52819,org.apache.commons.cli.DefaultParser,org.apache.commons.cli.DefaultParser_ESTest,16,0,False
392,Defects4J,Cli-30,1,f959fa765f86437191b708998cd05b20,org.apache.commons.cli.Parser,org.apache.commons.cli.Parser_ESTest,19,0,False
393,Defects4J,Cli-30,1,f959fa765f86437191b708998cd05b20,org.apache.commons.cli.DefaultParser,org.apache.commons.cli.DefaultParser_ESTest,19,0,False
394,Defects4J,Cli-30,1,79a5f88ee36a4102b950c22e6d33110a,org.apache.commons.cli.Parser,org.apache.commons.cli.Parser_ESTest,18,0,False
395,Defects4J,Cli-30,1,79a5f88ee36a4102b950c22e6d33110a,org.apache.commons.cli.DefaultParser,org.apache.commons.cli.DefaultParser_ESTest,20,0,False
396,Defects4J,Cli-30,1,ad42551a36ad43759aed03c8006ab749,org.apache.commons.cli.Parser,org.apache.commons.cli.Parser_ESTest,19,0,False
397,Defects4J,Cli-30,1,ad42551a36ad43759aed03c8006ab749,org.apache.commons.cli.DefaultParser,org.apache.commons.cli.DefaultParser_ESTest,19,0,False
398,Defects4J,Cli-30,1,b6b76da9cf7a4c25af4219adb56b7683,org.apache.commons.cli.Parser,org.apache.commons.cli.Parser_ESTest,23,0,False
399,Defects4J,Cli-30,1,b6b76da9cf7a4c25af4219adb56b7683,org.apache.commons.cli.DefaultParser,org.apache.commons.cli.DefaultParser_ESTest,21,0,False
400,Defects4J,Cli-30,1,b1020cb1ca5547a4b7de827b5295d110,org.apache.commons.cli.Parser,org.apache.commons.cli.Parser_ESTest,18,0,False
401,Defects4J,Cli-30,1,b1020cb1ca5547a4b7de827b5295d110,org.apache.commons.cli.DefaultParser,org.apache.commons.cli.DefaultParser_ESTest,23,0,False
402,Defects4J,Cli-30,1,f3cb46b93e9842f3b495e58b8213dae0,org.apache.commons.cli.Parser,org.apache.commons.cli.Parser_ESTest,19,0,False
403,Defects4J,Cli-30,1,f3cb46b93e9842f3b495e58b8213dae0,org.apache.commons.cli.DefaultParser,org.apache.commons.cli.DefaultParser_ESTest,28,0,False
404,Defects4J,Cli-30,1,cb11ba3d460245bf8de1b412bfdc87a9,org.apache.commons.cli.Parser,org.apache.commons.cli.Parser_ESTest,21,0,False
405,Defects4J,Cli-30,1,cb11ba3d460245bf8de1b412bfdc87a9,org.apache.commons.cli.DefaultParser,org.apache.commons.cli.DefaultParser_ESTest,19,0,False
406,Defects4J,Cli-30,1,db92fb355a524c1cbb2975b6f6f93ad6,org.apache.commons.cli.Parser,org.apache.commons.cli.Parser_ESTest,21,0,False
407,Defects4J,Cli-30,1,db92fb355a524c1cbb2975b6f6f93ad6,org.apache.commons.cli.DefaultParser,org.apache.commons.cli.DefaultParser_ESTest,22,0,False
408,Defects4J,Cli-30,1,5e8c922ccab944f8afc3ac04ef4609a4,org.apache.commons.cli.Parser,org.apache.commons.cli.Parser_ESTest,19,0,False
409,Defects4J,Cli-30,1,5e8c922ccab944f8afc3ac04ef4609a4,org.apache.commons.cli.DefaultParser,org.apache.commons.cli.DefaultParser_ESTest,23,0,False
410,NPEX,PDFBox-55586aad,0,db0338c23b6541dd860099f3db044522,org.apache.pdfbox.pdmodel.interactive.action.PDActionURI,org.apache.pdfbox.pdmodel.interactive.action.PDActionURI_ESTest,4,0,False
411,NPEX,PDFBox-55586aad,0,6c71a0e5b44042eda15aac3e5f8359b3,org.apache.pdfbox.pdmodel.interactive.action.PDActionURI,org.apache.pdfbox.pdmodel.interactive.action.PDActionURI_ESTest,5,0,False
412,NPEX,PDFBox-55586aad,0,07c63da3b10b4f10a1237d1ddc3cf232,org.apache.pdfbox.pdmodel.interactive.action.PDActionURI,org.apache.pdfbox.pdmodel.interactive.action.PDActionURI_ESTest,4,0,False
413,NPEX,PDFBox-55586aad,0,f7a072eb6c5847c288d0dfd44d930ef4,org.apache.pdfbox.pdmodel.interactive.action.PDActionURI,org.apache.pdfbox.pdmodel.interactive.action.PDActionURI_ESTest,5,0,False
414,NPEX,PDFBox-55586aad,0,a05699012f6c47c6be902dda67d28daf,org.apache.pdfbox.pdmodel.interactive.action.PDActionURI,org.apache.pdfbox.pdmodel.interactive.action.PDActionURI_ESTest,5,0,False
415,NPEX,PDFBox-55586aad,0,69883805c5af4f83ad1e3a5dc9163f49,org.apache.pdfbox.pdmodel.interactive.action.PDActionURI,org.apache.pdfbox.pdmodel.interactive.action.PDActionURI_ESTest,4,0,False
416,NPEX,PDFBox-55586aad,0,4be497db176e4ec9b03d8cf8c6dfd188,org.apache.pdfbox.pdmodel.interactive.action.PDActionURI,org.apache.pdfbox.pdmodel.interactive.action.PDActionURI_ESTest,5,0,False
417,NPEX,PDFBox-55586aad,0,8ae8bd45fe834041815393e5d304d5ea,org.apache.pdfbox.pdmodel.interactive.action.PDActionURI,org.apache.pdfbox.pdmodel.interactive.action.PDActionURI_ESTest,4,0,False
418,NPEX,PDFBox-55586aad,0,5702ea0feb444f948a5a848f7728a609,org.apache.pdfbox.pdmodel.interactive.action.PDActionURI,org.apache.pdfbox.pdmodel.interactive.action.PDActionURI_ESTest,5,0,False
419,NPEX,PDFBox-55586aad,0,0a0398fcf47344a68f6586ccb84c0789,org.apache.pdfbox.pdmodel.interactive.action.PDActionURI,org.apache.pdfbox.pdmodel.interactive.action.PDActionURI_ESTest,4,0,False
420,NPEX,Log4j_2-6a233016,0,4585bffd4a524523b3a46df8f536a6a7,org.apache.logging.log4j.core.async.RingBufferLogEvent,org.apache.logging.log4j.core.async.RingBufferLogEvent_ESTest,66,0,False
421,NPEX,Log4j_2-6a233016,0,0bdf03f22c37422097a59a6169c8db6d,org.apache.logging.log4j.core.async.RingBufferLogEvent,org.apache.logging.log4j.core.async.RingBufferLogEvent_ESTest,62,0,True
422,NPEX,Log4j_2-6a233016,0,c34fe9440e5c4e01b2229451b15357ee,org.apache.logging.log4j.core.async.RingBufferLogEvent,org.apache.logging.log4j.core.async.RingBufferLogEvent_ESTest,70,0,False
423,NPEX,Log4j_2-6a233016,0,011cd0abb8f94827bc7e7ecd50367c4d,org.apache.logging.log4j.core.async.RingBufferLogEvent,org.apache.logging.log4j.core.async.RingBufferLogEvent_ESTest,58,0,False
424,NPEX,Log4j_2-6a233016,0,7201e39825794f5483ecb3155121b817,org.apache.logging.log4j.core.async.RingBufferLogEvent,org.apache.logging.log4j.core.async.RingBufferLogEvent_ESTest,67,0,False
425,NPEX,Log4j_2-6a233016,0,489c13191005453fbd444c4662a3fbd2,org.apache.logging.log4j.core.async.RingBufferLogEvent,org.apache.logging.log4j.core.async.RingBufferLogEvent_ESTest,70,0,False
426,NPEX,Log4j_2-6a233016,0,08f83cbddbef4b50ba6ffe432a18da55,org.apache.logging.log4j.core.async.RingBufferLogEvent,org.apache.logging.log4j.core.async.RingBufferLogEvent_ESTest,71,0,True
427,NPEX,Log4j_2-6a233016,0,9c1bc3700b7145439a57410809d49756,org.apache.logging.log4j.core.async.RingBufferLogEvent,org.apache.logging.log4j.core.async.RingBufferLogEvent_ESTest,74,0,False
428,NPEX,Log4j_2-6a233016,0,c8749236586a40b0948a994feca40a8b,org.apache.logging.log4j.core.async.RingBufferLogEvent,org.apache.logging.log4j.core.async.RingBufferLogEvent_ESTest,67,0,False
429,NPEX,Log4j_2-6a233016,0,4406b91e64a6412dadae27c4bf25a257,org.apache.logging.log4j.core.async.RingBufferLogEvent,org.apache.logging.log4j.core.async.RingBufferLogEvent_ESTest,67,0,False
430,NPEX,Ninja-16aa9c14,0,5c8f62e0e61c46b0ac2cc8cb4779e37a,ninja.Route,ninja.Route_ESTest,18,0,False
431,NPEX,Ninja-16aa9c14,0,79e8ebaa38f946c0a9e27f1af790cddd,ninja.Route,ninja.Route_ESTest,22,0,False
432,NPEX,Ninja-16aa9c14,0,b5f90982d30642108c2499be7c775781,ninja.Route,ninja.Route_ESTest,15,0,False
433,NPEX,Ninja-16aa9c14,0,bf23f1408a5640c7b8386433a503030d,ninja.Route,ninja.Route_ESTest,16,0,False
434,NPEX,Ninja-16aa9c14,0,d0e82fc1b9144d1384af3bacb1f5c131,ninja.Route,ninja.Route_ESTest,19,0,False
435,NPEX,Ninja-16aa9c14,0,85f852d7842147e98a82ba524a89be15,ninja.Route,ninja.Route_ESTest,20,0,False
436,NPEX,Ninja-16aa9c14,0,17f12c0f30614b9ab6b7f2c5925f3097,ninja.Route,ninja.Route_ESTest,18,0,False
437,NPEX,Ninja-16aa9c14,0,02608d52f42a42b4bec4c5f3c702f110,ninja.Route,ninja.Route_ESTest,22,0,False
438,NPEX,Ninja-16aa9c14,0,b88c3239a2fd4e3bb800ab2ff2797ab5,ninja.Route,ninja.Route_ESTest,19,0,False
439,NPEX,Ninja-16aa9c14,0,18ec804e78e04e30a2a3317947ce50cd,ninja.Route,ninja.Route_ESTest,19,0,False
440,NPEX,Aries_JPA-97cb979d,0,561b223c97ac479c9b4a61e83d6de559,org.apache.aries.jpa.blueprint.impl.AnnotationScanner,org.apache.aries.jpa.blueprint.impl.AnnotationScanner_ESTest,2,0,False
441,NPEX,Aries_JPA-97cb979d,0,33b21a3fe8514e748bd27f325b07bbd1,org.apache.aries.jpa.blueprint.impl.AnnotationScanner,org.apache.aries.jpa.blueprint.impl.AnnotationScanner_ESTest,2,0,False
442,NPEX,Aries_JPA-97cb979d,0,69f77a5891724647a0bbfa30550a9e31,org.apache.aries.jpa.blueprint.impl.AnnotationScanner,org.apache.aries.jpa.blueprint.impl.AnnotationScanner_ESTest,2,0,False
443,NPEX,Aries_JPA-97cb979d,0,9027c7cbdce545c5b9cb2fdd90ef527f,org.apache.aries.jpa.blueprint.impl.AnnotationScanner,org.apache.aries.jpa.blueprint.impl.AnnotationScanner_ESTest,2,0,False
444,NPEX,Aries_JPA-97cb979d,0,39fdeb20dcc14dcd9770bbcd03e9ef7b,org.apache.aries.jpa.blueprint.impl.AnnotationScanner,org.apache.aries.jpa.blueprint.impl.AnnotationScanner_ESTest,2,0,False
445,NPEX,Aries_JPA-97cb979d,0,1e0386322ff94430bbad169b42bbaff0,org.apache.aries.jpa.blueprint.impl.AnnotationScanner,org.apache.aries.jpa.blueprint.impl.AnnotationScanner_ESTest,2,0,False
446,NPEX,Aries_JPA-97cb979d,0,2df434988c6742319191d6186be52f9b,org.apache.aries.jpa.blueprint.impl.AnnotationScanner,org.apache.aries.jpa.blueprint.impl.AnnotationScanner_ESTest,2,0,False
447,NPEX,Aries_JPA-97cb979d,0,3fc96353d61b4b9aa34a5ec8a4ad1895,org.apache.aries.jpa.blueprint.impl.AnnotationScanner,org.apache.aries.jpa.blueprint.impl.AnnotationScanner_ESTest,2,0,False
448,NPEX,Aries_JPA-97cb979d,0,4becedff8f8f419abe81b6a52e3bfebc,org.apache.aries.jpa.blueprint.impl.AnnotationScanner,org.apache.aries.jpa.blueprint.impl.AnnotationScanner_ESTest,2,0,False
449,NPEX,Aries_JPA-97cb979d,0,ee2620a6a78e42f5b02dfdbda18add41,org.apache.aries.jpa.blueprint.impl.AnnotationScanner,org.apache.aries.jpa.blueprint.impl.AnnotationScanner_ESTest,2,0,False
450,NPEX,Activiti-c45d6c3c,0,b00acfdf41774883b5b43eb2ec203a45,org.activiti.engine.impl.variable.JPAEntityMappings,org.activiti.engine.impl.variable.JPAEntityMappings_ESTest,7,0,False
451,NPEX,Activiti-c45d6c3c,0,c5148b8deb7d41e79be35320cbf45fb3,org.activiti.engine.impl.variable.JPAEntityMappings,org.activiti.engine.impl.variable.JPAEntityMappings_ESTest,7,0,False
452,NPEX,Activiti-c45d6c3c,0,1a0f66a18317489493ec48782e442f4e,org.activiti.engine.impl.variable.JPAEntityMappings,org.activiti.engine.impl.variable.JPAEntityMappings_ESTest,7,0,False
453,NPEX,Activiti-c45d6c3c,0,91e0be28f4f8467795da6784a578e52d,org.activiti.engine.impl.variable.JPAEntityMappings,org.activiti.engine.impl.variable.JPAEntityMappings_ESTest,6,0,False
454,NPEX,Activiti-c45d6c3c,0,a45a3a179d70449eb7962c6249a227a8,org.activiti.engine.impl.variable.JPAEntityMappings,org.activiti.engine.impl.variable.JPAEntityMappings_ESTest,7,0,False
455,NPEX,Activiti-c45d6c3c,0,0dbf12943e114d489e5b8b72969382ba,org.activiti.engine.impl.variable.JPAEntityMappings,org.activiti.engine.impl.variable.JPAEntityMappings_ESTest,8,0,False
456,NPEX,Activiti-c45d6c3c,0,5b0ed733db0045cb98b3325ed73c4dd0,org.activiti.engine.impl.variable.JPAEntityMappings,org.activiti.engine.impl.variable.JPAEntityMappings_ESTest,8,0,False
457,NPEX,Activiti-c45d6c3c,0,02e8f4d559fd452dbbe7273fd74bad08,org.activiti.engine.impl.variable.JPAEntityMappings,org.activiti.engine.impl.variable.JPAEntityMappings_ESTest,7,0,False
458,NPEX,Activiti-c45d6c3c,0,44fec898a942429289a59fe59eaada0e,org.activiti.engine.impl.variable.JPAEntityMappings,org.activiti.engine.impl.variable.JPAEntityMappings_ESTest,7,0,False
459,NPEX,Activiti-c45d6c3c,0,44dd8c12f8dc4cf4827a1a8a32453355,org.activiti.engine.impl.variable.JPAEntityMappings,org.activiti.engine.impl.variable.JPAEntityMappings_ESTest,9,0,False
460,NPEX,Nutz-87a4b212,0,5b1c880757354e95a2f351819d096814,org.nutz.lang.Mirror,org.nutz.lang.Mirror_ESTest,129,0,False
461,NPEX,Nutz-87a4b212,0,70fa8d8fc11545ab8cb14678fae8715f,org.nutz.lang.Mirror,org.nutz.lang.Mirror_ESTest,142,0,False
462,NPEX,Nutz-87a4b212,0,a50dd535f338481195a3f9dc54d76eb2,org.nutz.lang.Mirror,org.nutz.lang.Mirror_ESTest,116,0,False
463,NPEX,Nutz-87a4b212,0,3a6cd3228dc6476da0cc66621f6e29a5,org.nutz.lang.Mirror,org.nutz.lang.Mirror_ESTest,100,0,False
464,NPEX,Nutz-87a4b212,0,53677107e7164abb898f83b44127474c,org.nutz.lang.Mirror,org.nutz.lang.Mirror_ESTest,120,0,False
465,NPEX,Nutz-87a4b212,0,8af6264b6bb546ebbe960f399151120d,org.nutz.lang.Mirror,org.nutz.lang.Mirror_ESTest,118,0,False
466,NPEX,Nutz-87a4b212,0,db41481a09464ca6bf1e4d01dce0c387,org.nutz.lang.Mirror,org.nutz.lang.Mirror_ESTest,129,0,False
467,NPEX,Nutz-87a4b212,0,be17004506894ec587a8fd47e3902687,org.nutz.lang.Mirror,org.nutz.lang.Mirror_ESTest,97,0,False
468,NPEX,Nutz-87a4b212,0,7446f80a66f744ce83d45f5dc055ea71,org.nutz.lang.Mirror,org.nutz.lang.Mirror_ESTest,131,0,False
469,NPEX,Nutz-87a4b212,0,17864f815812464f8cf9a7ea46fb2ed2,org.nutz.lang.Mirror,org.nutz.lang.Mirror_ESTest,135,0,False
470,NPEX,OpenPDF-a89dfdf5,0,6ac106e9d2d142458656395503240f72,com.lowagie.text.pdf.StandardDecryption,com.lowagie.text.pdf.StandardDecryption_ESTest,3,0,False
471,NPEX,OpenPDF-a89dfdf5,0,6a0d371cd9bf436a87a58d8443fe4669,com.lowagie.text.pdf.StandardDecryption,com.lowagie.text.pdf.StandardDecryption_ESTest,4,0,False
472,NPEX,OpenPDF-a89dfdf5,0,94e36836019c4f28bd25c1f453f95e52,com.lowagie.text.pdf.StandardDecryption,com.lowagie.text.pdf.StandardDecryption_ESTest,4,0,False
473,NPEX,OpenPDF-a89dfdf5,0,5f92e1a8deda449bb52d75cd5f6da1af,com.lowagie.text.pdf.StandardDecryption,com.lowagie.text.pdf.StandardDecryption_ESTest,5,0,False
474,NPEX,OpenPDF-a89dfdf5,0,2648676f427343aaab6d31b9746dc275,com.lowagie.text.pdf.StandardDecryption,com.lowagie.text.pdf.StandardDecryption_ESTest,4,0,False
475,NPEX,OpenPDF-a89dfdf5,0,6762e34caf1442c4a1b94fe2f2d6993f,com.lowagie.text.pdf.StandardDecryption,com.lowagie.text.pdf.StandardDecryption_ESTest,3,0,False
476,NPEX,OpenPDF-a89dfdf5,0,1066c8d30b2a4b82b844f9e1e6810bde,com.lowagie.text.pdf.StandardDecryption,com.lowagie.text.pdf.StandardDecryption_ESTest,3,0,False
477,NPEX,OpenPDF-a89dfdf5,0,a3c9067b996d465eb2a94d7bd9e55a3f,com.lowagie.text.pdf.StandardDecryption,com.lowagie.text.pdf.StandardDecryption_ESTest,4,0,False
478,NPEX,OpenPDF-a89dfdf5,0,32cbd4bdd1664f24bbd89e77fd12c8fd,com.lowagie.text.pdf.StandardDecryption,com.lowagie.text.pdf.StandardDecryption_ESTest,4,0,False
479,NPEX,OpenPDF-a89dfdf5,0,048fabc64ba146ec817c23de5dfa7e52,com.lowagie.text.pdf.StandardDecryption,com.lowagie.text.pdf.StandardDecryption_ESTest,4,0,False
480,NPEX,ActiveMQ_Artemis-586abba9,0,f7c9d340c2294d7d9d9bd70709d8da85,org.apache.activemq.artemis.selector.filter.UnaryExpression,org.apache.activemq.artemis.selector.filter.UnaryExpression_ESTest,25,0,False
481,NPEX,ActiveMQ_Artemis-586abba9,0,d132a31106d0490b86ca3d3169a7c567,org.apache.activemq.artemis.selector.filter.UnaryExpression,org.apache.activemq.artemis.selector.filter.UnaryExpression_ESTest,25,0,False
482,NPEX,ActiveMQ_Artemis-586abba9,0,120d9ec472f64d318d06f6ce99d14c6c,org.apache.activemq.artemis.selector.filter.UnaryExpression,org.apache.activemq.artemis.selector.filter.UnaryExpression_ESTest,26,0,False
483,NPEX,ActiveMQ_Artemis-586abba9,0,48f0165ea9374b5dbd692159ac811096,org.apache.activemq.artemis.selector.filter.UnaryExpression,org.apache.activemq.artemis.selector.filter.UnaryExpression_ESTest,26,0,False
484,NPEX,ActiveMQ_Artemis-586abba9,0,d51c727c6ffa4786a30ebe80fc950070,org.apache.activemq.artemis.selector.filter.UnaryExpression,org.apache.activemq.artemis.selector.filter.UnaryExpression_ESTest,24,0,False
485,NPEX,ActiveMQ_Artemis-586abba9,0,77bca87bb4ee48a6890223f41120121b,org.apache.activemq.artemis.selector.filter.UnaryExpression,org.apache.activemq.artemis.selector.filter.UnaryExpression_ESTest,25,0,False
486,NPEX,ActiveMQ_Artemis-586abba9,0,83c97bca338f4a5daf2c8764e588c655,org.apache.activemq.artemis.selector.filter.UnaryExpression,org.apache.activemq.artemis.selector.filter.UnaryExpression_ESTest,24,0,False
487,NPEX,ActiveMQ_Artemis-586abba9,0,6d9601db3a9f4df9ba3d37cd189f12e5,org.apache.activemq.artemis.selector.filter.UnaryExpression,org.apache.activemq.artemis.selector.filter.UnaryExpression_ESTest,25,0,False
488,NPEX,ActiveMQ_Artemis-586abba9,0,2b124da9efe84001a135f8bd2f4fab98,org.apache.activemq.artemis.selector.filter.UnaryExpression,org.apache.activemq.artemis.selector.filter.UnaryExpression_ESTest,24,0,False
489,NPEX,ActiveMQ_Artemis-586abba9,0,79771badb34f4dd4b7ad1fdf7f864bd6,org.apache.activemq.artemis.selector.filter.UnaryExpression,org.apache.activemq.artemis.selector.filter.UnaryExpression_ESTest,28,0,False
490,NPEX,ShardingSphere-82b1b9d5,0,2dd2c95853fa43669f9f66931904e308,org.apache.shardingsphere.infra.executor.sql.context.ExecutionContextBuilder,org.apache.shardingsphere.infra.executor.sql.context.ExecutionContextBuilder_ESTest,5,0,False
491,NPEX,ShardingSphere-82b1b9d5,0,e62749bdaf1e4cd1a52aa63b99658cc4,org.apache.shardingsphere.infra.executor.sql.context.ExecutionContextBuilder,org.apache.shardingsphere.infra.executor.sql.context.ExecutionContextBuilder_ESTest,5,0,False
492,NPEX,ShardingSphere-82b1b9d5,0,a2dedee785754aa1a6bd16ecc30882bd,org.apache.shardingsphere.infra.executor.sql.context.ExecutionContextBuilder,org.apache.shardingsphere.infra.executor.sql.context.ExecutionContextBuilder_ESTest,5,0,False
493,NPEX,ShardingSphere-82b1b9d5,0,530e05bd767d45b2a967134aadf262d4,org.apache.shardingsphere.infra.executor.sql.context.ExecutionContextBuilder,org.apache.shardingsphere.infra.executor.sql.context.ExecutionContextBuilder_ESTest,7,0,False
494,NPEX,ShardingSphere-82b1b9d5,0,186ea9c2dcc4411e8bd59a08b28b6e18,org.apache.shardingsphere.infra.executor.sql.context.ExecutionContextBuilder,org.apache.shardingsphere.infra.executor.sql.context.ExecutionContextBuilder_ESTest,7,0,False
495,NPEX,ShardingSphere-82b1b9d5,0,c664b7e650f144949225b8552a756393,org.apache.shardingsphere.infra.executor.sql.context.ExecutionContextBuilder,org.apache.shardingsphere.infra.executor.sql.context.ExecutionContextBuilder_ESTest,7,0,False
496,NPEX,ShardingSphere-82b1b9d5,0,952554332c9a4dd4a018f89ec5f1372f,org.apache.shardingsphere.infra.executor.sql.context.ExecutionContextBuilder,org.apache.shardingsphere.infra.executor.sql.context.ExecutionContextBuilder_ESTest,5,0,False
497,NPEX,ShardingSphere-82b1b9d5,0,76ab6f1d5b9b40b2a4cb2b26a46b8e3c,org.apache.shardingsphere.infra.executor.sql.context.ExecutionContextBuilder,org.apache.shardingsphere.infra.executor.sql.context.ExecutionContextBuilder_ESTest,7,0,False
498,NPEX,ShardingSphere-82b1b9d5,0,01d49875f5554f40b60edfd86e568741,org.apache.shardingsphere.infra.executor.sql.context.ExecutionContextBuilder,org.apache.shardingsphere.infra.executor.sql.context.ExecutionContextBuilder_ESTest,7,0,False
499,NPEX,ShardingSphere-82b1b9d5,0,27a7f0278a8d4d27a0cb4ebe086ffde6,org.apache.shardingsphere.infra.executor.sql.context.ExecutionContextBuilder,org.apache.shardingsphere.infra.executor.sql.context.ExecutionContextBuilder_ESTest,5,0,False
500,NPEX,CXF-7cfc8d07,0,c9175fbffbf3488fb4746f68f11a155f,org.apache.cxf.rs.security.jose.jws.JwsUtils,org.apache.cxf.rs.security.jose.jws.JwsUtils_ESTest,76,0,False
501,NPEX,CXF-7cfc8d07,0,8310157d979e4dc8b5c22a5e05a8ff84,org.apache.cxf.rs.security.jose.jws.JwsUtils,org.apache.cxf.rs.security.jose.jws.JwsUtils_ESTest,73,0,False
502,NPEX,CXF-7cfc8d07,0,2af92f25b148497b91d3e76771b7313e,org.apache.cxf.rs.security.jose.jws.JwsUtils,org.apache.cxf.rs.security.jose.jws.JwsUtils_ESTest,71,0,False
503,NPEX,CXF-7cfc8d07,0,0d99fc56849d410aa1d4fa79d08564a2,org.apache.cxf.rs.security.jose.jws.JwsUtils,org.apache.cxf.rs.security.jose.jws.JwsUtils_ESTest,69,0,False
504,NPEX,CXF-7cfc8d07,0,898871a718864e629bbc65507366c921,org.apache.cxf.rs.security.jose.jws.JwsUtils,org.apache.cxf.rs.security.jose.jws.JwsUtils_ESTest,71,0,False
505,NPEX,CXF-7cfc8d07,0,f28037bffe644c888a521828e8d276ee,org.apache.cxf.rs.security.jose.jws.JwsUtils,org.apache.cxf.rs.security.jose.jws.JwsUtils_ESTest,72,0,False
506,NPEX,CXF-7cfc8d07,0,e76075ef407942f0aaedd7658f6e4443,org.apache.cxf.rs.security.jose.jws.JwsUtils,org.apache.cxf.rs.security.jose.jws.JwsUtils_ESTest,75,0,False
507,NPEX,CXF-7cfc8d07,0,f9942c813694485f93fa3bc71c649e00,org.apache.cxf.rs.security.jose.jws.JwsUtils,org.apache.cxf.rs.security.jose.jws.JwsUtils_ESTest,75,0,False
508,NPEX,CXF-7cfc8d07,0,fdfdbf77882f4858902360b0cd10eeb8,org.apache.cxf.rs.security.jose.jws.JwsUtils,org.apache.cxf.rs.security.jose.jws.JwsUtils_ESTest,70,0,False
509,NPEX,Fastjson-650a300f,0,ec5a15e2d737467ba78db7e47bf8b24c,com.alibaba.fastjson.parser.deserializer.DefaultFieldDeserializer,com.alibaba.fastjson.parser.deserializer.DefaultFieldDeserializer_ESTest,8,0,False
510,NPEX,Fastjson-650a300f,0,367fe733194d474181426bd8d42a234a,com.alibaba.fastjson.parser.deserializer.DefaultFieldDeserializer,com.alibaba.fastjson.parser.deserializer.DefaultFieldDeserializer_ESTest,9,0,False
511,NPEX,Fastjson-650a300f,0,7cc247f213e4434683d0d6e2e3097348,com.alibaba.fastjson.parser.deserializer.DefaultFieldDeserializer,com.alibaba.fastjson.parser.deserializer.DefaultFieldDeserializer_ESTest,7,0,False
512,NPEX,Fastjson-650a300f,0,ff3cce10b6e2470fa10ab31a5f14600c,com.alibaba.fastjson.parser.deserializer.DefaultFieldDeserializer,com.alibaba.fastjson.parser.deserializer.DefaultFieldDeserializer_ESTest,9,0,False
513,NPEX,Fastjson-650a300f,0,a993cdb5df6b4708a93b96670c64b60e,com.alibaba.fastjson.parser.deserializer.DefaultFieldDeserializer,com.alibaba.fastjson.parser.deserializer.DefaultFieldDeserializer_ESTest,10,0,False
514,NPEX,Fastjson-650a300f,0,a07b38c596c54300843a42a2fb4ce3ee,com.alibaba.fastjson.parser.deserializer.DefaultFieldDeserializer,com.alibaba.fastjson.parser.deserializer.DefaultFieldDeserializer_ESTest,7,0,False
515,NPEX,Fastjson-650a300f,0,ac2387848b214c2eb8dbadeee25c0168,com.alibaba.fastjson.parser.deserializer.DefaultFieldDeserializer,com.alibaba.fastjson.parser.deserializer.DefaultFieldDeserializer_ESTest,8,0,False
516,NPEX,Fastjson-650a300f,0,9a686c6710f54e79b2e56e58a98a9a9c,com.alibaba.fastjson.parser.deserializer.DefaultFieldDeserializer,com.alibaba.fastjson.parser.deserializer.DefaultFieldDeserializer_ESTest,8,0,False
517,NPEX,Fastjson-650a300f,0,8a3f18288f3c47648aaf2e3fe396f39e,com.alibaba.fastjson.parser.deserializer.DefaultFieldDeserializer,com.alibaba.fastjson.parser.deserializer.DefaultFieldDeserializer_ESTest,11,0,False
518,NPEX,Fastjson-650a300f,0,07dc474b339a40df8bacba4881b727ee,com.alibaba.fastjson.parser.deserializer.DefaultFieldDeserializer,com.alibaba.fastjson.parser.deserializer.DefaultFieldDeserializer_ESTest,8,0,False
519,NPEX,FOP-10e0d1c2,0,3923152165bd461489c0c23492e077be,org.apache.fop.fonts.SingleByteFont,org.apache.fop.fonts.SingleByteFont_ESTest,57,0,True
520,NPEX,FOP-10e0d1c2,0,f406a2832cf64aaab992150e4783eb76,org.apache.fop.fonts.SingleByteFont,org.apache.fop.fonts.SingleByteFont_ESTest,53,0,True
521,NPEX,FOP-10e0d1c2,0,bf77636d47394ebabe237c242800b87c,org.apache.fop.fonts.SingleByteFont,org.apache.fop.fonts.SingleByteFont_ESTest,60,0,True
522,NPEX,FOP-10e0d1c2,0,faba466a7b234a5ca2170eaa2bff919a,org.apache.fop.fonts.SingleByteFont,org.apache.fop.fonts.SingleByteFont_ESTest,54,0,True
523,NPEX,FOP-10e0d1c2,0,92e418dc905d476e807aa70f85fa76f6,org.apache.fop.fonts.SingleByteFont,org.apache.fop.fonts.SingleByteFont_ESTest,64,0,True
524,NPEX,FOP-10e0d1c2,0,2d5ede4fa2154a1e8d4490a40be5bc0b,org.apache.fop.fonts.SingleByteFont,org.apache.fop.fonts.SingleByteFont_ESTest,53,0,True
525,NPEX,FOP-10e0d1c2,0,a29579be6ce54b12aff49dd99da49eac,org.apache.fop.fonts.SingleByteFont,org.apache.fop.fonts.SingleByteFont_ESTest,58,0,True
526,NPEX,FOP-10e0d1c2,0,22da61b9389849d38348b8b89d5d993a,org.apache.fop.fonts.SingleByteFont,org.apache.fop.fonts.SingleByteFont_ESTest,57,0,True
527,NPEX,FOP-10e0d1c2,0,11b131f550e04b38929672b5a04f1439,org.apache.fop.fonts.SingleByteFont,org.apache.fop.fonts.SingleByteFont_ESTest,56,0,True
528,NPEX,FOP-10e0d1c2,0,944df816007d4b78bf8d38369dbd126f,org.apache.fop.fonts.SingleByteFont,org.apache.fop.fonts.SingleByteFont_ESTest,56,0,True
529,NPEX,Log4j_2-85661de7,0,4ce2ade7e34144f4b354f56d7b46090c,org.apache.logging.log4j.spi.AbstractLogger,org.apache.logging.log4j.spi.AbstractLogger_ESTest,37,0,False
530,NPEX,Log4j_2-85661de7,0,e7fd3471275448af9395ae89e4530d9f,org.apache.logging.log4j.spi.AbstractLogger,org.apache.logging.log4j.spi.AbstractLogger_ESTest,32,0,False
531,NPEX,Log4j_2-85661de7,0,8a9014459f844644a32a4c7f9189de8e,org.apache.logging.log4j.spi.AbstractLogger,org.apache.logging.log4j.spi.AbstractLogger_ESTest,32,0,False
532,NPEX,Log4j_2-85661de7,0,0d98c6341bd14f1f80d4a6a717bd9d62,org.apache.logging.log4j.spi.AbstractLogger,org.apache.logging.log4j.spi.AbstractLogger_ESTest,27,0,False
533,NPEX,Log4j_2-85661de7,0,de28141a17c64b1cb7e473e8626b4264,org.apache.logging.log4j.spi.AbstractLogger,org.apache.logging.log4j.spi.AbstractLogger_ESTest,30,0,False
534,NPEX,Log4j_2-85661de7,0,5e236a0e6ebb470f86739b259db5943b,org.apache.logging.log4j.spi.AbstractLogger,org.apache.logging.log4j.spi.AbstractLogger_ESTest,32,0,False
535,NPEX,Log4j_2-85661de7,0,ffc29067b8dc48ec8e4df436ca8d321b,org.apache.logging.log4j.spi.AbstractLogger,org.apache.logging.log4j.spi.AbstractLogger_ESTest,37,0,False
536,NPEX,Log4j_2-85661de7,0,0eea66dc752c450d8634472fd61ef3ac,org.apache.logging.log4j.spi.AbstractLogger,org.apache.logging.log4j.spi.AbstractLogger_ESTest,22,0,False
537,NPEX,Log4j_2-85661de7,0,22ad6e501605402688992b0276945255,org.apache.logging.log4j.spi.AbstractLogger,org.apache.logging.log4j.spi.AbstractLogger_ESTest,23,0,False
538,NPEX,HttpComponents_Client-1026a1e5,0,411627a893e5429b9c0271e91496607e,org.apache.hc.client5.http.impl.classic.MinimalHttpClient,org.apache.hc.client5.http.impl.classic.MinimalHttpClient_ESTest,5,0,False
539,NPEX,HttpComponents_Client-1026a1e5,0,fb94189877a741a49811267436d5a415,org.apache.hc.client5.http.impl.classic.MinimalHttpClient,org.apache.hc.client5.http.impl.classic.MinimalHttpClient_ESTest,4,0,False
540,NPEX,HttpComponents_Client-1026a1e5,0,a8dbf48c50584c43ad7433e6452cdfcf,org.apache.hc.client5.http.impl.classic.MinimalHttpClient,org.apache.hc.client5.http.impl.classic.MinimalHttpClient_ESTest,5,0,False
541,NPEX,HttpComponents_Client-1026a1e5,0,34f2eb93b14843c6815fe306798018b6,org.apache.hc.client5.http.impl.classic.MinimalHttpClient,org.apache.hc.client5.http.impl.classic.MinimalHttpClient_ESTest,5,0,False
542,NPEX,HttpComponents_Client-1026a1e5,0,acf0691ee810442798d93a90d9212382,org.apache.hc.client5.http.impl.classic.MinimalHttpClient,org.apache.hc.client5.http.impl.classic.MinimalHttpClient_ESTest,4,0,False
543,NPEX,HttpComponents_Client-1026a1e5,0,3201a58e44f5434aa7f07434a532b6f0,org.apache.hc.client5.http.impl.classic.MinimalHttpClient,org.apache.hc.client5.http.impl.classic.MinimalHttpClient_ESTest,7,0,False
544,NPEX,HttpComponents_Client-1026a1e5,0,9fe26d69322f4601a2b6558c4087e53c,org.apache.hc.client5.http.impl.classic.MinimalHttpClient,org.apache.hc.client5.http.impl.classic.MinimalHttpClient_ESTest,8,0,False
545,NPEX,HttpComponents_Client-1026a1e5,0,b17d0b224cad4c77a1d5ac948dc7d2f1,org.apache.hc.client5.http.impl.classic.MinimalHttpClient,org.apache.hc.client5.http.impl.classic.MinimalHttpClient_ESTest,4,0,False
546,NPEX,HttpComponents_Client-1026a1e5,0,61a1c1ec251840c1b1b69006867a065f,org.apache.hc.client5.http.impl.classic.MinimalHttpClient,org.apache.hc.client5.http.impl.classic.MinimalHttpClient_ESTest,5,0,False
547,NPEX,HttpComponents_Client-1026a1e5,0,80d6910f111b4fe3b8dc73b52a75bd90,org.apache.hc.client5.http.impl.classic.MinimalHttpClient,org.apache.hc.client5.http.impl.classic.MinimalHttpClient_ESTest,5,0,False
548,NPEX,Commons_Configuration-a76a3a65,0,95c4889c357e40f78f31794fe33331b5,org.apache.commons.configuration2.XMLConfiguration,org.apache.commons.configuration2.XMLConfiguration_ESTest,37,0,False
549,NPEX,Commons_Configuration-a76a3a65,0,0858b8b80ee443839f8f1b07c0415791,org.apache.commons.configuration2.XMLConfiguration,org.apache.commons.configuration2.XMLConfiguration_ESTest,37,0,True
550,NPEX,Commons_Configuration-a76a3a65,0,5b98d0517c9d48a297d4e7980b8d3d89,org.apache.commons.configuration2.XMLConfiguration,org.apache.commons.configuration2.XMLConfiguration_ESTest,40,0,True
551,NPEX,Commons_Configuration-a76a3a65,0,35a5159f2a89405b8d23100acf8663c0,org.apache.commons.configuration2.XMLConfiguration,org.apache.commons.configuration2.XMLConfiguration_ESTest,35,0,True
552,NPEX,Commons_Configuration-a76a3a65,0,24803b8f5ed94c6280ad6ffea12af682,org.apache.commons.configuration2.XMLConfiguration,org.apache.commons.configuration2.XMLConfiguration_ESTest,35,0,False
553,NPEX,Commons_Configuration-a76a3a65,0,b50ee00269644521b0b54e1522cb7ada,org.apache.commons.configuration2.XMLConfiguration,org.apache.commons.configuration2.XMLConfiguration_ESTest$1,42,0,False
554,NPEX,Commons_Configuration-a76a3a65,0,b50ee00269644521b0b54e1522cb7ada,org.apache.commons.configuration2.XMLConfiguration,org.apache.commons.configuration2.XMLConfiguration_ESTest,42,0,False
555,NPEX,Commons_Configuration-a76a3a65,0,da14c6bd258c498882b5c5076e3533ac,org.apache.commons.configuration2.XMLConfiguration,org.apache.commons.configuration2.XMLConfiguration_ESTest,41,0,False
556,NPEX,Commons_Configuration-a76a3a65,0,b04dfabf837a470e84803b9beb444a5e,org.apache.commons.configuration2.XMLConfiguration,org.apache.commons.configuration2.XMLConfiguration_ESTest,38,0,False
557,NPEX,Commons_Configuration-a76a3a65,0,d4ebb6e874404341b9b8310ad262ac6e,org.apache.commons.configuration2.XMLConfiguration,org.apache.commons.configuration2.XMLConfiguration_ESTest,40,0,False
558,NPEX,Commons_Configuration-a76a3a65,0,0810be322de743a28db5c270ff14f704,org.apache.commons.configuration2.XMLConfiguration,org.apache.commons.configuration2.XMLConfiguration_ESTest,37,0,False
559,NPEX,Commons_Collections-796114ea,0,b9f4da2b5c6043c49b7c5e884994ac68,org.apache.commons.collections4.trie.AbstractPatriciaTrie,org.apache.commons.collections4.trie.AbstractPatriciaTrie_ESTest,83,0,False
560,NPEX,Commons_Collections-796114ea,0,622ec73dab1049369101f56d6a4e7085,org.apache.commons.collections4.trie.AbstractPatriciaTrie,org.apache.commons.collections4.trie.AbstractPatriciaTrie_ESTest,77,0,False
561,NPEX,Commons_Collections-796114ea,0,1a009ae534fb48ff86f423743aa46feb,org.apache.commons.collections4.trie.AbstractPatriciaTrie,org.apache.commons.collections4.trie.AbstractPatriciaTrie_ESTest,74,0,False
562,NPEX,Commons_Collections-796114ea,0,2aaa00ca15964093aaaaa49d837aba69,org.apache.commons.collections4.trie.AbstractPatriciaTrie,org.apache.commons.collections4.trie.AbstractPatriciaTrie_ESTest,77,0,False
563,NPEX,Commons_Collections-796114ea,0,0a1b0e5ec1134bb881c5fe6336881efe,org.apache.commons.collections4.trie.AbstractPatriciaTrie,org.apache.commons.collections4.trie.AbstractPatriciaTrie_ESTest,83,0,False
564,NPEX,Commons_Collections-796114ea,0,0e10072d261e4c52ac9ac94ac8b94f36,org.apache.commons.collections4.trie.AbstractPatriciaTrie,org.apache.commons.collections4.trie.AbstractPatriciaTrie_ESTest,91,0,False
565,NPEX,Commons_Collections-796114ea,0,6934b1955a9a441997aaecfc9fbda8ce,org.apache.commons.collections4.trie.AbstractPatriciaTrie,org.apache.commons.collections4.trie.AbstractPatriciaTrie_ESTest,85,0,False
566,NPEX,Commons_Collections-796114ea,0,c2f2206f66494aca8299c6fbf52f8e29,org.apache.commons.collections4.trie.AbstractPatriciaTrie,org.apache.commons.collections4.trie.AbstractPatriciaTrie_ESTest,86,0,False
567,NPEX,Commons_Collections-796114ea,0,a0401ee15a754b10bc49bdbf93cc2832,org.apache.commons.collections4.trie.AbstractPatriciaTrie,org.apache.commons.collections4.trie.AbstractPatriciaTrie_ESTest,87,0,False
568,NPEX,Commons_Collections-796114ea,0,2061f9126fea4998853702a8e20428f1,org.apache.commons.collections4.trie.AbstractPatriciaTrie,org.apache.commons.collections4.trie.AbstractPatriciaTrie_ESTest,82,0,False
569,NPEX,JSPWiki-d5bcff78,0,4f54f7315afe4e7d9c2e141eba43b7c5,org.apache.wiki.util.HttpUtil,org.apache.wiki.util.HttpUtil_ESTest,27,0,False
570,NPEX,JSPWiki-d5bcff78,0,b7835cea7b6f45e494adf3e36eba2813,org.apache.wiki.util.HttpUtil,org.apache.wiki.util.HttpUtil_ESTest,30,0,False
571,NPEX,JSPWiki-d5bcff78,0,fb8c5c89fe4b419784018383a68341df,org.apache.wiki.util.HttpUtil,org.apache.wiki.util.HttpUtil_ESTest,31,0,False
572,NPEX,JSPWiki-d5bcff78,0,8cde1a1162ea434aa863d3d959a2e7ba,org.apache.wiki.util.HttpUtil,org.apache.wiki.util.HttpUtil_ESTest,32,0,False
573,NPEX,JSPWiki-d5bcff78,0,fd62dfd2a1344b6cb6ada7ae74c5a91e,org.apache.wiki.util.HttpUtil,org.apache.wiki.util.HttpUtil_ESTest,29,0,False
574,NPEX,JSPWiki-d5bcff78,0,b5d842f497e14ea2bea72d5681f2d456,org.apache.wiki.util.HttpUtil,org.apache.wiki.util.HttpUtil_ESTest,28,0,False
575,NPEX,JSPWiki-d5bcff78,0,e278520ec1b540cfac7eaff54b222697,org.apache.wiki.util.HttpUtil,org.apache.wiki.util.HttpUtil_ESTest,30,0,False
576,NPEX,JSPWiki-d5bcff78,0,6fd8a5ba3b464775adfdb3b74b0bfb15,org.apache.wiki.util.HttpUtil,org.apache.wiki.util.HttpUtil_ESTest,28,0,False
577,NPEX,JSPWiki-d5bcff78,0,72207154dd934a6b959549f73e9cf4c9,org.apache.wiki.util.HttpUtil,org.apache.wiki.util.HttpUtil_ESTest,29,0,False
578,NPEX,JSPWiki-d5bcff78,0,383ff1e1b2a84dbaad6358a90975f127,org.apache.wiki.util.HttpUtil,org.apache.wiki.util.HttpUtil_ESTest,31,0,False
579,NPEX,Picocli-06283710,0,38d5e4d3157e441cb813a216f59f3679,picocli.CommandLine,picocli.CommandLine_ESTest,75,0,False
580,NPEX,Picocli-06283710,0,0ed7e7487bfb403abb69f6115d0ed70d,picocli.CommandLine,picocli.CommandLine_ESTest,79,0,False
581,NPEX,Picocli-06283710,0,795d692049c04f79a1bb72b388896a30,picocli.CommandLine,picocli.CommandLine_ESTest,76,0,False
582,NPEX,Picocli-06283710,0,c05923a8ccda4799b8a4deaf4d44f58e,picocli.CommandLine,picocli.CommandLine_ESTest,24,0,False
583,NPEX,Picocli-06283710,0,d2636a1becb64758bb101967733fdaad,picocli.CommandLine,picocli.CommandLine_ESTest,73,0,False
584,NPEX,Picocli-06283710,0,762865a0a52c4d62ab2dd723bcf9d0d8,picocli.CommandLine,picocli.CommandLine_ESTest,74,0,False
585,NPEX,Picocli-06283710,0,2bec32b695a14554989a6442ec6e977d,picocli.CommandLine,picocli.CommandLine_ESTest,81,0,False
586,NPEX,Picocli-06283710,0,dfc10eac64e14fb49c07830aa0d5cdf3,picocli.CommandLine,picocli.CommandLine_ESTest,85,0,False
587,NPEX,Picocli-06283710,0,024fe653b9a14e42b0d85571fd9935b7,picocli.CommandLine,picocli.CommandLine_ESTest,74,0,False
588,NPEX,Picocli-06283710,0,502ee34460e54d45947025113ed2b48f,picocli.CommandLine,picocli.CommandLine_ESTest,69,0,False
589,NPEX,Feign-9c5a52d6,0,0d12380b070d4f36a85b530fa340ee63,feign.Response,feign.Response_ESTest,9,0,False
590,NPEX,Feign-9c5a52d6,0,165bee31db0340218f470df4eeb0b713,feign.Response,feign.Response_ESTest,12,0,False
591,NPEX,Feign-9c5a52d6,0,10ce29dc322546238c2a4f12929af8a5,feign.Response,feign.Response_ESTest,12,0,False
592,NPEX,Feign-9c5a52d6,0,54aba7ce018a48b2abff64b85974ae2e,feign.Response,feign.Response_ESTest,12,0,False
593,NPEX,Feign-9c5a52d6,0,cce4f6ba1025412c9d6049c107b3861a,feign.Response,feign.Response_ESTest,11,0,False
594,NPEX,Feign-9c5a52d6,0,0411afcaafe24314b07d24b40abf6372,feign.Response,feign.Response_ESTest,13,0,False
595,NPEX,Feign-9c5a52d6,0,3de25dd090d248c2a3868696a90b8087,feign.Response,feign.Response_ESTest,11,0,False
596,NPEX,Feign-9c5a52d6,0,ff05e3ab1faf454a873f53c430cb3fd8,feign.Response,feign.Response_ESTest,11,0,False
597,NPEX,Feign-9c5a52d6,0,ccd2c038fe9e45839d86ffd8edc6d1f1,feign.Response,feign.Response_ESTest,12,0,False
598,NPEX,Feign-9c5a52d6,0,e148c4a27a4b4439a45fce8ce27144f3,feign.Response,feign.Response_ESTest,10,0,False
599,NPEX,CXF-209407e0,0,2bb75d8c2dbc4deba8c0b9d014852899,org.apache.cxf.jaxrs.utils.JAXRSUtils,org.apache.cxf.jaxrs.utils.JAXRSUtils_ESTest,104,0,True
600,NPEX,CXF-209407e0,0,0726f54c72b645f895bc7016a52ed390,org.apache.cxf.jaxrs.utils.JAXRSUtils,org.apache.cxf.jaxrs.utils.JAXRSUtils_ESTest,127,0,True
601,NPEX,CXF-209407e0,0,f0cc54c9169a4b8aa0c9bb919df28000,org.apache.cxf.jaxrs.utils.JAXRSUtils,org.apache.cxf.jaxrs.utils.JAXRSUtils_ESTest,115,0,False
602,NPEX,CXF-209407e0,0,34094a40493b484891ac65f0ec5addbd,org.apache.cxf.jaxrs.utils.JAXRSUtils,org.apache.cxf.jaxrs.utils.JAXRSUtils_ESTest,106,0,True
603,NPEX,CXF-209407e0,0,401c43a3942b48f49c81654d0d7afc07,org.apache.cxf.jaxrs.utils.JAXRSUtils,org.apache.cxf.jaxrs.utils.JAXRSUtils_ESTest,103,0,False
604,NPEX,CXF-209407e0,0,eacc4f9fc75443ce9b4fc1c7bbf9e5b0,org.apache.cxf.jaxrs.utils.JAXRSUtils,org.apache.cxf.jaxrs.utils.JAXRSUtils_ESTest,116,0,True
605,NPEX,CXF-209407e0,0,7b850ef5f8954592b519d3f7be1d64e0,org.apache.cxf.jaxrs.utils.JAXRSUtils,org.apache.cxf.jaxrs.utils.JAXRSUtils_ESTest,110,0,True
606,NPEX,CXF-209407e0,0,ecdf5105fb18438f878ba87c61c4c816,org.apache.cxf.jaxrs.utils.JAXRSUtils,org.apache.cxf.jaxrs.utils.JAXRSUtils_ESTest,112,0,True
607,NPEX,CXF-209407e0,0,4b1519d4dc84413c9a7b333c1d5e3075,org.apache.cxf.jaxrs.utils.JAXRSUtils,org.apache.cxf.jaxrs.utils.JAXRSUtils_ESTest,108,0,True
608,NPEX,CXF-209407e0,0,072b63fff85e413699f96825bd8ab75f,org.apache.cxf.jaxrs.utils.JAXRSUtils,org.apache.cxf.jaxrs.utils.JAXRSUtils_ESTest,116,0,False
609,NPEX,Commons_DBCP-2ee3c53e,0,72eeaa68bfc34986910dc14f81e6c236,org.apache.commons.dbcp2.cpdsadapter.DriverAdapterCPDS,org.apache.commons.dbcp2.cpdsadapter.DriverAdapterCPDS_ESTest,56,0,False
610,NPEX,Commons_DBCP-2ee3c53e,0,5ef2af3b5831479dafa86e8aec034bee,org.apache.commons.dbcp2.cpdsadapter.DriverAdapterCPDS,org.apache.commons.dbcp2.cpdsadapter.DriverAdapterCPDS_ESTest,44,0,False
611,NPEX,Commons_DBCP-2ee3c53e,0,077239e768494ffe919ad5fc5f47a179,org.apache.commons.dbcp2.cpdsadapter.DriverAdapterCPDS,org.apache.commons.dbcp2.cpdsadapter.DriverAdapterCPDS_ESTest,58,0,False
612,NPEX,Commons_DBCP-2ee3c53e,0,6b580ae57dff4b77b22d573795978f36,org.apache.commons.dbcp2.cpdsadapter.DriverAdapterCPDS,org.apache.commons.dbcp2.cpdsadapter.DriverAdapterCPDS_ESTest,48,0,False
613,NPEX,Commons_DBCP-2ee3c53e,0,03b4bfae6b3147eda21d624cb702a8c9,org.apache.commons.dbcp2.cpdsadapter.DriverAdapterCPDS,org.apache.commons.dbcp2.cpdsadapter.DriverAdapterCPDS_ESTest,57,0,False
614,NPEX,Commons_DBCP-2ee3c53e,0,ac7684ad95d2437db4edc67b19fa8a13,org.apache.commons.dbcp2.cpdsadapter.DriverAdapterCPDS,org.apache.commons.dbcp2.cpdsadapter.DriverAdapterCPDS_ESTest,43,0,False
615,NPEX,Commons_DBCP-2ee3c53e,0,dda04cff23724996bb258a625b48c28f,org.apache.commons.dbcp2.cpdsadapter.DriverAdapterCPDS,org.apache.commons.dbcp2.cpdsadapter.DriverAdapterCPDS_ESTest,53,0,False
616,NPEX,Commons_DBCP-2ee3c53e,0,e71c969831f5419181ead54ab313387a,org.apache.commons.dbcp2.cpdsadapter.DriverAdapterCPDS,org.apache.commons.dbcp2.cpdsadapter.DriverAdapterCPDS_ESTest,53,0,False
617,NPEX,Commons_DBCP-2ee3c53e,0,55fae61c9f5740d3b90e8057415fcaeb,org.apache.commons.dbcp2.cpdsadapter.DriverAdapterCPDS,org.apache.commons.dbcp2.cpdsadapter.DriverAdapterCPDS_ESTest,55,0,False
618,NPEX,Commons_DBCP-2ee3c53e,0,ef2586102c9f4e068ec93ea775a27087,org.apache.commons.dbcp2.cpdsadapter.DriverAdapterCPDS,org.apache.commons.dbcp2.cpdsadapter.DriverAdapterCPDS_ESTest,52,0,False
619,NPEX,Java_WebSocket-a2b35482,0,86d1fc6902fb452d9d41bfc867340931,org.java_websocket.server.WebSocketServer,org.java_websocket.server.WebSocketServer_ESTest,12,0,False
620,NPEX,Java_WebSocket-a2b35482,0,999fecec3fa44d1c97d6c1eb16eed98a,org.java_websocket.server.WebSocketServer,org.java_websocket.server.WebSocketServer_ESTest,10,0,False
621,NPEX,Java_WebSocket-a2b35482,0,999fecec3fa44d1c97d6c1eb16eed98a,org.java_websocket.server.WebSocketServer,org.java_websocket.server.WebSocketServer_ESTest$1,10,0,False
622,NPEX,Java_WebSocket-a2b35482,0,9c7dbc2ee4cf4fdd8c07e39e0a13014a,org.java_websocket.server.WebSocketServer,org.java_websocket.server.WebSocketServer_ESTest,14,0,False
623,NPEX,Java_WebSocket-a2b35482,0,d16105eb4c59484da9198e7ae586b3d4,org.java_websocket.server.WebSocketServer,org.java_websocket.server.WebSocketServer_ESTest,12,0,False
624,NPEX,Java_WebSocket-a2b35482,0,d16105eb4c59484da9198e7ae586b3d4,org.java_websocket.server.WebSocketServer,org.java_websocket.server.WebSocketServer_ESTest$1,12,0,False
625,NPEX,Java_WebSocket-a2b35482,0,f1521e134b7742b5aead8a5f0c431f54,org.java_websocket.server.WebSocketServer,org.java_websocket.server.WebSocketServer_ESTest,11,0,False
626,NPEX,Java_WebSocket-a2b35482,0,a8b09a18333341ae95681117e2db8a2a,org.java_websocket.server.WebSocketServer,org.java_websocket.server.WebSocketServer_ESTest,7,0,False
627,NPEX,Java_WebSocket-a2b35482,0,cfaae8c4311a41d38d285b0e0b746bea,org.java_websocket.server.WebSocketServer,org.java_websocket.server.WebSocketServer_ESTest,10,0,False
628,NPEX,Java_WebSocket-a2b35482,0,776b5b250720447484488089e8d1b928,org.java_websocket.server.WebSocketServer,org.java_websocket.server.WebSocketServer_ESTest,12,0,False
629,NPEX,Java_WebSocket-a2b35482,0,9225bbc6787542dabbdc600dab18e6b3,org.java_websocket.server.WebSocketServer,org.java_websocket.server.WebSocketServer_ESTest,11,0,False
630,NPEX,Java_WebSocket-a2b35482,0,b214042953be42f1b714f44b540bd05a,org.java_websocket.server.WebSocketServer,org.java_websocket.server.WebSocketServer_ESTest,10,0,False
631,NPEX,RocketMQ-f5a119f1,0,a7dd3c4f8d164a46809fdac34d0dacfb,org.apache.rocketmq.client.impl.factory.MQClientInstance,org.apache.rocketmq.client.impl.factory.MQClientInstance_ESTest,2,0,False
632,NPEX,RocketMQ-f5a119f1,0,b0f964c2ec944817a493c2a8caa7c8d0,org.apache.rocketmq.client.impl.factory.MQClientInstance,org.apache.rocketmq.client.impl.factory.MQClientInstance_ESTest,1,0,False
633,NPEX,RocketMQ-f5a119f1,0,37a70942df474d72a007f9bb65279911,org.apache.rocketmq.client.impl.factory.MQClientInstance,org.apache.rocketmq.client.impl.factory.MQClientInstance_ESTest,2,0,False
634,NPEX,RocketMQ-f5a119f1,0,a569c3a83afa4e62b0b47ab7eaf2e005,org.apache.rocketmq.client.impl.factory.MQClientInstance,org.apache.rocketmq.client.impl.factory.MQClientInstance_ESTest,2,0,False
635,NPEX,RocketMQ-f5a119f1,0,dbd854f330df4f32b6415f0cf8da6db4,org.apache.rocketmq.client.impl.factory.MQClientInstance,org.apache.rocketmq.client.impl.factory.MQClientInstance_ESTest,1,0,False
636,NPEX,RocketMQ-f5a119f1,0,239cb746f69744b1bd2b272cbe928bd2,org.apache.rocketmq.client.impl.factory.MQClientInstance,org.apache.rocketmq.client.impl.factory.MQClientInstance_ESTest,2,0,False
637,NPEX,RocketMQ-f5a119f1,0,eb689eba5b1f4fb28e5dbbc66d6f78a7,org.apache.rocketmq.client.impl.factory.MQClientInstance,org.apache.rocketmq.client.impl.factory.MQClientInstance_ESTest,2,0,False
638,NPEX,RocketMQ-f5a119f1,0,0aed277f0981460abc3938fc5430f0c2,org.apache.rocketmq.client.impl.factory.MQClientInstance,org.apache.rocketmq.client.impl.factory.MQClientInstance_ESTest,1,0,False
639,NPEX,RocketMQ-f5a119f1,0,e5e9ade6180b4945adc54367cb12de4e,org.apache.rocketmq.client.impl.factory.MQClientInstance,org.apache.rocketmq.client.impl.factory.MQClientInstance_ESTest,1,0,False
640,NPEX,RocketMQ-f5a119f1,0,0d069d990df44c1396e5b6349424e443,org.apache.rocketmq.client.impl.factory.MQClientInstance,org.apache.rocketmq.client.impl.factory.MQClientInstance_ESTest,4,0,False
641,NPEX,JSqlParser-66e44c95,0,3cefff77fa1c4b2eb5c68612ab86f2c6,net.sf.jsqlparser.expression.ExpressionVisitorAdapter,net.sf.jsqlparser.expression.ExpressionVisitorAdapter_ESTest,6,0,False
642,NPEX,JSqlParser-66e44c95,0,9799ca6be34d4749be1f0c13a70ca91e,net.sf.jsqlparser.expression.ExpressionVisitorAdapter,net.sf.jsqlparser.expression.ExpressionVisitorAdapter_ESTest,36,0,False
643,NPEX,JSqlParser-66e44c95,0,d5d930a3487e49ffae565ebed391ef76,net.sf.jsqlparser.expression.ExpressionVisitorAdapter,net.sf.jsqlparser.expression.ExpressionVisitorAdapter_ESTest,11,0,False
644,NPEX,JSqlParser-66e44c95,0,7aaf02b5aa17430a9b32b9ef57b4323a,net.sf.jsqlparser.expression.ExpressionVisitorAdapter,net.sf.jsqlparser.expression.ExpressionVisitorAdapter_ESTest,31,0,False
645,NPEX,JSqlParser-66e44c95,0,f5837258751641099be762175128e647,net.sf.jsqlparser.expression.ExpressionVisitorAdapter,net.sf.jsqlparser.expression.ExpressionVisitorAdapter_ESTest,39,0,False
646,NPEX,JSqlParser-66e44c95,0,2a4236c3aaef43a4bd5e54308b9fd627,net.sf.jsqlparser.expression.ExpressionVisitorAdapter,net.sf.jsqlparser.expression.ExpressionVisitorAdapter_ESTest,8,0,False
647,NPEX,JSqlParser-66e44c95,0,89aa0ee0376e45699caf80c1138001d9,net.sf.jsqlparser.expression.ExpressionVisitorAdapter,net.sf.jsqlparser.expression.ExpressionVisitorAdapter_ESTest,35,0,False
648,NPEX,JSqlParser-66e44c95,0,0f96195818934fd291cd1e3f863c1632,net.sf.jsqlparser.expression.ExpressionVisitorAdapter,net.sf.jsqlparser.expression.ExpressionVisitorAdapter_ESTest,38,0,False
649,NPEX,JSqlParser-66e44c95,0,ba002dcbbb3546ac94aec8ce5c0443fc,net.sf.jsqlparser.expression.ExpressionVisitorAdapter,net.sf.jsqlparser.expression.ExpressionVisitorAdapter_ESTest,34,0,False
650,NPEX,JSqlParser-66e44c95,0,5873f53b607a457498081776417a711b,net.sf.jsqlparser.expression.ExpressionVisitorAdapter,net.sf.jsqlparser.expression.ExpressionVisitorAdapter_ESTest,33,0,False
651,NPEX,ShardingSphere-c08f4f18,0,e1841f38e0c7430ea04a0af25725491e,org.apache.shardingsphere.proxy.frontend.postgresql.auth.PostgreSQLAuthenticationEngine,org.apache.shardingsphere.proxy.frontend.postgresql.auth.PostgreSQLAuthenticationEngine_ESTest,3,0,False
652,NPEX,ShardingSphere-c08f4f18,0,aa6144187bd84f208107c91e88013c0c,org.apache.shardingsphere.proxy.frontend.postgresql.auth.PostgreSQLAuthenticationEngine,org.apache.shardingsphere.proxy.frontend.postgresql.auth.PostgreSQLAuthenticationEngine_ESTest,4,0,False
653,NPEX,ShardingSphere-c08f4f18,0,1c7267fbfb69432d930e00dfabdd1e16,org.apache.shardingsphere.proxy.frontend.postgresql.auth.PostgreSQLAuthenticationEngine,org.apache.shardingsphere.proxy.frontend.postgresql.auth.PostgreSQLAuthenticationEngine_ESTest,4,0,False
654,NPEX,ShardingSphere-c08f4f18,0,32810729154e4914b915bcf0292e803b,org.apache.shardingsphere.proxy.frontend.postgresql.auth.PostgreSQLAuthenticationEngine,org.apache.shardingsphere.proxy.frontend.postgresql.auth.PostgreSQLAuthenticationEngine_ESTest,3,0,False
655,NPEX,ShardingSphere-c08f4f18,0,cee1648c80754149872d475c72a3e51b,org.apache.shardingsphere.proxy.frontend.postgresql.auth.PostgreSQLAuthenticationEngine,org.apache.shardingsphere.proxy.frontend.postgresql.auth.PostgreSQLAuthenticationEngine_ESTest,4,0,False
656,NPEX,ShardingSphere-c08f4f18,0,5c0fa860b4554e87b7cd269a9a05c71b,org.apache.shardingsphere.proxy.frontend.postgresql.auth.PostgreSQLAuthenticationEngine,org.apache.shardingsphere.proxy.frontend.postgresql.auth.PostgreSQLAuthenticationEngine_ESTest,3,0,False
657,NPEX,jsoup-8b837a43,0,181ed41e9a0743af8cd4cf7ecb88442b,org.jsoup.nodes.Attribute,org.jsoup.nodes.Attribute_ESTest,35,0,False
658,NPEX,jsoup-8b837a43,0,e4830ac474504b70891e7588c3814b5c,org.jsoup.nodes.Attribute,org.jsoup.nodes.Attribute_ESTest,36,0,False
659,NPEX,jsoup-8b837a43,0,3637abddb4124819a9903ed47093418f,org.jsoup.nodes.Attribute,org.jsoup.nodes.Attribute_ESTest,35,0,False
660,NPEX,jsoup-8b837a43,0,802d2a19021547a28296da517d929f6b,org.jsoup.nodes.Attribute,org.jsoup.nodes.Attribute_ESTest,36,0,False
661,NPEX,jsoup-8b837a43,0,2b0a1479b0ec4f0e852d04dfe3546657,org.jsoup.nodes.Attribute,org.jsoup.nodes.Attribute_ESTest,36,0,False
662,NPEX,jsoup-8b837a43,0,dc7dd7daa7f84ee394e83f74bb8cdf24,org.jsoup.nodes.Attribute,org.jsoup.nodes.Attribute_ESTest,34,0,False
663,NPEX,jsoup-8b837a43,0,7d993e3a5ce44abc816515216998d7f8,org.jsoup.nodes.Attribute,org.jsoup.nodes.Attribute_ESTest,33,0,False
664,NPEX,jsoup-8b837a43,0,a38ad4d8243643e9a86b0730d4b9d18d,org.jsoup.nodes.Attribute,org.jsoup.nodes.Attribute_ESTest,35,0,False
665,NPEX,jsoup-8b837a43,0,81c17dffb73841c8abeb1285cc612dd4,org.jsoup.nodes.Attribute,org.jsoup.nodes.Attribute_ESTest,34,0,False
666,NPEX,jsoup-8b837a43,0,b15651d04014462c88d37c7b0c690bc9,org.jsoup.nodes.Attribute,org.jsoup.nodes.Attribute_ESTest,33,0,False
667,NPEX,Directory_LDAP_API-1aea113c,0,91d1930da3724d19b2e5b0547cf3dc04,org.apache.directory.api.ldap.model.entry.Value,org.apache.directory.api.ldap.model.entry.Value_ESTest,67,0,False
668,NPEX,Directory_LDAP_API-1aea113c,0,40ecba38f6ad4b27b3273dc0f611dd06,org.apache.directory.api.ldap.model.entry.Value,org.apache.directory.api.ldap.model.entry.Value_ESTest,61,0,False
669,NPEX,Directory_LDAP_API-1aea113c,0,f4cde75519fe45658b84f0463797a0f9,org.apache.directory.api.ldap.model.entry.Value,org.apache.directory.api.ldap.model.entry.Value_ESTest,61,0,False
670,NPEX,Directory_LDAP_API-1aea113c,0,fc607c2339374580917d29c0b19ced05,org.apache.directory.api.ldap.model.entry.Value,org.apache.directory.api.ldap.model.entry.Value_ESTest,61,0,False
671,NPEX,Directory_LDAP_API-1aea113c,0,fe7a1885b94c4abca8e62bfc09745f8d,org.apache.directory.api.ldap.model.entry.Value,org.apache.directory.api.ldap.model.entry.Value_ESTest,60,0,False
672,NPEX,Directory_LDAP_API-1aea113c,0,4a1a7b92737f40eb85095cba2e7780ea,org.apache.directory.api.ldap.model.entry.Value,org.apache.directory.api.ldap.model.entry.Value_ESTest,64,0,False
673,NPEX,Directory_LDAP_API-1aea113c,0,a25fc9d01d5549d9a12149ffa1ff3a56,org.apache.directory.api.ldap.model.entry.Value,org.apache.directory.api.ldap.model.entry.Value_ESTest,63,0,False
674,NPEX,Directory_LDAP_API-1aea113c,0,230fdb7aa95540fdbadf6871bec92108,org.apache.directory.api.ldap.model.entry.Value,org.apache.directory.api.ldap.model.entry.Value_ESTest,64,0,False
675,NPEX,Directory_LDAP_API-1aea113c,0,27da465693074758a0c5e5c37c461217,org.apache.directory.api.ldap.model.entry.Value,org.apache.directory.api.ldap.model.entry.Value_ESTest,61,0,False
676,NPEX,Directory_LDAP_API-1aea113c,0,02e88f20af754b6680102c8371d89e97,org.apache.directory.api.ldap.model.entry.Value,org.apache.directory.api.ldap.model.entry.Value_ESTest,61,0,False
677,NPEX,Sling_Pipes-81059025,0,9c4f49d2504a4f198f7f11e6488f576f,org.apache.sling.pipes.PipeBindings,org.apache.sling.pipes.PipeBindings_ESTest,0,0,False
678,NPEX,Sling_Pipes-81059025,0,39b85d5b18bd439abdc15acd260c6317,org.apache.sling.pipes.PipeBindings,org.apache.sling.pipes.PipeBindings_ESTest,0,0,False
679,NPEX,Sling_Pipes-81059025,0,3c222cf20eaa43d19686d04a701f713b,org.apache.sling.pipes.PipeBindings,org.apache.sling.pipes.PipeBindings_ESTest,0,0,False
680,NPEX,Sling_Pipes-81059025,0,5acd755864704f6b87fc28e1318cbad1,org.apache.sling.pipes.PipeBindings,org.apache.sling.pipes.PipeBindings_ESTest,0,0,False
681,NPEX,Sling_Pipes-81059025,0,c5dfe55079844cac9b86556d386a824e,org.apache.sling.pipes.PipeBindings,org.apache.sling.pipes.PipeBindings_ESTest,0,0,False
682,NPEX,Sling_Pipes-81059025,0,9762d65cefe9464b902c37f79712e9a2,org.apache.sling.pipes.PipeBindings,org.apache.sling.pipes.PipeBindings_ESTest,0,0,False
683,NPEX,Sling_Pipes-81059025,0,eec586daffac4e96817ddc0719c90300,org.apache.sling.pipes.PipeBindings,org.apache.sling.pipes.PipeBindings_ESTest,0,0,False
684,NPEX,Sling_Pipes-81059025,0,376640f582674b2cb86b397eebee5a20,org.apache.sling.pipes.PipeBindings,org.apache.sling.pipes.PipeBindings_ESTest,0,0,False
685,NPEX,Sling_Pipes-81059025,0,e7222face6944c16a7b148a5fb8f935f,org.apache.sling.pipes.PipeBindings,org.apache.sling.pipes.PipeBindings_ESTest,0,0,False
686,NPEX,Sling_Pipes-81059025,0,671366d14a26419cbfec24284d14a005,org.apache.sling.pipes.PipeBindings,org.apache.sling.pipes.PipeBindings_ESTest,0,0,False
687,NPEX,OpenNLP-60792b8f,0,566a4627b94b4fe3aac23417c23fcd10,opennlp.tools.lemmatizer.DictionaryLemmatizer,opennlp.tools.lemmatizer.DictionaryLemmatizer_ESTest,5,0,False
688,NPEX,OpenNLP-60792b8f,0,28b92bbc028045a0b7a9eb610f0e279e,opennlp.tools.lemmatizer.DictionaryLemmatizer,opennlp.tools.lemmatizer.DictionaryLemmatizer_ESTest,4,0,False
689,NPEX,OpenNLP-60792b8f,0,7c0e9da7e1964e4e9a5de276cf2111f1,opennlp.tools.lemmatizer.DictionaryLemmatizer,opennlp.tools.lemmatizer.DictionaryLemmatizer_ESTest,5,0,False
690,NPEX,OpenNLP-60792b8f,0,75ce58ee30fe4b32855c1aabf4245171,opennlp.tools.lemmatizer.DictionaryLemmatizer,opennlp.tools.lemmatizer.DictionaryLemmatizer_ESTest,4,0,False
691,NPEX,OpenNLP-60792b8f,0,7b36a2a87c47470c95428a873e87e7dd,opennlp.tools.lemmatizer.DictionaryLemmatizer,opennlp.tools.lemmatizer.DictionaryLemmatizer_ESTest,5,0,False
692,NPEX,OpenNLP-60792b8f,0,1870f0204e70493fb1131ebe4c8cd208,opennlp.tools.lemmatizer.DictionaryLemmatizer,opennlp.tools.lemmatizer.DictionaryLemmatizer_ESTest,3,0,False
693,NPEX,OpenNLP-60792b8f,0,8b4a0b2e4b2a4a5fa3bb29807a70fb7c,opennlp.tools.lemmatizer.DictionaryLemmatizer,opennlp.tools.lemmatizer.DictionaryLemmatizer_ESTest,3,0,False
694,NPEX,OpenNLP-60792b8f,0,a89a6b8c036a488b9a1f45341ef83fbb,opennlp.tools.lemmatizer.DictionaryLemmatizer,opennlp.tools.lemmatizer.DictionaryLemmatizer_ESTest,5,0,False
695,NPEX,OpenNLP-60792b8f,0,876cc6674cfc4211b866ef352e11859f,opennlp.tools.lemmatizer.DictionaryLemmatizer,opennlp.tools.lemmatizer.DictionaryLemmatizer_ESTest,4,0,False
696,NPEX,Hessian_Lite-c5c017dc,0,feea744a29c04dc5bd9b887ed080d77f,com.alibaba.dubbo.common.URL,com.alibaba.dubbo.common.URL_ESTest,166,0,False
697,NPEX,Hessian_Lite-c5c017dc,0,36c0ee4a50344c1791bfa46277969191,com.alibaba.dubbo.common.URL,com.alibaba.dubbo.common.URL_ESTest,182,0,False
698,NPEX,Hessian_Lite-c5c017dc,0,5cd77b8d9b644c0fbe671fc6b2a9004e,com.alibaba.dubbo.common.URL,com.alibaba.dubbo.common.URL_ESTest,185,0,False
699,NPEX,Hessian_Lite-c5c017dc,0,bc2a68e4743a465faeb405154ce79389,com.alibaba.dubbo.common.URL,com.alibaba.dubbo.common.URL_ESTest,179,0,False
700,NPEX,Hessian_Lite-c5c017dc,0,e6f1781583d74241add765357f98d241,com.alibaba.dubbo.common.URL,com.alibaba.dubbo.common.URL_ESTest,187,0,False
701,NPEX,Hessian_Lite-c5c017dc,0,cd076f2be6b84ce788800d8be4d05d10,com.alibaba.dubbo.common.URL,com.alibaba.dubbo.common.URL_ESTest,172,0,False
702,NPEX,Hessian_Lite-c5c017dc,0,e9f7d634fdb945cab689c6d830d97be5,com.alibaba.dubbo.common.URL,com.alibaba.dubbo.common.URL_ESTest,156,0,False
703,NPEX,Hessian_Lite-c5c017dc,0,abceab64cd844a5a986339579749384a,com.alibaba.dubbo.common.URL,com.alibaba.dubbo.common.URL_ESTest,187,0,False
704,NPEX,Hessian_Lite-c5c017dc,0,02b53798175b4cc7afa1e98138b496bf,com.alibaba.dubbo.common.URL,com.alibaba.dubbo.common.URL_ESTest,175,0,False
705,NPEX,Hessian_Lite-c5c017dc,0,c6350f90666b4f08b0a85fc34b62920b,com.alibaba.dubbo.common.URL,com.alibaba.dubbo.common.URL_ESTest,185,0,False
706,NPEX,ZooKeeper-ef3649f5,0,90b4cc53500b49daba9c70ae386b6ccc,org.apache.zookeeper.server.ZooKeeperServer,org.apache.zookeeper.server.ZooKeeperServer_ESTest,136,0,False
707,NPEX,ZooKeeper-ef3649f5,0,90b4cc53500b49daba9c70ae386b6ccc,org.apache.zookeeper.server.ZooKeeperServer,org.apache.zookeeper.server.ZooKeeperServer_ESTest$1,136,0,False
708,NPEX,ZooKeeper-ef3649f5,0,071c9d2206f940a2af06383ada0e1a24,org.apache.zookeeper.server.ZooKeeperServer,org.apache.zookeeper.server.ZooKeeperServer_ESTest,135,0,False
709,NPEX,ZooKeeper-ef3649f5,0,383ca815667149138b5a8ff6f6d49453,org.apache.zookeeper.server.ZooKeeperServer,org.apache.zookeeper.server.ZooKeeperServer_ESTest,144,0,False
710,NPEX,ZooKeeper-ef3649f5,0,b7a30d4982b7487eb299a83433bd14c4,org.apache.zookeeper.server.ZooKeeperServer,org.apache.zookeeper.server.ZooKeeperServer_ESTest,138,0,False
711,NPEX,ZooKeeper-ef3649f5,0,b7a30d4982b7487eb299a83433bd14c4,org.apache.zookeeper.server.ZooKeeperServer,org.apache.zookeeper.server.ZooKeeperServer_ESTest$1,138,0,False
712,NPEX,ZooKeeper-ef3649f5,0,b7a30d4982b7487eb299a83433bd14c4,org.apache.zookeeper.server.ZooKeeperServer,org.apache.zookeeper.server.ZooKeeperServer_ESTest$2,138,0,False
713,NPEX,ZooKeeper-ef3649f5,0,4c7990be42a34450b6bccf0e5967b392,org.apache.zookeeper.server.ZooKeeperServer,org.apache.zookeeper.server.ZooKeeperServer_ESTest,136,0,False
714,NPEX,ZooKeeper-ef3649f5,0,99b2af13faf543ea879d3d6ba8477193,org.apache.zookeeper.server.ZooKeeperServer,org.apache.zookeeper.server.ZooKeeperServer_ESTest,64,0,False
715,NPEX,ZooKeeper-ef3649f5,0,99b2af13faf543ea879d3d6ba8477193,org.apache.zookeeper.server.ZooKeeperServer,org.apache.zookeeper.server.ZooKeeperServer_ESTest$1,64,0,False
716,NPEX,ZooKeeper-ef3649f5,0,99b2af13faf543ea879d3d6ba8477193,org.apache.zookeeper.server.ZooKeeperServer,org.apache.zookeeper.server.ZooKeeperServer_ESTest$2,64,0,False
717,NPEX,ZooKeeper-ef3649f5,0,99b2af13faf543ea879d3d6ba8477193,org.apache.zookeeper.server.ZooKeeperServer,org.apache.zookeeper.server.ZooKeeperServer_ESTest$4,64,0,False
718,NPEX,ZooKeeper-ef3649f5,0,99b2af13faf543ea879d3d6ba8477193,org.apache.zookeeper.server.ZooKeeperServer,org.apache.zookeeper.server.ZooKeeperServer_ESTest$3,64,0,False
719,NPEX,ZooKeeper-ef3649f5,0,77b0a346ee66419a9cca0d38003030a9,org.apache.zookeeper.server.ZooKeeperServer,org.apache.zookeeper.server.ZooKeeperServer_ESTest,91,0,False
720,NPEX,ZooKeeper-ef3649f5,0,77b0a346ee66419a9cca0d38003030a9,org.apache.zookeeper.server.ZooKeeperServer,org.apache.zookeeper.server.ZooKeeperServer_ESTest$1,91,0,False
721,NPEX,ZooKeeper-ef3649f5,0,77b0a346ee66419a9cca0d38003030a9,org.apache.zookeeper.server.ZooKeeperServer,org.apache.zookeeper.server.ZooKeeperServer_ESTest$2,91,0,False
722,NPEX,ZooKeeper-ef3649f5,0,77b0a346ee66419a9cca0d38003030a9,org.apache.zookeeper.server.ZooKeeperServer,org.apache.zookeeper.server.ZooKeeperServer_ESTest$3,91,0,False
723,NPEX,ZooKeeper-ef3649f5,0,5ee33775817e4c89a9c12fe1363c5cc8,org.apache.zookeeper.server.ZooKeeperServer,org.apache.zookeeper.server.ZooKeeperServer_ESTest,82,0,False
724,NPEX,ZooKeeper-ef3649f5,0,5ee33775817e4c89a9c12fe1363c5cc8,org.apache.zookeeper.server.ZooKeeperServer,org.apache.zookeeper.server.ZooKeeperServer_ESTest$1,82,0,False
725,NPEX,ZooKeeper-ef3649f5,0,5ee33775817e4c89a9c12fe1363c5cc8,org.apache.zookeeper.server.ZooKeeperServer,org.apache.zookeeper.server.ZooKeeperServer_ESTest$2,82,0,False
726,NPEX,ZooKeeper-ef3649f5,0,5ee33775817e4c89a9c12fe1363c5cc8,org.apache.zookeeper.server.ZooKeeperServer,org.apache.zookeeper.server.ZooKeeperServer_ESTest$3,82,0,False
727,NPEX,ZooKeeper-ef3649f5,0,fcb6348587f34bc98bb6d7262b9da4f6,org.apache.zookeeper.server.ZooKeeperServer,org.apache.zookeeper.server.ZooKeeperServer_ESTest,135,0,False
728,NPEX,ZooKeeper-ef3649f5,0,1659a007eeeb4bb7983e5166e5106d02,org.apache.zookeeper.server.ZooKeeperServer,org.apache.zookeeper.server.ZooKeeperServer_ESTest,133,0,False
729,NPEX,Log4j_2-5b7b75d5,0,1fb1d287e50941fc905c3622e8539e03,org.apache.logging.log4j.core.config.composite.DefaultMergeStrategy,org.apache.logging.log4j.core.config.composite.DefaultMergeStrategy_ESTest,5,0,False
730,NPEX,Log4j_2-5b7b75d5,0,eae09c85834d4c008bee5746d04334a3,org.apache.logging.log4j.core.config.composite.DefaultMergeStrategy,org.apache.logging.log4j.core.config.composite.DefaultMergeStrategy_ESTest,8,0,False
731,NPEX,Log4j_2-5b7b75d5,0,9e64bc1933e34b2998a993063fe8e848,org.apache.logging.log4j.core.config.composite.DefaultMergeStrategy,org.apache.logging.log4j.core.config.composite.DefaultMergeStrategy_ESTest,4,0,False
732,NPEX,Log4j_2-5b7b75d5,0,d0b8dc46ad9f4869a8c364cf6ffaaa3a,org.apache.logging.log4j.core.config.composite.DefaultMergeStrategy,org.apache.logging.log4j.core.config.composite.DefaultMergeStrategy_ESTest,8,0,False
733,NPEX,Log4j_2-5b7b75d5,0,a26e016f67324890a06c16a092a1afa1,org.apache.logging.log4j.core.config.composite.DefaultMergeStrategy,org.apache.logging.log4j.core.config.composite.DefaultMergeStrategy_ESTest,8,0,False
734,NPEX,Log4j_2-5b7b75d5,0,e70ad8f3d0784871ab0188396f83be36,org.apache.logging.log4j.core.config.composite.DefaultMergeStrategy,org.apache.logging.log4j.core.config.composite.DefaultMergeStrategy_ESTest,7,0,False
735,NPEX,Log4j_2-5b7b75d5,0,453daca1fc254f939e4b6ce4ca0a8697,org.apache.logging.log4j.core.config.composite.DefaultMergeStrategy,org.apache.logging.log4j.core.config.composite.DefaultMergeStrategy_ESTest,4,0,False
736,NPEX,Log4j_2-5b7b75d5,0,aca2b836285f457cb0fbff53ec367487,org.apache.logging.log4j.core.config.composite.DefaultMergeStrategy,org.apache.logging.log4j.core.config.composite.DefaultMergeStrategy_ESTest,8,0,False
737,NPEX,Log4j_2-5b7b75d5,0,cc26e1744b5e4b2d9fea58e453e63409,org.apache.logging.log4j.core.config.composite.DefaultMergeStrategy,org.apache.logging.log4j.core.config.composite.DefaultMergeStrategy_ESTest,6,0,False
738,NPEX,Log4j_2-5b7b75d5,0,f02aae3715824b7b8574c746499f3ace,org.apache.logging.log4j.core.config.composite.DefaultMergeStrategy,org.apache.logging.log4j.core.config.composite.DefaultMergeStrategy_ESTest,7,0,False
739,NPEX,Karaf-b92dd7e4,0,7e0deae879a44ddc9c29d1e702bc18ed,org.apache.karaf.shell.impl.console.commands.help.wikidoc.WikiParser,org.apache.karaf.shell.impl.console.commands.help.wikidoc.WikiParser_ESTest,33,0,True
740,NPEX,Karaf-b92dd7e4,0,8ccd1dc6629545f4934ca1b8863b5780,org.apache.karaf.shell.impl.console.commands.help.wikidoc.WikiParser,org.apache.karaf.shell.impl.console.commands.help.wikidoc.WikiParser_ESTest,13,0,False
741,NPEX,jsoup-b8411990,0,eeac96c959924e21bf23b06863d63859,org.jsoup.internal.Normalizer,org.jsoup.internal.Normalizer_ESTest,5,0,False
742,NPEX,jsoup-b8411990,0,88a98d4196e440bb9f24051484a5087a,org.jsoup.internal.Normalizer,org.jsoup.internal.Normalizer_ESTest,5,0,False
743,NPEX,jsoup-b8411990,0,5b395481ea154a9381ee615759394794,org.jsoup.internal.Normalizer,org.jsoup.internal.Normalizer_ESTest,5,0,False
744,NPEX,jsoup-b8411990,0,f4f6fd6e42a546c7b1026f1829b214eb,org.jsoup.internal.Normalizer,org.jsoup.internal.Normalizer_ESTest,5,0,False
745,NPEX,jsoup-b8411990,0,220a5a632576492cbd0ce4be6aebd1c8,org.jsoup.internal.Normalizer,org.jsoup.internal.Normalizer_ESTest,5,0,False
746,NPEX,jsoup-b8411990,0,89aa06478ca74d27819009caa2e01588,org.jsoup.internal.Normalizer,org.jsoup.internal.Normalizer_ESTest,5,0,False
747,NPEX,jsoup-b8411990,0,9167b18b1a504a1f9a8ba0fb3b9adbcc,org.jsoup.internal.Normalizer,org.jsoup.internal.Normalizer_ESTest,5,0,False
748,NPEX,jsoup-b8411990,0,d0d78bd249434533910c960365b3b9a2,org.jsoup.internal.Normalizer,org.jsoup.internal.Normalizer_ESTest,5,0,False
749,NPEX,jsoup-b8411990,0,6dba73880a8b48e59cf4bd5928d38b6b,org.jsoup.internal.Normalizer,org.jsoup.internal.Normalizer_ESTest,5,0,False
750,NPEX,jsoup-b8411990,0,98b9e405f9574475957de0efe6c57d00,org.jsoup.internal.Normalizer,org.jsoup.internal.Normalizer_ESTest,5,0,False
751,NPEX,Qpid_Proton__j-0c27d5ff,0,28a0c1e626c04cd8932a375e61205032,org.apache.qpid.proton.engine.impl.TransportImpl,org.apache.qpid.proton.engine.impl.TransportImpl_ESTest,67,0,False
752,NPEX,Qpid_Proton__j-0c27d5ff,0,8a9ff4836aa64057b79056b7f2618809,org.apache.qpid.proton.engine.impl.TransportImpl,org.apache.qpid.proton.engine.impl.TransportImpl_ESTest,68,0,False
753,NPEX,Qpid_Proton__j-0c27d5ff,0,6c48df6a859746a9bc9549b956736a25,org.apache.qpid.proton.engine.impl.TransportImpl,org.apache.qpid.proton.engine.impl.TransportImpl_ESTest,66,0,False
754,NPEX,Qpid_Proton__j-0c27d5ff,0,4a8d09cc0ea9434b82395bfc10b13bfe,org.apache.qpid.proton.engine.impl.TransportImpl,org.apache.qpid.proton.engine.impl.TransportImpl_ESTest,34,0,False
755,NPEX,Qpid_Proton__j-0c27d5ff,0,b68c4cac52b048fa95fb35c50455ccda,org.apache.qpid.proton.engine.impl.TransportImpl,org.apache.qpid.proton.engine.impl.TransportImpl_ESTest,63,0,False
756,NPEX,Qpid_Proton__j-0c27d5ff,0,63fb4940e9ea4665a6d3d924e7f80168,org.apache.qpid.proton.engine.impl.TransportImpl,org.apache.qpid.proton.engine.impl.TransportImpl_ESTest,67,0,False
757,NPEX,Qpid_Proton__j-0c27d5ff,0,587a5d2365ec4c0bbada2679f82a0df2,org.apache.qpid.proton.engine.impl.TransportImpl,org.apache.qpid.proton.engine.impl.TransportImpl_ESTest,65,0,False
758,NPEX,Qpid_Proton__j-0c27d5ff,0,6f5c405cf0b2473dbc97fbe307e082ba,org.apache.qpid.proton.engine.impl.TransportImpl,org.apache.qpid.proton.engine.impl.TransportImpl_ESTest,65,0,False
759,NPEX,Qpid_Proton__j-0c27d5ff,0,1b08ad62cfd647d992673d12fbccf386,org.apache.qpid.proton.engine.impl.TransportImpl,org.apache.qpid.proton.engine.impl.TransportImpl_ESTest,70,0,False
760,NPEX,Qpid_Proton__j-0c27d5ff,0,38aca57684624cd1af98c5aef393ebf4,org.apache.qpid.proton.engine.impl.TransportImpl,org.apache.qpid.proton.engine.impl.TransportImpl_ESTest,66,0,False
761,NPEX,Commons_Pool-11521c1f,0,76f41c4c721c4ad18d4cb13c14d5a4f6,org.apache.commons.pool2.impl.GenericKeyedObjectPool,org.apache.commons.pool2.impl.GenericKeyedObjectPool_ESTest,34,0,False
762,NPEX,Commons_Pool-11521c1f,0,db19df6683044cf19ed49d16d3f857f7,org.apache.commons.pool2.impl.GenericKeyedObjectPool,org.apache.commons.pool2.impl.GenericKeyedObjectPool_ESTest,28,0,False
763,NPEX,Commons_Pool-11521c1f,0,86b233d3cb22467393b640e13092a0bb,org.apache.commons.pool2.impl.GenericKeyedObjectPool,org.apache.commons.pool2.impl.GenericKeyedObjectPool_ESTest,34,0,False
764,NPEX,Commons_Pool-11521c1f,0,9aaf239e36594b0b9f901ca86c591e3a,org.apache.commons.pool2.impl.GenericKeyedObjectPool,org.apache.commons.pool2.impl.GenericKeyedObjectPool_ESTest,28,0,False
765,NPEX,Commons_Pool-11521c1f,0,b1eb5c11181f4bfc9152c0a2106414ee,org.apache.commons.pool2.impl.GenericKeyedObjectPool,org.apache.commons.pool2.impl.GenericKeyedObjectPool_ESTest,27,0,False
766,NPEX,Commons_Pool-11521c1f,0,50f9eee5f72b4fad99cd62b732154562,org.apache.commons.pool2.impl.GenericKeyedObjectPool,org.apache.commons.pool2.impl.GenericKeyedObjectPool_ESTest,34,0,False
767,NPEX,Commons_Pool-11521c1f,0,20d8263b49784ba7928b131965ea9da5,org.apache.commons.pool2.impl.GenericKeyedObjectPool,org.apache.commons.pool2.impl.GenericKeyedObjectPool_ESTest,26,0,False
768,NPEX,Commons_Pool-11521c1f,0,430d54c959ca4a8193812f6d8c96d894,org.apache.commons.pool2.impl.GenericKeyedObjectPool,org.apache.commons.pool2.impl.GenericKeyedObjectPool_ESTest,29,0,False
769,NPEX,Commons_Pool-11521c1f,0,efde2cee2e5447e48d1246a69ed122f4,org.apache.commons.pool2.impl.GenericKeyedObjectPool,org.apache.commons.pool2.impl.GenericKeyedObjectPool_ESTest,28,0,False
770,NPEX,Commons_Pool-11521c1f,0,c35bb5387e4f4c1b8c7e5d98e4eda67d,org.apache.commons.pool2.impl.GenericKeyedObjectPool,org.apache.commons.pool2.impl.GenericKeyedObjectPool_ESTest,32,0,False
771,NPEX,Log4j_2-7441d3c3,0,321e1f67f69747ccb54779f71d98e255,org.apache.logging.log4j.core.config.ConfigurationScheduler,org.apache.logging.log4j.core.config.ConfigurationScheduler_ESTest,17,0,False
772,NPEX,Log4j_2-7441d3c3,0,4094cf5a08674462b799b9bfea30fc9d,org.apache.logging.log4j.core.config.ConfigurationScheduler,org.apache.logging.log4j.core.config.ConfigurationScheduler_ESTest,18,0,False
773,NPEX,Log4j_2-7441d3c3,0,57d9e9d087ec49618d75953c7bd56d51,org.apache.logging.log4j.core.config.ConfigurationScheduler,org.apache.logging.log4j.core.config.ConfigurationScheduler_ESTest,27,0,True
774,NPEX,Log4j_2-7441d3c3,0,a0490a27fc0a4c23a9bd599fb92c6e41,org.apache.logging.log4j.core.config.ConfigurationScheduler,org.apache.logging.log4j.core.config.ConfigurationScheduler_ESTest,19,0,False
775,NPEX,Log4j_2-7441d3c3,0,e0c2cf6e81ad42298e73648e25814d28,org.apache.logging.log4j.core.config.ConfigurationScheduler,org.apache.logging.log4j.core.config.ConfigurationScheduler_ESTest,17,0,False
776,NPEX,Log4j_2-7441d3c3,0,56348327c5b749a9bf4686df56efc1d2,org.apache.logging.log4j.core.config.ConfigurationScheduler,org.apache.logging.log4j.core.config.ConfigurationScheduler_ESTest,7,0,False
777,NPEX,Log4j_2-7441d3c3,0,a1d724f7ee684ee2b9a31252bd9fab8f,org.apache.logging.log4j.core.config.ConfigurationScheduler,org.apache.logging.log4j.core.config.ConfigurationScheduler_ESTest,13,0,False
778,NPEX,Log4j_2-7441d3c3,0,456292b0e7974e7094c2c08a799d63f7,org.apache.logging.log4j.core.config.ConfigurationScheduler,org.apache.logging.log4j.core.config.ConfigurationScheduler_ESTest,18,0,False
779,NPEX,Log4j_2-7441d3c3,0,9b64833cd5e549349006347430212786,org.apache.logging.log4j.core.config.ConfigurationScheduler,org.apache.logging.log4j.core.config.ConfigurationScheduler_ESTest,19,0,False
780,NPEX,Log4j_2-7441d3c3,0,db1d893e503f4ffbbac3799801b759a9,org.apache.logging.log4j.core.config.ConfigurationScheduler,org.apache.logging.log4j.core.config.ConfigurationScheduler_ESTest,17,0,False
781,NPEX,Prometheus_JVM_Client-3d9a3302,0,40563e6e3427406497ffcacb21e6c764,io.prometheus.client.CollectorRegistry,io.prometheus.client.CollectorRegistry_ESTest,10,0,False
782,NPEX,Prometheus_JVM_Client-3d9a3302,0,c9cadf65c00848f39cf5c17edf58a7aa,io.prometheus.client.CollectorRegistry,io.prometheus.client.CollectorRegistry_ESTest,13,0,False
783,NPEX,Prometheus_JVM_Client-3d9a3302,0,eaf8cb794bef45e69d729976606afd0e,io.prometheus.client.CollectorRegistry,io.prometheus.client.CollectorRegistry_ESTest,11,0,False
784,NPEX,Prometheus_JVM_Client-3d9a3302,0,1d63cfb03c244b368a7106d1df6af76b,io.prometheus.client.CollectorRegistry,io.prometheus.client.CollectorRegistry_ESTest,13,0,False
785,NPEX,Commons_BCEL-a46d927b,0,107968f0c6734ecd968c95bddec0685b,org.apache.bcel.generic.MethodGen,org.apache.bcel.generic.MethodGen_ESTest,35,0,False
786,NPEX,Commons_BCEL-a46d927b,0,b2d6598a1b6a454b98c3facd7886562f,org.apache.bcel.generic.MethodGen,org.apache.bcel.generic.MethodGen_ESTest,26,0,False
787,NPEX,Commons_BCEL-a46d927b,0,3ba0657a04284bcb975e451348fd81b3,org.apache.bcel.generic.MethodGen,org.apache.bcel.generic.MethodGen_ESTest,36,0,False
788,NPEX,Commons_BCEL-a46d927b,0,09480c60db914bb09d3b042af92a3471,org.apache.bcel.generic.MethodGen,org.apache.bcel.generic.MethodGen_ESTest,36,0,False
789,NPEX,Commons_BCEL-a46d927b,0,3865787669294fa6be92b3de75e9a895,org.apache.bcel.generic.MethodGen,org.apache.bcel.generic.MethodGen_ESTest,27,0,False
790,NPEX,Commons_BCEL-a46d927b,0,50db3b9e0bfb4b0aab472edf6dbeb367,org.apache.bcel.generic.MethodGen,org.apache.bcel.generic.MethodGen_ESTest,37,0,False
791,NPEX,Commons_BCEL-a46d927b,0,2695d1cecdec405ab757d347979d56f0,org.apache.bcel.generic.MethodGen,org.apache.bcel.generic.MethodGen_ESTest,44,0,False
792,NPEX,Commons_BCEL-a46d927b,0,e4276fe474f8466397cf37f1e929fcb5,org.apache.bcel.generic.MethodGen,org.apache.bcel.generic.MethodGen_ESTest,30,0,False
793,NPEX,Commons_BCEL-a46d927b,0,5c0054cfadbb46149adfffac22f00d18,org.apache.bcel.generic.MethodGen,org.apache.bcel.generic.MethodGen_ESTest,37,0,False
794,NPEX,Commons_BCEL-a46d927b,0,bcb86d805456448ba86275d1fe8a6b8d,org.apache.bcel.generic.MethodGen,org.apache.bcel.generic.MethodGen_ESTest,31,0,False
795,NPEX,Jest-f34fa45e,0,a72f04b418ba45fba9c5efe0895b6e64,io.searchbox.client.config.discovery.NodeChecker,io.searchbox.client.config.discovery.NodeChecker_ESTest,4,0,False
796,NPEX,Jest-f34fa45e,0,caa98ebc1af1436595d93fe8a69596a7,io.searchbox.client.config.discovery.NodeChecker,io.searchbox.client.config.discovery.NodeChecker_ESTest,0,0,False
797,NPEX,Jest-f34fa45e,0,2ec82fa2ed094fc88ea21db87fd389bc,io.searchbox.client.config.discovery.NodeChecker,io.searchbox.client.config.discovery.NodeChecker_ESTest,6,0,False
798,NPEX,Jest-f34fa45e,0,7be2910ebf3546dfaac9ae0132a16f3b,io.searchbox.client.config.discovery.NodeChecker,io.searchbox.client.config.discovery.NodeChecker_ESTest,0,0,False
799,NPEX,Jest-f34fa45e,0,395e618aac134f3d98edc7ed54442b93,io.searchbox.client.config.discovery.NodeChecker,io.searchbox.client.config.discovery.NodeChecker_ESTest,8,0,False
800,NPEX,Jest-f34fa45e,0,c227552e73e54953ad6c517b58229038,io.searchbox.client.config.discovery.NodeChecker,io.searchbox.client.config.discovery.NodeChecker_ESTest,0,0,False
801,NPEX,Jest-f34fa45e,0,7a10b47aee994e3dafcc0eb34162171f,io.searchbox.client.config.discovery.NodeChecker,io.searchbox.client.config.discovery.NodeChecker_ESTest,8,0,False
802,NPEX,Jest-f34fa45e,0,5f30d2fea2b84fc2997294120611ceed,io.searchbox.client.config.discovery.NodeChecker,io.searchbox.client.config.discovery.NodeChecker_ESTest,9,0,False
803,NPEX,Jest-f34fa45e,0,2262cc925279470bb3a3182ce82d1b15,io.searchbox.client.config.discovery.NodeChecker,io.searchbox.client.config.discovery.NodeChecker_ESTest,4,0,False
804,NPEX,Jest-f34fa45e,0,23257196b8454c54ab531d6988433b02,io.searchbox.client.config.discovery.NodeChecker,io.searchbox.client.config.discovery.NodeChecker_ESTest,5,0,False
805,NPEX,Qpid_Proton__j-02998b38,0,d2493731c93243ec910370585b991cef,org.apache.qpid.proton.codec.MapType,org.apache.qpid.proton.codec.MapType_ESTest,7,0,False
806,NPEX,Qpid_Proton__j-02998b38,0,34d70a93b0e344ef9b7b4cc9da943c30,org.apache.qpid.proton.codec.MapType,org.apache.qpid.proton.codec.MapType_ESTest,3,0,False
807,NPEX,Qpid_Proton__j-02998b38,0,1565eda065274008b2810396d08f4cd0,org.apache.qpid.proton.codec.MapType,org.apache.qpid.proton.codec.MapType_ESTest,4,0,False
808,NPEX,Qpid_Proton__j-02998b38,0,5455545a93354559a3685c506ffd0b9f,org.apache.qpid.proton.codec.MapType,org.apache.qpid.proton.codec.MapType_ESTest,4,0,False
809,NPEX,Qpid_Proton__j-02998b38,0,5c3aeb411a6547c7a68f9561e3324700,org.apache.qpid.proton.codec.MapType,org.apache.qpid.proton.codec.MapType_ESTest,2,0,False
810,NPEX,Qpid_Proton__j-02998b38,0,9a62914213fe46e0ab29ea354b481aa9,org.apache.qpid.proton.codec.MapType,org.apache.qpid.proton.codec.MapType_ESTest,4,0,False
811,NPEX,Qpid_Proton__j-02998b38,0,bfbb33d6d1364c0d8453e6192e863d44,org.apache.qpid.proton.codec.MapType,org.apache.qpid.proton.codec.MapType_ESTest,3,0,False
812,NPEX,Qpid_Proton__j-02998b38,0,3feeab03e0cd47ef96859a99047c3fa5,org.apache.qpid.proton.codec.MapType,org.apache.qpid.proton.codec.MapType_ESTest,3,0,False
813,NPEX,Qpid_Proton__j-02998b38,0,db93099ef7c04e32bc442582f75fee41,org.apache.qpid.proton.codec.MapType,org.apache.qpid.proton.codec.MapType_ESTest,6,0,False
814,NPEX,Qpid_Proton__j-02998b38,0,38681f71b63046879cf339a85cf30a61,org.apache.qpid.proton.codec.MapType,org.apache.qpid.proton.codec.MapType_ESTest,4,0,False
815,NPEX,Qpid_Proton__j-02998b38,1,d2493731c93243ec910370585b991cef,org.apache.qpid.proton.codec.MapType,org.apache.qpid.proton.codec.MapType_ESTest,7,0,False
816,NPEX,Qpid_Proton__j-02998b38,1,34d70a93b0e344ef9b7b4cc9da943c30,org.apache.qpid.proton.codec.MapType,org.apache.qpid.proton.codec.MapType_ESTest,3,0,False
817,NPEX,Qpid_Proton__j-02998b38,1,1565eda065274008b2810396d08f4cd0,org.apache.qpid.proton.codec.MapType,org.apache.qpid.proton.codec.MapType_ESTest,4,0,False
818,NPEX,Qpid_Proton__j-02998b38,1,5455545a93354559a3685c506ffd0b9f,org.apache.qpid.proton.codec.MapType,org.apache.qpid.proton.codec.MapType_ESTest,4,0,False
819,NPEX,Qpid_Proton__j-02998b38,1,5c3aeb411a6547c7a68f9561e3324700,org.apache.qpid.proton.codec.MapType,org.apache.qpid.proton.codec.MapType_ESTest,2,0,False
820,NPEX,Qpid_Proton__j-02998b38,1,9a62914213fe46e0ab29ea354b481aa9,org.apache.qpid.proton.codec.MapType,org.apache.qpid.proton.codec.MapType_ESTest,4,0,False
821,NPEX,Qpid_Proton__j-02998b38,1,bfbb33d6d1364c0d8453e6192e863d44,org.apache.qpid.proton.codec.MapType,org.apache.qpid.proton.codec.MapType_ESTest,3,0,False
822,NPEX,Qpid_Proton__j-02998b38,1,3feeab03e0cd47ef96859a99047c3fa5,org.apache.qpid.proton.codec.MapType,org.apache.qpid.proton.codec.MapType_ESTest,3,0,False
823,NPEX,Qpid_Proton__j-02998b38,1,db93099ef7c04e32bc442582f75fee41,org.apache.qpid.proton.codec.MapType,org.apache.qpid.proton.codec.MapType_ESTest,6,0,False
824,NPEX,Qpid_Proton__j-02998b38,1,38681f71b63046879cf339a85cf30a61,org.apache.qpid.proton.codec.MapType,org.apache.qpid.proton.codec.MapType_ESTest,4,0,False
825,NPEX,Avro-a3e05bee,0,99221b00ab244bafba090573e3c0aa33,org.apache.avro.Schema,org.apache.avro.Schema_ESTest,55,0,True
826,NPEX,Avro-a3e05bee,0,d7d45469159445fb923d93519d91dd3b,org.apache.avro.Schema,org.apache.avro.Schema_ESTest,61,0,True
827,NPEX,Avro-a3e05bee,0,d9934d4ab494452eb3cb13cd4abba010,org.apache.avro.Schema,org.apache.avro.Schema_ESTest,60,0,True
828,NPEX,Avro-a3e05bee,0,000b44c33e6746a982515fbcc0ed691f,org.apache.avro.Schema,org.apache.avro.Schema_ESTest,85,0,True
829,NPEX,Avro-a3e05bee,0,a27b40a2009b45e68350c37cf2a99b3d,org.apache.avro.Schema,org.apache.avro.Schema_ESTest,68,0,True
830,NPEX,Avro-a3e05bee,0,9ea7707d44504ef3b4aab6931ee6e89d,org.apache.avro.Schema,org.apache.avro.Schema_ESTest,57,0,True
831,NPEX,Avro-a3e05bee,0,3ff903dfafa34134a46ab520f77a03df,org.apache.avro.Schema,org.apache.avro.Schema_ESTest,62,0,True
832,NPEX,Avro-a3e05bee,0,6ae88c78ebc344b79edcc96cc8313fbd,org.apache.avro.Schema,org.apache.avro.Schema_ESTest,70,0,True
833,NPEX,Avro-a3e05bee,0,517cc8fa7c604bf08cbfcd79a2f8db87,org.apache.avro.Schema,org.apache.avro.Schema_ESTest,83,0,True
834,NPEX,Avro-a3e05bee,0,86e1dafbbd1a4b9ba1713b248f6d8a5b,org.apache.avro.Schema,org.apache.avro.Schema_ESTest,75,0,True
835,NPEX,HttpComponents_Client-f6333a50,0,bedda1c38f394885909e995f562ad631,org.apache.hc.client5.http.impl.async.HttpAsyncClientBuilder,org.apache.hc.client5.http.impl.async.HttpAsyncClientBuilder_ESTest,51,0,False
836,NPEX,HttpComponents_Client-f6333a50,0,bedda1c38f394885909e995f562ad631,org.apache.hc.client5.http.impl.async.H2AsyncClientBuilder,org.apache.hc.client5.http.impl.async.H2AsyncClientBuilder_ESTest,44,0,False
837,NPEX,HttpComponents_Client-f6333a50,0,4931ad3c745a4c46a48da1b8a7ac0349,org.apache.hc.client5.http.impl.async.HttpAsyncClientBuilder,org.apache.hc.client5.http.impl.async.HttpAsyncClientBuilder_ESTest,50,0,False
838,NPEX,HttpComponents_Client-f6333a50,0,4931ad3c745a4c46a48da1b8a7ac0349,org.apache.hc.client5.http.impl.async.H2AsyncClientBuilder,org.apache.hc.client5.http.impl.async.H2AsyncClientBuilder_ESTest,46,0,False
839,NPEX,HttpComponents_Client-f6333a50,0,87c6a151b9414e8383f1681727b575f3,org.apache.hc.client5.http.impl.async.HttpAsyncClientBuilder,org.apache.hc.client5.http.impl.async.HttpAsyncClientBuilder_ESTest,50,0,False
840,NPEX,HttpComponents_Client-f6333a50,0,87c6a151b9414e8383f1681727b575f3,org.apache.hc.client5.http.impl.async.H2AsyncClientBuilder,org.apache.hc.client5.http.impl.async.H2AsyncClientBuilder_ESTest,42,0,False
841,NPEX,HttpComponents_Client-f6333a50,0,71bbe0ce6ffa43a3a2ad510ec47de700,org.apache.hc.client5.http.impl.async.HttpAsyncClientBuilder,org.apache.hc.client5.http.impl.async.HttpAsyncClientBuilder_ESTest,45,0,False
842,NPEX,HttpComponents_Client-f6333a50,0,71bbe0ce6ffa43a3a2ad510ec47de700,org.apache.hc.client5.http.impl.async.H2AsyncClientBuilder,org.apache.hc.client5.http.impl.async.H2AsyncClientBuilder_ESTest,42,0,False
843,NPEX,HttpComponents_Client-f6333a50,0,37cf2440e26d4fd2b1b803f4f41a8646,org.apache.hc.client5.http.impl.async.HttpAsyncClientBuilder,org.apache.hc.client5.http.impl.async.HttpAsyncClientBuilder_ESTest,49,0,False
844,NPEX,HttpComponents_Client-f6333a50,0,37cf2440e26d4fd2b1b803f4f41a8646,org.apache.hc.client5.http.impl.async.H2AsyncClientBuilder,org.apache.hc.client5.http.impl.async.H2AsyncClientBuilder_ESTest,45,0,False
845,NPEX,HttpComponents_Client-f6333a50,0,19d9a66fb245497c89d2051b6d64eec4,org.apache.hc.client5.http.impl.async.HttpAsyncClientBuilder,org.apache.hc.client5.http.impl.async.HttpAsyncClientBuilder_ESTest,52,0,False
846,NPEX,HttpComponents_Client-f6333a50,0,19d9a66fb245497c89d2051b6d64eec4,org.apache.hc.client5.http.impl.async.H2AsyncClientBuilder,org.apache.hc.client5.http.impl.async.H2AsyncClientBuilder_ESTest,45,0,False
847,NPEX,HttpComponents_Client-f6333a50,0,9f905580ac62403aa28ace5babe00b82,org.apache.hc.client5.http.impl.async.HttpAsyncClientBuilder,org.apache.hc.client5.http.impl.async.HttpAsyncClientBuilder_ESTest,52,0,False
848,NPEX,HttpComponents_Client-f6333a50,0,9f905580ac62403aa28ace5babe00b82,org.apache.hc.client5.http.impl.async.H2AsyncClientBuilder,org.apache.hc.client5.http.impl.async.H2AsyncClientBuilder_ESTest,44,0,False
849,NPEX,HttpComponents_Client-f6333a50,0,fd56e93589e9421b8a0d6fd1c52d0175,org.apache.hc.client5.http.impl.async.HttpAsyncClientBuilder,org.apache.hc.client5.http.impl.async.HttpAsyncClientBuilder_ESTest,50,0,False
850,NPEX,HttpComponents_Client-f6333a50,0,fd56e93589e9421b8a0d6fd1c52d0175,org.apache.hc.client5.http.impl.async.H2AsyncClientBuilder,org.apache.hc.client5.http.impl.async.H2AsyncClientBuilder_ESTest,44,0,False
851,NPEX,HttpComponents_Client-f6333a50,0,aba525ba09404d79ad0440af33b6273e,org.apache.hc.client5.http.impl.async.HttpAsyncClientBuilder,org.apache.hc.client5.http.impl.async.HttpAsyncClientBuilder_ESTest,52,0,False
852,NPEX,HttpComponents_Client-f6333a50,0,aba525ba09404d79ad0440af33b6273e,org.apache.hc.client5.http.impl.async.H2AsyncClientBuilder,org.apache.hc.client5.http.impl.async.H2AsyncClientBuilder_ESTest,45,0,False
853,NPEX,HttpComponents_Client-f6333a50,0,4682520d27c6473aa8f0b28fabea7dc0,org.apache.hc.client5.http.impl.async.HttpAsyncClientBuilder,org.apache.hc.client5.http.impl.async.HttpAsyncClientBuilder_ESTest,54,0,False
854,NPEX,HttpComponents_Client-f6333a50,0,4682520d27c6473aa8f0b28fabea7dc0,org.apache.hc.client5.http.impl.async.H2AsyncClientBuilder,org.apache.hc.client5.http.impl.async.H2AsyncClientBuilder_ESTest,46,0,False
855,NPEX,HttpComponents_Client-f6333a50,1,bedda1c38f394885909e995f562ad631,org.apache.hc.client5.http.impl.async.HttpAsyncClientBuilder,org.apache.hc.client5.http.impl.async.HttpAsyncClientBuilder_ESTest,51,0,False
856,NPEX,HttpComponents_Client-f6333a50,1,bedda1c38f394885909e995f562ad631,org.apache.hc.client5.http.impl.async.H2AsyncClientBuilder,org.apache.hc.client5.http.impl.async.H2AsyncClientBuilder_ESTest,44,0,False
857,NPEX,HttpComponents_Client-f6333a50,1,4931ad3c745a4c46a48da1b8a7ac0349,org.apache.hc.client5.http.impl.async.HttpAsyncClientBuilder,org.apache.hc.client5.http.impl.async.HttpAsyncClientBuilder_ESTest,50,0,False
858,NPEX,HttpComponents_Client-f6333a50,1,4931ad3c745a4c46a48da1b8a7ac0349,org.apache.hc.client5.http.impl.async.H2AsyncClientBuilder,org.apache.hc.client5.http.impl.async.H2AsyncClientBuilder_ESTest,46,0,False
859,NPEX,HttpComponents_Client-f6333a50,1,87c6a151b9414e8383f1681727b575f3,org.apache.hc.client5.http.impl.async.HttpAsyncClientBuilder,org.apache.hc.client5.http.impl.async.HttpAsyncClientBuilder_ESTest,50,0,False
860,NPEX,HttpComponents_Client-f6333a50,1,87c6a151b9414e8383f1681727b575f3,org.apache.hc.client5.http.impl.async.H2AsyncClientBuilder,org.apache.hc.client5.http.impl.async.H2AsyncClientBuilder_ESTest,42,0,False
861,NPEX,HttpComponents_Client-f6333a50,1,71bbe0ce6ffa43a3a2ad510ec47de700,org.apache.hc.client5.http.impl.async.HttpAsyncClientBuilder,org.apache.hc.client5.http.impl.async.HttpAsyncClientBuilder_ESTest,45,0,False
862,NPEX,HttpComponents_Client-f6333a50,1,71bbe0ce6ffa43a3a2ad510ec47de700,org.apache.hc.client5.http.impl.async.H2AsyncClientBuilder,org.apache.hc.client5.http.impl.async.H2AsyncClientBuilder_ESTest,42,0,False
863,NPEX,HttpComponents_Client-f6333a50,1,37cf2440e26d4fd2b1b803f4f41a8646,org.apache.hc.client5.http.impl.async.HttpAsyncClientBuilder,org.apache.hc.client5.http.impl.async.HttpAsyncClientBuilder_ESTest,49,0,False
864,NPEX,HttpComponents_Client-f6333a50,1,37cf2440e26d4fd2b1b803f4f41a8646,org.apache.hc.client5.http.impl.async.H2AsyncClientBuilder,org.apache.hc.client5.http.impl.async.H2AsyncClientBuilder_ESTest,45,0,False
865,NPEX,HttpComponents_Client-f6333a50,1,19d9a66fb245497c89d2051b6d64eec4,org.apache.hc.client5.http.impl.async.HttpAsyncClientBuilder,org.apache.hc.client5.http.impl.async.HttpAsyncClientBuilder_ESTest,52,0,False
866,NPEX,HttpComponents_Client-f6333a50,1,19d9a66fb245497c89d2051b6d64eec4,org.apache.hc.client5.http.impl.async.H2AsyncClientBuilder,org.apache.hc.client5.http.impl.async.H2AsyncClientBuilder_ESTest,45,0,False
867,NPEX,HttpComponents_Client-f6333a50,1,9f905580ac62403aa28ace5babe00b82,org.apache.hc.client5.http.impl.async.HttpAsyncClientBuilder,org.apache.hc.client5.http.impl.async.HttpAsyncClientBuilder_ESTest,52,0,False
868,NPEX,HttpComponents_Client-f6333a50,1,9f905580ac62403aa28ace5babe00b82,org.apache.hc.client5.http.impl.async.H2AsyncClientBuilder,org.apache.hc.client5.http.impl.async.H2AsyncClientBuilder_ESTest,44,0,False
869,NPEX,HttpComponents_Client-f6333a50,1,fd56e93589e9421b8a0d6fd1c52d0175,org.apache.hc.client5.http.impl.async.HttpAsyncClientBuilder,org.apache.hc.client5.http.impl.async.HttpAsyncClientBuilder_ESTest,50,0,False
870,NPEX,HttpComponents_Client-f6333a50,1,fd56e93589e9421b8a0d6fd1c52d0175,org.apache.hc.client5.http.impl.async.H2AsyncClientBuilder,org.apache.hc.client5.http.impl.async.H2AsyncClientBuilder_ESTest,44,0,False
871,NPEX,HttpComponents_Client-f6333a50,1,aba525ba09404d79ad0440af33b6273e,org.apache.hc.client5.http.impl.async.HttpAsyncClientBuilder,org.apache.hc.client5.http.impl.async.HttpAsyncClientBuilder_ESTest,52,0,False
872,NPEX,HttpComponents_Client-f6333a50,1,aba525ba09404d79ad0440af33b6273e,org.apache.hc.client5.http.impl.async.H2AsyncClientBuilder,org.apache.hc.client5.http.impl.async.H2AsyncClientBuilder_ESTest,45,0,False
873,NPEX,HttpComponents_Client-f6333a50,1,4682520d27c6473aa8f0b28fabea7dc0,org.apache.hc.client5.http.impl.async.HttpAsyncClientBuilder,org.apache.hc.client5.http.impl.async.HttpAsyncClientBuilder_ESTest,54,0,False
874,NPEX,HttpComponents_Client-f6333a50,1,4682520d27c6473aa8f0b28fabea7dc0,org.apache.hc.client5.http.impl.async.H2AsyncClientBuilder,org.apache.hc.client5.http.impl.async.H2AsyncClientBuilder_ESTest,46,0,False
875,NPEX,HttpComponents_Client-f6333a50,2,bedda1c38f394885909e995f562ad631,org.apache.hc.client5.http.impl.async.HttpAsyncClientBuilder,org.apache.hc.client5.http.impl.async.HttpAsyncClientBuilder_ESTest,51,0,False
876,NPEX,HttpComponents_Client-f6333a50,2,bedda1c38f394885909e995f562ad631,org.apache.hc.client5.http.impl.async.H2AsyncClientBuilder,org.apache.hc.client5.http.impl.async.H2AsyncClientBuilder_ESTest,44,0,False
877,NPEX,HttpComponents_Client-f6333a50,2,4931ad3c745a4c46a48da1b8a7ac0349,org.apache.hc.client5.http.impl.async.HttpAsyncClientBuilder,org.apache.hc.client5.http.impl.async.HttpAsyncClientBuilder_ESTest,50,0,False
878,NPEX,HttpComponents_Client-f6333a50,2,4931ad3c745a4c46a48da1b8a7ac0349,org.apache.hc.client5.http.impl.async.H2AsyncClientBuilder,org.apache.hc.client5.http.impl.async.H2AsyncClientBuilder_ESTest,46,0,False
879,NPEX,HttpComponents_Client-f6333a50,2,87c6a151b9414e8383f1681727b575f3,org.apache.hc.client5.http.impl.async.HttpAsyncClientBuilder,org.apache.hc.client5.http.impl.async.HttpAsyncClientBuilder_ESTest,50,0,False
880,NPEX,HttpComponents_Client-f6333a50,2,87c6a151b9414e8383f1681727b575f3,org.apache.hc.client5.http.impl.async.H2AsyncClientBuilder,org.apache.hc.client5.http.impl.async.H2AsyncClientBuilder_ESTest,42,0,False
881,NPEX,HttpComponents_Client-f6333a50,2,71bbe0ce6ffa43a3a2ad510ec47de700,org.apache.hc.client5.http.impl.async.HttpAsyncClientBuilder,org.apache.hc.client5.http.impl.async.HttpAsyncClientBuilder_ESTest,45,0,False
882,NPEX,HttpComponents_Client-f6333a50,2,71bbe0ce6ffa43a3a2ad510ec47de700,org.apache.hc.client5.http.impl.async.H2AsyncClientBuilder,org.apache.hc.client5.http.impl.async.H2AsyncClientBuilder_ESTest,42,0,False
883,NPEX,HttpComponents_Client-f6333a50,2,37cf2440e26d4fd2b1b803f4f41a8646,org.apache.hc.client5.http.impl.async.HttpAsyncClientBuilder,org.apache.hc.client5.http.impl.async.HttpAsyncClientBuilder_ESTest,49,0,False
884,NPEX,HttpComponents_Client-f6333a50,2,37cf2440e26d4fd2b1b803f4f41a8646,org.apache.hc.client5.http.impl.async.H2AsyncClientBuilder,org.apache.hc.client5.http.impl.async.H2AsyncClientBuilder_ESTest,45,0,False
885,NPEX,HttpComponents_Client-f6333a50,2,19d9a66fb245497c89d2051b6d64eec4,org.apache.hc.client5.http.impl.async.HttpAsyncClientBuilder,org.apache.hc.client5.http.impl.async.HttpAsyncClientBuilder_ESTest,52,0,False
886,NPEX,HttpComponents_Client-f6333a50,2,19d9a66fb245497c89d2051b6d64eec4,org.apache.hc.client5.http.impl.async.H2AsyncClientBuilder,org.apache.hc.client5.http.impl.async.H2AsyncClientBuilder_ESTest,45,0,False
887,NPEX,HttpComponents_Client-f6333a50,2,9f905580ac62403aa28ace5babe00b82,org.apache.hc.client5.http.impl.async.HttpAsyncClientBuilder,org.apache.hc.client5.http.impl.async.HttpAsyncClientBuilder_ESTest,52,0,False
888,NPEX,HttpComponents_Client-f6333a50,2,9f905580ac62403aa28ace5babe00b82,org.apache.hc.client5.http.impl.async.H2AsyncClientBuilder,org.apache.hc.client5.http.impl.async.H2AsyncClientBuilder_ESTest,44,0,False
889,NPEX,HttpComponents_Client-f6333a50,2,fd56e93589e9421b8a0d6fd1c52d0175,org.apache.hc.client5.http.impl.async.HttpAsyncClientBuilder,org.apache.hc.client5.http.impl.async.HttpAsyncClientBuilder_ESTest,50,0,False
890,NPEX,HttpComponents_Client-f6333a50,2,fd56e93589e9421b8a0d6fd1c52d0175,org.apache.hc.client5.http.impl.async.H2AsyncClientBuilder,org.apache.hc.client5.http.impl.async.H2AsyncClientBuilder_ESTest,44,0,False
891,NPEX,HttpComponents_Client-f6333a50,2,aba525ba09404d79ad0440af33b6273e,org.apache.hc.client5.http.impl.async.HttpAsyncClientBuilder,org.apache.hc.client5.http.impl.async.HttpAsyncClientBuilder_ESTest,52,0,False
892,NPEX,HttpComponents_Client-f6333a50,2,aba525ba09404d79ad0440af33b6273e,org.apache.hc.client5.http.impl.async.H2AsyncClientBuilder,org.apache.hc.client5.http.impl.async.H2AsyncClientBuilder_ESTest,45,0,False
893,NPEX,HttpComponents_Client-f6333a50,2,4682520d27c6473aa8f0b28fabea7dc0,org.apache.hc.client5.http.impl.async.HttpAsyncClientBuilder,org.apache.hc.client5.http.impl.async.HttpAsyncClientBuilder_ESTest,54,0,False
894,NPEX,HttpComponents_Client-f6333a50,2,4682520d27c6473aa8f0b28fabea7dc0,org.apache.hc.client5.http.impl.async.H2AsyncClientBuilder,org.apache.hc.client5.http.impl.async.H2AsyncClientBuilder_ESTest,46,0,False
895,NPEX,HttpComponents_Client-f6333a50,3,bedda1c38f394885909e995f562ad631,org.apache.hc.client5.http.impl.async.HttpAsyncClientBuilder,org.apache.hc.client5.http.impl.async.HttpAsyncClientBuilder_ESTest,51,0,False
896,NPEX,HttpComponents_Client-f6333a50,3,bedda1c38f394885909e995f562ad631,org.apache.hc.client5.http.impl.async.H2AsyncClientBuilder,org.apache.hc.client5.http.impl.async.H2AsyncClientBuilder_ESTest,44,0,False
897,NPEX,HttpComponents_Client-f6333a50,3,4931ad3c745a4c46a48da1b8a7ac0349,org.apache.hc.client5.http.impl.async.HttpAsyncClientBuilder,org.apache.hc.client5.http.impl.async.HttpAsyncClientBuilder_ESTest,50,0,False
898,NPEX,HttpComponents_Client-f6333a50,3,4931ad3c745a4c46a48da1b8a7ac0349,org.apache.hc.client5.http.impl.async.H2AsyncClientBuilder,org.apache.hc.client5.http.impl.async.H2AsyncClientBuilder_ESTest,46,0,False
899,NPEX,HttpComponents_Client-f6333a50,3,87c6a151b9414e8383f1681727b575f3,org.apache.hc.client5.http.impl.async.HttpAsyncClientBuilder,org.apache.hc.client5.http.impl.async.HttpAsyncClientBuilder_ESTest,50,0,False
900,NPEX,HttpComponents_Client-f6333a50,3,87c6a151b9414e8383f1681727b575f3,org.apache.hc.client5.http.impl.async.H2AsyncClientBuilder,org.apache.hc.client5.http.impl.async.H2AsyncClientBuilder_ESTest,42,0,False
901,NPEX,HttpComponents_Client-f6333a50,3,71bbe0ce6ffa43a3a2ad510ec47de700,org.apache.hc.client5.http.impl.async.HttpAsyncClientBuilder,org.apache.hc.client5.http.impl.async.HttpAsyncClientBuilder_ESTest,45,0,False
902,NPEX,HttpComponents_Client-f6333a50,3,71bbe0ce6ffa43a3a2ad510ec47de700,org.apache.hc.client5.http.impl.async.H2AsyncClientBuilder,org.apache.hc.client5.http.impl.async.H2AsyncClientBuilder_ESTest,42,0,False
903,NPEX,HttpComponents_Client-f6333a50,3,37cf2440e26d4fd2b1b803f4f41a8646,org.apache.hc.client5.http.impl.async.HttpAsyncClientBuilder,org.apache.hc.client5.http.impl.async.HttpAsyncClientBuilder_ESTest,49,0,False
904,NPEX,HttpComponents_Client-f6333a50,3,37cf2440e26d4fd2b1b803f4f41a8646,org.apache.hc.client5.http.impl.async.H2AsyncClientBuilder,org.apache.hc.client5.http.impl.async.H2AsyncClientBuilder_ESTest,45,0,False
905,NPEX,HttpComponents_Client-f6333a50,3,19d9a66fb245497c89d2051b6d64eec4,org.apache.hc.client5.http.impl.async.HttpAsyncClientBuilder,org.apache.hc.client5.http.impl.async.HttpAsyncClientBuilder_ESTest,52,0,False
906,NPEX,HttpComponents_Client-f6333a50,3,19d9a66fb245497c89d2051b6d64eec4,org.apache.hc.client5.http.impl.async.H2AsyncClientBuilder,org.apache.hc.client5.http.impl.async.H2AsyncClientBuilder_ESTest,45,0,False
907,NPEX,HttpComponents_Client-f6333a50,3,9f905580ac62403aa28ace5babe00b82,org.apache.hc.client5.http.impl.async.HttpAsyncClientBuilder,org.apache.hc.client5.http.impl.async.HttpAsyncClientBuilder_ESTest,52,0,False
908,NPEX,HttpComponents_Client-f6333a50,3,9f905580ac62403aa28ace5babe00b82,org.apache.hc.client5.http.impl.async.H2AsyncClientBuilder,org.apache.hc.client5.http.impl.async.H2AsyncClientBuilder_ESTest,44,0,False
909,NPEX,HttpComponents_Client-f6333a50,3,fd56e93589e9421b8a0d6fd1c52d0175,org.apache.hc.client5.http.impl.async.HttpAsyncClientBuilder,org.apache.hc.client5.http.impl.async.HttpAsyncClientBuilder_ESTest,50,0,False
910,NPEX,HttpComponents_Client-f6333a50,3,fd56e93589e9421b8a0d6fd1c52d0175,org.apache.hc.client5.http.impl.async.H2AsyncClientBuilder,org.apache.hc.client5.http.impl.async.H2AsyncClientBuilder_ESTest,44,0,False
911,NPEX,HttpComponents_Client-f6333a50,3,aba525ba09404d79ad0440af33b6273e,org.apache.hc.client5.http.impl.async.HttpAsyncClientBuilder,org.apache.hc.client5.http.impl.async.HttpAsyncClientBuilder_ESTest,52,0,False
912,NPEX,HttpComponents_Client-f6333a50,3,aba525ba09404d79ad0440af33b6273e,org.apache.hc.client5.http.impl.async.H2AsyncClientBuilder,org.apache.hc.client5.http.impl.async.H2AsyncClientBuilder_ESTest,45,0,False
913,NPEX,HttpComponents_Client-f6333a50,3,4682520d27c6473aa8f0b28fabea7dc0,org.apache.hc.client5.http.impl.async.HttpAsyncClientBuilder,org.apache.hc.client5.http.impl.async.HttpAsyncClientBuilder_ESTest,54,0,False
914,NPEX,HttpComponents_Client-f6333a50,3,4682520d27c6473aa8f0b28fabea7dc0,org.apache.hc.client5.http.impl.async.H2AsyncClientBuilder,org.apache.hc.client5.http.impl.async.H2AsyncClientBuilder_ESTest,46,0,False
915,NPEX,Async_Http_Client-fbc6d486,0,91ee86eb9b884066be7fde53ffe2cee4,org.asynchttpclient.RequestBuilderBase,org.asynchttpclient.RequestBuilderBase_ESTest,1,0,False
916,NPEX,Async_Http_Client-fbc6d486,0,f4004800ccfc4e74b9aade34aa178a7b,org.asynchttpclient.RequestBuilderBase,org.asynchttpclient.RequestBuilderBase_ESTest,1,0,False
917,NPEX,Async_Http_Client-fbc6d486,0,98c6bdc5868a4801ad2862d96ce36281,org.asynchttpclient.RequestBuilderBase,org.asynchttpclient.RequestBuilderBase_ESTest,1,0,False
918,NPEX,Async_Http_Client-fbc6d486,0,a2e46bdac3db41749ff18e4d35328b67,org.asynchttpclient.RequestBuilderBase,org.asynchttpclient.RequestBuilderBase_ESTest,1,0,False
919,NPEX,Async_Http_Client-fbc6d486,0,b22af322709547f6b8206fad4629ed5c,org.asynchttpclient.RequestBuilderBase,org.asynchttpclient.RequestBuilderBase_ESTest,1,0,False
920,NPEX,Async_Http_Client-fbc6d486,0,58146458299a4c48af80a7bcbaa29d81,org.asynchttpclient.RequestBuilderBase,org.asynchttpclient.RequestBuilderBase_ESTest,1,0,False
921,NPEX,Async_Http_Client-fbc6d486,0,1885ded4a7244777a34eaa76e215c0a3,org.asynchttpclient.RequestBuilderBase,org.asynchttpclient.RequestBuilderBase_ESTest,1,0,False
922,NPEX,Async_Http_Client-fbc6d486,0,dbe566ea0ae747d18b1473eac8e0a7e7,org.asynchttpclient.RequestBuilderBase,org.asynchttpclient.RequestBuilderBase_ESTest,1,0,False
923,NPEX,Async_Http_Client-fbc6d486,0,15533a98fc6849bbbf4d3cf8cff9a7e0,org.asynchttpclient.RequestBuilderBase,org.asynchttpclient.RequestBuilderBase_ESTest,1,0,False
924,NPEX,Async_Http_Client-fbc6d486,0,88138ccc258a418987ed2a9fe667b635,org.asynchttpclient.RequestBuilderBase,org.asynchttpclient.RequestBuilderBase_ESTest,1,0,False
925,NPEX,ShardingSphere-9833fb9a,0,0c157b0d0837417f8e989e33cc272152,org.apache.shardingsphere.governance.core.yaml.swapper.SchemaYamlSwapper,org.apache.shardingsphere.governance.core.yaml.swapper.SchemaYamlSwapper_ESTest,3,0,False
926,NPEX,ShardingSphere-9833fb9a,0,58146752bca24f5084246eb7d189c0bc,org.apache.shardingsphere.governance.core.yaml.swapper.SchemaYamlSwapper,org.apache.shardingsphere.governance.core.yaml.swapper.SchemaYamlSwapper_ESTest,3,0,False
927,NPEX,ShardingSphere-9833fb9a,0,7603ab750fcf4f68979bcd398a488db2,org.apache.shardingsphere.governance.core.yaml.swapper.SchemaYamlSwapper,org.apache.shardingsphere.governance.core.yaml.swapper.SchemaYamlSwapper_ESTest,3,0,False
928,NPEX,ShardingSphere-9833fb9a,0,153b4c94cae548b0907cc96685801d1e,org.apache.shardingsphere.governance.core.yaml.swapper.SchemaYamlSwapper,org.apache.shardingsphere.governance.core.yaml.swapper.SchemaYamlSwapper_ESTest,3,0,False
929,NPEX,ShardingSphere-9833fb9a,0,dd1f17b678c44dceb8e261dbe46b8911,org.apache.shardingsphere.governance.core.yaml.swapper.SchemaYamlSwapper,org.apache.shardingsphere.governance.core.yaml.swapper.SchemaYamlSwapper_ESTest,3,0,False
930,NPEX,ShardingSphere-9833fb9a,0,63ab3367384c4184b609978fcb30ade0,org.apache.shardingsphere.governance.core.yaml.swapper.SchemaYamlSwapper,org.apache.shardingsphere.governance.core.yaml.swapper.SchemaYamlSwapper_ESTest,3,0,False
931,NPEX,ShardingSphere-9833fb9a,0,036735c154fb483da82aa52af733383d,org.apache.shardingsphere.governance.core.yaml.swapper.SchemaYamlSwapper,org.apache.shardingsphere.governance.core.yaml.swapper.SchemaYamlSwapper_ESTest,3,0,False
932,NPEX,ShardingSphere-9833fb9a,0,0f71923c1d4844a189601aa50b2475c0,org.apache.shardingsphere.governance.core.yaml.swapper.SchemaYamlSwapper,org.apache.shardingsphere.governance.core.yaml.swapper.SchemaYamlSwapper_ESTest,3,0,False
933,NPEX,ShardingSphere-9833fb9a,0,9290ee93cb044df8ad9d4efa2d528c8e,org.apache.shardingsphere.governance.core.yaml.swapper.SchemaYamlSwapper,org.apache.shardingsphere.governance.core.yaml.swapper.SchemaYamlSwapper_ESTest,3,0,False
934,NPEX,Easy_Rules-d5385af5,0,254767f8f1e749cb87470d34f7115ba4,org.jeasy.rules.mvel.MVELRuleDefinitionReader,org.jeasy.rules.mvel.MVELRuleDefinitionReader_ESTest,2,0,False
935,NPEX,Easy_Rules-d5385af5,0,cbfd50d44c244368973edc6512f1aff3,org.jeasy.rules.mvel.MVELRuleDefinitionReader,org.jeasy.rules.mvel.MVELRuleDefinitionReader_ESTest,1,0,False
936,NPEX,Easy_Rules-d5385af5,0,c6cfd929493940cbbbe33e2dbcf245c7,org.jeasy.rules.mvel.MVELRuleDefinitionReader,org.jeasy.rules.mvel.MVELRuleDefinitionReader_ESTest,1,0,False
937,NPEX,Easy_Rules-d5385af5,0,115e3d4ee0e9485aa3e7ad4d4ffc8494,org.jeasy.rules.mvel.MVELRuleDefinitionReader,org.jeasy.rules.mvel.MVELRuleDefinitionReader_ESTest,2,0,False
938,NPEX,Easy_Rules-d5385af5,0,66aac973692140eeb636381d039b4086,org.jeasy.rules.mvel.MVELRuleDefinitionReader,org.jeasy.rules.mvel.MVELRuleDefinitionReader_ESTest,1,0,False
939,NPEX,Easy_Rules-d5385af5,0,f3b901fd7eec49899f1000d3204ac584,org.jeasy.rules.mvel.MVELRuleDefinitionReader,org.jeasy.rules.mvel.MVELRuleDefinitionReader_ESTest,1,0,False
940,NPEX,Easy_Rules-d5385af5,0,22c6a09d9e5647f69dc7859998437cc7,org.jeasy.rules.mvel.MVELRuleDefinitionReader,org.jeasy.rules.mvel.MVELRuleDefinitionReader_ESTest,1,0,False
941,NPEX,Easy_Rules-d5385af5,0,de081dc00afb4123931429034ea0a581,org.jeasy.rules.mvel.MVELRuleDefinitionReader,org.jeasy.rules.mvel.MVELRuleDefinitionReader_ESTest,4,0,False
942,NPEX,Easy_Rules-d5385af5,0,4ae4fa312c4f45359dc870f467d33d97,org.jeasy.rules.mvel.MVELRuleDefinitionReader,org.jeasy.rules.mvel.MVELRuleDefinitionReader_ESTest,0,0,False
943,NPEX,Easy_Rules-d5385af5,0,b76a61a2239649128abf216c6bafffc9,org.jeasy.rules.mvel.MVELRuleDefinitionReader,org.jeasy.rules.mvel.MVELRuleDefinitionReader_ESTest,1,0,False
944,NPEX,Hivemall-04fa7545,0,1647320ae7f94623872b24c7d7167570,hivemall.GeneralLearnerBaseUDTF,hivemall.GeneralLearnerBaseUDTF_ESTest,16,0,False
945,NPEX,Hivemall-04fa7545,0,02ef6d166b00472bae4b27d5b4afaa8a,hivemall.GeneralLearnerBaseUDTF,hivemall.GeneralLearnerBaseUDTF_ESTest,19,0,True
946,NPEX,Hivemall-04fa7545,0,0dfe17ecd8874fffbd49017fe4b6d725,hivemall.GeneralLearnerBaseUDTF,hivemall.GeneralLearnerBaseUDTF_ESTest,11,0,False
947,NPEX,Hivemall-04fa7545,0,cdfd683eec684359a7e5a55c8a798122,hivemall.GeneralLearnerBaseUDTF,hivemall.GeneralLearnerBaseUDTF_ESTest,10,0,False
948,NPEX,Hivemall-04fa7545,0,8253a68e907b4c46ba67858aa99fbe01,hivemall.GeneralLearnerBaseUDTF,hivemall.GeneralLearnerBaseUDTF_ESTest,15,0,False
949,NPEX,Hivemall-04fa7545,0,826d9c72bdab471e808dacf613e49196,hivemall.GeneralLearnerBaseUDTF,hivemall.GeneralLearnerBaseUDTF_ESTest,15,0,False
950,NPEX,Hivemall-04fa7545,0,7e193a2851af4e20b80756e8ddca910c,hivemall.GeneralLearnerBaseUDTF,hivemall.GeneralLearnerBaseUDTF_ESTest,18,0,False
951,NPEX,Hivemall-04fa7545,0,78d1394799a1453b845c62fb536fde09,hivemall.GeneralLearnerBaseUDTF,hivemall.GeneralLearnerBaseUDTF_ESTest,17,0,True
952,NPEX,Hivemall-04fa7545,0,44186811284c4786bc54e43c99e70a3d,hivemall.GeneralLearnerBaseUDTF,hivemall.GeneralLearnerBaseUDTF_ESTest,10,0,False
953,NPEX,Hivemall-04fa7545,0,b288d5ac230d4b6a8ad49afe148e0a60,hivemall.GeneralLearnerBaseUDTF,hivemall.GeneralLearnerBaseUDTF_ESTest,15,0,False
954,NPEX,IoTDB-9bced7b6,0,52e9a9b894e74c9dbba7264c38019b39,org.apache.iotdb.db.metadata.MTree,org.apache.iotdb.db.metadata.MTree_ESTest,76,0,False
955,NPEX,IoTDB-9bced7b6,0,56ccbbd9414e44f484d50bcacefa81d1,org.apache.iotdb.db.metadata.MTree,org.apache.iotdb.db.metadata.MTree_ESTest,74,0,False
956,NPEX,IoTDB-9bced7b6,0,49fc24c5177942e28c387d1e9a968ecf,org.apache.iotdb.db.metadata.MTree,org.apache.iotdb.db.metadata.MTree_ESTest,78,0,False
957,NPEX,IoTDB-9bced7b6,0,b52c71fba2064ee8ba3a2e44edfa4953,org.apache.iotdb.db.metadata.MTree,org.apache.iotdb.db.metadata.MTree_ESTest,75,0,False
958,NPEX,IoTDB-9bced7b6,0,61dbb4e1e5a24c3dadaedf095f1aaaeb,org.apache.iotdb.db.metadata.MTree,org.apache.iotdb.db.metadata.MTree_ESTest,79,0,False
959,NPEX,IoTDB-9bced7b6,0,bab116cbfee34f4cb958f316259f80dc,org.apache.iotdb.db.metadata.MTree,org.apache.iotdb.db.metadata.MTree_ESTest,82,0,False
960,NPEX,IoTDB-9bced7b6,0,328cd83ca51249b7b15875e0a83656e0,org.apache.iotdb.db.metadata.MTree,org.apache.iotdb.db.metadata.MTree_ESTest,74,0,False
961,NPEX,IoTDB-9bced7b6,0,9735e574f49b4b01af01a568f65fa85e,org.apache.iotdb.db.metadata.MTree,org.apache.iotdb.db.metadata.MTree_ESTest,79,0,False
962,NPEX,IoTDB-9bced7b6,0,80a147a265204eecb74c613ff8206e7c,org.apache.iotdb.db.metadata.MTree,org.apache.iotdb.db.metadata.MTree_ESTest,71,0,False
963,NPEX,IoTDB-9bced7b6,0,ee41f228e8d14b40b6b927b170c3da4d,org.apache.iotdb.db.metadata.MTree,org.apache.iotdb.db.metadata.MTree_ESTest,79,0,False
964,Bears,Bears-88,0,c473ce7c5e1e452e95a5567f239596cf,org.springframework.data.repository.config.RepositoryBeanNameGenerator,org.springframework.data.repository.config.RepositoryBeanNameGenerator_ESTest,2,0,False
965,Bears,Bears-88,0,77a72ade16d541bca880dd858b2f629b,org.springframework.data.repository.config.RepositoryBeanNameGenerator,org.springframework.data.repository.config.RepositoryBeanNameGenerator_ESTest,0,0,False
966,Bears,Bears-88,0,67684f2a5ec24fa9991c2cfb5deaed50,org.springframework.data.repository.config.RepositoryBeanNameGenerator,org.springframework.data.repository.config.RepositoryBeanNameGenerator_ESTest,1,0,False
967,Bears,Bears-88,0,494b65df9efb45e58bd1e4546ca66a80,org.springframework.data.repository.config.RepositoryBeanNameGenerator,org.springframework.data.repository.config.RepositoryBeanNameGenerator_ESTest,2,0,False
968,Bears,Bears-88,0,b0e7a90e906a425fb59af6e3f9ce8152,org.springframework.data.repository.config.RepositoryBeanNameGenerator,org.springframework.data.repository.config.RepositoryBeanNameGenerator_ESTest,2,0,False
969,Bears,Bears-88,0,410bf5d12e224630b47ca0b7461ec830,org.springframework.data.repository.config.RepositoryBeanNameGenerator,org.springframework.data.repository.config.RepositoryBeanNameGenerator_ESTest,2,0,False
970,Bears,Bears-88,0,5611f8a3700341e5933fbe8e8c00b8fc,org.springframework.data.repository.config.RepositoryBeanNameGenerator,org.springframework.data.repository.config.RepositoryBeanNameGenerator_ESTest,2,0,False
971,Bears,Bears-222,0,4b45d4ac39ec402581a32cef16a2949a,org.jgrapht.generate.WattsStrogatzGraphGenerator,org.jgrapht.generate.WattsStrogatzGraphGenerator_ESTest,2,0,False
972,Bears,Bears-222,0,adad2fcef8bb4885bc36205a8a5a3228,org.jgrapht.generate.WattsStrogatzGraphGenerator,org.jgrapht.generate.WattsStrogatzGraphGenerator_ESTest,3,0,False
973,Bears,Bears-222,0,44d46d1c4c5f423bbf6082726c8c8328,org.jgrapht.generate.WattsStrogatzGraphGenerator,org.jgrapht.generate.WattsStrogatzGraphGenerator_ESTest,0,0,False
974,Bears,Bears-222,0,96397ff045cd4e83a952da5fb1142dbe,org.jgrapht.generate.WattsStrogatzGraphGenerator,org.jgrapht.generate.WattsStrogatzGraphGenerator_ESTest,3,0,False
975,Bears,Bears-222,0,a6878ed55beb429587824a96129a3e3c,org.jgrapht.generate.WattsStrogatzGraphGenerator,org.jgrapht.generate.WattsStrogatzGraphGenerator_ESTest,2,0,False
976,Bears,Bears-222,0,4b9352cec086496e827556f592417349,org.jgrapht.generate.WattsStrogatzGraphGenerator,org.jgrapht.generate.WattsStrogatzGraphGenerator_ESTest,3,0,False
977,Bears,Bears-222,0,0d7909e218d942beb544c7bd887ad68b,org.jgrapht.generate.WattsStrogatzGraphGenerator,org.jgrapht.generate.WattsStrogatzGraphGenerator_ESTest,3,0,False
978,Bears,Bears-222,0,7165b21903c3468db9745489fd44c3d1,org.jgrapht.generate.WattsStrogatzGraphGenerator,org.jgrapht.generate.WattsStrogatzGraphGenerator_ESTest,3,0,False
979,Bears,Bears-56,0,52ab6f9d58a94308b33664267850b793,spoon.reflect.visitor.ImportScannerImpl,spoon.reflect.visitor.ImportScannerImpl_ESTest,16,0,False
980,Bears,Bears-56,0,5462fa5f031d4bf0817494787a1796fe,spoon.reflect.visitor.ImportScannerImpl,spoon.reflect.visitor.ImportScannerImpl_ESTest,13,0,False
981,Bears,Bears-56,0,5be15af102aa4947b02219569e5df081,spoon.reflect.visitor.ImportScannerImpl,spoon.reflect.visitor.ImportScannerImpl_ESTest,18,0,False
982,Bears,Bears-56,0,32d3be181eec4384a63df0331a2a9dcf,spoon.reflect.visitor.ImportScannerImpl,spoon.reflect.visitor.ImportScannerImpl_ESTest,19,0,False
983,Bears,Bears-56,0,7804d7531ae94e27ac3455b140753436,spoon.reflect.visitor.ImportScannerImpl,spoon.reflect.visitor.ImportScannerImpl_ESTest,11,0,False
984,Bears,Bears-56,0,c7531d4a8b10428d99b462599b3cf90f,spoon.reflect.visitor.ImportScannerImpl,spoon.reflect.visitor.ImportScannerImpl_ESTest,19,0,False
985,Bears,Bears-56,0,9fbae234324746de8a3c9dcd725eea72,spoon.reflect.visitor.ImportScannerImpl,spoon.reflect.visitor.ImportScannerImpl_ESTest,15,0,False
986,Bears,Bears-56,0,227df350bc8b418688b5a73f35925e5d,spoon.reflect.visitor.ImportScannerImpl,spoon.reflect.visitor.ImportScannerImpl_ESTest,15,0,False
987,Bears,Bears-56,0,91c6510328c6486aabc29244adc9acf5,spoon.reflect.visitor.ImportScannerImpl,spoon.reflect.visitor.ImportScannerImpl_ESTest,16,0,False
988,Bears,Bears-56,0,e8dc15c03bf34149a9aa36473920e7f2,spoon.reflect.visitor.ImportScannerImpl,spoon.reflect.visitor.ImportScannerImpl_ESTest,16,0,False
989,Bears,Bears-72,0,abfa14bb029f49cba04bb2cbc863da59,spoon.reflect.visitor.DefaultJavaPrettyPrinter,spoon.reflect.visitor.DefaultJavaPrettyPrinter_ESTest,54,0,False
990,Bears,Bears-72,0,131383eb52ee441d98463ac94db1e3f4,spoon.reflect.visitor.DefaultJavaPrettyPrinter,spoon.reflect.visitor.DefaultJavaPrettyPrinter_ESTest,54,0,False
991,Bears,Bears-72,0,6847eb60b8f04a419f74dcec5cbbe8af,spoon.reflect.visitor.DefaultJavaPrettyPrinter,spoon.reflect.visitor.DefaultJavaPrettyPrinter_ESTest,54,0,False
992,Bears,Bears-72,0,f809d914ad734931b9a78e3d2befe7ee,spoon.reflect.visitor.DefaultJavaPrettyPrinter,spoon.reflect.visitor.DefaultJavaPrettyPrinter_ESTest,77,0,False
993,Bears,Bears-72,0,fb3fe3e7c0b04df58281da99cd1ff253,spoon.reflect.visitor.DefaultJavaPrettyPrinter,spoon.reflect.visitor.DefaultJavaPrettyPrinter_ESTest,48,0,False
994,Bears,Bears-72,0,5b17a83f92a847e5b17636e299a54c91,spoon.reflect.visitor.DefaultJavaPrettyPrinter,spoon.reflect.visitor.DefaultJavaPrettyPrinter_ESTest,36,0,False
995,Bears,Bears-72,0,f11c105e015545de9f726e96ed479137,spoon.reflect.visitor.DefaultJavaPrettyPrinter,spoon.reflect.visitor.DefaultJavaPrettyPrinter_ESTest,34,0,False
996,Bears,Bears-72,0,28ff2041cce0499680cfb1f5e091ddff,spoon.reflect.visitor.DefaultJavaPrettyPrinter,spoon.reflect.visitor.DefaultJavaPrettyPrinter_ESTest,55,0,False
997,Bears,Bears-72,0,020e9d35a4c84be09d63f7e7b67ead97,spoon.reflect.visitor.DefaultJavaPrettyPrinter,spoon.reflect.visitor.DefaultJavaPrettyPrinter_ESTest,40,0,False
998,Bears,Bears-72,0,8a81756f0c42449ab0b14ff5a8e7493e,spoon.reflect.visitor.DefaultJavaPrettyPrinter,spoon.reflect.visitor.DefaultJavaPrettyPrinter_ESTest,43,0,False
999,Bears,Bears-189,0,bf8dad27760f4c5aa795c22403f49c1c,hu.oe.nik.szfmv.detector.classes.Detector,hu.oe.nik.szfmv.detector.classes.Detector_ESTest,5,0,False
1000,Bears,Bears-189,0,9a24ae30223c416b87e0741bfd978424,hu.oe.nik.szfmv.detector.classes.Detector,hu.oe.nik.szfmv.detector.classes.Detector_ESTest,6,0,False
1001,Bears,Bears-189,0,6a085c43c0b34ad082199da096534f5d,hu.oe.nik.szfmv.detector.classes.Detector,hu.oe.nik.szfmv.detector.classes.Detector_ESTest,5,0,False
1002,Bears,Bears-189,0,cbbf8d24c6ae415b8cfa6cacc316fe44,hu.oe.nik.szfmv.detector.classes.Detector,hu.oe.nik.szfmv.detector.classes.Detector_ESTest,5,0,False
1003,Bears,Bears-189,0,8426c75a5cf647a3b854024c6e2c1299,hu.oe.nik.szfmv.detector.classes.Detector,hu.oe.nik.szfmv.detector.classes.Detector_ESTest,3,0,False
1004,Bears,Bears-189,0,ca152158150743099a7680d6b73cb377,hu.oe.nik.szfmv.detector.classes.Detector,hu.oe.nik.szfmv.detector.classes.Detector_ESTest,5,0,False
1005,Bears,Bears-189,0,17219d0be0be47c1b609ce8b19bf7b8b,hu.oe.nik.szfmv.detector.classes.Detector,hu.oe.nik.szfmv.detector.classes.Detector_ESTest,5,0,False
1006,Bears,Bears-189,0,f536d2013a884bf4954648aed8ccc680,hu.oe.nik.szfmv.detector.classes.Detector,hu.oe.nik.szfmv.detector.classes.Detector_ESTest,5,0,False
1007,Bears,Bears-189,0,95d9a40472bb4c4da669ef608cbe9c8d,hu.oe.nik.szfmv.detector.classes.Detector,hu.oe.nik.szfmv.detector.classes.Detector_ESTest,5,0,False
1008,Bears,Bears-189,0,906586140ed44d178132ae2a7ea961d2,hu.oe.nik.szfmv.detector.classes.Detector,hu.oe.nik.szfmv.detector.classes.Detector_ESTest,5,0,False
1009,Bears,Bears-46,0,0587e784c4154de4a346a92cde1801ab,spoon.support.reflect.declaration.CtElementImpl,spoon.support.reflect.declaration.CtElementImpl_ESTest,28,0,False
1010,Bears,Bears-46,0,4da4a3a9c03d4ce6bb2d000c0d5e08b0,spoon.support.reflect.declaration.CtElementImpl,spoon.support.reflect.declaration.CtElementImpl_ESTest,27,0,False
1011,Bears,Bears-70,0,6153daa12a2d4264a39405ba9ad0812c,spoon.support.compiler.jdt.ContextBuilder,spoon.support.compiler.jdt.ContextBuilder_ESTest,6,0,False
1012,Bears,Bears-70,0,013fab688f984a8089b230e2823f5a28,spoon.support.compiler.jdt.ContextBuilder,spoon.support.compiler.jdt.ContextBuilder_ESTest,4,0,False
1013,Bears,Bears-70,0,b7f70254956140f6abe89e52fae6b75f,spoon.support.compiler.jdt.ContextBuilder,spoon.support.compiler.jdt.ContextBuilder_ESTest,5,0,False
1014,Bears,Bears-70,0,774a775896a84d0c876c24da53162b57,spoon.support.compiler.jdt.ContextBuilder,spoon.support.compiler.jdt.ContextBuilder_ESTest,4,0,False
1015,Bears,Bears-70,0,882eaabd47934828ac7dd72ea28cc6d8,spoon.support.compiler.jdt.ContextBuilder,spoon.support.compiler.jdt.ContextBuilder_ESTest,6,0,False
1016,Bears,Bears-70,0,b39e752e720d4cd0b4382c1b17caccd2,spoon.support.compiler.jdt.ContextBuilder,spoon.support.compiler.jdt.ContextBuilder_ESTest,7,0,False
1017,Bears,Bears-70,0,1ff84d50ce1446e1b49d95209ecb246c,spoon.support.compiler.jdt.ContextBuilder,spoon.support.compiler.jdt.ContextBuilder_ESTest,8,0,False
1018,Bears,Bears-70,0,b2f100b31ee2420a8a0f03d19728aa02,spoon.support.compiler.jdt.ContextBuilder,spoon.support.compiler.jdt.ContextBuilder_ESTest,8,0,False
1019,Bears,Bears-70,0,ccb1c069da3f47179d2d0100043c60d4,spoon.support.compiler.jdt.ContextBuilder,spoon.support.compiler.jdt.ContextBuilder_ESTest,3,0,False
