,benchmark_group,benchmark_name,npe_label,experiment_id,input_class,replayed_testsuite,compiled_tests,commented_tests,npe_reproduced
0,BugSwarm,Universal_G__Code_Sender-172454077,0,31e049cdabc44c5a9f781749947b5222,com.willwinder.universalgcodesender.GrblController,com.willwinder.universalgcodesender.GrblController_ESTest,59,0,False
1,BugSwarm,Universal_G__Code_Sender-172454077,0,33e9858c661847b78cbf4f6b34351520,com.willwinder.universalgcodesender.GrblController,com.willwinder.universalgcodesender.GrblController_ESTest,62,0,False
2,BugSwarm,Universal_G__Code_Sender-172454077,0,ffb03d6e0f15452bb495237529192a2a,com.willwinder.universalgcodesender.GrblController,com.willwinder.universalgcodesender.GrblController_ESTest,56,0,False
3,BugSwarm,Universal_G__Code_Sender-172454077,0,fe5f76439af64247a4d4ea798be50f8a,com.willwinder.universalgcodesender.GrblController,com.willwinder.universalgcodesender.GrblController_ESTest,61,0,False
4,BugSwarm,Universal_G__Code_Sender-172454077,0,26cbda0ec5924195a108766369867686,com.willwinder.universalgcodesender.GrblController,com.willwinder.universalgcodesender.GrblController_ESTest,62,0,False
5,BugSwarm,Universal_G__Code_Sender-172454077,0,84f86a73575646a7b8ef25c6fa1840ec,com.willwinder.universalgcodesender.GrblController,com.willwinder.universalgcodesender.GrblController_ESTest,60,0,False
6,BugSwarm,Universal_G__Code_Sender-172454077,0,732d153e974a4be2b068628972e7c70c,com.willwinder.universalgcodesender.GrblController,com.willwinder.universalgcodesender.GrblController_ESTest,54,0,False
7,BugSwarm,Universal_G__Code_Sender-172454077,0,7172c252564a4ad48f71753aa29a94d5,com.willwinder.universalgcodesender.GrblController,com.willwinder.universalgcodesender.GrblController_ESTest,75,0,False
8,BugSwarm,Universal_G__Code_Sender-172454077,0,39ed1877fafb454ba386d1de31d37b0a,com.willwinder.universalgcodesender.GrblController,com.willwinder.universalgcodesender.GrblController_ESTest,65,0,False
9,BugSwarm,Universal_G__Code_Sender-172454077,0,89bbffbccd5d4a99ab7d305c860649de,com.willwinder.universalgcodesender.GrblController,com.willwinder.universalgcodesender.GrblController_ESTest,63,0,False
10,BugSwarm,Universal_G__Code_Sender-172454077,0,d705fee70a854845ab6da9db6be9c616,com.willwinder.universalgcodesender.GrblController,com.willwinder.universalgcodesender.GrblController_ESTest,66,0,False
11,BugSwarm,Universal_G__Code_Sender-172454077,0,e36d0611085e474f8e5633190166dbf0,com.willwinder.universalgcodesender.GrblController,com.willwinder.universalgcodesender.GrblController_ESTest,51,0,False
12,BugSwarm,Universal_G__Code_Sender-172454077,0,661ecc0b2d5f4472be4b5856e27e7d28,com.willwinder.universalgcodesender.GrblController,com.willwinder.universalgcodesender.GrblController_ESTest,57,0,False
13,BugSwarm,Universal_G__Code_Sender-172454077,0,8d679da1f040421c8272a7eda496f25a,com.willwinder.universalgcodesender.GrblController,com.willwinder.universalgcodesender.GrblController_ESTest,68,0,False
14,BugSwarm,Universal_G__Code_Sender-172454077,0,4fe728fe4c5542778ae9b0f6008e8d86,com.willwinder.universalgcodesender.GrblController,com.willwinder.universalgcodesender.GrblController_ESTest,65,0,False
15,BugSwarm,Universal_G__Code_Sender-172454077,0,6a4355fd8b08444fbadffc8c52ad6308,com.willwinder.universalgcodesender.GrblController,com.willwinder.universalgcodesender.GrblController_ESTest,60,0,False
16,BugSwarm,Universal_G__Code_Sender-172454077,0,272efb549a004a33865c5c83a2f89d1c,com.willwinder.universalgcodesender.GrblController,com.willwinder.universalgcodesender.GrblController_ESTest,61,0,False
17,BugSwarm,Universal_G__Code_Sender-172454077,0,02a26bb983cf4fca8225bba4586e88c8,com.willwinder.universalgcodesender.GrblController,com.willwinder.universalgcodesender.GrblController_ESTest,61,0,False
18,BugSwarm,Universal_G__Code_Sender-172454077,1,31e049cdabc44c5a9f781749947b5222,com.willwinder.universalgcodesender.GrblController,com.willwinder.universalgcodesender.GrblController_ESTest,59,0,False
19,BugSwarm,Universal_G__Code_Sender-172454077,1,33e9858c661847b78cbf4f6b34351520,com.willwinder.universalgcodesender.GrblController,com.willwinder.universalgcodesender.GrblController_ESTest,62,0,False
20,BugSwarm,Universal_G__Code_Sender-172454077,1,ffb03d6e0f15452bb495237529192a2a,com.willwinder.universalgcodesender.GrblController,com.willwinder.universalgcodesender.GrblController_ESTest,56,0,False
21,BugSwarm,Universal_G__Code_Sender-172454077,1,fe5f76439af64247a4d4ea798be50f8a,com.willwinder.universalgcodesender.GrblController,com.willwinder.universalgcodesender.GrblController_ESTest,61,0,False
22,BugSwarm,Universal_G__Code_Sender-172454077,1,26cbda0ec5924195a108766369867686,com.willwinder.universalgcodesender.GrblController,com.willwinder.universalgcodesender.GrblController_ESTest,62,0,False
23,BugSwarm,Universal_G__Code_Sender-172454077,1,84f86a73575646a7b8ef25c6fa1840ec,com.willwinder.universalgcodesender.GrblController,com.willwinder.universalgcodesender.GrblController_ESTest,60,0,False
24,BugSwarm,Universal_G__Code_Sender-172454077,1,732d153e974a4be2b068628972e7c70c,com.willwinder.universalgcodesender.GrblController,com.willwinder.universalgcodesender.GrblController_ESTest,54,0,False
25,BugSwarm,Universal_G__Code_Sender-172454077,1,7172c252564a4ad48f71753aa29a94d5,com.willwinder.universalgcodesender.GrblController,com.willwinder.universalgcodesender.GrblController_ESTest,75,0,False
26,BugSwarm,Universal_G__Code_Sender-172454077,1,39ed1877fafb454ba386d1de31d37b0a,com.willwinder.universalgcodesender.GrblController,com.willwinder.universalgcodesender.GrblController_ESTest,65,0,False
27,BugSwarm,Universal_G__Code_Sender-172454077,1,89bbffbccd5d4a99ab7d305c860649de,com.willwinder.universalgcodesender.GrblController,com.willwinder.universalgcodesender.GrblController_ESTest,63,0,False
28,BugSwarm,Universal_G__Code_Sender-172454077,1,d705fee70a854845ab6da9db6be9c616,com.willwinder.universalgcodesender.GrblController,com.willwinder.universalgcodesender.GrblController_ESTest,66,0,False
29,BugSwarm,Universal_G__Code_Sender-172454077,1,e36d0611085e474f8e5633190166dbf0,com.willwinder.universalgcodesender.GrblController,com.willwinder.universalgcodesender.GrblController_ESTest,51,0,False
30,BugSwarm,Universal_G__Code_Sender-172454077,1,661ecc0b2d5f4472be4b5856e27e7d28,com.willwinder.universalgcodesender.GrblController,com.willwinder.universalgcodesender.GrblController_ESTest,57,0,False
31,BugSwarm,Universal_G__Code_Sender-172454077,1,8d679da1f040421c8272a7eda496f25a,com.willwinder.universalgcodesender.GrblController,com.willwinder.universalgcodesender.GrblController_ESTest,68,0,False
32,BugSwarm,Universal_G__Code_Sender-172454077,1,4fe728fe4c5542778ae9b0f6008e8d86,com.willwinder.universalgcodesender.GrblController,com.willwinder.universalgcodesender.GrblController_ESTest,65,0,False
33,BugSwarm,Universal_G__Code_Sender-172454077,1,6a4355fd8b08444fbadffc8c52ad6308,com.willwinder.universalgcodesender.GrblController,com.willwinder.universalgcodesender.GrblController_ESTest,60,0,False
34,BugSwarm,Universal_G__Code_Sender-172454077,1,272efb549a004a33865c5c83a2f89d1c,com.willwinder.universalgcodesender.GrblController,com.willwinder.universalgcodesender.GrblController_ESTest,61,0,False
35,BugSwarm,Universal_G__Code_Sender-172454077,1,02a26bb983cf4fca8225bba4586e88c8,com.willwinder.universalgcodesender.GrblController,com.willwinder.universalgcodesender.GrblController_ESTest,61,0,False
36,BugSwarm,deadcode4j-131735009,0,97ca403c12f74d7eb6ae899a4bf639e0,org.sbolstandard.core2.ComponentDefinition,org.sbolstandard.core2.ComponentDefinition_ESTest,154,0,False
37,BugSwarm,deadcode4j-131735009,0,0890bfa175bb4aca98377fc4ca08dabd,org.sbolstandard.core2.ComponentDefinition,org.sbolstandard.core2.ComponentDefinition_ESTest,154,0,False
38,BugSwarm,deadcode4j-131735009,0,8a3c1b511c394a7abd1ca4bae7f586d8,org.sbolstandard.core2.ComponentDefinition,org.sbolstandard.core2.ComponentDefinition_ESTest,144,0,False
39,BugSwarm,deadcode4j-131735009,0,154e6b301c7b4e12b72c96d197c536f2,org.sbolstandard.core2.ComponentDefinition,org.sbolstandard.core2.ComponentDefinition_ESTest,143,0,False
40,BugSwarm,deadcode4j-131735009,0,ea7bba831da84aa685567695bec39fa1,org.sbolstandard.core2.ComponentDefinition,org.sbolstandard.core2.ComponentDefinition_ESTest,142,0,False
41,BugSwarm,deadcode4j-131735009,0,808a5aa79e344c34bda6a0b515e1b541,org.sbolstandard.core2.ComponentDefinition,org.sbolstandard.core2.ComponentDefinition_ESTest,158,0,False
42,BugSwarm,deadcode4j-131735009,0,ace9b26a770f48d9ae363aa1ed2b5719,org.sbolstandard.core2.ComponentDefinition,org.sbolstandard.core2.ComponentDefinition_ESTest,138,0,False
43,BugSwarm,deadcode4j-131735009,0,a9370b435da7422d9242ebcb8a128fb9,org.sbolstandard.core2.ComponentDefinition,org.sbolstandard.core2.ComponentDefinition_ESTest,142,0,False
44,BugSwarm,deadcode4j-131735009,0,1b98d2f943664a99bfdc50656c3ba9b1,org.sbolstandard.core2.ComponentDefinition,org.sbolstandard.core2.ComponentDefinition_ESTest,165,0,False
45,BugSwarm,deadcode4j-131735009,0,835da610752f406bada4bd7cbb6066dc,org.sbolstandard.core2.ComponentDefinition,org.sbolstandard.core2.ComponentDefinition_ESTest,135,0,False
46,BugSwarm,deadcode4j-131735009,0,27e13e506896475b8ebcd85dcada869b,org.sbolstandard.core2.ComponentDefinition,org.sbolstandard.core2.ComponentDefinition_ESTest,152,0,False
47,BugSwarm,deadcode4j-131735009,0,92563d65a2934623b11a865cb4620186,org.sbolstandard.core2.ComponentDefinition,org.sbolstandard.core2.ComponentDefinition_ESTest,144,0,False
48,BugSwarm,deadcode4j-131735009,0,c7fbd31010e243f9b35fbdacac42cd1f,org.sbolstandard.core2.ComponentDefinition,org.sbolstandard.core2.ComponentDefinition_ESTest,157,0,False
49,BugSwarm,deadcode4j-131735009,0,c4a93236a02448cc9e517cbb98cdb140,org.sbolstandard.core2.ComponentDefinition,org.sbolstandard.core2.ComponentDefinition_ESTest,140,0,False
50,BugSwarm,deadcode4j-131735009,0,0be105bb31ee40ef998548f838d88e4f,org.sbolstandard.core2.ComponentDefinition,org.sbolstandard.core2.ComponentDefinition_ESTest,138,0,False
51,BugSwarm,deadcode4j-131735009,0,dc66af449a2743c99c2bbc78cde27fe3,org.sbolstandard.core2.ComponentDefinition,org.sbolstandard.core2.ComponentDefinition_ESTest,141,0,False
52,BugSwarm,deadcode4j-131735009,0,6b74041c77464288a30c9db7436cecf3,org.sbolstandard.core2.ComponentDefinition,org.sbolstandard.core2.ComponentDefinition_ESTest,133,0,False
53,BugSwarm,deadcode4j-131735009,0,b5bfaf93c25545a397aaa7a3590adc44,org.sbolstandard.core2.ComponentDefinition,org.sbolstandard.core2.ComponentDefinition_ESTest,147,0,False
54,BugSwarm,deadcode4j-131735009,0,f47f76280a1447648947ad4971f761c5,org.sbolstandard.core2.ComponentDefinition,org.sbolstandard.core2.ComponentDefinition_ESTest,143,0,False
55,BugSwarm,Sonar_Java-295864289,0,a971e6c65ff540e187396e8d7fb8cd7c,org.sonar.java.bytecode.se.BytecodeEGWalker,org.sonar.java.bytecode.se.BytecodeEGWalker_ESTest,36,0,False
56,BugSwarm,Sonar_Java-295864289,0,aaa078d37f7643ddb8a1b094d79c12dc,org.sonar.java.bytecode.se.BytecodeEGWalker,org.sonar.java.bytecode.se.BytecodeEGWalker_ESTest,37,0,False
57,BugSwarm,Sonar_Java-295864289,0,15995498c27042ca957747c87bbdf273,org.sonar.java.bytecode.se.BytecodeEGWalker,org.sonar.java.bytecode.se.BytecodeEGWalker_ESTest,136,0,False
58,BugSwarm,Sonar_Java-295864289,0,376b581a108a4155825f4761f3f827f0,org.sonar.java.bytecode.se.BytecodeEGWalker,org.sonar.java.bytecode.se.BytecodeEGWalker_ESTest,34,0,False
59,BugSwarm,Sonar_Java-295864289,0,806f72eafb794cb0ac7af777548844bd,org.sonar.java.bytecode.se.BytecodeEGWalker,org.sonar.java.bytecode.se.BytecodeEGWalker_ESTest,34,0,False
60,BugSwarm,Sonar_Java-295864289,0,0b1000f5ebbe4965a51e21e6a7c12237,org.sonar.java.bytecode.se.BytecodeEGWalker,org.sonar.java.bytecode.se.BytecodeEGWalker_ESTest,72,0,False
61,BugSwarm,Sonar_Java-295864289,0,786a2f7a7de247c7bf997e9afa685374,org.sonar.java.bytecode.se.BytecodeEGWalker,org.sonar.java.bytecode.se.BytecodeEGWalker_ESTest,36,0,False
62,BugSwarm,Sonar_Java-295864289,0,188fa3e2f46a4102bb29467ee0fd942c,org.sonar.java.bytecode.se.BytecodeEGWalker,org.sonar.java.bytecode.se.BytecodeEGWalker_ESTest,92,0,False
63,BugSwarm,Sonar_Java-295864289,0,293b889705124d58a18161817723837d,org.sonar.java.bytecode.se.BytecodeEGWalker,org.sonar.java.bytecode.se.BytecodeEGWalker_ESTest,35,0,False
64,BugSwarm,Sonar_Java-295864289,0,0a5741bf0d11456596776efbf2d9f678,org.sonar.java.bytecode.se.BytecodeEGWalker,org.sonar.java.bytecode.se.BytecodeEGWalker_ESTest,149,0,False
65,BugSwarm,Sonar_Java-295864289,0,9cdbe0b8624c480bb0f6030edc1efc65,org.sonar.java.bytecode.se.BytecodeEGWalker,org.sonar.java.bytecode.se.BytecodeEGWalker_ESTest,35,0,False
66,BugSwarm,Sonar_Java-295864289,0,ffed2a02cf104c069933dfddd21e86a3,org.sonar.java.bytecode.se.BytecodeEGWalker,org.sonar.java.bytecode.se.BytecodeEGWalker_ESTest,35,0,False
67,BugSwarm,Sonar_Java-295864289,0,4a39c9d7026a4802b0b093470d16dd48,org.sonar.java.bytecode.se.BytecodeEGWalker,org.sonar.java.bytecode.se.BytecodeEGWalker_ESTest,161,0,False
68,BugSwarm,Sonar_Java-295864289,0,69bbb77345c24c23b2c4bde253d8d9ee,org.sonar.java.bytecode.se.BytecodeEGWalker,org.sonar.java.bytecode.se.BytecodeEGWalker_ESTest,39,0,False
69,BugSwarm,Sonar_Java-295864289,0,fd01adac31104847b8448fed7c046e4c,org.sonar.java.bytecode.se.BytecodeEGWalker,org.sonar.java.bytecode.se.BytecodeEGWalker_ESTest,34,0,False
70,BugSwarm,Sonar_Java-295864289,0,41191f915c004b0b9be1afdda8b93f78,org.sonar.java.bytecode.se.BytecodeEGWalker,org.sonar.java.bytecode.se.BytecodeEGWalker_ESTest,32,0,False
71,BugSwarm,Sonar_Java-295864289,0,92b7a3bd0bfa444caa796515e69a9371,org.sonar.java.bytecode.se.BytecodeEGWalker,org.sonar.java.bytecode.se.BytecodeEGWalker_ESTest,35,0,False
72,BugSwarm,Sonar_Java-295864289,0,833f05965254451b9856924be99beaae,org.sonar.java.bytecode.se.BytecodeEGWalker,org.sonar.java.bytecode.se.BytecodeEGWalker_ESTest,36,0,False
73,BugSwarm,Sonar_Java-295864289,0,eed05592a45947ba91c88fda6125b878,org.sonar.java.bytecode.se.BytecodeEGWalker,org.sonar.java.bytecode.se.BytecodeEGWalker_ESTest,135,0,False
74,BugSwarm,Sonar_Java-295864289,0,6fa9a46b68e340dbb9e4bed430e4c10e,org.sonar.java.bytecode.se.BytecodeEGWalker,org.sonar.java.bytecode.se.BytecodeEGWalker_ESTest,146,0,False
75,BugSwarm,Petergeneric__Stdlib-290369132,0,332df313235140b28269c8925faedcf5,com.peterphi.std.guice.hibernate.webquery.impl.jpa.JPASearchExecutor,com.peterphi.std.guice.hibernate.webquery.impl.jpa.JPASearchExecutor_ESTest,2,0,True
76,BugSwarm,Petergeneric__Stdlib-290369132,0,9114c8c459c9493db5a28773c0df97bd,com.peterphi.std.guice.hibernate.webquery.impl.jpa.JPASearchExecutor,com.peterphi.std.guice.hibernate.webquery.impl.jpa.JPASearchExecutor_ESTest,2,0,True
77,BugSwarm,Petergeneric__Stdlib-290369132,0,a2e4f88152f14d699c8da471c285aab4,com.peterphi.std.guice.hibernate.webquery.impl.jpa.JPASearchExecutor,com.peterphi.std.guice.hibernate.webquery.impl.jpa.JPASearchExecutor_ESTest,3,0,True
78,BugSwarm,Petergeneric__Stdlib-290369132,0,34e3ea2d3afd497f9b62f46c753b39c8,com.peterphi.std.guice.hibernate.webquery.impl.jpa.JPASearchExecutor,com.peterphi.std.guice.hibernate.webquery.impl.jpa.JPASearchExecutor_ESTest,3,0,True
79,BugSwarm,Petergeneric__Stdlib-290369132,0,d9772ce5459745d4b6ad9d77ded4b84c,com.peterphi.std.guice.hibernate.webquery.impl.jpa.JPASearchExecutor,com.peterphi.std.guice.hibernate.webquery.impl.jpa.JPASearchExecutor_ESTest,3,0,True
80,BugSwarm,Petergeneric__Stdlib-290369132,0,64ea3de7f70e41abb6141669f5bcba7c,com.peterphi.std.guice.hibernate.webquery.impl.jpa.JPASearchExecutor,com.peterphi.std.guice.hibernate.webquery.impl.jpa.JPASearchExecutor_ESTest,3,0,True
81,BugSwarm,Petergeneric__Stdlib-290369132,0,557ea52341914d65b0c81c74f28786a0,com.peterphi.std.guice.hibernate.webquery.impl.jpa.JPASearchExecutor,com.peterphi.std.guice.hibernate.webquery.impl.jpa.JPASearchExecutor_ESTest,3,0,True
82,BugSwarm,Petergeneric__Stdlib-290369132,0,df6622ee49764767a029836daa0a3e82,com.peterphi.std.guice.hibernate.webquery.impl.jpa.JPASearchExecutor,com.peterphi.std.guice.hibernate.webquery.impl.jpa.JPASearchExecutor_ESTest,3,0,True
83,BugSwarm,Petergeneric__Stdlib-290369132,0,263f1d3fb5484de4865fea9a4e51f654,com.peterphi.std.guice.hibernate.webquery.impl.jpa.JPASearchExecutor,com.peterphi.std.guice.hibernate.webquery.impl.jpa.JPASearchExecutor_ESTest,3,0,True
84,BugSwarm,Petergeneric__Stdlib-290369132,0,7ed577634b5d49d99e39a7c5c770c28e,com.peterphi.std.guice.hibernate.webquery.impl.jpa.JPASearchExecutor,com.peterphi.std.guice.hibernate.webquery.impl.jpa.JPASearchExecutor_ESTest,3,0,True
85,BugSwarm,Petergeneric__Stdlib-290369132,0,c6f2126c9cb341c7a71489a5a52d118f,com.peterphi.std.guice.hibernate.webquery.impl.jpa.JPASearchExecutor,com.peterphi.std.guice.hibernate.webquery.impl.jpa.JPASearchExecutor_ESTest,3,0,True
86,BugSwarm,Petergeneric__Stdlib-290369132,0,30db337ea77e470598e8add8c4434659,com.peterphi.std.guice.hibernate.webquery.impl.jpa.JPASearchExecutor,com.peterphi.std.guice.hibernate.webquery.impl.jpa.JPASearchExecutor_ESTest,2,0,True
87,BugSwarm,Petergeneric__Stdlib-290369132,0,3f688874c63547ceb84004707738ab7c,com.peterphi.std.guice.hibernate.webquery.impl.jpa.JPASearchExecutor,com.peterphi.std.guice.hibernate.webquery.impl.jpa.JPASearchExecutor_ESTest,3,0,True
88,BugSwarm,Petergeneric__Stdlib-290369132,0,b34b2f3a3f6347e2b523d3d4872b58df,com.peterphi.std.guice.hibernate.webquery.impl.jpa.JPASearchExecutor,com.peterphi.std.guice.hibernate.webquery.impl.jpa.JPASearchExecutor_ESTest,3,0,True
89,BugSwarm,Petergeneric__Stdlib-290369132,0,3aa2ebf72fb64c4a8d5dbf677e256640,com.peterphi.std.guice.hibernate.webquery.impl.jpa.JPASearchExecutor,com.peterphi.std.guice.hibernate.webquery.impl.jpa.JPASearchExecutor_ESTest,2,0,True
90,BugSwarm,Petergeneric__Stdlib-290369132,0,5fbba1076c8d4d269c2e5425cbdb9a8a,com.peterphi.std.guice.hibernate.webquery.impl.jpa.JPASearchExecutor,com.peterphi.std.guice.hibernate.webquery.impl.jpa.JPASearchExecutor_ESTest,2,0,True
91,BugSwarm,Petergeneric__Stdlib-290369132,0,3724ace806894077948fbe5a4c9cae0d,com.peterphi.std.guice.hibernate.webquery.impl.jpa.JPASearchExecutor,com.peterphi.std.guice.hibernate.webquery.impl.jpa.JPASearchExecutor_ESTest,3,0,True
92,BugSwarm,Petergeneric__Stdlib-290369132,0,e2764e8733564e04935dc33ddfc87e3c,com.peterphi.std.guice.hibernate.webquery.impl.jpa.JPASearchExecutor,com.peterphi.std.guice.hibernate.webquery.impl.jpa.JPASearchExecutor_ESTest,3,0,True
93,BugSwarm,Atomix-298262068,0,bbb40f5756ad42da945e84ffd872f742,io.atomix.primitives.leadership.impl.RaftLeaderElectorService,io.atomix.primitives.leadership.impl.RaftLeaderElectorService_ESTest,31,0,False
94,BugSwarm,Atomix-298262068,0,bf9b353e256d4947ac7bd5bcd21c06dc,io.atomix.primitives.leadership.impl.RaftLeaderElectorService,io.atomix.primitives.leadership.impl.RaftLeaderElectorService_ESTest,29,0,False
95,BugSwarm,Atomix-298262068,0,97b6f28501ed4c09b864602ca03fa122,io.atomix.primitives.leadership.impl.RaftLeaderElectorService,io.atomix.primitives.leadership.impl.RaftLeaderElectorService_ESTest,32,0,False
96,BugSwarm,Atomix-298262068,0,416f611ce2a340279915bcb2361a0e08,io.atomix.primitives.leadership.impl.RaftLeaderElectorService,io.atomix.primitives.leadership.impl.RaftLeaderElectorService_ESTest,30,0,False
97,BugSwarm,Atomix-298262068,0,426c7ed561c747758ec6786398b4be69,io.atomix.primitives.leadership.impl.RaftLeaderElectorService,io.atomix.primitives.leadership.impl.RaftLeaderElectorService_ESTest,29,0,False
98,BugSwarm,Atomix-298262068,0,4c611b8f90d147ebb133dc56987e080e,io.atomix.primitives.leadership.impl.RaftLeaderElectorService,io.atomix.primitives.leadership.impl.RaftLeaderElectorService_ESTest,24,0,False
99,BugSwarm,Atomix-298262068,0,4718e2dab41d404c9c2997128d7c7329,io.atomix.primitives.leadership.impl.RaftLeaderElectorService,io.atomix.primitives.leadership.impl.RaftLeaderElectorService_ESTest,27,0,False
100,BugSwarm,Atomix-298262068,0,bc7581de69df43b694faaf0d13eb4fd5,io.atomix.primitives.leadership.impl.RaftLeaderElectorService,io.atomix.primitives.leadership.impl.RaftLeaderElectorService_ESTest,29,0,False
101,BugSwarm,Atomix-298262068,0,469b915ba0a94e8cb1bc022058a32fe8,io.atomix.primitives.leadership.impl.RaftLeaderElectorService,io.atomix.primitives.leadership.impl.RaftLeaderElectorService_ESTest,30,0,False
102,BugSwarm,Atomix-298262068,0,2145effd0d4246d5b3323e5611e5a45e,io.atomix.primitives.leadership.impl.RaftLeaderElectorService,io.atomix.primitives.leadership.impl.RaftLeaderElectorService_ESTest,29,0,False
103,BugSwarm,Atomix-298262068,0,a1405923562741ffba97bb1bb4f99898,io.atomix.primitives.leadership.impl.RaftLeaderElectorService,io.atomix.primitives.leadership.impl.RaftLeaderElectorService_ESTest,26,0,False
104,BugSwarm,Atomix-298262068,0,0915fc659e4f423180c9daa9fceefd5e,io.atomix.primitives.leadership.impl.RaftLeaderElectorService,io.atomix.primitives.leadership.impl.RaftLeaderElectorService_ESTest,29,0,False
105,BugSwarm,Atomix-298262068,0,516c9a6b8ac44a3489a789fda1ab6011,io.atomix.primitives.leadership.impl.RaftLeaderElectorService,io.atomix.primitives.leadership.impl.RaftLeaderElectorService_ESTest,27,0,False
106,BugSwarm,Atomix-298262068,0,bc5a3f50e2f940a79a4ec4b8881a2c53,io.atomix.primitives.leadership.impl.RaftLeaderElectorService,io.atomix.primitives.leadership.impl.RaftLeaderElectorService_ESTest,32,0,False
107,BugSwarm,Atomix-298262068,0,d63d313b1a504f6b8d15b7f94aacb67f,io.atomix.primitives.leadership.impl.RaftLeaderElectorService,io.atomix.primitives.leadership.impl.RaftLeaderElectorService_ESTest,32,0,False
108,BugSwarm,Atomix-298262068,0,7d755983569147fda0c720f1fbb1ca25,io.atomix.primitives.leadership.impl.RaftLeaderElectorService,io.atomix.primitives.leadership.impl.RaftLeaderElectorService_ESTest,29,0,False
109,BugSwarm,Atomix-298262068,0,c5077a211f1e4784aa24eae1cc2248ea,io.atomix.primitives.leadership.impl.RaftLeaderElectorService,io.atomix.primitives.leadership.impl.RaftLeaderElectorService_ESTest,32,0,False
110,BugSwarm,Atomix-298262068,0,dd88ae60d9bd473faca488894ee9a939,io.atomix.primitives.leadership.impl.RaftLeaderElectorService,io.atomix.primitives.leadership.impl.RaftLeaderElectorService_ESTest,29,0,False
111,BugSwarm,nFlow-197273853,0,58e60ba803da4c2bb8c422de44e42a63,io.nflow.engine.internal.dao.WorkflowInstanceDao,io.nflow.engine.internal.dao.WorkflowInstanceDao_ESTest,55,0,False
112,BugSwarm,nFlow-197273853,0,72e4dea0ceb44b57a2e9da2da4546891,io.nflow.engine.internal.dao.WorkflowInstanceDao,io.nflow.engine.internal.dao.WorkflowInstanceDao_ESTest,49,0,False
113,BugSwarm,nFlow-197273853,0,06c249e25cd84a6a89c11aac37704f98,io.nflow.engine.internal.dao.WorkflowInstanceDao,io.nflow.engine.internal.dao.WorkflowInstanceDao_ESTest,55,0,False
114,BugSwarm,nFlow-197273853,0,bffa86449fba4f6c90239e9dda014278,io.nflow.engine.internal.dao.WorkflowInstanceDao,io.nflow.engine.internal.dao.WorkflowInstanceDao_ESTest,55,0,False
115,BugSwarm,nFlow-197273853,0,f3ce87fb3fd94a2cae35f21be1acb1c5,io.nflow.engine.internal.dao.WorkflowInstanceDao,io.nflow.engine.internal.dao.WorkflowInstanceDao_ESTest,62,0,False
116,BugSwarm,nFlow-197273853,0,07b599d0d2694ef4989942a3c71992ab,io.nflow.engine.internal.dao.WorkflowInstanceDao,io.nflow.engine.internal.dao.WorkflowInstanceDao_ESTest,58,0,False
117,BugSwarm,nFlow-197273853,0,fa687d40b8ed42bf88a439163df122de,io.nflow.engine.internal.dao.WorkflowInstanceDao,io.nflow.engine.internal.dao.WorkflowInstanceDao_ESTest,57,0,False
118,BugSwarm,nFlow-197273853,0,431b242322a64a539fa0e9a3ad914b97,io.nflow.engine.internal.dao.WorkflowInstanceDao,io.nflow.engine.internal.dao.WorkflowInstanceDao_ESTest,58,0,False
119,BugSwarm,nFlow-197273853,0,a2ef9743bbb341eebf65f66877ba6be2,io.nflow.engine.internal.dao.WorkflowInstanceDao,io.nflow.engine.internal.dao.WorkflowInstanceDao_ESTest,59,0,False
120,BugSwarm,nFlow-197273853,0,c57758c2f1374a3c909e945f02f4d0cc,io.nflow.engine.internal.dao.WorkflowInstanceDao,io.nflow.engine.internal.dao.WorkflowInstanceDao_ESTest,56,0,False
121,BugSwarm,nFlow-197273853,0,ca402c7cab07408992825549c6ac4352,io.nflow.engine.internal.dao.WorkflowInstanceDao,io.nflow.engine.internal.dao.WorkflowInstanceDao_ESTest,51,0,False
122,BugSwarm,nFlow-197273853,0,84601f08bdc34bfd9e3b596ed6efccc8,io.nflow.engine.internal.dao.WorkflowInstanceDao,io.nflow.engine.internal.dao.WorkflowInstanceDao_ESTest,55,0,False
123,BugSwarm,nFlow-197273853,0,7ea747a6813e4ce882235c5e8e0203c8,io.nflow.engine.internal.dao.WorkflowInstanceDao,io.nflow.engine.internal.dao.WorkflowInstanceDao_ESTest,55,0,False
124,BugSwarm,nFlow-197273853,0,78acf34f9cdc4838ab0d0e7ee5956c6b,io.nflow.engine.internal.dao.WorkflowInstanceDao,io.nflow.engine.internal.dao.WorkflowInstanceDao_ESTest,54,0,False
125,BugSwarm,nFlow-197273853,0,35c1c445e9544513a68cd34cdfa0e528,io.nflow.engine.internal.dao.WorkflowInstanceDao,io.nflow.engine.internal.dao.WorkflowInstanceDao_ESTest,58,0,False
126,BugSwarm,nFlow-197273853,0,b9ebefaafab641ee8c728da5d9f157c4,io.nflow.engine.internal.dao.WorkflowInstanceDao,io.nflow.engine.internal.dao.WorkflowInstanceDao_ESTest,60,0,False
127,BugSwarm,nFlow-197273853,0,b9c12d17fa144166a0fc135bf76bc29e,io.nflow.engine.internal.dao.WorkflowInstanceDao,io.nflow.engine.internal.dao.WorkflowInstanceDao_ESTest,62,0,False
128,BugSwarm,nFlow-197273853,0,bfd6b03afd7640cdb8d1819b5f4eb945,io.nflow.engine.internal.dao.WorkflowInstanceDao,io.nflow.engine.internal.dao.WorkflowInstanceDao_ESTest,52,0,False
129,BugSwarm,nFlow-197273853,0,b0f0340ecf334eff999d6af9d919d845,io.nflow.engine.internal.dao.WorkflowInstanceDao,io.nflow.engine.internal.dao.WorkflowInstanceDao_ESTest,56,0,False
130,BugSwarm,nFlow-197273853,0,d85bf818c94e4b1c8bad18b54cedab0f,io.nflow.engine.internal.dao.WorkflowInstanceDao,io.nflow.engine.internal.dao.WorkflowInstanceDao_ESTest,61,0,False
131,BugSwarm,Jannovar-249719464,0,f772f0446a0e4ca3893b51e768141a73,de.charite.compbio.jannovar.cmd.annotate_vcf.JannovarAnnotateVCFOptions,de.charite.compbio.jannovar.cmd.annotate_vcf.JannovarAnnotateVCFOptions_ESTest,131,0,False
132,BugSwarm,Jannovar-249719464,0,1b533351061941899e1784ba7f27130d,de.charite.compbio.jannovar.cmd.annotate_vcf.JannovarAnnotateVCFOptions,de.charite.compbio.jannovar.cmd.annotate_vcf.JannovarAnnotateVCFOptions_ESTest,130,0,False
133,BugSwarm,Jannovar-249719464,0,c89cc2312ac746138901321c70262f56,de.charite.compbio.jannovar.cmd.annotate_vcf.JannovarAnnotateVCFOptions,de.charite.compbio.jannovar.cmd.annotate_vcf.JannovarAnnotateVCFOptions_ESTest,128,0,False
134,BugSwarm,Jannovar-249719464,0,c6cab85881ec4b56a19ff0eb7ef713bf,de.charite.compbio.jannovar.cmd.annotate_vcf.JannovarAnnotateVCFOptions,de.charite.compbio.jannovar.cmd.annotate_vcf.JannovarAnnotateVCFOptions_ESTest,132,0,False
135,BugSwarm,Jannovar-249719464,0,be8b15c542414d4792e12e2901101915,de.charite.compbio.jannovar.cmd.annotate_vcf.JannovarAnnotateVCFOptions,de.charite.compbio.jannovar.cmd.annotate_vcf.JannovarAnnotateVCFOptions_ESTest,130,0,False
136,BugSwarm,Jannovar-249719464,0,65b8650d61784aa2b2c5d789df0756e1,de.charite.compbio.jannovar.cmd.annotate_vcf.JannovarAnnotateVCFOptions,de.charite.compbio.jannovar.cmd.annotate_vcf.JannovarAnnotateVCFOptions_ESTest,130,0,False
137,BugSwarm,Jannovar-249719464,0,11e5d349d83c42b9a621a552d03550df,de.charite.compbio.jannovar.cmd.annotate_vcf.JannovarAnnotateVCFOptions,de.charite.compbio.jannovar.cmd.annotate_vcf.JannovarAnnotateVCFOptions_ESTest,130,0,False
138,BugSwarm,Jannovar-249719464,0,2f431b69abd643fb97442d0c09c736c9,de.charite.compbio.jannovar.cmd.annotate_vcf.JannovarAnnotateVCFOptions,de.charite.compbio.jannovar.cmd.annotate_vcf.JannovarAnnotateVCFOptions_ESTest,131,0,False
139,BugSwarm,Jannovar-249719464,0,4a131ae1bd0b4bb08d7926f0dc8f1598,de.charite.compbio.jannovar.cmd.annotate_vcf.JannovarAnnotateVCFOptions,de.charite.compbio.jannovar.cmd.annotate_vcf.JannovarAnnotateVCFOptions_ESTest,131,0,False
140,BugSwarm,Jannovar-249719464,0,132d12f9d0b64864998438881a287ed3,de.charite.compbio.jannovar.cmd.annotate_vcf.JannovarAnnotateVCFOptions,de.charite.compbio.jannovar.cmd.annotate_vcf.JannovarAnnotateVCFOptions_ESTest,132,0,False
141,BugSwarm,Jannovar-249719464,0,8df97beffdc948108fe80e4712c7fd4a,de.charite.compbio.jannovar.cmd.annotate_vcf.JannovarAnnotateVCFOptions,de.charite.compbio.jannovar.cmd.annotate_vcf.JannovarAnnotateVCFOptions_ESTest,135,0,False
142,BugSwarm,Jannovar-249719464,0,28f5a313dce443349e66333b89b5523e,de.charite.compbio.jannovar.cmd.annotate_vcf.JannovarAnnotateVCFOptions,de.charite.compbio.jannovar.cmd.annotate_vcf.JannovarAnnotateVCFOptions_ESTest,127,0,False
143,BugSwarm,Jannovar-249719464,0,7672987813804e0f81774c06a35160fc,de.charite.compbio.jannovar.cmd.annotate_vcf.JannovarAnnotateVCFOptions,de.charite.compbio.jannovar.cmd.annotate_vcf.JannovarAnnotateVCFOptions_ESTest,131,0,False
144,BugSwarm,Jannovar-249719464,0,a6f41860018043538262f06c6a953073,de.charite.compbio.jannovar.cmd.annotate_vcf.JannovarAnnotateVCFOptions,de.charite.compbio.jannovar.cmd.annotate_vcf.JannovarAnnotateVCFOptions_ESTest,132,0,False
145,BugSwarm,Jannovar-249719464,0,70f878d1b15f484eb93f0b9857069f43,de.charite.compbio.jannovar.cmd.annotate_vcf.JannovarAnnotateVCFOptions,de.charite.compbio.jannovar.cmd.annotate_vcf.JannovarAnnotateVCFOptions_ESTest,128,0,False
146,BugSwarm,Jannovar-249719464,0,fdb95938b0ce4157917ec96f0eb107f5,de.charite.compbio.jannovar.cmd.annotate_vcf.JannovarAnnotateVCFOptions,de.charite.compbio.jannovar.cmd.annotate_vcf.JannovarAnnotateVCFOptions_ESTest,133,0,False
147,BugSwarm,Jannovar-249719464,0,1e8ac6e9207c4cbbba48ffb0c5ae1bda,de.charite.compbio.jannovar.cmd.annotate_vcf.JannovarAnnotateVCFOptions,de.charite.compbio.jannovar.cmd.annotate_vcf.JannovarAnnotateVCFOptions_ESTest,129,0,False
148,BugSwarm,Jannovar-249719464,0,f1ea6a0f1b5f444a83f3ade114b373b5,de.charite.compbio.jannovar.cmd.annotate_vcf.JannovarAnnotateVCFOptions,de.charite.compbio.jannovar.cmd.annotate_vcf.JannovarAnnotateVCFOptions_ESTest,132,0,False
149,BugSwarm,Jannovar-249719464,0,ea371ff162c84c529f4acf183a653575,de.charite.compbio.jannovar.cmd.annotate_vcf.JannovarAnnotateVCFOptions,de.charite.compbio.jannovar.cmd.annotate_vcf.JannovarAnnotateVCFOptions_ESTest,127,0,False
150,BugSwarm,Jannovar-249719464,0,ee69048d74df4dcd8787fbbe5684aacc,de.charite.compbio.jannovar.cmd.annotate_vcf.JannovarAnnotateVCFOptions,de.charite.compbio.jannovar.cmd.annotate_vcf.JannovarAnnotateVCFOptions_ESTest,126,0,False
151,BugSwarm,ACS_AEM_Commons-461893214,0,98e93463ab074e21a2eb8b2cae0672f5,com.adobe.acs.commons.mcp.impl.processes.asset.FileAssetIngestor,com.adobe.acs.commons.mcp.impl.processes.asset.FileAssetIngestor_ESTest,50,0,False
152,BugSwarm,ACS_AEM_Commons-461893214,0,5a0f6ed482984545b8b749c2b226b90f,com.adobe.acs.commons.mcp.impl.processes.asset.FileAssetIngestor,com.adobe.acs.commons.mcp.impl.processes.asset.FileAssetIngestor_ESTest,46,0,False
153,BugSwarm,ACS_AEM_Commons-461893214,0,39d13636c92f4b9ab3da9a8cfe7b9c5f,com.adobe.acs.commons.mcp.impl.processes.asset.FileAssetIngestor,com.adobe.acs.commons.mcp.impl.processes.asset.FileAssetIngestor_ESTest,50,0,False
154,BugSwarm,ACS_AEM_Commons-461893214,0,8f9b94fa28c8484ea6ddabf04c64b6e5,com.adobe.acs.commons.mcp.impl.processes.asset.FileAssetIngestor,com.adobe.acs.commons.mcp.impl.processes.asset.FileAssetIngestor_ESTest,51,0,False
155,BugSwarm,ACS_AEM_Commons-461893214,0,80e132275c4d47f0829052a38184f58d,com.adobe.acs.commons.mcp.impl.processes.asset.FileAssetIngestor,com.adobe.acs.commons.mcp.impl.processes.asset.FileAssetIngestor_ESTest,45,0,False
156,BugSwarm,ACS_AEM_Commons-461893214,0,a88fdfd72156434894acb00f1b5de347,com.adobe.acs.commons.mcp.impl.processes.asset.FileAssetIngestor,com.adobe.acs.commons.mcp.impl.processes.asset.FileAssetIngestor_ESTest,42,0,False
157,BugSwarm,ACS_AEM_Commons-461893214,0,95adcd67979c4bac82a19b35410a2a38,com.adobe.acs.commons.mcp.impl.processes.asset.FileAssetIngestor,com.adobe.acs.commons.mcp.impl.processes.asset.FileAssetIngestor_ESTest,48,0,False
158,BugSwarm,ACS_AEM_Commons-461893214,0,ff68048e501c432598b37d055aa62af4,com.adobe.acs.commons.mcp.impl.processes.asset.FileAssetIngestor,com.adobe.acs.commons.mcp.impl.processes.asset.FileAssetIngestor_ESTest,52,0,False
159,BugSwarm,ACS_AEM_Commons-461893214,0,524da85c150d489fa3a421a4f7b9c429,com.adobe.acs.commons.mcp.impl.processes.asset.FileAssetIngestor,com.adobe.acs.commons.mcp.impl.processes.asset.FileAssetIngestor_ESTest,47,0,False
160,BugSwarm,ACS_AEM_Commons-461893214,0,74d158eca08747c98b16bec2077ffd61,com.adobe.acs.commons.mcp.impl.processes.asset.FileAssetIngestor,com.adobe.acs.commons.mcp.impl.processes.asset.FileAssetIngestor_ESTest,51,0,False
161,BugSwarm,ACS_AEM_Commons-461893214,0,7dde55ac7ccc4344bac91383ea158ba8,com.adobe.acs.commons.mcp.impl.processes.asset.FileAssetIngestor,com.adobe.acs.commons.mcp.impl.processes.asset.FileAssetIngestor_ESTest,49,0,False
162,BugSwarm,ACS_AEM_Commons-461893214,0,eb53e50bc9da40f99f7a9a5342741bc4,com.adobe.acs.commons.mcp.impl.processes.asset.FileAssetIngestor,com.adobe.acs.commons.mcp.impl.processes.asset.FileAssetIngestor_ESTest,48,0,False
163,BugSwarm,ACS_AEM_Commons-461893214,0,2a1a968953a54defae035293ffce2ec9,com.adobe.acs.commons.mcp.impl.processes.asset.FileAssetIngestor,com.adobe.acs.commons.mcp.impl.processes.asset.FileAssetIngestor_ESTest,47,0,False
164,BugSwarm,ACS_AEM_Commons-461893214,0,907d97904d0943d1b660cf1e70710f1f,com.adobe.acs.commons.mcp.impl.processes.asset.FileAssetIngestor,com.adobe.acs.commons.mcp.impl.processes.asset.FileAssetIngestor_ESTest,52,0,False
165,BugSwarm,ACS_AEM_Commons-461893214,0,17bf6a8845694a5eb4c35579d7ed328c,com.adobe.acs.commons.mcp.impl.processes.asset.FileAssetIngestor,com.adobe.acs.commons.mcp.impl.processes.asset.FileAssetIngestor_ESTest,108,0,False
166,BugSwarm,ACS_AEM_Commons-461893214,0,7d4a6cf6df7e4414b36d0c4f9f635f32,com.adobe.acs.commons.mcp.impl.processes.asset.FileAssetIngestor,com.adobe.acs.commons.mcp.impl.processes.asset.FileAssetIngestor_ESTest,47,0,False
167,BugSwarm,ACS_AEM_Commons-461893214,0,0baf63bd3b99481f908116ffe23475c9,com.adobe.acs.commons.mcp.impl.processes.asset.FileAssetIngestor,com.adobe.acs.commons.mcp.impl.processes.asset.FileAssetIngestor_ESTest,49,0,False
168,BugSwarm,ACS_AEM_Commons-461893214,0,f150b138a8c34900b2e3bdf3a5e687e3,com.adobe.acs.commons.mcp.impl.processes.asset.FileAssetIngestor,com.adobe.acs.commons.mcp.impl.processes.asset.FileAssetIngestor_ESTest,49,0,False
169,BugSwarm,ACS_AEM_Commons-461893214,0,52de39e6b0c742a2bbbda3aadb5a946b,com.adobe.acs.commons.mcp.impl.processes.asset.FileAssetIngestor,com.adobe.acs.commons.mcp.impl.processes.asset.FileAssetIngestor_ESTest,49,0,False
170,BugSwarm,ACS_AEM_Commons-461893214,0,477a3160c00642ca8ebf87799e75438e,com.adobe.acs.commons.mcp.impl.processes.asset.FileAssetIngestor,com.adobe.acs.commons.mcp.impl.processes.asset.FileAssetIngestor_ESTest,49,0,False
171,BugSwarm,ACS_AEM_Commons-461893214,1,98e93463ab074e21a2eb8b2cae0672f5,com.adobe.acs.commons.mcp.impl.processes.asset.FileAssetIngestor,com.adobe.acs.commons.mcp.impl.processes.asset.FileAssetIngestor_ESTest,50,0,False
172,BugSwarm,ACS_AEM_Commons-461893214,1,5a0f6ed482984545b8b749c2b226b90f,com.adobe.acs.commons.mcp.impl.processes.asset.FileAssetIngestor,com.adobe.acs.commons.mcp.impl.processes.asset.FileAssetIngestor_ESTest,46,0,False
173,BugSwarm,ACS_AEM_Commons-461893214,1,39d13636c92f4b9ab3da9a8cfe7b9c5f,com.adobe.acs.commons.mcp.impl.processes.asset.FileAssetIngestor,com.adobe.acs.commons.mcp.impl.processes.asset.FileAssetIngestor_ESTest,50,0,False
174,BugSwarm,ACS_AEM_Commons-461893214,1,8f9b94fa28c8484ea6ddabf04c64b6e5,com.adobe.acs.commons.mcp.impl.processes.asset.FileAssetIngestor,com.adobe.acs.commons.mcp.impl.processes.asset.FileAssetIngestor_ESTest,51,0,False
175,BugSwarm,ACS_AEM_Commons-461893214,1,80e132275c4d47f0829052a38184f58d,com.adobe.acs.commons.mcp.impl.processes.asset.FileAssetIngestor,com.adobe.acs.commons.mcp.impl.processes.asset.FileAssetIngestor_ESTest,45,0,False
176,BugSwarm,ACS_AEM_Commons-461893214,1,a88fdfd72156434894acb00f1b5de347,com.adobe.acs.commons.mcp.impl.processes.asset.FileAssetIngestor,com.adobe.acs.commons.mcp.impl.processes.asset.FileAssetIngestor_ESTest,42,0,False
177,BugSwarm,ACS_AEM_Commons-461893214,1,95adcd67979c4bac82a19b35410a2a38,com.adobe.acs.commons.mcp.impl.processes.asset.FileAssetIngestor,com.adobe.acs.commons.mcp.impl.processes.asset.FileAssetIngestor_ESTest,48,0,False
178,BugSwarm,ACS_AEM_Commons-461893214,1,ff68048e501c432598b37d055aa62af4,com.adobe.acs.commons.mcp.impl.processes.asset.FileAssetIngestor,com.adobe.acs.commons.mcp.impl.processes.asset.FileAssetIngestor_ESTest,52,0,False
179,BugSwarm,ACS_AEM_Commons-461893214,1,524da85c150d489fa3a421a4f7b9c429,com.adobe.acs.commons.mcp.impl.processes.asset.FileAssetIngestor,com.adobe.acs.commons.mcp.impl.processes.asset.FileAssetIngestor_ESTest,47,0,False
180,BugSwarm,ACS_AEM_Commons-461893214,1,74d158eca08747c98b16bec2077ffd61,com.adobe.acs.commons.mcp.impl.processes.asset.FileAssetIngestor,com.adobe.acs.commons.mcp.impl.processes.asset.FileAssetIngestor_ESTest,51,0,False
181,BugSwarm,ACS_AEM_Commons-461893214,1,7dde55ac7ccc4344bac91383ea158ba8,com.adobe.acs.commons.mcp.impl.processes.asset.FileAssetIngestor,com.adobe.acs.commons.mcp.impl.processes.asset.FileAssetIngestor_ESTest,49,0,False
182,BugSwarm,ACS_AEM_Commons-461893214,1,eb53e50bc9da40f99f7a9a5342741bc4,com.adobe.acs.commons.mcp.impl.processes.asset.FileAssetIngestor,com.adobe.acs.commons.mcp.impl.processes.asset.FileAssetIngestor_ESTest,48,0,False
183,BugSwarm,ACS_AEM_Commons-461893214,1,2a1a968953a54defae035293ffce2ec9,com.adobe.acs.commons.mcp.impl.processes.asset.FileAssetIngestor,com.adobe.acs.commons.mcp.impl.processes.asset.FileAssetIngestor_ESTest,47,0,False
184,BugSwarm,ACS_AEM_Commons-461893214,1,907d97904d0943d1b660cf1e70710f1f,com.adobe.acs.commons.mcp.impl.processes.asset.FileAssetIngestor,com.adobe.acs.commons.mcp.impl.processes.asset.FileAssetIngestor_ESTest,52,0,False
185,BugSwarm,ACS_AEM_Commons-461893214,1,17bf6a8845694a5eb4c35579d7ed328c,com.adobe.acs.commons.mcp.impl.processes.asset.FileAssetIngestor,com.adobe.acs.commons.mcp.impl.processes.asset.FileAssetIngestor_ESTest,108,0,False
186,BugSwarm,ACS_AEM_Commons-461893214,1,7d4a6cf6df7e4414b36d0c4f9f635f32,com.adobe.acs.commons.mcp.impl.processes.asset.FileAssetIngestor,com.adobe.acs.commons.mcp.impl.processes.asset.FileAssetIngestor_ESTest,47,0,False
187,BugSwarm,ACS_AEM_Commons-461893214,1,0baf63bd3b99481f908116ffe23475c9,com.adobe.acs.commons.mcp.impl.processes.asset.FileAssetIngestor,com.adobe.acs.commons.mcp.impl.processes.asset.FileAssetIngestor_ESTest,49,0,False
188,BugSwarm,ACS_AEM_Commons-461893214,1,f150b138a8c34900b2e3bdf3a5e687e3,com.adobe.acs.commons.mcp.impl.processes.asset.FileAssetIngestor,com.adobe.acs.commons.mcp.impl.processes.asset.FileAssetIngestor_ESTest,49,0,False
189,BugSwarm,ACS_AEM_Commons-461893214,1,52de39e6b0c742a2bbbda3aadb5a946b,com.adobe.acs.commons.mcp.impl.processes.asset.FileAssetIngestor,com.adobe.acs.commons.mcp.impl.processes.asset.FileAssetIngestor_ESTest,49,0,False
190,BugSwarm,ACS_AEM_Commons-461893214,1,477a3160c00642ca8ebf87799e75438e,com.adobe.acs.commons.mcp.impl.processes.asset.FileAssetIngestor,com.adobe.acs.commons.mcp.impl.processes.asset.FileAssetIngestor_ESTest,49,0,False
191,BugSwarm,Byte_Buddy-95795967,0,a5ba7ccec4a34587b2e147583ec3e26a,net.bytebuddy.dynamic.ClassFileLocator,net.bytebuddy.dynamic.ClassFileLocator_ESTest,69,0,True
192,BugSwarm,Byte_Buddy-95795967,0,3844cb9b54b841fabcb2b9e31d7be934,net.bytebuddy.dynamic.ClassFileLocator,net.bytebuddy.dynamic.ClassFileLocator_ESTest,70,0,True
193,BugSwarm,Byte_Buddy-95795967,0,20ed60ee1001412093470ac1a0af030a,net.bytebuddy.dynamic.ClassFileLocator,net.bytebuddy.dynamic.ClassFileLocator_ESTest,69,0,True
194,BugSwarm,Byte_Buddy-95795967,0,25fe7d0d7c07422e96890c350fa62141,net.bytebuddy.dynamic.ClassFileLocator,net.bytebuddy.dynamic.ClassFileLocator_ESTest,60,0,True
195,BugSwarm,Byte_Buddy-95795967,0,868af8c64b344ce6a0b4d83d3f793acf,net.bytebuddy.dynamic.ClassFileLocator,net.bytebuddy.dynamic.ClassFileLocator_ESTest,67,0,True
196,BugSwarm,Byte_Buddy-95795967,0,d5f515cb6e8643c6b8c6d9a3dfae12c1,net.bytebuddy.dynamic.ClassFileLocator,net.bytebuddy.dynamic.ClassFileLocator_ESTest,65,0,True
197,BugSwarm,Byte_Buddy-95795967,0,9a8c57ef7b4b4d389485ada9b2a78f32,net.bytebuddy.dynamic.ClassFileLocator,net.bytebuddy.dynamic.ClassFileLocator_ESTest,73,0,True
198,BugSwarm,Byte_Buddy-95795967,0,3990f72ea1ce4c158b1486b941f3db21,net.bytebuddy.dynamic.ClassFileLocator,net.bytebuddy.dynamic.ClassFileLocator_ESTest,60,0,True
199,BugSwarm,Byte_Buddy-95795967,0,eba40b7e90e54334bb681840288dc941,net.bytebuddy.dynamic.ClassFileLocator,net.bytebuddy.dynamic.ClassFileLocator_ESTest,72,0,True
200,BugSwarm,Byte_Buddy-95795967,0,f7e27e571b604f99b010925ac8546d5e,net.bytebuddy.dynamic.ClassFileLocator,net.bytebuddy.dynamic.ClassFileLocator_ESTest,71,0,True
201,BugSwarm,Byte_Buddy-95795967,0,2398ff7840e64d8b8cbc20d8a15e8892,net.bytebuddy.dynamic.ClassFileLocator,net.bytebuddy.dynamic.ClassFileLocator_ESTest,71,0,True
202,BugSwarm,Byte_Buddy-95795967,0,ee0ec2e430db43f3a805ff0772ba9a45,net.bytebuddy.dynamic.ClassFileLocator,net.bytebuddy.dynamic.ClassFileLocator_ESTest,66,0,True
203,BugSwarm,Byte_Buddy-95795967,0,175a050b30aa44fba4025d5c164b4a17,net.bytebuddy.dynamic.ClassFileLocator,net.bytebuddy.dynamic.ClassFileLocator_ESTest,69,0,True
204,BugSwarm,Byte_Buddy-95795967,0,d0030ec812a14ec59ee43f1910936839,net.bytebuddy.dynamic.ClassFileLocator,net.bytebuddy.dynamic.ClassFileLocator_ESTest,66,0,True
205,BugSwarm,Byte_Buddy-95795967,0,e8adf10e23c4404e9165fa7f485c8272,net.bytebuddy.dynamic.ClassFileLocator,net.bytebuddy.dynamic.ClassFileLocator_ESTest,74,0,True
206,BugSwarm,Byte_Buddy-95795967,0,c5660e537ff44acea170c8516ebad1f1,net.bytebuddy.dynamic.ClassFileLocator,net.bytebuddy.dynamic.ClassFileLocator_ESTest,71,0,True
207,BugSwarm,Byte_Buddy-95795967,0,728016d7f2f84a35980d296d5c6cc1a3,net.bytebuddy.dynamic.ClassFileLocator,net.bytebuddy.dynamic.ClassFileLocator_ESTest,70,0,True
208,BugSwarm,Byte_Buddy-95795967,0,10f4f21aa08e421483cb01e07f3142cd,net.bytebuddy.dynamic.ClassFileLocator,net.bytebuddy.dynamic.ClassFileLocator_ESTest,74,0,True
209,BugSwarm,Byte_Buddy-95795967,0,8099e143965e423196b7d62a8bf021cb,net.bytebuddy.dynamic.ClassFileLocator,net.bytebuddy.dynamic.ClassFileLocator_ESTest,71,0,True
210,BugSwarm,Byte_Buddy-95795967,0,ab2d2f60a4b142d1ac56d0c88af4c678,net.bytebuddy.dynamic.ClassFileLocator,net.bytebuddy.dynamic.ClassFileLocator_ESTest,72,0,True
211,BugSwarm,Byte_Buddy-140517155,0,6fe8186689b84d26a1d824ee224fa7df,net.bytebuddy.dynamic.ClassFileLocator,net.bytebuddy.dynamic.ClassFileLocator_ESTest,85,0,True
212,BugSwarm,Byte_Buddy-140517155,0,63452058f6a14e21b92e008d6552e11c,net.bytebuddy.dynamic.ClassFileLocator,net.bytebuddy.dynamic.ClassFileLocator_ESTest,82,0,True
213,BugSwarm,Byte_Buddy-140517155,0,bb15eb783a8542c99bc48bcf8a9573ee,net.bytebuddy.dynamic.ClassFileLocator,net.bytebuddy.dynamic.ClassFileLocator_ESTest,78,0,True
214,BugSwarm,Byte_Buddy-140517155,0,1c8885b9f47f4e13afaec570d894deff,net.bytebuddy.dynamic.ClassFileLocator,net.bytebuddy.dynamic.ClassFileLocator_ESTest,82,0,True
215,BugSwarm,Byte_Buddy-140517155,0,9616e40c588549bf9580b002b66592c6,net.bytebuddy.dynamic.ClassFileLocator,net.bytebuddy.dynamic.ClassFileLocator_ESTest,86,0,True
216,BugSwarm,Byte_Buddy-140517155,0,81d1a7855c844ab5a676fe0204b5dafd,net.bytebuddy.dynamic.ClassFileLocator,net.bytebuddy.dynamic.ClassFileLocator_ESTest,78,0,True
217,BugSwarm,Byte_Buddy-140517155,0,d8cf9b32619f430787801668dec5c590,net.bytebuddy.dynamic.ClassFileLocator,net.bytebuddy.dynamic.ClassFileLocator_ESTest,78,0,True
218,BugSwarm,Byte_Buddy-140517155,0,04565d235f75495093b19f5455b18b50,net.bytebuddy.dynamic.ClassFileLocator,net.bytebuddy.dynamic.ClassFileLocator_ESTest,79,0,True
219,BugSwarm,Byte_Buddy-140517155,0,8bdaa6af69194749b159b92b61a9fbae,net.bytebuddy.dynamic.ClassFileLocator,net.bytebuddy.dynamic.ClassFileLocator_ESTest,77,0,True
220,BugSwarm,Byte_Buddy-140517155,0,f51c23a110ad482fb01f77c4df91bd30,net.bytebuddy.dynamic.ClassFileLocator,net.bytebuddy.dynamic.ClassFileLocator_ESTest,78,0,True
221,BugSwarm,Byte_Buddy-140517155,0,a6ea5e3cd7ff47ae90e1f7965cc291fc,net.bytebuddy.dynamic.ClassFileLocator,net.bytebuddy.dynamic.ClassFileLocator_ESTest,87,0,True
222,BugSwarm,Byte_Buddy-140517155,0,196e9cc947dc40e3a0e615b2ff9832ed,net.bytebuddy.dynamic.ClassFileLocator,net.bytebuddy.dynamic.ClassFileLocator_ESTest,79,0,False
223,BugSwarm,Byte_Buddy-140517155,0,d58037a9d86647ff80c820fffd4f555e,net.bytebuddy.dynamic.ClassFileLocator,net.bytebuddy.dynamic.ClassFileLocator_ESTest,81,0,True
224,BugSwarm,Byte_Buddy-140517155,0,5bebfceaad4e4d6cb322d529f429637e,net.bytebuddy.dynamic.ClassFileLocator,net.bytebuddy.dynamic.ClassFileLocator_ESTest,80,0,True
225,BugSwarm,Byte_Buddy-140517155,0,72e7e867249e45088769e985985a0897,net.bytebuddy.dynamic.ClassFileLocator,net.bytebuddy.dynamic.ClassFileLocator_ESTest,78,0,False
226,BugSwarm,Byte_Buddy-140517155,0,88e78b1078be4af78dc6a84a131d8247,net.bytebuddy.dynamic.ClassFileLocator,net.bytebuddy.dynamic.ClassFileLocator_ESTest,86,0,True
227,BugSwarm,Byte_Buddy-140517155,0,68cf02ce548a4e009c1a7d40f77022fb,net.bytebuddy.dynamic.ClassFileLocator,net.bytebuddy.dynamic.ClassFileLocator_ESTest,82,0,True
228,BugSwarm,Byte_Buddy-140517155,0,f1992b6ef2e04bcdbcc72ae82c43d01e,net.bytebuddy.dynamic.ClassFileLocator,net.bytebuddy.dynamic.ClassFileLocator_ESTest,80,0,True
229,BugSwarm,Byte_Buddy-140517155,0,7c2b4b468f35446b8de991f44eef9e8a,net.bytebuddy.dynamic.ClassFileLocator,net.bytebuddy.dynamic.ClassFileLocator_ESTest,76,0,True
230,BugSwarm,Byte_Buddy-140517155,0,14d0a155894a42f0a2d54941d1c1a273,net.bytebuddy.dynamic.ClassFileLocator,net.bytebuddy.dynamic.ClassFileLocator_ESTest,83,0,True
231,BugSwarm,OkHttp-93618854,0,b52e3cfc69114f19b2211404c82b774b,com.squareup.okhttp.internal.http.StreamAllocation,com.squareup.okhttp.internal.http.StreamAllocation_ESTest,43,0,True
232,BugSwarm,OkHttp-93618854,0,8b5a372fa28f460da015fcbb44f9c405,com.squareup.okhttp.internal.http.StreamAllocation,com.squareup.okhttp.internal.http.StreamAllocation_ESTest,40,0,True
233,BugSwarm,OkHttp-93618854,0,e2f5d11eee004b678bbb3593c92f0bac,com.squareup.okhttp.internal.http.StreamAllocation,com.squareup.okhttp.internal.http.StreamAllocation_ESTest,44,0,True
234,BugSwarm,OkHttp-93618854,0,99e21918e639432289a47bc50295ad05,com.squareup.okhttp.internal.http.StreamAllocation,com.squareup.okhttp.internal.http.StreamAllocation_ESTest,39,0,True
235,BugSwarm,OkHttp-93618854,0,2deb2b5e6317460dbfd673a30a68b214,com.squareup.okhttp.internal.http.StreamAllocation,com.squareup.okhttp.internal.http.StreamAllocation_ESTest,46,0,True
236,BugSwarm,OkHttp-93618854,0,a42c48bcb8b24b15990bc429dcb35017,com.squareup.okhttp.internal.http.StreamAllocation,com.squareup.okhttp.internal.http.StreamAllocation_ESTest,46,0,True
237,BugSwarm,OkHttp-93618854,0,1105c51894f649779f14670797cf5c45,com.squareup.okhttp.internal.http.StreamAllocation,com.squareup.okhttp.internal.http.StreamAllocation_ESTest,46,0,True
238,BugSwarm,OkHttp-93618854,0,fed035088c82477aa4d71e7cf1cd6a6b,com.squareup.okhttp.internal.http.StreamAllocation,com.squareup.okhttp.internal.http.StreamAllocation_ESTest,48,0,True
239,BugSwarm,OkHttp-93618854,0,edd83d5359874e549342f59d7439390d,com.squareup.okhttp.internal.http.StreamAllocation,com.squareup.okhttp.internal.http.StreamAllocation_ESTest,47,0,True
240,BugSwarm,OkHttp-93618854,0,bf8ac52e3f844937ad072a1caa474da9,com.squareup.okhttp.internal.http.StreamAllocation,com.squareup.okhttp.internal.http.StreamAllocation_ESTest,45,0,True
241,BugSwarm,OkHttp-93618854,0,c87db8520e15433da393fa122a07db26,com.squareup.okhttp.internal.http.StreamAllocation,com.squareup.okhttp.internal.http.StreamAllocation_ESTest,38,0,True
242,BugSwarm,OkHttp-93618854,0,ef88032ae3544ec7b827887a23cb35f2,com.squareup.okhttp.internal.http.StreamAllocation,com.squareup.okhttp.internal.http.StreamAllocation_ESTest,46,0,True
243,BugSwarm,OkHttp-93618854,0,00b1db5a801b4567bb314488e415393a,com.squareup.okhttp.internal.http.StreamAllocation,com.squareup.okhttp.internal.http.StreamAllocation_ESTest,42,0,True
244,BugSwarm,OkHttp-93618854,0,a18142a1862f41a7b24c2ff7273f9247,com.squareup.okhttp.internal.http.StreamAllocation,com.squareup.okhttp.internal.http.StreamAllocation_ESTest,34,0,True
245,BugSwarm,OkHttp-93618854,0,abe4bbf4b8a14bd89d64e27f22504f42,com.squareup.okhttp.internal.http.StreamAllocation,com.squareup.okhttp.internal.http.StreamAllocation_ESTest,42,0,True
246,BugSwarm,OkHttp-93618854,0,6f76279ef5c5457281f56824fe735c82,com.squareup.okhttp.internal.http.StreamAllocation,com.squareup.okhttp.internal.http.StreamAllocation_ESTest,44,0,True
247,BugSwarm,OkHttp-93618854,0,4cdedfcda93244feb0e71f897fca75d7,com.squareup.okhttp.internal.http.StreamAllocation,com.squareup.okhttp.internal.http.StreamAllocation_ESTest,44,0,True
248,BugSwarm,OkHttp-93618854,0,00a395e884ce48c99816e5116c5145bb,com.squareup.okhttp.internal.http.StreamAllocation,com.squareup.okhttp.internal.http.StreamAllocation_ESTest,46,0,True
249,BugSwarm,OkHttp-93618854,0,552ca7576be0446cb1e76112ecfdc6fd,com.squareup.okhttp.internal.http.StreamAllocation,com.squareup.okhttp.internal.http.StreamAllocation_ESTest,46,0,True
250,BugSwarm,OkHttp-93618854,0,e233f9ccfef045d59ce05f799b501bb2,com.squareup.okhttp.internal.http.StreamAllocation,com.squareup.okhttp.internal.http.StreamAllocation_ESTest,45,0,True
251,BugSwarm,OkHttp-93618854,1,b52e3cfc69114f19b2211404c82b774b,com.squareup.okhttp.internal.http.StreamAllocation,com.squareup.okhttp.internal.http.StreamAllocation_ESTest,43,0,True
252,BugSwarm,OkHttp-93618854,1,8b5a372fa28f460da015fcbb44f9c405,com.squareup.okhttp.internal.http.StreamAllocation,com.squareup.okhttp.internal.http.StreamAllocation_ESTest,40,0,True
253,BugSwarm,OkHttp-93618854,1,e2f5d11eee004b678bbb3593c92f0bac,com.squareup.okhttp.internal.http.StreamAllocation,com.squareup.okhttp.internal.http.StreamAllocation_ESTest,44,0,True
254,BugSwarm,OkHttp-93618854,1,99e21918e639432289a47bc50295ad05,com.squareup.okhttp.internal.http.StreamAllocation,com.squareup.okhttp.internal.http.StreamAllocation_ESTest,39,0,True
255,BugSwarm,OkHttp-93618854,1,2deb2b5e6317460dbfd673a30a68b214,com.squareup.okhttp.internal.http.StreamAllocation,com.squareup.okhttp.internal.http.StreamAllocation_ESTest,46,0,True
256,BugSwarm,OkHttp-93618854,1,a42c48bcb8b24b15990bc429dcb35017,com.squareup.okhttp.internal.http.StreamAllocation,com.squareup.okhttp.internal.http.StreamAllocation_ESTest,46,0,True
257,BugSwarm,OkHttp-93618854,1,1105c51894f649779f14670797cf5c45,com.squareup.okhttp.internal.http.StreamAllocation,com.squareup.okhttp.internal.http.StreamAllocation_ESTest,46,0,True
258,BugSwarm,OkHttp-93618854,1,fed035088c82477aa4d71e7cf1cd6a6b,com.squareup.okhttp.internal.http.StreamAllocation,com.squareup.okhttp.internal.http.StreamAllocation_ESTest,48,0,True
259,BugSwarm,OkHttp-93618854,1,edd83d5359874e549342f59d7439390d,com.squareup.okhttp.internal.http.StreamAllocation,com.squareup.okhttp.internal.http.StreamAllocation_ESTest,47,0,True
260,BugSwarm,OkHttp-93618854,1,bf8ac52e3f844937ad072a1caa474da9,com.squareup.okhttp.internal.http.StreamAllocation,com.squareup.okhttp.internal.http.StreamAllocation_ESTest,45,0,True
261,BugSwarm,OkHttp-93618854,1,c87db8520e15433da393fa122a07db26,com.squareup.okhttp.internal.http.StreamAllocation,com.squareup.okhttp.internal.http.StreamAllocation_ESTest,38,0,True
262,BugSwarm,OkHttp-93618854,1,ef88032ae3544ec7b827887a23cb35f2,com.squareup.okhttp.internal.http.StreamAllocation,com.squareup.okhttp.internal.http.StreamAllocation_ESTest,46,0,True
263,BugSwarm,OkHttp-93618854,1,00b1db5a801b4567bb314488e415393a,com.squareup.okhttp.internal.http.StreamAllocation,com.squareup.okhttp.internal.http.StreamAllocation_ESTest,42,0,True
264,BugSwarm,OkHttp-93618854,1,a18142a1862f41a7b24c2ff7273f9247,com.squareup.okhttp.internal.http.StreamAllocation,com.squareup.okhttp.internal.http.StreamAllocation_ESTest,34,0,True
265,BugSwarm,OkHttp-93618854,1,abe4bbf4b8a14bd89d64e27f22504f42,com.squareup.okhttp.internal.http.StreamAllocation,com.squareup.okhttp.internal.http.StreamAllocation_ESTest,42,0,True
266,BugSwarm,OkHttp-93618854,1,6f76279ef5c5457281f56824fe735c82,com.squareup.okhttp.internal.http.StreamAllocation,com.squareup.okhttp.internal.http.StreamAllocation_ESTest,44,0,True
267,BugSwarm,OkHttp-93618854,1,4cdedfcda93244feb0e71f897fca75d7,com.squareup.okhttp.internal.http.StreamAllocation,com.squareup.okhttp.internal.http.StreamAllocation_ESTest,44,0,True
268,BugSwarm,OkHttp-93618854,1,00a395e884ce48c99816e5116c5145bb,com.squareup.okhttp.internal.http.StreamAllocation,com.squareup.okhttp.internal.http.StreamAllocation_ESTest,46,0,True
269,BugSwarm,OkHttp-93618854,1,552ca7576be0446cb1e76112ecfdc6fd,com.squareup.okhttp.internal.http.StreamAllocation,com.squareup.okhttp.internal.http.StreamAllocation_ESTest,46,0,True
270,BugSwarm,OkHttp-93618854,1,e233f9ccfef045d59ce05f799b501bb2,com.squareup.okhttp.internal.http.StreamAllocation,com.squareup.okhttp.internal.http.StreamAllocation_ESTest,45,0,True
271,BugSwarm,Artemis__odb-71816517,0,44cf4661042b4c27aad5c2274dd30f28,com.artemis.EntityEditPool,com.artemis.EntityEditPool_ESTest,19,0,True
272,BugSwarm,Artemis__odb-71816517,0,5f3d0a3667a149f8a494382f0e32acf2,com.artemis.EntityEditPool,com.artemis.EntityEditPool_ESTest,19,0,True
273,BugSwarm,Artemis__odb-71816517,0,a456e747508545bb86b99c7424c9e422,com.artemis.EntityEditPool,com.artemis.EntityEditPool_ESTest,20,0,True
274,BugSwarm,Artemis__odb-71816517,0,5ca004c0c9d344e2955041ff77fb64a1,com.artemis.EntityEditPool,com.artemis.EntityEditPool_ESTest,20,0,True
275,BugSwarm,Artemis__odb-71816517,0,7a4a852c1586429c8cb00830bca7f673,com.artemis.EntityEditPool,com.artemis.EntityEditPool_ESTest,20,0,True
276,BugSwarm,Artemis__odb-71816517,0,55711ea767874573b3e7eec68f964782,com.artemis.EntityEditPool,com.artemis.EntityEditPool_ESTest,20,0,True
277,BugSwarm,Artemis__odb-71816517,0,647a1a49433b4e809f6a834c3f636fff,com.artemis.EntityEditPool,com.artemis.EntityEditPool_ESTest,20,0,True
278,BugSwarm,Artemis__odb-71816517,0,b0a86ee7730640e9ade63011f32a77bc,com.artemis.EntityEditPool,com.artemis.EntityEditPool_ESTest,19,0,True
279,BugSwarm,Artemis__odb-71816517,0,1baa905d5502429fa1789a60b4020a0b,com.artemis.EntityEditPool,com.artemis.EntityEditPool_ESTest,20,0,True
280,BugSwarm,Artemis__odb-71816517,0,0b4269504e8c4bad8f3c4d2bfc7a5f24,com.artemis.EntityEditPool,com.artemis.EntityEditPool_ESTest,19,0,True
281,BugSwarm,Artemis__odb-71816517,0,52cad51b26e44f41882121fb07a8f40c,com.artemis.EntityEditPool,com.artemis.EntityEditPool_ESTest,19,0,True
282,BugSwarm,Artemis__odb-71816517,0,b45aa092580743c09ab812e225252396,com.artemis.EntityEditPool,com.artemis.EntityEditPool_ESTest,20,0,True
283,BugSwarm,Artemis__odb-71816517,0,f4c294e694354c0f96c110a7c6b05151,com.artemis.EntityEditPool,com.artemis.EntityEditPool_ESTest,21,0,True
284,BugSwarm,Artemis__odb-71816517,0,60f1b3c5de3d49e8874b6f1d965c5f62,com.artemis.EntityEditPool,com.artemis.EntityEditPool_ESTest,20,0,True
285,BugSwarm,Artemis__odb-71816517,0,5d44a75559234b6983ac60885e191a51,com.artemis.EntityEditPool,com.artemis.EntityEditPool_ESTest,20,0,True
286,BugSwarm,Artemis__odb-71816517,0,4abc7532421f4b10b3662d353f9129cb,com.artemis.EntityEditPool,com.artemis.EntityEditPool_ESTest,19,0,True
287,BugSwarm,Artemis__odb-71816517,0,ef19844b749b4e9592cc1d043d9c32b3,com.artemis.EntityEditPool,com.artemis.EntityEditPool_ESTest,20,0,True
288,BugSwarm,Artemis__odb-71816517,0,d004a7d92c2f4ae8835be0a8397bf9a2,com.artemis.EntityEditPool,com.artemis.EntityEditPool_ESTest,19,0,True
289,BugSwarm,Artemis__odb-71816517,0,51323f96ee524e85b7c8436d9fa68dfc,com.artemis.EntityEditPool,com.artemis.EntityEditPool_ESTest,19,0,True
290,BugSwarm,Artemis__odb-71816517,0,764a6e230692442ca4444416167b3878,com.artemis.EntityEditPool,com.artemis.EntityEditPool_ESTest,19,0,True
291,BugSwarm,ACS_AEM_Commons-374231969,0,639a0e7fc6b046ad8301b71f3f3a5ded,com.adobe.acs.commons.mcp.impl.processes.asset.UrlAssetImport,com.adobe.acs.commons.mcp.impl.processes.asset.UrlAssetImport_ESTest,22,0,False
292,BugSwarm,ACS_AEM_Commons-374231969,0,baf2879ea07442c39c918d9ee5413972,com.adobe.acs.commons.mcp.impl.processes.asset.UrlAssetImport,com.adobe.acs.commons.mcp.impl.processes.asset.UrlAssetImport_ESTest,21,0,False
293,BugSwarm,ACS_AEM_Commons-374231969,0,03a8f5a3739549119456f32a44127763,com.adobe.acs.commons.mcp.impl.processes.asset.UrlAssetImport,com.adobe.acs.commons.mcp.impl.processes.asset.UrlAssetImport_ESTest,25,0,False
294,BugSwarm,ACS_AEM_Commons-374231969,0,568d2ec3447c48979c9cecb3ff2703ee,com.adobe.acs.commons.mcp.impl.processes.asset.UrlAssetImport,com.adobe.acs.commons.mcp.impl.processes.asset.UrlAssetImport_ESTest,22,0,False
295,BugSwarm,ACS_AEM_Commons-374231969,0,9844a29da21f4249afd91590bfd2e634,com.adobe.acs.commons.mcp.impl.processes.asset.UrlAssetImport,com.adobe.acs.commons.mcp.impl.processes.asset.UrlAssetImport_ESTest,21,0,False
296,BugSwarm,ACS_AEM_Commons-374231969,0,8d8d2e8f6b194d38802e05aa1f560d86,com.adobe.acs.commons.mcp.impl.processes.asset.UrlAssetImport,com.adobe.acs.commons.mcp.impl.processes.asset.UrlAssetImport_ESTest,24,0,False
297,BugSwarm,ACS_AEM_Commons-374231969,0,d91ec59873164b8e921dfb3d891936a3,com.adobe.acs.commons.mcp.impl.processes.asset.UrlAssetImport,com.adobe.acs.commons.mcp.impl.processes.asset.UrlAssetImport_ESTest,22,0,False
298,BugSwarm,ACS_AEM_Commons-374231969,0,ebe46d275f46420ca1e49cf1eeea16ac,com.adobe.acs.commons.mcp.impl.processes.asset.UrlAssetImport,com.adobe.acs.commons.mcp.impl.processes.asset.UrlAssetImport_ESTest,26,0,True
299,BugSwarm,ACS_AEM_Commons-374231969,0,61b9c0925040430cae8a6b866dfcd2b3,com.adobe.acs.commons.mcp.impl.processes.asset.UrlAssetImport,com.adobe.acs.commons.mcp.impl.processes.asset.UrlAssetImport_ESTest,19,0,False
300,BugSwarm,ACS_AEM_Commons-374231969,0,a4c72743f07b47c4a3d5e0c4bd499981,com.adobe.acs.commons.mcp.impl.processes.asset.UrlAssetImport,com.adobe.acs.commons.mcp.impl.processes.asset.UrlAssetImport_ESTest,24,0,False
301,BugSwarm,ACS_AEM_Commons-374231969,0,dc5e131cd5824f08925979e00b8319cf,com.adobe.acs.commons.mcp.impl.processes.asset.UrlAssetImport,com.adobe.acs.commons.mcp.impl.processes.asset.UrlAssetImport_ESTest,23,0,False
302,BugSwarm,ACS_AEM_Commons-374231969,0,db4236d862704b559fcf1deca1536545,com.adobe.acs.commons.mcp.impl.processes.asset.UrlAssetImport,com.adobe.acs.commons.mcp.impl.processes.asset.UrlAssetImport_ESTest,26,0,False
303,BugSwarm,ACS_AEM_Commons-374231969,0,f55e74dc5ed946df9f096028c2ee6057,com.adobe.acs.commons.mcp.impl.processes.asset.UrlAssetImport,com.adobe.acs.commons.mcp.impl.processes.asset.UrlAssetImport_ESTest,21,0,False
304,BugSwarm,ACS_AEM_Commons-374231969,0,3ee3dfdfcd18446e86cd7cd3a2bfbcde,com.adobe.acs.commons.mcp.impl.processes.asset.UrlAssetImport,com.adobe.acs.commons.mcp.impl.processes.asset.UrlAssetImport_ESTest,23,0,False
305,BugSwarm,ACS_AEM_Commons-374231969,0,fe242d4e07174de0afe555c416c0a1db,com.adobe.acs.commons.mcp.impl.processes.asset.UrlAssetImport,com.adobe.acs.commons.mcp.impl.processes.asset.UrlAssetImport_ESTest,23,0,False
306,BugSwarm,ACS_AEM_Commons-374231969,0,1f2593e877c34149801d646102f5f0e1,com.adobe.acs.commons.mcp.impl.processes.asset.UrlAssetImport,com.adobe.acs.commons.mcp.impl.processes.asset.UrlAssetImport_ESTest,21,0,False
307,BugSwarm,ACS_AEM_Commons-374231969,0,0a504cfee47a44e1a2196d1ce0662c66,com.adobe.acs.commons.mcp.impl.processes.asset.UrlAssetImport,com.adobe.acs.commons.mcp.impl.processes.asset.UrlAssetImport_ESTest,22,0,False
308,BugSwarm,ACS_AEM_Commons-374231969,0,01d152d6cc4042e3a93181287b75d94c,com.adobe.acs.commons.mcp.impl.processes.asset.UrlAssetImport,com.adobe.acs.commons.mcp.impl.processes.asset.UrlAssetImport_ESTest,22,0,False
309,BugSwarm,ACS_AEM_Commons-374231969,0,973e34e64e7a4049a18c84349b9f65ba,com.adobe.acs.commons.mcp.impl.processes.asset.UrlAssetImport,com.adobe.acs.commons.mcp.impl.processes.asset.UrlAssetImport_ESTest,22,0,False
310,BugSwarm,ACS_AEM_Commons-374231969,0,d9d682902c794cb59bbdf88b44219033,com.adobe.acs.commons.mcp.impl.processes.asset.UrlAssetImport,com.adobe.acs.commons.mcp.impl.processes.asset.UrlAssetImport_ESTest,26,0,False
311,BugSwarm,BungeeCord-130330788,0,b2212e64689e4284b79e4c0a141e5da0,net.md_5.bungee.ConnectionThrottle,net.md_5.bungee.ConnectionThrottle_ESTest,3,0,True
312,BugSwarm,BungeeCord-130330788,0,447bfee8874a4ad6b94f7f7273cb73be,net.md_5.bungee.ConnectionThrottle,net.md_5.bungee.ConnectionThrottle_ESTest,3,0,True
313,BugSwarm,BungeeCord-130330788,0,03c351f586a44589b03287204add028b,net.md_5.bungee.ConnectionThrottle,net.md_5.bungee.ConnectionThrottle_ESTest,3,0,True
314,BugSwarm,BungeeCord-130330788,0,66a8479b00ae41aca0538fed6be1cb2d,net.md_5.bungee.ConnectionThrottle,net.md_5.bungee.ConnectionThrottle_ESTest,3,0,True
315,BugSwarm,BungeeCord-130330788,0,032d6c07481a4c17ac00837ccc5ee2b1,net.md_5.bungee.ConnectionThrottle,net.md_5.bungee.ConnectionThrottle_ESTest,3,0,True
316,BugSwarm,BungeeCord-130330788,0,bd67105d6aec4dcb9ed33fc37795fece,net.md_5.bungee.ConnectionThrottle,net.md_5.bungee.ConnectionThrottle_ESTest,5,0,True
317,BugSwarm,BungeeCord-130330788,0,0526a6ef84634190880ba936fe12312b,net.md_5.bungee.ConnectionThrottle,net.md_5.bungee.ConnectionThrottle_ESTest,3,0,True
318,BugSwarm,BungeeCord-130330788,0,7977594040754aa4a6fbd6137da19a56,net.md_5.bungee.ConnectionThrottle,net.md_5.bungee.ConnectionThrottle_ESTest,3,0,True
319,BugSwarm,BungeeCord-130330788,0,db483433545249bfb0b27bf13a63de31,net.md_5.bungee.ConnectionThrottle,net.md_5.bungee.ConnectionThrottle_ESTest,3,0,True
320,BugSwarm,BungeeCord-130330788,0,d2a53509268f4c2cbf71ea5f7bd215a6,net.md_5.bungee.ConnectionThrottle,net.md_5.bungee.ConnectionThrottle_ESTest,3,0,True
321,BugSwarm,BungeeCord-130330788,0,0cbbecf3562242678f43758200a92035,net.md_5.bungee.ConnectionThrottle,net.md_5.bungee.ConnectionThrottle_ESTest,3,0,True
322,BugSwarm,BungeeCord-130330788,0,de3bc86d02014bda88f29a323113a578,net.md_5.bungee.ConnectionThrottle,net.md_5.bungee.ConnectionThrottle_ESTest,3,0,True
323,BugSwarm,BungeeCord-130330788,0,5dfb634c37e446c787e0d9b8a55c91c7,net.md_5.bungee.ConnectionThrottle,net.md_5.bungee.ConnectionThrottle_ESTest,3,0,True
324,BugSwarm,BungeeCord-130330788,0,fdd6faa9b3da411a8705e3bbdf390c13,net.md_5.bungee.ConnectionThrottle,net.md_5.bungee.ConnectionThrottle_ESTest,3,0,True
325,BugSwarm,BungeeCord-130330788,0,d846899e289c4ce99e606994a6ea4abd,net.md_5.bungee.ConnectionThrottle,net.md_5.bungee.ConnectionThrottle_ESTest,3,0,True
326,BugSwarm,BungeeCord-130330788,0,9b88c9768a8d463ba07f264d4ba38680,net.md_5.bungee.ConnectionThrottle,net.md_5.bungee.ConnectionThrottle_ESTest,3,0,True
327,BugSwarm,BungeeCord-130330788,0,45ff6b7e63524856bfade2139db1ff19,net.md_5.bungee.ConnectionThrottle,net.md_5.bungee.ConnectionThrottle_ESTest,3,0,True
328,BugSwarm,BungeeCord-130330788,0,f846e8b9f2e0428eaf898566d0d9f2c9,net.md_5.bungee.ConnectionThrottle,net.md_5.bungee.ConnectionThrottle_ESTest,3,0,True
329,BugSwarm,BungeeCord-130330788,0,7ec3ce6cecff4df8b86c7624db7aad0f,net.md_5.bungee.ConnectionThrottle,net.md_5.bungee.ConnectionThrottle_ESTest,3,0,True
330,BugSwarm,BungeeCord-130330788,0,6ead44a8512445eda9f86936f028d18a,net.md_5.bungee.ConnectionThrottle,net.md_5.bungee.ConnectionThrottle_ESTest,3,0,True
331,BugSwarm,Yamcs-186324159,0,efb732b1218b42bf883290c00bb2b3ed,org.yamcs.xtce.SpreadsheetLoader,org.yamcs.xtce.SpreadsheetLoader_ESTest,65,0,True
332,BugSwarm,Yamcs-186324159,0,2c74cc99741940a2a543e1f58e16744e,org.yamcs.xtce.SpreadsheetLoader,org.yamcs.xtce.SpreadsheetLoader_ESTest,71,0,True
333,BugSwarm,Yamcs-186324159,0,085f2431521e46e8988d822d0b9633f5,org.yamcs.xtce.SpreadsheetLoader,org.yamcs.xtce.SpreadsheetLoader_ESTest,75,0,True
334,BugSwarm,Yamcs-186324159,0,71f71b22489e4c4e8cbba90d20e3fa01,org.yamcs.xtce.SpreadsheetLoader,org.yamcs.xtce.SpreadsheetLoader_ESTest,137,0,True
335,BugSwarm,Yamcs-186324159,0,cb98807dfdd14567bd06c8cb22ebda14,org.yamcs.xtce.SpreadsheetLoader,org.yamcs.xtce.SpreadsheetLoader_ESTest,156,0,True
336,BugSwarm,Yamcs-186324159,0,8683f5eea60649659df0c9d54386c198,org.yamcs.xtce.SpreadsheetLoader,org.yamcs.xtce.SpreadsheetLoader_ESTest,157,0,True
337,BugSwarm,Yamcs-186324159,0,ab433ee075d241d18825c1e43c5e7526,org.yamcs.xtce.SpreadsheetLoader,org.yamcs.xtce.SpreadsheetLoader_ESTest,71,0,True
338,BugSwarm,Yamcs-186324159,0,e75e581590944f168ae25d3972b2acff,org.yamcs.xtce.SpreadsheetLoader,org.yamcs.xtce.SpreadsheetLoader_ESTest,78,0,True
339,BugSwarm,Yamcs-186324159,0,461a0c28a1f04ca58b5860e8f87bdafc,org.yamcs.xtce.SpreadsheetLoader,org.yamcs.xtce.SpreadsheetLoader_ESTest,68,0,True
340,BugSwarm,Yamcs-186324159,0,aa58ddc969db459ab22e03b93be88c5d,org.yamcs.xtce.SpreadsheetLoader,org.yamcs.xtce.SpreadsheetLoader_ESTest,70,0,True
341,BugSwarm,Yamcs-186324159,0,6f3c1064a16341b7b841a9e3a93419b5,org.yamcs.xtce.SpreadsheetLoader,org.yamcs.xtce.SpreadsheetLoader_ESTest,68,0,True
342,BugSwarm,Yamcs-186324159,0,9a53c6c1597c4c92a4a8d1db83b298c6,org.yamcs.xtce.SpreadsheetLoader,org.yamcs.xtce.SpreadsheetLoader_ESTest,69,0,True
343,BugSwarm,Yamcs-186324159,0,14442c78313c484faa11e2327420004e,org.yamcs.xtce.SpreadsheetLoader,org.yamcs.xtce.SpreadsheetLoader_ESTest,74,0,True
344,BugSwarm,Yamcs-186324159,0,c90ef7dbeb4b4246a253bf8a5e3a2777,org.yamcs.xtce.SpreadsheetLoader,org.yamcs.xtce.SpreadsheetLoader_ESTest,65,0,True
345,BugSwarm,Yamcs-186324159,0,257be0f1ed834621a73ab375843554ae,org.yamcs.xtce.SpreadsheetLoader,org.yamcs.xtce.SpreadsheetLoader_ESTest,68,0,True
346,BugSwarm,Yamcs-186324159,0,027d88202ede49cb9aab7b5176cbed17,org.yamcs.xtce.SpreadsheetLoader,org.yamcs.xtce.SpreadsheetLoader_ESTest,150,0,True
347,BugSwarm,Yamcs-186324159,0,0f432684eb674f93a5b8322066d6a930,org.yamcs.xtce.SpreadsheetLoader,org.yamcs.xtce.SpreadsheetLoader_ESTest,77,0,True
348,BugSwarm,REST_Countries-207869551,0,0fb2d11991844be8b1859f1f0312b119,fayder.restcountries.rest.CountryServiceHelper,fayder.restcountries.rest.CountryServiceHelper_ESTest,33,0,True
349,BugSwarm,REST_Countries-207869551,0,72d0dcad9ba448c4a3ca083a1a06e254,fayder.restcountries.rest.CountryServiceHelper,fayder.restcountries.rest.CountryServiceHelper_ESTest,33,0,True
350,BugSwarm,REST_Countries-207869551,0,3f76a4e11ced4faca388dbcdba4818c0,fayder.restcountries.rest.CountryServiceHelper,fayder.restcountries.rest.CountryServiceHelper_ESTest,34,0,True
351,BugSwarm,REST_Countries-207869551,0,627122b1dc9a4c9aa3df52470e1c4a52,fayder.restcountries.rest.CountryServiceHelper,fayder.restcountries.rest.CountryServiceHelper_ESTest,35,0,True
352,BugSwarm,REST_Countries-207869551,0,39d476862caa44d69c86b2aa3e913c16,fayder.restcountries.rest.CountryServiceHelper,fayder.restcountries.rest.CountryServiceHelper_ESTest,34,0,True
353,BugSwarm,REST_Countries-207869551,0,a28dd7de4dcb44f282d270019476fa69,fayder.restcountries.rest.CountryServiceHelper,fayder.restcountries.rest.CountryServiceHelper_ESTest,37,0,False
354,BugSwarm,REST_Countries-207869551,0,d55d0b7a951a474e9bc8eb742b9de1e1,fayder.restcountries.rest.CountryServiceHelper,fayder.restcountries.rest.CountryServiceHelper_ESTest,33,0,True
355,BugSwarm,REST_Countries-207869551,0,d099cf331a4a4c23ae789e5863422ede,fayder.restcountries.rest.CountryServiceHelper,fayder.restcountries.rest.CountryServiceHelper_ESTest,35,0,True
356,BugSwarm,REST_Countries-207869551,0,093442c862294078acda39a3e062afce,fayder.restcountries.rest.CountryServiceHelper,fayder.restcountries.rest.CountryServiceHelper_ESTest,33,0,True
357,BugSwarm,REST_Countries-207869551,0,a662d14cc7674a23a33c0d51f7b2868a,fayder.restcountries.rest.CountryServiceHelper,fayder.restcountries.rest.CountryServiceHelper_ESTest,35,0,True
358,BugSwarm,REST_Countries-207869551,0,8497725a881e45679e879c22f83027c0,fayder.restcountries.rest.CountryServiceHelper,fayder.restcountries.rest.CountryServiceHelper_ESTest,35,0,False
359,BugSwarm,REST_Countries-207869551,0,47489600412641528bb3152e379c5d31,fayder.restcountries.rest.CountryServiceHelper,fayder.restcountries.rest.CountryServiceHelper_ESTest,34,0,True
360,BugSwarm,REST_Countries-207869551,0,600a5f4e047a4a67ab2ebe5f61aa33e0,fayder.restcountries.rest.CountryServiceHelper,fayder.restcountries.rest.CountryServiceHelper_ESTest,37,0,False
361,BugSwarm,REST_Countries-207869551,0,032a368476864500860086c880835936,fayder.restcountries.rest.CountryServiceHelper,fayder.restcountries.rest.CountryServiceHelper_ESTest,32,0,False
362,BugSwarm,REST_Countries-207869551,0,ddb1721dda944f9c9633638e196374fd,fayder.restcountries.rest.CountryServiceHelper,fayder.restcountries.rest.CountryServiceHelper_ESTest,35,0,True
363,BugSwarm,REST_Countries-207869551,0,dfbbd13cc74140b5981afd825b12ddf7,fayder.restcountries.rest.CountryServiceHelper,fayder.restcountries.rest.CountryServiceHelper_ESTest,34,0,False
364,BugSwarm,REST_Countries-207869551,0,091d87147b594c5694afaef46542d68d,fayder.restcountries.rest.CountryServiceHelper,fayder.restcountries.rest.CountryServiceHelper_ESTest,36,0,True
365,BugSwarm,REST_Countries-207869551,0,017b4251b02246d5acf245c28a5cf3fe,fayder.restcountries.rest.CountryServiceHelper,fayder.restcountries.rest.CountryServiceHelper_ESTest,36,0,False
366,BugSwarm,REST_Countries-207869551,0,43b863379e0b491cbbfc812ecd56bfe5,fayder.restcountries.rest.CountryServiceHelper,fayder.restcountries.rest.CountryServiceHelper_ESTest,34,0,False
367,BugSwarm,REST_Countries-207869551,0,de8c18aa167e483db803a0b066306033,fayder.restcountries.rest.CountryServiceHelper,fayder.restcountries.rest.CountryServiceHelper_ESTest,35,0,False
368,BugSwarm,Dubbo-416671625,0,925f548aad574d008a4dffbbf7d36670,org.apache.dubbo.rpc.protocol.hessian.HttpClientConnectionFactory,org.apache.dubbo.rpc.protocol.hessian.HttpClientConnectionFactory_ESTest,2,0,True
369,BugSwarm,Dubbo-416671625,0,0951dd794a41491b9f656f6646af66fd,org.apache.dubbo.rpc.protocol.hessian.HttpClientConnectionFactory,org.apache.dubbo.rpc.protocol.hessian.HttpClientConnectionFactory_ESTest,3,0,True
370,BugSwarm,Dubbo-416671625,0,29a1b4484d28421eab9741a341ca2ddc,org.apache.dubbo.rpc.protocol.hessian.HttpClientConnectionFactory,org.apache.dubbo.rpc.protocol.hessian.HttpClientConnectionFactory_ESTest,2,0,True
371,BugSwarm,Dubbo-416671625,0,48071099e6b04e6388078a40d547d012,org.apache.dubbo.rpc.protocol.hessian.HttpClientConnectionFactory,org.apache.dubbo.rpc.protocol.hessian.HttpClientConnectionFactory_ESTest,2,0,True
372,BugSwarm,Dubbo-416671625,0,cafb25a744bf4a6f9f292faf498925ec,org.apache.dubbo.rpc.protocol.hessian.HttpClientConnectionFactory,org.apache.dubbo.rpc.protocol.hessian.HttpClientConnectionFactory_ESTest,2,0,False
373,BugSwarm,Dubbo-416671625,0,b5ef2b1efa2d49d8b445e632784c4c29,org.apache.dubbo.rpc.protocol.hessian.HttpClientConnectionFactory,org.apache.dubbo.rpc.protocol.hessian.HttpClientConnectionFactory_ESTest,2,0,False
374,BugSwarm,Dubbo-416671625,0,ffe51e63b0254e0aafafaae9c16e62ab,org.apache.dubbo.rpc.protocol.hessian.HttpClientConnectionFactory,org.apache.dubbo.rpc.protocol.hessian.HttpClientConnectionFactory_ESTest,2,0,False
375,BugSwarm,Dubbo-416671625,0,7fe6b6e6c54047f0a54367f8a165554b,org.apache.dubbo.rpc.protocol.hessian.HttpClientConnectionFactory,org.apache.dubbo.rpc.protocol.hessian.HttpClientConnectionFactory_ESTest,2,0,True
376,BugSwarm,Dubbo-416671625,0,b48c4aa3915b46dab299ca2eb4b6b1e1,org.apache.dubbo.rpc.protocol.hessian.HttpClientConnectionFactory,org.apache.dubbo.rpc.protocol.hessian.HttpClientConnectionFactory_ESTest,2,0,True
377,BugSwarm,Dubbo-416671625,0,d9f9165fb8c2402caf32c1fdbdf464c6,org.apache.dubbo.rpc.protocol.hessian.HttpClientConnectionFactory,org.apache.dubbo.rpc.protocol.hessian.HttpClientConnectionFactory_ESTest,2,0,False
378,BugSwarm,Dubbo-416671625,0,09b3b91c9de74fef85005e649fbac360,org.apache.dubbo.rpc.protocol.hessian.HttpClientConnectionFactory,org.apache.dubbo.rpc.protocol.hessian.HttpClientConnectionFactory_ESTest,3,0,True
379,BugSwarm,Dubbo-416671625,0,af7d7123d4dd48ad9ae2d4267bc90013,org.apache.dubbo.rpc.protocol.hessian.HttpClientConnectionFactory,org.apache.dubbo.rpc.protocol.hessian.HttpClientConnectionFactory_ESTest,2,0,True
380,BugSwarm,Dubbo-416671625,0,c522de88a1e34b038c96e0b28fe74252,org.apache.dubbo.rpc.protocol.hessian.HttpClientConnectionFactory,org.apache.dubbo.rpc.protocol.hessian.HttpClientConnectionFactory_ESTest,3,0,True
381,BugSwarm,Dubbo-416671625,0,89f2e6869cbf42b081c7ec6294d871f3,org.apache.dubbo.rpc.protocol.hessian.HttpClientConnectionFactory,org.apache.dubbo.rpc.protocol.hessian.HttpClientConnectionFactory_ESTest,2,0,True
382,BugSwarm,Dubbo-416671625,0,4efbaddb78284e92b2bfdc457d54263e,org.apache.dubbo.rpc.protocol.hessian.HttpClientConnectionFactory,org.apache.dubbo.rpc.protocol.hessian.HttpClientConnectionFactory_ESTest,3,0,True
383,BugSwarm,Dubbo-416671625,0,1f8dc082069d446fbae5cc8f120f13dd,org.apache.dubbo.rpc.protocol.hessian.HttpClientConnectionFactory,org.apache.dubbo.rpc.protocol.hessian.HttpClientConnectionFactory_ESTest,2,0,False
384,BugSwarm,Dubbo-416671625,0,478346b62b5b4784b0be00e8aa9fa329,org.apache.dubbo.rpc.protocol.hessian.HttpClientConnectionFactory,org.apache.dubbo.rpc.protocol.hessian.HttpClientConnectionFactory_ESTest,2,0,True
385,BugSwarm,Dubbo-416671625,0,155b867cec7f410096a6f3e8c1e32660,org.apache.dubbo.rpc.protocol.hessian.HttpClientConnectionFactory,org.apache.dubbo.rpc.protocol.hessian.HttpClientConnectionFactory_ESTest,2,0,False
386,BugSwarm,Dubbo-416671625,0,f7df0ea1b4f546779a8d27d06248ebeb,org.apache.dubbo.rpc.protocol.hessian.HttpClientConnectionFactory,org.apache.dubbo.rpc.protocol.hessian.HttpClientConnectionFactory_ESTest,2,0,True
387,BugSwarm,Dubbo-416671625,0,c462933240ed4d23a5620a08db467a41,org.apache.dubbo.rpc.protocol.hessian.HttpClientConnectionFactory,org.apache.dubbo.rpc.protocol.hessian.HttpClientConnectionFactory_ESTest,2,0,False
388,BugSwarm,Universal_G__Code_Sender-676666184,0,1f86908931f6499dafd074afefdfb6ae,com.willwinder.universalgcodesender.utils.GcodeStreamReader,com.willwinder.universalgcodesender.utils.GcodeStreamReader_ESTest,8,0,True
389,BugSwarm,Universal_G__Code_Sender-676666184,0,5b14ab7785b2447c9ded13e1477ad402,com.willwinder.universalgcodesender.utils.GcodeStreamReader,com.willwinder.universalgcodesender.utils.GcodeStreamReader_ESTest,6,0,True
390,BugSwarm,Universal_G__Code_Sender-676666184,0,9836575df4214ca481bd4d4b869009a3,com.willwinder.universalgcodesender.utils.GcodeStreamReader,com.willwinder.universalgcodesender.utils.GcodeStreamReader_ESTest,7,0,True
391,BugSwarm,Universal_G__Code_Sender-676666184,0,89205b99488f48b28e17b57582fc4c90,com.willwinder.universalgcodesender.utils.GcodeStreamReader,com.willwinder.universalgcodesender.utils.GcodeStreamReader_ESTest,5,0,True
392,BugSwarm,Universal_G__Code_Sender-676666184,0,bdd8b929996040e5a262829cacd025b4,com.willwinder.universalgcodesender.utils.GcodeStreamReader,com.willwinder.universalgcodesender.utils.GcodeStreamReader_ESTest,7,0,True
393,BugSwarm,Universal_G__Code_Sender-676666184,0,a6b1d947fa0b49dba16953c613e3fca3,com.willwinder.universalgcodesender.utils.GcodeStreamReader,com.willwinder.universalgcodesender.utils.GcodeStreamReader_ESTest,6,0,False
394,BugSwarm,Universal_G__Code_Sender-676666184,0,08f7c75fc045425a9c0ea0d16746c374,com.willwinder.universalgcodesender.utils.GcodeStreamReader,com.willwinder.universalgcodesender.utils.GcodeStreamReader_ESTest,7,0,True
395,BugSwarm,Universal_G__Code_Sender-676666184,0,39377358b36a40469d5ec2e4fbd683a9,com.willwinder.universalgcodesender.utils.GcodeStreamReader,com.willwinder.universalgcodesender.utils.GcodeStreamReader_ESTest,7,0,True
396,BugSwarm,Universal_G__Code_Sender-676666184,0,8e5536ffb5a149b6be745f06b2daabe2,com.willwinder.universalgcodesender.utils.GcodeStreamReader,com.willwinder.universalgcodesender.utils.GcodeStreamReader_ESTest,7,0,True
397,BugSwarm,Universal_G__Code_Sender-676666184,0,4b30207f40484485a149f2b3fd691b95,com.willwinder.universalgcodesender.utils.GcodeStreamReader,com.willwinder.universalgcodesender.utils.GcodeStreamReader_ESTest,7,0,True
398,BugSwarm,Universal_G__Code_Sender-676666184,0,d2835664713049a1b7a160bb479d8164,com.willwinder.universalgcodesender.utils.GcodeStreamReader,com.willwinder.universalgcodesender.utils.GcodeStreamReader_ESTest,7,0,True
399,BugSwarm,Universal_G__Code_Sender-676666184,0,f4cd00a8418d4f90baad97f42c724943,com.willwinder.universalgcodesender.utils.GcodeStreamReader,com.willwinder.universalgcodesender.utils.GcodeStreamReader_ESTest,7,0,True
400,BugSwarm,Universal_G__Code_Sender-676666184,0,4d6b949cd9db42e2baeeeefa2ed72222,com.willwinder.universalgcodesender.utils.GcodeStreamReader,com.willwinder.universalgcodesender.utils.GcodeStreamReader_ESTest,7,0,False
401,BugSwarm,Universal_G__Code_Sender-676666184,0,8b2b8965b4224963943d807027f7fa2e,com.willwinder.universalgcodesender.utils.GcodeStreamReader,com.willwinder.universalgcodesender.utils.GcodeStreamReader_ESTest,7,0,True
402,BugSwarm,Universal_G__Code_Sender-676666184,0,7819573f5ef54b86b1c265f0c55836dc,com.willwinder.universalgcodesender.utils.GcodeStreamReader,com.willwinder.universalgcodesender.utils.GcodeStreamReader_ESTest,6,0,True
403,BugSwarm,Universal_G__Code_Sender-676666184,0,8ca18a4d54b940f6a7f2c06b82885f8b,com.willwinder.universalgcodesender.utils.GcodeStreamReader,com.willwinder.universalgcodesender.utils.GcodeStreamReader_ESTest,8,0,False
404,BugSwarm,Universal_G__Code_Sender-676666184,0,91d8f083f9784ceea861f315612133e7,com.willwinder.universalgcodesender.utils.GcodeStreamReader,com.willwinder.universalgcodesender.utils.GcodeStreamReader_ESTest,7,0,True
405,BugSwarm,Universal_G__Code_Sender-676666184,0,72773d21dbaf4022a42c475c044c2d86,com.willwinder.universalgcodesender.utils.GcodeStreamReader,com.willwinder.universalgcodesender.utils.GcodeStreamReader_ESTest,7,0,True
406,BugSwarm,GraphHopper-210124629,0,de0e2dd91a04426b980ed9d1d227a102,com.graphhopper.routing.util.DataFlagEncoder,com.graphhopper.routing.util.DataFlagEncoder_ESTest,166,0,False
407,BugSwarm,GraphHopper-210124629,0,47ca06124f8541f6bcebd1605875784f,com.graphhopper.routing.util.DataFlagEncoder,com.graphhopper.routing.util.DataFlagEncoder_ESTest,175,0,False
408,BugSwarm,GraphHopper-210124629,0,8a627d1e3d2d462ca9a44c8a6e7ae664,com.graphhopper.routing.util.DataFlagEncoder,com.graphhopper.routing.util.DataFlagEncoder_ESTest,178,0,False
409,BugSwarm,GraphHopper-210124629,0,ff1a14a5b7ef4e19810b04aaab0eb227,com.graphhopper.routing.util.DataFlagEncoder,com.graphhopper.routing.util.DataFlagEncoder_ESTest,168,0,False
410,BugSwarm,GraphHopper-210124629,0,8b455104576946a9847dea9529a22dbf,com.graphhopper.routing.util.DataFlagEncoder,com.graphhopper.routing.util.DataFlagEncoder_ESTest,168,0,False
411,BugSwarm,GraphHopper-210124629,0,8abee857242b47b98ae91d02590c2134,com.graphhopper.routing.util.DataFlagEncoder,com.graphhopper.routing.util.DataFlagEncoder_ESTest,176,0,False
412,BugSwarm,GraphHopper-210124629,0,bbe10e86ebca48d484bc17433a88caaa,com.graphhopper.routing.util.DataFlagEncoder,com.graphhopper.routing.util.DataFlagEncoder_ESTest,179,0,False
413,BugSwarm,GraphHopper-210124629,0,9df83d0499e3471a9b87887d3f8a0c55,com.graphhopper.routing.util.DataFlagEncoder,com.graphhopper.routing.util.DataFlagEncoder_ESTest,167,0,False
414,BugSwarm,GraphHopper-210124629,0,9b4b3cf58902492a8927325d008c5c60,com.graphhopper.routing.util.DataFlagEncoder,com.graphhopper.routing.util.DataFlagEncoder_ESTest,160,0,False
415,BugSwarm,GraphHopper-210124629,0,5de0302f37954793b7c42d505b245747,com.graphhopper.routing.util.DataFlagEncoder,com.graphhopper.routing.util.DataFlagEncoder_ESTest,169,0,False
416,BugSwarm,GraphHopper-210124629,0,cc408b44c2ee48aaba0ac8dfbd8fd707,com.graphhopper.routing.util.DataFlagEncoder,com.graphhopper.routing.util.DataFlagEncoder_ESTest,173,0,False
417,BugSwarm,GraphHopper-210124629,0,81806b2ea7234a56867d6aa0e4ff224f,com.graphhopper.routing.util.DataFlagEncoder,com.graphhopper.routing.util.DataFlagEncoder_ESTest,175,0,False
418,BugSwarm,GraphHopper-210124629,0,1da397e6dc0a4854b3d93e01cd92c649,com.graphhopper.routing.util.DataFlagEncoder,com.graphhopper.routing.util.DataFlagEncoder_ESTest,166,0,False
419,BugSwarm,GraphHopper-210124629,0,6318fc74c9284f2dab7b75c3e0d95c1b,com.graphhopper.routing.util.DataFlagEncoder,com.graphhopper.routing.util.DataFlagEncoder_ESTest,166,0,False
420,BugSwarm,REST_Countries-154683750,0,8a1a8cc7636f4600836311ec0de9aecb,fayder.restcountries.v1.rest.CountryService,fayder.restcountries.v1.rest.CountryService_ESTest,13,0,False
421,BugSwarm,REST_Countries-154683750,0,5df8e63c3c944bf18e7b79816e14aa50,fayder.restcountries.v1.rest.CountryService,fayder.restcountries.v1.rest.CountryService_ESTest,14,0,False
422,BugSwarm,REST_Countries-154683750,0,b456e133910948cda149a327e8ef8ef9,fayder.restcountries.v1.rest.CountryService,fayder.restcountries.v1.rest.CountryService_ESTest,13,0,False
423,BugSwarm,REST_Countries-154683750,0,8ee1892ff06b43829c9c1523bda64b35,fayder.restcountries.v1.rest.CountryService,fayder.restcountries.v1.rest.CountryService_ESTest,13,0,True
424,BugSwarm,REST_Countries-154683750,0,9fd8f7fda3f64d76b590880d2d6910a6,fayder.restcountries.v1.rest.CountryService,fayder.restcountries.v1.rest.CountryService_ESTest,13,0,False
425,BugSwarm,REST_Countries-154683750,0,6864fcc418d843519a5b947d080da185,fayder.restcountries.v1.rest.CountryService,fayder.restcountries.v1.rest.CountryService_ESTest,13,0,False
426,BugSwarm,REST_Countries-154683750,0,4c621d11c8e14b3fb18fa99549185496,fayder.restcountries.v1.rest.CountryService,fayder.restcountries.v1.rest.CountryService_ESTest,14,0,True
427,BugSwarm,REST_Countries-154683750,0,ccddaddbd3384cb0bd6711642cd32866,fayder.restcountries.v1.rest.CountryService,fayder.restcountries.v1.rest.CountryService_ESTest,13,0,False
428,BugSwarm,REST_Countries-154683750,0,ee018e1ac2a5429abdc40ccf7639f265,fayder.restcountries.v1.rest.CountryService,fayder.restcountries.v1.rest.CountryService_ESTest,13,0,True
429,BugSwarm,REST_Countries-154683750,0,09c08c73d21b45329db090ee66f9f2ed,fayder.restcountries.v1.rest.CountryService,fayder.restcountries.v1.rest.CountryService_ESTest,14,0,False
430,BugSwarm,REST_Countries-154683750,0,7b7649b660a7468fa34cde1d4c458316,fayder.restcountries.v1.rest.CountryService,fayder.restcountries.v1.rest.CountryService_ESTest,14,0,False
431,BugSwarm,REST_Countries-154683750,0,30e2ae51f71e441587ea66db446546a4,fayder.restcountries.v1.rest.CountryService,fayder.restcountries.v1.rest.CountryService_ESTest,13,0,False
432,BugSwarm,REST_Countries-154683750,0,f6533bf5ef1a4b86b1f570a4b06cd5ab,fayder.restcountries.v1.rest.CountryService,fayder.restcountries.v1.rest.CountryService_ESTest,14,0,True
433,BugSwarm,REST_Countries-154683750,0,66f4f06eedc64adba005b9899c86465a,fayder.restcountries.v1.rest.CountryService,fayder.restcountries.v1.rest.CountryService_ESTest,13,0,False
434,BugSwarm,REST_Countries-154683750,0,f7a1614fe4c346a59ca79df8d95c86f2,fayder.restcountries.v1.rest.CountryService,fayder.restcountries.v1.rest.CountryService_ESTest,14,0,True
435,BugSwarm,REST_Countries-154683750,0,9ea320c0ff8843eba610019a803e9006,fayder.restcountries.v1.rest.CountryService,fayder.restcountries.v1.rest.CountryService_ESTest,14,0,False
436,BugSwarm,REST_Countries-154683750,0,14d607f890d740e8a75776234d762255,fayder.restcountries.v1.rest.CountryService,fayder.restcountries.v1.rest.CountryService_ESTest,14,0,False
437,BugSwarm,REST_Countries-154683750,0,6f9ea5c877d24e63a18ce52eed637d4e,fayder.restcountries.v1.rest.CountryService,fayder.restcountries.v1.rest.CountryService_ESTest,13,0,False
438,BugSwarm,REST_Countries-154683750,0,af5ceb52b11e4c99a310ccfdc6085335,fayder.restcountries.v1.rest.CountryService,fayder.restcountries.v1.rest.CountryService_ESTest,15,0,True
439,BugSwarm,REST_Countries-154683750,0,17225dc807f449b4ae7c9f196b7f8517,fayder.restcountries.v1.rest.CountryService,fayder.restcountries.v1.rest.CountryService_ESTest,14,0,False
440,BugSwarm,REST_Countries-154683750,1,8a1a8cc7636f4600836311ec0de9aecb,fayder.restcountries.v1.rest.CountryService,fayder.restcountries.v1.rest.CountryService_ESTest,13,0,True
441,BugSwarm,REST_Countries-154683750,1,5df8e63c3c944bf18e7b79816e14aa50,fayder.restcountries.v1.rest.CountryService,fayder.restcountries.v1.rest.CountryService_ESTest,14,0,False
442,BugSwarm,REST_Countries-154683750,1,b456e133910948cda149a327e8ef8ef9,fayder.restcountries.v1.rest.CountryService,fayder.restcountries.v1.rest.CountryService_ESTest,13,0,True
443,BugSwarm,REST_Countries-154683750,1,8ee1892ff06b43829c9c1523bda64b35,fayder.restcountries.v1.rest.CountryService,fayder.restcountries.v1.rest.CountryService_ESTest,13,0,False
444,BugSwarm,REST_Countries-154683750,1,9fd8f7fda3f64d76b590880d2d6910a6,fayder.restcountries.v1.rest.CountryService,fayder.restcountries.v1.rest.CountryService_ESTest,13,0,False
445,BugSwarm,REST_Countries-154683750,1,6864fcc418d843519a5b947d080da185,fayder.restcountries.v1.rest.CountryService,fayder.restcountries.v1.rest.CountryService_ESTest,13,0,False
446,BugSwarm,REST_Countries-154683750,1,4c621d11c8e14b3fb18fa99549185496,fayder.restcountries.v1.rest.CountryService,fayder.restcountries.v1.rest.CountryService_ESTest,14,0,False
447,BugSwarm,REST_Countries-154683750,1,ccddaddbd3384cb0bd6711642cd32866,fayder.restcountries.v1.rest.CountryService,fayder.restcountries.v1.rest.CountryService_ESTest,13,0,False
448,BugSwarm,REST_Countries-154683750,1,ee018e1ac2a5429abdc40ccf7639f265,fayder.restcountries.v1.rest.CountryService,fayder.restcountries.v1.rest.CountryService_ESTest,13,0,False
449,BugSwarm,REST_Countries-154683750,1,09c08c73d21b45329db090ee66f9f2ed,fayder.restcountries.v1.rest.CountryService,fayder.restcountries.v1.rest.CountryService_ESTest,14,0,False
450,BugSwarm,REST_Countries-154683750,1,7b7649b660a7468fa34cde1d4c458316,fayder.restcountries.v1.rest.CountryService,fayder.restcountries.v1.rest.CountryService_ESTest,14,0,False
451,BugSwarm,REST_Countries-154683750,1,30e2ae51f71e441587ea66db446546a4,fayder.restcountries.v1.rest.CountryService,fayder.restcountries.v1.rest.CountryService_ESTest,13,0,False
452,BugSwarm,REST_Countries-154683750,1,f6533bf5ef1a4b86b1f570a4b06cd5ab,fayder.restcountries.v1.rest.CountryService,fayder.restcountries.v1.rest.CountryService_ESTest,14,0,False
453,BugSwarm,REST_Countries-154683750,1,66f4f06eedc64adba005b9899c86465a,fayder.restcountries.v1.rest.CountryService,fayder.restcountries.v1.rest.CountryService_ESTest,13,0,False
454,BugSwarm,REST_Countries-154683750,1,f7a1614fe4c346a59ca79df8d95c86f2,fayder.restcountries.v1.rest.CountryService,fayder.restcountries.v1.rest.CountryService_ESTest,14,0,False
455,BugSwarm,REST_Countries-154683750,1,9ea320c0ff8843eba610019a803e9006,fayder.restcountries.v1.rest.CountryService,fayder.restcountries.v1.rest.CountryService_ESTest,14,0,False
456,BugSwarm,REST_Countries-154683750,1,14d607f890d740e8a75776234d762255,fayder.restcountries.v1.rest.CountryService,fayder.restcountries.v1.rest.CountryService_ESTest,14,0,False
457,BugSwarm,REST_Countries-154683750,1,6f9ea5c877d24e63a18ce52eed637d4e,fayder.restcountries.v1.rest.CountryService,fayder.restcountries.v1.rest.CountryService_ESTest,13,0,False
458,BugSwarm,REST_Countries-154683750,1,af5ceb52b11e4c99a310ccfdc6085335,fayder.restcountries.v1.rest.CountryService,fayder.restcountries.v1.rest.CountryService_ESTest,15,0,False
459,BugSwarm,REST_Countries-154683750,1,17225dc807f449b4ae7c9f196b7f8517,fayder.restcountries.v1.rest.CountryService,fayder.restcountries.v1.rest.CountryService_ESTest,14,0,False
460,BugSwarm,REST_Countries-154683750,2,8a1a8cc7636f4600836311ec0de9aecb,fayder.restcountries.v1.rest.CountryService,fayder.restcountries.v1.rest.CountryService_ESTest,13,0,True
461,BugSwarm,REST_Countries-154683750,2,5df8e63c3c944bf18e7b79816e14aa50,fayder.restcountries.v1.rest.CountryService,fayder.restcountries.v1.rest.CountryService_ESTest,14,0,True
462,BugSwarm,REST_Countries-154683750,2,b456e133910948cda149a327e8ef8ef9,fayder.restcountries.v1.rest.CountryService,fayder.restcountries.v1.rest.CountryService_ESTest,13,0,True
463,BugSwarm,REST_Countries-154683750,2,8ee1892ff06b43829c9c1523bda64b35,fayder.restcountries.v1.rest.CountryService,fayder.restcountries.v1.rest.CountryService_ESTest,13,0,True
464,BugSwarm,REST_Countries-154683750,2,9fd8f7fda3f64d76b590880d2d6910a6,fayder.restcountries.v1.rest.CountryService,fayder.restcountries.v1.rest.CountryService_ESTest,13,0,True
465,BugSwarm,REST_Countries-154683750,2,6864fcc418d843519a5b947d080da185,fayder.restcountries.v1.rest.CountryService,fayder.restcountries.v1.rest.CountryService_ESTest,13,0,True
466,BugSwarm,REST_Countries-154683750,2,4c621d11c8e14b3fb18fa99549185496,fayder.restcountries.v1.rest.CountryService,fayder.restcountries.v1.rest.CountryService_ESTest,14,0,True
467,BugSwarm,REST_Countries-154683750,2,ccddaddbd3384cb0bd6711642cd32866,fayder.restcountries.v1.rest.CountryService,fayder.restcountries.v1.rest.CountryService_ESTest,13,0,True
468,BugSwarm,REST_Countries-154683750,2,ee018e1ac2a5429abdc40ccf7639f265,fayder.restcountries.v1.rest.CountryService,fayder.restcountries.v1.rest.CountryService_ESTest,13,0,True
469,BugSwarm,REST_Countries-154683750,2,09c08c73d21b45329db090ee66f9f2ed,fayder.restcountries.v1.rest.CountryService,fayder.restcountries.v1.rest.CountryService_ESTest,14,0,True
470,BugSwarm,REST_Countries-154683750,2,7b7649b660a7468fa34cde1d4c458316,fayder.restcountries.v1.rest.CountryService,fayder.restcountries.v1.rest.CountryService_ESTest,14,0,True
471,BugSwarm,REST_Countries-154683750,2,30e2ae51f71e441587ea66db446546a4,fayder.restcountries.v1.rest.CountryService,fayder.restcountries.v1.rest.CountryService_ESTest,13,0,True
472,BugSwarm,REST_Countries-154683750,2,f6533bf5ef1a4b86b1f570a4b06cd5ab,fayder.restcountries.v1.rest.CountryService,fayder.restcountries.v1.rest.CountryService_ESTest,14,0,True
473,BugSwarm,REST_Countries-154683750,2,66f4f06eedc64adba005b9899c86465a,fayder.restcountries.v1.rest.CountryService,fayder.restcountries.v1.rest.CountryService_ESTest,13,0,True
474,BugSwarm,REST_Countries-154683750,2,f7a1614fe4c346a59ca79df8d95c86f2,fayder.restcountries.v1.rest.CountryService,fayder.restcountries.v1.rest.CountryService_ESTest,14,0,True
475,BugSwarm,REST_Countries-154683750,2,9ea320c0ff8843eba610019a803e9006,fayder.restcountries.v1.rest.CountryService,fayder.restcountries.v1.rest.CountryService_ESTest,14,0,True
476,BugSwarm,REST_Countries-154683750,2,14d607f890d740e8a75776234d762255,fayder.restcountries.v1.rest.CountryService,fayder.restcountries.v1.rest.CountryService_ESTest,14,0,True
477,BugSwarm,REST_Countries-154683750,2,6f9ea5c877d24e63a18ce52eed637d4e,fayder.restcountries.v1.rest.CountryService,fayder.restcountries.v1.rest.CountryService_ESTest,13,0,True
478,BugSwarm,REST_Countries-154683750,2,af5ceb52b11e4c99a310ccfdc6085335,fayder.restcountries.v1.rest.CountryService,fayder.restcountries.v1.rest.CountryService_ESTest,15,0,True
479,BugSwarm,REST_Countries-154683750,2,17225dc807f449b4ae7c9f196b7f8517,fayder.restcountries.v1.rest.CountryService,fayder.restcountries.v1.rest.CountryService_ESTest,14,0,True
480,BugSwarm,REST_Countries-154683750,3,8a1a8cc7636f4600836311ec0de9aecb,fayder.restcountries.v1.rest.CountryService,fayder.restcountries.v1.rest.CountryService_ESTest,13,0,True
481,BugSwarm,REST_Countries-154683750,3,5df8e63c3c944bf18e7b79816e14aa50,fayder.restcountries.v1.rest.CountryService,fayder.restcountries.v1.rest.CountryService_ESTest,14,0,True
482,BugSwarm,REST_Countries-154683750,3,b456e133910948cda149a327e8ef8ef9,fayder.restcountries.v1.rest.CountryService,fayder.restcountries.v1.rest.CountryService_ESTest,13,0,True
483,BugSwarm,REST_Countries-154683750,3,8ee1892ff06b43829c9c1523bda64b35,fayder.restcountries.v1.rest.CountryService,fayder.restcountries.v1.rest.CountryService_ESTest,13,0,True
484,BugSwarm,REST_Countries-154683750,3,9fd8f7fda3f64d76b590880d2d6910a6,fayder.restcountries.v1.rest.CountryService,fayder.restcountries.v1.rest.CountryService_ESTest,13,0,True
485,BugSwarm,REST_Countries-154683750,3,6864fcc418d843519a5b947d080da185,fayder.restcountries.v1.rest.CountryService,fayder.restcountries.v1.rest.CountryService_ESTest,13,0,True
486,BugSwarm,REST_Countries-154683750,3,4c621d11c8e14b3fb18fa99549185496,fayder.restcountries.v1.rest.CountryService,fayder.restcountries.v1.rest.CountryService_ESTest,14,0,True
487,BugSwarm,REST_Countries-154683750,3,ccddaddbd3384cb0bd6711642cd32866,fayder.restcountries.v1.rest.CountryService,fayder.restcountries.v1.rest.CountryService_ESTest,13,0,True
488,BugSwarm,REST_Countries-154683750,3,ee018e1ac2a5429abdc40ccf7639f265,fayder.restcountries.v1.rest.CountryService,fayder.restcountries.v1.rest.CountryService_ESTest,13,0,True
489,BugSwarm,REST_Countries-154683750,3,09c08c73d21b45329db090ee66f9f2ed,fayder.restcountries.v1.rest.CountryService,fayder.restcountries.v1.rest.CountryService_ESTest,14,0,True
490,BugSwarm,REST_Countries-154683750,3,7b7649b660a7468fa34cde1d4c458316,fayder.restcountries.v1.rest.CountryService,fayder.restcountries.v1.rest.CountryService_ESTest,14,0,True
491,BugSwarm,REST_Countries-154683750,3,30e2ae51f71e441587ea66db446546a4,fayder.restcountries.v1.rest.CountryService,fayder.restcountries.v1.rest.CountryService_ESTest,13,0,True
492,BugSwarm,REST_Countries-154683750,3,f6533bf5ef1a4b86b1f570a4b06cd5ab,fayder.restcountries.v1.rest.CountryService,fayder.restcountries.v1.rest.CountryService_ESTest,14,0,True
493,BugSwarm,REST_Countries-154683750,3,66f4f06eedc64adba005b9899c86465a,fayder.restcountries.v1.rest.CountryService,fayder.restcountries.v1.rest.CountryService_ESTest,13,0,True
494,BugSwarm,REST_Countries-154683750,3,f7a1614fe4c346a59ca79df8d95c86f2,fayder.restcountries.v1.rest.CountryService,fayder.restcountries.v1.rest.CountryService_ESTest,14,0,True
495,BugSwarm,REST_Countries-154683750,3,9ea320c0ff8843eba610019a803e9006,fayder.restcountries.v1.rest.CountryService,fayder.restcountries.v1.rest.CountryService_ESTest,14,0,True
496,BugSwarm,REST_Countries-154683750,3,14d607f890d740e8a75776234d762255,fayder.restcountries.v1.rest.CountryService,fayder.restcountries.v1.rest.CountryService_ESTest,14,0,True
497,BugSwarm,REST_Countries-154683750,3,6f9ea5c877d24e63a18ce52eed637d4e,fayder.restcountries.v1.rest.CountryService,fayder.restcountries.v1.rest.CountryService_ESTest,13,0,True
498,BugSwarm,REST_Countries-154683750,3,af5ceb52b11e4c99a310ccfdc6085335,fayder.restcountries.v1.rest.CountryService,fayder.restcountries.v1.rest.CountryService_ESTest,15,0,True
499,BugSwarm,REST_Countries-154683750,3,17225dc807f449b4ae7c9f196b7f8517,fayder.restcountries.v1.rest.CountryService,fayder.restcountries.v1.rest.CountryService_ESTest,14,0,True
500,BugSwarm,REST_Countries-154683750,4,8a1a8cc7636f4600836311ec0de9aecb,fayder.restcountries.v1.rest.CountryService,fayder.restcountries.v1.rest.CountryService_ESTest,13,0,True
501,BugSwarm,REST_Countries-154683750,4,5df8e63c3c944bf18e7b79816e14aa50,fayder.restcountries.v1.rest.CountryService,fayder.restcountries.v1.rest.CountryService_ESTest,14,0,True
502,BugSwarm,REST_Countries-154683750,4,b456e133910948cda149a327e8ef8ef9,fayder.restcountries.v1.rest.CountryService,fayder.restcountries.v1.rest.CountryService_ESTest,13,0,True
503,BugSwarm,REST_Countries-154683750,4,8ee1892ff06b43829c9c1523bda64b35,fayder.restcountries.v1.rest.CountryService,fayder.restcountries.v1.rest.CountryService_ESTest,13,0,True
504,BugSwarm,REST_Countries-154683750,4,9fd8f7fda3f64d76b590880d2d6910a6,fayder.restcountries.v1.rest.CountryService,fayder.restcountries.v1.rest.CountryService_ESTest,13,0,True
505,BugSwarm,REST_Countries-154683750,4,6864fcc418d843519a5b947d080da185,fayder.restcountries.v1.rest.CountryService,fayder.restcountries.v1.rest.CountryService_ESTest,13,0,True
506,BugSwarm,REST_Countries-154683750,4,4c621d11c8e14b3fb18fa99549185496,fayder.restcountries.v1.rest.CountryService,fayder.restcountries.v1.rest.CountryService_ESTest,14,0,True
507,BugSwarm,REST_Countries-154683750,4,ccddaddbd3384cb0bd6711642cd32866,fayder.restcountries.v1.rest.CountryService,fayder.restcountries.v1.rest.CountryService_ESTest,13,0,True
508,BugSwarm,REST_Countries-154683750,4,ee018e1ac2a5429abdc40ccf7639f265,fayder.restcountries.v1.rest.CountryService,fayder.restcountries.v1.rest.CountryService_ESTest,13,0,True
509,BugSwarm,REST_Countries-154683750,4,09c08c73d21b45329db090ee66f9f2ed,fayder.restcountries.v1.rest.CountryService,fayder.restcountries.v1.rest.CountryService_ESTest,14,0,True
510,BugSwarm,REST_Countries-154683750,4,7b7649b660a7468fa34cde1d4c458316,fayder.restcountries.v1.rest.CountryService,fayder.restcountries.v1.rest.CountryService_ESTest,14,0,True
511,BugSwarm,REST_Countries-154683750,4,30e2ae51f71e441587ea66db446546a4,fayder.restcountries.v1.rest.CountryService,fayder.restcountries.v1.rest.CountryService_ESTest,13,0,True
512,BugSwarm,REST_Countries-154683750,4,f6533bf5ef1a4b86b1f570a4b06cd5ab,fayder.restcountries.v1.rest.CountryService,fayder.restcountries.v1.rest.CountryService_ESTest,14,0,True
513,BugSwarm,REST_Countries-154683750,4,66f4f06eedc64adba005b9899c86465a,fayder.restcountries.v1.rest.CountryService,fayder.restcountries.v1.rest.CountryService_ESTest,13,0,True
514,BugSwarm,REST_Countries-154683750,4,f7a1614fe4c346a59ca79df8d95c86f2,fayder.restcountries.v1.rest.CountryService,fayder.restcountries.v1.rest.CountryService_ESTest,14,0,True
515,BugSwarm,REST_Countries-154683750,4,9ea320c0ff8843eba610019a803e9006,fayder.restcountries.v1.rest.CountryService,fayder.restcountries.v1.rest.CountryService_ESTest,14,0,True
516,BugSwarm,REST_Countries-154683750,4,14d607f890d740e8a75776234d762255,fayder.restcountries.v1.rest.CountryService,fayder.restcountries.v1.rest.CountryService_ESTest,14,0,True
517,BugSwarm,REST_Countries-154683750,4,6f9ea5c877d24e63a18ce52eed637d4e,fayder.restcountries.v1.rest.CountryService,fayder.restcountries.v1.rest.CountryService_ESTest,13,0,True
518,BugSwarm,REST_Countries-154683750,4,af5ceb52b11e4c99a310ccfdc6085335,fayder.restcountries.v1.rest.CountryService,fayder.restcountries.v1.rest.CountryService_ESTest,15,0,True
519,BugSwarm,REST_Countries-154683750,4,17225dc807f449b4ae7c9f196b7f8517,fayder.restcountries.v1.rest.CountryService,fayder.restcountries.v1.rest.CountryService_ESTest,14,0,True
520,Genesis,Jongo-97431a03,0,58f512d957f44267931af17f05350bf9,org.jongo.marshall.jackson.JacksonObjectIdUpdater,org.jongo.marshall.jackson.JacksonObjectIdUpdater_ESTest,12,0,False
521,Genesis,Jongo-97431a03,0,990e7ccb4aae4dbaba87982a7693fa7e,org.jongo.marshall.jackson.JacksonObjectIdUpdater,org.jongo.marshall.jackson.JacksonObjectIdUpdater_ESTest,11,0,False
522,Genesis,Jongo-97431a03,0,77e97bf64d174aa2ba94a3f54576c939,org.jongo.marshall.jackson.JacksonObjectIdUpdater,org.jongo.marshall.jackson.JacksonObjectIdUpdater_ESTest,12,0,False
523,Genesis,Jongo-97431a03,0,ed9e5d64570e48b88335b4f70c074835,org.jongo.marshall.jackson.JacksonObjectIdUpdater,org.jongo.marshall.jackson.JacksonObjectIdUpdater_ESTest,11,0,False
524,Genesis,Jongo-97431a03,0,803766cd14b241648c6e949e4d2212a2,org.jongo.marshall.jackson.JacksonObjectIdUpdater,org.jongo.marshall.jackson.JacksonObjectIdUpdater_ESTest,8,0,False
525,Genesis,Jongo-97431a03,0,9e00ef35f50748d0a5d2623e252a39a6,org.jongo.marshall.jackson.JacksonObjectIdUpdater,org.jongo.marshall.jackson.JacksonObjectIdUpdater_ESTest,12,0,False
526,Genesis,Jongo-97431a03,0,071edac3767049e0a6d46536960aead8,org.jongo.marshall.jackson.JacksonObjectIdUpdater,org.jongo.marshall.jackson.JacksonObjectIdUpdater_ESTest,13,0,False
527,Genesis,Jongo-97431a03,0,c64f5cf6f91c4584b2018b991086519e,org.jongo.marshall.jackson.JacksonObjectIdUpdater,org.jongo.marshall.jackson.JacksonObjectIdUpdater_ESTest,11,0,False
528,Genesis,Jongo-97431a03,0,4bfb4299a91e48708f08ffc42ed7909f,org.jongo.marshall.jackson.JacksonObjectIdUpdater,org.jongo.marshall.jackson.JacksonObjectIdUpdater_ESTest,11,0,False
529,Genesis,Jongo-97431a03,0,d749fb65b6d94a04b5e3a83394f0ff23,org.jongo.marshall.jackson.JacksonObjectIdUpdater,org.jongo.marshall.jackson.JacksonObjectIdUpdater_ESTest,12,0,False
530,Genesis,Jongo-97431a03,0,79cc942c591e43be98d6db2c7110b1f0,org.jongo.marshall.jackson.JacksonObjectIdUpdater,org.jongo.marshall.jackson.JacksonObjectIdUpdater_ESTest,12,0,False
531,Genesis,Jongo-97431a03,0,4a80a1ebf80f486daac6470c2a65239f,org.jongo.marshall.jackson.JacksonObjectIdUpdater,org.jongo.marshall.jackson.JacksonObjectIdUpdater_ESTest,13,0,False
532,Genesis,Jongo-97431a03,0,120c75643e264a408cc0802ddf5c4878,org.jongo.marshall.jackson.JacksonObjectIdUpdater,org.jongo.marshall.jackson.JacksonObjectIdUpdater_ESTest,12,0,False
533,Genesis,Jongo-97431a03,0,714b7a1a5b7b4f7993ce7866d03b9878,org.jongo.marshall.jackson.JacksonObjectIdUpdater,org.jongo.marshall.jackson.JacksonObjectIdUpdater_ESTest,11,0,False
534,Genesis,Jongo-97431a03,0,643c48767f834ef6aeb8fc5eff49775f,org.jongo.marshall.jackson.JacksonObjectIdUpdater,org.jongo.marshall.jackson.JacksonObjectIdUpdater_ESTest,10,0,False
535,Genesis,Jongo-97431a03,0,7858df66cf694d84968963355acb6243,org.jongo.marshall.jackson.JacksonObjectIdUpdater,org.jongo.marshall.jackson.JacksonObjectIdUpdater_ESTest,7,0,False
536,Genesis,Jongo-97431a03,0,a1f43fb0e9a345cb945d1775427a1c35,org.jongo.marshall.jackson.JacksonObjectIdUpdater,org.jongo.marshall.jackson.JacksonObjectIdUpdater_ESTest,11,0,False
537,Genesis,Jongo-97431a03,0,c0ec34ada6524be4b7931824c1cf5425,org.jongo.marshall.jackson.JacksonObjectIdUpdater,org.jongo.marshall.jackson.JacksonObjectIdUpdater_ESTest,13,0,False
538,Genesis,Jongo-97431a03,0,6c4d9153f7ff40eea60a7482accdf6e4,org.jongo.marshall.jackson.JacksonObjectIdUpdater,org.jongo.marshall.jackson.JacksonObjectIdUpdater_ESTest,7,0,False
539,Genesis,Jongo-97431a03,0,49f3b0cddaab438789b2882da5e2df09,org.jongo.marshall.jackson.JacksonObjectIdUpdater,org.jongo.marshall.jackson.JacksonObjectIdUpdater_ESTest,12,0,False
540,Genesis,JavaPoet-aee5f128,0,ab976e5a78e0462b9c61e6a2a0919456,com.squareup.javapoet.TypeName,com.squareup.javapoet.TypeName_ESTest,26,0,True
541,Genesis,JavaPoet-aee5f128,0,f79d1ff1cf7b454cbd306925a3799635,com.squareup.javapoet.TypeName,com.squareup.javapoet.TypeName_ESTest,25,0,True
542,Genesis,JavaPoet-aee5f128,0,2719dc8f2ea54a05be2ad980302ba1eb,com.squareup.javapoet.TypeName,com.squareup.javapoet.TypeName_ESTest,24,0,True
543,Genesis,JavaPoet-aee5f128,0,8d021f0bf4314e9eaf55b614b3f2b2b9,com.squareup.javapoet.TypeName,com.squareup.javapoet.TypeName_ESTest,26,0,True
544,Genesis,JavaPoet-aee5f128,0,399a7cfe958e4d49acb4a355833cf6d1,com.squareup.javapoet.TypeName,com.squareup.javapoet.TypeName_ESTest,24,0,True
545,Genesis,JavaPoet-aee5f128,0,10330fdb8f074423afc7cb0753877622,com.squareup.javapoet.TypeName,com.squareup.javapoet.TypeName_ESTest,22,0,True
546,Genesis,JavaPoet-aee5f128,0,63cc40691ec84b7db02b57baf196adfd,com.squareup.javapoet.TypeName,com.squareup.javapoet.TypeName_ESTest,26,0,True
547,Genesis,JavaPoet-aee5f128,0,25b0a2dcc7724a5ca370f87e298ea412,com.squareup.javapoet.TypeName,com.squareup.javapoet.TypeName_ESTest,25,0,True
548,Genesis,JavaPoet-aee5f128,0,5f7d680d945e4dc181a52c30aba2d42e,com.squareup.javapoet.TypeName,com.squareup.javapoet.TypeName_ESTest,25,0,True
549,Genesis,JavaPoet-aee5f128,0,801756f4e48643bd8893ef0f704bbc72,com.squareup.javapoet.TypeName,com.squareup.javapoet.TypeName_ESTest,24,0,True
550,Genesis,JavaPoet-aee5f128,0,9b3d5ea2c85249b6abffbaed9b7d6f0f,com.squareup.javapoet.TypeName,com.squareup.javapoet.TypeName_ESTest,25,0,True
551,Genesis,JavaPoet-aee5f128,0,414d294ee0354790b53e6f99e8ba1cbf,com.squareup.javapoet.TypeName,com.squareup.javapoet.TypeName_ESTest,25,0,True
552,Genesis,JavaPoet-aee5f128,0,1056a4e1c97e4771b3e56fc85d24d513,com.squareup.javapoet.TypeName,com.squareup.javapoet.TypeName_ESTest,25,0,True
553,Genesis,JavaPoet-aee5f128,0,6b08a77025484950993527173add558c,com.squareup.javapoet.TypeName,com.squareup.javapoet.TypeName_ESTest,26,0,True
554,Genesis,JavaPoet-aee5f128,0,a89329049dea47ff9b587392229d76de,com.squareup.javapoet.TypeName,com.squareup.javapoet.TypeName_ESTest,25,0,True
555,Genesis,JavaPoet-aee5f128,0,af3c5ddf05bd4ed6b9fe07be1d45480a,com.squareup.javapoet.TypeName,com.squareup.javapoet.TypeName_ESTest,25,0,True
556,Genesis,JavaPoet-aee5f128,0,c4da4f6d3f194249b93f88215f0ce91d,com.squareup.javapoet.TypeName,com.squareup.javapoet.TypeName_ESTest,25,0,True
557,Genesis,JavaPoet-aee5f128,0,cdec3ee4145444a6b3656eb81af707d2,com.squareup.javapoet.TypeName,com.squareup.javapoet.TypeName_ESTest,25,0,True
558,Genesis,JavaPoet-aee5f128,0,f8eb4487ed59425aa80ec3228727b04c,com.squareup.javapoet.TypeName,com.squareup.javapoet.TypeName_ESTest,26,0,True
559,Genesis,JavaPoet-aee5f128,0,cb1ea1748ddb4cb39befba6c5da7b896,com.squareup.javapoet.TypeName,com.squareup.javapoet.TypeName_ESTest,24,0,True
560,Genesis,DataflowJavaSDK-f42c13c8,0,f4e12541ea6a43ddb304833a1f06d705,com.google.cloud.dataflow.sdk.transforms.join.CoGbkResult,com.google.cloud.dataflow.sdk.transforms.join.CoGbkResult_ESTest,37,0,False
561,Genesis,DataflowJavaSDK-f42c13c8,0,0c103c1513244d83aba8f6d053b25455,com.google.cloud.dataflow.sdk.transforms.join.CoGbkResult,com.google.cloud.dataflow.sdk.transforms.join.CoGbkResult_ESTest,37,0,True
562,Genesis,DataflowJavaSDK-f42c13c8,0,36ed852e90bf4812a6dd1cd9feb639c4,com.google.cloud.dataflow.sdk.transforms.join.CoGbkResult,com.google.cloud.dataflow.sdk.transforms.join.CoGbkResult_ESTest,37,0,False
563,Genesis,DataflowJavaSDK-f42c13c8,0,b2002855833b4154a5c93a9ed379a9b7,com.google.cloud.dataflow.sdk.transforms.join.CoGbkResult,com.google.cloud.dataflow.sdk.transforms.join.CoGbkResult_ESTest,35,0,False
564,Genesis,DataflowJavaSDK-f42c13c8,0,0a61ed76891d4cd09400d5062e9573b1,com.google.cloud.dataflow.sdk.transforms.join.CoGbkResult,com.google.cloud.dataflow.sdk.transforms.join.CoGbkResult_ESTest,40,0,False
565,Genesis,DataflowJavaSDK-f42c13c8,0,0f81446121f542f2ae61d1362994c4b5,com.google.cloud.dataflow.sdk.transforms.join.CoGbkResult,com.google.cloud.dataflow.sdk.transforms.join.CoGbkResult_ESTest,37,0,False
566,Genesis,DataflowJavaSDK-f42c13c8,0,e36844443b9c4be19eb250caae77730f,com.google.cloud.dataflow.sdk.transforms.join.CoGbkResult,com.google.cloud.dataflow.sdk.transforms.join.CoGbkResult_ESTest,37,0,False
567,Genesis,DataflowJavaSDK-f42c13c8,0,94aacb6fe981453394d629b09f83a782,com.google.cloud.dataflow.sdk.transforms.join.CoGbkResult,com.google.cloud.dataflow.sdk.transforms.join.CoGbkResult_ESTest,36,0,False
568,Genesis,DataflowJavaSDK-f42c13c8,0,08e79d3782d446f0a2ca4ad29ca6e1a0,com.google.cloud.dataflow.sdk.transforms.join.CoGbkResult,com.google.cloud.dataflow.sdk.transforms.join.CoGbkResult_ESTest,37,0,False
569,Genesis,DataflowJavaSDK-f42c13c8,0,be701c79449c4fd1afbaed343f3fb895,com.google.cloud.dataflow.sdk.transforms.join.CoGbkResult,com.google.cloud.dataflow.sdk.transforms.join.CoGbkResult_ESTest,37,0,False
570,Genesis,DataflowJavaSDK-f42c13c8,0,d67a5969f7594f2d9a47ed52cb663ab6,com.google.cloud.dataflow.sdk.transforms.join.CoGbkResult,com.google.cloud.dataflow.sdk.transforms.join.CoGbkResult_ESTest,38,0,True
571,Genesis,DataflowJavaSDK-f42c13c8,0,fe757474887a428796202818c0dabf31,com.google.cloud.dataflow.sdk.transforms.join.CoGbkResult,com.google.cloud.dataflow.sdk.transforms.join.CoGbkResult_ESTest,36,0,False
572,Genesis,DataflowJavaSDK-f42c13c8,0,a9c6da87503845b9b976afa78be7f1e1,com.google.cloud.dataflow.sdk.transforms.join.CoGbkResult,com.google.cloud.dataflow.sdk.transforms.join.CoGbkResult_ESTest,34,0,False
573,Genesis,DataflowJavaSDK-f42c13c8,0,9464f25212e0493ba248b7825f654ece,com.google.cloud.dataflow.sdk.transforms.join.CoGbkResult,com.google.cloud.dataflow.sdk.transforms.join.CoGbkResult_ESTest,36,0,False
574,Genesis,DataflowJavaSDK-f42c13c8,0,9c76e2d1fe4542c8944fffac0b194985,com.google.cloud.dataflow.sdk.transforms.join.CoGbkResult,com.google.cloud.dataflow.sdk.transforms.join.CoGbkResult_ESTest,36,0,False
575,Genesis,DataflowJavaSDK-f42c13c8,0,1049a2d9f82947e18bab86b522555c89,com.google.cloud.dataflow.sdk.transforms.join.CoGbkResult,com.google.cloud.dataflow.sdk.transforms.join.CoGbkResult_ESTest,37,0,False
576,Genesis,DataflowJavaSDK-f42c13c8,0,3eb8d1e70e714eff93945d994ac95f7e,com.google.cloud.dataflow.sdk.transforms.join.CoGbkResult,com.google.cloud.dataflow.sdk.transforms.join.CoGbkResult_ESTest,38,0,False
577,Genesis,DataflowJavaSDK-f42c13c8,0,9bd413b72af34fe1aa3ed6da53b0ae26,com.google.cloud.dataflow.sdk.transforms.join.CoGbkResult,com.google.cloud.dataflow.sdk.transforms.join.CoGbkResult_ESTest,32,0,False
578,Genesis,Checkstyle-4f73fffd,0,f7757eb0435a453392e106416456a957,com.puppycrawl.tools.checkstyle.checks.blocks.NeedBracesCheck,com.puppycrawl.tools.checkstyle.checks.blocks.NeedBracesCheck_ESTest,22,0,False
579,Genesis,Checkstyle-4f73fffd,0,b6e009c9086d45e690dbcdf28d82055d,com.puppycrawl.tools.checkstyle.checks.blocks.NeedBracesCheck,com.puppycrawl.tools.checkstyle.checks.blocks.NeedBracesCheck_ESTest,33,0,False
580,Genesis,Checkstyle-4f73fffd,0,581cad1242ec45e5823bbb34549cae05,com.puppycrawl.tools.checkstyle.checks.blocks.NeedBracesCheck,com.puppycrawl.tools.checkstyle.checks.blocks.NeedBracesCheck_ESTest,24,0,False
581,Genesis,Checkstyle-4f73fffd,0,c99f51f624bc4a5bb875c5733c298461,com.puppycrawl.tools.checkstyle.checks.blocks.NeedBracesCheck,com.puppycrawl.tools.checkstyle.checks.blocks.NeedBracesCheck_ESTest,24,0,False
582,Genesis,Checkstyle-4f73fffd,0,01a0395c883c46f09bb59b009baa7a4c,com.puppycrawl.tools.checkstyle.checks.blocks.NeedBracesCheck,com.puppycrawl.tools.checkstyle.checks.blocks.NeedBracesCheck_ESTest,28,0,False
583,Genesis,Checkstyle-4f73fffd,0,6c89437b38524e6c9a2f98d6ebf87c8b,com.puppycrawl.tools.checkstyle.checks.blocks.NeedBracesCheck,com.puppycrawl.tools.checkstyle.checks.blocks.NeedBracesCheck_ESTest,24,0,False
584,Genesis,Checkstyle-4f73fffd,0,c7668e0df3c945a2b608c56720fea3d3,com.puppycrawl.tools.checkstyle.checks.blocks.NeedBracesCheck,com.puppycrawl.tools.checkstyle.checks.blocks.NeedBracesCheck_ESTest,37,0,False
585,Genesis,Checkstyle-4f73fffd,0,b27bdec30ae54c28a32d56006950c6c8,com.puppycrawl.tools.checkstyle.checks.blocks.NeedBracesCheck,com.puppycrawl.tools.checkstyle.checks.blocks.NeedBracesCheck_ESTest,25,0,False
586,Genesis,Checkstyle-4f73fffd,0,729167f8a8904264a75201a4860056da,com.puppycrawl.tools.checkstyle.checks.blocks.NeedBracesCheck,com.puppycrawl.tools.checkstyle.checks.blocks.NeedBracesCheck_ESTest,31,0,False
587,Genesis,Checkstyle-4f73fffd,0,fa25d1ae5a2744908da7856d25bcce0a,com.puppycrawl.tools.checkstyle.checks.blocks.NeedBracesCheck,com.puppycrawl.tools.checkstyle.checks.blocks.NeedBracesCheck_ESTest,28,0,False
588,Genesis,Checkstyle-4f73fffd,0,a1b7459dd89e49c78a5c44482726b0ae,com.puppycrawl.tools.checkstyle.checks.blocks.NeedBracesCheck,com.puppycrawl.tools.checkstyle.checks.blocks.NeedBracesCheck_ESTest,32,0,False
589,Genesis,Checkstyle-4f73fffd,0,7eb6893f24b949e489e6118b8a986737,com.puppycrawl.tools.checkstyle.checks.blocks.NeedBracesCheck,com.puppycrawl.tools.checkstyle.checks.blocks.NeedBracesCheck_ESTest,22,0,False
590,Genesis,Checkstyle-4f73fffd,0,a31b7f28a9eb4217ae47edf443bb4e42,com.puppycrawl.tools.checkstyle.checks.blocks.NeedBracesCheck,com.puppycrawl.tools.checkstyle.checks.blocks.NeedBracesCheck_ESTest,28,0,False
591,Genesis,Checkstyle-4f73fffd,0,f56ae2b17b46486090e025cc95235c48,com.puppycrawl.tools.checkstyle.checks.blocks.NeedBracesCheck,com.puppycrawl.tools.checkstyle.checks.blocks.NeedBracesCheck_ESTest,25,0,False
592,Genesis,Checkstyle-4f73fffd,0,5740231316e04203852b60aba1582c1e,com.puppycrawl.tools.checkstyle.checks.blocks.NeedBracesCheck,com.puppycrawl.tools.checkstyle.checks.blocks.NeedBracesCheck_ESTest,25,0,False
593,Genesis,Checkstyle-4f73fffd,0,b35e8f1e941d4776bf742e8404ffd3e5,com.puppycrawl.tools.checkstyle.checks.blocks.NeedBracesCheck,com.puppycrawl.tools.checkstyle.checks.blocks.NeedBracesCheck_ESTest,26,0,False
594,Genesis,Checkstyle-4f73fffd,0,d9b2b50f43b34023852f2b77ea821e89,com.puppycrawl.tools.checkstyle.checks.blocks.NeedBracesCheck,com.puppycrawl.tools.checkstyle.checks.blocks.NeedBracesCheck_ESTest,27,0,False
595,Genesis,Checkstyle-4f73fffd,0,d99fd60e78df4e68bcd35c6072aebda6,com.puppycrawl.tools.checkstyle.checks.blocks.NeedBracesCheck,com.puppycrawl.tools.checkstyle.checks.blocks.NeedBracesCheck_ESTest,25,0,False
596,Genesis,Checkstyle-4f73fffd,0,dd2c56503f0b4b69ae012b36cae80382,com.puppycrawl.tools.checkstyle.checks.blocks.NeedBracesCheck,com.puppycrawl.tools.checkstyle.checks.blocks.NeedBracesCheck_ESTest,24,0,False
597,Genesis,Checkstyle-4f73fffd,0,248abaee1c1e42ba9a60a04c1038e968,com.puppycrawl.tools.checkstyle.checks.blocks.NeedBracesCheck,com.puppycrawl.tools.checkstyle.checks.blocks.NeedBracesCheck_ESTest,28,0,False
598,Genesis,Checkstyle-91e10c29,0,7478c950481d42deb0a55246538ea154,com.puppycrawl.tools.checkstyle.checks.SuppressWarningsHolder,com.puppycrawl.tools.checkstyle.checks.SuppressWarningsHolder_ESTest,27,0,False
599,Genesis,Checkstyle-91e10c29,0,00639e4f2dab48349ec4d42f8fe5044d,com.puppycrawl.tools.checkstyle.checks.SuppressWarningsHolder,com.puppycrawl.tools.checkstyle.checks.SuppressWarningsHolder_ESTest,30,0,False
600,Genesis,Checkstyle-91e10c29,0,aa2a80f49d34423c9a3d60fdbb5e29ae,com.puppycrawl.tools.checkstyle.checks.SuppressWarningsHolder,com.puppycrawl.tools.checkstyle.checks.SuppressWarningsHolder_ESTest,32,0,False
601,Genesis,Checkstyle-91e10c29,0,b2c61aa3932c4656bcf464db69a39b50,com.puppycrawl.tools.checkstyle.checks.SuppressWarningsHolder,com.puppycrawl.tools.checkstyle.checks.SuppressWarningsHolder_ESTest,26,0,False
602,Genesis,Checkstyle-91e10c29,0,9a223f1514b14d68895ca19dc94c7892,com.puppycrawl.tools.checkstyle.checks.SuppressWarningsHolder,com.puppycrawl.tools.checkstyle.checks.SuppressWarningsHolder_ESTest,31,0,False
603,Genesis,Checkstyle-91e10c29,0,60015b798c584394ac5416283660f55a,com.puppycrawl.tools.checkstyle.checks.SuppressWarningsHolder,com.puppycrawl.tools.checkstyle.checks.SuppressWarningsHolder_ESTest,26,0,False
604,Genesis,Checkstyle-91e10c29,0,dfbe1826684a40b19b5383b4c16dcd8d,com.puppycrawl.tools.checkstyle.checks.SuppressWarningsHolder,com.puppycrawl.tools.checkstyle.checks.SuppressWarningsHolder_ESTest,26,0,False
605,Genesis,Checkstyle-91e10c29,0,0b14b876819544d8b6b0e5eb88f42ea8,com.puppycrawl.tools.checkstyle.checks.SuppressWarningsHolder,com.puppycrawl.tools.checkstyle.checks.SuppressWarningsHolder_ESTest,28,0,False
606,Genesis,Checkstyle-91e10c29,0,645eb991c9ba4713b73cd35aa91a4898,com.puppycrawl.tools.checkstyle.checks.SuppressWarningsHolder,com.puppycrawl.tools.checkstyle.checks.SuppressWarningsHolder_ESTest,28,0,False
607,Genesis,Checkstyle-91e10c29,0,6a78ad924b2943c0bc7f2895e64d19b0,com.puppycrawl.tools.checkstyle.checks.SuppressWarningsHolder,com.puppycrawl.tools.checkstyle.checks.SuppressWarningsHolder_ESTest,31,0,False
608,Genesis,Checkstyle-91e10c29,0,51adb45c5c814e4eb1c1181d90cc23ba,com.puppycrawl.tools.checkstyle.checks.SuppressWarningsHolder,com.puppycrawl.tools.checkstyle.checks.SuppressWarningsHolder_ESTest,29,0,False
609,Genesis,Checkstyle-91e10c29,0,cadb6f7c787b4de4a2ca7a3c51ee80e1,com.puppycrawl.tools.checkstyle.checks.SuppressWarningsHolder,com.puppycrawl.tools.checkstyle.checks.SuppressWarningsHolder_ESTest,25,0,False
610,Genesis,Checkstyle-91e10c29,0,fb0fce004b0f43318cf4e3027301cb7f,com.puppycrawl.tools.checkstyle.checks.SuppressWarningsHolder,com.puppycrawl.tools.checkstyle.checks.SuppressWarningsHolder_ESTest,30,0,False
611,Genesis,Checkstyle-91e10c29,0,f80ad6a32a994db2bc46245790f23c2a,com.puppycrawl.tools.checkstyle.checks.SuppressWarningsHolder,com.puppycrawl.tools.checkstyle.checks.SuppressWarningsHolder_ESTest,28,0,False
612,Genesis,Checkstyle-91e10c29,0,4f2c5b3f61f646ee84f4ef4bb76f3223,com.puppycrawl.tools.checkstyle.checks.SuppressWarningsHolder,com.puppycrawl.tools.checkstyle.checks.SuppressWarningsHolder_ESTest,24,0,False
613,Genesis,Checkstyle-91e10c29,0,a6a376a26a5145a0bc875fd3701fc3c7,com.puppycrawl.tools.checkstyle.checks.SuppressWarningsHolder,com.puppycrawl.tools.checkstyle.checks.SuppressWarningsHolder_ESTest,30,0,False
614,Genesis,Checkstyle-91e10c29,0,ae3b984ff7214927ab4a6dc45df21940,com.puppycrawl.tools.checkstyle.checks.SuppressWarningsHolder,com.puppycrawl.tools.checkstyle.checks.SuppressWarningsHolder_ESTest,27,0,False
615,Genesis,Checkstyle-91e10c29,0,2826aa023d114dc1826b109ece46edd1,com.puppycrawl.tools.checkstyle.checks.SuppressWarningsHolder,com.puppycrawl.tools.checkstyle.checks.SuppressWarningsHolder_ESTest,32,0,False
616,Genesis,Checkstyle-91e10c29,0,c5aae4116aaf4e639c75db21e53c7dad,com.puppycrawl.tools.checkstyle.checks.SuppressWarningsHolder,com.puppycrawl.tools.checkstyle.checks.SuppressWarningsHolder_ESTest,22,0,False
617,Genesis,Checkstyle-91e10c29,0,98b5dee5474e4457b2f1c020a1659fb3,com.puppycrawl.tools.checkstyle.checks.SuppressWarningsHolder,com.puppycrawl.tools.checkstyle.checks.SuppressWarningsHolder_ESTest,27,0,False
618,Genesis,Checkstyle-16493bfb,0,0492d1aada654db4bd8a44f89f275021,com.puppycrawl.tools.checkstyle.checks.coding.ModifiedControlVariableCheck,com.puppycrawl.tools.checkstyle.checks.coding.ModifiedControlVariableCheck_ESTest,56,0,False
619,Genesis,Checkstyle-16493bfb,0,d38dfd7edd4d4b88bcf6b2b809705301,com.puppycrawl.tools.checkstyle.checks.coding.ModifiedControlVariableCheck,com.puppycrawl.tools.checkstyle.checks.coding.ModifiedControlVariableCheck_ESTest,55,0,False
620,Genesis,Checkstyle-16493bfb,0,b9b783395ad94ff2a12d0afce0ae63b9,com.puppycrawl.tools.checkstyle.checks.coding.ModifiedControlVariableCheck,com.puppycrawl.tools.checkstyle.checks.coding.ModifiedControlVariableCheck_ESTest,56,0,False
621,Genesis,Checkstyle-16493bfb,0,d28de45163ce4450a9362e450353962c,com.puppycrawl.tools.checkstyle.checks.coding.ModifiedControlVariableCheck,com.puppycrawl.tools.checkstyle.checks.coding.ModifiedControlVariableCheck_ESTest,54,0,False
622,Genesis,Checkstyle-16493bfb,0,c86a4d4df4094443a5bd4316d12b034e,com.puppycrawl.tools.checkstyle.checks.coding.ModifiedControlVariableCheck,com.puppycrawl.tools.checkstyle.checks.coding.ModifiedControlVariableCheck_ESTest,57,0,False
623,Genesis,Checkstyle-16493bfb,0,8e169237fa6e43358bbf4044c6f7567e,com.puppycrawl.tools.checkstyle.checks.coding.ModifiedControlVariableCheck,com.puppycrawl.tools.checkstyle.checks.coding.ModifiedControlVariableCheck_ESTest,55,0,False
624,Genesis,Checkstyle-16493bfb,0,c1b40e20e64a4096884a7c11d964523d,com.puppycrawl.tools.checkstyle.checks.coding.ModifiedControlVariableCheck,com.puppycrawl.tools.checkstyle.checks.coding.ModifiedControlVariableCheck_ESTest,56,0,False
625,Genesis,Checkstyle-16493bfb,0,8ce92824e360412eabf14f149e114997,com.puppycrawl.tools.checkstyle.checks.coding.ModifiedControlVariableCheck,com.puppycrawl.tools.checkstyle.checks.coding.ModifiedControlVariableCheck_ESTest,56,0,False
626,Genesis,Checkstyle-16493bfb,0,d4b0876fcea94012acc7e181b36c3a4c,com.puppycrawl.tools.checkstyle.checks.coding.ModifiedControlVariableCheck,com.puppycrawl.tools.checkstyle.checks.coding.ModifiedControlVariableCheck_ESTest,59,0,False
627,Genesis,Checkstyle-16493bfb,0,7e4936f8938748cdbb1cdc7eb111aae2,com.puppycrawl.tools.checkstyle.checks.coding.ModifiedControlVariableCheck,com.puppycrawl.tools.checkstyle.checks.coding.ModifiedControlVariableCheck_ESTest,58,0,False
628,Genesis,Checkstyle-16493bfb,0,98fe757eca3a4387bc93fbfa69802af7,com.puppycrawl.tools.checkstyle.checks.coding.ModifiedControlVariableCheck,com.puppycrawl.tools.checkstyle.checks.coding.ModifiedControlVariableCheck_ESTest,56,0,False
629,Genesis,Checkstyle-16493bfb,0,6859995d1805449ea7912d5657478b55,com.puppycrawl.tools.checkstyle.checks.coding.ModifiedControlVariableCheck,com.puppycrawl.tools.checkstyle.checks.coding.ModifiedControlVariableCheck_ESTest,57,0,False
630,Genesis,Checkstyle-16493bfb,0,2ce2b13d72324bbcace9a8bfd88efad2,com.puppycrawl.tools.checkstyle.checks.coding.ModifiedControlVariableCheck,com.puppycrawl.tools.checkstyle.checks.coding.ModifiedControlVariableCheck_ESTest,55,0,False
631,Genesis,Checkstyle-16493bfb,0,274d852aa1304229b6957db178e3318a,com.puppycrawl.tools.checkstyle.checks.coding.ModifiedControlVariableCheck,com.puppycrawl.tools.checkstyle.checks.coding.ModifiedControlVariableCheck_ESTest,57,0,False
632,Genesis,Checkstyle-16493bfb,0,fc2174f1e8af41b2bd966b36b7fcdc3a,com.puppycrawl.tools.checkstyle.checks.coding.ModifiedControlVariableCheck,com.puppycrawl.tools.checkstyle.checks.coding.ModifiedControlVariableCheck_ESTest,55,0,False
633,Genesis,Checkstyle-16493bfb,0,920ce42dcc6e4afba36cb72a1a4004b3,com.puppycrawl.tools.checkstyle.checks.coding.ModifiedControlVariableCheck,com.puppycrawl.tools.checkstyle.checks.coding.ModifiedControlVariableCheck_ESTest,57,0,False
634,Genesis,Checkstyle-16493bfb,0,8a8514ac29c346e681d78b09e97faf29,com.puppycrawl.tools.checkstyle.checks.coding.ModifiedControlVariableCheck,com.puppycrawl.tools.checkstyle.checks.coding.ModifiedControlVariableCheck_ESTest,56,0,False
635,Genesis,Checkstyle-16493bfb,0,0714bce19e4740ec917fe07ce68ec1dd,com.puppycrawl.tools.checkstyle.checks.coding.ModifiedControlVariableCheck,com.puppycrawl.tools.checkstyle.checks.coding.ModifiedControlVariableCheck_ESTest,58,0,False
636,Genesis,Checkstyle-16493bfb,0,9a823fac6d1a47b38b6813d83f077de4,com.puppycrawl.tools.checkstyle.checks.coding.ModifiedControlVariableCheck,com.puppycrawl.tools.checkstyle.checks.coding.ModifiedControlVariableCheck_ESTest,55,0,False
637,Genesis,Checkstyle-16493bfb,0,4073b72b15c842c08fe4228cdcb046de,com.puppycrawl.tools.checkstyle.checks.coding.ModifiedControlVariableCheck,com.puppycrawl.tools.checkstyle.checks.coding.ModifiedControlVariableCheck_ESTest,54,0,False
638,Genesis,Checkstyle-be8a60a4,0,208d4f782c434463a0fb4e434ab76298,com.puppycrawl.tools.checkstyle.checks.naming.ParameterNameCheck,com.puppycrawl.tools.checkstyle.checks.naming.ParameterNameCheck_ESTest,10,0,True
639,Genesis,Checkstyle-be8a60a4,0,74fdbbcc483d44a5beb1e084770e2a4a,com.puppycrawl.tools.checkstyle.checks.naming.ParameterNameCheck,com.puppycrawl.tools.checkstyle.checks.naming.ParameterNameCheck_ESTest,10,0,True
640,Genesis,Checkstyle-be8a60a4,0,2484f30360dd468e8f6543830d3325fa,com.puppycrawl.tools.checkstyle.checks.naming.ParameterNameCheck,com.puppycrawl.tools.checkstyle.checks.naming.ParameterNameCheck_ESTest,9,0,True
641,Genesis,Checkstyle-be8a60a4,0,c379c46732c945028a31d0c9ea605bbe,com.puppycrawl.tools.checkstyle.checks.naming.ParameterNameCheck,com.puppycrawl.tools.checkstyle.checks.naming.ParameterNameCheck_ESTest,9,0,True
642,Genesis,Checkstyle-be8a60a4,0,c16c461515494d1ea30d59d97aa4fa8f,com.puppycrawl.tools.checkstyle.checks.naming.ParameterNameCheck,com.puppycrawl.tools.checkstyle.checks.naming.ParameterNameCheck_ESTest,9,0,True
643,Genesis,Checkstyle-be8a60a4,0,371fc2aca05844369b2407bbf0a30c73,com.puppycrawl.tools.checkstyle.checks.naming.ParameterNameCheck,com.puppycrawl.tools.checkstyle.checks.naming.ParameterNameCheck_ESTest,7,0,False
644,Genesis,Checkstyle-be8a60a4,0,4e4ce9dd5b8e4b56a4a641bd31f4271a,com.puppycrawl.tools.checkstyle.checks.naming.ParameterNameCheck,com.puppycrawl.tools.checkstyle.checks.naming.ParameterNameCheck_ESTest,7,0,False
645,Genesis,Checkstyle-be8a60a4,0,1b5ad2a4556a4d11bf8f4b5468dabcd6,com.puppycrawl.tools.checkstyle.checks.naming.ParameterNameCheck,com.puppycrawl.tools.checkstyle.checks.naming.ParameterNameCheck_ESTest,7,0,False
646,Genesis,Checkstyle-be8a60a4,0,3a7aa662a8944b618943c4435dc3eb2b,com.puppycrawl.tools.checkstyle.checks.naming.ParameterNameCheck,com.puppycrawl.tools.checkstyle.checks.naming.ParameterNameCheck_ESTest,9,0,True
647,Genesis,Checkstyle-be8a60a4,0,7a2af11bab3246429a4da67a35d84309,com.puppycrawl.tools.checkstyle.checks.naming.ParameterNameCheck,com.puppycrawl.tools.checkstyle.checks.naming.ParameterNameCheck_ESTest,9,0,True
648,Genesis,Checkstyle-be8a60a4,0,1e3d8d9d37fa441db7f614447cfef304,com.puppycrawl.tools.checkstyle.checks.naming.ParameterNameCheck,com.puppycrawl.tools.checkstyle.checks.naming.ParameterNameCheck_ESTest,7,0,False
649,Genesis,Checkstyle-be8a60a4,0,f13b31ce8a6a4358a63fa1e1ad183d0b,com.puppycrawl.tools.checkstyle.checks.naming.ParameterNameCheck,com.puppycrawl.tools.checkstyle.checks.naming.ParameterNameCheck_ESTest,10,0,True
650,Genesis,Checkstyle-be8a60a4,0,506f0b076e2a4db395ae83aeb2aab063,com.puppycrawl.tools.checkstyle.checks.naming.ParameterNameCheck,com.puppycrawl.tools.checkstyle.checks.naming.ParameterNameCheck_ESTest,8,0,False
651,Genesis,Checkstyle-be8a60a4,0,66bb3f60cc314eb6b70ce13b748ec06c,com.puppycrawl.tools.checkstyle.checks.naming.ParameterNameCheck,com.puppycrawl.tools.checkstyle.checks.naming.ParameterNameCheck_ESTest,9,0,True
652,Genesis,Checkstyle-be8a60a4,0,6078241d73a24a5392485e543e81506f,com.puppycrawl.tools.checkstyle.checks.naming.ParameterNameCheck,com.puppycrawl.tools.checkstyle.checks.naming.ParameterNameCheck_ESTest,7,0,False
653,Genesis,Checkstyle-be8a60a4,0,0d5bd7c4c1394448987fdf68ac38f8ea,com.puppycrawl.tools.checkstyle.checks.naming.ParameterNameCheck,com.puppycrawl.tools.checkstyle.checks.naming.ParameterNameCheck_ESTest,7,0,False
654,Genesis,Checkstyle-be8a60a4,0,0b5842e5c98a4d24b45f9b5ae9997363,com.puppycrawl.tools.checkstyle.checks.naming.ParameterNameCheck,com.puppycrawl.tools.checkstyle.checks.naming.ParameterNameCheck_ESTest,7,0,False
655,Genesis,Checkstyle-be8a60a4,0,7bd3a01127544416a890e4db99c9ef5b,com.puppycrawl.tools.checkstyle.checks.naming.ParameterNameCheck,com.puppycrawl.tools.checkstyle.checks.naming.ParameterNameCheck_ESTest,7,0,False
656,Genesis,Checkstyle-be8a60a4,0,fde6d5bff7ef4dda98177ed27a19ec2a,com.puppycrawl.tools.checkstyle.checks.naming.ParameterNameCheck,com.puppycrawl.tools.checkstyle.checks.naming.ParameterNameCheck_ESTest,10,0,True
657,Genesis,Checkstyle-be8a60a4,0,1128dc461ba4436db504d63a41d754e9,com.puppycrawl.tools.checkstyle.checks.naming.ParameterNameCheck,com.puppycrawl.tools.checkstyle.checks.naming.ParameterNameCheck_ESTest,10,0,True
658,Genesis,Javaslang-0dab3ed3,0,5005ef2c00e74acfb0ebe5704d2c82d6,javaslang.Tuples,javaslang.Tuples_ESTest,68,0,True
659,Genesis,Javaslang-0dab3ed3,0,c3fabc56ac5a4d0cab3a8b72a96c005b,javaslang.Tuples,javaslang.Tuples_ESTest,68,0,True
660,Genesis,Javaslang-0dab3ed3,0,d2db774b6b564ebb9c94472a43f8eab5,javaslang.Tuples,javaslang.Tuples_ESTest,65,0,True
661,Genesis,Javaslang-0dab3ed3,0,7ee1f1cc6d81413f990120bb9fc3b7ae,javaslang.Tuples,javaslang.Tuples_ESTest,70,0,True
662,Genesis,Javaslang-0dab3ed3,0,7ea6964610c149e4a70835c139f0e584,javaslang.Tuples,javaslang.Tuples_ESTest,69,0,True
663,Genesis,Javaslang-0dab3ed3,0,d5c37ef3daa54c539cac1636b5f5b6fe,javaslang.Tuples,javaslang.Tuples_ESTest,69,0,True
664,Genesis,Javaslang-0dab3ed3,0,e8a270bf74154b7d9d88cb71cea3c503,javaslang.Tuples,javaslang.Tuples_ESTest,68,0,True
665,Genesis,Javaslang-0dab3ed3,0,c0954d22699e4ed2b6570611c43ee4d6,javaslang.Tuples,javaslang.Tuples_ESTest,66,0,True
666,Genesis,Javaslang-0dab3ed3,0,a7b53cdacd6b49039657b7fc36ed1050,javaslang.Tuples,javaslang.Tuples_ESTest,65,0,True
667,Genesis,Javaslang-0dab3ed3,0,13b5353e70cf4dcb942cc0b2c8d1f0c3,javaslang.Tuples,javaslang.Tuples_ESTest,65,0,True
668,Genesis,Javaslang-0dab3ed3,0,c3db39b0d099485184272b64544f3bf8,javaslang.Tuples,javaslang.Tuples_ESTest,72,0,True
669,Genesis,Javaslang-0dab3ed3,0,dd8c61a3d9834db9b8729140fa1cf130,javaslang.Tuples,javaslang.Tuples_ESTest,65,0,True
670,Genesis,Javaslang-0dab3ed3,0,08449f0dd1344ab194d16f917d13993f,javaslang.Tuples,javaslang.Tuples_ESTest,67,0,True
671,Genesis,Javaslang-0dab3ed3,0,37c3cb608a8344718699916af5390e05,javaslang.Tuples,javaslang.Tuples_ESTest,64,0,True
672,Genesis,Javaslang-0dab3ed3,0,147aee911d164f7fa9c55e9d0eb47e00,javaslang.Tuples,javaslang.Tuples_ESTest,70,0,True
673,Genesis,Javaslang-0dab3ed3,0,7cdd335ed1a44568a56825e6af12b09b,javaslang.Tuples,javaslang.Tuples_ESTest,68,0,True
674,Genesis,Javaslang-0dab3ed3,0,4dbcb85aa86b4023b09f3dc3aff9c81c,javaslang.Tuples,javaslang.Tuples_ESTest,67,0,True
675,Genesis,Javaslang-0dab3ed3,0,e9a2e3f76bac4f35ba7a1dd2d5bad9eb,javaslang.Tuples,javaslang.Tuples_ESTest,66,0,True
676,Genesis,Javaslang-0dab3ed3,0,6fd38d3281d54c319fa375afd69cc79e,javaslang.Tuples,javaslang.Tuples_ESTest,63,0,True
677,Genesis,Javaslang-0dab3ed3,0,3a51bd267f8f4a798efb03e756ef89e3,javaslang.Tuples,javaslang.Tuples_ESTest,66,0,True
678,Genesis,Activiti-31c8ea16,0,35d28f42a4c54586abbdaf69df09a1e2,org.activiti.engine.impl.event.AbstractEventHandler,org.activiti.engine.impl.event.AbstractEventHandler_ESTest,3,0,True
679,Genesis,Activiti-31c8ea16,0,d9d36d78509c4f5489eb0b697f5b3f2b,org.activiti.engine.impl.event.AbstractEventHandler,org.activiti.engine.impl.event.AbstractEventHandler_ESTest,4,0,False
680,Genesis,Activiti-31c8ea16,0,a18d5a70ebc6496493611c779b3c709c,org.activiti.engine.impl.event.AbstractEventHandler,org.activiti.engine.impl.event.AbstractEventHandler_ESTest,2,0,True
681,Genesis,Activiti-31c8ea16,0,6acb65dad921488290609bc583cf5818,org.activiti.engine.impl.event.AbstractEventHandler,org.activiti.engine.impl.event.AbstractEventHandler_ESTest,4,0,False
682,Genesis,Activiti-31c8ea16,0,cb19ab7669104f4b996fdce5eaa63c16,org.activiti.engine.impl.event.AbstractEventHandler,org.activiti.engine.impl.event.AbstractEventHandler_ESTest,2,0,False
683,Genesis,Activiti-31c8ea16,0,f79f1622f5ad4b74b12305d864a89474,org.activiti.engine.impl.event.AbstractEventHandler,org.activiti.engine.impl.event.AbstractEventHandler_ESTest,4,0,False
684,Genesis,Activiti-31c8ea16,0,81aa629410d34c79b06206a75326e385,org.activiti.engine.impl.event.AbstractEventHandler,org.activiti.engine.impl.event.AbstractEventHandler_ESTest,2,0,True
685,Genesis,Activiti-31c8ea16,0,eb57f7d1c569491dbe793a3a48cb9705,org.activiti.engine.impl.event.AbstractEventHandler,org.activiti.engine.impl.event.AbstractEventHandler_ESTest,2,0,True
686,Genesis,Activiti-31c8ea16,0,aab834084f7b4b1f8d636016d1ab90b1,org.activiti.engine.impl.event.AbstractEventHandler,org.activiti.engine.impl.event.AbstractEventHandler_ESTest,2,0,False
687,Genesis,Activiti-31c8ea16,0,0b7910f2bf184811a7c7ae3c151bfddd,org.activiti.engine.impl.event.AbstractEventHandler,org.activiti.engine.impl.event.AbstractEventHandler_ESTest,2,0,True
688,Genesis,Activiti-31c8ea16,0,8227824bd57348da9f66c10824226e71,org.activiti.engine.impl.event.AbstractEventHandler,org.activiti.engine.impl.event.AbstractEventHandler_ESTest,3,0,True
689,Genesis,Activiti-31c8ea16,0,a2cb7b8a6bd04d85a40c205a738742ca,org.activiti.engine.impl.event.AbstractEventHandler,org.activiti.engine.impl.event.AbstractEventHandler_ESTest,4,0,False
690,Genesis,Activiti-31c8ea16,0,59f2d94986e8449c962f90a1d31b5756,org.activiti.engine.impl.event.AbstractEventHandler,org.activiti.engine.impl.event.AbstractEventHandler_ESTest,4,0,False
691,Genesis,Activiti-31c8ea16,0,8558be6eeb744016b8ab4c0f2104d2d4,org.activiti.engine.impl.event.AbstractEventHandler,org.activiti.engine.impl.event.AbstractEventHandler_ESTest,2,0,True
692,Genesis,Activiti-31c8ea16,0,43765df3c3ab42dbaf321e4d0cac604a,org.activiti.engine.impl.event.AbstractEventHandler,org.activiti.engine.impl.event.AbstractEventHandler_ESTest,4,0,False
693,Genesis,Activiti-31c8ea16,0,da1cd8adb17e4cd09cbab7a638f7aa98,org.activiti.engine.impl.event.AbstractEventHandler,org.activiti.engine.impl.event.AbstractEventHandler_ESTest,2,0,True
694,Genesis,Activiti-31c8ea16,0,fa1725516bda45e29647fd82268921d3,org.activiti.engine.impl.event.AbstractEventHandler,org.activiti.engine.impl.event.AbstractEventHandler_ESTest,5,0,False
695,Genesis,Activiti-31c8ea16,0,940454cee50c4982b15c7e665e70c5ca,org.activiti.engine.impl.event.AbstractEventHandler,org.activiti.engine.impl.event.AbstractEventHandler_ESTest,3,0,False
696,Genesis,Activiti-31c8ea16,0,90c4fb7aeebc4af3b6c63822250d3449,org.activiti.engine.impl.event.AbstractEventHandler,org.activiti.engine.impl.event.AbstractEventHandler_ESTest,2,0,True
697,Defects4J,Csv-9,0,cbd13e4608674903855a455d2c53b8d8,org.apache.commons.csv.CSVRecord,org.apache.commons.csv.CSVRecord_ESTest,41,0,False
698,Defects4J,Csv-9,0,cbce9c4df3644a489833681f1f40a872,org.apache.commons.csv.CSVRecord,org.apache.commons.csv.CSVRecord_ESTest,41,0,True
699,Defects4J,Csv-9,0,30717c3509c0493d9f25be8c86c5f6cb,org.apache.commons.csv.CSVRecord,org.apache.commons.csv.CSVRecord_ESTest,40,0,True
700,Defects4J,Csv-9,0,721bd9d249ca49f4974b8dc23d66d786,org.apache.commons.csv.CSVRecord,org.apache.commons.csv.CSVRecord_ESTest,40,0,True
701,Defects4J,Csv-9,0,26017f0b95e649eaa14ea26f90a1277c,org.apache.commons.csv.CSVRecord,org.apache.commons.csv.CSVRecord_ESTest,40,0,True
702,Defects4J,Csv-9,0,7158cbbbd7a54000b6e5e6ca40e17337,org.apache.commons.csv.CSVRecord,org.apache.commons.csv.CSVRecord_ESTest,40,0,True
703,Defects4J,Csv-9,0,a62cad021ba3428d92d763fe2383df0b,org.apache.commons.csv.CSVRecord,org.apache.commons.csv.CSVRecord_ESTest,40,0,True
704,Defects4J,Csv-9,0,bdcacca3a59447e284ebbe5f4693b2f0,org.apache.commons.csv.CSVRecord,org.apache.commons.csv.CSVRecord_ESTest,40,0,True
705,Defects4J,Csv-9,0,d9cea0d4b65845acadf531f66089119c,org.apache.commons.csv.CSVRecord,org.apache.commons.csv.CSVRecord_ESTest,39,0,True
706,Defects4J,Csv-9,0,d8c6c9cd999f4222a121634e431fa962,org.apache.commons.csv.CSVRecord,org.apache.commons.csv.CSVRecord_ESTest,40,0,True
707,Defects4J,Csv-9,0,0007e3b6066f4b6d86c9933180c91661,org.apache.commons.csv.CSVRecord,org.apache.commons.csv.CSVRecord_ESTest,40,0,True
708,Defects4J,Csv-9,0,8e194db4e9524cd28d998c8241b4a98c,org.apache.commons.csv.CSVRecord,org.apache.commons.csv.CSVRecord_ESTest,40,0,True
709,Defects4J,Csv-9,0,15785d0bee384c7ab55969b7c1b26f94,org.apache.commons.csv.CSVRecord,org.apache.commons.csv.CSVRecord_ESTest,39,0,True
710,Defects4J,Csv-9,0,aaebcf1208ae44a68736a0db048a4aa5,org.apache.commons.csv.CSVRecord,org.apache.commons.csv.CSVRecord_ESTest,39,0,True
711,Defects4J,Csv-9,0,d4871c4e9b074161ae0e81ceada82d04,org.apache.commons.csv.CSVRecord,org.apache.commons.csv.CSVRecord_ESTest,39,0,True
712,Defects4J,Csv-9,0,b179732164064d66a39ae918085a33bb,org.apache.commons.csv.CSVRecord,org.apache.commons.csv.CSVRecord_ESTest,38,0,True
713,Defects4J,Csv-9,0,4650378975b944b6a2da391839e9a46e,org.apache.commons.csv.CSVRecord,org.apache.commons.csv.CSVRecord_ESTest,39,0,True
714,Defects4J,Csv-9,0,9d3266fa0fe24638a11994526dbfbf82,org.apache.commons.csv.CSVRecord,org.apache.commons.csv.CSVRecord_ESTest,40,0,True
715,Defects4J,Csv-9,0,9231911189aa4a79905776400efc3572,org.apache.commons.csv.CSVRecord,org.apache.commons.csv.CSVRecord_ESTest,41,0,True
716,Defects4J,Csv-9,0,14cbd8019bc54aeb9457fbea498cbd20,org.apache.commons.csv.CSVRecord,org.apache.commons.csv.CSVRecord_ESTest,41,0,True
717,Defects4J,Math-70,0,5a7e743458bb442e9201d205b098de2f,org.apache.commons.math.analysis.solvers.BisectionSolver,org.apache.commons.math.analysis.solvers.BisectionSolver_ESTest,31,0,True
718,Defects4J,Math-70,0,5303b3ed70e745599f067b28db70d27c,org.apache.commons.math.analysis.solvers.BisectionSolver,org.apache.commons.math.analysis.solvers.BisectionSolver_ESTest,30,0,True
719,Defects4J,Math-70,0,e3e0ff9183294875b149530a5279387c,org.apache.commons.math.analysis.solvers.BisectionSolver,org.apache.commons.math.analysis.solvers.BisectionSolver_ESTest,27,0,True
720,Defects4J,Math-70,0,0e3a64a9ae3b43e481496a908b44e37e,org.apache.commons.math.analysis.solvers.BisectionSolver,org.apache.commons.math.analysis.solvers.BisectionSolver_ESTest,26,0,True
721,Defects4J,Math-70,0,8d95e642b8d04c8487164729ac7cd3a8,org.apache.commons.math.analysis.solvers.BisectionSolver,org.apache.commons.math.analysis.solvers.BisectionSolver_ESTest,28,0,True
722,Defects4J,Math-70,0,1962cfcfa3bc42cca4ac31a7f5f94375,org.apache.commons.math.analysis.solvers.BisectionSolver,org.apache.commons.math.analysis.solvers.BisectionSolver_ESTest,29,0,True
723,Defects4J,Math-70,0,cf05b5589a4d4493be8323471b105dbf,org.apache.commons.math.analysis.solvers.BisectionSolver,org.apache.commons.math.analysis.solvers.BisectionSolver_ESTest,26,0,True
724,Defects4J,Math-70,0,676d288e2c634e43b01e1a851a868f76,org.apache.commons.math.analysis.solvers.BisectionSolver,org.apache.commons.math.analysis.solvers.BisectionSolver_ESTest,28,0,True
725,Defects4J,Math-70,0,e434f9f37c324e7b8bcdd71e9fb23ea9,org.apache.commons.math.analysis.solvers.BisectionSolver,org.apache.commons.math.analysis.solvers.BisectionSolver_ESTest,30,0,True
726,Defects4J,Math-70,0,4e47d34a2ccc4075b49151d1aea89d6c,org.apache.commons.math.analysis.solvers.BisectionSolver,org.apache.commons.math.analysis.solvers.BisectionSolver_ESTest,28,0,True
727,Defects4J,Math-70,0,6d59d8af3a604a149c9f2322c6d6b871,org.apache.commons.math.analysis.solvers.BisectionSolver,org.apache.commons.math.analysis.solvers.BisectionSolver_ESTest,31,0,True
728,Defects4J,Math-70,0,eaf7f6edb6f24f37b2cf54a8db7ba9e8,org.apache.commons.math.analysis.solvers.BisectionSolver,org.apache.commons.math.analysis.solvers.BisectionSolver_ESTest,26,0,True
729,Defects4J,Math-70,0,349f0b05e9644b9f8b6c486f6201a8bf,org.apache.commons.math.analysis.solvers.BisectionSolver,org.apache.commons.math.analysis.solvers.BisectionSolver_ESTest,29,0,True
730,Defects4J,Math-70,0,6a54723f6cbe4e74b97aad9cf8164313,org.apache.commons.math.analysis.solvers.BisectionSolver,org.apache.commons.math.analysis.solvers.BisectionSolver_ESTest,30,0,True
731,Defects4J,Math-70,0,ca48bfd346ee4977bc0f766cec9160a2,org.apache.commons.math.analysis.solvers.BisectionSolver,org.apache.commons.math.analysis.solvers.BisectionSolver_ESTest,28,0,True
732,Defects4J,Math-70,0,6489df378383499a885997e1c0084b1c,org.apache.commons.math.analysis.solvers.BisectionSolver,org.apache.commons.math.analysis.solvers.BisectionSolver_ESTest,26,0,True
733,Defects4J,Math-70,0,b22de41b2f3e47d4aef3b9c1a8d0a91a,org.apache.commons.math.analysis.solvers.BisectionSolver,org.apache.commons.math.analysis.solvers.BisectionSolver_ESTest,26,0,True
734,Defects4J,Math-70,0,16f6a7a971f14becac6579ec9c1f7ec1,org.apache.commons.math.analysis.solvers.BisectionSolver,org.apache.commons.math.analysis.solvers.BisectionSolver_ESTest,28,0,True
735,Defects4J,Math-70,0,5797d979ff694c7e94869cb5251a6334,org.apache.commons.math.analysis.solvers.BisectionSolver,org.apache.commons.math.analysis.solvers.BisectionSolver_ESTest,27,0,True
736,Defects4J,Math-70,0,35f76a08c30f42b09c5d962438ebd408,org.apache.commons.math.analysis.solvers.BisectionSolver,org.apache.commons.math.analysis.solvers.BisectionSolver_ESTest,31,0,True
737,Defects4J,Math-79,0,d3b60562f03a4a54bbdb0106aab10569,org.apache.commons.math.stat.clustering.KMeansPlusPlusClusterer,org.apache.commons.math.stat.clustering.KMeansPlusPlusClusterer_ESTest,10,0,True
738,Defects4J,Math-79,0,499d538ff359416d8f6f2ebc01ec0ab5,org.apache.commons.math.stat.clustering.KMeansPlusPlusClusterer,org.apache.commons.math.stat.clustering.KMeansPlusPlusClusterer_ESTest,9,0,True
739,Defects4J,Math-79,0,54af77aba87e4b93ba4366ffb0d89e4c,org.apache.commons.math.stat.clustering.KMeansPlusPlusClusterer,org.apache.commons.math.stat.clustering.KMeansPlusPlusClusterer_ESTest,7,0,False
740,Defects4J,Math-79,0,5cc196d8579b4e45899cb7f014a37471,org.apache.commons.math.stat.clustering.KMeansPlusPlusClusterer,org.apache.commons.math.stat.clustering.KMeansPlusPlusClusterer_ESTest,8,0,False
741,Defects4J,Math-79,0,b98d025db4fd4243ab3970fc47c89540,org.apache.commons.math.stat.clustering.KMeansPlusPlusClusterer,org.apache.commons.math.stat.clustering.KMeansPlusPlusClusterer_ESTest,9,0,True
742,Defects4J,Math-79,0,9f353ac8ebec4ea7a38a8a111694ed7f,org.apache.commons.math.stat.clustering.KMeansPlusPlusClusterer,org.apache.commons.math.stat.clustering.KMeansPlusPlusClusterer_ESTest,9,0,True
743,Defects4J,Math-79,0,37678c8772d04aac99a1f9fdf2348d6d,org.apache.commons.math.stat.clustering.KMeansPlusPlusClusterer,org.apache.commons.math.stat.clustering.KMeansPlusPlusClusterer_ESTest,8,0,True
744,Defects4J,Math-79,0,20b8001de0a44190be49d6af4d475193,org.apache.commons.math.stat.clustering.KMeansPlusPlusClusterer,org.apache.commons.math.stat.clustering.KMeansPlusPlusClusterer_ESTest,8,0,True
745,Defects4J,Math-79,0,ee620a24520d4304975cf598735298bc,org.apache.commons.math.stat.clustering.KMeansPlusPlusClusterer,org.apache.commons.math.stat.clustering.KMeansPlusPlusClusterer_ESTest,8,0,True
746,Defects4J,Math-79,0,0c20345e15924d40a5610ffd958bbc55,org.apache.commons.math.stat.clustering.KMeansPlusPlusClusterer,org.apache.commons.math.stat.clustering.KMeansPlusPlusClusterer_ESTest,10,0,True
747,Defects4J,Math-79,0,2bd7525eabd84502b045152b407bc1c4,org.apache.commons.math.stat.clustering.KMeansPlusPlusClusterer,org.apache.commons.math.stat.clustering.KMeansPlusPlusClusterer_ESTest,9,0,False
748,Defects4J,Math-79,0,27ab2e3e544545dc9d2bca52cedece0d,org.apache.commons.math.stat.clustering.KMeansPlusPlusClusterer,org.apache.commons.math.stat.clustering.KMeansPlusPlusClusterer_ESTest,7,0,True
749,Defects4J,Math-79,0,37c6f5dcfce74c659f8ff0bf98473253,org.apache.commons.math.stat.clustering.KMeansPlusPlusClusterer,org.apache.commons.math.stat.clustering.KMeansPlusPlusClusterer_ESTest,10,0,True
750,Defects4J,Math-79,0,978001822c45422594d368133fc44635,org.apache.commons.math.stat.clustering.KMeansPlusPlusClusterer,org.apache.commons.math.stat.clustering.KMeansPlusPlusClusterer_ESTest,8,0,True
751,Defects4J,Math-79,0,39ef13bb5e734492a72bd10edd8a132b,org.apache.commons.math.stat.clustering.KMeansPlusPlusClusterer,org.apache.commons.math.stat.clustering.KMeansPlusPlusClusterer_ESTest,9,0,True
752,Defects4J,Math-79,0,98d4318ac22e438d9a84c262f61cf711,org.apache.commons.math.stat.clustering.KMeansPlusPlusClusterer,org.apache.commons.math.stat.clustering.KMeansPlusPlusClusterer_ESTest,10,0,True
753,Defects4J,Math-79,0,6fad24bc92b14e099499ee11321de5b7,org.apache.commons.math.stat.clustering.KMeansPlusPlusClusterer,org.apache.commons.math.stat.clustering.KMeansPlusPlusClusterer_ESTest,8,0,True
754,Defects4J,Math-79,0,eb640fef5ed94c1ca09a11655459f2fb,org.apache.commons.math.stat.clustering.KMeansPlusPlusClusterer,org.apache.commons.math.stat.clustering.KMeansPlusPlusClusterer_ESTest,9,0,True
755,Defects4J,Math-79,0,34dd82e4e22f4db585b6fcd48f23002e,org.apache.commons.math.stat.clustering.KMeansPlusPlusClusterer,org.apache.commons.math.stat.clustering.KMeansPlusPlusClusterer_ESTest,8,0,True
756,Defects4J,Math-79,0,3ec694750e1643f4b18cc4e1b8c3b6a3,org.apache.commons.math.stat.clustering.KMeansPlusPlusClusterer,org.apache.commons.math.stat.clustering.KMeansPlusPlusClusterer_ESTest,10,0,True
757,Defects4J,Csv-11,0,b118ca7e71b54dbcaa6e4e3096bca6ad,org.apache.commons.csv.CSVParser,org.apache.commons.csv.CSVParser_ESTest,32,0,True
758,Defects4J,Csv-11,0,a77c8aa1b09b4996aa556e92ecbaf422,org.apache.commons.csv.CSVParser,org.apache.commons.csv.CSVParser_ESTest,32,0,True
759,Defects4J,Csv-11,0,fdbea48a0eef47b5a6af089916c66e8e,org.apache.commons.csv.CSVParser,org.apache.commons.csv.CSVParser_ESTest,32,0,True
760,Defects4J,Csv-11,0,e520d3b5b6884b0d9b013fcec63a936d,org.apache.commons.csv.CSVParser,org.apache.commons.csv.CSVParser_ESTest,31,0,True
761,Defects4J,Csv-11,0,6ba52a7f79c044eaa46ce99b0827a786,org.apache.commons.csv.CSVParser,org.apache.commons.csv.CSVParser_ESTest,31,0,True
762,Defects4J,Csv-11,0,b56f5cdb2a764d3bb0d261ce00714f8f,org.apache.commons.csv.CSVParser,org.apache.commons.csv.CSVParser_ESTest,30,0,True
763,Defects4J,Csv-11,0,27cfea8248404ca9b06b7a93ad85ef71,org.apache.commons.csv.CSVParser,org.apache.commons.csv.CSVParser_ESTest,32,0,True
764,Defects4J,Csv-11,0,d9ed4ccd93a047859e4237c67e03c1fd,org.apache.commons.csv.CSVParser,org.apache.commons.csv.CSVParser_ESTest,33,0,True
765,Defects4J,Csv-11,0,1eed99e4ccde411580e80221975ebd51,org.apache.commons.csv.CSVParser,org.apache.commons.csv.CSVParser_ESTest,33,0,True
766,Defects4J,Csv-11,0,c1f0156eef684bacb7af6ec1336b6900,org.apache.commons.csv.CSVParser,org.apache.commons.csv.CSVParser_ESTest,31,0,True
767,Defects4J,Csv-11,0,26c2a961ceb9481b9f1d2d517798c4a2,org.apache.commons.csv.CSVParser,org.apache.commons.csv.CSVParser_ESTest,31,0,True
768,Defects4J,Csv-11,0,328fe19f9ede4625b270f00f9e586f65,org.apache.commons.csv.CSVParser,org.apache.commons.csv.CSVParser_ESTest,32,0,True
769,Defects4J,Csv-11,0,6a6881e5c0ec476bbaffcae4de4f61c5,org.apache.commons.csv.CSVParser,org.apache.commons.csv.CSVParser_ESTest,34,0,True
770,Defects4J,Csv-11,0,4dc3c3d9f8824f1789b4a996414ad709,org.apache.commons.csv.CSVParser,org.apache.commons.csv.CSVParser_ESTest,36,0,True
771,Defects4J,Csv-11,0,2cca67ef4f9d48cfa02d3c15fb01e5cb,org.apache.commons.csv.CSVParser,org.apache.commons.csv.CSVParser_ESTest,34,0,True
772,Defects4J,Csv-11,0,b9a49a801313447681c343ec3decedec,org.apache.commons.csv.CSVParser,org.apache.commons.csv.CSVParser_ESTest,32,0,True
773,Defects4J,Csv-11,0,bd1e4d989cb84647b748303d2c613319,org.apache.commons.csv.CSVParser,org.apache.commons.csv.CSVParser_ESTest,34,0,True
774,Defects4J,Csv-11,0,c09a2bd76e684ed5acb3e2cf90c77325,org.apache.commons.csv.CSVParser,org.apache.commons.csv.CSVParser_ESTest,34,0,True
775,Defects4J,Csv-11,0,9f4430e8c02d4fa6936711713fe9efd7,org.apache.commons.csv.CSVParser,org.apache.commons.csv.CSVParser_ESTest,33,0,True
776,Defects4J,Csv-11,0,dbf3766bf33f4a83b08f93f14f58b476,org.apache.commons.csv.CSVParser,org.apache.commons.csv.CSVParser_ESTest,31,0,True
777,Defects4J,Cli-30,0,eb1437d736b047f29655e1e9814fd17a,org.apache.commons.cli.Parser,org.apache.commons.cli.Parser_ESTest,43,0,False
778,Defects4J,Cli-30,0,eb1437d736b047f29655e1e9814fd17a,org.apache.commons.cli.DefaultParser,org.apache.commons.cli.DefaultParser_ESTest,41,0,False
779,Defects4J,Cli-30,0,1c5cb03c12a64c5cbd74d53f73ed20a8,org.apache.commons.cli.Parser,org.apache.commons.cli.Parser_ESTest,42,0,True
780,Defects4J,Cli-30,0,1c5cb03c12a64c5cbd74d53f73ed20a8,org.apache.commons.cli.DefaultParser,org.apache.commons.cli.DefaultParser_ESTest,47,0,False
781,Defects4J,Cli-30,0,775a82b57a444f6b84e9c4444be221de,org.apache.commons.cli.Parser,org.apache.commons.cli.Parser_ESTest,38,0,True
782,Defects4J,Cli-30,0,775a82b57a444f6b84e9c4444be221de,org.apache.commons.cli.DefaultParser,org.apache.commons.cli.DefaultParser_ESTest,47,0,False
783,Defects4J,Cli-30,0,2d55d1220fe34d089ec5d09085da946f,org.apache.commons.cli.Parser,org.apache.commons.cli.Parser_ESTest,41,0,True
784,Defects4J,Cli-30,0,2d55d1220fe34d089ec5d09085da946f,org.apache.commons.cli.DefaultParser,org.apache.commons.cli.DefaultParser_ESTest,46,0,False
785,Defects4J,Cli-30,0,13e7499aebc94f5eaae813a840944c98,org.apache.commons.cli.Parser,org.apache.commons.cli.Parser_ESTest,41,0,True
786,Defects4J,Cli-30,0,13e7499aebc94f5eaae813a840944c98,org.apache.commons.cli.DefaultParser,org.apache.commons.cli.DefaultParser_ESTest,47,0,False
787,Defects4J,Cli-30,0,4c41b7e385064ee7bdf76c663f6afe24,org.apache.commons.cli.Parser,org.apache.commons.cli.Parser_ESTest,45,0,False
788,Defects4J,Cli-30,0,4c41b7e385064ee7bdf76c663f6afe24,org.apache.commons.cli.DefaultParser,org.apache.commons.cli.DefaultParser_ESTest,44,0,False
789,Defects4J,Cli-30,0,aa5e612a271b40c980d41a6c02ee5e40,org.apache.commons.cli.Parser,org.apache.commons.cli.Parser_ESTest,38,0,True
790,Defects4J,Cli-30,0,aa5e612a271b40c980d41a6c02ee5e40,org.apache.commons.cli.DefaultParser,org.apache.commons.cli.DefaultParser_ESTest,47,0,False
791,Defects4J,Cli-30,0,8db5aa09d2de448a98c3bcda37b9a7f2,org.apache.commons.cli.Parser,org.apache.commons.cli.Parser_ESTest,43,0,True
792,Defects4J,Cli-30,0,8db5aa09d2de448a98c3bcda37b9a7f2,org.apache.commons.cli.DefaultParser,org.apache.commons.cli.DefaultParser_ESTest,48,0,False
793,Defects4J,Cli-30,0,1511ad7b56434d7f94ea84a99d38449c,org.apache.commons.cli.Parser,org.apache.commons.cli.Parser_ESTest,38,0,True
794,Defects4J,Cli-30,0,1511ad7b56434d7f94ea84a99d38449c,org.apache.commons.cli.DefaultParser,org.apache.commons.cli.DefaultParser_ESTest,50,0,False
795,Defects4J,Cli-30,0,8cd42327942347619609241d02813a37,org.apache.commons.cli.Parser,org.apache.commons.cli.Parser_ESTest,38,0,True
796,Defects4J,Cli-30,0,8cd42327942347619609241d02813a37,org.apache.commons.cli.DefaultParser,org.apache.commons.cli.DefaultParser_ESTest,56,0,False
797,Defects4J,Cli-30,0,d3acb227bacd43c4978881ad79e9ecd9,org.apache.commons.cli.Parser,org.apache.commons.cli.Parser_ESTest,44,0,False
798,Defects4J,Cli-30,0,d3acb227bacd43c4978881ad79e9ecd9,org.apache.commons.cli.DefaultParser,org.apache.commons.cli.DefaultParser_ESTest,43,0,False
799,Defects4J,Cli-30,0,f400f74f436e48ff9f9f52e5e7a484a9,org.apache.commons.cli.Parser,org.apache.commons.cli.Parser_ESTest,39,0,True
800,Defects4J,Cli-30,0,f400f74f436e48ff9f9f52e5e7a484a9,org.apache.commons.cli.DefaultParser,org.apache.commons.cli.DefaultParser_ESTest,47,0,False
801,Defects4J,Cli-30,0,207e6758e5f44cea98b94b97d13d3c20,org.apache.commons.cli.Parser,org.apache.commons.cli.Parser_ESTest,41,0,True
802,Defects4J,Cli-30,0,207e6758e5f44cea98b94b97d13d3c20,org.apache.commons.cli.DefaultParser,org.apache.commons.cli.DefaultParser_ESTest,52,0,False
803,Defects4J,Cli-30,0,6459dfe78f2b4c86a0c1fd5b1bbcfaa9,org.apache.commons.cli.DefaultParser,org.apache.commons.cli.DefaultParser_ESTest,56,0,False
804,Defects4J,Cli-30,0,8afd41b6c4a648c0aa5f964aa1a159fc,org.apache.commons.cli.Parser,org.apache.commons.cli.Parser_ESTest,40,0,False
805,Defects4J,Cli-30,0,8afd41b6c4a648c0aa5f964aa1a159fc,org.apache.commons.cli.DefaultParser,org.apache.commons.cli.DefaultParser_ESTest,41,0,False
806,Defects4J,Cli-30,0,e63b0797eed84062beabc8d30b93952d,org.apache.commons.cli.Parser,org.apache.commons.cli.Parser_ESTest,45,0,False
807,Defects4J,Cli-30,0,e63b0797eed84062beabc8d30b93952d,org.apache.commons.cli.DefaultParser,org.apache.commons.cli.DefaultParser_ESTest,51,0,False
808,Defects4J,Cli-30,0,bfcf9c21366b4b21ab80cc1bc5a08a0c,org.apache.commons.cli.Parser,org.apache.commons.cli.Parser_ESTest,40,0,True
809,Defects4J,Cli-30,0,bfcf9c21366b4b21ab80cc1bc5a08a0c,org.apache.commons.cli.DefaultParser,org.apache.commons.cli.DefaultParser_ESTest,45,0,False
810,Defects4J,Cli-30,0,11f8e13979b14d60929ad8c27f8dcdbc,org.apache.commons.cli.Parser,org.apache.commons.cli.Parser_ESTest,40,0,True
811,Defects4J,Cli-30,0,11f8e13979b14d60929ad8c27f8dcdbc,org.apache.commons.cli.DefaultParser,org.apache.commons.cli.DefaultParser_ESTest,45,0,False
812,Defects4J,Cli-30,0,b69f3189a3ad4adfa48e6a13212349fc,org.apache.commons.cli.Parser,org.apache.commons.cli.Parser_ESTest,36,0,True
813,Defects4J,Cli-30,0,b69f3189a3ad4adfa48e6a13212349fc,org.apache.commons.cli.DefaultParser,org.apache.commons.cli.DefaultParser_ESTest,55,0,False
814,Defects4J,Cli-30,0,daa57b20825f423da9f6ab4ede618ada,org.apache.commons.cli.Parser,org.apache.commons.cli.Parser_ESTest,43,0,False
815,Defects4J,Cli-30,0,daa57b20825f423da9f6ab4ede618ada,org.apache.commons.cli.DefaultParser,org.apache.commons.cli.DefaultParser_ESTest,50,0,False
816,Defects4J,Cli-30,1,eb1437d736b047f29655e1e9814fd17a,org.apache.commons.cli.Parser,org.apache.commons.cli.Parser_ESTest,43,0,False
817,Defects4J,Cli-30,1,eb1437d736b047f29655e1e9814fd17a,org.apache.commons.cli.DefaultParser,org.apache.commons.cli.DefaultParser_ESTest,41,0,True
818,Defects4J,Cli-30,1,1c5cb03c12a64c5cbd74d53f73ed20a8,org.apache.commons.cli.Parser,org.apache.commons.cli.Parser_ESTest,42,0,False
819,Defects4J,Cli-30,1,1c5cb03c12a64c5cbd74d53f73ed20a8,org.apache.commons.cli.DefaultParser,org.apache.commons.cli.DefaultParser_ESTest,47,0,False
820,Defects4J,Cli-30,1,775a82b57a444f6b84e9c4444be221de,org.apache.commons.cli.Parser,org.apache.commons.cli.Parser_ESTest,38,0,False
821,Defects4J,Cli-30,1,775a82b57a444f6b84e9c4444be221de,org.apache.commons.cli.DefaultParser,org.apache.commons.cli.DefaultParser_ESTest,47,0,False
822,Defects4J,Cli-30,1,2d55d1220fe34d089ec5d09085da946f,org.apache.commons.cli.Parser,org.apache.commons.cli.Parser_ESTest,41,0,False
823,Defects4J,Cli-30,1,2d55d1220fe34d089ec5d09085da946f,org.apache.commons.cli.DefaultParser,org.apache.commons.cli.DefaultParser_ESTest,46,0,True
824,Defects4J,Cli-30,1,13e7499aebc94f5eaae813a840944c98,org.apache.commons.cli.Parser,org.apache.commons.cli.Parser_ESTest,41,0,False
825,Defects4J,Cli-30,1,13e7499aebc94f5eaae813a840944c98,org.apache.commons.cli.DefaultParser,org.apache.commons.cli.DefaultParser_ESTest,47,0,False
826,Defects4J,Cli-30,1,4c41b7e385064ee7bdf76c663f6afe24,org.apache.commons.cli.Parser,org.apache.commons.cli.Parser_ESTest,45,0,False
827,Defects4J,Cli-30,1,4c41b7e385064ee7bdf76c663f6afe24,org.apache.commons.cli.DefaultParser,org.apache.commons.cli.DefaultParser_ESTest,44,0,True
828,Defects4J,Cli-30,1,aa5e612a271b40c980d41a6c02ee5e40,org.apache.commons.cli.Parser,org.apache.commons.cli.Parser_ESTest,38,0,False
829,Defects4J,Cli-30,1,aa5e612a271b40c980d41a6c02ee5e40,org.apache.commons.cli.DefaultParser,org.apache.commons.cli.DefaultParser_ESTest,47,0,True
830,Defects4J,Cli-30,1,8db5aa09d2de448a98c3bcda37b9a7f2,org.apache.commons.cli.Parser,org.apache.commons.cli.Parser_ESTest,43,0,False
831,Defects4J,Cli-30,1,8db5aa09d2de448a98c3bcda37b9a7f2,org.apache.commons.cli.DefaultParser,org.apache.commons.cli.DefaultParser_ESTest,48,0,False
832,Defects4J,Cli-30,1,1511ad7b56434d7f94ea84a99d38449c,org.apache.commons.cli.Parser,org.apache.commons.cli.Parser_ESTest,38,0,False
833,Defects4J,Cli-30,1,1511ad7b56434d7f94ea84a99d38449c,org.apache.commons.cli.DefaultParser,org.apache.commons.cli.DefaultParser_ESTest,50,0,True
834,Defects4J,Cli-30,1,8cd42327942347619609241d02813a37,org.apache.commons.cli.Parser,org.apache.commons.cli.Parser_ESTest,38,0,False
835,Defects4J,Cli-30,1,8cd42327942347619609241d02813a37,org.apache.commons.cli.DefaultParser,org.apache.commons.cli.DefaultParser_ESTest,56,0,True
836,Defects4J,Cli-30,1,d3acb227bacd43c4978881ad79e9ecd9,org.apache.commons.cli.Parser,org.apache.commons.cli.Parser_ESTest,44,0,False
837,Defects4J,Cli-30,1,d3acb227bacd43c4978881ad79e9ecd9,org.apache.commons.cli.DefaultParser,org.apache.commons.cli.DefaultParser_ESTest,43,0,True
838,Defects4J,Cli-30,1,f400f74f436e48ff9f9f52e5e7a484a9,org.apache.commons.cli.Parser,org.apache.commons.cli.Parser_ESTest,39,0,False
839,Defects4J,Cli-30,1,f400f74f436e48ff9f9f52e5e7a484a9,org.apache.commons.cli.DefaultParser,org.apache.commons.cli.DefaultParser_ESTest,47,0,True
840,Defects4J,Cli-30,1,207e6758e5f44cea98b94b97d13d3c20,org.apache.commons.cli.Parser,org.apache.commons.cli.Parser_ESTest,41,0,False
841,Defects4J,Cli-30,1,207e6758e5f44cea98b94b97d13d3c20,org.apache.commons.cli.DefaultParser,org.apache.commons.cli.DefaultParser_ESTest,52,0,False
842,Defects4J,Cli-30,1,6459dfe78f2b4c86a0c1fd5b1bbcfaa9,org.apache.commons.cli.DefaultParser,org.apache.commons.cli.DefaultParser_ESTest,56,0,True
843,Defects4J,Cli-30,1,8afd41b6c4a648c0aa5f964aa1a159fc,org.apache.commons.cli.Parser,org.apache.commons.cli.Parser_ESTest,40,0,False
844,Defects4J,Cli-30,1,8afd41b6c4a648c0aa5f964aa1a159fc,org.apache.commons.cli.DefaultParser,org.apache.commons.cli.DefaultParser_ESTest,41,0,False
845,Defects4J,Cli-30,1,e63b0797eed84062beabc8d30b93952d,org.apache.commons.cli.Parser,org.apache.commons.cli.Parser_ESTest,45,0,False
846,Defects4J,Cli-30,1,e63b0797eed84062beabc8d30b93952d,org.apache.commons.cli.DefaultParser,org.apache.commons.cli.DefaultParser_ESTest,51,0,True
847,Defects4J,Cli-30,1,bfcf9c21366b4b21ab80cc1bc5a08a0c,org.apache.commons.cli.Parser,org.apache.commons.cli.Parser_ESTest,40,0,False
848,Defects4J,Cli-30,1,bfcf9c21366b4b21ab80cc1bc5a08a0c,org.apache.commons.cli.DefaultParser,org.apache.commons.cli.DefaultParser_ESTest,45,0,True
849,Defects4J,Cli-30,1,11f8e13979b14d60929ad8c27f8dcdbc,org.apache.commons.cli.Parser,org.apache.commons.cli.Parser_ESTest,40,0,False
850,Defects4J,Cli-30,1,11f8e13979b14d60929ad8c27f8dcdbc,org.apache.commons.cli.DefaultParser,org.apache.commons.cli.DefaultParser_ESTest,45,0,True
851,Defects4J,Cli-30,1,b69f3189a3ad4adfa48e6a13212349fc,org.apache.commons.cli.Parser,org.apache.commons.cli.Parser_ESTest,36,0,False
852,Defects4J,Cli-30,1,b69f3189a3ad4adfa48e6a13212349fc,org.apache.commons.cli.DefaultParser,org.apache.commons.cli.DefaultParser_ESTest,55,0,False
853,Defects4J,Cli-30,1,daa57b20825f423da9f6ab4ede618ada,org.apache.commons.cli.Parser,org.apache.commons.cli.Parser_ESTest,43,0,False
854,Defects4J,Cli-30,1,daa57b20825f423da9f6ab4ede618ada,org.apache.commons.cli.DefaultParser,org.apache.commons.cli.DefaultParser_ESTest,50,0,False
855,NPEX,PDFBox-55586aad,0,db087c9a11bb442fb323796430b10627,org.apache.pdfbox.pdmodel.interactive.action.PDActionURI,org.apache.pdfbox.pdmodel.interactive.action.PDActionURI_ESTest,9,0,True
856,NPEX,PDFBox-55586aad,0,3392b3ba3dc8434384fcc3412e17b9d7,org.apache.pdfbox.pdmodel.interactive.action.PDActionURI,org.apache.pdfbox.pdmodel.interactive.action.PDActionURI_ESTest,9,0,True
857,NPEX,PDFBox-55586aad,0,ea3296744ed24e6ba45a912253cd093a,org.apache.pdfbox.pdmodel.interactive.action.PDActionURI,org.apache.pdfbox.pdmodel.interactive.action.PDActionURI_ESTest,8,0,True
858,NPEX,PDFBox-55586aad,0,afea68d9dd6f4751be9762b8bfce06cc,org.apache.pdfbox.pdmodel.interactive.action.PDActionURI,org.apache.pdfbox.pdmodel.interactive.action.PDActionURI_ESTest,9,0,True
859,NPEX,PDFBox-55586aad,0,25e7cd7f36b34f6a922c8346b232e348,org.apache.pdfbox.pdmodel.interactive.action.PDActionURI,org.apache.pdfbox.pdmodel.interactive.action.PDActionURI_ESTest,9,0,True
860,NPEX,PDFBox-55586aad,0,052c595c8ff64cbcabef811c08892599,org.apache.pdfbox.pdmodel.interactive.action.PDActionURI,org.apache.pdfbox.pdmodel.interactive.action.PDActionURI_ESTest,11,0,True
861,NPEX,PDFBox-55586aad,0,1fecbaf4c57140b6a6aebae3581700b8,org.apache.pdfbox.pdmodel.interactive.action.PDActionURI,org.apache.pdfbox.pdmodel.interactive.action.PDActionURI_ESTest,9,0,True
862,NPEX,PDFBox-55586aad,0,cc305fbc07de468ca16f5b6a460577a2,org.apache.pdfbox.pdmodel.interactive.action.PDActionURI,org.apache.pdfbox.pdmodel.interactive.action.PDActionURI_ESTest,9,0,True
863,NPEX,PDFBox-55586aad,0,325f786c14c14254961ee888c7f488ea,org.apache.pdfbox.pdmodel.interactive.action.PDActionURI,org.apache.pdfbox.pdmodel.interactive.action.PDActionURI_ESTest,9,0,True
864,NPEX,PDFBox-55586aad,0,f049185f7fcd41b0a18d440dc1e15e7d,org.apache.pdfbox.pdmodel.interactive.action.PDActionURI,org.apache.pdfbox.pdmodel.interactive.action.PDActionURI_ESTest,9,0,True
865,NPEX,PDFBox-55586aad,0,64cb06ad55c847648cd79012ab41a4c7,org.apache.pdfbox.pdmodel.interactive.action.PDActionURI,org.apache.pdfbox.pdmodel.interactive.action.PDActionURI_ESTest,9,0,True
866,NPEX,PDFBox-55586aad,0,d207c284ed0f4290bf7b735d0cdf38df,org.apache.pdfbox.pdmodel.interactive.action.PDActionURI,org.apache.pdfbox.pdmodel.interactive.action.PDActionURI_ESTest,9,0,True
867,NPEX,PDFBox-55586aad,0,b6d4a13bc4b9493ca2aa205d00af41ed,org.apache.pdfbox.pdmodel.interactive.action.PDActionURI,org.apache.pdfbox.pdmodel.interactive.action.PDActionURI_ESTest,9,0,True
868,NPEX,PDFBox-55586aad,0,53528c051bd547ea99e21b7492549022,org.apache.pdfbox.pdmodel.interactive.action.PDActionURI,org.apache.pdfbox.pdmodel.interactive.action.PDActionURI_ESTest,9,0,True
869,NPEX,PDFBox-55586aad,0,12cd9548bf154cea9d506cd2a3b66d60,org.apache.pdfbox.pdmodel.interactive.action.PDActionURI,org.apache.pdfbox.pdmodel.interactive.action.PDActionURI_ESTest,9,0,True
870,NPEX,PDFBox-55586aad,0,f1bba07a103241e885a8fa072d53a359,org.apache.pdfbox.pdmodel.interactive.action.PDActionURI,org.apache.pdfbox.pdmodel.interactive.action.PDActionURI_ESTest,9,0,True
871,NPEX,PDFBox-55586aad,0,37ec45fc5481486bb86734ddd5a77b5d,org.apache.pdfbox.pdmodel.interactive.action.PDActionURI,org.apache.pdfbox.pdmodel.interactive.action.PDActionURI_ESTest,8,0,True
872,NPEX,PDFBox-55586aad,0,e062dca3d27245f0ba2914af4a470d3b,org.apache.pdfbox.pdmodel.interactive.action.PDActionURI,org.apache.pdfbox.pdmodel.interactive.action.PDActionURI_ESTest,10,0,True
873,NPEX,PDFBox-55586aad,0,86f79cc5a16b4cf5977a372213d32f70,org.apache.pdfbox.pdmodel.interactive.action.PDActionURI,org.apache.pdfbox.pdmodel.interactive.action.PDActionURI_ESTest,8,0,True
874,NPEX,Log4j_2-6a233016,0,2b4ffc9201de40b1a7657ad27d2ab6db,org.apache.logging.log4j.core.async.RingBufferLogEvent,org.apache.logging.log4j.core.async.RingBufferLogEvent_ESTest,90,0,True
875,NPEX,Log4j_2-6a233016,0,4cd219e660434b168c9296f9431e1cbb,org.apache.logging.log4j.core.async.RingBufferLogEvent,org.apache.logging.log4j.core.async.RingBufferLogEvent_ESTest,88,0,True
876,NPEX,Log4j_2-6a233016,0,6e0e283702ac4e55a03a55030f7efe61,org.apache.logging.log4j.core.async.RingBufferLogEvent,org.apache.logging.log4j.core.async.RingBufferLogEvent_ESTest,95,0,True
877,NPEX,Log4j_2-6a233016,0,8bbb96ca3d5b4fcd956ac754a719f6a6,org.apache.logging.log4j.core.async.RingBufferLogEvent,org.apache.logging.log4j.core.async.RingBufferLogEvent_ESTest,93,0,True
878,NPEX,Log4j_2-6a233016,0,535246f767dc4b4686c9e0d2a47ffafd,org.apache.logging.log4j.core.async.RingBufferLogEvent,org.apache.logging.log4j.core.async.RingBufferLogEvent_ESTest,88,0,True
879,NPEX,Log4j_2-6a233016,0,aafb936d18f842ffb77a10b95ea631ba,org.apache.logging.log4j.core.async.RingBufferLogEvent,org.apache.logging.log4j.core.async.RingBufferLogEvent_ESTest,93,0,True
880,NPEX,Log4j_2-6a233016,0,5db0582e74b3463d94ee00d1e2b3d7b8,org.apache.logging.log4j.core.async.RingBufferLogEvent,org.apache.logging.log4j.core.async.RingBufferLogEvent_ESTest,118,0,True
881,NPEX,Log4j_2-6a233016,0,d1989e2f3d5b4965a655f9bbeddaab21,org.apache.logging.log4j.core.async.RingBufferLogEvent,org.apache.logging.log4j.core.async.RingBufferLogEvent_ESTest,88,0,True
882,NPEX,Log4j_2-6a233016,0,169adcafc478477abf237195f301a548,org.apache.logging.log4j.core.async.RingBufferLogEvent,org.apache.logging.log4j.core.async.RingBufferLogEvent_ESTest,92,0,True
883,NPEX,Log4j_2-6a233016,0,c362bde2cc2d426988d70ad5b0b72141,org.apache.logging.log4j.core.async.RingBufferLogEvent,org.apache.logging.log4j.core.async.RingBufferLogEvent_ESTest,91,0,True
884,NPEX,Log4j_2-6a233016,0,7a80ded356954ccd98b0bc9e4d18b687,org.apache.logging.log4j.core.async.RingBufferLogEvent,org.apache.logging.log4j.core.async.RingBufferLogEvent_ESTest,86,0,True
885,NPEX,Log4j_2-6a233016,0,f6c7d7909d41453e9fdf84c4b76c8cab,org.apache.logging.log4j.core.async.RingBufferLogEvent,org.apache.logging.log4j.core.async.RingBufferLogEvent_ESTest,89,0,True
886,NPEX,Log4j_2-6a233016,0,f3ca886e966b4b1e87d4d0e31ebe4be5,org.apache.logging.log4j.core.async.RingBufferLogEvent,org.apache.logging.log4j.core.async.RingBufferLogEvent_ESTest,86,0,True
887,NPEX,Log4j_2-6a233016,0,8c69f8cdf99d47fcaecef704ade1b2c2,org.apache.logging.log4j.core.async.RingBufferLogEvent,org.apache.logging.log4j.core.async.RingBufferLogEvent_ESTest,90,0,True
888,NPEX,Log4j_2-6a233016,0,642ccf65982e405a83036ad9b0bcc852,org.apache.logging.log4j.core.async.RingBufferLogEvent,org.apache.logging.log4j.core.async.RingBufferLogEvent_ESTest,89,0,True
889,NPEX,Log4j_2-6a233016,0,348c2b2b58034a92bae684e989130a83,org.apache.logging.log4j.core.async.RingBufferLogEvent,org.apache.logging.log4j.core.async.RingBufferLogEvent_ESTest,88,0,True
890,NPEX,Log4j_2-6a233016,0,5c2e1cffceaa4789a7a8ffdaecba49e2,org.apache.logging.log4j.core.async.RingBufferLogEvent,org.apache.logging.log4j.core.async.RingBufferLogEvent_ESTest,88,0,True
891,NPEX,Log4j_2-6a233016,0,07fee6bbdb434680a14c96d53564c644,org.apache.logging.log4j.core.async.RingBufferLogEvent,org.apache.logging.log4j.core.async.RingBufferLogEvent_ESTest,87,0,True
892,NPEX,Ninja-16aa9c14,0,aac1b070f3e645cdb414638aca6eee1f,ninja.Route,ninja.Route_ESTest,27,0,True
893,NPEX,Ninja-16aa9c14,0,d5ea9d25baca476d9c65670c4ad157c0,ninja.Route,ninja.Route_ESTest,26,0,True
894,NPEX,Ninja-16aa9c14,0,2badefe1026c41aa9a4a9ea702c036db,ninja.Route,ninja.Route_ESTest,27,0,True
895,NPEX,Ninja-16aa9c14,0,24b99206c2874c8b8bf6743bd8039098,ninja.Route,ninja.Route_ESTest,21,0,True
896,NPEX,Ninja-16aa9c14,0,3056abf959404794abb63198b11bf058,ninja.Route,ninja.Route_ESTest,26,0,True
897,NPEX,Ninja-16aa9c14,0,b6ba7156f78e40e1b3dfb023499c1276,ninja.Route,ninja.Route_ESTest,26,0,True
898,NPEX,Ninja-16aa9c14,0,309b5fd102ee4b7b94f062f887415d49,ninja.Route,ninja.Route_ESTest,27,0,True
899,NPEX,Ninja-16aa9c14,0,5776841c94c14b729899e5d6e0d7a83d,ninja.Route,ninja.Route_ESTest,24,0,True
900,NPEX,Ninja-16aa9c14,0,67f7d6f992c145ea8d873c05fab13a94,ninja.Route,ninja.Route_ESTest,27,0,True
901,NPEX,Ninja-16aa9c14,0,af2229d5ff084768bba1f5932b97bc92,ninja.Route,ninja.Route_ESTest,26,0,True
902,NPEX,Ninja-16aa9c14,0,38bcc00389ba45c48627596ab9d23eac,ninja.Route,ninja.Route_ESTest,26,0,True
903,NPEX,Ninja-16aa9c14,0,2ba6a83597dd4bc4a92c80b878310e61,ninja.Route,ninja.Route_ESTest,24,0,True
904,NPEX,Ninja-16aa9c14,0,828be289afb34ef7a93d03819f6d4fcc,ninja.Route,ninja.Route_ESTest,27,0,True
905,NPEX,Ninja-16aa9c14,0,20573669a7c0446ebfd342bc8f330897,ninja.Route,ninja.Route_ESTest,26,0,True
906,NPEX,Ninja-16aa9c14,0,d4d8b0cbd5804fb195793baec2ee1f32,ninja.Route,ninja.Route_ESTest,25,0,True
907,NPEX,Ninja-16aa9c14,0,f0286cca886541fbb3a2d0eeb55a46fb,ninja.Route,ninja.Route_ESTest,26,0,True
908,NPEX,Ninja-16aa9c14,0,659af07c7e964c52bfbc829a3aa38787,ninja.Route,ninja.Route_ESTest,22,0,True
909,NPEX,Ninja-16aa9c14,0,6d026eccc06b47ff9cb4e48e84219215,ninja.Route,ninja.Route_ESTest,24,0,False
910,NPEX,Ninja-16aa9c14,0,40a5750849bc4429a990eafd07f5f819,ninja.Route,ninja.Route_ESTest,26,0,True
911,NPEX,Ninja-16aa9c14,0,510404a2c9b44867a80890d14f0162db,ninja.Route,ninja.Route_ESTest,28,0,True
912,NPEX,Aries_JPA-97cb979d,0,bfe81e43a2084c70a39983630adbd623,org.apache.aries.jpa.blueprint.impl.AnnotationScanner,org.apache.aries.jpa.blueprint.impl.AnnotationScanner_ESTest,5,0,False
913,NPEX,Aries_JPA-97cb979d,0,454d63e3f21c4c1f97f5f97a2c6d835c,org.apache.aries.jpa.blueprint.impl.AnnotationScanner,org.apache.aries.jpa.blueprint.impl.AnnotationScanner_ESTest,5,0,False
914,NPEX,Aries_JPA-97cb979d,0,b4f7d6771ec84989ba38b5258eeeb648,org.apache.aries.jpa.blueprint.impl.AnnotationScanner,org.apache.aries.jpa.blueprint.impl.AnnotationScanner_ESTest,5,0,False
915,NPEX,Aries_JPA-97cb979d,0,e2739b029a1b454e9a1fd2d76e7731b1,org.apache.aries.jpa.blueprint.impl.AnnotationScanner,org.apache.aries.jpa.blueprint.impl.AnnotationScanner_ESTest,5,0,False
916,NPEX,Aries_JPA-97cb979d,0,22a46288488149fbb7b93b9ca9ec2c36,org.apache.aries.jpa.blueprint.impl.AnnotationScanner,org.apache.aries.jpa.blueprint.impl.AnnotationScanner_ESTest,5,0,False
917,NPEX,Aries_JPA-97cb979d,0,fd1059ae2ccf480f88b109b9ff84f097,org.apache.aries.jpa.blueprint.impl.AnnotationScanner,org.apache.aries.jpa.blueprint.impl.AnnotationScanner_ESTest,5,0,False
918,NPEX,Aries_JPA-97cb979d,0,8f4a03b3415745229a73420e873c97aa,org.apache.aries.jpa.blueprint.impl.AnnotationScanner,org.apache.aries.jpa.blueprint.impl.AnnotationScanner_ESTest,5,0,False
919,NPEX,Aries_JPA-97cb979d,0,587d4b3e6fce4150bd2788f64dc89784,org.apache.aries.jpa.blueprint.impl.AnnotationScanner,org.apache.aries.jpa.blueprint.impl.AnnotationScanner_ESTest,5,0,False
920,NPEX,Aries_JPA-97cb979d,0,2d8718b9cf7d413e83f01568ed6ff178,org.apache.aries.jpa.blueprint.impl.AnnotationScanner,org.apache.aries.jpa.blueprint.impl.AnnotationScanner_ESTest,5,0,False
921,NPEX,Aries_JPA-97cb979d,0,da515fcdc67d455796e76495e68e5868,org.apache.aries.jpa.blueprint.impl.AnnotationScanner,org.apache.aries.jpa.blueprint.impl.AnnotationScanner_ESTest,5,0,False
922,NPEX,Aries_JPA-97cb979d,0,8b45e759ee5045079102af1ea943c027,org.apache.aries.jpa.blueprint.impl.AnnotationScanner,org.apache.aries.jpa.blueprint.impl.AnnotationScanner_ESTest,5,0,False
923,NPEX,Aries_JPA-97cb979d,0,d30e9b1ee14b418bb5338cc396d4417e,org.apache.aries.jpa.blueprint.impl.AnnotationScanner,org.apache.aries.jpa.blueprint.impl.AnnotationScanner_ESTest,5,0,False
924,NPEX,Aries_JPA-97cb979d,0,0fe02f6ba26347f5bdfc3193d9570ca1,org.apache.aries.jpa.blueprint.impl.AnnotationScanner,org.apache.aries.jpa.blueprint.impl.AnnotationScanner_ESTest,5,0,False
925,NPEX,Aries_JPA-97cb979d,0,7e0aa89c78b54e53b77d490488210c88,org.apache.aries.jpa.blueprint.impl.AnnotationScanner,org.apache.aries.jpa.blueprint.impl.AnnotationScanner_ESTest,5,0,False
926,NPEX,Aries_JPA-97cb979d,0,1ffb91342a554ee19096229da5650124,org.apache.aries.jpa.blueprint.impl.AnnotationScanner,org.apache.aries.jpa.blueprint.impl.AnnotationScanner_ESTest,5,0,False
927,NPEX,Aries_JPA-97cb979d,0,ad21ccfb2e474f36b075c8b933b9249d,org.apache.aries.jpa.blueprint.impl.AnnotationScanner,org.apache.aries.jpa.blueprint.impl.AnnotationScanner_ESTest,5,0,False
928,NPEX,Aries_JPA-97cb979d,0,d7856b3f74af44e8ad43ac184a12639f,org.apache.aries.jpa.blueprint.impl.AnnotationScanner,org.apache.aries.jpa.blueprint.impl.AnnotationScanner_ESTest,5,0,False
929,NPEX,Aries_JPA-97cb979d,0,6cf5fec6d9e74d15afebe4d3962a5cb0,org.apache.aries.jpa.blueprint.impl.AnnotationScanner,org.apache.aries.jpa.blueprint.impl.AnnotationScanner_ESTest,5,0,False
930,NPEX,Aries_JPA-97cb979d,0,6da8ebcecb2e409ca2e205ec1913656c,org.apache.aries.jpa.blueprint.impl.AnnotationScanner,org.apache.aries.jpa.blueprint.impl.AnnotationScanner_ESTest,5,0,False
931,NPEX,Aries_JPA-97cb979d,0,6f48187eec404ea48f6b96e3dfb310b0,org.apache.aries.jpa.blueprint.impl.AnnotationScanner,org.apache.aries.jpa.blueprint.impl.AnnotationScanner_ESTest,5,0,False
932,NPEX,Activiti-c45d6c3c,0,f30219c13c12410d90b9bc7c9923eb1f,org.activiti.engine.impl.variable.JPAEntityMappings,org.activiti.engine.impl.variable.JPAEntityMappings_ESTest,19,0,False
933,NPEX,Activiti-c45d6c3c,0,d8c8ce3015934ec785578e6a3eee1a7e,org.activiti.engine.impl.variable.JPAEntityMappings,org.activiti.engine.impl.variable.JPAEntityMappings_ESTest,21,0,False
934,NPEX,Activiti-c45d6c3c,0,d93f1e646a4c4f4eb9d0201e8bb48cdd,org.activiti.engine.impl.variable.JPAEntityMappings,org.activiti.engine.impl.variable.JPAEntityMappings_ESTest,20,0,False
935,NPEX,Activiti-c45d6c3c,0,e76320e7635b49f8a02bfe545cbdd881,org.activiti.engine.impl.variable.JPAEntityMappings,org.activiti.engine.impl.variable.JPAEntityMappings_ESTest,18,0,False
936,NPEX,Activiti-c45d6c3c,0,edde5c2a681648eba065da4fc030225c,org.activiti.engine.impl.variable.JPAEntityMappings,org.activiti.engine.impl.variable.JPAEntityMappings_ESTest,20,0,False
937,NPEX,Activiti-c45d6c3c,0,8bc320c3fff24e41a2339ba24f847d12,org.activiti.engine.impl.variable.JPAEntityMappings,org.activiti.engine.impl.variable.JPAEntityMappings_ESTest,20,0,False
938,NPEX,Activiti-c45d6c3c,0,b101abf6c6b84bd8839b828e489382db,org.activiti.engine.impl.variable.JPAEntityMappings,org.activiti.engine.impl.variable.JPAEntityMappings_ESTest,21,0,False
939,NPEX,Activiti-c45d6c3c,0,8180a265f6c84103a70ab2746db2ef4c,org.activiti.engine.impl.variable.JPAEntityMappings,org.activiti.engine.impl.variable.JPAEntityMappings_ESTest,19,0,False
940,NPEX,Activiti-c45d6c3c,0,f3bd6e356e644bbb954048e671be3816,org.activiti.engine.impl.variable.JPAEntityMappings,org.activiti.engine.impl.variable.JPAEntityMappings_ESTest,20,0,False
941,NPEX,Activiti-c45d6c3c,0,fc401ec447094a42b1ddedb6ee6878af,org.activiti.engine.impl.variable.JPAEntityMappings,org.activiti.engine.impl.variable.JPAEntityMappings_ESTest,23,0,False
942,NPEX,Activiti-c45d6c3c,0,e68b994e6b894fdc989dca982bcb59a0,org.activiti.engine.impl.variable.JPAEntityMappings,org.activiti.engine.impl.variable.JPAEntityMappings_ESTest,23,0,False
943,NPEX,Activiti-c45d6c3c,0,2439477f6c844e5bbdf8cbf485b283ac,org.activiti.engine.impl.variable.JPAEntityMappings,org.activiti.engine.impl.variable.JPAEntityMappings_ESTest,23,0,False
944,NPEX,Activiti-c45d6c3c,0,3d54d114b61d47918bd857af85f0e9be,org.activiti.engine.impl.variable.JPAEntityMappings,org.activiti.engine.impl.variable.JPAEntityMappings_ESTest,23,0,False
945,NPEX,Activiti-c45d6c3c,0,6decb73e77944dca9d507581f3230238,org.activiti.engine.impl.variable.JPAEntityMappings,org.activiti.engine.impl.variable.JPAEntityMappings_ESTest,20,0,False
946,NPEX,Activiti-c45d6c3c,0,973cd1ff4efd44bca7076c61ce63ec72,org.activiti.engine.impl.variable.JPAEntityMappings,org.activiti.engine.impl.variable.JPAEntityMappings_ESTest,24,0,False
947,NPEX,Activiti-c45d6c3c,0,5b748b21fbe8479f8e14e4d1edae21f3,org.activiti.engine.impl.variable.JPAEntityMappings,org.activiti.engine.impl.variable.JPAEntityMappings_ESTest,23,0,False
948,NPEX,Activiti-c45d6c3c,0,19eebb52cba14d0394335dc938d80a10,org.activiti.engine.impl.variable.JPAEntityMappings,org.activiti.engine.impl.variable.JPAEntityMappings_ESTest,20,0,False
949,NPEX,Activiti-c45d6c3c,0,99b4e9fa6cd14a589c5eef3c84ceb564,org.activiti.engine.impl.variable.JPAEntityMappings,org.activiti.engine.impl.variable.JPAEntityMappings_ESTest,24,0,False
950,NPEX,Activiti-c45d6c3c,0,23e639bd48f24973bf2c8a9a29c7d068,org.activiti.engine.impl.variable.JPAEntityMappings,org.activiti.engine.impl.variable.JPAEntityMappings_ESTest,19,0,False
951,NPEX,Activiti-c45d6c3c,0,ce404eed48a340f9a6903adc770ca291,org.activiti.engine.impl.variable.JPAEntityMappings,org.activiti.engine.impl.variable.JPAEntityMappings_ESTest,20,0,False
952,NPEX,Nutz-87a4b212,0,6b880aa004df4c4e926e7a6f89823810,org.nutz.lang.Mirror,org.nutz.lang.Mirror_ESTest,259,0,True
953,NPEX,Nutz-87a4b212,0,7936db7ebde849e8b11087900fe5b171,org.nutz.lang.Mirror,org.nutz.lang.Mirror_ESTest,253,0,True
954,NPEX,Nutz-87a4b212,0,a5cd04fe5f304072bef6b231faa0ca48,org.nutz.lang.Mirror,org.nutz.lang.Mirror_ESTest,251,0,True
955,NPEX,Nutz-87a4b212,0,bc877c32a2884bb983a6e0810e93b2d5,org.nutz.lang.Mirror,org.nutz.lang.Mirror_ESTest,257,0,True
956,NPEX,Nutz-87a4b212,0,9a1c1831ab1548478b4218b0d2e60b01,org.nutz.lang.Mirror,org.nutz.lang.Mirror_ESTest,254,0,True
957,NPEX,Nutz-87a4b212,0,b73d526c6ba04a1cad05009b91606384,org.nutz.lang.Mirror,org.nutz.lang.Mirror_ESTest,257,0,True
958,NPEX,Nutz-87a4b212,0,21e878bb11a04e7aaa3da21988783f40,org.nutz.lang.Mirror,org.nutz.lang.Mirror_ESTest,278,0,True
959,NPEX,Nutz-87a4b212,0,4ce818b99d1d4215893eef19a95a57c7,org.nutz.lang.Mirror,org.nutz.lang.Mirror_ESTest,277,0,True
960,NPEX,Nutz-87a4b212,0,faf0b6ed87564245a995ef91ea7ebd7f,org.nutz.lang.Mirror,org.nutz.lang.Mirror_ESTest,261,0,True
961,NPEX,Nutz-87a4b212,0,ec0f0b07a5d2459dacfec1072536999f,org.nutz.lang.Mirror,org.nutz.lang.Mirror_ESTest,253,0,True
962,NPEX,Nutz-87a4b212,0,867856d99e444d459ddb45c7fe72de19,org.nutz.lang.Mirror,org.nutz.lang.Mirror_ESTest,241,0,False
963,NPEX,Nutz-87a4b212,0,3487ebbf6bde4a2ea4f689206e159932,org.nutz.lang.Mirror,org.nutz.lang.Mirror_ESTest,253,0,True
964,NPEX,Nutz-87a4b212,0,98a0bc61c18447eaa7310c58918220cb,org.nutz.lang.Mirror,org.nutz.lang.Mirror_ESTest,252,0,True
965,NPEX,Nutz-87a4b212,0,8a0369444e604aa3acd701061d681b3f,org.nutz.lang.Mirror,org.nutz.lang.Mirror_ESTest,264,0,False
966,NPEX,Nutz-87a4b212,0,561a2bce851348e89534a5e44904be21,org.nutz.lang.Mirror,org.nutz.lang.Mirror_ESTest,262,0,True
967,NPEX,Nutz-87a4b212,0,2bbd79fe66cb4048a8654cdc7176b977,org.nutz.lang.Mirror,org.nutz.lang.Mirror_ESTest,261,0,True
968,NPEX,Nutz-87a4b212,0,99d3859f3daa4011be207ef4f0f7554d,org.nutz.lang.Mirror,org.nutz.lang.Mirror_ESTest,257,0,True
969,NPEX,Nutz-87a4b212,0,cade3ac0b830458d81e97765a02646bf,org.nutz.lang.Mirror,org.nutz.lang.Mirror_ESTest,257,0,True
970,NPEX,Nutz-87a4b212,0,8eccf6585c6440abb5533e8756d21dc6,org.nutz.lang.Mirror,org.nutz.lang.Mirror_ESTest,252,0,True
971,NPEX,OpenPDF-a89dfdf5,0,e0332d42fa5745a9990d6863d45e7e47,com.lowagie.text.pdf.StandardDecryption,com.lowagie.text.pdf.StandardDecryption_ESTest,17,0,True
972,NPEX,OpenPDF-a89dfdf5,0,a7c5d468707c44af8c836d50a0299111,com.lowagie.text.pdf.StandardDecryption,com.lowagie.text.pdf.StandardDecryption_ESTest,17,0,True
973,NPEX,OpenPDF-a89dfdf5,0,c2fb4c62503b4367a0acb0a430588471,com.lowagie.text.pdf.StandardDecryption,com.lowagie.text.pdf.StandardDecryption_ESTest,15,0,True
974,NPEX,OpenPDF-a89dfdf5,0,3f1cb62e9fcf46b989c51bf8f4af38e4,com.lowagie.text.pdf.StandardDecryption,com.lowagie.text.pdf.StandardDecryption_ESTest,16,0,True
975,NPEX,OpenPDF-a89dfdf5,0,c8e74ca54ae346b1ab4543131d081d70,com.lowagie.text.pdf.StandardDecryption,com.lowagie.text.pdf.StandardDecryption_ESTest,17,0,True
976,NPEX,OpenPDF-a89dfdf5,0,5c153d0e171d45a5a6f542d35e9b2d0b,com.lowagie.text.pdf.StandardDecryption,com.lowagie.text.pdf.StandardDecryption_ESTest,15,0,True
977,NPEX,OpenPDF-a89dfdf5,0,0494ab7311de4988b8e554e1994e42a3,com.lowagie.text.pdf.StandardDecryption,com.lowagie.text.pdf.StandardDecryption_ESTest,16,0,True
978,NPEX,OpenPDF-a89dfdf5,0,eeb9ab5395da449bae7eb1d8e84df562,com.lowagie.text.pdf.StandardDecryption,com.lowagie.text.pdf.StandardDecryption_ESTest,15,0,True
979,NPEX,OpenPDF-a89dfdf5,0,23fb9b8b4bff4f47b9aade71e9904569,com.lowagie.text.pdf.StandardDecryption,com.lowagie.text.pdf.StandardDecryption_ESTest,15,0,True
980,NPEX,OpenPDF-a89dfdf5,0,1c30c420419947fe9aa44b3abb2bf9fc,com.lowagie.text.pdf.StandardDecryption,com.lowagie.text.pdf.StandardDecryption_ESTest,15,0,True
981,NPEX,OpenPDF-a89dfdf5,0,ae5c25c06eaa4a6fb522ff3717b63271,com.lowagie.text.pdf.StandardDecryption,com.lowagie.text.pdf.StandardDecryption_ESTest,15,0,True
982,NPEX,OpenPDF-a89dfdf5,0,c93add399c0c4b32b0aac60194e691be,com.lowagie.text.pdf.StandardDecryption,com.lowagie.text.pdf.StandardDecryption_ESTest,17,0,True
983,NPEX,OpenPDF-a89dfdf5,0,f7c40e03ce404ac6a7f0812080afc9ba,com.lowagie.text.pdf.StandardDecryption,com.lowagie.text.pdf.StandardDecryption_ESTest,16,0,True
984,NPEX,OpenPDF-a89dfdf5,0,5145a6564e6b47dba53f650b6bdf1c48,com.lowagie.text.pdf.StandardDecryption,com.lowagie.text.pdf.StandardDecryption_ESTest,16,0,True
985,NPEX,OpenPDF-a89dfdf5,0,f33dc8fbfbb946f284cb4feb55eabdb0,com.lowagie.text.pdf.StandardDecryption,com.lowagie.text.pdf.StandardDecryption_ESTest,16,0,True
986,NPEX,OpenPDF-a89dfdf5,0,d95e200790334b64a1298f6ae78390d4,com.lowagie.text.pdf.StandardDecryption,com.lowagie.text.pdf.StandardDecryption_ESTest,16,0,True
987,NPEX,OpenPDF-a89dfdf5,0,0aadfb74e48b49d3ac93af33f793f5f2,com.lowagie.text.pdf.StandardDecryption,com.lowagie.text.pdf.StandardDecryption_ESTest,16,0,True
988,NPEX,OpenPDF-a89dfdf5,0,af027481eac346d1a59e1ac8a7c374d5,com.lowagie.text.pdf.StandardDecryption,com.lowagie.text.pdf.StandardDecryption_ESTest,17,0,True
989,NPEX,ActiveMQ_Artemis-586abba9,0,a1a6f9ec29904579899bbb2cb4488b40,org.apache.activemq.artemis.selector.filter.UnaryExpression,org.apache.activemq.artemis.selector.filter.UnaryExpression_ESTest,34,0,False
990,NPEX,ActiveMQ_Artemis-586abba9,0,d46b19cc9501467fa208178519939e74,org.apache.activemq.artemis.selector.filter.UnaryExpression,org.apache.activemq.artemis.selector.filter.UnaryExpression_ESTest,35,0,False
991,NPEX,ActiveMQ_Artemis-586abba9,0,30ac392812b04aba920c9cbf7b2cce2e,org.apache.activemq.artemis.selector.filter.UnaryExpression,org.apache.activemq.artemis.selector.filter.UnaryExpression_ESTest,38,0,False
992,NPEX,ActiveMQ_Artemis-586abba9,0,5c6ae55348454ae7b2f5b5fe6d2c4a3e,org.apache.activemq.artemis.selector.filter.UnaryExpression,org.apache.activemq.artemis.selector.filter.UnaryExpression_ESTest,36,0,False
993,NPEX,ActiveMQ_Artemis-586abba9,0,1544a6492abd4e8389a8e4a15c6e1262,org.apache.activemq.artemis.selector.filter.UnaryExpression,org.apache.activemq.artemis.selector.filter.UnaryExpression_ESTest,33,0,False
994,NPEX,ActiveMQ_Artemis-586abba9,0,299a130d33e3409782f8a452b44c5ec8,org.apache.activemq.artemis.selector.filter.UnaryExpression,org.apache.activemq.artemis.selector.filter.UnaryExpression_ESTest,32,0,False
995,NPEX,ActiveMQ_Artemis-586abba9,0,a6966dff82714fe5a39755d66bf7dc53,org.apache.activemq.artemis.selector.filter.UnaryExpression,org.apache.activemq.artemis.selector.filter.UnaryExpression_ESTest,37,0,False
996,NPEX,ActiveMQ_Artemis-586abba9,0,7a9598c123d94add8ea2c6fe3ea7b8c8,org.apache.activemq.artemis.selector.filter.UnaryExpression,org.apache.activemq.artemis.selector.filter.UnaryExpression_ESTest,34,0,False
997,NPEX,ActiveMQ_Artemis-586abba9,0,e16efd60096e405989a8e02aa841c56f,org.apache.activemq.artemis.selector.filter.UnaryExpression,org.apache.activemq.artemis.selector.filter.UnaryExpression_ESTest,35,0,False
998,NPEX,ActiveMQ_Artemis-586abba9,0,451bee0269d340e8bb74a910e2dfb47b,org.apache.activemq.artemis.selector.filter.UnaryExpression,org.apache.activemq.artemis.selector.filter.UnaryExpression_ESTest,35,0,False
999,NPEX,ActiveMQ_Artemis-586abba9,0,5d66ac5421c940d6a8d6e16f6ee5ad78,org.apache.activemq.artemis.selector.filter.UnaryExpression,org.apache.activemq.artemis.selector.filter.UnaryExpression_ESTest,36,0,False
1000,NPEX,ActiveMQ_Artemis-586abba9,0,232b7f00464943c29a4c5a267b6f5ded,org.apache.activemq.artemis.selector.filter.UnaryExpression,org.apache.activemq.artemis.selector.filter.UnaryExpression_ESTest,37,0,False
1001,NPEX,ActiveMQ_Artemis-586abba9,0,dc90ae6db6e8496daea0a3f4fdd1220d,org.apache.activemq.artemis.selector.filter.UnaryExpression,org.apache.activemq.artemis.selector.filter.UnaryExpression_ESTest,36,0,False
1002,NPEX,ActiveMQ_Artemis-586abba9,0,6f263da00fe8449d8659ab157296184a,org.apache.activemq.artemis.selector.filter.UnaryExpression,org.apache.activemq.artemis.selector.filter.UnaryExpression_ESTest,33,0,False
1003,NPEX,ActiveMQ_Artemis-586abba9,0,1a0dd6e3af5b4fc6845f19e0334d76c3,org.apache.activemq.artemis.selector.filter.UnaryExpression,org.apache.activemq.artemis.selector.filter.UnaryExpression_ESTest,35,0,False
1004,NPEX,ActiveMQ_Artemis-586abba9,0,a76f3c2fe88d4674aa31ef8efe326227,org.apache.activemq.artemis.selector.filter.UnaryExpression,org.apache.activemq.artemis.selector.filter.UnaryExpression_ESTest,35,0,False
1005,NPEX,ActiveMQ_Artemis-586abba9,0,010523b462054fe08a2dc5f203b04b20,org.apache.activemq.artemis.selector.filter.UnaryExpression,org.apache.activemq.artemis.selector.filter.UnaryExpression_ESTest,36,0,False
1006,NPEX,ActiveMQ_Artemis-586abba9,0,abe330e053f6493bb63705e3253562f1,org.apache.activemq.artemis.selector.filter.UnaryExpression,org.apache.activemq.artemis.selector.filter.UnaryExpression_ESTest,35,0,False
1007,NPEX,ActiveMQ_Artemis-586abba9,0,32b16133160a4c97a7ee753a0932ca51,org.apache.activemq.artemis.selector.filter.UnaryExpression,org.apache.activemq.artemis.selector.filter.UnaryExpression_ESTest,37,0,False
1008,NPEX,ActiveMQ_Artemis-586abba9,0,134a28ae5a2441cfabd8d419014c70ef,org.apache.activemq.artemis.selector.filter.UnaryExpression,org.apache.activemq.artemis.selector.filter.UnaryExpression_ESTest,36,0,False
1009,NPEX,ShardingSphere-82b1b9d5,0,deabba95929143379ae19f49daa98baa,org.apache.shardingsphere.infra.executor.sql.context.ExecutionContextBuilder,org.apache.shardingsphere.infra.executor.sql.context.ExecutionContextBuilder_ESTest,6,0,False
1010,NPEX,ShardingSphere-82b1b9d5,0,4f28de1534064722825c99a1cacd8d0b,org.apache.shardingsphere.infra.executor.sql.context.ExecutionContextBuilder,org.apache.shardingsphere.infra.executor.sql.context.ExecutionContextBuilder_ESTest,5,0,False
1011,NPEX,ShardingSphere-82b1b9d5,0,c91158cab5fe460eb85feee460152a98,org.apache.shardingsphere.infra.executor.sql.context.ExecutionContextBuilder,org.apache.shardingsphere.infra.executor.sql.context.ExecutionContextBuilder_ESTest,7,0,False
1012,NPEX,ShardingSphere-82b1b9d5,0,6ec834592d934fa09991ccafb574d498,org.apache.shardingsphere.infra.executor.sql.context.ExecutionContextBuilder,org.apache.shardingsphere.infra.executor.sql.context.ExecutionContextBuilder_ESTest,6,0,False
1013,NPEX,ShardingSphere-82b1b9d5,0,a5a6ac21be3745c08b0893456aa7f6ab,org.apache.shardingsphere.infra.executor.sql.context.ExecutionContextBuilder,org.apache.shardingsphere.infra.executor.sql.context.ExecutionContextBuilder_ESTest,7,0,False
1014,NPEX,ShardingSphere-82b1b9d5,0,e3a01ffbad98419f8ee28b41a6339415,org.apache.shardingsphere.infra.executor.sql.context.ExecutionContextBuilder,org.apache.shardingsphere.infra.executor.sql.context.ExecutionContextBuilder_ESTest,5,0,False
1015,NPEX,ShardingSphere-82b1b9d5,0,2edc0bbff3c34e57a626c9f58a2445ac,org.apache.shardingsphere.infra.executor.sql.context.ExecutionContextBuilder,org.apache.shardingsphere.infra.executor.sql.context.ExecutionContextBuilder_ESTest,6,0,False
1016,NPEX,ShardingSphere-82b1b9d5,0,9fc58c1f7ca64f27a1a554ceea9d209a,org.apache.shardingsphere.infra.executor.sql.context.ExecutionContextBuilder,org.apache.shardingsphere.infra.executor.sql.context.ExecutionContextBuilder_ESTest,6,0,False
1017,NPEX,ShardingSphere-82b1b9d5,0,814c127f786d4267b162885373d41d65,org.apache.shardingsphere.infra.executor.sql.context.ExecutionContextBuilder,org.apache.shardingsphere.infra.executor.sql.context.ExecutionContextBuilder_ESTest,6,0,False
1018,NPEX,ShardingSphere-82b1b9d5,0,584a7bad6aa345818d83666da869df01,org.apache.shardingsphere.infra.executor.sql.context.ExecutionContextBuilder,org.apache.shardingsphere.infra.executor.sql.context.ExecutionContextBuilder_ESTest,6,0,False
1019,NPEX,ShardingSphere-82b1b9d5,0,06e40bb0ade74ce1bbe65a5f572f2d80,org.apache.shardingsphere.infra.executor.sql.context.ExecutionContextBuilder,org.apache.shardingsphere.infra.executor.sql.context.ExecutionContextBuilder_ESTest,7,0,False
1020,NPEX,ShardingSphere-82b1b9d5,0,453abfb7516b48a5aed071e8e4e08825,org.apache.shardingsphere.infra.executor.sql.context.ExecutionContextBuilder,org.apache.shardingsphere.infra.executor.sql.context.ExecutionContextBuilder_ESTest,6,0,False
1021,NPEX,ShardingSphere-82b1b9d5,0,f8691b1f79e3484cac3474f9806a801b,org.apache.shardingsphere.infra.executor.sql.context.ExecutionContextBuilder,org.apache.shardingsphere.infra.executor.sql.context.ExecutionContextBuilder_ESTest,6,0,False
1022,NPEX,ShardingSphere-82b1b9d5,0,80563af6837e4e038eb23fa3d3b295d2,org.apache.shardingsphere.infra.executor.sql.context.ExecutionContextBuilder,org.apache.shardingsphere.infra.executor.sql.context.ExecutionContextBuilder_ESTest,5,0,False
1023,NPEX,ShardingSphere-82b1b9d5,0,0c6150784e5e410698d67c402d323c83,org.apache.shardingsphere.infra.executor.sql.context.ExecutionContextBuilder,org.apache.shardingsphere.infra.executor.sql.context.ExecutionContextBuilder_ESTest,5,0,False
1024,NPEX,ShardingSphere-82b1b9d5,0,9dc7bd5e79944f9c9091f26aeafe5141,org.apache.shardingsphere.infra.executor.sql.context.ExecutionContextBuilder,org.apache.shardingsphere.infra.executor.sql.context.ExecutionContextBuilder_ESTest,7,0,False
1025,NPEX,ShardingSphere-82b1b9d5,0,27a706bf1e1243efb0a60b579cc86239,org.apache.shardingsphere.infra.executor.sql.context.ExecutionContextBuilder,org.apache.shardingsphere.infra.executor.sql.context.ExecutionContextBuilder_ESTest,5,0,False
1026,NPEX,ShardingSphere-82b1b9d5,0,d7a43032e9dd4d66ad5b3a507d1554cd,org.apache.shardingsphere.infra.executor.sql.context.ExecutionContextBuilder,org.apache.shardingsphere.infra.executor.sql.context.ExecutionContextBuilder_ESTest,6,0,False
1027,NPEX,ShardingSphere-82b1b9d5,0,95432e81a16e4b95b7208eaeb447509b,org.apache.shardingsphere.infra.executor.sql.context.ExecutionContextBuilder,org.apache.shardingsphere.infra.executor.sql.context.ExecutionContextBuilder_ESTest,6,0,False
1028,NPEX,ShardingSphere-82b1b9d5,0,b1ba7b3cd7ad45cd9085166d59d9b65e,org.apache.shardingsphere.infra.executor.sql.context.ExecutionContextBuilder,org.apache.shardingsphere.infra.executor.sql.context.ExecutionContextBuilder_ESTest,5,0,False
1029,NPEX,CXF-7cfc8d07,0,8d38155752bd40e499258c17f6dae206,org.apache.cxf.rs.security.jose.jws.JwsUtils,org.apache.cxf.rs.security.jose.jws.JwsUtils_ESTest,120,0,False
1030,NPEX,CXF-7cfc8d07,0,5429a4c259c8407ba50553ee1afa7e06,org.apache.cxf.rs.security.jose.jws.JwsUtils,org.apache.cxf.rs.security.jose.jws.JwsUtils_ESTest,122,0,False
1031,NPEX,CXF-7cfc8d07,0,8bbc8f0fc3154dac9f38b0f349b3317b,org.apache.cxf.rs.security.jose.jws.JwsUtils,org.apache.cxf.rs.security.jose.jws.JwsUtils_ESTest,121,0,False
1032,NPEX,CXF-7cfc8d07,0,4d8ead36cc544beeae82f8fd918c7c9b,org.apache.cxf.rs.security.jose.jws.JwsUtils,org.apache.cxf.rs.security.jose.jws.JwsUtils_ESTest,113,0,False
1033,NPEX,CXF-7cfc8d07,0,8b925fada1c0491ebfa37a0a79a2a7ad,org.apache.cxf.rs.security.jose.jws.JwsUtils,org.apache.cxf.rs.security.jose.jws.JwsUtils_ESTest,123,0,False
1034,NPEX,CXF-7cfc8d07,0,ad15a68135bb4540a16afc2228c92c66,org.apache.cxf.rs.security.jose.jws.JwsUtils,org.apache.cxf.rs.security.jose.jws.JwsUtils_ESTest,119,0,False
1035,NPEX,CXF-7cfc8d07,0,7ce324e4ec9b477cb26427e3d6aef9ec,org.apache.cxf.rs.security.jose.jws.JwsUtils,org.apache.cxf.rs.security.jose.jws.JwsUtils_ESTest,117,0,False
1036,NPEX,CXF-7cfc8d07,0,6a1270895c4e414392e6799ff9149337,org.apache.cxf.rs.security.jose.jws.JwsUtils,org.apache.cxf.rs.security.jose.jws.JwsUtils_ESTest,124,0,False
1037,NPEX,CXF-7cfc8d07,0,78540776b6524dc69e5ebbb3c37636bb,org.apache.cxf.rs.security.jose.jws.JwsUtils,org.apache.cxf.rs.security.jose.jws.JwsUtils_ESTest,104,0,False
1038,NPEX,CXF-7cfc8d07,0,d316690cde974329b887694de87f8854,org.apache.cxf.rs.security.jose.jws.JwsUtils,org.apache.cxf.rs.security.jose.jws.JwsUtils_ESTest,112,0,False
1039,NPEX,CXF-7cfc8d07,0,65da0565fbe144728315ad96834218c5,org.apache.cxf.rs.security.jose.jws.JwsUtils,org.apache.cxf.rs.security.jose.jws.JwsUtils_ESTest,120,0,False
1040,NPEX,CXF-7cfc8d07,0,0046f7010412420b895cd91ef8a9f2c8,org.apache.cxf.rs.security.jose.jws.JwsUtils,org.apache.cxf.rs.security.jose.jws.JwsUtils_ESTest,120,0,False
1041,NPEX,CXF-7cfc8d07,0,b83d93ec28a9401494de54b057cc2428,org.apache.cxf.rs.security.jose.jws.JwsUtils,org.apache.cxf.rs.security.jose.jws.JwsUtils_ESTest,149,0,False
1042,NPEX,CXF-7cfc8d07,0,9fc64d0c265a48398ad4f6758a7f955c,org.apache.cxf.rs.security.jose.jws.JwsUtils,org.apache.cxf.rs.security.jose.jws.JwsUtils_ESTest,75,0,False
1043,NPEX,CXF-7cfc8d07,0,b68935d5deb84c99aa56e5de3ec148c1,org.apache.cxf.rs.security.jose.jws.JwsUtils,org.apache.cxf.rs.security.jose.jws.JwsUtils_ESTest,119,0,False
1044,NPEX,CXF-7cfc8d07,0,70e2ca7ef4bf4959be0c0c3b997ead14,org.apache.cxf.rs.security.jose.jws.JwsUtils,org.apache.cxf.rs.security.jose.jws.JwsUtils_ESTest,124,0,False
1045,NPEX,CXF-7cfc8d07,0,6e3573da629248d895a624a2762892d3,org.apache.cxf.rs.security.jose.jws.JwsUtils,org.apache.cxf.rs.security.jose.jws.JwsUtils_ESTest,119,0,False
1046,NPEX,CXF-7cfc8d07,0,aa0fe57515f34c5b976d8ce1c4fe1f21,org.apache.cxf.rs.security.jose.jws.JwsUtils,org.apache.cxf.rs.security.jose.jws.JwsUtils_ESTest,120,0,False
1047,NPEX,CXF-7cfc8d07,0,a22265e3d2914ba3bcf8c34bd5a101e6,org.apache.cxf.rs.security.jose.jws.JwsUtils,org.apache.cxf.rs.security.jose.jws.JwsUtils_ESTest,116,0,False
1048,NPEX,CXF-7cfc8d07,0,4377cf4db0ad4bbab88426065b237d6c,org.apache.cxf.rs.security.jose.jws.JwsUtils,org.apache.cxf.rs.security.jose.jws.JwsUtils_ESTest,116,0,False
1049,NPEX,Fastjson-650a300f,0,6da9241dc4ce4d8cbcfd73807eed59df,com.alibaba.fastjson.parser.deserializer.DefaultFieldDeserializer,com.alibaba.fastjson.parser.deserializer.DefaultFieldDeserializer_ESTest,18,0,False
1050,NPEX,Fastjson-650a300f,0,4897693c9f7e4d2dbe0b93d324c47091,com.alibaba.fastjson.parser.deserializer.DefaultFieldDeserializer,com.alibaba.fastjson.parser.deserializer.DefaultFieldDeserializer_ESTest,19,0,False
1051,NPEX,Fastjson-650a300f,0,5228cb2517664658b8da9276948482df,com.alibaba.fastjson.parser.deserializer.DefaultFieldDeserializer,com.alibaba.fastjson.parser.deserializer.DefaultFieldDeserializer_ESTest,24,0,True
1052,NPEX,Fastjson-650a300f,0,15a62bd3b3dc4dc4bf65cc25fcd5e9b1,com.alibaba.fastjson.parser.deserializer.DefaultFieldDeserializer,com.alibaba.fastjson.parser.deserializer.DefaultFieldDeserializer_ESTest,23,0,False
1053,NPEX,Fastjson-650a300f,0,a3b9489ed5b34e768d1380b23b2ad4ca,com.alibaba.fastjson.parser.deserializer.DefaultFieldDeserializer,com.alibaba.fastjson.parser.deserializer.DefaultFieldDeserializer_ESTest,18,0,True
1054,NPEX,Fastjson-650a300f,0,9a8ab2c8d352443eacff90b79a3d59a1,com.alibaba.fastjson.parser.deserializer.DefaultFieldDeserializer,com.alibaba.fastjson.parser.deserializer.DefaultFieldDeserializer_ESTest,19,0,False
1055,NPEX,Fastjson-650a300f,0,bdbc21b6760047c0bed64de896ab8004,com.alibaba.fastjson.parser.deserializer.DefaultFieldDeserializer,com.alibaba.fastjson.parser.deserializer.DefaultFieldDeserializer_ESTest,18,0,True
1056,NPEX,Fastjson-650a300f,0,0e7826efeb7143b490ba75833de3362e,com.alibaba.fastjson.parser.deserializer.DefaultFieldDeserializer,com.alibaba.fastjson.parser.deserializer.DefaultFieldDeserializer_ESTest,16,0,True
1057,NPEX,Fastjson-650a300f,0,4251e127e902445ab500ebc8b579283c,com.alibaba.fastjson.parser.deserializer.DefaultFieldDeserializer,com.alibaba.fastjson.parser.deserializer.DefaultFieldDeserializer_ESTest,19,0,True
1058,NPEX,Fastjson-650a300f,0,f203875ef1d746628c1d3c600526dbae,com.alibaba.fastjson.parser.deserializer.DefaultFieldDeserializer,com.alibaba.fastjson.parser.deserializer.DefaultFieldDeserializer_ESTest,23,0,False
1059,NPEX,Fastjson-650a300f,0,61be9f96b5cd4d8a8c9b65a3bf91c2a1,com.alibaba.fastjson.parser.deserializer.DefaultFieldDeserializer,com.alibaba.fastjson.parser.deserializer.DefaultFieldDeserializer_ESTest,18,0,False
1060,NPEX,Fastjson-650a300f,0,b995a89322d84250835830876194a792,com.alibaba.fastjson.parser.deserializer.DefaultFieldDeserializer,com.alibaba.fastjson.parser.deserializer.DefaultFieldDeserializer_ESTest,22,0,False
1061,NPEX,Fastjson-650a300f,0,e521a5151ab847d7b0e67da5790b7e79,com.alibaba.fastjson.parser.deserializer.DefaultFieldDeserializer,com.alibaba.fastjson.parser.deserializer.DefaultFieldDeserializer_ESTest,21,0,True
1062,NPEX,Fastjson-650a300f,0,b0bf11d1fb0842fda2a03ed00e79e07e,com.alibaba.fastjson.parser.deserializer.DefaultFieldDeserializer,com.alibaba.fastjson.parser.deserializer.DefaultFieldDeserializer_ESTest,21,0,False
1063,NPEX,Fastjson-650a300f,0,41e1cffb61544c3085d8f010ad9bc369,com.alibaba.fastjson.parser.deserializer.DefaultFieldDeserializer,com.alibaba.fastjson.parser.deserializer.DefaultFieldDeserializer_ESTest,20,0,False
1064,NPEX,Fastjson-650a300f,0,5828497e50784fbbae920d8fcdbacc8d,com.alibaba.fastjson.parser.deserializer.DefaultFieldDeserializer,com.alibaba.fastjson.parser.deserializer.DefaultFieldDeserializer_ESTest,17,0,False
1065,NPEX,Fastjson-650a300f,0,cb69ee4a2cac4a3ea934c225add3f710,com.alibaba.fastjson.parser.deserializer.DefaultFieldDeserializer,com.alibaba.fastjson.parser.deserializer.DefaultFieldDeserializer_ESTest,22,0,True
1066,NPEX,Fastjson-650a300f,0,ed07241daa8449e392e983fc445359f0,com.alibaba.fastjson.parser.deserializer.DefaultFieldDeserializer,com.alibaba.fastjson.parser.deserializer.DefaultFieldDeserializer_ESTest,17,0,False
1067,NPEX,Fastjson-650a300f,0,f9929b24e8d1424d9ecff1f2fc78fac9,com.alibaba.fastjson.parser.deserializer.DefaultFieldDeserializer,com.alibaba.fastjson.parser.deserializer.DefaultFieldDeserializer_ESTest,19,0,False
1068,NPEX,Fastjson-650a300f,0,22ee6e9cb6064f5694ce7e51b4d8f0fc,com.alibaba.fastjson.parser.deserializer.DefaultFieldDeserializer,com.alibaba.fastjson.parser.deserializer.DefaultFieldDeserializer_ESTest,20,0,True
1069,NPEX,FOP-10e0d1c2,0,2855c49c6cca4faa825a133b8f381fc1,org.apache.fop.fonts.SingleByteFont,org.apache.fop.fonts.SingleByteFont_ESTest,77,0,True
1070,NPEX,FOP-10e0d1c2,0,50e32df72a2c4cca9e3e5306b7cac57b,org.apache.fop.fonts.SingleByteFont,org.apache.fop.fonts.SingleByteFont_ESTest,87,0,True
1071,NPEX,FOP-10e0d1c2,0,0bfe28e61d5c48a695443b72b9a4e840,org.apache.fop.fonts.SingleByteFont,org.apache.fop.fonts.SingleByteFont_ESTest,87,0,True
1072,NPEX,FOP-10e0d1c2,0,514d13ff7d69452282b18e229be98217,org.apache.fop.fonts.SingleByteFont,org.apache.fop.fonts.SingleByteFont_ESTest,86,0,True
1073,NPEX,FOP-10e0d1c2,0,e83196bf10bf436381dc6c1d2bdef5ef,org.apache.fop.fonts.SingleByteFont,org.apache.fop.fonts.SingleByteFont_ESTest,85,0,True
1074,NPEX,FOP-10e0d1c2,0,63ecb60874d748cd8fef840f095c2123,org.apache.fop.fonts.SingleByteFont,org.apache.fop.fonts.SingleByteFont_ESTest,95,0,True
1075,NPEX,FOP-10e0d1c2,0,bfb683d1f3bb48529e2a7611cb08bac4,org.apache.fop.fonts.SingleByteFont,org.apache.fop.fonts.SingleByteFont_ESTest,90,0,True
1076,NPEX,FOP-10e0d1c2,0,ea8b6831fcca4b52add217e0e54cbb62,org.apache.fop.fonts.SingleByteFont,org.apache.fop.fonts.SingleByteFont_ESTest,86,0,True
1077,NPEX,FOP-10e0d1c2,0,172906ded371454f80d16e2b8fccb2ea,org.apache.fop.fonts.SingleByteFont,org.apache.fop.fonts.SingleByteFont_ESTest,91,0,False
1078,NPEX,FOP-10e0d1c2,0,b69a0f23a2094e269565245a58133c2e,org.apache.fop.fonts.SingleByteFont,org.apache.fop.fonts.SingleByteFont_ESTest,88,0,True
1079,NPEX,FOP-10e0d1c2,0,966f9bad24e347f48cc45119450215d2,org.apache.fop.fonts.SingleByteFont,org.apache.fop.fonts.SingleByteFont_ESTest,91,0,True
1080,NPEX,FOP-10e0d1c2,0,1ccbf45620304dca87d9f99205ba963d,org.apache.fop.fonts.SingleByteFont,org.apache.fop.fonts.SingleByteFont_ESTest,93,0,False
1081,NPEX,FOP-10e0d1c2,0,0f13b8f8871a421082ab012a46ce4b55,org.apache.fop.fonts.SingleByteFont,org.apache.fop.fonts.SingleByteFont_ESTest,80,0,True
1082,NPEX,FOP-10e0d1c2,0,de975fb98f4a4ecfb8a0f8277f00869f,org.apache.fop.fonts.SingleByteFont,org.apache.fop.fonts.SingleByteFont_ESTest,90,0,True
1083,NPEX,FOP-10e0d1c2,0,02c9b3a703784e698f35362997f8ce6c,org.apache.fop.fonts.SingleByteFont,org.apache.fop.fonts.SingleByteFont_ESTest,85,0,True
1084,NPEX,FOP-10e0d1c2,0,6916d481551d4c989e1cdb96b8941508,org.apache.fop.fonts.SingleByteFont,org.apache.fop.fonts.SingleByteFont_ESTest,86,0,True
1085,NPEX,FOP-10e0d1c2,0,d3019edc85324af39006708e08858977,org.apache.fop.fonts.SingleByteFont,org.apache.fop.fonts.SingleByteFont_ESTest,85,0,True
1086,NPEX,FOP-10e0d1c2,0,706837323658442aa9d9d6d2916561b8,org.apache.fop.fonts.SingleByteFont,org.apache.fop.fonts.SingleByteFont_ESTest,85,0,True
1087,NPEX,FOP-10e0d1c2,0,a86fbdd5f8c04694b88b5845631ac708,org.apache.fop.fonts.SingleByteFont,org.apache.fop.fonts.SingleByteFont_ESTest,88,0,True
1088,NPEX,FOP-10e0d1c2,0,955350cec0f643259820ee7b71813eec,org.apache.fop.fonts.SingleByteFont,org.apache.fop.fonts.SingleByteFont_ESTest,86,0,True
1089,NPEX,Log4j_2-85661de7,0,9e6347f3315f498dbc293c2662194b54,org.apache.logging.log4j.spi.AbstractLogger,org.apache.logging.log4j.spi.AbstractLogger_ESTest,252,0,False
1090,NPEX,Log4j_2-85661de7,0,2723039767334926a7486f3d4d4c84e0,org.apache.logging.log4j.spi.AbstractLogger,org.apache.logging.log4j.spi.AbstractLogger_ESTest,173,0,False
1091,NPEX,Log4j_2-85661de7,0,a77a6f341fd14b09a237aec3e04145a5,org.apache.logging.log4j.spi.AbstractLogger,org.apache.logging.log4j.spi.AbstractLogger_ESTest,271,0,False
1092,NPEX,Log4j_2-85661de7,0,ebebb30dbe6047b38eb262d9fc4d2c31,org.apache.logging.log4j.spi.AbstractLogger,org.apache.logging.log4j.spi.AbstractLogger_ESTest,58,0,False
1093,NPEX,Log4j_2-85661de7,0,f74b089c0e8a410d9621f86c4da9958d,org.apache.logging.log4j.spi.AbstractLogger,org.apache.logging.log4j.spi.AbstractLogger_ESTest,258,0,False
1094,NPEX,Log4j_2-85661de7,0,8e8c412ded0b4ad3a0f63f2b1f2951d7,org.apache.logging.log4j.spi.AbstractLogger,org.apache.logging.log4j.spi.AbstractLogger_ESTest,152,0,False
1095,NPEX,Log4j_2-85661de7,0,676dfc56d93b48a8abc07dcff40f845b,org.apache.logging.log4j.spi.AbstractLogger,org.apache.logging.log4j.spi.AbstractLogger_ESTest,280,0,False
1096,NPEX,Log4j_2-85661de7,0,2c522b798ee94070892f802599ac34af,org.apache.logging.log4j.spi.AbstractLogger,org.apache.logging.log4j.spi.AbstractLogger_ESTest,265,0,False
1097,NPEX,Log4j_2-85661de7,0,3d0b57a68afd4bff93843fa6efa3d40f,org.apache.logging.log4j.spi.AbstractLogger,org.apache.logging.log4j.spi.AbstractLogger_ESTest,230,0,False
1098,NPEX,Log4j_2-85661de7,0,bce1237977b94d9fafd531c6c45619b3,org.apache.logging.log4j.spi.AbstractLogger,org.apache.logging.log4j.spi.AbstractLogger_ESTest,225,0,False
1099,NPEX,Log4j_2-85661de7,0,f32bb4944aad4b21b3069e375e9a0b44,org.apache.logging.log4j.spi.AbstractLogger,org.apache.logging.log4j.spi.AbstractLogger_ESTest,223,0,False
1100,NPEX,Log4j_2-85661de7,0,b1a001b51a5c4bd4956a278590dc7078,org.apache.logging.log4j.spi.AbstractLogger,org.apache.logging.log4j.spi.AbstractLogger_ESTest,238,0,False
1101,NPEX,Log4j_2-85661de7,0,3c68789f1d664081b0174259148904c6,org.apache.logging.log4j.spi.AbstractLogger,org.apache.logging.log4j.spi.AbstractLogger_ESTest,249,0,False
1102,NPEX,Log4j_2-85661de7,0,285991b66833400a936ac9a4a14fcac5,org.apache.logging.log4j.spi.AbstractLogger,org.apache.logging.log4j.spi.AbstractLogger_ESTest,295,0,False
1103,NPEX,Log4j_2-85661de7,0,791245cc478b4c7a95928137dbe8cf61,org.apache.logging.log4j.spi.AbstractLogger,org.apache.logging.log4j.spi.AbstractLogger_ESTest,249,0,False
1104,NPEX,Log4j_2-85661de7,0,bb2bf3d7d4354591a23aefcce2dfc9e0,org.apache.logging.log4j.spi.AbstractLogger,org.apache.logging.log4j.spi.AbstractLogger_ESTest,189,0,False
1105,NPEX,Log4j_2-85661de7,0,b1079cc2792c4217bf671c21ce546019,org.apache.logging.log4j.spi.AbstractLogger,org.apache.logging.log4j.spi.AbstractLogger_ESTest,304,0,False
1106,NPEX,HttpComponents_Client-1026a1e5,0,7604c9d0ac1442e0a9c70a1014b85ed0,org.apache.hc.client5.http.impl.classic.MinimalHttpClient,org.apache.hc.client5.http.impl.classic.MinimalHttpClient_ESTest,14,0,False
1107,NPEX,HttpComponents_Client-1026a1e5,0,6411fa8e73304989900e4cba677519e6,org.apache.hc.client5.http.impl.classic.MinimalHttpClient,org.apache.hc.client5.http.impl.classic.MinimalHttpClient_ESTest,16,0,False
1108,NPEX,HttpComponents_Client-1026a1e5,0,4ac198935e854e12b1f4f346fb02e7e1,org.apache.hc.client5.http.impl.classic.MinimalHttpClient,org.apache.hc.client5.http.impl.classic.MinimalHttpClient_ESTest,13,0,False
1109,NPEX,HttpComponents_Client-1026a1e5,0,cf0c8c1f0f9a4ee6b2e41fdb9ce79fb2,org.apache.hc.client5.http.impl.classic.MinimalHttpClient,org.apache.hc.client5.http.impl.classic.MinimalHttpClient_ESTest,13,0,False
1110,NPEX,HttpComponents_Client-1026a1e5,0,be96d8c8cc8843228b57d82f672e432f,org.apache.hc.client5.http.impl.classic.MinimalHttpClient,org.apache.hc.client5.http.impl.classic.MinimalHttpClient_ESTest,12,0,False
1111,NPEX,HttpComponents_Client-1026a1e5,0,4b92d1a78cf049d9b078d2b8219ba7b1,org.apache.hc.client5.http.impl.classic.MinimalHttpClient,org.apache.hc.client5.http.impl.classic.MinimalHttpClient_ESTest,14,0,False
1112,NPEX,HttpComponents_Client-1026a1e5,0,1a8f4bcb9c5641e1a34723f7e70dadc8,org.apache.hc.client5.http.impl.classic.MinimalHttpClient,org.apache.hc.client5.http.impl.classic.MinimalHttpClient_ESTest,15,0,False
1113,NPEX,HttpComponents_Client-1026a1e5,0,126fef8abba0436fa65cfd7d38de8280,org.apache.hc.client5.http.impl.classic.MinimalHttpClient,org.apache.hc.client5.http.impl.classic.MinimalHttpClient_ESTest,8,0,False
1114,NPEX,HttpComponents_Client-1026a1e5,0,2c4a5fa1e6d249ce843cbb69453ee57d,org.apache.hc.client5.http.impl.classic.MinimalHttpClient,org.apache.hc.client5.http.impl.classic.MinimalHttpClient_ESTest,14,0,False
1115,NPEX,HttpComponents_Client-1026a1e5,0,c15464b163d84145afe648792d0966fd,org.apache.hc.client5.http.impl.classic.MinimalHttpClient,org.apache.hc.client5.http.impl.classic.MinimalHttpClient_ESTest,11,0,False
1116,NPEX,HttpComponents_Client-1026a1e5,0,6eac9dac643c4de29a7421fb62d3807e,org.apache.hc.client5.http.impl.classic.MinimalHttpClient,org.apache.hc.client5.http.impl.classic.MinimalHttpClient_ESTest,13,0,False
1117,NPEX,HttpComponents_Client-1026a1e5,0,b347c84164dd48ada64f0e38e7d482dc,org.apache.hc.client5.http.impl.classic.MinimalHttpClient,org.apache.hc.client5.http.impl.classic.MinimalHttpClient_ESTest,16,0,False
1118,NPEX,HttpComponents_Client-1026a1e5,0,ab5b6ba1186343e28668915be5875c89,org.apache.hc.client5.http.impl.classic.MinimalHttpClient,org.apache.hc.client5.http.impl.classic.MinimalHttpClient_ESTest,15,0,False
1119,NPEX,HttpComponents_Client-1026a1e5,0,8ef8acbf0a874864b31049125ea46279,org.apache.hc.client5.http.impl.classic.MinimalHttpClient,org.apache.hc.client5.http.impl.classic.MinimalHttpClient_ESTest,14,0,False
1120,NPEX,HttpComponents_Client-1026a1e5,0,1fa22aae7e684251a67e7509f51e80c6,org.apache.hc.client5.http.impl.classic.MinimalHttpClient,org.apache.hc.client5.http.impl.classic.MinimalHttpClient_ESTest,12,0,False
1121,NPEX,HttpComponents_Client-1026a1e5,0,6926efe959f442a1bbd0898ef0e552a8,org.apache.hc.client5.http.impl.classic.MinimalHttpClient,org.apache.hc.client5.http.impl.classic.MinimalHttpClient_ESTest,14,0,False
1122,NPEX,HttpComponents_Client-1026a1e5,0,c938f955c048484693c53dac799729a0,org.apache.hc.client5.http.impl.classic.MinimalHttpClient,org.apache.hc.client5.http.impl.classic.MinimalHttpClient_ESTest,15,0,False
1123,NPEX,HttpComponents_Client-1026a1e5,0,7430da5c8c524a5bb843df6d4ec698c5,org.apache.hc.client5.http.impl.classic.MinimalHttpClient,org.apache.hc.client5.http.impl.classic.MinimalHttpClient_ESTest,15,0,False
1124,NPEX,HttpComponents_Client-1026a1e5,0,4aea6c8b1f2a482ca53910fa34cc2219,org.apache.hc.client5.http.impl.classic.MinimalHttpClient,org.apache.hc.client5.http.impl.classic.MinimalHttpClient_ESTest,15,0,False
1125,NPEX,HttpComponents_Client-1026a1e5,0,ff09f0c833434c3098cccb8f1bb6f503,org.apache.hc.client5.http.impl.classic.MinimalHttpClient,org.apache.hc.client5.http.impl.classic.MinimalHttpClient_ESTest,15,0,False
1126,NPEX,Commons_Configuration-a76a3a65,0,e3cd7052e536469ab28dd577510ce521,org.apache.commons.configuration2.XMLConfiguration,org.apache.commons.configuration2.XMLConfiguration_ESTest,45,0,True
1127,NPEX,Commons_Configuration-a76a3a65,0,a3e44f1d64c94929b1652ae9e4c963bb,org.apache.commons.configuration2.XMLConfiguration,org.apache.commons.configuration2.XMLConfiguration_ESTest$1,55,0,True
1128,NPEX,Commons_Configuration-a76a3a65,0,a3e44f1d64c94929b1652ae9e4c963bb,org.apache.commons.configuration2.XMLConfiguration,org.apache.commons.configuration2.XMLConfiguration_ESTest,55,0,True
1129,NPEX,Commons_Configuration-a76a3a65,0,522ef8e39a7c4af39563ae386d63b0d8,org.apache.commons.configuration2.XMLConfiguration,org.apache.commons.configuration2.XMLConfiguration_ESTest$1,61,0,True
1130,NPEX,Commons_Configuration-a76a3a65,0,522ef8e39a7c4af39563ae386d63b0d8,org.apache.commons.configuration2.XMLConfiguration,org.apache.commons.configuration2.XMLConfiguration_ESTest,61,0,True
1131,NPEX,Commons_Configuration-a76a3a65,0,d822c526d19d4dfcaf4651885613de32,org.apache.commons.configuration2.XMLConfiguration,org.apache.commons.configuration2.XMLConfiguration_ESTest,56,0,True
1132,NPEX,Commons_Configuration-a76a3a65,0,8b0e4092e1454d798ac12c894556f5ab,org.apache.commons.configuration2.XMLConfiguration,org.apache.commons.configuration2.XMLConfiguration_ESTest,55,0,True
1133,NPEX,Commons_Configuration-a76a3a65,0,19455475f48d4809acc02269e388ec41,org.apache.commons.configuration2.XMLConfiguration,org.apache.commons.configuration2.XMLConfiguration_ESTest,53,0,True
1134,NPEX,Commons_Configuration-a76a3a65,0,f1065bb44f714d3f937c17580de3fff5,org.apache.commons.configuration2.XMLConfiguration,org.apache.commons.configuration2.XMLConfiguration_ESTest,57,0,True
1135,NPEX,Commons_Configuration-a76a3a65,0,c20b97ea2ff7448a8be9ff51b92a0aad,org.apache.commons.configuration2.XMLConfiguration,org.apache.commons.configuration2.XMLConfiguration_ESTest,54,0,True
1136,NPEX,Commons_Configuration-a76a3a65,0,d6d6ea0eb7b74bcba6b6cae0cbacf6ad,org.apache.commons.configuration2.XMLConfiguration,org.apache.commons.configuration2.XMLConfiguration_ESTest,48,0,True
1137,NPEX,Commons_Configuration-a76a3a65,0,62cc23caea04445e8791068cd449a4b2,org.apache.commons.configuration2.XMLConfiguration,org.apache.commons.configuration2.XMLConfiguration_ESTest,51,0,True
1138,NPEX,Commons_Configuration-a76a3a65,0,58b34e50bba04b169d883ab24c32672c,org.apache.commons.configuration2.XMLConfiguration,org.apache.commons.configuration2.XMLConfiguration_ESTest,56,0,True
1139,NPEX,Commons_Configuration-a76a3a65,0,167a3699adcc474ebcef59f94e45cddd,org.apache.commons.configuration2.XMLConfiguration,org.apache.commons.configuration2.XMLConfiguration_ESTest,63,0,True
1140,NPEX,Commons_Configuration-a76a3a65,0,2c86bf0257564e65b24db6a3d42a1c5f,org.apache.commons.configuration2.XMLConfiguration,org.apache.commons.configuration2.XMLConfiguration_ESTest$1,58,0,True
1141,NPEX,Commons_Configuration-a76a3a65,0,2c86bf0257564e65b24db6a3d42a1c5f,org.apache.commons.configuration2.XMLConfiguration,org.apache.commons.configuration2.XMLConfiguration_ESTest,58,0,True
1142,NPEX,Commons_Configuration-a76a3a65,0,5e84bce786d8481e8bac5af73b19b7b0,org.apache.commons.configuration2.XMLConfiguration,org.apache.commons.configuration2.XMLConfiguration_ESTest,55,0,True
1143,NPEX,Commons_Configuration-a76a3a65,0,1874d51cdc08442ebbe4444def243014,org.apache.commons.configuration2.XMLConfiguration,org.apache.commons.configuration2.XMLConfiguration_ESTest,53,0,True
1144,NPEX,Commons_Configuration-a76a3a65,0,60f1667b6b7a4ba88d5758b5f3c58f3d,org.apache.commons.configuration2.XMLConfiguration,org.apache.commons.configuration2.XMLConfiguration_ESTest$1,62,0,True
1145,NPEX,Commons_Configuration-a76a3a65,0,60f1667b6b7a4ba88d5758b5f3c58f3d,org.apache.commons.configuration2.XMLConfiguration,org.apache.commons.configuration2.XMLConfiguration_ESTest,62,0,True
1146,NPEX,Commons_Configuration-a76a3a65,0,1cca513948b64398baaf11d93b254c94,org.apache.commons.configuration2.XMLConfiguration,org.apache.commons.configuration2.XMLConfiguration_ESTest,58,0,True
1147,NPEX,Commons_Configuration-a76a3a65,0,84f94434b44443f994b4f0a96d1ac543,org.apache.commons.configuration2.XMLConfiguration,org.apache.commons.configuration2.XMLConfiguration_ESTest,53,0,True
1148,NPEX,Commons_Configuration-a76a3a65,0,05a6b085314143ed81e3bfaff0f4ea06,org.apache.commons.configuration2.XMLConfiguration,org.apache.commons.configuration2.XMLConfiguration_ESTest,55,0,True
1149,NPEX,Commons_Collections-796114ea,0,41a68988b5094369b20c892ea0031a1e,org.apache.commons.collections4.trie.AbstractPatriciaTrie,org.apache.commons.collections4.trie.AbstractPatriciaTrie_ESTest,134,0,False
1150,NPEX,Commons_Collections-796114ea,0,9accdd28d13e4171b0e4d2102b776cdd,org.apache.commons.collections4.trie.AbstractPatriciaTrie,org.apache.commons.collections4.trie.AbstractPatriciaTrie_ESTest,144,0,False
1151,NPEX,Commons_Collections-796114ea,0,7037c743e2c9494d9b84255008f295dc,org.apache.commons.collections4.trie.AbstractPatriciaTrie,org.apache.commons.collections4.trie.AbstractPatriciaTrie_ESTest,139,0,False
1152,NPEX,Commons_Collections-796114ea,0,ddc9b4dea64e4dd4a2188606ba029099,org.apache.commons.collections4.trie.AbstractPatriciaTrie,org.apache.commons.collections4.trie.AbstractPatriciaTrie_ESTest,144,0,False
1153,NPEX,Commons_Collections-796114ea,0,f6cc4e61cef94a60806828a4320ae462,org.apache.commons.collections4.trie.AbstractPatriciaTrie,org.apache.commons.collections4.trie.AbstractPatriciaTrie_ESTest,141,0,False
1154,NPEX,Commons_Collections-796114ea,0,a48af4e6635644ebab9dae4ab0850df6,org.apache.commons.collections4.trie.AbstractPatriciaTrie,org.apache.commons.collections4.trie.AbstractPatriciaTrie_ESTest,133,0,False
1155,NPEX,Commons_Collections-796114ea,0,63948410c4a44ea5b5cc27669739fee9,org.apache.commons.collections4.trie.AbstractPatriciaTrie,org.apache.commons.collections4.trie.AbstractPatriciaTrie_ESTest,136,0,False
1156,NPEX,Commons_Collections-796114ea,0,346968f5d6c64b32acd3ba511c68ac12,org.apache.commons.collections4.trie.AbstractPatriciaTrie,org.apache.commons.collections4.trie.AbstractPatriciaTrie_ESTest,137,0,False
1157,NPEX,Commons_Collections-796114ea,0,ac4dec858e6b4ed98086dd03dd8b561f,org.apache.commons.collections4.trie.AbstractPatriciaTrie,org.apache.commons.collections4.trie.AbstractPatriciaTrie_ESTest,144,0,False
1158,NPEX,Commons_Collections-796114ea,0,7c0cad67418c4fe3b09764e7ec091187,org.apache.commons.collections4.trie.AbstractPatriciaTrie,org.apache.commons.collections4.trie.AbstractPatriciaTrie_ESTest,146,0,False
1159,NPEX,Commons_Collections-796114ea,0,6b21b27247af44ee90253c64ad019eb5,org.apache.commons.collections4.trie.AbstractPatriciaTrie,org.apache.commons.collections4.trie.AbstractPatriciaTrie_ESTest,146,0,False
1160,NPEX,Commons_Collections-796114ea,0,2865c38687914b0ab9ecadd909948991,org.apache.commons.collections4.trie.AbstractPatriciaTrie,org.apache.commons.collections4.trie.AbstractPatriciaTrie_ESTest,144,0,False
1161,NPEX,Commons_Collections-796114ea,0,2f207bbf52594a12be5f92b329ffcdf0,org.apache.commons.collections4.trie.AbstractPatriciaTrie,org.apache.commons.collections4.trie.AbstractPatriciaTrie_ESTest,148,0,False
1162,NPEX,Commons_Collections-796114ea,0,6bd8aae2a25d43c79405ca527ba35622,org.apache.commons.collections4.trie.AbstractPatriciaTrie,org.apache.commons.collections4.trie.AbstractPatriciaTrie_ESTest,133,0,False
1163,NPEX,Commons_Collections-796114ea,0,c161eda4c283446b8bcec97b76fa7a74,org.apache.commons.collections4.trie.AbstractPatriciaTrie,org.apache.commons.collections4.trie.AbstractPatriciaTrie_ESTest,145,0,False
1164,NPEX,Commons_Collections-796114ea,0,f812890d9d3a4cc7a143633a80722a9c,org.apache.commons.collections4.trie.AbstractPatriciaTrie,org.apache.commons.collections4.trie.AbstractPatriciaTrie_ESTest,146,0,False
1165,NPEX,Commons_Collections-796114ea,0,f0626279837e4f83bda09015afe42057,org.apache.commons.collections4.trie.AbstractPatriciaTrie,org.apache.commons.collections4.trie.AbstractPatriciaTrie_ESTest,144,0,False
1166,NPEX,Commons_Collections-796114ea,0,645fb63fb3eb48a3906fb2750887f7dc,org.apache.commons.collections4.trie.AbstractPatriciaTrie,org.apache.commons.collections4.trie.AbstractPatriciaTrie_ESTest,135,0,False
1167,NPEX,Commons_Collections-796114ea,0,536b104283d34c589bc99e0966b8fe9e,org.apache.commons.collections4.trie.AbstractPatriciaTrie,org.apache.commons.collections4.trie.AbstractPatriciaTrie_ESTest,138,0,False
1168,NPEX,Commons_Collections-796114ea,0,5e11b51f49214aa98dc3bc6ef53484f0,org.apache.commons.collections4.trie.AbstractPatriciaTrie,org.apache.commons.collections4.trie.AbstractPatriciaTrie_ESTest,137,0,False
1169,NPEX,JSPWiki-d5bcff78,0,9f222010c97749dcb7790b77c68f2da8,org.apache.wiki.util.HttpUtil,org.apache.wiki.util.HttpUtil_ESTest,45,0,False
1170,NPEX,JSPWiki-d5bcff78,0,e2b2a981b62e4225b86b691d281d1f3c,org.apache.wiki.util.HttpUtil,org.apache.wiki.util.HttpUtil_ESTest,49,0,False
1171,NPEX,JSPWiki-d5bcff78,0,d9993fa9ff7141d6ad45a5b97e3bf1fe,org.apache.wiki.util.HttpUtil,org.apache.wiki.util.HttpUtil_ESTest,49,0,False
1172,NPEX,JSPWiki-d5bcff78,0,a51345e139f2486b9b04c09b0e2a9a92,org.apache.wiki.util.HttpUtil,org.apache.wiki.util.HttpUtil_ESTest,48,0,False
1173,NPEX,JSPWiki-d5bcff78,0,eb6d715139344e4ab9a914c8bacc25fc,org.apache.wiki.util.HttpUtil,org.apache.wiki.util.HttpUtil_ESTest,47,0,False
1174,NPEX,JSPWiki-d5bcff78,0,795ea207d00b49d29395895d40658f9d,org.apache.wiki.util.HttpUtil,org.apache.wiki.util.HttpUtil_ESTest,44,0,False
1175,NPEX,JSPWiki-d5bcff78,0,e960714a120c42238ecf2dcea98bb34b,org.apache.wiki.util.HttpUtil,org.apache.wiki.util.HttpUtil_ESTest,47,0,False
1176,NPEX,JSPWiki-d5bcff78,0,65d47a9617d34d32919cc24c244d2676,org.apache.wiki.util.HttpUtil,org.apache.wiki.util.HttpUtil_ESTest,45,0,False
1177,NPEX,JSPWiki-d5bcff78,0,068763f8911a41eba734012b1414dc94,org.apache.wiki.util.HttpUtil,org.apache.wiki.util.HttpUtil_ESTest,49,0,False
1178,NPEX,JSPWiki-d5bcff78,0,6c742d02925c4f478ffb5a45961e1e80,org.apache.wiki.util.HttpUtil,org.apache.wiki.util.HttpUtil_ESTest,51,0,False
1179,NPEX,JSPWiki-d5bcff78,0,f2bb77b541a843d98c3d946b94d5f01e,org.apache.wiki.util.HttpUtil,org.apache.wiki.util.HttpUtil_ESTest,48,0,False
1180,NPEX,JSPWiki-d5bcff78,0,de7432bac4834446a158cff5971649ca,org.apache.wiki.util.HttpUtil,org.apache.wiki.util.HttpUtil_ESTest,45,0,False
1181,NPEX,JSPWiki-d5bcff78,0,0e44008d0c314ecebb7136300def0a09,org.apache.wiki.util.HttpUtil,org.apache.wiki.util.HttpUtil_ESTest,46,0,False
1182,NPEX,JSPWiki-d5bcff78,0,b95a02b7aff14d06924e28e911373673,org.apache.wiki.util.HttpUtil,org.apache.wiki.util.HttpUtil_ESTest,49,0,False
1183,NPEX,JSPWiki-d5bcff78,0,3dd0509b1e884ee59d88bfb77b62eae5,org.apache.wiki.util.HttpUtil,org.apache.wiki.util.HttpUtil_ESTest,48,0,False
1184,NPEX,JSPWiki-d5bcff78,0,6d0912220b5846babc367bee14d6fd4e,org.apache.wiki.util.HttpUtil,org.apache.wiki.util.HttpUtil_ESTest,50,0,False
1185,NPEX,JSPWiki-d5bcff78,0,0bda980b6cf54142bb5e29fb399566df,org.apache.wiki.util.HttpUtil,org.apache.wiki.util.HttpUtil_ESTest,49,0,False
1186,NPEX,JSPWiki-d5bcff78,0,4961fd124ba84701bb3f852c30575de2,org.apache.wiki.util.HttpUtil,org.apache.wiki.util.HttpUtil_ESTest,47,0,False
1187,NPEX,JSPWiki-d5bcff78,0,f8c05f36de4f4654824db70a688774f0,org.apache.wiki.util.HttpUtil,org.apache.wiki.util.HttpUtil_ESTest,51,0,False
1188,NPEX,JSPWiki-d5bcff78,0,ac13b87038fc410c8331270e4beb7396,org.apache.wiki.util.HttpUtil,org.apache.wiki.util.HttpUtil_ESTest,43,0,False
1189,NPEX,Picocli-06283710,0,307f4e0d51334cd5afe757d34c4e57e0,picocli.CommandLine,picocli.CommandLine_ESTest,241,0,False
1190,NPEX,Picocli-06283710,0,27c358b1eb634096a7529bce58db73c7,picocli.CommandLine,picocli.CommandLine_ESTest,140,0,False
1191,NPEX,Picocli-06283710,0,6f8c2bdff6e74517a641d7c763430a17,picocli.CommandLine,picocli.CommandLine_ESTest$1,221,0,False
1192,NPEX,Picocli-06283710,0,6f8c2bdff6e74517a641d7c763430a17,picocli.CommandLine,picocli.CommandLine_ESTest,221,0,False
1193,NPEX,Picocli-06283710,0,40a798cfbb0343c8ae961a3feecc93c0,picocli.CommandLine,picocli.CommandLine_ESTest,240,0,False
1194,NPEX,Picocli-06283710,0,cd6579cb57004c76b133f3c019ba67d5,picocli.CommandLine,picocli.CommandLine_ESTest$1,240,0,False
1195,NPEX,Picocli-06283710,0,cd6579cb57004c76b133f3c019ba67d5,picocli.CommandLine,picocli.CommandLine_ESTest,240,0,False
1196,NPEX,Picocli-06283710,0,466d76a509e340b4badc4ae9d9c0eaa7,picocli.CommandLine,picocli.CommandLine_ESTest,214,0,False
1197,NPEX,Picocli-06283710,0,0f7350d538eb488c973ed943dc663fe4,picocli.CommandLine,picocli.CommandLine_ESTest,140,0,False
1198,NPEX,Picocli-06283710,0,262c7ad8036d458780c286c4fef0d7cf,picocli.CommandLine,picocli.CommandLine_ESTest,145,0,False
1199,NPEX,Picocli-06283710,0,3698958513fe41e99e68f6e0c5af5246,picocli.CommandLine,picocli.CommandLine_ESTest$1,237,0,False
1200,NPEX,Picocli-06283710,0,3698958513fe41e99e68f6e0c5af5246,picocli.CommandLine,picocli.CommandLine_ESTest,237,0,False
1201,NPEX,Picocli-06283710,0,010c962339b0488e87ebb366f8c2f60b,picocli.CommandLine,picocli.CommandLine_ESTest,149,0,False
1202,NPEX,Picocli-06283710,0,6ccbd98b2cba4081a59257a13ed50c0f,picocli.CommandLine,picocli.CommandLine_ESTest$1,242,0,False
1203,NPEX,Picocli-06283710,0,6ccbd98b2cba4081a59257a13ed50c0f,picocli.CommandLine,picocli.CommandLine_ESTest,242,0,False
1204,NPEX,Picocli-06283710,0,83659ff8b3294c01b83fd11a74fd6ab9,picocli.CommandLine,picocli.CommandLine_ESTest$1,255,0,False
1205,NPEX,Picocli-06283710,0,83659ff8b3294c01b83fd11a74fd6ab9,picocli.CommandLine,picocli.CommandLine_ESTest$2,255,0,False
1206,NPEX,Picocli-06283710,0,83659ff8b3294c01b83fd11a74fd6ab9,picocli.CommandLine,picocli.CommandLine_ESTest,255,0,False
1207,NPEX,Picocli-06283710,0,2878f2f738cf42b299ecfdbcbfb59e7f,picocli.CommandLine,picocli.CommandLine_ESTest,241,0,False
1208,NPEX,Picocli-06283710,0,62cf937f87d74d6a9404085c26186e47,picocli.CommandLine,picocli.CommandLine_ESTest$1,221,0,False
1209,NPEX,Picocli-06283710,0,62cf937f87d74d6a9404085c26186e47,picocli.CommandLine,picocli.CommandLine_ESTest$2,221,0,False
1210,NPEX,Picocli-06283710,0,62cf937f87d74d6a9404085c26186e47,picocli.CommandLine,picocli.CommandLine_ESTest,221,0,False
1211,NPEX,Picocli-06283710,0,0b72e438c5a2450fac4576e5161f84de,picocli.CommandLine,picocli.CommandLine_ESTest,142,0,False
1212,NPEX,Picocli-06283710,0,c08553a147e14e679b7814fbbac7a15a,picocli.CommandLine,picocli.CommandLine_ESTest,237,0,False
1213,NPEX,Picocli-06283710,0,36a516f1a16640f59897263cc088e54a,picocli.CommandLine,picocli.CommandLine_ESTest,206,0,False
1214,NPEX,Picocli-06283710,0,521a4238f32b4648942e9be4b5caac9b,picocli.CommandLine,picocli.CommandLine_ESTest,138,0,False
1215,NPEX,Picocli-06283710,0,ae4848ab92b84d758543b17377a3719b,picocli.CommandLine,picocli.CommandLine_ESTest$1,248,0,False
1216,NPEX,Picocli-06283710,0,ae4848ab92b84d758543b17377a3719b,picocli.CommandLine,picocli.CommandLine_ESTest,248,0,False
1217,NPEX,Picocli-06283710,0,2849561ce38a42a9a60af1cb9462d961,picocli.CommandLine,picocli.CommandLine_ESTest,227,0,False
1218,NPEX,Feign-9c5a52d6,0,6119e3ae5ffc4639b862b024428354e9,feign.Response,feign.Response_ESTest,23,0,False
1219,NPEX,Feign-9c5a52d6,0,a1c08919000a492daec7decb18a700e3,feign.Response,feign.Response_ESTest,21,0,False
1220,NPEX,Feign-9c5a52d6,0,e362fd483de942309f20aa69c2f80612,feign.Response,feign.Response_ESTest,23,0,False
1221,NPEX,Feign-9c5a52d6,0,3d26d15ffdab48698cbebf28bceda940,feign.Response,feign.Response_ESTest,22,0,False
1222,NPEX,Feign-9c5a52d6,0,f8369611459740a6af51fc40ef762832,feign.Response,feign.Response_ESTest,21,0,False
1223,NPEX,Feign-9c5a52d6,0,af290737974d479d95d37a2050205e78,feign.Response,feign.Response_ESTest,22,0,False
1224,NPEX,Feign-9c5a52d6,0,b60036b57f0e4b1c869d77e6f81986f2,feign.Response,feign.Response_ESTest,20,0,False
1225,NPEX,Feign-9c5a52d6,0,8919f6fc7cdc4a2aa3ec8f5a3190dbf2,feign.Response,feign.Response_ESTest,21,0,False
1226,NPEX,Feign-9c5a52d6,0,1ff8a54728ef4172b57f09fdc202ac7d,feign.Response,feign.Response_ESTest,20,0,False
1227,NPEX,Feign-9c5a52d6,0,d4a1b6ccf2d84dad9c7d06e8ab041bdf,feign.Response,feign.Response_ESTest,21,0,False
1228,NPEX,Feign-9c5a52d6,0,0980a6ffe7964d4fa0c0892477602e16,feign.Response,feign.Response_ESTest,23,0,False
1229,NPEX,Feign-9c5a52d6,0,1e20c65a6fb643a3b4df6a0217be5032,feign.Response,feign.Response_ESTest,21,0,False
1230,NPEX,Feign-9c5a52d6,0,7fa5ee5298df430ca38a433e90b12364,feign.Response,feign.Response_ESTest,21,0,False
1231,NPEX,Feign-9c5a52d6,0,6204b66ed24041bfb160c0596dd0bc39,feign.Response,feign.Response_ESTest,23,0,False
1232,NPEX,Feign-9c5a52d6,0,0d4b49bbedd8463c8b15fe627856f6e3,feign.Response,feign.Response_ESTest,21,0,False
1233,NPEX,Feign-9c5a52d6,0,7a1e75347e954878b923f87e4eec2d8d,feign.Response,feign.Response_ESTest,22,0,False
1234,NPEX,Feign-9c5a52d6,0,8a4bca6a1d3c4c0eb9ba82862f55d81e,feign.Response,feign.Response_ESTest,22,0,False
1235,NPEX,Feign-9c5a52d6,0,59f6700594dd4d6c99ab0781bc4542d3,feign.Response,feign.Response_ESTest,22,0,False
1236,NPEX,Feign-9c5a52d6,0,a13d4197d9be4613acde2995a251ee4f,feign.Response,feign.Response_ESTest,20,0,False
1237,NPEX,Feign-9c5a52d6,0,b9ba0e1698ce419f8c60e73092b8f2a2,feign.Response,feign.Response_ESTest,21,0,False
1238,NPEX,CXF-209407e0,0,54609645bea741978534af5a924309a9,org.apache.cxf.jaxrs.utils.JAXRSUtils,org.apache.cxf.jaxrs.utils.JAXRSUtils_ESTest,231,0,True
1239,NPEX,CXF-209407e0,0,b2e156bb66644efdb266e6305aab108b,org.apache.cxf.jaxrs.utils.JAXRSUtils,org.apache.cxf.jaxrs.utils.JAXRSUtils_ESTest,234,0,True
1240,NPEX,CXF-209407e0,0,c3b62ee419fe496a8ecb96a2bfbde463,org.apache.cxf.jaxrs.utils.JAXRSUtils,org.apache.cxf.jaxrs.utils.JAXRSUtils_ESTest,387,0,True
1241,NPEX,CXF-209407e0,0,7b49b813fdf84b52b3b63193445a0536,org.apache.cxf.jaxrs.utils.JAXRSUtils,org.apache.cxf.jaxrs.utils.JAXRSUtils_ESTest,224,0,True
1242,NPEX,CXF-209407e0,0,b61c2c92c49b47a9a3a7688c32e458d2,org.apache.cxf.jaxrs.utils.JAXRSUtils,org.apache.cxf.jaxrs.utils.JAXRSUtils_ESTest,394,0,True
1243,NPEX,CXF-209407e0,0,952358667d664083b6bef8e8e32adc1c,org.apache.cxf.jaxrs.utils.JAXRSUtils,org.apache.cxf.jaxrs.utils.JAXRSUtils_ESTest,231,0,True
1244,NPEX,CXF-209407e0,0,45d42332d6aa41fea4f88a984ffe9fd2,org.apache.cxf.jaxrs.utils.JAXRSUtils,org.apache.cxf.jaxrs.utils.JAXRSUtils_ESTest,370,0,True
1245,NPEX,CXF-209407e0,0,3f197482d46c43b497778c1b19f6d5ec,org.apache.cxf.jaxrs.utils.JAXRSUtils,org.apache.cxf.jaxrs.utils.JAXRSUtils_ESTest,228,0,False
1246,NPEX,CXF-209407e0,0,569483fd8130404b9a5ddfb9203a2b72,org.apache.cxf.jaxrs.utils.JAXRSUtils,org.apache.cxf.jaxrs.utils.JAXRSUtils_ESTest,227,0,True
1247,NPEX,CXF-209407e0,0,f0908c60790d428f8abc9118f52f9ef5,org.apache.cxf.jaxrs.utils.JAXRSUtils,org.apache.cxf.jaxrs.utils.JAXRSUtils_ESTest,366,0,True
1248,NPEX,CXF-209407e0,0,694be8cf96ea47949c7f25b33dbbe2c2,org.apache.cxf.jaxrs.utils.JAXRSUtils,org.apache.cxf.jaxrs.utils.JAXRSUtils_ESTest,233,0,True
1249,NPEX,CXF-209407e0,0,389f376ce2e0479584be6dc820c41057,org.apache.cxf.jaxrs.utils.JAXRSUtils,org.apache.cxf.jaxrs.utils.JAXRSUtils_ESTest,225,0,True
1250,NPEX,CXF-209407e0,0,d4fc684c77f743b1a10b23f531d77edf,org.apache.cxf.jaxrs.utils.JAXRSUtils,org.apache.cxf.jaxrs.utils.JAXRSUtils_ESTest$1,392,0,True
1251,NPEX,CXF-209407e0,0,d4fc684c77f743b1a10b23f531d77edf,org.apache.cxf.jaxrs.utils.JAXRSUtils,org.apache.cxf.jaxrs.utils.JAXRSUtils_ESTest,392,0,True
1252,NPEX,CXF-209407e0,0,79bdce4539824f8e9300653aa14db598,org.apache.cxf.jaxrs.utils.JAXRSUtils,org.apache.cxf.jaxrs.utils.JAXRSUtils_ESTest,235,0,True
1253,NPEX,CXF-209407e0,0,76b77370566145b78739e04013b101d8,org.apache.cxf.jaxrs.utils.JAXRSUtils,org.apache.cxf.jaxrs.utils.JAXRSUtils_ESTest,223,0,True
1254,NPEX,CXF-209407e0,0,b2481012dc1e449ca815d4e68443fa77,org.apache.cxf.jaxrs.utils.JAXRSUtils,org.apache.cxf.jaxrs.utils.JAXRSUtils_ESTest,223,0,True
1255,NPEX,CXF-209407e0,0,107908caea274508ba0d664d15ca77bf,org.apache.cxf.jaxrs.utils.JAXRSUtils,org.apache.cxf.jaxrs.utils.JAXRSUtils_ESTest,385,0,True
1256,NPEX,CXF-209407e0,0,95deb93f48fb4869a839b03a3f9b2771,org.apache.cxf.jaxrs.utils.JAXRSUtils,org.apache.cxf.jaxrs.utils.JAXRSUtils_ESTest,237,0,False
1257,NPEX,Commons_DBCP-2ee3c53e,0,720394e7e9e8482fb7e65c37b8c116b8,org.apache.commons.dbcp2.cpdsadapter.DriverAdapterCPDS,org.apache.commons.dbcp2.cpdsadapter.DriverAdapterCPDS_ESTest,50,0,True
1258,NPEX,Commons_DBCP-2ee3c53e,0,86da516fe97e4a569e87571972a33465,org.apache.commons.dbcp2.cpdsadapter.DriverAdapterCPDS,org.apache.commons.dbcp2.cpdsadapter.DriverAdapterCPDS_ESTest,56,0,False
1259,NPEX,Commons_DBCP-2ee3c53e,0,b3b06d1d88b942729d0c51bafe4cb3cc,org.apache.commons.dbcp2.cpdsadapter.DriverAdapterCPDS,org.apache.commons.dbcp2.cpdsadapter.DriverAdapterCPDS_ESTest,57,0,False
1260,NPEX,Commons_DBCP-2ee3c53e,0,aebcda1f73d741fc8ee7cb75d12183a9,org.apache.commons.dbcp2.cpdsadapter.DriverAdapterCPDS,org.apache.commons.dbcp2.cpdsadapter.DriverAdapterCPDS_ESTest,56,0,False
1261,NPEX,Commons_DBCP-2ee3c53e,0,11ee811ff92d41b6b2fc942c11d58efd,org.apache.commons.dbcp2.cpdsadapter.DriverAdapterCPDS,org.apache.commons.dbcp2.cpdsadapter.DriverAdapterCPDS_ESTest,47,0,False
1262,NPEX,Commons_DBCP-2ee3c53e,0,cd944c830a3048888ed88c6def1c1e8f,org.apache.commons.dbcp2.cpdsadapter.DriverAdapterCPDS,org.apache.commons.dbcp2.cpdsadapter.DriverAdapterCPDS_ESTest,61,0,True
1263,NPEX,Commons_DBCP-2ee3c53e,0,d1334e5c938740f69ee700d5ed7f3827,org.apache.commons.dbcp2.cpdsadapter.DriverAdapterCPDS,org.apache.commons.dbcp2.cpdsadapter.DriverAdapterCPDS_ESTest,59,0,False
1264,NPEX,Commons_DBCP-2ee3c53e,0,b23dcb1e64e44922838481b766cf9c76,org.apache.commons.dbcp2.cpdsadapter.DriverAdapterCPDS,org.apache.commons.dbcp2.cpdsadapter.DriverAdapterCPDS_ESTest,62,0,False
1265,NPEX,Commons_DBCP-2ee3c53e,0,6e9d4ee2ffce4b2394e801fd260966ee,org.apache.commons.dbcp2.cpdsadapter.DriverAdapterCPDS,org.apache.commons.dbcp2.cpdsadapter.DriverAdapterCPDS_ESTest,59,0,False
1266,NPEX,Commons_DBCP-2ee3c53e,0,ec724ea167ab479c99256af1a1a5a692,org.apache.commons.dbcp2.cpdsadapter.DriverAdapterCPDS,org.apache.commons.dbcp2.cpdsadapter.DriverAdapterCPDS_ESTest,51,0,False
1267,NPEX,Commons_DBCP-2ee3c53e,0,2a03c44e3ce94069ba089d89a6e7983c,org.apache.commons.dbcp2.cpdsadapter.DriverAdapterCPDS,org.apache.commons.dbcp2.cpdsadapter.DriverAdapterCPDS_ESTest,80,0,True
1268,NPEX,Commons_DBCP-2ee3c53e,0,8e9f6970cc0e4090b52456c13d6735dd,org.apache.commons.dbcp2.cpdsadapter.DriverAdapterCPDS,org.apache.commons.dbcp2.cpdsadapter.DriverAdapterCPDS_ESTest,55,0,True
1269,NPEX,Commons_DBCP-2ee3c53e,0,a2308383ed0643dcb70243b3e69e8d10,org.apache.commons.dbcp2.cpdsadapter.DriverAdapterCPDS,org.apache.commons.dbcp2.cpdsadapter.DriverAdapterCPDS_ESTest,56,0,False
1270,NPEX,Commons_DBCP-2ee3c53e,0,f76d765149d040ae94b236fce5e1ec44,org.apache.commons.dbcp2.cpdsadapter.DriverAdapterCPDS,org.apache.commons.dbcp2.cpdsadapter.DriverAdapterCPDS_ESTest,55,0,False
1271,NPEX,Commons_DBCP-2ee3c53e,0,6ec5657ed09540ad9cac1b0d37a4f9b3,org.apache.commons.dbcp2.cpdsadapter.DriverAdapterCPDS,org.apache.commons.dbcp2.cpdsadapter.DriverAdapterCPDS_ESTest,45,0,True
1272,NPEX,Commons_DBCP-2ee3c53e,0,16c2e8a719e44facad34482317de312b,org.apache.commons.dbcp2.cpdsadapter.DriverAdapterCPDS,org.apache.commons.dbcp2.cpdsadapter.DriverAdapterCPDS_ESTest,51,0,True
1273,NPEX,Commons_DBCP-2ee3c53e,0,5d50652e14a740d7bfe6a45a96328dd2,org.apache.commons.dbcp2.cpdsadapter.DriverAdapterCPDS,org.apache.commons.dbcp2.cpdsadapter.DriverAdapterCPDS_ESTest,39,0,True
1274,NPEX,Commons_DBCP-2ee3c53e,0,359022d356da44b8a2efd94d41362394,org.apache.commons.dbcp2.cpdsadapter.DriverAdapterCPDS,org.apache.commons.dbcp2.cpdsadapter.DriverAdapterCPDS_ESTest,71,0,True
1275,NPEX,Java_WebSocket-a2b35482,0,d40ae2e4b462472eadee89e1e82a2405,org.java_websocket.server.WebSocketServer,org.java_websocket.server.WebSocketServer_ESTest,14,0,False
1276,NPEX,Java_WebSocket-a2b35482,0,e2fb8f21e34e483182f7515ea6e424a5,org.java_websocket.server.WebSocketServer,org.java_websocket.server.WebSocketServer_ESTest,7,0,False
1277,NPEX,Java_WebSocket-a2b35482,0,40dadf0c4f0d4723bd5860d59afc24b0,org.java_websocket.server.WebSocketServer,org.java_websocket.server.WebSocketServer_ESTest,17,0,False
1278,NPEX,Java_WebSocket-a2b35482,0,547bdf8aa1de40d58c109305e6372438,org.java_websocket.server.WebSocketServer,org.java_websocket.server.WebSocketServer_ESTest,15,0,False
1279,NPEX,Java_WebSocket-a2b35482,0,5fc4d73504ce42348b270614f1e2f0e7,org.java_websocket.server.WebSocketServer,org.java_websocket.server.WebSocketServer_ESTest,11,0,False
1280,NPEX,Java_WebSocket-a2b35482,0,791b2327bf16488a8e0bd9a261719982,org.java_websocket.server.WebSocketServer,org.java_websocket.server.WebSocketServer_ESTest,8,0,False
1281,NPEX,Java_WebSocket-a2b35482,0,a6a9d39870ef411e968a98535a84fbe1,org.java_websocket.server.WebSocketServer,org.java_websocket.server.WebSocketServer_ESTest,10,0,False
1282,NPEX,Java_WebSocket-a2b35482,0,b50a4d7cfb03487a9d193032d4c1c542,org.java_websocket.server.WebSocketServer,org.java_websocket.server.WebSocketServer_ESTest,15,0,False
1283,NPEX,Java_WebSocket-a2b35482,0,2b3a4a8e73b84496a81736622647a569,org.java_websocket.server.WebSocketServer,org.java_websocket.server.WebSocketServer_ESTest,9,0,False
1284,NPEX,Java_WebSocket-a2b35482,0,8945391c163644afab838bbb98cbaee5,org.java_websocket.server.WebSocketServer,org.java_websocket.server.WebSocketServer_ESTest,6,0,False
1285,NPEX,Java_WebSocket-a2b35482,0,4ed4c276756645d2ab78750235880103,org.java_websocket.server.WebSocketServer,org.java_websocket.server.WebSocketServer_ESTest,14,0,False
1286,NPEX,Java_WebSocket-a2b35482,0,48a9a9105a0846f59c922eef48541da8,org.java_websocket.server.WebSocketServer,org.java_websocket.server.WebSocketServer_ESTest,16,0,False
1287,NPEX,Java_WebSocket-a2b35482,0,9a55147b3c3b469bbf9ccc94ce1db9a0,org.java_websocket.server.WebSocketServer,org.java_websocket.server.WebSocketServer_ESTest,16,0,False
1288,NPEX,Java_WebSocket-a2b35482,0,4c10fd8bee374544857e2759e13befd3,org.java_websocket.server.WebSocketServer,org.java_websocket.server.WebSocketServer_ESTest,18,0,False
1289,NPEX,Java_WebSocket-a2b35482,0,7c7a976605fe4cd295a7b68d9e3607c7,org.java_websocket.server.WebSocketServer,org.java_websocket.server.WebSocketServer_ESTest,8,0,False
1290,NPEX,Java_WebSocket-a2b35482,0,e90f5c57ee4b4f09acb7c3a681a49036,org.java_websocket.server.WebSocketServer,org.java_websocket.server.WebSocketServer_ESTest,13,0,False
1291,NPEX,Java_WebSocket-a2b35482,0,2b7a887eee6c4dd689a072513118b40e,org.java_websocket.server.WebSocketServer,org.java_websocket.server.WebSocketServer_ESTest,9,0,False
1292,NPEX,Java_WebSocket-a2b35482,0,8f23e0d29f624fb793663f71f55e745e,org.java_websocket.server.WebSocketServer,org.java_websocket.server.WebSocketServer_ESTest,24,0,False
1293,NPEX,Java_WebSocket-a2b35482,0,415a8111728e4be5805e2484cbfca6cd,org.java_websocket.server.WebSocketServer,org.java_websocket.server.WebSocketServer_ESTest,21,0,False
1294,NPEX,Java_WebSocket-a2b35482,0,309843e149274169a400df9b33ff1417,org.java_websocket.server.WebSocketServer,org.java_websocket.server.WebSocketServer_ESTest,22,0,False
1295,NPEX,RocketMQ-f5a119f1,0,d2361114ecce4b5aa0c7747ad5601253,org.apache.rocketmq.client.impl.factory.MQClientInstance,org.apache.rocketmq.client.impl.factory.MQClientInstance_ESTest,17,0,False
1296,NPEX,RocketMQ-f5a119f1,0,9c1167e7731d48e0b52e2ce3a40efd1d,org.apache.rocketmq.client.impl.factory.MQClientInstance,org.apache.rocketmq.client.impl.factory.MQClientInstance_ESTest,14,0,False
1297,NPEX,RocketMQ-f5a119f1,0,6ea5e258b25e41509e11d119f092ff58,org.apache.rocketmq.client.impl.factory.MQClientInstance,org.apache.rocketmq.client.impl.factory.MQClientInstance_ESTest,18,0,False
1298,NPEX,RocketMQ-f5a119f1,0,ec8d3fb9722a4c66b7ba462dd27b23aa,org.apache.rocketmq.client.impl.factory.MQClientInstance,org.apache.rocketmq.client.impl.factory.MQClientInstance_ESTest,15,0,False
1299,NPEX,RocketMQ-f5a119f1,0,1f97835fc68e410e8291dafc0bbf1786,org.apache.rocketmq.client.impl.factory.MQClientInstance,org.apache.rocketmq.client.impl.factory.MQClientInstance_ESTest,15,0,False
1300,NPEX,RocketMQ-f5a119f1,0,83e8f12bd7cc4b60941f04e137a4d178,org.apache.rocketmq.client.impl.factory.MQClientInstance,org.apache.rocketmq.client.impl.factory.MQClientInstance_ESTest,15,0,False
1301,NPEX,RocketMQ-f5a119f1,0,70904064ef274e60947708a3651b94a0,org.apache.rocketmq.client.impl.factory.MQClientInstance,org.apache.rocketmq.client.impl.factory.MQClientInstance_ESTest,16,0,False
1302,NPEX,RocketMQ-f5a119f1,0,9d3cc57a918f457e93b6e88c7f91c54c,org.apache.rocketmq.client.impl.factory.MQClientInstance,org.apache.rocketmq.client.impl.factory.MQClientInstance_ESTest,14,0,False
1303,NPEX,RocketMQ-f5a119f1,0,d58e140209194ff4ae81b9f1547633f3,org.apache.rocketmq.client.impl.factory.MQClientInstance,org.apache.rocketmq.client.impl.factory.MQClientInstance_ESTest,14,0,False
1304,NPEX,RocketMQ-f5a119f1,0,3574b424a38c4ecdb1263f72b59fe468,org.apache.rocketmq.client.impl.factory.MQClientInstance,org.apache.rocketmq.client.impl.factory.MQClientInstance_ESTest,15,0,False
1305,NPEX,RocketMQ-f5a119f1,0,a5aade2dd3324e3a957d85a2591d11af,org.apache.rocketmq.client.impl.factory.MQClientInstance,org.apache.rocketmq.client.impl.factory.MQClientInstance_ESTest,15,0,False
1306,NPEX,RocketMQ-f5a119f1,0,bb57b571077747289738196ccd4cc3e7,org.apache.rocketmq.client.impl.factory.MQClientInstance,org.apache.rocketmq.client.impl.factory.MQClientInstance_ESTest,15,0,False
1307,NPEX,RocketMQ-f5a119f1,0,a05c0c467f6c4dfca96b85ace1dff00f,org.apache.rocketmq.client.impl.factory.MQClientInstance,org.apache.rocketmq.client.impl.factory.MQClientInstance_ESTest,15,0,False
1308,NPEX,RocketMQ-f5a119f1,0,f8f2276b795a4cb384ece943ec0948aa,org.apache.rocketmq.client.impl.factory.MQClientInstance,org.apache.rocketmq.client.impl.factory.MQClientInstance_ESTest,14,0,False
1309,NPEX,RocketMQ-f5a119f1,0,2360e9275d2c48a4b632db12c3bb6705,org.apache.rocketmq.client.impl.factory.MQClientInstance,org.apache.rocketmq.client.impl.factory.MQClientInstance_ESTest,12,0,False
1310,NPEX,RocketMQ-f5a119f1,0,693dc16bede34a3facb7c78605d14262,org.apache.rocketmq.client.impl.factory.MQClientInstance,org.apache.rocketmq.client.impl.factory.MQClientInstance_ESTest,15,0,False
1311,NPEX,RocketMQ-f5a119f1,0,020b569d90224a32bd3af7a72c02eb1f,org.apache.rocketmq.client.impl.factory.MQClientInstance,org.apache.rocketmq.client.impl.factory.MQClientInstance_ESTest,15,0,False
1312,NPEX,RocketMQ-f5a119f1,0,9fce0aad102f4dc4b1ca27229f904d04,org.apache.rocketmq.client.impl.factory.MQClientInstance,org.apache.rocketmq.client.impl.factory.MQClientInstance_ESTest,14,0,False
1313,NPEX,RocketMQ-f5a119f1,0,5f2f9c2fa6024b57a9f26c396eb49d2a,org.apache.rocketmq.client.impl.factory.MQClientInstance,org.apache.rocketmq.client.impl.factory.MQClientInstance_ESTest,15,0,False
1314,NPEX,RocketMQ-f5a119f1,0,07a79a803f294604ae444e1cd8d4c471,org.apache.rocketmq.client.impl.factory.MQClientInstance,org.apache.rocketmq.client.impl.factory.MQClientInstance_ESTest,18,0,False
1315,NPEX,JSqlParser-66e44c95,0,8cd8a09f17f74b0bb454fcac812feb6a,net.sf.jsqlparser.expression.ExpressionVisitorAdapter,net.sf.jsqlparser.expression.ExpressionVisitorAdapter_ESTest,96,0,True
1316,NPEX,JSqlParser-66e44c95,0,efce6e417490499696ec655350cd3418,net.sf.jsqlparser.expression.ExpressionVisitorAdapter,net.sf.jsqlparser.expression.ExpressionVisitorAdapter_ESTest,98,0,True
1317,NPEX,JSqlParser-66e44c95,0,bf327aa4c70b4490b9b8a0227f404d8e,net.sf.jsqlparser.expression.ExpressionVisitorAdapter,net.sf.jsqlparser.expression.ExpressionVisitorAdapter_ESTest,101,0,True
1318,NPEX,JSqlParser-66e44c95,0,2671d12bcb7d4446be24e80509ac6545,net.sf.jsqlparser.expression.ExpressionVisitorAdapter,net.sf.jsqlparser.expression.ExpressionVisitorAdapter_ESTest,150,0,True
1319,NPEX,JSqlParser-66e44c95,0,8d950b2850f747428f8b63fbde692aa7,net.sf.jsqlparser.expression.ExpressionVisitorAdapter,net.sf.jsqlparser.expression.ExpressionVisitorAdapter_ESTest,97,0,False
1320,NPEX,JSqlParser-66e44c95,0,650133799f404f5db8d0c6af86cae4b4,net.sf.jsqlparser.expression.ExpressionVisitorAdapter,net.sf.jsqlparser.expression.ExpressionVisitorAdapter_ESTest,102,0,True
1321,NPEX,JSqlParser-66e44c95,0,650133799f404f5db8d0c6af86cae4b4,net.sf.jsqlparser.expression.ExpressionVisitorAdapter,net.sf.jsqlparser.expression.ExpressionVisitorAdapter_ESTest$1,102,0,True
1322,NPEX,JSqlParser-66e44c95,0,922a7a88da5b4559abc1351b969e5498,net.sf.jsqlparser.expression.ExpressionVisitorAdapter,net.sf.jsqlparser.expression.ExpressionVisitorAdapter_ESTest,168,0,True
1323,NPEX,JSqlParser-66e44c95,0,7e5d6a7410a24fa8a8c7cb30f0ae1661,net.sf.jsqlparser.expression.ExpressionVisitorAdapter,net.sf.jsqlparser.expression.ExpressionVisitorAdapter_ESTest,97,0,False
1324,NPEX,JSqlParser-66e44c95,0,75181fee00d9479fb10a1730e607564f,net.sf.jsqlparser.expression.ExpressionVisitorAdapter,net.sf.jsqlparser.expression.ExpressionVisitorAdapter_ESTest,100,0,True
1325,NPEX,JSqlParser-66e44c95,0,8294eb4ed98c4cce8c1f4fd38c93fc6b,net.sf.jsqlparser.expression.ExpressionVisitorAdapter,net.sf.jsqlparser.expression.ExpressionVisitorAdapter_ESTest,97,0,True
1326,NPEX,JSqlParser-66e44c95,0,76f7b3d655b344ad90b4398287f253b0,net.sf.jsqlparser.expression.ExpressionVisitorAdapter,net.sf.jsqlparser.expression.ExpressionVisitorAdapter_ESTest,94,0,False
1327,NPEX,JSqlParser-66e44c95,0,2137710e41e346e6a0889d3621a80f46,net.sf.jsqlparser.expression.ExpressionVisitorAdapter,net.sf.jsqlparser.expression.ExpressionVisitorAdapter_ESTest,98,0,False
1328,NPEX,JSqlParser-66e44c95,0,16bb834d03a045d294a321e1315eaf99,net.sf.jsqlparser.expression.ExpressionVisitorAdapter,net.sf.jsqlparser.expression.ExpressionVisitorAdapter_ESTest,169,0,True
1329,NPEX,JSqlParser-66e44c95,0,f6754a3c90f84606b8daff470599f9d9,net.sf.jsqlparser.expression.ExpressionVisitorAdapter,net.sf.jsqlparser.expression.ExpressionVisitorAdapter_ESTest,94,0,True
1330,NPEX,JSqlParser-66e44c95,0,d339c227c635485eb10a036f700f24b6,net.sf.jsqlparser.expression.ExpressionVisitorAdapter,net.sf.jsqlparser.expression.ExpressionVisitorAdapter_ESTest,94,0,False
1331,NPEX,JSqlParser-66e44c95,0,06f71da21d9b4466b9c8497b7f7d5d62,net.sf.jsqlparser.expression.ExpressionVisitorAdapter,net.sf.jsqlparser.expression.ExpressionVisitorAdapter_ESTest,96,0,True
1332,NPEX,JSqlParser-66e44c95,0,18970063efce47d795e7fee13641c211,net.sf.jsqlparser.expression.ExpressionVisitorAdapter,net.sf.jsqlparser.expression.ExpressionVisitorAdapter_ESTest,94,0,False
1333,NPEX,JSqlParser-66e44c95,0,1435cca12149459d8124ecc9b20f7d4a,net.sf.jsqlparser.expression.ExpressionVisitorAdapter,net.sf.jsqlparser.expression.ExpressionVisitorAdapter_ESTest,94,0,True
1334,NPEX,JSqlParser-66e44c95,0,9ffbe0ee581d403f971d5e10e6c61c23,net.sf.jsqlparser.expression.ExpressionVisitorAdapter,net.sf.jsqlparser.expression.ExpressionVisitorAdapter_ESTest,167,0,True
1335,NPEX,JSqlParser-66e44c95,0,987a72a6ae6e475f89869949f37e341a,net.sf.jsqlparser.expression.ExpressionVisitorAdapter,net.sf.jsqlparser.expression.ExpressionVisitorAdapter_ESTest,97,0,True
1336,NPEX,ShardingSphere-c08f4f18,0,2e97b61b1e1c4241b125b350e3062378,org.apache.shardingsphere.proxy.frontend.postgresql.auth.PostgreSQLAuthenticationEngine,org.apache.shardingsphere.proxy.frontend.postgresql.auth.PostgreSQLAuthenticationEngine_ESTest,12,0,True
1337,NPEX,ShardingSphere-c08f4f18,0,e89c92c718544cd68e27c315eaf803f9,org.apache.shardingsphere.proxy.frontend.postgresql.auth.PostgreSQLAuthenticationEngine,org.apache.shardingsphere.proxy.frontend.postgresql.auth.PostgreSQLAuthenticationEngine_ESTest,7,0,True
1338,NPEX,ShardingSphere-c08f4f18,0,1aa5916089114de0a682966005bc350e,org.apache.shardingsphere.proxy.frontend.postgresql.auth.PostgreSQLAuthenticationEngine,org.apache.shardingsphere.proxy.frontend.postgresql.auth.PostgreSQLAuthenticationEngine_ESTest,6,0,False
1339,NPEX,ShardingSphere-c08f4f18,0,5312b722c7a246c898d11ec107dde3d9,org.apache.shardingsphere.proxy.frontend.postgresql.auth.PostgreSQLAuthenticationEngine,org.apache.shardingsphere.proxy.frontend.postgresql.auth.PostgreSQLAuthenticationEngine_ESTest,8,0,False
1340,NPEX,ShardingSphere-c08f4f18,0,abdf0c8f613c489cab313e19d66d3194,org.apache.shardingsphere.proxy.frontend.postgresql.auth.PostgreSQLAuthenticationEngine,org.apache.shardingsphere.proxy.frontend.postgresql.auth.PostgreSQLAuthenticationEngine_ESTest,8,0,False
1341,NPEX,ShardingSphere-c08f4f18,0,4fd9359ebb6c45378153662f4529bc3d,org.apache.shardingsphere.proxy.frontend.postgresql.auth.PostgreSQLAuthenticationEngine,org.apache.shardingsphere.proxy.frontend.postgresql.auth.PostgreSQLAuthenticationEngine_ESTest,7,0,True
1342,NPEX,ShardingSphere-c08f4f18,0,44a3521102cd4235a4940052bd19ce2b,org.apache.shardingsphere.proxy.frontend.postgresql.auth.PostgreSQLAuthenticationEngine,org.apache.shardingsphere.proxy.frontend.postgresql.auth.PostgreSQLAuthenticationEngine_ESTest,6,0,False
1343,NPEX,ShardingSphere-c08f4f18,0,b53af9a0073c4014be231f06a17626c8,org.apache.shardingsphere.proxy.frontend.postgresql.auth.PostgreSQLAuthenticationEngine,org.apache.shardingsphere.proxy.frontend.postgresql.auth.PostgreSQLAuthenticationEngine_ESTest,9,0,True
1344,NPEX,ShardingSphere-c08f4f18,0,f0f6b34fcf2b45fda6f45e2ade7b15c6,org.apache.shardingsphere.proxy.frontend.postgresql.auth.PostgreSQLAuthenticationEngine,org.apache.shardingsphere.proxy.frontend.postgresql.auth.PostgreSQLAuthenticationEngine_ESTest,11,0,False
1345,NPEX,ShardingSphere-c08f4f18,0,4bba21b38e924b7298f1c9c898b7519b,org.apache.shardingsphere.proxy.frontend.postgresql.auth.PostgreSQLAuthenticationEngine,org.apache.shardingsphere.proxy.frontend.postgresql.auth.PostgreSQLAuthenticationEngine_ESTest,7,0,False
1346,NPEX,ShardingSphere-c08f4f18,0,3e83599f9e444049b86f583a5fab852e,org.apache.shardingsphere.proxy.frontend.postgresql.auth.PostgreSQLAuthenticationEngine,org.apache.shardingsphere.proxy.frontend.postgresql.auth.PostgreSQLAuthenticationEngine_ESTest,7,0,False
1347,NPEX,jsoup-8b837a43,0,b24d59aab56045c3904c647d090ee242,org.jsoup.nodes.Attribute,org.jsoup.nodes.Attribute_ESTest,60,0,False
1348,NPEX,jsoup-8b837a43,0,a03460a7e8ad42d3b9f5fb6359dbf30c,org.jsoup.nodes.Attribute,org.jsoup.nodes.Attribute_ESTest,59,0,True
1349,NPEX,jsoup-8b837a43,0,e62416fa6edd47b5b9908a2acd712b56,org.jsoup.nodes.Attribute,org.jsoup.nodes.Attribute_ESTest,63,0,False
1350,NPEX,jsoup-8b837a43,0,5cd90b0a12e44b108583f5c08a4a0a0e,org.jsoup.nodes.Attribute,org.jsoup.nodes.Attribute_ESTest,61,0,False
1351,NPEX,jsoup-8b837a43,0,5a938641fc0a4bac9a2cf8318df13aa6,org.jsoup.nodes.Attribute,org.jsoup.nodes.Attribute_ESTest,60,0,False
1352,NPEX,jsoup-8b837a43,0,a8558e172e4f4f588019572ff330c428,org.jsoup.nodes.Attribute,org.jsoup.nodes.Attribute_ESTest,57,0,False
1353,NPEX,jsoup-8b837a43,0,6352969c97904399a3c51116bae9c1a0,org.jsoup.nodes.Attribute,org.jsoup.nodes.Attribute_ESTest,56,0,False
1354,NPEX,jsoup-8b837a43,0,b02c920912db4bf6b5d87f3036cae8e0,org.jsoup.nodes.Attribute,org.jsoup.nodes.Attribute_ESTest,60,0,False
1355,NPEX,jsoup-8b837a43,0,274c31ea23cd40259e922338703e605f,org.jsoup.nodes.Attribute,org.jsoup.nodes.Attribute_ESTest,59,0,False
1356,NPEX,jsoup-8b837a43,0,04a9b1deabfc4a1cac047fa68cb37aeb,org.jsoup.nodes.Attribute,org.jsoup.nodes.Attribute_ESTest,57,0,False
1357,NPEX,jsoup-8b837a43,0,c76c9b4dae9b4c0f9c52bacc098d1615,org.jsoup.nodes.Attribute,org.jsoup.nodes.Attribute_ESTest,58,0,False
1358,NPEX,jsoup-8b837a43,0,bdffad45bec44aaf8a5a5ec851ecbeb5,org.jsoup.nodes.Attribute,org.jsoup.nodes.Attribute_ESTest,59,0,False
1359,NPEX,jsoup-8b837a43,0,30b599c04e904fbd881b0d7cf177772c,org.jsoup.nodes.Attribute,org.jsoup.nodes.Attribute_ESTest,58,0,False
1360,NPEX,jsoup-8b837a43,0,59d360ac637744048474a2bad89985e6,org.jsoup.nodes.Attribute,org.jsoup.nodes.Attribute_ESTest,58,0,False
1361,NPEX,jsoup-8b837a43,0,20b750bd9b334027ae60edcf6a6047aa,org.jsoup.nodes.Attribute,org.jsoup.nodes.Attribute_ESTest,59,0,False
1362,NPEX,jsoup-8b837a43,0,1cc48d31989e4f139df22a41b7f976c5,org.jsoup.nodes.Attribute,org.jsoup.nodes.Attribute_ESTest,58,0,False
1363,NPEX,jsoup-8b837a43,0,a91503453f334c7e91e0c310312b192a,org.jsoup.nodes.Attribute,org.jsoup.nodes.Attribute_ESTest,56,0,False
1364,NPEX,jsoup-8b837a43,0,45c2f3e473ac434db9ddf9e897c5567d,org.jsoup.nodes.Attribute,org.jsoup.nodes.Attribute_ESTest,58,0,False
1365,NPEX,jsoup-8b837a43,0,f337f1edcfa9434c99c163ae12ba8d6a,org.jsoup.nodes.Attribute,org.jsoup.nodes.Attribute_ESTest,59,0,False
1366,NPEX,Directory_LDAP_API-1aea113c,0,8753530f7a3d43c0952948a5a626dc9c,org.apache.directory.api.ldap.model.entry.Value,org.apache.directory.api.ldap.model.entry.Value_ESTest,118,0,False
1367,NPEX,Directory_LDAP_API-1aea113c,0,ddf34e90797045349e90433411e1b26d,org.apache.directory.api.ldap.model.entry.Value,org.apache.directory.api.ldap.model.entry.Value_ESTest,126,0,True
1368,NPEX,Directory_LDAP_API-1aea113c,0,a798ba88557c4624a28abe6be0f18a68,org.apache.directory.api.ldap.model.entry.Value,org.apache.directory.api.ldap.model.entry.Value_ESTest,113,0,True
1369,NPEX,Directory_LDAP_API-1aea113c,0,6eaf999978bf4c699e39902830f631ac,org.apache.directory.api.ldap.model.entry.Value,org.apache.directory.api.ldap.model.entry.Value_ESTest,108,0,True
1370,NPEX,Directory_LDAP_API-1aea113c,0,eaf218cb85774445a53689e4516bfaae,org.apache.directory.api.ldap.model.entry.Value,org.apache.directory.api.ldap.model.entry.Value_ESTest,111,0,True
1371,NPEX,Directory_LDAP_API-1aea113c,0,9c3c9ee073c74c6391c1b1079d9123d3,org.apache.directory.api.ldap.model.entry.Value,org.apache.directory.api.ldap.model.entry.Value_ESTest,201,0,True
1372,NPEX,Directory_LDAP_API-1aea113c,0,b14a0b13130443a8b548c3f9989ef29c,org.apache.directory.api.ldap.model.entry.Value,org.apache.directory.api.ldap.model.entry.Value_ESTest,126,0,True
1373,NPEX,Directory_LDAP_API-1aea113c,0,b0f0f960554448bf8681dc4ee14afdb6,org.apache.directory.api.ldap.model.entry.Value,org.apache.directory.api.ldap.model.entry.Value_ESTest,110,0,True
1374,NPEX,Directory_LDAP_API-1aea113c,0,f84dc4430e5e4aa59a27cc316064a236,org.apache.directory.api.ldap.model.entry.Value,org.apache.directory.api.ldap.model.entry.Value_ESTest,119,0,False
1375,NPEX,Directory_LDAP_API-1aea113c,0,8a2134b280434f869ec17caa4e61dbfb,org.apache.directory.api.ldap.model.entry.Value,org.apache.directory.api.ldap.model.entry.Value_ESTest,123,0,True
1376,NPEX,Directory_LDAP_API-1aea113c,0,620acd1f260a42faae092447b689fca9,org.apache.directory.api.ldap.model.entry.Value,org.apache.directory.api.ldap.model.entry.Value_ESTest,110,0,True
1377,NPEX,Directory_LDAP_API-1aea113c,0,7adc2c430db94f70938c79ce9a1f0db8,org.apache.directory.api.ldap.model.entry.Value,org.apache.directory.api.ldap.model.entry.Value_ESTest,121,0,True
1378,NPEX,Directory_LDAP_API-1aea113c,0,235a90a586d24195a3117dfcd8644fc5,org.apache.directory.api.ldap.model.entry.Value,org.apache.directory.api.ldap.model.entry.Value_ESTest,125,0,True
1379,NPEX,Directory_LDAP_API-1aea113c,0,bb06ca4632e3496cb6fc929c4b468fc3,org.apache.directory.api.ldap.model.entry.Value,org.apache.directory.api.ldap.model.entry.Value_ESTest,134,0,True
1380,NPEX,Directory_LDAP_API-1aea113c,0,75363461fd4840a297ef819ed9b2b3d1,org.apache.directory.api.ldap.model.entry.Value,org.apache.directory.api.ldap.model.entry.Value_ESTest,112,0,True
1381,NPEX,Directory_LDAP_API-1aea113c,0,1ff2b9e44e69472f9953dfe1c788903c,org.apache.directory.api.ldap.model.entry.Value,org.apache.directory.api.ldap.model.entry.Value_ESTest,187,0,False
1382,NPEX,Directory_LDAP_API-1aea113c,0,61c1bd471bf8439783119d5f15f29c03,org.apache.directory.api.ldap.model.entry.Value,org.apache.directory.api.ldap.model.entry.Value_ESTest,117,0,True
1383,NPEX,Directory_LDAP_API-1aea113c,0,ec1300c2531943b5bb25eb4d9a8dc9c5,org.apache.directory.api.ldap.model.entry.Value,org.apache.directory.api.ldap.model.entry.Value_ESTest,106,0,True
1384,NPEX,Directory_LDAP_API-1aea113c,0,2f62993d05134dfcad84ddfc2750d926,org.apache.directory.api.ldap.model.entry.Value,org.apache.directory.api.ldap.model.entry.Value_ESTest,120,0,True
1385,NPEX,Directory_LDAP_API-1aea113c,0,40af3a3c931a4145b2c7d9273550df8d,org.apache.directory.api.ldap.model.entry.Value,org.apache.directory.api.ldap.model.entry.Value_ESTest,112,0,True
1386,NPEX,Sling_Pipes-81059025,0,9bd917d4a273439b93e319242a8194ef,org.apache.sling.pipes.PipeBindings,org.apache.sling.pipes.PipeBindings_ESTest$1,1,0,False
1387,NPEX,Sling_Pipes-81059025,0,9bd917d4a273439b93e319242a8194ef,org.apache.sling.pipes.PipeBindings,org.apache.sling.pipes.PipeBindings_ESTest,1,0,False
1388,NPEX,Sling_Pipes-81059025,0,a1188038059e476d9e067fda9fa1299b,org.apache.sling.pipes.PipeBindings,org.apache.sling.pipes.PipeBindings_ESTest$1,1,0,False
1389,NPEX,Sling_Pipes-81059025,0,a1188038059e476d9e067fda9fa1299b,org.apache.sling.pipes.PipeBindings,org.apache.sling.pipes.PipeBindings_ESTest,1,0,False
1390,NPEX,Sling_Pipes-81059025,0,d0eb3d40ea1a42199f8ef03797ab3f2e,org.apache.sling.pipes.PipeBindings,org.apache.sling.pipes.PipeBindings_ESTest$1,1,0,False
1391,NPEX,Sling_Pipes-81059025,0,d0eb3d40ea1a42199f8ef03797ab3f2e,org.apache.sling.pipes.PipeBindings,org.apache.sling.pipes.PipeBindings_ESTest,1,0,False
1392,NPEX,Sling_Pipes-81059025,0,30ddbe175e6d49dc8a9edf724c80f613,org.apache.sling.pipes.PipeBindings,org.apache.sling.pipes.PipeBindings_ESTest$1,1,0,False
1393,NPEX,Sling_Pipes-81059025,0,30ddbe175e6d49dc8a9edf724c80f613,org.apache.sling.pipes.PipeBindings,org.apache.sling.pipes.PipeBindings_ESTest,1,0,False
1394,NPEX,Sling_Pipes-81059025,0,6d851234ed2f4609a0819011d605a951,org.apache.sling.pipes.PipeBindings,org.apache.sling.pipes.PipeBindings_ESTest$1,1,0,False
1395,NPEX,Sling_Pipes-81059025,0,6d851234ed2f4609a0819011d605a951,org.apache.sling.pipes.PipeBindings,org.apache.sling.pipes.PipeBindings_ESTest,1,0,False
1396,NPEX,Sling_Pipes-81059025,0,eff77c77ed6e4deaa223ef1d7231fb8a,org.apache.sling.pipes.PipeBindings,org.apache.sling.pipes.PipeBindings_ESTest$1,1,0,False
1397,NPEX,Sling_Pipes-81059025,0,eff77c77ed6e4deaa223ef1d7231fb8a,org.apache.sling.pipes.PipeBindings,org.apache.sling.pipes.PipeBindings_ESTest,1,0,False
1398,NPEX,Sling_Pipes-81059025,0,c73d5eee50af47dab079850b9132cdad,org.apache.sling.pipes.PipeBindings,org.apache.sling.pipes.PipeBindings_ESTest$1,1,0,False
1399,NPEX,Sling_Pipes-81059025,0,c73d5eee50af47dab079850b9132cdad,org.apache.sling.pipes.PipeBindings,org.apache.sling.pipes.PipeBindings_ESTest,1,0,False
1400,NPEX,Sling_Pipes-81059025,0,b75c027c1ce24eccafc00d01d664249f,org.apache.sling.pipes.PipeBindings,org.apache.sling.pipes.PipeBindings_ESTest$1,1,0,False
1401,NPEX,Sling_Pipes-81059025,0,b75c027c1ce24eccafc00d01d664249f,org.apache.sling.pipes.PipeBindings,org.apache.sling.pipes.PipeBindings_ESTest,1,0,False
1402,NPEX,Sling_Pipes-81059025,0,130347e327f04b29aedfe32fcea68d16,org.apache.sling.pipes.PipeBindings,org.apache.sling.pipes.PipeBindings_ESTest$1,1,0,False
1403,NPEX,Sling_Pipes-81059025,0,130347e327f04b29aedfe32fcea68d16,org.apache.sling.pipes.PipeBindings,org.apache.sling.pipes.PipeBindings_ESTest,1,0,False
1404,NPEX,Sling_Pipes-81059025,0,f57261b7834e4f3f99cfdca1d40b9aad,org.apache.sling.pipes.PipeBindings,org.apache.sling.pipes.PipeBindings_ESTest$1,1,0,False
1405,NPEX,Sling_Pipes-81059025,0,f57261b7834e4f3f99cfdca1d40b9aad,org.apache.sling.pipes.PipeBindings,org.apache.sling.pipes.PipeBindings_ESTest,1,0,False
1406,NPEX,Sling_Pipes-81059025,0,cc135a7a0dea4ecba446bf63fde82180,org.apache.sling.pipes.PipeBindings,org.apache.sling.pipes.PipeBindings_ESTest$1,1,0,False
1407,NPEX,Sling_Pipes-81059025,0,cc135a7a0dea4ecba446bf63fde82180,org.apache.sling.pipes.PipeBindings,org.apache.sling.pipes.PipeBindings_ESTest,1,0,False
1408,NPEX,Sling_Pipes-81059025,0,dd3e6bb9c68b4526907b5fe949fac982,org.apache.sling.pipes.PipeBindings,org.apache.sling.pipes.PipeBindings_ESTest$1,1,0,False
1409,NPEX,Sling_Pipes-81059025,0,dd3e6bb9c68b4526907b5fe949fac982,org.apache.sling.pipes.PipeBindings,org.apache.sling.pipes.PipeBindings_ESTest,1,0,False
1410,NPEX,Sling_Pipes-81059025,0,2e5ca2ffac554217bdaae9a236382620,org.apache.sling.pipes.PipeBindings,org.apache.sling.pipes.PipeBindings_ESTest$1,1,0,False
1411,NPEX,Sling_Pipes-81059025,0,2e5ca2ffac554217bdaae9a236382620,org.apache.sling.pipes.PipeBindings,org.apache.sling.pipes.PipeBindings_ESTest,1,0,False
1412,NPEX,Sling_Pipes-81059025,0,4db3d90fcd84431694c9701ef8fdc76a,org.apache.sling.pipes.PipeBindings,org.apache.sling.pipes.PipeBindings_ESTest$1,1,0,False
1413,NPEX,Sling_Pipes-81059025,0,4db3d90fcd84431694c9701ef8fdc76a,org.apache.sling.pipes.PipeBindings,org.apache.sling.pipes.PipeBindings_ESTest,1,0,False
1414,NPEX,Sling_Pipes-81059025,0,210915a43739437d9232693f2449d41e,org.apache.sling.pipes.PipeBindings,org.apache.sling.pipes.PipeBindings_ESTest$1,1,0,False
1415,NPEX,Sling_Pipes-81059025,0,210915a43739437d9232693f2449d41e,org.apache.sling.pipes.PipeBindings,org.apache.sling.pipes.PipeBindings_ESTest,1,0,False
1416,NPEX,Sling_Pipes-81059025,0,c010dd0f60804b89b957d5684d28193c,org.apache.sling.pipes.PipeBindings,org.apache.sling.pipes.PipeBindings_ESTest$1,1,0,False
1417,NPEX,Sling_Pipes-81059025,0,c010dd0f60804b89b957d5684d28193c,org.apache.sling.pipes.PipeBindings,org.apache.sling.pipes.PipeBindings_ESTest,1,0,False
1418,NPEX,Sling_Pipes-81059025,0,8bc67181312745f9a3ae11fdb4440025,org.apache.sling.pipes.PipeBindings,org.apache.sling.pipes.PipeBindings_ESTest$1,1,0,False
1419,NPEX,Sling_Pipes-81059025,0,8bc67181312745f9a3ae11fdb4440025,org.apache.sling.pipes.PipeBindings,org.apache.sling.pipes.PipeBindings_ESTest,1,0,False
1420,NPEX,Sling_Pipes-81059025,0,9e21c451a75a4c08ab473238d5fd4937,org.apache.sling.pipes.PipeBindings,org.apache.sling.pipes.PipeBindings_ESTest$1,1,0,False
1421,NPEX,Sling_Pipes-81059025,0,9e21c451a75a4c08ab473238d5fd4937,org.apache.sling.pipes.PipeBindings,org.apache.sling.pipes.PipeBindings_ESTest,1,0,False
1422,NPEX,Sling_Pipes-81059025,0,a8fcf63abb0748249f7eff3f6d546e06,org.apache.sling.pipes.PipeBindings,org.apache.sling.pipes.PipeBindings_ESTest$1,1,0,False
1423,NPEX,Sling_Pipes-81059025,0,a8fcf63abb0748249f7eff3f6d546e06,org.apache.sling.pipes.PipeBindings,org.apache.sling.pipes.PipeBindings_ESTest,1,0,False
1424,NPEX,Sling_Pipes-81059025,0,339147ba2e5649c29d7768822e27cde3,org.apache.sling.pipes.PipeBindings,org.apache.sling.pipes.PipeBindings_ESTest$1,1,0,False
1425,NPEX,Sling_Pipes-81059025,0,339147ba2e5649c29d7768822e27cde3,org.apache.sling.pipes.PipeBindings,org.apache.sling.pipes.PipeBindings_ESTest,1,0,False
1426,NPEX,OpenNLP-60792b8f,0,ff966d317f014dfc9b992cd26be09af3,opennlp.tools.lemmatizer.DictionaryLemmatizer,opennlp.tools.lemmatizer.DictionaryLemmatizer_ESTest,12,0,True
1427,NPEX,OpenNLP-60792b8f,0,8c2f55ccb69e460ca8d718df0cc8e9ae,opennlp.tools.lemmatizer.DictionaryLemmatizer,opennlp.tools.lemmatizer.DictionaryLemmatizer_ESTest,10,0,True
1428,NPEX,OpenNLP-60792b8f,0,ab97321e165945a7a0af9183e0744a78,opennlp.tools.lemmatizer.DictionaryLemmatizer,opennlp.tools.lemmatizer.DictionaryLemmatizer_ESTest,12,0,True
1429,NPEX,OpenNLP-60792b8f,0,fa693969bc1445238f08dcd12503cefb,opennlp.tools.lemmatizer.DictionaryLemmatizer,opennlp.tools.lemmatizer.DictionaryLemmatizer_ESTest,11,0,True
1430,NPEX,OpenNLP-60792b8f,0,fb10dac18c994628844a5ac9ff8d3d9c,opennlp.tools.lemmatizer.DictionaryLemmatizer,opennlp.tools.lemmatizer.DictionaryLemmatizer_ESTest,10,0,True
1431,NPEX,OpenNLP-60792b8f,0,cf695060fee34f338fe2b36d67fb622d,opennlp.tools.lemmatizer.DictionaryLemmatizer,opennlp.tools.lemmatizer.DictionaryLemmatizer_ESTest,12,0,True
1432,NPEX,OpenNLP-60792b8f,0,7becd2a9e2de4f849e2ab0ed7952b347,opennlp.tools.lemmatizer.DictionaryLemmatizer,opennlp.tools.lemmatizer.DictionaryLemmatizer_ESTest,11,0,True
1433,NPEX,OpenNLP-60792b8f,0,88f6d512566b4f5dad18bc46bf5e75e7,opennlp.tools.lemmatizer.DictionaryLemmatizer,opennlp.tools.lemmatizer.DictionaryLemmatizer_ESTest,12,0,True
1434,NPEX,OpenNLP-60792b8f,0,dfd17a9be06d400dad14dda25823f48b,opennlp.tools.lemmatizer.DictionaryLemmatizer,opennlp.tools.lemmatizer.DictionaryLemmatizer_ESTest,11,0,True
1435,NPEX,OpenNLP-60792b8f,0,4aefcc570c73441ea0781d7826d2cc6a,opennlp.tools.lemmatizer.DictionaryLemmatizer,opennlp.tools.lemmatizer.DictionaryLemmatizer_ESTest,11,0,True
1436,NPEX,OpenNLP-60792b8f,0,4d0b84e05e8741a6b1f3a5e65ac804fd,opennlp.tools.lemmatizer.DictionaryLemmatizer,opennlp.tools.lemmatizer.DictionaryLemmatizer_ESTest,11,0,True
1437,NPEX,OpenNLP-60792b8f,0,7e4bc995b313481a86a19d79496d1164,opennlp.tools.lemmatizer.DictionaryLemmatizer,opennlp.tools.lemmatizer.DictionaryLemmatizer_ESTest,12,0,True
1438,NPEX,OpenNLP-60792b8f,0,e6df0dbd84f3450583b778cb02e18d96,opennlp.tools.lemmatizer.DictionaryLemmatizer,opennlp.tools.lemmatizer.DictionaryLemmatizer_ESTest,10,0,True
1439,NPEX,OpenNLP-60792b8f,0,2b89f7744ca74b44916d6008fe6ccee4,opennlp.tools.lemmatizer.DictionaryLemmatizer,opennlp.tools.lemmatizer.DictionaryLemmatizer_ESTest,11,0,True
1440,NPEX,OpenNLP-60792b8f,0,751e32e2ff7440ffbb48778ed769159e,opennlp.tools.lemmatizer.DictionaryLemmatizer,opennlp.tools.lemmatizer.DictionaryLemmatizer_ESTest,12,0,True
1441,NPEX,OpenNLP-60792b8f,0,6ea4649d28b74314b1db5984989e265f,opennlp.tools.lemmatizer.DictionaryLemmatizer,opennlp.tools.lemmatizer.DictionaryLemmatizer_ESTest,11,0,True
1442,NPEX,OpenNLP-60792b8f,0,2d514ccf6a434860bd330a9e0f5f98cb,opennlp.tools.lemmatizer.DictionaryLemmatizer,opennlp.tools.lemmatizer.DictionaryLemmatizer_ESTest,10,0,True
1443,NPEX,OpenNLP-60792b8f,0,fd5e90edf0a94966928bb20f74e0ee68,opennlp.tools.lemmatizer.DictionaryLemmatizer,opennlp.tools.lemmatizer.DictionaryLemmatizer_ESTest,11,0,True
1444,NPEX,OpenNLP-60792b8f,0,109a12a2bfa549d28abf989b4717483d,opennlp.tools.lemmatizer.DictionaryLemmatizer,opennlp.tools.lemmatizer.DictionaryLemmatizer_ESTest,12,0,True
1445,NPEX,Hessian_Lite-c5c017dc,0,4227af00095e4d099f321ae2178c665e,com.alibaba.dubbo.common.URL,com.alibaba.dubbo.common.URL_ESTest,458,0,True
1446,NPEX,Hessian_Lite-c5c017dc,0,8481f433dfb746c49ab4bf5632149cd5,com.alibaba.dubbo.common.URL,com.alibaba.dubbo.common.URL_ESTest,453,0,True
1447,NPEX,Hessian_Lite-c5c017dc,0,5bcc5adf148f419887796d5897fba2ab,com.alibaba.dubbo.common.URL,com.alibaba.dubbo.common.URL_ESTest,453,0,True
1448,NPEX,Hessian_Lite-c5c017dc,0,a4a240edda524d2f8363c5446273cd71,com.alibaba.dubbo.common.URL,com.alibaba.dubbo.common.URL_ESTest,453,0,True
1449,NPEX,Hessian_Lite-c5c017dc,0,20326af1752347009c62844ed959623f,com.alibaba.dubbo.common.URL,com.alibaba.dubbo.common.URL_ESTest,476,0,True
1450,NPEX,Hessian_Lite-c5c017dc,0,65eb4c32b4c84ca7905b6351e9f8df7e,com.alibaba.dubbo.common.URL,com.alibaba.dubbo.common.URL_ESTest,456,0,True
1451,NPEX,Hessian_Lite-c5c017dc,0,5f1afb9fc39045108f942c019e616b89,com.alibaba.dubbo.common.URL,com.alibaba.dubbo.common.URL_ESTest,455,0,True
1452,NPEX,Hessian_Lite-c5c017dc,0,ead35fd0367f4197b5c2ad8b9bc2d9e3,com.alibaba.dubbo.common.URL,com.alibaba.dubbo.common.URL_ESTest,464,0,True
1453,NPEX,Hessian_Lite-c5c017dc,0,607464ec0eb344b8ab964634eafef431,com.alibaba.dubbo.common.URL,com.alibaba.dubbo.common.URL_ESTest,456,0,True
1454,NPEX,Hessian_Lite-c5c017dc,0,f6170ccd08014c3696a2dad0376e497c,com.alibaba.dubbo.common.URL,com.alibaba.dubbo.common.URL_ESTest,450,0,True
1455,NPEX,Hessian_Lite-c5c017dc,0,a257bf41cf9f4aa996f04d164f2cf57d,com.alibaba.dubbo.common.URL,com.alibaba.dubbo.common.URL_ESTest,469,0,True
1456,NPEX,Hessian_Lite-c5c017dc,0,84fcc553ce7e45ba960520aca0f0322d,com.alibaba.dubbo.common.URL,com.alibaba.dubbo.common.URL_ESTest,453,0,True
1457,NPEX,Hessian_Lite-c5c017dc,0,c485e4149a5d4cc499f535ee761c79a6,com.alibaba.dubbo.common.URL,com.alibaba.dubbo.common.URL_ESTest,464,0,True
1458,NPEX,Hessian_Lite-c5c017dc,0,8cec61ac02764b428fa8e93bce3c55ec,com.alibaba.dubbo.common.URL,com.alibaba.dubbo.common.URL_ESTest,460,0,True
1459,NPEX,Hessian_Lite-c5c017dc,0,8dd239bd39cb40299f7a5bc6c527ab4b,com.alibaba.dubbo.common.URL,com.alibaba.dubbo.common.URL_ESTest,466,0,True
1460,NPEX,Hessian_Lite-c5c017dc,0,7ca83254f97940fab7584846812df44c,com.alibaba.dubbo.common.URL,com.alibaba.dubbo.common.URL_ESTest,456,0,True
1461,NPEX,Hessian_Lite-c5c017dc,0,34b35ce77a014da7a9fd03ddd28d64a1,com.alibaba.dubbo.common.URL,com.alibaba.dubbo.common.URL_ESTest,458,0,True
1462,NPEX,Hessian_Lite-c5c017dc,0,4e1992be37164e81b774244bda2d24e8,com.alibaba.dubbo.common.URL,com.alibaba.dubbo.common.URL_ESTest,471,0,True
1463,NPEX,Hessian_Lite-c5c017dc,0,3b6de2adfef54953897c27c949783b58,com.alibaba.dubbo.common.URL,com.alibaba.dubbo.common.URL_ESTest,472,0,True
1464,NPEX,Hessian_Lite-c5c017dc,0,7873b9b94b734932ab156b52ba7a4542,com.alibaba.dubbo.common.URL,com.alibaba.dubbo.common.URL_ESTest,462,0,True
1465,NPEX,ZooKeeper-ef3649f5,0,3a6c86ea11a542c9bf061ae1ccb8d857,org.apache.zookeeper.server.ZooKeeperServer,org.apache.zookeeper.server.ZooKeeperServer_ESTest,201,0,False
1466,NPEX,ZooKeeper-ef3649f5,0,3a6c86ea11a542c9bf061ae1ccb8d857,org.apache.zookeeper.server.ZooKeeperServer,org.apache.zookeeper.server.ZooKeeperServer_ESTest$11,201,0,False
1467,NPEX,ZooKeeper-ef3649f5,0,3a6c86ea11a542c9bf061ae1ccb8d857,org.apache.zookeeper.server.ZooKeeperServer,org.apache.zookeeper.server.ZooKeeperServer_ESTest$1,201,0,False
1468,NPEX,ZooKeeper-ef3649f5,0,3a6c86ea11a542c9bf061ae1ccb8d857,org.apache.zookeeper.server.ZooKeeperServer,org.apache.zookeeper.server.ZooKeeperServer_ESTest$6,201,0,False
1469,NPEX,ZooKeeper-ef3649f5,0,3a6c86ea11a542c9bf061ae1ccb8d857,org.apache.zookeeper.server.ZooKeeperServer,org.apache.zookeeper.server.ZooKeeperServer_ESTest$5,201,0,False
1470,NPEX,ZooKeeper-ef3649f5,0,3a6c86ea11a542c9bf061ae1ccb8d857,org.apache.zookeeper.server.ZooKeeperServer,org.apache.zookeeper.server.ZooKeeperServer_ESTest$9,201,0,False
1471,NPEX,ZooKeeper-ef3649f5,0,3a6c86ea11a542c9bf061ae1ccb8d857,org.apache.zookeeper.server.ZooKeeperServer,org.apache.zookeeper.server.ZooKeeperServer_ESTest$2,201,0,False
1472,NPEX,ZooKeeper-ef3649f5,0,3a6c86ea11a542c9bf061ae1ccb8d857,org.apache.zookeeper.server.ZooKeeperServer,org.apache.zookeeper.server.ZooKeeperServer_ESTest$7,201,0,False
1473,NPEX,ZooKeeper-ef3649f5,0,3a6c86ea11a542c9bf061ae1ccb8d857,org.apache.zookeeper.server.ZooKeeperServer,org.apache.zookeeper.server.ZooKeeperServer_ESTest$4,201,0,False
1474,NPEX,ZooKeeper-ef3649f5,0,3a6c86ea11a542c9bf061ae1ccb8d857,org.apache.zookeeper.server.ZooKeeperServer,org.apache.zookeeper.server.ZooKeeperServer_ESTest$8,201,0,False
1475,NPEX,ZooKeeper-ef3649f5,0,3a6c86ea11a542c9bf061ae1ccb8d857,org.apache.zookeeper.server.ZooKeeperServer,org.apache.zookeeper.server.ZooKeeperServer_ESTest$13,201,0,False
1476,NPEX,ZooKeeper-ef3649f5,0,3a6c86ea11a542c9bf061ae1ccb8d857,org.apache.zookeeper.server.ZooKeeperServer,org.apache.zookeeper.server.ZooKeeperServer_ESTest$10,201,0,False
1477,NPEX,ZooKeeper-ef3649f5,0,3a6c86ea11a542c9bf061ae1ccb8d857,org.apache.zookeeper.server.ZooKeeperServer,org.apache.zookeeper.server.ZooKeeperServer_ESTest$15,201,0,False
1478,NPEX,ZooKeeper-ef3649f5,0,3a6c86ea11a542c9bf061ae1ccb8d857,org.apache.zookeeper.server.ZooKeeperServer,org.apache.zookeeper.server.ZooKeeperServer_ESTest$12,201,0,False
1479,NPEX,ZooKeeper-ef3649f5,0,3a6c86ea11a542c9bf061ae1ccb8d857,org.apache.zookeeper.server.ZooKeeperServer,org.apache.zookeeper.server.ZooKeeperServer_ESTest$3,201,0,False
1480,NPEX,ZooKeeper-ef3649f5,0,3a6c86ea11a542c9bf061ae1ccb8d857,org.apache.zookeeper.server.ZooKeeperServer,org.apache.zookeeper.server.ZooKeeperServer_ESTest$14,201,0,False
1481,NPEX,ZooKeeper-ef3649f5,0,c5aca08e9795478c9e365ceae519b293,org.apache.zookeeper.server.ZooKeeperServer,org.apache.zookeeper.server.ZooKeeperServer_ESTest,264,0,True
1482,NPEX,ZooKeeper-ef3649f5,0,c5aca08e9795478c9e365ceae519b293,org.apache.zookeeper.server.ZooKeeperServer,org.apache.zookeeper.server.ZooKeeperServer_ESTest$1,264,0,True
1483,NPEX,ZooKeeper-ef3649f5,0,c5aca08e9795478c9e365ceae519b293,org.apache.zookeeper.server.ZooKeeperServer,org.apache.zookeeper.server.ZooKeeperServer_ESTest$6,264,0,True
1484,NPEX,ZooKeeper-ef3649f5,0,c5aca08e9795478c9e365ceae519b293,org.apache.zookeeper.server.ZooKeeperServer,org.apache.zookeeper.server.ZooKeeperServer_ESTest$5,264,0,True
1485,NPEX,ZooKeeper-ef3649f5,0,c5aca08e9795478c9e365ceae519b293,org.apache.zookeeper.server.ZooKeeperServer,org.apache.zookeeper.server.ZooKeeperServer_ESTest$2,264,0,True
1486,NPEX,ZooKeeper-ef3649f5,0,c5aca08e9795478c9e365ceae519b293,org.apache.zookeeper.server.ZooKeeperServer,org.apache.zookeeper.server.ZooKeeperServer_ESTest$7,264,0,True
1487,NPEX,ZooKeeper-ef3649f5,0,c5aca08e9795478c9e365ceae519b293,org.apache.zookeeper.server.ZooKeeperServer,org.apache.zookeeper.server.ZooKeeperServer_ESTest$4,264,0,True
1488,NPEX,ZooKeeper-ef3649f5,0,c5aca08e9795478c9e365ceae519b293,org.apache.zookeeper.server.ZooKeeperServer,org.apache.zookeeper.server.ZooKeeperServer_ESTest$3,264,0,True
1489,NPEX,ZooKeeper-ef3649f5,0,6a1c1171e25c422e8ea7010437b69331,org.apache.zookeeper.server.ZooKeeperServer,org.apache.zookeeper.server.ZooKeeperServer_ESTest,165,0,False
1490,NPEX,ZooKeeper-ef3649f5,0,6a1c1171e25c422e8ea7010437b69331,org.apache.zookeeper.server.ZooKeeperServer,org.apache.zookeeper.server.ZooKeeperServer_ESTest$1,165,0,False
1491,NPEX,ZooKeeper-ef3649f5,0,6a1c1171e25c422e8ea7010437b69331,org.apache.zookeeper.server.ZooKeeperServer,org.apache.zookeeper.server.ZooKeeperServer_ESTest$2,165,0,False
1492,NPEX,ZooKeeper-ef3649f5,0,11007c8d4f1d4bc6995db67cd2ba0f42,org.apache.zookeeper.server.ZooKeeperServer,org.apache.zookeeper.server.ZooKeeperServer_ESTest,228,0,True
1493,NPEX,ZooKeeper-ef3649f5,0,11007c8d4f1d4bc6995db67cd2ba0f42,org.apache.zookeeper.server.ZooKeeperServer,org.apache.zookeeper.server.ZooKeeperServer_ESTest$1,228,0,True
1494,NPEX,ZooKeeper-ef3649f5,0,11007c8d4f1d4bc6995db67cd2ba0f42,org.apache.zookeeper.server.ZooKeeperServer,org.apache.zookeeper.server.ZooKeeperServer_ESTest$5,228,0,True
1495,NPEX,ZooKeeper-ef3649f5,0,11007c8d4f1d4bc6995db67cd2ba0f42,org.apache.zookeeper.server.ZooKeeperServer,org.apache.zookeeper.server.ZooKeeperServer_ESTest$2,228,0,True
1496,NPEX,ZooKeeper-ef3649f5,0,11007c8d4f1d4bc6995db67cd2ba0f42,org.apache.zookeeper.server.ZooKeeperServer,org.apache.zookeeper.server.ZooKeeperServer_ESTest$4,228,0,True
1497,NPEX,ZooKeeper-ef3649f5,0,11007c8d4f1d4bc6995db67cd2ba0f42,org.apache.zookeeper.server.ZooKeeperServer,org.apache.zookeeper.server.ZooKeeperServer_ESTest$3,228,0,True
1498,NPEX,ZooKeeper-ef3649f5,0,15b87d2a6e764e3cadb4804a9f2cf872,org.apache.zookeeper.server.ZooKeeperServer,org.apache.zookeeper.server.ZooKeeperServer_ESTest,175,0,False
1499,NPEX,ZooKeeper-ef3649f5,0,15b87d2a6e764e3cadb4804a9f2cf872,org.apache.zookeeper.server.ZooKeeperServer,org.apache.zookeeper.server.ZooKeeperServer_ESTest$1,175,0,False
1500,NPEX,ZooKeeper-ef3649f5,0,15b87d2a6e764e3cadb4804a9f2cf872,org.apache.zookeeper.server.ZooKeeperServer,org.apache.zookeeper.server.ZooKeeperServer_ESTest$2,175,0,False
1501,NPEX,ZooKeeper-ef3649f5,0,df5b68a69c3e402dad09688405a61e6a,org.apache.zookeeper.server.ZooKeeperServer,org.apache.zookeeper.server.ZooKeeperServer_ESTest,174,0,False
1502,NPEX,ZooKeeper-ef3649f5,0,df5b68a69c3e402dad09688405a61e6a,org.apache.zookeeper.server.ZooKeeperServer,org.apache.zookeeper.server.ZooKeeperServer_ESTest$1,174,0,False
1503,NPEX,ZooKeeper-ef3649f5,0,ba10f2718a664ee298901a4a925ce8b6,org.apache.zookeeper.server.ZooKeeperServer,org.apache.zookeeper.server.ZooKeeperServer_ESTest,157,0,True
1504,NPEX,ZooKeeper-ef3649f5,0,ba10f2718a664ee298901a4a925ce8b6,org.apache.zookeeper.server.ZooKeeperServer,org.apache.zookeeper.server.ZooKeeperServer_ESTest$1,157,0,True
1505,NPEX,ZooKeeper-ef3649f5,0,e524086fca70493382c193edffa4aabb,org.apache.zookeeper.server.ZooKeeperServer,org.apache.zookeeper.server.ZooKeeperServer_ESTest,179,0,False
1506,NPEX,ZooKeeper-ef3649f5,0,e524086fca70493382c193edffa4aabb,org.apache.zookeeper.server.ZooKeeperServer,org.apache.zookeeper.server.ZooKeeperServer_ESTest$1,179,0,False
1507,NPEX,ZooKeeper-ef3649f5,0,e524086fca70493382c193edffa4aabb,org.apache.zookeeper.server.ZooKeeperServer,org.apache.zookeeper.server.ZooKeeperServer_ESTest$2,179,0,False
1508,NPEX,ZooKeeper-ef3649f5,0,4d166dad9d114c01bb0aac6337b56fa6,org.apache.zookeeper.server.ZooKeeperServer,org.apache.zookeeper.server.ZooKeeperServer_ESTest,252,0,False
1509,NPEX,ZooKeeper-ef3649f5,0,4d166dad9d114c01bb0aac6337b56fa6,org.apache.zookeeper.server.ZooKeeperServer,org.apache.zookeeper.server.ZooKeeperServer_ESTest$1,252,0,False
1510,NPEX,ZooKeeper-ef3649f5,0,4d166dad9d114c01bb0aac6337b56fa6,org.apache.zookeeper.server.ZooKeeperServer,org.apache.zookeeper.server.ZooKeeperServer_ESTest$6,252,0,False
1511,NPEX,ZooKeeper-ef3649f5,0,4d166dad9d114c01bb0aac6337b56fa6,org.apache.zookeeper.server.ZooKeeperServer,org.apache.zookeeper.server.ZooKeeperServer_ESTest$5,252,0,False
1512,NPEX,ZooKeeper-ef3649f5,0,4d166dad9d114c01bb0aac6337b56fa6,org.apache.zookeeper.server.ZooKeeperServer,org.apache.zookeeper.server.ZooKeeperServer_ESTest$2,252,0,False
1513,NPEX,ZooKeeper-ef3649f5,0,4d166dad9d114c01bb0aac6337b56fa6,org.apache.zookeeper.server.ZooKeeperServer,org.apache.zookeeper.server.ZooKeeperServer_ESTest$7,252,0,False
1514,NPEX,ZooKeeper-ef3649f5,0,4d166dad9d114c01bb0aac6337b56fa6,org.apache.zookeeper.server.ZooKeeperServer,org.apache.zookeeper.server.ZooKeeperServer_ESTest$4,252,0,False
1515,NPEX,ZooKeeper-ef3649f5,0,4d166dad9d114c01bb0aac6337b56fa6,org.apache.zookeeper.server.ZooKeeperServer,org.apache.zookeeper.server.ZooKeeperServer_ESTest$8,252,0,False
1516,NPEX,ZooKeeper-ef3649f5,0,4d166dad9d114c01bb0aac6337b56fa6,org.apache.zookeeper.server.ZooKeeperServer,org.apache.zookeeper.server.ZooKeeperServer_ESTest$3,252,0,False
1517,NPEX,ZooKeeper-ef3649f5,0,9c4d72915262414daff55cfdcef6e325,org.apache.zookeeper.server.ZooKeeperServer,org.apache.zookeeper.server.ZooKeeperServer_ESTest,172,0,False
1518,NPEX,ZooKeeper-ef3649f5,0,9c4d72915262414daff55cfdcef6e325,org.apache.zookeeper.server.ZooKeeperServer,org.apache.zookeeper.server.ZooKeeperServer_ESTest$1,172,0,False
1519,NPEX,ZooKeeper-ef3649f5,0,00735dbd037e401ebbaab7a0936833ba,org.apache.zookeeper.server.ZooKeeperServer,org.apache.zookeeper.server.ZooKeeperServer_ESTest,244,0,False
1520,NPEX,ZooKeeper-ef3649f5,0,00735dbd037e401ebbaab7a0936833ba,org.apache.zookeeper.server.ZooKeeperServer,org.apache.zookeeper.server.ZooKeeperServer_ESTest$1,244,0,False
1521,NPEX,ZooKeeper-ef3649f5,0,00735dbd037e401ebbaab7a0936833ba,org.apache.zookeeper.server.ZooKeeperServer,org.apache.zookeeper.server.ZooKeeperServer_ESTest$6,244,0,False
1522,NPEX,ZooKeeper-ef3649f5,0,00735dbd037e401ebbaab7a0936833ba,org.apache.zookeeper.server.ZooKeeperServer,org.apache.zookeeper.server.ZooKeeperServer_ESTest$5,244,0,False
1523,NPEX,ZooKeeper-ef3649f5,0,00735dbd037e401ebbaab7a0936833ba,org.apache.zookeeper.server.ZooKeeperServer,org.apache.zookeeper.server.ZooKeeperServer_ESTest$2,244,0,False
1524,NPEX,ZooKeeper-ef3649f5,0,00735dbd037e401ebbaab7a0936833ba,org.apache.zookeeper.server.ZooKeeperServer,org.apache.zookeeper.server.ZooKeeperServer_ESTest$7,244,0,False
1525,NPEX,ZooKeeper-ef3649f5,0,00735dbd037e401ebbaab7a0936833ba,org.apache.zookeeper.server.ZooKeeperServer,org.apache.zookeeper.server.ZooKeeperServer_ESTest$4,244,0,False
1526,NPEX,ZooKeeper-ef3649f5,0,00735dbd037e401ebbaab7a0936833ba,org.apache.zookeeper.server.ZooKeeperServer,org.apache.zookeeper.server.ZooKeeperServer_ESTest$3,244,0,False
1527,NPEX,ZooKeeper-ef3649f5,0,e8c4a2d7b1e84d7e9862dac10828bb78,org.apache.zookeeper.server.ZooKeeperServer,org.apache.zookeeper.server.ZooKeeperServer_ESTest,179,0,False
1528,NPEX,ZooKeeper-ef3649f5,0,e8c4a2d7b1e84d7e9862dac10828bb78,org.apache.zookeeper.server.ZooKeeperServer,org.apache.zookeeper.server.ZooKeeperServer_ESTest$1,179,0,False
1529,NPEX,ZooKeeper-ef3649f5,0,7f76263597e64a12b04eb8a053d41028,org.apache.zookeeper.server.ZooKeeperServer,org.apache.zookeeper.server.ZooKeeperServer_ESTest,125,0,False
1530,NPEX,ZooKeeper-ef3649f5,0,7f76263597e64a12b04eb8a053d41028,org.apache.zookeeper.server.ZooKeeperServer,org.apache.zookeeper.server.ZooKeeperServer_ESTest$1,125,0,False
1531,NPEX,ZooKeeper-ef3649f5,0,7f76263597e64a12b04eb8a053d41028,org.apache.zookeeper.server.ZooKeeperServer,org.apache.zookeeper.server.ZooKeeperServer_ESTest$2,125,0,False
1532,NPEX,ZooKeeper-ef3649f5,0,9300c7397e4f48869a85367ee3c419a4,org.apache.zookeeper.server.ZooKeeperServer,org.apache.zookeeper.server.ZooKeeperServer_ESTest,212,0,False
1533,NPEX,ZooKeeper-ef3649f5,0,9300c7397e4f48869a85367ee3c419a4,org.apache.zookeeper.server.ZooKeeperServer,org.apache.zookeeper.server.ZooKeeperServer_ESTest$1,212,0,False
1534,NPEX,ZooKeeper-ef3649f5,0,9300c7397e4f48869a85367ee3c419a4,org.apache.zookeeper.server.ZooKeeperServer,org.apache.zookeeper.server.ZooKeeperServer_ESTest$6,212,0,False
1535,NPEX,ZooKeeper-ef3649f5,0,9300c7397e4f48869a85367ee3c419a4,org.apache.zookeeper.server.ZooKeeperServer,org.apache.zookeeper.server.ZooKeeperServer_ESTest$5,212,0,False
1536,NPEX,ZooKeeper-ef3649f5,0,9300c7397e4f48869a85367ee3c419a4,org.apache.zookeeper.server.ZooKeeperServer,org.apache.zookeeper.server.ZooKeeperServer_ESTest$2,212,0,False
1537,NPEX,ZooKeeper-ef3649f5,0,9300c7397e4f48869a85367ee3c419a4,org.apache.zookeeper.server.ZooKeeperServer,org.apache.zookeeper.server.ZooKeeperServer_ESTest$7,212,0,False
1538,NPEX,ZooKeeper-ef3649f5,0,9300c7397e4f48869a85367ee3c419a4,org.apache.zookeeper.server.ZooKeeperServer,org.apache.zookeeper.server.ZooKeeperServer_ESTest$4,212,0,False
1539,NPEX,ZooKeeper-ef3649f5,0,9300c7397e4f48869a85367ee3c419a4,org.apache.zookeeper.server.ZooKeeperServer,org.apache.zookeeper.server.ZooKeeperServer_ESTest$3,212,0,False
1540,NPEX,ZooKeeper-ef3649f5,0,f2e20ef230854ec0837812db9ca9aac4,org.apache.zookeeper.server.ZooKeeperServer,org.apache.zookeeper.server.ZooKeeperServer_ESTest,173,0,False
1541,NPEX,ZooKeeper-ef3649f5,0,7a2412c70cad4554a5bb26819460fa80,org.apache.zookeeper.server.ZooKeeperServer,org.apache.zookeeper.server.ZooKeeperServer_ESTest,166,0,False
1542,NPEX,ZooKeeper-ef3649f5,0,7a2412c70cad4554a5bb26819460fa80,org.apache.zookeeper.server.ZooKeeperServer,org.apache.zookeeper.server.ZooKeeperServer_ESTest$1,166,0,False
1543,NPEX,ZooKeeper-ef3649f5,0,4e9224be39fa4a95a75a8dca85bc455f,org.apache.zookeeper.server.ZooKeeperServer,org.apache.zookeeper.server.ZooKeeperServer_ESTest,209,0,True
1544,NPEX,ZooKeeper-ef3649f5,0,4e9224be39fa4a95a75a8dca85bc455f,org.apache.zookeeper.server.ZooKeeperServer,org.apache.zookeeper.server.ZooKeeperServer_ESTest$1,209,0,True
1545,NPEX,ZooKeeper-ef3649f5,0,4e9224be39fa4a95a75a8dca85bc455f,org.apache.zookeeper.server.ZooKeeperServer,org.apache.zookeeper.server.ZooKeeperServer_ESTest$6,209,0,True
1546,NPEX,ZooKeeper-ef3649f5,0,4e9224be39fa4a95a75a8dca85bc455f,org.apache.zookeeper.server.ZooKeeperServer,org.apache.zookeeper.server.ZooKeeperServer_ESTest$5,209,0,True
1547,NPEX,ZooKeeper-ef3649f5,0,4e9224be39fa4a95a75a8dca85bc455f,org.apache.zookeeper.server.ZooKeeperServer,org.apache.zookeeper.server.ZooKeeperServer_ESTest$9,209,0,True
1548,NPEX,ZooKeeper-ef3649f5,0,4e9224be39fa4a95a75a8dca85bc455f,org.apache.zookeeper.server.ZooKeeperServer,org.apache.zookeeper.server.ZooKeeperServer_ESTest$2,209,0,True
1549,NPEX,ZooKeeper-ef3649f5,0,4e9224be39fa4a95a75a8dca85bc455f,org.apache.zookeeper.server.ZooKeeperServer,org.apache.zookeeper.server.ZooKeeperServer_ESTest$7,209,0,True
1550,NPEX,ZooKeeper-ef3649f5,0,4e9224be39fa4a95a75a8dca85bc455f,org.apache.zookeeper.server.ZooKeeperServer,org.apache.zookeeper.server.ZooKeeperServer_ESTest$4,209,0,True
1551,NPEX,ZooKeeper-ef3649f5,0,4e9224be39fa4a95a75a8dca85bc455f,org.apache.zookeeper.server.ZooKeeperServer,org.apache.zookeeper.server.ZooKeeperServer_ESTest$8,209,0,True
1552,NPEX,ZooKeeper-ef3649f5,0,4e9224be39fa4a95a75a8dca85bc455f,org.apache.zookeeper.server.ZooKeeperServer,org.apache.zookeeper.server.ZooKeeperServer_ESTest$3,209,0,True
1553,NPEX,ZooKeeper-ef3649f5,0,e7260c8d46634c90a6e5ad6c2b6c89cf,org.apache.zookeeper.server.ZooKeeperServer,org.apache.zookeeper.server.ZooKeeperServer_ESTest,158,0,False
1554,NPEX,ZooKeeper-ef3649f5,0,e7260c8d46634c90a6e5ad6c2b6c89cf,org.apache.zookeeper.server.ZooKeeperServer,org.apache.zookeeper.server.ZooKeeperServer_ESTest$1,158,0,False
1555,NPEX,ZooKeeper-ef3649f5,0,3a098ebd5d274b2aaceb4c43367a09b4,org.apache.zookeeper.server.ZooKeeperServer,org.apache.zookeeper.server.ZooKeeperServer_ESTest,164,0,False
1556,NPEX,ZooKeeper-ef3649f5,0,3a098ebd5d274b2aaceb4c43367a09b4,org.apache.zookeeper.server.ZooKeeperServer,org.apache.zookeeper.server.ZooKeeperServer_ESTest$1,164,0,False
1557,NPEX,ZooKeeper-ef3649f5,0,ef69f1b751b14d2faf0697f7aabf4a2c,org.apache.zookeeper.server.ZooKeeperServer,org.apache.zookeeper.server.ZooKeeperServer_ESTest,247,0,False
1558,NPEX,ZooKeeper-ef3649f5,0,ef69f1b751b14d2faf0697f7aabf4a2c,org.apache.zookeeper.server.ZooKeeperServer,org.apache.zookeeper.server.ZooKeeperServer_ESTest$1,247,0,False
1559,NPEX,ZooKeeper-ef3649f5,0,ef69f1b751b14d2faf0697f7aabf4a2c,org.apache.zookeeper.server.ZooKeeperServer,org.apache.zookeeper.server.ZooKeeperServer_ESTest$6,247,0,False
1560,NPEX,ZooKeeper-ef3649f5,0,ef69f1b751b14d2faf0697f7aabf4a2c,org.apache.zookeeper.server.ZooKeeperServer,org.apache.zookeeper.server.ZooKeeperServer_ESTest$5,247,0,False
1561,NPEX,ZooKeeper-ef3649f5,0,ef69f1b751b14d2faf0697f7aabf4a2c,org.apache.zookeeper.server.ZooKeeperServer,org.apache.zookeeper.server.ZooKeeperServer_ESTest$2,247,0,False
1562,NPEX,ZooKeeper-ef3649f5,0,ef69f1b751b14d2faf0697f7aabf4a2c,org.apache.zookeeper.server.ZooKeeperServer,org.apache.zookeeper.server.ZooKeeperServer_ESTest$7,247,0,False
1563,NPEX,ZooKeeper-ef3649f5,0,ef69f1b751b14d2faf0697f7aabf4a2c,org.apache.zookeeper.server.ZooKeeperServer,org.apache.zookeeper.server.ZooKeeperServer_ESTest$4,247,0,False
1564,NPEX,ZooKeeper-ef3649f5,0,ef69f1b751b14d2faf0697f7aabf4a2c,org.apache.zookeeper.server.ZooKeeperServer,org.apache.zookeeper.server.ZooKeeperServer_ESTest$3,247,0,False
1565,NPEX,Log4j_2-5b7b75d5,0,edc7be4ffd5342b7a3b98df991a5c85d,org.apache.logging.log4j.core.config.composite.DefaultMergeStrategy,org.apache.logging.log4j.core.config.composite.DefaultMergeStrategy_ESTest,11,0,False
1566,NPEX,Log4j_2-5b7b75d5,0,066f3b73afd54bc0a3796a4aaa3bec64,org.apache.logging.log4j.core.config.composite.DefaultMergeStrategy,org.apache.logging.log4j.core.config.composite.DefaultMergeStrategy_ESTest,11,0,False
1567,NPEX,Log4j_2-5b7b75d5,0,157cf0fa5e8a46de96dee82cef0ce934,org.apache.logging.log4j.core.config.composite.DefaultMergeStrategy,org.apache.logging.log4j.core.config.composite.DefaultMergeStrategy_ESTest,9,0,False
1568,NPEX,Log4j_2-5b7b75d5,0,58dfc97521a149d5abb427e5c879695d,org.apache.logging.log4j.core.config.composite.DefaultMergeStrategy,org.apache.logging.log4j.core.config.composite.DefaultMergeStrategy_ESTest,10,0,False
1569,NPEX,Log4j_2-5b7b75d5,0,093760245fb0406fb7f5021c8d1761d5,org.apache.logging.log4j.core.config.composite.DefaultMergeStrategy,org.apache.logging.log4j.core.config.composite.DefaultMergeStrategy_ESTest,10,0,False
1570,NPEX,Log4j_2-5b7b75d5,0,e3da39d6b8d9463d94412dfb337a715e,org.apache.logging.log4j.core.config.composite.DefaultMergeStrategy,org.apache.logging.log4j.core.config.composite.DefaultMergeStrategy_ESTest,10,0,False
1571,NPEX,Log4j_2-5b7b75d5,0,7a48686ef9204011b8a01d33dff5cc61,org.apache.logging.log4j.core.config.composite.DefaultMergeStrategy,org.apache.logging.log4j.core.config.composite.DefaultMergeStrategy_ESTest,12,0,False
1572,NPEX,Log4j_2-5b7b75d5,0,441d9f73a65d4244b550fcec7662350a,org.apache.logging.log4j.core.config.composite.DefaultMergeStrategy,org.apache.logging.log4j.core.config.composite.DefaultMergeStrategy_ESTest,11,0,False
1573,NPEX,Log4j_2-5b7b75d5,0,c5d08ac945494cd3aed5df2e09e60336,org.apache.logging.log4j.core.config.composite.DefaultMergeStrategy,org.apache.logging.log4j.core.config.composite.DefaultMergeStrategy_ESTest,13,0,False
1574,NPEX,Log4j_2-5b7b75d5,0,a84ffe53c96740459e3acf0054eae4c5,org.apache.logging.log4j.core.config.composite.DefaultMergeStrategy,org.apache.logging.log4j.core.config.composite.DefaultMergeStrategy_ESTest,12,0,False
1575,NPEX,Log4j_2-5b7b75d5,0,dd18594d142041f894b0b09772e91688,org.apache.logging.log4j.core.config.composite.DefaultMergeStrategy,org.apache.logging.log4j.core.config.composite.DefaultMergeStrategy_ESTest,16,0,False
1576,NPEX,Log4j_2-5b7b75d5,0,cd7fb4f2b1a74a29a8c1d41d0792ab34,org.apache.logging.log4j.core.config.composite.DefaultMergeStrategy,org.apache.logging.log4j.core.config.composite.DefaultMergeStrategy_ESTest,13,0,False
1577,NPEX,Log4j_2-5b7b75d5,0,0ab191ece2324796a23131df16b4e956,org.apache.logging.log4j.core.config.composite.DefaultMergeStrategy,org.apache.logging.log4j.core.config.composite.DefaultMergeStrategy_ESTest,13,0,False
1578,NPEX,Log4j_2-5b7b75d5,0,1fa7c71ea4414e50998cbaeab5a89733,org.apache.logging.log4j.core.config.composite.DefaultMergeStrategy,org.apache.logging.log4j.core.config.composite.DefaultMergeStrategy_ESTest,14,0,False
1579,NPEX,Log4j_2-5b7b75d5,0,e46eb8d340ef4543901401b081042f6a,org.apache.logging.log4j.core.config.composite.DefaultMergeStrategy,org.apache.logging.log4j.core.config.composite.DefaultMergeStrategy_ESTest,10,0,False
1580,NPEX,Log4j_2-5b7b75d5,0,2aabaacd17594685863de87cf8450030,org.apache.logging.log4j.core.config.composite.DefaultMergeStrategy,org.apache.logging.log4j.core.config.composite.DefaultMergeStrategy_ESTest,17,0,False
1581,NPEX,Log4j_2-5b7b75d5,0,e2d6bb11417e47e78d9cf6ad354579ed,org.apache.logging.log4j.core.config.composite.DefaultMergeStrategy,org.apache.logging.log4j.core.config.composite.DefaultMergeStrategy_ESTest,11,0,False
1582,NPEX,Log4j_2-5b7b75d5,0,7f0b05f91aeb423cb9134d5fa2fb1f81,org.apache.logging.log4j.core.config.composite.DefaultMergeStrategy,org.apache.logging.log4j.core.config.composite.DefaultMergeStrategy_ESTest,10,0,False
1583,NPEX,Log4j_2-5b7b75d5,0,23c84af0acc74977aa2b3c441b7905b2,org.apache.logging.log4j.core.config.composite.DefaultMergeStrategy,org.apache.logging.log4j.core.config.composite.DefaultMergeStrategy_ESTest,18,0,False
1584,NPEX,Log4j_2-5b7b75d5,0,cdd686cfda7f4f0896d245c58f082a16,org.apache.logging.log4j.core.config.composite.DefaultMergeStrategy,org.apache.logging.log4j.core.config.composite.DefaultMergeStrategy_ESTest,16,0,False
1585,NPEX,Karaf-b92dd7e4,0,768ec63b5ab24a35bdc62e97ec0472d9,org.apache.karaf.shell.impl.console.commands.help.wikidoc.WikiParser,org.apache.karaf.shell.impl.console.commands.help.wikidoc.WikiParser_ESTest,22,0,False
1586,NPEX,Karaf-b92dd7e4,0,60890fd1376b40f584d27c7f4e7b3097,org.apache.karaf.shell.impl.console.commands.help.wikidoc.WikiParser,org.apache.karaf.shell.impl.console.commands.help.wikidoc.WikiParser_ESTest,20,0,False
1587,NPEX,Karaf-b92dd7e4,0,9161d7b9cb5747c7b8b3568bf14a9d67,org.apache.karaf.shell.impl.console.commands.help.wikidoc.WikiParser,org.apache.karaf.shell.impl.console.commands.help.wikidoc.WikiParser_ESTest,19,0,False
1588,NPEX,Karaf-b92dd7e4,0,ecbbdfd62c6c4f54a2dd540e6c9c8a7c,org.apache.karaf.shell.impl.console.commands.help.wikidoc.WikiParser,org.apache.karaf.shell.impl.console.commands.help.wikidoc.WikiParser_ESTest,19,0,False
1589,NPEX,Karaf-b92dd7e4,0,06e31db0a0074146a7a84e6d2d057a1a,org.apache.karaf.shell.impl.console.commands.help.wikidoc.WikiParser,org.apache.karaf.shell.impl.console.commands.help.wikidoc.WikiParser_ESTest,18,0,False
1590,NPEX,Karaf-b92dd7e4,0,af0f24e0fd1245fda56a469d7fb4df3f,org.apache.karaf.shell.impl.console.commands.help.wikidoc.WikiParser,org.apache.karaf.shell.impl.console.commands.help.wikidoc.WikiParser_ESTest,19,0,False
1591,NPEX,Karaf-b92dd7e4,0,166f270008e440c6b72ec06735034054,org.apache.karaf.shell.impl.console.commands.help.wikidoc.WikiParser,org.apache.karaf.shell.impl.console.commands.help.wikidoc.WikiParser_ESTest,19,0,False
1592,NPEX,Karaf-b92dd7e4,0,2911776aa70441bbad72da6cff763288,org.apache.karaf.shell.impl.console.commands.help.wikidoc.WikiParser,org.apache.karaf.shell.impl.console.commands.help.wikidoc.WikiParser_ESTest,19,0,False
1593,NPEX,Karaf-b92dd7e4,0,c87dbf55c01842c793c1911bd3a4c479,org.apache.karaf.shell.impl.console.commands.help.wikidoc.WikiParser,org.apache.karaf.shell.impl.console.commands.help.wikidoc.WikiParser_ESTest,19,0,False
1594,NPEX,Karaf-b92dd7e4,0,d92af48a14aa4db49658eb799e5c1252,org.apache.karaf.shell.impl.console.commands.help.wikidoc.WikiParser,org.apache.karaf.shell.impl.console.commands.help.wikidoc.WikiParser_ESTest,16,0,False
1595,NPEX,Karaf-b92dd7e4,0,187af476e1f84baf8be1a06f0bd8d315,org.apache.karaf.shell.impl.console.commands.help.wikidoc.WikiParser,org.apache.karaf.shell.impl.console.commands.help.wikidoc.WikiParser_ESTest,21,0,False
1596,NPEX,Karaf-b92dd7e4,0,73b972869f5b4285b41b440d2582d76a,org.apache.karaf.shell.impl.console.commands.help.wikidoc.WikiParser,org.apache.karaf.shell.impl.console.commands.help.wikidoc.WikiParser_ESTest,20,0,False
1597,NPEX,Karaf-b92dd7e4,0,7b4b1647b008410495a23fc6eebc7d84,org.apache.karaf.shell.impl.console.commands.help.wikidoc.WikiParser,org.apache.karaf.shell.impl.console.commands.help.wikidoc.WikiParser_ESTest,17,0,False
1598,NPEX,Karaf-b92dd7e4,0,901129c737dd4cd980c3bb8f794b537f,org.apache.karaf.shell.impl.console.commands.help.wikidoc.WikiParser,org.apache.karaf.shell.impl.console.commands.help.wikidoc.WikiParser_ESTest,18,0,False
1599,NPEX,Karaf-b92dd7e4,0,46460588007541e596a4a9b1df2237c3,org.apache.karaf.shell.impl.console.commands.help.wikidoc.WikiParser,org.apache.karaf.shell.impl.console.commands.help.wikidoc.WikiParser_ESTest,19,0,False
1600,NPEX,Karaf-b92dd7e4,0,425d069fc6644a2980e93af52d14a722,org.apache.karaf.shell.impl.console.commands.help.wikidoc.WikiParser,org.apache.karaf.shell.impl.console.commands.help.wikidoc.WikiParser_ESTest,18,0,False
1601,NPEX,jsoup-b8411990,0,94d8c08d972346528c52702860195578,org.jsoup.internal.Normalizer,org.jsoup.internal.Normalizer_ESTest,7,0,True
1602,NPEX,jsoup-b8411990,0,a82a0628aafc423889588a3d7d40a387,org.jsoup.internal.Normalizer,org.jsoup.internal.Normalizer_ESTest,7,0,True
1603,NPEX,jsoup-b8411990,0,a1bd8727d7084f468638d7ff41cda62b,org.jsoup.internal.Normalizer,org.jsoup.internal.Normalizer_ESTest,7,0,True
1604,NPEX,jsoup-b8411990,0,340c9201e5c3482f84084313fad2c3f1,org.jsoup.internal.Normalizer,org.jsoup.internal.Normalizer_ESTest,7,0,True
1605,NPEX,jsoup-b8411990,0,87b4955326a2486c86e0a868ace5e12d,org.jsoup.internal.Normalizer,org.jsoup.internal.Normalizer_ESTest,7,0,True
1606,NPEX,jsoup-b8411990,0,d033faec8fea40499b01ac1f4dec4b9a,org.jsoup.internal.Normalizer,org.jsoup.internal.Normalizer_ESTest,7,0,True
1607,NPEX,jsoup-b8411990,0,725ddb0b645f40d29b03652ba65ba927,org.jsoup.internal.Normalizer,org.jsoup.internal.Normalizer_ESTest,7,0,True
1608,NPEX,jsoup-b8411990,0,59157a62c8bb406b80e78c0917541f02,org.jsoup.internal.Normalizer,org.jsoup.internal.Normalizer_ESTest,7,0,True
1609,NPEX,jsoup-b8411990,0,6343fe101ae4403d8cef1fa708898cab,org.jsoup.internal.Normalizer,org.jsoup.internal.Normalizer_ESTest,7,0,True
1610,NPEX,jsoup-b8411990,0,5c1b62e1cb8242cf9801cba9421224d8,org.jsoup.internal.Normalizer,org.jsoup.internal.Normalizer_ESTest,7,0,True
1611,NPEX,jsoup-b8411990,0,387b4386e41c4c69927ca630b2ecaf30,org.jsoup.internal.Normalizer,org.jsoup.internal.Normalizer_ESTest,7,0,True
1612,NPEX,jsoup-b8411990,0,b382d2bdf5d146928c6bc530a7683eb6,org.jsoup.internal.Normalizer,org.jsoup.internal.Normalizer_ESTest,7,0,True
1613,NPEX,jsoup-b8411990,0,8e0176f14ad64846b01bc501081ee47f,org.jsoup.internal.Normalizer,org.jsoup.internal.Normalizer_ESTest,7,0,True
1614,NPEX,jsoup-b8411990,0,7d715980872e4d4da9d32651fe762cd6,org.jsoup.internal.Normalizer,org.jsoup.internal.Normalizer_ESTest,7,0,True
1615,NPEX,jsoup-b8411990,0,3f1cfbe9d72244b6af3a2328fd41fe25,org.jsoup.internal.Normalizer,org.jsoup.internal.Normalizer_ESTest,7,0,True
1616,NPEX,jsoup-b8411990,0,cbb8fb137c284627a8160da48a3dec9a,org.jsoup.internal.Normalizer,org.jsoup.internal.Normalizer_ESTest,7,0,True
1617,NPEX,jsoup-b8411990,0,06b6f9be1b00476387c807c524da237e,org.jsoup.internal.Normalizer,org.jsoup.internal.Normalizer_ESTest,7,0,True
1618,NPEX,jsoup-b8411990,0,5aebb0a31c514e8ba689d58093826911,org.jsoup.internal.Normalizer,org.jsoup.internal.Normalizer_ESTest,7,0,True
1619,NPEX,jsoup-b8411990,0,496b94fd9d0644bdbe5bfd9c525fc821,org.jsoup.internal.Normalizer,org.jsoup.internal.Normalizer_ESTest,7,0,True
1620,NPEX,jsoup-b8411990,0,0af34a1692bb4f2d8e7af495dd84baca,org.jsoup.internal.Normalizer,org.jsoup.internal.Normalizer_ESTest,7,0,True
1621,NPEX,Qpid_Proton__j-0c27d5ff,0,3ced2d3870d74ee28487d0171247d99a,org.apache.qpid.proton.engine.impl.TransportImpl,org.apache.qpid.proton.engine.impl.TransportImpl_ESTest,129,0,False
1622,NPEX,Qpid_Proton__j-0c27d5ff,0,9a28449f70424076827fd9fa0ec4e4f7,org.apache.qpid.proton.engine.impl.TransportImpl,org.apache.qpid.proton.engine.impl.TransportImpl_ESTest,159,0,False
1623,NPEX,Qpid_Proton__j-0c27d5ff,0,939da2498c46494abf3d3927270f14ae,org.apache.qpid.proton.engine.impl.TransportImpl,org.apache.qpid.proton.engine.impl.TransportImpl_ESTest,161,0,True
1624,NPEX,Qpid_Proton__j-0c27d5ff,0,e56ad9925b2b48048e10a9fa9a100c75,org.apache.qpid.proton.engine.impl.TransportImpl,org.apache.qpid.proton.engine.impl.TransportImpl_ESTest,169,0,False
1625,NPEX,Qpid_Proton__j-0c27d5ff,0,145cb1e42c724979a3a02abecec7ec64,org.apache.qpid.proton.engine.impl.TransportImpl,org.apache.qpid.proton.engine.impl.TransportImpl_ESTest,170,0,False
1626,NPEX,Qpid_Proton__j-0c27d5ff,0,0e872e9e279448dbaed0bc7804a0ac31,org.apache.qpid.proton.engine.impl.TransportImpl,org.apache.qpid.proton.engine.impl.TransportImpl_ESTest,162,0,True
1627,NPEX,Qpid_Proton__j-0c27d5ff,0,709740885c4e43f4af87fb39c3f81774,org.apache.qpid.proton.engine.impl.TransportImpl,org.apache.qpid.proton.engine.impl.TransportImpl_ESTest,165,0,False
1628,NPEX,Qpid_Proton__j-0c27d5ff,0,2b817979e15741ae967ebc11ee2f8d81,org.apache.qpid.proton.engine.impl.TransportImpl,org.apache.qpid.proton.engine.impl.TransportImpl_ESTest,156,0,False
1629,NPEX,Qpid_Proton__j-0c27d5ff,0,3e78efd5695e440493e2204ac4188a61,org.apache.qpid.proton.engine.impl.TransportImpl,org.apache.qpid.proton.engine.impl.TransportImpl_ESTest,170,0,False
1630,NPEX,Qpid_Proton__j-0c27d5ff,0,e309d00ce0a7463f860cec991cd7443f,org.apache.qpid.proton.engine.impl.TransportImpl,org.apache.qpid.proton.engine.impl.TransportImpl_ESTest,155,0,False
1631,NPEX,Qpid_Proton__j-0c27d5ff,0,5406359f116e4a89a9edb7b911437189,org.apache.qpid.proton.engine.impl.TransportImpl,org.apache.qpid.proton.engine.impl.TransportImpl_ESTest,162,0,False
1632,NPEX,Qpid_Proton__j-0c27d5ff,0,d95b811ca45c4977a4def85b30ce6bde,org.apache.qpid.proton.engine.impl.TransportImpl,org.apache.qpid.proton.engine.impl.TransportImpl_ESTest,145,0,False
1633,NPEX,Qpid_Proton__j-0c27d5ff,0,778d5e22ca7243f09a836c8c3b98a224,org.apache.qpid.proton.engine.impl.TransportImpl,org.apache.qpid.proton.engine.impl.TransportImpl_ESTest,159,0,False
1634,NPEX,Qpid_Proton__j-0c27d5ff,0,428c96cc0aa240008443d928d8524502,org.apache.qpid.proton.engine.impl.TransportImpl,org.apache.qpid.proton.engine.impl.TransportImpl_ESTest,140,0,False
1635,NPEX,Qpid_Proton__j-0c27d5ff,0,c2076a220ce34340beae0541839be8e7,org.apache.qpid.proton.engine.impl.TransportImpl,org.apache.qpid.proton.engine.impl.TransportImpl_ESTest,152,0,True
1636,NPEX,Qpid_Proton__j-0c27d5ff,0,4c9836bb62b74a57bd1d33132fe19c78,org.apache.qpid.proton.engine.impl.TransportImpl,org.apache.qpid.proton.engine.impl.TransportImpl_ESTest,156,0,False
1637,NPEX,Commons_Pool-11521c1f,0,feca74e771df4be39036e6e84bcb5266,org.apache.commons.pool2.impl.GenericKeyedObjectPool,org.apache.commons.pool2.impl.GenericKeyedObjectPool_ESTest,58,0,True
1638,NPEX,Commons_Pool-11521c1f,0,1e5301e6f84b4eae81aed571f07956ab,org.apache.commons.pool2.impl.GenericKeyedObjectPool,org.apache.commons.pool2.impl.GenericKeyedObjectPool_ESTest,63,0,True
1639,NPEX,Commons_Pool-11521c1f,0,705e8ad9628a402db87b2985f540bd9c,org.apache.commons.pool2.impl.GenericKeyedObjectPool,org.apache.commons.pool2.impl.GenericKeyedObjectPool_ESTest,59,0,True
1640,NPEX,Commons_Pool-11521c1f,0,e350ddcbecb8444f816474fa4f711cb9,org.apache.commons.pool2.impl.GenericKeyedObjectPool,org.apache.commons.pool2.impl.GenericKeyedObjectPool_ESTest,72,0,True
1641,NPEX,Commons_Pool-11521c1f,0,c024302dbc6048e9b4e1112148950b7f,org.apache.commons.pool2.impl.GenericKeyedObjectPool,org.apache.commons.pool2.impl.GenericKeyedObjectPool_ESTest,76,0,False
1642,NPEX,Commons_Pool-11521c1f,0,1f8f756835984799b5478659408cd482,org.apache.commons.pool2.impl.GenericKeyedObjectPool,org.apache.commons.pool2.impl.GenericKeyedObjectPool_ESTest,69,0,True
1643,NPEX,Commons_Pool-11521c1f,0,8a75b283379b4a7090422eb1e0925e28,org.apache.commons.pool2.impl.GenericKeyedObjectPool,org.apache.commons.pool2.impl.GenericKeyedObjectPool_ESTest,60,0,True
1644,NPEX,Commons_Pool-11521c1f,0,53fe91bc9acd44419b8a612852220db5,org.apache.commons.pool2.impl.GenericKeyedObjectPool,org.apache.commons.pool2.impl.GenericKeyedObjectPool_ESTest,67,0,True
1645,NPEX,Commons_Pool-11521c1f,0,fae2f3eef9a24bf48de03083cd481318,org.apache.commons.pool2.impl.GenericKeyedObjectPool,org.apache.commons.pool2.impl.GenericKeyedObjectPool_ESTest,64,0,True
1646,NPEX,Commons_Pool-11521c1f,0,16dc60a33e2247d58f816e8de6fc8450,org.apache.commons.pool2.impl.GenericKeyedObjectPool,org.apache.commons.pool2.impl.GenericKeyedObjectPool_ESTest,72,0,True
1647,NPEX,Commons_Pool-11521c1f,0,a8085297dd084684b33fecf66050951b,org.apache.commons.pool2.impl.GenericKeyedObjectPool,org.apache.commons.pool2.impl.GenericKeyedObjectPool_ESTest,61,0,True
1648,NPEX,Commons_Pool-11521c1f,0,47ad858e229a4caea95f07389ec7d487,org.apache.commons.pool2.impl.GenericKeyedObjectPool,org.apache.commons.pool2.impl.GenericKeyedObjectPool_ESTest,67,0,True
1649,NPEX,Commons_Pool-11521c1f,0,fe388fc61b6647438703ad4fa8e004cc,org.apache.commons.pool2.impl.GenericKeyedObjectPool,org.apache.commons.pool2.impl.GenericKeyedObjectPool_ESTest,53,0,True
1650,NPEX,Commons_Pool-11521c1f,0,742d6093216448eb8f08bb8b9a5cafff,org.apache.commons.pool2.impl.GenericKeyedObjectPool,org.apache.commons.pool2.impl.GenericKeyedObjectPool_ESTest,75,0,True
1651,NPEX,Commons_Pool-11521c1f,0,f350f8eef0a34f29854547b52088c0cf,org.apache.commons.pool2.impl.GenericKeyedObjectPool,org.apache.commons.pool2.impl.GenericKeyedObjectPool_ESTest,68,0,True
1652,NPEX,Commons_Pool-11521c1f,0,6cc0e922bffd4311864248be45539523,org.apache.commons.pool2.impl.GenericKeyedObjectPool,org.apache.commons.pool2.impl.GenericKeyedObjectPool_ESTest,62,0,True
1653,NPEX,Commons_Pool-11521c1f,0,26a9ffab8b014c599a10fa53cb55b0fd,org.apache.commons.pool2.impl.GenericKeyedObjectPool,org.apache.commons.pool2.impl.GenericKeyedObjectPool_ESTest,62,0,True
1654,NPEX,Commons_Pool-11521c1f,0,5f7076b0dce14d2c8d39942f628a4800,org.apache.commons.pool2.impl.GenericKeyedObjectPool,org.apache.commons.pool2.impl.GenericKeyedObjectPool_ESTest,70,0,True
1655,NPEX,Commons_Pool-11521c1f,0,b18a249de330402aac87cd0abad0efe7,org.apache.commons.pool2.impl.GenericKeyedObjectPool,org.apache.commons.pool2.impl.GenericKeyedObjectPool_ESTest,70,0,True
1656,NPEX,Commons_Pool-11521c1f,0,4005599718f04303ab56421280b1d465,org.apache.commons.pool2.impl.GenericKeyedObjectPool,org.apache.commons.pool2.impl.GenericKeyedObjectPool_ESTest,70,0,True
1657,NPEX,Log4j_2-7441d3c3,0,c486bfdba77c42dd868107604f57da3e,org.apache.logging.log4j.core.config.ConfigurationScheduler,org.apache.logging.log4j.core.config.ConfigurationScheduler_ESTest,30,0,True
1658,NPEX,Log4j_2-7441d3c3,0,a5abbe8a0a8849659db6fa78bd9d207c,org.apache.logging.log4j.core.config.ConfigurationScheduler,org.apache.logging.log4j.core.config.ConfigurationScheduler_ESTest,28,0,True
1659,NPEX,Log4j_2-7441d3c3,0,db0c00f8604f4fc1814bcbb16c202e2d,org.apache.logging.log4j.core.config.ConfigurationScheduler,org.apache.logging.log4j.core.config.ConfigurationScheduler_ESTest,28,0,True
1660,NPEX,Log4j_2-7441d3c3,0,378e20b13b544273a3fe4202d754ffb2,org.apache.logging.log4j.core.config.ConfigurationScheduler,org.apache.logging.log4j.core.config.ConfigurationScheduler_ESTest,27,0,True
1661,NPEX,Log4j_2-7441d3c3,0,b004e4ad94314fafa31261a3c0946f4d,org.apache.logging.log4j.core.config.ConfigurationScheduler,org.apache.logging.log4j.core.config.ConfigurationScheduler_ESTest,47,0,True
1662,NPEX,Log4j_2-7441d3c3,0,8551a82671384562b5949a133490a691,org.apache.logging.log4j.core.config.ConfigurationScheduler,org.apache.logging.log4j.core.config.ConfigurationScheduler_ESTest,28,0,True
1663,NPEX,Log4j_2-7441d3c3,0,218af6115c9e42d4947ccaf0a5ddd47b,org.apache.logging.log4j.core.config.ConfigurationScheduler,org.apache.logging.log4j.core.config.ConfigurationScheduler_ESTest,30,0,True
1664,NPEX,Log4j_2-7441d3c3,0,c541d23c1f0a472897b0e094a7c13bf6,org.apache.logging.log4j.core.config.ConfigurationScheduler,org.apache.logging.log4j.core.config.ConfigurationScheduler_ESTest,52,0,True
1665,NPEX,Log4j_2-7441d3c3,0,aaae700eac2d46e5a946aa022b8a1025,org.apache.logging.log4j.core.config.ConfigurationScheduler,org.apache.logging.log4j.core.config.ConfigurationScheduler_ESTest,30,0,True
1666,NPEX,Log4j_2-7441d3c3,0,afb8f8bbba7041bba5c9ddfc61fed136,org.apache.logging.log4j.core.config.ConfigurationScheduler,org.apache.logging.log4j.core.config.ConfigurationScheduler_ESTest,42,0,True
1667,NPEX,Log4j_2-7441d3c3,0,0c5e1f87b278442db71b5cc4b30e2724,org.apache.logging.log4j.core.config.ConfigurationScheduler,org.apache.logging.log4j.core.config.ConfigurationScheduler_ESTest,29,0,True
1668,NPEX,Log4j_2-7441d3c3,0,49a84e92246b4aa9babe8e88cdc5d778,org.apache.logging.log4j.core.config.ConfigurationScheduler,org.apache.logging.log4j.core.config.ConfigurationScheduler_ESTest,28,0,True
1669,NPEX,Log4j_2-7441d3c3,0,5298dddbbcac4c65932afd4813e7e856,org.apache.logging.log4j.core.config.ConfigurationScheduler,org.apache.logging.log4j.core.config.ConfigurationScheduler_ESTest,50,0,True
1670,NPEX,Log4j_2-7441d3c3,0,5d3d28b3aa2143b39006bae50f29ef7d,org.apache.logging.log4j.core.config.ConfigurationScheduler,org.apache.logging.log4j.core.config.ConfigurationScheduler_ESTest,53,0,True
1671,NPEX,Log4j_2-7441d3c3,0,565c772f2981494b95001651e72d1407,org.apache.logging.log4j.core.config.ConfigurationScheduler,org.apache.logging.log4j.core.config.ConfigurationScheduler_ESTest,29,0,True
1672,NPEX,Log4j_2-7441d3c3,0,7d89819417e54e7eacb4cf5f6e16d18b,org.apache.logging.log4j.core.config.ConfigurationScheduler,org.apache.logging.log4j.core.config.ConfigurationScheduler_ESTest,27,0,True
1673,NPEX,Log4j_2-7441d3c3,0,f65a0fb2c70748cbb28f8cea28b974c6,org.apache.logging.log4j.core.config.ConfigurationScheduler,org.apache.logging.log4j.core.config.ConfigurationScheduler_ESTest,29,0,True
1674,NPEX,Log4j_2-7441d3c3,0,029480849be445739bd1867ca86ee3a6,org.apache.logging.log4j.core.config.ConfigurationScheduler,org.apache.logging.log4j.core.config.ConfigurationScheduler_ESTest,43,0,True
1675,NPEX,Log4j_2-7441d3c3,0,830764c3e17641f595138cc46432c973,org.apache.logging.log4j.core.config.ConfigurationScheduler,org.apache.logging.log4j.core.config.ConfigurationScheduler_ESTest,28,0,True
1676,NPEX,Log4j_2-7441d3c3,0,2068e9bc2a73440e9ac9e2b77c89f701,org.apache.logging.log4j.core.config.ConfigurationScheduler,org.apache.logging.log4j.core.config.ConfigurationScheduler_ESTest,30,0,True
1677,NPEX,Commons_BCEL-a46d927b,0,9cbb8500c60245b7b63c945c9d45da3b,org.apache.bcel.generic.MethodGen,org.apache.bcel.generic.MethodGen_ESTest,164,0,False
1678,NPEX,Commons_BCEL-a46d927b,0,767c6c0f9e754170826e2e2129b7ef76,org.apache.bcel.generic.MethodGen,org.apache.bcel.generic.MethodGen_ESTest,156,0,False
1679,NPEX,Commons_BCEL-a46d927b,0,959c26ee022c461cb114df93bb537802,org.apache.bcel.generic.MethodGen,org.apache.bcel.generic.MethodGen_ESTest,150,0,False
1680,NPEX,Commons_BCEL-a46d927b,0,ff59fd0bd4e44082a6c9fdf9288fede2,org.apache.bcel.generic.MethodGen,org.apache.bcel.generic.MethodGen_ESTest,149,0,False
1681,NPEX,Commons_BCEL-a46d927b,0,e8f671d777b344c8a9f778cf9d7be2c9,org.apache.bcel.generic.MethodGen,org.apache.bcel.generic.MethodGen_ESTest,165,0,False
1682,NPEX,Commons_BCEL-a46d927b,0,5932815b27de41d0b712e8bca28df6e2,org.apache.bcel.generic.MethodGen,org.apache.bcel.generic.MethodGen_ESTest,162,0,False
1683,NPEX,Commons_BCEL-a46d927b,0,5a7013189a7a4d7281dfd7620b1e2f4a,org.apache.bcel.generic.MethodGen,org.apache.bcel.generic.MethodGen_ESTest,309,0,False
1684,NPEX,Commons_BCEL-a46d927b,0,f0cc4f2050ee4c499b3b170cd4ce20c3,org.apache.bcel.generic.MethodGen,org.apache.bcel.generic.MethodGen_ESTest,160,0,False
1685,NPEX,Commons_BCEL-a46d927b,0,db0b33881a714abc9671c17d6983f2b4,org.apache.bcel.generic.MethodGen,org.apache.bcel.generic.MethodGen_ESTest,167,0,False
1686,NPEX,Commons_BCEL-a46d927b,0,d67a2f9146e84241a5b02f7be12c7f81,org.apache.bcel.generic.MethodGen,org.apache.bcel.generic.MethodGen_ESTest,153,0,False
1687,NPEX,Commons_BCEL-a46d927b,0,2567bba165244146813618a5ca23d58c,org.apache.bcel.generic.MethodGen,org.apache.bcel.generic.MethodGen_ESTest,148,0,False
1688,NPEX,Commons_BCEL-a46d927b,0,4542b4dab18c4d10b020e76800377d14,org.apache.bcel.generic.MethodGen,org.apache.bcel.generic.MethodGen_ESTest,148,0,False
1689,NPEX,Commons_BCEL-a46d927b,0,9ac06e4d48fb46d682439ee31becf6e6,org.apache.bcel.generic.MethodGen,org.apache.bcel.generic.MethodGen_ESTest,140,0,False
1690,NPEX,Commons_BCEL-a46d927b,0,e3a5c7b34b82412396e45ceab6f071f2,org.apache.bcel.generic.MethodGen,org.apache.bcel.generic.MethodGen_ESTest,153,0,False
1691,NPEX,Commons_BCEL-a46d927b,0,e8a781cee8bf494fb0d478e4fb9d348b,org.apache.bcel.generic.MethodGen,org.apache.bcel.generic.MethodGen_ESTest,158,0,False
1692,NPEX,Commons_BCEL-a46d927b,0,47539da418554b73975f5394a97455d3,org.apache.bcel.generic.MethodGen,org.apache.bcel.generic.MethodGen_ESTest,137,0,False
1693,NPEX,Commons_BCEL-a46d927b,0,4fe03e51dff64f02a9fb11aaa72ffcee,org.apache.bcel.generic.MethodGen,org.apache.bcel.generic.MethodGen_ESTest,171,0,False
1694,NPEX,Commons_BCEL-a46d927b,0,36419138f10546bd9f29421d636232bf,org.apache.bcel.generic.MethodGen,org.apache.bcel.generic.MethodGen_ESTest,156,0,False
1695,NPEX,Commons_BCEL-a46d927b,0,f7230cd63ca84097878e84d4fe127924,org.apache.bcel.generic.MethodGen,org.apache.bcel.generic.MethodGen_ESTest,157,0,False
1696,NPEX,Jest-f34fa45e,0,17acd1c093d84c7791767a371516f137,io.searchbox.client.config.discovery.NodeChecker,io.searchbox.client.config.discovery.NodeChecker_ESTest,11,0,False
1697,NPEX,Jest-f34fa45e,0,9f7d4a07041b4ea28b223891ae2ad787,io.searchbox.client.config.discovery.NodeChecker,io.searchbox.client.config.discovery.NodeChecker_ESTest,10,0,False
1698,NPEX,Jest-f34fa45e,0,e42d47446c95487a90f130671e57d490,io.searchbox.client.config.discovery.NodeChecker,io.searchbox.client.config.discovery.NodeChecker_ESTest,10,0,False
1699,NPEX,Jest-f34fa45e,0,927ca46c7bfe4e23b902289ec4695948,io.searchbox.client.config.discovery.NodeChecker,io.searchbox.client.config.discovery.NodeChecker_ESTest,17,0,False
1700,NPEX,Jest-f34fa45e,0,442ef6650f3b48c9aa2866a4b1389bf7,io.searchbox.client.config.discovery.NodeChecker,io.searchbox.client.config.discovery.NodeChecker_ESTest,12,0,True
1701,NPEX,Jest-f34fa45e,0,26623db3f7a0420f80d33ead5db06b4a,io.searchbox.client.config.discovery.NodeChecker,io.searchbox.client.config.discovery.NodeChecker_ESTest,13,0,True
1702,NPEX,Jest-f34fa45e,0,c8a69b31a16f4c62929083b15660f856,io.searchbox.client.config.discovery.NodeChecker,io.searchbox.client.config.discovery.NodeChecker_ESTest,15,0,False
1703,NPEX,Jest-f34fa45e,0,3b02669422dd4f80bd62709f80d6bdd5,io.searchbox.client.config.discovery.NodeChecker,io.searchbox.client.config.discovery.NodeChecker_ESTest,13,0,False
1704,NPEX,Jest-f34fa45e,0,3d78ae4c5f9940829799e294f5d19367,io.searchbox.client.config.discovery.NodeChecker,io.searchbox.client.config.discovery.NodeChecker_ESTest,12,0,True
1705,NPEX,Jest-f34fa45e,0,7d27fd75791c4457a269c2e879c57abf,io.searchbox.client.config.discovery.NodeChecker,io.searchbox.client.config.discovery.NodeChecker_ESTest,13,0,False
1706,NPEX,Jest-f34fa45e,0,54c4b4e65ca144229a039e78b75d38ac,io.searchbox.client.config.discovery.NodeChecker,io.searchbox.client.config.discovery.NodeChecker_ESTest,13,0,True
1707,NPEX,Jest-f34fa45e,0,a24735bd4966425d914040af04988117,io.searchbox.client.config.discovery.NodeChecker,io.searchbox.client.config.discovery.NodeChecker_ESTest,14,0,False
1708,NPEX,Jest-f34fa45e,0,44dbeea0c4b6415785dc368d56bbf048,io.searchbox.client.config.discovery.NodeChecker,io.searchbox.client.config.discovery.NodeChecker_ESTest,16,0,False
1709,NPEX,Jest-f34fa45e,0,694aa0db8fcb4e87844e9d2de2b49384,io.searchbox.client.config.discovery.NodeChecker,io.searchbox.client.config.discovery.NodeChecker_ESTest,13,0,False
1710,NPEX,Jest-f34fa45e,0,8e71980f2c114d6d86d187fedc0de460,io.searchbox.client.config.discovery.NodeChecker,io.searchbox.client.config.discovery.NodeChecker_ESTest,13,0,False
1711,NPEX,Jest-f34fa45e,0,9ed590ceb0db48c8acc14069f4f71cee,io.searchbox.client.config.discovery.NodeChecker,io.searchbox.client.config.discovery.NodeChecker_ESTest,14,0,True
1712,NPEX,Jest-f34fa45e,0,c1bce35f0617415ea9c0983bd777985e,io.searchbox.client.config.discovery.NodeChecker,io.searchbox.client.config.discovery.NodeChecker_ESTest,14,0,False
1713,NPEX,Jest-f34fa45e,0,c7d9570e1a0543bc8e4e4b60e081ce79,io.searchbox.client.config.discovery.NodeChecker,io.searchbox.client.config.discovery.NodeChecker_ESTest,11,0,False
1714,NPEX,Jest-f34fa45e,0,e473b4c0396d4cb3ba2f11bb5ac039c0,io.searchbox.client.config.discovery.NodeChecker,io.searchbox.client.config.discovery.NodeChecker_ESTest,16,0,False
1715,NPEX,Qpid_Proton__j-02998b38,0,f69a7021a45a40ba8086e4ae5540ffff,org.apache.qpid.proton.codec.MapType,org.apache.qpid.proton.codec.MapType_ESTest,11,0,False
1716,NPEX,Qpid_Proton__j-02998b38,0,9072ca6fe2e04f6498750ddbdf9e69dc,org.apache.qpid.proton.codec.MapType,org.apache.qpid.proton.codec.MapType_ESTest,8,0,False
1717,NPEX,Qpid_Proton__j-02998b38,0,b05d3bde03d442e6a554247b9df3f784,org.apache.qpid.proton.codec.MapType,org.apache.qpid.proton.codec.MapType_ESTest,11,0,False
1718,NPEX,Qpid_Proton__j-02998b38,0,fcfecf08fdea48398bd2bf465689bb01,org.apache.qpid.proton.codec.MapType,org.apache.qpid.proton.codec.MapType_ESTest,11,0,False
1719,NPEX,Qpid_Proton__j-02998b38,0,4e4b315ab086437bb907235afa99bb28,org.apache.qpid.proton.codec.MapType,org.apache.qpid.proton.codec.MapType_ESTest,10,0,False
1720,NPEX,Qpid_Proton__j-02998b38,0,7b6099b3b7994ca9bde99bc234cf2c74,org.apache.qpid.proton.codec.MapType,org.apache.qpid.proton.codec.MapType_ESTest,9,0,False
1721,NPEX,Qpid_Proton__j-02998b38,0,a498ba5819414061a7b998f6f5e8ee92,org.apache.qpid.proton.codec.MapType,org.apache.qpid.proton.codec.MapType_ESTest,9,0,False
1722,NPEX,Qpid_Proton__j-02998b38,0,0e4d73d32d074742969dfb5993c15c0f,org.apache.qpid.proton.codec.MapType,org.apache.qpid.proton.codec.MapType_ESTest,8,0,False
1723,NPEX,Qpid_Proton__j-02998b38,0,753002218d3e41939b4300f5e0e51192,org.apache.qpid.proton.codec.MapType,org.apache.qpid.proton.codec.MapType_ESTest,10,0,False
1724,NPEX,Qpid_Proton__j-02998b38,0,68dc9662343d47d286fddab0c8b60f31,org.apache.qpid.proton.codec.MapType,org.apache.qpid.proton.codec.MapType_ESTest,10,0,False
1725,NPEX,Qpid_Proton__j-02998b38,0,4977fdb9ee744e3684bb125f4128343d,org.apache.qpid.proton.codec.MapType,org.apache.qpid.proton.codec.MapType_ESTest,9,0,False
1726,NPEX,Qpid_Proton__j-02998b38,0,f890834cee0c4f83aeb09559a364fd1e,org.apache.qpid.proton.codec.MapType,org.apache.qpid.proton.codec.MapType_ESTest,11,0,False
1727,NPEX,Qpid_Proton__j-02998b38,0,e67d573d6daa43dea9d2741a0ea05f6e,org.apache.qpid.proton.codec.MapType,org.apache.qpid.proton.codec.MapType_ESTest,9,0,False
1728,NPEX,Qpid_Proton__j-02998b38,0,0bb27aa27b804989886cd8e0df4a2858,org.apache.qpid.proton.codec.MapType,org.apache.qpid.proton.codec.MapType_ESTest,9,0,False
1729,NPEX,Qpid_Proton__j-02998b38,0,da6e2a212eb24d6ab3ea6f8fa976b632,org.apache.qpid.proton.codec.MapType,org.apache.qpid.proton.codec.MapType_ESTest,9,0,False
1730,NPEX,Qpid_Proton__j-02998b38,0,a581b6706c894df5862e415d6c3cc8c3,org.apache.qpid.proton.codec.MapType,org.apache.qpid.proton.codec.MapType_ESTest,9,0,False
1731,NPEX,Qpid_Proton__j-02998b38,0,ec5a1dceda5f4fc8a4c08fcb620e497a,org.apache.qpid.proton.codec.MapType,org.apache.qpid.proton.codec.MapType_ESTest,9,0,False
1732,NPEX,Qpid_Proton__j-02998b38,0,6690ad4671794961b33961b28f689d5e,org.apache.qpid.proton.codec.MapType,org.apache.qpid.proton.codec.MapType_ESTest,9,0,False
1733,NPEX,Qpid_Proton__j-02998b38,0,c972fccd1ef24eb3bd44fec25433c79f,org.apache.qpid.proton.codec.MapType,org.apache.qpid.proton.codec.MapType_ESTest,11,0,False
1734,NPEX,Qpid_Proton__j-02998b38,0,ee4c8758c6ce407294b5dd8b6ffe5b92,org.apache.qpid.proton.codec.MapType,org.apache.qpid.proton.codec.MapType_ESTest,9,0,False
1735,NPEX,Qpid_Proton__j-02998b38,1,f69a7021a45a40ba8086e4ae5540ffff,org.apache.qpid.proton.codec.MapType,org.apache.qpid.proton.codec.MapType_ESTest,11,0,False
1736,NPEX,Qpid_Proton__j-02998b38,1,9072ca6fe2e04f6498750ddbdf9e69dc,org.apache.qpid.proton.codec.MapType,org.apache.qpid.proton.codec.MapType_ESTest,8,0,False
1737,NPEX,Qpid_Proton__j-02998b38,1,b05d3bde03d442e6a554247b9df3f784,org.apache.qpid.proton.codec.MapType,org.apache.qpid.proton.codec.MapType_ESTest,11,0,False
1738,NPEX,Qpid_Proton__j-02998b38,1,fcfecf08fdea48398bd2bf465689bb01,org.apache.qpid.proton.codec.MapType,org.apache.qpid.proton.codec.MapType_ESTest,11,0,False
1739,NPEX,Qpid_Proton__j-02998b38,1,4e4b315ab086437bb907235afa99bb28,org.apache.qpid.proton.codec.MapType,org.apache.qpid.proton.codec.MapType_ESTest,10,0,False
1740,NPEX,Qpid_Proton__j-02998b38,1,7b6099b3b7994ca9bde99bc234cf2c74,org.apache.qpid.proton.codec.MapType,org.apache.qpid.proton.codec.MapType_ESTest,9,0,False
1741,NPEX,Qpid_Proton__j-02998b38,1,a498ba5819414061a7b998f6f5e8ee92,org.apache.qpid.proton.codec.MapType,org.apache.qpid.proton.codec.MapType_ESTest,9,0,False
1742,NPEX,Qpid_Proton__j-02998b38,1,0e4d73d32d074742969dfb5993c15c0f,org.apache.qpid.proton.codec.MapType,org.apache.qpid.proton.codec.MapType_ESTest,8,0,False
1743,NPEX,Qpid_Proton__j-02998b38,1,753002218d3e41939b4300f5e0e51192,org.apache.qpid.proton.codec.MapType,org.apache.qpid.proton.codec.MapType_ESTest,10,0,False
1744,NPEX,Qpid_Proton__j-02998b38,1,68dc9662343d47d286fddab0c8b60f31,org.apache.qpid.proton.codec.MapType,org.apache.qpid.proton.codec.MapType_ESTest,10,0,False
1745,NPEX,Qpid_Proton__j-02998b38,1,4977fdb9ee744e3684bb125f4128343d,org.apache.qpid.proton.codec.MapType,org.apache.qpid.proton.codec.MapType_ESTest,9,0,False
1746,NPEX,Qpid_Proton__j-02998b38,1,f890834cee0c4f83aeb09559a364fd1e,org.apache.qpid.proton.codec.MapType,org.apache.qpid.proton.codec.MapType_ESTest,11,0,False
1747,NPEX,Qpid_Proton__j-02998b38,1,e67d573d6daa43dea9d2741a0ea05f6e,org.apache.qpid.proton.codec.MapType,org.apache.qpid.proton.codec.MapType_ESTest,9,0,False
1748,NPEX,Qpid_Proton__j-02998b38,1,0bb27aa27b804989886cd8e0df4a2858,org.apache.qpid.proton.codec.MapType,org.apache.qpid.proton.codec.MapType_ESTest,9,0,False
1749,NPEX,Qpid_Proton__j-02998b38,1,da6e2a212eb24d6ab3ea6f8fa976b632,org.apache.qpid.proton.codec.MapType,org.apache.qpid.proton.codec.MapType_ESTest,9,0,False
1750,NPEX,Qpid_Proton__j-02998b38,1,a581b6706c894df5862e415d6c3cc8c3,org.apache.qpid.proton.codec.MapType,org.apache.qpid.proton.codec.MapType_ESTest,9,0,False
1751,NPEX,Qpid_Proton__j-02998b38,1,ec5a1dceda5f4fc8a4c08fcb620e497a,org.apache.qpid.proton.codec.MapType,org.apache.qpid.proton.codec.MapType_ESTest,9,0,False
1752,NPEX,Qpid_Proton__j-02998b38,1,6690ad4671794961b33961b28f689d5e,org.apache.qpid.proton.codec.MapType,org.apache.qpid.proton.codec.MapType_ESTest,9,0,False
1753,NPEX,Qpid_Proton__j-02998b38,1,c972fccd1ef24eb3bd44fec25433c79f,org.apache.qpid.proton.codec.MapType,org.apache.qpid.proton.codec.MapType_ESTest,11,0,False
1754,NPEX,Qpid_Proton__j-02998b38,1,ee4c8758c6ce407294b5dd8b6ffe5b92,org.apache.qpid.proton.codec.MapType,org.apache.qpid.proton.codec.MapType_ESTest,9,0,False
1755,NPEX,Avro-a3e05bee,0,c30ed1bbe8bc40caa7e90438b7ba05f2,org.apache.avro.Schema,org.apache.avro.Schema_ESTest,215,0,True
1756,NPEX,Avro-a3e05bee,0,4b45141039f64e04b914ec2231029648,org.apache.avro.Schema,org.apache.avro.Schema_ESTest,220,0,True
1757,NPEX,Avro-a3e05bee,0,bb29568425db4c1797577191fd9b1b5f,org.apache.avro.Schema,org.apache.avro.Schema_ESTest,237,0,True
1758,NPEX,Avro-a3e05bee,0,9c364ab5bd144420aedd283f7babfe30,org.apache.avro.Schema,org.apache.avro.Schema_ESTest,230,0,True
1759,NPEX,Avro-a3e05bee,0,3c696dc0f4f24403b9962ead49445ed9,org.apache.avro.Schema,org.apache.avro.Schema_ESTest,197,0,True
1760,NPEX,Avro-a3e05bee,0,e613aa2cfae945079c6d446c96f1979a,org.apache.avro.Schema,org.apache.avro.Schema_ESTest,166,0,True
1761,NPEX,Avro-a3e05bee,0,5e1035e6681946c5bbbc345befca02c3,org.apache.avro.Schema,org.apache.avro.Schema_ESTest,205,0,True
1762,NPEX,Avro-a3e05bee,0,91d3cdc3535a4ba79ae0c0e45584f4b5,org.apache.avro.Schema,org.apache.avro.Schema_ESTest,233,0,True
1763,NPEX,Avro-a3e05bee,0,551926df6bff4ac9b58b430576759882,org.apache.avro.Schema,org.apache.avro.Schema_ESTest,223,0,True
1764,NPEX,Avro-a3e05bee,0,92a58be7201649c8a99f1c29cf25e45c,org.apache.avro.Schema,org.apache.avro.Schema_ESTest,224,0,True
1765,NPEX,Avro-a3e05bee,0,277843a00798433182bc7104a62c9ee6,org.apache.avro.Schema,org.apache.avro.Schema_ESTest,231,0,True
1766,NPEX,Avro-a3e05bee,0,d93614cf0de742aa849f8130268d6d56,org.apache.avro.Schema,org.apache.avro.Schema_ESTest,241,0,True
1767,NPEX,Avro-a3e05bee,0,220e648cf38249e1a17a5e8fd880d8fd,org.apache.avro.Schema,org.apache.avro.Schema_ESTest,201,0,True
1768,NPEX,Avro-a3e05bee,0,5a1363e794624b198a7fe2f165eaef77,org.apache.avro.Schema,org.apache.avro.Schema_ESTest,211,0,True
1769,NPEX,Avro-a3e05bee,0,7cfca9f04a64474d972caceb0f72e826,org.apache.avro.Schema,org.apache.avro.Schema_ESTest,231,0,True
1770,NPEX,HttpComponents_Client-f6333a50,0,1adb63b3f5ed49bc8cb839d6fd7f13ff,org.apache.hc.client5.http.impl.async.HttpAsyncClientBuilder,org.apache.hc.client5.http.impl.async.HttpAsyncClientBuilder_ESTest,67,0,False
1771,NPEX,HttpComponents_Client-f6333a50,0,1adb63b3f5ed49bc8cb839d6fd7f13ff,org.apache.hc.client5.http.impl.async.H2AsyncClientBuilder,org.apache.hc.client5.http.impl.async.H2AsyncClientBuilder_ESTest,64,0,True
1772,NPEX,HttpComponents_Client-f6333a50,0,e25f2b72cb8445a081c3726c5612e4b6,org.apache.hc.client5.http.impl.async.HttpAsyncClientBuilder,org.apache.hc.client5.http.impl.async.HttpAsyncClientBuilder_ESTest,67,0,False
1773,NPEX,HttpComponents_Client-f6333a50,0,e25f2b72cb8445a081c3726c5612e4b6,org.apache.hc.client5.http.impl.async.H2AsyncClientBuilder,org.apache.hc.client5.http.impl.async.H2AsyncClientBuilder_ESTest,0,0,False
1774,NPEX,HttpComponents_Client-f6333a50,0,1b42d93868a84f2592572f04b9f5af30,org.apache.hc.client5.http.impl.async.HttpAsyncClientBuilder,org.apache.hc.client5.http.impl.async.HttpAsyncClientBuilder_ESTest,67,0,False
1775,NPEX,HttpComponents_Client-f6333a50,0,1b42d93868a84f2592572f04b9f5af30,org.apache.hc.client5.http.impl.async.H2AsyncClientBuilder,org.apache.hc.client5.http.impl.async.H2AsyncClientBuilder_ESTest,61,0,True
1776,NPEX,HttpComponents_Client-f6333a50,0,fb243a33f3af46c6bb7486c0c7eea792,org.apache.hc.client5.http.impl.async.HttpAsyncClientBuilder,org.apache.hc.client5.http.impl.async.HttpAsyncClientBuilder_ESTest,66,0,False
1777,NPEX,HttpComponents_Client-f6333a50,0,fb243a33f3af46c6bb7486c0c7eea792,org.apache.hc.client5.http.impl.async.H2AsyncClientBuilder,org.apache.hc.client5.http.impl.async.H2AsyncClientBuilder_ESTest,61,0,True
1778,NPEX,HttpComponents_Client-f6333a50,0,32be25b78ee34dc9ab7dc8758005f408,org.apache.hc.client5.http.impl.async.HttpAsyncClientBuilder,org.apache.hc.client5.http.impl.async.HttpAsyncClientBuilder_ESTest,65,0,False
1779,NPEX,HttpComponents_Client-f6333a50,0,32be25b78ee34dc9ab7dc8758005f408,org.apache.hc.client5.http.impl.async.HttpAsyncClientBuilder,org.apache.hc.client5.http.impl.async.HttpAsyncClientBuilder_ESTest$1,65,0,False
1780,NPEX,HttpComponents_Client-f6333a50,0,32be25b78ee34dc9ab7dc8758005f408,org.apache.hc.client5.http.impl.async.H2AsyncClientBuilder,org.apache.hc.client5.http.impl.async.H2AsyncClientBuilder_ESTest,61,0,True
1781,NPEX,HttpComponents_Client-f6333a50,0,a6e4d141f6964e9ba7c47a3967601305,org.apache.hc.client5.http.impl.async.HttpAsyncClientBuilder,org.apache.hc.client5.http.impl.async.HttpAsyncClientBuilder_ESTest,67,0,False
1782,NPEX,HttpComponents_Client-f6333a50,0,a6e4d141f6964e9ba7c47a3967601305,org.apache.hc.client5.http.impl.async.H2AsyncClientBuilder,org.apache.hc.client5.http.impl.async.H2AsyncClientBuilder_ESTest,62,0,True
1783,NPEX,HttpComponents_Client-f6333a50,0,5ba2ec35fed34d75a9096217cb47b5e6,org.apache.hc.client5.http.impl.async.HttpAsyncClientBuilder,org.apache.hc.client5.http.impl.async.HttpAsyncClientBuilder_ESTest,67,0,False
1784,NPEX,HttpComponents_Client-f6333a50,0,5ba2ec35fed34d75a9096217cb47b5e6,org.apache.hc.client5.http.impl.async.H2AsyncClientBuilder,org.apache.hc.client5.http.impl.async.H2AsyncClientBuilder_ESTest,63,0,True
1785,NPEX,HttpComponents_Client-f6333a50,0,b569ddb0ba114c0a982cfeec2602283d,org.apache.hc.client5.http.impl.async.HttpAsyncClientBuilder,org.apache.hc.client5.http.impl.async.HttpAsyncClientBuilder_ESTest,66,0,False
1786,NPEX,HttpComponents_Client-f6333a50,0,b569ddb0ba114c0a982cfeec2602283d,org.apache.hc.client5.http.impl.async.H2AsyncClientBuilder,org.apache.hc.client5.http.impl.async.H2AsyncClientBuilder_ESTest,63,0,True
1787,NPEX,HttpComponents_Client-f6333a50,0,2be45e6eb25c467f84630ac4e65be16f,org.apache.hc.client5.http.impl.async.HttpAsyncClientBuilder,org.apache.hc.client5.http.impl.async.HttpAsyncClientBuilder_ESTest,68,0,False
1788,NPEX,HttpComponents_Client-f6333a50,0,2be45e6eb25c467f84630ac4e65be16f,org.apache.hc.client5.http.impl.async.H2AsyncClientBuilder,org.apache.hc.client5.http.impl.async.H2AsyncClientBuilder_ESTest,62,0,True
1789,NPEX,HttpComponents_Client-f6333a50,0,7a5ecd71f40744ad96d9018b58e8a192,org.apache.hc.client5.http.impl.async.HttpAsyncClientBuilder,org.apache.hc.client5.http.impl.async.HttpAsyncClientBuilder_ESTest,64,0,False
1790,NPEX,HttpComponents_Client-f6333a50,0,7a5ecd71f40744ad96d9018b58e8a192,org.apache.hc.client5.http.impl.async.H2AsyncClientBuilder,org.apache.hc.client5.http.impl.async.H2AsyncClientBuilder_ESTest,61,0,True
1791,NPEX,HttpComponents_Client-f6333a50,0,604c25905c454c87aaab4974f7050afb,org.apache.hc.client5.http.impl.async.HttpAsyncClientBuilder,org.apache.hc.client5.http.impl.async.HttpAsyncClientBuilder_ESTest,64,0,False
1792,NPEX,HttpComponents_Client-f6333a50,0,604c25905c454c87aaab4974f7050afb,org.apache.hc.client5.http.impl.async.H2AsyncClientBuilder,org.apache.hc.client5.http.impl.async.H2AsyncClientBuilder_ESTest,61,0,True
1793,NPEX,HttpComponents_Client-f6333a50,0,a4062b58cc3b4829adea24cb31eaf9a0,org.apache.hc.client5.http.impl.async.HttpAsyncClientBuilder,org.apache.hc.client5.http.impl.async.HttpAsyncClientBuilder_ESTest,67,0,False
1794,NPEX,HttpComponents_Client-f6333a50,0,a4062b58cc3b4829adea24cb31eaf9a0,org.apache.hc.client5.http.impl.async.H2AsyncClientBuilder,org.apache.hc.client5.http.impl.async.H2AsyncClientBuilder_ESTest,59,0,True
1795,NPEX,HttpComponents_Client-f6333a50,0,def182c1734c42c39a677c8196814a04,org.apache.hc.client5.http.impl.async.HttpAsyncClientBuilder,org.apache.hc.client5.http.impl.async.HttpAsyncClientBuilder_ESTest,67,0,False
1796,NPEX,HttpComponents_Client-f6333a50,0,def182c1734c42c39a677c8196814a04,org.apache.hc.client5.http.impl.async.H2AsyncClientBuilder,org.apache.hc.client5.http.impl.async.H2AsyncClientBuilder_ESTest,63,0,True
1797,NPEX,HttpComponents_Client-f6333a50,0,fb635b364f0642e1b741e56bcb2318c4,org.apache.hc.client5.http.impl.async.HttpAsyncClientBuilder,org.apache.hc.client5.http.impl.async.HttpAsyncClientBuilder_ESTest,66,0,False
1798,NPEX,HttpComponents_Client-f6333a50,0,fb635b364f0642e1b741e56bcb2318c4,org.apache.hc.client5.http.impl.async.H2AsyncClientBuilder,org.apache.hc.client5.http.impl.async.H2AsyncClientBuilder_ESTest,0,0,False
1799,NPEX,HttpComponents_Client-f6333a50,0,d9b8026a249f4dc5a9d0f26b897c7fae,org.apache.hc.client5.http.impl.async.HttpAsyncClientBuilder,org.apache.hc.client5.http.impl.async.HttpAsyncClientBuilder_ESTest,55,0,False
1800,NPEX,HttpComponents_Client-f6333a50,0,d9b8026a249f4dc5a9d0f26b897c7fae,org.apache.hc.client5.http.impl.async.H2AsyncClientBuilder,org.apache.hc.client5.http.impl.async.H2AsyncClientBuilder_ESTest,62,0,True
1801,NPEX,HttpComponents_Client-f6333a50,0,2c69a4e0420d45a1831213926a6ee0f6,org.apache.hc.client5.http.impl.async.HttpAsyncClientBuilder,org.apache.hc.client5.http.impl.async.HttpAsyncClientBuilder_ESTest,68,0,False
1802,NPEX,HttpComponents_Client-f6333a50,0,2c69a4e0420d45a1831213926a6ee0f6,org.apache.hc.client5.http.impl.async.H2AsyncClientBuilder,org.apache.hc.client5.http.impl.async.H2AsyncClientBuilder_ESTest,62,0,True
1803,NPEX,HttpComponents_Client-f6333a50,0,43c74290f1e1417dbf0f09e4b55253db,org.apache.hc.client5.http.impl.async.HttpAsyncClientBuilder,org.apache.hc.client5.http.impl.async.HttpAsyncClientBuilder_ESTest,67,0,False
1804,NPEX,HttpComponents_Client-f6333a50,0,43c74290f1e1417dbf0f09e4b55253db,org.apache.hc.client5.http.impl.async.H2AsyncClientBuilder,org.apache.hc.client5.http.impl.async.H2AsyncClientBuilder_ESTest,60,0,True
1805,NPEX,HttpComponents_Client-f6333a50,0,f3a53184ed794bc5bb98cb5b3b415252,org.apache.hc.client5.http.impl.async.HttpAsyncClientBuilder,org.apache.hc.client5.http.impl.async.HttpAsyncClientBuilder_ESTest,67,0,False
1806,NPEX,HttpComponents_Client-f6333a50,0,f3a53184ed794bc5bb98cb5b3b415252,org.apache.hc.client5.http.impl.async.H2AsyncClientBuilder,org.apache.hc.client5.http.impl.async.H2AsyncClientBuilder_ESTest,63,0,True
1807,NPEX,HttpComponents_Client-f6333a50,0,1143003f60db441182968025414c3262,org.apache.hc.client5.http.impl.async.HttpAsyncClientBuilder,org.apache.hc.client5.http.impl.async.HttpAsyncClientBuilder_ESTest,67,0,False
1808,NPEX,HttpComponents_Client-f6333a50,0,1143003f60db441182968025414c3262,org.apache.hc.client5.http.impl.async.H2AsyncClientBuilder,org.apache.hc.client5.http.impl.async.H2AsyncClientBuilder_ESTest,61,0,True
1809,NPEX,HttpComponents_Client-f6333a50,0,6e52f9a360644593978de925cb13acb3,org.apache.hc.client5.http.impl.async.HttpAsyncClientBuilder,org.apache.hc.client5.http.impl.async.HttpAsyncClientBuilder_ESTest,64,0,False
1810,NPEX,HttpComponents_Client-f6333a50,0,6e52f9a360644593978de925cb13acb3,org.apache.hc.client5.http.impl.async.H2AsyncClientBuilder,org.apache.hc.client5.http.impl.async.H2AsyncClientBuilder_ESTest,62,0,True
1811,NPEX,HttpComponents_Client-f6333a50,1,1adb63b3f5ed49bc8cb839d6fd7f13ff,org.apache.hc.client5.http.impl.async.HttpAsyncClientBuilder,org.apache.hc.client5.http.impl.async.HttpAsyncClientBuilder_ESTest,67,0,False
1812,NPEX,HttpComponents_Client-f6333a50,1,1adb63b3f5ed49bc8cb839d6fd7f13ff,org.apache.hc.client5.http.impl.async.H2AsyncClientBuilder,org.apache.hc.client5.http.impl.async.H2AsyncClientBuilder_ESTest,64,0,True
1813,NPEX,HttpComponents_Client-f6333a50,1,e25f2b72cb8445a081c3726c5612e4b6,org.apache.hc.client5.http.impl.async.HttpAsyncClientBuilder,org.apache.hc.client5.http.impl.async.HttpAsyncClientBuilder_ESTest,67,0,False
1814,NPEX,HttpComponents_Client-f6333a50,1,e25f2b72cb8445a081c3726c5612e4b6,org.apache.hc.client5.http.impl.async.H2AsyncClientBuilder,org.apache.hc.client5.http.impl.async.H2AsyncClientBuilder_ESTest,0,0,False
1815,NPEX,HttpComponents_Client-f6333a50,1,1b42d93868a84f2592572f04b9f5af30,org.apache.hc.client5.http.impl.async.HttpAsyncClientBuilder,org.apache.hc.client5.http.impl.async.HttpAsyncClientBuilder_ESTest,67,0,False
1816,NPEX,HttpComponents_Client-f6333a50,1,1b42d93868a84f2592572f04b9f5af30,org.apache.hc.client5.http.impl.async.H2AsyncClientBuilder,org.apache.hc.client5.http.impl.async.H2AsyncClientBuilder_ESTest,61,0,True
1817,NPEX,HttpComponents_Client-f6333a50,1,fb243a33f3af46c6bb7486c0c7eea792,org.apache.hc.client5.http.impl.async.HttpAsyncClientBuilder,org.apache.hc.client5.http.impl.async.HttpAsyncClientBuilder_ESTest,66,0,False
1818,NPEX,HttpComponents_Client-f6333a50,1,fb243a33f3af46c6bb7486c0c7eea792,org.apache.hc.client5.http.impl.async.H2AsyncClientBuilder,org.apache.hc.client5.http.impl.async.H2AsyncClientBuilder_ESTest,61,0,True
1819,NPEX,HttpComponents_Client-f6333a50,1,32be25b78ee34dc9ab7dc8758005f408,org.apache.hc.client5.http.impl.async.HttpAsyncClientBuilder,org.apache.hc.client5.http.impl.async.HttpAsyncClientBuilder_ESTest,65,0,False
1820,NPEX,HttpComponents_Client-f6333a50,1,32be25b78ee34dc9ab7dc8758005f408,org.apache.hc.client5.http.impl.async.HttpAsyncClientBuilder,org.apache.hc.client5.http.impl.async.HttpAsyncClientBuilder_ESTest$1,65,0,False
1821,NPEX,HttpComponents_Client-f6333a50,1,32be25b78ee34dc9ab7dc8758005f408,org.apache.hc.client5.http.impl.async.H2AsyncClientBuilder,org.apache.hc.client5.http.impl.async.H2AsyncClientBuilder_ESTest,61,0,True
1822,NPEX,HttpComponents_Client-f6333a50,1,a6e4d141f6964e9ba7c47a3967601305,org.apache.hc.client5.http.impl.async.HttpAsyncClientBuilder,org.apache.hc.client5.http.impl.async.HttpAsyncClientBuilder_ESTest,67,0,False
1823,NPEX,HttpComponents_Client-f6333a50,1,a6e4d141f6964e9ba7c47a3967601305,org.apache.hc.client5.http.impl.async.H2AsyncClientBuilder,org.apache.hc.client5.http.impl.async.H2AsyncClientBuilder_ESTest,62,0,True
1824,NPEX,HttpComponents_Client-f6333a50,1,5ba2ec35fed34d75a9096217cb47b5e6,org.apache.hc.client5.http.impl.async.HttpAsyncClientBuilder,org.apache.hc.client5.http.impl.async.HttpAsyncClientBuilder_ESTest,67,0,False
1825,NPEX,HttpComponents_Client-f6333a50,1,5ba2ec35fed34d75a9096217cb47b5e6,org.apache.hc.client5.http.impl.async.H2AsyncClientBuilder,org.apache.hc.client5.http.impl.async.H2AsyncClientBuilder_ESTest,63,0,True
1826,NPEX,HttpComponents_Client-f6333a50,1,b569ddb0ba114c0a982cfeec2602283d,org.apache.hc.client5.http.impl.async.HttpAsyncClientBuilder,org.apache.hc.client5.http.impl.async.HttpAsyncClientBuilder_ESTest,66,0,False
1827,NPEX,HttpComponents_Client-f6333a50,1,b569ddb0ba114c0a982cfeec2602283d,org.apache.hc.client5.http.impl.async.H2AsyncClientBuilder,org.apache.hc.client5.http.impl.async.H2AsyncClientBuilder_ESTest,63,0,True
1828,NPEX,HttpComponents_Client-f6333a50,1,2be45e6eb25c467f84630ac4e65be16f,org.apache.hc.client5.http.impl.async.HttpAsyncClientBuilder,org.apache.hc.client5.http.impl.async.HttpAsyncClientBuilder_ESTest,68,0,False
1829,NPEX,HttpComponents_Client-f6333a50,1,2be45e6eb25c467f84630ac4e65be16f,org.apache.hc.client5.http.impl.async.H2AsyncClientBuilder,org.apache.hc.client5.http.impl.async.H2AsyncClientBuilder_ESTest,62,0,True
1830,NPEX,HttpComponents_Client-f6333a50,1,7a5ecd71f40744ad96d9018b58e8a192,org.apache.hc.client5.http.impl.async.HttpAsyncClientBuilder,org.apache.hc.client5.http.impl.async.HttpAsyncClientBuilder_ESTest,64,0,False
1831,NPEX,HttpComponents_Client-f6333a50,1,7a5ecd71f40744ad96d9018b58e8a192,org.apache.hc.client5.http.impl.async.H2AsyncClientBuilder,org.apache.hc.client5.http.impl.async.H2AsyncClientBuilder_ESTest,61,0,True
1832,NPEX,HttpComponents_Client-f6333a50,1,604c25905c454c87aaab4974f7050afb,org.apache.hc.client5.http.impl.async.HttpAsyncClientBuilder,org.apache.hc.client5.http.impl.async.HttpAsyncClientBuilder_ESTest,64,0,False
1833,NPEX,HttpComponents_Client-f6333a50,1,604c25905c454c87aaab4974f7050afb,org.apache.hc.client5.http.impl.async.H2AsyncClientBuilder,org.apache.hc.client5.http.impl.async.H2AsyncClientBuilder_ESTest,61,0,True
1834,NPEX,HttpComponents_Client-f6333a50,1,a4062b58cc3b4829adea24cb31eaf9a0,org.apache.hc.client5.http.impl.async.HttpAsyncClientBuilder,org.apache.hc.client5.http.impl.async.HttpAsyncClientBuilder_ESTest,67,0,False
1835,NPEX,HttpComponents_Client-f6333a50,1,a4062b58cc3b4829adea24cb31eaf9a0,org.apache.hc.client5.http.impl.async.H2AsyncClientBuilder,org.apache.hc.client5.http.impl.async.H2AsyncClientBuilder_ESTest,59,0,True
1836,NPEX,HttpComponents_Client-f6333a50,1,def182c1734c42c39a677c8196814a04,org.apache.hc.client5.http.impl.async.HttpAsyncClientBuilder,org.apache.hc.client5.http.impl.async.HttpAsyncClientBuilder_ESTest,67,0,False
1837,NPEX,HttpComponents_Client-f6333a50,1,def182c1734c42c39a677c8196814a04,org.apache.hc.client5.http.impl.async.H2AsyncClientBuilder,org.apache.hc.client5.http.impl.async.H2AsyncClientBuilder_ESTest,63,0,True
1838,NPEX,HttpComponents_Client-f6333a50,1,fb635b364f0642e1b741e56bcb2318c4,org.apache.hc.client5.http.impl.async.HttpAsyncClientBuilder,org.apache.hc.client5.http.impl.async.HttpAsyncClientBuilder_ESTest,66,0,False
1839,NPEX,HttpComponents_Client-f6333a50,1,fb635b364f0642e1b741e56bcb2318c4,org.apache.hc.client5.http.impl.async.H2AsyncClientBuilder,org.apache.hc.client5.http.impl.async.H2AsyncClientBuilder_ESTest,0,0,False
1840,NPEX,HttpComponents_Client-f6333a50,1,d9b8026a249f4dc5a9d0f26b897c7fae,org.apache.hc.client5.http.impl.async.HttpAsyncClientBuilder,org.apache.hc.client5.http.impl.async.HttpAsyncClientBuilder_ESTest,55,0,False
1841,NPEX,HttpComponents_Client-f6333a50,1,d9b8026a249f4dc5a9d0f26b897c7fae,org.apache.hc.client5.http.impl.async.H2AsyncClientBuilder,org.apache.hc.client5.http.impl.async.H2AsyncClientBuilder_ESTest,62,0,True
1842,NPEX,HttpComponents_Client-f6333a50,1,2c69a4e0420d45a1831213926a6ee0f6,org.apache.hc.client5.http.impl.async.HttpAsyncClientBuilder,org.apache.hc.client5.http.impl.async.HttpAsyncClientBuilder_ESTest,68,0,False
1843,NPEX,HttpComponents_Client-f6333a50,1,2c69a4e0420d45a1831213926a6ee0f6,org.apache.hc.client5.http.impl.async.H2AsyncClientBuilder,org.apache.hc.client5.http.impl.async.H2AsyncClientBuilder_ESTest,62,0,True
1844,NPEX,HttpComponents_Client-f6333a50,1,43c74290f1e1417dbf0f09e4b55253db,org.apache.hc.client5.http.impl.async.HttpAsyncClientBuilder,org.apache.hc.client5.http.impl.async.HttpAsyncClientBuilder_ESTest,67,0,False
1845,NPEX,HttpComponents_Client-f6333a50,1,43c74290f1e1417dbf0f09e4b55253db,org.apache.hc.client5.http.impl.async.H2AsyncClientBuilder,org.apache.hc.client5.http.impl.async.H2AsyncClientBuilder_ESTest,60,0,True
1846,NPEX,HttpComponents_Client-f6333a50,1,f3a53184ed794bc5bb98cb5b3b415252,org.apache.hc.client5.http.impl.async.HttpAsyncClientBuilder,org.apache.hc.client5.http.impl.async.HttpAsyncClientBuilder_ESTest,67,0,False
1847,NPEX,HttpComponents_Client-f6333a50,1,f3a53184ed794bc5bb98cb5b3b415252,org.apache.hc.client5.http.impl.async.H2AsyncClientBuilder,org.apache.hc.client5.http.impl.async.H2AsyncClientBuilder_ESTest,63,0,True
1848,NPEX,HttpComponents_Client-f6333a50,1,1143003f60db441182968025414c3262,org.apache.hc.client5.http.impl.async.HttpAsyncClientBuilder,org.apache.hc.client5.http.impl.async.HttpAsyncClientBuilder_ESTest,67,0,False
1849,NPEX,HttpComponents_Client-f6333a50,1,1143003f60db441182968025414c3262,org.apache.hc.client5.http.impl.async.H2AsyncClientBuilder,org.apache.hc.client5.http.impl.async.H2AsyncClientBuilder_ESTest,61,0,True
1850,NPEX,HttpComponents_Client-f6333a50,1,6e52f9a360644593978de925cb13acb3,org.apache.hc.client5.http.impl.async.HttpAsyncClientBuilder,org.apache.hc.client5.http.impl.async.HttpAsyncClientBuilder_ESTest,64,0,False
1851,NPEX,HttpComponents_Client-f6333a50,1,6e52f9a360644593978de925cb13acb3,org.apache.hc.client5.http.impl.async.H2AsyncClientBuilder,org.apache.hc.client5.http.impl.async.H2AsyncClientBuilder_ESTest,62,0,True
1852,NPEX,HttpComponents_Client-f6333a50,2,1adb63b3f5ed49bc8cb839d6fd7f13ff,org.apache.hc.client5.http.impl.async.HttpAsyncClientBuilder,org.apache.hc.client5.http.impl.async.HttpAsyncClientBuilder_ESTest,67,0,True
1853,NPEX,HttpComponents_Client-f6333a50,2,1adb63b3f5ed49bc8cb839d6fd7f13ff,org.apache.hc.client5.http.impl.async.H2AsyncClientBuilder,org.apache.hc.client5.http.impl.async.H2AsyncClientBuilder_ESTest,64,0,False
1854,NPEX,HttpComponents_Client-f6333a50,2,e25f2b72cb8445a081c3726c5612e4b6,org.apache.hc.client5.http.impl.async.HttpAsyncClientBuilder,org.apache.hc.client5.http.impl.async.HttpAsyncClientBuilder_ESTest,67,0,True
1855,NPEX,HttpComponents_Client-f6333a50,2,e25f2b72cb8445a081c3726c5612e4b6,org.apache.hc.client5.http.impl.async.H2AsyncClientBuilder,org.apache.hc.client5.http.impl.async.H2AsyncClientBuilder_ESTest,0,0,False
1856,NPEX,HttpComponents_Client-f6333a50,2,1b42d93868a84f2592572f04b9f5af30,org.apache.hc.client5.http.impl.async.HttpAsyncClientBuilder,org.apache.hc.client5.http.impl.async.HttpAsyncClientBuilder_ESTest,67,0,True
1857,NPEX,HttpComponents_Client-f6333a50,2,1b42d93868a84f2592572f04b9f5af30,org.apache.hc.client5.http.impl.async.H2AsyncClientBuilder,org.apache.hc.client5.http.impl.async.H2AsyncClientBuilder_ESTest,61,0,False
1858,NPEX,HttpComponents_Client-f6333a50,2,fb243a33f3af46c6bb7486c0c7eea792,org.apache.hc.client5.http.impl.async.HttpAsyncClientBuilder,org.apache.hc.client5.http.impl.async.HttpAsyncClientBuilder_ESTest,66,0,True
1859,NPEX,HttpComponents_Client-f6333a50,2,fb243a33f3af46c6bb7486c0c7eea792,org.apache.hc.client5.http.impl.async.H2AsyncClientBuilder,org.apache.hc.client5.http.impl.async.H2AsyncClientBuilder_ESTest,61,0,False
1860,NPEX,HttpComponents_Client-f6333a50,2,32be25b78ee34dc9ab7dc8758005f408,org.apache.hc.client5.http.impl.async.HttpAsyncClientBuilder,org.apache.hc.client5.http.impl.async.HttpAsyncClientBuilder_ESTest,65,0,True
1861,NPEX,HttpComponents_Client-f6333a50,2,32be25b78ee34dc9ab7dc8758005f408,org.apache.hc.client5.http.impl.async.HttpAsyncClientBuilder,org.apache.hc.client5.http.impl.async.HttpAsyncClientBuilder_ESTest$1,65,0,True
1862,NPEX,HttpComponents_Client-f6333a50,2,32be25b78ee34dc9ab7dc8758005f408,org.apache.hc.client5.http.impl.async.H2AsyncClientBuilder,org.apache.hc.client5.http.impl.async.H2AsyncClientBuilder_ESTest,61,0,False
1863,NPEX,HttpComponents_Client-f6333a50,2,a6e4d141f6964e9ba7c47a3967601305,org.apache.hc.client5.http.impl.async.HttpAsyncClientBuilder,org.apache.hc.client5.http.impl.async.HttpAsyncClientBuilder_ESTest,67,0,True
1864,NPEX,HttpComponents_Client-f6333a50,2,a6e4d141f6964e9ba7c47a3967601305,org.apache.hc.client5.http.impl.async.H2AsyncClientBuilder,org.apache.hc.client5.http.impl.async.H2AsyncClientBuilder_ESTest,62,0,False
1865,NPEX,HttpComponents_Client-f6333a50,2,5ba2ec35fed34d75a9096217cb47b5e6,org.apache.hc.client5.http.impl.async.HttpAsyncClientBuilder,org.apache.hc.client5.http.impl.async.HttpAsyncClientBuilder_ESTest,67,0,True
1866,NPEX,HttpComponents_Client-f6333a50,2,5ba2ec35fed34d75a9096217cb47b5e6,org.apache.hc.client5.http.impl.async.H2AsyncClientBuilder,org.apache.hc.client5.http.impl.async.H2AsyncClientBuilder_ESTest,63,0,False
1867,NPEX,HttpComponents_Client-f6333a50,2,b569ddb0ba114c0a982cfeec2602283d,org.apache.hc.client5.http.impl.async.HttpAsyncClientBuilder,org.apache.hc.client5.http.impl.async.HttpAsyncClientBuilder_ESTest,66,0,True
1868,NPEX,HttpComponents_Client-f6333a50,2,b569ddb0ba114c0a982cfeec2602283d,org.apache.hc.client5.http.impl.async.H2AsyncClientBuilder,org.apache.hc.client5.http.impl.async.H2AsyncClientBuilder_ESTest,63,0,False
1869,NPEX,HttpComponents_Client-f6333a50,2,2be45e6eb25c467f84630ac4e65be16f,org.apache.hc.client5.http.impl.async.HttpAsyncClientBuilder,org.apache.hc.client5.http.impl.async.HttpAsyncClientBuilder_ESTest,68,0,True
1870,NPEX,HttpComponents_Client-f6333a50,2,2be45e6eb25c467f84630ac4e65be16f,org.apache.hc.client5.http.impl.async.H2AsyncClientBuilder,org.apache.hc.client5.http.impl.async.H2AsyncClientBuilder_ESTest,62,0,False
1871,NPEX,HttpComponents_Client-f6333a50,2,7a5ecd71f40744ad96d9018b58e8a192,org.apache.hc.client5.http.impl.async.HttpAsyncClientBuilder,org.apache.hc.client5.http.impl.async.HttpAsyncClientBuilder_ESTest,64,0,False
1872,NPEX,HttpComponents_Client-f6333a50,2,7a5ecd71f40744ad96d9018b58e8a192,org.apache.hc.client5.http.impl.async.H2AsyncClientBuilder,org.apache.hc.client5.http.impl.async.H2AsyncClientBuilder_ESTest,61,0,False
1873,NPEX,HttpComponents_Client-f6333a50,2,604c25905c454c87aaab4974f7050afb,org.apache.hc.client5.http.impl.async.HttpAsyncClientBuilder,org.apache.hc.client5.http.impl.async.HttpAsyncClientBuilder_ESTest,64,0,True
1874,NPEX,HttpComponents_Client-f6333a50,2,604c25905c454c87aaab4974f7050afb,org.apache.hc.client5.http.impl.async.H2AsyncClientBuilder,org.apache.hc.client5.http.impl.async.H2AsyncClientBuilder_ESTest,61,0,False
1875,NPEX,HttpComponents_Client-f6333a50,2,a4062b58cc3b4829adea24cb31eaf9a0,org.apache.hc.client5.http.impl.async.HttpAsyncClientBuilder,org.apache.hc.client5.http.impl.async.HttpAsyncClientBuilder_ESTest,67,0,True
1876,NPEX,HttpComponents_Client-f6333a50,2,a4062b58cc3b4829adea24cb31eaf9a0,org.apache.hc.client5.http.impl.async.H2AsyncClientBuilder,org.apache.hc.client5.http.impl.async.H2AsyncClientBuilder_ESTest,59,0,False
1877,NPEX,HttpComponents_Client-f6333a50,2,def182c1734c42c39a677c8196814a04,org.apache.hc.client5.http.impl.async.HttpAsyncClientBuilder,org.apache.hc.client5.http.impl.async.HttpAsyncClientBuilder_ESTest,67,0,True
1878,NPEX,HttpComponents_Client-f6333a50,2,def182c1734c42c39a677c8196814a04,org.apache.hc.client5.http.impl.async.H2AsyncClientBuilder,org.apache.hc.client5.http.impl.async.H2AsyncClientBuilder_ESTest,63,0,False
1879,NPEX,HttpComponents_Client-f6333a50,2,fb635b364f0642e1b741e56bcb2318c4,org.apache.hc.client5.http.impl.async.HttpAsyncClientBuilder,org.apache.hc.client5.http.impl.async.HttpAsyncClientBuilder_ESTest,66,0,True
1880,NPEX,HttpComponents_Client-f6333a50,2,fb635b364f0642e1b741e56bcb2318c4,org.apache.hc.client5.http.impl.async.H2AsyncClientBuilder,org.apache.hc.client5.http.impl.async.H2AsyncClientBuilder_ESTest,0,0,False
1881,NPEX,HttpComponents_Client-f6333a50,2,d9b8026a249f4dc5a9d0f26b897c7fae,org.apache.hc.client5.http.impl.async.HttpAsyncClientBuilder,org.apache.hc.client5.http.impl.async.HttpAsyncClientBuilder_ESTest,55,0,False
1882,NPEX,HttpComponents_Client-f6333a50,2,d9b8026a249f4dc5a9d0f26b897c7fae,org.apache.hc.client5.http.impl.async.H2AsyncClientBuilder,org.apache.hc.client5.http.impl.async.H2AsyncClientBuilder_ESTest,62,0,False
1883,NPEX,HttpComponents_Client-f6333a50,2,2c69a4e0420d45a1831213926a6ee0f6,org.apache.hc.client5.http.impl.async.HttpAsyncClientBuilder,org.apache.hc.client5.http.impl.async.HttpAsyncClientBuilder_ESTest,68,0,True
1884,NPEX,HttpComponents_Client-f6333a50,2,2c69a4e0420d45a1831213926a6ee0f6,org.apache.hc.client5.http.impl.async.H2AsyncClientBuilder,org.apache.hc.client5.http.impl.async.H2AsyncClientBuilder_ESTest,62,0,False
1885,NPEX,HttpComponents_Client-f6333a50,2,43c74290f1e1417dbf0f09e4b55253db,org.apache.hc.client5.http.impl.async.HttpAsyncClientBuilder,org.apache.hc.client5.http.impl.async.HttpAsyncClientBuilder_ESTest,67,0,True
1886,NPEX,HttpComponents_Client-f6333a50,2,43c74290f1e1417dbf0f09e4b55253db,org.apache.hc.client5.http.impl.async.H2AsyncClientBuilder,org.apache.hc.client5.http.impl.async.H2AsyncClientBuilder_ESTest,60,0,False
1887,NPEX,HttpComponents_Client-f6333a50,2,f3a53184ed794bc5bb98cb5b3b415252,org.apache.hc.client5.http.impl.async.HttpAsyncClientBuilder,org.apache.hc.client5.http.impl.async.HttpAsyncClientBuilder_ESTest,67,0,True
1888,NPEX,HttpComponents_Client-f6333a50,2,f3a53184ed794bc5bb98cb5b3b415252,org.apache.hc.client5.http.impl.async.H2AsyncClientBuilder,org.apache.hc.client5.http.impl.async.H2AsyncClientBuilder_ESTest,63,0,False
1889,NPEX,HttpComponents_Client-f6333a50,2,1143003f60db441182968025414c3262,org.apache.hc.client5.http.impl.async.HttpAsyncClientBuilder,org.apache.hc.client5.http.impl.async.HttpAsyncClientBuilder_ESTest,67,0,True
1890,NPEX,HttpComponents_Client-f6333a50,2,1143003f60db441182968025414c3262,org.apache.hc.client5.http.impl.async.H2AsyncClientBuilder,org.apache.hc.client5.http.impl.async.H2AsyncClientBuilder_ESTest,61,0,False
1891,NPEX,HttpComponents_Client-f6333a50,2,6e52f9a360644593978de925cb13acb3,org.apache.hc.client5.http.impl.async.HttpAsyncClientBuilder,org.apache.hc.client5.http.impl.async.HttpAsyncClientBuilder_ESTest,64,0,True
1892,NPEX,HttpComponents_Client-f6333a50,2,6e52f9a360644593978de925cb13acb3,org.apache.hc.client5.http.impl.async.H2AsyncClientBuilder,org.apache.hc.client5.http.impl.async.H2AsyncClientBuilder_ESTest,62,0,False
1893,NPEX,HttpComponents_Client-f6333a50,3,1adb63b3f5ed49bc8cb839d6fd7f13ff,org.apache.hc.client5.http.impl.async.HttpAsyncClientBuilder,org.apache.hc.client5.http.impl.async.HttpAsyncClientBuilder_ESTest,67,0,True
1894,NPEX,HttpComponents_Client-f6333a50,3,1adb63b3f5ed49bc8cb839d6fd7f13ff,org.apache.hc.client5.http.impl.async.H2AsyncClientBuilder,org.apache.hc.client5.http.impl.async.H2AsyncClientBuilder_ESTest,64,0,False
1895,NPEX,HttpComponents_Client-f6333a50,3,e25f2b72cb8445a081c3726c5612e4b6,org.apache.hc.client5.http.impl.async.HttpAsyncClientBuilder,org.apache.hc.client5.http.impl.async.HttpAsyncClientBuilder_ESTest,67,0,True
1896,NPEX,HttpComponents_Client-f6333a50,3,e25f2b72cb8445a081c3726c5612e4b6,org.apache.hc.client5.http.impl.async.H2AsyncClientBuilder,org.apache.hc.client5.http.impl.async.H2AsyncClientBuilder_ESTest,0,0,False
1897,NPEX,HttpComponents_Client-f6333a50,3,1b42d93868a84f2592572f04b9f5af30,org.apache.hc.client5.http.impl.async.HttpAsyncClientBuilder,org.apache.hc.client5.http.impl.async.HttpAsyncClientBuilder_ESTest,67,0,True
1898,NPEX,HttpComponents_Client-f6333a50,3,1b42d93868a84f2592572f04b9f5af30,org.apache.hc.client5.http.impl.async.H2AsyncClientBuilder,org.apache.hc.client5.http.impl.async.H2AsyncClientBuilder_ESTest,61,0,False
1899,NPEX,HttpComponents_Client-f6333a50,3,fb243a33f3af46c6bb7486c0c7eea792,org.apache.hc.client5.http.impl.async.HttpAsyncClientBuilder,org.apache.hc.client5.http.impl.async.HttpAsyncClientBuilder_ESTest,66,0,True
1900,NPEX,HttpComponents_Client-f6333a50,3,fb243a33f3af46c6bb7486c0c7eea792,org.apache.hc.client5.http.impl.async.H2AsyncClientBuilder,org.apache.hc.client5.http.impl.async.H2AsyncClientBuilder_ESTest,61,0,False
1901,NPEX,HttpComponents_Client-f6333a50,3,32be25b78ee34dc9ab7dc8758005f408,org.apache.hc.client5.http.impl.async.HttpAsyncClientBuilder,org.apache.hc.client5.http.impl.async.HttpAsyncClientBuilder_ESTest,65,0,True
1902,NPEX,HttpComponents_Client-f6333a50,3,32be25b78ee34dc9ab7dc8758005f408,org.apache.hc.client5.http.impl.async.HttpAsyncClientBuilder,org.apache.hc.client5.http.impl.async.HttpAsyncClientBuilder_ESTest$1,65,0,True
1903,NPEX,HttpComponents_Client-f6333a50,3,32be25b78ee34dc9ab7dc8758005f408,org.apache.hc.client5.http.impl.async.H2AsyncClientBuilder,org.apache.hc.client5.http.impl.async.H2AsyncClientBuilder_ESTest,61,0,False
1904,NPEX,HttpComponents_Client-f6333a50,3,a6e4d141f6964e9ba7c47a3967601305,org.apache.hc.client5.http.impl.async.HttpAsyncClientBuilder,org.apache.hc.client5.http.impl.async.HttpAsyncClientBuilder_ESTest,67,0,True
1905,NPEX,HttpComponents_Client-f6333a50,3,a6e4d141f6964e9ba7c47a3967601305,org.apache.hc.client5.http.impl.async.H2AsyncClientBuilder,org.apache.hc.client5.http.impl.async.H2AsyncClientBuilder_ESTest,62,0,False
1906,NPEX,HttpComponents_Client-f6333a50,3,5ba2ec35fed34d75a9096217cb47b5e6,org.apache.hc.client5.http.impl.async.HttpAsyncClientBuilder,org.apache.hc.client5.http.impl.async.HttpAsyncClientBuilder_ESTest,67,0,True
1907,NPEX,HttpComponents_Client-f6333a50,3,5ba2ec35fed34d75a9096217cb47b5e6,org.apache.hc.client5.http.impl.async.H2AsyncClientBuilder,org.apache.hc.client5.http.impl.async.H2AsyncClientBuilder_ESTest,63,0,False
1908,NPEX,HttpComponents_Client-f6333a50,3,b569ddb0ba114c0a982cfeec2602283d,org.apache.hc.client5.http.impl.async.HttpAsyncClientBuilder,org.apache.hc.client5.http.impl.async.HttpAsyncClientBuilder_ESTest,66,0,True
1909,NPEX,HttpComponents_Client-f6333a50,3,b569ddb0ba114c0a982cfeec2602283d,org.apache.hc.client5.http.impl.async.H2AsyncClientBuilder,org.apache.hc.client5.http.impl.async.H2AsyncClientBuilder_ESTest,63,0,False
1910,NPEX,HttpComponents_Client-f6333a50,3,2be45e6eb25c467f84630ac4e65be16f,org.apache.hc.client5.http.impl.async.HttpAsyncClientBuilder,org.apache.hc.client5.http.impl.async.HttpAsyncClientBuilder_ESTest,68,0,True
1911,NPEX,HttpComponents_Client-f6333a50,3,2be45e6eb25c467f84630ac4e65be16f,org.apache.hc.client5.http.impl.async.H2AsyncClientBuilder,org.apache.hc.client5.http.impl.async.H2AsyncClientBuilder_ESTest,62,0,False
1912,NPEX,HttpComponents_Client-f6333a50,3,7a5ecd71f40744ad96d9018b58e8a192,org.apache.hc.client5.http.impl.async.HttpAsyncClientBuilder,org.apache.hc.client5.http.impl.async.HttpAsyncClientBuilder_ESTest,64,0,True
1913,NPEX,HttpComponents_Client-f6333a50,3,7a5ecd71f40744ad96d9018b58e8a192,org.apache.hc.client5.http.impl.async.H2AsyncClientBuilder,org.apache.hc.client5.http.impl.async.H2AsyncClientBuilder_ESTest,61,0,False
1914,NPEX,HttpComponents_Client-f6333a50,3,604c25905c454c87aaab4974f7050afb,org.apache.hc.client5.http.impl.async.HttpAsyncClientBuilder,org.apache.hc.client5.http.impl.async.HttpAsyncClientBuilder_ESTest,64,0,True
1915,NPEX,HttpComponents_Client-f6333a50,3,604c25905c454c87aaab4974f7050afb,org.apache.hc.client5.http.impl.async.H2AsyncClientBuilder,org.apache.hc.client5.http.impl.async.H2AsyncClientBuilder_ESTest,61,0,False
1916,NPEX,HttpComponents_Client-f6333a50,3,a4062b58cc3b4829adea24cb31eaf9a0,org.apache.hc.client5.http.impl.async.HttpAsyncClientBuilder,org.apache.hc.client5.http.impl.async.HttpAsyncClientBuilder_ESTest,67,0,True
1917,NPEX,HttpComponents_Client-f6333a50,3,a4062b58cc3b4829adea24cb31eaf9a0,org.apache.hc.client5.http.impl.async.H2AsyncClientBuilder,org.apache.hc.client5.http.impl.async.H2AsyncClientBuilder_ESTest,59,0,False
1918,NPEX,HttpComponents_Client-f6333a50,3,def182c1734c42c39a677c8196814a04,org.apache.hc.client5.http.impl.async.HttpAsyncClientBuilder,org.apache.hc.client5.http.impl.async.HttpAsyncClientBuilder_ESTest,67,0,True
1919,NPEX,HttpComponents_Client-f6333a50,3,def182c1734c42c39a677c8196814a04,org.apache.hc.client5.http.impl.async.H2AsyncClientBuilder,org.apache.hc.client5.http.impl.async.H2AsyncClientBuilder_ESTest,63,0,False
1920,NPEX,HttpComponents_Client-f6333a50,3,fb635b364f0642e1b741e56bcb2318c4,org.apache.hc.client5.http.impl.async.HttpAsyncClientBuilder,org.apache.hc.client5.http.impl.async.HttpAsyncClientBuilder_ESTest,66,0,True
1921,NPEX,HttpComponents_Client-f6333a50,3,fb635b364f0642e1b741e56bcb2318c4,org.apache.hc.client5.http.impl.async.H2AsyncClientBuilder,org.apache.hc.client5.http.impl.async.H2AsyncClientBuilder_ESTest,0,0,False
1922,NPEX,HttpComponents_Client-f6333a50,3,d9b8026a249f4dc5a9d0f26b897c7fae,org.apache.hc.client5.http.impl.async.HttpAsyncClientBuilder,org.apache.hc.client5.http.impl.async.HttpAsyncClientBuilder_ESTest,55,0,True
1923,NPEX,HttpComponents_Client-f6333a50,3,d9b8026a249f4dc5a9d0f26b897c7fae,org.apache.hc.client5.http.impl.async.H2AsyncClientBuilder,org.apache.hc.client5.http.impl.async.H2AsyncClientBuilder_ESTest,62,0,False
1924,NPEX,HttpComponents_Client-f6333a50,3,2c69a4e0420d45a1831213926a6ee0f6,org.apache.hc.client5.http.impl.async.HttpAsyncClientBuilder,org.apache.hc.client5.http.impl.async.HttpAsyncClientBuilder_ESTest,68,0,True
1925,NPEX,HttpComponents_Client-f6333a50,3,2c69a4e0420d45a1831213926a6ee0f6,org.apache.hc.client5.http.impl.async.H2AsyncClientBuilder,org.apache.hc.client5.http.impl.async.H2AsyncClientBuilder_ESTest,62,0,False
1926,NPEX,HttpComponents_Client-f6333a50,3,43c74290f1e1417dbf0f09e4b55253db,org.apache.hc.client5.http.impl.async.HttpAsyncClientBuilder,org.apache.hc.client5.http.impl.async.HttpAsyncClientBuilder_ESTest,67,0,True
1927,NPEX,HttpComponents_Client-f6333a50,3,43c74290f1e1417dbf0f09e4b55253db,org.apache.hc.client5.http.impl.async.H2AsyncClientBuilder,org.apache.hc.client5.http.impl.async.H2AsyncClientBuilder_ESTest,60,0,False
1928,NPEX,HttpComponents_Client-f6333a50,3,f3a53184ed794bc5bb98cb5b3b415252,org.apache.hc.client5.http.impl.async.HttpAsyncClientBuilder,org.apache.hc.client5.http.impl.async.HttpAsyncClientBuilder_ESTest,67,0,True
1929,NPEX,HttpComponents_Client-f6333a50,3,f3a53184ed794bc5bb98cb5b3b415252,org.apache.hc.client5.http.impl.async.H2AsyncClientBuilder,org.apache.hc.client5.http.impl.async.H2AsyncClientBuilder_ESTest,63,0,False
1930,NPEX,HttpComponents_Client-f6333a50,3,1143003f60db441182968025414c3262,org.apache.hc.client5.http.impl.async.HttpAsyncClientBuilder,org.apache.hc.client5.http.impl.async.HttpAsyncClientBuilder_ESTest,67,0,True
1931,NPEX,HttpComponents_Client-f6333a50,3,1143003f60db441182968025414c3262,org.apache.hc.client5.http.impl.async.H2AsyncClientBuilder,org.apache.hc.client5.http.impl.async.H2AsyncClientBuilder_ESTest,61,0,False
1932,NPEX,HttpComponents_Client-f6333a50,3,6e52f9a360644593978de925cb13acb3,org.apache.hc.client5.http.impl.async.HttpAsyncClientBuilder,org.apache.hc.client5.http.impl.async.HttpAsyncClientBuilder_ESTest,64,0,True
1933,NPEX,HttpComponents_Client-f6333a50,3,6e52f9a360644593978de925cb13acb3,org.apache.hc.client5.http.impl.async.H2AsyncClientBuilder,org.apache.hc.client5.http.impl.async.H2AsyncClientBuilder_ESTest,62,0,False
1934,NPEX,Async_Http_Client-fbc6d486,0,60331309a4ee486db5e9256ed6b520b4,org.asynchttpclient.RequestBuilderBase,org.asynchttpclient.RequestBuilderBase_ESTest,1,0,False
1935,NPEX,Async_Http_Client-fbc6d486,0,7166c19baa3f4ada87b8b56d97f52ec6,org.asynchttpclient.RequestBuilderBase,org.asynchttpclient.RequestBuilderBase_ESTest,1,0,False
1936,NPEX,Async_Http_Client-fbc6d486,0,29517ca0c4f34cd999c575cdabed2c38,org.asynchttpclient.RequestBuilderBase,org.asynchttpclient.RequestBuilderBase_ESTest,1,0,False
1937,NPEX,Async_Http_Client-fbc6d486,0,3472bee0c3384bc6878884627dd8fccd,org.asynchttpclient.RequestBuilderBase,org.asynchttpclient.RequestBuilderBase_ESTest,1,0,False
1938,NPEX,Async_Http_Client-fbc6d486,0,1630a99598024835a239cc5c46f976fb,org.asynchttpclient.RequestBuilderBase,org.asynchttpclient.RequestBuilderBase_ESTest,1,0,False
1939,NPEX,Async_Http_Client-fbc6d486,0,7b3748542dcb4323a3570443ab3f282b,org.asynchttpclient.RequestBuilderBase,org.asynchttpclient.RequestBuilderBase_ESTest,1,0,False
1940,NPEX,Async_Http_Client-fbc6d486,0,9c989f52148c4f89a688ee32a06c160c,org.asynchttpclient.RequestBuilderBase,org.asynchttpclient.RequestBuilderBase_ESTest,1,0,False
1941,NPEX,Async_Http_Client-fbc6d486,0,0195edb6761f4cb29d1ce9bd8a9a25a4,org.asynchttpclient.RequestBuilderBase,org.asynchttpclient.RequestBuilderBase_ESTest,1,0,False
1942,NPEX,Async_Http_Client-fbc6d486,0,208be913bac848e1aebc3a32ccb73cf0,org.asynchttpclient.RequestBuilderBase,org.asynchttpclient.RequestBuilderBase_ESTest,1,0,False
1943,NPEX,Async_Http_Client-fbc6d486,0,e67e6d918dda4908890c3e27ebecb240,org.asynchttpclient.RequestBuilderBase,org.asynchttpclient.RequestBuilderBase_ESTest,1,0,False
1944,NPEX,Async_Http_Client-fbc6d486,0,8bb550347fc049c4ac52cdb11f3b9306,org.asynchttpclient.RequestBuilderBase,org.asynchttpclient.RequestBuilderBase_ESTest,1,0,False
1945,NPEX,Async_Http_Client-fbc6d486,0,fdb248f75bb64a149f15f86237f4630f,org.asynchttpclient.RequestBuilderBase,org.asynchttpclient.RequestBuilderBase_ESTest,1,0,False
1946,NPEX,Async_Http_Client-fbc6d486,0,b9973b6de2c7438d8210934d7293c0bd,org.asynchttpclient.RequestBuilderBase,org.asynchttpclient.RequestBuilderBase_ESTest,1,0,False
1947,NPEX,Async_Http_Client-fbc6d486,0,45b06eb65f324b33a837ffc468bde351,org.asynchttpclient.RequestBuilderBase,org.asynchttpclient.RequestBuilderBase_ESTest,1,0,False
1948,NPEX,Async_Http_Client-fbc6d486,0,baed740ae0814e01985c2e5f61ea1c5b,org.asynchttpclient.RequestBuilderBase,org.asynchttpclient.RequestBuilderBase_ESTest,1,0,False
1949,NPEX,Async_Http_Client-fbc6d486,0,0c407af6f66446deba7af0d5842024a0,org.asynchttpclient.RequestBuilderBase,org.asynchttpclient.RequestBuilderBase_ESTest,1,0,False
1950,NPEX,Async_Http_Client-fbc6d486,0,8a424a08eb7140eeb7320e936703e708,org.asynchttpclient.RequestBuilderBase,org.asynchttpclient.RequestBuilderBase_ESTest,1,0,False
1951,NPEX,Async_Http_Client-fbc6d486,0,ac013649a0724e92842f28996dac5516,org.asynchttpclient.RequestBuilderBase,org.asynchttpclient.RequestBuilderBase_ESTest,1,0,False
1952,NPEX,Async_Http_Client-fbc6d486,0,8e2861957618447786ac6cc2a44d5b72,org.asynchttpclient.RequestBuilderBase,org.asynchttpclient.RequestBuilderBase_ESTest,1,0,False
1953,NPEX,Async_Http_Client-fbc6d486,0,0f48c51f80434b1f994e626352856470,org.asynchttpclient.RequestBuilderBase,org.asynchttpclient.RequestBuilderBase_ESTest,1,0,False
1954,NPEX,ShardingSphere-9833fb9a,0,ea403cfca7944a6b8cbf247ead695b24,org.apache.shardingsphere.governance.core.yaml.swapper.SchemaYamlSwapper,org.apache.shardingsphere.governance.core.yaml.swapper.SchemaYamlSwapper_ESTest,5,0,True
1955,NPEX,ShardingSphere-9833fb9a,0,f9e6b7452f994185bc3b344eafc399d8,org.apache.shardingsphere.governance.core.yaml.swapper.SchemaYamlSwapper,org.apache.shardingsphere.governance.core.yaml.swapper.SchemaYamlSwapper_ESTest,5,0,True
1956,NPEX,ShardingSphere-9833fb9a,0,1e5b1e9fe689482ea994aa1939ab959e,org.apache.shardingsphere.governance.core.yaml.swapper.SchemaYamlSwapper,org.apache.shardingsphere.governance.core.yaml.swapper.SchemaYamlSwapper_ESTest,5,0,False
1957,NPEX,ShardingSphere-9833fb9a,0,7d0b33811b6f4acca42ae7e4ab202c00,org.apache.shardingsphere.governance.core.yaml.swapper.SchemaYamlSwapper,org.apache.shardingsphere.governance.core.yaml.swapper.SchemaYamlSwapper_ESTest,5,0,True
1958,NPEX,ShardingSphere-9833fb9a,0,9153a760e5314405835199d06d5c32c0,org.apache.shardingsphere.governance.core.yaml.swapper.SchemaYamlSwapper,org.apache.shardingsphere.governance.core.yaml.swapper.SchemaYamlSwapper_ESTest,5,0,False
1959,NPEX,ShardingSphere-9833fb9a,0,714356855ff34e61bf0663922adce75f,org.apache.shardingsphere.governance.core.yaml.swapper.SchemaYamlSwapper,org.apache.shardingsphere.governance.core.yaml.swapper.SchemaYamlSwapper_ESTest,4,0,False
1960,NPEX,ShardingSphere-9833fb9a,0,0c99580634354451923b4fd6d5eca4cb,org.apache.shardingsphere.governance.core.yaml.swapper.SchemaYamlSwapper,org.apache.shardingsphere.governance.core.yaml.swapper.SchemaYamlSwapper_ESTest,5,0,True
1961,NPEX,ShardingSphere-9833fb9a,0,27171d81fcf7406e9713a36a20f5e02b,org.apache.shardingsphere.governance.core.yaml.swapper.SchemaYamlSwapper,org.apache.shardingsphere.governance.core.yaml.swapper.SchemaYamlSwapper_ESTest,5,0,True
1962,NPEX,ShardingSphere-9833fb9a,0,53eea6f6bdd640f89f9c5159d4bd132c,org.apache.shardingsphere.governance.core.yaml.swapper.SchemaYamlSwapper,org.apache.shardingsphere.governance.core.yaml.swapper.SchemaYamlSwapper_ESTest,5,0,True
1963,NPEX,ShardingSphere-9833fb9a,0,f87873c692514bce83a5d41917202a9d,org.apache.shardingsphere.governance.core.yaml.swapper.SchemaYamlSwapper,org.apache.shardingsphere.governance.core.yaml.swapper.SchemaYamlSwapper_ESTest,4,0,False
1964,NPEX,ShardingSphere-9833fb9a,0,99006433d0bd4ab3b78ae2881a7f8af1,org.apache.shardingsphere.governance.core.yaml.swapper.SchemaYamlSwapper,org.apache.shardingsphere.governance.core.yaml.swapper.SchemaYamlSwapper_ESTest,5,0,True
1965,NPEX,ShardingSphere-9833fb9a,0,a554582f4a854dac99f437ecf15d831b,org.apache.shardingsphere.governance.core.yaml.swapper.SchemaYamlSwapper,org.apache.shardingsphere.governance.core.yaml.swapper.SchemaYamlSwapper_ESTest,5,0,False
1966,NPEX,ShardingSphere-9833fb9a,0,fba3f7cc94c745d5be3baa7750ff5f67,org.apache.shardingsphere.governance.core.yaml.swapper.SchemaYamlSwapper,org.apache.shardingsphere.governance.core.yaml.swapper.SchemaYamlSwapper_ESTest,5,0,False
1967,NPEX,ShardingSphere-9833fb9a,0,fd4d372e5efb4b9298b44d751d6c2ac5,org.apache.shardingsphere.governance.core.yaml.swapper.SchemaYamlSwapper,org.apache.shardingsphere.governance.core.yaml.swapper.SchemaYamlSwapper_ESTest,5,0,True
1968,NPEX,ShardingSphere-9833fb9a,0,f2010e7575754eea9f0d8f6f8bb315f3,org.apache.shardingsphere.governance.core.yaml.swapper.SchemaYamlSwapper,org.apache.shardingsphere.governance.core.yaml.swapper.SchemaYamlSwapper_ESTest,5,0,True
1969,NPEX,ShardingSphere-9833fb9a,0,8157c8c534a749fbbc6a9d4b5b020d89,org.apache.shardingsphere.governance.core.yaml.swapper.SchemaYamlSwapper,org.apache.shardingsphere.governance.core.yaml.swapper.SchemaYamlSwapper_ESTest,5,0,True
1970,NPEX,ShardingSphere-9833fb9a,0,0bee315edace4634b6e0a66a709907d3,org.apache.shardingsphere.governance.core.yaml.swapper.SchemaYamlSwapper,org.apache.shardingsphere.governance.core.yaml.swapper.SchemaYamlSwapper_ESTest,5,0,True
1971,NPEX,ShardingSphere-9833fb9a,0,5083469694604bd981fcddc24689a351,org.apache.shardingsphere.governance.core.yaml.swapper.SchemaYamlSwapper,org.apache.shardingsphere.governance.core.yaml.swapper.SchemaYamlSwapper_ESTest,5,0,False
1972,NPEX,ShardingSphere-9833fb9a,0,31d135966d6140a48d1df1e531f33735,org.apache.shardingsphere.governance.core.yaml.swapper.SchemaYamlSwapper,org.apache.shardingsphere.governance.core.yaml.swapper.SchemaYamlSwapper_ESTest,5,0,True
1973,NPEX,ShardingSphere-9833fb9a,0,48fc5e86477c46aa88e4144388cf55c3,org.apache.shardingsphere.governance.core.yaml.swapper.SchemaYamlSwapper,org.apache.shardingsphere.governance.core.yaml.swapper.SchemaYamlSwapper_ESTest,5,0,True
1974,NPEX,Easy_Rules-d5385af5,0,5e031e9abb404706aeab4f65ca16c519,org.jeasy.rules.mvel.MVELRuleDefinitionReader,org.jeasy.rules.mvel.MVELRuleDefinitionReader_ESTest,10,0,False
1975,NPEX,Easy_Rules-d5385af5,0,430332e3080744afa8a34ed82ada2f91,org.jeasy.rules.mvel.MVELRuleDefinitionReader,org.jeasy.rules.mvel.MVELRuleDefinitionReader_ESTest,11,0,True
1976,NPEX,Easy_Rules-d5385af5,0,9eb96f49cbc64e0f830e32a8ad69a666,org.jeasy.rules.mvel.MVELRuleDefinitionReader,org.jeasy.rules.mvel.MVELRuleDefinitionReader_ESTest,9,0,True
1977,NPEX,Easy_Rules-d5385af5,0,a7a2a995e63c4bb5a043110cdc2db99d,org.jeasy.rules.mvel.MVELRuleDefinitionReader,org.jeasy.rules.mvel.MVELRuleDefinitionReader_ESTest,10,0,False
1978,NPEX,Easy_Rules-d5385af5,0,d09c155a3b06418bbdeff9a5bc81006f,org.jeasy.rules.mvel.MVELRuleDefinitionReader,org.jeasy.rules.mvel.MVELRuleDefinitionReader_ESTest,12,0,True
1979,NPEX,Easy_Rules-d5385af5,0,d61ee71ff46b4a54bee68be50d508b6a,org.jeasy.rules.mvel.MVELRuleDefinitionReader,org.jeasy.rules.mvel.MVELRuleDefinitionReader_ESTest,11,0,True
1980,NPEX,Easy_Rules-d5385af5,0,856f0ec79cd2454f8f782b8e64e969f7,org.jeasy.rules.mvel.MVELRuleDefinitionReader,org.jeasy.rules.mvel.MVELRuleDefinitionReader_ESTest,10,0,True
1981,NPEX,Easy_Rules-d5385af5,0,67a913a5ca064f528e981728894db7d5,org.jeasy.rules.mvel.MVELRuleDefinitionReader,org.jeasy.rules.mvel.MVELRuleDefinitionReader_ESTest,11,0,True
1982,NPEX,Easy_Rules-d5385af5,0,1a80145057424976adb1c0a459ce4f36,org.jeasy.rules.mvel.MVELRuleDefinitionReader,org.jeasy.rules.mvel.MVELRuleDefinitionReader_ESTest,10,0,True
1983,NPEX,Easy_Rules-d5385af5,0,9ef421b4fb484188baa4fe38f2f4c865,org.jeasy.rules.mvel.MVELRuleDefinitionReader,org.jeasy.rules.mvel.MVELRuleDefinitionReader_ESTest,10,0,True
1984,NPEX,Easy_Rules-d5385af5,0,ae77d32ab2c74716b30fb3192f1c4f0e,org.jeasy.rules.mvel.MVELRuleDefinitionReader,org.jeasy.rules.mvel.MVELRuleDefinitionReader_ESTest,11,0,True
1985,NPEX,Easy_Rules-d5385af5,0,3342ec32c3484ca38d14332cc053e70d,org.jeasy.rules.mvel.MVELRuleDefinitionReader,org.jeasy.rules.mvel.MVELRuleDefinitionReader_ESTest,9,0,True
1986,NPEX,Easy_Rules-d5385af5,0,1f4d4f2d23bd4e099623d594513e2294,org.jeasy.rules.mvel.MVELRuleDefinitionReader,org.jeasy.rules.mvel.MVELRuleDefinitionReader_ESTest,11,0,False
1987,NPEX,Easy_Rules-d5385af5,0,08f9b4e871fc4f57b9d63945e9e82e29,org.jeasy.rules.mvel.MVELRuleDefinitionReader,org.jeasy.rules.mvel.MVELRuleDefinitionReader_ESTest,8,0,True
1988,NPEX,Easy_Rules-d5385af5,0,5de34776248c4ad2a8ca9bc5adecb7dd,org.jeasy.rules.mvel.MVELRuleDefinitionReader,org.jeasy.rules.mvel.MVELRuleDefinitionReader_ESTest,10,0,True
1989,NPEX,Easy_Rules-d5385af5,0,808116301c08411a978ae955da17b021,org.jeasy.rules.mvel.MVELRuleDefinitionReader,org.jeasy.rules.mvel.MVELRuleDefinitionReader_ESTest,9,0,True
1990,NPEX,Easy_Rules-d5385af5,0,f904a3a174424242b35879520d164d16,org.jeasy.rules.mvel.MVELRuleDefinitionReader,org.jeasy.rules.mvel.MVELRuleDefinitionReader_ESTest,9,0,True
1991,NPEX,Easy_Rules-d5385af5,0,dbcd20534a5b48eaaeebf4da8cd6922c,org.jeasy.rules.mvel.MVELRuleDefinitionReader,org.jeasy.rules.mvel.MVELRuleDefinitionReader_ESTest,11,0,True
1992,NPEX,Easy_Rules-d5385af5,0,a638ebbf735b4bf3864e24e141bee275,org.jeasy.rules.mvel.MVELRuleDefinitionReader,org.jeasy.rules.mvel.MVELRuleDefinitionReader_ESTest,9,0,True
1993,NPEX,Easy_Rules-d5385af5,0,ebef4e00a00143649d221f56f37d3c72,org.jeasy.rules.mvel.MVELRuleDefinitionReader,org.jeasy.rules.mvel.MVELRuleDefinitionReader_ESTest,12,0,True
1994,NPEX,Hivemall-04fa7545,0,0629336a08374a859798b21e794280b6,hivemall.GeneralLearnerBaseUDTF,hivemall.GeneralLearnerBaseUDTF_ESTest,23,0,True
1995,NPEX,Hivemall-04fa7545,0,60563e7b686d409d8818b4698e50dc76,hivemall.GeneralLearnerBaseUDTF,hivemall.GeneralLearnerBaseUDTF_ESTest,23,0,False
1996,NPEX,Hivemall-04fa7545,0,bf087a820df24efaa37bd3bef42b3667,hivemall.GeneralLearnerBaseUDTF,hivemall.GeneralLearnerBaseUDTF_ESTest,23,0,True
1997,NPEX,Hivemall-04fa7545,0,3301dffa69694f59bb647c892e3604fe,hivemall.GeneralLearnerBaseUDTF,hivemall.GeneralLearnerBaseUDTF_ESTest,24,0,True
1998,NPEX,Hivemall-04fa7545,0,8bdf7e8e30b94dfb90c1b9758cda24cb,hivemall.GeneralLearnerBaseUDTF,hivemall.GeneralLearnerBaseUDTF_ESTest,24,0,True
1999,NPEX,Hivemall-04fa7545,0,9c3c0dd2e01b44a886938c60e2d4e94a,hivemall.GeneralLearnerBaseUDTF,hivemall.GeneralLearnerBaseUDTF_ESTest,21,0,True
2000,NPEX,Hivemall-04fa7545,0,75f80b54eccd49f19a644c90c11a6899,hivemall.GeneralLearnerBaseUDTF,hivemall.GeneralLearnerBaseUDTF_ESTest,23,0,True
2001,NPEX,Hivemall-04fa7545,0,0c92ac2ef4714c638e8f05c624d350ec,hivemall.GeneralLearnerBaseUDTF,hivemall.GeneralLearnerBaseUDTF_ESTest,24,0,True
2002,NPEX,Hivemall-04fa7545,0,d787c98a9b6a47cf8f927ee2e10e5ccb,hivemall.GeneralLearnerBaseUDTF,hivemall.GeneralLearnerBaseUDTF_ESTest,22,0,True
2003,NPEX,Hivemall-04fa7545,0,889e56993f644f7e9ed5ee23016e9557,hivemall.GeneralLearnerBaseUDTF,hivemall.GeneralLearnerBaseUDTF_ESTest,22,0,True
2004,NPEX,Hivemall-04fa7545,0,12b11fe7d4b945afb133364f2fc516ca,hivemall.GeneralLearnerBaseUDTF,hivemall.GeneralLearnerBaseUDTF_ESTest,24,0,False
2005,NPEX,Hivemall-04fa7545,0,36df4516b7844da7ae6d73a90237f5d8,hivemall.GeneralLearnerBaseUDTF,hivemall.GeneralLearnerBaseUDTF_ESTest,23,0,True
2006,NPEX,Hivemall-04fa7545,0,e2fb12f77f814fc69f962333d3206a39,hivemall.GeneralLearnerBaseUDTF,hivemall.GeneralLearnerBaseUDTF_ESTest,21,0,True
2007,NPEX,Hivemall-04fa7545,0,564b5603cc364397875ac24cb9dda841,hivemall.GeneralLearnerBaseUDTF,hivemall.GeneralLearnerBaseUDTF_ESTest,21,0,True
2008,NPEX,Hivemall-04fa7545,0,1130febf40e647e9a9bd4efc901c2c07,hivemall.GeneralLearnerBaseUDTF,hivemall.GeneralLearnerBaseUDTF_ESTest,23,0,True
2009,NPEX,Hivemall-04fa7545,0,828b5aa328554a48bdc9dc75ed9cc7d4,hivemall.GeneralLearnerBaseUDTF,hivemall.GeneralLearnerBaseUDTF_ESTest,21,0,True
2010,NPEX,Hivemall-04fa7545,0,869f625b0c4f461ba483d8218942c04d,hivemall.GeneralLearnerBaseUDTF,hivemall.GeneralLearnerBaseUDTF_ESTest,22,0,True
2011,NPEX,Hivemall-04fa7545,0,56ca484a82684b70ae3c3fc72ad94f02,hivemall.GeneralLearnerBaseUDTF,hivemall.GeneralLearnerBaseUDTF_ESTest,23,0,False
2012,NPEX,Hivemall-04fa7545,0,58485385113045acbb6e2fdca75522e1,hivemall.GeneralLearnerBaseUDTF,hivemall.GeneralLearnerBaseUDTF_ESTest,23,0,False
2013,NPEX,Hivemall-04fa7545,0,d470f33f38a3483d8f35a1a14102b750,hivemall.GeneralLearnerBaseUDTF,hivemall.GeneralLearnerBaseUDTF_ESTest,23,0,True
2014,NPEX,IoTDB-9bced7b6,0,182c90b499984db6a2028534807eb328,org.apache.iotdb.db.metadata.MTree,org.apache.iotdb.db.metadata.MTree_ESTest,209,0,True
2015,NPEX,IoTDB-9bced7b6,0,a0d5bf92e4b245519525f955209bd42c,org.apache.iotdb.db.metadata.MTree,org.apache.iotdb.db.metadata.MTree_ESTest,197,0,False
2016,NPEX,IoTDB-9bced7b6,0,b674dd6bfae3473ca95a264aa18b55fa,org.apache.iotdb.db.metadata.MTree,org.apache.iotdb.db.metadata.MTree_ESTest,204,0,False
2017,NPEX,IoTDB-9bced7b6,0,f923d24ec7c1451d9ce6ec9fc5a4b7c4,org.apache.iotdb.db.metadata.MTree,org.apache.iotdb.db.metadata.MTree_ESTest,199,0,True
2018,NPEX,IoTDB-9bced7b6,0,6f085a3b13b54feebb00016e57d9b157,org.apache.iotdb.db.metadata.MTree,org.apache.iotdb.db.metadata.MTree_ESTest,210,0,False
2019,NPEX,IoTDB-9bced7b6,0,9208c56d73234437b7526bffad90dc0a,org.apache.iotdb.db.metadata.MTree,org.apache.iotdb.db.metadata.MTree_ESTest,196,0,True
2020,NPEX,IoTDB-9bced7b6,0,0d487a8f870d42a5bfd2086401cc7b8e,org.apache.iotdb.db.metadata.MTree,org.apache.iotdb.db.metadata.MTree_ESTest,222,0,True
2021,NPEX,IoTDB-9bced7b6,0,b6dc40100d0642948d781f16a2795cab,org.apache.iotdb.db.metadata.MTree,org.apache.iotdb.db.metadata.MTree_ESTest,206,0,False
2022,NPEX,IoTDB-9bced7b6,0,574b44b1e89f48e795a26d57f38e377f,org.apache.iotdb.db.metadata.MTree,org.apache.iotdb.db.metadata.MTree_ESTest,200,0,True
2023,NPEX,IoTDB-9bced7b6,0,0feb98c49bcf4a049f6555205c7834b6,org.apache.iotdb.db.metadata.MTree,org.apache.iotdb.db.metadata.MTree_ESTest,204,0,False
2024,NPEX,IoTDB-9bced7b6,0,cd760c35db6047e9a2f0571a8435b020,org.apache.iotdb.db.metadata.MTree,org.apache.iotdb.db.metadata.MTree_ESTest,206,0,True
2025,NPEX,IoTDB-9bced7b6,0,9d0a1c64aadb408881466a9666d8d440,org.apache.iotdb.db.metadata.MTree,org.apache.iotdb.db.metadata.MTree_ESTest,201,0,False
2026,NPEX,IoTDB-9bced7b6,0,21b43abba211423a8bb3436e68293fcf,org.apache.iotdb.db.metadata.MTree,org.apache.iotdb.db.metadata.MTree_ESTest,200,0,True
2027,NPEX,IoTDB-9bced7b6,0,523a6268d4b64c8b93bbae170d025fb7,org.apache.iotdb.db.metadata.MTree,org.apache.iotdb.db.metadata.MTree_ESTest,200,0,False
2028,NPEX,IoTDB-9bced7b6,0,91f6ddfcf0c1473fbab892b3a8969e1b,org.apache.iotdb.db.metadata.MTree,org.apache.iotdb.db.metadata.MTree_ESTest,195,0,False
2029,NPEX,IoTDB-9bced7b6,0,55c7f97404414da19c66704394df66d2,org.apache.iotdb.db.metadata.MTree,org.apache.iotdb.db.metadata.MTree_ESTest,210,0,False
2030,NPEX,IoTDB-9bced7b6,0,d63078b57c7f4eeba2096fe982be6c83,org.apache.iotdb.db.metadata.MTree,org.apache.iotdb.db.metadata.MTree_ESTest,196,0,True
2031,NPEX,IoTDB-9bced7b6,0,f08114c9f36744009ed2298a97d7847d,org.apache.iotdb.db.metadata.MTree,org.apache.iotdb.db.metadata.MTree_ESTest,200,0,False
2032,NPEX,IoTDB-9bced7b6,0,595bd85396d7478893f209cac086d32f,org.apache.iotdb.db.metadata.MTree,org.apache.iotdb.db.metadata.MTree_ESTest,197,0,True
2033,NPEX,IoTDB-9bced7b6,0,95ebe85f105546e7a854fab209739100,org.apache.iotdb.db.metadata.MTree,org.apache.iotdb.db.metadata.MTree_ESTest,192,0,False
2034,Bears,Bears-88,0,0f9920cc004e44038be3a156617f907e,org.springframework.data.repository.config.RepositoryBeanNameGenerator,org.springframework.data.repository.config.RepositoryBeanNameGenerator_ESTest,4,0,True
2035,Bears,Bears-88,0,c7d00b2ec45847dc82d70e3d8def7e06,org.springframework.data.repository.config.RepositoryBeanNameGenerator,org.springframework.data.repository.config.RepositoryBeanNameGenerator_ESTest,4,0,True
2036,Bears,Bears-88,0,33cef56b4a99471a95abea38f999f232,org.springframework.data.repository.config.RepositoryBeanNameGenerator,org.springframework.data.repository.config.RepositoryBeanNameGenerator_ESTest,4,0,True
2037,Bears,Bears-88,0,89d071390ad94e9cb6be8e538c8b1403,org.springframework.data.repository.config.RepositoryBeanNameGenerator,org.springframework.data.repository.config.RepositoryBeanNameGenerator_ESTest,4,0,True
2038,Bears,Bears-88,0,49328d1702aa4600b9f5b529d180636c,org.springframework.data.repository.config.RepositoryBeanNameGenerator,org.springframework.data.repository.config.RepositoryBeanNameGenerator_ESTest,4,0,True
2039,Bears,Bears-88,0,4052d2a9e09b42e080a2268dcc579b70,org.springframework.data.repository.config.RepositoryBeanNameGenerator,org.springframework.data.repository.config.RepositoryBeanNameGenerator_ESTest,4,0,True
2040,Bears,Bears-88,0,6d06ad3a14654f828ad0d314e3534144,org.springframework.data.repository.config.RepositoryBeanNameGenerator,org.springframework.data.repository.config.RepositoryBeanNameGenerator_ESTest,4,0,True
2041,Bears,Bears-88,0,c6523120fd1642b996a40e994f00ba21,org.springframework.data.repository.config.RepositoryBeanNameGenerator,org.springframework.data.repository.config.RepositoryBeanNameGenerator_ESTest,4,0,True
2042,Bears,Bears-88,0,48c7002a52f84cd6994b96680a149c1c,org.springframework.data.repository.config.RepositoryBeanNameGenerator,org.springframework.data.repository.config.RepositoryBeanNameGenerator_ESTest,4,0,True
2043,Bears,Bears-88,0,796bf98e6ae4444a9a67a834bb6974b8,org.springframework.data.repository.config.RepositoryBeanNameGenerator,org.springframework.data.repository.config.RepositoryBeanNameGenerator_ESTest,5,0,True
2044,Bears,Bears-88,0,acc8d1112df14f528c1854d8774cc282,org.springframework.data.repository.config.RepositoryBeanNameGenerator,org.springframework.data.repository.config.RepositoryBeanNameGenerator_ESTest,4,0,True
2045,Bears,Bears-88,0,bf41919e9ec940cfb3fd5c3f9dc8ff11,org.springframework.data.repository.config.RepositoryBeanNameGenerator,org.springframework.data.repository.config.RepositoryBeanNameGenerator_ESTest,4,0,True
2046,Bears,Bears-88,0,3bd3b8844e314d3c8ea5324ba3da97f0,org.springframework.data.repository.config.RepositoryBeanNameGenerator,org.springframework.data.repository.config.RepositoryBeanNameGenerator_ESTest,4,0,True
2047,Bears,Bears-88,0,8baf19a2d1ad4c35be07abc6d3135276,org.springframework.data.repository.config.RepositoryBeanNameGenerator,org.springframework.data.repository.config.RepositoryBeanNameGenerator_ESTest,2,0,True
2048,Bears,Bears-88,0,5864770db3904fb99819fe9b0a677042,org.springframework.data.repository.config.RepositoryBeanNameGenerator,org.springframework.data.repository.config.RepositoryBeanNameGenerator_ESTest,4,0,True
2049,Bears,Bears-88,0,4e9e7a823b534749982306086009b895,org.springframework.data.repository.config.RepositoryBeanNameGenerator,org.springframework.data.repository.config.RepositoryBeanNameGenerator_ESTest,4,0,True
2050,Bears,Bears-88,0,cfd56b155fc246518d57b957f38c1cd5,org.springframework.data.repository.config.RepositoryBeanNameGenerator,org.springframework.data.repository.config.RepositoryBeanNameGenerator_ESTest,4,0,True
2051,Bears,Bears-88,0,e85e6cb8ca5447d2bff49873463a6d74,org.springframework.data.repository.config.RepositoryBeanNameGenerator,org.springframework.data.repository.config.RepositoryBeanNameGenerator_ESTest,4,0,True
2052,Bears,Bears-88,0,a05ec94693e248fc9fa9155e1b5c11ce,org.springframework.data.repository.config.RepositoryBeanNameGenerator,org.springframework.data.repository.config.RepositoryBeanNameGenerator_ESTest,4,0,True
2053,Bears,Bears-88,0,ec91e7068a0242619330b95337fbcca8,org.springframework.data.repository.config.RepositoryBeanNameGenerator,org.springframework.data.repository.config.RepositoryBeanNameGenerator_ESTest,4,0,True
2054,Bears,Bears-222,0,bab012c7c1324ce9bdc1da7959902994,org.jgrapht.generate.WattsStrogatzGraphGenerator,org.jgrapht.generate.WattsStrogatzGraphGenerator_ESTest,14,0,True
2055,Bears,Bears-222,0,61de6a2d8fcd4e9d9a7f19182ff94219,org.jgrapht.generate.WattsStrogatzGraphGenerator,org.jgrapht.generate.WattsStrogatzGraphGenerator_ESTest,12,0,True
2056,Bears,Bears-222,0,a5adbaae890f473e84135b468040aaff,org.jgrapht.generate.WattsStrogatzGraphGenerator,org.jgrapht.generate.WattsStrogatzGraphGenerator_ESTest,17,0,False
2057,Bears,Bears-222,0,6a545f53f6ab475ba64f82dded145f34,org.jgrapht.generate.WattsStrogatzGraphGenerator,org.jgrapht.generate.WattsStrogatzGraphGenerator_ESTest,10,0,False
2058,Bears,Bears-222,0,d976ef5831df49ef924725d04cb60c61,org.jgrapht.generate.WattsStrogatzGraphGenerator,org.jgrapht.generate.WattsStrogatzGraphGenerator_ESTest,17,0,True
2059,Bears,Bears-222,0,a6b56fb8bfa54000aad583e08363c7da,org.jgrapht.generate.WattsStrogatzGraphGenerator,org.jgrapht.generate.WattsStrogatzGraphGenerator_ESTest,16,0,False
2060,Bears,Bears-222,0,fa78d1c92a4b42b88511872231daa0cd,org.jgrapht.generate.WattsStrogatzGraphGenerator,org.jgrapht.generate.WattsStrogatzGraphGenerator_ESTest,16,0,False
2061,Bears,Bears-222,0,c3fef77ba21f47a9b95ab148864f225b,org.jgrapht.generate.WattsStrogatzGraphGenerator,org.jgrapht.generate.WattsStrogatzGraphGenerator_ESTest,14,0,True
2062,Bears,Bears-222,0,0a8b48adc7f549ee98e2f2093456445b,org.jgrapht.generate.WattsStrogatzGraphGenerator,org.jgrapht.generate.WattsStrogatzGraphGenerator_ESTest,13,0,True
2063,Bears,Bears-222,0,cfd2b31319af4f4dbf69852901145b2c,org.jgrapht.generate.WattsStrogatzGraphGenerator,org.jgrapht.generate.WattsStrogatzGraphGenerator_ESTest,14,0,True
2064,Bears,Bears-222,0,75fc6d79e25c4337b88229b0c2ae3291,org.jgrapht.generate.WattsStrogatzGraphGenerator,org.jgrapht.generate.WattsStrogatzGraphGenerator_ESTest,15,0,True
2065,Bears,Bears-222,0,289a0b494da54ef2b9d99773526b8f6c,org.jgrapht.generate.WattsStrogatzGraphGenerator,org.jgrapht.generate.WattsStrogatzGraphGenerator_ESTest,13,0,False
2066,Bears,Bears-222,0,01d45fffad654b4a94110418749b8700,org.jgrapht.generate.WattsStrogatzGraphGenerator,org.jgrapht.generate.WattsStrogatzGraphGenerator_ESTest,16,0,False
2067,Bears,Bears-222,0,d773e538033c46baabd0c27cd4559638,org.jgrapht.generate.WattsStrogatzGraphGenerator,org.jgrapht.generate.WattsStrogatzGraphGenerator_ESTest,18,0,True
2068,Bears,Bears-222,0,48b775adb8f04ea9b2b62a23bb35fcda,org.jgrapht.generate.WattsStrogatzGraphGenerator,org.jgrapht.generate.WattsStrogatzGraphGenerator_ESTest,13,0,True
2069,Bears,Bears-222,0,b3d19d0bf4a5431f8cb139fb63a35e84,org.jgrapht.generate.WattsStrogatzGraphGenerator,org.jgrapht.generate.WattsStrogatzGraphGenerator_ESTest,16,0,False
2070,Bears,Bears-56,0,60f1c45735c94349a5a7fffb15fcc289,spoon.reflect.visitor.ImportScannerImpl,spoon.reflect.visitor.ImportScannerImpl_ESTest,40,0,True
2071,Bears,Bears-56,0,699f6110590a4021bd64b62b276e2617,spoon.reflect.visitor.ImportScannerImpl,spoon.reflect.visitor.ImportScannerImpl_ESTest,42,0,True
2072,Bears,Bears-56,0,8701fc2435cf4096aabbcb20a09d87f0,spoon.reflect.visitor.ImportScannerImpl,spoon.reflect.visitor.ImportScannerImpl_ESTest,42,0,True
2073,Bears,Bears-56,0,b120720991114685901a06f50f5826a2,spoon.reflect.visitor.ImportScannerImpl,spoon.reflect.visitor.ImportScannerImpl_ESTest,41,0,True
2074,Bears,Bears-56,0,4d3311f9dba64b37a7fa00ae48afa1fb,spoon.reflect.visitor.ImportScannerImpl,spoon.reflect.visitor.ImportScannerImpl_ESTest,44,0,True
2075,Bears,Bears-56,0,8ae8ed1c12ec43a493f16062b6e877ee,spoon.reflect.visitor.ImportScannerImpl,spoon.reflect.visitor.ImportScannerImpl_ESTest,46,0,True
2076,Bears,Bears-56,0,36e8ab2c7ed24554ad779b80b6de82ea,spoon.reflect.visitor.ImportScannerImpl,spoon.reflect.visitor.ImportScannerImpl_ESTest,47,0,True
2077,Bears,Bears-56,0,eb4db3e7d3d9485ca433e550fb6342a1,spoon.reflect.visitor.ImportScannerImpl,spoon.reflect.visitor.ImportScannerImpl_ESTest,41,0,True
2078,Bears,Bears-56,0,36db64d973a444a2a74495bff9e6008c,spoon.reflect.visitor.ImportScannerImpl,spoon.reflect.visitor.ImportScannerImpl_ESTest,46,0,True
2079,Bears,Bears-56,0,1affa9ab4c644024a656f5263ad4becf,spoon.reflect.visitor.ImportScannerImpl,spoon.reflect.visitor.ImportScannerImpl_ESTest,41,0,True
2080,Bears,Bears-56,0,f7d1a45adf9745bcadd609edb4dc6ba2,spoon.reflect.visitor.ImportScannerImpl,spoon.reflect.visitor.ImportScannerImpl_ESTest,37,0,True
2081,Bears,Bears-56,0,db9147bf29354f35a2374542e3929dee,spoon.reflect.visitor.ImportScannerImpl,spoon.reflect.visitor.ImportScannerImpl_ESTest,40,0,True
2082,Bears,Bears-56,0,8809a54d4b754f64a22cfbe80b2d3f2b,spoon.reflect.visitor.ImportScannerImpl,spoon.reflect.visitor.ImportScannerImpl_ESTest,43,0,True
2083,Bears,Bears-56,0,3b4ecaab49eb4b0194e1f7f2a4b23fcc,spoon.reflect.visitor.ImportScannerImpl,spoon.reflect.visitor.ImportScannerImpl_ESTest,45,0,True
2084,Bears,Bears-56,0,50e8e51bffc64836ade1f5a6b89d8281,spoon.reflect.visitor.ImportScannerImpl,spoon.reflect.visitor.ImportScannerImpl_ESTest,33,0,True
2085,Bears,Bears-56,0,03bbd89fc1374c6db9466db39e953e52,spoon.reflect.visitor.ImportScannerImpl,spoon.reflect.visitor.ImportScannerImpl_ESTest,42,0,True
2086,Bears,Bears-56,0,d69375720a1149b98191ea5bc4486bbf,spoon.reflect.visitor.ImportScannerImpl,spoon.reflect.visitor.ImportScannerImpl_ESTest,38,0,True
2087,Bears,Bears-56,0,944a741aaeb9442e98f63fa70c016f58,spoon.reflect.visitor.ImportScannerImpl,spoon.reflect.visitor.ImportScannerImpl_ESTest,45,0,True
2088,Bears,Bears-56,0,aa7e7b5b494a4d8e9e233bccb720c87a,spoon.reflect.visitor.ImportScannerImpl,spoon.reflect.visitor.ImportScannerImpl_ESTest,37,0,True
2089,Bears,Bears-72,0,8ad59cd2e7a44f1a8b57012eddbcf42b,spoon.reflect.visitor.DefaultJavaPrettyPrinter,spoon.reflect.visitor.DefaultJavaPrettyPrinter_ESTest,176,0,False
2090,Bears,Bears-72,0,8df685bc415d4b9d9daac7419b4ab33c,spoon.reflect.visitor.DefaultJavaPrettyPrinter,spoon.reflect.visitor.DefaultJavaPrettyPrinter_ESTest,160,0,False
2091,Bears,Bears-72,0,db56abc0e23c493f8f650094fa5b03cd,spoon.reflect.visitor.DefaultJavaPrettyPrinter,spoon.reflect.visitor.DefaultJavaPrettyPrinter_ESTest,210,0,False
2092,Bears,Bears-72,0,030cca0f77824b149fe3e833dd0a402c,spoon.reflect.visitor.DefaultJavaPrettyPrinter,spoon.reflect.visitor.DefaultJavaPrettyPrinter_ESTest,189,0,False
2093,Bears,Bears-72,0,1d79026d63594eca922729928df42bb4,spoon.reflect.visitor.DefaultJavaPrettyPrinter,spoon.reflect.visitor.DefaultJavaPrettyPrinter_ESTest,164,0,False
2094,Bears,Bears-72,0,23f59bd3803d46429c39c97c75e2c879,spoon.reflect.visitor.DefaultJavaPrettyPrinter,spoon.reflect.visitor.DefaultJavaPrettyPrinter_ESTest,164,0,False
2095,Bears,Bears-72,0,27878597d34f45ea84b0f69bb9baefcc,spoon.reflect.visitor.DefaultJavaPrettyPrinter,spoon.reflect.visitor.DefaultJavaPrettyPrinter_ESTest,160,0,False
2096,Bears,Bears-72,0,4badd9524c3c417699565468e9d3dac4,spoon.reflect.visitor.DefaultJavaPrettyPrinter,spoon.reflect.visitor.DefaultJavaPrettyPrinter_ESTest,163,0,False
2097,Bears,Bears-72,0,964e0ce54eec48ad920450d7f1736e4f,spoon.reflect.visitor.DefaultJavaPrettyPrinter,spoon.reflect.visitor.DefaultJavaPrettyPrinter_ESTest,156,0,False
2098,Bears,Bears-72,0,be5336469823476ead7f7376e344982e,spoon.reflect.visitor.DefaultJavaPrettyPrinter,spoon.reflect.visitor.DefaultJavaPrettyPrinter_ESTest,207,0,False
2099,Bears,Bears-72,0,f9c8dbea38b14b7e8f468bf0ebd85c03,spoon.reflect.visitor.DefaultJavaPrettyPrinter,spoon.reflect.visitor.DefaultJavaPrettyPrinter_ESTest,168,0,False
2100,Bears,Bears-72,0,82b87f435500408fb596d626a2493b1c,spoon.reflect.visitor.DefaultJavaPrettyPrinter,spoon.reflect.visitor.DefaultJavaPrettyPrinter_ESTest,218,0,False
2101,Bears,Bears-72,0,8afc963aada942d988d4440824f80bf8,spoon.reflect.visitor.DefaultJavaPrettyPrinter,spoon.reflect.visitor.DefaultJavaPrettyPrinter_ESTest,199,0,False
2102,Bears,Bears-72,0,029b7ae16855406e80434d5710770913,spoon.reflect.visitor.DefaultJavaPrettyPrinter,spoon.reflect.visitor.DefaultJavaPrettyPrinter_ESTest,158,0,False
2103,Bears,Bears-72,0,1d93a10e151748e693648c2dd128e9f3,spoon.reflect.visitor.DefaultJavaPrettyPrinter,spoon.reflect.visitor.DefaultJavaPrettyPrinter_ESTest,215,0,False
2104,Bears,Bears-72,0,f7aa2f24266c40b98f7c8f6778ba1175,spoon.reflect.visitor.DefaultJavaPrettyPrinter,spoon.reflect.visitor.DefaultJavaPrettyPrinter_ESTest,150,0,False
2105,Bears,Bears-72,0,ef4cb733527843cd82f8c0d86360de70,spoon.reflect.visitor.DefaultJavaPrettyPrinter,spoon.reflect.visitor.DefaultJavaPrettyPrinter_ESTest,151,0,False
2106,Bears,Bears-189,0,15a01bcac09840c2bb2b83c2daa6c14a,hu.oe.nik.szfmv.detector.classes.Detector,hu.oe.nik.szfmv.detector.classes.Detector_ESTest,8,0,True
2107,Bears,Bears-189,0,e0cec6d98732476ea1343edc374a0d06,hu.oe.nik.szfmv.detector.classes.Detector,hu.oe.nik.szfmv.detector.classes.Detector_ESTest,8,0,True
2108,Bears,Bears-189,0,2e8d83ea8cdf4b748e65ca49fd7a7e0a,hu.oe.nik.szfmv.detector.classes.Detector,hu.oe.nik.szfmv.detector.classes.Detector_ESTest,8,0,True
2109,Bears,Bears-189,0,7bbe661e3eda4222b25c132c09836451,hu.oe.nik.szfmv.detector.classes.Detector,hu.oe.nik.szfmv.detector.classes.Detector_ESTest,9,0,True
2110,Bears,Bears-189,0,306dc34120544a94b9c582d1da589475,hu.oe.nik.szfmv.detector.classes.Detector,hu.oe.nik.szfmv.detector.classes.Detector_ESTest,9,0,True
2111,Bears,Bears-189,0,cd1990bc70f04eaa97b40a450fdb6e7d,hu.oe.nik.szfmv.detector.classes.Detector,hu.oe.nik.szfmv.detector.classes.Detector_ESTest,7,0,True
2112,Bears,Bears-189,0,3c1d049c5ac44bc180f15d86f1cc59b8,hu.oe.nik.szfmv.detector.classes.Detector,hu.oe.nik.szfmv.detector.classes.Detector_ESTest,7,0,True
2113,Bears,Bears-189,0,7739ca19eea34d0c910c64e4192514f0,hu.oe.nik.szfmv.detector.classes.Detector,hu.oe.nik.szfmv.detector.classes.Detector_ESTest,8,0,True
2114,Bears,Bears-189,0,7aa07581686f4a3996b5efbc31d1a0ad,hu.oe.nik.szfmv.detector.classes.Detector,hu.oe.nik.szfmv.detector.classes.Detector_ESTest,8,0,True
2115,Bears,Bears-189,0,bc788a140d7e48c881c83c0b2734c667,hu.oe.nik.szfmv.detector.classes.Detector,hu.oe.nik.szfmv.detector.classes.Detector_ESTest,8,0,True
2116,Bears,Bears-189,0,aeff2372467e432891f2a0ba2ff03c22,hu.oe.nik.szfmv.detector.classes.Detector,hu.oe.nik.szfmv.detector.classes.Detector_ESTest,8,0,True
2117,Bears,Bears-189,0,854830b46ac342cba242680dc9f1393b,hu.oe.nik.szfmv.detector.classes.Detector,hu.oe.nik.szfmv.detector.classes.Detector_ESTest,8,0,True
2118,Bears,Bears-189,0,1381ba12cdd54bb5908118a7ca8fc2a2,hu.oe.nik.szfmv.detector.classes.Detector,hu.oe.nik.szfmv.detector.classes.Detector_ESTest,9,0,True
2119,Bears,Bears-189,0,c8ffc1ffab094d7dba9938806b9081a9,hu.oe.nik.szfmv.detector.classes.Detector,hu.oe.nik.szfmv.detector.classes.Detector_ESTest,8,0,True
2120,Bears,Bears-189,0,2123edae1e0d43fbb8f5eb5fb57151c3,hu.oe.nik.szfmv.detector.classes.Detector,hu.oe.nik.szfmv.detector.classes.Detector_ESTest,9,0,True
2121,Bears,Bears-189,0,b04ceb4eb6ca45008e823e84a0085758,hu.oe.nik.szfmv.detector.classes.Detector,hu.oe.nik.szfmv.detector.classes.Detector_ESTest,8,0,True
2122,Bears,Bears-189,0,10b4b711862d4abd86ddb45fbe9b97e5,hu.oe.nik.szfmv.detector.classes.Detector,hu.oe.nik.szfmv.detector.classes.Detector_ESTest,8,0,True
2123,Bears,Bears-189,0,82a338d075c74fcb8210991dd91a3c39,hu.oe.nik.szfmv.detector.classes.Detector,hu.oe.nik.szfmv.detector.classes.Detector_ESTest,8,0,True
2124,Bears,Bears-189,0,9dc5b80ac3244d24b6abb6696d02ce98,hu.oe.nik.szfmv.detector.classes.Detector,hu.oe.nik.szfmv.detector.classes.Detector_ESTest,8,0,True
2125,Bears,Bears-189,0,cc577fee918a4fb2b67346a6a3b3e68a,hu.oe.nik.szfmv.detector.classes.Detector,hu.oe.nik.szfmv.detector.classes.Detector_ESTest,8,0,True
2126,Bears,Bears-46,0,183451433baf4f87aeea1ed42fb61404,spoon.support.reflect.declaration.CtElementImpl,spoon.support.reflect.declaration.CtElementImpl_ESTest,53,0,False
2127,Bears,Bears-46,0,da1ccd7d604441499b2c51d587a1ed15,spoon.support.reflect.declaration.CtElementImpl,spoon.support.reflect.declaration.CtElementImpl_ESTest,55,0,True
2128,Bears,Bears-46,0,96a54d5259bc41d49eb31e7e9973b8ff,spoon.support.reflect.declaration.CtElementImpl,spoon.support.reflect.declaration.CtElementImpl_ESTest,60,0,False
2129,Bears,Bears-46,0,0c125f0ed9ea49948650eb1006dcff98,spoon.support.reflect.declaration.CtElementImpl,spoon.support.reflect.declaration.CtElementImpl_ESTest,60,0,True
2130,Bears,Bears-46,0,a1199687c864418f8c8152c18e3c52ad,spoon.support.reflect.declaration.CtElementImpl,spoon.support.reflect.declaration.CtElementImpl_ESTest,58,0,True
2131,Bears,Bears-46,0,bdbdea07a470401db052f59ae292553a,spoon.support.reflect.declaration.CtElementImpl,spoon.support.reflect.declaration.CtElementImpl_ESTest,56,0,True
2132,Bears,Bears-46,0,d6d9f3d5ad4b40b6b6ce763b142fa273,spoon.support.reflect.declaration.CtElementImpl,spoon.support.reflect.declaration.CtElementImpl_ESTest,51,0,False
2133,Bears,Bears-46,0,3c5e376a6f5b458c9df7b151eaeac0d8,spoon.support.reflect.declaration.CtElementImpl,spoon.support.reflect.declaration.CtElementImpl_ESTest,56,0,False
2134,Bears,Bears-70,0,c70b2f79b38149cfb075e8fb7f7086fd,spoon.support.compiler.jdt.ContextBuilder,spoon.support.compiler.jdt.ContextBuilder_ESTest,12,0,False
2135,Bears,Bears-70,0,b4e31efe63c4454e8c1671a5096b5740,spoon.support.compiler.jdt.ContextBuilder,spoon.support.compiler.jdt.ContextBuilder_ESTest,20,0,False
2136,Bears,Bears-70,0,2db5570a46374d529470072481577a08,spoon.support.compiler.jdt.ContextBuilder,spoon.support.compiler.jdt.ContextBuilder_ESTest,15,0,False
2137,Bears,Bears-70,0,1bfd85180a5b473cb0dcc69926b9af72,spoon.support.compiler.jdt.ContextBuilder,spoon.support.compiler.jdt.ContextBuilder_ESTest,21,0,False
2138,Bears,Bears-70,0,da2e2a362355492591694a778560a5af,spoon.support.compiler.jdt.ContextBuilder,spoon.support.compiler.jdt.ContextBuilder_ESTest,18,0,False
2139,Bears,Bears-70,0,bc8dfdbed71f448995f158bc9c588c0c,spoon.support.compiler.jdt.ContextBuilder,spoon.support.compiler.jdt.ContextBuilder_ESTest,17,0,False
2140,Bears,Bears-70,0,38cc63847d5b4e40bd23c802ff544a5d,spoon.support.compiler.jdt.ContextBuilder,spoon.support.compiler.jdt.ContextBuilder_ESTest,13,0,False
2141,Bears,Bears-70,0,fac4dc9c34fd4f58a248edd63e1d3988,spoon.support.compiler.jdt.ContextBuilder,spoon.support.compiler.jdt.ContextBuilder_ESTest,17,0,False
2142,Bears,Bears-70,0,c71bb2fd2cb24f4a9daa1fa72a28986e,spoon.support.compiler.jdt.ContextBuilder,spoon.support.compiler.jdt.ContextBuilder_ESTest,20,0,False
2143,Bears,Bears-70,0,78b60f79d14b4a39928aad107eafc013,spoon.support.compiler.jdt.ContextBuilder,spoon.support.compiler.jdt.ContextBuilder_ESTest,23,0,False
2144,Bears,Bears-70,0,bfedb15db8794b5c902ab97770aa8484,spoon.support.compiler.jdt.ContextBuilder,spoon.support.compiler.jdt.ContextBuilder_ESTest,19,0,False
2145,Bears,Bears-70,0,2ffd4f00040a40dfa8bbe58490b1c8b1,spoon.support.compiler.jdt.ContextBuilder,spoon.support.compiler.jdt.ContextBuilder_ESTest,19,0,False
