,benchmark_group,benchmark_name,npe_label,experiment_id,input_class,replayed_testsuite,compiled_tests,commented_tests,npe_reproduced
0,BugSwarm,Universal_G__Code_Sender-172454077,0,d70e1ec6dfd44cfe861c73fbdda4a71d,com.willwinder.universalgcodesender.GrblController,com.willwinder.universalgcodesender.GrblController_ESTest,42,0,False
1,BugSwarm,Universal_G__Code_Sender-172454077,0,1fc4968e4c2e4e2eaa3f311e4ec0caf8,com.willwinder.universalgcodesender.GrblController,com.willwinder.universalgcodesender.GrblController_ESTest,62,0,False
2,BugSwarm,Universal_G__Code_Sender-172454077,0,e1048b40a56447499b440c6257b823e6,com.willwinder.universalgcodesender.GrblController,com.willwinder.universalgcodesender.GrblController_ESTest,43,0,False
3,BugSwarm,Universal_G__Code_Sender-172454077,0,d3684d48be5e4c48bba4552178e3561d,com.willwinder.universalgcodesender.GrblController,com.willwinder.universalgcodesender.GrblController_ESTest,42,0,False
4,BugSwarm,Universal_G__Code_Sender-172454077,0,2ce7bc5a26f0486eb20ee9fe1650d5d0,com.willwinder.universalgcodesender.GrblController,com.willwinder.universalgcodesender.GrblController_ESTest,61,0,False
5,BugSwarm,Universal_G__Code_Sender-172454077,0,c792018302fb490ab2798039b0ebc422,com.willwinder.universalgcodesender.GrblController,com.willwinder.universalgcodesender.GrblController_ESTest,41,0,False
6,BugSwarm,Universal_G__Code_Sender-172454077,0,2b217fd5b063434e9dc94ae04f75b3bb,com.willwinder.universalgcodesender.GrblController,com.willwinder.universalgcodesender.GrblController_ESTest,42,0,False
7,BugSwarm,Universal_G__Code_Sender-172454077,0,78db5f48da5343a3afacb800944659ad,com.willwinder.universalgcodesender.GrblController,com.willwinder.universalgcodesender.GrblController_ESTest,42,0,False
8,BugSwarm,Universal_G__Code_Sender-172454077,0,f625cd524b4347d0836c711197895f45,com.willwinder.universalgcodesender.GrblController,com.willwinder.universalgcodesender.GrblController_ESTest,41,0,False
9,BugSwarm,Universal_G__Code_Sender-172454077,0,8420ff46a3f14e28abd9bd4a7539b272,com.willwinder.universalgcodesender.GrblController,com.willwinder.universalgcodesender.GrblController_ESTest,43,0,False
10,BugSwarm,Universal_G__Code_Sender-172454077,0,405fca46b3ee436aaaac499f9c7200be,com.willwinder.universalgcodesender.GrblController,com.willwinder.universalgcodesender.GrblController_ESTest,60,0,False
11,BugSwarm,Universal_G__Code_Sender-172454077,0,0e5ff271c34240e6b6a865eb67068d54,com.willwinder.universalgcodesender.GrblController,com.willwinder.universalgcodesender.GrblController_ESTest,42,0,False
12,BugSwarm,Universal_G__Code_Sender-172454077,0,e1811ca3c2dc4b72a5daaa8a4f4c4c27,com.willwinder.universalgcodesender.GrblController,com.willwinder.universalgcodesender.GrblController_ESTest,43,0,False
13,BugSwarm,Universal_G__Code_Sender-172454077,0,38fcaab78e2441ce9555130923123584,com.willwinder.universalgcodesender.GrblController,com.willwinder.universalgcodesender.GrblController_ESTest,60,0,False
14,BugSwarm,Universal_G__Code_Sender-172454077,0,3d57119569ba4f7f80c86f3d0e9d7ad7,com.willwinder.universalgcodesender.GrblController,com.willwinder.universalgcodesender.GrblController_ESTest,63,0,False
15,BugSwarm,Universal_G__Code_Sender-172454077,0,a54f071ab40f417394116185cc5074bf,com.willwinder.universalgcodesender.GrblController,com.willwinder.universalgcodesender.GrblController_ESTest,43,0,False
16,BugSwarm,Universal_G__Code_Sender-172454077,0,8ed1db14308f414787cd301a7a9f2e59,com.willwinder.universalgcodesender.GrblController,com.willwinder.universalgcodesender.GrblController_ESTest,62,0,False
17,BugSwarm,Universal_G__Code_Sender-172454077,0,35a56245cd714b6c911243d0ece48b49,com.willwinder.universalgcodesender.GrblController,com.willwinder.universalgcodesender.GrblController_ESTest,41,0,False
18,BugSwarm,Universal_G__Code_Sender-172454077,0,c75390682cb04f939cfdfb20c42fc955,com.willwinder.universalgcodesender.GrblController,com.willwinder.universalgcodesender.GrblController_ESTest,42,0,False
19,BugSwarm,Universal_G__Code_Sender-172454077,0,897d80ad35464e59b3e95cd3c2648342,com.willwinder.universalgcodesender.GrblController,com.willwinder.universalgcodesender.GrblController_ESTest,41,0,False
20,BugSwarm,Universal_G__Code_Sender-172454077,1,d70e1ec6dfd44cfe861c73fbdda4a71d,com.willwinder.universalgcodesender.GrblController,com.willwinder.universalgcodesender.GrblController_ESTest,42,0,False
21,BugSwarm,Universal_G__Code_Sender-172454077,1,1fc4968e4c2e4e2eaa3f311e4ec0caf8,com.willwinder.universalgcodesender.GrblController,com.willwinder.universalgcodesender.GrblController_ESTest,62,0,False
22,BugSwarm,Universal_G__Code_Sender-172454077,1,e1048b40a56447499b440c6257b823e6,com.willwinder.universalgcodesender.GrblController,com.willwinder.universalgcodesender.GrblController_ESTest,43,0,False
23,BugSwarm,Universal_G__Code_Sender-172454077,1,d3684d48be5e4c48bba4552178e3561d,com.willwinder.universalgcodesender.GrblController,com.willwinder.universalgcodesender.GrblController_ESTest,42,0,False
24,BugSwarm,Universal_G__Code_Sender-172454077,1,2ce7bc5a26f0486eb20ee9fe1650d5d0,com.willwinder.universalgcodesender.GrblController,com.willwinder.universalgcodesender.GrblController_ESTest,61,0,False
25,BugSwarm,Universal_G__Code_Sender-172454077,1,c792018302fb490ab2798039b0ebc422,com.willwinder.universalgcodesender.GrblController,com.willwinder.universalgcodesender.GrblController_ESTest,41,0,False
26,BugSwarm,Universal_G__Code_Sender-172454077,1,2b217fd5b063434e9dc94ae04f75b3bb,com.willwinder.universalgcodesender.GrblController,com.willwinder.universalgcodesender.GrblController_ESTest,42,0,False
27,BugSwarm,Universal_G__Code_Sender-172454077,1,78db5f48da5343a3afacb800944659ad,com.willwinder.universalgcodesender.GrblController,com.willwinder.universalgcodesender.GrblController_ESTest,42,0,False
28,BugSwarm,Universal_G__Code_Sender-172454077,1,f625cd524b4347d0836c711197895f45,com.willwinder.universalgcodesender.GrblController,com.willwinder.universalgcodesender.GrblController_ESTest,41,0,False
29,BugSwarm,Universal_G__Code_Sender-172454077,1,8420ff46a3f14e28abd9bd4a7539b272,com.willwinder.universalgcodesender.GrblController,com.willwinder.universalgcodesender.GrblController_ESTest,43,0,False
30,BugSwarm,Universal_G__Code_Sender-172454077,1,405fca46b3ee436aaaac499f9c7200be,com.willwinder.universalgcodesender.GrblController,com.willwinder.universalgcodesender.GrblController_ESTest,60,0,False
31,BugSwarm,Universal_G__Code_Sender-172454077,1,0e5ff271c34240e6b6a865eb67068d54,com.willwinder.universalgcodesender.GrblController,com.willwinder.universalgcodesender.GrblController_ESTest,42,0,False
32,BugSwarm,Universal_G__Code_Sender-172454077,1,e1811ca3c2dc4b72a5daaa8a4f4c4c27,com.willwinder.universalgcodesender.GrblController,com.willwinder.universalgcodesender.GrblController_ESTest,43,0,False
33,BugSwarm,Universal_G__Code_Sender-172454077,1,38fcaab78e2441ce9555130923123584,com.willwinder.universalgcodesender.GrblController,com.willwinder.universalgcodesender.GrblController_ESTest,60,0,False
34,BugSwarm,Universal_G__Code_Sender-172454077,1,3d57119569ba4f7f80c86f3d0e9d7ad7,com.willwinder.universalgcodesender.GrblController,com.willwinder.universalgcodesender.GrblController_ESTest,63,0,False
35,BugSwarm,Universal_G__Code_Sender-172454077,1,a54f071ab40f417394116185cc5074bf,com.willwinder.universalgcodesender.GrblController,com.willwinder.universalgcodesender.GrblController_ESTest,43,0,False
36,BugSwarm,Universal_G__Code_Sender-172454077,1,8ed1db14308f414787cd301a7a9f2e59,com.willwinder.universalgcodesender.GrblController,com.willwinder.universalgcodesender.GrblController_ESTest,62,0,False
37,BugSwarm,Universal_G__Code_Sender-172454077,1,35a56245cd714b6c911243d0ece48b49,com.willwinder.universalgcodesender.GrblController,com.willwinder.universalgcodesender.GrblController_ESTest,41,0,False
38,BugSwarm,Universal_G__Code_Sender-172454077,1,c75390682cb04f939cfdfb20c42fc955,com.willwinder.universalgcodesender.GrblController,com.willwinder.universalgcodesender.GrblController_ESTest,42,0,False
39,BugSwarm,Universal_G__Code_Sender-172454077,1,897d80ad35464e59b3e95cd3c2648342,com.willwinder.universalgcodesender.GrblController,com.willwinder.universalgcodesender.GrblController_ESTest,41,0,False
40,BugSwarm,deadcode4j-131735009,0,3abd5e086bef496baa73d299e8ba9692,org.sbolstandard.core2.ComponentDefinition,org.sbolstandard.core2.ComponentDefinition_ESTest,120,0,False
41,BugSwarm,deadcode4j-131735009,0,7b49d16ef43145a4a3c0c6b2f880c27c,org.sbolstandard.core2.ComponentDefinition,org.sbolstandard.core2.ComponentDefinition_ESTest,125,0,False
42,BugSwarm,deadcode4j-131735009,0,af5ab5434c634ef591c416bb6349be6a,org.sbolstandard.core2.ComponentDefinition,org.sbolstandard.core2.ComponentDefinition_ESTest,116,0,False
43,BugSwarm,deadcode4j-131735009,0,38fece44916b4849b24f41823f079d99,org.sbolstandard.core2.ComponentDefinition,org.sbolstandard.core2.ComponentDefinition_ESTest,117,0,False
44,BugSwarm,deadcode4j-131735009,0,235adc3acc8f4a5da5f2b739c09c69f2,org.sbolstandard.core2.ComponentDefinition,org.sbolstandard.core2.ComponentDefinition_ESTest,123,0,False
45,BugSwarm,deadcode4j-131735009,0,fcfcd9d4d9f441d0a204780b0a00229d,org.sbolstandard.core2.ComponentDefinition,org.sbolstandard.core2.ComponentDefinition_ESTest,117,0,False
46,BugSwarm,deadcode4j-131735009,0,bf1ac93fb54d482a988854a4f9df09c2,org.sbolstandard.core2.ComponentDefinition,org.sbolstandard.core2.ComponentDefinition_ESTest,115,0,False
47,BugSwarm,deadcode4j-131735009,0,88676701634742db91122e4112c00a64,org.sbolstandard.core2.ComponentDefinition,org.sbolstandard.core2.ComponentDefinition_ESTest,120,0,False
48,BugSwarm,deadcode4j-131735009,0,e98fd0ae67f041fe8dae418226cb54ab,org.sbolstandard.core2.ComponentDefinition,org.sbolstandard.core2.ComponentDefinition_ESTest,123,0,False
49,BugSwarm,deadcode4j-131735009,0,97e15e2f040f47cfbde11426712eaa6d,org.sbolstandard.core2.ComponentDefinition,org.sbolstandard.core2.ComponentDefinition_ESTest,120,0,False
50,BugSwarm,deadcode4j-131735009,0,913bef17bcf14021b07a4545ff61cf5a,org.sbolstandard.core2.ComponentDefinition,org.sbolstandard.core2.ComponentDefinition_ESTest,136,0,False
51,BugSwarm,deadcode4j-131735009,0,ba7a384e554844f88910de6bfd02ed9d,org.sbolstandard.core2.ComponentDefinition,org.sbolstandard.core2.ComponentDefinition_ESTest,118,0,False
52,BugSwarm,deadcode4j-131735009,0,97b5d6f88e4b469b94c219a918179665,org.sbolstandard.core2.ComponentDefinition,org.sbolstandard.core2.ComponentDefinition_ESTest,112,0,False
53,BugSwarm,deadcode4j-131735009,0,1d61c62258cd49e8ac9c04b8d84c23ce,org.sbolstandard.core2.ComponentDefinition,org.sbolstandard.core2.ComponentDefinition_ESTest,121,0,False
54,BugSwarm,deadcode4j-131735009,0,ffa7015328e8431782505c227971b8fc,org.sbolstandard.core2.ComponentDefinition,org.sbolstandard.core2.ComponentDefinition_ESTest,115,0,False
55,BugSwarm,deadcode4j-131735009,0,55dfba608eb04a30bbe7dc5994b5bca0,org.sbolstandard.core2.ComponentDefinition,org.sbolstandard.core2.ComponentDefinition_ESTest,116,0,False
56,BugSwarm,deadcode4j-131735009,0,1b3998efb9514bb4ba4f643ea391316f,org.sbolstandard.core2.ComponentDefinition,org.sbolstandard.core2.ComponentDefinition_ESTest,121,0,False
57,BugSwarm,deadcode4j-131735009,0,95d201516c87414a98e4d625aca5b2f1,org.sbolstandard.core2.ComponentDefinition,org.sbolstandard.core2.ComponentDefinition_ESTest,121,0,False
58,BugSwarm,deadcode4j-131735009,0,52c5b91f559446e282b75979b03a418a,org.sbolstandard.core2.ComponentDefinition,org.sbolstandard.core2.ComponentDefinition_ESTest,120,0,False
59,BugSwarm,deadcode4j-131735009,0,716fd3e32c3d47be90ed71f091349091,org.sbolstandard.core2.ComponentDefinition,org.sbolstandard.core2.ComponentDefinition_ESTest,120,0,False
60,BugSwarm,Sonar_Java-295864289,0,48bb0d340d4c457d9bc105dc39658912,org.sonar.java.bytecode.se.BytecodeEGWalker,org.sonar.java.bytecode.se.BytecodeEGWalker_ESTest,7,0,False
61,BugSwarm,Sonar_Java-295864289,0,4c39995919ac473e9bd99ff9e8347db2,org.sonar.java.bytecode.se.BytecodeEGWalker,org.sonar.java.bytecode.se.BytecodeEGWalker_ESTest,8,0,False
62,BugSwarm,Sonar_Java-295864289,0,909f08463a1d4ad092b0225aa3970bb4,org.sonar.java.bytecode.se.BytecodeEGWalker,org.sonar.java.bytecode.se.BytecodeEGWalker_ESTest,159,0,False
63,BugSwarm,Sonar_Java-295864289,0,255c5f7e458b441e81bb069f2b352097,org.sonar.java.bytecode.se.BytecodeEGWalker,org.sonar.java.bytecode.se.BytecodeEGWalker_ESTest,189,0,False
64,BugSwarm,Sonar_Java-295864289,0,b7f8e45d0b594a7b9f3b0dce1fb06814,org.sonar.java.bytecode.se.BytecodeEGWalker,org.sonar.java.bytecode.se.BytecodeEGWalker_ESTest,8,0,False
65,BugSwarm,Sonar_Java-295864289,0,9ee3b05028604c96883748b84c4f4b07,org.sonar.java.bytecode.se.BytecodeEGWalker,org.sonar.java.bytecode.se.BytecodeEGWalker_ESTest,6,0,False
66,BugSwarm,Sonar_Java-295864289,0,2d310e0c82bc49f685dbc5103e1345ad,org.sonar.java.bytecode.se.BytecodeEGWalker,org.sonar.java.bytecode.se.BytecodeEGWalker_ESTest,7,0,False
67,BugSwarm,Sonar_Java-295864289,0,74e315ba6cf046788da3eee795065697,org.sonar.java.bytecode.se.BytecodeEGWalker,org.sonar.java.bytecode.se.BytecodeEGWalker_ESTest,7,0,False
68,BugSwarm,Sonar_Java-295864289,0,1547d9159c1a424da944b66b5eac12e3,org.sonar.java.bytecode.se.BytecodeEGWalker,org.sonar.java.bytecode.se.BytecodeEGWalker_ESTest,10,0,False
69,BugSwarm,Sonar_Java-295864289,0,c48b5fd3f921429ba607a6dbe2841675,org.sonar.java.bytecode.se.BytecodeEGWalker,org.sonar.java.bytecode.se.BytecodeEGWalker_ESTest,10,0,False
70,BugSwarm,Sonar_Java-295864289,0,fd2503d5cdbb4828ba18ca4f01e4f666,org.sonar.java.bytecode.se.BytecodeEGWalker,org.sonar.java.bytecode.se.BytecodeEGWalker_ESTest,152,0,False
71,BugSwarm,Sonar_Java-295864289,0,e26aed57608c4ce7a481630baaaa817c,org.sonar.java.bytecode.se.BytecodeEGWalker,org.sonar.java.bytecode.se.BytecodeEGWalker_ESTest,159,0,False
72,BugSwarm,Sonar_Java-295864289,0,e69e5df40f274af599764b9dbe54f4ce,org.sonar.java.bytecode.se.BytecodeEGWalker,org.sonar.java.bytecode.se.BytecodeEGWalker_ESTest,8,0,False
73,BugSwarm,Sonar_Java-295864289,0,95da0f307467439aacbbb13eb0ecb80d,org.sonar.java.bytecode.se.BytecodeEGWalker,org.sonar.java.bytecode.se.BytecodeEGWalker_ESTest,8,0,False
74,BugSwarm,Sonar_Java-295864289,0,18e99c2c1fd146bfb04e897ef55b2512,org.sonar.java.bytecode.se.BytecodeEGWalker,org.sonar.java.bytecode.se.BytecodeEGWalker_ESTest,168,0,False
75,BugSwarm,Sonar_Java-295864289,0,12204909473148558f10e7d81c2d9e2c,org.sonar.java.bytecode.se.BytecodeEGWalker,org.sonar.java.bytecode.se.BytecodeEGWalker_ESTest,7,0,False
76,BugSwarm,Sonar_Java-295864289,0,e0044962896f4f48a85c88c3200e55c5,org.sonar.java.bytecode.se.BytecodeEGWalker,org.sonar.java.bytecode.se.BytecodeEGWalker_ESTest,8,0,False
77,BugSwarm,Sonar_Java-295864289,0,9702fc2148354eb5b6bb1bf076dd8f0b,org.sonar.java.bytecode.se.BytecodeEGWalker,org.sonar.java.bytecode.se.BytecodeEGWalker_ESTest,8,0,False
78,BugSwarm,Sonar_Java-295864289,0,96b0110dbcb94c48a6e76297dd05998e,org.sonar.java.bytecode.se.BytecodeEGWalker,org.sonar.java.bytecode.se.BytecodeEGWalker_ESTest,157,0,False
79,BugSwarm,Sonar_Java-295864289,0,bc4229c4d17d45d5979de843b28b81c5,org.sonar.java.bytecode.se.BytecodeEGWalker,org.sonar.java.bytecode.se.BytecodeEGWalker_ESTest,8,0,False
80,BugSwarm,Petergeneric__Stdlib-290369132,0,a6001afe03114f9a87b02ab7448a5fd2,com.peterphi.std.guice.hibernate.webquery.impl.jpa.JPASearchExecutor,com.peterphi.std.guice.hibernate.webquery.impl.jpa.JPASearchExecutor_ESTest,0,0,False
81,BugSwarm,Petergeneric__Stdlib-290369132,0,0a770635d3b44e488d9934eb3fc0abca,com.peterphi.std.guice.hibernate.webquery.impl.jpa.JPASearchExecutor,com.peterphi.std.guice.hibernate.webquery.impl.jpa.JPASearchExecutor_ESTest,0,0,False
82,BugSwarm,Petergeneric__Stdlib-290369132,0,597f5b5b7e26456aab4e24d482db5d48,com.peterphi.std.guice.hibernate.webquery.impl.jpa.JPASearchExecutor,com.peterphi.std.guice.hibernate.webquery.impl.jpa.JPASearchExecutor_ESTest,0,0,False
83,BugSwarm,Petergeneric__Stdlib-290369132,0,42b456f7a1a94f80baec760bf1f6f01b,com.peterphi.std.guice.hibernate.webquery.impl.jpa.JPASearchExecutor,com.peterphi.std.guice.hibernate.webquery.impl.jpa.JPASearchExecutor_ESTest,0,0,False
84,BugSwarm,Petergeneric__Stdlib-290369132,0,a15e8056695e4191ae0f302ffb0419ac,com.peterphi.std.guice.hibernate.webquery.impl.jpa.JPASearchExecutor,com.peterphi.std.guice.hibernate.webquery.impl.jpa.JPASearchExecutor_ESTest,0,0,False
85,BugSwarm,Petergeneric__Stdlib-290369132,0,9c85086643074ea893c9c7085b5563be,com.peterphi.std.guice.hibernate.webquery.impl.jpa.JPASearchExecutor,com.peterphi.std.guice.hibernate.webquery.impl.jpa.JPASearchExecutor_ESTest,0,0,False
86,BugSwarm,Petergeneric__Stdlib-290369132,0,2fa92601d25a444da899fc93e91f300a,com.peterphi.std.guice.hibernate.webquery.impl.jpa.JPASearchExecutor,com.peterphi.std.guice.hibernate.webquery.impl.jpa.JPASearchExecutor_ESTest,0,0,False
87,BugSwarm,Petergeneric__Stdlib-290369132,0,1348afe8bb5841d591baaa230d77289d,com.peterphi.std.guice.hibernate.webquery.impl.jpa.JPASearchExecutor,com.peterphi.std.guice.hibernate.webquery.impl.jpa.JPASearchExecutor_ESTest,0,0,False
88,BugSwarm,Petergeneric__Stdlib-290369132,0,904c7b919f3747918069a6298b15bd32,com.peterphi.std.guice.hibernate.webquery.impl.jpa.JPASearchExecutor,com.peterphi.std.guice.hibernate.webquery.impl.jpa.JPASearchExecutor_ESTest,0,0,False
89,BugSwarm,Petergeneric__Stdlib-290369132,0,19ea5bb3ade3472995c675910a284a0a,com.peterphi.std.guice.hibernate.webquery.impl.jpa.JPASearchExecutor,com.peterphi.std.guice.hibernate.webquery.impl.jpa.JPASearchExecutor_ESTest,0,0,False
90,BugSwarm,Petergeneric__Stdlib-290369132,0,1fda39f716184cc6bd5e9f9f46543672,com.peterphi.std.guice.hibernate.webquery.impl.jpa.JPASearchExecutor,com.peterphi.std.guice.hibernate.webquery.impl.jpa.JPASearchExecutor_ESTest,0,0,False
91,BugSwarm,Petergeneric__Stdlib-290369132,0,42f702aaeb8f4260a6e0c37385017f74,com.peterphi.std.guice.hibernate.webquery.impl.jpa.JPASearchExecutor,com.peterphi.std.guice.hibernate.webquery.impl.jpa.JPASearchExecutor_ESTest,0,0,False
92,BugSwarm,Petergeneric__Stdlib-290369132,0,97a8e3a0cb454367a69766aa35979f94,com.peterphi.std.guice.hibernate.webquery.impl.jpa.JPASearchExecutor,com.peterphi.std.guice.hibernate.webquery.impl.jpa.JPASearchExecutor_ESTest,0,0,False
93,BugSwarm,Petergeneric__Stdlib-290369132,0,1694a823846649df9bb3db4246df6c6f,com.peterphi.std.guice.hibernate.webquery.impl.jpa.JPASearchExecutor,com.peterphi.std.guice.hibernate.webquery.impl.jpa.JPASearchExecutor_ESTest,0,0,False
94,BugSwarm,Petergeneric__Stdlib-290369132,0,c0d5e3fac4c44785a83d96b082a762e4,com.peterphi.std.guice.hibernate.webquery.impl.jpa.JPASearchExecutor,com.peterphi.std.guice.hibernate.webquery.impl.jpa.JPASearchExecutor_ESTest,0,0,False
95,BugSwarm,Petergeneric__Stdlib-290369132,0,e936f15ca1724219ae002611d4458885,com.peterphi.std.guice.hibernate.webquery.impl.jpa.JPASearchExecutor,com.peterphi.std.guice.hibernate.webquery.impl.jpa.JPASearchExecutor_ESTest,0,0,False
96,BugSwarm,Atomix-298262068,0,5dbfce7efb034471ae34edb9b75ac567,io.atomix.primitives.leadership.impl.RaftLeaderElectorService,io.atomix.primitives.leadership.impl.RaftLeaderElectorService_ESTest,8,0,False
97,BugSwarm,Atomix-298262068,0,efeef6bab06d439581cfa26425e6e6c6,io.atomix.primitives.leadership.impl.RaftLeaderElectorService,io.atomix.primitives.leadership.impl.RaftLeaderElectorService_ESTest,8,0,False
98,BugSwarm,Atomix-298262068,0,43db595c92d24aac8095ad8fa73f271b,io.atomix.primitives.leadership.impl.RaftLeaderElectorService,io.atomix.primitives.leadership.impl.RaftLeaderElectorService_ESTest,8,0,False
99,BugSwarm,Atomix-298262068,0,d75f03d049f74437ae2b34da7d28cb42,io.atomix.primitives.leadership.impl.RaftLeaderElectorService,io.atomix.primitives.leadership.impl.RaftLeaderElectorService_ESTest,8,0,False
100,BugSwarm,Atomix-298262068,0,f7ec7cf492484ad29b6b435f74e6c605,io.atomix.primitives.leadership.impl.RaftLeaderElectorService,io.atomix.primitives.leadership.impl.RaftLeaderElectorService_ESTest,8,0,False
101,BugSwarm,Atomix-298262068,0,080f28be51a54e5591af385c72ec0395,io.atomix.primitives.leadership.impl.RaftLeaderElectorService,io.atomix.primitives.leadership.impl.RaftLeaderElectorService_ESTest,8,0,False
102,BugSwarm,Atomix-298262068,0,9ec2bb26c83c4837a9c7319febe0757a,io.atomix.primitives.leadership.impl.RaftLeaderElectorService,io.atomix.primitives.leadership.impl.RaftLeaderElectorService_ESTest,6,0,False
103,BugSwarm,Atomix-298262068,0,8f962b574169410183884020d0954030,io.atomix.primitives.leadership.impl.RaftLeaderElectorService,io.atomix.primitives.leadership.impl.RaftLeaderElectorService_ESTest,8,0,False
104,BugSwarm,Atomix-298262068,0,c0d10920d65e41638a38ac2f6abb14fa,io.atomix.primitives.leadership.impl.RaftLeaderElectorService,io.atomix.primitives.leadership.impl.RaftLeaderElectorService_ESTest,8,0,False
105,BugSwarm,Atomix-298262068,0,46e1a4640d4148c1bf9fe98bd29da471,io.atomix.primitives.leadership.impl.RaftLeaderElectorService,io.atomix.primitives.leadership.impl.RaftLeaderElectorService_ESTest,8,0,False
106,BugSwarm,Atomix-298262068,0,feb4309458af4816b1b3b2a41c2abdf1,io.atomix.primitives.leadership.impl.RaftLeaderElectorService,io.atomix.primitives.leadership.impl.RaftLeaderElectorService_ESTest,8,0,False
107,BugSwarm,Atomix-298262068,0,ab91c5bdf63941a184f2d027422ee9fa,io.atomix.primitives.leadership.impl.RaftLeaderElectorService,io.atomix.primitives.leadership.impl.RaftLeaderElectorService_ESTest,8,0,False
108,BugSwarm,Atomix-298262068,0,db34f39683204fb6b93c7e57d28d075d,io.atomix.primitives.leadership.impl.RaftLeaderElectorService,io.atomix.primitives.leadership.impl.RaftLeaderElectorService_ESTest,8,0,False
109,BugSwarm,Atomix-298262068,0,badd88fc3e554efa9e41c4f9642a4c82,io.atomix.primitives.leadership.impl.RaftLeaderElectorService,io.atomix.primitives.leadership.impl.RaftLeaderElectorService_ESTest,8,0,False
110,BugSwarm,Atomix-298262068,0,56ceb96bd0a445d598e9db518ec10a2c,io.atomix.primitives.leadership.impl.RaftLeaderElectorService,io.atomix.primitives.leadership.impl.RaftLeaderElectorService_ESTest,8,0,False
111,BugSwarm,Atomix-298262068,0,2000ca2989d946499491d932e7818bfb,io.atomix.primitives.leadership.impl.RaftLeaderElectorService,io.atomix.primitives.leadership.impl.RaftLeaderElectorService_ESTest,8,0,False
112,BugSwarm,Atomix-298262068,0,f4180f57cf39414badbdd67df7d53bfd,io.atomix.primitives.leadership.impl.RaftLeaderElectorService,io.atomix.primitives.leadership.impl.RaftLeaderElectorService_ESTest,8,0,False
113,BugSwarm,Atomix-298262068,0,574adeb92a5a4e90b771ea8ff161763e,io.atomix.primitives.leadership.impl.RaftLeaderElectorService,io.atomix.primitives.leadership.impl.RaftLeaderElectorService_ESTest,8,0,False
114,BugSwarm,Atomix-298262068,0,cfd8f502353542659a194a53920246f9,io.atomix.primitives.leadership.impl.RaftLeaderElectorService,io.atomix.primitives.leadership.impl.RaftLeaderElectorService_ESTest,8,0,False
115,BugSwarm,Atomix-298262068,0,a78a27e482154832ae911508214e2e64,io.atomix.primitives.leadership.impl.RaftLeaderElectorService,io.atomix.primitives.leadership.impl.RaftLeaderElectorService_ESTest,8,0,False
116,BugSwarm,nFlow-197273853,0,eaba0e3e0a5a446fbee9e6d74dd22974,io.nflow.engine.internal.dao.WorkflowInstanceDao,io.nflow.engine.internal.dao.WorkflowInstanceDao_ESTest,13,0,False
117,BugSwarm,nFlow-197273853,0,3fb63432583046b58345ca05a1244823,io.nflow.engine.internal.dao.WorkflowInstanceDao,io.nflow.engine.internal.dao.WorkflowInstanceDao_ESTest,11,0,False
118,BugSwarm,nFlow-197273853,0,f4bdd592043c45d1b291c25a0b275651,io.nflow.engine.internal.dao.WorkflowInstanceDao,io.nflow.engine.internal.dao.WorkflowInstanceDao_ESTest,13,0,False
119,BugSwarm,nFlow-197273853,0,e308c57d935f4d828bbd6096dc16d99e,io.nflow.engine.internal.dao.WorkflowInstanceDao,io.nflow.engine.internal.dao.WorkflowInstanceDao_ESTest,12,0,False
120,BugSwarm,nFlow-197273853,0,be90a35e3b964b4993b9248c1f4c8c54,io.nflow.engine.internal.dao.WorkflowInstanceDao,io.nflow.engine.internal.dao.WorkflowInstanceDao_ESTest,14,0,False
121,BugSwarm,nFlow-197273853,0,b15afc7d72ae4e9ba4f3340669b6e6eb,io.nflow.engine.internal.dao.WorkflowInstanceDao,io.nflow.engine.internal.dao.WorkflowInstanceDao_ESTest,14,0,False
122,BugSwarm,nFlow-197273853,0,b6c44ed3c8b54e5586bedf662c2b9d92,io.nflow.engine.internal.dao.WorkflowInstanceDao,io.nflow.engine.internal.dao.WorkflowInstanceDao_ESTest,11,0,False
123,BugSwarm,nFlow-197273853,0,49d1ebdf56ad4bc2a77dfc1cd36b67de,io.nflow.engine.internal.dao.WorkflowInstanceDao,io.nflow.engine.internal.dao.WorkflowInstanceDao_ESTest,12,0,False
124,BugSwarm,nFlow-197273853,0,35c97131274f4194ad9205f9ba9ba3a4,io.nflow.engine.internal.dao.WorkflowInstanceDao,io.nflow.engine.internal.dao.WorkflowInstanceDao_ESTest,13,0,False
125,BugSwarm,nFlow-197273853,0,c8958935b11741b8a10191fad770dc6b,io.nflow.engine.internal.dao.WorkflowInstanceDao,io.nflow.engine.internal.dao.WorkflowInstanceDao_ESTest,13,0,False
126,BugSwarm,nFlow-197273853,0,8ac5990ffe0746e49d0d0dde3b93573e,io.nflow.engine.internal.dao.WorkflowInstanceDao,io.nflow.engine.internal.dao.WorkflowInstanceDao_ESTest,10,0,False
127,BugSwarm,Jannovar-249719464,0,3464ef318b0a43218ef5f336ad50f83b,de.charite.compbio.jannovar.cmd.annotate_vcf.JannovarAnnotateVCFOptions,de.charite.compbio.jannovar.cmd.annotate_vcf.JannovarAnnotateVCFOptions_ESTest,124,0,False
128,BugSwarm,Jannovar-249719464,0,f088081e6f134025965791ae0613cf74,de.charite.compbio.jannovar.cmd.annotate_vcf.JannovarAnnotateVCFOptions,de.charite.compbio.jannovar.cmd.annotate_vcf.JannovarAnnotateVCFOptions_ESTest,124,0,False
129,BugSwarm,Jannovar-249719464,0,d47f5d4a247a4254baa2130f64961f2b,de.charite.compbio.jannovar.cmd.annotate_vcf.JannovarAnnotateVCFOptions,de.charite.compbio.jannovar.cmd.annotate_vcf.JannovarAnnotateVCFOptions_ESTest,123,0,False
130,BugSwarm,Jannovar-249719464,0,da3590c172794f758dd2adf0b44a4eba,de.charite.compbio.jannovar.cmd.annotate_vcf.JannovarAnnotateVCFOptions,de.charite.compbio.jannovar.cmd.annotate_vcf.JannovarAnnotateVCFOptions_ESTest,124,0,False
131,BugSwarm,Jannovar-249719464,0,c1d6572b20624458bc5dd9187c91e8b7,de.charite.compbio.jannovar.cmd.annotate_vcf.JannovarAnnotateVCFOptions,de.charite.compbio.jannovar.cmd.annotate_vcf.JannovarAnnotateVCFOptions_ESTest,124,0,False
132,BugSwarm,Jannovar-249719464,0,674ad85c4a3844a59e6efc2baa09519b,de.charite.compbio.jannovar.cmd.annotate_vcf.JannovarAnnotateVCFOptions,de.charite.compbio.jannovar.cmd.annotate_vcf.JannovarAnnotateVCFOptions_ESTest,122,0,False
133,BugSwarm,Jannovar-249719464,0,7a81cd7efec741018c6c6b5d30b97074,de.charite.compbio.jannovar.cmd.annotate_vcf.JannovarAnnotateVCFOptions,de.charite.compbio.jannovar.cmd.annotate_vcf.JannovarAnnotateVCFOptions_ESTest,122,0,False
134,BugSwarm,Jannovar-249719464,0,dcdb6a6e9b0f41699950ad416da31bd3,de.charite.compbio.jannovar.cmd.annotate_vcf.JannovarAnnotateVCFOptions,de.charite.compbio.jannovar.cmd.annotate_vcf.JannovarAnnotateVCFOptions_ESTest,125,0,False
135,BugSwarm,Jannovar-249719464,0,ebbbce98561941deaa3bdeaa1ac480e5,de.charite.compbio.jannovar.cmd.annotate_vcf.JannovarAnnotateVCFOptions,de.charite.compbio.jannovar.cmd.annotate_vcf.JannovarAnnotateVCFOptions_ESTest,127,0,False
136,BugSwarm,Jannovar-249719464,0,41e50025b8b745c19c8cd797a721fb72,de.charite.compbio.jannovar.cmd.annotate_vcf.JannovarAnnotateVCFOptions,de.charite.compbio.jannovar.cmd.annotate_vcf.JannovarAnnotateVCFOptions_ESTest,125,0,False
137,BugSwarm,Jannovar-249719464,0,3cd1752a42264bdd9860bbf8bb1dafaf,de.charite.compbio.jannovar.cmd.annotate_vcf.JannovarAnnotateVCFOptions,de.charite.compbio.jannovar.cmd.annotate_vcf.JannovarAnnotateVCFOptions_ESTest,128,0,False
138,BugSwarm,Jannovar-249719464,0,7ed8eced144c4ae88b54409932f9dcc6,de.charite.compbio.jannovar.cmd.annotate_vcf.JannovarAnnotateVCFOptions,de.charite.compbio.jannovar.cmd.annotate_vcf.JannovarAnnotateVCFOptions_ESTest,123,0,False
139,BugSwarm,Jannovar-249719464,0,38127119c36841c49d05e8bd2ca83f16,de.charite.compbio.jannovar.cmd.annotate_vcf.JannovarAnnotateVCFOptions,de.charite.compbio.jannovar.cmd.annotate_vcf.JannovarAnnotateVCFOptions_ESTest,123,0,False
140,BugSwarm,Jannovar-249719464,0,3db8b1fdb6064f6c947f91db974d79cb,de.charite.compbio.jannovar.cmd.annotate_vcf.JannovarAnnotateVCFOptions,de.charite.compbio.jannovar.cmd.annotate_vcf.JannovarAnnotateVCFOptions_ESTest,127,0,False
141,BugSwarm,Jannovar-249719464,0,a274bcbc32ae41afaa9ca2fddf53f380,de.charite.compbio.jannovar.cmd.annotate_vcf.JannovarAnnotateVCFOptions,de.charite.compbio.jannovar.cmd.annotate_vcf.JannovarAnnotateVCFOptions_ESTest,122,0,False
142,BugSwarm,Jannovar-249719464,0,c4261f2fa40a47dba63c196bcc45cfe7,de.charite.compbio.jannovar.cmd.annotate_vcf.JannovarAnnotateVCFOptions,de.charite.compbio.jannovar.cmd.annotate_vcf.JannovarAnnotateVCFOptions_ESTest,123,0,False
143,BugSwarm,Jannovar-249719464,0,a016f3314fa549ebb145be66512378f7,de.charite.compbio.jannovar.cmd.annotate_vcf.JannovarAnnotateVCFOptions,de.charite.compbio.jannovar.cmd.annotate_vcf.JannovarAnnotateVCFOptions_ESTest,124,0,False
144,BugSwarm,Jannovar-249719464,0,c5e195a1f3aa442082366d0d1425d9f4,de.charite.compbio.jannovar.cmd.annotate_vcf.JannovarAnnotateVCFOptions,de.charite.compbio.jannovar.cmd.annotate_vcf.JannovarAnnotateVCFOptions_ESTest,128,0,False
145,BugSwarm,Jannovar-249719464,0,ce2452e067b74110bf740419b65b3769,de.charite.compbio.jannovar.cmd.annotate_vcf.JannovarAnnotateVCFOptions,de.charite.compbio.jannovar.cmd.annotate_vcf.JannovarAnnotateVCFOptions_ESTest,125,0,False
146,BugSwarm,Jannovar-249719464,0,d1bf46beadb5446c871fbe7560806ebc,de.charite.compbio.jannovar.cmd.annotate_vcf.JannovarAnnotateVCFOptions,de.charite.compbio.jannovar.cmd.annotate_vcf.JannovarAnnotateVCFOptions_ESTest,123,0,False
147,BugSwarm,ACS_AEM_Commons-461893214,0,3b26e6b1b28a460399f142ee24d08f3a,com.adobe.acs.commons.mcp.impl.processes.asset.FileAssetIngestor,com.adobe.acs.commons.mcp.impl.processes.asset.FileAssetIngestor_ESTest,40,0,False
148,BugSwarm,ACS_AEM_Commons-461893214,0,a47d588781c348cbb12809cc83d33202,com.adobe.acs.commons.mcp.impl.processes.asset.FileAssetIngestor,com.adobe.acs.commons.mcp.impl.processes.asset.FileAssetIngestor_ESTest,39,0,False
149,BugSwarm,ACS_AEM_Commons-461893214,0,6648cd82abea4fecac8e44fa71e671d8,com.adobe.acs.commons.mcp.impl.processes.asset.FileAssetIngestor,com.adobe.acs.commons.mcp.impl.processes.asset.FileAssetIngestor_ESTest,38,0,False
150,BugSwarm,ACS_AEM_Commons-461893214,0,445fc2da902241c0a35a0a4e710b1a2d,com.adobe.acs.commons.mcp.impl.processes.asset.FileAssetIngestor,com.adobe.acs.commons.mcp.impl.processes.asset.FileAssetIngestor_ESTest,37,0,False
151,BugSwarm,ACS_AEM_Commons-461893214,0,8a85ba95af9e4df492ba2e6b52b70904,com.adobe.acs.commons.mcp.impl.processes.asset.FileAssetIngestor,com.adobe.acs.commons.mcp.impl.processes.asset.FileAssetIngestor_ESTest,35,0,False
152,BugSwarm,ACS_AEM_Commons-461893214,0,fc7ab102c9294b5689f904dcfe763535,com.adobe.acs.commons.mcp.impl.processes.asset.FileAssetIngestor,com.adobe.acs.commons.mcp.impl.processes.asset.FileAssetIngestor_ESTest,35,0,False
153,BugSwarm,ACS_AEM_Commons-461893214,0,15424fb9f02e4878a66b46ce65c00ffb,com.adobe.acs.commons.mcp.impl.processes.asset.FileAssetIngestor,com.adobe.acs.commons.mcp.impl.processes.asset.FileAssetIngestor_ESTest,39,0,False
154,BugSwarm,ACS_AEM_Commons-461893214,0,874f5e295f4d4b77a7d764a27180f6d3,com.adobe.acs.commons.mcp.impl.processes.asset.FileAssetIngestor,com.adobe.acs.commons.mcp.impl.processes.asset.FileAssetIngestor_ESTest,39,0,False
155,BugSwarm,ACS_AEM_Commons-461893214,0,773cde60ec874cde8305d10257eade1e,com.adobe.acs.commons.mcp.impl.processes.asset.FileAssetIngestor,com.adobe.acs.commons.mcp.impl.processes.asset.FileAssetIngestor_ESTest,40,0,False
156,BugSwarm,ACS_AEM_Commons-461893214,0,0713bfdb2ddb431e8943ada64843b126,com.adobe.acs.commons.mcp.impl.processes.asset.FileAssetIngestor,com.adobe.acs.commons.mcp.impl.processes.asset.FileAssetIngestor_ESTest,36,0,False
157,BugSwarm,ACS_AEM_Commons-461893214,0,8cfe08dbbca546b2b2234da2d426ddf8,com.adobe.acs.commons.mcp.impl.processes.asset.FileAssetIngestor,com.adobe.acs.commons.mcp.impl.processes.asset.FileAssetIngestor_ESTest,35,0,False
158,BugSwarm,ACS_AEM_Commons-461893214,0,7e9220475b434c2cb38cb69170567c93,com.adobe.acs.commons.mcp.impl.processes.asset.FileAssetIngestor,com.adobe.acs.commons.mcp.impl.processes.asset.FileAssetIngestor_ESTest,39,0,False
159,BugSwarm,ACS_AEM_Commons-461893214,0,5ce2455b098747578dfb543863074809,com.adobe.acs.commons.mcp.impl.processes.asset.FileAssetIngestor,com.adobe.acs.commons.mcp.impl.processes.asset.FileAssetIngestor_ESTest,39,0,False
160,BugSwarm,ACS_AEM_Commons-461893214,0,5a71e790ee044cc18c3ebef5a3db0d65,com.adobe.acs.commons.mcp.impl.processes.asset.FileAssetIngestor,com.adobe.acs.commons.mcp.impl.processes.asset.FileAssetIngestor_ESTest,38,0,False
161,BugSwarm,ACS_AEM_Commons-461893214,0,931fca89a7c1406d9f27051f07fec59c,com.adobe.acs.commons.mcp.impl.processes.asset.FileAssetIngestor,com.adobe.acs.commons.mcp.impl.processes.asset.FileAssetIngestor_ESTest,39,0,False
162,BugSwarm,ACS_AEM_Commons-461893214,0,1ffd425a13434230b169e067bc3a78de,com.adobe.acs.commons.mcp.impl.processes.asset.FileAssetIngestor,com.adobe.acs.commons.mcp.impl.processes.asset.FileAssetIngestor_ESTest,37,0,False
163,BugSwarm,ACS_AEM_Commons-461893214,0,345adf496cdf41d3b38264b6a6c120c6,com.adobe.acs.commons.mcp.impl.processes.asset.FileAssetIngestor,com.adobe.acs.commons.mcp.impl.processes.asset.FileAssetIngestor_ESTest,42,0,False
164,BugSwarm,ACS_AEM_Commons-461893214,0,5eac12f2c1694cfe885a18ceea5036f8,com.adobe.acs.commons.mcp.impl.processes.asset.FileAssetIngestor,com.adobe.acs.commons.mcp.impl.processes.asset.FileAssetIngestor_ESTest,34,0,False
165,BugSwarm,ACS_AEM_Commons-461893214,0,9ee9486cf4754ef5af4ea97b448668f1,com.adobe.acs.commons.mcp.impl.processes.asset.FileAssetIngestor,com.adobe.acs.commons.mcp.impl.processes.asset.FileAssetIngestor_ESTest,36,0,False
166,BugSwarm,ACS_AEM_Commons-461893214,0,0d739cf83ce94536a8b8f67c38882307,com.adobe.acs.commons.mcp.impl.processes.asset.FileAssetIngestor,com.adobe.acs.commons.mcp.impl.processes.asset.FileAssetIngestor_ESTest,38,0,False
167,BugSwarm,ACS_AEM_Commons-461893214,1,3b26e6b1b28a460399f142ee24d08f3a,com.adobe.acs.commons.mcp.impl.processes.asset.FileAssetIngestor,com.adobe.acs.commons.mcp.impl.processes.asset.FileAssetIngestor_ESTest,40,0,False
168,BugSwarm,ACS_AEM_Commons-461893214,1,a47d588781c348cbb12809cc83d33202,com.adobe.acs.commons.mcp.impl.processes.asset.FileAssetIngestor,com.adobe.acs.commons.mcp.impl.processes.asset.FileAssetIngestor_ESTest,39,0,False
169,BugSwarm,ACS_AEM_Commons-461893214,1,6648cd82abea4fecac8e44fa71e671d8,com.adobe.acs.commons.mcp.impl.processes.asset.FileAssetIngestor,com.adobe.acs.commons.mcp.impl.processes.asset.FileAssetIngestor_ESTest,38,0,False
170,BugSwarm,ACS_AEM_Commons-461893214,1,445fc2da902241c0a35a0a4e710b1a2d,com.adobe.acs.commons.mcp.impl.processes.asset.FileAssetIngestor,com.adobe.acs.commons.mcp.impl.processes.asset.FileAssetIngestor_ESTest,37,0,False
171,BugSwarm,ACS_AEM_Commons-461893214,1,8a85ba95af9e4df492ba2e6b52b70904,com.adobe.acs.commons.mcp.impl.processes.asset.FileAssetIngestor,com.adobe.acs.commons.mcp.impl.processes.asset.FileAssetIngestor_ESTest,35,0,False
172,BugSwarm,ACS_AEM_Commons-461893214,1,fc7ab102c9294b5689f904dcfe763535,com.adobe.acs.commons.mcp.impl.processes.asset.FileAssetIngestor,com.adobe.acs.commons.mcp.impl.processes.asset.FileAssetIngestor_ESTest,35,0,False
173,BugSwarm,ACS_AEM_Commons-461893214,1,15424fb9f02e4878a66b46ce65c00ffb,com.adobe.acs.commons.mcp.impl.processes.asset.FileAssetIngestor,com.adobe.acs.commons.mcp.impl.processes.asset.FileAssetIngestor_ESTest,39,0,False
174,BugSwarm,ACS_AEM_Commons-461893214,1,874f5e295f4d4b77a7d764a27180f6d3,com.adobe.acs.commons.mcp.impl.processes.asset.FileAssetIngestor,com.adobe.acs.commons.mcp.impl.processes.asset.FileAssetIngestor_ESTest,39,0,False
175,BugSwarm,ACS_AEM_Commons-461893214,1,773cde60ec874cde8305d10257eade1e,com.adobe.acs.commons.mcp.impl.processes.asset.FileAssetIngestor,com.adobe.acs.commons.mcp.impl.processes.asset.FileAssetIngestor_ESTest,40,0,False
176,BugSwarm,ACS_AEM_Commons-461893214,1,0713bfdb2ddb431e8943ada64843b126,com.adobe.acs.commons.mcp.impl.processes.asset.FileAssetIngestor,com.adobe.acs.commons.mcp.impl.processes.asset.FileAssetIngestor_ESTest,36,0,False
177,BugSwarm,ACS_AEM_Commons-461893214,1,8cfe08dbbca546b2b2234da2d426ddf8,com.adobe.acs.commons.mcp.impl.processes.asset.FileAssetIngestor,com.adobe.acs.commons.mcp.impl.processes.asset.FileAssetIngestor_ESTest,35,0,False
178,BugSwarm,ACS_AEM_Commons-461893214,1,7e9220475b434c2cb38cb69170567c93,com.adobe.acs.commons.mcp.impl.processes.asset.FileAssetIngestor,com.adobe.acs.commons.mcp.impl.processes.asset.FileAssetIngestor_ESTest,39,0,False
179,BugSwarm,ACS_AEM_Commons-461893214,1,5ce2455b098747578dfb543863074809,com.adobe.acs.commons.mcp.impl.processes.asset.FileAssetIngestor,com.adobe.acs.commons.mcp.impl.processes.asset.FileAssetIngestor_ESTest,39,0,False
180,BugSwarm,ACS_AEM_Commons-461893214,1,5a71e790ee044cc18c3ebef5a3db0d65,com.adobe.acs.commons.mcp.impl.processes.asset.FileAssetIngestor,com.adobe.acs.commons.mcp.impl.processes.asset.FileAssetIngestor_ESTest,38,0,False
181,BugSwarm,ACS_AEM_Commons-461893214,1,931fca89a7c1406d9f27051f07fec59c,com.adobe.acs.commons.mcp.impl.processes.asset.FileAssetIngestor,com.adobe.acs.commons.mcp.impl.processes.asset.FileAssetIngestor_ESTest,39,0,False
182,BugSwarm,ACS_AEM_Commons-461893214,1,1ffd425a13434230b169e067bc3a78de,com.adobe.acs.commons.mcp.impl.processes.asset.FileAssetIngestor,com.adobe.acs.commons.mcp.impl.processes.asset.FileAssetIngestor_ESTest,37,0,False
183,BugSwarm,ACS_AEM_Commons-461893214,1,345adf496cdf41d3b38264b6a6c120c6,com.adobe.acs.commons.mcp.impl.processes.asset.FileAssetIngestor,com.adobe.acs.commons.mcp.impl.processes.asset.FileAssetIngestor_ESTest,42,0,False
184,BugSwarm,ACS_AEM_Commons-461893214,1,5eac12f2c1694cfe885a18ceea5036f8,com.adobe.acs.commons.mcp.impl.processes.asset.FileAssetIngestor,com.adobe.acs.commons.mcp.impl.processes.asset.FileAssetIngestor_ESTest,34,0,False
185,BugSwarm,ACS_AEM_Commons-461893214,1,9ee9486cf4754ef5af4ea97b448668f1,com.adobe.acs.commons.mcp.impl.processes.asset.FileAssetIngestor,com.adobe.acs.commons.mcp.impl.processes.asset.FileAssetIngestor_ESTest,36,0,False
186,BugSwarm,ACS_AEM_Commons-461893214,1,0d739cf83ce94536a8b8f67c38882307,com.adobe.acs.commons.mcp.impl.processes.asset.FileAssetIngestor,com.adobe.acs.commons.mcp.impl.processes.asset.FileAssetIngestor_ESTest,38,0,False
187,BugSwarm,Byte_Buddy-95795967,0,09d8b764e3774f5d807f1571913bc89a,net.bytebuddy.dynamic.ClassFileLocator,net.bytebuddy.dynamic.ClassFileLocator_ESTest,63,0,False
188,BugSwarm,Byte_Buddy-95795967,0,c42946bf32554f96ba1dc7a7a0511412,net.bytebuddy.dynamic.ClassFileLocator,net.bytebuddy.dynamic.ClassFileLocator_ESTest,60,0,False
189,BugSwarm,Byte_Buddy-95795967,0,80a8fd5e3c16420b8ec224584985db97,net.bytebuddy.dynamic.ClassFileLocator,net.bytebuddy.dynamic.ClassFileLocator_ESTest,64,0,False
190,BugSwarm,Byte_Buddy-95795967,0,bcf343d0337848f089fc7f67ba30a645,net.bytebuddy.dynamic.ClassFileLocator,net.bytebuddy.dynamic.ClassFileLocator_ESTest,61,0,False
191,BugSwarm,Byte_Buddy-95795967,0,7d198d8892ae4b48af25297b6d65df12,net.bytebuddy.dynamic.ClassFileLocator,net.bytebuddy.dynamic.ClassFileLocator_ESTest,65,0,False
192,BugSwarm,Byte_Buddy-95795967,0,034351a424274e2f84587e0a292cbc83,net.bytebuddy.dynamic.ClassFileLocator,net.bytebuddy.dynamic.ClassFileLocator_ESTest,93,0,False
193,BugSwarm,Byte_Buddy-95795967,0,6f0561fcaaeb4323814ffed488a3d304,net.bytebuddy.dynamic.ClassFileLocator,net.bytebuddy.dynamic.ClassFileLocator_ESTest,62,0,False
194,BugSwarm,Byte_Buddy-95795967,0,36dac80e4e4a4f028dbbcf044488e9dc,net.bytebuddy.dynamic.ClassFileLocator,net.bytebuddy.dynamic.ClassFileLocator_ESTest,57,0,False
195,BugSwarm,Byte_Buddy-95795967,0,5a93d5b5308740b5a9f61e3828dc8f4d,net.bytebuddy.dynamic.ClassFileLocator,net.bytebuddy.dynamic.ClassFileLocator_ESTest,61,0,False
196,BugSwarm,Byte_Buddy-95795967,0,c99a72cf238f4ea992713176f82f21d5,net.bytebuddy.dynamic.ClassFileLocator,net.bytebuddy.dynamic.ClassFileLocator_ESTest,62,0,False
197,BugSwarm,Byte_Buddy-95795967,0,c53f4ef0d7084ab9847e7e09adc2cd58,net.bytebuddy.dynamic.ClassFileLocator,net.bytebuddy.dynamic.ClassFileLocator_ESTest,63,0,False
198,BugSwarm,Byte_Buddy-95795967,0,0f4358ceda3d42bfad166ba6b45520ac,net.bytebuddy.dynamic.ClassFileLocator,net.bytebuddy.dynamic.ClassFileLocator_ESTest,63,0,False
199,BugSwarm,Byte_Buddy-95795967,0,7e4c642f5d6b4b8494c67e9b6f8af7ec,net.bytebuddy.dynamic.ClassFileLocator,net.bytebuddy.dynamic.ClassFileLocator_ESTest,66,0,False
200,BugSwarm,Byte_Buddy-95795967,0,24db88e770f445e1ad58f55e1ef26e5a,net.bytebuddy.dynamic.ClassFileLocator,net.bytebuddy.dynamic.ClassFileLocator_ESTest,64,0,False
201,BugSwarm,Byte_Buddy-95795967,0,8589ee2844044bd093646d9d91ae6bb6,net.bytebuddy.dynamic.ClassFileLocator,net.bytebuddy.dynamic.ClassFileLocator_ESTest$1,61,0,False
202,BugSwarm,Byte_Buddy-95795967,0,8589ee2844044bd093646d9d91ae6bb6,net.bytebuddy.dynamic.ClassFileLocator,net.bytebuddy.dynamic.ClassFileLocator_ESTest,61,0,False
203,BugSwarm,Byte_Buddy-95795967,0,757b44c6006946aa8730769c36dc3cce,net.bytebuddy.dynamic.ClassFileLocator,net.bytebuddy.dynamic.ClassFileLocator_ESTest,62,0,False
204,BugSwarm,Byte_Buddy-95795967,0,3d1cd4818fa74ddaa2f5c9ab6e6f7d60,net.bytebuddy.dynamic.ClassFileLocator,net.bytebuddy.dynamic.ClassFileLocator_ESTest,59,0,False
205,BugSwarm,Byte_Buddy-95795967,0,c6b6d15a969a4027a3252ef0630d1db2,net.bytebuddy.dynamic.ClassFileLocator,net.bytebuddy.dynamic.ClassFileLocator_ESTest,67,0,False
206,BugSwarm,Byte_Buddy-95795967,0,9dc9a9b7e9ef41389e9cfb4a5a9a3eaa,net.bytebuddy.dynamic.ClassFileLocator,net.bytebuddy.dynamic.ClassFileLocator_ESTest,60,0,False
207,BugSwarm,Byte_Buddy-95795967,0,8b1a86eae0b848c5a806c7cdd58f6336,net.bytebuddy.dynamic.ClassFileLocator,net.bytebuddy.dynamic.ClassFileLocator_ESTest,60,0,False
208,BugSwarm,Byte_Buddy-140517155,0,303e653199c648b0981106381ef344bc,net.bytebuddy.dynamic.ClassFileLocator,net.bytebuddy.dynamic.ClassFileLocator_ESTest,71,0,False
209,BugSwarm,Byte_Buddy-140517155,0,dba6ce4e192041bebf9b2f2de5d8e47a,net.bytebuddy.dynamic.ClassFileLocator,net.bytebuddy.dynamic.ClassFileLocator_ESTest,77,0,False
210,BugSwarm,Byte_Buddy-140517155,0,790d6a2130dd499a9b052a163ddea99e,net.bytebuddy.dynamic.ClassFileLocator,net.bytebuddy.dynamic.ClassFileLocator_ESTest,73,0,False
211,BugSwarm,Byte_Buddy-140517155,0,df41e60c3f7b4a0c8f291a4238c91b65,net.bytebuddy.dynamic.ClassFileLocator,net.bytebuddy.dynamic.ClassFileLocator_ESTest,73,0,False
212,BugSwarm,Byte_Buddy-140517155,0,5128f849e6524107b46846a9993a05cc,net.bytebuddy.dynamic.ClassFileLocator,net.bytebuddy.dynamic.ClassFileLocator_ESTest,75,0,False
213,BugSwarm,Byte_Buddy-140517155,0,49898b17eaac4167aeef34e57dc73534,net.bytebuddy.dynamic.ClassFileLocator,net.bytebuddy.dynamic.ClassFileLocator_ESTest,71,0,False
214,BugSwarm,Byte_Buddy-140517155,0,2424aa5862a3427fa68943c6fed83b37,net.bytebuddy.dynamic.ClassFileLocator,net.bytebuddy.dynamic.ClassFileLocator_ESTest,70,0,False
215,BugSwarm,Byte_Buddy-140517155,0,ff6ebdb975a9404fab4989bf7b142caf,net.bytebuddy.dynamic.ClassFileLocator,net.bytebuddy.dynamic.ClassFileLocator_ESTest,74,0,False
216,BugSwarm,Byte_Buddy-140517155,0,03ee4e37e1514ecd83571f40f6d449a4,net.bytebuddy.dynamic.ClassFileLocator,net.bytebuddy.dynamic.ClassFileLocator_ESTest,79,0,False
217,BugSwarm,Byte_Buddy-140517155,0,e29889430b594dd99c89c4a32f7db8ea,net.bytebuddy.dynamic.ClassFileLocator,net.bytebuddy.dynamic.ClassFileLocator_ESTest,71,0,False
218,BugSwarm,Byte_Buddy-140517155,0,4823413277f44aec9103b823d8f1a9e3,net.bytebuddy.dynamic.ClassFileLocator,net.bytebuddy.dynamic.ClassFileLocator_ESTest,74,0,False
219,BugSwarm,Byte_Buddy-140517155,0,43a7a5d716864f1ea076903ffbfeef2d,net.bytebuddy.dynamic.ClassFileLocator,net.bytebuddy.dynamic.ClassFileLocator_ESTest,74,0,False
220,BugSwarm,Byte_Buddy-140517155,0,c913d4e21bb84574914eaa0b1aff2d6e,net.bytebuddy.dynamic.ClassFileLocator,net.bytebuddy.dynamic.ClassFileLocator_ESTest,75,0,False
221,BugSwarm,Byte_Buddy-140517155,0,82d00149421a456cbe13d6140ddb7ba9,net.bytebuddy.dynamic.ClassFileLocator,net.bytebuddy.dynamic.ClassFileLocator_ESTest,77,0,False
222,BugSwarm,Byte_Buddy-140517155,0,3893d5d919844d4e868298f498bf09d3,net.bytebuddy.dynamic.ClassFileLocator,net.bytebuddy.dynamic.ClassFileLocator_ESTest,77,0,False
223,BugSwarm,Byte_Buddy-140517155,0,8eccfa7d96a64b20bc8337838afa4360,net.bytebuddy.dynamic.ClassFileLocator,net.bytebuddy.dynamic.ClassFileLocator_ESTest,70,0,False
224,BugSwarm,Byte_Buddy-140517155,0,9f5ca69b4a14496294ed52ae1b104b90,net.bytebuddy.dynamic.ClassFileLocator,net.bytebuddy.dynamic.ClassFileLocator_ESTest,74,0,False
225,BugSwarm,Byte_Buddy-140517155,0,9e74d6dd70d34c4c9f57d0a59d834f52,net.bytebuddy.dynamic.ClassFileLocator,net.bytebuddy.dynamic.ClassFileLocator_ESTest,80,0,False
226,BugSwarm,Byte_Buddy-140517155,0,8e4fa8a6de2c45ca9aa70df912c86233,net.bytebuddy.dynamic.ClassFileLocator,net.bytebuddy.dynamic.ClassFileLocator_ESTest,71,0,False
227,BugSwarm,Byte_Buddy-140517155,0,8e5ca23ad5a3453f9c2b5651adfb5b65,net.bytebuddy.dynamic.ClassFileLocator,net.bytebuddy.dynamic.ClassFileLocator_ESTest,68,0,False
228,BugSwarm,OkHttp-93618854,0,c241cc0edd274e4198d95c8d2e7e8b82,com.squareup.okhttp.internal.http.StreamAllocation,com.squareup.okhttp.internal.http.StreamAllocation_ESTest,8,0,False
229,BugSwarm,OkHttp-93618854,0,7059d862533b43a2b252bee7e2d63e0e,com.squareup.okhttp.internal.http.StreamAllocation,com.squareup.okhttp.internal.http.StreamAllocation_ESTest,14,0,False
230,BugSwarm,OkHttp-93618854,0,9d76f529eca74b1ebe2f1fc6f6ff72a2,com.squareup.okhttp.internal.http.StreamAllocation,com.squareup.okhttp.internal.http.StreamAllocation_ESTest,15,0,False
231,BugSwarm,OkHttp-93618854,0,e4d617202af34c90a29e5968aa1ed025,com.squareup.okhttp.internal.http.StreamAllocation,com.squareup.okhttp.internal.http.StreamAllocation_ESTest,9,0,False
232,BugSwarm,OkHttp-93618854,0,a6a1d733713f4f818c1a1db9170a2622,com.squareup.okhttp.internal.http.StreamAllocation,com.squareup.okhttp.internal.http.StreamAllocation_ESTest,11,0,False
233,BugSwarm,OkHttp-93618854,0,13cbc9a6d7774d33861c547da509fa74,com.squareup.okhttp.internal.http.StreamAllocation,com.squareup.okhttp.internal.http.StreamAllocation_ESTest,13,0,False
234,BugSwarm,OkHttp-93618854,0,7187e10b16ca43bbbeae5b414fa6bd54,com.squareup.okhttp.internal.http.StreamAllocation,com.squareup.okhttp.internal.http.StreamAllocation_ESTest,8,0,False
235,BugSwarm,OkHttp-93618854,0,ecbf9cfc3e3e48a9bff01d739c5d2b9d,com.squareup.okhttp.internal.http.StreamAllocation,com.squareup.okhttp.internal.http.StreamAllocation_ESTest,14,0,False
236,BugSwarm,OkHttp-93618854,0,a1cf9924947649b59eb0c2d0796b9058,com.squareup.okhttp.internal.http.StreamAllocation,com.squareup.okhttp.internal.http.StreamAllocation_ESTest,8,0,False
237,BugSwarm,OkHttp-93618854,0,0bac6e55c6d44a4186beffa3297b335f,com.squareup.okhttp.internal.http.StreamAllocation,com.squareup.okhttp.internal.http.StreamAllocation_ESTest,9,0,False
238,BugSwarm,OkHttp-93618854,0,e8ac560e15e34ce0bfa189954454a9b4,com.squareup.okhttp.internal.http.StreamAllocation,com.squareup.okhttp.internal.http.StreamAllocation_ESTest,9,0,False
239,BugSwarm,OkHttp-93618854,0,195150f6ef0e472ca88ba131a0065295,com.squareup.okhttp.internal.http.StreamAllocation,com.squareup.okhttp.internal.http.StreamAllocation_ESTest,13,0,False
240,BugSwarm,OkHttp-93618854,0,1d41dd55e3354982ae5d0627a56221e4,com.squareup.okhttp.internal.http.StreamAllocation,com.squareup.okhttp.internal.http.StreamAllocation_ESTest,14,0,False
241,BugSwarm,OkHttp-93618854,0,545b31a4541e4bec9bb4096248697d36,com.squareup.okhttp.internal.http.StreamAllocation,com.squareup.okhttp.internal.http.StreamAllocation_ESTest,14,0,False
242,BugSwarm,OkHttp-93618854,0,bf66650972e942b6adce7fda56a7e6da,com.squareup.okhttp.internal.http.StreamAllocation,com.squareup.okhttp.internal.http.StreamAllocation_ESTest,8,0,False
243,BugSwarm,OkHttp-93618854,0,ecb7ee04301b421788d1ae8137fc7298,com.squareup.okhttp.internal.http.StreamAllocation,com.squareup.okhttp.internal.http.StreamAllocation_ESTest,13,0,False
244,BugSwarm,OkHttp-93618854,0,5fd4e0b715bf4034918d455c5f34eed8,com.squareup.okhttp.internal.http.StreamAllocation,com.squareup.okhttp.internal.http.StreamAllocation_ESTest,13,0,False
245,BugSwarm,OkHttp-93618854,0,b9241abe12a04f4d8cc253d6e8375ed2,com.squareup.okhttp.internal.http.StreamAllocation,com.squareup.okhttp.internal.http.StreamAllocation_ESTest,10,0,False
246,BugSwarm,OkHttp-93618854,0,8468645d20b447a39b73f851b818abdf,com.squareup.okhttp.internal.http.StreamAllocation,com.squareup.okhttp.internal.http.StreamAllocation_ESTest,9,0,False
247,BugSwarm,OkHttp-93618854,0,4352d7cbea564db980cbf0a2a5019783,com.squareup.okhttp.internal.http.StreamAllocation,com.squareup.okhttp.internal.http.StreamAllocation_ESTest,8,0,False
248,BugSwarm,OkHttp-93618854,1,c241cc0edd274e4198d95c8d2e7e8b82,com.squareup.okhttp.internal.http.StreamAllocation,com.squareup.okhttp.internal.http.StreamAllocation_ESTest,8,0,False
249,BugSwarm,OkHttp-93618854,1,7059d862533b43a2b252bee7e2d63e0e,com.squareup.okhttp.internal.http.StreamAllocation,com.squareup.okhttp.internal.http.StreamAllocation_ESTest,14,0,False
250,BugSwarm,OkHttp-93618854,1,9d76f529eca74b1ebe2f1fc6f6ff72a2,com.squareup.okhttp.internal.http.StreamAllocation,com.squareup.okhttp.internal.http.StreamAllocation_ESTest,15,0,False
251,BugSwarm,OkHttp-93618854,1,e4d617202af34c90a29e5968aa1ed025,com.squareup.okhttp.internal.http.StreamAllocation,com.squareup.okhttp.internal.http.StreamAllocation_ESTest,9,0,False
252,BugSwarm,OkHttp-93618854,1,a6a1d733713f4f818c1a1db9170a2622,com.squareup.okhttp.internal.http.StreamAllocation,com.squareup.okhttp.internal.http.StreamAllocation_ESTest,11,0,False
253,BugSwarm,OkHttp-93618854,1,13cbc9a6d7774d33861c547da509fa74,com.squareup.okhttp.internal.http.StreamAllocation,com.squareup.okhttp.internal.http.StreamAllocation_ESTest,13,0,False
254,BugSwarm,OkHttp-93618854,1,7187e10b16ca43bbbeae5b414fa6bd54,com.squareup.okhttp.internal.http.StreamAllocation,com.squareup.okhttp.internal.http.StreamAllocation_ESTest,8,0,False
255,BugSwarm,OkHttp-93618854,1,ecbf9cfc3e3e48a9bff01d739c5d2b9d,com.squareup.okhttp.internal.http.StreamAllocation,com.squareup.okhttp.internal.http.StreamAllocation_ESTest,14,0,False
256,BugSwarm,OkHttp-93618854,1,a1cf9924947649b59eb0c2d0796b9058,com.squareup.okhttp.internal.http.StreamAllocation,com.squareup.okhttp.internal.http.StreamAllocation_ESTest,8,0,False
257,BugSwarm,OkHttp-93618854,1,0bac6e55c6d44a4186beffa3297b335f,com.squareup.okhttp.internal.http.StreamAllocation,com.squareup.okhttp.internal.http.StreamAllocation_ESTest,9,0,False
258,BugSwarm,OkHttp-93618854,1,e8ac560e15e34ce0bfa189954454a9b4,com.squareup.okhttp.internal.http.StreamAllocation,com.squareup.okhttp.internal.http.StreamAllocation_ESTest,9,0,False
259,BugSwarm,OkHttp-93618854,1,195150f6ef0e472ca88ba131a0065295,com.squareup.okhttp.internal.http.StreamAllocation,com.squareup.okhttp.internal.http.StreamAllocation_ESTest,13,0,False
260,BugSwarm,OkHttp-93618854,1,1d41dd55e3354982ae5d0627a56221e4,com.squareup.okhttp.internal.http.StreamAllocation,com.squareup.okhttp.internal.http.StreamAllocation_ESTest,14,0,False
261,BugSwarm,OkHttp-93618854,1,545b31a4541e4bec9bb4096248697d36,com.squareup.okhttp.internal.http.StreamAllocation,com.squareup.okhttp.internal.http.StreamAllocation_ESTest,14,0,False
262,BugSwarm,OkHttp-93618854,1,bf66650972e942b6adce7fda56a7e6da,com.squareup.okhttp.internal.http.StreamAllocation,com.squareup.okhttp.internal.http.StreamAllocation_ESTest,8,0,False
263,BugSwarm,OkHttp-93618854,1,ecb7ee04301b421788d1ae8137fc7298,com.squareup.okhttp.internal.http.StreamAllocation,com.squareup.okhttp.internal.http.StreamAllocation_ESTest,13,0,False
264,BugSwarm,OkHttp-93618854,1,5fd4e0b715bf4034918d455c5f34eed8,com.squareup.okhttp.internal.http.StreamAllocation,com.squareup.okhttp.internal.http.StreamAllocation_ESTest,13,0,False
265,BugSwarm,OkHttp-93618854,1,b9241abe12a04f4d8cc253d6e8375ed2,com.squareup.okhttp.internal.http.StreamAllocation,com.squareup.okhttp.internal.http.StreamAllocation_ESTest,10,0,False
266,BugSwarm,OkHttp-93618854,1,8468645d20b447a39b73f851b818abdf,com.squareup.okhttp.internal.http.StreamAllocation,com.squareup.okhttp.internal.http.StreamAllocation_ESTest,9,0,False
267,BugSwarm,OkHttp-93618854,1,4352d7cbea564db980cbf0a2a5019783,com.squareup.okhttp.internal.http.StreamAllocation,com.squareup.okhttp.internal.http.StreamAllocation_ESTest,8,0,False
268,BugSwarm,Artemis__odb-71816517,0,b3e0cc6334bb4118936e1b6522b633ab,com.artemis.EntityEditPool,com.artemis.EntityEditPool_ESTest,8,0,False
269,BugSwarm,Artemis__odb-71816517,0,128ba218177f4e21b40fe0be21c1ed65,com.artemis.EntityEditPool,com.artemis.EntityEditPool_ESTest,10,0,False
270,BugSwarm,Artemis__odb-71816517,0,b6acebf5b7af442f8a70442765854ee6,com.artemis.EntityEditPool,com.artemis.EntityEditPool_ESTest,8,0,False
271,BugSwarm,Artemis__odb-71816517,0,126089acd8d9423f81fc8bc062c0154e,com.artemis.EntityEditPool,com.artemis.EntityEditPool_ESTest,8,0,False
272,BugSwarm,Artemis__odb-71816517,0,118ef96d0b66439da64534647f2b4838,com.artemis.EntityEditPool,com.artemis.EntityEditPool_ESTest,9,0,False
273,BugSwarm,Artemis__odb-71816517,0,a09e91a160124a02964c16a7c6bb714d,com.artemis.EntityEditPool,com.artemis.EntityEditPool_ESTest,8,0,False
274,BugSwarm,Artemis__odb-71816517,0,84e37ea354a54b0fbb8b9ec6fe3b1e6d,com.artemis.EntityEditPool,com.artemis.EntityEditPool_ESTest,9,0,False
275,BugSwarm,Artemis__odb-71816517,0,c6ae5d4c19574a23b814c3a77abd21ae,com.artemis.EntityEditPool,com.artemis.EntityEditPool_ESTest,8,0,False
276,BugSwarm,Artemis__odb-71816517,0,953a3407214b45dcbc19f7231048039e,com.artemis.EntityEditPool,com.artemis.EntityEditPool_ESTest,9,0,False
277,BugSwarm,Artemis__odb-71816517,0,74073d0d7b9e47ba9d7949feb45939a3,com.artemis.EntityEditPool,com.artemis.EntityEditPool_ESTest,7,0,False
278,BugSwarm,Artemis__odb-71816517,0,82596fe52746446e8d3d4ecf185c4353,com.artemis.EntityEditPool,com.artemis.EntityEditPool_ESTest,9,0,False
279,BugSwarm,Artemis__odb-71816517,0,963c1e142f644f4ab2e42d170a4973be,com.artemis.EntityEditPool,com.artemis.EntityEditPool_ESTest,9,0,False
280,BugSwarm,Artemis__odb-71816517,0,066e3fa0e7154cbdbae5784fd69e9809,com.artemis.EntityEditPool,com.artemis.EntityEditPool_ESTest,9,0,False
281,BugSwarm,Artemis__odb-71816517,0,a2a97a960f3f46b388d182b0b125f795,com.artemis.EntityEditPool,com.artemis.EntityEditPool_ESTest,8,0,False
282,BugSwarm,Artemis__odb-71816517,0,fad0b14db42b432a84c7e877f1d9a56c,com.artemis.EntityEditPool,com.artemis.EntityEditPool_ESTest,8,0,False
283,BugSwarm,Artemis__odb-71816517,0,95bf7c2d6d62412fa7f4431ccf51dcf7,com.artemis.EntityEditPool,com.artemis.EntityEditPool_ESTest,8,0,False
284,BugSwarm,Artemis__odb-71816517,0,f87e851ff472468eb3cb6a0baee72429,com.artemis.EntityEditPool,com.artemis.EntityEditPool_ESTest,8,0,False
285,BugSwarm,Artemis__odb-71816517,0,caf4ddcda7f84970bddf9a721a58656d,com.artemis.EntityEditPool,com.artemis.EntityEditPool_ESTest,9,0,False
286,BugSwarm,Artemis__odb-71816517,0,d6d8628e5356498bbb91becb7f942bd9,com.artemis.EntityEditPool,com.artemis.EntityEditPool_ESTest,8,0,False
287,BugSwarm,Artemis__odb-71816517,0,9f4bdd0202fc4f4da654d528c7faa084,com.artemis.EntityEditPool,com.artemis.EntityEditPool_ESTest,8,0,False
288,BugSwarm,ACS_AEM_Commons-374231969,0,6aae83d98a134c2e80369c920dbb2ae0,com.adobe.acs.commons.mcp.impl.processes.asset.UrlAssetImport,com.adobe.acs.commons.mcp.impl.processes.asset.UrlAssetImport_ESTest,9,0,False
289,BugSwarm,ACS_AEM_Commons-374231969,0,400a76090e3a47d7a7b5edd99b147061,com.adobe.acs.commons.mcp.impl.processes.asset.UrlAssetImport,com.adobe.acs.commons.mcp.impl.processes.asset.UrlAssetImport_ESTest,5,0,False
290,BugSwarm,ACS_AEM_Commons-374231969,0,fceb5733ca6448189a43019480fc4772,com.adobe.acs.commons.mcp.impl.processes.asset.UrlAssetImport,com.adobe.acs.commons.mcp.impl.processes.asset.UrlAssetImport_ESTest,5,0,False
291,BugSwarm,ACS_AEM_Commons-374231969,0,5f772d7506a94944b927be5ede0150e2,com.adobe.acs.commons.mcp.impl.processes.asset.UrlAssetImport,com.adobe.acs.commons.mcp.impl.processes.asset.UrlAssetImport_ESTest,3,0,False
292,BugSwarm,ACS_AEM_Commons-374231969,0,2e263eaa0b044e83abf6770df9d992dd,com.adobe.acs.commons.mcp.impl.processes.asset.UrlAssetImport,com.adobe.acs.commons.mcp.impl.processes.asset.UrlAssetImport_ESTest,3,0,False
293,BugSwarm,ACS_AEM_Commons-374231969,0,57056571b5514235a40c7e79aa3f5433,com.adobe.acs.commons.mcp.impl.processes.asset.UrlAssetImport,com.adobe.acs.commons.mcp.impl.processes.asset.UrlAssetImport_ESTest,5,0,False
294,BugSwarm,ACS_AEM_Commons-374231969,0,59b825d6c7f745889ea6b10e6629a997,com.adobe.acs.commons.mcp.impl.processes.asset.UrlAssetImport,com.adobe.acs.commons.mcp.impl.processes.asset.UrlAssetImport_ESTest,3,0,False
295,BugSwarm,ACS_AEM_Commons-374231969,0,1ca8e21408ce41559ef891eaec9c81a8,com.adobe.acs.commons.mcp.impl.processes.asset.UrlAssetImport,com.adobe.acs.commons.mcp.impl.processes.asset.UrlAssetImport_ESTest,3,0,False
296,BugSwarm,ACS_AEM_Commons-374231969,0,fd772ab147334395bc29ff6c305b67a6,com.adobe.acs.commons.mcp.impl.processes.asset.UrlAssetImport,com.adobe.acs.commons.mcp.impl.processes.asset.UrlAssetImport_ESTest,3,0,False
297,BugSwarm,ACS_AEM_Commons-374231969,0,02bc7ac0e324417faf43ce1a30bcabe4,com.adobe.acs.commons.mcp.impl.processes.asset.UrlAssetImport,com.adobe.acs.commons.mcp.impl.processes.asset.UrlAssetImport_ESTest,7,0,False
298,BugSwarm,ACS_AEM_Commons-374231969,0,f9e7f7d6bb5c4c1fbc101013b2c48957,com.adobe.acs.commons.mcp.impl.processes.asset.UrlAssetImport,com.adobe.acs.commons.mcp.impl.processes.asset.UrlAssetImport_ESTest,7,0,False
299,BugSwarm,ACS_AEM_Commons-374231969,0,8961530ed2234a89ac4483c67af5b65e,com.adobe.acs.commons.mcp.impl.processes.asset.UrlAssetImport,com.adobe.acs.commons.mcp.impl.processes.asset.UrlAssetImport_ESTest,6,0,False
300,BugSwarm,ACS_AEM_Commons-374231969,0,a164306fbe1841b2bdf315f36816f3ab,com.adobe.acs.commons.mcp.impl.processes.asset.UrlAssetImport,com.adobe.acs.commons.mcp.impl.processes.asset.UrlAssetImport_ESTest,5,0,False
301,BugSwarm,ACS_AEM_Commons-374231969,0,eec5bd9ab488477ba457aa72f2410843,com.adobe.acs.commons.mcp.impl.processes.asset.UrlAssetImport,com.adobe.acs.commons.mcp.impl.processes.asset.UrlAssetImport_ESTest,5,0,False
302,BugSwarm,ACS_AEM_Commons-374231969,0,4d807b74d7094b2fb8e6d8afc863df71,com.adobe.acs.commons.mcp.impl.processes.asset.UrlAssetImport,com.adobe.acs.commons.mcp.impl.processes.asset.UrlAssetImport_ESTest,3,0,False
303,BugSwarm,ACS_AEM_Commons-374231969,0,b9562639e3a14106967b0419747dcdb5,com.adobe.acs.commons.mcp.impl.processes.asset.UrlAssetImport,com.adobe.acs.commons.mcp.impl.processes.asset.UrlAssetImport_ESTest,5,0,False
304,BugSwarm,ACS_AEM_Commons-374231969,0,b4a95dba59fa4cd9855316535f7d811b,com.adobe.acs.commons.mcp.impl.processes.asset.UrlAssetImport,com.adobe.acs.commons.mcp.impl.processes.asset.UrlAssetImport_ESTest,5,0,False
305,BugSwarm,ACS_AEM_Commons-374231969,0,19c275191c0b4715b20cf8c35e731239,com.adobe.acs.commons.mcp.impl.processes.asset.UrlAssetImport,com.adobe.acs.commons.mcp.impl.processes.asset.UrlAssetImport_ESTest,4,0,False
306,BugSwarm,ACS_AEM_Commons-374231969,0,ee42da4cff284fd5acbb3d26c77e99ea,com.adobe.acs.commons.mcp.impl.processes.asset.UrlAssetImport,com.adobe.acs.commons.mcp.impl.processes.asset.UrlAssetImport_ESTest,6,0,False
307,BugSwarm,ACS_AEM_Commons-374231969,0,b37711519fcb4f3598644cd6e907d717,com.adobe.acs.commons.mcp.impl.processes.asset.UrlAssetImport,com.adobe.acs.commons.mcp.impl.processes.asset.UrlAssetImport_ESTest,6,0,False
308,BugSwarm,BungeeCord-130330788,0,1b2cdcd78d164e01acb236a59c53344d,net.md_5.bungee.ConnectionThrottle,net.md_5.bungee.ConnectionThrottle_ESTest,0,0,False
309,BugSwarm,BungeeCord-130330788,0,e2617297f9854506b768ede4b17ff645,net.md_5.bungee.ConnectionThrottle,net.md_5.bungee.ConnectionThrottle_ESTest,0,0,False
310,BugSwarm,BungeeCord-130330788,0,fa3f8116856746d8a24630cdefcf0c43,net.md_5.bungee.ConnectionThrottle,net.md_5.bungee.ConnectionThrottle_ESTest,0,0,False
311,BugSwarm,BungeeCord-130330788,0,a61c174da5cf4bcfac5893c67084a5b4,net.md_5.bungee.ConnectionThrottle,net.md_5.bungee.ConnectionThrottle_ESTest,0,0,False
312,BugSwarm,BungeeCord-130330788,0,6a45bb4b975d43b498e4cf6af6ddc7fb,net.md_5.bungee.ConnectionThrottle,net.md_5.bungee.ConnectionThrottle_ESTest,0,0,False
313,BugSwarm,BungeeCord-130330788,0,eaaebf6e83df4481946ce2947d5c1a90,net.md_5.bungee.ConnectionThrottle,net.md_5.bungee.ConnectionThrottle_ESTest,0,0,False
314,BugSwarm,BungeeCord-130330788,0,ce7e092eff464d9f891d521720463560,net.md_5.bungee.ConnectionThrottle,net.md_5.bungee.ConnectionThrottle_ESTest,0,0,False
315,BugSwarm,BungeeCord-130330788,0,d3e8df6485f44d58a55d972691cb1d00,net.md_5.bungee.ConnectionThrottle,net.md_5.bungee.ConnectionThrottle_ESTest,0,0,False
316,BugSwarm,BungeeCord-130330788,0,9c74f1a101484200b1c7662bf696bcfa,net.md_5.bungee.ConnectionThrottle,net.md_5.bungee.ConnectionThrottle_ESTest,0,0,False
317,BugSwarm,BungeeCord-130330788,0,a6c9e14a2e0f4ee8aa38553a6da83ade,net.md_5.bungee.ConnectionThrottle,net.md_5.bungee.ConnectionThrottle_ESTest,0,0,False
318,BugSwarm,BungeeCord-130330788,0,66a40adb95e645dd96346140b1811194,net.md_5.bungee.ConnectionThrottle,net.md_5.bungee.ConnectionThrottle_ESTest,0,0,False
319,BugSwarm,BungeeCord-130330788,0,d7b089e1de514bb2941f33c72b529581,net.md_5.bungee.ConnectionThrottle,net.md_5.bungee.ConnectionThrottle_ESTest,0,0,False
320,BugSwarm,BungeeCord-130330788,0,7e2d8171465a486a84b9c66e0152f11e,net.md_5.bungee.ConnectionThrottle,net.md_5.bungee.ConnectionThrottle_ESTest,0,0,False
321,BugSwarm,BungeeCord-130330788,0,752749ea725043b1b9530dc09f144139,net.md_5.bungee.ConnectionThrottle,net.md_5.bungee.ConnectionThrottle_ESTest,0,0,False
322,BugSwarm,BungeeCord-130330788,0,bac18f3e4e7e49a6ad3f9cec5ac65a3c,net.md_5.bungee.ConnectionThrottle,net.md_5.bungee.ConnectionThrottle_ESTest,0,0,False
323,BugSwarm,BungeeCord-130330788,0,08f902e94a864037bff179b7c08cb957,net.md_5.bungee.ConnectionThrottle,net.md_5.bungee.ConnectionThrottle_ESTest,0,0,False
324,BugSwarm,BungeeCord-130330788,0,2eac26dcc8e3497fbb3ba0aa2a77ca23,net.md_5.bungee.ConnectionThrottle,net.md_5.bungee.ConnectionThrottle_ESTest,0,0,False
325,BugSwarm,BungeeCord-130330788,0,895446a24567489d84f766325dcd1980,net.md_5.bungee.ConnectionThrottle,net.md_5.bungee.ConnectionThrottle_ESTest,0,0,False
326,BugSwarm,BungeeCord-130330788,0,ae692cc183414263b4f9b00dc04fc23d,net.md_5.bungee.ConnectionThrottle,net.md_5.bungee.ConnectionThrottle_ESTest,0,0,False
327,BugSwarm,BungeeCord-130330788,0,4507d18b94eb42dbbecb6c2d63260546,net.md_5.bungee.ConnectionThrottle,net.md_5.bungee.ConnectionThrottle_ESTest,0,0,False
328,BugSwarm,Yamcs-186324159,0,faae86646b7942b8bc43bc351a0fec83,org.yamcs.xtce.SpreadsheetLoader,org.yamcs.xtce.SpreadsheetLoader_ESTest,23,0,False
329,BugSwarm,Yamcs-186324159,0,e56d49ad151f49d09cd3ccd23dd383b1,org.yamcs.xtce.SpreadsheetLoader,org.yamcs.xtce.SpreadsheetLoader_ESTest,24,0,False
330,BugSwarm,Yamcs-186324159,0,6a5a0d09a85a4e6187a00ef20948b82f,org.yamcs.xtce.SpreadsheetLoader,org.yamcs.xtce.SpreadsheetLoader_ESTest,22,0,False
331,BugSwarm,Yamcs-186324159,0,84bdc7f533f045daa66dad1d68179b63,org.yamcs.xtce.SpreadsheetLoader,org.yamcs.xtce.SpreadsheetLoader_ESTest,23,0,False
332,BugSwarm,Yamcs-186324159,0,02d43bf5be4248679719f8d295937667,org.yamcs.xtce.SpreadsheetLoader,org.yamcs.xtce.SpreadsheetLoader_ESTest,23,0,False
333,BugSwarm,Yamcs-186324159,0,b2cce7fddd1446c49cd617536275fdc6,org.yamcs.xtce.SpreadsheetLoader,org.yamcs.xtce.SpreadsheetLoader_ESTest,20,0,False
334,BugSwarm,Yamcs-186324159,0,4ebf56239b1a458891d304eb1dae778b,org.yamcs.xtce.SpreadsheetLoader,org.yamcs.xtce.SpreadsheetLoader_ESTest,22,0,False
335,BugSwarm,Yamcs-186324159,0,c776575d117c4c63b46d874b9793f8a2,org.yamcs.xtce.SpreadsheetLoader,org.yamcs.xtce.SpreadsheetLoader_ESTest,24,0,False
336,BugSwarm,Yamcs-186324159,0,6a2545d7207a436398ff8ac97d2ba398,org.yamcs.xtce.SpreadsheetLoader,org.yamcs.xtce.SpreadsheetLoader_ESTest,24,0,False
337,BugSwarm,Yamcs-186324159,0,154e544f96de4b23b6aa2eb0fbba3613,org.yamcs.xtce.SpreadsheetLoader,org.yamcs.xtce.SpreadsheetLoader_ESTest,24,0,False
338,BugSwarm,Yamcs-186324159,0,8aa3199cd47746bdb360d02f23497272,org.yamcs.xtce.SpreadsheetLoader,org.yamcs.xtce.SpreadsheetLoader_ESTest,23,0,False
339,BugSwarm,Yamcs-186324159,0,2458fbeb5d194f009dfc884a0ea574a2,org.yamcs.xtce.SpreadsheetLoader,org.yamcs.xtce.SpreadsheetLoader_ESTest,23,0,False
340,BugSwarm,Yamcs-186324159,0,fb09182a45644d69b29a87fd01654573,org.yamcs.xtce.SpreadsheetLoader,org.yamcs.xtce.SpreadsheetLoader_ESTest,23,0,False
341,BugSwarm,Yamcs-186324159,0,1cbc1684065046eb91445fd1dc2b5cb6,org.yamcs.xtce.SpreadsheetLoader,org.yamcs.xtce.SpreadsheetLoader_ESTest,24,0,False
342,BugSwarm,Yamcs-186324159,0,22c8e46d593047b4af92380c1859a31f,org.yamcs.xtce.SpreadsheetLoader,org.yamcs.xtce.SpreadsheetLoader_ESTest,23,0,False
343,BugSwarm,Yamcs-186324159,0,da36fd82db1e4af48b413230ac3b701a,org.yamcs.xtce.SpreadsheetLoader,org.yamcs.xtce.SpreadsheetLoader_ESTest,23,0,False
344,BugSwarm,Yamcs-186324159,0,bb499a94199d410c9fab491087f7d8f6,org.yamcs.xtce.SpreadsheetLoader,org.yamcs.xtce.SpreadsheetLoader_ESTest,22,0,False
345,BugSwarm,Yamcs-186324159,0,fcbfd55d1996469e8023b4f00c939d39,org.yamcs.xtce.SpreadsheetLoader,org.yamcs.xtce.SpreadsheetLoader_ESTest,23,0,False
346,BugSwarm,Yamcs-186324159,0,5d1c850798984e1ca9a67cd79b605a75,org.yamcs.xtce.SpreadsheetLoader,org.yamcs.xtce.SpreadsheetLoader_ESTest,23,0,False
347,BugSwarm,Yamcs-186324159,0,c75b743338d04c8697a5e7145cde02e8,org.yamcs.xtce.SpreadsheetLoader,org.yamcs.xtce.SpreadsheetLoader_ESTest,24,0,False
348,BugSwarm,REST_Countries-207869551,0,47cfac556c5a4dd2962353ef25e2dfae,fayder.restcountries.rest.CountryServiceHelper,fayder.restcountries.rest.CountryServiceHelper_ESTest,24,0,False
349,BugSwarm,REST_Countries-207869551,0,3b5938d46b934e8db0a36a2659d987db,fayder.restcountries.rest.CountryServiceHelper,fayder.restcountries.rest.CountryServiceHelper_ESTest,26,0,False
350,BugSwarm,REST_Countries-207869551,0,20b49ae1693844b2ba790031259b5f39,fayder.restcountries.rest.CountryServiceHelper,fayder.restcountries.rest.CountryServiceHelper_ESTest,25,0,False
351,BugSwarm,REST_Countries-207869551,0,6499c619533a48918c50706ee82ce267,fayder.restcountries.rest.CountryServiceHelper,fayder.restcountries.rest.CountryServiceHelper_ESTest,26,0,False
352,BugSwarm,REST_Countries-207869551,0,7c75f3d50a2c47eeb0fba9eef997d492,fayder.restcountries.rest.CountryServiceHelper,fayder.restcountries.rest.CountryServiceHelper_ESTest,26,0,False
353,BugSwarm,REST_Countries-207869551,0,33172feaa7ac4386befafd30a1c7aaac,fayder.restcountries.rest.CountryServiceHelper,fayder.restcountries.rest.CountryServiceHelper_ESTest,26,0,False
354,BugSwarm,REST_Countries-207869551,0,f786bf65a3874159b3317093769e372e,fayder.restcountries.rest.CountryServiceHelper,fayder.restcountries.rest.CountryServiceHelper_ESTest,26,0,False
355,BugSwarm,REST_Countries-207869551,0,0828ba8621aa4d5b929d39c513626718,fayder.restcountries.rest.CountryServiceHelper,fayder.restcountries.rest.CountryServiceHelper_ESTest,24,0,False
356,BugSwarm,REST_Countries-207869551,0,daf3b124a53a4330a39da464fbea0aaf,fayder.restcountries.rest.CountryServiceHelper,fayder.restcountries.rest.CountryServiceHelper_ESTest,26,0,False
357,BugSwarm,REST_Countries-207869551,0,8260b2c5b4804debbf5ac896e4bb5b0c,fayder.restcountries.rest.CountryServiceHelper,fayder.restcountries.rest.CountryServiceHelper_ESTest,25,0,False
358,BugSwarm,REST_Countries-207869551,0,508452801c8a4e01aafcd5170dbf21ab,fayder.restcountries.rest.CountryServiceHelper,fayder.restcountries.rest.CountryServiceHelper_ESTest,25,0,False
359,BugSwarm,REST_Countries-207869551,0,600d99c9e5b84734bfb4868067450ee6,fayder.restcountries.rest.CountryServiceHelper,fayder.restcountries.rest.CountryServiceHelper_ESTest,25,0,False
360,BugSwarm,REST_Countries-207869551,0,ea74ce85c0ce4a94afe436ed688b42f3,fayder.restcountries.rest.CountryServiceHelper,fayder.restcountries.rest.CountryServiceHelper_ESTest,24,0,False
361,BugSwarm,REST_Countries-207869551,0,945bc305a3d9422e9af9e0aa5530c7e7,fayder.restcountries.rest.CountryServiceHelper,fayder.restcountries.rest.CountryServiceHelper_ESTest,27,0,False
362,BugSwarm,REST_Countries-207869551,0,50bf2e83c46847e2b951e32adcb381dc,fayder.restcountries.rest.CountryServiceHelper,fayder.restcountries.rest.CountryServiceHelper_ESTest,25,0,False
363,BugSwarm,REST_Countries-207869551,0,9048442ade1c413395a5ad8880f35fc8,fayder.restcountries.rest.CountryServiceHelper,fayder.restcountries.rest.CountryServiceHelper_ESTest,25,0,False
364,BugSwarm,REST_Countries-207869551,0,7e54e007f751490e8d97ede5ad65cc88,fayder.restcountries.rest.CountryServiceHelper,fayder.restcountries.rest.CountryServiceHelper_ESTest,25,0,False
365,BugSwarm,REST_Countries-207869551,0,de84e927288849d8a0e974978d653fd1,fayder.restcountries.rest.CountryServiceHelper,fayder.restcountries.rest.CountryServiceHelper_ESTest,25,0,False
366,BugSwarm,REST_Countries-207869551,0,ea73ef7cf24e4355aa8234ab6c6ff797,fayder.restcountries.rest.CountryServiceHelper,fayder.restcountries.rest.CountryServiceHelper_ESTest,25,0,False
367,BugSwarm,REST_Countries-207869551,0,4316217ae1d344fb836cc5e36681f38a,fayder.restcountries.rest.CountryServiceHelper,fayder.restcountries.rest.CountryServiceHelper_ESTest,24,0,False
368,BugSwarm,Dubbo-416671625,0,928e1035a8d14a368b804f95a2b7a572,org.apache.dubbo.rpc.protocol.hessian.HttpClientConnectionFactory,org.apache.dubbo.rpc.protocol.hessian.HttpClientConnectionFactory_ESTest,1,0,False
369,BugSwarm,Dubbo-416671625,0,3da57f52e8ab49148de520586b5e3fec,org.apache.dubbo.rpc.protocol.hessian.HttpClientConnectionFactory,org.apache.dubbo.rpc.protocol.hessian.HttpClientConnectionFactory_ESTest,1,0,False
370,BugSwarm,Dubbo-416671625,0,d7e652fc899c4bbcbc983f06c17555c2,org.apache.dubbo.rpc.protocol.hessian.HttpClientConnectionFactory,org.apache.dubbo.rpc.protocol.hessian.HttpClientConnectionFactory_ESTest,1,0,False
371,BugSwarm,Dubbo-416671625,0,e03857d169fb441e80776c3cda761c8c,org.apache.dubbo.rpc.protocol.hessian.HttpClientConnectionFactory,org.apache.dubbo.rpc.protocol.hessian.HttpClientConnectionFactory_ESTest,1,0,False
372,BugSwarm,Dubbo-416671625,0,b81245b3c75146c28fd401d09b486eac,org.apache.dubbo.rpc.protocol.hessian.HttpClientConnectionFactory,org.apache.dubbo.rpc.protocol.hessian.HttpClientConnectionFactory_ESTest,1,0,False
373,BugSwarm,Dubbo-416671625,0,6e5b8cfb2b7f436dafdf63db9dd94f48,org.apache.dubbo.rpc.protocol.hessian.HttpClientConnectionFactory,org.apache.dubbo.rpc.protocol.hessian.HttpClientConnectionFactory_ESTest,1,0,False
374,BugSwarm,Dubbo-416671625,0,a60fef41ccbc409994769d2f55ccf73c,org.apache.dubbo.rpc.protocol.hessian.HttpClientConnectionFactory,org.apache.dubbo.rpc.protocol.hessian.HttpClientConnectionFactory_ESTest,1,0,False
375,BugSwarm,Dubbo-416671625,0,25d41fd7b004449dbe84161b3b4bb1c2,org.apache.dubbo.rpc.protocol.hessian.HttpClientConnectionFactory,org.apache.dubbo.rpc.protocol.hessian.HttpClientConnectionFactory_ESTest,1,0,False
376,BugSwarm,Dubbo-416671625,0,47c0c7d7259e4cc3a3aaf9d3d2519f58,org.apache.dubbo.rpc.protocol.hessian.HttpClientConnectionFactory,org.apache.dubbo.rpc.protocol.hessian.HttpClientConnectionFactory_ESTest,1,0,False
377,BugSwarm,Dubbo-416671625,0,8ec92dced8244a5fac6f8105bdf1fae3,org.apache.dubbo.rpc.protocol.hessian.HttpClientConnectionFactory,org.apache.dubbo.rpc.protocol.hessian.HttpClientConnectionFactory_ESTest,1,0,False
378,BugSwarm,Dubbo-416671625,0,9bea8daf593d48f8abaaef348f93c610,org.apache.dubbo.rpc.protocol.hessian.HttpClientConnectionFactory,org.apache.dubbo.rpc.protocol.hessian.HttpClientConnectionFactory_ESTest,1,0,False
379,BugSwarm,Dubbo-416671625,0,6b36178b807841488cc5819f3d58bcfa,org.apache.dubbo.rpc.protocol.hessian.HttpClientConnectionFactory,org.apache.dubbo.rpc.protocol.hessian.HttpClientConnectionFactory_ESTest,1,0,False
380,BugSwarm,Dubbo-416671625,0,9f20bb1abf6243d5a12884926677a5dd,org.apache.dubbo.rpc.protocol.hessian.HttpClientConnectionFactory,org.apache.dubbo.rpc.protocol.hessian.HttpClientConnectionFactory_ESTest,1,0,False
381,BugSwarm,Dubbo-416671625,0,659088f6a499483e99efe73cee789919,org.apache.dubbo.rpc.protocol.hessian.HttpClientConnectionFactory,org.apache.dubbo.rpc.protocol.hessian.HttpClientConnectionFactory_ESTest,1,0,False
382,BugSwarm,Dubbo-416671625,0,1063e8526e744200b7541572d3bcbc44,org.apache.dubbo.rpc.protocol.hessian.HttpClientConnectionFactory,org.apache.dubbo.rpc.protocol.hessian.HttpClientConnectionFactory_ESTest,1,0,False
383,BugSwarm,Dubbo-416671625,0,1eed3aefec8242e09e7998e33cd99bcb,org.apache.dubbo.rpc.protocol.hessian.HttpClientConnectionFactory,org.apache.dubbo.rpc.protocol.hessian.HttpClientConnectionFactory_ESTest,1,0,False
384,BugSwarm,Dubbo-416671625,0,270831daa78547dda014ec575888eeb2,org.apache.dubbo.rpc.protocol.hessian.HttpClientConnectionFactory,org.apache.dubbo.rpc.protocol.hessian.HttpClientConnectionFactory_ESTest,1,0,False
385,BugSwarm,Dubbo-416671625,0,60518f0d63f6435f8f5f24f41822ec66,org.apache.dubbo.rpc.protocol.hessian.HttpClientConnectionFactory,org.apache.dubbo.rpc.protocol.hessian.HttpClientConnectionFactory_ESTest,1,0,False
386,BugSwarm,Dubbo-416671625,0,ae053536fd524be0aba8a3e9c6636abf,org.apache.dubbo.rpc.protocol.hessian.HttpClientConnectionFactory,org.apache.dubbo.rpc.protocol.hessian.HttpClientConnectionFactory_ESTest,1,0,False
387,BugSwarm,Dubbo-416671625,0,c908c07e92dc4079b3ecc029fc2c2dea,org.apache.dubbo.rpc.protocol.hessian.HttpClientConnectionFactory,org.apache.dubbo.rpc.protocol.hessian.HttpClientConnectionFactory_ESTest,1,0,False
388,BugSwarm,Universal_G__Code_Sender-676666184,0,bafbb682eb124220a2c885a91ef577e5,com.willwinder.universalgcodesender.utils.GcodeStreamReader,com.willwinder.universalgcodesender.utils.GcodeStreamReader_ESTest,1,0,False
389,BugSwarm,Universal_G__Code_Sender-676666184,0,66e65c8daae74de9b973634388b2a3b4,com.willwinder.universalgcodesender.utils.GcodeStreamReader,com.willwinder.universalgcodesender.utils.GcodeStreamReader_ESTest,1,0,False
390,BugSwarm,Universal_G__Code_Sender-676666184,0,f4f9cb3fa69443caa5b2d1cb98f1ea30,com.willwinder.universalgcodesender.utils.GcodeStreamReader,com.willwinder.universalgcodesender.utils.GcodeStreamReader_ESTest,1,0,False
391,BugSwarm,Universal_G__Code_Sender-676666184,0,fd9c6db0560e4dd4826c603222cd2079,com.willwinder.universalgcodesender.utils.GcodeStreamReader,com.willwinder.universalgcodesender.utils.GcodeStreamReader_ESTest,1,0,False
392,BugSwarm,Universal_G__Code_Sender-676666184,0,c2103a0d9225427e8dcf78348dca482a,com.willwinder.universalgcodesender.utils.GcodeStreamReader,com.willwinder.universalgcodesender.utils.GcodeStreamReader_ESTest,1,0,False
393,BugSwarm,Universal_G__Code_Sender-676666184,0,a14edf02604f44d090efc08bbe0c4c02,com.willwinder.universalgcodesender.utils.GcodeStreamReader,com.willwinder.universalgcodesender.utils.GcodeStreamReader_ESTest,1,0,False
394,BugSwarm,Universal_G__Code_Sender-676666184,0,22f418fe768d4c7daf1369decdaa72d5,com.willwinder.universalgcodesender.utils.GcodeStreamReader,com.willwinder.universalgcodesender.utils.GcodeStreamReader_ESTest,1,0,False
395,BugSwarm,Universal_G__Code_Sender-676666184,0,91cca3b0f62e41149eb6b25d54b2a27c,com.willwinder.universalgcodesender.utils.GcodeStreamReader,com.willwinder.universalgcodesender.utils.GcodeStreamReader_ESTest,1,0,False
396,BugSwarm,Universal_G__Code_Sender-676666184,0,9a2c8c202d8c4e52a02a1209c5247023,com.willwinder.universalgcodesender.utils.GcodeStreamReader,com.willwinder.universalgcodesender.utils.GcodeStreamReader_ESTest,1,0,False
397,BugSwarm,Universal_G__Code_Sender-676666184,0,86489ae19bd74e2cb345301c28e81580,com.willwinder.universalgcodesender.utils.GcodeStreamReader,com.willwinder.universalgcodesender.utils.GcodeStreamReader_ESTest,1,0,False
398,BugSwarm,Universal_G__Code_Sender-676666184,0,8e379cb22fb6432595fd87b4b2d005bd,com.willwinder.universalgcodesender.utils.GcodeStreamReader,com.willwinder.universalgcodesender.utils.GcodeStreamReader_ESTest,1,0,False
399,BugSwarm,Universal_G__Code_Sender-676666184,0,6324b50b8dd1430c876e6c9f0ec78724,com.willwinder.universalgcodesender.utils.GcodeStreamReader,com.willwinder.universalgcodesender.utils.GcodeStreamReader_ESTest,1,0,False
400,BugSwarm,Universal_G__Code_Sender-676666184,0,55d777fba84e414fa1a89a6309361bcf,com.willwinder.universalgcodesender.utils.GcodeStreamReader,com.willwinder.universalgcodesender.utils.GcodeStreamReader_ESTest,1,0,False
401,BugSwarm,Universal_G__Code_Sender-676666184,0,6d4d895c6fb34477bd8a9eeed790a255,com.willwinder.universalgcodesender.utils.GcodeStreamReader,com.willwinder.universalgcodesender.utils.GcodeStreamReader_ESTest,1,0,False
402,BugSwarm,Universal_G__Code_Sender-676666184,0,84a58751402a4774891f846779032cc0,com.willwinder.universalgcodesender.utils.GcodeStreamReader,com.willwinder.universalgcodesender.utils.GcodeStreamReader_ESTest,1,0,False
403,BugSwarm,Universal_G__Code_Sender-676666184,0,1f9f994aadd34bdfa4af2557764e932b,com.willwinder.universalgcodesender.utils.GcodeStreamReader,com.willwinder.universalgcodesender.utils.GcodeStreamReader_ESTest,1,0,False
404,BugSwarm,Universal_G__Code_Sender-676666184,0,086c43e459514396b5cb5237aa45ccde,com.willwinder.universalgcodesender.utils.GcodeStreamReader,com.willwinder.universalgcodesender.utils.GcodeStreamReader_ESTest,2,0,False
405,BugSwarm,Universal_G__Code_Sender-676666184,0,a7f054c8c1314a268b2997047031c5f3,com.willwinder.universalgcodesender.utils.GcodeStreamReader,com.willwinder.universalgcodesender.utils.GcodeStreamReader_ESTest,1,0,False
406,BugSwarm,Universal_G__Code_Sender-676666184,0,13f3a8054a234fbdab72472c34c94729,com.willwinder.universalgcodesender.utils.GcodeStreamReader,com.willwinder.universalgcodesender.utils.GcodeStreamReader_ESTest,1,0,False
407,BugSwarm,Universal_G__Code_Sender-676666184,0,237465a9a06a40b88d55b71f5a43f7e9,com.willwinder.universalgcodesender.utils.GcodeStreamReader,com.willwinder.universalgcodesender.utils.GcodeStreamReader_ESTest,1,0,False
408,BugSwarm,GraphHopper-210124629,0,3b1f2e74f1d842cc935a9aaa66991139,com.graphhopper.routing.util.DataFlagEncoder,com.graphhopper.routing.util.DataFlagEncoder_ESTest,75,0,False
409,BugSwarm,GraphHopper-210124629,0,78efa428787f4ababa7def0646b10adf,com.graphhopper.routing.util.DataFlagEncoder,com.graphhopper.routing.util.DataFlagEncoder_ESTest,75,0,False
410,BugSwarm,GraphHopper-210124629,0,af62d15fc589453b966efc3a40a20b15,com.graphhopper.routing.util.DataFlagEncoder,com.graphhopper.routing.util.DataFlagEncoder_ESTest,75,0,False
411,BugSwarm,GraphHopper-210124629,0,68a11d46623244209f2b67440b94f97f,com.graphhopper.routing.util.DataFlagEncoder,com.graphhopper.routing.util.DataFlagEncoder_ESTest,76,0,False
412,BugSwarm,GraphHopper-210124629,0,368c0c0e8048420e804a4ca5cbe9d8c8,com.graphhopper.routing.util.DataFlagEncoder,com.graphhopper.routing.util.DataFlagEncoder_ESTest,79,0,False
413,BugSwarm,GraphHopper-210124629,0,0539e476f59d41a8b55a03210ac77a14,com.graphhopper.routing.util.DataFlagEncoder,com.graphhopper.routing.util.DataFlagEncoder_ESTest,77,0,False
414,BugSwarm,GraphHopper-210124629,0,d328faa372de42de9dabe7ebb69baa5b,com.graphhopper.routing.util.DataFlagEncoder,com.graphhopper.routing.util.DataFlagEncoder_ESTest,76,0,False
415,BugSwarm,GraphHopper-210124629,0,0be93226b7d64152b349fe1526b0c226,com.graphhopper.routing.util.DataFlagEncoder,com.graphhopper.routing.util.DataFlagEncoder_ESTest,74,0,False
416,BugSwarm,GraphHopper-210124629,0,b08f842181804515a1ebcb573e7b5ee2,com.graphhopper.routing.util.DataFlagEncoder,com.graphhopper.routing.util.DataFlagEncoder_ESTest,75,0,False
417,BugSwarm,GraphHopper-210124629,0,2cd4e7353498468898d4c1df1f2b49e0,com.graphhopper.routing.util.DataFlagEncoder,com.graphhopper.routing.util.DataFlagEncoder_ESTest,73,0,False
418,BugSwarm,GraphHopper-210124629,0,19a843196c7c48fc93ba74914994c75b,com.graphhopper.routing.util.DataFlagEncoder,com.graphhopper.routing.util.DataFlagEncoder_ESTest,76,0,False
419,BugSwarm,GraphHopper-210124629,0,6a3a734c0f9244ee8185c2fed9616a46,com.graphhopper.routing.util.DataFlagEncoder,com.graphhopper.routing.util.DataFlagEncoder_ESTest,75,0,False
420,BugSwarm,GraphHopper-210124629,0,11bd69ad47164a66a63ed24193e441d5,com.graphhopper.routing.util.DataFlagEncoder,com.graphhopper.routing.util.DataFlagEncoder_ESTest,75,0,False
421,BugSwarm,GraphHopper-210124629,0,455c0fc31dc744ad9d324194b09b84ee,com.graphhopper.routing.util.DataFlagEncoder,com.graphhopper.routing.util.DataFlagEncoder_ESTest,78,0,False
422,BugSwarm,GraphHopper-210124629,0,2fdb301e7c48482ebb9ac104ffbed9d9,com.graphhopper.routing.util.DataFlagEncoder,com.graphhopper.routing.util.DataFlagEncoder_ESTest,74,0,False
423,BugSwarm,GraphHopper-210124629,0,e208a11b5aca4c3f8e4dafcb632eece4,com.graphhopper.routing.util.DataFlagEncoder,com.graphhopper.routing.util.DataFlagEncoder_ESTest,77,0,False
424,BugSwarm,GraphHopper-210124629,0,f158ceaef96e46f9a827853b73a028b0,com.graphhopper.routing.util.DataFlagEncoder,com.graphhopper.routing.util.DataFlagEncoder_ESTest,75,0,False
425,BugSwarm,GraphHopper-210124629,0,d485df9ddd3145149f813b467af9c8d8,com.graphhopper.routing.util.DataFlagEncoder,com.graphhopper.routing.util.DataFlagEncoder_ESTest,74,0,False
426,BugSwarm,GraphHopper-210124629,0,83fda284c6184d3697aaef88d5bd7b1a,com.graphhopper.routing.util.DataFlagEncoder,com.graphhopper.routing.util.DataFlagEncoder_ESTest,77,0,False
427,BugSwarm,GraphHopper-210124629,0,8b4ff4b1c1a9439b9fd46eefacbb88c3,com.graphhopper.routing.util.DataFlagEncoder,com.graphhopper.routing.util.DataFlagEncoder_ESTest,75,0,False
428,BugSwarm,REST_Countries-154683750,0,2b20eb6ce3f6423d93cb5808e78f9db9,fayder.restcountries.v1.rest.CountryService,fayder.restcountries.v1.rest.CountryService_ESTest,15,0,False
429,BugSwarm,REST_Countries-154683750,0,7cbeb6d1992f4e9d8b77356acde797c3,fayder.restcountries.v1.rest.CountryService,fayder.restcountries.v1.rest.CountryService_ESTest,14,0,False
430,BugSwarm,REST_Countries-154683750,0,5e83626c4a9543bf973a98c3a83c9ba3,fayder.restcountries.v1.rest.CountryService,fayder.restcountries.v1.rest.CountryService_ESTest,13,0,False
431,BugSwarm,REST_Countries-154683750,0,3ecf7143bbe04ba4bf375d273461b04d,fayder.restcountries.v1.rest.CountryService,fayder.restcountries.v1.rest.CountryService_ESTest,14,0,False
432,BugSwarm,REST_Countries-154683750,0,b0891ecac8824ae0a6a5db5ae01e7264,fayder.restcountries.v1.rest.CountryService,fayder.restcountries.v1.rest.CountryService_ESTest,13,0,False
433,BugSwarm,REST_Countries-154683750,0,b80e49fc513b4447bebff669ccbcf1fe,fayder.restcountries.v1.rest.CountryService,fayder.restcountries.v1.rest.CountryService_ESTest,13,0,False
434,BugSwarm,REST_Countries-154683750,0,ea6036ead448464ebffe004b542a0c56,fayder.restcountries.v1.rest.CountryService,fayder.restcountries.v1.rest.CountryService_ESTest,13,0,False
435,BugSwarm,REST_Countries-154683750,0,e8e72721dc354d61b677698eed247ac0,fayder.restcountries.v1.rest.CountryService,fayder.restcountries.v1.rest.CountryService_ESTest,13,0,False
436,BugSwarm,REST_Countries-154683750,0,8c0a8f1445924b3ca8e980ebeaab90fd,fayder.restcountries.v1.rest.CountryService,fayder.restcountries.v1.rest.CountryService_ESTest,15,0,False
437,BugSwarm,REST_Countries-154683750,0,09969213f4814f35a3632fe68a85ea3e,fayder.restcountries.v1.rest.CountryService,fayder.restcountries.v1.rest.CountryService_ESTest,13,0,False
438,BugSwarm,REST_Countries-154683750,0,37e3b21e17034a59825b0f3f43afc681,fayder.restcountries.v1.rest.CountryService,fayder.restcountries.v1.rest.CountryService_ESTest,15,0,False
439,BugSwarm,REST_Countries-154683750,0,2083a5290f6549a495ece0c28969bba9,fayder.restcountries.v1.rest.CountryService,fayder.restcountries.v1.rest.CountryService_ESTest,15,0,False
440,BugSwarm,REST_Countries-154683750,0,38eb574ed50a4617939b9ddaf025e2c9,fayder.restcountries.v1.rest.CountryService,fayder.restcountries.v1.rest.CountryService_ESTest,14,0,False
441,BugSwarm,REST_Countries-154683750,0,21e28063a99a4d499c945e8d75657f4c,fayder.restcountries.v1.rest.CountryService,fayder.restcountries.v1.rest.CountryService_ESTest,12,0,False
442,BugSwarm,REST_Countries-154683750,0,beca5aaedeae4692b9fad813e3a38915,fayder.restcountries.v1.rest.CountryService,fayder.restcountries.v1.rest.CountryService_ESTest,13,0,False
443,BugSwarm,REST_Countries-154683750,0,c0bd60a7246e431baa08edf82a27afae,fayder.restcountries.v1.rest.CountryService,fayder.restcountries.v1.rest.CountryService_ESTest,12,0,False
444,BugSwarm,REST_Countries-154683750,0,2bc6600cc7b14301a5275c281d0f66e9,fayder.restcountries.v1.rest.CountryService,fayder.restcountries.v1.rest.CountryService_ESTest,13,0,False
445,BugSwarm,REST_Countries-154683750,0,fdcf7d95e726483eb23e969218ecd822,fayder.restcountries.v1.rest.CountryService,fayder.restcountries.v1.rest.CountryService_ESTest,14,0,False
446,BugSwarm,REST_Countries-154683750,0,c0516fd3308c439cb6c9701e6af7b4d2,fayder.restcountries.v1.rest.CountryService,fayder.restcountries.v1.rest.CountryService_ESTest,13,0,False
447,BugSwarm,REST_Countries-154683750,0,ac6fe829cb614404b719244076902e0e,fayder.restcountries.v1.rest.CountryService,fayder.restcountries.v1.rest.CountryService_ESTest,13,0,False
448,BugSwarm,REST_Countries-154683750,1,2b20eb6ce3f6423d93cb5808e78f9db9,fayder.restcountries.v1.rest.CountryService,fayder.restcountries.v1.rest.CountryService_ESTest,15,0,False
449,BugSwarm,REST_Countries-154683750,1,7cbeb6d1992f4e9d8b77356acde797c3,fayder.restcountries.v1.rest.CountryService,fayder.restcountries.v1.rest.CountryService_ESTest,14,0,False
450,BugSwarm,REST_Countries-154683750,1,5e83626c4a9543bf973a98c3a83c9ba3,fayder.restcountries.v1.rest.CountryService,fayder.restcountries.v1.rest.CountryService_ESTest,13,0,False
451,BugSwarm,REST_Countries-154683750,1,3ecf7143bbe04ba4bf375d273461b04d,fayder.restcountries.v1.rest.CountryService,fayder.restcountries.v1.rest.CountryService_ESTest,14,0,False
452,BugSwarm,REST_Countries-154683750,1,b0891ecac8824ae0a6a5db5ae01e7264,fayder.restcountries.v1.rest.CountryService,fayder.restcountries.v1.rest.CountryService_ESTest,13,0,False
453,BugSwarm,REST_Countries-154683750,1,b80e49fc513b4447bebff669ccbcf1fe,fayder.restcountries.v1.rest.CountryService,fayder.restcountries.v1.rest.CountryService_ESTest,13,0,False
454,BugSwarm,REST_Countries-154683750,1,ea6036ead448464ebffe004b542a0c56,fayder.restcountries.v1.rest.CountryService,fayder.restcountries.v1.rest.CountryService_ESTest,13,0,False
455,BugSwarm,REST_Countries-154683750,1,e8e72721dc354d61b677698eed247ac0,fayder.restcountries.v1.rest.CountryService,fayder.restcountries.v1.rest.CountryService_ESTest,13,0,False
456,BugSwarm,REST_Countries-154683750,1,8c0a8f1445924b3ca8e980ebeaab90fd,fayder.restcountries.v1.rest.CountryService,fayder.restcountries.v1.rest.CountryService_ESTest,15,0,False
457,BugSwarm,REST_Countries-154683750,1,09969213f4814f35a3632fe68a85ea3e,fayder.restcountries.v1.rest.CountryService,fayder.restcountries.v1.rest.CountryService_ESTest,13,0,False
458,BugSwarm,REST_Countries-154683750,1,37e3b21e17034a59825b0f3f43afc681,fayder.restcountries.v1.rest.CountryService,fayder.restcountries.v1.rest.CountryService_ESTest,15,0,False
459,BugSwarm,REST_Countries-154683750,1,2083a5290f6549a495ece0c28969bba9,fayder.restcountries.v1.rest.CountryService,fayder.restcountries.v1.rest.CountryService_ESTest,15,0,False
460,BugSwarm,REST_Countries-154683750,1,38eb574ed50a4617939b9ddaf025e2c9,fayder.restcountries.v1.rest.CountryService,fayder.restcountries.v1.rest.CountryService_ESTest,14,0,False
461,BugSwarm,REST_Countries-154683750,1,21e28063a99a4d499c945e8d75657f4c,fayder.restcountries.v1.rest.CountryService,fayder.restcountries.v1.rest.CountryService_ESTest,12,0,False
462,BugSwarm,REST_Countries-154683750,1,beca5aaedeae4692b9fad813e3a38915,fayder.restcountries.v1.rest.CountryService,fayder.restcountries.v1.rest.CountryService_ESTest,13,0,False
463,BugSwarm,REST_Countries-154683750,1,c0bd60a7246e431baa08edf82a27afae,fayder.restcountries.v1.rest.CountryService,fayder.restcountries.v1.rest.CountryService_ESTest,12,0,False
464,BugSwarm,REST_Countries-154683750,1,2bc6600cc7b14301a5275c281d0f66e9,fayder.restcountries.v1.rest.CountryService,fayder.restcountries.v1.rest.CountryService_ESTest,13,0,False
465,BugSwarm,REST_Countries-154683750,1,fdcf7d95e726483eb23e969218ecd822,fayder.restcountries.v1.rest.CountryService,fayder.restcountries.v1.rest.CountryService_ESTest,14,0,False
466,BugSwarm,REST_Countries-154683750,1,c0516fd3308c439cb6c9701e6af7b4d2,fayder.restcountries.v1.rest.CountryService,fayder.restcountries.v1.rest.CountryService_ESTest,13,0,False
467,BugSwarm,REST_Countries-154683750,1,ac6fe829cb614404b719244076902e0e,fayder.restcountries.v1.rest.CountryService,fayder.restcountries.v1.rest.CountryService_ESTest,13,0,False
468,BugSwarm,REST_Countries-154683750,2,2b20eb6ce3f6423d93cb5808e78f9db9,fayder.restcountries.v1.rest.CountryService,fayder.restcountries.v1.rest.CountryService_ESTest,15,0,False
469,BugSwarm,REST_Countries-154683750,2,7cbeb6d1992f4e9d8b77356acde797c3,fayder.restcountries.v1.rest.CountryService,fayder.restcountries.v1.rest.CountryService_ESTest,14,0,False
470,BugSwarm,REST_Countries-154683750,2,5e83626c4a9543bf973a98c3a83c9ba3,fayder.restcountries.v1.rest.CountryService,fayder.restcountries.v1.rest.CountryService_ESTest,13,0,False
471,BugSwarm,REST_Countries-154683750,2,3ecf7143bbe04ba4bf375d273461b04d,fayder.restcountries.v1.rest.CountryService,fayder.restcountries.v1.rest.CountryService_ESTest,14,0,False
472,BugSwarm,REST_Countries-154683750,2,b0891ecac8824ae0a6a5db5ae01e7264,fayder.restcountries.v1.rest.CountryService,fayder.restcountries.v1.rest.CountryService_ESTest,13,0,False
473,BugSwarm,REST_Countries-154683750,2,b80e49fc513b4447bebff669ccbcf1fe,fayder.restcountries.v1.rest.CountryService,fayder.restcountries.v1.rest.CountryService_ESTest,13,0,False
474,BugSwarm,REST_Countries-154683750,2,ea6036ead448464ebffe004b542a0c56,fayder.restcountries.v1.rest.CountryService,fayder.restcountries.v1.rest.CountryService_ESTest,13,0,False
475,BugSwarm,REST_Countries-154683750,2,e8e72721dc354d61b677698eed247ac0,fayder.restcountries.v1.rest.CountryService,fayder.restcountries.v1.rest.CountryService_ESTest,13,0,False
476,BugSwarm,REST_Countries-154683750,2,8c0a8f1445924b3ca8e980ebeaab90fd,fayder.restcountries.v1.rest.CountryService,fayder.restcountries.v1.rest.CountryService_ESTest,15,0,False
477,BugSwarm,REST_Countries-154683750,2,09969213f4814f35a3632fe68a85ea3e,fayder.restcountries.v1.rest.CountryService,fayder.restcountries.v1.rest.CountryService_ESTest,13,0,False
478,BugSwarm,REST_Countries-154683750,2,37e3b21e17034a59825b0f3f43afc681,fayder.restcountries.v1.rest.CountryService,fayder.restcountries.v1.rest.CountryService_ESTest,15,0,False
479,BugSwarm,REST_Countries-154683750,2,2083a5290f6549a495ece0c28969bba9,fayder.restcountries.v1.rest.CountryService,fayder.restcountries.v1.rest.CountryService_ESTest,15,0,False
480,BugSwarm,REST_Countries-154683750,2,38eb574ed50a4617939b9ddaf025e2c9,fayder.restcountries.v1.rest.CountryService,fayder.restcountries.v1.rest.CountryService_ESTest,14,0,False
481,BugSwarm,REST_Countries-154683750,2,21e28063a99a4d499c945e8d75657f4c,fayder.restcountries.v1.rest.CountryService,fayder.restcountries.v1.rest.CountryService_ESTest,12,0,False
482,BugSwarm,REST_Countries-154683750,2,beca5aaedeae4692b9fad813e3a38915,fayder.restcountries.v1.rest.CountryService,fayder.restcountries.v1.rest.CountryService_ESTest,13,0,False
483,BugSwarm,REST_Countries-154683750,2,c0bd60a7246e431baa08edf82a27afae,fayder.restcountries.v1.rest.CountryService,fayder.restcountries.v1.rest.CountryService_ESTest,12,0,False
484,BugSwarm,REST_Countries-154683750,2,2bc6600cc7b14301a5275c281d0f66e9,fayder.restcountries.v1.rest.CountryService,fayder.restcountries.v1.rest.CountryService_ESTest,13,0,False
485,BugSwarm,REST_Countries-154683750,2,fdcf7d95e726483eb23e969218ecd822,fayder.restcountries.v1.rest.CountryService,fayder.restcountries.v1.rest.CountryService_ESTest,14,0,False
486,BugSwarm,REST_Countries-154683750,2,c0516fd3308c439cb6c9701e6af7b4d2,fayder.restcountries.v1.rest.CountryService,fayder.restcountries.v1.rest.CountryService_ESTest,13,0,False
487,BugSwarm,REST_Countries-154683750,2,ac6fe829cb614404b719244076902e0e,fayder.restcountries.v1.rest.CountryService,fayder.restcountries.v1.rest.CountryService_ESTest,13,0,False
488,BugSwarm,REST_Countries-154683750,3,2b20eb6ce3f6423d93cb5808e78f9db9,fayder.restcountries.v1.rest.CountryService,fayder.restcountries.v1.rest.CountryService_ESTest,15,0,False
489,BugSwarm,REST_Countries-154683750,3,7cbeb6d1992f4e9d8b77356acde797c3,fayder.restcountries.v1.rest.CountryService,fayder.restcountries.v1.rest.CountryService_ESTest,14,0,False
490,BugSwarm,REST_Countries-154683750,3,5e83626c4a9543bf973a98c3a83c9ba3,fayder.restcountries.v1.rest.CountryService,fayder.restcountries.v1.rest.CountryService_ESTest,13,0,False
491,BugSwarm,REST_Countries-154683750,3,3ecf7143bbe04ba4bf375d273461b04d,fayder.restcountries.v1.rest.CountryService,fayder.restcountries.v1.rest.CountryService_ESTest,14,0,False
492,BugSwarm,REST_Countries-154683750,3,b0891ecac8824ae0a6a5db5ae01e7264,fayder.restcountries.v1.rest.CountryService,fayder.restcountries.v1.rest.CountryService_ESTest,13,0,False
493,BugSwarm,REST_Countries-154683750,3,b80e49fc513b4447bebff669ccbcf1fe,fayder.restcountries.v1.rest.CountryService,fayder.restcountries.v1.rest.CountryService_ESTest,13,0,False
494,BugSwarm,REST_Countries-154683750,3,ea6036ead448464ebffe004b542a0c56,fayder.restcountries.v1.rest.CountryService,fayder.restcountries.v1.rest.CountryService_ESTest,13,0,False
495,BugSwarm,REST_Countries-154683750,3,e8e72721dc354d61b677698eed247ac0,fayder.restcountries.v1.rest.CountryService,fayder.restcountries.v1.rest.CountryService_ESTest,13,0,False
496,BugSwarm,REST_Countries-154683750,3,8c0a8f1445924b3ca8e980ebeaab90fd,fayder.restcountries.v1.rest.CountryService,fayder.restcountries.v1.rest.CountryService_ESTest,15,0,False
497,BugSwarm,REST_Countries-154683750,3,09969213f4814f35a3632fe68a85ea3e,fayder.restcountries.v1.rest.CountryService,fayder.restcountries.v1.rest.CountryService_ESTest,13,0,False
498,BugSwarm,REST_Countries-154683750,3,37e3b21e17034a59825b0f3f43afc681,fayder.restcountries.v1.rest.CountryService,fayder.restcountries.v1.rest.CountryService_ESTest,15,0,False
499,BugSwarm,REST_Countries-154683750,3,2083a5290f6549a495ece0c28969bba9,fayder.restcountries.v1.rest.CountryService,fayder.restcountries.v1.rest.CountryService_ESTest,15,0,False
500,BugSwarm,REST_Countries-154683750,3,38eb574ed50a4617939b9ddaf025e2c9,fayder.restcountries.v1.rest.CountryService,fayder.restcountries.v1.rest.CountryService_ESTest,14,0,False
501,BugSwarm,REST_Countries-154683750,3,21e28063a99a4d499c945e8d75657f4c,fayder.restcountries.v1.rest.CountryService,fayder.restcountries.v1.rest.CountryService_ESTest,12,0,False
502,BugSwarm,REST_Countries-154683750,3,beca5aaedeae4692b9fad813e3a38915,fayder.restcountries.v1.rest.CountryService,fayder.restcountries.v1.rest.CountryService_ESTest,13,0,False
503,BugSwarm,REST_Countries-154683750,3,c0bd60a7246e431baa08edf82a27afae,fayder.restcountries.v1.rest.CountryService,fayder.restcountries.v1.rest.CountryService_ESTest,12,0,False
504,BugSwarm,REST_Countries-154683750,3,2bc6600cc7b14301a5275c281d0f66e9,fayder.restcountries.v1.rest.CountryService,fayder.restcountries.v1.rest.CountryService_ESTest,13,0,False
505,BugSwarm,REST_Countries-154683750,3,fdcf7d95e726483eb23e969218ecd822,fayder.restcountries.v1.rest.CountryService,fayder.restcountries.v1.rest.CountryService_ESTest,14,0,False
506,BugSwarm,REST_Countries-154683750,3,c0516fd3308c439cb6c9701e6af7b4d2,fayder.restcountries.v1.rest.CountryService,fayder.restcountries.v1.rest.CountryService_ESTest,13,0,False
507,BugSwarm,REST_Countries-154683750,3,ac6fe829cb614404b719244076902e0e,fayder.restcountries.v1.rest.CountryService,fayder.restcountries.v1.rest.CountryService_ESTest,13,0,False
508,BugSwarm,REST_Countries-154683750,4,2b20eb6ce3f6423d93cb5808e78f9db9,fayder.restcountries.v1.rest.CountryService,fayder.restcountries.v1.rest.CountryService_ESTest,15,0,False
509,BugSwarm,REST_Countries-154683750,4,7cbeb6d1992f4e9d8b77356acde797c3,fayder.restcountries.v1.rest.CountryService,fayder.restcountries.v1.rest.CountryService_ESTest,14,0,False
510,BugSwarm,REST_Countries-154683750,4,5e83626c4a9543bf973a98c3a83c9ba3,fayder.restcountries.v1.rest.CountryService,fayder.restcountries.v1.rest.CountryService_ESTest,13,0,False
511,BugSwarm,REST_Countries-154683750,4,3ecf7143bbe04ba4bf375d273461b04d,fayder.restcountries.v1.rest.CountryService,fayder.restcountries.v1.rest.CountryService_ESTest,14,0,False
512,BugSwarm,REST_Countries-154683750,4,b0891ecac8824ae0a6a5db5ae01e7264,fayder.restcountries.v1.rest.CountryService,fayder.restcountries.v1.rest.CountryService_ESTest,13,0,False
513,BugSwarm,REST_Countries-154683750,4,b80e49fc513b4447bebff669ccbcf1fe,fayder.restcountries.v1.rest.CountryService,fayder.restcountries.v1.rest.CountryService_ESTest,13,0,False
514,BugSwarm,REST_Countries-154683750,4,ea6036ead448464ebffe004b542a0c56,fayder.restcountries.v1.rest.CountryService,fayder.restcountries.v1.rest.CountryService_ESTest,13,0,False
515,BugSwarm,REST_Countries-154683750,4,e8e72721dc354d61b677698eed247ac0,fayder.restcountries.v1.rest.CountryService,fayder.restcountries.v1.rest.CountryService_ESTest,13,0,False
516,BugSwarm,REST_Countries-154683750,4,8c0a8f1445924b3ca8e980ebeaab90fd,fayder.restcountries.v1.rest.CountryService,fayder.restcountries.v1.rest.CountryService_ESTest,15,0,False
517,BugSwarm,REST_Countries-154683750,4,09969213f4814f35a3632fe68a85ea3e,fayder.restcountries.v1.rest.CountryService,fayder.restcountries.v1.rest.CountryService_ESTest,13,0,False
518,BugSwarm,REST_Countries-154683750,4,37e3b21e17034a59825b0f3f43afc681,fayder.restcountries.v1.rest.CountryService,fayder.restcountries.v1.rest.CountryService_ESTest,15,0,False
519,BugSwarm,REST_Countries-154683750,4,2083a5290f6549a495ece0c28969bba9,fayder.restcountries.v1.rest.CountryService,fayder.restcountries.v1.rest.CountryService_ESTest,15,0,False
520,BugSwarm,REST_Countries-154683750,4,38eb574ed50a4617939b9ddaf025e2c9,fayder.restcountries.v1.rest.CountryService,fayder.restcountries.v1.rest.CountryService_ESTest,14,0,False
521,BugSwarm,REST_Countries-154683750,4,21e28063a99a4d499c945e8d75657f4c,fayder.restcountries.v1.rest.CountryService,fayder.restcountries.v1.rest.CountryService_ESTest,12,0,False
522,BugSwarm,REST_Countries-154683750,4,beca5aaedeae4692b9fad813e3a38915,fayder.restcountries.v1.rest.CountryService,fayder.restcountries.v1.rest.CountryService_ESTest,13,0,False
523,BugSwarm,REST_Countries-154683750,4,c0bd60a7246e431baa08edf82a27afae,fayder.restcountries.v1.rest.CountryService,fayder.restcountries.v1.rest.CountryService_ESTest,12,0,False
524,BugSwarm,REST_Countries-154683750,4,2bc6600cc7b14301a5275c281d0f66e9,fayder.restcountries.v1.rest.CountryService,fayder.restcountries.v1.rest.CountryService_ESTest,13,0,False
525,BugSwarm,REST_Countries-154683750,4,fdcf7d95e726483eb23e969218ecd822,fayder.restcountries.v1.rest.CountryService,fayder.restcountries.v1.rest.CountryService_ESTest,14,0,False
526,BugSwarm,REST_Countries-154683750,4,c0516fd3308c439cb6c9701e6af7b4d2,fayder.restcountries.v1.rest.CountryService,fayder.restcountries.v1.rest.CountryService_ESTest,13,0,False
527,BugSwarm,REST_Countries-154683750,4,ac6fe829cb614404b719244076902e0e,fayder.restcountries.v1.rest.CountryService,fayder.restcountries.v1.rest.CountryService_ESTest,13,0,False
528,Genesis,Jongo-97431a03,0,5fa70046d4514c87bd42c99c34e1347c,org.jongo.marshall.jackson.JacksonObjectIdUpdater,org.jongo.marshall.jackson.JacksonObjectIdUpdater_ESTest,3,0,False
529,Genesis,Jongo-97431a03,0,99786beffe0047efab8d7650c4fbae6b,org.jongo.marshall.jackson.JacksonObjectIdUpdater,org.jongo.marshall.jackson.JacksonObjectIdUpdater_ESTest,3,0,False
530,Genesis,Jongo-97431a03,0,d1e1f2048f3e4c7badf799ae8780e24f,org.jongo.marshall.jackson.JacksonObjectIdUpdater,org.jongo.marshall.jackson.JacksonObjectIdUpdater_ESTest,3,0,False
531,Genesis,Jongo-97431a03,0,b54baa77dacc4a528cc2ff934b83a746,org.jongo.marshall.jackson.JacksonObjectIdUpdater,org.jongo.marshall.jackson.JacksonObjectIdUpdater_ESTest,3,0,False
532,Genesis,Jongo-97431a03,0,d9b565698c7e4df28ef9e03253265ddb,org.jongo.marshall.jackson.JacksonObjectIdUpdater,org.jongo.marshall.jackson.JacksonObjectIdUpdater_ESTest,3,0,False
533,Genesis,Jongo-97431a03,0,0437ac19e1874c9092a2ac5e2221becb,org.jongo.marshall.jackson.JacksonObjectIdUpdater,org.jongo.marshall.jackson.JacksonObjectIdUpdater_ESTest,3,0,False
534,Genesis,Jongo-97431a03,0,ed951b60597c488db50b647b9d6c4942,org.jongo.marshall.jackson.JacksonObjectIdUpdater,org.jongo.marshall.jackson.JacksonObjectIdUpdater_ESTest,3,0,False
535,Genesis,Jongo-97431a03,0,dc41f72359ba4052b63863d52a4802a2,org.jongo.marshall.jackson.JacksonObjectIdUpdater,org.jongo.marshall.jackson.JacksonObjectIdUpdater_ESTest,3,0,False
536,Genesis,Jongo-97431a03,0,839b238f352e4db5bf4dd620f220f14a,org.jongo.marshall.jackson.JacksonObjectIdUpdater,org.jongo.marshall.jackson.JacksonObjectIdUpdater_ESTest,3,0,False
537,Genesis,Jongo-97431a03,0,2bd6b0df23f54b3aaf99ff941b185610,org.jongo.marshall.jackson.JacksonObjectIdUpdater,org.jongo.marshall.jackson.JacksonObjectIdUpdater_ESTest,4,0,False
538,Genesis,Jongo-97431a03,0,2156c28fde3d4df7b0ea0693372ddfb7,org.jongo.marshall.jackson.JacksonObjectIdUpdater,org.jongo.marshall.jackson.JacksonObjectIdUpdater_ESTest,3,0,False
539,Genesis,Jongo-97431a03,0,0f16c10b19924208885599afe5e1f973,org.jongo.marshall.jackson.JacksonObjectIdUpdater,org.jongo.marshall.jackson.JacksonObjectIdUpdater_ESTest,3,0,False
540,Genesis,Jongo-97431a03,0,1efe03827b0f460287d422d08c3de3f6,org.jongo.marshall.jackson.JacksonObjectIdUpdater,org.jongo.marshall.jackson.JacksonObjectIdUpdater_ESTest,3,0,False
541,Genesis,Jongo-97431a03,0,82207d38567f4909ba532767e1492d55,org.jongo.marshall.jackson.JacksonObjectIdUpdater,org.jongo.marshall.jackson.JacksonObjectIdUpdater_ESTest,3,0,False
542,Genesis,Jongo-97431a03,0,3cae2cc156114555aa767f5ecefa2f7e,org.jongo.marshall.jackson.JacksonObjectIdUpdater,org.jongo.marshall.jackson.JacksonObjectIdUpdater_ESTest,3,0,False
543,Genesis,Jongo-97431a03,0,8f71ffa0c72f4fb7adbd68351580ad53,org.jongo.marshall.jackson.JacksonObjectIdUpdater,org.jongo.marshall.jackson.JacksonObjectIdUpdater_ESTest,3,0,False
544,Genesis,Jongo-97431a03,0,de05be1bcd974075beb826e2b4d38224,org.jongo.marshall.jackson.JacksonObjectIdUpdater,org.jongo.marshall.jackson.JacksonObjectIdUpdater_ESTest,3,0,False
545,Genesis,Jongo-97431a03,0,9650bfd8e7464b5c943867df14332b64,org.jongo.marshall.jackson.JacksonObjectIdUpdater,org.jongo.marshall.jackson.JacksonObjectIdUpdater_ESTest,3,0,False
546,Genesis,Jongo-97431a03,0,4bd6db96c8644ca2868bf3fd1f6e3e25,org.jongo.marshall.jackson.JacksonObjectIdUpdater,org.jongo.marshall.jackson.JacksonObjectIdUpdater_ESTest,3,0,False
547,Genesis,Jongo-97431a03,0,cee8bc28b4084c749a03079a84c8e043,org.jongo.marshall.jackson.JacksonObjectIdUpdater,org.jongo.marshall.jackson.JacksonObjectIdUpdater_ESTest,3,0,False
548,Genesis,JavaPoet-aee5f128,0,29e7dc8f3f834a08972060553767b40f,com.squareup.javapoet.TypeName,com.squareup.javapoet.TypeName_ESTest,13,0,False
549,Genesis,JavaPoet-aee5f128,0,973635ac35b14d4981267a5370cd6fc1,com.squareup.javapoet.TypeName,com.squareup.javapoet.TypeName_ESTest,13,0,False
550,Genesis,JavaPoet-aee5f128,0,022f6de9ac294973b9fbfd8c39b00a01,com.squareup.javapoet.TypeName,com.squareup.javapoet.TypeName_ESTest,14,0,False
551,Genesis,JavaPoet-aee5f128,0,0f4b2171080f46caadc17056e2731820,com.squareup.javapoet.TypeName,com.squareup.javapoet.TypeName_ESTest,13,0,False
552,Genesis,JavaPoet-aee5f128,0,86ca32a0c2894f00b14043cd792bc368,com.squareup.javapoet.TypeName,com.squareup.javapoet.TypeName_ESTest,14,0,False
553,Genesis,JavaPoet-aee5f128,0,02e7fe8558e0495a97749502dd0c18fb,com.squareup.javapoet.TypeName,com.squareup.javapoet.TypeName_ESTest,14,0,False
554,Genesis,JavaPoet-aee5f128,0,0f6a8b12b3434ae49972305f499f291c,com.squareup.javapoet.TypeName,com.squareup.javapoet.TypeName_ESTest,14,0,False
555,Genesis,JavaPoet-aee5f128,0,fa197717bdc14e06b50f418809edda51,com.squareup.javapoet.TypeName,com.squareup.javapoet.TypeName_ESTest,14,0,False
556,Genesis,JavaPoet-aee5f128,0,1807da761d1d4ebe90d38481e8ae8f70,com.squareup.javapoet.TypeName,com.squareup.javapoet.TypeName_ESTest,14,0,False
557,Genesis,JavaPoet-aee5f128,0,fe746026d83b45388238ad0e95223c47,com.squareup.javapoet.TypeName,com.squareup.javapoet.TypeName_ESTest,14,0,False
558,Genesis,JavaPoet-aee5f128,0,688c2bb1c7ce411eb3ee7be27e89cf44,com.squareup.javapoet.TypeName,com.squareup.javapoet.TypeName_ESTest,14,0,False
559,Genesis,JavaPoet-aee5f128,0,4cd186ac91004baf96dbc25ffbbc492a,com.squareup.javapoet.TypeName,com.squareup.javapoet.TypeName_ESTest,14,0,False
560,Genesis,JavaPoet-aee5f128,0,a8f8e6218a6740a0993787b3896c07cb,com.squareup.javapoet.TypeName,com.squareup.javapoet.TypeName_ESTest,14,0,False
561,Genesis,JavaPoet-aee5f128,0,f50bd56971914c2885e47aac4e3b7a46,com.squareup.javapoet.TypeName,com.squareup.javapoet.TypeName_ESTest,14,0,False
562,Genesis,JavaPoet-aee5f128,0,e8d8005f64494f7fa41adcbf82fc9d6f,com.squareup.javapoet.TypeName,com.squareup.javapoet.TypeName_ESTest,14,0,False
563,Genesis,JavaPoet-aee5f128,0,7e2b5faab159467a9fced29cd738da9a,com.squareup.javapoet.TypeName,com.squareup.javapoet.TypeName_ESTest,13,0,False
564,Genesis,JavaPoet-aee5f128,0,c80a98f9c65f488cb88a758a0fa1f088,com.squareup.javapoet.TypeName,com.squareup.javapoet.TypeName_ESTest,13,0,False
565,Genesis,JavaPoet-aee5f128,0,9d79f9426db34092828585a8c638d5f5,com.squareup.javapoet.TypeName,com.squareup.javapoet.TypeName_ESTest,14,0,False
566,Genesis,JavaPoet-aee5f128,0,13565c99a31345d88656e9268c6e3571,com.squareup.javapoet.TypeName,com.squareup.javapoet.TypeName_ESTest,14,0,False
567,Genesis,JavaPoet-aee5f128,0,e8384bbaed9a48568b035b4537b965ec,com.squareup.javapoet.TypeName,com.squareup.javapoet.TypeName_ESTest,13,0,False
568,Genesis,DataflowJavaSDK-f42c13c8,0,f8e8798fa29b4ab6a9242ddd5b2370a4,com.google.cloud.dataflow.sdk.transforms.join.CoGbkResult,com.google.cloud.dataflow.sdk.transforms.join.CoGbkResult_ESTest,18,0,False
569,Genesis,DataflowJavaSDK-f42c13c8,0,7fad0602c178426196a8ef27d6b8e548,com.google.cloud.dataflow.sdk.transforms.join.CoGbkResult,com.google.cloud.dataflow.sdk.transforms.join.CoGbkResult_ESTest,22,0,False
570,Genesis,DataflowJavaSDK-f42c13c8,0,4524e722c28544a0b6cdfaae6e68e1fb,com.google.cloud.dataflow.sdk.transforms.join.CoGbkResult,com.google.cloud.dataflow.sdk.transforms.join.CoGbkResult_ESTest,18,0,False
571,Genesis,DataflowJavaSDK-f42c13c8,0,2f2e47f155ff4faa8863f6064fcaa03b,com.google.cloud.dataflow.sdk.transforms.join.CoGbkResult,com.google.cloud.dataflow.sdk.transforms.join.CoGbkResult_ESTest,17,0,False
572,Genesis,DataflowJavaSDK-f42c13c8,0,4d02a89ddc8f4d46bf9f9aa707d74bfd,com.google.cloud.dataflow.sdk.transforms.join.CoGbkResult,com.google.cloud.dataflow.sdk.transforms.join.CoGbkResult_ESTest,16,0,False
573,Genesis,DataflowJavaSDK-f42c13c8,0,a8d358c578e24c3c9cdb912ecc3196e8,com.google.cloud.dataflow.sdk.transforms.join.CoGbkResult,com.google.cloud.dataflow.sdk.transforms.join.CoGbkResult_ESTest,19,0,False
574,Genesis,DataflowJavaSDK-f42c13c8,0,c293f7be375c4b95b6b668a833d7353a,com.google.cloud.dataflow.sdk.transforms.join.CoGbkResult,com.google.cloud.dataflow.sdk.transforms.join.CoGbkResult_ESTest,20,0,False
575,Genesis,DataflowJavaSDK-f42c13c8,0,3eb5b9c7176844f68cda6926817b7874,com.google.cloud.dataflow.sdk.transforms.join.CoGbkResult,com.google.cloud.dataflow.sdk.transforms.join.CoGbkResult_ESTest,17,0,False
576,Genesis,DataflowJavaSDK-f42c13c8,0,4c278bd7a2e04e55a2a6049effbb8368,com.google.cloud.dataflow.sdk.transforms.join.CoGbkResult,com.google.cloud.dataflow.sdk.transforms.join.CoGbkResult_ESTest,20,0,False
577,Genesis,DataflowJavaSDK-f42c13c8,0,a85b3f9463934dcba82eb768a914c30f,com.google.cloud.dataflow.sdk.transforms.join.CoGbkResult,com.google.cloud.dataflow.sdk.transforms.join.CoGbkResult_ESTest,21,0,False
578,Genesis,DataflowJavaSDK-f42c13c8,0,2b983a000ed74fa2b9d1dfdcac29014d,com.google.cloud.dataflow.sdk.transforms.join.CoGbkResult,com.google.cloud.dataflow.sdk.transforms.join.CoGbkResult_ESTest,20,0,False
579,Genesis,DataflowJavaSDK-f42c13c8,0,011b93bd5d18447b8a6049e175dcc66b,com.google.cloud.dataflow.sdk.transforms.join.CoGbkResult,com.google.cloud.dataflow.sdk.transforms.join.CoGbkResult_ESTest,21,0,False
580,Genesis,DataflowJavaSDK-f42c13c8,0,93d094224fdb4aca98d4f09d8a19c021,com.google.cloud.dataflow.sdk.transforms.join.CoGbkResult,com.google.cloud.dataflow.sdk.transforms.join.CoGbkResult_ESTest,21,0,False
581,Genesis,DataflowJavaSDK-f42c13c8,0,35575a0a56f343a7b2628715af682999,com.google.cloud.dataflow.sdk.transforms.join.CoGbkResult,com.google.cloud.dataflow.sdk.transforms.join.CoGbkResult_ESTest,18,0,False
582,Genesis,DataflowJavaSDK-f42c13c8,0,14664ac7b38c499db0280159c3c2f0d3,com.google.cloud.dataflow.sdk.transforms.join.CoGbkResult,com.google.cloud.dataflow.sdk.transforms.join.CoGbkResult_ESTest,17,0,False
583,Genesis,DataflowJavaSDK-f42c13c8,0,10b853b90d704775b899c805eefaf39e,com.google.cloud.dataflow.sdk.transforms.join.CoGbkResult,com.google.cloud.dataflow.sdk.transforms.join.CoGbkResult_ESTest,20,0,False
584,Genesis,DataflowJavaSDK-f42c13c8,0,fc2d74646bc64be694e0b1255d7a671f,com.google.cloud.dataflow.sdk.transforms.join.CoGbkResult,com.google.cloud.dataflow.sdk.transforms.join.CoGbkResult_ESTest,19,0,False
585,Genesis,Checkstyle-4f73fffd,0,1ec6b4babcec44e390fdb080fe46db72,com.puppycrawl.tools.checkstyle.checks.blocks.NeedBracesCheck,com.puppycrawl.tools.checkstyle.checks.blocks.NeedBracesCheck_ESTest,10,0,False
586,Genesis,Checkstyle-4f73fffd,0,2b7f3ea811014a57916fd70650f9e0ac,com.puppycrawl.tools.checkstyle.checks.blocks.NeedBracesCheck,com.puppycrawl.tools.checkstyle.checks.blocks.NeedBracesCheck_ESTest,11,0,False
587,Genesis,Checkstyle-4f73fffd,0,2e15e8b644454ab2b972d33a934cae7e,com.puppycrawl.tools.checkstyle.checks.blocks.NeedBracesCheck,com.puppycrawl.tools.checkstyle.checks.blocks.NeedBracesCheck_ESTest,7,0,False
588,Genesis,Checkstyle-4f73fffd,0,34c98ea8c0d94e81ab47b2b97639a160,com.puppycrawl.tools.checkstyle.checks.blocks.NeedBracesCheck,com.puppycrawl.tools.checkstyle.checks.blocks.NeedBracesCheck_ESTest,10,0,False
589,Genesis,Checkstyle-4f73fffd,0,c969fa1c59a24a24bd1d9990eea86314,com.puppycrawl.tools.checkstyle.checks.blocks.NeedBracesCheck,com.puppycrawl.tools.checkstyle.checks.blocks.NeedBracesCheck_ESTest,8,0,False
590,Genesis,Checkstyle-4f73fffd,0,3044c1822bb6404697223e3693a580b5,com.puppycrawl.tools.checkstyle.checks.blocks.NeedBracesCheck,com.puppycrawl.tools.checkstyle.checks.blocks.NeedBracesCheck_ESTest,7,0,False
591,Genesis,Checkstyle-4f73fffd,0,7f7a5311e14543ff96292c65f7dd03fd,com.puppycrawl.tools.checkstyle.checks.blocks.NeedBracesCheck,com.puppycrawl.tools.checkstyle.checks.blocks.NeedBracesCheck_ESTest,9,0,False
592,Genesis,Checkstyle-4f73fffd,0,80f72ce200fb4ae69791c45d12097529,com.puppycrawl.tools.checkstyle.checks.blocks.NeedBracesCheck,com.puppycrawl.tools.checkstyle.checks.blocks.NeedBracesCheck_ESTest,12,0,False
593,Genesis,Checkstyle-4f73fffd,0,825b2329c46c48efacb21e1470512925,com.puppycrawl.tools.checkstyle.checks.blocks.NeedBracesCheck,com.puppycrawl.tools.checkstyle.checks.blocks.NeedBracesCheck_ESTest,9,0,False
594,Genesis,Checkstyle-4f73fffd,0,e420f99216c54475b0ed0ae80db41b58,com.puppycrawl.tools.checkstyle.checks.blocks.NeedBracesCheck,com.puppycrawl.tools.checkstyle.checks.blocks.NeedBracesCheck_ESTest,7,0,False
595,Genesis,Checkstyle-4f73fffd,0,5aea7a992b7846cfb7532908cb702b3d,com.puppycrawl.tools.checkstyle.checks.blocks.NeedBracesCheck,com.puppycrawl.tools.checkstyle.checks.blocks.NeedBracesCheck_ESTest,7,0,False
596,Genesis,Checkstyle-4f73fffd,0,e256c89f92a74c199382a0e81f1c7231,com.puppycrawl.tools.checkstyle.checks.blocks.NeedBracesCheck,com.puppycrawl.tools.checkstyle.checks.blocks.NeedBracesCheck_ESTest,8,0,False
597,Genesis,Checkstyle-4f73fffd,0,142a04ed28684d19ac0597572ebea97c,com.puppycrawl.tools.checkstyle.checks.blocks.NeedBracesCheck,com.puppycrawl.tools.checkstyle.checks.blocks.NeedBracesCheck_ESTest,7,0,False
598,Genesis,Checkstyle-4f73fffd,0,fd55950dc92e480498487ad7f98ef6b1,com.puppycrawl.tools.checkstyle.checks.blocks.NeedBracesCheck,com.puppycrawl.tools.checkstyle.checks.blocks.NeedBracesCheck_ESTest,9,0,False
599,Genesis,Checkstyle-4f73fffd,0,8a861ae648ac42f890b9f1b95cbc5863,com.puppycrawl.tools.checkstyle.checks.blocks.NeedBracesCheck,com.puppycrawl.tools.checkstyle.checks.blocks.NeedBracesCheck_ESTest,7,0,False
600,Genesis,Checkstyle-4f73fffd,0,833725b1735242df9f3976602eeba31c,com.puppycrawl.tools.checkstyle.checks.blocks.NeedBracesCheck,com.puppycrawl.tools.checkstyle.checks.blocks.NeedBracesCheck_ESTest,8,0,False
601,Genesis,Checkstyle-4f73fffd,0,ebbc246dd1a54517b5909ffeca588bde,com.puppycrawl.tools.checkstyle.checks.blocks.NeedBracesCheck,com.puppycrawl.tools.checkstyle.checks.blocks.NeedBracesCheck_ESTest,6,0,False
602,Genesis,Checkstyle-4f73fffd,0,c0f4c1fa98dc404ba8e489bd77285ac1,com.puppycrawl.tools.checkstyle.checks.blocks.NeedBracesCheck,com.puppycrawl.tools.checkstyle.checks.blocks.NeedBracesCheck_ESTest,7,0,False
603,Genesis,Checkstyle-4f73fffd,0,33419eec4ecf49aab1c853c4d4714a35,com.puppycrawl.tools.checkstyle.checks.blocks.NeedBracesCheck,com.puppycrawl.tools.checkstyle.checks.blocks.NeedBracesCheck_ESTest,8,0,False
604,Genesis,Checkstyle-4f73fffd,0,f4215f5002f14dd5871aad14219680b6,com.puppycrawl.tools.checkstyle.checks.blocks.NeedBracesCheck,com.puppycrawl.tools.checkstyle.checks.blocks.NeedBracesCheck_ESTest,12,0,False
605,Genesis,Checkstyle-91e10c29,0,0e0fbe84fb454873b9284f9a0c91f21d,com.puppycrawl.tools.checkstyle.checks.SuppressWarningsHolder,com.puppycrawl.tools.checkstyle.checks.SuppressWarningsHolder_ESTest,7,0,False
606,Genesis,Checkstyle-91e10c29,0,8f1f16c5de5a4183b2ddf8e6d8fe6c2f,com.puppycrawl.tools.checkstyle.checks.SuppressWarningsHolder,com.puppycrawl.tools.checkstyle.checks.SuppressWarningsHolder_ESTest,11,0,False
607,Genesis,Checkstyle-91e10c29,0,b2e4859bbb95469b966f9ce1dc9b7801,com.puppycrawl.tools.checkstyle.checks.SuppressWarningsHolder,com.puppycrawl.tools.checkstyle.checks.SuppressWarningsHolder_ESTest,12,0,False
608,Genesis,Checkstyle-91e10c29,0,48e4cb7e0b3442f7959a0419a6cdd56c,com.puppycrawl.tools.checkstyle.checks.SuppressWarningsHolder,com.puppycrawl.tools.checkstyle.checks.SuppressWarningsHolder_ESTest,10,0,False
609,Genesis,Checkstyle-91e10c29,0,55575a2dff0f4904b4916e33d84e15f3,com.puppycrawl.tools.checkstyle.checks.SuppressWarningsHolder,com.puppycrawl.tools.checkstyle.checks.SuppressWarningsHolder_ESTest,12,0,False
610,Genesis,Checkstyle-91e10c29,0,f93a73a6482340c8acbb6248911a66ce,com.puppycrawl.tools.checkstyle.checks.SuppressWarningsHolder,com.puppycrawl.tools.checkstyle.checks.SuppressWarningsHolder_ESTest,9,0,False
611,Genesis,Checkstyle-91e10c29,0,98a28b02905d40bf867b80855ab16e98,com.puppycrawl.tools.checkstyle.checks.SuppressWarningsHolder,com.puppycrawl.tools.checkstyle.checks.SuppressWarningsHolder_ESTest,10,0,False
612,Genesis,Checkstyle-91e10c29,0,93a1af281f49447d8228f2dece7b00c1,com.puppycrawl.tools.checkstyle.checks.SuppressWarningsHolder,com.puppycrawl.tools.checkstyle.checks.SuppressWarningsHolder_ESTest,12,0,False
613,Genesis,Checkstyle-91e10c29,0,39965ef2ea614e95ba887c2819487e3d,com.puppycrawl.tools.checkstyle.checks.SuppressWarningsHolder,com.puppycrawl.tools.checkstyle.checks.SuppressWarningsHolder_ESTest,10,0,False
614,Genesis,Checkstyle-91e10c29,0,544a383a1a2f47cdac1ecf5a3c235b82,com.puppycrawl.tools.checkstyle.checks.SuppressWarningsHolder,com.puppycrawl.tools.checkstyle.checks.SuppressWarningsHolder_ESTest,13,0,False
615,Genesis,Checkstyle-91e10c29,0,2deeaa264be34e03adb2c1ac46a50b80,com.puppycrawl.tools.checkstyle.checks.SuppressWarningsHolder,com.puppycrawl.tools.checkstyle.checks.SuppressWarningsHolder_ESTest,11,0,False
616,Genesis,Checkstyle-91e10c29,0,e8cbca92259e41359d9026587a33879e,com.puppycrawl.tools.checkstyle.checks.SuppressWarningsHolder,com.puppycrawl.tools.checkstyle.checks.SuppressWarningsHolder_ESTest,11,0,False
617,Genesis,Checkstyle-91e10c29,0,edcb5f80c6664b69adb81e4f079338f4,com.puppycrawl.tools.checkstyle.checks.SuppressWarningsHolder,com.puppycrawl.tools.checkstyle.checks.SuppressWarningsHolder_ESTest,10,0,False
618,Genesis,Checkstyle-91e10c29,0,bf2bb0a62faf414ba8a4f5f93efc8d6c,com.puppycrawl.tools.checkstyle.checks.SuppressWarningsHolder,com.puppycrawl.tools.checkstyle.checks.SuppressWarningsHolder_ESTest,10,0,False
619,Genesis,Checkstyle-91e10c29,0,65a0516785d445fa8578bb2326a8b873,com.puppycrawl.tools.checkstyle.checks.SuppressWarningsHolder,com.puppycrawl.tools.checkstyle.checks.SuppressWarningsHolder_ESTest,10,0,False
620,Genesis,Checkstyle-91e10c29,0,ab291e5b33fa40c185fcebaf87da3a0b,com.puppycrawl.tools.checkstyle.checks.SuppressWarningsHolder,com.puppycrawl.tools.checkstyle.checks.SuppressWarningsHolder_ESTest,9,0,False
621,Genesis,Checkstyle-91e10c29,0,e45631d00351450295f6cc30117ba0c3,com.puppycrawl.tools.checkstyle.checks.SuppressWarningsHolder,com.puppycrawl.tools.checkstyle.checks.SuppressWarningsHolder_ESTest,11,0,False
622,Genesis,Checkstyle-91e10c29,0,8953c3f28d554b238a791469d9f6bd7f,com.puppycrawl.tools.checkstyle.checks.SuppressWarningsHolder,com.puppycrawl.tools.checkstyle.checks.SuppressWarningsHolder_ESTest,11,0,False
623,Genesis,Checkstyle-91e10c29,0,aa531a2e76574ed6bee05e4182edb09e,com.puppycrawl.tools.checkstyle.checks.SuppressWarningsHolder,com.puppycrawl.tools.checkstyle.checks.SuppressWarningsHolder_ESTest,9,0,False
624,Genesis,Checkstyle-91e10c29,0,e0dece778bd64c688fe37396023a8972,com.puppycrawl.tools.checkstyle.checks.SuppressWarningsHolder,com.puppycrawl.tools.checkstyle.checks.SuppressWarningsHolder_ESTest,11,0,False
625,Genesis,Checkstyle-16493bfb,0,f878c23b6df14a0397225a14f9787d61,com.puppycrawl.tools.checkstyle.checks.coding.ModifiedControlVariableCheck,com.puppycrawl.tools.checkstyle.checks.coding.ModifiedControlVariableCheck_ESTest,26,0,False
626,Genesis,Checkstyle-16493bfb,0,1fc971edd52348d795ca1fe44268a144,com.puppycrawl.tools.checkstyle.checks.coding.ModifiedControlVariableCheck,com.puppycrawl.tools.checkstyle.checks.coding.ModifiedControlVariableCheck_ESTest,27,0,False
627,Genesis,Checkstyle-16493bfb,0,623e41affe2643c3a33ebc14cd32cb5b,com.puppycrawl.tools.checkstyle.checks.coding.ModifiedControlVariableCheck,com.puppycrawl.tools.checkstyle.checks.coding.ModifiedControlVariableCheck_ESTest,27,0,False
628,Genesis,Checkstyle-16493bfb,0,4296ff39198c4c2784877fe4d8ccfd0b,com.puppycrawl.tools.checkstyle.checks.coding.ModifiedControlVariableCheck,com.puppycrawl.tools.checkstyle.checks.coding.ModifiedControlVariableCheck_ESTest,27,0,False
629,Genesis,Checkstyle-16493bfb,0,2357e2f233b145e6a6342b5e56910a98,com.puppycrawl.tools.checkstyle.checks.coding.ModifiedControlVariableCheck,com.puppycrawl.tools.checkstyle.checks.coding.ModifiedControlVariableCheck_ESTest,27,0,False
630,Genesis,Checkstyle-16493bfb,0,295961c53d174d5ea9f37d29acbbb9fe,com.puppycrawl.tools.checkstyle.checks.coding.ModifiedControlVariableCheck,com.puppycrawl.tools.checkstyle.checks.coding.ModifiedControlVariableCheck_ESTest,27,0,False
631,Genesis,Checkstyle-16493bfb,0,9f5efc6c20954d2692ac91316a78d196,com.puppycrawl.tools.checkstyle.checks.coding.ModifiedControlVariableCheck,com.puppycrawl.tools.checkstyle.checks.coding.ModifiedControlVariableCheck_ESTest,27,0,False
632,Genesis,Checkstyle-16493bfb,0,bf45a5ae009b4394a7f35463eada129f,com.puppycrawl.tools.checkstyle.checks.coding.ModifiedControlVariableCheck,com.puppycrawl.tools.checkstyle.checks.coding.ModifiedControlVariableCheck_ESTest,26,0,False
633,Genesis,Checkstyle-16493bfb,0,5b99ae6b1a6242eb9e465e7836121558,com.puppycrawl.tools.checkstyle.checks.coding.ModifiedControlVariableCheck,com.puppycrawl.tools.checkstyle.checks.coding.ModifiedControlVariableCheck_ESTest,26,0,False
634,Genesis,Checkstyle-16493bfb,0,d452dc76e0684970850f234209048281,com.puppycrawl.tools.checkstyle.checks.coding.ModifiedControlVariableCheck,com.puppycrawl.tools.checkstyle.checks.coding.ModifiedControlVariableCheck_ESTest,27,0,False
635,Genesis,Checkstyle-16493bfb,0,417ed645319b4061a6828b1317730f73,com.puppycrawl.tools.checkstyle.checks.coding.ModifiedControlVariableCheck,com.puppycrawl.tools.checkstyle.checks.coding.ModifiedControlVariableCheck_ESTest,26,0,False
636,Genesis,Checkstyle-16493bfb,0,20a16d76214a4312b43eb5977c398f6a,com.puppycrawl.tools.checkstyle.checks.coding.ModifiedControlVariableCheck,com.puppycrawl.tools.checkstyle.checks.coding.ModifiedControlVariableCheck_ESTest,26,0,False
637,Genesis,Checkstyle-16493bfb,0,6c79319a95684749978658cdc80e840a,com.puppycrawl.tools.checkstyle.checks.coding.ModifiedControlVariableCheck,com.puppycrawl.tools.checkstyle.checks.coding.ModifiedControlVariableCheck_ESTest,27,0,False
638,Genesis,Checkstyle-16493bfb,0,9d9763ba1281460fb0489583f2331eba,com.puppycrawl.tools.checkstyle.checks.coding.ModifiedControlVariableCheck,com.puppycrawl.tools.checkstyle.checks.coding.ModifiedControlVariableCheck_ESTest,27,0,False
639,Genesis,Checkstyle-16493bfb,0,1293def25ac441a0b939f9d1008a347a,com.puppycrawl.tools.checkstyle.checks.coding.ModifiedControlVariableCheck,com.puppycrawl.tools.checkstyle.checks.coding.ModifiedControlVariableCheck_ESTest,27,0,False
640,Genesis,Checkstyle-16493bfb,0,93f05d4bc0284de48104e9a86f395eee,com.puppycrawl.tools.checkstyle.checks.coding.ModifiedControlVariableCheck,com.puppycrawl.tools.checkstyle.checks.coding.ModifiedControlVariableCheck_ESTest,26,0,False
641,Genesis,Checkstyle-16493bfb,0,54207c995e924dfd84a4eec4f435f383,com.puppycrawl.tools.checkstyle.checks.coding.ModifiedControlVariableCheck,com.puppycrawl.tools.checkstyle.checks.coding.ModifiedControlVariableCheck_ESTest,26,0,False
642,Genesis,Checkstyle-16493bfb,0,b77660833a994c29a1eacaaaf5d94b37,com.puppycrawl.tools.checkstyle.checks.coding.ModifiedControlVariableCheck,com.puppycrawl.tools.checkstyle.checks.coding.ModifiedControlVariableCheck_ESTest,26,0,False
643,Genesis,Checkstyle-16493bfb,0,0dfc297034c745b7b6cd8fbb961e5fff,com.puppycrawl.tools.checkstyle.checks.coding.ModifiedControlVariableCheck,com.puppycrawl.tools.checkstyle.checks.coding.ModifiedControlVariableCheck_ESTest,26,0,False
644,Genesis,Checkstyle-16493bfb,0,4e87359292d94002ad9d4405b06d173a,com.puppycrawl.tools.checkstyle.checks.coding.ModifiedControlVariableCheck,com.puppycrawl.tools.checkstyle.checks.coding.ModifiedControlVariableCheck_ESTest,27,0,False
645,Genesis,Checkstyle-be8a60a4,0,eb3831599c2942c2a8770c34df3cd98b,com.puppycrawl.tools.checkstyle.checks.naming.ParameterNameCheck,com.puppycrawl.tools.checkstyle.checks.naming.ParameterNameCheck_ESTest,7,0,False
646,Genesis,Checkstyle-be8a60a4,0,824559c27a59454fa35c6562c6d7d138,com.puppycrawl.tools.checkstyle.checks.naming.ParameterNameCheck,com.puppycrawl.tools.checkstyle.checks.naming.ParameterNameCheck_ESTest,7,0,False
647,Genesis,Checkstyle-be8a60a4,0,e5f51a83602c4cb688a8633b81f38e81,com.puppycrawl.tools.checkstyle.checks.naming.ParameterNameCheck,com.puppycrawl.tools.checkstyle.checks.naming.ParameterNameCheck_ESTest,7,0,False
648,Genesis,Checkstyle-be8a60a4,0,49781c5735ec461cb36c3ce0e9654beb,com.puppycrawl.tools.checkstyle.checks.naming.ParameterNameCheck,com.puppycrawl.tools.checkstyle.checks.naming.ParameterNameCheck_ESTest,7,0,False
649,Genesis,Checkstyle-be8a60a4,0,5ef5c66325444ee2ac3ba9a4c2635064,com.puppycrawl.tools.checkstyle.checks.naming.ParameterNameCheck,com.puppycrawl.tools.checkstyle.checks.naming.ParameterNameCheck_ESTest,7,0,False
650,Genesis,Checkstyle-be8a60a4,0,96f4895df00b49cf86d230496388a565,com.puppycrawl.tools.checkstyle.checks.naming.ParameterNameCheck,com.puppycrawl.tools.checkstyle.checks.naming.ParameterNameCheck_ESTest,7,0,False
651,Genesis,Checkstyle-be8a60a4,0,cb1cac26c4fb4cfa88a8787ea22d197f,com.puppycrawl.tools.checkstyle.checks.naming.ParameterNameCheck,com.puppycrawl.tools.checkstyle.checks.naming.ParameterNameCheck_ESTest,7,0,False
652,Genesis,Checkstyle-be8a60a4,0,9f84d51cd826461aa38cfd4ae24d374e,com.puppycrawl.tools.checkstyle.checks.naming.ParameterNameCheck,com.puppycrawl.tools.checkstyle.checks.naming.ParameterNameCheck_ESTest,7,0,False
653,Genesis,Checkstyle-be8a60a4,0,a77d056fa1ec4677a529fe1790d868ff,com.puppycrawl.tools.checkstyle.checks.naming.ParameterNameCheck,com.puppycrawl.tools.checkstyle.checks.naming.ParameterNameCheck_ESTest,7,0,False
654,Genesis,Checkstyle-be8a60a4,0,35103fc8c2dc474c8aaa111d17a6ca2d,com.puppycrawl.tools.checkstyle.checks.naming.ParameterNameCheck,com.puppycrawl.tools.checkstyle.checks.naming.ParameterNameCheck_ESTest,7,0,False
655,Genesis,Checkstyle-be8a60a4,0,0d58a2f031074163ad42c53ecc39a145,com.puppycrawl.tools.checkstyle.checks.naming.ParameterNameCheck,com.puppycrawl.tools.checkstyle.checks.naming.ParameterNameCheck_ESTest,7,0,False
656,Genesis,Checkstyle-be8a60a4,0,084356f002b344e2b5b60f77c7df41bf,com.puppycrawl.tools.checkstyle.checks.naming.ParameterNameCheck,com.puppycrawl.tools.checkstyle.checks.naming.ParameterNameCheck_ESTest,7,0,False
657,Genesis,Checkstyle-be8a60a4,0,67fb7d0afb8744749a837a21a5547008,com.puppycrawl.tools.checkstyle.checks.naming.ParameterNameCheck,com.puppycrawl.tools.checkstyle.checks.naming.ParameterNameCheck_ESTest,7,0,False
658,Genesis,Checkstyle-be8a60a4,0,6d5f07caac4147f6945f81db043c7b5c,com.puppycrawl.tools.checkstyle.checks.naming.ParameterNameCheck,com.puppycrawl.tools.checkstyle.checks.naming.ParameterNameCheck_ESTest,7,0,False
659,Genesis,Checkstyle-be8a60a4,0,3e398824e4f0456299e9c384936e63eb,com.puppycrawl.tools.checkstyle.checks.naming.ParameterNameCheck,com.puppycrawl.tools.checkstyle.checks.naming.ParameterNameCheck_ESTest,7,0,False
660,Genesis,Checkstyle-be8a60a4,0,613685229e2445c1a230c1d40cb85040,com.puppycrawl.tools.checkstyle.checks.naming.ParameterNameCheck,com.puppycrawl.tools.checkstyle.checks.naming.ParameterNameCheck_ESTest,7,0,False
661,Genesis,Checkstyle-be8a60a4,0,7bc499fe6ee149888ccdb51c854740ed,com.puppycrawl.tools.checkstyle.checks.naming.ParameterNameCheck,com.puppycrawl.tools.checkstyle.checks.naming.ParameterNameCheck_ESTest,7,0,False
662,Genesis,Checkstyle-be8a60a4,0,1f85e49f09ab4eecb9adf3f700bf1cab,com.puppycrawl.tools.checkstyle.checks.naming.ParameterNameCheck,com.puppycrawl.tools.checkstyle.checks.naming.ParameterNameCheck_ESTest,7,0,False
663,Genesis,Checkstyle-be8a60a4,0,774f40c166db446eb6044f3f915f3981,com.puppycrawl.tools.checkstyle.checks.naming.ParameterNameCheck,com.puppycrawl.tools.checkstyle.checks.naming.ParameterNameCheck_ESTest,7,0,False
664,Genesis,Checkstyle-be8a60a4,0,39c90ece9af14016ae718353291a94d0,com.puppycrawl.tools.checkstyle.checks.naming.ParameterNameCheck,com.puppycrawl.tools.checkstyle.checks.naming.ParameterNameCheck_ESTest,7,0,False
665,Genesis,Javaslang-0dab3ed3,0,74dd4b8f9f764113bc603f9d80936dc8,javaslang.Tuples,javaslang.Tuples_ESTest,72,0,False
666,Genesis,Javaslang-0dab3ed3,0,837af6d1a3f145bba7d4ceaabc80bf6b,javaslang.Tuples,javaslang.Tuples_ESTest,67,0,False
667,Genesis,Javaslang-0dab3ed3,0,02062bec442f411e8c77d6b81e630d52,javaslang.Tuples,javaslang.Tuples_ESTest,69,0,False
668,Genesis,Javaslang-0dab3ed3,0,93e31d446887452baf881ff6b21f97e7,javaslang.Tuples,javaslang.Tuples_ESTest,62,0,False
669,Genesis,Javaslang-0dab3ed3,0,85bf6569be3d4a91bc683c1c807a0322,javaslang.Tuples,javaslang.Tuples_ESTest,63,0,False
670,Genesis,Javaslang-0dab3ed3,0,dca1de0d24cf42f286080308ee49e692,javaslang.Tuples,javaslang.Tuples_ESTest,68,0,False
671,Genesis,Javaslang-0dab3ed3,0,0c20979f7c2d4f75b5dd3b2a00fb2635,javaslang.Tuples,javaslang.Tuples_ESTest,66,0,False
672,Genesis,Javaslang-0dab3ed3,0,09e40962f44d473e8e268a86018f59e3,javaslang.Tuples,javaslang.Tuples_ESTest,66,0,False
673,Genesis,Javaslang-0dab3ed3,0,e275c0f132964fcb9f526a49d90f666b,javaslang.Tuples,javaslang.Tuples_ESTest,65,0,False
674,Genesis,Javaslang-0dab3ed3,0,11cc613ec36f4fd7bb1968b519ab4f73,javaslang.Tuples,javaslang.Tuples_ESTest,67,0,False
675,Genesis,Javaslang-0dab3ed3,0,958f03dc90cf497eae15ea9247d4f853,javaslang.Tuples,javaslang.Tuples_ESTest,65,0,False
676,Genesis,Javaslang-0dab3ed3,0,1f2e9665a0d549fda1a58051113b42f6,javaslang.Tuples,javaslang.Tuples_ESTest,69,0,False
677,Genesis,Javaslang-0dab3ed3,0,5ffc9ffe4cc44aada72b9a8cde66a1b6,javaslang.Tuples,javaslang.Tuples_ESTest,67,0,False
678,Genesis,Javaslang-0dab3ed3,0,70e71e961e0c458cbb27a0896fe25152,javaslang.Tuples,javaslang.Tuples_ESTest,78,0,False
679,Genesis,Javaslang-0dab3ed3,0,22cdef0b5017454eafe70feccc7a4c1f,javaslang.Tuples,javaslang.Tuples_ESTest,68,0,False
680,Genesis,Javaslang-0dab3ed3,0,d5a6bb6c33a048ba91e64a18842485d1,javaslang.Tuples,javaslang.Tuples_ESTest,67,0,False
681,Genesis,Javaslang-0dab3ed3,0,cdc8e80048184c559e2123302858da89,javaslang.Tuples,javaslang.Tuples_ESTest,66,0,False
682,Genesis,Javaslang-0dab3ed3,0,a1d7b0fda0104a36bc03df2c79811793,javaslang.Tuples,javaslang.Tuples_ESTest,68,0,False
683,Genesis,Javaslang-0dab3ed3,0,bf6501f2a49244029ede9777ba8fb93c,javaslang.Tuples,javaslang.Tuples_ESTest,66,0,False
684,Genesis,Javaslang-0dab3ed3,0,decd9e9dfea24e49ad7e508c250667be,javaslang.Tuples,javaslang.Tuples_ESTest,65,0,False
685,Genesis,Activiti-31c8ea16,0,6ed1d3604dc54f95b0084dc5bd490da8,org.activiti.engine.impl.event.AbstractEventHandler,org.activiti.engine.impl.event.AbstractEventHandler_ESTest,0,0,False
686,Genesis,Activiti-31c8ea16,0,7745fd3271ca4f05b1e8e41c0d89d0f1,org.activiti.engine.impl.event.AbstractEventHandler,org.activiti.engine.impl.event.AbstractEventHandler_ESTest,0,0,False
687,Genesis,Activiti-31c8ea16,0,c4e176951186417b8d39a7615d74b608,org.activiti.engine.impl.event.AbstractEventHandler,org.activiti.engine.impl.event.AbstractEventHandler_ESTest,0,0,False
688,Genesis,Activiti-31c8ea16,0,ee4cb3553800497286346f5abd8e82a2,org.activiti.engine.impl.event.AbstractEventHandler,org.activiti.engine.impl.event.AbstractEventHandler_ESTest,0,0,False
689,Genesis,Activiti-31c8ea16,0,a62cbb963b1344d9b95ed3446280911f,org.activiti.engine.impl.event.AbstractEventHandler,org.activiti.engine.impl.event.AbstractEventHandler_ESTest,0,0,False
690,Genesis,Activiti-31c8ea16,0,bcd1e94a50654bc6b3910e9d46077bf3,org.activiti.engine.impl.event.AbstractEventHandler,org.activiti.engine.impl.event.AbstractEventHandler_ESTest,0,0,False
691,Genesis,Activiti-31c8ea16,0,dbb0358e17624899b69ee4a0b6386bd1,org.activiti.engine.impl.event.AbstractEventHandler,org.activiti.engine.impl.event.AbstractEventHandler_ESTest,0,0,False
692,Genesis,Activiti-31c8ea16,0,7a586e9a92da4c64a0cd09d7180e097b,org.activiti.engine.impl.event.AbstractEventHandler,org.activiti.engine.impl.event.AbstractEventHandler_ESTest,0,0,False
693,Genesis,Activiti-31c8ea16,0,f6a644a2f474401ca7cb5f4c048c8260,org.activiti.engine.impl.event.AbstractEventHandler,org.activiti.engine.impl.event.AbstractEventHandler_ESTest,0,0,False
694,Genesis,Activiti-31c8ea16,0,9a994268e1134ac3af3e0335d03885b2,org.activiti.engine.impl.event.AbstractEventHandler,org.activiti.engine.impl.event.AbstractEventHandler_ESTest,0,0,False
695,Genesis,Activiti-31c8ea16,0,d91820baafc94081bbad0c8da44a6c76,org.activiti.engine.impl.event.AbstractEventHandler,org.activiti.engine.impl.event.AbstractEventHandler_ESTest,0,0,False
696,Genesis,Activiti-31c8ea16,0,9ffdc2fd64fc4c839d203910b616fd88,org.activiti.engine.impl.event.AbstractEventHandler,org.activiti.engine.impl.event.AbstractEventHandler_ESTest,0,0,False
697,Genesis,Activiti-31c8ea16,0,525bbec026724ae5952fc2b14d71b57e,org.activiti.engine.impl.event.AbstractEventHandler,org.activiti.engine.impl.event.AbstractEventHandler_ESTest,0,0,False
698,Genesis,Activiti-31c8ea16,0,ad985930c8534b67a89c20d42e7073c8,org.activiti.engine.impl.event.AbstractEventHandler,org.activiti.engine.impl.event.AbstractEventHandler_ESTest,0,0,False
699,Genesis,Activiti-31c8ea16,0,1003f08f321d469c88c237cc13480bf2,org.activiti.engine.impl.event.AbstractEventHandler,org.activiti.engine.impl.event.AbstractEventHandler_ESTest,0,0,False
700,Genesis,Activiti-31c8ea16,0,86bc8a3d1ae2468f910007f50bf90c19,org.activiti.engine.impl.event.AbstractEventHandler,org.activiti.engine.impl.event.AbstractEventHandler_ESTest,0,0,False
701,Genesis,Activiti-31c8ea16,0,d14e103ade474d7a8959ff4277019a7d,org.activiti.engine.impl.event.AbstractEventHandler,org.activiti.engine.impl.event.AbstractEventHandler_ESTest,0,0,False
702,Genesis,Activiti-31c8ea16,0,1dc81c2e4906476fb747b45bc689e582,org.activiti.engine.impl.event.AbstractEventHandler,org.activiti.engine.impl.event.AbstractEventHandler_ESTest,0,0,False
703,Genesis,Activiti-31c8ea16,0,43c86e7c680848789d55192b141b07f2,org.activiti.engine.impl.event.AbstractEventHandler,org.activiti.engine.impl.event.AbstractEventHandler_ESTest,0,0,False
704,Genesis,Activiti-31c8ea16,0,174685bfd3de4886a06bb7b84e63e14e,org.activiti.engine.impl.event.AbstractEventHandler,org.activiti.engine.impl.event.AbstractEventHandler_ESTest,0,0,False
705,Defects4J,Csv-9,0,c159d409278e4449a9e4c5329e89baff,org.apache.commons.csv.CSVRecord,org.apache.commons.csv.CSVRecord_ESTest,34,0,False
706,Defects4J,Csv-9,0,1d1bf0043c634adc9347604996d294e5,org.apache.commons.csv.CSVRecord,org.apache.commons.csv.CSVRecord_ESTest,32,0,False
707,Defects4J,Csv-9,0,f9f4ce97e6534e72a468f04062600b39,org.apache.commons.csv.CSVRecord,org.apache.commons.csv.CSVRecord_ESTest,33,0,False
708,Defects4J,Csv-9,0,dbfce3f8dd1f46f08ee445cc31c9aaf8,org.apache.commons.csv.CSVRecord,org.apache.commons.csv.CSVRecord_ESTest,34,0,False
709,Defects4J,Csv-9,0,f2d138aa0d63445a9d365a253e4766d7,org.apache.commons.csv.CSVRecord,org.apache.commons.csv.CSVRecord_ESTest,34,0,False
710,Defects4J,Csv-9,0,f110603b079a4246bfc0148296b75214,org.apache.commons.csv.CSVRecord,org.apache.commons.csv.CSVRecord_ESTest,33,0,False
711,Defects4J,Csv-9,0,75585f338b634663bcacabe5688b6027,org.apache.commons.csv.CSVRecord,org.apache.commons.csv.CSVRecord_ESTest,33,0,False
712,Defects4J,Csv-9,0,f7967664612d4d078e8f73b2dc94431e,org.apache.commons.csv.CSVRecord,org.apache.commons.csv.CSVRecord_ESTest,33,0,False
713,Defects4J,Csv-9,0,dae2d992e56049339b28a58f1a298fe1,org.apache.commons.csv.CSVRecord,org.apache.commons.csv.CSVRecord_ESTest,34,0,False
714,Defects4J,Csv-9,0,33b8d08e9d0c4851b7622d48b5e663fb,org.apache.commons.csv.CSVRecord,org.apache.commons.csv.CSVRecord_ESTest,33,0,False
715,Defects4J,Csv-9,0,9a4e538bce9c4690b224af9ea13c51a1,org.apache.commons.csv.CSVRecord,org.apache.commons.csv.CSVRecord_ESTest,33,0,False
716,Defects4J,Csv-9,0,f2924e2873bf4c078643d5dcc7b40c7e,org.apache.commons.csv.CSVRecord,org.apache.commons.csv.CSVRecord_ESTest,34,0,False
717,Defects4J,Csv-9,0,ede21a33ef634d3498cfdfc8c9f1ff10,org.apache.commons.csv.CSVRecord,org.apache.commons.csv.CSVRecord_ESTest,35,0,False
718,Defects4J,Csv-9,0,a1772791722940f2b7217dcb2758028f,org.apache.commons.csv.CSVRecord,org.apache.commons.csv.CSVRecord_ESTest,33,0,False
719,Defects4J,Csv-9,0,9b0b8878c8bf4c55bf6f28f6777e41f5,org.apache.commons.csv.CSVRecord,org.apache.commons.csv.CSVRecord_ESTest,33,0,False
720,Defects4J,Csv-9,0,6f196130256241aeb693563dc463bd03,org.apache.commons.csv.CSVRecord,org.apache.commons.csv.CSVRecord_ESTest,33,0,False
721,Defects4J,Csv-9,0,3ddd54501a944d2ebfc93524afd694b7,org.apache.commons.csv.CSVRecord,org.apache.commons.csv.CSVRecord_ESTest,34,0,False
722,Defects4J,Csv-9,0,963d91c56b2c4fa38fac48f222ff1132,org.apache.commons.csv.CSVRecord,org.apache.commons.csv.CSVRecord_ESTest,32,0,False
723,Defects4J,Csv-9,0,9c23c8538a4c44fe9e04a05bc3e88528,org.apache.commons.csv.CSVRecord,org.apache.commons.csv.CSVRecord_ESTest,34,0,False
724,Defects4J,Csv-9,0,7f1ab552c2874ab5996e02e915aab012,org.apache.commons.csv.CSVRecord,org.apache.commons.csv.CSVRecord_ESTest,31,0,False
725,Defects4J,Math-70,0,02d1384508e94521aacd6f9616ee57f2,org.apache.commons.math.analysis.solvers.BisectionSolver,org.apache.commons.math.analysis.solvers.BisectionSolver_ESTest,21,0,False
726,Defects4J,Math-70,0,aad476f6ab7147a0acbf2a96f49b62bb,org.apache.commons.math.analysis.solvers.BisectionSolver,org.apache.commons.math.analysis.solvers.BisectionSolver_ESTest,24,0,False
727,Defects4J,Math-70,0,1d9579df62f34935b2ccd2f4fa633972,org.apache.commons.math.analysis.solvers.BisectionSolver,org.apache.commons.math.analysis.solvers.BisectionSolver_ESTest,23,0,False
728,Defects4J,Math-70,0,4a82308c217d4526ae14dde550a8170d,org.apache.commons.math.analysis.solvers.BisectionSolver,org.apache.commons.math.analysis.solvers.BisectionSolver_ESTest,22,0,False
729,Defects4J,Math-70,0,46d4e13be93e4f58ab4cbd837faffae1,org.apache.commons.math.analysis.solvers.BisectionSolver,org.apache.commons.math.analysis.solvers.BisectionSolver_ESTest,19,0,False
730,Defects4J,Math-70,0,291412f25b6442f0b7246713fae8bb48,org.apache.commons.math.analysis.solvers.BisectionSolver,org.apache.commons.math.analysis.solvers.BisectionSolver_ESTest,23,0,False
731,Defects4J,Math-70,0,7554df0cea104eb690f37034997219ea,org.apache.commons.math.analysis.solvers.BisectionSolver,org.apache.commons.math.analysis.solvers.BisectionSolver_ESTest,21,0,False
732,Defects4J,Math-70,0,3b90fd3adf6a4a319aed72681b2d790a,org.apache.commons.math.analysis.solvers.BisectionSolver,org.apache.commons.math.analysis.solvers.BisectionSolver_ESTest,23,0,False
733,Defects4J,Math-70,0,ba4472128e7d40868017c0eb3828499d,org.apache.commons.math.analysis.solvers.BisectionSolver,org.apache.commons.math.analysis.solvers.BisectionSolver_ESTest,20,0,False
734,Defects4J,Math-70,0,67375610d101402fab07704e0dbfdcd6,org.apache.commons.math.analysis.solvers.BisectionSolver,org.apache.commons.math.analysis.solvers.BisectionSolver_ESTest,25,0,False
735,Defects4J,Math-70,0,cfdc056d91454045b1efc19d17a44a6e,org.apache.commons.math.analysis.solvers.BisectionSolver,org.apache.commons.math.analysis.solvers.BisectionSolver_ESTest,22,0,False
736,Defects4J,Math-70,0,417c654dcb3c4ee39b04a730bd3c4dd2,org.apache.commons.math.analysis.solvers.BisectionSolver,org.apache.commons.math.analysis.solvers.BisectionSolver_ESTest,20,0,False
737,Defects4J,Math-70,0,6315efb8f61143e78179387734a03641,org.apache.commons.math.analysis.solvers.BisectionSolver,org.apache.commons.math.analysis.solvers.BisectionSolver_ESTest,22,0,False
738,Defects4J,Math-70,0,1984c8ce5deb48cfb2f2e45aae29d6f6,org.apache.commons.math.analysis.solvers.BisectionSolver,org.apache.commons.math.analysis.solvers.BisectionSolver_ESTest,22,0,False
739,Defects4J,Math-70,0,16a6134aa4cc46d19109f7d60237c9a4,org.apache.commons.math.analysis.solvers.BisectionSolver,org.apache.commons.math.analysis.solvers.BisectionSolver_ESTest,22,0,False
740,Defects4J,Math-70,0,4024e9787e72481895a61d035a3b9d83,org.apache.commons.math.analysis.solvers.BisectionSolver,org.apache.commons.math.analysis.solvers.BisectionSolver_ESTest,21,0,False
741,Defects4J,Math-70,0,f2293e4b488f497e8429b90796e980a3,org.apache.commons.math.analysis.solvers.BisectionSolver,org.apache.commons.math.analysis.solvers.BisectionSolver_ESTest,19,0,False
742,Defects4J,Math-70,0,853a3af9555f4b0ba66a98e5a38d0731,org.apache.commons.math.analysis.solvers.BisectionSolver,org.apache.commons.math.analysis.solvers.BisectionSolver_ESTest,19,0,False
743,Defects4J,Math-70,0,2e1fdbe0ae0d41abb64f4a8589f43b7c,org.apache.commons.math.analysis.solvers.BisectionSolver,org.apache.commons.math.analysis.solvers.BisectionSolver_ESTest,22,0,False
744,Defects4J,Math-70,0,c977207d73cb4c9a95c9407bd597d3c1,org.apache.commons.math.analysis.solvers.BisectionSolver,org.apache.commons.math.analysis.solvers.BisectionSolver_ESTest,21,0,False
745,Defects4J,Math-79,0,1208d686340343e98d482436be114bea,org.apache.commons.math.stat.clustering.KMeansPlusPlusClusterer,org.apache.commons.math.stat.clustering.KMeansPlusPlusClusterer_ESTest,4,0,False
746,Defects4J,Math-79,0,f275e158059a47df9fba11fbd50d90e7,org.apache.commons.math.stat.clustering.KMeansPlusPlusClusterer,org.apache.commons.math.stat.clustering.KMeansPlusPlusClusterer_ESTest,3,0,False
747,Defects4J,Math-79,0,13cd880270d0483ebc15a75a35df86f4,org.apache.commons.math.stat.clustering.KMeansPlusPlusClusterer,org.apache.commons.math.stat.clustering.KMeansPlusPlusClusterer_ESTest,4,0,False
748,Defects4J,Math-79,0,bb1c9978826b4cf6942e9cb71f2c34ab,org.apache.commons.math.stat.clustering.KMeansPlusPlusClusterer,org.apache.commons.math.stat.clustering.KMeansPlusPlusClusterer_ESTest,4,0,False
749,Defects4J,Math-79,0,1bca578b94074a2f94e91a83680fa706,org.apache.commons.math.stat.clustering.KMeansPlusPlusClusterer,org.apache.commons.math.stat.clustering.KMeansPlusPlusClusterer_ESTest,5,0,False
750,Defects4J,Math-79,0,756b83335c364f6c857d717b5689b384,org.apache.commons.math.stat.clustering.KMeansPlusPlusClusterer,org.apache.commons.math.stat.clustering.KMeansPlusPlusClusterer_ESTest,4,0,False
751,Defects4J,Math-79,0,e4d56d98c35a43d2a0f56a38c8bd8387,org.apache.commons.math.stat.clustering.KMeansPlusPlusClusterer,org.apache.commons.math.stat.clustering.KMeansPlusPlusClusterer_ESTest,4,0,False
752,Defects4J,Math-79,0,9f00c2a358864041b2c87629871c5a46,org.apache.commons.math.stat.clustering.KMeansPlusPlusClusterer,org.apache.commons.math.stat.clustering.KMeansPlusPlusClusterer_ESTest,3,0,False
753,Defects4J,Math-79,0,3365d418348741d99edc634189568cfb,org.apache.commons.math.stat.clustering.KMeansPlusPlusClusterer,org.apache.commons.math.stat.clustering.KMeansPlusPlusClusterer_ESTest,3,0,False
754,Defects4J,Math-79,0,8fc2c8ac33b14d388efbd1f2877fa387,org.apache.commons.math.stat.clustering.KMeansPlusPlusClusterer,org.apache.commons.math.stat.clustering.KMeansPlusPlusClusterer_ESTest,4,0,False
755,Defects4J,Math-79,0,022721d21c61496c8aad52410810f2e2,org.apache.commons.math.stat.clustering.KMeansPlusPlusClusterer,org.apache.commons.math.stat.clustering.KMeansPlusPlusClusterer_ESTest,3,0,False
756,Defects4J,Math-79,0,258a7e9e6bf645caa494301df66f66b4,org.apache.commons.math.stat.clustering.KMeansPlusPlusClusterer,org.apache.commons.math.stat.clustering.KMeansPlusPlusClusterer_ESTest,5,0,False
757,Defects4J,Math-79,0,44d9fe0be5b44cf291104ea6c3121abf,org.apache.commons.math.stat.clustering.KMeansPlusPlusClusterer,org.apache.commons.math.stat.clustering.KMeansPlusPlusClusterer_ESTest,4,0,False
758,Defects4J,Math-79,0,5054925dc5f549a08baa3c98f71151a4,org.apache.commons.math.stat.clustering.KMeansPlusPlusClusterer,org.apache.commons.math.stat.clustering.KMeansPlusPlusClusterer_ESTest,5,0,False
759,Defects4J,Math-79,0,8eaa4c6769534788b315eda4434da73d,org.apache.commons.math.stat.clustering.KMeansPlusPlusClusterer,org.apache.commons.math.stat.clustering.KMeansPlusPlusClusterer_ESTest,5,0,False
760,Defects4J,Math-79,0,1149adc1fa9945f0ac088509bf5470c8,org.apache.commons.math.stat.clustering.KMeansPlusPlusClusterer,org.apache.commons.math.stat.clustering.KMeansPlusPlusClusterer_ESTest,5,0,False
761,Defects4J,Math-79,0,19c6386dec1741c6a5c58542b62679d8,org.apache.commons.math.stat.clustering.KMeansPlusPlusClusterer,org.apache.commons.math.stat.clustering.KMeansPlusPlusClusterer_ESTest,4,0,False
762,Defects4J,Math-79,0,5a644cba49f843ee90da7f0368202433,org.apache.commons.math.stat.clustering.KMeansPlusPlusClusterer,org.apache.commons.math.stat.clustering.KMeansPlusPlusClusterer_ESTest,3,0,False
763,Defects4J,Math-79,0,82408c2bd7044accb1c85da5e7e908fc,org.apache.commons.math.stat.clustering.KMeansPlusPlusClusterer,org.apache.commons.math.stat.clustering.KMeansPlusPlusClusterer_ESTest,4,0,False
764,Defects4J,Math-79,0,650e3979fb264e17bb13da10874e42dd,org.apache.commons.math.stat.clustering.KMeansPlusPlusClusterer,org.apache.commons.math.stat.clustering.KMeansPlusPlusClusterer_ESTest,4,0,False
765,Defects4J,Csv-11,0,9b54fb92ef5a47b496d843df37cd0ff2,org.apache.commons.csv.CSVParser,org.apache.commons.csv.CSVParser_ESTest,23,0,False
766,Defects4J,Csv-11,0,9d2f8061a4334549872d1ff356d7c2df,org.apache.commons.csv.CSVParser,org.apache.commons.csv.CSVParser_ESTest,25,0,False
767,Defects4J,Csv-11,0,b47402cd35554ee7a41eace57ef8a7ff,org.apache.commons.csv.CSVParser,org.apache.commons.csv.CSVParser_ESTest,23,0,False
768,Defects4J,Csv-11,0,ed023adf33cc4106a9692bc59389067f,org.apache.commons.csv.CSVParser,org.apache.commons.csv.CSVParser_ESTest,22,0,False
769,Defects4J,Csv-11,0,d856c4f97aa549ada5d970e435ad962d,org.apache.commons.csv.CSVParser,org.apache.commons.csv.CSVParser_ESTest,24,0,False
770,Defects4J,Csv-11,0,6fe6b019034a40f88dcc165df6632cad,org.apache.commons.csv.CSVParser,org.apache.commons.csv.CSVParser_ESTest,25,0,False
771,Defects4J,Csv-11,0,fc4c65ab9cc347dc811f4b7b4face8c7,org.apache.commons.csv.CSVParser,org.apache.commons.csv.CSVParser_ESTest,23,0,False
772,Defects4J,Csv-11,0,7a04d1e0557a4463827ed0bf2ec0c706,org.apache.commons.csv.CSVParser,org.apache.commons.csv.CSVParser_ESTest,23,0,False
773,Defects4J,Csv-11,0,3fadd191fef2488e8d0479a4f2e0caa2,org.apache.commons.csv.CSVParser,org.apache.commons.csv.CSVParser_ESTest,24,0,False
774,Defects4J,Csv-11,0,e3c2b3484773427385884c199c57c511,org.apache.commons.csv.CSVParser,org.apache.commons.csv.CSVParser_ESTest,25,0,False
775,Defects4J,Csv-11,0,25ff7b6f1b664c4dab3bbffe4ca42897,org.apache.commons.csv.CSVParser,org.apache.commons.csv.CSVParser_ESTest,24,0,False
776,Defects4J,Csv-11,0,8ac7c93f390d4dccb6772e07ff0f14fa,org.apache.commons.csv.CSVParser,org.apache.commons.csv.CSVParser_ESTest,24,0,False
777,Defects4J,Csv-11,0,00b653853b004e92a9720e0ecf406ee6,org.apache.commons.csv.CSVParser,org.apache.commons.csv.CSVParser_ESTest,23,0,False
778,Defects4J,Csv-11,0,0f5865f3132742dc96d1ec1854040377,org.apache.commons.csv.CSVParser,org.apache.commons.csv.CSVParser_ESTest,25,0,False
779,Defects4J,Csv-11,0,aa0372b5888543ee8b38b7d7df8861fb,org.apache.commons.csv.CSVParser,org.apache.commons.csv.CSVParser_ESTest,25,0,False
780,Defects4J,Csv-11,0,be3fc9224fd1433b8857e80fdc8fb7a9,org.apache.commons.csv.CSVParser,org.apache.commons.csv.CSVParser_ESTest,23,0,False
781,Defects4J,Csv-11,0,f810442b9cf146ddaa75a2a9bd8d9be9,org.apache.commons.csv.CSVParser,org.apache.commons.csv.CSVParser_ESTest,24,0,False
782,Defects4J,Csv-11,0,5451e922334148fba3db0e88c8031855,org.apache.commons.csv.CSVParser,org.apache.commons.csv.CSVParser_ESTest,25,0,False
783,Defects4J,Csv-11,0,1525004264e34419a5a94511c369e645,org.apache.commons.csv.CSVParser,org.apache.commons.csv.CSVParser_ESTest,25,0,False
784,Defects4J,Csv-11,0,008fb3fbd56f474b838c281b3a73f70c,org.apache.commons.csv.CSVParser,org.apache.commons.csv.CSVParser_ESTest,26,0,False
785,Defects4J,Cli-30,0,a1ae2294d3ae48c682f5ada0251089bf,org.apache.commons.cli.Parser,org.apache.commons.cli.Parser_ESTest,26,0,False
786,Defects4J,Cli-30,0,a1ae2294d3ae48c682f5ada0251089bf,org.apache.commons.cli.DefaultParser,org.apache.commons.cli.DefaultParser_ESTest,24,0,False
787,Defects4J,Cli-30,0,bdcf7980d0c349e29ef7b577ac62940f,org.apache.commons.cli.Parser,org.apache.commons.cli.Parser_ESTest,25,0,False
788,Defects4J,Cli-30,0,bdcf7980d0c349e29ef7b577ac62940f,org.apache.commons.cli.DefaultParser,org.apache.commons.cli.DefaultParser_ESTest,22,0,False
789,Defects4J,Cli-30,0,1f28778dc7344886a61429c5ca02b3d6,org.apache.commons.cli.Parser,org.apache.commons.cli.Parser_ESTest,27,0,False
790,Defects4J,Cli-30,0,1f28778dc7344886a61429c5ca02b3d6,org.apache.commons.cli.DefaultParser,org.apache.commons.cli.DefaultParser_ESTest,27,0,False
791,Defects4J,Cli-30,0,c3dce1d93939481ba9789d0431c11ae2,org.apache.commons.cli.Parser,org.apache.commons.cli.Parser_ESTest,27,0,False
792,Defects4J,Cli-30,0,c3dce1d93939481ba9789d0431c11ae2,org.apache.commons.cli.DefaultParser,org.apache.commons.cli.DefaultParser_ESTest,26,0,False
793,Defects4J,Cli-30,0,b09883f4e57d4a7da6c688e8a0e10f17,org.apache.commons.cli.Parser,org.apache.commons.cli.Parser_ESTest,26,0,False
794,Defects4J,Cli-30,0,b09883f4e57d4a7da6c688e8a0e10f17,org.apache.commons.cli.DefaultParser,org.apache.commons.cli.DefaultParser_ESTest,23,0,False
795,Defects4J,Cli-30,0,d7f9b2e93837466d829f0d3824da92aa,org.apache.commons.cli.Parser,org.apache.commons.cli.Parser_ESTest,23,0,False
796,Defects4J,Cli-30,0,d7f9b2e93837466d829f0d3824da92aa,org.apache.commons.cli.DefaultParser,org.apache.commons.cli.DefaultParser_ESTest,25,0,False
797,Defects4J,Cli-30,0,dd23065d87c346febebd199d455c02f1,org.apache.commons.cli.Parser,org.apache.commons.cli.Parser_ESTest,24,0,False
798,Defects4J,Cli-30,0,dd23065d87c346febebd199d455c02f1,org.apache.commons.cli.DefaultParser,org.apache.commons.cli.DefaultParser_ESTest,28,0,False
799,Defects4J,Cli-30,0,e15053ccaef14dad85189c2de5ebde25,org.apache.commons.cli.Parser,org.apache.commons.cli.Parser_ESTest,26,0,False
800,Defects4J,Cli-30,0,e15053ccaef14dad85189c2de5ebde25,org.apache.commons.cli.DefaultParser,org.apache.commons.cli.DefaultParser_ESTest,24,0,False
801,Defects4J,Cli-30,0,2cbbc8132522418ba0de20a54d6e23bf,org.apache.commons.cli.Parser,org.apache.commons.cli.Parser_ESTest,23,0,False
802,Defects4J,Cli-30,0,2cbbc8132522418ba0de20a54d6e23bf,org.apache.commons.cli.DefaultParser,org.apache.commons.cli.DefaultParser_ESTest,23,0,False
803,Defects4J,Cli-30,0,7f243a60fd5f4265b096205da6757f99,org.apache.commons.cli.Parser,org.apache.commons.cli.Parser_ESTest,26,0,False
804,Defects4J,Cli-30,0,7f243a60fd5f4265b096205da6757f99,org.apache.commons.cli.DefaultParser,org.apache.commons.cli.DefaultParser_ESTest,25,0,False
805,Defects4J,Cli-30,0,5134558851c84c39bf9da30870481798,org.apache.commons.cli.Parser,org.apache.commons.cli.Parser_ESTest,23,0,False
806,Defects4J,Cli-30,0,5134558851c84c39bf9da30870481798,org.apache.commons.cli.DefaultParser,org.apache.commons.cli.DefaultParser_ESTest,25,0,False
807,Defects4J,Cli-30,0,d75f49f300e94079994653ace1a70ee1,org.apache.commons.cli.Parser,org.apache.commons.cli.Parser_ESTest,24,0,False
808,Defects4J,Cli-30,0,d75f49f300e94079994653ace1a70ee1,org.apache.commons.cli.DefaultParser,org.apache.commons.cli.DefaultParser_ESTest,28,0,False
809,Defects4J,Cli-30,0,bc14c2fbce1a4010b1766be67966b80b,org.apache.commons.cli.Parser,org.apache.commons.cli.Parser_ESTest,23,0,False
810,Defects4J,Cli-30,0,bc14c2fbce1a4010b1766be67966b80b,org.apache.commons.cli.DefaultParser,org.apache.commons.cli.DefaultParser_ESTest,25,0,False
811,Defects4J,Cli-30,0,2a4fd76e61ef49e4aa2385ef5d8a8ba9,org.apache.commons.cli.Parser,org.apache.commons.cli.Parser_ESTest,27,0,False
812,Defects4J,Cli-30,0,2a4fd76e61ef49e4aa2385ef5d8a8ba9,org.apache.commons.cli.DefaultParser,org.apache.commons.cli.DefaultParser_ESTest,25,0,False
813,Defects4J,Cli-30,0,bef6eab25b4f40d0a1af8906ac23117c,org.apache.commons.cli.Parser,org.apache.commons.cli.Parser_ESTest,24,0,False
814,Defects4J,Cli-30,0,bef6eab25b4f40d0a1af8906ac23117c,org.apache.commons.cli.DefaultParser,org.apache.commons.cli.DefaultParser_ESTest,25,0,False
815,Defects4J,Cli-30,0,2ae26da3dd324010aec2f91bbc67bf2a,org.apache.commons.cli.Parser,org.apache.commons.cli.Parser_ESTest,27,0,False
816,Defects4J,Cli-30,0,2ae26da3dd324010aec2f91bbc67bf2a,org.apache.commons.cli.DefaultParser,org.apache.commons.cli.DefaultParser_ESTest,27,0,False
817,Defects4J,Cli-30,0,89a4c50ab1154216925953c9170cf3b2,org.apache.commons.cli.Parser,org.apache.commons.cli.Parser_ESTest,25,0,False
818,Defects4J,Cli-30,0,89a4c50ab1154216925953c9170cf3b2,org.apache.commons.cli.DefaultParser,org.apache.commons.cli.DefaultParser_ESTest,26,0,False
819,Defects4J,Cli-30,0,4e1d789d5a424ce59d67573d3ef6c9f0,org.apache.commons.cli.Parser,org.apache.commons.cli.Parser_ESTest,25,0,False
820,Defects4J,Cli-30,0,4e1d789d5a424ce59d67573d3ef6c9f0,org.apache.commons.cli.DefaultParser,org.apache.commons.cli.DefaultParser_ESTest,20,0,False
821,Defects4J,Cli-30,0,3dfb6c8140cf4881b14e8de34495fb9d,org.apache.commons.cli.Parser,org.apache.commons.cli.Parser_ESTest,24,0,False
822,Defects4J,Cli-30,0,3dfb6c8140cf4881b14e8de34495fb9d,org.apache.commons.cli.DefaultParser,org.apache.commons.cli.DefaultParser_ESTest,28,0,False
823,Defects4J,Cli-30,0,fd9137ce76614b42b98af5e4ee2615d8,org.apache.commons.cli.Parser,org.apache.commons.cli.Parser_ESTest,24,0,False
824,Defects4J,Cli-30,0,fd9137ce76614b42b98af5e4ee2615d8,org.apache.commons.cli.DefaultParser,org.apache.commons.cli.DefaultParser_ESTest,30,0,False
825,Defects4J,Cli-30,1,a1ae2294d3ae48c682f5ada0251089bf,org.apache.commons.cli.Parser,org.apache.commons.cli.Parser_ESTest,26,0,False
826,Defects4J,Cli-30,1,a1ae2294d3ae48c682f5ada0251089bf,org.apache.commons.cli.DefaultParser,org.apache.commons.cli.DefaultParser_ESTest,24,0,False
827,Defects4J,Cli-30,1,bdcf7980d0c349e29ef7b577ac62940f,org.apache.commons.cli.Parser,org.apache.commons.cli.Parser_ESTest,25,0,False
828,Defects4J,Cli-30,1,bdcf7980d0c349e29ef7b577ac62940f,org.apache.commons.cli.DefaultParser,org.apache.commons.cli.DefaultParser_ESTest,22,0,False
829,Defects4J,Cli-30,1,1f28778dc7344886a61429c5ca02b3d6,org.apache.commons.cli.Parser,org.apache.commons.cli.Parser_ESTest,27,0,False
830,Defects4J,Cli-30,1,1f28778dc7344886a61429c5ca02b3d6,org.apache.commons.cli.DefaultParser,org.apache.commons.cli.DefaultParser_ESTest,27,0,False
831,Defects4J,Cli-30,1,c3dce1d93939481ba9789d0431c11ae2,org.apache.commons.cli.Parser,org.apache.commons.cli.Parser_ESTest,27,0,False
832,Defects4J,Cli-30,1,c3dce1d93939481ba9789d0431c11ae2,org.apache.commons.cli.DefaultParser,org.apache.commons.cli.DefaultParser_ESTest,26,0,False
833,Defects4J,Cli-30,1,b09883f4e57d4a7da6c688e8a0e10f17,org.apache.commons.cli.Parser,org.apache.commons.cli.Parser_ESTest,26,0,False
834,Defects4J,Cli-30,1,b09883f4e57d4a7da6c688e8a0e10f17,org.apache.commons.cli.DefaultParser,org.apache.commons.cli.DefaultParser_ESTest,23,0,False
835,Defects4J,Cli-30,1,d7f9b2e93837466d829f0d3824da92aa,org.apache.commons.cli.Parser,org.apache.commons.cli.Parser_ESTest,23,0,False
836,Defects4J,Cli-30,1,d7f9b2e93837466d829f0d3824da92aa,org.apache.commons.cli.DefaultParser,org.apache.commons.cli.DefaultParser_ESTest,25,0,False
837,Defects4J,Cli-30,1,dd23065d87c346febebd199d455c02f1,org.apache.commons.cli.Parser,org.apache.commons.cli.Parser_ESTest,24,0,False
838,Defects4J,Cli-30,1,dd23065d87c346febebd199d455c02f1,org.apache.commons.cli.DefaultParser,org.apache.commons.cli.DefaultParser_ESTest,28,0,False
839,Defects4J,Cli-30,1,e15053ccaef14dad85189c2de5ebde25,org.apache.commons.cli.Parser,org.apache.commons.cli.Parser_ESTest,26,0,False
840,Defects4J,Cli-30,1,e15053ccaef14dad85189c2de5ebde25,org.apache.commons.cli.DefaultParser,org.apache.commons.cli.DefaultParser_ESTest,24,0,False
841,Defects4J,Cli-30,1,2cbbc8132522418ba0de20a54d6e23bf,org.apache.commons.cli.Parser,org.apache.commons.cli.Parser_ESTest,23,0,False
842,Defects4J,Cli-30,1,2cbbc8132522418ba0de20a54d6e23bf,org.apache.commons.cli.DefaultParser,org.apache.commons.cli.DefaultParser_ESTest,23,0,False
843,Defects4J,Cli-30,1,7f243a60fd5f4265b096205da6757f99,org.apache.commons.cli.Parser,org.apache.commons.cli.Parser_ESTest,26,0,False
844,Defects4J,Cli-30,1,7f243a60fd5f4265b096205da6757f99,org.apache.commons.cli.DefaultParser,org.apache.commons.cli.DefaultParser_ESTest,25,0,False
845,Defects4J,Cli-30,1,5134558851c84c39bf9da30870481798,org.apache.commons.cli.Parser,org.apache.commons.cli.Parser_ESTest,23,0,False
846,Defects4J,Cli-30,1,5134558851c84c39bf9da30870481798,org.apache.commons.cli.DefaultParser,org.apache.commons.cli.DefaultParser_ESTest,25,0,False
847,Defects4J,Cli-30,1,d75f49f300e94079994653ace1a70ee1,org.apache.commons.cli.Parser,org.apache.commons.cli.Parser_ESTest,24,0,False
848,Defects4J,Cli-30,1,d75f49f300e94079994653ace1a70ee1,org.apache.commons.cli.DefaultParser,org.apache.commons.cli.DefaultParser_ESTest,28,0,False
849,Defects4J,Cli-30,1,bc14c2fbce1a4010b1766be67966b80b,org.apache.commons.cli.Parser,org.apache.commons.cli.Parser_ESTest,23,0,False
850,Defects4J,Cli-30,1,bc14c2fbce1a4010b1766be67966b80b,org.apache.commons.cli.DefaultParser,org.apache.commons.cli.DefaultParser_ESTest,25,0,False
851,Defects4J,Cli-30,1,2a4fd76e61ef49e4aa2385ef5d8a8ba9,org.apache.commons.cli.Parser,org.apache.commons.cli.Parser_ESTest,27,0,False
852,Defects4J,Cli-30,1,2a4fd76e61ef49e4aa2385ef5d8a8ba9,org.apache.commons.cli.DefaultParser,org.apache.commons.cli.DefaultParser_ESTest,25,0,False
853,Defects4J,Cli-30,1,bef6eab25b4f40d0a1af8906ac23117c,org.apache.commons.cli.Parser,org.apache.commons.cli.Parser_ESTest,24,0,False
854,Defects4J,Cli-30,1,bef6eab25b4f40d0a1af8906ac23117c,org.apache.commons.cli.DefaultParser,org.apache.commons.cli.DefaultParser_ESTest,25,0,False
855,Defects4J,Cli-30,1,2ae26da3dd324010aec2f91bbc67bf2a,org.apache.commons.cli.Parser,org.apache.commons.cli.Parser_ESTest,27,0,False
856,Defects4J,Cli-30,1,2ae26da3dd324010aec2f91bbc67bf2a,org.apache.commons.cli.DefaultParser,org.apache.commons.cli.DefaultParser_ESTest,27,0,False
857,Defects4J,Cli-30,1,89a4c50ab1154216925953c9170cf3b2,org.apache.commons.cli.Parser,org.apache.commons.cli.Parser_ESTest,25,0,False
858,Defects4J,Cli-30,1,89a4c50ab1154216925953c9170cf3b2,org.apache.commons.cli.DefaultParser,org.apache.commons.cli.DefaultParser_ESTest,26,0,False
859,Defects4J,Cli-30,1,4e1d789d5a424ce59d67573d3ef6c9f0,org.apache.commons.cli.Parser,org.apache.commons.cli.Parser_ESTest,25,0,False
860,Defects4J,Cli-30,1,4e1d789d5a424ce59d67573d3ef6c9f0,org.apache.commons.cli.DefaultParser,org.apache.commons.cli.DefaultParser_ESTest,20,0,False
861,Defects4J,Cli-30,1,3dfb6c8140cf4881b14e8de34495fb9d,org.apache.commons.cli.Parser,org.apache.commons.cli.Parser_ESTest,24,0,False
862,Defects4J,Cli-30,1,3dfb6c8140cf4881b14e8de34495fb9d,org.apache.commons.cli.DefaultParser,org.apache.commons.cli.DefaultParser_ESTest,28,0,False
863,Defects4J,Cli-30,1,fd9137ce76614b42b98af5e4ee2615d8,org.apache.commons.cli.Parser,org.apache.commons.cli.Parser_ESTest,24,0,False
864,Defects4J,Cli-30,1,fd9137ce76614b42b98af5e4ee2615d8,org.apache.commons.cli.DefaultParser,org.apache.commons.cli.DefaultParser_ESTest,30,0,False
865,NPEX,PDFBox-55586aad,0,3342a0885cb143f8845d31f9897371b1,org.apache.pdfbox.pdmodel.interactive.action.PDActionURI,org.apache.pdfbox.pdmodel.interactive.action.PDActionURI_ESTest,4,0,False
866,NPEX,PDFBox-55586aad,0,e5066cd08b5748e98bf1bc761d7f122e,org.apache.pdfbox.pdmodel.interactive.action.PDActionURI,org.apache.pdfbox.pdmodel.interactive.action.PDActionURI_ESTest,4,0,False
867,NPEX,PDFBox-55586aad,0,44abac83feb3469d80bf05373e0540e7,org.apache.pdfbox.pdmodel.interactive.action.PDActionURI,org.apache.pdfbox.pdmodel.interactive.action.PDActionURI_ESTest,4,0,False
868,NPEX,PDFBox-55586aad,0,af8495b7fc3e4cdc925f737570eb8655,org.apache.pdfbox.pdmodel.interactive.action.PDActionURI,org.apache.pdfbox.pdmodel.interactive.action.PDActionURI_ESTest,4,0,False
869,NPEX,PDFBox-55586aad,0,9292ce3547c74869961de0a94ac4f882,org.apache.pdfbox.pdmodel.interactive.action.PDActionURI,org.apache.pdfbox.pdmodel.interactive.action.PDActionURI_ESTest,4,0,False
870,NPEX,PDFBox-55586aad,0,7df5f487b653406a9ebe230b96fffb43,org.apache.pdfbox.pdmodel.interactive.action.PDActionURI,org.apache.pdfbox.pdmodel.interactive.action.PDActionURI_ESTest,4,0,False
871,NPEX,PDFBox-55586aad,0,caec6bad6cce49adacfdf1e3d9e88b2e,org.apache.pdfbox.pdmodel.interactive.action.PDActionURI,org.apache.pdfbox.pdmodel.interactive.action.PDActionURI_ESTest,4,0,False
872,NPEX,PDFBox-55586aad,0,013fb0163b13473cb4758b091f5c2fdd,org.apache.pdfbox.pdmodel.interactive.action.PDActionURI,org.apache.pdfbox.pdmodel.interactive.action.PDActionURI_ESTest,4,0,False
873,NPEX,PDFBox-55586aad,0,fc19e709f6614bce9a5db924c4f0acb8,org.apache.pdfbox.pdmodel.interactive.action.PDActionURI,org.apache.pdfbox.pdmodel.interactive.action.PDActionURI_ESTest,4,0,False
874,NPEX,PDFBox-55586aad,0,d5ab9129ddfb47e88f6fb8b1297eb9e7,org.apache.pdfbox.pdmodel.interactive.action.PDActionURI,org.apache.pdfbox.pdmodel.interactive.action.PDActionURI_ESTest,4,0,False
875,NPEX,PDFBox-55586aad,0,e7308e02a0544dcea88cb13e147a59a2,org.apache.pdfbox.pdmodel.interactive.action.PDActionURI,org.apache.pdfbox.pdmodel.interactive.action.PDActionURI_ESTest,4,0,False
876,NPEX,PDFBox-55586aad,0,7e1e944a4e5c401fb34c2fb15f115a9f,org.apache.pdfbox.pdmodel.interactive.action.PDActionURI,org.apache.pdfbox.pdmodel.interactive.action.PDActionURI_ESTest,4,0,False
877,NPEX,PDFBox-55586aad,0,1a18ef6ed01f4ebe8ec2c8a449fdcb2b,org.apache.pdfbox.pdmodel.interactive.action.PDActionURI,org.apache.pdfbox.pdmodel.interactive.action.PDActionURI_ESTest,4,0,False
878,NPEX,PDFBox-55586aad,0,da2f3e9d97b64662be35f47db25b4210,org.apache.pdfbox.pdmodel.interactive.action.PDActionURI,org.apache.pdfbox.pdmodel.interactive.action.PDActionURI_ESTest,4,0,False
879,NPEX,PDFBox-55586aad,0,e246ebf4c4d64e1c8a43a208a65d92d6,org.apache.pdfbox.pdmodel.interactive.action.PDActionURI,org.apache.pdfbox.pdmodel.interactive.action.PDActionURI_ESTest,4,0,False
880,NPEX,PDFBox-55586aad,0,95cbf2f051ac455281cb7ac749c23b32,org.apache.pdfbox.pdmodel.interactive.action.PDActionURI,org.apache.pdfbox.pdmodel.interactive.action.PDActionURI_ESTest,4,0,False
881,NPEX,PDFBox-55586aad,0,cf8c32b966654d1aa2c840872b21f285,org.apache.pdfbox.pdmodel.interactive.action.PDActionURI,org.apache.pdfbox.pdmodel.interactive.action.PDActionURI_ESTest,4,0,False
882,NPEX,PDFBox-55586aad,0,3efedcb487544de4896fde55c7d8718b,org.apache.pdfbox.pdmodel.interactive.action.PDActionURI,org.apache.pdfbox.pdmodel.interactive.action.PDActionURI_ESTest,4,0,False
883,NPEX,PDFBox-55586aad,0,4711e7bc025b4ff4969431ed87c46e02,org.apache.pdfbox.pdmodel.interactive.action.PDActionURI,org.apache.pdfbox.pdmodel.interactive.action.PDActionURI_ESTest,4,0,False
884,NPEX,Log4j_2-6a233016,0,2a12416ea3b14f798161095293fe3d7e,org.apache.logging.log4j.core.async.RingBufferLogEvent,org.apache.logging.log4j.core.async.RingBufferLogEvent_ESTest,75,0,False
885,NPEX,Log4j_2-6a233016,0,00b0c1ce7f1340d1b890635676d3dfbe,org.apache.logging.log4j.core.async.RingBufferLogEvent,org.apache.logging.log4j.core.async.RingBufferLogEvent_ESTest,75,0,False
886,NPEX,Log4j_2-6a233016,0,41ae7f8e9a664ba7a877e08e0010f03f,org.apache.logging.log4j.core.async.RingBufferLogEvent,org.apache.logging.log4j.core.async.RingBufferLogEvent_ESTest,77,0,False
887,NPEX,Log4j_2-6a233016,0,fc6d320fbfc94d189cd78bb12d6da35d,org.apache.logging.log4j.core.async.RingBufferLogEvent,org.apache.logging.log4j.core.async.RingBufferLogEvent_ESTest,78,0,False
888,NPEX,Log4j_2-6a233016,0,8338a51896674e88b6f0aceb3ff23065,org.apache.logging.log4j.core.async.RingBufferLogEvent,org.apache.logging.log4j.core.async.RingBufferLogEvent_ESTest,78,0,False
889,NPEX,Log4j_2-6a233016,0,311f8a08df88471bbe02625ceb600ab1,org.apache.logging.log4j.core.async.RingBufferLogEvent,org.apache.logging.log4j.core.async.RingBufferLogEvent_ESTest,78,0,False
890,NPEX,Log4j_2-6a233016,0,8c19f0e9a6d44ead8aede302cf62108c,org.apache.logging.log4j.core.async.RingBufferLogEvent,org.apache.logging.log4j.core.async.RingBufferLogEvent_ESTest,74,0,False
891,NPEX,Log4j_2-6a233016,0,e0836832faee415c8d6c5405cdcf9d0b,org.apache.logging.log4j.core.async.RingBufferLogEvent,org.apache.logging.log4j.core.async.RingBufferLogEvent_ESTest,69,0,False
892,NPEX,Log4j_2-6a233016,0,8e8f0a90abf6442589ee4c280d39956c,org.apache.logging.log4j.core.async.RingBufferLogEvent,org.apache.logging.log4j.core.async.RingBufferLogEvent_ESTest,82,0,False
893,NPEX,Log4j_2-6a233016,0,fa15fc05be4a45099b4b8db7a057379c,org.apache.logging.log4j.core.async.RingBufferLogEvent,org.apache.logging.log4j.core.async.RingBufferLogEvent_ESTest,76,0,False
894,NPEX,Log4j_2-6a233016,0,fbc58564b9384032965bb9e06b5c1687,org.apache.logging.log4j.core.async.RingBufferLogEvent,org.apache.logging.log4j.core.async.RingBufferLogEvent_ESTest,82,0,False
895,NPEX,Log4j_2-6a233016,0,abbd2a0ea44b47acadcd305b79abc9a0,org.apache.logging.log4j.core.async.RingBufferLogEvent,org.apache.logging.log4j.core.async.RingBufferLogEvent_ESTest,76,0,False
896,NPEX,Log4j_2-6a233016,0,23ef5613605448dcb6afc937de3c3835,org.apache.logging.log4j.core.async.RingBufferLogEvent,org.apache.logging.log4j.core.async.RingBufferLogEvent_ESTest,77,0,False
897,NPEX,Log4j_2-6a233016,0,60a3179611d74819baf35a0c6aff965a,org.apache.logging.log4j.core.async.RingBufferLogEvent,org.apache.logging.log4j.core.async.RingBufferLogEvent_ESTest,74,0,False
898,NPEX,Log4j_2-6a233016,0,e56660dbdeac452899c525b5118b8765,org.apache.logging.log4j.core.async.RingBufferLogEvent,org.apache.logging.log4j.core.async.RingBufferLogEvent_ESTest,85,0,False
899,NPEX,Log4j_2-6a233016,0,e2a7ba687a4a43ce9c46c79c3dd42227,org.apache.logging.log4j.core.async.RingBufferLogEvent,org.apache.logging.log4j.core.async.RingBufferLogEvent_ESTest,73,0,False
900,NPEX,Log4j_2-6a233016,0,ada09ba9be134836ac305493e159af34,org.apache.logging.log4j.core.async.RingBufferLogEvent,org.apache.logging.log4j.core.async.RingBufferLogEvent_ESTest,75,0,False
901,NPEX,Aries_JPA-97cb979d,0,bd0fbce5a75d47c1964feed2e2ca9ab9,org.apache.aries.jpa.blueprint.impl.AnnotationScanner,org.apache.aries.jpa.blueprint.impl.AnnotationScanner_ESTest,1,0,False
902,NPEX,Aries_JPA-97cb979d,0,6c54b9c7e9dc4694925b498859595318,org.apache.aries.jpa.blueprint.impl.AnnotationScanner,org.apache.aries.jpa.blueprint.impl.AnnotationScanner_ESTest,1,0,False
903,NPEX,Aries_JPA-97cb979d,0,936641d085e5437d8ae5e5e46af27236,org.apache.aries.jpa.blueprint.impl.AnnotationScanner,org.apache.aries.jpa.blueprint.impl.AnnotationScanner_ESTest,1,0,False
904,NPEX,Aries_JPA-97cb979d,0,61146e4f415f4db9995e6a5c8273afce,org.apache.aries.jpa.blueprint.impl.AnnotationScanner,org.apache.aries.jpa.blueprint.impl.AnnotationScanner_ESTest,1,0,False
905,NPEX,Aries_JPA-97cb979d,0,6f8333d43b8c41bebe2ac37ea4fc6e52,org.apache.aries.jpa.blueprint.impl.AnnotationScanner,org.apache.aries.jpa.blueprint.impl.AnnotationScanner_ESTest,1,0,False
906,NPEX,Aries_JPA-97cb979d,0,6c8249aadc354a02b621f3d55f8ea091,org.apache.aries.jpa.blueprint.impl.AnnotationScanner,org.apache.aries.jpa.blueprint.impl.AnnotationScanner_ESTest,1,0,False
907,NPEX,Aries_JPA-97cb979d,0,6aa51e4a0a12483283cf8796d20663bd,org.apache.aries.jpa.blueprint.impl.AnnotationScanner,org.apache.aries.jpa.blueprint.impl.AnnotationScanner_ESTest,1,0,False
908,NPEX,Aries_JPA-97cb979d,0,eb77aad2a20847808a3f082db5755308,org.apache.aries.jpa.blueprint.impl.AnnotationScanner,org.apache.aries.jpa.blueprint.impl.AnnotationScanner_ESTest,1,0,False
909,NPEX,Aries_JPA-97cb979d,0,fb95fa9dd3144d2faad15c767a20bab5,org.apache.aries.jpa.blueprint.impl.AnnotationScanner,org.apache.aries.jpa.blueprint.impl.AnnotationScanner_ESTest,1,0,False
910,NPEX,Aries_JPA-97cb979d,0,7f799af8f6744c74a3a852fce988f0a2,org.apache.aries.jpa.blueprint.impl.AnnotationScanner,org.apache.aries.jpa.blueprint.impl.AnnotationScanner_ESTest,1,0,False
911,NPEX,Aries_JPA-97cb979d,0,2ffdfb9914d342d7861f49ee9370d680,org.apache.aries.jpa.blueprint.impl.AnnotationScanner,org.apache.aries.jpa.blueprint.impl.AnnotationScanner_ESTest,1,0,False
912,NPEX,Aries_JPA-97cb979d,0,966baf8ffc074360acd10f181a73c9c3,org.apache.aries.jpa.blueprint.impl.AnnotationScanner,org.apache.aries.jpa.blueprint.impl.AnnotationScanner_ESTest,1,0,False
913,NPEX,Aries_JPA-97cb979d,0,341862c4bb7d442a9fdc00ee595d6a0a,org.apache.aries.jpa.blueprint.impl.AnnotationScanner,org.apache.aries.jpa.blueprint.impl.AnnotationScanner_ESTest,1,0,False
914,NPEX,Aries_JPA-97cb979d,0,cf86c70cef384652a32ad25ca89e67e5,org.apache.aries.jpa.blueprint.impl.AnnotationScanner,org.apache.aries.jpa.blueprint.impl.AnnotationScanner_ESTest,1,0,False
915,NPEX,Aries_JPA-97cb979d,0,4d7b6531692f47db832a066f6a72dcb2,org.apache.aries.jpa.blueprint.impl.AnnotationScanner,org.apache.aries.jpa.blueprint.impl.AnnotationScanner_ESTest,1,0,False
916,NPEX,Aries_JPA-97cb979d,0,9755f7aae1f940bbaaeab1e7fffcb050,org.apache.aries.jpa.blueprint.impl.AnnotationScanner,org.apache.aries.jpa.blueprint.impl.AnnotationScanner_ESTest,1,0,False
917,NPEX,Aries_JPA-97cb979d,0,8ec1e025472f47af873f36499a69ddb1,org.apache.aries.jpa.blueprint.impl.AnnotationScanner,org.apache.aries.jpa.blueprint.impl.AnnotationScanner_ESTest,1,0,False
918,NPEX,Aries_JPA-97cb979d,0,7d956715b9eb486681b33f9dd396b523,org.apache.aries.jpa.blueprint.impl.AnnotationScanner,org.apache.aries.jpa.blueprint.impl.AnnotationScanner_ESTest,1,0,False
919,NPEX,Aries_JPA-97cb979d,0,c456ef158fd343c3a4a2fea1a469f91e,org.apache.aries.jpa.blueprint.impl.AnnotationScanner,org.apache.aries.jpa.blueprint.impl.AnnotationScanner_ESTest,1,0,False
920,NPEX,Aries_JPA-97cb979d,0,a1306302ab32497c84b02e8e74ee6e05,org.apache.aries.jpa.blueprint.impl.AnnotationScanner,org.apache.aries.jpa.blueprint.impl.AnnotationScanner_ESTest,1,0,False
921,NPEX,Activiti-c45d6c3c,0,5c4778e783684d0697b5fcabaf8e6ad0,org.activiti.engine.impl.variable.JPAEntityMappings,org.activiti.engine.impl.variable.JPAEntityMappings_ESTest,4,0,False
922,NPEX,Activiti-c45d6c3c,0,9735204fdd144758a03e0653970befa2,org.activiti.engine.impl.variable.JPAEntityMappings,org.activiti.engine.impl.variable.JPAEntityMappings_ESTest,8,0,False
923,NPEX,Activiti-c45d6c3c,0,513072a00e384050bdfe70262066b32c,org.activiti.engine.impl.variable.JPAEntityMappings,org.activiti.engine.impl.variable.JPAEntityMappings_ESTest,6,0,False
924,NPEX,Activiti-c45d6c3c,0,a33262a9acf44a6ab5887134afe5e75d,org.activiti.engine.impl.variable.JPAEntityMappings,org.activiti.engine.impl.variable.JPAEntityMappings_ESTest,5,0,False
925,NPEX,Activiti-c45d6c3c,0,ab4a5ce3d9c84d87b6d1f5ddba5e0f8e,org.activiti.engine.impl.variable.JPAEntityMappings,org.activiti.engine.impl.variable.JPAEntityMappings_ESTest,7,0,False
926,NPEX,Activiti-c45d6c3c,0,867b50deda16472395862c0c841ef318,org.activiti.engine.impl.variable.JPAEntityMappings,org.activiti.engine.impl.variable.JPAEntityMappings_ESTest,6,0,False
927,NPEX,Activiti-c45d6c3c,0,314a0ad93891407b8c82d0a009be8829,org.activiti.engine.impl.variable.JPAEntityMappings,org.activiti.engine.impl.variable.JPAEntityMappings_ESTest,7,0,False
928,NPEX,Activiti-c45d6c3c,0,95324179e86640efa709fe5a5debe6ed,org.activiti.engine.impl.variable.JPAEntityMappings,org.activiti.engine.impl.variable.JPAEntityMappings_ESTest,6,0,False
929,NPEX,Activiti-c45d6c3c,0,0235af5db160444f91fe657d9a10d8fb,org.activiti.engine.impl.variable.JPAEntityMappings,org.activiti.engine.impl.variable.JPAEntityMappings_ESTest,8,0,False
930,NPEX,Activiti-c45d6c3c,0,6fe6069fbff747f0a594f8dc16bc12f9,org.activiti.engine.impl.variable.JPAEntityMappings,org.activiti.engine.impl.variable.JPAEntityMappings_ESTest,7,0,False
931,NPEX,Activiti-c45d6c3c,0,930112ee656548208784ec11cbd443a9,org.activiti.engine.impl.variable.JPAEntityMappings,org.activiti.engine.impl.variable.JPAEntityMappings_ESTest,5,0,False
932,NPEX,Activiti-c45d6c3c,0,9a8532f371304ac38fc2c6aabe04013c,org.activiti.engine.impl.variable.JPAEntityMappings,org.activiti.engine.impl.variable.JPAEntityMappings_ESTest,6,0,False
933,NPEX,Activiti-c45d6c3c,0,1a9fb6ed22c549eb85c1e51628b1b93b,org.activiti.engine.impl.variable.JPAEntityMappings,org.activiti.engine.impl.variable.JPAEntityMappings_ESTest,7,0,False
934,NPEX,Activiti-c45d6c3c,0,8f0a72e13ade43d1937f0ea6de293f1a,org.activiti.engine.impl.variable.JPAEntityMappings,org.activiti.engine.impl.variable.JPAEntityMappings_ESTest,5,0,False
935,NPEX,Activiti-c45d6c3c,0,516701b51e094714860c17304319f265,org.activiti.engine.impl.variable.JPAEntityMappings,org.activiti.engine.impl.variable.JPAEntityMappings_ESTest,7,0,False
936,NPEX,Activiti-c45d6c3c,0,75444e592b6d4071922c6474602b3ccf,org.activiti.engine.impl.variable.JPAEntityMappings,org.activiti.engine.impl.variable.JPAEntityMappings_ESTest,7,0,False
937,NPEX,Activiti-c45d6c3c,0,c19d1e506bf94bd6a987b925fc816940,org.activiti.engine.impl.variable.JPAEntityMappings,org.activiti.engine.impl.variable.JPAEntityMappings_ESTest,6,0,False
938,NPEX,Activiti-c45d6c3c,0,fd9486684d494beba6592575502216ed,org.activiti.engine.impl.variable.JPAEntityMappings,org.activiti.engine.impl.variable.JPAEntityMappings_ESTest,5,0,False
939,NPEX,Activiti-c45d6c3c,0,071e6b7dca0c421bbb85fb7090155c34,org.activiti.engine.impl.variable.JPAEntityMappings,org.activiti.engine.impl.variable.JPAEntityMappings_ESTest,5,0,False
940,NPEX,Activiti-c45d6c3c,0,e1e920afa4e046c681ae85a84ec7d8ac,org.activiti.engine.impl.variable.JPAEntityMappings,org.activiti.engine.impl.variable.JPAEntityMappings_ESTest,6,0,False
941,NPEX,Nutz-87a4b212,0,cc1b06ede70b49d4bc0e18e9c57b0bd2,org.nutz.lang.Mirror,org.nutz.lang.Mirror_ESTest,282,0,False
942,NPEX,Nutz-87a4b212,0,09efd74438b642a19e1f40a10807c2d6,org.nutz.lang.Mirror,org.nutz.lang.Mirror_ESTest,277,0,False
943,NPEX,Nutz-87a4b212,0,0eb2d2dddbf5461aadaa9a4e9f916ee7,org.nutz.lang.Mirror,org.nutz.lang.Mirror_ESTest,271,0,False
944,NPEX,Nutz-87a4b212,0,733feabd8d4a40d7bd04a12dc1f2253e,org.nutz.lang.Mirror,org.nutz.lang.Mirror_ESTest,263,0,False
945,NPEX,Nutz-87a4b212,0,93768a11344f4d02aa51c38de0ecc98e,org.nutz.lang.Mirror,org.nutz.lang.Mirror_ESTest,277,0,False
946,NPEX,Nutz-87a4b212,0,75b7f32bd2e04e9cba07e4a817fe1756,org.nutz.lang.Mirror,org.nutz.lang.Mirror_ESTest,273,0,False
947,NPEX,Nutz-87a4b212,0,1a41debc08124bcbaece641b95f319d1,org.nutz.lang.Mirror,org.nutz.lang.Mirror_ESTest,268,0,False
948,NPEX,Nutz-87a4b212,0,b09b25959aec4598b62d8caf8328e726,org.nutz.lang.Mirror,org.nutz.lang.Mirror_ESTest,287,0,True
949,NPEX,Nutz-87a4b212,0,80abb5254e9c4c0da2dc12f4dd7b0c9d,org.nutz.lang.Mirror,org.nutz.lang.Mirror_ESTest,273,0,False
950,NPEX,Nutz-87a4b212,0,178cbba666c24bc19decabf5430dc6b0,org.nutz.lang.Mirror,org.nutz.lang.Mirror_ESTest,268,0,False
951,NPEX,Nutz-87a4b212,0,0e0d80b1d0554be0ac5d32cadb252bd9,org.nutz.lang.Mirror,org.nutz.lang.Mirror_ESTest,268,0,False
952,NPEX,Nutz-87a4b212,0,fecdc9944db64525b5e0317497438416,org.nutz.lang.Mirror,org.nutz.lang.Mirror_ESTest,269,0,False
953,NPEX,Nutz-87a4b212,0,1f36bfd4bc584807b9ecb8ef257f3266,org.nutz.lang.Mirror,org.nutz.lang.Mirror_ESTest,255,0,False
954,NPEX,Nutz-87a4b212,0,f0adcdc46f2c420d9a4720eddbc63770,org.nutz.lang.Mirror,org.nutz.lang.Mirror_ESTest,264,0,False
955,NPEX,Nutz-87a4b212,0,0c5c24f3481c4b05b6ee2135d1c37228,org.nutz.lang.Mirror,org.nutz.lang.Mirror_ESTest,274,0,False
956,NPEX,Nutz-87a4b212,0,54e9e8d7f7b048218332c32e77257541,org.nutz.lang.Mirror,org.nutz.lang.Mirror_ESTest,276,0,True
957,NPEX,Nutz-87a4b212,0,dd17ed1e1bb84a1d9dd30a6be83a816e,org.nutz.lang.Mirror,org.nutz.lang.Mirror_ESTest,254,0,False
958,NPEX,Nutz-87a4b212,0,0deb0ca50a574ea89d9dc52f862beb18,org.nutz.lang.Mirror,org.nutz.lang.Mirror_ESTest,282,0,False
959,NPEX,Nutz-87a4b212,0,e87a25c38b9c4e0eb61dfa62d9d5944d,org.nutz.lang.Mirror,org.nutz.lang.Mirror_ESTest,264,0,False
960,NPEX,Nutz-87a4b212,0,744b10651cdc4b38afc6c0785e242999,org.nutz.lang.Mirror,org.nutz.lang.Mirror_ESTest,260,0,False
961,NPEX,OpenPDF-a89dfdf5,0,6a17bf08be2642dd81e375c475cc4af1,com.lowagie.text.pdf.StandardDecryption,com.lowagie.text.pdf.StandardDecryption_ESTest,6,0,False
962,NPEX,OpenPDF-a89dfdf5,0,b59a63bf8d5948d2aed8afe8f4fc2b26,com.lowagie.text.pdf.StandardDecryption,com.lowagie.text.pdf.StandardDecryption_ESTest,5,0,False
963,NPEX,OpenPDF-a89dfdf5,0,3e85d71fc693415c9b6e54a0fbf98c40,com.lowagie.text.pdf.StandardDecryption,com.lowagie.text.pdf.StandardDecryption_ESTest,5,0,False
964,NPEX,OpenPDF-a89dfdf5,0,dd6e9f56c4d54b309c35da2537c9a9ad,com.lowagie.text.pdf.StandardDecryption,com.lowagie.text.pdf.StandardDecryption_ESTest,6,0,False
965,NPEX,OpenPDF-a89dfdf5,0,e30b2def297b4daf80f14ed5db7f66ed,com.lowagie.text.pdf.StandardDecryption,com.lowagie.text.pdf.StandardDecryption_ESTest,6,0,False
966,NPEX,OpenPDF-a89dfdf5,0,79dd7ed222da4530ada76b4a8a75f8c4,com.lowagie.text.pdf.StandardDecryption,com.lowagie.text.pdf.StandardDecryption_ESTest,5,0,False
967,NPEX,OpenPDF-a89dfdf5,0,3515a9c63ab34a8991df4c639abd1d09,com.lowagie.text.pdf.StandardDecryption,com.lowagie.text.pdf.StandardDecryption_ESTest,5,0,False
968,NPEX,OpenPDF-a89dfdf5,0,64cc79116c24470d985dfc99cfda54cb,com.lowagie.text.pdf.StandardDecryption,com.lowagie.text.pdf.StandardDecryption_ESTest,5,0,False
969,NPEX,OpenPDF-a89dfdf5,0,c365ceb19c67481f9b24ea178fd59ff0,com.lowagie.text.pdf.StandardDecryption,com.lowagie.text.pdf.StandardDecryption_ESTest,6,0,False
970,NPEX,OpenPDF-a89dfdf5,0,86a3008924fc4bfaa03d7d72be05bb45,com.lowagie.text.pdf.StandardDecryption,com.lowagie.text.pdf.StandardDecryption_ESTest,6,0,False
971,NPEX,OpenPDF-a89dfdf5,0,c5bb4d57ea934ad3a3cabfc65cc86da5,com.lowagie.text.pdf.StandardDecryption,com.lowagie.text.pdf.StandardDecryption_ESTest,6,0,False
972,NPEX,OpenPDF-a89dfdf5,0,334dfdc0730f44229def599c3e4d192a,com.lowagie.text.pdf.StandardDecryption,com.lowagie.text.pdf.StandardDecryption_ESTest,5,0,False
973,NPEX,OpenPDF-a89dfdf5,0,ec695c04a2d046adabf4d50ec4cf1f3d,com.lowagie.text.pdf.StandardDecryption,com.lowagie.text.pdf.StandardDecryption_ESTest,5,0,False
974,NPEX,OpenPDF-a89dfdf5,0,8691ddd6e732419eaf6b1b244ac29481,com.lowagie.text.pdf.StandardDecryption,com.lowagie.text.pdf.StandardDecryption_ESTest,6,0,False
975,NPEX,OpenPDF-a89dfdf5,0,0856cfbdbdf74103b1f32b5de748fb50,com.lowagie.text.pdf.StandardDecryption,com.lowagie.text.pdf.StandardDecryption_ESTest,5,0,False
976,NPEX,OpenPDF-a89dfdf5,0,1431988fb1564d1f87dfc5817f6a9f9f,com.lowagie.text.pdf.StandardDecryption,com.lowagie.text.pdf.StandardDecryption_ESTest,5,0,False
977,NPEX,OpenPDF-a89dfdf5,0,7e65de09a0d84086a1e280d33def8f3e,com.lowagie.text.pdf.StandardDecryption,com.lowagie.text.pdf.StandardDecryption_ESTest,5,0,False
978,NPEX,OpenPDF-a89dfdf5,0,96a716703df941ad92fd389b5bd7451a,com.lowagie.text.pdf.StandardDecryption,com.lowagie.text.pdf.StandardDecryption_ESTest,6,0,False
979,NPEX,OpenPDF-a89dfdf5,0,4b58267d02994b76a504698708779fa2,com.lowagie.text.pdf.StandardDecryption,com.lowagie.text.pdf.StandardDecryption_ESTest,7,0,False
980,NPEX,ActiveMQ_Artemis-586abba9,0,970716be776740e28e2abf5706198527,org.apache.activemq.artemis.selector.filter.UnaryExpression,org.apache.activemq.artemis.selector.filter.UnaryExpression_ESTest,27,0,False
981,NPEX,ActiveMQ_Artemis-586abba9,0,5b3a4a98fddd40c2a5d16fb740cf27d2,org.apache.activemq.artemis.selector.filter.UnaryExpression,org.apache.activemq.artemis.selector.filter.UnaryExpression_ESTest,26,0,False
982,NPEX,ActiveMQ_Artemis-586abba9,0,2b52de83d4ad48489fcfeb229ae68c64,org.apache.activemq.artemis.selector.filter.UnaryExpression,org.apache.activemq.artemis.selector.filter.UnaryExpression_ESTest,26,0,False
983,NPEX,ActiveMQ_Artemis-586abba9,0,f8a19ac2ec64492d8d8f659bb2369b48,org.apache.activemq.artemis.selector.filter.UnaryExpression,org.apache.activemq.artemis.selector.filter.UnaryExpression_ESTest,27,0,False
984,NPEX,ActiveMQ_Artemis-586abba9,0,52472dc7c12343b0af91042774c2c43d,org.apache.activemq.artemis.selector.filter.UnaryExpression,org.apache.activemq.artemis.selector.filter.UnaryExpression_ESTest,26,0,False
985,NPEX,ActiveMQ_Artemis-586abba9,0,465728d6ade24f32a97dda0a270df7ef,org.apache.activemq.artemis.selector.filter.UnaryExpression,org.apache.activemq.artemis.selector.filter.UnaryExpression_ESTest,24,0,False
986,NPEX,ActiveMQ_Artemis-586abba9,0,f9aee7853ea347539ba035accda4abba,org.apache.activemq.artemis.selector.filter.UnaryExpression,org.apache.activemq.artemis.selector.filter.UnaryExpression_ESTest,25,0,False
987,NPEX,ActiveMQ_Artemis-586abba9,0,801e0e7422664f23a35ea45dcdecc994,org.apache.activemq.artemis.selector.filter.UnaryExpression,org.apache.activemq.artemis.selector.filter.UnaryExpression_ESTest,27,0,False
988,NPEX,ActiveMQ_Artemis-586abba9,0,d70b9f825d8d43d992afece36555a39e,org.apache.activemq.artemis.selector.filter.UnaryExpression,org.apache.activemq.artemis.selector.filter.UnaryExpression_ESTest,23,0,False
989,NPEX,ActiveMQ_Artemis-586abba9,0,af206c86dd164190bb3a04e4cd46f45a,org.apache.activemq.artemis.selector.filter.UnaryExpression,org.apache.activemq.artemis.selector.filter.UnaryExpression_ESTest,24,0,False
990,NPEX,ActiveMQ_Artemis-586abba9,0,3c62f0a2b0394db79591c736df47e996,org.apache.activemq.artemis.selector.filter.UnaryExpression,org.apache.activemq.artemis.selector.filter.UnaryExpression_ESTest,27,0,False
991,NPEX,ActiveMQ_Artemis-586abba9,0,25cd23b75eda49fa9a2cae16dffaa007,org.apache.activemq.artemis.selector.filter.UnaryExpression,org.apache.activemq.artemis.selector.filter.UnaryExpression_ESTest,26,0,False
992,NPEX,ActiveMQ_Artemis-586abba9,0,fa4402e1f1884ca6b084cb3495b02379,org.apache.activemq.artemis.selector.filter.UnaryExpression,org.apache.activemq.artemis.selector.filter.UnaryExpression_ESTest,26,0,False
993,NPEX,ActiveMQ_Artemis-586abba9,0,ca56b3371261499cac15ec8144930594,org.apache.activemq.artemis.selector.filter.UnaryExpression,org.apache.activemq.artemis.selector.filter.UnaryExpression_ESTest,27,0,False
994,NPEX,ActiveMQ_Artemis-586abba9,0,a17f4b175bcc4aa69afac0e35582dea2,org.apache.activemq.artemis.selector.filter.UnaryExpression,org.apache.activemq.artemis.selector.filter.UnaryExpression_ESTest,24,0,False
995,NPEX,ActiveMQ_Artemis-586abba9,0,6843f8a9d0614df1a3267c5f0f497750,org.apache.activemq.artemis.selector.filter.UnaryExpression,org.apache.activemq.artemis.selector.filter.UnaryExpression_ESTest,25,0,False
996,NPEX,ActiveMQ_Artemis-586abba9,0,c8558cede71f464eb6919c5c01d7fc50,org.apache.activemq.artemis.selector.filter.UnaryExpression,org.apache.activemq.artemis.selector.filter.UnaryExpression_ESTest,24,0,False
997,NPEX,ActiveMQ_Artemis-586abba9,0,25a8a746b23e40089bf8e228e4585510,org.apache.activemq.artemis.selector.filter.UnaryExpression,org.apache.activemq.artemis.selector.filter.UnaryExpression_ESTest,25,0,False
998,NPEX,ActiveMQ_Artemis-586abba9,0,f4a3553111764dd0ab3d9efb5446b43c,org.apache.activemq.artemis.selector.filter.UnaryExpression,org.apache.activemq.artemis.selector.filter.UnaryExpression_ESTest,24,0,False
999,NPEX,ActiveMQ_Artemis-586abba9,0,67fb60d66ac44680b205893c504623fb,org.apache.activemq.artemis.selector.filter.UnaryExpression,org.apache.activemq.artemis.selector.filter.UnaryExpression_ESTest,26,0,False
1000,NPEX,ShardingSphere-82b1b9d5,0,3e0d92995f6f468b8eada8d7ef3d15cd,org.apache.shardingsphere.infra.executor.sql.context.ExecutionContextBuilder,org.apache.shardingsphere.infra.executor.sql.context.ExecutionContextBuilder_ESTest,0,0,False
1001,NPEX,ShardingSphere-82b1b9d5,0,78118a32a74c4f8aaae0480a018011bc,org.apache.shardingsphere.infra.executor.sql.context.ExecutionContextBuilder,org.apache.shardingsphere.infra.executor.sql.context.ExecutionContextBuilder_ESTest,0,0,False
1002,NPEX,ShardingSphere-82b1b9d5,0,e612c07106db492b928aadbc15ef7800,org.apache.shardingsphere.infra.executor.sql.context.ExecutionContextBuilder,org.apache.shardingsphere.infra.executor.sql.context.ExecutionContextBuilder_ESTest,0,0,False
1003,NPEX,ShardingSphere-82b1b9d5,0,b6aee2b184a64383bd17ffab9afc1285,org.apache.shardingsphere.infra.executor.sql.context.ExecutionContextBuilder,org.apache.shardingsphere.infra.executor.sql.context.ExecutionContextBuilder_ESTest,0,0,False
1004,NPEX,ShardingSphere-82b1b9d5,0,bf136153232c4ebea744010c5c0ef766,org.apache.shardingsphere.infra.executor.sql.context.ExecutionContextBuilder,org.apache.shardingsphere.infra.executor.sql.context.ExecutionContextBuilder_ESTest,0,0,False
1005,NPEX,ShardingSphere-82b1b9d5,0,848de946a61c49228e1d8126f090f567,org.apache.shardingsphere.infra.executor.sql.context.ExecutionContextBuilder,org.apache.shardingsphere.infra.executor.sql.context.ExecutionContextBuilder_ESTest,0,0,False
1006,NPEX,ShardingSphere-82b1b9d5,0,d947beb5b9124d16b0d4618a81cff652,org.apache.shardingsphere.infra.executor.sql.context.ExecutionContextBuilder,org.apache.shardingsphere.infra.executor.sql.context.ExecutionContextBuilder_ESTest,0,0,False
1007,NPEX,ShardingSphere-82b1b9d5,0,d2fa3e1b1bd04d20b814fd9475c85822,org.apache.shardingsphere.infra.executor.sql.context.ExecutionContextBuilder,org.apache.shardingsphere.infra.executor.sql.context.ExecutionContextBuilder_ESTest,0,0,False
1008,NPEX,ShardingSphere-82b1b9d5,0,78c7659d537f49dc8b8251d019ed0dc6,org.apache.shardingsphere.infra.executor.sql.context.ExecutionContextBuilder,org.apache.shardingsphere.infra.executor.sql.context.ExecutionContextBuilder_ESTest,0,0,False
1009,NPEX,ShardingSphere-82b1b9d5,0,8cd77be11a624aa691d19d28a06318b0,org.apache.shardingsphere.infra.executor.sql.context.ExecutionContextBuilder,org.apache.shardingsphere.infra.executor.sql.context.ExecutionContextBuilder_ESTest,0,0,False
1010,NPEX,ShardingSphere-82b1b9d5,0,f58b4b8506aa4533b41dbfe16845c73e,org.apache.shardingsphere.infra.executor.sql.context.ExecutionContextBuilder,org.apache.shardingsphere.infra.executor.sql.context.ExecutionContextBuilder_ESTest,0,0,False
1011,NPEX,ShardingSphere-82b1b9d5,0,0828857fd24047e793b079a56ded5bf1,org.apache.shardingsphere.infra.executor.sql.context.ExecutionContextBuilder,org.apache.shardingsphere.infra.executor.sql.context.ExecutionContextBuilder_ESTest,0,0,False
1012,NPEX,ShardingSphere-82b1b9d5,0,617bb99b4db14848b32aba7929ac0901,org.apache.shardingsphere.infra.executor.sql.context.ExecutionContextBuilder,org.apache.shardingsphere.infra.executor.sql.context.ExecutionContextBuilder_ESTest,0,0,False
1013,NPEX,ShardingSphere-82b1b9d5,0,9b31c61b7c60459d9632214e9340aa22,org.apache.shardingsphere.infra.executor.sql.context.ExecutionContextBuilder,org.apache.shardingsphere.infra.executor.sql.context.ExecutionContextBuilder_ESTest,0,0,False
1014,NPEX,ShardingSphere-82b1b9d5,0,67317bcd4ec54efb95d389076e1dd674,org.apache.shardingsphere.infra.executor.sql.context.ExecutionContextBuilder,org.apache.shardingsphere.infra.executor.sql.context.ExecutionContextBuilder_ESTest,0,0,False
1015,NPEX,ShardingSphere-82b1b9d5,0,b95ac77b936d4513a0d151373dbd46b3,org.apache.shardingsphere.infra.executor.sql.context.ExecutionContextBuilder,org.apache.shardingsphere.infra.executor.sql.context.ExecutionContextBuilder_ESTest,0,0,False
1016,NPEX,ShardingSphere-82b1b9d5,0,0471bb9647e049a69c666cc7548d30c5,org.apache.shardingsphere.infra.executor.sql.context.ExecutionContextBuilder,org.apache.shardingsphere.infra.executor.sql.context.ExecutionContextBuilder_ESTest,0,0,False
1017,NPEX,ShardingSphere-82b1b9d5,0,964086440c0b41ae867e8c2fd170bea4,org.apache.shardingsphere.infra.executor.sql.context.ExecutionContextBuilder,org.apache.shardingsphere.infra.executor.sql.context.ExecutionContextBuilder_ESTest,0,0,False
1018,NPEX,ShardingSphere-82b1b9d5,0,d49ca8731f91444591d1628ff3c485b0,org.apache.shardingsphere.infra.executor.sql.context.ExecutionContextBuilder,org.apache.shardingsphere.infra.executor.sql.context.ExecutionContextBuilder_ESTest,0,0,False
1019,NPEX,ShardingSphere-82b1b9d5,0,c65041417ec24e2b953cfcc958ea8c7f,org.apache.shardingsphere.infra.executor.sql.context.ExecutionContextBuilder,org.apache.shardingsphere.infra.executor.sql.context.ExecutionContextBuilder_ESTest,0,0,False
1020,NPEX,FOP-10e0d1c2,0,ccf64e39dded47eaa29b30c345138e9f,org.apache.fop.fonts.SingleByteFont,org.apache.fop.fonts.SingleByteFont_ESTest,82,0,True
1021,NPEX,FOP-10e0d1c2,0,f5d9029bb6fd4f0790c6f68f1ba8e15f,org.apache.fop.fonts.SingleByteFont,org.apache.fop.fonts.SingleByteFont_ESTest,82,0,True
1022,NPEX,FOP-10e0d1c2,0,a9a5e239bdae482dbab8a960351aa116,org.apache.fop.fonts.SingleByteFont,org.apache.fop.fonts.SingleByteFont_ESTest,72,0,True
1023,NPEX,FOP-10e0d1c2,0,6b0bef50003c4c818e3570f2835afa2a,org.apache.fop.fonts.SingleByteFont,org.apache.fop.fonts.SingleByteFont_ESTest,82,0,True
1024,NPEX,FOP-10e0d1c2,0,09afdfe3eace48a9be8ab3b9598ad097,org.apache.fop.fonts.SingleByteFont,org.apache.fop.fonts.SingleByteFont_ESTest,82,0,True
1025,NPEX,FOP-10e0d1c2,0,259248c808a44c8694007ffdb87dab15,org.apache.fop.fonts.SingleByteFont,org.apache.fop.fonts.SingleByteFont_ESTest,83,0,True
1026,NPEX,FOP-10e0d1c2,0,eec2f0b13bfc466bae18a89f447d0e87,org.apache.fop.fonts.SingleByteFont,org.apache.fop.fonts.SingleByteFont_ESTest,87,0,False
1027,NPEX,FOP-10e0d1c2,0,e57ab5895bd74d0e96a99a724649089e,org.apache.fop.fonts.SingleByteFont,org.apache.fop.fonts.SingleByteFont_ESTest,89,0,False
1028,NPEX,FOP-10e0d1c2,0,9ba221b898c04a74b9cc5bbc3220526e,org.apache.fop.fonts.SingleByteFont,org.apache.fop.fonts.SingleByteFont_ESTest,74,0,True
1029,NPEX,FOP-10e0d1c2,0,5fb93b59aadc4fab9eccda5e06e2d5ef,org.apache.fop.fonts.SingleByteFont,org.apache.fop.fonts.SingleByteFont_ESTest,80,0,False
1030,NPEX,FOP-10e0d1c2,0,d91210b302a041d99194b2031aa7e3d6,org.apache.fop.fonts.SingleByteFont,org.apache.fop.fonts.SingleByteFont_ESTest,85,0,False
1031,NPEX,FOP-10e0d1c2,0,52bf7a5309eb4e8f9e49bdf413a52346,org.apache.fop.fonts.SingleByteFont,org.apache.fop.fonts.SingleByteFont_ESTest,85,0,True
1032,NPEX,FOP-10e0d1c2,0,8f24b3c28f9848209690d3393106ec69,org.apache.fop.fonts.SingleByteFont,org.apache.fop.fonts.SingleByteFont_ESTest,88,0,False
1033,NPEX,FOP-10e0d1c2,0,6ab6f50842774a739bae756c2ac44e51,org.apache.fop.fonts.SingleByteFont,org.apache.fop.fonts.SingleByteFont_ESTest,85,0,True
1034,NPEX,FOP-10e0d1c2,0,2afa0b1cee9a467885ff8c489c3558b7,org.apache.fop.fonts.SingleByteFont,org.apache.fop.fonts.SingleByteFont_ESTest,87,0,True
1035,NPEX,FOP-10e0d1c2,0,8f75cf08a8a9439d8c6faf574fe49e5a,org.apache.fop.fonts.SingleByteFont,org.apache.fop.fonts.SingleByteFont_ESTest,85,0,False
1036,NPEX,FOP-10e0d1c2,0,1f8781511905423297d34c95035d0284,org.apache.fop.fonts.SingleByteFont,org.apache.fop.fonts.SingleByteFont_ESTest,87,0,True
1037,NPEX,FOP-10e0d1c2,0,87cd332698974eaa9c55a76b3d16997b,org.apache.fop.fonts.SingleByteFont,org.apache.fop.fonts.SingleByteFont_ESTest,89,0,False
1038,NPEX,FOP-10e0d1c2,0,2ce0fa085c464494a004700608b5cde2,org.apache.fop.fonts.SingleByteFont,org.apache.fop.fonts.SingleByteFont_ESTest,83,0,True
1039,NPEX,FOP-10e0d1c2,0,5c4918c4c903491e936211e605995fc6,org.apache.fop.fonts.SingleByteFont,org.apache.fop.fonts.SingleByteFont_ESTest,84,0,True
1040,NPEX,Log4j_2-85661de7,0,0f8bd2816a91493b83dd5ce5567080ef,org.apache.logging.log4j.spi.AbstractLogger,org.apache.logging.log4j.spi.AbstractLogger_ESTest,13,0,False
1041,NPEX,Log4j_2-85661de7,0,5c4ed9a3c3ab43d4ac2226ef8b3485eb,org.apache.logging.log4j.spi.AbstractLogger,org.apache.logging.log4j.spi.AbstractLogger_ESTest,12,0,False
1042,NPEX,Log4j_2-85661de7,0,08b68845bc3e493d8ba3a0a3f32f84a3,org.apache.logging.log4j.spi.AbstractLogger,org.apache.logging.log4j.spi.AbstractLogger_ESTest,293,0,False
1043,NPEX,Log4j_2-85661de7,0,6def235f07ec475ebe769b2ee3f94557,org.apache.logging.log4j.spi.AbstractLogger,org.apache.logging.log4j.spi.AbstractLogger_ESTest,235,0,False
1044,NPEX,Log4j_2-85661de7,0,568b58c1e3064150bfbfa0dd04555137,org.apache.logging.log4j.spi.AbstractLogger,org.apache.logging.log4j.spi.AbstractLogger_ESTest,11,0,False
1045,NPEX,Log4j_2-85661de7,0,05f239c574fd465282cb2afe1662bbf1,org.apache.logging.log4j.spi.AbstractLogger,org.apache.logging.log4j.spi.AbstractLogger_ESTest,14,0,False
1046,NPEX,Log4j_2-85661de7,0,37b180ea9dff4241ae23550e5f48c206,org.apache.logging.log4j.spi.AbstractLogger,org.apache.logging.log4j.spi.AbstractLogger_ESTest,13,0,False
1047,NPEX,Log4j_2-85661de7,0,8a4de98b8d87422d8aea0c767d6884e9,org.apache.logging.log4j.spi.AbstractLogger,org.apache.logging.log4j.spi.AbstractLogger_ESTest,331,0,False
1048,NPEX,Log4j_2-85661de7,0,dd44ac4e3f7540c283a373d56f0806ab,org.apache.logging.log4j.spi.AbstractLogger,org.apache.logging.log4j.spi.AbstractLogger_ESTest,16,0,False
1049,NPEX,Log4j_2-85661de7,0,57d45d8b1a2a4d808676ca16973d7e09,org.apache.logging.log4j.spi.AbstractLogger,org.apache.logging.log4j.spi.AbstractLogger_ESTest,222,0,False
1050,NPEX,Log4j_2-85661de7,0,d01b13b853e547249c3cd6fe684a9f83,org.apache.logging.log4j.spi.AbstractLogger,org.apache.logging.log4j.spi.AbstractLogger_ESTest,12,0,False
1051,NPEX,Log4j_2-85661de7,0,b37c6cd66b4c49228e54bf1f5a1ac950,org.apache.logging.log4j.spi.AbstractLogger,org.apache.logging.log4j.spi.AbstractLogger_ESTest,205,0,False
1052,NPEX,Log4j_2-85661de7,0,fbac8767f8be4a1dbec218efc8d9fa52,org.apache.logging.log4j.spi.AbstractLogger,org.apache.logging.log4j.spi.AbstractLogger_ESTest,235,0,False
1053,NPEX,Log4j_2-85661de7,0,5649d785a67d416dab18bd839b88a15b,org.apache.logging.log4j.spi.AbstractLogger,org.apache.logging.log4j.spi.AbstractLogger_ESTest,12,0,False
1054,NPEX,Log4j_2-85661de7,0,6bef321fa2454245abba8f846241d2e5,org.apache.logging.log4j.spi.AbstractLogger,org.apache.logging.log4j.spi.AbstractLogger_ESTest,12,0,False
1055,NPEX,Log4j_2-85661de7,0,9d74ceaacb4e4612a88894c6299aaab7,org.apache.logging.log4j.spi.AbstractLogger,org.apache.logging.log4j.spi.AbstractLogger_ESTest,14,0,False
1056,NPEX,Log4j_2-85661de7,0,f9db7053ae6a4f5c859bee5c24f1df66,org.apache.logging.log4j.spi.AbstractLogger,org.apache.logging.log4j.spi.AbstractLogger_ESTest,303,0,False
1057,NPEX,Log4j_2-85661de7,0,7bdd1eaf728b4232a7b88e9f0efb97cd,org.apache.logging.log4j.spi.AbstractLogger,org.apache.logging.log4j.spi.AbstractLogger_ESTest,181,0,False
1058,NPEX,Log4j_2-85661de7,0,3acb70ae2c43470a9cbfe9bf4d91b40b,org.apache.logging.log4j.spi.AbstractLogger,org.apache.logging.log4j.spi.AbstractLogger_ESTest,262,0,False
1059,NPEX,Log4j_2-85661de7,0,5eda40631fc94ed98ec07498de94d2e5,org.apache.logging.log4j.spi.AbstractLogger,org.apache.logging.log4j.spi.AbstractLogger_ESTest,261,0,False
1060,NPEX,Commons_Configuration-a76a3a65,0,e73a78c85be241f48fe81a7dca3dc886,org.apache.commons.configuration2.XMLConfiguration,org.apache.commons.configuration2.XMLConfiguration_ESTest,29,0,False
1061,NPEX,Commons_Configuration-a76a3a65,0,a6b22077c6d647a9b1581fbbbafae0be,org.apache.commons.configuration2.XMLConfiguration,org.apache.commons.configuration2.XMLConfiguration_ESTest,31,0,False
1062,NPEX,Commons_Configuration-a76a3a65,0,00995efb503441edbee771a89f164dd4,org.apache.commons.configuration2.XMLConfiguration,org.apache.commons.configuration2.XMLConfiguration_ESTest,32,0,False
1063,NPEX,Commons_Configuration-a76a3a65,0,472736a7cab841eb9256e2936ba42156,org.apache.commons.configuration2.XMLConfiguration,org.apache.commons.configuration2.XMLConfiguration_ESTest,38,0,False
1064,NPEX,Commons_Configuration-a76a3a65,0,9c9b1712b4fb411aa669109ceb78f9f1,org.apache.commons.configuration2.XMLConfiguration,org.apache.commons.configuration2.XMLConfiguration_ESTest,27,0,False
1065,NPEX,Commons_Configuration-a76a3a65,0,850134a2d1d549989b225a26aa9923e6,org.apache.commons.configuration2.XMLConfiguration,org.apache.commons.configuration2.XMLConfiguration_ESTest,32,0,False
1066,NPEX,Commons_Configuration-a76a3a65,0,972008305d51402a837d4b5400f7b0cd,org.apache.commons.configuration2.XMLConfiguration,org.apache.commons.configuration2.XMLConfiguration_ESTest,28,0,False
1067,NPEX,Commons_Configuration-a76a3a65,0,7fbb5703776c42db989a6a747739d2f9,org.apache.commons.configuration2.XMLConfiguration,org.apache.commons.configuration2.XMLConfiguration_ESTest,29,0,False
1068,NPEX,Commons_Configuration-a76a3a65,0,cf93fa395cf84a179ac8313bc59068d5,org.apache.commons.configuration2.XMLConfiguration,org.apache.commons.configuration2.XMLConfiguration_ESTest,40,0,True
1069,NPEX,Commons_Configuration-a76a3a65,0,8342b69623da420396d116b305190585,org.apache.commons.configuration2.XMLConfiguration,org.apache.commons.configuration2.XMLConfiguration_ESTest,29,0,False
1070,NPEX,Commons_Configuration-a76a3a65,0,8ac0c9851580498aa424da6f8070f41e,org.apache.commons.configuration2.XMLConfiguration,org.apache.commons.configuration2.XMLConfiguration_ESTest,32,0,False
1071,NPEX,Commons_Configuration-a76a3a65,0,29d4828a639746b9a0d7d1a69e5c4df0,org.apache.commons.configuration2.XMLConfiguration,org.apache.commons.configuration2.XMLConfiguration_ESTest,32,0,False
1072,NPEX,Commons_Configuration-a76a3a65,0,ad7b21ecfda6461893b25269a6f0ead5,org.apache.commons.configuration2.XMLConfiguration,org.apache.commons.configuration2.XMLConfiguration_ESTest,29,0,False
1073,NPEX,Commons_Configuration-a76a3a65,0,d7621b3a380d4d1ba2b0a4b13843c4b9,org.apache.commons.configuration2.XMLConfiguration,org.apache.commons.configuration2.XMLConfiguration_ESTest,30,0,False
1074,NPEX,Commons_Configuration-a76a3a65,0,3b04b33919114891b905c5235850013c,org.apache.commons.configuration2.XMLConfiguration,org.apache.commons.configuration2.XMLConfiguration_ESTest,34,0,False
1075,NPEX,Commons_Configuration-a76a3a65,0,fd3a5f73a6b04d3688b358e859bee0c4,org.apache.commons.configuration2.XMLConfiguration,org.apache.commons.configuration2.XMLConfiguration_ESTest,31,0,False
1076,NPEX,Commons_Configuration-a76a3a65,0,32edc300f5de4488bab7dd6ffa64158e,org.apache.commons.configuration2.XMLConfiguration,org.apache.commons.configuration2.XMLConfiguration_ESTest,29,0,False
1077,NPEX,Commons_Configuration-a76a3a65,0,d473507e64784df68d07f7f54189eb1d,org.apache.commons.configuration2.XMLConfiguration,org.apache.commons.configuration2.XMLConfiguration_ESTest,30,0,False
1078,NPEX,Commons_Configuration-a76a3a65,0,36437ba418764750b5f404a90283b969,org.apache.commons.configuration2.XMLConfiguration,org.apache.commons.configuration2.XMLConfiguration_ESTest,37,0,False
1079,NPEX,Commons_Configuration-a76a3a65,0,040d5f61d75a44c5b113006676b33bf8,org.apache.commons.configuration2.XMLConfiguration,org.apache.commons.configuration2.XMLConfiguration_ESTest,30,0,False
1080,NPEX,Commons_Collections-796114ea,0,32d287def8244121b3f261c2bb36cbe4,org.apache.commons.collections4.trie.AbstractPatriciaTrie,org.apache.commons.collections4.trie.AbstractPatriciaTrie_ESTest,116,0,False
1081,NPEX,Commons_Collections-796114ea,0,3e7a98476bee40f096e2811965b57dae,org.apache.commons.collections4.trie.AbstractPatriciaTrie,org.apache.commons.collections4.trie.AbstractPatriciaTrie_ESTest,112,0,False
1082,NPEX,Commons_Collections-796114ea,0,c78f8d350284434d81d4073bbfa00b0d,org.apache.commons.collections4.trie.AbstractPatriciaTrie,org.apache.commons.collections4.trie.AbstractPatriciaTrie_ESTest,109,0,False
1083,NPEX,Commons_Collections-796114ea,0,fef40cfec1d54daeb524f07eb12f98de,org.apache.commons.collections4.trie.AbstractPatriciaTrie,org.apache.commons.collections4.trie.AbstractPatriciaTrie_ESTest,116,0,False
1084,NPEX,Commons_Collections-796114ea,0,1247e931a6264acea8d4a9218c2832a0,org.apache.commons.collections4.trie.AbstractPatriciaTrie,org.apache.commons.collections4.trie.AbstractPatriciaTrie_ESTest,159,0,False
1085,NPEX,Commons_Collections-796114ea,0,fa45183d84b04c02ad11a821c2a1e80a,org.apache.commons.collections4.trie.AbstractPatriciaTrie,org.apache.commons.collections4.trie.AbstractPatriciaTrie_ESTest,113,0,False
1086,NPEX,Commons_Collections-796114ea,0,3e80556342f2461e875f3530cbd82ae6,org.apache.commons.collections4.trie.AbstractPatriciaTrie,org.apache.commons.collections4.trie.AbstractPatriciaTrie_ESTest,116,0,False
1087,NPEX,Commons_Collections-796114ea,0,3ed59c7c98834cd2a463baa3ed7f2508,org.apache.commons.collections4.trie.AbstractPatriciaTrie,org.apache.commons.collections4.trie.AbstractPatriciaTrie_ESTest,118,0,False
1088,NPEX,Commons_Collections-796114ea,0,3cd205ba647248459a9815d1d9ac592f,org.apache.commons.collections4.trie.AbstractPatriciaTrie,org.apache.commons.collections4.trie.AbstractPatriciaTrie_ESTest,115,0,False
1089,NPEX,Commons_Collections-796114ea,0,b63d52322db442f4a35cf5c1615e540b,org.apache.commons.collections4.trie.AbstractPatriciaTrie,org.apache.commons.collections4.trie.AbstractPatriciaTrie_ESTest,119,0,False
1090,NPEX,Commons_Collections-796114ea,0,8882854aff0c41d6a31f136c63c5f702,org.apache.commons.collections4.trie.AbstractPatriciaTrie,org.apache.commons.collections4.trie.AbstractPatriciaTrie_ESTest,110,0,False
1091,NPEX,Commons_Collections-796114ea,0,9e4b9810fa6549d4bbf6dcd052dee1ad,org.apache.commons.collections4.trie.AbstractPatriciaTrie,org.apache.commons.collections4.trie.AbstractPatriciaTrie_ESTest,115,0,False
1092,NPEX,Commons_Collections-796114ea,0,be220b2b8cb246de984adcc9dfabf243,org.apache.commons.collections4.trie.AbstractPatriciaTrie,org.apache.commons.collections4.trie.AbstractPatriciaTrie_ESTest,113,0,False
1093,NPEX,Commons_Collections-796114ea,0,075ef03fac024578b1aee6d1859c77a1,org.apache.commons.collections4.trie.AbstractPatriciaTrie,org.apache.commons.collections4.trie.AbstractPatriciaTrie_ESTest,111,0,False
1094,NPEX,Commons_Collections-796114ea,0,8cc46ec0830f4cc29626faec51515d28,org.apache.commons.collections4.trie.AbstractPatriciaTrie,org.apache.commons.collections4.trie.AbstractPatriciaTrie_ESTest,115,0,False
1095,NPEX,Commons_Collections-796114ea,0,d1f337a4b20a4a9f9d2862f0a002bb7b,org.apache.commons.collections4.trie.AbstractPatriciaTrie,org.apache.commons.collections4.trie.AbstractPatriciaTrie_ESTest,115,0,False
1096,NPEX,Commons_Collections-796114ea,0,4a56ae35432943a0ae70d5b06b959091,org.apache.commons.collections4.trie.AbstractPatriciaTrie,org.apache.commons.collections4.trie.AbstractPatriciaTrie_ESTest,112,0,False
1097,NPEX,Commons_Collections-796114ea,0,ddc7fe1e8add4cd0974733441f2b8ffe,org.apache.commons.collections4.trie.AbstractPatriciaTrie,org.apache.commons.collections4.trie.AbstractPatriciaTrie_ESTest,115,0,False
1098,NPEX,Commons_Collections-796114ea,0,380d71e569f3470fadcddc9878832eda,org.apache.commons.collections4.trie.AbstractPatriciaTrie,org.apache.commons.collections4.trie.AbstractPatriciaTrie_ESTest,116,0,False
1099,NPEX,Commons_Collections-796114ea,0,f2d4854d86e74d89a45e632d27184d81,org.apache.commons.collections4.trie.AbstractPatriciaTrie,org.apache.commons.collections4.trie.AbstractPatriciaTrie_ESTest,106,0,False
1100,NPEX,Picocli-06283710,0,be1597ec4a1340fdac265603d318d316,picocli.CommandLine,picocli.CommandLine_ESTest,95,0,False
1101,NPEX,Picocli-06283710,0,bf2f3fac66d24dc4a6786f0f3318c707,picocli.CommandLine,picocli.CommandLine_ESTest,93,0,False
1102,NPEX,Picocli-06283710,0,e00425f79d7c4b2ca5810f0d75455fc3,picocli.CommandLine,picocli.CommandLine_ESTest,99,0,False
1103,NPEX,Picocli-06283710,0,e21f305ca4f742b7a0404d398807fff6,picocli.CommandLine,picocli.CommandLine_ESTest,99,0,False
1104,NPEX,Picocli-06283710,0,c6d878162f3248fd8cc266d5c2b72fa6,picocli.CommandLine,picocli.CommandLine_ESTest$1,49,0,False
1105,NPEX,Picocli-06283710,0,c6d878162f3248fd8cc266d5c2b72fa6,picocli.CommandLine,picocli.CommandLine_ESTest,49,0,False
1106,NPEX,Picocli-06283710,0,605b749997f4490bbcc2f1e7264c83eb,picocli.CommandLine,picocli.CommandLine_ESTest,102,0,False
1107,NPEX,Picocli-06283710,0,0f9919390ce84037aa3bae73bfc199a0,picocli.CommandLine,picocli.CommandLine_ESTest,100,0,False
1108,NPEX,Picocli-06283710,0,23826ef556574089a81816479124a67b,picocli.CommandLine,picocli.CommandLine_ESTest,101,0,False
1109,NPEX,Picocli-06283710,0,09c13e8a02594e20805b1cbeeb9d3856,picocli.CommandLine,picocli.CommandLine_ESTest,41,0,False
1110,NPEX,Picocli-06283710,0,9ea3f668af4b46bb8bc03858cf85bff0,picocli.CommandLine,picocli.CommandLine_ESTest,86,0,False
1111,NPEX,Picocli-06283710,0,e2328728044d4a39b74c1a2a0b0f899d,picocli.CommandLine,picocli.CommandLine_ESTest,97,0,False
1112,NPEX,Picocli-06283710,0,2b003869f9e24853b4424ccb1b12e4d4,picocli.CommandLine,picocli.CommandLine_ESTest,102,0,False
1113,NPEX,Picocli-06283710,0,f689c07558824615b71c1bab31bcd024,picocli.CommandLine,picocli.CommandLine_ESTest,102,0,False
1114,NPEX,Picocli-06283710,0,dca15ee93a3f4c1abb70831b394ccd82,picocli.CommandLine,picocli.CommandLine_ESTest,96,0,False
1115,NPEX,Picocli-06283710,0,2040907fa2b6436a9441b917e3211c03,picocli.CommandLine,picocli.CommandLine_ESTest,81,0,False
1116,NPEX,Picocli-06283710,0,e20f29d602aa4529a81d2128dd6683e8,picocli.CommandLine,picocli.CommandLine_ESTest,52,0,False
1117,NPEX,Picocli-06283710,0,65c0ffbc5a8d47f598776b1b8876426b,picocli.CommandLine,picocli.CommandLine_ESTest,61,0,False
1118,NPEX,Picocli-06283710,0,086a0b4e6f4b45549ca7cb829e8b2cd7,picocli.CommandLine,picocli.CommandLine_ESTest,101,0,False
1119,NPEX,Picocli-06283710,0,f99f0894ed944664854229e31488e0cd,picocli.CommandLine,picocli.CommandLine_ESTest,99,0,False
1120,NPEX,Picocli-06283710,0,f4a391d004a94c6e86d9b04d0c8b6f73,picocli.CommandLine,picocli.CommandLine_ESTest,98,0,False
1121,NPEX,Feign-9c5a52d6,0,22a6eea26a3b48a1b9379bde0ab27e92,feign.Response,feign.Response_ESTest,17,0,False
1122,NPEX,Feign-9c5a52d6,0,94f59635a585496a952e4e4136dd549e,feign.Response,feign.Response_ESTest,16,0,False
1123,NPEX,Feign-9c5a52d6,0,a817b48d7c5c41c88464ed0421e89e70,feign.Response,feign.Response_ESTest,17,0,False
1124,NPEX,Feign-9c5a52d6,0,4acd2ddd9f2541ca8fee0daf244268e1,feign.Response,feign.Response_ESTest,18,0,False
1125,NPEX,Feign-9c5a52d6,0,f1aac821016c4bffb1fd6bfad80097ba,feign.Response,feign.Response_ESTest,18,0,False
1126,NPEX,Feign-9c5a52d6,0,e834839aa8df40daa8995c286fafc9cb,feign.Response,feign.Response_ESTest,18,0,False
1127,NPEX,Feign-9c5a52d6,0,e35f86a10fe04f0fbdd38e551a1e286b,feign.Response,feign.Response_ESTest,18,0,False
1128,NPEX,Feign-9c5a52d6,0,7262257b16f144f1b632650e309fea74,feign.Response,feign.Response_ESTest,16,0,False
1129,NPEX,Feign-9c5a52d6,0,3a729ab5c0a6499e84e8408a2cccbe10,feign.Response,feign.Response_ESTest,17,0,False
1130,NPEX,Feign-9c5a52d6,0,319d40f182ff463196f10961ad67435d,feign.Response,feign.Response_ESTest,18,0,False
1131,NPEX,Feign-9c5a52d6,0,88b43eeca0354b8ab65409b75e8adf01,feign.Response,feign.Response_ESTest,18,0,False
1132,NPEX,Feign-9c5a52d6,0,2761011de1514d048a6c56ae798777ef,feign.Response,feign.Response_ESTest,16,0,False
1133,NPEX,Feign-9c5a52d6,0,4a2a7b26847d44c6ac6918bce9f484ff,feign.Response,feign.Response_ESTest,18,0,False
1134,NPEX,Feign-9c5a52d6,0,344e96efaf0047f682a66e60d6cb3416,feign.Response,feign.Response_ESTest,18,0,False
1135,NPEX,Feign-9c5a52d6,0,3d6519d19c344666bce581bf5e566634,feign.Response,feign.Response_ESTest,18,0,False
1136,NPEX,Feign-9c5a52d6,0,7f7b97fd244e474683024c03fe263cf8,feign.Response,feign.Response_ESTest,19,0,False
1137,NPEX,Feign-9c5a52d6,0,e360dcfcabe24f54b780afda748d2714,feign.Response,feign.Response_ESTest,18,0,False
1138,NPEX,Feign-9c5a52d6,0,ff004fb1f10c464db448259940fd83d6,feign.Response,feign.Response_ESTest,17,0,False
1139,NPEX,Feign-9c5a52d6,0,7c4095ace3bb4c5c8dea1c1464ca5ab7,feign.Response,feign.Response_ESTest,17,0,False
1140,NPEX,Feign-9c5a52d6,0,368e9582e1b34db585360514d88e519d,feign.Response,feign.Response_ESTest,17,0,False
1141,NPEX,Commons_DBCP-2ee3c53e,0,6c839b95ab614c13a6c74467ff36509d,org.apache.commons.dbcp2.cpdsadapter.DriverAdapterCPDS,org.apache.commons.dbcp2.cpdsadapter.DriverAdapterCPDS_ESTest,54,0,False
1142,NPEX,Commons_DBCP-2ee3c53e,0,ca206177138e47f1b482a547e119b5c9,org.apache.commons.dbcp2.cpdsadapter.DriverAdapterCPDS,org.apache.commons.dbcp2.cpdsadapter.DriverAdapterCPDS_ESTest,54,0,False
1143,NPEX,Commons_DBCP-2ee3c53e,0,499b96f1a4394f4a91f0b6091cbe8ceb,org.apache.commons.dbcp2.cpdsadapter.DriverAdapterCPDS,org.apache.commons.dbcp2.cpdsadapter.DriverAdapterCPDS_ESTest,59,0,False
1144,NPEX,Commons_DBCP-2ee3c53e,0,2e325e59c650416abb68dce6c57a5e3f,org.apache.commons.dbcp2.cpdsadapter.DriverAdapterCPDS,org.apache.commons.dbcp2.cpdsadapter.DriverAdapterCPDS_ESTest,56,0,False
1145,NPEX,Commons_DBCP-2ee3c53e,0,396862fd09524b5c8b0c1117cf00b579,org.apache.commons.dbcp2.cpdsadapter.DriverAdapterCPDS,org.apache.commons.dbcp2.cpdsadapter.DriverAdapterCPDS_ESTest,57,0,False
1146,NPEX,Commons_DBCP-2ee3c53e,0,40bcbef22b6d4a7f820b65162cb11627,org.apache.commons.dbcp2.cpdsadapter.DriverAdapterCPDS,org.apache.commons.dbcp2.cpdsadapter.DriverAdapterCPDS_ESTest,56,0,False
1147,NPEX,Commons_DBCP-2ee3c53e,0,77ebb09a7e36404fbf8b95aee899e1c0,org.apache.commons.dbcp2.cpdsadapter.DriverAdapterCPDS,org.apache.commons.dbcp2.cpdsadapter.DriverAdapterCPDS_ESTest,59,0,False
1148,NPEX,Commons_DBCP-2ee3c53e,0,3e3e5f3dc57141a4b9ca5dd3abc4ef10,org.apache.commons.dbcp2.cpdsadapter.DriverAdapterCPDS,org.apache.commons.dbcp2.cpdsadapter.DriverAdapterCPDS_ESTest,55,0,False
1149,NPEX,Commons_DBCP-2ee3c53e,0,e593cd75a7464977b0f5585d0ca04d5d,org.apache.commons.dbcp2.cpdsadapter.DriverAdapterCPDS,org.apache.commons.dbcp2.cpdsadapter.DriverAdapterCPDS_ESTest,55,0,False
1150,NPEX,Commons_DBCP-2ee3c53e,0,910c45b1884946a282befa95d56e6b2c,org.apache.commons.dbcp2.cpdsadapter.DriverAdapterCPDS,org.apache.commons.dbcp2.cpdsadapter.DriverAdapterCPDS_ESTest,59,0,False
1151,NPEX,Commons_DBCP-2ee3c53e,0,889b20d4c0aa41c0a58ecf71684d1b69,org.apache.commons.dbcp2.cpdsadapter.DriverAdapterCPDS,org.apache.commons.dbcp2.cpdsadapter.DriverAdapterCPDS_ESTest,53,0,False
1152,NPEX,Commons_DBCP-2ee3c53e,0,43afb9212b6644e28412f9e9420a9232,org.apache.commons.dbcp2.cpdsadapter.DriverAdapterCPDS,org.apache.commons.dbcp2.cpdsadapter.DriverAdapterCPDS_ESTest,55,0,False
1153,NPEX,Commons_DBCP-2ee3c53e,0,d69ba698f9f7453c8d93fe0433e1e8e8,org.apache.commons.dbcp2.cpdsadapter.DriverAdapterCPDS,org.apache.commons.dbcp2.cpdsadapter.DriverAdapterCPDS_ESTest,57,0,False
1154,NPEX,Commons_DBCP-2ee3c53e,0,eebc154b045449a49af212f6bafb2f25,org.apache.commons.dbcp2.cpdsadapter.DriverAdapterCPDS,org.apache.commons.dbcp2.cpdsadapter.DriverAdapterCPDS_ESTest,50,0,False
1155,NPEX,Commons_DBCP-2ee3c53e,0,01df7568212f4ec58b0eec8fa3938af8,org.apache.commons.dbcp2.cpdsadapter.DriverAdapterCPDS,org.apache.commons.dbcp2.cpdsadapter.DriverAdapterCPDS_ESTest,54,0,False
1156,NPEX,Commons_DBCP-2ee3c53e,0,5b1bd2c3e281416f9e84bf27d70c11d9,org.apache.commons.dbcp2.cpdsadapter.DriverAdapterCPDS,org.apache.commons.dbcp2.cpdsadapter.DriverAdapterCPDS_ESTest,50,0,False
1157,NPEX,Commons_DBCP-2ee3c53e,0,1de821a8282e4b0b8e5a38336f7e0d1a,org.apache.commons.dbcp2.cpdsadapter.DriverAdapterCPDS,org.apache.commons.dbcp2.cpdsadapter.DriverAdapterCPDS_ESTest,56,0,False
1158,NPEX,Commons_DBCP-2ee3c53e,0,accad2a5c60145b8963061c0df325e68,org.apache.commons.dbcp2.cpdsadapter.DriverAdapterCPDS,org.apache.commons.dbcp2.cpdsadapter.DriverAdapterCPDS_ESTest,55,0,False
1159,NPEX,Commons_DBCP-2ee3c53e,0,ae610d55a8af4c94a70070bac0776373,org.apache.commons.dbcp2.cpdsadapter.DriverAdapterCPDS,org.apache.commons.dbcp2.cpdsadapter.DriverAdapterCPDS_ESTest,52,0,False
1160,NPEX,Commons_DBCP-2ee3c53e,0,185efdea918341bd836f80ca42ce7714,org.apache.commons.dbcp2.cpdsadapter.DriverAdapterCPDS,org.apache.commons.dbcp2.cpdsadapter.DriverAdapterCPDS_ESTest,56,0,False
1161,NPEX,Java_WebSocket-a2b35482,0,bad7a73d30a34a9c8ccd361b7417985b,org.java_websocket.server.WebSocketServer,org.java_websocket.server.WebSocketServer_ESTest,0,0,False
1162,NPEX,Java_WebSocket-a2b35482,0,4ee4c652ae1f4dc5887a97e70dc48b04,org.java_websocket.server.WebSocketServer,org.java_websocket.server.WebSocketServer_ESTest,0,0,False
1163,NPEX,Java_WebSocket-a2b35482,0,3f85761093234d8d8ee5fe688c2b052d,org.java_websocket.server.WebSocketServer,org.java_websocket.server.WebSocketServer_ESTest,0,0,False
1164,NPEX,Java_WebSocket-a2b35482,0,c0a826057f694ce3b0bb3d9fba2554f1,org.java_websocket.server.WebSocketServer,org.java_websocket.server.WebSocketServer_ESTest,0,0,False
1165,NPEX,Java_WebSocket-a2b35482,0,caa8a7036fe047cca06f1b044bcc7480,org.java_websocket.server.WebSocketServer,org.java_websocket.server.WebSocketServer_ESTest,0,0,False
1166,NPEX,Java_WebSocket-a2b35482,0,27bd9ba2a18248b2af701784a0180819,org.java_websocket.server.WebSocketServer,org.java_websocket.server.WebSocketServer_ESTest,0,0,False
1167,NPEX,Java_WebSocket-a2b35482,0,e2c74ca5606e4779822f759e16331091,org.java_websocket.server.WebSocketServer,org.java_websocket.server.WebSocketServer_ESTest,0,0,False
1168,NPEX,Java_WebSocket-a2b35482,0,80a7fbe2cc1b4ff18e7a8a78da958aba,org.java_websocket.server.WebSocketServer,org.java_websocket.server.WebSocketServer_ESTest,0,0,False
1169,NPEX,Java_WebSocket-a2b35482,0,cd58ca3e68a045c588d980e8320db614,org.java_websocket.server.WebSocketServer,org.java_websocket.server.WebSocketServer_ESTest,0,0,False
1170,NPEX,Java_WebSocket-a2b35482,0,5675a856052140a58236a2eed48a23b8,org.java_websocket.server.WebSocketServer,org.java_websocket.server.WebSocketServer_ESTest,0,0,False
1171,NPEX,Java_WebSocket-a2b35482,0,659e04d486ed41228432ab594971a6cd,org.java_websocket.server.WebSocketServer,org.java_websocket.server.WebSocketServer_ESTest,0,0,False
1172,NPEX,Java_WebSocket-a2b35482,0,9f84099a57b143409266a7ae70dd4fc2,org.java_websocket.server.WebSocketServer,org.java_websocket.server.WebSocketServer_ESTest,0,0,False
1173,NPEX,Java_WebSocket-a2b35482,0,ebeddff8a05743ab83d7cb3e1edea2e1,org.java_websocket.server.WebSocketServer,org.java_websocket.server.WebSocketServer_ESTest,0,0,False
1174,NPEX,Java_WebSocket-a2b35482,0,3a15790e04d84b4f823c505e17708e5d,org.java_websocket.server.WebSocketServer,org.java_websocket.server.WebSocketServer_ESTest,0,0,False
1175,NPEX,Java_WebSocket-a2b35482,0,b951b9a77929401d838005fee390e623,org.java_websocket.server.WebSocketServer,org.java_websocket.server.WebSocketServer_ESTest,0,0,False
1176,NPEX,Java_WebSocket-a2b35482,0,35c79d44fd8e4d34b16e9ca3020d3bb6,org.java_websocket.server.WebSocketServer,org.java_websocket.server.WebSocketServer_ESTest,0,0,False
1177,NPEX,Java_WebSocket-a2b35482,0,44459b502bb147ec92f7b142bc80ebcb,org.java_websocket.server.WebSocketServer,org.java_websocket.server.WebSocketServer_ESTest,0,0,False
1178,NPEX,Java_WebSocket-a2b35482,0,430cfd239dab43f19e64b6a2429a066d,org.java_websocket.server.WebSocketServer,org.java_websocket.server.WebSocketServer_ESTest,0,0,False
1179,NPEX,Java_WebSocket-a2b35482,0,7c1069394b4d4afcafac7739d252a3a2,org.java_websocket.server.WebSocketServer,org.java_websocket.server.WebSocketServer_ESTest,0,0,False
1180,NPEX,Java_WebSocket-a2b35482,0,ace5010ba3364c54a87f5366657c74ab,org.java_websocket.server.WebSocketServer,org.java_websocket.server.WebSocketServer_ESTest,0,0,False
1181,NPEX,JSqlParser-66e44c95,0,947702d3ff2942048236fbde49c67243,net.sf.jsqlparser.expression.ExpressionVisitorAdapter,net.sf.jsqlparser.expression.ExpressionVisitorAdapter_ESTest,38,0,False
1182,NPEX,JSqlParser-66e44c95,0,2bf8ad2590044f06aaa022c3832fa839,net.sf.jsqlparser.expression.ExpressionVisitorAdapter,net.sf.jsqlparser.expression.ExpressionVisitorAdapter_ESTest,40,0,False
1183,NPEX,JSqlParser-66e44c95,0,980499542feb4fd0ac12b4940a4cd46d,net.sf.jsqlparser.expression.ExpressionVisitorAdapter,net.sf.jsqlparser.expression.ExpressionVisitorAdapter_ESTest,21,0,False
1184,NPEX,JSqlParser-66e44c95,0,99e67b14ed7348ad88aaad5527ee4d6c,net.sf.jsqlparser.expression.ExpressionVisitorAdapter,net.sf.jsqlparser.expression.ExpressionVisitorAdapter_ESTest,40,0,False
1185,NPEX,JSqlParser-66e44c95,0,d3d1a6a14eb2405ea5a454c7640772b3,net.sf.jsqlparser.expression.ExpressionVisitorAdapter,net.sf.jsqlparser.expression.ExpressionVisitorAdapter_ESTest,37,0,False
1186,NPEX,JSqlParser-66e44c95,0,3afa4c9276f24b90b28adce20ae9a948,net.sf.jsqlparser.expression.ExpressionVisitorAdapter,net.sf.jsqlparser.expression.ExpressionVisitorAdapter_ESTest,34,0,False
1187,NPEX,JSqlParser-66e44c95,0,4ba27ac30c0944bf9261f3dfe5584995,net.sf.jsqlparser.expression.ExpressionVisitorAdapter,net.sf.jsqlparser.expression.ExpressionVisitorAdapter_ESTest,35,0,False
1188,NPEX,JSqlParser-66e44c95,0,d5ce605bf3964e36bdd328c85092f39e,net.sf.jsqlparser.expression.ExpressionVisitorAdapter,net.sf.jsqlparser.expression.ExpressionVisitorAdapter_ESTest,41,0,False
1189,NPEX,JSqlParser-66e44c95,0,ebf9c072cf1045ef84c9cee129468714,net.sf.jsqlparser.expression.ExpressionVisitorAdapter,net.sf.jsqlparser.expression.ExpressionVisitorAdapter_ESTest,34,0,False
1190,NPEX,JSqlParser-66e44c95,0,531f673966af49ffb37dd39ab03e4c4c,net.sf.jsqlparser.expression.ExpressionVisitorAdapter,net.sf.jsqlparser.expression.ExpressionVisitorAdapter_ESTest,35,0,False
1191,NPEX,JSqlParser-66e44c95,0,f1a7e7fc64a44182ba98a01a76fb52ff,net.sf.jsqlparser.expression.ExpressionVisitorAdapter,net.sf.jsqlparser.expression.ExpressionVisitorAdapter_ESTest,38,0,False
1192,NPEX,JSqlParser-66e44c95,0,8204e2a34f744bd7b3b4e4c4087f5ba2,net.sf.jsqlparser.expression.ExpressionVisitorAdapter,net.sf.jsqlparser.expression.ExpressionVisitorAdapter_ESTest,38,0,False
1193,NPEX,JSqlParser-66e44c95,0,ae02d0fdc70e480cb3f085a1ebfdcb4a,net.sf.jsqlparser.expression.ExpressionVisitorAdapter,net.sf.jsqlparser.expression.ExpressionVisitorAdapter_ESTest,39,0,False
1194,NPEX,JSqlParser-66e44c95,0,2b4ee4d2dd3e4026bc926a82bb91eb08,net.sf.jsqlparser.expression.ExpressionVisitorAdapter,net.sf.jsqlparser.expression.ExpressionVisitorAdapter_ESTest,40,0,False
1195,NPEX,JSqlParser-66e44c95,0,1015f4b4a77641089866ddf56115a91f,net.sf.jsqlparser.expression.ExpressionVisitorAdapter,net.sf.jsqlparser.expression.ExpressionVisitorAdapter_ESTest,40,0,False
1196,NPEX,JSqlParser-66e44c95,0,5900d63a194e4b1d999d8a20395eb2d5,net.sf.jsqlparser.expression.ExpressionVisitorAdapter,net.sf.jsqlparser.expression.ExpressionVisitorAdapter_ESTest,37,0,False
1197,NPEX,JSqlParser-66e44c95,0,81285de10e8f4ea29784ab05cdfad914,net.sf.jsqlparser.expression.ExpressionVisitorAdapter,net.sf.jsqlparser.expression.ExpressionVisitorAdapter_ESTest,36,0,False
1198,NPEX,JSqlParser-66e44c95,0,7e5892b4fe664315b552695a6c2a6d0c,net.sf.jsqlparser.expression.ExpressionVisitorAdapter,net.sf.jsqlparser.expression.ExpressionVisitorAdapter_ESTest,35,0,False
1199,NPEX,JSqlParser-66e44c95,0,efd8216cbf30468cbe8453d7320b541e,net.sf.jsqlparser.expression.ExpressionVisitorAdapter,net.sf.jsqlparser.expression.ExpressionVisitorAdapter_ESTest,37,0,False
1200,NPEX,JSqlParser-66e44c95,0,060842ea01ee4b31ae3173045b84529d,net.sf.jsqlparser.expression.ExpressionVisitorAdapter,net.sf.jsqlparser.expression.ExpressionVisitorAdapter_ESTest,38,0,False
1201,NPEX,ShardingSphere-c08f4f18,0,65b5851b40e64f0389a9418611ef32e8,org.apache.shardingsphere.proxy.frontend.postgresql.auth.PostgreSQLAuthenticationEngine,org.apache.shardingsphere.proxy.frontend.postgresql.auth.PostgreSQLAuthenticationEngine_ESTest,1,0,False
1202,NPEX,ShardingSphere-c08f4f18,0,ff70e236d3b14171a62235167c4dff6c,org.apache.shardingsphere.proxy.frontend.postgresql.auth.PostgreSQLAuthenticationEngine,org.apache.shardingsphere.proxy.frontend.postgresql.auth.PostgreSQLAuthenticationEngine_ESTest,1,0,False
1203,NPEX,ShardingSphere-c08f4f18,0,a6bb6bc6717549f0b16f2c0c8656dede,org.apache.shardingsphere.proxy.frontend.postgresql.auth.PostgreSQLAuthenticationEngine,org.apache.shardingsphere.proxy.frontend.postgresql.auth.PostgreSQLAuthenticationEngine_ESTest,1,0,False
1204,NPEX,ShardingSphere-c08f4f18,0,682eb9eb645645899f68b733ab80785e,org.apache.shardingsphere.proxy.frontend.postgresql.auth.PostgreSQLAuthenticationEngine,org.apache.shardingsphere.proxy.frontend.postgresql.auth.PostgreSQLAuthenticationEngine_ESTest,1,0,False
1205,NPEX,ShardingSphere-c08f4f18,0,4f25fd7cac554461bd3470245d9af4ac,org.apache.shardingsphere.proxy.frontend.postgresql.auth.PostgreSQLAuthenticationEngine,org.apache.shardingsphere.proxy.frontend.postgresql.auth.PostgreSQLAuthenticationEngine_ESTest,1,0,False
1206,NPEX,ShardingSphere-c08f4f18,0,bd4bb97401d14af084c099b0555ac170,org.apache.shardingsphere.proxy.frontend.postgresql.auth.PostgreSQLAuthenticationEngine,org.apache.shardingsphere.proxy.frontend.postgresql.auth.PostgreSQLAuthenticationEngine_ESTest,1,0,False
1207,NPEX,ShardingSphere-c08f4f18,0,00f22c42b70f4ac5892769df8ce04207,org.apache.shardingsphere.proxy.frontend.postgresql.auth.PostgreSQLAuthenticationEngine,org.apache.shardingsphere.proxy.frontend.postgresql.auth.PostgreSQLAuthenticationEngine_ESTest,1,0,False
1208,NPEX,ShardingSphere-c08f4f18,0,04b5c044eb514ca28ba4e71f6b1713d1,org.apache.shardingsphere.proxy.frontend.postgresql.auth.PostgreSQLAuthenticationEngine,org.apache.shardingsphere.proxy.frontend.postgresql.auth.PostgreSQLAuthenticationEngine_ESTest,1,0,False
1209,NPEX,ShardingSphere-c08f4f18,0,6e92c25651ad4ea5bcb910642fe9c0f2,org.apache.shardingsphere.proxy.frontend.postgresql.auth.PostgreSQLAuthenticationEngine,org.apache.shardingsphere.proxy.frontend.postgresql.auth.PostgreSQLAuthenticationEngine_ESTest,1,0,False
1210,NPEX,ShardingSphere-c08f4f18,0,30f7fb25a0de4b8ba4fe9222c4366e4d,org.apache.shardingsphere.proxy.frontend.postgresql.auth.PostgreSQLAuthenticationEngine,org.apache.shardingsphere.proxy.frontend.postgresql.auth.PostgreSQLAuthenticationEngine_ESTest,1,0,False
1211,NPEX,ShardingSphere-c08f4f18,0,a942a88dc38742bcadb5b0d30750c04d,org.apache.shardingsphere.proxy.frontend.postgresql.auth.PostgreSQLAuthenticationEngine,org.apache.shardingsphere.proxy.frontend.postgresql.auth.PostgreSQLAuthenticationEngine_ESTest,1,0,False
1212,NPEX,ShardingSphere-c08f4f18,0,62f451c7d32548b188ab96ef14b693a2,org.apache.shardingsphere.proxy.frontend.postgresql.auth.PostgreSQLAuthenticationEngine,org.apache.shardingsphere.proxy.frontend.postgresql.auth.PostgreSQLAuthenticationEngine_ESTest,1,0,False
1213,NPEX,ShardingSphere-c08f4f18,0,2f08ab9bc42f40eaa03a4f839f201564,org.apache.shardingsphere.proxy.frontend.postgresql.auth.PostgreSQLAuthenticationEngine,org.apache.shardingsphere.proxy.frontend.postgresql.auth.PostgreSQLAuthenticationEngine_ESTest,1,0,False
1214,NPEX,ShardingSphere-c08f4f18,0,de1fb6d39f374824ad6eed4da1f825f3,org.apache.shardingsphere.proxy.frontend.postgresql.auth.PostgreSQLAuthenticationEngine,org.apache.shardingsphere.proxy.frontend.postgresql.auth.PostgreSQLAuthenticationEngine_ESTest,1,0,False
1215,NPEX,jsoup-8b837a43,0,7483406f88d9402bbd6c8d7d18946888,org.jsoup.nodes.Attribute,org.jsoup.nodes.Attribute_ESTest,39,0,False
1216,NPEX,jsoup-8b837a43,0,71e9c83232e44f13a663396044c6c239,org.jsoup.nodes.Attribute,org.jsoup.nodes.Attribute_ESTest,38,0,False
1217,NPEX,jsoup-8b837a43,0,64ecc8f7bd5748f88a9958dac25322a5,org.jsoup.nodes.Attribute,org.jsoup.nodes.Attribute_ESTest,40,0,False
1218,NPEX,jsoup-8b837a43,0,c3b41e5fc5f144e3a619c8dbe8d926fb,org.jsoup.nodes.Attribute,org.jsoup.nodes.Attribute_ESTest,39,0,False
1219,NPEX,jsoup-8b837a43,0,cfa29e865eaa4e5b8eb9dd278da4ecc4,org.jsoup.nodes.Attribute,org.jsoup.nodes.Attribute_ESTest,38,0,False
1220,NPEX,jsoup-8b837a43,0,8b877c3d4589428b80ba839c48c2a4a2,org.jsoup.nodes.Attribute,org.jsoup.nodes.Attribute_ESTest,38,0,False
1221,NPEX,jsoup-8b837a43,0,d289c21c29d44c359ae85fdfc7ebdcf3,org.jsoup.nodes.Attribute,org.jsoup.nodes.Attribute_ESTest,39,0,False
1222,NPEX,jsoup-8b837a43,0,b7298af5eac1484a839fff1c94d3aa8d,org.jsoup.nodes.Attribute,org.jsoup.nodes.Attribute_ESTest,38,0,False
1223,NPEX,jsoup-8b837a43,0,317e0330651a484eb588e585a6d7c04f,org.jsoup.nodes.Attribute,org.jsoup.nodes.Attribute_ESTest,38,0,False
1224,NPEX,jsoup-8b837a43,0,4e3707c968084162a17e3b99f9c7bdfc,org.jsoup.nodes.Attribute,org.jsoup.nodes.Attribute_ESTest,40,0,False
1225,NPEX,jsoup-8b837a43,0,5c35d22497eb458db1c36e5b872262e8,org.jsoup.nodes.Attribute,org.jsoup.nodes.Attribute_ESTest,37,0,False
1226,NPEX,jsoup-8b837a43,0,7e2b9e79c1584ad49ee3f2956ed81a9b,org.jsoup.nodes.Attribute,org.jsoup.nodes.Attribute_ESTest,39,0,False
1227,NPEX,jsoup-8b837a43,0,4a4be63f5c9843139cdcc073f3b6194a,org.jsoup.nodes.Attribute,org.jsoup.nodes.Attribute_ESTest,40,0,False
1228,NPEX,jsoup-8b837a43,0,2bc1d04bcea649889373dc8eb36ea7fa,org.jsoup.nodes.Attribute,org.jsoup.nodes.Attribute_ESTest,39,0,False
1229,NPEX,jsoup-8b837a43,0,777fe33973bc4477add40da133aef009,org.jsoup.nodes.Attribute,org.jsoup.nodes.Attribute_ESTest,37,0,False
1230,NPEX,jsoup-8b837a43,0,bb9198d2358a4b699567e695f72333dd,org.jsoup.nodes.Attribute,org.jsoup.nodes.Attribute_ESTest,40,0,False
1231,NPEX,jsoup-8b837a43,0,936b9092ea3f40a88f540f126ae0a800,org.jsoup.nodes.Attribute,org.jsoup.nodes.Attribute_ESTest,38,0,False
1232,NPEX,jsoup-8b837a43,0,88366c7084d24739a19a6a2b578230e6,org.jsoup.nodes.Attribute,org.jsoup.nodes.Attribute_ESTest,40,0,False
1233,NPEX,jsoup-8b837a43,0,813721b10e0348a8822985d814f0c4c0,org.jsoup.nodes.Attribute,org.jsoup.nodes.Attribute_ESTest,39,0,False
1234,NPEX,jsoup-8b837a43,0,ac9ae752824141449e8189580277146d,org.jsoup.nodes.Attribute,org.jsoup.nodes.Attribute_ESTest,39,0,False
1235,NPEX,Sling_Pipes-81059025,0,abf4525718fd44409554836cb6e4d85c,org.apache.sling.pipes.PipeBindings,org.apache.sling.pipes.PipeBindings_ESTest,0,0,False
1236,NPEX,Sling_Pipes-81059025,0,b941e724447643999b920ac658041d2e,org.apache.sling.pipes.PipeBindings,org.apache.sling.pipes.PipeBindings_ESTest,0,0,False
1237,NPEX,Sling_Pipes-81059025,0,322213db42694f2f989ad76e4d83f48e,org.apache.sling.pipes.PipeBindings,org.apache.sling.pipes.PipeBindings_ESTest,0,0,False
1238,NPEX,Sling_Pipes-81059025,0,633d204cb4f8418d83e53d80c6542d2a,org.apache.sling.pipes.PipeBindings,org.apache.sling.pipes.PipeBindings_ESTest,0,0,False
1239,NPEX,Sling_Pipes-81059025,0,a71c33bae5774395b4ce20d79c2ab8cc,org.apache.sling.pipes.PipeBindings,org.apache.sling.pipes.PipeBindings_ESTest,0,0,False
1240,NPEX,Sling_Pipes-81059025,0,00d6477cfc604576990e1d9b7c651b4b,org.apache.sling.pipes.PipeBindings,org.apache.sling.pipes.PipeBindings_ESTest,0,0,False
1241,NPEX,Sling_Pipes-81059025,0,340b882d27ec468d99806bb1fa7460e8,org.apache.sling.pipes.PipeBindings,org.apache.sling.pipes.PipeBindings_ESTest,0,0,False
1242,NPEX,Sling_Pipes-81059025,0,f33f91a9e5284e38b0c463daa04c74af,org.apache.sling.pipes.PipeBindings,org.apache.sling.pipes.PipeBindings_ESTest,0,0,False
1243,NPEX,Sling_Pipes-81059025,0,2dd39438036a4aafabd24b20c491b39b,org.apache.sling.pipes.PipeBindings,org.apache.sling.pipes.PipeBindings_ESTest,0,0,False
1244,NPEX,Sling_Pipes-81059025,0,70b9481ef1294e2a998d872865fb6ca7,org.apache.sling.pipes.PipeBindings,org.apache.sling.pipes.PipeBindings_ESTest,0,0,False
1245,NPEX,Sling_Pipes-81059025,0,d5810bd5dadf457d8353c530fb4d396a,org.apache.sling.pipes.PipeBindings,org.apache.sling.pipes.PipeBindings_ESTest,0,0,False
1246,NPEX,Sling_Pipes-81059025,0,bb362feb6ab7413aadf108e9117af96f,org.apache.sling.pipes.PipeBindings,org.apache.sling.pipes.PipeBindings_ESTest,0,0,False
1247,NPEX,Sling_Pipes-81059025,0,8cdd5ca1440b431abc60f8db90307ee8,org.apache.sling.pipes.PipeBindings,org.apache.sling.pipes.PipeBindings_ESTest,0,0,False
1248,NPEX,Sling_Pipes-81059025,0,64156fa8ae5f49a9b453392baae0eea7,org.apache.sling.pipes.PipeBindings,org.apache.sling.pipes.PipeBindings_ESTest,0,0,False
1249,NPEX,Sling_Pipes-81059025,0,de2b149a4c034c7c882a72c0839cd131,org.apache.sling.pipes.PipeBindings,org.apache.sling.pipes.PipeBindings_ESTest,0,0,False
1250,NPEX,Sling_Pipes-81059025,0,378bacb8379d4e46ac5d3a040d68075b,org.apache.sling.pipes.PipeBindings,org.apache.sling.pipes.PipeBindings_ESTest,0,0,False
1251,NPEX,Sling_Pipes-81059025,0,9f2fae6868e6456c86396bb400097c30,org.apache.sling.pipes.PipeBindings,org.apache.sling.pipes.PipeBindings_ESTest,0,0,False
1252,NPEX,Sling_Pipes-81059025,0,5d1a4fa47f9b459c91ec77e9f5992a9a,org.apache.sling.pipes.PipeBindings,org.apache.sling.pipes.PipeBindings_ESTest,0,0,False
1253,NPEX,Sling_Pipes-81059025,0,15e3ad3590a04881ab3341bd24faea48,org.apache.sling.pipes.PipeBindings,org.apache.sling.pipes.PipeBindings_ESTest,0,0,False
1254,NPEX,Sling_Pipes-81059025,0,deef146e1acf4fe995f300cc87820dbe,org.apache.sling.pipes.PipeBindings,org.apache.sling.pipes.PipeBindings_ESTest,0,0,False
1255,NPEX,OpenNLP-60792b8f,0,8dadd2a489144e68bb8596a9a1b6bf9b,opennlp.tools.lemmatizer.DictionaryLemmatizer,opennlp.tools.lemmatizer.DictionaryLemmatizer_ESTest,3,0,False
1256,NPEX,OpenNLP-60792b8f,0,9877fee7479a4699813879ffdb42540f,opennlp.tools.lemmatizer.DictionaryLemmatizer,opennlp.tools.lemmatizer.DictionaryLemmatizer_ESTest,4,0,False
1257,NPEX,OpenNLP-60792b8f,0,4c24a5e6438c41019dcb0d8c5964cc3e,opennlp.tools.lemmatizer.DictionaryLemmatizer,opennlp.tools.lemmatizer.DictionaryLemmatizer_ESTest,4,0,False
1258,NPEX,OpenNLP-60792b8f,0,291f31ec023e4ece9deef1e9030e247b,opennlp.tools.lemmatizer.DictionaryLemmatizer,opennlp.tools.lemmatizer.DictionaryLemmatizer_ESTest,3,0,False
1259,NPEX,OpenNLP-60792b8f,0,056694e335f748b8a3a97067801f829a,opennlp.tools.lemmatizer.DictionaryLemmatizer,opennlp.tools.lemmatizer.DictionaryLemmatizer_ESTest,3,0,False
1260,NPEX,OpenNLP-60792b8f,0,ade92ad3ccd14347960d02ef9f4aa570,opennlp.tools.lemmatizer.DictionaryLemmatizer,opennlp.tools.lemmatizer.DictionaryLemmatizer_ESTest,3,0,False
1261,NPEX,OpenNLP-60792b8f,0,51d911e0f8ba4a6cbfd43117c8ec6cd1,opennlp.tools.lemmatizer.DictionaryLemmatizer,opennlp.tools.lemmatizer.DictionaryLemmatizer_ESTest,3,0,False
1262,NPEX,OpenNLP-60792b8f,0,0141856a291c4184bc527c457ebf6788,opennlp.tools.lemmatizer.DictionaryLemmatizer,opennlp.tools.lemmatizer.DictionaryLemmatizer_ESTest,3,0,False
1263,NPEX,OpenNLP-60792b8f,0,ea485404ca8a45e1894e4bd8980215d2,opennlp.tools.lemmatizer.DictionaryLemmatizer,opennlp.tools.lemmatizer.DictionaryLemmatizer_ESTest,2,0,False
1264,NPEX,OpenNLP-60792b8f,0,86a0728627a748aa851c80b6794061c2,opennlp.tools.lemmatizer.DictionaryLemmatizer,opennlp.tools.lemmatizer.DictionaryLemmatizer_ESTest,3,0,False
1265,NPEX,OpenNLP-60792b8f,0,2d07c00061c74b48aa9b84337a38f604,opennlp.tools.lemmatizer.DictionaryLemmatizer,opennlp.tools.lemmatizer.DictionaryLemmatizer_ESTest,4,0,False
1266,NPEX,OpenNLP-60792b8f,0,900873911ce64f569a4937ddcf9fc958,opennlp.tools.lemmatizer.DictionaryLemmatizer,opennlp.tools.lemmatizer.DictionaryLemmatizer_ESTest,3,0,False
1267,NPEX,OpenNLP-60792b8f,0,7d4dd1bdd6ee4e5ba17dacd82a4c3412,opennlp.tools.lemmatizer.DictionaryLemmatizer,opennlp.tools.lemmatizer.DictionaryLemmatizer_ESTest,3,0,False
1268,NPEX,OpenNLP-60792b8f,0,588c3d73dee24e40846bc58e0e187b27,opennlp.tools.lemmatizer.DictionaryLemmatizer,opennlp.tools.lemmatizer.DictionaryLemmatizer_ESTest,3,0,False
1269,NPEX,OpenNLP-60792b8f,0,8fadc9fec8b24a588125864034f711b4,opennlp.tools.lemmatizer.DictionaryLemmatizer,opennlp.tools.lemmatizer.DictionaryLemmatizer_ESTest,4,0,False
1270,NPEX,OpenNLP-60792b8f,0,ba73e58f68944e7fb68e523996da2cf2,opennlp.tools.lemmatizer.DictionaryLemmatizer,opennlp.tools.lemmatizer.DictionaryLemmatizer_ESTest,4,0,False
1271,NPEX,OpenNLP-60792b8f,0,48a2b85aa2e14332b83c14fdfa9a1eb5,opennlp.tools.lemmatizer.DictionaryLemmatizer,opennlp.tools.lemmatizer.DictionaryLemmatizer_ESTest,3,0,False
1272,NPEX,OpenNLP-60792b8f,0,03b149f6fc1a4745947424ac4177edfe,opennlp.tools.lemmatizer.DictionaryLemmatizer,opennlp.tools.lemmatizer.DictionaryLemmatizer_ESTest,3,0,False
1273,NPEX,OpenNLP-60792b8f,0,523f76a5428a4f748d31ad9484b918fc,opennlp.tools.lemmatizer.DictionaryLemmatizer,opennlp.tools.lemmatizer.DictionaryLemmatizer_ESTest,3,0,False
1274,NPEX,OpenNLP-60792b8f,0,6a2e16dca9a8494a84aee0c8fd7ecb9a,opennlp.tools.lemmatizer.DictionaryLemmatizer,opennlp.tools.lemmatizer.DictionaryLemmatizer_ESTest,3,0,False
1275,NPEX,Hessian_Lite-c5c017dc,0,0250d3244e3240be89cbe0f498d2673d,com.alibaba.dubbo.common.URL,com.alibaba.dubbo.common.URL_ESTest,400,0,False
1276,NPEX,Hessian_Lite-c5c017dc,0,dda1946a127a4eff8623a2dbbbe0d580,com.alibaba.dubbo.common.URL,com.alibaba.dubbo.common.URL_ESTest,388,0,False
1277,NPEX,Hessian_Lite-c5c017dc,0,2b15d6358db1413f9ef2333823bae45a,com.alibaba.dubbo.common.URL,com.alibaba.dubbo.common.URL_ESTest,382,0,False
1278,NPEX,Hessian_Lite-c5c017dc,0,2bdeaa93c30b40dc806559644ae9a35c,com.alibaba.dubbo.common.URL,com.alibaba.dubbo.common.URL_ESTest,415,0,False
1279,NPEX,Hessian_Lite-c5c017dc,0,c76c26ea13b6411e8e8ddd525fbd1cf3,com.alibaba.dubbo.common.URL,com.alibaba.dubbo.common.URL_ESTest,353,0,False
1280,NPEX,Hessian_Lite-c5c017dc,0,1494eebe44c544d3aab47c4ca7f44f30,com.alibaba.dubbo.common.URL,com.alibaba.dubbo.common.URL_ESTest,357,0,False
1281,NPEX,Hessian_Lite-c5c017dc,0,194727b0af404ba0af8daf80d94be92a,com.alibaba.dubbo.common.URL,com.alibaba.dubbo.common.URL_ESTest,355,0,False
1282,NPEX,Hessian_Lite-c5c017dc,0,06c2cdba929d4c1d924b16a6fccc9f69,com.alibaba.dubbo.common.URL,com.alibaba.dubbo.common.URL_ESTest,366,0,False
1283,NPEX,Hessian_Lite-c5c017dc,0,e816fc359d914d82be01c6834bdc99b3,com.alibaba.dubbo.common.URL,com.alibaba.dubbo.common.URL_ESTest,404,0,False
1284,NPEX,Hessian_Lite-c5c017dc,0,361cb979019a448096a85c6084c7aafa,com.alibaba.dubbo.common.URL,com.alibaba.dubbo.common.URL_ESTest,410,0,False
1285,NPEX,Hessian_Lite-c5c017dc,0,d5617243dac34bbfab3e80977f52190d,com.alibaba.dubbo.common.URL,com.alibaba.dubbo.common.URL_ESTest,406,0,False
1286,NPEX,Hessian_Lite-c5c017dc,0,e79fa6ce7c3640da8ef98ff7f60a13c1,com.alibaba.dubbo.common.URL,com.alibaba.dubbo.common.URL_ESTest,362,0,False
1287,NPEX,Hessian_Lite-c5c017dc,0,a451e5add3c8497e9e64bb5ed92162ea,com.alibaba.dubbo.common.URL,com.alibaba.dubbo.common.URL_ESTest,314,0,False
1288,NPEX,Hessian_Lite-c5c017dc,0,0d9b26a88325459ba74479d51ac70ede,com.alibaba.dubbo.common.URL,com.alibaba.dubbo.common.URL_ESTest,335,0,False
1289,NPEX,Hessian_Lite-c5c017dc,0,f114bb6d7bc44a719c45b6498907d06f,com.alibaba.dubbo.common.URL,com.alibaba.dubbo.common.URL_ESTest,359,0,False
1290,NPEX,Hessian_Lite-c5c017dc,0,aa43f5b672c84128b1408d1a9ee67436,com.alibaba.dubbo.common.URL,com.alibaba.dubbo.common.URL_ESTest,372,0,False
1291,NPEX,Hessian_Lite-c5c017dc,0,dd871122b64748969cd77e48f55de94d,com.alibaba.dubbo.common.URL,com.alibaba.dubbo.common.URL_ESTest,330,0,False
1292,NPEX,Hessian_Lite-c5c017dc,0,9c6be289854e45d48d56130cac2ac9ab,com.alibaba.dubbo.common.URL,com.alibaba.dubbo.common.URL_ESTest,363,0,False
1293,NPEX,Hessian_Lite-c5c017dc,0,cade318b30b542c18ef6b5d19da43d2a,com.alibaba.dubbo.common.URL,com.alibaba.dubbo.common.URL_ESTest,413,0,False
1294,NPEX,Hessian_Lite-c5c017dc,0,5dff650ce4fd48b5a0300a7ed7264853,com.alibaba.dubbo.common.URL,com.alibaba.dubbo.common.URL_ESTest,379,0,False
1295,NPEX,ZooKeeper-ef3649f5,0,d252dc5030764cc6bab1f7f83d35cbe7,org.apache.zookeeper.server.ZooKeeperServer,org.apache.zookeeper.server.ZooKeeperServer_ESTest,147,0,False
1296,NPEX,ZooKeeper-ef3649f5,0,d252dc5030764cc6bab1f7f83d35cbe7,org.apache.zookeeper.server.ZooKeeperServer,org.apache.zookeeper.server.ZooKeeperServer_ESTest$1,147,0,False
1297,NPEX,ZooKeeper-ef3649f5,0,d252dc5030764cc6bab1f7f83d35cbe7,org.apache.zookeeper.server.ZooKeeperServer,org.apache.zookeeper.server.ZooKeeperServer_ESTest$2,147,0,False
1298,NPEX,ZooKeeper-ef3649f5,0,e56ec6640924499b856a5e20bce93554,org.apache.zookeeper.server.ZooKeeperServer,org.apache.zookeeper.server.ZooKeeperServer_ESTest,163,0,True
1299,NPEX,ZooKeeper-ef3649f5,0,e56ec6640924499b856a5e20bce93554,org.apache.zookeeper.server.ZooKeeperServer,org.apache.zookeeper.server.ZooKeeperServer_ESTest$1,163,0,True
1300,NPEX,ZooKeeper-ef3649f5,0,e56ec6640924499b856a5e20bce93554,org.apache.zookeeper.server.ZooKeeperServer,org.apache.zookeeper.server.ZooKeeperServer_ESTest$2,163,0,True
1301,NPEX,ZooKeeper-ef3649f5,0,6b11c3ad77044a4d9a0826f4f13d8ee2,org.apache.zookeeper.server.ZooKeeperServer,org.apache.zookeeper.server.ZooKeeperServer_ESTest,176,0,True
1302,NPEX,ZooKeeper-ef3649f5,0,6b11c3ad77044a4d9a0826f4f13d8ee2,org.apache.zookeeper.server.ZooKeeperServer,org.apache.zookeeper.server.ZooKeeperServer_ESTest$1,176,0,True
1303,NPEX,ZooKeeper-ef3649f5,0,6b11c3ad77044a4d9a0826f4f13d8ee2,org.apache.zookeeper.server.ZooKeeperServer,org.apache.zookeeper.server.ZooKeeperServer_ESTest$2,176,0,True
1304,NPEX,ZooKeeper-ef3649f5,0,621dde4559c2489b895a0c9fa6d45879,org.apache.zookeeper.server.ZooKeeperServer,org.apache.zookeeper.server.ZooKeeperServer_ESTest,232,0,True
1305,NPEX,ZooKeeper-ef3649f5,0,621dde4559c2489b895a0c9fa6d45879,org.apache.zookeeper.server.ZooKeeperServer,org.apache.zookeeper.server.ZooKeeperServer_ESTest$1,232,0,True
1306,NPEX,ZooKeeper-ef3649f5,0,621dde4559c2489b895a0c9fa6d45879,org.apache.zookeeper.server.ZooKeeperServer,org.apache.zookeeper.server.ZooKeeperServer_ESTest$5,232,0,True
1307,NPEX,ZooKeeper-ef3649f5,0,621dde4559c2489b895a0c9fa6d45879,org.apache.zookeeper.server.ZooKeeperServer,org.apache.zookeeper.server.ZooKeeperServer_ESTest$2,232,0,True
1308,NPEX,ZooKeeper-ef3649f5,0,621dde4559c2489b895a0c9fa6d45879,org.apache.zookeeper.server.ZooKeeperServer,org.apache.zookeeper.server.ZooKeeperServer_ESTest$4,232,0,True
1309,NPEX,ZooKeeper-ef3649f5,0,621dde4559c2489b895a0c9fa6d45879,org.apache.zookeeper.server.ZooKeeperServer,org.apache.zookeeper.server.ZooKeeperServer_ESTest$3,232,0,True
1310,NPEX,ZooKeeper-ef3649f5,0,b026511eb18a40078436657a92d98fc9,org.apache.zookeeper.server.ZooKeeperServer,org.apache.zookeeper.server.ZooKeeperServer_ESTest,230,0,False
1311,NPEX,ZooKeeper-ef3649f5,0,b026511eb18a40078436657a92d98fc9,org.apache.zookeeper.server.ZooKeeperServer,org.apache.zookeeper.server.ZooKeeperServer_ESTest$1,230,0,False
1312,NPEX,ZooKeeper-ef3649f5,0,b026511eb18a40078436657a92d98fc9,org.apache.zookeeper.server.ZooKeeperServer,org.apache.zookeeper.server.ZooKeeperServer_ESTest$6,230,0,False
1313,NPEX,ZooKeeper-ef3649f5,0,b026511eb18a40078436657a92d98fc9,org.apache.zookeeper.server.ZooKeeperServer,org.apache.zookeeper.server.ZooKeeperServer_ESTest$5,230,0,False
1314,NPEX,ZooKeeper-ef3649f5,0,b026511eb18a40078436657a92d98fc9,org.apache.zookeeper.server.ZooKeeperServer,org.apache.zookeeper.server.ZooKeeperServer_ESTest$2,230,0,False
1315,NPEX,ZooKeeper-ef3649f5,0,b026511eb18a40078436657a92d98fc9,org.apache.zookeeper.server.ZooKeeperServer,org.apache.zookeeper.server.ZooKeeperServer_ESTest$4,230,0,False
1316,NPEX,ZooKeeper-ef3649f5,0,b026511eb18a40078436657a92d98fc9,org.apache.zookeeper.server.ZooKeeperServer,org.apache.zookeeper.server.ZooKeeperServer_ESTest$3,230,0,False
1317,NPEX,ZooKeeper-ef3649f5,0,cd9eaacaca7947559605c9b3e63b3135,org.apache.zookeeper.server.ZooKeeperServer,org.apache.zookeeper.server.ZooKeeperServer_ESTest,169,0,False
1318,NPEX,ZooKeeper-ef3649f5,0,cd9eaacaca7947559605c9b3e63b3135,org.apache.zookeeper.server.ZooKeeperServer,org.apache.zookeeper.server.ZooKeeperServer_ESTest$1,169,0,False
1319,NPEX,ZooKeeper-ef3649f5,0,cd9eaacaca7947559605c9b3e63b3135,org.apache.zookeeper.server.ZooKeeperServer,org.apache.zookeeper.server.ZooKeeperServer_ESTest$2,169,0,False
1320,NPEX,ZooKeeper-ef3649f5,0,956d423b369b43cc8c67b7d45a76737e,org.apache.zookeeper.server.ZooKeeperServer,org.apache.zookeeper.server.ZooKeeperServer_ESTest,172,0,False
1321,NPEX,ZooKeeper-ef3649f5,0,956d423b369b43cc8c67b7d45a76737e,org.apache.zookeeper.server.ZooKeeperServer,org.apache.zookeeper.server.ZooKeeperServer_ESTest$1,172,0,False
1322,NPEX,ZooKeeper-ef3649f5,0,956d423b369b43cc8c67b7d45a76737e,org.apache.zookeeper.server.ZooKeeperServer,org.apache.zookeeper.server.ZooKeeperServer_ESTest$2,172,0,False
1323,NPEX,ZooKeeper-ef3649f5,0,95fbe88a73474254ba60f1ca59ce5532,org.apache.zookeeper.server.ZooKeeperServer,org.apache.zookeeper.server.ZooKeeperServer_ESTest,225,0,False
1324,NPEX,ZooKeeper-ef3649f5,0,95fbe88a73474254ba60f1ca59ce5532,org.apache.zookeeper.server.ZooKeeperServer,org.apache.zookeeper.server.ZooKeeperServer_ESTest$1,225,0,False
1325,NPEX,ZooKeeper-ef3649f5,0,95fbe88a73474254ba60f1ca59ce5532,org.apache.zookeeper.server.ZooKeeperServer,org.apache.zookeeper.server.ZooKeeperServer_ESTest$2,225,0,False
1326,NPEX,ZooKeeper-ef3649f5,0,95fbe88a73474254ba60f1ca59ce5532,org.apache.zookeeper.server.ZooKeeperServer,org.apache.zookeeper.server.ZooKeeperServer_ESTest$4,225,0,False
1327,NPEX,ZooKeeper-ef3649f5,0,95fbe88a73474254ba60f1ca59ce5532,org.apache.zookeeper.server.ZooKeeperServer,org.apache.zookeeper.server.ZooKeeperServer_ESTest$3,225,0,False
1328,NPEX,ZooKeeper-ef3649f5,0,c90c080a65cc44338de7acae4882cbc7,org.apache.zookeeper.server.ZooKeeperServer,org.apache.zookeeper.server.ZooKeeperServer_ESTest,180,0,False
1329,NPEX,ZooKeeper-ef3649f5,0,c90c080a65cc44338de7acae4882cbc7,org.apache.zookeeper.server.ZooKeeperServer,org.apache.zookeeper.server.ZooKeeperServer_ESTest$1,180,0,False
1330,NPEX,ZooKeeper-ef3649f5,0,c90c080a65cc44338de7acae4882cbc7,org.apache.zookeeper.server.ZooKeeperServer,org.apache.zookeeper.server.ZooKeeperServer_ESTest$2,180,0,False
1331,NPEX,ZooKeeper-ef3649f5,0,3bccafd57d754b75a41d273dcda75f23,org.apache.zookeeper.server.ZooKeeperServer,org.apache.zookeeper.server.ZooKeeperServer_ESTest,150,0,True
1332,NPEX,ZooKeeper-ef3649f5,0,3bccafd57d754b75a41d273dcda75f23,org.apache.zookeeper.server.ZooKeeperServer,org.apache.zookeeper.server.ZooKeeperServer_ESTest$1,150,0,True
1333,NPEX,ZooKeeper-ef3649f5,0,3bccafd57d754b75a41d273dcda75f23,org.apache.zookeeper.server.ZooKeeperServer,org.apache.zookeeper.server.ZooKeeperServer_ESTest$2,150,0,True
1334,NPEX,ZooKeeper-ef3649f5,0,75709e88d67a4960979f22e885e95185,org.apache.zookeeper.server.ZooKeeperServer,org.apache.zookeeper.server.ZooKeeperServer_ESTest,238,0,False
1335,NPEX,ZooKeeper-ef3649f5,0,75709e88d67a4960979f22e885e95185,org.apache.zookeeper.server.ZooKeeperServer,org.apache.zookeeper.server.ZooKeeperServer_ESTest$1,238,0,False
1336,NPEX,ZooKeeper-ef3649f5,0,75709e88d67a4960979f22e885e95185,org.apache.zookeeper.server.ZooKeeperServer,org.apache.zookeeper.server.ZooKeeperServer_ESTest$6,238,0,False
1337,NPEX,ZooKeeper-ef3649f5,0,75709e88d67a4960979f22e885e95185,org.apache.zookeeper.server.ZooKeeperServer,org.apache.zookeeper.server.ZooKeeperServer_ESTest$5,238,0,False
1338,NPEX,ZooKeeper-ef3649f5,0,75709e88d67a4960979f22e885e95185,org.apache.zookeeper.server.ZooKeeperServer,org.apache.zookeeper.server.ZooKeeperServer_ESTest$2,238,0,False
1339,NPEX,ZooKeeper-ef3649f5,0,75709e88d67a4960979f22e885e95185,org.apache.zookeeper.server.ZooKeeperServer,org.apache.zookeeper.server.ZooKeeperServer_ESTest$7,238,0,False
1340,NPEX,ZooKeeper-ef3649f5,0,75709e88d67a4960979f22e885e95185,org.apache.zookeeper.server.ZooKeeperServer,org.apache.zookeeper.server.ZooKeeperServer_ESTest$4,238,0,False
1341,NPEX,ZooKeeper-ef3649f5,0,75709e88d67a4960979f22e885e95185,org.apache.zookeeper.server.ZooKeeperServer,org.apache.zookeeper.server.ZooKeeperServer_ESTest$8,238,0,False
1342,NPEX,ZooKeeper-ef3649f5,0,75709e88d67a4960979f22e885e95185,org.apache.zookeeper.server.ZooKeeperServer,org.apache.zookeeper.server.ZooKeeperServer_ESTest$3,238,0,False
1343,NPEX,ZooKeeper-ef3649f5,0,fe3b019294c444cea9b12660c25b0ca6,org.apache.zookeeper.server.ZooKeeperServer,org.apache.zookeeper.server.ZooKeeperServer_ESTest,248,0,False
1344,NPEX,ZooKeeper-ef3649f5,0,fe3b019294c444cea9b12660c25b0ca6,org.apache.zookeeper.server.ZooKeeperServer,org.apache.zookeeper.server.ZooKeeperServer_ESTest$1,248,0,False
1345,NPEX,ZooKeeper-ef3649f5,0,fe3b019294c444cea9b12660c25b0ca6,org.apache.zookeeper.server.ZooKeeperServer,org.apache.zookeeper.server.ZooKeeperServer_ESTest$5,248,0,False
1346,NPEX,ZooKeeper-ef3649f5,0,fe3b019294c444cea9b12660c25b0ca6,org.apache.zookeeper.server.ZooKeeperServer,org.apache.zookeeper.server.ZooKeeperServer_ESTest$2,248,0,False
1347,NPEX,ZooKeeper-ef3649f5,0,fe3b019294c444cea9b12660c25b0ca6,org.apache.zookeeper.server.ZooKeeperServer,org.apache.zookeeper.server.ZooKeeperServer_ESTest$4,248,0,False
1348,NPEX,ZooKeeper-ef3649f5,0,fe3b019294c444cea9b12660c25b0ca6,org.apache.zookeeper.server.ZooKeeperServer,org.apache.zookeeper.server.ZooKeeperServer_ESTest$3,248,0,False
1349,NPEX,ZooKeeper-ef3649f5,0,a7af31a674454a3eb66b8b61d567aa28,org.apache.zookeeper.server.ZooKeeperServer,org.apache.zookeeper.server.ZooKeeperServer_ESTest,246,0,False
1350,NPEX,ZooKeeper-ef3649f5,0,a7af31a674454a3eb66b8b61d567aa28,org.apache.zookeeper.server.ZooKeeperServer,org.apache.zookeeper.server.ZooKeeperServer_ESTest$1,246,0,False
1351,NPEX,ZooKeeper-ef3649f5,0,a7af31a674454a3eb66b8b61d567aa28,org.apache.zookeeper.server.ZooKeeperServer,org.apache.zookeeper.server.ZooKeeperServer_ESTest$5,246,0,False
1352,NPEX,ZooKeeper-ef3649f5,0,a7af31a674454a3eb66b8b61d567aa28,org.apache.zookeeper.server.ZooKeeperServer,org.apache.zookeeper.server.ZooKeeperServer_ESTest$2,246,0,False
1353,NPEX,ZooKeeper-ef3649f5,0,a7af31a674454a3eb66b8b61d567aa28,org.apache.zookeeper.server.ZooKeeperServer,org.apache.zookeeper.server.ZooKeeperServer_ESTest$4,246,0,False
1354,NPEX,ZooKeeper-ef3649f5,0,a7af31a674454a3eb66b8b61d567aa28,org.apache.zookeeper.server.ZooKeeperServer,org.apache.zookeeper.server.ZooKeeperServer_ESTest$3,246,0,False
1355,NPEX,ZooKeeper-ef3649f5,0,980e641695754022b732c7b9a95556a4,org.apache.zookeeper.server.ZooKeeperServer,org.apache.zookeeper.server.ZooKeeperServer_ESTest,166,0,False
1356,NPEX,ZooKeeper-ef3649f5,0,980e641695754022b732c7b9a95556a4,org.apache.zookeeper.server.ZooKeeperServer,org.apache.zookeeper.server.ZooKeeperServer_ESTest$1,166,0,False
1357,NPEX,ZooKeeper-ef3649f5,0,980e641695754022b732c7b9a95556a4,org.apache.zookeeper.server.ZooKeeperServer,org.apache.zookeeper.server.ZooKeeperServer_ESTest$2,166,0,False
1358,NPEX,ZooKeeper-ef3649f5,0,0c2098a2db1b446e8ab93f820ff19fd0,org.apache.zookeeper.server.ZooKeeperServer,org.apache.zookeeper.server.ZooKeeperServer_ESTest,176,0,False
1359,NPEX,ZooKeeper-ef3649f5,0,0c2098a2db1b446e8ab93f820ff19fd0,org.apache.zookeeper.server.ZooKeeperServer,org.apache.zookeeper.server.ZooKeeperServer_ESTest$1,176,0,False
1360,NPEX,ZooKeeper-ef3649f5,0,0c2098a2db1b446e8ab93f820ff19fd0,org.apache.zookeeper.server.ZooKeeperServer,org.apache.zookeeper.server.ZooKeeperServer_ESTest$2,176,0,False
1361,NPEX,ZooKeeper-ef3649f5,0,5749d3c36f5f44b5adce9434e1c18604,org.apache.zookeeper.server.ZooKeeperServer,org.apache.zookeeper.server.ZooKeeperServer_ESTest,162,0,False
1362,NPEX,ZooKeeper-ef3649f5,0,5749d3c36f5f44b5adce9434e1c18604,org.apache.zookeeper.server.ZooKeeperServer,org.apache.zookeeper.server.ZooKeeperServer_ESTest$1,162,0,False
1363,NPEX,ZooKeeper-ef3649f5,0,5749d3c36f5f44b5adce9434e1c18604,org.apache.zookeeper.server.ZooKeeperServer,org.apache.zookeeper.server.ZooKeeperServer_ESTest$2,162,0,False
1364,NPEX,ZooKeeper-ef3649f5,0,1dad8feafd1e4c45ab77c47836adfcb3,org.apache.zookeeper.server.ZooKeeperServer,org.apache.zookeeper.server.ZooKeeperServer_ESTest,259,0,False
1365,NPEX,ZooKeeper-ef3649f5,0,1dad8feafd1e4c45ab77c47836adfcb3,org.apache.zookeeper.server.ZooKeeperServer,org.apache.zookeeper.server.ZooKeeperServer_ESTest$11,259,0,False
1366,NPEX,ZooKeeper-ef3649f5,0,1dad8feafd1e4c45ab77c47836adfcb3,org.apache.zookeeper.server.ZooKeeperServer,org.apache.zookeeper.server.ZooKeeperServer_ESTest$1,259,0,False
1367,NPEX,ZooKeeper-ef3649f5,0,1dad8feafd1e4c45ab77c47836adfcb3,org.apache.zookeeper.server.ZooKeeperServer,org.apache.zookeeper.server.ZooKeeperServer_ESTest$6,259,0,False
1368,NPEX,ZooKeeper-ef3649f5,0,1dad8feafd1e4c45ab77c47836adfcb3,org.apache.zookeeper.server.ZooKeeperServer,org.apache.zookeeper.server.ZooKeeperServer_ESTest$5,259,0,False
1369,NPEX,ZooKeeper-ef3649f5,0,1dad8feafd1e4c45ab77c47836adfcb3,org.apache.zookeeper.server.ZooKeeperServer,org.apache.zookeeper.server.ZooKeeperServer_ESTest$9,259,0,False
1370,NPEX,ZooKeeper-ef3649f5,0,1dad8feafd1e4c45ab77c47836adfcb3,org.apache.zookeeper.server.ZooKeeperServer,org.apache.zookeeper.server.ZooKeeperServer_ESTest$2,259,0,False
1371,NPEX,ZooKeeper-ef3649f5,0,1dad8feafd1e4c45ab77c47836adfcb3,org.apache.zookeeper.server.ZooKeeperServer,org.apache.zookeeper.server.ZooKeeperServer_ESTest$7,259,0,False
1372,NPEX,ZooKeeper-ef3649f5,0,1dad8feafd1e4c45ab77c47836adfcb3,org.apache.zookeeper.server.ZooKeeperServer,org.apache.zookeeper.server.ZooKeeperServer_ESTest$4,259,0,False
1373,NPEX,ZooKeeper-ef3649f5,0,1dad8feafd1e4c45ab77c47836adfcb3,org.apache.zookeeper.server.ZooKeeperServer,org.apache.zookeeper.server.ZooKeeperServer_ESTest$8,259,0,False
1374,NPEX,ZooKeeper-ef3649f5,0,1dad8feafd1e4c45ab77c47836adfcb3,org.apache.zookeeper.server.ZooKeeperServer,org.apache.zookeeper.server.ZooKeeperServer_ESTest$13,259,0,False
1375,NPEX,ZooKeeper-ef3649f5,0,1dad8feafd1e4c45ab77c47836adfcb3,org.apache.zookeeper.server.ZooKeeperServer,org.apache.zookeeper.server.ZooKeeperServer_ESTest$10,259,0,False
1376,NPEX,ZooKeeper-ef3649f5,0,1dad8feafd1e4c45ab77c47836adfcb3,org.apache.zookeeper.server.ZooKeeperServer,org.apache.zookeeper.server.ZooKeeperServer_ESTest$12,259,0,False
1377,NPEX,ZooKeeper-ef3649f5,0,1dad8feafd1e4c45ab77c47836adfcb3,org.apache.zookeeper.server.ZooKeeperServer,org.apache.zookeeper.server.ZooKeeperServer_ESTest$3,259,0,False
1378,NPEX,ZooKeeper-ef3649f5,0,8dff8bcd62f24c4583b593f807b76858,org.apache.zookeeper.server.ZooKeeperServer,org.apache.zookeeper.server.ZooKeeperServer_ESTest,221,0,True
1379,NPEX,ZooKeeper-ef3649f5,0,8dff8bcd62f24c4583b593f807b76858,org.apache.zookeeper.server.ZooKeeperServer,org.apache.zookeeper.server.ZooKeeperServer_ESTest$1,221,0,True
1380,NPEX,ZooKeeper-ef3649f5,0,8dff8bcd62f24c4583b593f807b76858,org.apache.zookeeper.server.ZooKeeperServer,org.apache.zookeeper.server.ZooKeeperServer_ESTest$6,221,0,True
1381,NPEX,ZooKeeper-ef3649f5,0,8dff8bcd62f24c4583b593f807b76858,org.apache.zookeeper.server.ZooKeeperServer,org.apache.zookeeper.server.ZooKeeperServer_ESTest$5,221,0,True
1382,NPEX,ZooKeeper-ef3649f5,0,8dff8bcd62f24c4583b593f807b76858,org.apache.zookeeper.server.ZooKeeperServer,org.apache.zookeeper.server.ZooKeeperServer_ESTest$2,221,0,True
1383,NPEX,ZooKeeper-ef3649f5,0,8dff8bcd62f24c4583b593f807b76858,org.apache.zookeeper.server.ZooKeeperServer,org.apache.zookeeper.server.ZooKeeperServer_ESTest$7,221,0,True
1384,NPEX,ZooKeeper-ef3649f5,0,8dff8bcd62f24c4583b593f807b76858,org.apache.zookeeper.server.ZooKeeperServer,org.apache.zookeeper.server.ZooKeeperServer_ESTest$4,221,0,True
1385,NPEX,ZooKeeper-ef3649f5,0,8dff8bcd62f24c4583b593f807b76858,org.apache.zookeeper.server.ZooKeeperServer,org.apache.zookeeper.server.ZooKeeperServer_ESTest$8,221,0,True
1386,NPEX,ZooKeeper-ef3649f5,0,8dff8bcd62f24c4583b593f807b76858,org.apache.zookeeper.server.ZooKeeperServer,org.apache.zookeeper.server.ZooKeeperServer_ESTest$3,221,0,True
1387,NPEX,ZooKeeper-ef3649f5,0,3f500099128245c998713bce4d3fad93,org.apache.zookeeper.server.ZooKeeperServer,org.apache.zookeeper.server.ZooKeeperServer_ESTest,262,0,False
1388,NPEX,ZooKeeper-ef3649f5,0,3f500099128245c998713bce4d3fad93,org.apache.zookeeper.server.ZooKeeperServer,org.apache.zookeeper.server.ZooKeeperServer_ESTest$1,262,0,False
1389,NPEX,ZooKeeper-ef3649f5,0,3f500099128245c998713bce4d3fad93,org.apache.zookeeper.server.ZooKeeperServer,org.apache.zookeeper.server.ZooKeeperServer_ESTest$5,262,0,False
1390,NPEX,ZooKeeper-ef3649f5,0,3f500099128245c998713bce4d3fad93,org.apache.zookeeper.server.ZooKeeperServer,org.apache.zookeeper.server.ZooKeeperServer_ESTest$2,262,0,False
1391,NPEX,ZooKeeper-ef3649f5,0,3f500099128245c998713bce4d3fad93,org.apache.zookeeper.server.ZooKeeperServer,org.apache.zookeeper.server.ZooKeeperServer_ESTest$4,262,0,False
1392,NPEX,ZooKeeper-ef3649f5,0,3f500099128245c998713bce4d3fad93,org.apache.zookeeper.server.ZooKeeperServer,org.apache.zookeeper.server.ZooKeeperServer_ESTest$3,262,0,False
1393,NPEX,ZooKeeper-ef3649f5,0,3a6f0b09bb974f31881055e0e576c68b,org.apache.zookeeper.server.ZooKeeperServer,org.apache.zookeeper.server.ZooKeeperServer_ESTest,185,0,True
1394,NPEX,ZooKeeper-ef3649f5,0,3a6f0b09bb974f31881055e0e576c68b,org.apache.zookeeper.server.ZooKeeperServer,org.apache.zookeeper.server.ZooKeeperServer_ESTest$1,185,0,True
1395,NPEX,Log4j_2-5b7b75d5,0,5a7ee01c11434f7b9234d222dcadf94f,org.apache.logging.log4j.core.config.composite.DefaultMergeStrategy,org.apache.logging.log4j.core.config.composite.DefaultMergeStrategy_ESTest,2,0,False
1396,NPEX,Log4j_2-5b7b75d5,0,b157e25d97554b4ba7a8c965fe528743,org.apache.logging.log4j.core.config.composite.DefaultMergeStrategy,org.apache.logging.log4j.core.config.composite.DefaultMergeStrategy_ESTest,2,0,False
1397,NPEX,Log4j_2-5b7b75d5,0,d0f70341f8ff4151aa6d7853742a8d03,org.apache.logging.log4j.core.config.composite.DefaultMergeStrategy,org.apache.logging.log4j.core.config.composite.DefaultMergeStrategy_ESTest,2,0,False
1398,NPEX,Log4j_2-5b7b75d5,0,7711c596c17247f486bf7d15aea844d5,org.apache.logging.log4j.core.config.composite.DefaultMergeStrategy,org.apache.logging.log4j.core.config.composite.DefaultMergeStrategy_ESTest,2,0,False
1399,NPEX,Log4j_2-5b7b75d5,0,1e01761ba79840ddbc60f5334d86b70b,org.apache.logging.log4j.core.config.composite.DefaultMergeStrategy,org.apache.logging.log4j.core.config.composite.DefaultMergeStrategy_ESTest,2,0,False
1400,NPEX,Log4j_2-5b7b75d5,0,cc830ebc886b458d8bbaa29f2d14c206,org.apache.logging.log4j.core.config.composite.DefaultMergeStrategy,org.apache.logging.log4j.core.config.composite.DefaultMergeStrategy_ESTest,2,0,False
1401,NPEX,Log4j_2-5b7b75d5,0,cd7b89cc814b48338a05ff9ec6a42282,org.apache.logging.log4j.core.config.composite.DefaultMergeStrategy,org.apache.logging.log4j.core.config.composite.DefaultMergeStrategy_ESTest,2,0,False
1402,NPEX,Log4j_2-5b7b75d5,0,fa09f28567af45aa9b8f11e27bbea65a,org.apache.logging.log4j.core.config.composite.DefaultMergeStrategy,org.apache.logging.log4j.core.config.composite.DefaultMergeStrategy_ESTest,2,0,False
1403,NPEX,Log4j_2-5b7b75d5,0,982cba5f16fc435f9270bece834dfaa3,org.apache.logging.log4j.core.config.composite.DefaultMergeStrategy,org.apache.logging.log4j.core.config.composite.DefaultMergeStrategy_ESTest,2,0,False
1404,NPEX,Log4j_2-5b7b75d5,0,080424aef05c419e92b05e81f2cddbe8,org.apache.logging.log4j.core.config.composite.DefaultMergeStrategy,org.apache.logging.log4j.core.config.composite.DefaultMergeStrategy_ESTest,2,0,False
1405,NPEX,Log4j_2-5b7b75d5,0,2a5770ca222e4462a13de524bbca634b,org.apache.logging.log4j.core.config.composite.DefaultMergeStrategy,org.apache.logging.log4j.core.config.composite.DefaultMergeStrategy_ESTest,2,0,False
1406,NPEX,Log4j_2-5b7b75d5,0,230b3b6b3e98468abf95a7b9aeacfa2c,org.apache.logging.log4j.core.config.composite.DefaultMergeStrategy,org.apache.logging.log4j.core.config.composite.DefaultMergeStrategy_ESTest,2,0,False
1407,NPEX,Log4j_2-5b7b75d5,0,2f10e78e76eb4ef7bb60bc3eb426627d,org.apache.logging.log4j.core.config.composite.DefaultMergeStrategy,org.apache.logging.log4j.core.config.composite.DefaultMergeStrategy_ESTest,2,0,False
1408,NPEX,Log4j_2-5b7b75d5,0,a6b52a0ad4234520902f0cd537779420,org.apache.logging.log4j.core.config.composite.DefaultMergeStrategy,org.apache.logging.log4j.core.config.composite.DefaultMergeStrategy_ESTest,2,0,False
1409,NPEX,Log4j_2-5b7b75d5,0,94674d1947f7475aba21a68494d16a44,org.apache.logging.log4j.core.config.composite.DefaultMergeStrategy,org.apache.logging.log4j.core.config.composite.DefaultMergeStrategy_ESTest,2,0,False
1410,NPEX,Log4j_2-5b7b75d5,0,0e3ff2b841c34522b6046a5b4ffc2d7e,org.apache.logging.log4j.core.config.composite.DefaultMergeStrategy,org.apache.logging.log4j.core.config.composite.DefaultMergeStrategy_ESTest,2,0,False
1411,NPEX,Log4j_2-5b7b75d5,0,3ab8c333c0434f3d89d01ed39457ec0a,org.apache.logging.log4j.core.config.composite.DefaultMergeStrategy,org.apache.logging.log4j.core.config.composite.DefaultMergeStrategy_ESTest,2,0,False
1412,NPEX,Log4j_2-5b7b75d5,0,5b7c55575e84481f94b228abb5f0bde5,org.apache.logging.log4j.core.config.composite.DefaultMergeStrategy,org.apache.logging.log4j.core.config.composite.DefaultMergeStrategy_ESTest,2,0,False
1413,NPEX,Log4j_2-5b7b75d5,0,5e7a6c5cdd06406fa80d1994815399d1,org.apache.logging.log4j.core.config.composite.DefaultMergeStrategy,org.apache.logging.log4j.core.config.composite.DefaultMergeStrategy_ESTest,2,0,False
1414,NPEX,Log4j_2-5b7b75d5,0,77afb61c6f5d45dbbf3124299743c441,org.apache.logging.log4j.core.config.composite.DefaultMergeStrategy,org.apache.logging.log4j.core.config.composite.DefaultMergeStrategy_ESTest,2,0,False
1415,NPEX,Karaf-b92dd7e4,0,f9dc49bbc966402f835619504f54af3b,org.apache.karaf.shell.impl.console.commands.help.wikidoc.WikiParser,org.apache.karaf.shell.impl.console.commands.help.wikidoc.WikiParser_ESTest,13,0,False
1416,NPEX,Karaf-b92dd7e4,0,6e9aa1a4506d4438a380a4bd0f81a65b,org.apache.karaf.shell.impl.console.commands.help.wikidoc.WikiParser,org.apache.karaf.shell.impl.console.commands.help.wikidoc.WikiParser_ESTest,11,0,False
1417,NPEX,Karaf-b92dd7e4,0,4e97ae552c2b44ffa58e160466943f81,org.apache.karaf.shell.impl.console.commands.help.wikidoc.WikiParser,org.apache.karaf.shell.impl.console.commands.help.wikidoc.WikiParser_ESTest,9,0,False
1418,NPEX,Karaf-b92dd7e4,0,33d200bc4c9247c296731bb33fe9da9d,org.apache.karaf.shell.impl.console.commands.help.wikidoc.WikiParser,org.apache.karaf.shell.impl.console.commands.help.wikidoc.WikiParser_ESTest,10,0,False
1419,NPEX,Karaf-b92dd7e4,0,c2d7603f3baa40c090c77ac6e71c9cdd,org.apache.karaf.shell.impl.console.commands.help.wikidoc.WikiParser,org.apache.karaf.shell.impl.console.commands.help.wikidoc.WikiParser_ESTest,11,0,False
1420,NPEX,Karaf-b92dd7e4,0,b68ff4dbe3354fd392d30814c9809762,org.apache.karaf.shell.impl.console.commands.help.wikidoc.WikiParser,org.apache.karaf.shell.impl.console.commands.help.wikidoc.WikiParser_ESTest,11,0,False
1421,NPEX,Karaf-b92dd7e4,0,2734e71ecc4b489f86f9d356f305ed9d,org.apache.karaf.shell.impl.console.commands.help.wikidoc.WikiParser,org.apache.karaf.shell.impl.console.commands.help.wikidoc.WikiParser_ESTest,13,0,False
1422,NPEX,Karaf-b92dd7e4,0,6d7017447bee42f9834aa1260b597ff2,org.apache.karaf.shell.impl.console.commands.help.wikidoc.WikiParser,org.apache.karaf.shell.impl.console.commands.help.wikidoc.WikiParser_ESTest,17,0,False
1423,NPEX,Karaf-b92dd7e4,0,404efbbfb276491cb3473a1dfa75c3b6,org.apache.karaf.shell.impl.console.commands.help.wikidoc.WikiParser,org.apache.karaf.shell.impl.console.commands.help.wikidoc.WikiParser_ESTest,8,0,False
1424,NPEX,Karaf-b92dd7e4,0,021b5ccf88714ff490e9c642eafc1c9e,org.apache.karaf.shell.impl.console.commands.help.wikidoc.WikiParser,org.apache.karaf.shell.impl.console.commands.help.wikidoc.WikiParser_ESTest,13,0,False
1425,NPEX,Karaf-b92dd7e4,0,4fb7a0cccb3c4924a249bde4641a3d2b,org.apache.karaf.shell.impl.console.commands.help.wikidoc.WikiParser,org.apache.karaf.shell.impl.console.commands.help.wikidoc.WikiParser_ESTest,9,0,False
1426,NPEX,Karaf-b92dd7e4,0,aeea7e7273864695bdbfa53f4ac9718d,org.apache.karaf.shell.impl.console.commands.help.wikidoc.WikiParser,org.apache.karaf.shell.impl.console.commands.help.wikidoc.WikiParser_ESTest,12,0,False
1427,NPEX,Karaf-b92dd7e4,0,cdb039e5d1944c97b5e573f4707c3dd5,org.apache.karaf.shell.impl.console.commands.help.wikidoc.WikiParser,org.apache.karaf.shell.impl.console.commands.help.wikidoc.WikiParser_ESTest,11,0,False
1428,NPEX,Karaf-b92dd7e4,0,abc46c08c88640278bd8726d1ca6b18d,org.apache.karaf.shell.impl.console.commands.help.wikidoc.WikiParser,org.apache.karaf.shell.impl.console.commands.help.wikidoc.WikiParser_ESTest,11,0,False
1429,NPEX,Karaf-b92dd7e4,0,3f0847d3aa8342b89fd821fae55443f8,org.apache.karaf.shell.impl.console.commands.help.wikidoc.WikiParser,org.apache.karaf.shell.impl.console.commands.help.wikidoc.WikiParser_ESTest,14,0,False
1430,NPEX,Karaf-b92dd7e4,0,1249e7ac019644e7b00fb1baceb7fa93,org.apache.karaf.shell.impl.console.commands.help.wikidoc.WikiParser,org.apache.karaf.shell.impl.console.commands.help.wikidoc.WikiParser_ESTest,9,0,False
1431,NPEX,Karaf-b92dd7e4,0,3853e118914b45358561e3e57936b1d8,org.apache.karaf.shell.impl.console.commands.help.wikidoc.WikiParser,org.apache.karaf.shell.impl.console.commands.help.wikidoc.WikiParser_ESTest,9,0,False
1432,NPEX,Karaf-b92dd7e4,0,61f795e1123644e8a87a8377e81e7f70,org.apache.karaf.shell.impl.console.commands.help.wikidoc.WikiParser,org.apache.karaf.shell.impl.console.commands.help.wikidoc.WikiParser_ESTest,12,0,False
1433,NPEX,Karaf-b92dd7e4,0,ece2fb61170449858c0bcb2f42c23592,org.apache.karaf.shell.impl.console.commands.help.wikidoc.WikiParser,org.apache.karaf.shell.impl.console.commands.help.wikidoc.WikiParser_ESTest,9,0,False
1434,NPEX,jsoup-b8411990,0,f98fcbb5c25140b0b7c4ff916a8f0040,org.jsoup.internal.Normalizer,org.jsoup.internal.Normalizer_ESTest,5,0,False
1435,NPEX,jsoup-b8411990,0,7dcffb2ae1ab4cab80a2f83cf83d831c,org.jsoup.internal.Normalizer,org.jsoup.internal.Normalizer_ESTest,5,0,False
1436,NPEX,jsoup-b8411990,0,7502eb08117b4e0bbbd8df4cdbd5a127,org.jsoup.internal.Normalizer,org.jsoup.internal.Normalizer_ESTest,5,0,False
1437,NPEX,jsoup-b8411990,0,a9b1c675153347c78a396db3cf4c8dd8,org.jsoup.internal.Normalizer,org.jsoup.internal.Normalizer_ESTest,5,0,False
1438,NPEX,jsoup-b8411990,0,7ff0db9dbb1b4d7a9955fe7fc10d9095,org.jsoup.internal.Normalizer,org.jsoup.internal.Normalizer_ESTest,5,0,False
1439,NPEX,jsoup-b8411990,0,0522212371624be0a01df46fe948672e,org.jsoup.internal.Normalizer,org.jsoup.internal.Normalizer_ESTest,5,0,False
1440,NPEX,jsoup-b8411990,0,df8154c2de244f8da839a3bce65909d3,org.jsoup.internal.Normalizer,org.jsoup.internal.Normalizer_ESTest,5,0,False
1441,NPEX,jsoup-b8411990,0,a0261a05951447c88f5a85dde44d088d,org.jsoup.internal.Normalizer,org.jsoup.internal.Normalizer_ESTest,5,0,False
1442,NPEX,jsoup-b8411990,0,3930fae8a93543bda8d238279167770b,org.jsoup.internal.Normalizer,org.jsoup.internal.Normalizer_ESTest,5,0,False
1443,NPEX,jsoup-b8411990,0,1a0b99cae80a449983b061414e0d86b7,org.jsoup.internal.Normalizer,org.jsoup.internal.Normalizer_ESTest,5,0,False
1444,NPEX,jsoup-b8411990,0,f26e6efb32e042318bccad7433a36016,org.jsoup.internal.Normalizer,org.jsoup.internal.Normalizer_ESTest,5,0,False
1445,NPEX,jsoup-b8411990,0,252ebaa3115d4d82a5f7042313916d63,org.jsoup.internal.Normalizer,org.jsoup.internal.Normalizer_ESTest,5,0,False
1446,NPEX,jsoup-b8411990,0,1cdcc07de9464aeb9d33cde0bf407a73,org.jsoup.internal.Normalizer,org.jsoup.internal.Normalizer_ESTest,5,0,False
1447,NPEX,jsoup-b8411990,0,9ad50f8825aa42b1bfb6545d35fc6a1a,org.jsoup.internal.Normalizer,org.jsoup.internal.Normalizer_ESTest,5,0,False
1448,NPEX,jsoup-b8411990,0,e36ac730f78c4deb9471aec5bc50670d,org.jsoup.internal.Normalizer,org.jsoup.internal.Normalizer_ESTest,5,0,False
1449,NPEX,jsoup-b8411990,0,b13916fcf940431d8cf24e44331af3de,org.jsoup.internal.Normalizer,org.jsoup.internal.Normalizer_ESTest,5,0,False
1450,NPEX,jsoup-b8411990,0,755c5f2840d64770aaf43b64c3c872d9,org.jsoup.internal.Normalizer,org.jsoup.internal.Normalizer_ESTest,5,0,False
1451,NPEX,jsoup-b8411990,0,809d4eafc2fd4471bf3c64c20c787b14,org.jsoup.internal.Normalizer,org.jsoup.internal.Normalizer_ESTest,5,0,False
1452,NPEX,jsoup-b8411990,0,399b3af771fd4e8e85094d4401a5d858,org.jsoup.internal.Normalizer,org.jsoup.internal.Normalizer_ESTest,5,0,False
1453,NPEX,jsoup-b8411990,0,4adabbc11ec6429dbb488d0c0e72a2bd,org.jsoup.internal.Normalizer,org.jsoup.internal.Normalizer_ESTest,5,0,False
1454,NPEX,Qpid_Proton__j-0c27d5ff,0,3ea5d705b12242a1b3932a85b150e4e4,org.apache.qpid.proton.engine.impl.TransportImpl,org.apache.qpid.proton.engine.impl.TransportImpl_ESTest,109,0,False
1455,NPEX,Qpid_Proton__j-0c27d5ff,0,c2f12b8f00bb40a1b5e6aab7a6e80b4f,org.apache.qpid.proton.engine.impl.TransportImpl,org.apache.qpid.proton.engine.impl.TransportImpl_ESTest,109,0,False
1456,NPEX,Qpid_Proton__j-0c27d5ff,0,43df078d45274833b9366904fd2de95e,org.apache.qpid.proton.engine.impl.TransportImpl,org.apache.qpid.proton.engine.impl.TransportImpl_ESTest,102,0,False
1457,NPEX,Qpid_Proton__j-0c27d5ff,0,b893483ea3f14c00a32dc10a24d94b38,org.apache.qpid.proton.engine.impl.TransportImpl,org.apache.qpid.proton.engine.impl.TransportImpl_ESTest,103,0,False
1458,NPEX,Qpid_Proton__j-0c27d5ff,0,b4d2e35817fe4a7495df4c64a6458fdf,org.apache.qpid.proton.engine.impl.TransportImpl,org.apache.qpid.proton.engine.impl.TransportImpl_ESTest,106,0,False
1459,NPEX,Qpid_Proton__j-0c27d5ff,0,d2d775aa5bca4f7ea300f98bb8d7252d,org.apache.qpid.proton.engine.impl.TransportImpl,org.apache.qpid.proton.engine.impl.TransportImpl_ESTest,103,0,False
1460,NPEX,Qpid_Proton__j-0c27d5ff,0,f6fcd2fea9e74e6db6a86dfb17eb9fcd,org.apache.qpid.proton.engine.impl.TransportImpl,org.apache.qpid.proton.engine.impl.TransportImpl_ESTest,104,0,False
1461,NPEX,Qpid_Proton__j-0c27d5ff,0,a0c9432640bb42b0a9ee2126c43f199b,org.apache.qpid.proton.engine.impl.TransportImpl,org.apache.qpid.proton.engine.impl.TransportImpl_ESTest,101,0,False
1462,NPEX,Qpid_Proton__j-0c27d5ff,0,4dcb8699f6754f30b129496009b92aa6,org.apache.qpid.proton.engine.impl.TransportImpl,org.apache.qpid.proton.engine.impl.TransportImpl_ESTest,93,0,False
1463,NPEX,Qpid_Proton__j-0c27d5ff,0,b88a59cea08f4488badeb62a8ba0aecd,org.apache.qpid.proton.engine.impl.TransportImpl,org.apache.qpid.proton.engine.impl.TransportImpl_ESTest,100,0,False
1464,NPEX,Qpid_Proton__j-0c27d5ff,0,951cd1f83f4e4c05a23d89597b74a3df,org.apache.qpid.proton.engine.impl.TransportImpl,org.apache.qpid.proton.engine.impl.TransportImpl_ESTest,102,0,False
1465,NPEX,Qpid_Proton__j-0c27d5ff,0,7a6288dcff6a4e9ba23d9b49dccef964,org.apache.qpid.proton.engine.impl.TransportImpl,org.apache.qpid.proton.engine.impl.TransportImpl_ESTest,100,0,False
1466,NPEX,Qpid_Proton__j-0c27d5ff,0,225e488ba49545d492bed000a738939c,org.apache.qpid.proton.engine.impl.TransportImpl,org.apache.qpid.proton.engine.impl.TransportImpl_ESTest,98,0,False
1467,NPEX,Qpid_Proton__j-0c27d5ff,0,c1d47e71609b4e0ba1b6fc70d4dfda94,org.apache.qpid.proton.engine.impl.TransportImpl,org.apache.qpid.proton.engine.impl.TransportImpl_ESTest,103,0,False
1468,NPEX,Qpid_Proton__j-0c27d5ff,0,09d1ddba23bb4107bbc71cb88a0e229b,org.apache.qpid.proton.engine.impl.TransportImpl,org.apache.qpid.proton.engine.impl.TransportImpl_ESTest,100,0,False
1469,NPEX,Qpid_Proton__j-0c27d5ff,0,54c1cf474df34ae9bb6d3ed6afa1bede,org.apache.qpid.proton.engine.impl.TransportImpl,org.apache.qpid.proton.engine.impl.TransportImpl_ESTest,90,0,False
1470,NPEX,Qpid_Proton__j-0c27d5ff,0,47f9f4088c204bc68ca636765df81346,org.apache.qpid.proton.engine.impl.TransportImpl,org.apache.qpid.proton.engine.impl.TransportImpl_ESTest,94,0,False
1471,NPEX,Qpid_Proton__j-0c27d5ff,0,7474d90543f74e94bddb9755490ead98,org.apache.qpid.proton.engine.impl.TransportImpl,org.apache.qpid.proton.engine.impl.TransportImpl_ESTest,99,0,False
1472,NPEX,Qpid_Proton__j-0c27d5ff,0,9b6ed8b6faa24e49a1dbae19dfba62ae,org.apache.qpid.proton.engine.impl.TransportImpl,org.apache.qpid.proton.engine.impl.TransportImpl_ESTest,100,0,False
1473,NPEX,Commons_Pool-11521c1f,0,67f528745d8d4f5ebd4c1c1204c88c97,org.apache.commons.pool2.impl.GenericKeyedObjectPool,org.apache.commons.pool2.impl.GenericKeyedObjectPool_ESTest,0,0,False
1474,NPEX,Commons_Pool-11521c1f,0,4064591bd32442afb5945f2bb2f89dec,org.apache.commons.pool2.impl.GenericKeyedObjectPool,org.apache.commons.pool2.impl.GenericKeyedObjectPool_ESTest,0,0,False
1475,NPEX,Commons_Pool-11521c1f,0,6b187880b71d4a6bb7b905bcab116965,org.apache.commons.pool2.impl.GenericKeyedObjectPool,org.apache.commons.pool2.impl.GenericKeyedObjectPool_ESTest,0,0,False
1476,NPEX,Commons_Pool-11521c1f,0,baf3f68f028849e5bbb333e06c4c338f,org.apache.commons.pool2.impl.GenericKeyedObjectPool,org.apache.commons.pool2.impl.GenericKeyedObjectPool_ESTest,0,0,False
1477,NPEX,Commons_Pool-11521c1f,0,6d2c43e42ce64cc492e3245279034a15,org.apache.commons.pool2.impl.GenericKeyedObjectPool,org.apache.commons.pool2.impl.GenericKeyedObjectPool_ESTest,0,0,False
1478,NPEX,Commons_Pool-11521c1f,0,d4d06af4b44e4abfbd4bd89331b4a5f0,org.apache.commons.pool2.impl.GenericKeyedObjectPool,org.apache.commons.pool2.impl.GenericKeyedObjectPool_ESTest,0,0,False
1479,NPEX,Commons_Pool-11521c1f,0,0c95963c39744d4a8170927391cdbab0,org.apache.commons.pool2.impl.GenericKeyedObjectPool,org.apache.commons.pool2.impl.GenericKeyedObjectPool_ESTest,0,0,False
1480,NPEX,Commons_Pool-11521c1f,0,12e2ea929c6c4d628e2cc2afb8a51766,org.apache.commons.pool2.impl.GenericKeyedObjectPool,org.apache.commons.pool2.impl.GenericKeyedObjectPool_ESTest,0,0,False
1481,NPEX,Commons_Pool-11521c1f,0,4fcb8f54bd8c4623b1d8baa43eba859e,org.apache.commons.pool2.impl.GenericKeyedObjectPool,org.apache.commons.pool2.impl.GenericKeyedObjectPool_ESTest,0,0,False
1482,NPEX,Commons_Pool-11521c1f,0,ecb27a1226154776868a4911a32c583a,org.apache.commons.pool2.impl.GenericKeyedObjectPool,org.apache.commons.pool2.impl.GenericKeyedObjectPool_ESTest,0,0,False
1483,NPEX,Commons_Pool-11521c1f,0,e9ac85a212c941939bad8627d754ae28,org.apache.commons.pool2.impl.GenericKeyedObjectPool,org.apache.commons.pool2.impl.GenericKeyedObjectPool_ESTest,0,0,False
1484,NPEX,Commons_Pool-11521c1f,0,8798e07622a2454a9c6663a45fd2ff84,org.apache.commons.pool2.impl.GenericKeyedObjectPool,org.apache.commons.pool2.impl.GenericKeyedObjectPool_ESTest,0,0,False
1485,NPEX,Commons_Pool-11521c1f,0,8bf3071c23ea46a9a5f555bedb7a66a2,org.apache.commons.pool2.impl.GenericKeyedObjectPool,org.apache.commons.pool2.impl.GenericKeyedObjectPool_ESTest,0,0,False
1486,NPEX,Commons_Pool-11521c1f,0,3ce4e05570a4401d85e0e13d2fda5810,org.apache.commons.pool2.impl.GenericKeyedObjectPool,org.apache.commons.pool2.impl.GenericKeyedObjectPool_ESTest,0,0,False
1487,NPEX,Commons_Pool-11521c1f,0,9348325a94e9454baac885358004d0b8,org.apache.commons.pool2.impl.GenericKeyedObjectPool,org.apache.commons.pool2.impl.GenericKeyedObjectPool_ESTest,0,0,False
1488,NPEX,Commons_Pool-11521c1f,0,142be64618c94483a3ef7f1a51a8520f,org.apache.commons.pool2.impl.GenericKeyedObjectPool,org.apache.commons.pool2.impl.GenericKeyedObjectPool_ESTest,0,0,False
1489,NPEX,Commons_Pool-11521c1f,0,4131e16803de484094c99c9e77423f2b,org.apache.commons.pool2.impl.GenericKeyedObjectPool,org.apache.commons.pool2.impl.GenericKeyedObjectPool_ESTest,0,0,False
1490,NPEX,Commons_Pool-11521c1f,0,d994688b616240d5adbae2087177ed1e,org.apache.commons.pool2.impl.GenericKeyedObjectPool,org.apache.commons.pool2.impl.GenericKeyedObjectPool_ESTest,0,0,False
1491,NPEX,Commons_Pool-11521c1f,0,2297ad030fd14ffa9a9e556fdf2b6484,org.apache.commons.pool2.impl.GenericKeyedObjectPool,org.apache.commons.pool2.impl.GenericKeyedObjectPool_ESTest,0,0,False
1492,NPEX,Commons_Pool-11521c1f,0,dd5d3f4e6bbc4bf3869a970dcca97a3b,org.apache.commons.pool2.impl.GenericKeyedObjectPool,org.apache.commons.pool2.impl.GenericKeyedObjectPool_ESTest,0,0,False
1493,NPEX,Log4j_2-7441d3c3,0,dd90ee96195a45118e01348532e14c61,org.apache.logging.log4j.core.config.ConfigurationScheduler,org.apache.logging.log4j.core.config.ConfigurationScheduler_ESTest,11,0,False
1494,NPEX,Log4j_2-7441d3c3,0,734c9f4a06c84c4cb1f307dd3f1b63ee,org.apache.logging.log4j.core.config.ConfigurationScheduler,org.apache.logging.log4j.core.config.ConfigurationScheduler_ESTest,11,0,False
1495,NPEX,Log4j_2-7441d3c3,0,fe5ce0c998f24e6a91aa7f96c8eb1cfc,org.apache.logging.log4j.core.config.ConfigurationScheduler,org.apache.logging.log4j.core.config.ConfigurationScheduler_ESTest,9,0,False
1496,NPEX,Log4j_2-7441d3c3,0,cfc2e0bce9db41c8965917201bb71ca1,org.apache.logging.log4j.core.config.ConfigurationScheduler,org.apache.logging.log4j.core.config.ConfigurationScheduler_ESTest,12,0,False
1497,NPEX,Log4j_2-7441d3c3,0,20b31966a044470a9af333d1048a8ea5,org.apache.logging.log4j.core.config.ConfigurationScheduler,org.apache.logging.log4j.core.config.ConfigurationScheduler_ESTest,10,0,False
1498,NPEX,Log4j_2-7441d3c3,0,d15adecd8b9d411281b6ed8bc65ac8c5,org.apache.logging.log4j.core.config.ConfigurationScheduler,org.apache.logging.log4j.core.config.ConfigurationScheduler_ESTest,10,0,False
1499,NPEX,Log4j_2-7441d3c3,0,2d49bafe07824f60b7861f84824bfe95,org.apache.logging.log4j.core.config.ConfigurationScheduler,org.apache.logging.log4j.core.config.ConfigurationScheduler_ESTest,12,0,False
1500,NPEX,Log4j_2-7441d3c3,0,c387e4e763ed497982a43fa78d641c76,org.apache.logging.log4j.core.config.ConfigurationScheduler,org.apache.logging.log4j.core.config.ConfigurationScheduler_ESTest,11,0,False
1501,NPEX,Log4j_2-7441d3c3,0,7eca005fee5d4f7ebf2e17f81e744f4c,org.apache.logging.log4j.core.config.ConfigurationScheduler,org.apache.logging.log4j.core.config.ConfigurationScheduler_ESTest,12,0,False
1502,NPEX,Log4j_2-7441d3c3,0,f79fe83a90f3424fa23745b394256eeb,org.apache.logging.log4j.core.config.ConfigurationScheduler,org.apache.logging.log4j.core.config.ConfigurationScheduler_ESTest,11,0,False
1503,NPEX,Log4j_2-7441d3c3,0,aa8feb62a7cc4d56b1d6815f663eba38,org.apache.logging.log4j.core.config.ConfigurationScheduler,org.apache.logging.log4j.core.config.ConfigurationScheduler_ESTest,11,0,False
1504,NPEX,Log4j_2-7441d3c3,0,1f9974866a5a43a886088b57b1944a91,org.apache.logging.log4j.core.config.ConfigurationScheduler,org.apache.logging.log4j.core.config.ConfigurationScheduler_ESTest,12,0,False
1505,NPEX,Log4j_2-7441d3c3,0,af62b6c9484240aaa3c97a95f55de1e1,org.apache.logging.log4j.core.config.ConfigurationScheduler,org.apache.logging.log4j.core.config.ConfigurationScheduler_ESTest,13,0,False
1506,NPEX,Log4j_2-7441d3c3,0,8d6ed282d79a47ec91ed7f1b3012afe4,org.apache.logging.log4j.core.config.ConfigurationScheduler,org.apache.logging.log4j.core.config.ConfigurationScheduler_ESTest,12,0,False
1507,NPEX,Log4j_2-7441d3c3,0,93d0ac63bac644479ea6d3ebb6de2ee7,org.apache.logging.log4j.core.config.ConfigurationScheduler,org.apache.logging.log4j.core.config.ConfigurationScheduler_ESTest,13,0,False
1508,NPEX,Log4j_2-7441d3c3,0,ed7a20e0aff04d2db31f93070bab7066,org.apache.logging.log4j.core.config.ConfigurationScheduler,org.apache.logging.log4j.core.config.ConfigurationScheduler_ESTest,11,0,False
1509,NPEX,Log4j_2-7441d3c3,0,3c9ca53998eb4ca7b36f45137a261dbc,org.apache.logging.log4j.core.config.ConfigurationScheduler,org.apache.logging.log4j.core.config.ConfigurationScheduler_ESTest,11,0,False
1510,NPEX,Log4j_2-7441d3c3,0,beef141acaf44763a6748ebb8506eaba,org.apache.logging.log4j.core.config.ConfigurationScheduler,org.apache.logging.log4j.core.config.ConfigurationScheduler_ESTest,12,0,False
1511,NPEX,Log4j_2-7441d3c3,0,8791d955e8334bce9198d989f4b042b8,org.apache.logging.log4j.core.config.ConfigurationScheduler,org.apache.logging.log4j.core.config.ConfigurationScheduler_ESTest,12,0,False
1512,NPEX,Log4j_2-7441d3c3,0,a2b20061801547de898b291675914fef,org.apache.logging.log4j.core.config.ConfigurationScheduler,org.apache.logging.log4j.core.config.ConfigurationScheduler_ESTest,10,0,False
1513,NPEX,Commons_BCEL-a46d927b,0,e5a6e8ae035a44929a3de1854ec0fb23,org.apache.bcel.generic.MethodGen,org.apache.bcel.generic.MethodGen_ESTest,108,0,False
1514,NPEX,Commons_BCEL-a46d927b,0,f6e95d5ccf8a44e89737ad709743a97d,org.apache.bcel.generic.MethodGen,org.apache.bcel.generic.MethodGen_ESTest,105,0,False
1515,NPEX,Commons_BCEL-a46d927b,0,62f61bbdfd89437daed08d9bb9706b18,org.apache.bcel.generic.MethodGen,org.apache.bcel.generic.MethodGen_ESTest,102,0,False
1516,NPEX,Commons_BCEL-a46d927b,0,fc1469baa2ca4a70a8d8bfc0a7c42def,org.apache.bcel.generic.MethodGen,org.apache.bcel.generic.MethodGen_ESTest,110,0,False
1517,NPEX,Commons_BCEL-a46d927b,0,2e857b6c672642e9b19540419c59865f,org.apache.bcel.generic.MethodGen,org.apache.bcel.generic.MethodGen_ESTest,100,0,False
1518,NPEX,Commons_BCEL-a46d927b,0,4e6f203e045b40e6ab6ee87c60e1f568,org.apache.bcel.generic.MethodGen,org.apache.bcel.generic.MethodGen_ESTest,126,0,False
1519,NPEX,Commons_BCEL-a46d927b,0,9ce5f194fd2f489c94ee6c31e8e5d11f,org.apache.bcel.generic.MethodGen,org.apache.bcel.generic.MethodGen_ESTest,116,0,False
1520,NPEX,Commons_BCEL-a46d927b,0,21805385c81c44faad66561933990156,org.apache.bcel.generic.MethodGen,org.apache.bcel.generic.MethodGen_ESTest,102,0,False
1521,NPEX,Commons_BCEL-a46d927b,0,4d18693e950e410aad7fca544e1b5d58,org.apache.bcel.generic.MethodGen,org.apache.bcel.generic.MethodGen_ESTest,115,0,False
1522,NPEX,Commons_BCEL-a46d927b,0,90953ac7efe244b39d9c271a3557e113,org.apache.bcel.generic.MethodGen,org.apache.bcel.generic.MethodGen_ESTest,106,0,False
1523,NPEX,Commons_BCEL-a46d927b,0,bf1e2d4dca4c483991027948e159b74d,org.apache.bcel.generic.MethodGen,org.apache.bcel.generic.MethodGen_ESTest,108,0,False
1524,NPEX,Commons_BCEL-a46d927b,0,c046ee7acd63439c978ff9dee5814632,org.apache.bcel.generic.MethodGen,org.apache.bcel.generic.MethodGen_ESTest,105,0,False
1525,NPEX,Commons_BCEL-a46d927b,0,0fdbf0ea8dc14c09ba4a82ae8a90aff6,org.apache.bcel.generic.MethodGen,org.apache.bcel.generic.MethodGen_ESTest,125,0,False
1526,NPEX,Commons_BCEL-a46d927b,0,4b9bf30a1b944f67b3b2b91e15d4c79e,org.apache.bcel.generic.MethodGen,org.apache.bcel.generic.MethodGen_ESTest,116,0,False
1527,NPEX,Commons_BCEL-a46d927b,0,ef7fae53881b49b88c2e3ac82350441e,org.apache.bcel.generic.MethodGen,org.apache.bcel.generic.MethodGen_ESTest,107,0,False
1528,NPEX,Commons_BCEL-a46d927b,0,e78cd32c6071425c957dd1b194fa5266,org.apache.bcel.generic.MethodGen,org.apache.bcel.generic.MethodGen_ESTest,120,0,False
1529,NPEX,Commons_BCEL-a46d927b,0,61cbc03177bd4636a39228f0f9c7014a,org.apache.bcel.generic.MethodGen,org.apache.bcel.generic.MethodGen_ESTest,109,0,False
1530,NPEX,Commons_BCEL-a46d927b,0,363094db006f47f4b1404bf753141e20,org.apache.bcel.generic.MethodGen,org.apache.bcel.generic.MethodGen_ESTest,106,0,False
1531,NPEX,Commons_BCEL-a46d927b,0,706a18203eba40febc982210cbf7e4db,org.apache.bcel.generic.MethodGen,org.apache.bcel.generic.MethodGen_ESTest,109,0,False
1532,NPEX,Commons_BCEL-a46d927b,0,71325c8cab7942ebade773d047140f5f,org.apache.bcel.generic.MethodGen,org.apache.bcel.generic.MethodGen_ESTest,108,0,False
1533,NPEX,Jest-f34fa45e,0,2fd57e69e00d4b538beccac1efc0c0f7,io.searchbox.client.config.discovery.NodeChecker,io.searchbox.client.config.discovery.NodeChecker_ESTest,0,0,False
1534,NPEX,Jest-f34fa45e,0,1ad86722cb384bde891d6d9d3a76d09e,io.searchbox.client.config.discovery.NodeChecker,io.searchbox.client.config.discovery.NodeChecker_ESTest,0,0,False
1535,NPEX,Jest-f34fa45e,0,c6dafbe071dd4bd584ea05d244c24728,io.searchbox.client.config.discovery.NodeChecker,io.searchbox.client.config.discovery.NodeChecker_ESTest,0,0,False
1536,NPEX,Jest-f34fa45e,0,86ef3dcbcda84fa2b36b322e4b330357,io.searchbox.client.config.discovery.NodeChecker,io.searchbox.client.config.discovery.NodeChecker_ESTest,0,0,False
1537,NPEX,Jest-f34fa45e,0,0cf5d4bc114841efb11ad00319bd58d9,io.searchbox.client.config.discovery.NodeChecker,io.searchbox.client.config.discovery.NodeChecker_ESTest,0,0,False
1538,NPEX,Jest-f34fa45e,0,04ae879d02364a6581ebab93b50e1fc8,io.searchbox.client.config.discovery.NodeChecker,io.searchbox.client.config.discovery.NodeChecker_ESTest,0,0,False
1539,NPEX,Jest-f34fa45e,0,f7926b3730564e1fb3c76294ccbcbb9c,io.searchbox.client.config.discovery.NodeChecker,io.searchbox.client.config.discovery.NodeChecker_ESTest,0,0,False
1540,NPEX,Jest-f34fa45e,0,7b11a88e112a44029d325d19b29bf764,io.searchbox.client.config.discovery.NodeChecker,io.searchbox.client.config.discovery.NodeChecker_ESTest,0,0,False
1541,NPEX,Jest-f34fa45e,0,0f6848d63c9d4a02b8d35e12fb3d0799,io.searchbox.client.config.discovery.NodeChecker,io.searchbox.client.config.discovery.NodeChecker_ESTest,0,0,False
1542,NPEX,Jest-f34fa45e,0,3f64a1f1faac46eaab14d319438a4d2f,io.searchbox.client.config.discovery.NodeChecker,io.searchbox.client.config.discovery.NodeChecker_ESTest,0,0,False
1543,NPEX,Jest-f34fa45e,0,b7ca1b4bed2343fd90d556039a01cfdd,io.searchbox.client.config.discovery.NodeChecker,io.searchbox.client.config.discovery.NodeChecker_ESTest,0,0,False
1544,NPEX,Jest-f34fa45e,0,f9e53de33b7e45c298758fbc38b2096f,io.searchbox.client.config.discovery.NodeChecker,io.searchbox.client.config.discovery.NodeChecker_ESTest,0,0,False
1545,NPEX,Jest-f34fa45e,0,655a48bb84634ad8a628e2c293f77271,io.searchbox.client.config.discovery.NodeChecker,io.searchbox.client.config.discovery.NodeChecker_ESTest,0,0,False
1546,NPEX,Jest-f34fa45e,0,4e2c6f8b98b64ef39841532200813167,io.searchbox.client.config.discovery.NodeChecker,io.searchbox.client.config.discovery.NodeChecker_ESTest,0,0,False
1547,NPEX,Jest-f34fa45e,0,576c0ed87f444dce8299e55cd44adf27,io.searchbox.client.config.discovery.NodeChecker,io.searchbox.client.config.discovery.NodeChecker_ESTest,0,0,False
1548,NPEX,Jest-f34fa45e,0,bb9404fbc55049feb824f13252506fc7,io.searchbox.client.config.discovery.NodeChecker,io.searchbox.client.config.discovery.NodeChecker_ESTest,0,0,False
1549,NPEX,Jest-f34fa45e,0,675e7fade3be4b30a1dbd0ee0c711b78,io.searchbox.client.config.discovery.NodeChecker,io.searchbox.client.config.discovery.NodeChecker_ESTest,0,0,False
1550,NPEX,Jest-f34fa45e,0,f69094f3836b47acb5e2a41a3d6b02a5,io.searchbox.client.config.discovery.NodeChecker,io.searchbox.client.config.discovery.NodeChecker_ESTest,0,0,False
1551,NPEX,Jest-f34fa45e,0,10e025f9cbeb40aa8fa0dfadeee4a18b,io.searchbox.client.config.discovery.NodeChecker,io.searchbox.client.config.discovery.NodeChecker_ESTest,0,0,False
1552,NPEX,Jest-f34fa45e,0,e254115843d44ecca21411acf01d0dab,io.searchbox.client.config.discovery.NodeChecker,io.searchbox.client.config.discovery.NodeChecker_ESTest,0,0,False
1553,NPEX,Qpid_Proton__j-02998b38,0,1bbc31dbc8a4414c95214d6b77af53b4,org.apache.qpid.proton.codec.MapType,org.apache.qpid.proton.codec.MapType_ESTest,4,0,False
1554,NPEX,Qpid_Proton__j-02998b38,0,312c42f4aa9947a998908e3eb3099242,org.apache.qpid.proton.codec.MapType,org.apache.qpid.proton.codec.MapType_ESTest,3,0,False
1555,NPEX,Qpid_Proton__j-02998b38,0,99b0470644af48a3adeabca0e393128a,org.apache.qpid.proton.codec.MapType,org.apache.qpid.proton.codec.MapType_ESTest,4,0,False
1556,NPEX,Qpid_Proton__j-02998b38,0,e1c5c2d5e57348d887eaed3452466f39,org.apache.qpid.proton.codec.MapType,org.apache.qpid.proton.codec.MapType_ESTest,3,0,False
1557,NPEX,Qpid_Proton__j-02998b38,0,bc01c8b26b0e47e1a1fedc37d70a3853,org.apache.qpid.proton.codec.MapType,org.apache.qpid.proton.codec.MapType_ESTest,3,0,False
1558,NPEX,Qpid_Proton__j-02998b38,0,8a168beff84c465f902d7cc014961952,org.apache.qpid.proton.codec.MapType,org.apache.qpid.proton.codec.MapType_ESTest,3,0,False
1559,NPEX,Qpid_Proton__j-02998b38,0,687ff0cd52f447b2a3c41df9d93cf6b2,org.apache.qpid.proton.codec.MapType,org.apache.qpid.proton.codec.MapType_ESTest,4,0,False
1560,NPEX,Qpid_Proton__j-02998b38,0,a954ad2bd05f423f96a8d1eb21c6fea2,org.apache.qpid.proton.codec.MapType,org.apache.qpid.proton.codec.MapType_ESTest,3,0,False
1561,NPEX,Qpid_Proton__j-02998b38,0,2f88b00ba82f4f4e8eed98ff4ffc0589,org.apache.qpid.proton.codec.MapType,org.apache.qpid.proton.codec.MapType_ESTest,3,0,False
1562,NPEX,Qpid_Proton__j-02998b38,0,76af68197ac24ba391dcb19c2b2fbe31,org.apache.qpid.proton.codec.MapType,org.apache.qpid.proton.codec.MapType_ESTest,4,0,False
1563,NPEX,Qpid_Proton__j-02998b38,0,3987500b01f84335857af83537aaedfa,org.apache.qpid.proton.codec.MapType,org.apache.qpid.proton.codec.MapType_ESTest,3,0,False
1564,NPEX,Qpid_Proton__j-02998b38,0,83cedce2f6334c0b81cc8b346736bcc5,org.apache.qpid.proton.codec.MapType,org.apache.qpid.proton.codec.MapType_ESTest,5,0,False
1565,NPEX,Qpid_Proton__j-02998b38,0,64d4cd518e304596a53e91b116c55fa7,org.apache.qpid.proton.codec.MapType,org.apache.qpid.proton.codec.MapType_ESTest,4,0,False
1566,NPEX,Qpid_Proton__j-02998b38,0,6ee849ab1e294e8693d53338f7bd846b,org.apache.qpid.proton.codec.MapType,org.apache.qpid.proton.codec.MapType_ESTest,4,0,False
1567,NPEX,Qpid_Proton__j-02998b38,0,3c2c2fbd4eb94e9e812bc6d16cae2654,org.apache.qpid.proton.codec.MapType,org.apache.qpid.proton.codec.MapType_ESTest,4,0,False
1568,NPEX,Qpid_Proton__j-02998b38,0,86a2db53fd594beebc9e6b3d271f75e7,org.apache.qpid.proton.codec.MapType,org.apache.qpid.proton.codec.MapType_ESTest,4,0,False
1569,NPEX,Qpid_Proton__j-02998b38,0,18609c0893ba447691edaec449437a59,org.apache.qpid.proton.codec.MapType,org.apache.qpid.proton.codec.MapType_ESTest,3,0,False
1570,NPEX,Qpid_Proton__j-02998b38,0,cbe0983aeac542168449b63acadbe90f,org.apache.qpid.proton.codec.MapType,org.apache.qpid.proton.codec.MapType_ESTest,4,0,False
1571,NPEX,Qpid_Proton__j-02998b38,0,60050eee52d84a4f8c9c600065b80d3f,org.apache.qpid.proton.codec.MapType,org.apache.qpid.proton.codec.MapType_ESTest,3,0,False
1572,NPEX,Qpid_Proton__j-02998b38,1,1bbc31dbc8a4414c95214d6b77af53b4,org.apache.qpid.proton.codec.MapType,org.apache.qpid.proton.codec.MapType_ESTest,4,0,False
1573,NPEX,Qpid_Proton__j-02998b38,1,312c42f4aa9947a998908e3eb3099242,org.apache.qpid.proton.codec.MapType,org.apache.qpid.proton.codec.MapType_ESTest,3,0,False
1574,NPEX,Qpid_Proton__j-02998b38,1,99b0470644af48a3adeabca0e393128a,org.apache.qpid.proton.codec.MapType,org.apache.qpid.proton.codec.MapType_ESTest,4,0,False
1575,NPEX,Qpid_Proton__j-02998b38,1,e1c5c2d5e57348d887eaed3452466f39,org.apache.qpid.proton.codec.MapType,org.apache.qpid.proton.codec.MapType_ESTest,3,0,False
1576,NPEX,Qpid_Proton__j-02998b38,1,bc01c8b26b0e47e1a1fedc37d70a3853,org.apache.qpid.proton.codec.MapType,org.apache.qpid.proton.codec.MapType_ESTest,3,0,False
1577,NPEX,Qpid_Proton__j-02998b38,1,8a168beff84c465f902d7cc014961952,org.apache.qpid.proton.codec.MapType,org.apache.qpid.proton.codec.MapType_ESTest,3,0,False
1578,NPEX,Qpid_Proton__j-02998b38,1,687ff0cd52f447b2a3c41df9d93cf6b2,org.apache.qpid.proton.codec.MapType,org.apache.qpid.proton.codec.MapType_ESTest,4,0,False
1579,NPEX,Qpid_Proton__j-02998b38,1,a954ad2bd05f423f96a8d1eb21c6fea2,org.apache.qpid.proton.codec.MapType,org.apache.qpid.proton.codec.MapType_ESTest,3,0,False
1580,NPEX,Qpid_Proton__j-02998b38,1,2f88b00ba82f4f4e8eed98ff4ffc0589,org.apache.qpid.proton.codec.MapType,org.apache.qpid.proton.codec.MapType_ESTest,3,0,False
1581,NPEX,Qpid_Proton__j-02998b38,1,76af68197ac24ba391dcb19c2b2fbe31,org.apache.qpid.proton.codec.MapType,org.apache.qpid.proton.codec.MapType_ESTest,4,0,False
1582,NPEX,Qpid_Proton__j-02998b38,1,3987500b01f84335857af83537aaedfa,org.apache.qpid.proton.codec.MapType,org.apache.qpid.proton.codec.MapType_ESTest,3,0,False
1583,NPEX,Qpid_Proton__j-02998b38,1,83cedce2f6334c0b81cc8b346736bcc5,org.apache.qpid.proton.codec.MapType,org.apache.qpid.proton.codec.MapType_ESTest,5,0,False
1584,NPEX,Qpid_Proton__j-02998b38,1,64d4cd518e304596a53e91b116c55fa7,org.apache.qpid.proton.codec.MapType,org.apache.qpid.proton.codec.MapType_ESTest,4,0,False
1585,NPEX,Qpid_Proton__j-02998b38,1,6ee849ab1e294e8693d53338f7bd846b,org.apache.qpid.proton.codec.MapType,org.apache.qpid.proton.codec.MapType_ESTest,4,0,False
1586,NPEX,Qpid_Proton__j-02998b38,1,3c2c2fbd4eb94e9e812bc6d16cae2654,org.apache.qpid.proton.codec.MapType,org.apache.qpid.proton.codec.MapType_ESTest,4,0,False
1587,NPEX,Qpid_Proton__j-02998b38,1,86a2db53fd594beebc9e6b3d271f75e7,org.apache.qpid.proton.codec.MapType,org.apache.qpid.proton.codec.MapType_ESTest,4,0,False
1588,NPEX,Qpid_Proton__j-02998b38,1,18609c0893ba447691edaec449437a59,org.apache.qpid.proton.codec.MapType,org.apache.qpid.proton.codec.MapType_ESTest,3,0,False
1589,NPEX,Qpid_Proton__j-02998b38,1,cbe0983aeac542168449b63acadbe90f,org.apache.qpid.proton.codec.MapType,org.apache.qpid.proton.codec.MapType_ESTest,4,0,False
1590,NPEX,Qpid_Proton__j-02998b38,1,60050eee52d84a4f8c9c600065b80d3f,org.apache.qpid.proton.codec.MapType,org.apache.qpid.proton.codec.MapType_ESTest,3,0,False
1591,NPEX,Avro-a3e05bee,0,2082af97ca874c559d39d0f00f5b00d5,org.apache.avro.Schema,org.apache.avro.Schema_ESTest,194,0,True
1592,NPEX,Avro-a3e05bee,0,24826b6d66404a8794a7b5182388b4de,org.apache.avro.Schema,org.apache.avro.Schema_ESTest,185,0,True
1593,NPEX,Avro-a3e05bee,0,dd5ff329d44245b4a8696cc9b804b48f,org.apache.avro.Schema,org.apache.avro.Schema_ESTest,192,0,True
1594,NPEX,Avro-a3e05bee,0,072e075c3c9449babc3fb1adc0577a13,org.apache.avro.Schema,org.apache.avro.Schema_ESTest,197,0,True
1595,NPEX,Avro-a3e05bee,0,59881ee9b04e465993635cbf72acbe1d,org.apache.avro.Schema,org.apache.avro.Schema_ESTest,204,0,True
1596,NPEX,Avro-a3e05bee,0,6d6a835578c44f008140abd4c1e5835b,org.apache.avro.Schema,org.apache.avro.Schema_ESTest,184,0,True
1597,NPEX,Avro-a3e05bee,0,7480778247d0435cae63674428124a68,org.apache.avro.Schema,org.apache.avro.Schema_ESTest,196,0,True
1598,NPEX,Avro-a3e05bee,0,ed928d8f23f04776baf267d743b91286,org.apache.avro.Schema,org.apache.avro.Schema_ESTest,191,0,True
1599,NPEX,Avro-a3e05bee,0,01527d6ebc294685a65fd795c7c59729,org.apache.avro.Schema,org.apache.avro.Schema_ESTest,178,0,True
1600,NPEX,Avro-a3e05bee,0,0ea62ed68ee84ab0bcc7d4f65baa4f6a,org.apache.avro.Schema,org.apache.avro.Schema_ESTest,365,0,True
1601,NPEX,Avro-a3e05bee,0,10782dfd6db4433ebf695e16b342e59b,org.apache.avro.Schema,org.apache.avro.Schema_ESTest,193,0,True
1602,NPEX,Avro-a3e05bee,0,2c4f5c9be0604bdcb3562f19cdee2ee3,org.apache.avro.Schema,org.apache.avro.Schema_ESTest,195,0,True
1603,NPEX,Avro-a3e05bee,0,3c96648f523946049b51696cbbcd5fcd,org.apache.avro.Schema,org.apache.avro.Schema_ESTest,190,0,True
1604,NPEX,Avro-a3e05bee,0,f15bd93ec1e342a88817c3e279c707cb,org.apache.avro.Schema,org.apache.avro.Schema_ESTest,188,0,True
1605,NPEX,Avro-a3e05bee,0,f1370f7341884642945524903256ad34,org.apache.avro.Schema,org.apache.avro.Schema_ESTest,204,0,True
1606,NPEX,Avro-a3e05bee,0,3dad71ca14564da38102adba1ffa0f5e,org.apache.avro.Schema,org.apache.avro.Schema_ESTest,201,0,True
1607,NPEX,Avro-a3e05bee,0,13400a404ade43eeab3a054288d3c882,org.apache.avro.Schema,org.apache.avro.Schema_ESTest,190,0,True
1608,NPEX,Avro-a3e05bee,0,14a6573938814a5085b547151317c045,org.apache.avro.Schema,org.apache.avro.Schema_ESTest,179,0,True
1609,NPEX,Avro-a3e05bee,0,b9251ba598514ac9bebe89fd9acd99d7,org.apache.avro.Schema,org.apache.avro.Schema_ESTest,195,0,True
1610,NPEX,Avro-a3e05bee,0,9035b95358614d9daa190f15c16745b2,org.apache.avro.Schema,org.apache.avro.Schema_ESTest,195,0,True
1611,NPEX,Async_Http_Client-fbc6d486,0,d06e6877fe78482b95dd361447a48956,org.asynchttpclient.RequestBuilderBase,org.asynchttpclient.RequestBuilderBase_ESTest,1,0,False
1612,NPEX,Async_Http_Client-fbc6d486,0,762f0702cbb44e4d876deb19db3880b4,org.asynchttpclient.RequestBuilderBase,org.asynchttpclient.RequestBuilderBase_ESTest,1,0,False
1613,NPEX,Async_Http_Client-fbc6d486,0,f93e85213c3549ca99005f5250254ffa,org.asynchttpclient.RequestBuilderBase,org.asynchttpclient.RequestBuilderBase_ESTest,1,0,False
1614,NPEX,Async_Http_Client-fbc6d486,0,25755409a3e54d2692a5be709c809f9a,org.asynchttpclient.RequestBuilderBase,org.asynchttpclient.RequestBuilderBase_ESTest,1,0,False
1615,NPEX,Async_Http_Client-fbc6d486,0,a1a9ebd98b0b45b3aa1ea45bf356884c,org.asynchttpclient.RequestBuilderBase,org.asynchttpclient.RequestBuilderBase_ESTest,1,0,False
1616,NPEX,Async_Http_Client-fbc6d486,0,ee55686e0f1047cc872a0401ac220c3d,org.asynchttpclient.RequestBuilderBase,org.asynchttpclient.RequestBuilderBase_ESTest,1,0,False
1617,NPEX,Async_Http_Client-fbc6d486,0,27cd3976b37e48bd97f052356e0fb384,org.asynchttpclient.RequestBuilderBase,org.asynchttpclient.RequestBuilderBase_ESTest,1,0,False
1618,NPEX,Async_Http_Client-fbc6d486,0,706b0163733a4204a1d053d1d842655a,org.asynchttpclient.RequestBuilderBase,org.asynchttpclient.RequestBuilderBase_ESTest,1,0,False
1619,NPEX,Async_Http_Client-fbc6d486,0,763a0b33ebe7480ebbca1f732816dd61,org.asynchttpclient.RequestBuilderBase,org.asynchttpclient.RequestBuilderBase_ESTest,1,0,False
1620,NPEX,Async_Http_Client-fbc6d486,0,ac2c8557a5844995b348e25fbb5bf4fb,org.asynchttpclient.RequestBuilderBase,org.asynchttpclient.RequestBuilderBase_ESTest,1,0,False
1621,NPEX,Async_Http_Client-fbc6d486,0,40dc12f1689d46c8abeee26c762efe00,org.asynchttpclient.RequestBuilderBase,org.asynchttpclient.RequestBuilderBase_ESTest,1,0,False
1622,NPEX,Async_Http_Client-fbc6d486,0,71e39d1adb284a8798e77d174946f223,org.asynchttpclient.RequestBuilderBase,org.asynchttpclient.RequestBuilderBase_ESTest,1,0,False
1623,NPEX,Async_Http_Client-fbc6d486,0,ea0c7eef04cf4de1a9aaefd1b6c590bb,org.asynchttpclient.RequestBuilderBase,org.asynchttpclient.RequestBuilderBase_ESTest,1,0,False
1624,NPEX,Async_Http_Client-fbc6d486,0,cc3c0c64771d43a589e1670ce2d8853c,org.asynchttpclient.RequestBuilderBase,org.asynchttpclient.RequestBuilderBase_ESTest,1,0,False
1625,NPEX,Async_Http_Client-fbc6d486,0,3c9b153e2e2945dfbafd8b438d75c49e,org.asynchttpclient.RequestBuilderBase,org.asynchttpclient.RequestBuilderBase_ESTest,1,0,False
1626,NPEX,Async_Http_Client-fbc6d486,0,f3b9b7c126a44e2ba398f64bfc59c6d3,org.asynchttpclient.RequestBuilderBase,org.asynchttpclient.RequestBuilderBase_ESTest,1,0,False
1627,NPEX,Async_Http_Client-fbc6d486,0,a4b4d4c177714820bff5e2cc7918c0c3,org.asynchttpclient.RequestBuilderBase,org.asynchttpclient.RequestBuilderBase_ESTest,1,0,False
1628,NPEX,Async_Http_Client-fbc6d486,0,8074c212491b4aed81d26337c17cdd5c,org.asynchttpclient.RequestBuilderBase,org.asynchttpclient.RequestBuilderBase_ESTest,1,0,False
1629,NPEX,Async_Http_Client-fbc6d486,0,f9efeb1e11924eed827c0e24e5046a2d,org.asynchttpclient.RequestBuilderBase,org.asynchttpclient.RequestBuilderBase_ESTest,1,0,False
1630,NPEX,Async_Http_Client-fbc6d486,0,a4e0ea3bd0f94e6894ab13fd1f949c9e,org.asynchttpclient.RequestBuilderBase,org.asynchttpclient.RequestBuilderBase_ESTest,1,0,False
1631,NPEX,Async_Http_Client-fbc6d486,0,f858dbb4c53c438e8ce7d229624fc237,org.asynchttpclient.RequestBuilderBase,org.asynchttpclient.RequestBuilderBase_ESTest,1,0,False
1632,NPEX,ShardingSphere-9833fb9a,0,d8096b420e034380a3547fb8beffebb9,org.apache.shardingsphere.governance.core.yaml.swapper.SchemaYamlSwapper,org.apache.shardingsphere.governance.core.yaml.swapper.SchemaYamlSwapper_ESTest,3,0,False
1633,NPEX,ShardingSphere-9833fb9a,0,f45b9a310ef94702ac0c6dc2f00531a9,org.apache.shardingsphere.governance.core.yaml.swapper.SchemaYamlSwapper,org.apache.shardingsphere.governance.core.yaml.swapper.SchemaYamlSwapper_ESTest,3,0,False
1634,NPEX,ShardingSphere-9833fb9a,0,91578f8cb2fc403d943aefbdd2ab04bb,org.apache.shardingsphere.governance.core.yaml.swapper.SchemaYamlSwapper,org.apache.shardingsphere.governance.core.yaml.swapper.SchemaYamlSwapper_ESTest,3,0,False
1635,NPEX,ShardingSphere-9833fb9a,0,790e8ae772154194a2cc9093a0b63c38,org.apache.shardingsphere.governance.core.yaml.swapper.SchemaYamlSwapper,org.apache.shardingsphere.governance.core.yaml.swapper.SchemaYamlSwapper_ESTest,3,0,False
1636,NPEX,ShardingSphere-9833fb9a,0,1d4b10466eda4551b5a4f4573cd56bc6,org.apache.shardingsphere.governance.core.yaml.swapper.SchemaYamlSwapper,org.apache.shardingsphere.governance.core.yaml.swapper.SchemaYamlSwapper_ESTest,3,0,False
1637,NPEX,ShardingSphere-9833fb9a,0,996a5f965bac44daa88ea0f31f28b0d2,org.apache.shardingsphere.governance.core.yaml.swapper.SchemaYamlSwapper,org.apache.shardingsphere.governance.core.yaml.swapper.SchemaYamlSwapper_ESTest,3,0,False
1638,NPEX,ShardingSphere-9833fb9a,0,f40eb98ef24e49f6b78ee1236c093ee7,org.apache.shardingsphere.governance.core.yaml.swapper.SchemaYamlSwapper,org.apache.shardingsphere.governance.core.yaml.swapper.SchemaYamlSwapper_ESTest,3,0,False
1639,NPEX,ShardingSphere-9833fb9a,0,f35581dc443f42f69af5cc44e9826cc6,org.apache.shardingsphere.governance.core.yaml.swapper.SchemaYamlSwapper,org.apache.shardingsphere.governance.core.yaml.swapper.SchemaYamlSwapper_ESTest,3,0,False
1640,NPEX,ShardingSphere-9833fb9a,0,a0ec1698c0ae49ea8bd5767bfe19b988,org.apache.shardingsphere.governance.core.yaml.swapper.SchemaYamlSwapper,org.apache.shardingsphere.governance.core.yaml.swapper.SchemaYamlSwapper_ESTest,3,0,False
1641,NPEX,ShardingSphere-9833fb9a,0,20fae62c3b9f4f369097f6a38c2ac42f,org.apache.shardingsphere.governance.core.yaml.swapper.SchemaYamlSwapper,org.apache.shardingsphere.governance.core.yaml.swapper.SchemaYamlSwapper_ESTest,3,0,False
1642,NPEX,ShardingSphere-9833fb9a,0,0f9ed694814b4103ba4f5508cc67a010,org.apache.shardingsphere.governance.core.yaml.swapper.SchemaYamlSwapper,org.apache.shardingsphere.governance.core.yaml.swapper.SchemaYamlSwapper_ESTest,3,0,False
1643,NPEX,ShardingSphere-9833fb9a,0,87027228e8c54149b638383543413de9,org.apache.shardingsphere.governance.core.yaml.swapper.SchemaYamlSwapper,org.apache.shardingsphere.governance.core.yaml.swapper.SchemaYamlSwapper_ESTest,3,0,False
1644,NPEX,ShardingSphere-9833fb9a,0,238fc1d29f2b4f0daf8901bbf08f84e5,org.apache.shardingsphere.governance.core.yaml.swapper.SchemaYamlSwapper,org.apache.shardingsphere.governance.core.yaml.swapper.SchemaYamlSwapper_ESTest,2,0,False
1645,NPEX,ShardingSphere-9833fb9a,0,a5b08ed45ebc4d2f9d9ff70ab0d85e99,org.apache.shardingsphere.governance.core.yaml.swapper.SchemaYamlSwapper,org.apache.shardingsphere.governance.core.yaml.swapper.SchemaYamlSwapper_ESTest,3,0,False
1646,NPEX,ShardingSphere-9833fb9a,0,2062bb0507e84c0b82b25103d66455d3,org.apache.shardingsphere.governance.core.yaml.swapper.SchemaYamlSwapper,org.apache.shardingsphere.governance.core.yaml.swapper.SchemaYamlSwapper_ESTest,3,0,False
1647,NPEX,ShardingSphere-9833fb9a,0,6c9e0146a67d48599b96afa4b6184fe2,org.apache.shardingsphere.governance.core.yaml.swapper.SchemaYamlSwapper,org.apache.shardingsphere.governance.core.yaml.swapper.SchemaYamlSwapper_ESTest,3,0,False
1648,NPEX,ShardingSphere-9833fb9a,0,28d8c6991b1f46be9b8f4a5398746c1b,org.apache.shardingsphere.governance.core.yaml.swapper.SchemaYamlSwapper,org.apache.shardingsphere.governance.core.yaml.swapper.SchemaYamlSwapper_ESTest,3,0,False
1649,NPEX,ShardingSphere-9833fb9a,0,c71c1fa7840942aaa38e8de6bb4963f9,org.apache.shardingsphere.governance.core.yaml.swapper.SchemaYamlSwapper,org.apache.shardingsphere.governance.core.yaml.swapper.SchemaYamlSwapper_ESTest,3,0,False
1650,NPEX,ShardingSphere-9833fb9a,0,edbc2333a05346ac8d47d82e26d539aa,org.apache.shardingsphere.governance.core.yaml.swapper.SchemaYamlSwapper,org.apache.shardingsphere.governance.core.yaml.swapper.SchemaYamlSwapper_ESTest,3,0,False
1651,NPEX,ShardingSphere-9833fb9a,0,ab52a2eec6fb404abe8f984e4596748a,org.apache.shardingsphere.governance.core.yaml.swapper.SchemaYamlSwapper,org.apache.shardingsphere.governance.core.yaml.swapper.SchemaYamlSwapper_ESTest,3,0,False
1652,NPEX,Easy_Rules-d5385af5,0,5cda287785cc413588ad74f9794caaaf,org.jeasy.rules.mvel.MVELRuleDefinitionReader,org.jeasy.rules.mvel.MVELRuleDefinitionReader_ESTest,1,0,False
1653,NPEX,Easy_Rules-d5385af5,0,c49c64955f7f46359ee89bc6dfc5ef7f,org.jeasy.rules.mvel.MVELRuleDefinitionReader,org.jeasy.rules.mvel.MVELRuleDefinitionReader_ESTest,1,0,False
1654,NPEX,Easy_Rules-d5385af5,0,3aefcbd361654d90a12c47c0641573d2,org.jeasy.rules.mvel.MVELRuleDefinitionReader,org.jeasy.rules.mvel.MVELRuleDefinitionReader_ESTest,1,0,False
1655,NPEX,Easy_Rules-d5385af5,0,3c90e03176a74911bf3d524e2b36343f,org.jeasy.rules.mvel.MVELRuleDefinitionReader,org.jeasy.rules.mvel.MVELRuleDefinitionReader_ESTest,1,0,False
1656,NPEX,Easy_Rules-d5385af5,0,bc426fb55c924decbd99a8c5c576aec3,org.jeasy.rules.mvel.MVELRuleDefinitionReader,org.jeasy.rules.mvel.MVELRuleDefinitionReader_ESTest,1,0,False
1657,NPEX,Easy_Rules-d5385af5,0,a7d85826377047d8b1f7c46858ca0bd8,org.jeasy.rules.mvel.MVELRuleDefinitionReader,org.jeasy.rules.mvel.MVELRuleDefinitionReader_ESTest,1,0,False
1658,NPEX,Easy_Rules-d5385af5,0,48d5a4bacc984189b7ca165a4bb54054,org.jeasy.rules.mvel.MVELRuleDefinitionReader,org.jeasy.rules.mvel.MVELRuleDefinitionReader_ESTest,1,0,False
1659,NPEX,Easy_Rules-d5385af5,0,fa3cf90271054bf0a23539a3d0290dbc,org.jeasy.rules.mvel.MVELRuleDefinitionReader,org.jeasy.rules.mvel.MVELRuleDefinitionReader_ESTest,1,0,False
1660,NPEX,Easy_Rules-d5385af5,0,cea27411d3674c82a9d4cbc840c515d6,org.jeasy.rules.mvel.MVELRuleDefinitionReader,org.jeasy.rules.mvel.MVELRuleDefinitionReader_ESTest,1,0,False
1661,NPEX,Easy_Rules-d5385af5,0,269f0a2513194134a4e11dc7f9cc72ff,org.jeasy.rules.mvel.MVELRuleDefinitionReader,org.jeasy.rules.mvel.MVELRuleDefinitionReader_ESTest,1,0,False
1662,NPEX,Easy_Rules-d5385af5,0,8db22849f5fb454890ac2deb59c9e1b7,org.jeasy.rules.mvel.MVELRuleDefinitionReader,org.jeasy.rules.mvel.MVELRuleDefinitionReader_ESTest,1,0,False
1663,NPEX,Easy_Rules-d5385af5,0,44c1a4c1fbc744399e67b0c69398e5fb,org.jeasy.rules.mvel.MVELRuleDefinitionReader,org.jeasy.rules.mvel.MVELRuleDefinitionReader_ESTest,1,0,False
1664,NPEX,Easy_Rules-d5385af5,0,e08f49bd32f24cd591ec7d2ea38ac825,org.jeasy.rules.mvel.MVELRuleDefinitionReader,org.jeasy.rules.mvel.MVELRuleDefinitionReader_ESTest,1,0,False
1665,NPEX,Easy_Rules-d5385af5,0,02b91d1c615b4b66ad879f71df2300dd,org.jeasy.rules.mvel.MVELRuleDefinitionReader,org.jeasy.rules.mvel.MVELRuleDefinitionReader_ESTest,1,0,False
1666,NPEX,Easy_Rules-d5385af5,0,cdcd5835923747ca82dfe6d3453f929b,org.jeasy.rules.mvel.MVELRuleDefinitionReader,org.jeasy.rules.mvel.MVELRuleDefinitionReader_ESTest,1,0,False
1667,NPEX,Easy_Rules-d5385af5,0,2697ccf9c0354ad4aae798ddd88b597c,org.jeasy.rules.mvel.MVELRuleDefinitionReader,org.jeasy.rules.mvel.MVELRuleDefinitionReader_ESTest,1,0,False
1668,NPEX,Easy_Rules-d5385af5,0,6337a755588c4aef81f3d8db28cebb0b,org.jeasy.rules.mvel.MVELRuleDefinitionReader,org.jeasy.rules.mvel.MVELRuleDefinitionReader_ESTest,1,0,False
1669,NPEX,Easy_Rules-d5385af5,0,ef0bf0959601472b94f5f63fca64af9e,org.jeasy.rules.mvel.MVELRuleDefinitionReader,org.jeasy.rules.mvel.MVELRuleDefinitionReader_ESTest,1,0,False
1670,NPEX,Easy_Rules-d5385af5,0,a8093f012c36432a97a334eb9674a8af,org.jeasy.rules.mvel.MVELRuleDefinitionReader,org.jeasy.rules.mvel.MVELRuleDefinitionReader_ESTest,1,0,False
1671,NPEX,Easy_Rules-d5385af5,0,a59e49c17a02473f87b2ccc71f1889f6,org.jeasy.rules.mvel.MVELRuleDefinitionReader,org.jeasy.rules.mvel.MVELRuleDefinitionReader_ESTest,1,0,False
1672,NPEX,IoTDB-9bced7b6,0,966cf55a17204fc1a3c9d31c68e8e700,org.apache.iotdb.db.metadata.MTree,org.apache.iotdb.db.metadata.MTree_ESTest,203,0,False
1673,NPEX,IoTDB-9bced7b6,0,be27101f2bcc406b8e2f0310378d10be,org.apache.iotdb.db.metadata.MTree,org.apache.iotdb.db.metadata.MTree_ESTest,205,0,False
1674,NPEX,IoTDB-9bced7b6,0,887fafa0ec004d6fb3e333de3958825e,org.apache.iotdb.db.metadata.MTree,org.apache.iotdb.db.metadata.MTree_ESTest,206,0,False
1675,NPEX,IoTDB-9bced7b6,0,7e51dd0326f74907b3b2ff05aa4488fb,org.apache.iotdb.db.metadata.MTree,org.apache.iotdb.db.metadata.MTree_ESTest,210,0,False
1676,NPEX,IoTDB-9bced7b6,0,4cb23f9022ab47c5802bf92e05f751b0,org.apache.iotdb.db.metadata.MTree,org.apache.iotdb.db.metadata.MTree_ESTest,210,0,False
1677,NPEX,IoTDB-9bced7b6,0,4438752b1d8c45b5b17ba4c665ad9185,org.apache.iotdb.db.metadata.MTree,org.apache.iotdb.db.metadata.MTree_ESTest,198,0,False
1678,NPEX,IoTDB-9bced7b6,0,4adb8ad4f47444bfa494c2ca49b606af,org.apache.iotdb.db.metadata.MTree,org.apache.iotdb.db.metadata.MTree_ESTest,210,0,False
1679,NPEX,IoTDB-9bced7b6,0,ae19ce74a0ed4ac0bffcf5af8d06f396,org.apache.iotdb.db.metadata.MTree,org.apache.iotdb.db.metadata.MTree_ESTest,213,0,False
1680,NPEX,IoTDB-9bced7b6,0,e36c17d7a6324350a1ecdb4d9120cc95,org.apache.iotdb.db.metadata.MTree,org.apache.iotdb.db.metadata.MTree_ESTest,206,0,False
1681,NPEX,IoTDB-9bced7b6,0,5e966a896fdb4ed7a65aedf67254d184,org.apache.iotdb.db.metadata.MTree,org.apache.iotdb.db.metadata.MTree_ESTest,202,0,False
1682,NPEX,IoTDB-9bced7b6,0,11d99ff0b0d840c7ae2bd0e089e9e403,org.apache.iotdb.db.metadata.MTree,org.apache.iotdb.db.metadata.MTree_ESTest,213,0,False
1683,NPEX,IoTDB-9bced7b6,0,f474241aada140ae839dd10dbae5b6c6,org.apache.iotdb.db.metadata.MTree,org.apache.iotdb.db.metadata.MTree_ESTest,209,0,False
1684,NPEX,IoTDB-9bced7b6,0,27f9ae4a528e498583487cb30f6bd8ad,org.apache.iotdb.db.metadata.MTree,org.apache.iotdb.db.metadata.MTree_ESTest,197,0,False
1685,NPEX,IoTDB-9bced7b6,0,84c434404a7045f88f38deaee2269d7f,org.apache.iotdb.db.metadata.MTree,org.apache.iotdb.db.metadata.MTree_ESTest,211,0,False
1686,NPEX,IoTDB-9bced7b6,0,155aed2b6f274d1c823a7352257f0191,org.apache.iotdb.db.metadata.MTree,org.apache.iotdb.db.metadata.MTree_ESTest,211,0,False
1687,NPEX,IoTDB-9bced7b6,0,fb18036b70394639973216744f8c1acb,org.apache.iotdb.db.metadata.MTree,org.apache.iotdb.db.metadata.MTree_ESTest,199,0,False
1688,NPEX,IoTDB-9bced7b6,0,0b681cab1c4140d882563a4b185f27ed,org.apache.iotdb.db.metadata.MTree,org.apache.iotdb.db.metadata.MTree_ESTest,189,0,False
1689,NPEX,IoTDB-9bced7b6,0,d161f538cfc043008f1f49d0576bb77d,org.apache.iotdb.db.metadata.MTree,org.apache.iotdb.db.metadata.MTree_ESTest,192,0,False
1690,NPEX,IoTDB-9bced7b6,0,da334c6d91024d578a2d22e63e84b568,org.apache.iotdb.db.metadata.MTree,org.apache.iotdb.db.metadata.MTree_ESTest,213,0,False
1691,NPEX,IoTDB-9bced7b6,0,34503fdc381f4676841e378570404b80,org.apache.iotdb.db.metadata.MTree,org.apache.iotdb.db.metadata.MTree_ESTest,189,0,False
1692,Bears,Bears-88,0,8d93f6c22d6040f19c9911300126a4e5,org.springframework.data.repository.config.RepositoryBeanNameGenerator,org.springframework.data.repository.config.RepositoryBeanNameGenerator_ESTest,2,0,False
1693,Bears,Bears-88,0,dded173b01ff4f58a174d2f2a1756545,org.springframework.data.repository.config.RepositoryBeanNameGenerator,org.springframework.data.repository.config.RepositoryBeanNameGenerator_ESTest,2,0,False
1694,Bears,Bears-88,0,c48b66d24d12415d98d395b8ffa78bd2,org.springframework.data.repository.config.RepositoryBeanNameGenerator,org.springframework.data.repository.config.RepositoryBeanNameGenerator_ESTest,2,0,False
1695,Bears,Bears-88,0,ab13891b340049efbc60835fdf58a7a0,org.springframework.data.repository.config.RepositoryBeanNameGenerator,org.springframework.data.repository.config.RepositoryBeanNameGenerator_ESTest,2,0,False
1696,Bears,Bears-88,0,c2db1a22380e46fd87dc99f4f21c13b4,org.springframework.data.repository.config.RepositoryBeanNameGenerator,org.springframework.data.repository.config.RepositoryBeanNameGenerator_ESTest,2,0,False
1697,Bears,Bears-88,0,3098cdb0c901499b8822f6e869bc91e9,org.springframework.data.repository.config.RepositoryBeanNameGenerator,org.springframework.data.repository.config.RepositoryBeanNameGenerator_ESTest,2,0,False
1698,Bears,Bears-88,0,87591985656041ef8732747846d72e6d,org.springframework.data.repository.config.RepositoryBeanNameGenerator,org.springframework.data.repository.config.RepositoryBeanNameGenerator_ESTest,2,0,False
1699,Bears,Bears-88,0,5dcb4236a82744858824f38c075bde24,org.springframework.data.repository.config.RepositoryBeanNameGenerator,org.springframework.data.repository.config.RepositoryBeanNameGenerator_ESTest,2,0,False
1700,Bears,Bears-88,0,401c7a3c65d041609a0d8e364f88cc66,org.springframework.data.repository.config.RepositoryBeanNameGenerator,org.springframework.data.repository.config.RepositoryBeanNameGenerator_ESTest,2,0,False
1701,Bears,Bears-88,0,8714e13334de4159a8296cfe7b89b444,org.springframework.data.repository.config.RepositoryBeanNameGenerator,org.springframework.data.repository.config.RepositoryBeanNameGenerator_ESTest,2,0,False
1702,Bears,Bears-88,0,cbb2c28bf0c4477383ef0ff5566f964a,org.springframework.data.repository.config.RepositoryBeanNameGenerator,org.springframework.data.repository.config.RepositoryBeanNameGenerator_ESTest,2,0,False
1703,Bears,Bears-88,0,39c5b1c25531471e9927b4e963449cea,org.springframework.data.repository.config.RepositoryBeanNameGenerator,org.springframework.data.repository.config.RepositoryBeanNameGenerator_ESTest,2,0,False
1704,Bears,Bears-88,0,cfcdb459b14b4efbbe5ca206ca33e474,org.springframework.data.repository.config.RepositoryBeanNameGenerator,org.springframework.data.repository.config.RepositoryBeanNameGenerator_ESTest,2,0,False
1705,Bears,Bears-222,0,cc691e3eda6845a9a58212084d3d5ddd,org.jgrapht.generate.WattsStrogatzGraphGenerator,org.jgrapht.generate.WattsStrogatzGraphGenerator_ESTest,1,0,False
1706,Bears,Bears-222,0,fa81d85a3c3c44389b800b8dfefc65ab,org.jgrapht.generate.WattsStrogatzGraphGenerator,org.jgrapht.generate.WattsStrogatzGraphGenerator_ESTest,1,0,False
1707,Bears,Bears-222,0,00aba35db2954d8887474f97de469b96,org.jgrapht.generate.WattsStrogatzGraphGenerator,org.jgrapht.generate.WattsStrogatzGraphGenerator_ESTest,1,0,False
1708,Bears,Bears-222,0,30191740f3c0467ebf123e831f81e292,org.jgrapht.generate.WattsStrogatzGraphGenerator,org.jgrapht.generate.WattsStrogatzGraphGenerator_ESTest,2,0,False
1709,Bears,Bears-222,0,2413c174e04e46c588b9f77a2adf3f41,org.jgrapht.generate.WattsStrogatzGraphGenerator,org.jgrapht.generate.WattsStrogatzGraphGenerator_ESTest,4,0,False
1710,Bears,Bears-222,0,4d1ad96f725b47a49a15e76380a75660,org.jgrapht.generate.WattsStrogatzGraphGenerator,org.jgrapht.generate.WattsStrogatzGraphGenerator_ESTest,2,0,False
1711,Bears,Bears-222,0,486a86c9b09d44f89849828cc97720af,org.jgrapht.generate.WattsStrogatzGraphGenerator,org.jgrapht.generate.WattsStrogatzGraphGenerator_ESTest,3,0,False
1712,Bears,Bears-222,0,69c532b06037498da2b62c03852f22f7,org.jgrapht.generate.WattsStrogatzGraphGenerator,org.jgrapht.generate.WattsStrogatzGraphGenerator_ESTest,1,0,False
1713,Bears,Bears-222,0,8080ee1296af4ab7b93e88d625a79626,org.jgrapht.generate.WattsStrogatzGraphGenerator,org.jgrapht.generate.WattsStrogatzGraphGenerator_ESTest,1,0,False
1714,Bears,Bears-222,0,5a3124b164674a7dabd11ae596995da8,org.jgrapht.generate.WattsStrogatzGraphGenerator,org.jgrapht.generate.WattsStrogatzGraphGenerator_ESTest,12,0,True
1715,Bears,Bears-222,0,f180fe5fea5f409eaa1a8507a14b6734,org.jgrapht.generate.WattsStrogatzGraphGenerator,org.jgrapht.generate.WattsStrogatzGraphGenerator_ESTest,1,0,False
1716,Bears,Bears-222,0,85540226848f45beba83ec9cb63ac9d0,org.jgrapht.generate.WattsStrogatzGraphGenerator,org.jgrapht.generate.WattsStrogatzGraphGenerator_ESTest,1,0,False
1717,Bears,Bears-222,0,a2e224fb9c2947d68a6ebe66e136bbdd,org.jgrapht.generate.WattsStrogatzGraphGenerator,org.jgrapht.generate.WattsStrogatzGraphGenerator_ESTest,1,0,False
1718,Bears,Bears-222,0,1a88e52f8aea45feb903607a1045213c,org.jgrapht.generate.WattsStrogatzGraphGenerator,org.jgrapht.generate.WattsStrogatzGraphGenerator_ESTest,2,0,False
1719,Bears,Bears-222,0,2365f04cda9f42e48db9ba025bf34256,org.jgrapht.generate.WattsStrogatzGraphGenerator,org.jgrapht.generate.WattsStrogatzGraphGenerator_ESTest,2,0,False
1720,Bears,Bears-56,0,be9ce4e3ccce4d889ad9f9b786b30a60,spoon.reflect.visitor.ImportScannerImpl,spoon.reflect.visitor.ImportScannerImpl_ESTest,29,0,False
1721,Bears,Bears-56,0,f58644142c1444eb9c9f6119275c069e,spoon.reflect.visitor.ImportScannerImpl,spoon.reflect.visitor.ImportScannerImpl_ESTest,22,0,False
1722,Bears,Bears-56,0,1e5d405408ee48168f23b3bd7201c56d,spoon.reflect.visitor.ImportScannerImpl,spoon.reflect.visitor.ImportScannerImpl_ESTest,29,0,False
1723,Bears,Bears-56,0,e019b17ee19a4296a9ccf6689c0a3405,spoon.reflect.visitor.ImportScannerImpl,spoon.reflect.visitor.ImportScannerImpl_ESTest,26,0,False
1724,Bears,Bears-56,0,a7086aba7edc469a8ee63d5f3ae830d5,spoon.reflect.visitor.ImportScannerImpl,spoon.reflect.visitor.ImportScannerImpl_ESTest,27,0,False
1725,Bears,Bears-56,0,f37a02a85aa84c3cac9d42b22267fce2,spoon.reflect.visitor.ImportScannerImpl,spoon.reflect.visitor.ImportScannerImpl_ESTest,22,0,False
1726,Bears,Bears-56,0,e6aa0fd72a754d21950e2d246a62035f,spoon.reflect.visitor.ImportScannerImpl,spoon.reflect.visitor.ImportScannerImpl_ESTest,24,0,False
1727,Bears,Bears-56,0,908eee8ebf5d41b191ba8cc781410bf0,spoon.reflect.visitor.ImportScannerImpl,spoon.reflect.visitor.ImportScannerImpl_ESTest,28,0,False
1728,Bears,Bears-56,0,5c559ac94bfd412eb02d3c7ff2742ad7,spoon.reflect.visitor.ImportScannerImpl,spoon.reflect.visitor.ImportScannerImpl_ESTest,22,0,False
1729,Bears,Bears-56,0,b5cebd697014474c8b79126f6e5b26f5,spoon.reflect.visitor.ImportScannerImpl,spoon.reflect.visitor.ImportScannerImpl_ESTest,26,0,False
1730,Bears,Bears-56,0,6afc557fa19b4b7784d3941b58416cb8,spoon.reflect.visitor.ImportScannerImpl,spoon.reflect.visitor.ImportScannerImpl_ESTest,22,0,False
1731,Bears,Bears-56,0,2f4bcccaab944b6f971a1b6e924d3dad,spoon.reflect.visitor.ImportScannerImpl,spoon.reflect.visitor.ImportScannerImpl_ESTest,26,0,False
1732,Bears,Bears-56,0,ebf2e2966545461eade7564b5df116ff,spoon.reflect.visitor.ImportScannerImpl,spoon.reflect.visitor.ImportScannerImpl_ESTest,31,0,False
1733,Bears,Bears-56,0,93ddb18214bb4a7dba39ecd05108fbb7,spoon.reflect.visitor.ImportScannerImpl,spoon.reflect.visitor.ImportScannerImpl_ESTest,21,0,False
1734,Bears,Bears-56,0,afc49e710d144fedacc7250a4e5fee96,spoon.reflect.visitor.ImportScannerImpl,spoon.reflect.visitor.ImportScannerImpl_ESTest,28,0,False
1735,Bears,Bears-72,0,a262fad1df9b4fa89cc412a8b0503124,spoon.reflect.visitor.DefaultJavaPrettyPrinter,spoon.reflect.visitor.DefaultJavaPrettyPrinter_ESTest,150,0,False
1736,Bears,Bears-72,0,c1a12cf7ed5a44bb9492e04f1e7ac02e,spoon.reflect.visitor.DefaultJavaPrettyPrinter,spoon.reflect.visitor.DefaultJavaPrettyPrinter_ESTest,155,0,False
1737,Bears,Bears-72,0,2e26fd5b5f5a470781e65b3f6516d8c3,spoon.reflect.visitor.DefaultJavaPrettyPrinter,spoon.reflect.visitor.DefaultJavaPrettyPrinter_ESTest,186,0,False
1738,Bears,Bears-72,0,53e91f7a88ab4683889c494739a9f7a4,spoon.reflect.visitor.DefaultJavaPrettyPrinter,spoon.reflect.visitor.DefaultJavaPrettyPrinter_ESTest,177,0,False
1739,Bears,Bears-72,0,01be2b91412a49a48ba553fbf394d532,spoon.reflect.visitor.DefaultJavaPrettyPrinter,spoon.reflect.visitor.DefaultJavaPrettyPrinter_ESTest,152,0,False
1740,Bears,Bears-72,0,87ff61c45c6843ac9565b544f75eb4ed,spoon.reflect.visitor.DefaultJavaPrettyPrinter,spoon.reflect.visitor.DefaultJavaPrettyPrinter_ESTest,147,0,False
1741,Bears,Bears-72,0,bfefb1816b0242b1abc3719b9ffbf1a3,spoon.reflect.visitor.DefaultJavaPrettyPrinter,spoon.reflect.visitor.DefaultJavaPrettyPrinter_ESTest,144,0,False
1742,Bears,Bears-72,0,01c7cfb73f0242089ec98a60e75753f3,spoon.reflect.visitor.DefaultJavaPrettyPrinter,spoon.reflect.visitor.DefaultJavaPrettyPrinter_ESTest,172,0,False
1743,Bears,Bears-72,0,4b9f8888f89d4da19712022c9792ef37,spoon.reflect.visitor.DefaultJavaPrettyPrinter,spoon.reflect.visitor.DefaultJavaPrettyPrinter_ESTest,147,0,False
1744,Bears,Bears-72,0,9833a29e1f48422a93d827098e6713a7,spoon.reflect.visitor.DefaultJavaPrettyPrinter,spoon.reflect.visitor.DefaultJavaPrettyPrinter_ESTest,161,0,False
1745,Bears,Bears-72,0,aef483d0f18e4f91a4e6b37821a433b6,spoon.reflect.visitor.DefaultJavaPrettyPrinter,spoon.reflect.visitor.DefaultJavaPrettyPrinter_ESTest,162,0,False
1746,Bears,Bears-72,0,3943d42611b44054b9f552676037da7e,spoon.reflect.visitor.DefaultJavaPrettyPrinter,spoon.reflect.visitor.DefaultJavaPrettyPrinter_ESTest,149,0,False
1747,Bears,Bears-72,0,38675b52ed3c439eb01913a1dcfdc76e,spoon.reflect.visitor.DefaultJavaPrettyPrinter,spoon.reflect.visitor.DefaultJavaPrettyPrinter_ESTest,186,0,False
1748,Bears,Bears-72,0,29ee5c579ddf418f850f0bac8bf5f393,spoon.reflect.visitor.DefaultJavaPrettyPrinter,spoon.reflect.visitor.DefaultJavaPrettyPrinter_ESTest,156,0,False
1749,Bears,Bears-72,0,abb87028a8a44fa693258cfb0231b64e,spoon.reflect.visitor.DefaultJavaPrettyPrinter,spoon.reflect.visitor.DefaultJavaPrettyPrinter_ESTest,135,0,False
1750,Bears,Bears-72,0,623564b7620b45c4a55288ecb08a5a1f,spoon.reflect.visitor.DefaultJavaPrettyPrinter,spoon.reflect.visitor.DefaultJavaPrettyPrinter_ESTest,146,0,False
1751,Bears,Bears-72,0,a2b6febc4c434055851f505191f0b56c,spoon.reflect.visitor.DefaultJavaPrettyPrinter,spoon.reflect.visitor.DefaultJavaPrettyPrinter_ESTest,207,0,False
1752,Bears,Bears-72,0,f7ea02a9f5894ebfbbd379c43c3be257,spoon.reflect.visitor.DefaultJavaPrettyPrinter,spoon.reflect.visitor.DefaultJavaPrettyPrinter_ESTest,158,0,False
1753,Bears,Bears-72,0,433e6b8a1d944465b0403c707429ee89,spoon.reflect.visitor.DefaultJavaPrettyPrinter,spoon.reflect.visitor.DefaultJavaPrettyPrinter_ESTest,155,0,False
1754,Bears,Bears-72,0,8ca2b2338aec46c2bf08db66b12ad114,spoon.reflect.visitor.DefaultJavaPrettyPrinter,spoon.reflect.visitor.DefaultJavaPrettyPrinter_ESTest,154,0,False
1755,Bears,Bears-189,0,b9e1ceb1f7e54c4cbdc9b05926619f69,hu.oe.nik.szfmv.detector.classes.Detector,hu.oe.nik.szfmv.detector.classes.Detector_ESTest,6,0,False
1756,Bears,Bears-189,0,5dad3dda69904e9d84e39f63f04ad1c8,hu.oe.nik.szfmv.detector.classes.Detector,hu.oe.nik.szfmv.detector.classes.Detector_ESTest,5,0,False
1757,Bears,Bears-189,0,064337a2e4d94e2889582eea7f9e0e52,hu.oe.nik.szfmv.detector.classes.Detector,hu.oe.nik.szfmv.detector.classes.Detector_ESTest,6,0,False
1758,Bears,Bears-189,0,880ee15002224f8eb6d13928fb85e9e0,hu.oe.nik.szfmv.detector.classes.Detector,hu.oe.nik.szfmv.detector.classes.Detector_ESTest,5,0,False
1759,Bears,Bears-189,0,025e9f12686443789efa07f4e82c7644,hu.oe.nik.szfmv.detector.classes.Detector,hu.oe.nik.szfmv.detector.classes.Detector_ESTest,5,0,False
1760,Bears,Bears-189,0,f0707a79edd64af9af4f7acc6c5bb254,hu.oe.nik.szfmv.detector.classes.Detector,hu.oe.nik.szfmv.detector.classes.Detector_ESTest,6,0,False
1761,Bears,Bears-189,0,cdee4f10f2ad40408617e01aaa417141,hu.oe.nik.szfmv.detector.classes.Detector,hu.oe.nik.szfmv.detector.classes.Detector_ESTest,5,0,False
1762,Bears,Bears-189,0,54d6c19c187c44e08b5ef9b80e52ee10,hu.oe.nik.szfmv.detector.classes.Detector,hu.oe.nik.szfmv.detector.classes.Detector_ESTest,5,0,False
1763,Bears,Bears-189,0,91fddcebfcd24fdaad6497e11d6ea7ac,hu.oe.nik.szfmv.detector.classes.Detector,hu.oe.nik.szfmv.detector.classes.Detector_ESTest,5,0,False
1764,Bears,Bears-189,0,7f19a07d83134ec9a95862903fa43765,hu.oe.nik.szfmv.detector.classes.Detector,hu.oe.nik.szfmv.detector.classes.Detector_ESTest,5,0,False
1765,Bears,Bears-189,0,930d77acce064cebb17c9dbb73045aa8,hu.oe.nik.szfmv.detector.classes.Detector,hu.oe.nik.szfmv.detector.classes.Detector_ESTest,5,0,False
1766,Bears,Bears-189,0,a8e4a9307cf94bff80461c0b459de02c,hu.oe.nik.szfmv.detector.classes.Detector,hu.oe.nik.szfmv.detector.classes.Detector_ESTest,5,0,False
1767,Bears,Bears-189,0,d79cf17db9ac4a3194492ab14cdfe2b7,hu.oe.nik.szfmv.detector.classes.Detector,hu.oe.nik.szfmv.detector.classes.Detector_ESTest,6,0,False
1768,Bears,Bears-189,0,b26919f922df41278087cda1db5d3df8,hu.oe.nik.szfmv.detector.classes.Detector,hu.oe.nik.szfmv.detector.classes.Detector_ESTest,5,0,False
1769,Bears,Bears-189,0,ba275ae8b74a4f5993a3cddcf0d97f40,hu.oe.nik.szfmv.detector.classes.Detector,hu.oe.nik.szfmv.detector.classes.Detector_ESTest,5,0,False
1770,Bears,Bears-189,0,c69c08323dc74708ad4067f6a3773e56,hu.oe.nik.szfmv.detector.classes.Detector,hu.oe.nik.szfmv.detector.classes.Detector_ESTest,5,0,False
1771,Bears,Bears-189,0,49c8c47c51964d489ae4cd3f330ae1f2,hu.oe.nik.szfmv.detector.classes.Detector,hu.oe.nik.szfmv.detector.classes.Detector_ESTest,6,0,False
1772,Bears,Bears-189,0,70f60efba0b44218844697a39b134e6c,hu.oe.nik.szfmv.detector.classes.Detector,hu.oe.nik.szfmv.detector.classes.Detector_ESTest,6,0,False
1773,Bears,Bears-189,0,33cc0e59493343cebb5e83e542517222,hu.oe.nik.szfmv.detector.classes.Detector,hu.oe.nik.szfmv.detector.classes.Detector_ESTest,6,0,False
1774,Bears,Bears-189,0,d7c46329e31d4f75b19db1d1008a81cd,hu.oe.nik.szfmv.detector.classes.Detector,hu.oe.nik.szfmv.detector.classes.Detector_ESTest,6,0,False
1775,Bears,Bears-46,0,d3f15cf203c841af83a01b4c87126ad6,spoon.support.reflect.declaration.CtElementImpl,spoon.support.reflect.declaration.CtElementImpl_ESTest,32,0,False
1776,Bears,Bears-46,0,84fff339957648a59cf31912f23e687a,spoon.support.reflect.declaration.CtElementImpl,spoon.support.reflect.declaration.CtElementImpl_ESTest,29,0,False
1777,Bears,Bears-46,0,15d10ba84a764fae82e1809286b032ee,spoon.support.reflect.declaration.CtElementImpl,spoon.support.reflect.declaration.CtElementImpl_ESTest,34,0,False
1778,Bears,Bears-46,0,0e041e890a5c4335adb27e9ffd761a86,spoon.support.reflect.declaration.CtElementImpl,spoon.support.reflect.declaration.CtElementImpl_ESTest,40,0,False
1779,Bears,Bears-46,0,8c01c1899d0547b3841b97656b27935a,spoon.support.reflect.declaration.CtElementImpl,spoon.support.reflect.declaration.CtElementImpl_ESTest,44,0,False
1780,Bears,Bears-46,0,244b2fc194dd44d7bbe3dfacd896de16,spoon.support.reflect.declaration.CtElementImpl,spoon.support.reflect.declaration.CtElementImpl_ESTest,37,0,False
1781,Bears,Bears-46,0,81b242ad22e84ebca6b5bb3738fccebc,spoon.support.reflect.declaration.CtElementImpl,spoon.support.reflect.declaration.CtElementImpl_ESTest,39,0,False
1782,Bears,Bears-46,0,c2e52c87965d4cbca8fff8d24506f491,spoon.support.reflect.declaration.CtElementImpl,spoon.support.reflect.declaration.CtElementImpl_ESTest,44,0,False
1783,Bears,Bears-46,0,f94b37910be24cb4a58d38d5a0719300,spoon.support.reflect.declaration.CtElementImpl,spoon.support.reflect.declaration.CtElementImpl_ESTest,31,0,False
1784,Bears,Bears-46,0,f355a32d1c26459db5ee7b6534bab047,spoon.support.reflect.declaration.CtElementImpl,spoon.support.reflect.declaration.CtElementImpl_ESTest,29,0,False
1785,Bears,Bears-46,0,1760f12638594bfa83307848c042426f,spoon.support.reflect.declaration.CtElementImpl,spoon.support.reflect.declaration.CtElementImpl_ESTest,28,0,False
1786,Bears,Bears-46,0,f0dc812bca8046649cae5324856a054b,spoon.support.reflect.declaration.CtElementImpl,spoon.support.reflect.declaration.CtElementImpl_ESTest,35,0,False
1787,Bears,Bears-46,0,026911a08c5b440b8d9673573776c637,spoon.support.reflect.declaration.CtElementImpl,spoon.support.reflect.declaration.CtElementImpl_ESTest,23,0,False
1788,Bears,Bears-46,0,3acf8b8c431d4146853474f08a2628e5,spoon.support.reflect.declaration.CtElementImpl,spoon.support.reflect.declaration.CtElementImpl_ESTest,33,0,False
1789,Bears,Bears-46,0,960237e8f7a04c519825f7b146926331,spoon.support.reflect.declaration.CtElementImpl,spoon.support.reflect.declaration.CtElementImpl_ESTest,34,0,False
1790,Bears,Bears-46,0,a6be6eb2a3ee4361baf77d9de53c4bed,spoon.support.reflect.declaration.CtElementImpl,spoon.support.reflect.declaration.CtElementImpl_ESTest,28,0,False
1791,Bears,Bears-46,0,842c52e0bbfb4df099995ef1d4e3c49e,spoon.support.reflect.declaration.CtElementImpl,spoon.support.reflect.declaration.CtElementImpl_ESTest,35,0,False
1792,Bears,Bears-46,0,6dc00c2d3bf041918f2acb39f91f7095,spoon.support.reflect.declaration.CtElementImpl,spoon.support.reflect.declaration.CtElementImpl_ESTest,39,0,False
1793,Bears,Bears-46,0,11a600560a8a4977bd91e6b641d31c59,spoon.support.reflect.declaration.CtElementImpl,spoon.support.reflect.declaration.CtElementImpl_ESTest,34,0,False
1794,Bears,Bears-46,0,8a86979b97874c97a35857a7c22be2b6,spoon.support.reflect.declaration.CtElementImpl,spoon.support.reflect.declaration.CtElementImpl_ESTest,34,0,False
1795,Bears,Bears-70,0,757730fa0ecd42ea98d4561288234f58,spoon.support.compiler.jdt.ContextBuilder,spoon.support.compiler.jdt.ContextBuilder_ESTest,9,0,False
1796,Bears,Bears-70,0,4c521a4a60d1460ba75c07b989f7e348,spoon.support.compiler.jdt.ContextBuilder,spoon.support.compiler.jdt.ContextBuilder_ESTest,8,0,False
1797,Bears,Bears-70,0,301c3a57e04d4fb087d31b0c6f32b1e2,spoon.support.compiler.jdt.ContextBuilder,spoon.support.compiler.jdt.ContextBuilder_ESTest,12,0,False
1798,Bears,Bears-70,0,0861f4e8f96946f6a738df00134b35e8,spoon.support.compiler.jdt.ContextBuilder,spoon.support.compiler.jdt.ContextBuilder_ESTest,12,0,False
1799,Bears,Bears-70,0,e5f2eaeb3c4d48a1b59387e3f2306477,spoon.support.compiler.jdt.ContextBuilder,spoon.support.compiler.jdt.ContextBuilder_ESTest,13,0,False
1800,Bears,Bears-70,0,d327be4bb7a5436a8896f261881c0ea5,spoon.support.compiler.jdt.ContextBuilder,spoon.support.compiler.jdt.ContextBuilder_ESTest,7,0,False
1801,Bears,Bears-70,0,cab40193c47049db8eacc24fb7fb4169,spoon.support.compiler.jdt.ContextBuilder,spoon.support.compiler.jdt.ContextBuilder_ESTest,11,0,False
1802,Bears,Bears-70,0,36d641205ae74d35ae6fdac79fb851dc,spoon.support.compiler.jdt.ContextBuilder,spoon.support.compiler.jdt.ContextBuilder_ESTest,8,0,False
1803,Bears,Bears-70,0,8eb7387f76c84bc0ad8bf55d7a554916,spoon.support.compiler.jdt.ContextBuilder,spoon.support.compiler.jdt.ContextBuilder_ESTest,12,0,False
1804,Bears,Bears-70,0,0f52df2cc84c49aea4aa1657f2d48c4f,spoon.support.compiler.jdt.ContextBuilder,spoon.support.compiler.jdt.ContextBuilder_ESTest,9,0,False
1805,Bears,Bears-70,0,89d197621ec64ba79293d93afa3fec5f,spoon.support.compiler.jdt.ContextBuilder,spoon.support.compiler.jdt.ContextBuilder_ESTest,13,0,False
1806,Bears,Bears-70,0,f68ea62fa95c441e87df99673b836108,spoon.support.compiler.jdt.ContextBuilder,spoon.support.compiler.jdt.ContextBuilder_ESTest,7,0,False
